label,mu_1,mu_2,mu_3,mu_4,mu_5,mu_6,mu_7,mu_8,mu_9,mu_10,mu_11,mu_12,mu_13,mu_14,mu_15,mu_16,mu_17,mu_18,mu_19,mu_20,var_1,var_2,var_3,var_4,var_5,var_6,var_7,var_8,var_9,var_10,var_11,var_12,var_13,var_14,var_15,var_16,var_17,var_18,var_19,var_20
1.0,0.20377165,0.022930546,0.20319779,0.15405592,0.20157798,0.39680693,-0.046908457,-0.15782973,-0.2162875,-0.22138312,0.28539616,-0.03431239,-0.102768466,-0.53467923,-0.06323426,0.21283138,-0.27885985,0.12865144,-0.16888003,0.17482735,0.85035276,0.9192435,0.84662116,0.90172267,0.78985584,0.6695924,0.937338,0.87023157,0.81431407,0.8516101,0.7352396,0.93923444,0.88771904,0.55518997,0.94624746,0.78594965,0.71166724,0.89455277,0.84011185,0.86274856
1.0,0.20397168,0.022863882,0.20303333,0.15417334,0.20080408,0.39721322,-0.047617137,-0.15806866,-0.2161473,-0.22093657,0.28586435,-0.03424923,-0.101860836,-0.53499234,-0.061977446,0.21277829,-0.2790046,0.12768704,-0.16808717,0.17481758,0.85150474,0.91914773,0.84656775,0.90106434,0.78986555,0.6703728,0.9373852,0.8703181,0.8157812,0.8524413,0.7353973,0.93948746,0.8871775,0.55614024,0.94563866,0.7869724,0.71247995,0.8954879,0.84044296,0.86339813
1.0,0.20358649,0.022687843,0.20301878,0.15402505,0.20126963,0.39629412,-0.04678826,-0.15738198,-0.21613595,-0.2213769,0.28487098,-0.034373693,-0.10313015,-0.53422165,-0.06321242,0.2125153,-0.27827537,0.12865864,-0.1689053,0.1747645,0.8501637,0.9196165,0.8469926,0.9020853,0.78995126,0.669825,0.93744636,0.8702006,0.81445843,0.8516005,0.7354725,0.93913275,0.88793325,0.55514437,0.9464163,0.78609407,0.71198475,0.8945099,0.8405298,0.86292154
1.0,0.20443887,0.023252605,0.20318449,0.15428716,0.20048109,0.39812225,-0.04841642,-0.15907869,-0.21615407,-0.22039229,0.28699708,-0.034024723,-0.10022685,-0.5358248,-0.06094805,0.21306182,-0.28002435,0.12680985,-0.1671822,0.17485489,0.8529128,0.9185246,0.8459206,0.89982474,0.78989893,0.67080545,0.93733567,0.87043244,0.8169663,0.85326755,0.73521614,0.9398764,0.8864206,0.55722713,0.9448467,0.78778774,0.71274674,0.8964135,0.84012246,0.8637249
0.0,0.20392036,0.021739056,0.20182765,0.15446231,0.19740412,0.39676067,-0.04938832,-0.15724438,-0.21529925,-0.21956453,0.2855335,-0.034297604,-0.10055862,-0.53450143,-0.05788041,0.21173778,-0.27726477,0.124690235,-0.16577707,0.17464449,0.8543326,0.9200417,0.847793,0.90040404,0.790026,0.6736416,0.937804,0.87053335,0.820813,0.8549498,0.73666424,0.9399639,0.88607347,0.5588667,0.94422835,0.79052764,0.7161314,0.8983316,0.84292424,0.86605936
1.0,0.20497584,0.023199478,0.20283906,0.15456235,0.19867341,0.39915767,-0.05013278,-0.15980071,-0.21583867,-0.21927148,0.28823507,-0.03381894,-0.097895,-0.5366597,-0.057944685,0.21299848,-0.28050518,0.12448363,-0.16520458,0.17483321,0.8557409,0.91821116,0.84572107,0.8981601,0.78991896,0.6726364,0.93743634,0.87065244,0.8205029,0.8552692,0.7355484,0.94052786,0.88508594,0.5595472,0.94332874,0.7902594,0.71462727,0.89871025,0.8408091,0.86524117
0.0,0.20210525,0.022080945,0.20307791,0.15351453,0.20371495,0.39337072,-0.043388322,-0.15474454,-0.2164694,-0.22354928,0.28132218,-0.034955487,-0.10868311,-0.53168786,-0.06833194,0.21203254,-0.27575368,0.13277459,-0.17256038,0.17471005,0.8444275,0.921257,0.84856594,0.9063308,0.78988636,0.6670949,0.9374748,0.869754,0.8086181,0.84788215,0.73551655,0.9377428,0.8908459,0.5506069,0.9495294,0.78204066,0.70953524,0.89046633,0.8404592,0.8606914
1.0,0.20434332,0.023277154,0.20319849,0.15423769,0.20063685,0.39787233,-0.048240848,-0.15911108,-0.21618867,-0.2204088,0.28685772,-0.034047943,-0.100358024,-0.53571606,-0.06119907,0.21305732,-0.27991238,0.12702748,-0.16729487,0.1748438,0.8526676,0.9185113,0.8459306,0.89995426,0.7899536,0.6707166,0.9373222,0.87045026,0.8166518,0.85311496,0.735185,0.9398425,0.8864627,0.55711293,0.9449353,0.7875757,0.7125852,0.8962523,0.84010005,0.86359906
1.0,0.20501566,0.02366822,0.2032042,0.15446365,0.19959438,0.39919582,-0.04974231,-0.16050354,-0.21609122,-0.21938142,0.28852725,-0.033743963,-0.09771608,-0.53692245,-0.058912948,0.21334787,-0.28114247,0.12520258,-0.16553944,0.17487945,0.85524374,0.91772324,0.8451807,0.89800215,0.7900075,0.6719174,0.9373019,0.87067467,0.8192895,0.85477483,0.7351228,0.94052106,0.88509816,0.55919456,0.9434905,0.789396,0.71360457,0.89816254,0.84005404,0.864536
0.0,0.20378795,0.022978136,0.20319377,0.15404996,0.20148559,0.3967428,-0.046982385,-0.15798397,-0.2162587,-0.22124344,0.2854553,-0.034279693,-0.10251182,-0.5346948,-0.06310628,0.21280304,-0.2788941,0.12854803,-0.16870885,0.17480965,0.85053205,0.91918445,0.8465637,0.90157044,0.78993094,0.66972584,0.9373535,0.8702607,0.81449264,0.8517414,0.7352442,0.93928754,0.88761294,0.5554036,0.9461417,0.78608847,0.71174026,0.89468783,0.8401372,0.8628131
1.0,0.20438567,0.02194508,0.20170482,0.15462649,0.1963277,0.3975161,-0.05060871,-0.15819801,-0.21513668,-0.21862838,0.28667063,-0.034062188,-0.09851496,-0.5352814,-0.055865854,0.21184705,-0.27791482,0.123109534,-0.16426094,0.17462827,0.85645974,0.91952586,0.84738517,0.89894724,0.7900989,0.6748458,0.9378242,0.87074447,0.82317674,0.8563834,0.7367434,0.9405217,0.88496715,0.5606606,0.9430222,0.7921867,0.71721244,0.8999807,0.8431365,0.8669902
0.0,0.2035895,0.022682222,0.20303024,0.15400621,0.2012778,0.39630005,-0.046783216,-0.15733361,-0.21611935,-0.22139007,0.284846,-0.034374014,-0.103151366,-0.53418994,-0.063252345,0.21249086,-0.27827907,0.1286698,-0.16893552,0.17475426,0.85014045,0.919642,0.8470032,0.9021186,0.7899514,0.6697965,0.9374568,0.8701872,0.8144254,0.8515745,0.7354819,0.9391115,0.88798314,0.5550997,0.94644415,0.7860934,0.7119718,0.89447516,0.8405247,0.8629125
1.0,0.20336628,0.022891166,0.20325215,0.15387616,0.20224826,0.39583635,-0.04602299,-0.15744945,-0.21637586,-0.22175434,0.284531,-0.034424894,-0.103882656,-0.53402245,-0.064588815,0.21269944,-0.2782635,0.12973455,-0.16968016,0.17478253,0.8489681,0.91951144,0.84688395,0.90264344,0.7899801,0.66897154,0.9373432,0.8701749,0.81277585,0.85071915,0.7351965,0.938934,0.8883268,0.55423796,0.94694394,0.7849072,0.7109626,0.8935608,0.8400458,0.8621429
1.0,0.20439842,0.023356797,0.20320004,0.1542486,0.20051806,0.39790025,-0.048388712,-0.15936272,-0.21616912,-0.22022632,0.28702593,-0.03399929,-0.099965304,-0.5358206,-0.06096212,0.21307029,-0.28003475,0.1268442,-0.16703957,0.17483436,0.85297304,0.9183926,0.845819,0.8996902,0.79002225,0.6708924,0.93732786,0.8704943,0.816944,0.8533234,0.735171,0.93993694,0.886274,0.5574268,0.94475216,0.7877833,0.7126858,0.8964826,0.8400995,0.86369425
1.0,0.204274,0.023413317,0.20331165,0.15417716,0.20103629,0.39764744,-0.047934785,-0.15925588,-0.21627143,-0.22050533,0.28675258,-0.034037933,-0.10052045,-0.5356456,-0.0617702,0.21312608,-0.27996522,0.12746905,-0.16754131,0.17484677,0.85224223,0.9184202,0.8458272,0.9000826,0.7900173,0.67038965,0.9372879,0.87044555,0.8159877,0.8527954,0.7350526,0.93978363,0.8865916,0.5568368,0.9451264,0.7871067,0.71214384,0.8958867,0.8398658,0.86326617
1.0,0.20482257,0.02342392,0.20308116,0.15443912,0.19958144,0.3988048,-0.049459167,-0.15993671,-0.21603504,-0.21961135,0.28798956,-0.033846334,-0.09845789,-0.5365181,-0.059214674,0.21316063,-0.28060868,0.12547116,-0.16588627,0.17485513,0.85472274,0.91807526,0.8455448,0.8985509,0.78997695,0.6718346,0.9373487,0.8706124,0.8189724,0.854499,0.7352705,0.9403489,0.88544387,0.55877763,0.943821,0.7891792,0.7136534,0.897829,0.84030557,0.8645052
1.0,0.20359999,0.022744248,0.20298253,0.154012,0.20108746,0.39621875,-0.046967983,-0.15766054,-0.21610913,-0.22111338,0.28501606,-0.034345485,-0.102677405,-0.5342941,-0.06287121,0.21250309,-0.27830887,0.128412,-0.16858001,0.17473768,0.8505272,0.91948175,0.84690166,0.9018113,0.7900508,0.67011726,0.9374515,0.87027866,0.8148365,0.8518724,0.73548436,0.939247,0.88766056,0.55556166,0.9461626,0.7863777,0.7121654,0.8948227,0.8406143,0.86308426
0.0,0.20208511,0.021810057,0.20287615,0.15356281,0.20321532,0.39345798,-0.043663993,-0.15440935,-0.21634892,-0.22348112,0.28123522,-0.03502736,-0.10870777,-0.53160894,-0.067702994,0.21187374,-0.27545726,0.13232642,-0.17234991,0.17470019,0.84476537,0.9214861,0.8488272,0.90636045,0.78982586,0.66752136,0.9375333,0.86975294,0.8093289,0.84819895,0.73573875,0.93775713,0.89076185,0.55085266,0.9493954,0.7825451,0.71010923,0.8908357,0.84087557,0.8611012
0.0,0.20236585,0.021974498,0.20291673,0.15363142,0.20284063,0.39389712,-0.04420113,-0.15489492,-0.21625423,-0.22309545,0.2818185,-0.034883704,-0.107688665,-0.53199136,-0.06698232,0.21190755,-0.27595764,0.13169746,-0.17174144,0.17469043,0.8457216,0.9211999,0.848506,0.90560305,0.78989595,0.6679177,0.93755317,0.86980414,0.8102287,0.848794,0.73571265,0.93797344,0.89034855,0.5516094,0.9489212,0.7831963,0.7104391,0.8914294,0.840812,0.86141694
1.0,0.2039853,0.023146437,0.20322257,0.15411687,0.2012597,0.397127,-0.047411025,-0.15853573,-0.21627396,-0.22091296,0.28602195,-0.034186624,-0.10165733,-0.5351198,-0.062463716,0.21295129,-0.27932248,0.12804878,-0.16818225,0.17483093,0.85129577,0.9188512,0.84625864,0.9009221,0.78996074,0.6700587,0.93731827,0.8703536,0.81519264,0.85222703,0.73516923,0.93951553,0.88712823,0.55605817,0.945674,0.7865533,0.71195924,0.89524835,0.8400563,0.8630421
0.0,0.20217237,0.021780176,0.20279178,0.15361524,0.20281538,0.39355066,-0.04398047,-0.15453261,-0.2162458,-0.22323653,0.28140146,-0.034982815,-0.10823606,-0.5316937,-0.067139775,0.21179147,-0.27549168,0.1318864,-0.17194906,0.17468397,0.84531736,0.9214568,0.848804,0.9060285,0.7898834,0.6679243,0.93757683,0.8697856,0.8100316,0.84861004,0.7358282,0.93786794,0.89052707,0.5513508,0.94912827,0.7830407,0.7105067,0.8912571,0.84105384,0.8614145
1.0,0.20444852,0.022963045,0.20282826,0.15435442,0.19938217,0.3980159,-0.049066976,-0.15896474,-0.21588728,-0.21985713,0.28701913,-0.034029797,-0.099572316,-0.5357423,-0.059539564,0.21274357,-0.2795868,0.12576988,-0.16633101,0.1747769,0.8539758,0.91872126,0.84621316,0.8994714,0.7899941,0.6718989,0.937466,0.8705348,0.8186656,0.85415643,0.7355959,0.94007736,0.88596505,0.558236,0.9442906,0.78902584,0.7139175,0.8974241,0.8408878,0.86459595
1.0,0.20446825,0.023422545,0.20316546,0.15428504,0.20030716,0.3980024,-0.048641555,-0.15968265,-0.21616524,-0.21998072,0.28729594,-0.033959508,-0.09945968,-0.5360172,-0.06049931,0.21312308,-0.28016365,0.1265145,-0.16666792,0.1748382,0.85344255,0.9182227,0.84569585,0.89932907,0.79006785,0.67119557,0.9373147,0.87057155,0.8174475,0.85365653,0.7351648,0.94008523,0.88594216,0.5578901,0.94444686,0.7881194,0.71290404,0.8968806,0.84015137,0.8638883
1.0,0.20375293,0.022782696,0.20299415,0.15407291,0.20092651,0.39657927,-0.047232427,-0.15779209,-0.21609071,-0.22102657,0.2853192,-0.03429758,-0.10233271,-0.53452945,-0.06250414,0.2125679,-0.27856,0.12810458,-0.16836056,0.17475897,0.8509404,0.9193814,0.8467906,0.90151316,0.78999686,0.67024696,0.9374442,0.8702845,0.8152611,0.8521192,0.73547435,0.9393358,0.8874978,0.5558151,0.9459656,0.7866611,0.7123286,0.8950938,0.84057486,0.86323243
0.0,0.20291564,0.02227773,0.20287603,0.15381622,0.20185474,0.3948793,-0.04557187,-0.1561877,-0.2161468,-0.22206733,0.2832831,-0.034645222,-0.10525392,-0.5330279,-0.06485347,0.21212609,-0.27693474,0.13002418,-0.17013386,0.17469703,0.848113,0.92041075,0.8478021,0.9037753,0.79000604,0.6691453,0.93752104,0.870054,0.8126158,0.85037506,0.7356644,0.9386001,0.8889927,0.5536429,0.94754076,0.78484684,0.71142876,0.8931575,0.84086376,0.86233276
0.0,0.20132664,0.021263478,0.2025278,0.15342093,0.20347461,0.39190167,-0.042552885,-0.1532514,-0.21636555,-0.22403854,0.27958024,-0.035354204,-0.11078426,-0.53040093,-0.06883695,0.2114738,-0.27378437,0.13342772,-0.1732818,0.17466058,0.8429013,0.922339,0.84983647,0.9080312,0.7898741,0.6672589,0.9376036,0.86967486,0.8080081,0.8472352,0.7360521,0.9373153,0.89155704,0.5496875,0.950322,0.78157824,0.7099424,0.8898763,0.8415437,0.86077845
1.0,0.2048155,0.023623707,0.20330924,0.1543636,0.20018436,0.39879888,-0.049109846,-0.16007662,-0.21616158,-0.21982789,0.28797913,-0.033823304,-0.098679215,-0.5365312,-0.06001898,0.2132992,-0.28088406,0.12603532,-0.1663052,0.17487697,0.8541763,0.91794103,0.8453363,0.89869994,0.7899875,0.6712571,0.9372938,0.8705633,0.8180328,0.8540282,0.73505515,0.9402437,0.8856858,0.55828255,0.9441035,0.78853184,0.7129873,0.89728653,0.8398674,0.8640217
1.0,0.20411146,0.022929905,0.20304973,0.15418813,0.20056336,0.39741004,-0.04789295,-0.15824586,-0.21606302,-0.22073221,0.2861026,-0.034171663,-0.10134743,-0.53512037,-0.06161099,0.212738,-0.27922234,0.12734586,-0.16776702,0.17479576,0.8519885,0.91906774,0.8464504,0.9007251,0.7899158,0.67059046,0.93742293,0.87032855,0.8162806,0.852743,0.735422,0.93957907,0.8870296,0.5565077,0.94542235,0.7873622,0.71268845,0.8957951,0.84045035,0.86358166
1.0,0.20478421,0.023339497,0.2030281,0.15442905,0.19944128,0.39867726,-0.04945664,-0.15976287,-0.21596482,-0.21960014,0.28783166,-0.033856083,-0.0985439,-0.53636885,-0.059174642,0.21303786,-0.2804421,0.12542805,-0.16587736,0.17482737,0.8547116,0.9182145,0.84566516,0.8986511,0.79000586,0.67192364,0.9373969,0.87059337,0.8190799,0.8545222,0.73535985,0.9403156,0.88553214,0.5587753,0.9438678,0.7892813,0.71379167,0.8978346,0.8404472,0.8645885
1.0,0.20456195,0.023284478,0.20314339,0.15432331,0.20011543,0.398288,-0.048762754,-0.15928464,-0.21606395,-0.22011799,0.2872501,-0.033956446,-0.09964171,-0.53596854,-0.06038411,0.21301398,-0.28016907,0.12634803,-0.16674392,0.17483388,0.85351866,0.9184465,0.8458372,0.8994352,0.789957,0.6711757,0.93737483,0.8704729,0.81767607,0.8536852,0.7352764,0.94001025,0.8861673,0.5577406,0.94454056,0.78830826,0.7130991,0.8968698,0.84023225,0.8640143
1.0,0.20503393,0.023506066,0.20301384,0.15452424,0.19902124,0.39920202,-0.050084885,-0.16040848,-0.21596518,-0.21914482,0.28855717,-0.033747524,-0.0974351,-0.5369115,-0.058165908,0.21320598,-0.28092492,0.12465675,-0.16511968,0.17485146,0.8557889,0.9178393,0.845346,0.8978318,0.7900207,0.6724631,0.93736273,0.87072086,0.82018715,0.8552289,0.73531866,0.9406264,0.8848726,0.5596834,0.94321203,0.7900301,0.714222,0.8986845,0.8404452,0.8649902
0.0,0.201262,0.021382866,0.2027129,0.15330875,0.20393138,0.391652,-0.042109847,-0.15304908,-0.21636257,-0.22429958,0.2792493,-0.03531483,-0.111233026,-0.53010774,-0.06977984,0.21138078,-0.2738298,0.13404833,-0.17376927,0.17461875,0.8422048,0.9224943,0.84983814,0.9084395,0.7899466,0.6666752,0.93765116,0.8695625,0.80708635,0.84667456,0.7359761,0.9371156,0.8920979,0.54902995,0.95079976,0.7810197,0.70938456,0.88920677,0.8412618,0.8603279
1.0,0.20426947,0.02254376,0.20257051,0.15437543,0.19898747,0.3976643,-0.04896231,-0.1581471,-0.21571618,-0.22003376,0.28639102,-0.034143303,-0.10031998,-0.53524935,-0.059437342,0.21241622,-0.27884722,0.12572557,-0.16651045,0.17474368,0.8536946,0.91926366,0.84677833,0.9000405,0.78992933,0.67210835,0.93757355,0.87045056,0.8188785,0.85410154,0.73591214,0.93990993,0.8863089,0.5579893,0.94455147,0.7891812,0.71437806,0.8973364,0.8414172,0.86485136
1.0,0.2027108,0.022206837,0.20296897,0.1537677,0.20254512,0.39468527,-0.044911265,-0.15570149,-0.21632147,-0.2226649,0.28280342,-0.034764588,-0.10645856,-0.5327703,-0.06594601,0.21222782,-0.27669552,0.1309007,-0.17101024,0.174749,0.84692097,0.92063296,0.84800136,0.9045809,0.78984356,0.66837025,0.9374569,0.8699466,0.8112801,0.84953696,0.7355617,0.9383301,0.8895662,0.5525549,0.9481755,0.78386295,0.7107592,0.8922747,0.8406342,0.861769
1.0,0.20410115,0.022969307,0.20308746,0.15424037,0.20086472,0.39760625,-0.047789544,-0.15834752,-0.21623981,-0.2209109,0.28624737,-0.034218766,-0.10158974,-0.5353383,-0.06176491,0.21298885,-0.27933675,0.12753634,-0.16796958,0.17487358,0.85176665,0.9189207,0.8463679,0.9007739,0.789776,0.6703605,0.9373132,0.87035215,0.8159334,0.85256976,0.7352835,0.93959004,0.88694614,0.5562949,0.9454474,0.7870172,0.71243757,0.8956662,0.8402662,0.86340487
0.0,0.20175588,0.021643812,0.20284979,0.1534658,0.20365283,0.39280778,-0.042947985,-0.15378946,-0.21639791,-0.22394243,0.28042328,-0.0351551,-0.109921634,-0.53102565,-0.0687251,0.2117338,-0.27484348,0.13316266,-0.17308956,0.17468809,0.8435543,0.9219046,0.8492338,0.9073028,0.7898128,0.66699946,0.9375579,0.8696512,0.80818963,0.8474363,0.73579293,0.93745875,0.8913997,0.5499067,0.95006585,0.78175,0.70967263,0.89002466,0.8409361,0.86067545
1.0,0.20268947,0.02200433,0.2028306,0.15376997,0.20212826,0.39461848,-0.045072157,-0.15536517,-0.21615797,-0.22259507,0.28261018,-0.034789175,-0.106479034,-0.5325655,-0.06558926,0.21199003,-0.27642187,0.13060468,-0.17086415,0.17470679,0.8471281,0.9208947,0.84823966,0.904664,0.78986335,0.66867846,0.9375527,0.8699123,0.81178474,0.8497398,0.73577154,0.938297,0.88963836,0.5527029,0.9481568,0.7842698,0.7111931,0.8924749,0.8409715,0.862068
1.0,0.20317519,0.022490656,0.20305316,0.15388,0.20205365,0.39560258,-0.045825012,-0.15657037,-0.21627095,-0.22208026,0.283912,-0.034572117,-0.10482718,-0.53356624,-0.06469951,0.21244311,-0.2776063,0.12985656,-0.1700567,0.17476717,0.8484741,0.92005956,0.84742653,0.9033372,0.78985614,0.6689572,0.93742216,0.87006724,0.812687,0.8504821,0.73545665,0.93871725,0.88877064,0.5537364,0.9473204,0.78485674,0.71122843,0.8933008,0.84045935,0.8622526
1.0,0.20348525,0.022740288,0.2031325,0.15397093,0.20179804,0.39621103,-0.04640627,-0.15729159,-0.21628425,-0.22167641,0.2847132,-0.034429338,-0.103680626,-0.5341639,-0.063909575,0.21265192,-0.27827954,0.12921011,-0.16940087,0.1747951,0.84949595,0.9196026,0.8469757,0.9024472,0.7898783,0.6693187,0.93737704,0.87016743,0.8135633,0.8511015,0.73533356,0.9390068,0.8881785,0.5545526,0.94672525,0.7854455,0.7114609,0.89398676,0.84027433,0.86251885
1.0,0.20413494,0.022802996,0.20283814,0.1542834,0.20000467,0.39749873,-0.04831668,-0.1583769,-0.21601358,-0.22042525,0.28630966,-0.034189988,-0.10090801,-0.5352863,-0.060670987,0.21272689,-0.27907372,0.12671266,-0.16722913,0.17480229,0.85267466,0.9190235,0.8465269,0.90039206,0.789906,0.67123324,0.9374262,0.8704371,0.8172884,0.8533085,0.73556095,0.939768,0.8865612,0.55717766,0.944981,0.7880166,0.7133256,0.8964816,0.84082156,0.8640729
1.0,0.2038967,0.022918938,0.20312501,0.15411177,0.20113099,0.39701793,-0.04731559,-0.15799645,-0.21618891,-0.22109962,0.28566396,-0.03425671,-0.10217987,-0.53484005,-0.06254681,0.2127745,-0.27897817,0.12810287,-0.16840465,0.17481023,0.8510329,0.91918755,0.84656334,0.901316,0.7898962,0.6700353,0.9373806,0.8702755,0.81515294,0.85209215,0.7353271,0.93937874,0.8874292,0.5557551,0.9459039,0.7865515,0.71211624,0.8950795,0.8402817,0.86310995
1.0,0.20383126,0.022570489,0.20284817,0.15415835,0.20046163,0.3968806,-0.047561415,-0.15749443,-0.21598572,-0.22099593,0.28537905,-0.03432245,-0.10229801,-0.5345776,-0.06187977,0.21247655,-0.27845183,0.12761955,-0.16815406,0.17476743,0.85135424,0.9195597,0.8469754,0.9014541,0.7898786,0.6705834,0.93749034,0.87026095,0.8159973,0.85244113,0.7356513,0.93936807,0.8874303,0.5560307,0.9458123,0.7871675,0.7128526,0.8954607,0.8408655,0.8636139
1.0,0.20347655,0.022893766,0.20327783,0.15392655,0.20219798,0.3961473,-0.046152927,-0.15742165,-0.21636948,-0.2218006,0.28469747,-0.034400433,-0.10381299,-0.53416646,-0.06445508,0.21274802,-0.27844387,0.12960224,-0.16965432,0.17480762,0.84913087,0.9195001,0.8468376,0.90253496,0.78989947,0.6689456,0.93733925,0.87014395,0.8129414,0.8507919,0.7351863,0.9389508,0.88832647,0.55424976,0.9469061,0.78500843,0.7110132,0.89363164,0.8399815,0.86218953
1.0,0.20375818,0.022899838,0.20309077,0.1540702,0.20123065,0.3966623,-0.047117032,-0.15798122,-0.21621367,-0.22110909,0.2854417,-0.034296192,-0.10237841,-0.53467095,-0.06276251,0.21273789,-0.27874398,0.12831897,-0.1685032,0.17479503,0.8507592,0.9192217,0.84664065,0.90149677,0.7899627,0.67001075,0.9373756,0.8703013,0.8148814,0.851953,0.73533195,0.93934333,0.8874667,0.55566126,0.94599986,0.78635705,0.7120217,0.89493626,0.8403448,0.8630203
1.0,0.20280698,0.022557853,0.20327279,0.15369576,0.20321606,0.39482749,-0.044650044,-0.15609848,-0.21647763,-0.22279355,0.2830394,-0.034673795,-0.10638209,-0.5329683,-0.06670529,0.2124745,-0.2772341,0.13140386,-0.1713125,0.17477092,0.8465675,0.92031455,0.84761566,0.90449935,0.78985435,0.66775703,0.93737274,0.86992747,0.810392,0.84913814,0.73525816,0.93830323,0.88968897,0.5521895,0.94832814,0.7832558,0.71000314,0.89181775,0.84002423,0.86124724
1.0,0.20421174,0.022903593,0.2029614,0.1542668,0.20022738,0.39767388,-0.048248366,-0.15841515,-0.21604374,-0.2205329,0.28640103,-0.034154855,-0.10092564,-0.5353588,-0.060950957,0.2127921,-0.27931482,0.12687056,-0.16738333,0.17481466,0.8525544,0.91896236,0.84640574,0.9003826,0.7898747,0.6709637,0.93741,0.87039095,0.8169887,0.8531519,0.7354684,0.93972707,0.8866887,0.5569769,0.9450833,0.7878224,0.7130667,0.896284,0.84058744,0.8638911
1.0,0.20407042,0.023255927,0.20335937,0.15410534,0.2015178,0.39738795,-0.0473697,-0.1586075,-0.21633822,-0.22103018,0.2861786,-0.034157462,-0.10166976,-0.53525937,-0.062720604,0.21307151,-0.27961957,0.12819025,-0.16834708,0.17485552,0.85118777,0.9187518,0.8461053,0.9008955,0.7898981,0.66976905,0.937283,0.8703171,0.81488097,0.8520686,0.73505116,0.93948776,0.88721484,0.5558446,0.94574493,0.7863401,0.711677,0.8950699,0.83978635,0.8628539
1.0,0.20405993,0.022987457,0.20304348,0.15418696,0.20063913,0.3972711,-0.0478416,-0.15844992,-0.21612462,-0.22066414,0.28613508,-0.034178413,-0.10126923,-0.5351639,-0.061623864,0.21280704,-0.2792009,0.12741052,-0.16771384,0.17480527,0.8519657,0.9189529,0.84638864,0.9006632,0.7899608,0.6706269,0.9373864,0.87038565,0.8162057,0.85275,0.73536843,0.9396291,0.88688654,0.5566053,0.94535744,0.78727686,0.7126196,0.8958283,0.8404297,0.8635375
1.0,0.20465642,0.02332229,0.20315343,0.15436476,0.20004655,0.3985569,-0.04894359,-0.1594232,-0.21608678,-0.22005895,0.2874956,-0.03393532,-0.09940629,-0.5361737,-0.060122974,0.21310507,-0.28035772,0.12614521,-0.16659789,0.17485753,0.85379016,0.9183358,0.84574014,0.8992249,0.78990465,0.671256,0.9373485,0.87049395,0.81793517,0.853846,0.7352465,0.9400846,0.8860047,0.55791396,0.94437724,0.7884684,0.71318245,0.89706963,0.840186,0.8641012
1.0,0.2044012,0.022938902,0.20287405,0.15434057,0.19962478,0.39796183,-0.04882713,-0.15875779,-0.21591997,-0.22008911,0.28683412,-0.03405813,-0.099998996,-0.5356275,-0.05997452,0.21274732,-0.27952942,0.12609617,-0.1666631,0.174791,0.8535529,0.9188194,0.84627765,0.89974594,0.789945,0.6715933,0.93745804,0.8704719,0.81817496,0.8538503,0.73556423,0.9399609,0.88622576,0.55783015,0.94455457,0.7886711,0.7136669,0.89706206,0.8407855,0.8643827
1.0,0.20373818,0.022987818,0.20318432,0.15403095,0.20150839,0.39660892,-0.04693692,-0.15803924,-0.21627292,-0.22120395,0.2854091,-0.034289464,-0.102505386,-0.5346559,-0.06314084,0.21279743,-0.27882978,0.12859355,-0.16869761,0.1748013,0.85048467,0.919165,0.84656376,0.90158933,0.7899717,0.66975373,0.9373491,0.8702855,0.8144365,0.8517273,0.7352386,0.9392952,0.8875764,0.55543077,0.9461324,0.7860503,0.71171874,0.8946825,0.8401609,0.8627973
1.0,0.20504907,0.023175178,0.20264812,0.15463421,0.19802901,0.39913562,-0.050604977,-0.16010985,-0.21571785,-0.21880144,0.28848284,-0.033759955,-0.09712653,-0.5368,-0.05695492,0.21292527,-0.280428,0.12378226,-0.16446848,0.17480516,0.85661596,0.9181138,0.8457297,0.8976523,0.79001844,0.6733759,0.93747675,0.87077403,0.82167286,0.85595024,0.7356923,0.94076556,0.8845793,0.5604341,0.9428164,0.7910679,0.71529573,0.89950013,0.8411588,0.8657624
1.0,0.20379221,0.023119537,0.20327266,0.15402892,0.20165151,0.39666203,-0.046908945,-0.15825805,-0.21631032,-0.22117892,0.28553927,-0.03423879,-0.102334484,-0.53475535,-0.06327751,0.21287195,-0.27903375,0.12867634,-0.1686852,0.17481251,0.85049486,0.9190312,0.84640783,0.901455,0.7900046,0.66964346,0.9373282,0.8702904,0.8142962,0.85169375,0.73514295,0.93932265,0.8875442,0.55545086,0.9461172,0.7859441,0.711538,0.8946335,0.83998036,0.8626795
1.0,0.20514742,0.023411104,0.20291345,0.15459651,0.19859529,0.39945868,-0.050425377,-0.16033387,-0.21586645,-0.21900967,0.28871572,-0.033720184,-0.09715682,-0.537014,-0.057562746,0.2131425,-0.28093988,0.12417394,-0.16480187,0.17484744,0.8562996,0.9179006,0.84541446,0.8976191,0.7899691,0.67280847,0.9374046,0.8707233,0.82093,0.855597,0.73544294,0.9407096,0.8847263,0.56003135,0.9429848,0.79054993,0.714674,0.8990962,0.8406454,0.86533153
1.0,0.20449364,0.023133727,0.20291258,0.15437049,0.199594,0.39806303,-0.0490162,-0.15930602,-0.21597284,-0.21982998,0.28720945,-0.033985715,-0.09937446,-0.535915,-0.059673496,0.21289289,-0.27982005,0.12589651,-0.16630158,0.17480665,0.85397893,0.91850543,0.84601086,0.89928126,0.7900233,0.6717769,0.93741167,0.87056804,0.8184763,0.8541228,0.73545533,0.94013727,0.885844,0.55829567,0.9442425,0.7888488,0.71367794,0.8973898,0.84066623,0.86443657
1.0,0.204665,0.023441108,0.20320529,0.1543172,0.20005341,0.39839435,-0.048939608,-0.15965743,-0.21605277,-0.21989802,0.28752333,-0.033876933,-0.09909138,-0.53613967,-0.06018071,0.21305805,-0.2804412,0.12615877,-0.16645648,0.17482293,0.8538862,0.91824806,0.8456254,0.89907324,0.7900435,0.6713059,0.9373739,0.8705181,0.81793946,0.8539011,0.7352153,0.94012153,0.8859543,0.5580879,0.9443224,0.7885149,0.7131203,0.89710724,0.84012985,0.8640689
1.0,0.20286462,0.02199694,0.20283192,0.1538327,0.20188302,0.39505595,-0.045403413,-0.15540084,-0.21610197,-0.22251236,0.2829116,-0.03474344,-0.10613166,-0.5327876,-0.065139025,0.21201238,-0.27667215,0.13020878,-0.17063397,0.17472222,0.8476111,0.9208495,0.84815955,0.90437067,0.7897912,0.6688472,0.93756586,0.8698998,0.81232464,0.85002947,0.7358003,0.9383724,0.8895085,0.55296224,0.9479561,0.7846523,0.71144503,0.89278406,0.84097636,0.86228293
0.0,0.20102268,0.021283863,0.20281874,0.15324384,0.20470268,0.39148492,-0.041349865,-0.1523982,-0.216559,-0.22502664,0.2786646,-0.03545545,-0.11269294,-0.52979016,-0.071027346,0.21149057,-0.27353814,0.13504405,-0.17479493,0.17467579,0.84079564,0.9228361,0.8501307,0.9094566,0.7897279,0.66575426,0.937594,0.8694263,0.8055826,0.8456736,0.7358877,0.93679273,0.89283115,0.5476901,0.95156556,0.7799285,0.70864034,0.8882104,0.8410207,0.8596848
0.0,0.20153496,0.021250514,0.20257714,0.15345302,0.20317705,0.39238438,-0.042917103,-0.1531554,-0.21622726,-0.22396672,0.27983403,-0.035279047,-0.110404044,-0.5305362,-0.06845953,0.21137822,-0.27410433,0.1330117,-0.17308725,0.17464408,0.84341276,0.9224012,0.8497548,0.90776217,0.789843,0.667378,0.9376779,0.8696105,0.80856806,0.8475061,0.73612,0.93733835,0.8915905,0.54988,0.95021063,0.782045,0.7102076,0.89011765,0.84153634,0.86100197
1.0,0.2029734,0.022519184,0.20316716,0.15378278,0.2026452,0.3951422,-0.045183223,-0.15629247,-0.21635917,-0.22245666,0.28340238,-0.034618363,-0.10566187,-0.53320277,-0.06579224,0.21241935,-0.2773805,0.13069078,-0.17072363,0.17476304,0.8474462,0.92023075,0.8475447,0.9039709,0.78987926,0.6683271,0.93741304,0.8699817,0.8114726,0.84976417,0.735367,0.9384851,0.88929695,0.5529124,0.9478853,0.78401494,0.7105904,0.89249265,0.84024733,0.8617219
0.0,0.2012054,0.02133817,0.20275807,0.15330583,0.20422944,0.39174315,-0.041882478,-0.15281144,-0.21646518,-0.22459963,0.2791289,-0.035378236,-0.1117762,-0.5300884,-0.07016415,0.21148579,-0.27378932,0.1343659,-0.17415759,0.17466088,0.8417349,0.92258567,0.8499215,0.90878,0.7898052,0.6663195,0.9376053,0.8695164,0.8065705,0.8463256,0.73592395,0.9370128,0.8923245,0.548527,0.9510448,0.78062665,0.7091182,0.88888,0.84114385,0.86010456
1.0,0.2028839,0.02250159,0.20314024,0.15374917,0.20269886,0.39491147,-0.04506295,-0.15626964,-0.21636808,-0.22245821,0.28325135,-0.034645665,-0.1057871,-0.53308284,-0.06592005,0.21238697,-0.2772217,0.13081817,-0.17078088,0.17474791,0.8472766,0.92026025,0.84760475,0.90409374,0.78992164,0.66832,0.9374136,0.8699975,0.81131136,0.84968,0.735379,0.93845993,0.8893249,0.5528547,0.9479425,0.7839062,0.71054214,0.8924078,0.8402989,0.8616731
1.0,0.20332026,0.02270726,0.20317608,0.15389973,0.20213613,0.39582607,-0.045960587,-0.1570073,-0.21631292,-0.22193485,0.2842778,-0.03447479,-0.10431421,-0.533838,-0.064633094,0.21257643,-0.27802363,0.12976417,-0.16986077,0.17478171,0.8487752,0.91978854,0.8471251,0.9029409,0.78990406,0.66893613,0.93739027,0.8701008,0.8127777,0.85061866,0.7353184,0.938828,0.88857543,0.5539848,0.9471372,0.7849109,0.71109575,0.89343417,0.84020954,0.862199
0.0,0.20294034,0.021306248,0.20207408,0.15402475,0.19959855,0.3950923,-0.046827022,-0.15511985,-0.21556515,-0.2214807,0.28303367,-0.034780297,-0.10483539,-0.53271973,-0.062106714,0.21142396,-0.27580953,0.12797002,-0.16891253,0.17462802,0.8498577,0.9212258,0.8487714,0.90359384,0.7898785,0.67113304,0.9378035,0.87007827,0.81591016,0.85191894,0.736579,0.9387702,0.88851106,0.55505407,0.94678,0.78718996,0.71391755,0.8949144,0.84254426,0.8641374
1.0,0.20346886,0.022553546,0.20294072,0.15401489,0.20127812,0.39613467,-0.04666587,-0.15713248,-0.21614885,-0.22148925,0.28464144,-0.03445159,-0.103513,-0.5340712,-0.06329251,0.21247455,-0.27799612,0.12876776,-0.16906804,0.17476618,0.8499081,0.9197593,0.8471756,0.9023632,0.7899068,0.6698098,0.9374443,0.8701939,0.81431544,0.8514755,0.7355358,0.9390662,0.8880282,0.5549519,0.9465337,0.7859812,0.7120207,0.89439887,0.84067124,0.8629213
1.0,0.20318699,0.022434225,0.20295343,0.15390784,0.20172967,0.39554736,-0.046019867,-0.15661785,-0.21619013,-0.22188962,0.28394377,-0.034559146,-0.1045499,-0.53355753,-0.064280495,0.2123512,-0.27750847,0.12955168,-0.16976158,0.17474578,0.84882617,0.920081,0.847474,0.90316486,0.7899155,0.6692998,0.937461,0.87010336,0.8132039,0.8507747,0.7355534,0.9387925,0.88860095,0.55410105,0.9471365,0.7852232,0.71156126,0.8936147,0.8406668,0.86250234
1.0,0.20326087,0.022581374,0.2030448,0.15390706,0.2018533,0.3956628,-0.046055175,-0.1568928,-0.21623653,-0.22182715,0.28415388,-0.034506846,-0.10428634,-0.5337188,-0.06432682,0.21245287,-0.27776766,0.12956545,-0.16969597,0.17475589,0.84893185,0.9199005,0.8472792,0.9029593,0.7899413,0.6692268,0.93743056,0.8701252,0.81314194,0.85079813,0.73544735,0.93884856,0.88850015,0.55419034,0.9470537,0.7851748,0.71140784,0.8936358,0.84047854,0.8624162
0.0,0.20346531,0.022426,0.20274077,0.15407607,0.20074953,0.3961367,-0.04704587,-0.15724683,-0.21608639,-0.22117358,0.28478295,-0.034475688,-0.10309042,-0.5341685,-0.06243965,0.21242613,-0.27781227,0.12818822,-0.16856475,0.1747568,0.8505291,0.91973,0.8472582,0.90207547,0.7899303,0.6704335,0.9374585,0.8702986,0.8152315,0.8519985,0.73567915,0.93923116,0.8876015,0.55558705,0.9461274,0.7865966,0.71261895,0.8950273,0.8410462,0.86338407
1.0,0.20427963,0.023215184,0.20318165,0.15422216,0.20065758,0.39769223,-0.0480952,-0.15890732,-0.21615079,-0.22050083,0.28662634,-0.034062482,-0.10062073,-0.5355277,-0.06141433,0.21295834,-0.2797436,0.12718363,-0.16744234,0.17482775,0.8524319,0.9186618,0.84604913,0.9001628,0.78997546,0.6706364,0.9373581,0.87040806,0.81646943,0.8529748,0.7352328,0.9397626,0.8866581,0.55692416,0.94510955,0.78745997,0.71255016,0.89606714,0.8401553,0.86354214
1.0,0.20406485,0.023201196,0.2032901,0.15411937,0.20133197,0.39736554,-0.047480546,-0.1585924,-0.21629867,-0.22094107,0.28618276,-0.03416592,-0.101566255,-0.53525025,-0.062467307,0.21302377,-0.27953434,0.12801369,-0.16820075,0.1748439,0.8513675,0.9187808,0.8461582,0.9008351,0.789912,0.6699633,0.93730074,0.8703397,0.8151718,0.8522241,0.73511565,0.939525,0.88712186,0.5560234,0.9456443,0.7865466,0.71188086,0.8952485,0.8399259,0.8630047
1.0,0.20375669,0.022846555,0.2030444,0.15407917,0.20109203,0.3966499,-0.047184385,-0.15791659,-0.2161729,-0.22106773,0.28541547,-0.034301266,-0.102347314,-0.53463805,-0.062610865,0.21268253,-0.27867043,0.12820335,-0.1684277,0.17478552,0.85086066,0.91927564,0.8466987,0.9014877,0.7899676,0.6701299,0.93739724,0.8703023,0.8150739,0.852043,0.7353892,0.9393517,0.88744706,0.55574805,0.9459608,0.78650016,0.7121689,0.8950335,0.8404486,0.86312586
0.0,0.20260704,0.021742305,0.20258558,0.15381283,0.20157641,0.3944481,-0.04529456,-0.1551205,-0.21602756,-0.22242695,0.28242892,-0.034850862,-0.10644974,-0.5324012,-0.06495273,0.21179053,-0.2759834,0.13017793,-0.1705635,0.17468229,0.8474551,0.92111194,0.8485297,0.9046867,0.7898834,0.66922235,0.93762046,0.86994535,0.8125293,0.850096,0.736012,0.9383374,0.88948905,0.5530728,0.94798815,0.7847843,0.71180964,0.8928855,0.84146595,0.86250246
1.0,0.20440131,0.023185289,0.20304015,0.15429664,0.20009676,0.39792737,-0.048621677,-0.15917453,-0.21607068,-0.22011709,0.2869954,-0.03402667,-0.09989402,-0.5357815,-0.060430042,0.2129535,-0.27981833,0.12646143,-0.16680205,0.17481887,0.8533092,0.91853106,0.845999,0.89964724,0.7899939,0.67126626,0.93737215,0.8705096,0.8175696,0.8536182,0.7353377,0.93998194,0.8861626,0.5577016,0.9445965,0.7882229,0.7131547,0.89681923,0.84041744,0.86403173
1.0,0.20417821,0.023238769,0.20325032,0.1541548,0.20099226,0.39746994,-0.04777772,-0.15879305,-0.2162011,-0.22068211,0.28639084,-0.034093678,-0.10101634,-0.5353565,-0.061978422,0.21295984,-0.27965418,0.12761255,-0.16778992,0.17482202,0.8519162,0.9187124,0.8460821,0.9004673,0.7899873,0.6703057,0.9373439,0.8703717,0.81581336,0.8526069,0.735173,0.939644,0.8869036,0.55651057,0.9453803,0.7870156,0.7121971,0.8956489,0.8400266,0.8632607
1.0,0.20464426,0.023072844,0.20281705,0.15445024,0.19910513,0.39841858,-0.04947977,-0.15937251,-0.21588454,-0.21959826,0.28751618,-0.033945575,-0.09887275,-0.5361281,-0.0588807,0.21286926,-0.2799346,0.12526895,-0.16584532,0.17480619,0.8546913,0.9184796,0.84600276,0.8989113,0.78997916,0.67222494,0.93744177,0.8706026,0.8194075,0.85462177,0.7355634,0.9402809,0.88555366,0.55881727,0.94387984,0.78950167,0.71419793,0.89796454,0.8408612,0.8648506
1.0,0.20408916,0.023126667,0.20320828,0.15413603,0.20102313,0.39731145,-0.047624737,-0.15850154,-0.21618116,-0.22082117,0.28613204,-0.034144454,-0.101405635,-0.5351634,-0.062172957,0.21287677,-0.27942026,0.12777103,-0.16799618,0.17481293,0.8516251,0.91888785,0.84625375,0.9007585,0.78996134,0.67021734,0.93736434,0.870332,0.81560296,0.8524357,0.73523504,0.9395472,0.88710207,0.5562544,0.94556606,0.786877,0.7121812,0.8954516,0.8401197,0.8632176
1.0,0.2038599,0.022948975,0.20309426,0.15408531,0.20104867,0.3968072,-0.04732975,-0.1581342,-0.21615762,-0.22094825,0.28563297,-0.034242198,-0.101984754,-0.53478146,-0.062462136,0.2127205,-0.27890018,0.12805492,-0.16825016,0.1747825,0.85113484,0.91914487,0.8465505,0.9012293,0.78999716,0.6701904,0.93739605,0.8703176,0.8152696,0.85219216,0.73534685,0.93942064,0.887326,0.5559595,0.9458201,0.7866515,0.71218574,0.8951853,0.84035605,0.8631656
0.0,0.20214298,0.021815045,0.20290273,0.15359408,0.20325756,0.39368343,-0.043715984,-0.15439719,-0.21638167,-0.22355118,0.2813549,-0.035027042,-0.10873312,-0.53173095,-0.067668915,0.21195348,-0.27558348,0.13229488,-0.17239274,0.17472777,0.84480035,0.9214562,0.8487873,0.90632606,0.78974533,0.6674471,0.9375086,0.8697398,0.8093344,0.8481918,0.7357053,0.9377637,0.89075714,0.5507931,0.94938517,0.7825274,0.7100804,0.89084095,0.84079933,0.8610876
1.0,0.20299992,0.022547757,0.2031655,0.15380692,0.2026534,0.3952811,-0.045280147,-0.156445,-0.21641916,-0.2224102,0.28357935,-0.034627765,-0.10552776,-0.53336924,-0.06561942,0.21253122,-0.27748019,0.13058953,-0.17063938,0.174786,0.8475895,0.9201059,0.84746265,0.9038349,0.7898392,0.6683854,0.9373682,0.8700271,0.81158096,0.84985745,0.7353212,0.9385529,0.88911784,0.55303496,0.94774616,0.78405863,0.7106127,0.892631,0.8402153,0.8617594
1.0,0.2034741,0.022948893,0.20336068,0.15390629,0.20243731,0.39616707,-0.045998387,-0.15740067,-0.21641958,-0.22193292,0.2846654,-0.034396023,-0.10399656,-0.53415996,-0.06479374,0.2128034,-0.278526,0.12984063,-0.16986658,0.17482132,0.84886944,0.919486,0.8467937,0.9026516,0.78987235,0.6686864,0.937318,0.8701116,0.8125509,0.8505728,0.7351121,0.93889314,0.88846827,0.55398625,0.94705343,0.7847334,0.7107548,0.8933857,0.8398153,0.86199534
1.0,0.20285305,0.022535877,0.20320456,0.15373147,0.20292127,0.39484718,-0.04486367,-0.15620041,-0.21640703,-0.22260374,0.28314072,-0.034645244,-0.10604106,-0.5330145,-0.06629801,0.21240835,-0.27722767,0.13109365,-0.17101155,0.17475766,0.846954,0.920295,0.84760696,0.9042683,0.7899101,0.66806626,0.9374044,0.8699587,0.8108995,0.84943575,0.73532593,0.93838716,0.8895075,0.5525633,0.94813174,0.78361267,0.7102963,0.89212996,0.8401716,0.86147547
1.0,0.20296732,0.022016583,0.20280345,0.15388316,0.20168038,0.39527518,-0.04565926,-0.1555685,-0.21608156,-0.22236392,0.28316426,-0.034711286,-0.105764,-0.5329781,-0.06471904,0.21205597,-0.2768182,0.12988828,-0.17036264,0.17473306,0.84803486,0.92073935,0.8480736,0.9040739,0.7897757,0.66907215,0.93755776,0.8699358,0.81278896,0.85031533,0.73580855,0.9384776,0.8892786,0.5533009,0.94771874,0.78496045,0.7116609,0.89310247,0.841012,0.86247003
1.0,0.20389158,0.02258989,0.20280516,0.15418077,0.20021166,0.39693907,-0.047790866,-0.15766779,-0.21593553,-0.2207846,0.28554392,-0.03428508,-0.10189195,-0.5346733,-0.061474912,0.21245217,-0.278514,0.12730719,-0.16783817,0.17475237,0.851767,0.91948605,0.84691876,0.9011836,0.78992957,0.67086947,0.9375092,0.87030697,0.81648207,0.85273856,0.7356902,0.9394716,0.88721323,0.55641586,0.9455802,0.78751606,0.71310145,0.8957908,0.8409618,0.8638194
0.0,0.20240518,0.02192908,0.20293453,0.15365168,0.20287347,0.3941511,-0.044252038,-0.15476815,-0.2162838,-0.22320962,0.28189182,-0.034908608,-0.10782166,-0.53208053,-0.066950545,0.21196845,-0.27603835,0.13166144,-0.17184414,0.1747159,0.8457059,0.92123103,0.8485179,0.9056573,0.7897859,0.66782683,0.9375348,0.86977935,0.8102173,0.8487529,0.7357052,0.9379516,0.89039433,0.5514673,0.9489457,0.7831805,0.710435,0.8914112,0.8407727,0.86141825
0.0,0.20150629,0.021595022,0.20287916,0.15336862,0.2041023,0.3923074,-0.042376928,-0.15346257,-0.21648344,-0.22426349,0.27988154,-0.035242774,-0.11076234,-0.53064334,-0.069582514,0.21169263,-0.27446872,0.1338572,-0.17365701,0.17467818,0.8426117,0.92211926,0.8494496,0.90796876,0.78981876,0.6665421,0.93755,0.8696003,0.8071968,0.8468196,0.73577005,0.93725526,0.8918281,0.54918814,0.95053995,0.781061,0.7092191,0.8893845,0.84088635,0.8602763
1.0,0.20408925,0.022344308,0.2025415,0.1542978,0.19912314,0.3973364,-0.04861345,-0.15755844,-0.21566871,-0.22032285,0.28584176,-0.034236386,-0.101094544,-0.5348177,-0.059974365,0.2122239,-0.27843013,0.12611404,-0.16698772,0.17471346,0.8530331,0.9196246,0.8470879,0.9006594,0.7899052,0.671848,0.9376291,0.8703516,0.81831425,0.85368526,0.73601955,0.9396826,0.8867858,0.55739266,0.9449795,0.7888379,0.7142512,0.89685047,0.84154433,0.86469835
0.0,0.20384419,0.022522552,0.2027982,0.15418395,0.2003277,0.39696744,-0.047684763,-0.15749034,-0.21598086,-0.2209456,0.28544623,-0.034335986,-0.102223635,-0.5346379,-0.061632827,0.21248716,-0.27843142,0.12744641,-0.16804607,0.17477363,0.85152143,0.91955775,0.8470002,0.90138966,0.78984743,0.67072594,0.937487,0.8702822,0.81624734,0.8525735,0.7356867,0.9394082,0.88732284,0.55616194,0.9457037,0.78733,0.71301526,0.8956296,0.84095347,0.86374164
0.0,0.2012859,0.020815378,0.20230089,0.15342963,0.20276703,0.39197063,-0.042820536,-0.15241536,-0.21607435,-0.2240775,0.2791708,-0.03543117,-0.111071214,-0.53000784,-0.06828909,0.2110367,-0.27330518,0.13294129,-0.1731992,0.17461218,0.84312147,0.9229485,0.85033745,0.9083542,0.7898264,0.6676783,0.9377898,0.8695526,0.80881155,0.8474767,0.7364524,0.9371765,0.89185584,0.54970384,0.9504309,0.7822395,0.7106937,0.8901259,0.8421361,0.86128354
1.0,0.20362997,0.022464762,0.20289707,0.15404865,0.20082006,0.3964426,-0.047034226,-0.1569645,-0.21596795,-0.22135556,0.28476375,-0.034392238,-0.10316245,-0.5340926,-0.062778175,0.21230248,-0.2780975,0.12827118,-0.1687774,0.17473209,0.85044837,0.9198975,0.84722596,0.9021502,0.7898982,0.6701024,0.9375417,0.8701424,0.8150539,0.85182774,0.73568773,0.93909717,0.8880352,0.5552483,0.946382,0.7865671,0.7124611,0.8947403,0.84083915,0.863257
0.0,0.20311269,0.022443349,0.20308478,0.15384617,0.2021928,0.3954657,-0.045602635,-0.15629652,-0.21624833,-0.22226521,0.28364468,-0.034587137,-0.105221495,-0.53335464,-0.06510598,0.21235397,-0.2774835,0.13013403,-0.17034094,0.17475483,0.8480828,0.92024237,0.84754354,0.90364677,0.7898537,0.66871923,0.93745744,0.86999327,0.81229615,0.8502071,0.73547965,0.938588,0.88908714,0.5533618,0.94759935,0.78460914,0.7110629,0.89297,0.8404326,0.86209595
0.0,0.20312709,0.022342844,0.20298757,0.153882,0.20191604,0.39551076,-0.045773707,-0.15621543,-0.21618506,-0.2221798,0.28365755,-0.034599774,-0.105119556,-0.533354,-0.06473754,0.21228573,-0.27737823,0.1298674,-0.17016153,0.17474943,0.8483386,0.9203108,0.8476342,0.903574,0.7898422,0.66897386,0.9374849,0.87000495,0.8127278,0.850423,0.73557895,0.9386266,0.88899016,0.55357724,0.9474797,0.7849079,0.7113676,0.8932114,0.84062576,0.862319
0.0,0.20329717,0.022570489,0.20299383,0.1539385,0.2016748,0.39573437,-0.04622473,-0.15700053,-0.21621984,-0.22169921,0.28428406,-0.034499355,-0.10404687,-0.5338156,-0.0639941,0.21246397,-0.2777866,0.12933108,-0.16948287,0.1747589,0.84922117,0.9198406,0.8472557,0.90277725,0.7899458,0.6694422,0.9374272,0.87016463,0.8135007,0.85101575,0.7354748,0.938927,0.88831323,0.5544606,0.9468754,0.7854124,0.71160483,0.89388824,0.84056515,0.8625767
1.0,0.20536095,0.023564452,0.20298202,0.15463838,0.19839817,0.39983606,-0.050766703,-0.16068512,-0.21582249,-0.21878141,0.28914082,-0.033605408,-0.09646098,-0.5373014,-0.05714397,0.2131947,-0.2813608,0.1237829,-0.16440791,0.17484821,0.8569032,0.91771454,0.8451777,0.8971223,0.79000175,0.6729938,0.93742007,0.8707436,0.82148594,0.8559489,0.7354037,0.9408538,0.8844957,0.56047106,0.9426916,0.7909568,0.7148271,0.8994798,0.84053385,0.86548746
1.0,0.20457733,0.023453983,0.20321839,0.15430406,0.200274,0.39824942,-0.048746534,-0.15967241,-0.21613646,-0.21999815,0.28742796,-0.033917293,-0.09933841,-0.53610694,-0.060447134,0.21312955,-0.28035888,0.12641431,-0.16664018,0.17484312,0.8535839,0.9182169,0.8456324,0.89922494,0.7900318,0.67114884,0.9373297,0.87053245,0.8175598,0.8537061,0.7351544,0.9400873,0.8859864,0.557895,0.94442993,0.78821355,0.7129148,0.8969119,0.84006625,0.86390704
1.0,0.20438853,0.022989085,0.20282565,0.15434816,0.19952995,0.39785093,-0.048912745,-0.15901116,-0.2159296,-0.21990797,0.286933,-0.034045875,-0.099711806,-0.53569806,-0.05973824,0.21278076,-0.27951095,0.12596923,-0.1664279,0.17478703,0.8537716,0.9186895,0.8462196,0.8995516,0.7900109,0.671805,0.9374393,0.87054664,0.8184054,0.8540319,0.7355549,0.9400589,0.88598317,0.5581427,0.94436914,0.78881335,0.7137699,0.89728594,0.84084535,0.86447513
1.0,0.20259121,0.022155503,0.20295016,0.15371075,0.20264848,0.39438838,-0.044694193,-0.15552825,-0.21631205,-0.22274897,0.28251928,-0.034804713,-0.10677193,-0.53254056,-0.06624273,0.21214312,-0.2764592,0.13114141,-0.17119735,0.17472577,0.8465769,0.9207557,0.8481323,0.90486,0.7898803,0.6682659,0.9374749,0.86992735,0.8109551,0.8493306,0.7355956,0.9382404,0.88974303,0.55232483,0.9483596,0.7836605,0.7106534,0.8920465,0.84069157,0.8616629
1.0,0.2035383,0.022743741,0.20315875,0.15398806,0.20180322,0.3963725,-0.046451986,-0.15725838,-0.21628466,-0.22172001,0.2847848,-0.034418344,-0.10367821,-0.53422624,-0.06389336,0.21267581,-0.27837873,0.12917362,-0.16942456,0.17480682,0.8495366,0.91960436,0.8469511,0.9024212,0.78983366,0.66926736,0.9373753,0.8701447,0.81358963,0.8511026,0.73532254,0.9390015,0.8882086,0.554511,0.9467311,0.7854627,0.71145356,0.8939838,0.8402231,0.8625182
0.0,0.20303687,0.022454908,0.20309064,0.15381533,0.20230122,0.39526322,-0.045456447,-0.15629554,-0.21627015,-0.2222907,0.28351337,-0.03460174,-0.105352506,-0.5332537,-0.06531271,0.21233886,-0.27738196,0.1303091,-0.17043485,0.17474571,0.84787536,0.9202577,0.84756887,0.90376645,0.78989595,0.6686464,0.9374546,0.8699994,0.8120569,0.85008144,0.73546445,0.93855613,0.88914436,0.5532566,0.9476854,0.78444314,0.7109465,0.8928337,0.8404246,0.8619987
1.0,0.20358661,0.022609906,0.20298539,0.15405986,0.20130077,0.39648452,-0.046815895,-0.15725873,-0.21619391,-0.22149655,0.28491795,-0.034428947,-0.10334122,-0.53431416,-0.063129105,0.21260786,-0.27825385,0.1286312,-0.16900566,0.17480253,0.8501132,0.91962874,0.8470493,0.9021715,0.78981864,0.6697821,0.93740207,0.870199,0.8144491,0.8515668,0.73547065,0.9391227,0.88791,0.5550255,0.9464141,0.7860467,0.71201104,0.8945169,0.8405448,0.8629418
0.0,0.20180258,0.021695672,0.2029179,0.15345791,0.20376287,0.392936,-0.042934753,-0.15380034,-0.21641603,-0.22399977,0.28049284,-0.035135843,-0.1099274,-0.53108263,-0.06884816,0.21177715,-0.27498907,0.13322319,-0.17316926,0.17469403,0.84351283,0.9218738,0.8491657,0.9072948,0.7897843,0.666857,0.937549,0.8696294,0.80805504,0.8473605,0.73574424,0.93744224,0.89146316,0.5497964,0.95010906,0.7816685,0.7095477,0.8899367,0.8408098,0.8605909
0.0,0.20338541,0.022680687,0.20319721,0.15391213,0.20211756,0.39604068,-0.046027657,-0.15688771,-0.21629342,-0.22200772,0.2843346,-0.034471046,-0.104357556,-0.5338844,-0.06460028,0.21258081,-0.27811682,0.1297022,-0.16991079,0.17478968,0.84881914,0.9198321,0.84713304,0.9029504,0.7898339,0.6688742,0.93739754,0.8700611,0.8128274,0.8506147,0.7353301,0.9388031,0.8886509,0.55390096,0.9471635,0.7849588,0.7111177,0.89342314,0.8401752,0.8622185
1.0,0.20356366,0.022576349,0.20299453,0.15403211,0.20128477,0.3964116,-0.046766184,-0.15711856,-0.21614912,-0.2215299,0.28479075,-0.034428626,-0.103440836,-0.5341897,-0.06324291,0.21251713,-0.27819183,0.12868227,-0.1690775,0.17477952,0.85001683,0.919737,0.84710836,0.9022845,0.7898446,0.6697407,0.9374413,0.87016475,0.8143805,0.8514999,0.7355111,0.9390685,0.88805133,0.5549193,0.9465122,0.78603625,0.7120086,0.89442176,0.8405768,0.8629272
1.0,0.20378873,0.023185352,0.20337732,0.15398648,0.20191547,0.39669016,-0.046755955,-0.1582382,-0.21635878,-0.22130543,0.2855087,-0.03423403,-0.10249959,-0.5347388,-0.06365435,0.2129191,-0.27914608,0.12892403,-0.16891405,0.17481674,0.8502208,0.9190139,0.84634477,0.90158,0.7899872,0.6693593,0.9373116,0.8702548,0.8138631,0.8514549,0.7350628,0.93925476,0.8877044,0.5551632,0.9462699,0.7856599,0.71124905,0.89436525,0.83979326,0.86246914
1.0,0.20453238,0.023310324,0.20312737,0.1543192,0.20011215,0.39818704,-0.04875642,-0.15940031,-0.21608031,-0.22004887,0.287261,-0.033957146,-0.0995561,-0.53597724,-0.06034346,0.21302955,-0.2801372,0.12634674,-0.1666734,0.17483197,0.8535504,0.91839075,0.8458129,0.8993835,0.7899973,0.67124283,0.9373635,0.87050873,0.8176999,0.85372514,0.7352635,0.94004494,0.8860738,0.55784327,0.9444847,0.7883149,0.71310484,0.8969266,0.8402519,0.8640225
1.0,0.20424473,0.023285327,0.20329778,0.15419173,0.20108975,0.397741,-0.04784046,-0.1588904,-0.21627668,-0.22073525,0.28659463,-0.034091633,-0.100975946,-0.53555787,-0.06193524,0.21310157,-0.27985346,0.12758298,-0.1678144,0.17486267,0.85197383,0.9186035,0.8459774,0.90037066,0.7899016,0.6702175,0.93729424,0.87037784,0.81579196,0.8526083,0.73509634,0.9396778,0.8868231,0.556484,0.9453224,0.78696233,0.7121171,0.89567757,0.8398956,0.8632206
0.0,0.2026484,0.022014631,0.20276225,0.15380606,0.20207292,0.39452365,-0.045117855,-0.15557894,-0.21621642,-0.22247842,0.28269374,-0.034807894,-0.106341764,-0.53266156,-0.06536927,0.21207269,-0.27635008,0.13051881,-0.17070018,0.17472687,0.84725547,0.9207671,0.8482098,0.90453225,0.78988135,0.668864,0.9375071,0.86999154,0.8119466,0.8498788,0.7357505,0.93838984,0.8893799,0.55294544,0.94798696,0.78432035,0.71128243,0.8926642,0.8410431,0.8621439
1.0,0.20499289,0.023082389,0.20273304,0.15456921,0.19828634,0.3990911,-0.050312214,-0.15963031,-0.21569353,-0.21913159,0.28814453,-0.03380279,-0.09775059,-0.5365312,-0.057578534,0.21281354,-0.2803302,0.12417427,-0.16497795,0.17478858,0.8560347,0.91836995,0.84586984,0.8981186,0.7899602,0.67294955,0.93751705,0.870644,0.8210295,0.85551476,0.73571146,0.9405473,0.885082,0.5597909,0.9432351,0.79067403,0.71501607,0.8989583,0.84107035,0.8655162
1.0,0.20403782,0.022953393,0.20304759,0.15416473,0.20066498,0.39721018,-0.047768846,-0.15830842,-0.21609607,-0.22072828,0.28601348,-0.034187157,-0.10142009,-0.53505754,-0.061761387,0.21274777,-0.2791322,0.12749533,-0.16781825,0.17479227,0.8518314,0.9190409,0.84645236,0.90079176,0.78996134,0.67055404,0.937408,0.8703525,0.81608313,0.85265607,0.73539543,0.93957144,0.88702226,0.55646724,0.94546485,0.78721446,0.7125851,0.8957068,0.84044313,0.8634989
1.0,0.20498896,0.02385887,0.20350341,0.15437323,0.20047684,0.39923656,-0.049182415,-0.16045815,-0.21626836,-0.21984163,0.28839844,-0.03374633,-0.09834212,-0.5368792,-0.060150884,0.21353105,-0.28143758,0.12607658,-0.16630755,0.17492405,0.8542947,0.9176497,0.84499776,0.8983997,0.7899394,0.6709986,0.93722546,0.87056,0.8178395,0.85399294,0.73485076,0.9403029,0.8855863,0.5582739,0.944017,0.78837943,0.7126545,0.8972581,0.83946097,0.86382693
1.0,0.20479107,0.02325054,0.20300266,0.15445185,0.1994331,0.39882654,-0.04947374,-0.15956646,-0.21597862,-0.21971923,0.28781587,-0.033895668,-0.09876542,-0.53638685,-0.059139602,0.21305904,-0.28039995,0.12540236,-0.16599043,0.17484818,0.85464877,0.9182861,0.8457481,0.8987704,0.78989905,0.6718755,0.9373831,0.8705657,0.8190764,0.85447675,0.73538685,0.9402768,0.8855919,0.55863035,0.94391114,0.7892639,0.7138366,0.8977996,0.84047985,0.8646175
0.0,0.2029461,0.021766702,0.20255186,0.15391627,0.20093538,0.3951272,-0.04603274,-0.15536451,-0.2158623,-0.22205395,0.28304112,-0.034727238,-0.10544872,-0.53280413,-0.06387483,0.21176535,-0.27643204,0.12925516,-0.16986857,0.17467636,0.848637,0.9209634,0.8483395,0.90393883,0.7898554,0.6697822,0.93767273,0.8699684,0.8138521,0.8508536,0.73610157,0.9385539,0.8890857,0.5538926,0.9474465,0.7857451,0.71244663,0.8936837,0.84156775,0.86304027
0.0,0.20271412,0.022282934,0.2030656,0.15373588,0.20282489,0.39472836,-0.044758,-0.1557093,-0.21638444,-0.22279751,0.28280288,-0.03476191,-0.106624395,-0.532789,-0.06629998,0.21230817,-0.27681422,0.13115157,-0.17123073,0.1747604,0.8466585,0.92058766,0.84793264,0.90468585,0.7898091,0.6680832,0.9374256,0.86992145,0.8108515,0.8493051,0.7354702,0.9382776,0.8896949,0.5522803,0.9483114,0.7835682,0.7104639,0.89202267,0.8404365,0.86155194
1.0,0.204739,0.023452038,0.20324731,0.15433037,0.20011596,0.3986262,-0.048977833,-0.15960617,-0.2160641,-0.2199853,0.28762025,-0.033869814,-0.0991285,-0.53622866,-0.060207985,0.2131115,-0.28058445,0.12614979,-0.16652976,0.17484091,0.8538949,0.9182331,0.8455913,0.8990611,0.7899642,0.6711893,0.93735933,0.87048405,0.81789654,0.8538641,0.7351872,0.94010246,0.8860076,0.55798405,0.9443456,0.7884837,0.713061,0.89706093,0.8400313,0.86403316
1.0,0.20546827,0.023942722,0.2032956,0.15459019,0.19915313,0.4001409,-0.050548196,-0.16125226,-0.21605217,-0.21892181,0.28952718,-0.033544324,-0.096291006,-0.53765476,-0.057825573,0.21355604,-0.2820216,0.12427409,-0.16468222,0.17491509,0.8565942,0.91727835,0.84470075,0.89692914,0.78998464,0.67237437,0.93728685,0.87074614,0.82058096,0.8555839,0.7350346,0.9408594,0.88447,0.56017166,0.9427753,0.79029167,0.7140072,0.89909023,0.83985746,0.8649376
1.0,0.20436922,0.022436624,0.20240214,0.1544585,0.19837324,0.39783806,-0.049432047,-0.15821403,-0.215597,-0.21971819,0.28660822,-0.034110397,-0.099794745,-0.5353838,-0.058523767,0.21233822,-0.27878997,0.12503734,-0.16595443,0.17473304,0.8544566,0.9192678,0.8468457,0.8996765,0.78992754,0.67272085,0.9376174,0.87051255,0.81995875,0.8546833,0.7360744,0.9400755,0.88595355,0.5586447,0.9441414,0.7899289,0.7150341,0.898008,0.841747,0.8653584
1.0,0.20354462,0.022741852,0.20311937,0.15398711,0.20164324,0.3962705,-0.046524946,-0.157314,-0.21622327,-0.2215938,0.28477472,-0.03439477,-0.103487566,-0.53418255,-0.06373097,0.21259843,-0.2783256,0.12904698,-0.16925627,0.17478447,0.8497101,0.9196102,0.8469638,0.9023194,0.7899033,0.6694404,0.9374064,0.8701605,0.8138276,0.8512456,0.7353712,0.9390363,0.888142,0.55471796,0.94665116,0.78564626,0.7115993,0.89412224,0.840318,0.86262643
1.0,0.20315126,0.02230539,0.20294641,0.15390277,0.20177697,0.39558136,-0.04589027,-0.15621023,-0.21616045,-0.22212332,0.28371388,-0.034602046,-0.1050185,-0.53339374,-0.06451602,0.21227235,-0.27736846,0.12970312,-0.17004861,0.17474975,0.84851307,0.9203157,0.847653,0.9034965,0.7898286,0.6691089,0.93749195,0.87001663,0.812975,0.8505555,0.7356177,0.93865997,0.88890934,0.55371433,0.9473878,0.7850782,0.71152276,0.89336354,0.8407049,0.86243933
1.0,0.20344454,0.022775339,0.20325324,0.15393472,0.20221557,0.39616656,-0.04605042,-0.15707746,-0.21634528,-0.22199446,0.284505,-0.03443992,-0.104215056,-0.53403544,-0.06461511,0.21268637,-0.27830136,0.12971446,-0.16987999,0.17481418,0.84888494,0.9196961,0.847001,0.90280575,0.78982073,0.66881144,0.93736154,0.87007636,0.8127854,0.850628,0.7352462,0.9388479,0.88856435,0.5539493,0.94710493,0.7849006,0.7110092,0.8934415,0.8400348,0.8621553
1.0,0.2041471,0.022969624,0.20311302,0.15421373,0.20076783,0.39762855,-0.047847085,-0.15827096,-0.21615568,-0.2208719,0.2862202,-0.034183122,-0.10148306,-0.53526556,-0.061755374,0.21288222,-0.27938232,0.12746157,-0.167926,0.17483974,0.85185975,0.91899383,0.8463739,0.9007491,0.78981745,0.67038167,0.93736815,0.8703152,0.81604207,0.85261315,0.7353303,0.9395664,0.88704777,0.5563182,0.94546986,0.7871534,0.7124991,0.89567405,0.8402817,0.86344993
0.0,0.20200878,0.021659056,0.2027594,0.15356782,0.20297377,0.39324397,-0.04365477,-0.15415746,-0.21624771,-0.2234672,0.28097594,-0.035055224,-0.10885693,-0.5313808,-0.06758926,0.2116905,-0.27515072,0.13225238,-0.17230815,0.17467502,0.84474546,0.92170596,0.84904313,0.90651536,0.78986824,0.6677038,0.93760073,0.869727,0.8095386,0.8482576,0.7358864,0.93771046,0.89085805,0.5508889,0.9494616,0.78270525,0.7103557,0.8908811,0.8411326,0.86124986
1.0,0.20547971,0.023691228,0.2030556,0.15466407,0.1984866,0.4001885,-0.050927013,-0.1609794,-0.21590403,-0.2187298,0.28950268,-0.033574775,-0.09614825,-0.537608,-0.056981787,0.21338075,-0.28170374,0.12365389,-0.16429038,0.1748863,0.8571435,0.91748375,0.8449686,0.89684945,0.789941,0.67296463,0.9373565,0.870777,0.82158273,0.85605454,0.7352904,0.9409428,0.88428354,0.56061447,0.9425073,0.7910001,0.71474546,0.89963764,0.840345,0.8654725
1.0,0.20482925,0.023326555,0.20298754,0.15445784,0.19926952,0.398791,-0.049630083,-0.15983516,-0.21594852,-0.21949393,0.28796494,-0.03384652,-0.09833254,-0.5364681,-0.05885748,0.21304995,-0.28048012,0.12519251,-0.16568758,0.17483015,0.85498655,0.9181737,0.8456488,0.8984952,0.78999376,0.6721094,0.9373965,0.87062275,0.81942785,0.85471964,0.7353893,0.9403844,0.885377,0.55900127,0.9437051,0.78951895,0.7139809,0.8980731,0.8405212,0.8647435
1.0,0.20459622,0.022293413,0.20212525,0.1545614,0.19716245,0.3981453,-0.050386127,-0.15841526,-0.215318,-0.2190043,0.28705585,-0.03400484,-0.098567456,-0.53561,-0.056770936,0.21213569,-0.27876532,0.12365951,-0.16479829,0.17467202,0.8560322,0.9192515,0.8469171,0.89889705,0.789989,0.6739249,0.9377337,0.87063307,0.8220906,0.85585,0.7363908,0.94040835,0.8852848,0.5599878,0.94330835,0.7914737,0.7162922,0.89934117,0.84234875,0.866344
1.0,0.20365924,0.022700166,0.20300864,0.15404949,0.20115466,0.3964966,-0.04697749,-0.15748827,-0.21613657,-0.22128728,0.28507102,-0.034362324,-0.10288973,-0.5343772,-0.0629172,0.21256658,-0.27839988,0.12843047,-0.1687392,0.17477354,0.85045034,0.9195302,0.84692645,0.90189445,0.78991836,0.66995823,0.9374315,0.87022805,0.81475765,0.8517838,0.7354708,0.93920296,0.88776857,0.5553478,0.94624394,0.78630024,0.7121184,0.8947309,0.8405401,0.8630453
1.0,0.20346701,0.022545686,0.20295365,0.15399629,0.20129772,0.39615166,-0.046660792,-0.15708911,-0.21614522,-0.22150663,0.28462678,-0.0344583,-0.103544965,-0.5340533,-0.06332789,0.21246418,-0.27800065,0.12877949,-0.16910678,0.17476,0.84987736,0.91977584,0.84718263,0.9024019,0.7898985,0.6697781,0.93744755,0.87018543,0.81427133,0.85144436,0.7355391,0.9390474,0.8880647,0.5548995,0.94655454,0.7859697,0.7120021,0.8943674,0.84066373,0.86291045
1.0,0.20447025,0.02285746,0.20271237,0.15441087,0.19904213,0.39802936,-0.04924711,-0.1588731,-0.2158033,-0.21975386,0.28701168,-0.034022957,-0.09945682,-0.53572387,-0.059132986,0.21265243,-0.27945313,0.12547326,-0.16610748,0.1747692,0.8542685,0.9188182,0.8463281,0.8993844,0.7899928,0.6721961,0.9375086,0.8705434,0.8191842,0.8544074,0.73571616,0.9401271,0.88587564,0.55849254,0.9441667,0.78937393,0.7142776,0.89769727,0.84111094,0.8648508
1.0,0.20428348,0.022410477,0.20255402,0.15434015,0.19881678,0.39771116,-0.049011223,-0.15777883,-0.21559745,-0.22009033,0.28621864,-0.03415188,-0.10047081,-0.5350653,-0.059421092,0.21223627,-0.2787391,0.12562554,-0.16658413,0.1747053,0.85368353,0.9195,0.846936,0.9002173,0.7899067,0.6721281,0.9376531,0.8703746,0.8190011,0.85409,0.73604,0.93981826,0.8865461,0.5578523,0.94465864,0.78934586,0.7145437,0.8972941,0.8415484,0.86495644
0.0,0.20258409,0.02224671,0.20306166,0.15366244,0.20289187,0.39428872,-0.044485625,-0.15550089,-0.21631518,-0.2228581,0.2824034,-0.03476654,-0.10691883,-0.5324314,-0.06671851,0.21211706,-0.2765419,0.13144676,-0.17141353,0.1747105,0.8462671,0.9207867,0.84808457,0.90499806,0.78992605,0.667971,0.9374929,0.86987287,0.81049633,0.84907037,0.7355331,0.9381553,0.8899856,0.55203795,0.94857424,0.7833738,0.71034783,0.8917216,0.8405074,0.8614257
1.0,0.20397687,0.023243776,0.20334013,0.15404746,0.20153761,0.3970575,-0.04722639,-0.15855612,-0.21629634,-0.22100046,0.28595358,-0.034165043,-0.10175988,-0.535048,-0.06290813,0.21295987,-0.27942786,0.12833565,-0.16839217,0.17481741,0.8510099,0.91882443,0.8461816,0.90103424,0.7899946,0.66977304,0.9373154,0.87031686,0.814715,0.8519778,0.7350882,0.93944055,0.8873106,0.55579597,0.9458415,0.786261,0.71163565,0.8949503,0.83985716,0.8628064
1.0,0.20472142,0.022977943,0.20273143,0.15450409,0.19876269,0.39859417,-0.04973063,-0.15926942,-0.21579763,-0.21950525,0.2875989,-0.033929475,-0.098700196,-0.5361744,-0.058427595,0.21279901,-0.27990887,0.12490308,-0.16561852,0.17480145,0.85505986,0.91855764,0.84608287,0.89878225,0.78993934,0.6724946,0.93748134,0.8705973,0.81997555,0.8548942,0.73567444,0.94033146,0.8854684,0.55906343,0.9437266,0.7899016,0.7145615,0.8982657,0.84103835,0.86512107
1.0,0.20410287,0.023110645,0.20313963,0.15416661,0.2008247,0.39731443,-0.047779273,-0.1586138,-0.21615928,-0.22067624,0.28622472,-0.034138665,-0.10117093,-0.53522915,-0.061835073,0.21287175,-0.27939168,0.1275447,-0.16776362,0.17481017,0.851904,0.9188431,0.84625065,0.900589,0.78998613,0.67046267,0.9373677,0.87037903,0.81597555,0.85266024,0.7352748,0.9396299,0.8869093,0.55654657,0.94538873,0.78712195,0.7123979,0.89571434,0.8402386,0.86338603
0.0,0.20225751,0.02202961,0.20292999,0.15359598,0.20304002,0.39368492,-0.044053398,-0.15506852,-0.21636146,-0.22307631,0.28178245,-0.03491947,-0.10775761,-0.53199315,-0.067157336,0.21200116,-0.27589023,0.13188773,-0.17180875,0.17469439,0.84551585,0.9210863,0.848455,0.90566546,0.7899322,0.6678592,0.9375004,0.86986876,0.8099255,0.84867674,0.735635,0.93799376,0.890248,0.55156225,0.94890887,0.78295743,0.71025854,0.8913467,0.84076416,0.86128885
0.0,0.20152491,0.021275839,0.20262486,0.15343887,0.20333315,0.39239305,-0.0428053,-0.1531052,-0.2162582,-0.22407272,0.2797892,-0.035281956,-0.110568404,-0.5305157,-0.06869181,0.21140842,-0.2741386,0.13317987,-0.17324388,0.17465028,0.84321505,0.92241853,0.8497491,0.9078727,0.7898182,0.6671961,0.9376679,0.86958593,0.80830175,0.84734565,0.7360811,0.93729275,0.8917079,0.5496756,0.95032626,0.7818602,0.71004164,0.889944,0.84144,0.86087126
1.0,0.20459396,0.023366774,0.20315704,0.15433541,0.20011112,0.39835975,-0.048865475,-0.15955207,-0.21611112,-0.21999523,0.28744954,-0.03393822,-0.09935859,-0.53613126,-0.06020823,0.2131088,-0.28030246,0.12623797,-0.16657762,0.174847,0.8537211,0.9182806,0.8457088,0.8992226,0.7899764,0.67127234,0.93733907,0.8705308,0.817819,0.8538171,0.7352189,0.9401007,0.8859487,0.5579605,0.9443677,0.7883887,0.7131092,0.8970474,0.84018296,0.8640493
1.0,0.2040033,0.023103287,0.20321229,0.15409482,0.20114978,0.39712426,-0.047455594,-0.15839505,-0.21619421,-0.220902,0.2859484,-0.034175664,-0.10164954,-0.53502256,-0.062432997,0.21284395,-0.27928722,0.1279789,-0.16816646,0.17480072,0.8513459,0.918954,0.8463202,0.90095997,0.78997874,0.6700969,0.93736684,0.8703191,0.8152994,0.85225654,0.73523575,0.9394807,0.8872306,0.5560523,0.94570774,0.78667724,0.71205366,0.89525217,0.84012115,0.8631065
0.0,0.20274475,0.022063112,0.20286709,0.15378982,0.202184,0.39475736,-0.045116704,-0.15548494,-0.21619427,-0.22259045,0.28275794,-0.03477093,-0.10637371,-0.5326958,-0.06555831,0.21207418,-0.27656767,0.13058062,-0.17083721,0.17472629,0.8472068,0.9207945,0.8481465,0.90455025,0.7898346,0.6686407,0.937523,0.8699227,0.8117908,0.849766,0.73571515,0.9383323,0.8895664,0.55274236,0.94809884,0.7842548,0.7111369,0.89250934,0.84087455,0.8620413
1.0,0.2039114,0.02294231,0.20303306,0.15415198,0.20084545,0.39695486,-0.047545023,-0.15829752,-0.21616888,-0.22081262,0.28583968,-0.034232877,-0.10170561,-0.53496045,-0.06203161,0.21278113,-0.2789569,0.1277645,-0.16799013,0.17480469,0.8514934,0.9190522,0.84650403,0.9009868,0.7899781,0.67044187,0.93737733,0.8703717,0.81571853,0.8524618,0.73536044,0.93953353,0.88706505,0.55628735,0.94558775,0.7869201,0.71241826,0.89551264,0.84044033,0.8633553
1.0,0.20305637,0.022502394,0.20308977,0.15383467,0.20232883,0.39534757,-0.045527533,-0.15648836,-0.21633244,-0.2222282,0.28368193,-0.034606516,-0.105199516,-0.53341055,-0.06516828,0.21245232,-0.27747023,0.13023715,-0.17034091,0.17476733,0.8480041,0.9201105,0.8474775,0.90361965,0.78987384,0.6687048,0.9374055,0.8700512,0.81213427,0.85016817,0.73540944,0.93862855,0.8889526,0.5533973,0.9475456,0.78446275,0.7109442,0.89296144,0.84038347,0.8620175
1.0,0.20468965,0.023570387,0.2033108,0.15436307,0.20048296,0.3986619,-0.04881864,-0.15990949,-0.21627018,-0.2200745,0.28777605,-0.03390144,-0.0992305,-0.53644764,-0.0604309,0.21337977,-0.28071567,0.12641358,-0.16667235,0.17491312,0.85365987,0.9179965,0.84542567,0.89903414,0.7899117,0.67097914,0.9372411,0.87054724,0.81746566,0.85369253,0.735002,0.9401496,0.8858394,0.5578666,0.94433725,0.78807706,0.712724,0.89693755,0.83980787,0.86379784
1.0,0.2044057,0.023177022,0.20316383,0.154279,0.20046169,0.3981077,-0.04838431,-0.15889645,-0.21613935,-0.22046259,0.2868895,-0.034054175,-0.10041532,-0.5357435,-0.06099122,0.21301547,-0.2799245,0.12683372,-0.16727965,0.1748493,0.8528079,0.91862917,0.8460114,0.89996976,0.78986853,0.6707779,0.9373506,0.8704082,0.81692016,0.8532048,0.7352595,0.9398274,0.88652,0.557099,0.9449224,0.78776807,0.71277946,0.89634556,0.84018385,0.8637379
0.0,0.20443037,0.02263649,0.20262708,0.15440807,0.1989009,0.39804196,-0.049220845,-0.15836129,-0.21571887,-0.2199251,0.28674346,-0.034085143,-0.09990162,-0.53551316,-0.05913476,0.212508,-0.27918157,0.12544747,-0.16629602,0.17475778,0.85409826,0.9191072,0.8466025,0.8997148,0.7898913,0.6721881,0.93755776,0.87046516,0.8192185,0.85431993,0.73586434,0.9400047,0.8861323,0.55823123,0.9443365,0.78942555,0.71445715,0.89758795,0.8413075,0.8649497
1.0,0.20452869,0.02277976,0.20274943,0.15440434,0.19906095,0.39822596,-0.049227018,-0.15854558,-0.21574989,-0.2199356,0.2869295,-0.034027837,-0.099714175,-0.53565145,-0.059282094,0.21258716,-0.27948335,0.12550995,-0.16631274,0.1747688,0.85413724,0.9189789,0.84641683,0.89956164,0.78989893,0.67201746,0.9375411,0.870448,0.819076,0.854276,0.73576003,0.9400201,0.88614476,0.55820274,0.9443368,0.7893349,0.71425325,0.8975185,0.8410773,0.86481833
1.0,0.20363322,0.022233116,0.20265017,0.15412056,0.20014223,0.396436,-0.047425658,-0.15681675,-0.21581724,-0.22109488,0.28475976,-0.03441812,-0.10288663,-0.5340566,-0.061889462,0.21212971,-0.2777856,0.12763578,-0.16830625,0.17470877,0.8510583,0.92004764,0.84745276,0.9019798,0.7899023,0.670764,0.93760914,0.8701926,0.81609774,0.8523588,0.7359312,0.93920577,0.88776565,0.55581564,0.9460667,0.7872919,0.71320575,0.8953466,0.8413323,0.8638028
1.0,0.20464385,0.02246519,0.20237604,0.15454358,0.19783707,0.39842078,-0.050050344,-0.15843329,-0.2154881,-0.21939796,0.28713304,-0.03400494,-0.098967955,-0.5357393,-0.05760178,0.21234527,-0.27916107,0.12424624,-0.16535577,0.17473052,0.8554304,0.9191465,0.84670043,0.8990815,0.78988636,0.6731936,0.9376555,0.8705431,0.8210852,0.85531026,0.7361479,0.9402732,0.8855984,0.55931556,0.9436589,0.7907422,0.71557474,0.89871705,0.8418359,0.8658116
0.0,0.20437253,0.023195723,0.20318389,0.15423349,0.20055418,0.3979386,-0.048254173,-0.15884906,-0.2161113,-0.22049433,0.28675133,-0.0340494,-0.100510105,-0.5356121,-0.06122326,0.21295841,-0.2798597,0.12699862,-0.16737527,0.17482768,0.85263395,0.9186652,0.8460399,0.9000735,0.7899141,0.67067957,0.9373666,0.8703863,0.81669456,0.8530817,0.7352595,0.9397733,0.88664585,0.55698335,0.9450384,0.78764033,0.7126621,0.8961808,0.8401549,0.86363995
1.0,0.20331928,0.022470245,0.20292673,0.15395412,0.20142108,0.39577883,-0.04636204,-0.15683489,-0.21612853,-0.22165215,0.2842403,-0.034500096,-0.10400055,-0.5337527,-0.06374216,0.21234842,-0.27769712,0.12911484,-0.16937096,0.17473969,0.84940815,0.91996795,0.84736025,0.9027684,0.7899432,0.66962147,0.93747914,0.87014365,0.81384885,0.85116595,0.7355844,0.9389245,0.88833344,0.554575,0.94683397,0.78568256,0.7118658,0.8940385,0.84073204,0.8627625
1.0,0.20294926,0.022417339,0.20305409,0.1538069,0.20237833,0.39510617,-0.045336045,-0.15625057,-0.21631214,-0.22234231,0.28339309,-0.03464643,-0.10555731,-0.5331869,-0.06541664,0.2123572,-0.27722493,0.13044006,-0.17052971,0.17475255,0.8476816,0.9202799,0.84763867,0.9039079,0.78988785,0.6686154,0.93743277,0.8700169,0.811883,0.8499826,0.7354641,0.9385347,0.88915324,0.5531578,0.947743,0.7842966,0.71089464,0.892749,0.84046865,0.86194557
0.0,0.20285743,0.02207729,0.20274927,0.15385872,0.20170675,0.39492887,-0.045600757,-0.1558733,-0.2161417,-0.22218138,0.2831524,-0.034730535,-0.10559289,-0.53297216,-0.06465436,0.21210356,-0.2766755,0.12992895,-0.1702049,0.1747216,0.84805405,0.92057717,0.84802485,0.9039787,0.7898853,0.669246,0.9375168,0.87004167,0.81277436,0.85039157,0.73577094,0.93856376,0.8890192,0.5535512,0.9475715,0.78492033,0.7116504,0.89321727,0.8410778,0.862473
1.0,0.20409974,0.023132196,0.20315094,0.15416697,0.20085733,0.39734733,-0.0477966,-0.15869081,-0.2161951,-0.2206567,0.28628826,-0.034144543,-0.10112457,-0.5352899,-0.06180623,0.21292031,-0.27943334,0.12753303,-0.1677473,0.17481878,0.85192674,0.9187859,0.84620667,0.9005504,0.7899796,0.67046696,0.937347,0.8704007,0.8159678,0.85267216,0.73524576,0.93965334,0.8868398,0.55657524,0.945342,0.78710747,0.7123741,0.8957482,0.8402126,0.8633794
1.0,0.2026996,0.022556556,0.20324002,0.15366831,0.20323218,0.39447635,-0.044500582,-0.15612671,-0.21647096,-0.22274643,0.2828424,-0.034680896,-0.10645299,-0.5328002,-0.06685401,0.21240105,-0.27703416,0.13154545,-0.17131886,0.17474942,0.84639925,0.92035276,0.8476748,0.90460116,0.78995544,0.66779727,0.93739015,0.869947,0.8102555,0.8490744,0.73527753,0.93828636,0.88971215,0.55219567,0.94838744,0.7831587,0.7099697,0.8917403,0.8401006,0.8612037
1.0,0.20327199,0.022390718,0.20285039,0.15395004,0.20125513,0.3956303,-0.046386756,-0.1567361,-0.21606964,-0.22159445,0.28411567,-0.03451574,-0.10401626,-0.5336341,-0.063613646,0.21224615,-0.27751446,0.1290298,-0.16929458,0.17471766,0.8494574,0.9200639,0.8474706,0.9028159,0.78998137,0.6697807,0.9375147,0.87014884,0.814028,0.85124534,0.73567075,0.9389203,0.8883324,0.5546672,0.94682,0.7858211,0.7120401,0.89411986,0.8408993,0.86287826
1.0,0.20347553,0.022491155,0.20290725,0.15402538,0.20115606,0.3961649,-0.046723686,-0.15701571,-0.21610525,-0.22148794,0.28460276,-0.03445624,-0.10353476,-0.5340308,-0.063185185,0.21241418,-0.27794093,0.1286718,-0.16903879,0.17475882,0.84997267,0.91984296,0.8472419,0.9023882,0.78989565,0.6698826,0.93747175,0.87017685,0.8144702,0.85153115,0.7355943,0.93905497,0.888062,0.5549733,0.9465331,0.7861007,0.71214813,0.8944539,0.84075737,0.8630089
1.0,0.20404139,0.02283389,0.20292667,0.154201,0.20029607,0.3971917,-0.04796601,-0.15820563,-0.21600226,-0.22059456,0.28598827,-0.034191284,-0.10127859,-0.53501165,-0.061325073,0.21262859,-0.27897072,0.12717038,-0.16757797,0.17477246,0.85214233,0.919149,0.8465754,0.90071446,0.78997904,0.6708899,0.9374584,0.87036806,0.81662863,0.8529248,0.7355315,0.9396188,0.8869219,0.5567477,0.94532496,0.7876033,0.7129762,0.8960033,0.8407032,0.8637815
1.0,0.20371005,0.022593567,0.20286873,0.15410817,0.2006764,0.39658526,-0.04731713,-0.15749523,-0.21603563,-0.22106022,0.28518462,-0.03435284,-0.10253292,-0.53443575,-0.0622408,0.2124745,-0.2783133,0.12792747,-0.16833882,0.17475791,0.85099614,0.91957057,0.84700024,0.9016516,0.7899337,0.6704294,0.93747604,0.87027043,0.8155595,0.85221475,0.7356107,0.93931276,0.88752496,0.5558277,0.9459624,0.7868608,0.7126286,0.89521486,0.8408258,0.86343247
1.0,0.20345235,0.022572996,0.2029684,0.15400434,0.20138207,0.39612442,-0.046598934,-0.15713711,-0.21618068,-0.22153717,0.2846262,-0.034458775,-0.10359348,-0.53407085,-0.06342244,0.21250549,-0.27801415,0.12886858,-0.16915306,0.17477188,0.84979296,0.9197453,0.84715784,0.90241605,0.789898,0.6697148,0.9374302,0.8701907,0.81414807,0.85138637,0.73550296,0.9390477,0.88806415,0.55485123,0.946583,0.7858602,0.7119154,0.89430666,0.84061366,0.8628427
1.0,0.20371467,0.022714404,0.20298319,0.15409353,0.20103255,0.39666635,-0.047159232,-0.157642,-0.21615747,-0.22118443,0.28527683,-0.034353063,-0.10264453,-0.53455144,-0.06259472,0.21263838,-0.2785024,0.128204,-0.1685474,0.17479205,0.8507395,0.9194276,0.846856,0.90168524,0.78989303,0.6701232,0.9374084,0.8702711,0.8150776,0.8519851,0.73546106,0.93929344,0.88755643,0.5555903,0.94605064,0.7864951,0.7122638,0.89498,0.8405649,0.8631748
1.0,0.20377555,0.022575585,0.20289354,0.15407959,0.20051579,0.3966276,-0.047404133,-0.15735531,-0.21590933,-0.22101715,0.2851317,-0.034303565,-0.102407664,-0.53432393,-0.062212184,0.21231373,-0.2783584,0.12780814,-0.16828085,0.1747137,0.85112727,0.919697,0.8470291,0.90163165,0.78998435,0.6704704,0.9375581,0.87021136,0.81574076,0.85227877,0.7356882,0.93927324,0.8876812,0.55585474,0.9460019,0.7870664,0.7127423,0.8952307,0.84086573,0.86351275
1.0,0.20420322,0.02310956,0.20309888,0.15422317,0.20059271,0.39761278,-0.048088588,-0.15877134,-0.21615985,-0.22052583,0.28652304,-0.034123518,-0.10080242,-0.535468,-0.061314926,0.21294333,-0.27954686,0.12715548,-0.16747196,0.17482759,0.85237366,0.91873246,0.8461723,0.90029174,0.78993803,0.6707213,0.93735033,0.87042755,0.81651735,0.85297877,0.73528963,0.9397509,0.88663185,0.5568991,0.94510543,0.78748137,0.7126633,0.89610225,0.8402999,0.86361545
0.0,0.20386097,0.022239232,0.20249414,0.15427598,0.19942446,0.39689216,-0.048157595,-0.15727288,-0.21574348,-0.22060075,0.28538036,-0.03433438,-0.101852566,-0.534522,-0.060563676,0.21220146,-0.27802143,0.12665503,-0.16743332,0.1747316,0.85229135,0.9198001,0.84730464,0.90117955,0.78989357,0.67156535,0.9376058,0.870322,0.8175918,0.85324246,0.7360173,0.93952984,0.88705987,0.55688286,0.94535106,0.7882763,0.71397144,0.896366,0.8415834,0.8644332
1.0,0.2036204,0.0226062,0.20297179,0.15404019,0.2010713,0.3964022,-0.046927884,-0.15724656,-0.21607262,-0.22134873,0.28487873,-0.034377724,-0.10308592,-0.5342101,-0.06297898,0.21244577,-0.27824128,0.12845695,-0.16881897,0.17475384,0.8503399,0.9197051,0.847064,0.90206504,0.78992385,0.66995966,0.9374801,0.87018424,0.81475526,0.8517295,0.7355537,0.9391354,0.8879355,0.5552292,0.94636387,0.7863232,0.7121968,0.89464825,0.84064865,0.863078
0.0,0.20222041,0.021584427,0.20267114,0.15367156,0.20244922,0.39378208,-0.044226248,-0.1542455,-0.21614987,-0.2232345,0.28140545,-0.03501705,-0.1082546,-0.5316947,-0.06666706,0.2116964,-0.27537262,0.13152084,-0.1718186,0.17469229,0.84560674,0.9216319,0.84897786,0.9060251,0.7897891,0.6681825,0.9376196,0.86975616,0.81058615,0.848842,0.73598254,0.93787,0.89050865,0.5514858,0.94904345,0.7834304,0.71092284,0.89152294,0.84130347,0.86171514
1.0,0.2033183,0.02266317,0.20314085,0.15391898,0.20208324,0.39587557,-0.046001684,-0.15696141,-0.21631786,-0.22194669,0.28429103,-0.03449505,-0.104352295,-0.5338633,-0.064524464,0.2125894,-0.27798444,0.1297008,-0.16984542,0.17479174,0.848816,0.91980433,0.84716266,0.9029479,0.7898666,0.66898674,0.93738234,0.8701066,0.8128715,0.85065913,0.7353396,0.9388371,0.88853925,0.5540063,0.9471076,0.784961,0.7111726,0.8934931,0.84026176,0.8622544
1.0,0.20350003,0.022882877,0.20328824,0.15392151,0.20215215,0.39619195,-0.046186663,-0.1573644,-0.21633613,-0.22180119,0.2846912,-0.03438834,-0.10379186,-0.5341442,-0.064442836,0.2127063,-0.2784691,0.12956096,-0.1696494,0.17479765,0.8491679,0.9195429,0.8468466,0.9025362,0.78990245,0.668947,0.93736213,0.87012273,0.8129948,0.85080606,0.7352083,0.93893576,0.8883785,0.5542401,0.94692117,0.7850685,0.7110469,0.89363354,0.8399886,0.8622151
1.0,0.20515072,0.023687387,0.20309989,0.15454957,0.19908983,0.39943358,-0.050223015,-0.16082473,-0.21602693,-0.21901563,0.28891057,-0.03368095,-0.0969785,-0.5371926,-0.05802902,0.21336094,-0.28127962,0.124547035,-0.16491786,0.17487907,0.85607356,0.9175815,0.8450909,0.89747435,0.790041,0.6724772,0.9373175,0.8707669,0.8203126,0.8553726,0.73519546,0.9407419,0.8846376,0.55993366,0.94301504,0.7900932,0.7141292,0.8988655,0.840246,0.8649613
1.0,0.20334679,0.022631658,0.20308241,0.153925,0.20183972,0.39589614,-0.04619126,-0.15701103,-0.21625483,-0.22178617,0.2843632,-0.034483828,-0.10408418,-0.5338852,-0.06417646,0.21252733,-0.27796474,0.12943006,-0.16960827,0.17476991,0.8491321,0.919799,0.8471713,0.9027881,0.78990436,0.66924447,0.93741024,0.87013596,0.8132862,0.8508982,0.7354073,0.9388987,0.8883963,0.55429506,0.9469392,0.7852744,0.7114246,0.8937559,0.84039944,0.86245394
0.0,0.20286533,0.022116406,0.2027809,0.15385616,0.20176533,0.39495122,-0.045588665,-0.1559368,-0.21616486,-0.22218111,0.2831952,-0.0347211,-0.1055588,-0.5330091,-0.064706445,0.2121348,-0.27674195,0.12996233,-0.17021771,0.17472507,0.84804076,0.92053586,0.84797204,0.9039504,0.78989166,0.6692003,0.9375072,0.87004656,0.8127091,0.8503683,0.73573637,0.93857175,0.88900816,0.5535377,0.94756836,0.7848726,0.711584,0.89319354,0.84101856,0.8624295
1.0,0.20369464,0.022900129,0.20321588,0.15401277,0.20166802,0.39660478,-0.046730135,-0.15766272,-0.21626681,-0.22147092,0.28516495,-0.03432565,-0.10302092,-0.5344838,-0.063538894,0.21274072,-0.27872488,0.12886189,-0.16906144,0.1748051,0.85006154,0.9193714,0.84670514,0.9019505,0.78989565,0.6694592,0.93737006,0.8701931,0.8140225,0.8514185,0.73526233,0.9391453,0.8879282,0.5549573,0.9464368,0.78577584,0.7115537,0.8943205,0.84012145,0.86264116
1.0,0.20365527,0.022778915,0.20304677,0.15403748,0.20125611,0.39647004,-0.04695294,-0.15766665,-0.2161847,-0.2212432,0.28514898,-0.034351464,-0.10278122,-0.5344434,-0.062973455,0.212633,-0.27848226,0.12848504,-0.16871656,0.17477864,0.8504467,0.919417,0.8468291,0.9018169,0.78994715,0.6699264,0.93740356,0.8702595,0.8146579,0.8517703,0.7354056,0.93923616,0.8876842,0.5553922,0.9461984,0.7862216,0.7120097,0.8947289,0.8404553,0.8629787
1.0,0.2038858,0.022284633,0.202549,0.1542368,0.19949059,0.3968809,-0.048118062,-0.1572641,-0.2157138,-0.22061121,0.28535998,-0.034311477,-0.1018206,-0.5344754,-0.060713276,0.21216404,-0.2780912,0.12672643,-0.16748226,0.17471083,0.8522442,0.91980517,0.8472689,0.9011889,0.78992414,0.6714697,0.9376246,0.8702959,0.8174672,0.85317856,0.7360037,0.9394978,0.88715893,0.5568125,0.94541353,0.78823316,0.7138746,0.8962666,0.84151024,0.86436254
1.0,0.20401695,0.022730159,0.202847,0.15423703,0.20018135,0.39721677,-0.048008192,-0.15806684,-0.2159966,-0.22062951,0.28594047,-0.03422925,-0.10141547,-0.5349996,-0.06116271,0.2126188,-0.27883434,0.12708138,-0.16757123,0.17478608,0.85216457,0.91922504,0.846688,0.90078306,0.78992033,0.67098546,0.9374564,0.8703696,0.8167822,0.8529759,0.73559153,0.93961746,0.8868995,0.556756,0.9453085,0.7876815,0.71313083,0.8960787,0.8408314,0.8638842
1.0,0.2034727,0.022452956,0.20292619,0.15400368,0.20116335,0.39612654,-0.04664742,-0.15681455,-0.21604693,-0.22157538,0.28445238,-0.03444883,-0.10370082,-0.5338898,-0.06336605,0.21231459,-0.27789176,0.12876245,-0.16916406,0.17474018,0.8498278,0.9199824,0.84731835,0.90253645,0.78990203,0.6697787,0.9375167,0.87011606,0.81434935,0.85142004,0.7356367,0.93897474,0.88827705,0.5547931,0.9466885,0.78605294,0.71211463,0.8942957,0.8407622,0.8629645
1.0,0.20327973,0.022674588,0.20309968,0.15391448,0.20201051,0.39570293,-0.04600869,-0.15707457,-0.21630618,-0.22183424,0.2842651,-0.03449105,-0.10422523,-0.5338292,-0.06443274,0.2125618,-0.27789754,0.12966104,-0.1697194,0.17477863,0.8488908,0.91976845,0.84716386,0.9028812,0.78993666,0.6691267,0.93738693,0.8701461,0.81297857,0.850747,0.73535544,0.9388781,0.8884332,0.5541786,0.9470328,0.7850302,0.71124345,0.8935904,0.8403374,0.86230654
1.0,0.20315969,0.022193843,0.2027972,0.15394318,0.2013348,0.39554378,-0.04615964,-0.1562134,-0.21606028,-0.22189695,0.2837481,-0.034604453,-0.10471824,-0.53338665,-0.06392275,0.2121594,-0.277204,0.12927741,-0.16968209,0.1747283,0.8489672,0.92036396,0.8477504,0.90330875,0.78987193,0.66957045,0.9375362,0.8700635,0.81367725,0.85093933,0.7357595,0.93875235,0.8886838,0.5541673,0.94714344,0.78557086,0.7119954,0.89379007,0.8410081,0.8627933
1.0,0.20349792,0.02296753,0.20328273,0.15391728,0.20210545,0.39606407,-0.046237182,-0.15764631,-0.21634308,-0.22162095,0.2847851,-0.03435632,-0.103476346,-0.5341977,-0.06431506,0.21272449,-0.278503,0.12948658,-0.16944256,0.17478834,0.8493472,0.9194037,0.8467464,0.902334,0.7899974,0.6691013,0.9373523,0.87018377,0.8131366,0.85094744,0.7351776,0.93901974,0.8881816,0.5545188,0.9467685,0.7851597,0.71107876,0.8937926,0.83999276,0.8622557
1.0,0.20363033,0.02268101,0.20298849,0.15405527,0.2011767,0.39648986,-0.04696732,-0.15749472,-0.21617141,-0.22130021,0.28507406,-0.03438816,-0.10294807,-0.53440106,-0.06289016,0.21260585,-0.27835867,0.12843919,-0.1687564,0.17478473,0.8504178,0.91951215,0.8469403,0.9019219,0.7898943,0.66996944,0.93740946,0.8702472,0.81473505,0.8517747,0.7354631,0.93921196,0.88771963,0.5553382,0.94622463,0.7862652,0.71211976,0.8947451,0.8405598,0.86304736
0.0,0.2023753,0.021932593,0.20294595,0.15362456,0.2029107,0.39402226,-0.04416155,-0.1547111,-0.2162582,-0.22323135,0.28177422,-0.034902345,-0.10789989,-0.53197014,-0.06710879,0.21190794,-0.27597836,0.13176683,-0.17190725,0.17469876,0.8455809,0.92128676,0.8485523,0.9057467,0.78982574,0.6677695,0.9375573,0.8697588,0.8100847,0.8486691,0.7357181,0.93790996,0.8905003,0.55138165,0.94903743,0.78310996,0.71037525,0.8912998,0.8407717,0.8613623
1.0,0.20390847,0.022142267,0.20239294,0.15427878,0.198993,0.39694005,-0.048459157,-0.15721937,-0.2156159,-0.2203772,0.2854334,-0.034319032,-0.101518765,-0.53450227,-0.060014263,0.21206371,-0.27793717,0.12620439,-0.16709614,0.17469119,0.8527638,0.91987044,0.8473854,0.90100867,0.7899259,0.67196983,0.9376687,0.87034535,0.81827575,0.85360193,0.7361643,0.93960047,0.8869135,0.5572712,0.9451231,0.78880787,0.7144204,0.8967657,0.84184104,0.86477816
0.0,0.2028985,0.02246303,0.20308806,0.15381718,0.20263024,0.39506212,-0.04516229,-0.1563234,-0.2164239,-0.22245693,0.28338248,-0.034672014,-0.10576989,-0.53323686,-0.065672174,0.2124875,-0.2772288,0.13068444,-0.17070456,0.17478953,0.84740865,0.92020375,0.84760094,0.90400726,0.7898464,0.66842407,0.93737125,0.8700319,0.8115103,0.8497931,0.73537016,0.93852216,0.8891579,0.552966,0.94782436,0.7839779,0.7106571,0.8925715,0.84034395,0.8617636
1.0,0.20336995,0.021866092,0.20245336,0.15407693,0.20002608,0.3960289,-0.047178738,-0.1561054,-0.2157596,-0.22132626,0.28412426,-0.03458251,-0.103755906,-0.5335851,-0.062039427,0.21191113,-0.2770696,0.12781103,-0.16864878,0.17468907,0.8505103,0.92049503,0.84795403,0.90266806,0.7898306,0.6708009,0.9376604,0.87013984,0.8158967,0.85210896,0.73615444,0.93901503,0.8880866,0.5553868,0.94637305,0.78716373,0.71340567,0.8951106,0.84174603,0.8638811
1.0,0.20444557,0.022782741,0.20279865,0.1543881,0.19940679,0.3981591,-0.04895492,-0.15844625,-0.21585363,-0.22016993,0.2867943,-0.034081277,-0.1001599,-0.53560436,-0.059740648,0.21267925,-0.27943656,0.12589484,-0.16666906,0.17480011,0.8536569,0.9189897,0.8464375,0.89983255,0.78983593,0.6716851,0.93748933,0.870422,0.8184714,0.8539346,0.73567575,0.9399263,0.88630944,0.55779076,0.9445647,0.78887475,0.7139204,0.8971527,0.84093523,0.86455584
1.0,0.20453373,0.023234466,0.20311181,0.15430754,0.20003144,0.39818162,-0.048750702,-0.15917578,-0.21601352,-0.22010398,0.28713632,-0.033961948,-0.0996909,-0.53585696,-0.060376287,0.21292537,-0.28005332,0.12633143,-0.16673976,0.17481247,0.85350156,0.91853434,0.84591544,0.8995057,0.789985,0.6712309,0.93740714,0.87046033,0.81772774,0.8536925,0.7353344,0.93998414,0.88623023,0.55773836,0.94457614,0.78836924,0.7131786,0.89686346,0.84032273,0.8640622
1.0,0.20361105,0.022831215,0.20321177,0.15398279,0.20178907,0.39646792,-0.046543866,-0.15742697,-0.21627244,-0.22162685,0.2849356,-0.034369227,-0.103402674,-0.53431785,-0.06382782,0.21269405,-0.27855924,0.12908596,-0.16930613,0.1748,0.8497182,0.91950744,0.84682834,0.90223706,0.7898707,0.66929334,0.937379,0.8701533,0.81369466,0.8511938,0.73528504,0.9390457,0.88813704,0.5546514,0.9466404,0.78555626,0.7114388,0.89407027,0.8401389,0.8625297
1.0,0.2032552,0.02279714,0.20328382,0.15384933,0.20256308,0.39572892,-0.045663662,-0.15703292,-0.21642652,-0.222119,0.28418893,-0.03449492,-0.10463561,-0.5338081,-0.06518961,0.21268962,-0.27807155,0.13019769,-0.17019823,0.17480016,0.8482948,0.9197276,0.84706414,0.9031572,0.7898797,0.6685497,0.93733567,0.8700857,0.812081,0.8502498,0.7351893,0.93875,0.8887346,0.55358464,0.94734895,0.7844107,0.71065724,0.8930438,0.83997405,0.86186856
0.0,0.20183435,0.0217319,0.20286497,0.15348962,0.2035702,0.3929059,-0.043112345,-0.15406144,-0.2164003,-0.22377792,0.28065473,-0.0351084,-0.10953009,-0.53119135,-0.06848523,0.21178907,-0.27501896,0.13297513,-0.17285883,0.17468934,0.8438769,0.92173624,0.8490831,0.9070033,0.7898518,0.66714674,0.9375423,0.86969733,0.80845433,0.8476449,0.7357512,0.9375597,0.89118135,0.5502126,0.94986206,0.781925,0.70974505,0.8902409,0.8408929,0.8607596
1.0,0.20386562,0.022646552,0.20283978,0.15416524,0.20035668,0.39687076,-0.04769716,-0.15776256,-0.21598291,-0.22080427,0.28554386,-0.034286793,-0.10192199,-0.53468513,-0.06163583,0.21250395,-0.27854204,0.12744668,-0.1679026,0.17475884,0.8516439,0.91942,0.84686553,0.90119976,0.78994673,0.67077285,0.9374833,0.8703203,0.8162676,0.8526462,0.7356317,0.9394689,0.8872071,0.5563529,0.9456135,0.7873552,0.71294934,0.8956946,0.8408774,0.8637094
1.0,0.2031849,0.022703605,0.2031711,0.1538398,0.20224948,0.3954012,-0.04570256,-0.15693966,-0.21629858,-0.2219609,0.2839707,-0.034487687,-0.104539245,-0.53357637,-0.06499531,0.21247011,-0.27778646,0.13005118,-0.17000271,0.17474978,0.8484237,0.9198823,0.84721565,0.9031745,0.79001147,0.6688501,0.9374182,0.8700923,0.8124197,0.8504165,0.7353346,0.93875223,0.88873595,0.5538188,0.9473192,0.784682,0.7109515,0.89319205,0.8402492,0.8620643
1.0,0.20354137,0.022362133,0.20280002,0.15404907,0.20072195,0.39626244,-0.047000613,-0.15684527,-0.21595362,-0.22134867,0.28460908,-0.03444187,-0.10331689,-0.5339805,-0.062690064,0.21224889,-0.27784747,0.12825637,-0.16877075,0.1747259,0.8503886,0.9199825,0.8473674,0.90227294,0.7899,0.6702264,0.9375475,0.8701613,0.8151241,0.85184664,0.73576003,0.9390862,0.8880154,0.55526936,0.94638836,0.7866029,0.712594,0.89477915,0.8410132,0.86333776
0.0,0.203489,0.022210458,0.20262256,0.15412602,0.20038459,0.3962343,-0.04718798,-0.15682289,-0.21594909,-0.22122481,0.28462595,-0.03449352,-0.10326211,-0.5340272,-0.062145725,0.21224312,-0.277603,0.12793046,-0.16852196,0.17474656,0.8506677,0.9200178,0.8475049,0.90220183,0.78986555,0.6706235,0.9375389,0.8702287,0.81567276,0.85213375,0.7358674,0.9391772,0.8877496,0.5555938,0.9461722,0.78691995,0.7130051,0.895151,0.84131354,0.8636392
1.0,0.20245871,0.0222203,0.20303783,0.15363032,0.20303288,0.39403132,-0.04428795,-0.1554507,-0.21636626,-0.22292331,0.28221208,-0.034816056,-0.10718745,-0.53230536,-0.06694929,0.2121218,-0.2763447,0.13167286,-0.17156442,0.17470849,0.845958,0.9208218,0.84816307,0.9052089,0.78994346,0.6678891,0.93747395,0.86989,0.81018335,0.848896,0.7355241,0.93811226,0.8900398,0.55186933,0.94868267,0.783139,0.71022415,0.8915555,0.84053826,0.8613145
1.0,0.20285282,0.022340572,0.20303743,0.15377855,0.20248146,0.39491084,-0.045122437,-0.15599525,-0.21630502,-0.22249845,0.2831155,-0.03468788,-0.105963245,-0.5329798,-0.06572414,0.2122845,-0.27701184,0.13068299,-0.1707714,0.17474554,0.84731144,0.92044413,0.84779084,0.9042197,0.7898778,0.6684607,0.9374509,0.86997193,0.8115563,0.8497501,0.73550177,0.9384276,0.8893853,0.55285037,0.9479706,0.78407586,0.7107917,0.8924877,0.84051067,0.8618345
0.0,0.20310459,0.021816837,0.20249839,0.15399128,0.20057331,0.3954555,-0.046491094,-0.1557284,-0.2158415,-0.22173586,0.28349996,-0.034673586,-0.10473916,-0.53314626,-0.06310079,0.21185167,-0.27667212,0.12867206,-0.16934535,0.17468925,0.8494085,0.92073166,0.8481695,0.90339285,0.7898516,0.6702264,0.9376513,0.8700585,0.814689,0.85138273,0.736109,0.93876266,0.888616,0.55454946,0.94697815,0.7863063,0.7128357,0.89429086,0.84164596,0.86338395
0.0,0.201561,0.021586573,0.2028433,0.15338725,0.20387536,0.3923338,-0.04254385,-0.15351588,-0.21640173,-0.22412264,0.27994835,-0.03520599,-0.110483274,-0.53065383,-0.069312006,0.21161135,-0.2744957,0.1336268,-0.17343846,0.17465901,0.84291285,0.92212117,0.8494352,0.90778714,0.7898736,0.66675305,0.93758994,0.86960495,0.80757135,0.84703845,0.73582697,0.937302,0.89173955,0.5494572,0.9504182,0.7813421,0.7094287,0.8895885,0.8409782,0.8604414
1.0,0.2039237,0.022738157,0.20302097,0.15414855,0.20080905,0.39712602,-0.047469933,-0.15765467,-0.21607494,-0.22112322,0.28556573,-0.034277342,-0.10228379,-0.5347457,-0.06224247,0.21263018,-0.27881488,0.12784472,-0.16834249,0.17479765,0.8511991,0.91940904,0.84676147,0.9013958,0.78983504,0.6702213,0.937443,0.87022734,0.8155682,0.85223687,0.7354865,0.939346,0.8875181,0.5557951,0.94590366,0.7868622,0.71246475,0.89522386,0.84051573,0.8633477
1.0,0.20440966,0.023000231,0.20299086,0.15430954,0.19994071,0.39800838,-0.048617143,-0.15867531,-0.21596411,-0.22029254,0.28676742,-0.0340527,-0.10026622,-0.5355905,-0.060459748,0.21278958,-0.27964804,0.12642455,-0.16697471,0.17480391,0.8531898,0.9188328,0.84622896,0.89991736,0.78991026,0.671221,0.937443,0.8704073,0.81763685,0.8535432,0.7354771,0.9398602,0.8864706,0.5574433,0.9447889,0.7883036,0.7133184,0.8966945,0.84056205,0.8641161
1.0,0.2048198,0.023318915,0.20295231,0.15445676,0.19918218,0.39876133,-0.0497002,-0.1598962,-0.21594158,-0.21940887,0.28799874,-0.03385093,-0.09821756,-0.53648734,-0.05869668,0.21304667,-0.28044653,0.1250876,-0.16557509,0.17482308,0.85511017,0.91814524,0.84565127,0.8984292,0.7900119,0.67223644,0.9373953,0.87065476,0.8195899,0.8548218,0.7354092,0.9404244,0.88527167,0.55914396,0.94361037,0.78963524,0.7140809,0.89820343,0.8405881,0.8648257
1.0,0.203509,0.022529537,0.2029405,0.15404645,0.20125873,0.39629278,-0.04671585,-0.15707701,-0.21615696,-0.22154212,0.28470218,-0.03445422,-0.10355304,-0.5341377,-0.06322856,0.21250664,-0.27804893,0.12871395,-0.1690877,0.17478587,0.8499479,0.9197723,0.8471811,0.9023539,0.78984505,0.66978925,0.9374361,0.8701773,0.8143782,0.85149056,0.7355363,0.9390655,0.88803595,0.55491924,0.9465295,0.7860073,0.7120523,0.894421,0.8406568,0.86294556
1.0,0.20437741,0.023032418,0.20302482,0.15431836,0.2001519,0.39802402,-0.048494685,-0.15872031,-0.21605614,-0.22040099,0.28677946,-0.034077838,-0.10044272,-0.53564847,-0.060659677,0.21290044,-0.2796813,0.12661268,-0.16713122,0.17483632,0.852978,0.91877097,0.84618926,0.8999941,0.78986496,0.6710506,0.937392,0.87041396,0.81733257,0.85338813,0.7353977,0.93984383,0.8864782,0.5572727,0.9448575,0.7880468,0.7131213,0.8965457,0.8404494,0.86396945
1.0,0.20281228,0.021977423,0.2027144,0.15382895,0.20158465,0.39477944,-0.04554806,-0.15559424,-0.21603924,-0.22222006,0.28290504,-0.034736916,-0.105765074,-0.53273684,-0.064736634,0.2119195,-0.27649155,0.12994969,-0.17027207,0.17468408,0.84794676,0.92079747,0.8481826,0.9041684,0.78992695,0.66926545,0.93759286,0.86998516,0.8127926,0.8503399,0.73588127,0.93847865,0.8892358,0.5534382,0.94771737,0.784986,0.7117518,0.89312446,0.84121346,0.86251915
1.0,0.20356163,0.022741964,0.20305999,0.15400717,0.20145072,0.39628688,-0.04670649,-0.1574817,-0.21621165,-0.22141406,0.28491133,-0.034389727,-0.10318346,-0.5342784,-0.06335941,0.21260945,-0.27832747,0.12879254,-0.16899456,0.17477976,0.85003245,0.919523,0.846927,0.9021091,0.7899349,0.6697068,0.9374011,0.8702224,0.8142168,0.85149527,0.7353976,0.93913436,0.88789934,0.55505407,0.94642985,0.78590983,0.7118131,0.8944197,0.8404259,0.8628044
0.0,0.20271108,0.021937346,0.2027182,0.15382329,0.2018294,0.39465165,-0.045287207,-0.15543497,-0.2161172,-0.2224335,0.2827075,-0.034793418,-0.10623601,-0.53263855,-0.06510972,0.21196973,-0.27634162,0.13028073,-0.17057833,0.17471068,0.84749216,0.92087114,0.84827864,0.9044728,0.7898679,0.66901815,0.9375586,0.8699605,0.81231207,0.85004276,0.7358468,0.9383903,0.8894043,0.5530683,0.9479367,0.784609,0.71152586,0.89282066,0.84116393,0.8623227
1.0,0.20356765,0.022711584,0.20305961,0.15400314,0.20143211,0.39631814,-0.04670745,-0.15738061,-0.21618855,-0.22145319,0.2848705,-0.034393005,-0.10325213,-0.5342405,-0.06338225,0.21257623,-0.27831414,0.12879129,-0.16903754,0.17477389,0.850005,0.9195839,0.84696496,0.9021642,0.7899188,0.6696802,0.9374176,0.87019837,0.814213,0.85147095,0.7354221,0.9391056,0.8879737,0.55498815,0.94647497,0.7859216,0.7118301,0.89438367,0.8404405,0.86281127
1.0,0.20398635,0.022558777,0.2027084,0.15425202,0.1998269,0.3971283,-0.048140667,-0.15781963,-0.21588111,-0.22055453,0.28579044,-0.03425502,-0.10144213,-0.534852,-0.06081958,0.21245307,-0.27856684,0.1268237,-0.16742478,0.17475715,0.852347,0.91941416,0.84689504,0.900843,0.7899244,0.67127913,0.9375192,0.8703628,0.8172292,0.85316527,0.73576176,0.9396138,0.88690156,0.5569167,0.9452539,0.78801703,0.71351403,0.89628226,0.8411318,0.86414886
1.0,0.20361567,0.022977931,0.20328405,0.15398407,0.20202933,0.39648095,-0.04647715,-0.15775585,-0.21639106,-0.22160032,0.2851084,-0.034354456,-0.10327257,-0.53448915,-0.06395732,0.21287051,-0.27873388,0.12922369,-0.1693102,0.17483102,0.8496697,0.9192784,0.84664416,0.90210265,0.78988063,0.66918117,0.93730533,0.8702079,0.8134555,0.85113627,0.7351411,0.9391074,0.887979,0.55468214,0.94657207,0.785342,0.7111965,0.89403665,0.8399431,0.8623726
1.0,0.20388371,0.022825273,0.20296304,0.15413669,0.20065798,0.396854,-0.04756866,-0.1580455,-0.21606869,-0.22081244,0.2856586,-0.03424865,-0.10181455,-0.5347835,-0.061949663,0.21262574,-0.27876303,0.12768094,-0.1679811,0.17477135,0.8515057,0.9192323,0.84666675,0.9011117,0.78999156,0.67055035,0.9374368,0.8703378,0.8158828,0.8525007,0.7354815,0.93948364,0.88718486,0.5562776,0.9456443,0.78707707,0.7126086,0.89553034,0.84061825,0.86347556
1.0,0.20383579,0.023123456,0.20328252,0.15404087,0.20160712,0.39677978,-0.046984572,-0.15826355,-0.21630034,-0.22116694,0.28561443,-0.034226842,-0.10225713,-0.53481054,-0.06319124,0.21287991,-0.27911055,0.12859151,-0.1686431,0.17481536,0.85059756,0.91902226,0.8463817,0.9013914,0.78998613,0.6696638,0.9373322,0.8702837,0.81440336,0.8517492,0.7351451,0.9393368,0.887526,0.5554922,0.9460778,0.78602356,0.711581,0.89469266,0.8399676,0.8627188
1.0,0.20375597,0.022727078,0.20294116,0.1540901,0.20075023,0.39659995,-0.047346056,-0.15775767,-0.2160554,-0.22095606,0.28533262,-0.03430248,-0.10224581,-0.5345298,-0.0622726,0.21252319,-0.27850387,0.12792993,-0.16823849,0.17475112,0.851108,0.91942185,0.8468351,0.9014629,0.79000086,0.6704135,0.9374647,0.8702972,0.8155359,0.8522583,0.73553383,0.93936545,0.88742954,0.55595815,0.9458799,0.78685725,0.7125191,0.89525443,0.84069484,0.86337477
1.0,0.20364851,0.022397196,0.20286432,0.15408784,0.2007744,0.3966046,-0.0470941,-0.15686174,-0.21598732,-0.22142297,0.2848075,-0.034420274,-0.10327068,-0.53416026,-0.06265173,0.21234472,-0.27808642,0.1281906,-0.1688048,0.174759,0.8504797,0.9199281,0.847275,0.9021802,0.7898073,0.67011726,0.93752384,0.8701344,0.8151524,0.85185313,0.7357062,0.93909705,0.8880168,0.55521065,0.94636375,0.786606,0.71254283,0.894792,0.8408762,0.86331624
1.0,0.2030566,0.022933492,0.20350353,0.15370506,0.2034028,0.39523593,-0.044883884,-0.15684776,-0.21655941,-0.22254583,0.28368044,-0.034513228,-0.1055074,-0.5334413,-0.06662442,0.21271972,-0.2779716,0.1312543,-0.17100957,0.17479423,0.84706074,0.9198239,0.84708285,0.9038389,0.789921,0.6676904,0.9373078,0.86998653,0.81048435,0.849343,0.7350074,0.9384826,0.88935417,0.5525793,0.9480073,0.7833196,0.7097364,0.89202446,0.83956647,0.86113906
1.0,0.2044752,0.023071764,0.20299257,0.15433216,0.1998279,0.3980877,-0.048772044,-0.1589059,-0.21595508,-0.22013599,0.28695637,-0.034008514,-0.09990609,-0.535722,-0.060210682,0.2128216,-0.2797831,0.12623414,-0.16673833,0.17480363,0.85349345,0.91871375,0.84612006,0.8996591,0.7899519,0.67138034,0.9374405,0.87044734,0.8179315,0.8537459,0.7354592,0.93995374,0.886283,0.5577331,0.9446077,0.7885036,0.71341985,0.8969228,0.84055275,0.86421204
1.0,0.20334941,0.022501973,0.20296372,0.15398115,0.20156212,0.3959448,-0.046340078,-0.15687883,-0.21620288,-0.22174406,0.28434885,-0.034509324,-0.104080245,-0.5338821,-0.0638087,0.21247122,-0.27781278,0.1291822,-0.16946329,0.17477675,0.84934115,0.91989386,0.847301,0.9027618,0.7898643,0.66948944,0.9374307,0.87014306,0.81370604,0.8510932,0.7355142,0.9389298,0.88831264,0.5544686,0.9468439,0.7855424,0.7117414,0.8939803,0.8406133,0.8626775
1.0,0.20339516,0.022739733,0.20313999,0.15392914,0.20192152,0.3959661,-0.046221487,-0.15723813,-0.21629483,-0.22172558,0.28452444,-0.034447644,-0.10387437,-0.5340128,-0.064182535,0.21261044,-0.27814248,0.12942971,-0.16953863,0.17478032,0.8492248,0.9196529,0.8470271,0.90262216,0.7899263,0.669216,0.9373829,0.8701614,0.81326306,0.85093313,0.7353284,0.9389509,0.8882913,0.5543918,0.9468589,0.7852463,0.71132505,0.8937959,0.8402725,0.86240095
1.0,0.20430246,0.023168055,0.20307809,0.1542325,0.20028865,0.39765128,-0.04834796,-0.15898566,-0.21605703,-0.2202535,0.2866978,-0.03404561,-0.10024434,-0.53553414,-0.060905233,0.21286058,-0.2796611,0.12680306,-0.16707991,0.17479359,0.8528768,0.91866195,0.8460861,0.8999461,0.7900424,0.67103624,0.9373994,0.87045956,0.8170822,0.8533242,0.73534024,0.9398586,0.8864421,0.5573622,0.944865,0.7879167,0.7129317,0.896459,0.8403825,0.8638377
1.0,0.20339942,0.02256192,0.20303255,0.15399274,0.2017004,0.3961224,-0.046333496,-0.15694071,-0.21625605,-0.22181237,0.2844695,-0.034496218,-0.10408454,-0.53399956,-0.06390945,0.21256585,-0.27798948,0.12924214,-0.16954166,0.17480001,0.8493036,0.9198231,0.84720695,0.90272534,0.789815,0.669341,0.9374009,0.8701316,0.81356424,0.85102355,0.7354404,0.93893045,0.8883249,0.5543691,0.9468604,0.785428,0.71159816,0.8939104,0.8404636,0.8625829
1.0,0.20385855,0.022484412,0.20282376,0.15415499,0.20028761,0.39693797,-0.04764186,-0.15727976,-0.21589524,-0.22100341,0.2853008,-0.034316227,-0.10232589,-0.5344829,-0.061780207,0.21235305,-0.27839813,0.12748973,-0.16813682,0.17474431,0.85143554,0.91971153,0.8470718,0.9015101,0.78987074,0.67065215,0.937549,0.870215,0.81619436,0.8524978,0.7357451,0.9393288,0.8875496,0.5560183,0.9458464,0.7873487,0.7130199,0.8954993,0.8409714,0.86372733
1.0,0.20237026,0.022073636,0.20310968,0.15359774,0.20343061,0.39410725,-0.04387277,-0.15476902,-0.21641037,-0.22348228,0.28180122,-0.03490199,-0.10822889,-0.5320531,-0.067727156,0.21210258,-0.2761866,0.13223074,-0.17230184,0.17473875,0.8450929,0.9211799,0.84841985,0.9059255,0.7897467,0.6672562,0.93748075,0.8697283,0.8093111,0.848252,0.7355323,0.9378376,0.890683,0.55089545,0.94926447,0.78254056,0.70983666,0.8908635,0.8404094,0.86096406
0.0,0.20348203,0.022588136,0.20298706,0.15400857,0.20136158,0.3961647,-0.04662124,-0.15713854,-0.21616125,-0.22153082,0.2846473,-0.03443808,-0.10354155,-0.5340761,-0.063424416,0.21248752,-0.2780664,0.12884635,-0.16913599,0.1747686,0.84983385,0.9197539,0.8471375,0.9023818,0.7899075,0.6697064,0.9374442,0.8701761,0.8141836,0.851402,0.7355041,0.93904644,0.88809144,0.5548622,0.9465884,0.78589386,0.71191937,0.8943087,0.8405918,0.8628465
1.0,0.20288056,0.022354772,0.20303409,0.15380266,0.20247057,0.39502317,-0.045196764,-0.15608454,-0.2163392,-0.22247246,0.28323913,-0.034690656,-0.10587369,-0.5330957,-0.065593526,0.21235551,-0.27708277,0.1306012,-0.17071025,0.17476359,0.84742194,0.92036873,0.84774053,0.90412265,0.7898452,0.6685039,0.9374233,0.8699966,0.81165457,0.84982187,0.7354759,0.9384724,0.8892716,0.5529359,0.947879,0.7841201,0.71082145,0.89258695,0.840492,0.8618695
1.0,0.20374027,0.022893934,0.20314692,0.15404767,0.2014156,0.39665595,-0.04694926,-0.15781245,-0.21622708,-0.2212823,0.28531414,-0.03430627,-0.10267536,-0.534582,-0.06310968,0.21272962,-0.27874026,0.12855536,-0.16875866,0.17479928,0.8504519,0.9193039,0.8466777,0.90170354,0.7899267,0.6697573,0.9373784,0.8702435,0.8145089,0.8517141,0.7353077,0.93924814,0.8876947,0.55533516,0.94620687,0.7861075,0.71182084,0.89465433,0.84024525,0.862855
1.0,0.20408288,0.023569418,0.20357493,0.15404007,0.20202827,0.3972574,-0.047113787,-0.15911612,-0.21646726,-0.22100765,0.28631294,-0.03407604,-0.10146086,-0.5353645,-0.06331378,0.21324553,-0.2799567,0.12861961,-0.1684642,0.17487063,0.8509171,0.91844225,0.8457747,0.9007614,0.79001486,0.6694079,0.93721855,0.870345,0.8141968,0.85180813,0.7348019,0.9395056,0.8871972,0.5557326,0.9458117,0.7858514,0.711084,0.8947747,0.8393513,0.8624441
1.0,0.20239276,0.022267656,0.20312701,0.1535882,0.20338298,0.39390132,-0.04397679,-0.15534543,-0.21643254,-0.22313681,0.28203,-0.034828182,-0.10758807,-0.5321899,-0.06752038,0.21215843,-0.27632347,0.13209884,-0.17191869,0.17471807,0.84544975,0.92086816,0.8481782,0.90549666,0.7899249,0.66751134,0.937454,0.8698423,0.8095376,0.8485164,0.7354462,0.938002,0.8903015,0.5514234,0.9489603,0.78268605,0.7098486,0.8911377,0.84036,0.861014
1.0,0.20316851,0.022629553,0.20318884,0.15385988,0.20246941,0.39560336,-0.04557552,-0.15668386,-0.21638453,-0.22224617,0.28392452,-0.03455577,-0.10502462,-0.53361636,-0.06522053,0.21258351,-0.27777675,0.13024879,-0.17033705,0.17479648,0.8480938,0.9199535,0.84729564,0.90343714,0.7898355,0.6685652,0.93736744,0.8700462,0.8120626,0.85016376,0.7352994,0.9386677,0.88890195,0.5534014,0.947499,0.7843921,0.71078104,0.8929495,0.8401604,0.86192065
1.0,0.2050069,0.023499588,0.20314467,0.1544989,0.1994955,0.399284,-0.049725316,-0.16009487,-0.21604499,-0.21956131,0.2883591,-0.03378621,-0.098104075,-0.5368113,-0.05891802,0.21326663,-0.2809784,0.12518844,-0.16571252,0.17488591,0.8551102,0.91794914,0.8453776,0.898243,0.7899004,0.6718717,0.9373333,0.87060404,0.8193176,0.854699,0.73522156,0.940431,0.88530755,0.55895907,0.94363725,0.7894084,0.71373254,0.89805895,0.84017545,0.86459905
1.0,0.20499584,0.023101902,0.20273903,0.15455967,0.19829309,0.3991078,-0.050340734,-0.15969221,-0.21570644,-0.21909687,0.28819287,-0.033803836,-0.09768042,-0.53656644,-0.057537958,0.21283658,-0.28036165,0.124145955,-0.16494276,0.1747874,0.85607964,0.9183257,0.8458386,0.89807737,0.7899641,0.6729712,0.9375065,0.87066054,0.8210505,0.8555412,0.7356973,0.94056636,0.8850267,0.55983746,0.94318783,0.79069483,0.71501297,0.8990006,0.8410592,0.8655248
1.0,0.2033473,0.022639195,0.20312059,0.15391669,0.20193817,0.39589965,-0.04610102,-0.1569294,-0.21625718,-0.22187856,0.28430104,-0.034478948,-0.1042265,-0.53384006,-0.06437447,0.21251933,-0.2779825,0.12955965,-0.16974024,0.17477237,0.84897447,0.91984403,0.847182,0.90288633,0.7898907,0.66910005,0.9374159,0.8701,0.8130894,0.85077065,0.735391,0.93884814,0.8885297,0.55412227,0.9470565,0.7851425,0.7113094,0.89360017,0.84033257,0.8623592
1.0,0.20419857,0.02310157,0.20307736,0.15421781,0.20047745,0.3975041,-0.048111193,-0.15876801,-0.21610281,-0.22045046,0.28646642,-0.034101855,-0.10070671,-0.5353916,-0.061256364,0.21285717,-0.27948755,0.12709665,-0.16738051,0.17480533,0.8524519,0.9187768,0.8461991,0.90025973,0.7900013,0.6708226,0.9373873,0.87042576,0.81665236,0.8530499,0.7353346,0.9397576,0.88664055,0.55700403,0.94509166,0.7875962,0.7127574,0.8961586,0.84037256,0.86367893
1.0,0.20416093,0.022911416,0.20301633,0.15421748,0.2003825,0.39752117,-0.048059072,-0.1582861,-0.21603069,-0.22063765,0.28621078,-0.034155402,-0.10114874,-0.53519356,-0.061325416,0.21272427,-0.27926344,0.12712061,-0.16759263,0.17479417,0.85225064,0.91905653,0.8464396,0.9005809,0.7899131,0.670762,0.9374368,0.87034404,0.81662047,0.8529299,0.73545974,0.93963444,0.88691807,0.55671155,0.9452887,0.78759974,0.7128773,0.89600635,0.84052384,0.86373156
1.0,0.20472535,0.02339794,0.20314477,0.15438166,0.1998922,0.39866278,-0.049162433,-0.15971312,-0.21608418,-0.21984434,0.28774428,-0.033895742,-0.098946154,-0.53634787,-0.05975616,0.2131535,-0.28050762,0.12587161,-0.16628729,0.17485575,0.85419124,0.91817635,0.8456119,0.89890826,0.7899478,0.67148864,0.9373375,0.8705578,0.8183337,0.8541181,0.73523,0.94020826,0.8857303,0.5582971,0.94411635,0.7887476,0.7133366,0.8973956,0.8402004,0.8642491
1.0,0.20458287,0.023321947,0.20309052,0.15432784,0.19990097,0.39823103,-0.048944723,-0.15951842,-0.21602729,-0.21987712,0.28738087,-0.033927318,-0.09922862,-0.53603673,-0.06001602,0.21299526,-0.28017855,0.12608854,-0.1664173,0.1748141,0.853885,0.9183448,0.8457806,0.89917785,0.7900389,0.6714749,0.9373842,0.87054133,0.8180986,0.85396355,0.73530525,0.94012153,0.88591546,0.55814815,0.94430333,0.7886134,0.7133142,0.89719284,0.8403381,0.86419404
0.0,0.20166326,0.021689063,0.2028779,0.15340906,0.20382671,0.39252633,-0.042741522,-0.15381566,-0.2164247,-0.22396502,0.28025514,-0.035162713,-0.11006209,-0.5308858,-0.06904698,0.21171139,-0.2747404,0.1334166,-0.17321528,0.17466718,0.84327,0.92190796,0.84924525,0.9074531,0.7898827,0.666875,0.9375566,0.8696575,0.8078305,0.84725195,0.73576134,0.93741417,0.8914895,0.54975814,0.95018333,0.78151447,0.7094779,0.8898213,0.8408928,0.86051875
1.0,0.20457995,0.022789633,0.20257844,0.15447876,0.19850826,0.39822167,-0.049687337,-0.15897611,-0.21569869,-0.21945691,0.28725368,-0.033985477,-0.09892361,-0.53587574,-0.058307245,0.21259712,-0.27945802,0.12484543,-0.16559048,0.1747569,0.8549886,0.91878927,0.8463539,0.89901584,0.7899932,0.6727326,0.9375437,0.8706022,0.82015544,0.8549403,0.73584664,0.94028544,0.8855403,0.55910015,0.94377875,0.79005575,0.7148439,0.8983119,0.841374,0.8652955
1.0,0.20259196,0.022117293,0.20292875,0.15372837,0.2025694,0.39440724,-0.044725865,-0.15546224,-0.21628913,-0.22275361,0.28249234,-0.034804504,-0.10679148,-0.5325183,-0.06618187,0.21210724,-0.27642894,0.13108858,-0.17117815,0.17472483,0.84660995,0.920816,0.8481709,0.9048733,0.78987795,0.6683099,0.93749464,0.8699151,0.81105334,0.84936464,0.73563,0.93823534,0.88976645,0.5523376,0.9483664,0.7837263,0.7107316,0.89207804,0.840744,0.8617138
1.0,0.20254505,0.02238628,0.20316085,0.15362898,0.20325074,0.39417127,-0.044258825,-0.15569423,-0.21642676,-0.22293025,0.2824098,-0.034757487,-0.10702002,-0.5324663,-0.06713605,0.21224733,-0.27663696,0.13178404,-0.17159466,0.17472735,0.8459571,0.9206408,0.8479603,0.9050544,0.78994364,0.66769916,0.9374338,0.869891,0.8099668,0.84882677,0.7353907,0.938141,0.89001274,0.5518381,0.9486697,0.78297794,0.7099689,0.8914667,0.84027725,0.8611493
1.0,0.2040017,0.02327157,0.20337527,0.15407121,0.20163651,0.39717564,-0.04720512,-0.15858717,-0.21634606,-0.22106871,0.28602588,-0.034163725,-0.101812884,-0.53513527,-0.062975794,0.21303928,-0.279524,0.12839192,-0.16846098,0.17484349,0.8509577,0.91878253,0.8461322,0.9010257,0.7899473,0.66966915,0.9372884,0.8703103,0.81460905,0.85192215,0.73503715,0.9394424,0.88731384,0.5557132,0.9458626,0.78615713,0.7115402,0.8948968,0.839764,0.86273795
1.0,0.20428985,0.022943081,0.20292167,0.15428951,0.19993308,0.39774165,-0.048521437,-0.15864193,-0.21598002,-0.22027057,0.2866047,-0.034101136,-0.100409165,-0.5354726,-0.060482346,0.21275827,-0.279411,0.12650134,-0.16699597,0.17479363,0.8530545,0.91887087,0.8463237,0.9000454,0.789948,0.6712982,0.9374372,0.87044424,0.8175647,0.85350674,0.7355104,0.9398527,0.8864363,0.55744296,0.94480777,0.7882429,0.7133512,0.89667696,0.840688,0.8641272
0.0,0.20317563,0.022122705,0.20282602,0.15392771,0.20136328,0.39562944,-0.046092555,-0.1559055,-0.21600673,-0.22206408,0.2836029,-0.03461022,-0.10499251,-0.53326356,-0.06412253,0.21207367,-0.2771821,0.1293691,-0.16988681,0.1747206,0.8487805,0.9205465,0.84785295,0.90351903,0.78981906,0.66939884,0.937579,0.8699776,0.8135239,0.85078293,0.73580736,0.9386436,0.88896376,0.55387586,0.94734246,0.78550184,0.7119527,0.89359105,0.84099513,0.86273974
0.0,0.2026934,0.021739257,0.20262589,0.15383056,0.20155315,0.39468458,-0.045373455,-0.15503441,-0.21600047,-0.2224867,0.28251314,-0.034828167,-0.106432796,-0.5324627,-0.06492591,0.21178979,-0.2761263,0.13010646,-0.17059174,0.17469081,0.84753245,0.9211464,0.84850717,0.904654,0.7898275,0.6691545,0.93763477,0.86990047,0.8125995,0.8501055,0.73601496,0.9383188,0.88956964,0.5530112,0.9480112,0.7848485,0.71182317,0.89288116,0.84140515,0.862516
1.0,0.20487052,0.022910366,0.20258102,0.15458134,0.19806609,0.3988183,-0.05029101,-0.15940441,-0.21564198,-0.21910691,0.28789216,-0.033860385,-0.0979711,-0.5363378,-0.05741003,0.21269244,-0.2799413,0.12410417,-0.16494401,0.17477238,0.8559902,0.91854316,0.8461022,0.8983003,0.7899725,0.67317253,0.9375484,0.8706621,0.8212227,0.85557497,0.7358464,0.94052947,0.8850825,0.5598428,0.9432483,0.79079497,0.7152792,0.89903826,0.84136325,0.86568147
1.0,0.20327964,0.022449007,0.20305443,0.15390629,0.20186436,0.39583737,-0.045997486,-0.15644285,-0.21618384,-0.2220724,0.2839862,-0.034537543,-0.10470861,-0.53359485,-0.06450383,0.21236964,-0.27770978,0.12964123,-0.16997208,0.17475931,0.8487045,0.9201452,0.847444,0.9032523,0.7898241,0.6690263,0.93747026,0.87001806,0.81299615,0.85061264,0.73552006,0.9387124,0.8888328,0.55380255,0.94729185,0.785105,0.7114026,0.8934129,0.84049517,0.8623848
1.0,0.20342374,0.02249218,0.20296496,0.15399846,0.20143418,0.39613476,-0.046499997,-0.15687558,-0.21616766,-0.2216964,0.28447092,-0.034489535,-0.103915766,-0.5339625,-0.06359918,0.21246167,-0.27791902,0.12898868,-0.16935472,0.17477466,0.84956616,0.919891,0.84727293,0.9026413,0.78984016,0.6695763,0.93744606,0.8701357,0.8139646,0.8512283,0.73553854,0.9389589,0.88826627,0.55458504,0.94675285,0.7857397,0.7118706,0.8941254,0.84063035,0.8627871
1.0,0.20366845,0.022098059,0.20245287,0.154185,0.19955108,0.39649466,-0.047853477,-0.15688945,-0.21571982,-0.2207669,0.28491718,-0.03442257,-0.10242151,-0.5341512,-0.060985386,0.21205334,-0.2776261,0.12698928,-0.16777092,0.174695,0.8517514,0.9200433,0.84754694,0.90166837,0.789916,0.67141,0.9376396,0.87027943,0.81711197,0.85292083,0.73609716,0.93936867,0.88736665,0.5564735,0.9456518,0.78799,0.71385807,0.89600796,0.8417143,0.86430734
1.0,0.20344567,0.022693647,0.20310374,0.15396759,0.20176552,0.3961078,-0.046354882,-0.15718943,-0.21626154,-0.22170106,0.28459615,-0.03444241,-0.10379557,-0.5340687,-0.063952595,0.21259505,-0.27816302,0.1292483,-0.16943972,0.17478737,0.84941334,0.9196827,0.8470519,0.90254337,0.7898909,0.6693296,0.9373956,0.8701546,0.8135395,0.85106665,0.7353723,0.93897676,0.888245,0.55450183,0.9467863,0.78543204,0.7114933,0.89394087,0.8403407,0.8625276
0.0,0.20208219,0.02123638,0.20240837,0.15368184,0.2018907,0.39356828,-0.044400584,-0.15380923,-0.21600184,-0.2231316,0.28107792,-0.035118647,-0.1084217,-0.531412,-0.0661006,0.21143351,-0.2748092,0.1311343,-0.1716269,0.17465903,0.8457899,0.92197114,0.8493732,0.9062305,0.7897913,0.6686996,0.937709,0.8697638,0.8112499,0.8491142,0.73627424,0.93784696,0.8904739,0.5517083,0.9489647,0.7839149,0.71156144,0.89185804,0.84187216,0.86215454
1.0,0.20501074,0.023611857,0.20308386,0.1545077,0.19926824,0.39915577,-0.049955335,-0.16059875,-0.2160506,-0.21917868,0.28860462,-0.033744294,-0.09744212,-0.53697354,-0.05841194,0.21331237,-0.28102916,0.12486863,-0.16521367,0.17487106,0.8556192,0.91771066,0.8452275,0.89781755,0.79004174,0.67229587,0.9373169,0.8707414,0.81985265,0.85509175,0.73520833,0.9406307,0.88484526,0.5595944,0.9432529,0.7897712,0.713962,0.898545,0.8402779,0.8648057
1.0,0.20346284,0.022892782,0.20325434,0.1539199,0.20210835,0.39603934,-0.04617499,-0.15745623,-0.21633282,-0.22172031,0.28466117,-0.034387182,-0.10371123,-0.5341139,-0.06438918,0.21268924,-0.27839,0.12955005,-0.1695607,0.17478965,0.84920424,0.91951364,0.8468503,0.9024938,0.78995794,0.66904825,0.9373628,0.8701551,0.813055,0.85086244,0.73521703,0.93896675,0.8882968,0.55436516,0.946871,0.7851005,0.71109015,0.8936972,0.8400458,0.86224455
1.0,0.20434159,0.022689162,0.20275839,0.15434018,0.19939044,0.39785722,-0.048786636,-0.15818638,-0.21578503,-0.22023329,0.28646863,-0.034110293,-0.10044825,-0.5353217,-0.05996246,0.21251883,-0.2791634,0.12605678,-0.16681485,0.17476302,0.85339177,0.9191849,0.8466094,0.90010107,0.78988934,0.6716511,0.93754274,0.8703836,0.81828934,0.8537908,0.73576176,0.9398282,0.88653046,0.55760723,0.94475573,0.7887875,0.7139248,0.89696133,0.84106076,0.86452365
1.0,0.2047309,0.023354495,0.20297456,0.1544345,0.1993799,0.39852417,-0.049481906,-0.1599353,-0.21599078,-0.21947286,0.28785747,-0.033866875,-0.09840268,-0.53639543,-0.059014685,0.21306372,-0.28035453,0.12536693,-0.16572769,0.17482828,0.854811,0.91813266,0.84565026,0.89856076,0.79005843,0.6720928,0.93737644,0.8706609,0.8192116,0.8546318,0.7353576,0.9403852,0.885341,0.5589858,0.9437433,0.7893492,0.7138702,0.8979884,0.8405271,0.8646538
1.0,0.20351422,0.02307958,0.20331614,0.15391228,0.20213324,0.3960081,-0.04627002,-0.15793969,-0.21636972,-0.22148156,0.28491116,-0.03431589,-0.10318194,-0.53428364,-0.06427379,0.21277502,-0.27861768,0.12946099,-0.16929136,0.17478622,0.84947884,0.919249,0.8466073,0.9021375,0.79007524,0.6691674,0.9373359,0.87023216,0.81318045,0.85103464,0.7351144,0.9390929,0.88802135,0.55472213,0.94664615,0.7851811,0.711028,0.89389217,0.8399216,0.86223865
1.0,0.20279002,0.02264507,0.20330425,0.15367326,0.20327047,0.39468497,-0.044612043,-0.15629956,-0.21649402,-0.22269422,0.28306335,-0.03464462,-0.106212586,-0.53296906,-0.06677346,0.21248424,-0.277272,0.13145497,-0.17123996,0.17475916,0.8465799,0.92021734,0.84752697,0.9044092,0.7899391,0.667777,0.9373673,0.86996007,0.8103269,0.84914947,0.73521245,0.93833697,0.889613,0.55229443,0.94828063,0.7832139,0.70992213,0.8918245,0.83997244,0.8611981
0.0,0.20198411,0.022000654,0.20298955,0.15351683,0.20373362,0.39317456,-0.04329089,-0.15470338,-0.21652561,-0.22357342,0.28118914,-0.03502821,-0.10890098,-0.53162575,-0.06831392,0.2120625,-0.27550492,0.13284913,-0.17260589,0.17472233,0.8442658,0.92127806,0.84867823,0.9064767,0.78986746,0.66716146,0.93744177,0.8697983,0.80853975,0.84783864,0.73553926,0.9377447,0.89077336,0.5505781,0.94953,0.78193986,0.7095702,0.89046746,0.8405871,0.86069936
1.0,0.2020927,0.021486951,0.20259957,0.15362364,0.20237283,0.39342684,-0.04408983,-0.15404616,-0.21608335,-0.22323343,0.28108287,-0.035051588,-0.10846569,-0.5314114,-0.06678579,0.2115283,-0.27505663,0.1316227,-0.17187634,0.17465259,0.845404,0.9218133,0.84915936,0.90625924,0.7898695,0.6682474,0.93767446,0.86974144,0.8105103,0.8487646,0.73608416,0.9377987,0.89064837,0.55140865,0.94917226,0.78341234,0.71099365,0.89142513,0.8414865,0.86173505
1.0,0.2032184,0.022798663,0.20329292,0.15383574,0.20261824,0.39557737,-0.04553876,-0.15697125,-0.21640986,-0.2221638,0.28405082,-0.034487937,-0.10476208,-0.5336915,-0.06538778,0.21263658,-0.27799216,0.13034198,-0.17028566,0.17479162,0.84812397,0.91978985,0.847107,0.90326613,0.7899165,0.668472,0.9373545,0.8700611,0.81190825,0.85014117,0.73519576,0.93870395,0.88885504,0.5534727,0.9474659,0.78429514,0.7105777,0.8929018,0.83996683,0.86179185
1.0,0.20384946,0.02262721,0.20286591,0.15415284,0.20044829,0.39686435,-0.04760135,-0.15763476,-0.2159853,-0.22091138,0.28545153,-0.034297254,-0.102116406,-0.53461903,-0.061830476,0.2124866,-0.27852085,0.12757744,-0.16805755,0.17475984,0.8514595,0.91948915,0.8469036,0.9013382,0.7899241,0.67063314,0.9374901,0.8702834,0.81606275,0.8525075,0.7356287,0.9394076,0.88735217,0.5561541,0.9457417,0.78722,0.7128507,0.89553046,0.84083825,0.8636242
0.0,0.20166436,0.0215547,0.20267743,0.15347674,0.20329368,0.39248368,-0.043090314,-0.15391721,-0.2163364,-0.22365975,0.2803523,-0.03518061,-0.10964231,-0.530938,-0.0682506,0.21162271,-0.27454144,0.13287403,-0.1727255,0.17465793,0.8438674,0.92189467,0.8493288,0.90715504,0.78993434,0.667492,0.9375835,0.86974114,0.80871546,0.84776974,0.7359104,0.9375585,0.8911026,0.55039823,0.94982034,0.7821017,0.7100635,0.8903971,0.8412677,0.86096627
1.0,0.2038643,0.022772612,0.20297316,0.15412399,0.20071167,0.39685497,-0.0474843,-0.15784746,-0.21605563,-0.22093254,0.28553677,-0.03426814,-0.10205299,-0.53469193,-0.062116012,0.21258475,-0.27870333,0.1277863,-0.16814557,0.17476948,0.85132194,0.91934127,0.84674376,0.90128535,0.7899553,0.67042756,0.9374517,0.87029207,0.81571484,0.8523669,0.7355044,0.93941003,0.8873546,0.5560618,0.94578344,0.7869739,0.7125542,0.89537126,0.8406166,0.8634195
0.0,0.20189974,0.021375244,0.20259045,0.15357146,0.20267133,0.3931297,-0.043676995,-0.15366304,-0.21614358,-0.22354695,0.28064132,-0.035146322,-0.10923675,-0.53111595,-0.06738179,0.21149132,-0.27472162,0.13211803,-0.17235765,0.17465977,0.84466577,0.92204714,0.8493925,0.9068355,0.78981835,0.66790295,0.9376699,0.8696833,0.80980104,0.848291,0.73609996,0.9376201,0.8910119,0.5507986,0.949565,0.782907,0.710714,0.89094,0.8415012,0.8614725
0.0,0.20125902,0.020993007,0.20248182,0.15334898,0.20330338,0.391878,-0.042464267,-0.15246046,-0.2161746,-0.22429308,0.27909148,-0.03541257,-0.11136724,-0.52996105,-0.069045015,0.2111383,-0.27347437,0.13348593,-0.17359817,0.17460786,0.8425742,0.9228784,0.8502166,0.90857375,0.78982913,0.6671366,0.9377494,0.86951244,0.8079444,0.8470118,0.7362867,0.9370742,0.8921306,0.5491982,0.9507188,0.78166175,0.7101054,0.8896073,0.8417783,0.86083895
1.0,0.20381805,0.022840401,0.20300496,0.15415668,0.20101646,0.39691862,-0.047359087,-0.15804723,-0.21623775,-0.22103927,0.28566116,-0.034313098,-0.102213606,-0.53488326,-0.06227354,0.21282744,-0.2787809,0.12799533,-0.1682911,0.17483412,0.8511062,0.9191563,0.8466406,0.9013039,0.78987193,0.6702499,0.93734205,0.8703455,0.8153576,0.85221493,0.735359,0.939444,0.88721293,0.55592877,0.9457725,0.7866279,0.7122939,0.8952705,0.84045136,0.86323774
0.0,0.20137095,0.021280425,0.20260759,0.15338033,0.20352861,0.39200315,-0.0425339,-0.15310015,-0.21631262,-0.2241179,0.27954197,-0.035327934,-0.11083977,-0.53033483,-0.06902575,0.21140046,-0.2738996,0.13348962,-0.17340623,0.17463602,0.8428275,0.92243445,0.84982616,0.90811133,0.7898751,0.66709125,0.93764806,0.8696107,0.8078779,0.8471242,0.7360607,0.93724257,0.89177376,0.54949516,0.9504572,0.78155684,0.7098516,0.8897236,0.84145755,0.86070776
0.0,0.20487353,0.023308555,0.20282921,0.15450034,0.19869347,0.3987454,-0.050061353,-0.16013148,-0.21584511,-0.21904212,0.28818476,-0.03380134,-0.09760642,-0.53658104,-0.057972804,0.2129707,-0.2804156,0.12455627,-0.16502175,0.1747932,0.8557746,0.918084,0.8456368,0.8980409,0.79010946,0.67278713,0.93743855,0.8707419,0.8204656,0.8553325,0.7355171,0.9405997,0.88490975,0.5598076,0.9432315,0.790256,0.7145775,0.8987905,0.8408444,0.8652136
1.0,0.20346823,0.022776155,0.20310208,0.1539546,0.20165977,0.39601356,-0.04645829,-0.15744853,-0.21623278,-0.22149247,0.28470188,-0.034396864,-0.10340907,-0.53410995,-0.063774355,0.212575,-0.2782259,0.12910973,-0.16919239,0.17476349,0.84967077,0.9195652,0.8469501,0.9023095,0.7899981,0.6695156,0.9374069,0.8702058,0.8137705,0.8512523,0.7353634,0.9390602,0.8880657,0.5548187,0.9466183,0.7856111,0.7115743,0.89413553,0.84035933,0.8626082
1.0,0.20475554,0.02299569,0.20279564,0.15447211,0.19884075,0.39862925,-0.049667634,-0.15915893,-0.215758,-0.21958295,0.28753757,-0.033907708,-0.09877372,-0.5360999,-0.058644593,0.21274348,-0.27997744,0.12500626,-0.16574219,0.17478473,0.8549458,0.91862154,0.84607816,0.8988573,0.7899439,0.67233706,0.937511,0.8705401,0.819799,0.8547782,0.73567164,0.9402645,0.8856583,0.55889106,0.94385564,0.78982127,0.7144493,0.898096,0.8409549,0.8650305
1.0,0.20410511,0.02270622,0.20280516,0.15425307,0.19986756,0.39735207,-0.04827606,-0.15809911,-0.21590117,-0.22045112,0.2860744,-0.034189627,-0.10105342,-0.53505456,-0.06073658,0.21253853,-0.27889565,0.12671445,-0.16728164,0.17476067,0.8525987,0.91923416,0.8466795,0.9005597,0.7899466,0.6712635,0.9375028,0.87038064,0.817332,0.85327536,0.7356736,0.93968815,0.88677484,0.5570856,0.94511324,0.78810453,0.7134404,0.8963992,0.8409567,0.8641303
1.0,0.2043334,0.023134956,0.20310128,0.15425098,0.20033517,0.39782932,-0.048351984,-0.15885854,-0.21607587,-0.22036895,0.28672165,-0.0340588,-0.10039458,-0.535576,-0.06095303,0.21289304,-0.2797208,0.126819,-0.16719763,0.17481257,0.8528106,0.9187058,0.8461019,0.90001744,0.78996074,0.67092544,0.9373916,0.870424,0.81701446,0.8532551,0.73533326,0.93982327,0.886527,0.55720353,0.94492584,0.787861,0.71289676,0.89638585,0.84033585,0.8638096
1.0,0.20336553,0.022912825,0.20324887,0.1538791,0.20223626,0.39580625,-0.04603658,-0.15752694,-0.21638083,-0.22170925,0.284559,-0.034416977,-0.10380274,-0.53404236,-0.06455084,0.21270937,-0.27827272,0.12971479,-0.16962503,0.17478232,0.84901553,0.9194732,0.8468572,0.90258783,0.7900026,0.66901326,0.93733895,0.8701921,0.81281585,0.8507581,0.7351869,0.9389585,0.8882702,0.55431294,0.9469019,0.78492856,0.71097213,0.8936055,0.8400468,0.8621539
0.0,0.20272008,0.021794999,0.20267363,0.15384147,0.2016835,0.39475486,-0.04532166,-0.15509318,-0.21604252,-0.22254676,0.2825727,-0.0348156,-0.10646567,-0.5325294,-0.065055534,0.2118603,-0.2762296,0.13020541,-0.17066522,0.17470966,0.8474563,0.92108893,0.8484441,0.904642,0.7898015,0.66902435,0.93760866,0.86989236,0.8124371,0.8500261,0.7359531,0.9383151,0.88959056,0.5529235,0.9480485,0.78471506,0.71168345,0.89279205,0.8412858,0.86241543
1.0,0.20421323,0.023044711,0.20305218,0.15422279,0.20043142,0.3976006,-0.048158713,-0.15864778,-0.21608877,-0.22049373,0.28646487,-0.03412296,-0.10078575,-0.535396,-0.061178744,0.21285202,-0.27946344,0.12703398,-0.16740666,0.17480761,0.8524746,0.91882294,0.84625494,0.900305,0.78994375,0.6708326,0.93738776,0.8704111,0.81672066,0.85306287,0.7353679,0.9397407,0.8866656,0.55696315,0.9450926,0.78764975,0.71282613,0.89617914,0.8404141,0.8637288
0.0,0.2028481,0.022191131,0.20289817,0.15383443,0.2021433,0.39495164,-0.04531285,-0.15586734,-0.2162422,-0.22241893,0.28310394,-0.034719437,-0.105912715,-0.53297305,-0.065268956,0.2122117,-0.27683425,0.1303724,-0.17057511,0.17474788,0.8475823,0.92054534,0.84793186,0.90417063,0.7898481,0.6687769,0.9374775,0.8699891,0.81207085,0.8499999,0.73562884,0.93847114,0.8892623,0.5530898,0.947836,0.7844137,0.7111757,0.89277685,0.8407729,0.86211056
1.0,0.20442823,0.02349359,0.20339863,0.15418252,0.20099218,0.3979717,-0.048110507,-0.15933707,-0.21623185,-0.22046271,0.2869804,-0.03396964,-0.10022479,-0.5357897,-0.061667837,0.21314095,-0.28027642,0.12730053,-0.16744232,0.1748442,0.85250163,0.91835797,0.8456909,0.8998734,0.78999937,0.6703602,0.93730605,0.8704105,0.8161694,0.85290104,0.735023,0.93980867,0.8865939,0.55692196,0.9450482,0.78727233,0.7121503,0.8959778,0.8397314,0.86329985
1.0,0.20447484,0.02328079,0.20320897,0.15426648,0.20043005,0.3981063,-0.048445463,-0.15908712,-0.21609685,-0.22034147,0.28699106,-0.033988357,-0.10010043,-0.5357802,-0.06095849,0.2129945,-0.28007096,0.12677352,-0.16712731,0.17483133,0.852987,0.9185433,0.84590054,0.8997732,0.7899477,0.6708231,0.9373702,0.8704134,0.8170287,0.853303,0.735234,0.9398703,0.8864702,0.55727774,0.94485015,0.78787005,0.7127649,0.89642245,0.84011227,0.8637406
1.0,0.20238677,0.022148712,0.20306331,0.1536218,0.2032935,0.39405566,-0.04404942,-0.15515992,-0.21644133,-0.22321743,0.2820291,-0.034882933,-0.10775995,-0.5322247,-0.06733986,0.21217813,-0.27624166,0.1319909,-0.1719571,0.17474,0.84547544,0.9209496,0.8482824,0.9055791,0.78982025,0.6675618,0.9374429,0.8698353,0.8096794,0.8485511,0.7354992,0.93799216,0.89029443,0.551371,0.94894975,0.78276306,0.70999223,0.8912102,0.84046423,0.8611127
1.0,0.2050375,0.02305873,0.20274365,0.15458614,0.19829427,0.39927524,-0.05036225,-0.15955648,-0.21570367,-0.21919835,0.28820693,-0.03380967,-0.09780744,-0.5365952,-0.057543114,0.21284935,-0.28040096,0.12412895,-0.16502497,0.17480421,0.8560531,0.91838026,0.8458731,0.8981301,0.78988624,0.6728991,0.93750674,0.8706215,0.82105035,0.8555067,0.7357083,0.9405341,0.8851078,0.55972093,0.94323635,0.7906823,0.71502334,0.89895606,0.84103835,0.8655263
1.0,0.20455638,0.023139568,0.20297417,0.15436247,0.19964366,0.39824694,-0.049033374,-0.15920427,-0.21595883,-0.21991277,0.2872476,-0.03397133,-0.09942107,-0.53593624,-0.059767693,0.21288845,-0.2799494,0.12590726,-0.16639872,0.17480735,0.8539514,0.918542,0.84598696,0.8993113,0.7899767,0.6716441,0.9374234,0.87051785,0.81840193,0.8540575,0.7354446,0.9400937,0.8859696,0.5581519,0.94430935,0.7888248,0.7136134,0.8972995,0.8405778,0.86439264
0.0,0.2041415,0.022368064,0.20234795,0.15437251,0.19850135,0.39727393,-0.049120918,-0.15807423,-0.21560135,-0.21975526,0.28619236,-0.034182034,-0.10016905,-0.53504944,-0.05889336,0.21222325,-0.27838945,0.125378,-0.16615674,0.1746924,0.853997,0.91939545,0.847007,0.9000266,0.7900369,0.67266923,0.9376351,0.8705303,0.8195192,0.8544407,0.7361151,0.93998516,0.886096,0.5584347,0.94434536,0.78964615,0.71490836,0.8977385,0.8418785,0.8652315
0.0,0.2019724,0.021320635,0.20245814,0.1536296,0.2021799,0.39322227,-0.04409013,-0.1538691,-0.21605787,-0.22320646,0.28087872,-0.03512296,-0.108645886,-0.5312625,-0.06659021,0.21144083,-0.27471304,0.1315351,-0.17183228,0.17464627,0.8453708,0.921954,0.8493637,0.9064173,0.7898712,0.6684689,0.9376932,0.86976546,0.8106979,0.84883356,0.73620194,0.9377882,0.8906055,0.5514719,0.9491545,0.78352517,0.7112372,0.89153576,0.8417606,0.8618941
1.0,0.20455325,0.023253856,0.20304626,0.15435395,0.19986142,0.3982516,-0.048950754,-0.15942475,-0.2160461,-0.21992287,0.28734797,-0.033960406,-0.099364534,-0.5360385,-0.05994623,0.2130076,-0.28009263,0.12606275,-0.16644995,0.17482804,0.85385334,0.918393,0.8458478,0.8992481,0.7899921,0.67150605,0.9373755,0.8705448,0.8181422,0.853965,0.7353314,0.94011724,0.88590515,0.5581115,0.944307,0.78861696,0.71338373,0.89721334,0.84040785,0.8642372
1.0,0.20562789,0.023733778,0.20286709,0.15477833,0.19769578,0.40035257,-0.051613763,-0.16153266,-0.21580184,-0.21810135,0.29001182,-0.033475034,-0.09499331,-0.5379516,-0.05564008,0.21337526,-0.28180683,0.122687414,-0.16328369,0.17487009,0.85838526,0.91726685,0.84485775,0.8960603,0.7900531,0.6738888,0.93738776,0.8709493,0.82314664,0.85697734,0.73541415,0.9413,0.8835423,0.56181204,0.9417673,0.7920681,0.71556246,0.90073913,0.8406931,0.86612725
1.0,0.20391065,0.022980107,0.2031482,0.1540811,0.20109156,0.39689785,-0.04732196,-0.15810078,-0.21613705,-0.22099271,0.2856515,-0.034212466,-0.10197906,-0.5347825,-0.06257119,0.21270572,-0.27900773,0.12809035,-0.16830331,0.17477994,0.8511134,0.9191643,0.84651595,0.9012264,0.7899922,0.67008704,0.93741256,0.87027866,0.81519973,0.85214233,0.7353313,0.93939185,0.8874289,0.5558752,0.9458813,0.78662163,0.71211445,0.89510417,0.84027183,0.8631132
0.0,0.20390648,0.022885842,0.20306619,0.15410721,0.200909,0.39691076,-0.047411233,-0.1579831,-0.21609518,-0.22096926,0.28561926,-0.034234863,-0.10200082,-0.534758,-0.062339514,0.2126561,-0.27888295,0.12793355,-0.16822214,0.17477898,0.8512345,0.91923887,0.8466192,0.9012354,0.78996366,0.67024493,0.93742806,0.8702813,0.8154623,0.8522586,0.7354109,0.939403,0.8873907,0.55597126,0.9458292,0.78679895,0.71232593,0.89523876,0.8404246,0.8632615
1.0,0.20399141,0.022748245,0.20290665,0.15420005,0.20036799,0.39715728,-0.04784221,-0.15796238,-0.21600574,-0.22075728,0.2858178,-0.03423343,-0.10163504,-0.53490293,-0.06150789,0.21260308,-0.2788373,0.12731825,-0.16778669,0.17477985,0.8518838,0.91927874,0.8466991,0.90095127,0.7899193,0.67075837,0.937462,0.87032557,0.8164134,0.8527581,0.735561,0.9395355,0.88709605,0.5564856,0.94549024,0.787444,0.7129217,0.8958157,0.8407306,0.86371595
0.0,0.202524,0.021708632,0.20263204,0.1537475,0.20180959,0.39432505,-0.04505177,-0.15488212,-0.2160474,-0.22262287,0.28219151,-0.034893736,-0.10686934,-0.53222215,-0.065393895,0.2117551,-0.27587375,0.13049632,-0.17089315,0.17467223,0.84700936,0.92123836,0.8486236,0.905024,0.7898576,0.66893905,0.9376255,0.86989254,0.81202465,0.8497733,0.73600423,0.93820864,0.8897661,0.5526521,0.9482486,0.7844669,0.7115724,0.89253557,0.8414053,0.8623031
1.0,0.2039887,0.023325862,0.20336623,0.15406096,0.20160243,0.3970809,-0.047247544,-0.15878811,-0.21635532,-0.2209338,0.28609055,-0.0341494,-0.10158914,-0.5351722,-0.06286868,0.21305528,-0.27953747,0.12833144,-0.16831063,0.17483473,0.8510855,0.91868347,0.8460656,0.9008904,0.7900142,0.6697905,0.9372797,0.8703609,0.8147141,0.85202557,0.73501825,0.93950456,0.8871606,0.555915,0.9457438,0.786229,0.7115706,0.89502364,0.83977926,0.8627737
1.0,0.20462987,0.02267374,0.20248799,0.15452012,0.19819419,0.39835438,-0.049897026,-0.15882272,-0.21561584,-0.21939161,0.2872787,-0.03398388,-0.09883912,-0.53587997,-0.05791366,0.2125184,-0.27938166,0.124527514,-0.16541766,0.17475009,0.85527575,0.91889405,0.8464655,0.8989581,0.78994757,0.6729752,0.937583,0.8705927,0.8206465,0.8551634,0.7359641,0.9403145,0.88549143,0.55928177,0.9436628,0.79040474,0.71518546,0.89856267,0.8415629,0.8655453
1.0,0.20471433,0.023217471,0.20293401,0.1544548,0.19936146,0.39860287,-0.04943366,-0.15958898,-0.21597093,-0.21965623,0.28771013,-0.03391324,-0.09878357,-0.53630555,-0.059081547,0.21302019,-0.28022078,0.12540936,-0.16592468,0.17483905,0.85463256,0.9183084,0.84581316,0.89879805,0.7899526,0.67200154,0.93738925,0.8706005,0.8191373,0.85451776,0.7354233,0.94029677,0.8855292,0.55872905,0.9438899,0.789289,0.71391886,0.8978526,0.84059924,0.8646649
0.0,0.20156994,0.021495225,0.20274656,0.15341035,0.20358711,0.39237148,-0.042751364,-0.15350422,-0.21634462,-0.22398299,0.2800001,-0.035223767,-0.11028676,-0.53067625,-0.068884425,0.21155073,-0.2744062,0.13331759,-0.1732093,0.17464973,0.8432314,0.92214376,0.8494911,0.9076588,0.789882,0.6670601,0.93761146,0.8696373,0.80804443,0.8473011,0.7359183,0.93736106,0.8915717,0.54975086,0.95024073,0.7816765,0.7097505,0.88988495,0.84117955,0.86068916
1.0,0.20288047,0.022081153,0.20287538,0.1538136,0.20195016,0.39503255,-0.04540323,-0.15556523,-0.21612075,-0.22244865,0.28298962,-0.03471806,-0.105974644,-0.5328357,-0.06518269,0.21204652,-0.27677262,0.13023391,-0.17058705,0.17471431,0.84765375,0.9207492,0.84805954,0.90427047,0.78983504,0.6688283,0.93755394,0.8699222,0.8122698,0.8500399,0.73574865,0.93840253,0.8894467,0.55303013,0.94790816,0.7846241,0.71135914,0.89279,0.8408947,0.86223453
1.0,0.20419967,0.022923468,0.2029184,0.15423283,0.19995762,0.39740202,-0.04834322,-0.15852147,-0.21591708,-0.2202791,0.28632653,-0.03409853,-0.10055788,-0.5352131,-0.060756512,0.21260835,-0.27921912,0.12669191,-0.16709308,0.17475042,0.85282063,0.9190008,0.84641486,0.9002275,0.7900546,0.6712513,0.93749106,0.8704169,0.8173479,0.85337186,0.73555744,0.939777,0.8866252,0.55732214,0.94497555,0.7881359,0.71328765,0.8964853,0.84074754,0.864053
0.0,0.20481437,0.023223361,0.20283335,0.15447667,0.19880414,0.39863923,-0.04986966,-0.15982158,-0.21582326,-0.21923533,0.28793073,-0.03383682,-0.098029494,-0.53638834,-0.058302917,0.212892,-0.28025985,0.124789,-0.16530533,0.17478603,0.8554175,0.9182579,0.8457741,0.89834404,0.7900756,0.6725867,0.9374615,0.87067324,0.82012576,0.85509086,0.73555243,0.94047385,0.88519037,0.5594553,0.9434808,0.79003245,0.7144637,0.8984883,0.84085315,0.86509705
1.0,0.20354733,0.022692414,0.20306489,0.15401408,0.20149797,0.39629942,-0.046621878,-0.15729807,-0.21620429,-0.22154203,0.2847997,-0.03440335,-0.103424534,-0.53420424,-0.063515306,0.21258055,-0.27827525,0.12889887,-0.1691493,0.17478567,0.8498552,0.9196321,0.8470019,0.9022669,0.78989536,0.6695861,0.93741477,0.8701763,0.81406766,0.85137045,0.7354162,0.9390692,0.88806146,0.55484885,0.9465694,0.7858021,0.7117634,0.8942691,0.8404203,0.86274767
1.0,0.20282063,0.022394205,0.20313425,0.15373951,0.20278996,0.394869,-0.04488725,-0.15591484,-0.21635959,-0.22268242,0.2830035,-0.034690864,-0.10626508,-0.53291106,-0.066207334,0.21232449,-0.27705964,0.13102706,-0.17107458,0.17475224,0.84691215,0.9204708,0.8477726,0.904435,0.7898554,0.6681173,0.9374353,0.8699257,0.81101114,0.8494334,0.7354249,0.9383343,0.8896132,0.5524666,0.94819903,0.7837028,0.71045744,0.8921335,0.840326,0.8615746
1.0,0.20395151,0.023084613,0.20324433,0.15407643,0.20133254,0.3970538,-0.047270276,-0.15825014,-0.2162272,-0.22106075,0.285802,-0.03420183,-0.101970226,-0.5349304,-0.06275455,0.2128493,-0.27922213,0.1282239,-0.16841103,0.17480944,0.8510195,0.91902316,0.84637237,0.9011796,0.7899474,0.66988164,0.9373577,0.87028205,0.81492627,0.85202456,0.73521185,0.93939775,0.88740975,0.5557531,0.94589496,0.78641135,0.7118681,0.89499176,0.8400564,0.8629512
1.0,0.20290712,0.022337282,0.2030217,0.15378952,0.20231228,0.39498696,-0.04527223,-0.15603176,-0.21624857,-0.22239551,0.28319734,-0.034659695,-0.105738714,-0.5330132,-0.06550088,0.21223597,-0.27706718,0.13048552,-0.17060702,0.17473122,0.84756,0.92044204,0.84776896,0.904076,0.78990424,0.6686097,0.9374794,0.8699754,0.81185454,0.8499189,0.7355409,0.9384663,0.8893173,0.5530431,0.94786566,0.7843056,0.7109512,0.8926572,0.84056664,0.8619637
1.0,0.20321757,0.0222024,0.20283131,0.15394121,0.20131673,0.39569,-0.046223853,-0.15617639,-0.21603644,-0.22191206,0.28380978,-0.034585454,-0.104663014,-0.5334216,-0.06390234,0.21215028,-0.2773126,0.12921874,-0.1696836,0.17472461,0.84903884,0.92037714,0.84772164,0.90327215,0.78985,0.6695356,0.93755037,0.87003785,0.8137295,0.8509563,0.7357611,0.9387431,0.8887301,0.5541463,0.9471439,0.7856313,0.71200275,0.89379716,0.8409652,0.86280584
0.0,0.20238107,0.02194407,0.20289876,0.15364477,0.20277561,0.39398685,-0.044278126,-0.15487655,-0.21625456,-0.22308236,0.28187138,-0.034894593,-0.10765615,-0.5320386,-0.06684699,0.21191913,-0.27596852,0.13159707,-0.17169988,0.17469652,0.84581536,0.92120063,0.84851265,0.9055697,0.7898665,0.66797847,0.9375495,0.8698114,0.810359,0.84886026,0.7357285,0.9379909,0.8902985,0.55166036,0.94886637,0.78328407,0.7105223,0.891516,0.840849,0.861485
1.0,0.20296758,0.02232561,0.2030081,0.15383106,0.20224482,0.39521354,-0.04541522,-0.15607753,-0.21627256,-0.22238025,0.2833699,-0.03466469,-0.10563508,-0.53317153,-0.06526697,0.21231289,-0.27716792,0.13031867,-0.17052332,0.17475651,0.8477516,0.9203804,0.8477288,0.90395194,0.7898341,0.6686808,0.93745273,0.8699917,0.81206596,0.8500399,0.7355312,0.93851733,0.8891926,0.55314904,0.94774663,0.78442687,0.7110483,0.89281356,0.84056515,0.8620515
1.0,0.20286122,0.02239055,0.20305096,0.15378219,0.2025262,0.39493987,-0.045150965,-0.15614927,-0.21634972,-0.2224493,0.28322268,-0.034685124,-0.105847016,-0.53307563,-0.06567269,0.21235894,-0.27708355,0.13066348,-0.17071585,0.1747555,0.8473763,0.92033523,0.8477122,0.904121,0.78987956,0.6684807,0.93741935,0.8700082,0.81156284,0.8497901,0.7354541,0.9384741,0.8892645,0.5529364,0.94788504,0.7840628,0.7107558,0.8925501,0.84046304,0.86182314
0.0,0.20301935,0.022059212,0.20274554,0.153907,0.20140417,0.3952806,-0.045923233,-0.15586418,-0.21604308,-0.2220707,0.2833798,-0.03467263,-0.10522948,-0.5331105,-0.06422362,0.21205056,-0.27687925,0.12952727,-0.16995467,0.17471598,0.8485381,0.92059165,0.84797513,0.9037099,0.7898589,0.6694465,0.93756354,0.8700169,0.8133492,0.8506897,0.73583454,0.93862337,0.8889441,0.5538239,0.94739985,0.78535223,0.7119411,0.893517,0.8411263,0.8627093
1.0,0.20339516,0.022624684,0.2030456,0.15395734,0.20165445,0.39596158,-0.046343707,-0.15708163,-0.21621466,-0.22167477,0.2844618,-0.034459777,-0.10385737,-0.5339465,-0.063901044,0.21250363,-0.2779958,0.1292181,-0.16941403,0.17476736,0.84940016,0.91977733,0.8471541,0.90262187,0.7899229,0.66942936,0.9374262,0.8701533,0.8136271,0.8510946,0.7354432,0.9389583,0.88827693,0.55453104,0.9468066,0.7855082,0.7116094,0.8939652,0.84047365,0.8625993
1.0,0.20375565,0.023048224,0.2032695,0.15402707,0.20175035,0.39670876,-0.04681643,-0.15804581,-0.21633944,-0.22134286,0.28543854,-0.034286376,-0.10266334,-0.53470945,-0.06343052,0.21288894,-0.278961,0.12880006,-0.16889597,0.17482637,0.8502662,0.9191227,0.8464952,0.9016641,0.7899212,0.6694952,0.9373158,0.8702571,0.8140817,0.85153276,0.7351507,0.93925315,0.8876812,0.55518657,0.94625026,0.78578585,0.71146554,0.8944688,0.83997536,0.86261064
1.0,0.2053293,0.02327319,0.20265676,0.15471879,0.19757499,0.3997276,-0.05119931,-0.16045794,-0.21564686,-0.21846855,0.28907335,-0.033640936,-0.09622654,-0.53721356,-0.056089737,0.21298471,-0.28088602,0.12304412,-0.16385736,0.17480986,0.85757834,0.91792184,0.845511,0.8970011,0.78999645,0.6737984,0.93749726,0.8708186,0.8227219,0.8565555,0.7357146,0.9409854,0.8841832,0.56111693,0.9423207,0.79181767,0.71574086,0.9001981,0.84116834,0.8661512
1.0,0.2025606,0.022457028,0.20320539,0.15363294,0.20337598,0.3942751,-0.04427579,-0.155875,-0.2165117,-0.222916,0.28256905,-0.03476014,-0.10693158,-0.5326203,-0.06713447,0.21237879,-0.27677512,0.13180079,-0.1715916,0.1747497,0.8459815,0.9204943,0.8478404,0.9049594,0.7899154,0.66764784,0.937381,0.8699307,0.8098826,0.8488212,0.73530483,0.938189,0.88988554,0.5518611,0.9485871,0.782893,0.70985943,0.8914947,0.84016526,0.8610901
0.0,0.20035288,0.020726321,0.20248136,0.15308356,0.20470847,0.39007095,-0.04042791,-0.15116191,-0.2164393,-0.2254866,0.27703655,-0.035728343,-0.11449088,-0.52852666,-0.07195162,0.21092536,-0.27196923,0.13589431,-0.17554374,0.17459889,0.83921665,0.9238139,0.8511586,0.9110187,0.7898353,0.6656261,0.9377578,0.86929595,0.80465204,0.8448811,0.7362996,0.93634135,0.8937052,0.54667735,0.9524585,0.7793171,0.7086791,0.8874165,0.8417631,0.85951716
0.0,0.20025721,0.020703966,0.20250843,0.15304735,0.20493339,0.3899157,-0.040161096,-0.15096834,-0.21648103,-0.22568282,0.27679634,-0.035764858,-0.11492625,-0.5283658,-0.07237461,0.21091732,-0.27183312,0.13622776,-0.17584197,0.1746021,0.83875597,0.9239402,0.8512666,0.9113524,0.78980964,0.66536033,0.9377564,0.86925423,0.8041743,0.8445648,0.7362868,0.93623465,0.89395225,0.5462794,0.9527118,0.778984,0.7084489,0.88709533,0.8417124,0.8593127
0.0,0.20026103,0.020704845,0.20250706,0.15304863,0.2049238,0.38992175,-0.040172257,-0.15097633,-0.21647906,-0.22567442,0.27680588,-0.03576336,-0.11490789,-0.52837205,-0.07235695,0.21091743,-0.2718384,0.13621378,-0.1758293,0.17460182,0.8387753,0.9239351,0.85126233,0.9113385,0.789811,0.66537184,0.93775654,0.8692559,0.8041943,0.844578,0.73628753,0.936239,0.8939421,0.5462963,0.9527012,0.77899814,0.7084587,0.8871088,0.84171486,0.8593215
0.0,0.20045066,0.020749656,0.20245256,0.15312046,0.20447522,0.3902275,-0.040702343,-0.15136151,-0.21639565,-0.22528312,0.27728242,-0.03569043,-0.11404179,-0.52869093,-0.07151507,0.21093282,-0.27210736,0.13555054,-0.17523468,0.17459518,0.839691,0.923685,0.8510487,0.91067606,0.7898625,0.6659015,0.9377599,0.86933905,0.8051461,0.84520745,0.7363135,0.93645173,0.893451,0.547088,0.95219743,0.7796619,0.70891756,0.8877487,0.84181666,0.8597283
0.0,0.20041725,0.020741621,0.20246235,0.15310782,0.2045549,0.390174,-0.04060862,-0.15129328,-0.21641043,-0.22535262,0.27719837,-0.035703428,-0.11419515,-0.5286346,-0.07166429,0.21093014,-0.2720602,0.13566798,-0.17534028,0.17459641,0.83952904,0.923729,0.8510862,0.910793,0.78985316,0.6658074,0.9377592,0.86932427,0.80497724,0.845096,0.7363088,0.936414,0.8935379,0.54694784,0.95228666,0.7795441,0.708836,0.88763505,0.8417984,0.8596562
0.0,0.20035073,0.02072584,0.20248137,0.15308246,0.20471229,0.39006656,-0.040422775,-0.15115792,-0.21643946,-0.22548988,0.27703106,-0.03572911,-0.11449884,-0.52852255,-0.07195971,0.21092454,-0.2719658,0.13590069,-0.17554899,0.17459868,0.8392078,0.9238166,0.85116124,0.91102535,0.7898353,0.66562164,0.937758,0.86929506,0.80464315,0.8448753,0.7362997,0.93633926,0.89371014,0.5466702,0.9524634,0.7793113,0.70867515,0.88741034,0.8417628,0.8595134
0.0,0.20034078,0.020723505,0.20248458,0.15307891,0.20473644,0.39005113,-0.04039456,-0.15113759,-0.21644431,-0.22551101,0.2770062,-0.035732932,-0.11454518,-0.52850616,-0.07200456,0.21092407,-0.271952,0.135936,-0.17558096,0.17459925,0.8391591,0.9238298,0.8511722,0.9110605,0.7898322,0.6655931,0.9377577,0.8692906,0.8045924,0.84484166,0.7362981,0.93632793,0.8937363,0.5466277,0.95249027,0.7792756,0.70865035,0.8873763,0.84175694,0.85949165
0.0,0.2003681,0.020729916,0.20247665,0.15308914,0.20467168,0.39009473,-0.04047091,-0.15119302,-0.21643206,-0.22545439,0.2770747,-0.035722464,-0.11442025,-0.5285519,-0.07188324,0.21092606,-0.2719904,0.13584045,-0.1754951,0.17459813,0.83929104,0.92379385,0.8511416,0.910965,0.7898398,0.6656696,0.93775827,0.86930263,0.8047295,0.8449324,0.7363021,0.9363585,0.89366555,0.5467419,0.9524177,0.7793715,0.7087167,0.8874685,0.84177184,0.85955036
0.0,0.20024112,0.020700281,0.20251249,0.15304103,0.20496996,0.3898889,-0.040117055,-0.1509363,-0.21648741,-0.22571468,0.2767558,-0.035770886,-0.114997566,-0.52833843,-0.072444186,0.21091542,-0.27180982,0.13628258,-0.17589055,0.17460233,0.8386801,0.92396134,0.851285,0.9114076,0.78980595,0.6653173,0.9377564,0.8692474,0.80409604,0.8445129,0.73628515,0.93621695,0.89399314,0.54621434,0.9527535,0.77892977,0.70841146,0.8870427,0.8417048,0.85927933
1.0,0.200387,0.02073439,0.20247152,0.15309644,0.20462751,0.39012578,-0.040523343,-0.15123124,-0.2164242,-0.22541597,0.27712226,-0.035715222,-0.11433487,-0.528584,-0.07179993,0.21092808,-0.27201757,0.13577485,-0.17543654,0.1745977,0.8393816,0.923769,0.85112023,0.9108995,0.7898446,0.66572165,0.9377585,0.86931086,0.80482364,0.8449946,0.7363043,0.93637973,0.89361686,0.54682004,0.9523678,0.7794368,0.7087619,0.8875318,0.84178156,0.8595905
1.0,0.20030776,0.02071572,0.2024939,0.15306622,0.20481382,0.38999712,-0.040302664,-0.15107076,-0.21645838,-0.22557846,0.27692312,-0.03574555,-0.11469498,-0.52845037,-0.07215035,0.21092102,-0.27190477,0.13605087,-0.17568356,0.1746002,0.83900034,0.92387336,0.85120964,0.91117543,0.78982353,0.6655018,0.9377574,0.8692763,0.8044277,0.84473276,0.736294,0.93629104,0.8938214,0.54649085,0.95257753,0.77916104,0.7085712,0.88726556,0.84173965,0.8594214
0.0,0.20022902,0.020697454,0.20251632,0.15303668,0.20499907,0.38987002,-0.040082842,-0.15091169,-0.21649331,-0.2257402,0.2767256,-0.03577547,-0.1150538,-0.5283185,-0.07249848,0.21091498,-0.27179295,0.13632543,-0.17592908,0.174603,0.83862084,0.9239774,0.8512985,0.9114504,0.7898022,0.66528267,0.93775594,0.869242,0.8040346,0.8444721,0.73628324,0.93620336,0.8940247,0.5461628,0.9527859,0.7788866,0.70838153,0.88700163,0.8416978,0.8592529
0.0,0.20039588,0.020736517,0.20246878,0.15309969,0.20460613,0.39013985,-0.040548448,-0.15124951,-0.21642014,-0.22539729,0.2771446,-0.035711743,-0.114293724,-0.5285988,-0.07175999,0.2109286,-0.27203,0.13574336,-0.17540817,0.17459726,0.8394249,0.9237572,0.85111034,0.9108681,0.78984714,0.6657469,0.93775874,0.86931485,0.8048689,0.8450244,0.73630565,0.93638974,0.8935936,0.5468578,0.95234394,0.7794684,0.70878375,0.8875623,0.8417865,0.8596098
1.0,0.20040324,0.020738287,0.20246683,0.15310273,0.20458914,0.3901522,-0.040568676,-0.15126431,-0.21641722,-0.22538254,0.2771632,-0.03570893,-0.11426076,-0.5286115,-0.07172785,0.21092957,-0.27204058,0.13571809,-0.17538564,0.17459716,0.8394599,0.92374754,0.85110193,0.91084284,0.7898489,0.6657669,0.93775874,0.86931807,0.8049051,0.8450484,0.7363064,0.93639797,0.8935747,0.54688776,0.9523246,0.77949345,0.7088011,0.88758665,0.8417901,0.8596253
1.0,0.20025435,0.020703329,0.20250921,0.15304631,0.20493981,0.38991123,-0.04015334,-0.15096271,-0.21648219,-0.22568846,0.27678925,-0.03576592,-0.11493878,-0.52836096,-0.07238681,0.21091704,-0.27182907,0.13623737,-0.1758505,0.1746022,0.83874255,0.92394394,0.85126966,0.91136205,0.789809,0.6653529,0.9377564,0.86925304,0.80416054,0.84455556,0.7362866,0.9362316,0.89395946,0.546268,0.95271903,0.7789745,0.7084423,0.88708615,0.8417111,0.859307
0.0,0.20037588,0.020731812,0.20247465,0.15309218,0.2046535,0.39010772,-0.040492646,-0.15120883,-0.21642888,-0.22543862,0.27709442,-0.035719454,-0.11438501,-0.5285653,-0.07184882,0.21092701,-0.27200177,0.13581333,-0.17547098,0.17459798,0.83932835,0.92378354,0.85113275,0.91093796,0.7898417,0.665691,0.93775827,0.869306,0.8047684,0.844958,0.73630285,0.9363673,0.89364535,0.5467741,0.9523971,0.7793983,0.7087353,0.8874947,0.84177566,0.8595669
0.0,0.20036805,0.020729942,0.20247704,0.15308931,0.20467259,0.39009547,-0.04047025,-0.15119274,-0.2164326,-0.22545534,0.2770748,-0.035722498,-0.114421576,-0.5285522,-0.07188426,0.21092667,-0.2719908,0.13584128,-0.1754962,0.17459838,0.8392897,0.923794,0.8511416,0.91096586,0.7898393,0.66566837,0.937758,0.8693025,0.80472815,0.8449315,0.73630166,0.9363584,0.89366597,0.54674053,0.95241827,0.77937025,0.7087158,0.8874677,0.8417712,0.85954964
0.0,0.20041385,0.020740831,0.20246358,0.15310666,0.2045635,0.39016873,-0.04059874,-0.15128615,-0.21641225,-0.22536016,0.27718985,-0.035704777,-0.11421153,-0.5286293,-0.07168001,0.21093017,-0.2720556,0.13568042,-0.17535163,0.17459668,0.8395119,0.9237335,0.85108995,0.9108053,0.789852,0.6657971,0.937759,0.8693227,0.80495936,0.84508413,0.7363081,0.93641007,0.8935469,0.54693276,0.952296,0.7795315,0.7088273,0.887623,0.8417962,0.85964847
1.0,0.20035315,0.02072638,0.20248143,0.15308374,0.20470822,0.39007163,-0.04042828,-0.15116233,-0.21643943,-0.22548643,0.27703732,-0.035728287,-0.114490345,-0.5285275,-0.07195089,0.21092571,-0.2719698,0.13589379,-0.17554341,0.17459902,0.8392173,0.92381364,0.85115826,0.9110182,0.78983504,0.66562635,0.9377577,0.86929595,0.80465263,0.84488153,0.7362994,0.9363416,0.8937049,0.54667765,0.952458,0.7793174,0.70867926,0.8874171,0.84176284,0.8595174
1.0,0.2003263,0.02072007,0.20248894,0.15307358,0.20477134,0.39002818,-0.0403536,-0.15110794,-0.21645105,-0.22554147,0.27696985,-0.035738558,-0.11461249,-0.52848226,-0.07206969,0.21092342,-0.27193168,0.13598742,-0.17562725,0.17459989,0.839088,0.9238489,0.8511885,0.9111117,0.78982794,0.6655517,0.9377574,0.8692843,0.8045186,0.8447928,0.7362958,0.93631166,0.89377403,0.54656607,0.95252925,0.7792239,0.70861465,0.8873268,0.84174865,0.85946006
1.0,0.20046836,0.02075396,0.20244756,0.15312731,0.20443314,0.39025614,-0.040751826,-0.15139772,-0.21638802,-0.22524643,0.27732688,-0.035683535,-0.11396089,-0.52872074,-0.071436174,0.21093439,-0.27213252,0.13548842,-0.17517893,0.17459457,0.8397769,0.9236617,0.8510289,0.9106142,0.7898673,0.665951,0.93776023,0.869347,0.80523545,0.8452663,0.73631597,0.9364718,0.8934049,0.5471621,0.95215034,0.779724,0.7089605,0.8878088,0.8418263,0.8597663
0.0,0.20051414,0.020765053,0.202434,0.1531448,0.20432355,0.39032963,-0.04088035,-0.15149166,-0.2163679,-0.22515091,0.27744222,-0.03566559,-0.11375043,-0.528798,-0.07123113,0.21093817,-0.27219716,0.13532715,-0.17503363,0.17459291,0.8399992,0.92360157,0.85097766,0.9104537,0.78988,0.66608024,0.9377612,0.8693674,0.8054677,0.8454193,0.7363225,0.9365238,0.8932856,0.5473547,0.95202774,0.7798859,0.70907253,0.88796526,0.8418516,0.8598655
1.0,0.20029423,0.020712567,0.20249794,0.1530613,0.2048464,0.3899757,-0.04026443,-0.15104318,-0.21646482,-0.22560695,0.27688926,-0.035750765,-0.11475775,-0.52842826,-0.07221099,0.21092041,-0.27188587,0.13609874,-0.17572665,0.17460085,0.8389342,0.92389125,0.8512248,0.91122323,0.7898195,0.6654632,0.9377569,0.86927027,0.804359,0.84468716,0.7362918,0.9362758,0.89385676,0.54643327,0.9526137,0.77911294,0.708538,0.88721955,0.841732,0.85939187
1.0,0.20043626,0.020746192,0.20245706,0.1531151,0.20451024,0.390205,-0.04066139,-0.15133186,-0.21640247,-0.22531375,0.27724612,-0.035696078,-0.11410907,-0.52866673,-0.07158024,0.21093209,-0.27208728,0.13560186,-0.17528109,0.17459585,0.83962023,0.923704,0.8510649,0.910727,0.78985816,0.66586006,0.9377594,0.8693326,0.8050722,0.84515864,0.73631126,0.93643534,0.8934887,0.5470266,0.9522363,0.7796101,0.70888174,0.88769907,0.8418084,0.8596967
1.0,0.20051947,0.02076636,0.20243235,0.1531468,0.20431052,0.39033815,-0.040895488,-0.15150268,-0.21636543,-0.22513956,0.2774557,-0.03566347,-0.11372559,-0.5288068,-0.07120697,0.21093851,-0.27220458,0.13530812,-0.17501639,0.17459264,0.8400254,0.9235945,0.85097176,0.9104348,0.7898816,0.66609555,0.93776137,0.86936986,0.8054952,0.8454374,0.73632336,0.93652993,0.8932715,0.54737765,0.9520133,0.77990514,0.70908576,0.8879837,0.84185463,0.85987717
1.0,0.20038366,0.020733638,0.20247257,0.15309525,0.20463562,0.39012066,-0.040513977,-0.15122448,-0.21642587,-0.22542307,0.27711403,-0.035716504,-0.11435032,-0.5285785,-0.07181491,0.21092795,-0.27201295,0.13578658,-0.17544721,0.17459784,0.8393652,0.9237732,0.8511238,0.9109112,0.7898436,0.665712,0.9377584,0.86930937,0.80480665,0.84498334,0.7363038,0.9363759,0.8936255,0.54680574,0.9523767,0.77942485,0.7087535,0.8875204,0.8417796,0.85958314
1.0,0.20034513,0.020724518,0.20248379,0.15308082,0.20472722,0.39005893,-0.040405914,-0.15114602,-0.21644309,-0.22550303,0.2770173,-0.035731357,-0.11452702,-0.528514,-0.07198647,0.21092504,-0.27195853,0.13592184,-0.17556863,0.17459935,0.8391786,0.9238241,0.85116714,0.91104615,0.78983295,0.6656039,0.93775755,0.8692924,0.80461246,0.844855,0.73629826,0.9363327,0.8937255,0.5466442,0.95247936,0.7792893,0.7086599,0.88739,0.8417585,0.85950017
0.0,0.20016474,0.020682784,0.20253387,0.15301222,0.20514764,0.38976467,-0.039905045,-0.15078312,-0.21652064,-0.22586977,0.27656442,-0.035799533,-0.115342945,-0.5282103,-0.07277934,0.21090892,-0.2717008,0.13654701,-0.17612615,0.17460474,0.8383143,0.9240623,0.8513714,0.911673,0.7897859,0.6651071,0.9377555,0.8692145,0.8037181,0.84426177,0.73627543,0.93613267,0.8941892,0.54589885,0.9529542,0.7786662,0.70822936,0.88678896,0.8416653,0.85911745
0.0,0.20022509,0.02069659,0.20251732,0.15303516,0.20500794,0.38986337,-0.040072188,-0.15090387,-0.21649477,-0.22574785,0.27671576,-0.035776958,-0.11507106,-0.5283118,-0.072515324,0.2109144,-0.27178726,0.13633868,-0.17594081,0.17460304,0.8386025,0.92398256,0.851303,0.9114638,0.7898015,0.66527236,0.93775606,0.86924034,0.8040156,0.8444595,0.7362828,0.9361991,0.8940346,0.5461471,0.95279604,0.77887344,0.70837253,0.8869888,0.841696,0.8592449
1.0,0.20027205,0.020707404,0.20250405,0.15305287,0.20489791,0.3899393,-0.040202975,-0.15099859,-0.21647418,-0.22565183,0.2768336,-0.03575918,-0.11485772,-0.52839065,-0.072308294,0.21091816,-0.2718541,0.13617547,-0.175795,0.17460142,0.83882815,0.9239206,0.85124975,0.9113001,0.789814,0.66540235,0.9377568,0.8692607,0.80424935,0.8446145,0.7362891,0.9362512,0.8939137,0.546342,0.952672,0.7790365,0.7084852,0.88714576,0.84172064,0.8593449
1.0,0.2002913,0.0207119,0.20249876,0.15306011,0.20485315,0.38997093,-0.040256284,-0.15103728,-0.21646604,-0.22561285,0.27688193,-0.03575187,-0.114770904,-0.5284231,-0.07222383,0.21092008,-0.27188164,0.13610886,-0.17573567,0.17460091,0.8389202,0.9238951,0.851228,0.91123337,0.7898188,0.66545516,0.9377569,0.869269,0.8043445,0.8446776,0.7362914,0.93627256,0.8938642,0.5464213,0.9526215,0.7791028,0.70853096,0.8872098,0.8417306,0.85938567
1.0,0.2002486,0.020701973,0.20251064,0.15304396,0.2049527,0.38990125,-0.0401378,-0.15095134,-0.21648434,-0.22569966,0.27677476,-0.035768054,-0.11496392,-0.52835107,-0.0724115,0.21091615,-0.27182057,0.13625683,-0.17586765,0.1746022,0.8387157,0.9239514,0.8512763,0.9113817,0.78980786,0.6653376,0.9377564,0.8692506,0.8041328,0.84453726,0.736286,0.9362252,0.893974,0.546245,0.95273393,0.77895534,0.7084291,0.8870675,0.8417085,0.8592951
0.0,0.20031223,0.020716773,0.20249306,0.15306816,0.20480445,0.39000517,-0.0403143,-0.15107946,-0.21645716,-0.22557032,0.27693444,-0.035743896,-0.114676386,-0.5284584,-0.07213183,0.2109221,-0.27191156,0.13603635,-0.17567097,0.17460035,0.83902043,0.9238675,0.85120434,0.91116077,0.7898241,0.66551274,0.93775713,0.869278,0.8044483,0.8447463,0.736294,0.93629587,0.89381045,0.54650766,0.9525664,0.7791751,0.70858085,0.8872796,0.8417413,0.85942996
0.0,0.2003636,0.020728895,0.20247827,0.15308768,0.2046831,0.39008835,-0.04045789,-0.15118372,-0.21643463,-0.22546452,0.27706373,-0.035724234,-0.11444193,-0.52854496,-0.07190397,0.21092635,-0.2719846,0.13585676,-0.17551017,0.17459857,0.8392684,0.9237997,0.8511464,0.9109812,0.789838,0.665656,0.937758,0.8693006,0.8047059,0.8449167,0.73630095,0.93635345,0.8936775,0.546722,0.95243,0.7793546,0.70870507,0.8874528,0.84176874,0.85954016
1.0,0.20028707,0.020710895,0.20249994,0.15305862,0.2048631,0.38996392,-0.040244475,-0.15102872,-0.21646783,-0.22562146,0.27687132,-0.03575352,-0.11479011,-0.5284158,-0.072242506,0.21091971,-0.2718756,0.13612357,-0.17574883,0.17460103,0.83889985,0.9239007,0.8512328,0.91124815,0.7898178,0.6654435,0.9377569,0.86926717,0.80432343,0.8446636,0.73629093,0.93626785,0.89387524,0.5464039,0.95263267,0.7790882,0.7085208,0.88719565,0.8417283,0.8593766
1.0,0.20027167,0.020707319,0.202504,0.15305257,0.20489848,0.38993865,-0.040202126,-0.1509979,-0.21647418,-0.22565228,0.27683252,-0.03575929,-0.114858955,-0.52838975,-0.07230963,0.21091802,-0.27185342,0.1361765,-0.17579585,0.17460138,0.8388267,0.92392105,0.8512503,0.9113012,0.78981405,0.6654017,0.9377568,0.8692606,0.80424786,0.84461355,0.73628914,0.93625087,0.89391446,0.54634094,0.95267284,0.77903557,0.7084846,0.88714474,0.84172064,0.85934436
1.0,0.20027757,0.020708678,0.20250271,0.15305504,0.2048857,0.38994896,-0.040217757,-0.15100938,-0.21647221,-0.22564131,0.27684754,-0.035757095,-0.11483388,-0.52840006,-0.07228488,0.21091913,-0.2718622,0.136157,-0.1757788,0.17460145,0.8388537,0.92391336,0.8512435,0.91128147,0.78981495,0.66541666,0.93775666,0.86926305,0.8042756,0.8446319,0.73628944,0.93625724,0.89389986,0.54636383,0.95265806,0.77905464,0.70849764,0.8871635,0.841723,0.85935616
0.0,0.20023522,0.020698892,0.20251462,0.15303913,0.20498468,0.38988036,-0.040100068,-0.1509242,-0.21649069,-0.22572759,0.2767414,-0.035773143,-0.1150257,-0.5283291,-0.07247111,0.21091561,-0.27180204,0.13630387,-0.17591003,0.17460287,0.8386505,0.92396915,0.85129136,0.91142875,0.7898037,0.6652998,0.93775606,0.8692447,0.8040653,0.8444925,0.73628396,0.9362103,0.8940087,0.54618835,0.9527695,0.77890795,0.7083963,0.88702226,0.84170085,0.8592661
1.0,0.20033222,0.020721493,0.20248708,0.15307572,0.20475683,0.3900372,-0.04037058,-0.15112016,-0.21644813,-0.22552875,0.27698475,-0.03573626,-0.11458446,-0.5284921,-0.07204268,0.2109235,-0.2719399,0.13596609,-0.1756079,0.17459954,0.83911747,0.92384106,0.8511819,0.91109055,0.7898298,0.66556895,0.93775755,0.86928684,0.8045493,0.84481317,0.73629683,0.9363184,0.89375854,0.54659164,0.9525131,0.7792455,0.7086296,0.88734734,0.84175223,0.85947317
0.0,0.20034304,0.020724034,0.20248426,0.1530799,0.20473163,0.3900552,-0.0404005,-0.15114203,-0.2164436,-0.22550675,0.2770121,-0.035732087,-0.114535674,-0.52851045,-0.071995094,0.21092466,-0.27195546,0.13592856,-0.17557447,0.17459929,0.83916926,0.9238268,0.8511696,0.911053,0.78983253,0.6655987,0.93775755,0.8692915,0.8046029,0.84484863,0.73629814,0.9363304,0.8937306,0.54663634,0.95248455,0.77928287,0.7086554,0.88738346,0.8417577,0.85949606
1.0,0.20035303,0.020726373,0.2024814,0.15308371,0.20470817,0.3900713,-0.04042822,-0.1511622,-0.2164393,-0.2254864,0.27703696,-0.035728298,-0.114490375,-0.528527,-0.07195106,0.21092547,-0.27196953,0.13589387,-0.17554343,0.17459898,0.8392172,0.92381376,0.8511584,0.9110183,0.7898353,0.66562635,0.9377578,0.86929595,0.80465263,0.84488153,0.7362996,0.9363416,0.8937049,0.54667765,0.95245814,0.7793175,0.70867926,0.88741696,0.8417631,0.8595174
1.0,0.20045298,0.020750219,0.2024521,0.15312141,0.20447005,0.3902314,-0.04070855,-0.15136611,-0.21639484,-0.22527856,0.27728808,-0.035689563,-0.11403173,-0.5286947,-0.071505144,0.21093318,-0.27211073,0.13554277,-0.17522775,0.17459516,0.83970183,0.92368203,0.8510462,0.9106682,0.78986293,0.6659075,0.9377599,0.86934006,0.80515736,0.8452148,0.7363138,0.93645424,0.89344513,0.5470974,0.95219153,0.7796696,0.70892286,0.8877562,0.8418178,0.85973305
1.0,0.20031449,0.020717321,0.2024924,0.15306911,0.20479918,0.39000916,-0.040320642,-0.15108407,-0.2164563,-0.2255657,0.27694046,-0.03574307,-0.114666104,-0.5284624,-0.07212183,0.21092236,-0.27191493,0.13602847,-0.17566402,0.17460032,0.8390312,0.9238644,0.85120183,0.9111528,0.7898248,0.66551894,0.93775713,0.869279,0.80445963,0.84475374,0.73629427,0.93629843,0.8938045,0.546517,0.9525604,0.7791829,0.7085863,0.88728714,0.8417424,0.85943484
1.0,0.20027143,0.02070727,0.20250407,0.15305248,0.204899,0.38993824,-0.040201567,-0.15099743,-0.2164742,-0.22565275,0.2768321,-0.03575937,-0.11485992,-0.52838945,-0.07231051,0.21091802,-0.2718532,0.1361772,-0.1757965,0.1746014,0.8388258,0.9239212,0.8512505,0.911302,0.7898139,0.6654011,0.9377568,0.8692605,0.8042468,0.8446129,0.7362891,0.9362507,0.89391506,0.54634005,0.95267344,0.77903485,0.7084841,0.88714397,0.84172064,0.8593439
0.0,0.20012099,0.02067289,0.20254515,0.15299562,0.20524782,0.38969228,-0.039784446,-0.15069596,-0.216539,-0.22595721,0.27645457,-0.03581579,-0.11553872,-0.5281365,-0.0729694,0.2109045,-0.27163768,0.13669704,-0.17625912,0.17460574,0.8381067,0.9241202,0.85142136,0.91182417,0.7897751,0.66498864,0.9377554,0.869196,0.8035043,0.8441195,0.7362704,0.9360847,0.8943007,0.54572034,0.95306814,0.7785175,0.70812666,0.8866454,0.84164375,0.8590258
0.0,0.20014378,0.020678004,0.20253912,0.1530042,0.20519528,0.3897298,-0.0398475,-0.1507415,-0.21652925,-0.22591132,0.27651173,-0.035807315,-0.11543617,-0.5281745,-0.07287,0.21090661,-0.27167052,0.13661851,-0.17618944,0.17460515,0.8382153,0.92409,0.8513953,0.91174513,0.7897809,0.6650508,0.9377555,0.8692057,0.80361617,0.844194,0.7362732,0.9361097,0.8942424,0.5458138,0.95300853,0.7785953,0.7081805,0.8867205,0.84165525,0.8590738
0.0,0.2003051,0.020715142,0.20249487,0.15306541,0.20482075,0.38999352,-0.040294833,-0.15106525,-0.21646008,-0.2255846,0.27691662,-0.03574662,-0.11470811,-0.5284464,-0.07216279,0.21092132,-0.27190137,0.1360607,-0.17569266,0.1746005,0.8389868,0.92387676,0.8512125,0.9111852,0.78982246,0.6654935,0.93775713,0.86927503,0.80441344,0.8447233,0.73629326,0.93628806,0.89382863,0.54647875,0.952585,0.7791509,0.70856416,0.88725615,0.8417378,0.8594152
0.0,0.20029354,0.020712422,0.20249832,0.15306112,0.20484826,0.38997483,-0.040262315,-0.15104169,-0.2164653,-0.22560856,0.27688766,-0.035751052,-0.11476113,-0.528427,-0.07221427,0.21092042,-0.27188492,0.13610135,-0.17572911,0.17460094,0.83893067,0.92389214,0.85122544,0.91122586,0.7898193,0.6654609,0.9377569,0.8692699,0.8043552,0.8446847,0.73629165,0.9362751,0.8938586,0.54643023,0.9526157,0.7791102,0.7085361,0.88721704,0.8417315,0.8593902
0.0,0.20037979,0.02073271,0.20247358,0.15309373,0.20464464,0.39011413,-0.040503193,-0.15121663,-0.21642742,-0.22543094,0.2771042,-0.035717994,-0.11436772,-0.52857196,-0.07183195,0.2109276,-0.27200744,0.13580002,-0.17545922,0.17459798,0.8393467,0.9237785,0.85112834,0.9109247,0.78984267,0.6657015,0.93775827,0.8693077,0.8047874,0.84497064,0.73630327,0.9363717,0.89363545,0.5467899,0.952387,0.7794115,0.7087443,0.88750744,0.8417776,0.859575
1.0,0.20036277,0.020728668,0.2024787,0.1530874,0.2046854,0.39008737,-0.040455297,-0.1511819,-0.2164352,-0.22546658,0.27706158,-0.035724573,-0.11444633,-0.5285436,-0.0719081,0.21092643,-0.27198353,0.13586004,-0.17551321,0.1745987,0.83926386,0.9238008,0.85114735,0.9109845,0.7898376,0.66565317,0.9377579,0.8693002,0.8047011,0.84491366,0.7363007,0.9363524,0.89367974,0.54671794,0.95243245,0.7793512,0.7087027,0.8874496,0.8417681,0.8595381
1.0,0.20032111,0.020718856,0.20249046,0.15307152,0.20478323,0.39001974,-0.040339366,-0.1510976,-0.2164532,-0.22555178,0.27695686,-0.03574049,-0.11463551,-0.5284733,-0.07209216,0.21092275,-0.27192423,0.13600507,-0.17564292,0.17460003,0.83906364,0.9238557,0.8511943,0.9111295,0.7898266,0.6655377,0.93775725,0.86928195,0.80449325,0.84477603,0.7362953,0.93630594,0.89378726,0.54654497,0.9525426,0.7792064,0.7086025,0.88730973,0.84174615,0.8594492
1.0,0.20038638,0.0207343,0.20247176,0.15309641,0.20462923,0.39012513,-0.040521577,-0.15123008,-0.21642467,-0.22541752,0.277121,-0.03571543,-0.11433792,-0.5285833,-0.07180279,0.21092826,-0.27201697,0.13577709,-0.17543869,0.17459783,0.8393784,0.9237698,0.8511209,0.91090167,0.78984416,0.6657196,0.9377584,0.8693106,0.80482036,0.84499234,0.736304,0.936379,0.8936184,0.5468171,0.9523695,0.7794343,0.70876014,0.88752973,0.8417809,0.85958904
1.0,0.20025289,0.020702979,0.20250963,0.15304565,0.20494315,0.38990867,-0.04014936,-0.15095983,-0.21648282,-0.22569135,0.2767855,-0.035766453,-0.11494537,-0.5283585,-0.07239319,0.2109168,-0.27182695,0.13624237,-0.175855,0.1746022,0.83873564,0.9239458,0.85127157,0.9113672,0.7898087,0.6653489,0.9377563,0.8692524,0.8041533,0.84455085,0.7362864,0.9362299,0.89396316,0.54626197,0.95272285,0.7789694,0.7084389,0.8870813,0.8417104,0.8593039
0.0,0.20003438,0.020653555,0.20256776,0.15296263,0.20544462,0.38954878,-0.039546646,-0.15052465,-0.21657494,-0.22612885,0.2762375,-0.03584762,-0.115924194,-0.5279901,-0.07334354,0.21089561,-0.2715126,0.13699256,-0.17652023,0.17460765,0.8376975,0.92423487,0.85152036,0.9121224,0.7897542,0.66475576,0.9377553,0.8691597,0.80308366,0.8438392,0.736261,0.9359906,0.8945204,0.545369,0.9532925,0.7782249,0.70792484,0.8863631,0.84160197,0.8588456
0.0,0.20020375,0.02069165,0.20252281,0.15302685,0.20505686,0.38982803,-0.04001335,-0.15086126,-0.21650353,-0.22579053,0.276662,-0.035784926,-0.115166426,-0.5282756,-0.07260822,0.21091206,-0.2717564,0.136412,-0.17600583,0.1746035,0.83850116,0.92401075,0.8513273,0.9115374,0.7897962,0.6652146,0.93775606,0.8692312,0.80391103,0.84439003,0.73628044,0.9361756,0.8940891,0.5460601,0.95285165,0.77880085,0.70832235,0.88691854,0.84168553,0.85920024
0.0,0.20038614,0.020734211,0.20247173,0.15309614,0.20462973,0.39012453,-0.04052086,-0.15122949,-0.21642464,-0.22541788,0.2771201,-0.03571555,-0.11433898,-0.52858245,-0.07180391,0.21092804,-0.27201635,0.13577795,-0.1754394,0.17459773,0.83937716,0.9237701,0.8511212,0.91090256,0.7898444,0.6657191,0.9377584,0.8693105,0.80481905,0.84499156,0.7363041,0.9363787,0.8936191,0.5468162,0.9523701,0.7794336,0.70875955,0.8875288,0.841781,0.85958856
0.0,0.20043308,0.020745443,0.2024579,0.15311399,0.2045177,0.39019972,-0.040652648,-0.15132537,-0.21640378,-0.22532019,0.27723813,-0.035697337,-0.11412336,-0.5286615,-0.07159424,0.21093175,-0.27208275,0.13561286,-0.17529094,0.17459594,0.83960503,0.92370826,0.85106844,0.91073793,0.7898573,0.6658513,0.9377594,0.8693312,0.8050564,0.84514827,0.73631084,0.93643177,0.89349693,0.54701346,0.9522448,0.77959913,0.70887417,0.8876884,0.8418067,0.85968995
1.0,0.20043853,0.020746747,0.20245637,0.15311596,0.20450471,0.39020848,-0.040667888,-0.15133648,-0.21640131,-0.2253089,0.27725184,-0.03569525,-0.114098445,-0.5286704,-0.07156998,0.21093218,-0.27209038,0.13559376,-0.17527382,0.17459571,0.8396314,0.92370117,0.85106236,0.910719,0.7898589,0.66586655,0.9377595,0.8693336,0.8050839,0.8451663,0.73631155,0.9364379,0.89348274,0.5470363,0.9522303,0.7796183,0.70888746,0.8877068,0.8418098,0.85970163
1.0,0.20029801,0.020713458,0.20249702,0.15306276,0.20483768,0.38998228,-0.04027488,-0.15105079,-0.2164633,-0.22559929,0.27689892,-0.03574934,-0.11474073,-0.52843446,-0.07219442,0.21092083,-0.27189133,0.13608569,-0.17571507,0.1746008,0.8389522,0.9238863,0.8512204,0.9112101,0.78982055,0.6654735,0.937757,0.86927193,0.8043776,0.84469956,0.7362921,0.9362801,0.893847,0.5464488,0.9526038,0.77912575,0.70854694,0.8872321,0.8417339,0.8593998
1.0,0.20027962,0.020709159,0.20250222,0.15305588,0.20488104,0.38995257,-0.040223435,-0.15101358,-0.2164714,-0.2256372,0.2768528,-0.035756323,-0.11482461,-0.52840376,-0.07227581,0.21091944,-0.27186528,0.13614988,-0.17577255,0.17460144,0.8388635,0.9239105,0.8512412,0.9112743,0.7898155,0.6654223,0.93775654,0.8692638,0.8042857,0.84463865,0.7362897,0.93625957,0.89389455,0.5463721,0.9526526,0.7790617,0.7085025,0.8871704,0.84172404,0.85936046
1.0,0.20041165,0.020740299,0.2024642,0.15310591,0.20456871,0.39016545,-0.0405926,-0.15128167,-0.21641317,-0.22536469,0.2771843,-0.03570564,-0.11422153,-0.52862537,-0.071689785,0.21093003,-0.2720524,0.1356881,-0.17535855,0.17459674,0.83950126,0.92373645,0.8510925,0.91081303,0.78985137,0.665791,0.937759,0.8693218,0.8049483,0.8450768,0.7363078,0.93640757,0.8935526,0.54692364,0.9523019,0.7795238,0.708822,0.8876156,0.841795,0.8596437
1.0,0.20046777,0.020753799,0.20244795,0.15312722,0.20443514,0.39025584,-0.040749736,-0.15139635,-0.21638864,-0.22524822,0.27732563,-0.035683833,-0.11396451,-0.52872,-0.07143946,0.21093477,-0.27213192,0.13549101,-0.17518146,0.17459476,0.8397731,0.92366254,0.85102946,0.9106167,0.78986686,0.66594857,0.93776,0.8693466,0.8052316,0.84526366,0.73631567,0.936471,0.8934067,0.5471588,0.9521522,0.77972114,0.7089585,0.88780636,0.84182554,0.85976464
1.0,0.20027256,0.020707542,0.20250426,0.1530532,0.20489755,0.389941,-0.040203847,-0.15099937,-0.21647447,-0.22565162,0.27683502,-0.03575901,-0.114856645,-0.5283919,-0.07230695,0.21091877,-0.27185518,0.13617441,-0.17579444,0.17460167,0.8388297,0.92391986,0.8512491,0.9112989,0.7898136,0.66540277,0.93775654,0.8692608,0.80425054,0.8446153,0.7362887,0.9362517,0.8939127,0.5463429,0.9526712,0.77903706,0.7084856,0.88714665,0.84172034,0.85934544
1.0,0.2005024,0.020762196,0.20243773,0.15314043,0.20435211,0.39031133,-0.04084707,-0.15146741,-0.21637338,-0.22517589,0.2774127,-0.03567021,-0.113805056,-0.52877825,-0.07128425,0.21093753,-0.2721808,0.13536888,-0.17507145,0.17459346,0.8399416,0.92361706,0.8509908,0.9104952,0.78987646,0.66604644,0.93776083,0.86936206,0.80540746,0.84537953,0.7363207,0.9365103,0.8933163,0.54730463,0.9520595,0.77984375,0.7090433,0.88792473,0.8418448,0.8598396
1.0,0.20037976,0.020732718,0.20247369,0.1530937,0.20464471,0.39011422,-0.0405032,-0.15121663,-0.21642745,-0.22543097,0.27710432,-0.035717998,-0.1143678,-0.528572,-0.07183196,0.21092758,-0.27200744,0.13580008,-0.17545924,0.17459796,0.8393466,0.9237785,0.8511282,0.9109247,0.7898426,0.6657014,0.93775827,0.8693077,0.8047874,0.84497064,0.73630327,0.9363717,0.89363545,0.5467898,0.952387,0.7794115,0.7087443,0.88750744,0.8417775,0.859575
1.0,0.20037144,0.020730754,0.20247594,0.15309057,0.20466438,0.39010093,-0.040479958,-0.15119971,-0.21643105,-0.22544819,0.27708346,-0.03572119,-0.11440578,-0.528558,-0.07186891,0.21092694,-0.2719957,0.13582918,-0.17548533,0.17459828,0.83930653,0.9237894,0.8511377,0.91095364,0.78984034,0.66567814,0.93775815,0.86930406,0.80474555,0.844943,0.73630214,0.9363623,0.89365697,0.5467551,0.9524091,0.7793824,0.70872414,0.8874793,0.84177315,0.8595571
1.0,0.2002539,0.02070321,0.20250921,0.15304601,0.20494057,0.38991016,-0.04015232,-0.1509619,-0.21648213,-0.22568914,0.27678806,-0.035766043,-0.114940375,-0.5283601,-0.07238849,0.21091679,-0.2718283,0.13623866,-0.17585154,0.17460209,0.8387408,0.9239444,0.8512703,0.9113634,0.7898091,0.66535187,0.9377564,0.8692529,0.8041587,0.8445545,0.7362866,0.9362311,0.8939605,0.5462667,0.95272005,0.7789734,0.70844156,0.8870849,0.84171104,0.8593062
1.0,0.20035839,0.020727655,0.2024799,0.15308574,0.20469554,0.39008006,-0.04044325,-0.1511731,-0.21643692,-0.22547534,0.27705067,-0.035726205,-0.11446588,-0.5285362,-0.07192723,0.21092597,-0.27197722,0.13587512,-0.17552662,0.17459878,0.83924305,0.92380655,0.85115224,0.91099954,0.78983665,0.6656413,0.9377579,0.8692983,0.8046796,0.8448994,0.7363003,0.93634754,0.893691,0.5467002,0.95244396,0.7793362,0.7086923,0.887435,0.84176594,0.8595289
1.0,0.20033383,0.020721858,0.2024868,0.15307641,0.20475326,0.39004022,-0.040374894,-0.15112337,-0.21644759,-0.22552568,0.27698892,-0.03573564,-0.11457752,-0.5284946,-0.072035804,0.2109238,-0.27194223,0.13596067,-0.17560317,0.17459956,0.8391249,0.923839,0.85118,0.91108507,0.7898301,0.66557324,0.93775755,0.8692875,0.80455685,0.8448182,0.73629695,0.9363201,0.8937544,0.5465981,0.95250887,0.7792508,0.7086333,0.8873526,0.8417529,0.8594765
0.0,0.20040357,0.020738373,0.2024667,0.15310279,0.20458826,0.39015272,-0.040569782,-0.15126511,-0.21641698,-0.2253817,0.27716416,-0.035708774,-0.114259064,-0.528612,-0.07172611,0.21092956,-0.27204114,0.1357167,-0.17538442,0.17459714,0.83946186,0.92374706,0.8511015,0.91084146,0.78984904,0.665768,0.93775874,0.8693182,0.8049071,0.8450496,0.73630655,0.93639845,0.8935738,0.54688925,0.95232356,0.77949494,0.70880204,0.88758796,0.84179044,0.8596262
0.0,0.20020032,0.020690886,0.20252414,0.15302584,0.2050656,0.38982308,-0.040003344,-0.1508542,-0.21650553,-0.22579819,0.2766537,-0.035786256,-0.11518304,-0.5282701,-0.07262406,0.2109123,-0.27175188,0.13642448,-0.1760173,0.1746038,0.8384839,0.92401534,0.85133106,0.91154987,0.7897949,0.6652042,0.93775576,0.8692297,0.80389297,0.8443781,0.7362797,0.93617177,0.8940982,0.5460448,0.9528611,0.77878803,0.70831347,0.8869065,0.84168327,0.8591924
0.0,0.20031944,0.020718442,0.20249075,0.15307081,0.20478702,0.39001647,-0.040334683,-0.15109412,-0.21645373,-0.22555509,0.27695245,-0.035741154,-0.11464287,-0.52847016,-0.072099485,0.21092239,-0.2719216,0.13601081,-0.17564799,0.1746,0.8390557,0.923858,0.8511963,0.91113526,0.7898264,0.66553336,0.9377574,0.8692813,0.80448496,0.84477067,0.7362952,0.936304,0.8937916,0.54653835,0.9525471,0.7792008,0.7085987,0.88730407,0.8417455,0.8594458
0.0,0.20040715,0.020739226,0.2024658,0.15310425,0.20457982,0.39015856,-0.040579695,-0.15127242,-0.2164155,-0.22537443,0.2771731,-0.0357074,-0.11424279,-0.5286182,-0.07171025,0.21092996,-0.2720463,0.13570417,-0.17537324,0.17459702,0.83947897,0.9237423,0.85109746,0.91082895,0.78985,0.665778,0.93775886,0.86931974,0.804925,0.8450615,0.73630697,0.93640244,0.89356446,0.54690415,0.95231414,0.77950734,0.7088106,0.8876,0.8417923,0.8596338
0.0,0.20024884,0.020702021,0.20251083,0.1530442,0.20495284,0.3899023,-0.040137924,-0.15095158,-0.2164847,-0.2256999,0.27677542,-0.035767987,-0.11496405,-0.5283519,-0.07241129,0.21091667,-0.27182126,0.13625668,-0.17586783,0.1746024,0.8387158,0.92395127,0.85127604,0.9113814,0.78980744,0.6653373,0.9377563,0.8692507,0.8041328,0.84453726,0.7362857,0.9362254,0.89397377,0.54624474,0.9527337,0.7789551,0.7084289,0.8870676,0.84170806,0.85929507
0.0,0.20031136,0.020716572,0.20249306,0.15306783,0.20480607,0.39000344,-0.040312216,-0.15107784,-0.21645722,-0.22557169,0.2769323,-0.035744235,-0.114679694,-0.5284569,-0.07213525,0.21092185,-0.27191022,0.13603903,-0.17567322,0.17460026,0.8390167,0.92386866,0.85120547,0.9111635,0.7898241,0.6655109,0.93775725,0.86927783,0.80444455,0.8447439,0.7362941,0.936295,0.8938125,0.5465047,0.9525685,0.7791725,0.70857924,0.887277,0.8417411,0.8594284
0.0,0.20041522,0.020741148,0.20246339,0.15310729,0.20456055,0.3901715,-0.040602416,-0.15128887,-0.21641189,-0.22535759,0.27719337,-0.03570427,-0.11420573,-0.5286317,-0.07167421,0.21093056,-0.27205768,0.13567586,-0.1753477,0.17459673,0.8395182,0.92373174,0.8510884,0.91080076,0.7898522,0.66580063,0.937759,0.86932325,0.8049658,0.8450884,0.7363082,0.93641156,0.8935435,0.5469382,0.9522926,0.7795358,0.7088303,0.88762754,0.84179664,0.85965115
0.0,0.20036602,0.020729454,0.20247766,0.15308866,0.20467755,0.3900923,-0.040464554,-0.15118858,-0.21643367,-0.2254597,0.27706975,-0.035723317,-0.11443114,-0.5285491,-0.07189339,0.21092664,-0.2719881,0.13584852,-0.17550275,0.17459852,0.8392798,0.9237966,0.8511437,0.9109729,0.7898387,0.6656625,0.937758,0.8693016,0.8047178,0.84492457,0.73630124,0.9363562,0.8936713,0.54673195,0.95242375,0.77936286,0.7087107,0.88746077,0.8417699,0.85954523
1.0,0.20031342,0.02071706,0.20249249,0.15306854,0.20480113,0.39000684,-0.040318016,-0.15108207,-0.21645635,-0.22556743,0.27693748,-0.035743445,-0.11467022,-0.52846026,-0.07212602,0.21092194,-0.27191314,0.13603175,-0.1756667,0.1746002,0.83902675,0.9238659,0.851203,0.9111562,0.7898248,0.6655166,0.93775725,0.8692787,0.80445504,0.8447508,0.7362944,0.93629724,0.89380705,0.5465133,0.95256287,0.7791799,0.70858425,0.887284,0.8417423,0.85943294
1.0,0.20023826,0.020699585,0.20251353,0.15304005,0.20497715,0.3898846,-0.040108785,-0.1509304,-0.21648899,-0.22572094,0.2767486,-0.03577195,-0.11501138,-0.5283338,-0.07245737,0.21091543,-0.27180594,0.13629298,-0.17590001,0.17460258,0.83866566,0.9239653,0.851288,0.91141796,0.789805,0.6653087,0.9377563,0.869246,0.80408096,0.84450287,0.7362847,0.93621373,0.8940007,0.5462017,0.95276123,0.7789192,0.7084041,0.8870327,0.84170294,0.85927296
1.0,0.20043153,0.020745086,0.2024587,0.15311345,0.20452172,0.3901976,-0.040648066,-0.15132214,-0.21640468,-0.2253238,0.27723432,-0.035697956,-0.11413099,-0.5286591,-0.07160149,0.21093185,-0.27208078,0.13561854,-0.17529623,0.17459613,0.83959705,0.92371017,0.85107017,0.91074365,0.7898567,0.66584647,0.93775934,0.8693306,0.80504805,0.8451428,0.7363104,0.93643004,0.8935011,0.54700655,0.9522491,0.7795931,0.70887005,0.8876829,0.84180564,0.85968626
1.0,0.20033297,0.020721653,0.2024873,0.15307608,0.20475592,0.39003915,-0.040371932,-0.15112135,-0.21644828,-0.22552806,0.27698672,-0.03573604,-0.11458242,-0.5284936,-0.07204045,0.21092404,-0.27194124,0.13596432,-0.17560668,0.17459977,0.8391199,0.9238402,0.8511809,0.9110886,0.7898297,0.6655699,0.9377574,0.86928713,0.8045515,0.8448147,0.73629665,0.93631905,0.8937569,0.5465934,0.95251167,0.7792468,0.7086305,0.887349,0.84175205,0.85947406
1.0,0.20033821,0.020722883,0.20248544,0.15307796,0.20474277,0.39004713,-0.04038719,-0.15113223,-0.2164455,-0.22551656,0.27699965,-0.03573396,-0.114557326,-0.52850205,-0.07201624,0.210924,-0.2719484,0.13594522,-0.17558928,0.17459936,0.8391462,0.92383313,0.85117507,0.9110697,0.78983146,0.6655856,0.9377577,0.8692895,0.8045791,0.8448329,0.73629767,0.9363251,0.89374304,0.5466167,0.95249724,0.77926636,0.70864403,0.8873673,0.84175545,0.859486
1.0,0.20033458,0.020722,0.20248678,0.15307677,0.20475201,0.3900418,-0.040376574,-0.1511247,-0.21644753,-0.2255246,0.27699077,-0.035735376,-0.114574865,-0.52849615,-0.0720331,0.21092413,-0.2719435,0.13595855,-0.1756015,0.17459965,0.83912796,0.92383796,0.85117906,0.9110829,0.78982997,0.66557467,0.9377574,0.86928785,0.8045598,0.84482014,0.73629695,0.9363208,0.89375275,0.54660046,0.95250726,0.77925265,0.7086345,0.8873545,0.8417529,0.8594777
1.0,0.20038086,0.02073296,0.20247352,0.15309432,0.20464285,0.3901163,-0.040505636,-0.15121855,-0.21642733,-0.22542939,0.27710694,-0.03571762,-0.11436403,-0.52857405,-0.07182807,0.21092801,-0.2720091,0.135797,-0.17545675,0.17459808,0.8393509,0.9237771,0.851127,0.91092145,0.7898426,0.6657035,0.93775815,0.86930805,0.80479157,0.8449733,0.73630315,0.9363727,0.89363307,0.54679304,0.95238465,0.7794143,0.7087462,0.88751036,0.84177774,0.85957676
0.0,0.20031488,0.020717425,0.20249209,0.15306902,0.20479779,0.39000916,-0.040322118,-0.151085,-0.21645576,-0.22556448,0.27694118,-0.03574287,-0.114663556,-0.52846277,-0.07211954,0.21092209,-0.27191526,0.13602668,-0.17566219,0.17460017,0.83903384,0.92386395,0.85120136,0.91115105,0.7898252,0.6655207,0.93775725,0.86927927,0.8044623,0.84475565,0.7362945,0.93629897,0.89380336,0.5465194,0.95255905,0.7791849,0.70858777,0.8872889,0.84174293,0.85943604
1.0,0.20040798,0.0207394,0.2024654,0.15310448,0.20457768,0.39015973,-0.040582143,-0.15127409,-0.21641502,-0.2253725,0.27717513,-0.035707086,-0.11423877,-0.5286194,-0.07170646,0.21092986,-0.2720474,0.1357012,-0.17537048,0.17459694,0.83948314,0.92374134,0.8510966,0.910826,0.7898503,0.6657805,0.93775886,0.86932015,0.8049293,0.8450644,0.73630714,0.9364034,0.8935623,0.54690784,0.9523118,0.7795105,0.70881283,0.8876029,0.8417928,0.85963565
1.0,0.20038787,0.02073464,0.20247118,0.15309674,0.20462535,0.3901273,-0.040525906,-0.15123315,-0.21642375,-0.22541413,0.27712458,-0.035714835,-0.114330664,-0.52858555,-0.071795836,0.2109281,-0.27201882,0.13577159,-0.17543359,0.17459767,0.83938605,0.9237677,0.8511192,0.9108962,0.7898448,0.6657243,0.9377585,0.8693113,0.8048282,0.8449977,0.7363045,0.9363808,0.89361435,0.5468238,0.95236534,0.77944,0.7087641,0.88753486,0.84178203,0.85959244
1.0,0.20035642,0.020727174,0.2024801,0.15308475,0.20469952,0.3900761,-0.040438153,-0.15116923,-0.2164374,-0.22547874,0.27704537,-0.03572696,-0.114473864,-0.5285324,-0.07193528,0.2109253,-0.271974,0.13588144,-0.175532,0.17459863,0.8392345,0.9238092,0.85115474,0.911006,0.78983647,0.6656367,0.937758,0.8692975,0.80467075,0.84489346,0.73630023,0.93634546,0.89369583,0.5466929,0.95244884,0.7793303,0.7086882,0.8874289,0.8417654,0.85952514
0.0,0.2000893,0.020665737,0.2025535,0.15298343,0.20532006,0.3896395,-0.039697282,-0.1506331,-0.21655217,-0.22602019,0.276375,-0.035827518,-0.11567998,-0.5280826,-0.07310663,0.21090125,-0.2715918,0.1368054,-0.17635491,0.17460644,0.83795667,0.92416215,0.85145766,0.9119334,0.78976756,0.6649032,0.9377554,0.8691827,0.80334985,0.8440168,0.736267,0.9360502,0.8943813,0.54559153,0.9531505,0.7784101,0.70805264,0.88654166,0.84162843,0.8589597
0.0,0.20005435,0.020657973,0.20256293,0.1529704,0.20540008,0.3895824,-0.039600857,-0.1505638,-0.21656722,-0.2260902,0.2762878,-0.035840344,-0.11583665,-0.52802426,-0.07325833,0.21089819,-0.2715418,0.13692525,-0.17646116,0.17460746,0.8377908,0.9242084,0.8514975,0.91205424,0.78975856,0.66480833,0.93775517,0.8691679,0.80317926,0.843903,0.7362628,0.93601215,0.8944701,0.5454486,0.9532414,0.77829105,0.70797044,0.88642734,0.84161097,0.8588865
0.0,0.20019788,0.020690328,0.20252468,0.15302482,0.20507093,0.38981885,-0.039996833,-0.15084945,-0.21650636,-0.22580284,0.27664763,-0.03578715,-0.11519362,-0.52826595,-0.072634324,0.21091199,-0.27174833,0.13643262,-0.1760244,0.1746038,0.83847266,0.92401844,0.8513338,0.91155803,0.7897944,0.6651979,0.9377558,0.8692288,0.8038814,0.8443704,0.7362794,0.9361691,0.8941043,0.5460353,0.95286727,0.7787799,0.70830804,0.88689864,0.84168214,0.8591874
0.0,0.20012337,0.020673389,0.20254438,0.15299633,0.20524175,0.3896955,-0.03979138,-0.15070087,-0.2165376,-0.22595188,0.2764604,-0.035814893,-0.1155272,-0.52813995,-0.07295843,0.21090439,-0.27164084,0.13668834,-0.17625114,0.17460552,0.83811873,0.9241171,0.85141885,0.9118155,0.78977597,0.66499585,0.93775564,0.869197,0.8035167,0.84412783,0.73627096,0.9360873,0.8942944,0.545731,0.9530616,0.7785263,0.70813286,0.8866537,0.8416454,0.8590313
0.0,0.20013002,0.020674916,0.20254298,0.1529991,0.20522735,0.38970745,-0.039809264,-0.15071398,-0.21653536,-0.22593933,0.27647734,-0.035812438,-0.1154985,-0.52815175,-0.072930336,0.21090558,-0.2716509,0.13666621,-0.17623185,0.1746056,0.83814937,0.92410827,0.85141104,0.91179305,0.7897772,0.6650129,0.9377554,0.8691998,0.8035481,0.84414876,0.7362714,0.9360946,0.8942777,0.545757,0.9530447,0.7785479,0.7081477,0.88667494,0.84164804,0.8590447
0.0,0.20020658,0.020692294,0.20252214,0.15302798,0.2050505,0.3898325,-0.040021025,-0.15086684,-0.21650243,-0.22578499,0.27666903,-0.035783883,-0.115154,-0.52828026,-0.07259607,0.21091247,-0.27176046,0.13640241,-0.17599738,0.17460342,0.8385144,0.92400706,0.85132414,0.91152775,0.7897968,0.665222,0.93775606,0.8692325,0.8039247,0.84439915,0.7362808,0.9361787,0.894082,0.5460714,0.95284444,0.7788103,0.7083289,0.8869276,0.84168684,0.85920596
0.0,0.20018768,0.020687977,0.20252748,0.15302095,0.20509456,0.38980207,-0.039968513,-0.15082899,-0.21651071,-0.22582337,0.27662182,-0.03579098,-0.11523959,-0.52824885,-0.07267904,0.21091092,-0.2717336,0.13646783,-0.17605571,0.17460406,0.8384239,0.9240319,0.8513455,0.91159344,0.7897917,0.6651699,0.93775576,0.86922437,0.8038311,0.84433705,0.7362783,0.9361578,0.89413047,0.5459933,0.95289403,0.778745,0.70828384,0.88686484,0.841677,0.85916585
1.0,0.20029873,0.020713618,0.2024966,0.15306294,0.20483547,0.38998294,-0.04027719,-0.15105237,-0.2164627,-0.22559735,0.27690065,-0.035749026,-0.114736736,-0.5284355,-0.072190665,0.21092057,-0.27189216,0.13608268,-0.1757122,0.17460063,0.8389564,0.9238853,0.85121965,0.9112073,0.78982097,0.6654761,0.93775713,0.86927223,0.804382,0.8447025,0.7362924,0.936281,0.89384496,0.5464526,0.9526016,0.779129,0.70854914,0.8872349,0.84173465,0.8594018
1.0,0.20027214,0.02070746,0.20250435,0.15305308,0.20489852,0.38994056,-0.040202737,-0.15099859,-0.21647471,-0.22565249,0.27683413,-0.035759166,-0.11485845,-0.52839136,-0.07230873,0.21091886,-0.2718547,0.13617578,-0.17579573,0.17460173,0.8388277,0.92392033,0.8512496,0.91130024,0.78981334,0.6654016,0.93775654,0.8692606,0.80424863,0.84461397,0.73628867,0.9362512,0.8939137,0.5463412,0.95267224,0.7790357,0.7084846,0.88714534,0.8417201,0.85934454
1.0,0.20033443,0.020722015,0.202487,0.15307677,0.20475267,0.3900418,-0.04037597,-0.15112433,-0.21644786,-0.22552526,0.27699053,-0.035735473,-0.11457594,-0.52849627,-0.072034016,0.21092439,-0.27194348,0.13595931,-0.17560232,0.17459977,0.8391269,0.9238382,0.8511792,0.9110836,0.7898298,0.6655739,0.9377574,0.8692877,0.80455863,0.8448193,0.7362967,0.93632066,0.89375323,0.5465993,0.95250785,0.77925175,0.70863384,0.88735384,0.8417527,0.85947716
1.0,0.20038202,0.020733202,0.20247266,0.15309447,0.2046385,0.3901172,-0.040510096,-0.15122145,-0.2164259,-0.22542548,0.27710974,-0.035717085,-0.114356235,-0.5285753,-0.07182101,0.21092717,-0.2720103,0.13579144,-0.1754511,0.17459764,0.83935875,0.9237754,0.85112596,0.9109161,0.7898436,0.6657087,0.9377586,0.8693087,0.8047999,0.8449789,0.73630387,0.9363743,0.89362925,0.54680043,0.9523805,0.77942055,0.7087506,0.8875158,0.84177935,0.8595805
1.0,0.20015454,0.020680452,0.20253637,0.15300828,0.20517078,0.3897474,-0.039877027,-0.15076281,-0.21652472,-0.22588992,0.27653867,-0.035803344,-0.115388215,-0.5281927,-0.072823435,0.21090768,-0.2716859,0.13658185,-0.17615683,0.17460491,0.8382662,0.92407584,0.8513832,0.9117082,0.7897836,0.66507983,0.93775564,0.86921024,0.8036685,0.8442288,0.7362744,0.93612146,0.8942151,0.54585767,0.9529806,0.7786319,0.7082057,0.88675565,0.8416605,0.8590963
1.0,0.20034364,0.020724172,0.20248419,0.1530802,0.20473047,0.39005613,-0.040401936,-0.15114313,-0.21644339,-0.22550583,0.27701348,-0.035731904,-0.11453332,-0.52851135,-0.071992785,0.2109248,-0.2719563,0.13592678,-0.17557295,0.17459929,0.83917177,0.92382604,0.85116893,0.91105115,0.78983265,0.66560006,0.93775755,0.86929184,0.80460536,0.8448503,0.73629814,0.93633103,0.8937292,0.5466384,0.9524832,0.77928454,0.7086566,0.8873852,0.84175795,0.8594972
1.0,0.20032519,0.020719828,0.20248942,0.15307316,0.20477414,0.3900264,-0.040350307,-0.15110567,-0.21645167,-0.22554392,0.2769671,-0.035738982,-0.114617735,-0.5284804,-0.072074756,0.21092331,-0.27193013,0.13599135,-0.17563081,0.17459998,0.83908254,0.9238504,0.85118973,0.9111157,0.7898275,0.6655485,0.93775725,0.86928374,0.8045128,0.84478897,0.7362956,0.9363103,0.8937771,0.5465612,0.9525322,0.77921987,0.70861197,0.88732296,0.841748,0.8594576
1.0,0.20031947,0.020718487,0.20249066,0.15307081,0.20478685,0.3900164,-0.040334906,-0.1510943,-0.21645373,-0.22555494,0.27695274,-0.035741135,-0.114642546,-0.5284703,-0.07209916,0.21092238,-0.2719217,0.13601057,-0.17564774,0.17459998,0.8390559,0.92385787,0.8511963,0.911135,0.78982645,0.66553354,0.9377574,0.8692813,0.80448544,0.84477085,0.7362952,0.9363041,0.89379156,0.5465388,0.95254683,0.77920103,0.7085989,0.8873044,0.8417455,0.85944587
0.0,0.20024836,0.020701924,0.20251101,0.15304407,0.2049541,0.38990158,-0.040136572,-0.1509506,-0.21648496,-0.22570089,0.27677423,-0.03576818,-0.11496629,-0.52835125,-0.07241348,0.21091668,-0.27182066,0.13625841,-0.17586939,0.1746024,0.8387135,0.92395186,0.8512765,0.9113831,0.7898073,0.66533595,0.9377562,0.86925036,0.8041304,0.84453565,0.7362857,0.9362248,0.893975,0.5462427,0.95273495,0.77895343,0.7084277,0.88706595,0.84170777,0.85929394
1.0,0.2003158,0.020717626,0.20249194,0.15306956,0.20479581,0.3900109,-0.04032453,-0.15108684,-0.21645555,-0.22556281,0.27694374,-0.035742544,-0.11465976,-0.5284646,-0.072115704,0.21092239,-0.27191672,0.1360236,-0.17565957,0.17460023,0.839038,0.9238627,0.8512003,0.911148,0.7898252,0.66552293,0.93775713,0.8692796,0.8044666,0.8447585,0.73629457,0.93630004,0.893801,0.5465228,0.9525567,0.77918774,0.7085898,0.88729185,0.8417433,0.8594378
0.0,0.20036665,0.0207296,0.20247717,0.15308866,0.20467542,0.39009267,-0.04046668,-0.15118998,-0.21643293,-0.22545773,0.27707112,-0.03572304,-0.11442736,-0.52854955,-0.07189,0.21092626,-0.27198857,0.13584574,-0.17549999,0.17459829,0.8392836,0.92379576,0.8511432,0.9109704,0.7898392,0.66566515,0.93775815,0.8693019,0.80472183,0.8449272,0.73630166,0.9363569,0.89366937,0.54673535,0.9524216,0.7793659,0.7087129,0.88746333,0.84177077,0.859547
1.0,0.20048416,0.020757763,0.20244296,0.15313345,0.20439573,0.3902819,-0.040795878,-0.15143001,-0.21638128,-0.22521386,0.27736682,-0.03567738,-0.113888875,-0.5287475,-0.071365885,0.21093598,-0.272155,0.13543312,-0.17512925,0.17459409,0.839853,0.923641,0.8510111,0.9105591,0.7898715,0.66599506,0.9377605,0.86935395,0.805315,0.8453187,0.736318,0.9364896,0.8933639,0.5472281,0.95210826,0.7797794,0.70899874,0.8878624,0.8418347,0.8598002
0.0,0.20026007,0.020704614,0.20250739,0.15304825,0.2049262,0.3899201,-0.040169433,-0.15097432,-0.21647957,-0.22567657,0.2768035,-0.035763722,-0.114912435,-0.52837044,-0.072361395,0.21091737,-0.2718371,0.1362173,-0.1758325,0.17460193,0.8387704,0.92393637,0.8512634,0.911342,0.7898106,0.66536903,0.93775654,0.8692555,0.8041894,0.84457475,0.7362874,0.9362379,0.8939447,0.54629195,0.9527039,0.7789947,0.7084562,0.88710546,0.8417143,0.85931927
1.0,0.20031628,0.020717708,0.2024915,0.15306953,0.20479405,0.39001125,-0.040326215,-0.15108795,-0.21645483,-0.2255612,0.27694452,-0.03574231,-0.11465667,-0.5284649,-0.072112955,0.21092185,-0.271917,0.13602144,-0.17565735,0.17459996,0.83904105,0.9238621,0.8511999,0.911146,0.78982586,0.6655251,0.9377575,0.8692799,0.80446994,0.84476066,0.73629487,0.9363005,0.89379954,0.5465259,0.9525552,0.7791903,0.70859146,0.8872939,0.84174407,0.8594394
1.0,0.20016998,0.020683939,0.20253204,0.1530141,0.20513506,0.38977265,-0.039919816,-0.1507937,-0.21651801,-0.22585875,0.2765774,-0.035797562,-0.11531858,-0.5282186,-0.0727559,0.210909,-0.27170798,0.13652849,-0.17610951,0.17460442,0.8383399,0.92405534,0.8513657,0.91165453,0.7897875,0.66512215,0.93775576,0.8692168,0.8037446,0.8442794,0.7362764,0.93613845,0.8941755,0.54592115,0.9529402,0.778685,0.7082423,0.8868067,0.84166837,0.85912883
1.0,0.2001886,0.020688204,0.20252708,0.15302122,0.2050921,0.38980335,-0.03997133,-0.15083088,-0.21651018,-0.22582126,0.27662414,-0.035790622,-0.115234986,-0.52825016,-0.072674654,0.21091083,-0.27173483,0.13646439,-0.1760525,0.17460397,0.8384287,0.9240308,0.85134447,0.91159004,0.7897922,0.6651729,0.9377558,0.86922467,0.8038361,0.8443403,0.73627853,0.93615896,0.89412796,0.5459975,0.95289147,0.7787486,0.7082862,0.88686824,0.84167767,0.8591681
0.0,0.20033482,0.020722045,0.20248704,0.15307707,0.2047522,0.39004266,-0.040376563,-0.15112497,-0.21644789,-0.22552493,0.2769915,-0.03573535,-0.11457501,-0.52849704,-0.072032996,0.21092463,-0.27194417,0.13595845,-0.17560168,0.17459989,0.83912796,0.9238377,0.8511786,0.9110827,0.7898297,0.6655743,0.93775713,0.8692879,0.8045597,0.84482014,0.73629665,0.936321,0.8937524,0.5466002,0.95250714,0.77925235,0.7086343,0.8873546,0.8417526,0.85947764
0.0,0.19992268,0.02062918,0.202597,0.15292093,0.2056982,0.38936454,-0.03923945,-0.15030459,-0.2166228,-0.22635058,0.27595866,-0.03588818,-0.116422206,-0.5278032,-0.07382526,0.21088567,-0.27135167,0.13737345,-0.17685653,0.17461056,0.8371693,0.9243831,0.8516481,0.9125077,0.78972656,0.6644552,0.9377549,0.8691132,0.80254245,0.84347737,0.7362484,0.93587005,0.8948033,0.54491496,0.9535815,0.7778475,0.7076644,0.88600063,0.8415477,0.85861284
0.0,0.20026761,0.020706384,0.20250559,0.15305135,0.2049091,0.38993302,-0.040190123,-0.15098938,-0.21647665,-0.22566167,0.2768227,-0.0357609,-0.11487906,-0.52838355,-0.072328694,0.21091835,-0.2718482,0.13619159,-0.17580977,0.17460184,0.838806,0.9239264,0.8512547,0.9113161,0.78981227,0.66538906,0.9377564,0.8692587,0.80422604,0.84459907,0.73628813,0.93624616,0.8939254,0.54632246,0.9526842,0.77902,0.70847374,0.88713014,0.8417178,0.85933495
0.0,0.20036429,0.02072903,0.202478,0.15308785,0.2046813,0.39008918,-0.040459894,-0.15118517,-0.21643412,-0.22546291,0.2770654,-0.035723954,-0.11443846,-0.52854604,-0.07190071,0.21092625,-0.27198544,0.13585423,-0.17550777,0.17459852,0.8392719,0.92379874,0.85114574,0.9109787,0.78983843,0.66565824,0.937758,0.86930096,0.8047097,0.8449192,0.7363011,0.9363542,0.89367557,0.5467253,0.95242816,0.77935725,0.70870686,0.8874551,0.84176934,0.85954183
1.0,0.20037696,0.020732047,0.2024743,0.15309265,0.20465131,0.39010957,-0.040495306,-0.15121087,-0.21642855,-0.22543669,0.27709705,-0.03571907,-0.11438066,-0.5285671,-0.071844496,0.21092734,-0.27200332,0.1358099,-0.175468,0.17459805,0.83933306,0.92378217,0.85113156,0.91093457,0.78984183,0.66569364,0.93775827,0.8693065,0.80477315,0.84496117,0.736303,0.9363684,0.8936429,0.5467781,0.9523944,0.7794017,0.7087376,0.8874979,0.8417761,0.859569
0.0,0.20029381,0.02071246,0.20249832,0.1530613,0.20484793,0.38997555,-0.04026281,-0.15104215,-0.21646535,-0.22560829,0.27688837,-0.035750955,-0.11476049,-0.5284276,-0.072213486,0.21092072,-0.27188545,0.13610074,-0.17572865,0.17460103,0.83893144,0.9238919,0.85122514,0.91122514,0.7898193,0.66546136,0.9377568,0.86927,0.80435604,0.8446853,0.7362914,0.93627536,0.89385813,0.5464307,0.9526152,0.7791106,0.7085364,0.88721764,0.84173137,0.85939056
1.0,0.20032415,0.020719608,0.2024895,0.15307257,0.20477569,0.39002416,-0.040348083,-0.15110385,-0.21645156,-0.22554529,0.2769645,-0.035739325,-0.114621,-0.52847826,-0.07207824,0.21092272,-0.2719283,0.13599412,-0.17563297,0.17459983,0.8390787,0.9238517,0.8511909,0.9111186,0.78982776,0.66554666,0.9377575,0.8692834,0.80450904,0.8447865,0.7362958,0.9363094,0.8937792,0.5465583,0.9525344,0.77921754,0.70861024,0.8873203,0.8417481,0.85945606
1.0,0.2001917,0.020688904,0.20252623,0.15302241,0.20508501,0.38980836,-0.0399798,-0.15083706,-0.21650884,-0.22581506,0.27663177,-0.035789482,-0.11522111,-0.52825534,-0.072661206,0.21091105,-0.2717392,0.13645378,-0.1760431,0.17460388,0.83844334,0.92402667,0.85134095,0.91157943,0.789793,0.6651813,0.9377558,0.86922616,0.8038513,0.8443504,0.73627895,0.9361623,0.8941201,0.54601014,0.9528834,0.7787591,0.70829356,0.8868783,0.84167933,0.8591745
0.0,0.20023438,0.020698687,0.20251459,0.15303859,0.20498599,0.389878,-0.040098112,-0.15092263,-0.2164906,-0.22572875,0.27673894,-0.03577343,-0.115028575,-0.52832717,-0.072474256,0.21091497,-0.27180034,0.13630629,-0.1759118,0.17460264,0.83864737,0.9239703,0.85129255,0.91143125,0.78980404,0.66529834,0.9377562,0.86924434,0.80406195,0.8444903,0.73628414,0.9362095,0.8940106,0.546186,0.9527715,0.778906,0.708395,0.88701993,0.8417011,0.8592648
0.0,0.20032158,0.020718968,0.20248981,0.15307146,0.20478107,0.39001948,-0.040341377,-0.15109883,-0.2164523,-0.22554985,0.27695793,-0.03574027,-0.11463167,-0.5284736,-0.07208886,0.21092206,-0.27192438,0.13600245,-0.17564015,0.17459969,0.8390673,0.923855,0.851194,0.9111271,0.78982735,0.66554046,0.93775755,0.86928225,0.8044973,0.8447788,0.7362958,0.9363066,0.89378554,0.5465487,0.95254076,0.77920955,0.7086048,0.8873123,0.8417472,0.8594511
0.0,0.20035917,0.020727849,0.20247954,0.15308604,0.2046936,0.39008108,-0.040445548,-0.15117474,-0.2164365,-0.22547364,0.27705252,-0.035725906,-0.11446215,-0.52853745,-0.07192362,0.2109261,-0.2719783,0.13587227,-0.17552407,0.17459871,0.839247,0.92380553,0.85115147,0.9109967,0.7898369,0.66564363,0.9377579,0.8692986,0.8046837,0.84490204,0.7363003,0.9363485,0.89368886,0.5467034,0.95244175,0.7793391,0.7086942,0.8874377,0.84176636,0.8595307
0.0,0.20025557,0.020703593,0.20250843,0.15304643,0.20493594,0.3899122,-0.040157493,-0.15096548,-0.216481,-0.22568497,0.27679205,-0.035765436,-0.11493161,-0.5283625,-0.0723803,0.21091644,-0.27183032,0.13623223,-0.17584544,0.17460181,0.83874977,0.9239422,0.8512687,0.91135705,0.7898098,0.66535753,0.93775666,0.8692536,0.8041682,0.84456074,0.7362871,0.936233,0.8939558,0.54627466,0.9527153,0.77898014,0.70844626,0.8870911,0.8417124,0.85931027
1.0,0.20044279,0.020747757,0.20245524,0.15311772,0.20449477,0.39021575,-0.040679716,-0.15134513,-0.2163997,-0.22530025,0.27726263,-0.03569357,-0.11407921,-0.52867794,-0.07155116,0.21093267,-0.27209657,0.13557892,-0.17526054,0.1745957,0.8396519,0.92369545,0.8510575,0.91070414,0.78985983,0.66587824,0.9377595,0.86933553,0.80510515,0.8451804,0.7363121,0.93644273,0.89347184,0.5470538,0.952219,0.77963305,0.7088976,0.8877212,0.84181184,0.8597107
1.0,0.2003833,0.02073354,0.20247243,0.15309504,0.204636,0.39011973,-0.0405133,-0.15122391,-0.21642563,-0.22542337,0.27711308,-0.0357166,-0.11435124,-0.5285777,-0.071815945,0.21092762,-0.27201232,0.13578746,-0.1754478,0.17459778,0.8393642,0.92377377,0.8511244,0.91091216,0.7898436,0.6657117,0.9377585,0.86930925,0.8048056,0.8449827,0.73630387,0.93637556,0.8936262,0.54680496,0.95237744,0.7794242,0.70875317,0.8875196,0.8417797,0.85958284
1.0,0.20046932,0.020754145,0.20244735,0.15312767,0.20443115,0.39025792,-0.04075426,-0.15139954,-0.21638772,-0.22524467,0.27732927,-0.03568319,-0.11395694,-0.5287223,-0.071432255,0.21093462,-0.27213386,0.13548537,-0.17517622,0.17459455,0.839781,0.9236606,0.85102797,0.9106111,0.78986746,0.66595346,0.93776023,0.8693474,0.80523986,0.84526914,0.7363161,0.93647283,0.8934025,0.5471658,0.9521479,0.77972704,0.7089626,0.88781184,0.8418266,0.8597682
1.0,0.20042866,0.020744393,0.20245954,0.15311241,0.20452881,0.3901933,-0.040639833,-0.15131624,-0.2164062,-0.2253299,0.27722728,-0.03569905,-0.11414455,-0.5286545,-0.07161461,0.21093181,-0.27207676,0.1356289,-0.17530568,0.17459632,0.83958286,0.9237141,0.8510734,0.9107539,0.78985584,0.66583806,0.9377592,0.86932915,0.80503315,0.8451329,0.73630995,0.9364267,0.8935087,0.546994,0.9522569,0.7795828,0.7088627,0.8876728,0.8418039,0.8596799
1.0,0.2002872,0.02071091,0.20250009,0.1530588,0.20486324,0.38996476,-0.040244512,-0.15102886,-0.21646813,-0.22562176,0.2768718,-0.03575348,-0.11479038,-0.5284165,-0.0722425,0.21092007,-0.2718761,0.13612358,-0.175749,0.17460118,0.83889985,0.9239006,0.8512325,0.911248,0.7898174,0.6654432,0.9377568,0.8692673,0.8043233,0.8446636,0.7362907,0.936268,0.89387506,0.5464036,0.95263255,0.7790878,0.7085207,0.88719565,0.841728,0.8593766
0.0,0.20037279,0.020731041,0.2024754,0.15309095,0.2046608,0.39010236,-0.040483836,-0.15120247,-0.21643022,-0.22544503,0.27708644,-0.035720654,-0.114399254,-0.5285598,-0.071862705,0.21092665,-0.2719972,0.13582426,-0.17548074,0.17459807,0.8393133,0.92378765,0.85113627,0.9109489,0.789841,0.6656824,0.93775827,0.8693046,0.80475277,0.8449477,0.73630255,0.9363638,0.89365345,0.54676116,0.95240533,0.7793875,0.7087278,0.88748413,0.8417741,0.8595602
1.0,0.2002776,0.020708693,0.20250262,0.15305495,0.20488513,0.3899487,-0.04021819,-0.15100966,-0.21647191,-0.22564074,0.27684754,-0.035757072,-0.11483288,-0.52839994,-0.07228409,0.21091881,-0.27186206,0.13615634,-0.17577802,0.17460133,0.8388547,0.9239131,0.8512436,0.91128093,0.78981525,0.66541743,0.9377568,0.8692632,0.8042765,0.84463257,0.7362897,0.9362575,0.8938995,0.5463647,0.9526576,0.77905536,0.70849824,0.88716406,0.8417235,0.8593566
1.0,0.20055676,0.020775521,0.20242125,0.15316114,0.20422058,0.39039776,-0.04100047,-0.1515796,-0.21634889,-0.22506124,0.27754968,-0.03564872,-0.113553405,-0.52886975,-0.07103912,0.21094155,-0.27225715,0.13517609,-0.17489722,0.17459118,0.8402072,0.92354554,0.85093,0.9103038,0.7898921,0.66620153,0.9377623,0.8693866,0.8056855,0.8455626,0.73632884,0.9365725,0.8931738,0.54753524,0.95191294,0.7800379,0.70917755,0.8881119,0.8418755,0.85995823
1.0,0.20034438,0.02072435,0.2024838,0.1530804,0.20472854,0.39005724,-0.04040414,-0.1511447,-0.21644303,-0.22550413,0.27701533,-0.03573163,-0.11452967,-0.5285125,-0.07198925,0.21092479,-0.27195728,0.13592404,-0.17557035,0.17459925,0.8391756,0.92382514,0.85116804,0.9110484,0.78983295,0.6656024,0.9377577,0.86929214,0.8046095,0.8448529,0.7362984,0.93633187,0.8937272,0.5466418,0.9524811,0.7792874,0.70865864,0.8873879,0.8417585,0.8594989
0.0,0.20024192,0.02070046,0.2025127,0.1530416,0.20496899,0.3898911,-0.040118728,-0.15093766,-0.21648768,-0.22571385,0.27675813,-0.03577063,-0.11499527,-0.5283402,-0.072441645,0.21091604,-0.2718114,0.13628061,-0.17588913,0.17460257,0.83868283,0.9239603,0.85128385,0.91140544,0.7898056,0.66531837,0.9377562,0.8692477,0.8040986,0.8445146,0.73628485,0.9362178,0.8939915,0.54621637,0.9527518,0.7789313,0.70841247,0.8870446,0.8417045,0.85928035
1.0,0.20028147,0.020709617,0.20250157,0.15305644,0.20487632,0.389955,-0.040228803,-0.15101741,-0.21647027,-0.225633,0.27685726,-0.035755638,-0.11481564,-0.5284066,-0.07226733,0.21091929,-0.27186763,0.1361431,-0.17576635,0.17460124,0.8388728,0.92390805,0.8512391,0.9112677,0.7898162,0.66542774,0.9377568,0.8692647,0.8042954,0.8446451,0.7362901,0.9362617,0.89388967,0.5463804,0.95264757,0.7790685,0.7085073,0.88717675,0.84172535,0.8593647
1.0,0.20039648,0.020736644,0.20246848,0.15309992,0.2046046,0.3901407,-0.04055015,-0.1512507,-0.21641982,-0.225396,0.2771461,-0.035711568,-0.11429089,-0.5285997,-0.0717573,0.2109286,-0.27203077,0.13574122,-0.17540617,0.17459722,0.8394279,0.9237565,0.8511096,0.9108661,0.78984743,0.6657488,0.93775874,0.869315,0.804872,0.8450265,0.7363057,0.93639046,0.89359206,0.5468602,0.9523423,0.7794705,0.70878524,0.8875643,0.8417869,0.8596111
1.0,0.2004303,0.020744765,0.20245917,0.15311304,0.20452505,0.39019597,-0.040644284,-0.15131949,-0.21640554,-0.22532672,0.27723145,-0.03569843,-0.11413728,-0.5286573,-0.07160746,0.21093199,-0.27207917,0.1356233,-0.17530069,0.17459626,0.8395907,0.9237119,0.8510715,0.9107483,0.789856,0.6658425,0.9377592,0.8693299,0.8050412,0.8451382,0.73631,0.93642855,0.8935045,0.54700065,0.9522526,0.7795883,0.70886654,0.88767827,0.8418046,0.8596833
1.0,0.20038137,0.02073309,0.20247306,0.15309435,0.20464084,0.39011663,-0.040507652,-0.15121982,-0.21642664,-0.22542763,0.2771082,-0.03571739,-0.11436048,-0.5285744,-0.071824946,0.21092756,-0.27200952,0.13579449,-0.17545417,0.17459784,0.83935434,0.92377645,0.8511265,0.9109191,0.78984314,0.66570586,0.9377584,0.8693084,0.8047953,0.8449759,0.7363035,0.9363734,0.8936314,0.5467965,0.9523828,0.77941716,0.7087482,0.88751286,0.8417785,0.85957843
1.0,0.2003969,0.02073674,0.20246845,0.15310013,0.20460364,0.3901413,-0.040551335,-0.15125157,-0.21641955,-0.22539511,0.27714705,-0.03571135,-0.11428887,-0.52860045,-0.07175539,0.21092865,-0.27203134,0.13573974,-0.17540482,0.17459722,0.8394299,0.9237558,0.8511091,0.9108646,0.78984743,0.66574997,0.93775874,0.86931527,0.8048741,0.8450279,0.73630583,0.93639094,0.8935909,0.54686207,0.95234114,0.7794721,0.70878637,0.88756573,0.84178716,0.8596121
0.0,0.20017028,0.02068402,0.20253222,0.15301445,0.20513481,0.38977382,-0.039920367,-0.15079424,-0.21651834,-0.2258586,0.27657843,-0.035797454,-0.115318045,-0.5282196,-0.072755076,0.2109095,-0.27170882,0.13652787,-0.17610915,0.17460461,0.83834094,0.924055,0.85136515,0.91165376,0.7897873,0.66512233,0.9377555,0.8692169,0.8037454,0.84427994,0.73627615,0.93613875,0.894175,0.5459217,0.9529396,0.77868515,0.70824254,0.8868074,0.84166807,0.8591291
0.0,0.20015535,0.020680627,0.20253612,0.15300876,0.20516892,0.3897488,-0.039879255,-0.1507644,-0.21652442,-0.22588831,0.2765407,-0.035803013,-0.11538471,-0.5281942,-0.07281996,0.21090771,-0.2716871,0.13657907,-0.17615446,0.17460488,0.8382701,0.9240748,0.8513823,0.9117053,0.7897838,0.6650819,0.93775564,0.8692106,0.8036724,0.8442314,0.7362744,0.9361223,0.8942131,0.54586095,0.9529785,0.77863455,0.7082076,0.8867582,0.8416608,0.8590979
1.0,0.20032766,0.020720383,0.20248848,0.15307406,0.2047679,0.3900303,-0.040357545,-0.15111078,-0.21645033,-0.22553843,0.27697337,-0.035738,-0.114605814,-0.52848434,-0.072063275,0.21092337,-0.27193344,0.13598229,-0.17562254,0.17459978,0.8390951,0.92384714,0.851187,0.9111067,0.7898285,0.6655559,0.9377574,0.8692848,0.80452585,0.84479773,0.7362961,0.93631315,0.89377046,0.54657215,0.95252544,0.7792291,0.7086183,0.8873316,0.8417496,0.8594633
1.0,0.20039359,0.020735977,0.20246981,0.15309918,0.20461236,0.39013684,-0.04054153,-0.15124466,-0.2164217,-0.2254028,0.27713907,-0.03571268,-0.11430533,-0.52859557,-0.071771026,0.21092898,-0.27202722,0.13575208,-0.17541632,0.1745976,0.8394129,0.9237602,0.8511126,0.91087675,0.78984606,0.6657394,0.9377584,0.8693137,0.8048562,0.845016,0.73630494,0.9363871,0.8935998,0.5468469,0.95235044,0.77945924,0.7087773,0.88755375,0.8417847,0.8596043
1.0,0.20027798,0.020708794,0.20250225,0.15305507,0.20488387,0.38994902,-0.04021956,-0.15101057,-0.21647158,-0.22563958,0.27684838,-0.0357569,-0.11483064,-0.5284004,-0.072281994,0.21091862,-0.27186248,0.13615468,-0.17577645,0.17460123,0.8388569,0.92391264,0.8512432,0.9112793,0.78981555,0.665419,0.9377569,0.86926323,0.80427897,0.84463423,0.73628986,0.93625784,0.89389837,0.5463669,0.9526563,0.77905726,0.70849955,0.88716567,0.8417239,0.8593577
1.0,0.20048028,0.020756809,0.202444,0.1531319,0.20440489,0.3902754,-0.040784992,-0.15142198,-0.21638295,-0.22522184,0.2773568,-0.035678916,-0.11390658,-0.52874064,-0.07138325,0.21093544,-0.27214935,0.13544679,-0.17514148,0.17459416,0.8398342,0.92364615,0.8510156,0.91057265,0.78987056,0.6659843,0.9377605,0.86935216,0.80529535,0.84530574,0.7363176,0.9364852,0.89337415,0.54721177,0.9521186,0.7797658,0.7089894,0.88784915,0.84183276,0.85979193
1.0,0.20020354,0.020691605,0.20252292,0.15302676,0.20505741,0.38982743,-0.040012673,-0.15086079,-0.21650362,-0.225791,0.27666152,-0.035785023,-0.1151675,-0.52827513,-0.07260924,0.21091199,-0.27175602,0.13641278,-0.17600654,0.17460348,0.8385001,0.9240111,0.85132754,0.91153824,0.78979605,0.6652138,0.93775594,0.8692312,0.80390984,0.84438926,0.7362804,0.93617535,0.89408976,0.5460592,0.95285237,0.77880013,0.70832187,0.88691777,0.8416854,0.8591997
1.0,0.20024648,0.020701459,0.20251143,0.15304327,0.20495816,0.38989815,-0.040131494,-0.15094689,-0.21648556,-0.22570446,0.2767694,-0.035768867,-0.114974454,-0.52834773,-0.072421476,0.21091631,-0.2718178,0.13626471,-0.17587484,0.17460237,0.83870476,0.92395437,0.8512787,0.91138947,0.7898069,0.66533107,0.9377563,0.8692496,0.8041215,0.84452975,0.73628557,0.93622273,0.8939797,0.5462354,0.9527397,0.77894723,0.7084235,0.88705987,0.841707,0.8592902
1.0,0.20026055,0.02070474,0.20250729,0.15304855,0.20492502,0.38992104,-0.04017087,-0.1509753,-0.21647936,-0.22567552,0.2768048,-0.035763524,-0.1149102,-0.52837145,-0.0723592,0.21091741,-0.27183786,0.13621551,-0.17583096,0.1746019,0.8387728,0.9239357,0.85126275,0.9113402,0.7898107,0.6653703,0.93775654,0.8692557,0.8041918,0.8445764,0.7362874,0.9362384,0.89394337,0.5462941,0.9527025,0.77899635,0.7084574,0.88710713,0.8417145,0.85932034
0.0,0.2001603,0.020681752,0.2025346,0.15301043,0.20515716,0.38975665,-0.0398932,-0.15077442,-0.21652207,-0.22587809,0.27655303,-0.03580116,-0.11536187,-0.5282023,-0.07279797,0.21090798,-0.27169403,0.13656169,-0.17613888,0.17460465,0.8382941,0.9240683,0.8513767,0.9116879,0.78978515,0.66509587,0.93775576,0.8692127,0.8036973,0.844248,0.73627514,0.93612784,0.8942002,0.5458817,0.9529655,0.778652,0.70821965,0.88677496,0.84166366,0.8591086
0.0,0.20013574,0.02067616,0.20254155,0.1530014,0.20521441,0.38971713,-0.039824843,-0.15072528,-0.21653306,-0.2259281,0.27649182,-0.03581032,-0.11547333,-0.5281615,-0.072905704,0.2109063,-0.27165923,0.13664676,-0.17621474,0.1746056,0.83817637,0.9241006,0.85140455,0.9117734,0.7897785,0.66502815,0.9377553,0.86920226,0.80357575,0.8441672,0.736272,0.93610084,0.89426327,0.54578006,0.95302993,0.778567,0.70816094,0.88669354,0.8416508,0.8590565
1.0,0.20032522,0.020719824,0.20248912,0.15307298,0.20477362,0.39002612,-0.040350664,-0.1511058,-0.21645129,-0.2255435,0.27696693,-0.035738956,-0.114616945,-0.52848005,-0.07207417,0.21092303,-0.27192986,0.13599093,-0.17563023,0.17459981,0.8390832,0.9238504,0.85118985,0.91111535,0.78982776,0.6655492,0.9377574,0.86928374,0.8045135,0.8447895,0.7362958,0.9363104,0.8937768,0.54656196,0.95253193,0.7792206,0.7086123,0.8873234,0.8417483,0.85945797
0.0,0.20037577,0.020731738,0.20247477,0.15309224,0.20465428,0.39010778,-0.040491804,-0.15120839,-0.2164292,-0.22543937,0.27709413,-0.03571953,-0.11438638,-0.528565,-0.07185,0.21092732,-0.2720017,0.13581426,-0.17547204,0.17459811,0.83932704,0.9237838,0.85113287,0.91093886,0.7898414,0.66569006,0.93775827,0.86930585,0.8047669,0.84495705,0.7363027,0.93636703,0.89364594,0.5467728,0.95239776,0.7793972,0.70873445,0.8874938,0.84177536,0.8595663
0.0,0.20024657,0.020701507,0.20251106,0.15304315,0.20495753,0.3898982,-0.040132042,-0.15094721,-0.21648526,-0.22570392,0.27676976,-0.0357688,-0.11497334,-0.52834785,-0.07242057,0.21091615,-0.2718178,0.13626398,-0.17587408,0.17460231,0.83870584,0.9239541,0.8512787,0.9113888,0.7898072,0.66533184,0.9377563,0.8692497,0.80412257,0.84453046,0.7362857,0.936223,0.8939792,0.54623646,0.95273924,0.7789482,0.7084241,0.8870605,0.8417073,0.8592907
0.0,0.19999015,0.020643836,0.20257983,0.15294644,0.20554636,0.38947672,-0.03942412,-0.15043692,-0.21659467,-0.22621799,0.27612734,-0.03586381,-0.11612342,-0.52791643,-0.07353594,0.21089235,-0.2714494,0.13714464,-0.17665516,0.17460911,0.8374866,0.9242936,0.8515707,0.9122759,0.7897426,0.6646352,0.9377548,0.8691411,0.8028671,0.8436945,0.7362554,0.9359425,0.8946332,0.5451871,0.9534079,0.77807355,0.70782024,0.88621825,0.84157956,0.8587523
0.0,0.20009741,0.020667585,0.20255126,0.15298653,0.20530128,0.38965297,-0.039719798,-0.1506493,-0.21654862,-0.22600383,0.27639538,-0.035824485,-0.11564341,-0.5280963,-0.07307115,0.21090187,-0.27160355,0.13677737,-0.17633004,0.1746062,0.83799565,0.9241515,0.8514484,0.9119052,0.7897696,0.66492546,0.9377554,0.8691861,0.80338997,0.8440434,0.736268,0.93605906,0.8943604,0.545625,0.95312923,0.778438,0.7080719,0.8865685,0.8416326,0.85897696
1.0,0.2003817,0.02073318,0.20247307,0.1530945,0.20464028,0.39011753,-0.040508427,-0.1512205,-0.21642667,-0.22542709,0.27710927,-0.035717234,-0.11435929,-0.5285752,-0.071823604,0.21092778,-0.27201024,0.13579343,-0.17545338,0.174598,0.83935577,0.923776,0.85112613,0.91091806,0.789843,0.6657066,0.93775827,0.8693085,0.8047967,0.8449767,0.7363035,0.9363737,0.8936305,0.54679775,0.95238197,0.779418,0.7087488,0.88751376,0.8417785,0.85957897
1.0,0.20049274,0.020759841,0.20244017,0.15313652,0.20437436,0.3902951,-0.040820554,-0.15144788,-0.21637711,-0.22519529,0.2773884,-0.03567398,-0.1138483,-0.52876174,-0.07132653,0.21093631,-0.27216682,0.13540213,-0.17510109,0.17459358,0.8398957,0.92362964,0.8510017,0.9105284,0.78987426,0.6660204,0.93776083,0.86935794,0.8053597,0.8453482,0.73631966,0.9364996,0.8933411,0.5472653,0.9520847,0.7798107,0.7090205,0.8878925,0.84183997,0.85981935
0.0,0.20039341,0.02073591,0.20246924,0.15309876,0.20461147,0.39013544,-0.040541872,-0.15124464,-0.21642089,-0.22540197,0.27713823,-0.035712667,-0.114304185,-0.5285944,-0.071770445,0.21092805,-0.27202633,0.13575159,-0.17541537,0.1745972,0.83941364,0.9237605,0.8511132,0.9108764,0.78984696,0.6657406,0.93775874,0.8693137,0.80485725,0.8450168,0.73630553,0.9363871,0.89359975,0.54684806,0.9523502,0.77946043,0.7087782,0.8875543,0.8417856,0.85960495
0.0,0.20005316,0.020657705,0.2025631,0.15296993,0.20540257,0.38958022,-0.039597783,-0.15056148,-0.21656749,-0.22609231,0.27628475,-0.035840757,-0.11584158,-0.52802205,-0.07326321,0.2108979,-0.27153993,0.1369291,-0.17646444,0.1746074,0.83778536,0.92421,0.8514988,0.91205823,0.78975844,0.66480553,0.93775517,0.86916745,0.8031738,0.84389937,0.7362628,0.9360109,0.89447314,0.54544425,0.9532443,0.7782875,0.70796794,0.8864237,0.8416106,0.85888416
1.0,0.20039192,0.020735608,0.20246989,0.15309829,0.2046154,0.39013353,-0.040537577,-0.15124156,-0.21642181,-0.22540537,0.27713478,-0.035713237,-0.11431147,-0.5285921,-0.07177734,0.21092828,-0.2720245,0.13575698,-0.17542039,0.17459743,0.83940613,0.9237623,0.8511146,0.91088176,0.7898463,0.665736,0.9377586,0.86931306,0.8048492,0.8450115,0.7363051,0.9363854,0.8936037,0.5468414,0.95235425,0.7794547,0.7087743,0.88754904,0.8417844,0.8596015
1.0,0.20039856,0.020737184,0.20246804,0.15310082,0.20459992,0.39014432,-0.040555917,-0.15125495,-0.21641898,-0.22539186,0.27715135,-0.035710737,-0.11428155,-0.52860343,-0.07174812,0.21092896,-0.27203393,0.13573404,-0.17539988,0.1745972,0.8394379,0.9237536,0.85110724,0.91085875,0.7898479,0.6657543,0.93775874,0.8693159,0.8048822,0.8450333,0.73630595,0.9363928,0.89358664,0.5468688,0.95233685,0.7794778,0.7087902,0.8875713,0.84178793,0.85961556
1.0,0.20037466,0.02073148,0.20247503,0.1530917,0.20465666,0.39010572,-0.040488884,-0.15120621,-0.21642959,-0.2254414,0.2770912,-0.035719972,-0.11439112,-0.5285633,-0.07185468,0.210927,-0.27200004,0.13581796,-0.17547518,0.17459811,0.8393219,0.92378515,0.85113406,0.9109425,0.7898413,0.6656872,0.93775827,0.8693054,0.8047617,0.84495366,0.7363027,0.9363659,0.89364874,0.54676855,0.95240057,0.7793937,0.70873195,0.88749015,0.8417749,0.85956407
1.0,0.20029685,0.020713167,0.20249726,0.15306228,0.20484032,0.38997993,-0.040271603,-0.15104839,-0.21646366,-0.22560164,0.27689576,-0.035749763,-0.11474596,-0.52843237,-0.07219955,0.2109206,-0.2718895,0.13608971,-0.17571858,0.17460074,0.8389467,0.9238878,0.85122186,0.91121423,0.7898203,0.6654704,0.937757,0.8692714,0.80437195,0.8446958,0.7362921,0.9362788,0.89385,0.5464441,0.952607,0.7791219,0.7085442,0.8872282,0.84173346,0.85939735
0.0,0.20033032,0.020721028,0.20248798,0.1530751,0.20476194,0.39003462,-0.040364705,-0.15111606,-0.21644929,-0.2255334,0.27698004,-0.03573703,-0.11459418,-0.52848893,-0.07205189,0.2109237,-0.27193737,0.13597336,-0.1756147,0.1745998,0.83910733,0.9238437,0.851184,0.9110977,0.789829,0.6655628,0.9377574,0.86928594,0.80453855,0.84480613,0.7362964,0.9363161,0.89376366,0.5465828,0.9525185,0.7792378,0.7086243,0.88734025,0.84175074,0.8594686
1.0,0.2003572,0.020727338,0.20247985,0.15308505,0.2046978,0.39007747,-0.040440258,-0.15117076,-0.21643707,-0.22547728,0.27704728,-0.035726685,-0.1144706,-0.52853364,-0.07193202,0.21092544,-0.27197513,0.13587888,-0.17552967,0.17459865,0.8392379,0.92380816,0.85115385,0.9110034,0.78983665,0.6656387,0.937758,0.8692978,0.8046744,0.8448959,0.7363004,0.9363463,0.8936939,0.54669595,0.9524469,0.77933276,0.7086899,0.8874313,0.8417657,0.8595267
1.0,0.20053262,0.020769568,0.20242852,0.15315181,0.20427889,0.39035922,-0.040932395,-0.15152968,-0.21635959,-0.22511199,0.27748877,-0.035658315,-0.113665044,-0.528829,-0.07114797,0.2109396,-0.27222306,0.13526173,-0.1749745,0.17459212,0.84008944,0.9235773,0.85095704,0.9103887,0.78988516,0.66613287,0.9377617,0.86937577,0.8055621,0.84548134,0.73632526,0.93654484,0.89323723,0.54743296,0.95197797,0.7799518,0.709118,0.88802874,0.84186196,0.8599057
1.0,0.20043904,0.020746855,0.20245592,0.15311605,0.20450293,0.39020878,-0.040669702,-0.15133771,-0.21640077,-0.22530717,0.27725303,-0.035694957,-0.11409517,-0.528671,-0.071567036,0.21093185,-0.27209082,0.13559142,-0.17527142,0.17459556,0.8396347,0.92370033,0.85106194,0.9107168,0.7898593,0.6658688,0.93775964,0.8693339,0.8050874,0.84516865,0.736312,0.93643856,0.8934813,0.54703945,0.95222855,0.77962095,0.70888925,0.8877092,0.84181046,0.8597032
0.0,0.2003673,0.020729719,0.20247738,0.1530891,0.20467466,0.3900944,-0.040467978,-0.15119107,-0.21643317,-0.22545716,0.2770729,-0.03572283,-0.11442557,-0.5285512,-0.07188797,0.21092679,-0.27198988,0.13584422,-0.17549895,0.17459853,0.8392858,0.923795,0.8511423,0.91096866,0.78983885,0.6656659,0.9377579,0.86930215,0.80472386,0.8449286,0.73630136,0.9363576,0.8936681,0.5467369,0.9524205,0.7793671,0.7087136,0.88746476,0.8417705,0.8595478
1.0,0.20034015,0.020723334,0.20248504,0.1530788,0.20473847,0.3900504,-0.040392354,-0.15113607,-0.21644488,-0.22551283,0.27700472,-0.03573323,-0.11454894,-0.5285054,-0.07200799,0.21092436,-0.27195126,0.1359388,-0.17558359,0.17459935,0.8391552,0.92383075,0.85117286,0.91106313,0.7898319,0.66559064,0.93775755,0.8692903,0.80458826,0.84483904,0.73629785,0.93632716,0.8937381,0.5466242,0.95249224,0.7792727,0.7086484,0.8873736,0.84175617,0.85948986
0.0,0.20002133,0.020650642,0.20257135,0.15295783,0.20547496,0.38952735,-0.039510176,-0.15049854,-0.2165809,-0.22615543,0.27620476,-0.03585244,-0.115983486,-0.5279683,-0.07340078,0.21089478,-0.27149388,0.13703781,-0.17656042,0.17460811,0.8376348,0.9242522,0.8515353,0.9121681,0.78975075,0.6647199,0.93775517,0.8691541,0.8030192,0.84379613,0.7362593,0.93597627,0.894554,0.5453149,0.9533268,0.77817976,0.7078936,0.88631994,0.84159523,0.8588178
1.0,0.20040521,0.020738749,0.20246641,0.1531035,0.20458482,0.39015564,-0.040573977,-0.15126829,-0.21641651,-0.22537878,0.2771682,-0.0357082,-0.114252284,-0.5286149,-0.0717194,0.21092997,-0.27204362,0.13571142,-0.17537989,0.17459719,0.839469,0.9237449,0.85109967,0.91083616,0.7898493,0.665772,0.9377586,0.86931896,0.80491453,0.8450547,0.73630655,0.9364002,0.89356977,0.5468954,0.9523196,0.77950007,0.7088055,0.88759303,0.841791,0.8596293
0.0,0.20025718,0.020703984,0.20250824,0.15304714,0.20493263,0.38991532,-0.0401617,-0.15096864,-0.21648061,-0.22568211,0.27679622,-0.035764784,-0.11492503,-0.5283656,-0.0723737,0.21091694,-0.2718329,0.136227,-0.17584106,0.17460193,0.838757,0.92394006,0.8512666,0.9113518,0.78980994,0.66536134,0.93775654,0.86925423,0.8041755,0.8445656,0.7362871,0.9362347,0.8939519,0.54628056,0.9527112,0.7789851,0.70844966,0.88709617,0.8417129,0.85931337
1.0,0.20028895,0.020711308,0.20249934,0.1530593,0.20485874,0.38996708,-0.040249683,-0.15103248,-0.216467,-0.22561768,0.27687585,-0.03575279,-0.11478168,-0.528419,-0.0722343,0.21091983,-0.2718782,0.13611707,-0.175743,0.174601,0.83890885,0.92389834,0.85123074,0.91124165,0.78981835,0.66544867,0.9377569,0.86926806,0.80433273,0.8446698,0.7362912,0.93626994,0.8938704,0.54641145,0.9526278,0.77909464,0.70852536,0.8872018,0.8417293,0.8593807
1.0,0.20049801,0.020761138,0.20243873,0.15313861,0.20436214,0.3903037,-0.040835075,-0.15145853,-0.21637496,-0.22518453,0.27740157,-0.03567193,-0.1138245,-0.52877057,-0.07130338,0.21093681,-0.27217433,0.13538393,-0.17508477,0.17459346,0.8399209,0.9236228,0.8509957,0.9105102,0.7898755,0.66603476,0.93776095,0.8693602,0.80538595,0.84536535,0.73632026,0.9365055,0.8933276,0.547287,0.9520709,0.7798289,0.7090331,0.8879101,0.8418427,0.8598305
1.0,0.20034724,0.020725014,0.20248269,0.15308136,0.20472126,0.39006144,-0.040412538,-0.15115064,-0.2164414,-0.22549772,0.27702236,-0.03573051,-0.11451581,-0.52851695,-0.07197607,0.21092457,-0.2719611,0.1359136,-0.17556085,0.17459898,0.83919,0.92382133,0.851165,0.9110381,0.789834,0.6656111,0.9377579,0.8692934,0.80462456,0.8448629,0.736299,0.9363352,0.8937196,0.5466544,0.95247316,0.779298,0.7086659,0.88739794,0.84176034,0.8595055
0.0,0.19988269,0.020620534,0.20260648,0.15290552,0.20578644,0.38929635,-0.039131004,-0.15022674,-0.21663857,-0.22642758,0.27585828,-0.035902493,-0.11659691,-0.5277351,-0.07399482,0.21088086,-0.27129292,0.1375076,-0.17697386,0.17461091,0.83698326,0.92443615,0.8516944,0.912644,0.789718,0.6643506,0.9377555,0.8690969,0.80235267,0.8433503,0.73624486,0.9358274,0.8949033,0.54475605,0.9536834,0.77771586,0.7075736,0.8858733,0.84153,0.8585314
0.0,0.20012471,0.020673716,0.20254481,0.15299731,0.20524046,0.38969952,-0.039793927,-0.1507031,-0.21653816,-0.2259509,0.27646428,-0.035814475,-0.1155238,-0.5281432,-0.07295449,0.21090566,-0.27164367,0.1366853,-0.17624924,0.17460604,0.83812284,0.92411536,0.8514168,0.91181207,0.78977543,0.66499734,0.93775505,0.8691975,0.8035206,0.84413046,0.73627037,0.9360886,0.89429164,0.54573375,0.95305914,0.77852845,0.7081342,0.88665664,0.84164476,0.85903275
0.0,0.20017803,0.020685801,0.20253003,0.15301722,0.20511693,0.38978615,-0.039941765,-0.15080959,-0.21651489,-0.22584298,0.27659768,-0.035794597,-0.11528312,-0.52823246,-0.0727213,0.21091005,-0.27171975,0.13650122,-0.17608537,0.17460431,0.8383777,0.9240448,0.85135645,0.911627,0.7897894,0.66514355,0.93775564,0.86922026,0.8037834,0.8443053,0.7362771,0.9361472,0.89415526,0.5459536,0.9529194,0.77871186,0.7082609,0.8868329,0.84167206,0.8591454
1.0,0.20042485,0.020743439,0.20246021,0.15311068,0.204537,0.3901864,-0.040629804,-0.15130866,-0.21640712,-0.225337,0.27721727,-0.0357005,-0.11416061,-0.5286474,-0.07163067,0.2109308,-0.27207085,0.1356415,-0.17531656,0.17459615,0.8395656,0.9237191,0.85107774,0.9107666,0.7898553,0.6658285,0.93775934,0.8693276,0.8050153,0.8451211,0.7363098,0.9364225,0.89351827,0.5469794,0.9522666,0.7795707,0.70885444,0.8876607,0.8418025,0.85967237
1.0,0.2003237,0.02071946,0.20248967,0.1530725,0.20477718,0.3900236,-0.040346455,-0.15110278,-0.21645203,-0.22554654,0.27696323,-0.03573954,-0.11462374,-0.52847755,-0.07208079,0.21092297,-0.27192783,0.13599613,-0.1756349,0.1745999,0.83907586,0.9238524,0.85119146,0.9111206,0.78982735,0.6655449,0.9377574,0.869283,0.80450606,0.84478456,0.7362956,0.9363088,0.8937806,0.54655576,0.95253587,0.77921534,0.7086088,0.8873184,0.8417475,0.85945475
0.0,0.20032692,0.020720208,0.20248896,0.15307385,0.20477022,0.39002928,-0.040355034,-0.1511091,-0.21645102,-0.22554061,0.2769714,-0.0357383,-0.114610046,-0.5284834,-0.0720673,0.21092348,-0.27193263,0.13598546,-0.17562558,0.17459999,0.83909065,0.92384815,0.85118777,0.91110975,0.78982794,0.6655531,0.93775725,0.8692845,0.80452114,0.8447945,0.7362957,0.93631226,0.8937727,0.5465683,0.95252776,0.7792257,0.70861584,0.88732857,0.8417489,0.8594611
1.0,0.20032391,0.020719508,0.20248953,0.1530726,0.20477675,0.39002404,-0.040347047,-0.1511032,-0.21645197,-0.22554615,0.2769639,-0.035739467,-0.11462289,-0.528478,-0.0720799,0.21092299,-0.27192813,0.1359954,-0.17563431,0.17459989,0.839077,0.923852,0.8511913,0.91111976,0.7898274,0.6655454,0.9377574,0.86928326,0.80450714,0.8447852,0.7362957,0.93630904,0.8937802,0.5465566,0.9525353,0.77921605,0.7086092,0.887319,0.84174764,0.85945517
0.0,0.20011517,0.020671567,0.20254685,0.15299353,0.20526129,0.3896829,-0.039768368,-0.15068445,-0.21654162,-0.22596893,0.27644014,-0.035817925,-0.11556485,-0.5281268,-0.072994746,0.2109041,-0.27162957,0.13671705,-0.17627695,0.174606,0.8380791,0.9241279,0.85142785,0.9118443,0.78977364,0.6649727,0.9377553,0.86919355,0.8034756,0.8441004,0.7362697,0.9360783,0.89431554,0.5456964,0.9530834,0.7784974,0.7081129,0.8866262,0.84164083,0.8590135
0.0,0.20031533,0.020717511,0.20249185,0.1530692,0.20479652,0.39000982,-0.04032343,-0.15108593,-0.2164554,-0.22556338,0.27694213,-0.035742704,-0.11466129,-0.5284634,-0.07211741,0.21092191,-0.27191576,0.13602497,-0.17566054,0.17460008,0.83903617,0.9238634,0.85120094,0.9111495,0.78982544,0.66552216,0.9377574,0.8692795,0.80446476,0.84475726,0.7362947,0.93629944,0.8938021,0.5465215,0.95255774,0.77918667,0.70858896,0.8872905,0.8417434,0.85943717
1.0,0.20038137,0.020733098,0.2024731,0.15309438,0.20464101,0.39011684,-0.040507592,-0.15121983,-0.21642676,-0.22542787,0.2771083,-0.035717376,-0.11436075,-0.5285747,-0.071825035,0.21092774,-0.2720097,0.13579457,-0.17545436,0.17459792,0.8393543,0.9237763,0.8511265,0.9109192,0.7898429,0.6657057,0.93775827,0.8693084,0.8047952,0.84497577,0.7363035,0.9363734,0.8936314,0.5467962,0.9523828,0.779417,0.70874804,0.88751274,0.8417783,0.8595783
0.0,0.20010728,0.020669809,0.20254931,0.15299073,0.20528013,0.3896706,-0.039746065,-0.15066856,-0.2165454,-0.22598559,0.2764206,-0.03582087,-0.115601435,-0.5281138,-0.07302989,0.21090387,-0.2716185,0.13674481,-0.17630182,0.17460641,0.8380406,0.9241384,0.85143685,0.9118721,0.7897712,0.66495025,0.93775505,0.86919016,0.80343586,0.84407395,0.7362685,0.93606967,0.894336,0.54566294,0.9531043,0.7784695,0.7080935,0.8865997,0.8416363,0.8589964
0.0,0.20021293,0.020693755,0.20252047,0.15303034,0.20503587,0.38984317,-0.040038615,-0.15087955,-0.2164998,-0.2257722,0.27668506,-0.035781514,-0.11512552,-0.5282911,-0.07256831,0.210913,-0.2717696,0.13638052,-0.17597793,0.17460324,0.8385447,0.9239986,0.85131687,0.9115058,0.7897985,0.6652394,0.93775606,0.8692353,0.8039559,0.84441984,0.7362815,0.9361857,0.89406574,0.5460974,0.9528278,0.778832,0.7083439,0.8869487,0.84169,0.8592194
0.0,0.19999942,0.020645866,0.20257756,0.15294996,0.20552559,0.3894922,-0.039449446,-0.15045518,-0.21659088,-0.22619984,0.27615052,-0.035860445,-0.116082415,-0.5279323,-0.07349612,0.21089354,-0.27146295,0.13711321,-0.17662752,0.17460899,0.83753014,0.9242813,0.85156006,0.91224414,0.7897447,0.66465974,0.9377548,0.8691449,0.80291176,0.84372437,0.7362563,0.9359525,0.8946097,0.5452244,0.953384,0.7781045,0.7078417,0.8862481,0.84158385,0.85877156
0.0,0.2002092,0.020692898,0.20252174,0.15302911,0.20504503,0.38983744,-0.040027834,-0.1508719,-0.21650171,-0.22578022,0.27667582,-0.035782944,-0.11514318,-0.52828515,-0.07258532,0.21091303,-0.27176437,0.13639393,-0.17599005,0.17460357,0.83852607,0.92400366,0.85132104,0.9115192,0.7897971,0.6652284,0.9377558,0.8692336,0.80393666,0.844407,0.7362808,0.93618155,0.8940756,0.54608136,0.95283794,0.7788184,0.7083345,0.88693583,0.84168786,0.8592111
0.0,0.20036191,0.020728486,0.20247924,0.15308732,0.20468816,0.39008632,-0.040452413,-0.15117997,-0.21643603,-0.22546902,0.2770596,-0.035724934,-0.114451215,-0.52854264,-0.07191268,0.21092685,-0.2719826,0.13586368,-0.17551674,0.17459895,0.8392588,0.9238021,0.8511481,0.9109879,0.78983706,0.66564995,0.9377577,0.8692998,0.8046957,0.84491,0.7363003,0.93635136,0.8936823,0.5467133,0.95243526,0.7793472,0.7086999,0.88744605,0.841767,0.85953575
0.0,0.20029494,0.020712735,0.2024978,0.15306163,0.20484476,0.38997707,-0.04026635,-0.15104458,-0.21646455,-0.22560543,0.27689105,-0.03575051,-0.11475448,-0.52842927,-0.07220787,0.21092048,-0.2718869,0.13609625,-0.17572448,0.17460085,0.83893764,0.9238903,0.85122395,0.9112207,0.7898198,0.66546506,0.9377569,0.8692706,0.8043626,0.84468955,0.7362918,0.93627673,0.89385486,0.54643637,0.95261186,0.77911526,0.7085396,0.8872219,0.8417323,0.8593934
0.0,0.20033863,0.020722969,0.20248543,0.15307808,0.20474184,0.39004767,-0.040388264,-0.15113308,-0.21644539,-0.22551572,0.27700078,-0.035733793,-0.11455555,-0.52850276,-0.07201455,0.21092406,-0.27194896,0.13594392,-0.17558812,0.17459935,0.83914816,0.92383265,0.8511748,0.9110684,0.78983146,0.66558665,0.9377577,0.8692896,0.8045809,0.8448342,0.73629767,0.93632555,0.893742,0.5466181,0.95249623,0.7792676,0.708645,0.8873687,0.8417556,0.85948676
1.0,0.20040706,0.020739203,0.20246589,0.15310425,0.20458041,0.3901583,-0.04057912,-0.15127203,-0.2164157,-0.22537494,0.27717268,-0.035707474,-0.11424382,-0.528618,-0.071711175,0.21092999,-0.27204618,0.13570498,-0.17537397,0.17459713,0.839478,0.92374253,0.8510976,0.91082966,0.78984976,0.6657772,0.93775874,0.86931974,0.80492395,0.8450607,0.73630697,0.93640226,0.893565,0.54690313,0.9523146,0.7795065,0.70881003,0.88759935,0.84179205,0.8596332
1.0,0.20047063,0.020754484,0.20244725,0.15312836,0.20442863,0.39026064,-0.040757585,-0.15140209,-0.21638763,-0.22524264,0.27733284,-0.03568272,-0.11395189,-0.5287249,-0.071427085,0.21093516,-0.2721361,0.13548134,-0.17517285,0.17459475,0.83978647,0.9236587,0.8510263,0.9106069,0.7898674,0.66595626,0.93776,0.8693479,0.8052455,0.84527284,0.73631585,0.9364742,0.8933995,0.5471702,0.95214474,0.7797308,0.7089651,0.8878158,0.84182686,0.8597705
1.0,0.20044202,0.0207476,0.20245583,0.15311763,0.2044975,0.39021513,-0.04067698,-0.15134335,-0.2164005,-0.22530267,0.27726096,-0.035693906,-0.114084005,-0.528677,-0.07155554,0.21093313,-0.27209592,0.13558245,-0.17526405,0.17459597,0.8396471,0.92369646,0.8510583,0.9107075,0.7898591,0.665875,0.93775934,0.86933506,0.8050999,0.845177,0.7363117,0.93644166,0.89347416,0.54704934,0.9522215,0.7796291,0.7088947,0.88771784,0.84181076,0.85970837
0.0,0.20046744,0.020753713,0.2024476,0.15312684,0.20443508,0.3902545,-0.040749434,-0.15139584,-0.21638823,-0.2252481,0.2773245,-0.035683893,-0.11396478,-0.5287188,-0.071440056,0.21093416,-0.272131,0.13549148,-0.17518146,0.17459454,0.8397726,0.923663,0.85103005,0.91061723,0.78986716,0.6659488,0.93776023,0.8693466,0.80523115,0.8452634,0.73631597,0.93647075,0.89340717,0.54715866,0.95215255,0.77972114,0.7089585,0.8878059,0.84182596,0.8597645
0.0,0.20017779,0.020685745,0.20252986,0.15301701,0.20511676,0.38978532,-0.039941624,-0.15080939,-0.21651465,-0.22584277,0.27659702,-0.03579462,-0.1152831,-0.52823186,-0.07272145,0.21090965,-0.27171922,0.13650131,-0.17608526,0.17460415,0.8383776,0.924045,0.8513567,0.91162723,0.7897896,0.6651436,0.9377558,0.86922014,0.8037834,0.8443053,0.7362773,0.9361471,0.8941555,0.5459536,0.9529195,0.7787121,0.70826095,0.8868328,0.8416724,0.8591455
0.0,0.20025072,0.020702472,0.20251013,0.15304485,0.20494804,0.389905,-0.040143475,-0.15095554,-0.21648365,-0.22569561,0.27678013,-0.035767265,-0.11495483,-0.52835476,-0.0724025,0.2109166,-0.2718238,0.13624972,-0.17586143,0.17460221,0.8387255,0.92394865,0.85127395,0.91137445,0.78980815,0.66534317,0.9377564,0.8692514,0.8041429,0.844544,0.7362862,0.9362276,0.8939687,0.54625326,0.95272845,0.77896225,0.7084338,0.88707423,0.8417094,0.85929936
1.0,0.20038646,0.02073429,0.20247138,0.15309608,0.20462826,0.3901246,-0.040522277,-0.15123045,-0.21642411,-0.22541663,0.2771209,-0.03571536,-0.11433639,-0.52858293,-0.07180164,0.21092778,-0.27201658,0.13577615,-0.1754375,0.17459755,0.8393797,0.92376953,0.8511209,0.9109009,0.7898447,0.6657209,0.9377586,0.86931074,0.80482185,0.8449934,0.7363044,0.93637925,0.89361787,0.54681873,0.9523688,0.7794357,0.70876116,0.8875306,0.84178156,0.8595898
1.0,0.20035273,0.020726306,0.20248142,0.1530835,0.20470892,0.39007065,-0.04042734,-0.15116155,-0.21643943,-0.225487,0.27703625,-0.035728414,-0.11449182,-0.5285264,-0.071952485,0.21092543,-0.27196902,0.13589501,-0.1755444,0.17459895,0.8392157,0.9238141,0.8511587,0.91101944,0.78983516,0.6656256,0.9377578,0.8692957,0.804651,0.84488046,0.7362995,0.9363412,0.8937058,0.54667634,0.9524591,0.77931637,0.7086786,0.8874158,0.84176284,0.85951674
1.0,0.20037583,0.02073172,0.20247477,0.15309224,0.20465411,0.39010787,-0.04049204,-0.1512085,-0.21642917,-0.22543916,0.2770942,-0.035719503,-0.11438611,-0.5285652,-0.0718497,0.21092726,-0.27200177,0.13581404,-0.17547174,0.1745981,0.8393274,0.92378366,0.85113275,0.9109386,0.78984153,0.6656903,0.93775827,0.86930597,0.8047673,0.84495735,0.7363027,0.93636715,0.8936458,0.5467731,0.9523975,0.7793975,0.7087347,0.88749397,0.8417754,0.85956645
0.0,0.20042312,0.020743018,0.2024607,0.15311,0.20454107,0.39018327,-0.040624917,-0.15130514,-0.21640795,-0.22534055,0.27721292,-0.03570117,-0.114168584,-0.5286443,-0.071638346,0.21093068,-0.27206844,0.13564757,-0.17532198,0.17459619,0.8395572,0.9237213,0.85107976,0.9107726,0.7898549,0.66582376,0.93775934,0.86932683,0.8050066,0.84511536,0.73630965,0.93642056,0.89352274,0.5469722,0.9522712,0.7795645,0.70885026,0.88765484,0.8418016,0.85966873
0.0,0.20037898,0.020732516,0.20247364,0.15309343,0.20464627,0.3901129,-0.040501207,-0.15121514,-0.21642756,-0.22543222,0.27710217,-0.035718262,-0.114371,-0.52857053,-0.07183514,0.21092734,-0.27200615,0.13580255,-0.17546134,0.1745979,0.83934325,0.9237794,0.85112923,0.9109272,0.7898425,0.6656995,0.9377584,0.8693074,0.8047839,0.8449682,0.73630327,0.93637085,0.89363736,0.5467869,0.9523888,0.77940905,0.7087427,0.8875051,0.8417773,0.8595734
0.0,0.20032889,0.020720655,0.20248866,0.15307474,0.20476615,0.39003298,-0.04036002,-0.15111285,-0.21645048,-0.22553709,0.27697647,-0.035737615,-0.11460212,-0.52848697,-0.072059296,0.21092409,-0.2719356,0.13597922,-0.17562024,0.17460005,0.8390992,0.92384565,0.85118544,0.9111034,0.7898282,0.66555774,0.93775713,0.8692853,0.80453,0.84480035,0.7362958,0.93631434,0.89376783,0.5465754,0.9525229,0.7792317,0.70861995,0.88733464,0.8417494,0.8594649
1.0,0.20038414,0.02073375,0.20247243,0.15309551,0.20463458,0.39012152,-0.040515266,-0.15122542,-0.21642566,-0.2254222,0.2771153,-0.035716295,-0.11434822,-0.5285795,-0.07181281,0.21092811,-0.27201372,0.13578501,-0.17544575,0.17459787,0.83936745,0.92377263,0.8511233,0.91090953,0.78984356,0.66571337,0.93775827,0.8693096,0.8048089,0.8449849,0.7363038,0.9363765,0.8936243,0.5468077,0.9523755,0.7794264,0.70875466,0.887522,0.8417797,0.85958415
0.0,0.20029277,0.020712221,0.20249858,0.15306091,0.20485032,0.38997382,-0.040259957,-0.15104005,-0.21646577,-0.22561038,0.2768857,-0.035751335,-0.11476506,-0.5284258,-0.07221802,0.21092054,-0.27188396,0.13610424,-0.17573184,0.17460105,0.8389265,0.92389315,0.85122633,0.91122866,0.7898188,0.66545856,0.9377568,0.8692696,0.8043509,0.8446819,0.7362914,0.93627405,0.89386076,0.5464265,0.9526179,0.77910703,0.708534,0.8872141,0.84173095,0.8593883
1.0,0.20031771,0.02071804,0.2024913,0.15307021,0.20479114,0.3900137,-0.040329807,-0.15109062,-0.2164545,-0.22555873,0.27694803,-0.03574183,-0.114650935,-0.5284673,-0.072107255,0.21092227,-0.27191916,0.136017,-0.17565344,0.17460005,0.8390472,0.9238603,0.8511983,0.9111414,0.78982586,0.6655284,0.9377574,0.86928046,0.8044762,0.8447648,0.73629487,0.9363021,0.89379615,0.5465311,0.9525517,0.7791946,0.7085944,0.8872982,0.8417445,0.85944206
0.0,0.20026797,0.020706495,0.20250537,0.15305135,0.20490782,0.38993317,-0.04019142,-0.15099028,-0.21647623,-0.2256605,0.27682352,-0.03576071,-0.11487669,-0.528384,-0.07232659,0.21091807,-0.27184847,0.13618986,-0.17580809,0.1746017,0.8388083,0.9239258,0.8512544,0.9113145,0.7898126,0.6653907,0.93775654,0.86925894,0.8042285,0.84460074,0.73628837,0.93624675,0.8939243,0.5463247,0.952683,0.7790218,0.70847505,0.88713187,0.84171826,0.859336
0.0,0.20027667,0.02070851,0.20250317,0.15305483,0.20488821,0.38994786,-0.040214982,-0.1510075,-0.21647286,-0.22564355,0.27684528,-0.0357575,-0.11483848,-0.52839875,-0.072289295,0.21091932,-0.2718611,0.13616046,-0.17578208,0.1746016,0.8388489,0.9239145,0.8512445,0.9112849,0.7898146,0.66541374,0.93775654,0.8692626,0.8042705,0.8446285,0.73628914,0.9362562,0.8939023,0.54635936,0.9526606,0.77905095,0.708495,0.8871601,0.8417223,0.85935396
1.0,0.20035657,0.020727197,0.20248027,0.153085,0.2046996,0.39007673,-0.04043825,-0.15116942,-0.21643758,-0.22547886,0.27704585,-0.03572692,-0.11447391,-0.5285328,-0.07193516,0.21092553,-0.2719744,0.13588133,-0.17553204,0.17459875,0.83923453,0.92380905,0.8511544,0.9110058,0.78983647,0.66563654,0.9377579,0.8692975,0.80467075,0.84489346,0.7363001,0.9363456,0.8936957,0.5466929,0.9524487,0.77933025,0.70868814,0.88742894,0.84176517,0.85952514
1.0,0.20033813,0.020722853,0.20248516,0.15307772,0.20474216,0.39004636,-0.040387496,-0.15113238,-0.21644509,-0.22551602,0.2769994,-0.035733946,-0.11455652,-0.5285014,-0.07201573,0.21092354,-0.27194798,0.13594475,-0.17558858,0.17459913,0.83914685,0.92383325,0.8511753,0.9110694,0.78983176,0.66558623,0.9377578,0.8692895,0.80457985,0.84483343,0.73629797,0.9363251,0.89374286,0.5466174,0.952497,0.7792671,0.70864457,0.8873678,0.84175587,0.85948634
1.0,0.20027882,0.020708973,0.20250218,0.15305537,0.20488231,0.38995063,-0.04022159,-0.15101206,-0.21647143,-0.22563815,0.27685046,-0.03575662,-0.11482744,-0.52840185,-0.07227877,0.21091887,-0.27186376,0.1361522,-0.17577428,0.17460127,0.83886033,0.92391163,0.8512422,0.9112768,0.78981566,0.6654208,0.9377568,0.8692636,0.8042826,0.84463656,0.73628986,0.93625873,0.89389646,0.5463697,0.9526543,0.7790597,0.70850116,0.8871681,0.84172416,0.85935915
0.0,0.2003786,0.020732416,0.20247413,0.15309343,0.20464785,0.3901128,-0.040499613,-0.15121412,-0.21642813,-0.2254337,0.2771014,-0.035718456,-0.11437377,-0.52857023,-0.071837634,0.21092775,-0.27200592,0.1358046,-0.17546336,0.17459816,0.8393405,0.92377985,0.85112953,0.91092896,0.78984207,0.66569763,0.93775815,0.86930716,0.8047809,0.84496623,0.736303,0.93637013,0.89363873,0.5467842,0.9523903,0.7794067,0.7087411,0.8875032,0.84177667,0.8595721
0.0,0.20038566,0.020734081,0.20247152,0.15309578,0.20463021,0.3901231,-0.04051997,-0.1512287,-0.2164245,-0.2254183,0.27711874,-0.035715707,-0.114340305,-0.52858156,-0.071805365,0.21092758,-0.27201542,0.13577916,-0.17544015,0.17459758,0.8393757,0.92377067,0.8511217,0.9109038,0.7898445,0.66571856,0.9377586,0.86931026,0.8048177,0.84499055,0.7363043,0.93637824,0.89362,0.5468151,0.952371,0.7794327,0.70875907,0.8875277,0.84178114,0.8595879
1.0,0.20034951,0.020725532,0.20248221,0.15308216,0.2047162,0.3900653,-0.040418632,-0.15115516,-0.21644062,-0.22549334,0.2770282,-0.035729613,-0.1145059,-0.52852106,-0.071966335,0.210925,-0.2719644,0.13590592,-0.17555404,0.17459904,0.8392006,0.92381823,0.8511623,0.91103035,0.78983444,0.665617,0.9377578,0.86929446,0.8046355,0.84487027,0.7362992,0.93633765,0.8937139,0.5466636,0.9524674,0.7793056,0.70867115,0.8874054,0.84176135,0.8595101
1.0,0.20040971,0.020739844,0.20246501,0.15310517,0.2045739,0.39016265,-0.04058674,-0.15127751,-0.21641442,-0.22536927,0.27717948,-0.035706434,-0.1142313,-0.5286224,-0.0716991,0.21093018,-0.2720499,0.13569541,-0.17536537,0.17459698,0.8394911,0.92373896,0.8510946,0.9108202,0.78985065,0.6657849,0.93775886,0.8693208,0.80493754,0.84506977,0.73630726,0.93640536,0.8935579,0.54691464,0.9523074,0.7795161,0.70881665,0.8876085,0.8417936,0.8596391
0.0,0.20041007,0.020739904,0.20246471,0.15310511,0.20457238,0.3901626,-0.040588252,-0.15127845,-0.21641383,-0.22536784,0.2771803,-0.035706285,-0.11422862,-0.5286225,-0.07169676,0.21092975,-0.27205008,0.13569357,-0.1753634,0.17459677,0.83949375,0.9237385,0.85109437,0.9108185,0.7898512,0.6657868,0.937759,0.86932105,0.80494046,0.84507173,0.7363077,0.9364058,0.89355665,0.54691726,0.9523061,0.7795183,0.70881826,0.8876103,0.84179425,0.8596404
0.0,0.20039842,0.02073714,0.2024679,0.15310052,0.20459954,0.3901435,-0.040556036,-0.15125486,-0.21641862,-0.22539148,0.27715075,-0.035710733,-0.11428113,-0.52860284,-0.07174806,0.21092856,-0.2720334,0.13573393,-0.17539947,0.17459704,0.839438,0.92375386,0.8511075,0.91085875,0.7898481,0.66575474,0.93775886,0.8693159,0.8048826,0.8450335,0.73630625,0.9363928,0.89358675,0.5468692,0.95233685,0.7794782,0.7087905,0.8875714,0.84178835,0.85961574
0.0,0.20024729,0.020701712,0.20251128,0.15304363,0.20495668,0.38989982,-0.04013344,-0.15094836,-0.21648538,-0.22570312,0.27677143,-0.03576861,-0.11497134,-0.5283492,-0.07241834,0.21091655,-0.27181897,0.13626222,-0.17587279,0.17460242,0.8387083,0.92395335,0.8512778,0.91138697,0.78980696,0.6653329,0.9377562,0.86924994,0.80412483,0.844532,0.7362855,0.9362237,0.8939778,0.5462382,0.95273787,0.7789496,0.7084251,0.88706225,0.84170717,0.8592916
0.0,0.20036349,0.020728825,0.20247814,0.15308747,0.20468283,0.39008752,-0.04045792,-0.1511836,-0.21643418,-0.2254641,0.27706313,-0.03572424,-0.11444168,-0.5285442,-0.07190395,0.2109259,-0.27198407,0.13585678,-0.17550984,0.17459837,0.8392684,0.92379993,0.8511467,0.9109813,0.78983843,0.6656564,0.93775815,0.8693006,0.8047061,0.8449168,0.73630124,0.9363533,0.8936776,0.54672235,0.95243,0.779355,0.70870525,0.8874528,0.8417692,0.8595403
0.0,0.20035839,0.020727625,0.20247993,0.15308565,0.20469566,0.3900799,-0.040443044,-0.15117298,-0.21643701,-0.22547543,0.27705044,-0.035726238,-0.114466205,-0.528536,-0.07192752,0.21092597,-0.27197713,0.13587533,-0.17552683,0.1745988,0.83924264,0.92380667,0.8511523,0.9109997,0.78983665,0.6656411,0.9377579,0.8692983,0.80467916,0.84489906,0.73630023,0.9363474,0.89369124,0.5466998,0.9524442,0.77933604,0.70869213,0.8874348,0.8417658,0.85952866
0.0,0.20028272,0.020709923,0.20250152,0.15305722,0.2048742,0.38995782,-0.04023177,-0.1510197,-0.2164703,-0.2256312,0.27686065,-0.035755187,-0.11481112,-0.52840924,-0.072262645,0.21091995,-0.27186984,0.13613948,-0.17576341,0.17460145,0.8388778,0.92390645,0.85123765,0.9112638,0.7898161,0.66543025,0.93775654,0.86926526,0.8043004,0.84464836,0.73628986,0.936263,0.89388674,0.5463844,0.95264465,0.7790718,0.7085095,0.8871803,0.84172535,0.85936666
1.0,0.2003912,0.020735396,0.20247036,0.1530981,0.2046177,0.39013264,-0.040535055,-0.15123981,-0.21642247,-0.22540745,0.27713293,-0.035713613,-0.11431581,-0.5285912,-0.07178137,0.21092851,-0.27202356,0.13576025,-0.17542343,0.17459756,0.8394018,0.92376333,0.85111547,0.9108848,0.78984565,0.6657332,0.9377585,0.8693127,0.8048446,0.84500843,0.7363048,0.93638444,0.89360595,0.5468374,0.9523567,0.7794514,0.7087719,0.887546,0.84178376,0.8595994
1.0,0.20043203,0.020745179,0.20245829,0.15311351,0.20452026,0.39019808,-0.040649667,-0.15132321,-0.21640429,-0.22532243,0.2772355,-0.035697747,-0.11412816,-0.5286596,-0.07159898,0.21093166,-0.27208123,0.13561659,-0.1752943,0.174596,0.8395999,0.92370963,0.85106975,0.9107417,0.789857,0.6658483,0.9377594,0.8693308,0.805051,0.8451446,0.73631066,0.9364305,0.8934997,0.54700893,0.9522476,0.77959543,0.70887154,0.8876848,0.8418062,0.8596876
0.0,0.20026788,0.020706458,0.20250516,0.15305126,0.2049077,0.3899328,-0.04019139,-0.15099019,-0.21647602,-0.2256603,0.27682328,-0.035760753,-0.11487664,-0.5283836,-0.0723266,0.21091792,-0.2718482,0.13618986,-0.17580794,0.17460161,0.8388083,0.92392594,0.8512545,0.9113145,0.7898128,0.6653908,0.93775666,0.86925894,0.8042286,0.84460074,0.7362884,0.93624675,0.8939243,0.54632473,0.9526831,0.77902204,0.7084752,0.88713187,0.84171844,0.859336
1.0,0.2003713,0.020730676,0.20247592,0.1530905,0.20466484,0.39010045,-0.040479347,-0.15119928,-0.21643114,-0.22544852,0.2770828,-0.03572127,-0.11440672,-0.52855766,-0.07186985,0.21092685,-0.27199525,0.13582991,-0.17548592,0.17459823,0.83930546,0.92378974,0.85113794,0.9109545,0.78984034,0.6656776,0.93775815,0.86930394,0.80474454,0.84494233,0.73630214,0.9363621,0.8936575,0.5467542,0.9524096,0.7793817,0.7087237,0.8874786,0.84177303,0.85955673
1.0,0.20046157,0.020752275,0.20244941,0.15312463,0.20444912,0.39024502,-0.040732868,-0.15138383,-0.21639085,-0.22526038,0.27730972,-0.035686187,-0.11399175,-0.52870905,-0.07146638,0.21093364,-0.27212268,0.13551217,-0.1752001,0.17459472,0.839744,0.92367065,0.8510366,0.91063786,0.78986555,0.6659321,0.93776023,0.86934394,0.8052013,0.8452438,0.73631513,0.9364641,0.8934225,0.547134,0.9521684,0.7797004,0.70894414,0.8877858,0.8418228,0.8597518
1.0,0.20025736,0.020704014,0.20250827,0.15304732,0.20493269,0.389916,-0.040161867,-0.15096885,-0.21648088,-0.22568226,0.27679688,-0.035764758,-0.11492486,-0.52836597,-0.072373405,0.21091722,-0.27183333,0.13622677,-0.17584105,0.17460206,0.8387573,0.9239398,0.8512664,0.9113515,0.7898098,0.66536134,0.9377564,0.86925423,0.8041757,0.84456563,0.73628694,0.93623483,0.89395165,0.5462807,0.952711,0.7789851,0.70844966,0.88709635,0.8417128,0.85931337
1.0,0.2003063,0.020715402,0.2024947,0.15306589,0.20481828,0.38999552,-0.040297896,-0.15106748,-0.21645966,-0.22558239,0.2769196,-0.03574619,-0.11470318,-0.52844834,-0.072157934,0.21092153,-0.2719031,0.13605691,-0.17568937,0.17460053,0.838992,0.92387533,0.8512111,0.91118133,0.78982276,0.6654964,0.937757,0.8692755,0.8044189,0.8447268,0.73629326,0.9362893,0.89382565,0.54648316,0.95258194,0.7791545,0.70856667,0.8872597,0.84173816,0.8594175
1.0,0.20038736,0.020734495,0.2024712,0.15309656,0.2046263,0.3901263,-0.04052464,-0.15123221,-0.21642387,-0.22541493,0.2771231,-0.03571505,-0.11433259,-0.5285845,-0.07179784,0.21092798,-0.27201805,0.13577314,-0.17543493,0.1745976,0.83938384,0.9237684,0.85111976,0.9108978,0.7898448,0.6657231,0.9377585,0.86931103,0.804826,0.84499615,0.7363044,0.9363802,0.8936157,0.54682195,0.9523666,0.77943856,0.70876306,0.8875334,0.8417819,0.85959154
0.0,0.20026669,0.020706171,0.20250545,0.15305081,0.20491047,0.38993087,-0.04018808,-0.15098776,-0.21647647,-0.22566271,0.27682018,-0.035761174,-0.11488199,-0.52838147,-0.07233189,0.21091771,-0.27184644,0.136194,-0.17581165,0.17460161,0.83880246,0.92392755,0.85125595,0.9113187,0.7898124,0.6653876,0.93775666,0.86925834,0.80422264,0.84459686,0.73628837,0.9362454,0.89392745,0.5463199,0.9526862,0.7790179,0.7084724,0.8871278,0.8417179,0.85933363
1.0,0.20035133,0.020725971,0.20248155,0.15308285,0.20471174,0.39006805,-0.040423825,-0.15115887,-0.2164397,-0.22548941,0.2770326,-0.035728924,-0.11449739,-0.528524,-0.071958095,0.21092492,-0.27196687,0.13589942,-0.17554817,0.17459886,0.83920956,0.92381597,0.85116035,0.91102386,0.78983504,0.66562223,0.9377579,0.86929524,0.8046448,0.84487635,0.7362995,0.93633974,0.8937091,0.5466714,0.9524625,0.77931225,0.7086757,0.88741153,0.8417624,0.85951406
1.0,0.20039481,0.020736272,0.20246944,0.15309963,0.20460966,0.390139,-0.040544786,-0.15124701,-0.21642122,-0.22540048,0.2771421,-0.03571223,-0.11430012,-0.5285975,-0.07176591,0.21092914,-0.27202892,0.13574806,-0.17541277,0.17459762,0.8394185,0.9237587,0.8511113,0.91087264,0.7898463,0.66574264,0.9377585,0.86931413,0.80486196,0.8450198,0.7363051,0.9363885,0.89359677,0.5468516,0.9523474,0.7794632,0.7087801,0.8875577,0.8417852,0.8596067
0.0,0.20018265,0.020686844,0.20252888,0.15301907,0.20510632,0.38979387,-0.039954446,-0.15081882,-0.21651295,-0.22583374,0.27660918,-0.035792883,-0.11526251,-0.5282403,-0.072701275,0.21091053,-0.27172637,0.13648543,-0.17607139,0.17460422,0.83839965,0.9240387,0.8513512,0.9116111,0.78979045,0.66515595,0.93775564,0.86922216,0.80380595,0.8443203,0.7362776,0.9361523,0.8941435,0.54597235,0.9529074,0.77872753,0.7082717,0.88684803,0.8416744,0.8591552
1.0,0.20046693,0.020753553,0.20244786,0.15312678,0.20443676,0.39025393,-0.040747635,-0.15139465,-0.2163887,-0.22524965,0.27732325,-0.03568415,-0.113967806,-0.52871823,-0.07144289,0.21093431,-0.2721304,0.13549374,-0.1751837,0.17459463,0.8397694,0.9236637,0.85103047,0.91061944,0.78986686,0.6659467,0.93776023,0.86934626,0.80522776,0.8452612,0.7363158,0.9364701,0.89340883,0.54715586,0.9521543,0.7797187,0.7089568,0.8878036,0.8418254,0.8597631
1.0,0.20036474,0.020729134,0.20247757,0.15308785,0.2046795,0.39008942,-0.04046172,-0.15118632,-0.21643353,-0.2254613,0.27706635,-0.035723735,-0.11443536,-0.5285461,-0.07189789,0.21092579,-0.2719858,0.13585196,-0.17550546,0.17459829,0.83927494,0.9237981,0.85114527,0.91097665,0.78983897,0.6656604,0.93775827,0.86930114,0.80471295,0.8449214,0.73630154,0.9363548,0.8936741,0.5467282,0.9524264,0.77935994,0.70870876,0.8874574,0.84177005,0.85954326
0.0,0.2003392,0.02072311,0.20248531,0.1530784,0.20474084,0.3900488,-0.04038966,-0.15113412,-0.21644536,-0.22551483,0.27700233,-0.0357336,-0.11455338,-0.5285038,-0.07201233,0.2109243,-0.2719499,0.13594216,-0.17558666,0.17459936,0.8391505,0.9238319,0.851174,0.91106653,0.7898316,0.6655879,0.93775755,0.8692898,0.8045834,0.8448357,0.73629767,0.9363261,0.8937406,0.54662013,0.9524948,0.7792692,0.70864594,0.88737035,0.8417556,0.8594878
1.0,0.20039031,0.020735206,0.20247069,0.15309778,0.20461991,0.39013147,-0.040532477,-0.15123802,-0.21642298,-0.22540945,0.27713084,-0.035713956,-0.11432004,-0.52858984,-0.07178541,0.21092871,-0.27202252,0.1357634,-0.17542644,0.17459768,0.8393973,0.9237645,0.85111636,0.910888,0.78984535,0.6657305,0.9377584,0.8693123,0.8048399,0.8450052,0.7363045,0.9363834,0.89360815,0.54683346,0.952359,0.779448,0.7087696,0.88754284,0.8417831,0.85959744
0.0,0.20038757,0.020734547,0.20247142,0.15309677,0.2046266,0.39012706,-0.040524732,-0.15123235,-0.21642414,-0.22541517,0.2771238,-0.035714984,-0.114332795,-0.5285852,-0.071797766,0.21092838,-0.27201864,0.13577312,-0.17543517,0.17459776,0.83938384,0.92376816,0.8511196,0.9108977,0.7898445,0.6657227,0.9377584,0.86931103,0.8048259,0.84499615,0.7363042,0.9363803,0.89361537,0.5468218,0.9523665,0.7794382,0.7087629,0.8875334,0.84178156,0.8595914
0.0,0.20032004,0.020718565,0.20249058,0.15307102,0.20478581,0.39001757,-0.04033622,-0.15109529,-0.21645358,-0.22555411,0.27695405,-0.03574095,-0.11464049,-0.5284714,-0.07209712,0.21092255,-0.2719225,0.13600895,-0.17564633,0.17459999,0.8390582,0.92385733,0.85119563,0.91113335,0.78982645,0.6655348,0.9377574,0.8692815,0.80448765,0.8447724,0.7362952,0.9363046,0.8937903,0.5465406,0.9525455,0.7792026,0.7085999,0.887306,0.84174556,0.8594469
1.0,0.20042235,0.020742865,0.2024608,0.15310973,0.20454273,0.3901822,-0.040622957,-0.15130366,-0.2164081,-0.22534189,0.277211,-0.035701435,-0.11417167,-0.528643,-0.0716415,0.21093048,-0.2720673,0.13565007,-0.17532419,0.17459616,0.83955383,0.9237223,0.8510806,0.9107751,0.78985465,0.66582185,0.93775934,0.8693265,0.8050031,0.845113,0.7363095,0.9364198,0.8935246,0.5469693,0.9522731,0.7795622,0.7088486,0.88765246,0.8418012,0.8596672
1.0,0.20024535,0.02070119,0.20251118,0.15304258,0.20495966,0.3898956,-0.04012916,-0.15094495,-0.21648532,-0.22570565,0.27676636,-0.035769224,-0.11497778,-0.5283452,-0.07242515,0.21091546,-0.27181572,0.13626756,-0.17587695,0.17460209,0.83870095,0.92395574,0.8512802,0.91139257,0.7898073,0.6653295,0.93775654,0.86924917,0.8041176,0.8445272,0.73628587,0.9362217,0.8939821,0.54623246,0.95274204,0.778945,0.708422,0.8870572,0.84170717,0.85928875
1.0,0.20041263,0.020740518,0.20246397,0.15310627,0.20456648,0.39016685,-0.04059525,-0.1512836,-0.21641284,-0.22536272,0.2771867,-0.03570527,-0.114217296,-0.52862716,-0.071685545,0.21093008,-0.27205384,0.13568476,-0.17535561,0.17459671,0.83950585,0.9237352,0.8510914,0.91080964,0.78985167,0.6657937,0.937759,0.8693222,0.80495304,0.84507996,0.736308,0.9364086,0.89355016,0.5469276,0.95229936,0.77952707,0.7088242,0.8876189,0.84179556,0.8596457
1.0,0.20038569,0.020734092,0.20247173,0.1530959,0.20463036,0.39012352,-0.04051988,-0.1512287,-0.21642467,-0.22541845,0.27711886,-0.035715688,-0.114340454,-0.52858156,-0.07180548,0.21092784,-0.2720156,0.13577917,-0.17544034,0.17459764,0.83937556,0.92377067,0.8511217,0.9109038,0.7898444,0.6657183,0.9377585,0.86931026,0.80481744,0.84499043,0.7363042,0.93637824,0.89362,0.54681486,0.9523711,0.77943254,0.70875895,0.8875276,0.841781,0.8595879
1.0,0.20037276,0.020731052,0.20247583,0.15309125,0.20466164,0.39010355,-0.040483393,-0.15120229,-0.21643081,-0.2254458,0.2770868,-0.035720702,-0.11440045,-0.5285605,-0.07186354,0.21092732,-0.27199772,0.13582493,-0.17548175,0.17459838,0.8393123,0.92378765,0.851136,0.91094947,0.78984046,0.6656813,0.937758,0.8693046,0.80475146,0.8449469,0.7363021,0.9363637,0.8936538,0.54675984,0.9524058,0.7793862,0.70872694,0.8874834,0.84177345,0.8595596
1.0,0.20029587,0.020712929,0.20249745,0.15306178,0.20484225,0.38997808,-0.040269084,-0.1510465,-0.21646386,-0.22560325,0.27689326,-0.035750136,-0.11474988,-0.5284305,-0.07220351,0.21092027,-0.27188793,0.13609283,-0.1757212,0.1746007,0.83894247,0.92388904,0.85122305,0.91121733,0.78982025,0.6654681,0.93775713,0.86927104,0.8043676,0.8446928,0.7362921,0.9362776,0.8938525,0.54644054,0.9526093,0.77911896,0.7085422,0.88722515,0.8417331,0.8593955
1.0,0.20040214,0.020738034,0.20246716,0.15310222,0.2045918,0.39015037,-0.040565655,-0.15126209,-0.21641773,-0.22538492,0.27716047,-0.035709366,-0.11426583,-0.52860975,-0.07173269,0.21092953,-0.27203912,0.1357219,-0.17538907,0.1745972,0.83945453,0.9237489,0.8511032,0.9108466,0.7898486,0.66576374,0.93775874,0.8693175,0.8048996,0.8450447,0.73630637,0.93639684,0.8935775,0.54688305,0.9523275,0.7794897,0.7087984,0.8875831,0.84178954,0.85962296
1.0,0.20043111,0.020744963,0.20245871,0.15311328,0.20452271,0.39019692,-0.040646903,-0.15132129,-0.21640483,-0.2253246,0.27723336,-0.03569811,-0.11413284,-0.5286584,-0.07160335,0.21093178,-0.27208015,0.13562006,-0.17529754,0.17459615,0.8395952,0.92371076,0.8510706,0.91074514,0.78985655,0.6658453,0.93775934,0.8693304,0.805046,0.84514135,0.73631036,0.93642944,0.89350224,0.5470048,0.9522502,0.7795918,0.708869,0.8876814,0.8418054,0.8596855
1.0,0.20038217,0.020733265,0.20247295,0.15309465,0.20463906,0.39011803,-0.04050981,-0.15122144,-0.21642634,-0.22542605,0.27711022,-0.03571707,-0.11435704,-0.5285759,-0.071821496,0.2109278,-0.2720108,0.1357918,-0.17545183,0.17459789,0.8393581,0.92377526,0.8511256,0.91091645,0.7898432,0.665708,0.9377584,0.8693087,0.80479926,0.8449784,0.73630357,0.9363743,0.8936294,0.54679966,0.95238066,0.7794198,0.70875,0.8875154,0.8417788,0.85958004
1.0,0.20044342,0.020747947,0.20245522,0.15311798,0.20449345,0.39021707,-0.040681392,-0.15134649,-0.21639958,-0.22529912,0.2772646,-0.03569334,-0.114076495,-0.52867925,-0.07154844,0.21093291,-0.27209774,0.13557683,-0.17525879,0.17459576,0.83965486,0.9236946,0.85105664,0.910702,0.78985995,0.6658798,0.9377595,0.86933583,0.8051081,0.84518236,0.7363121,0.9364434,0.8934701,0.5470562,0.95221734,0.779635,0.70889884,0.8877232,0.8418121,0.85971195
1.0,0.2002652,0.020705817,0.20250598,0.1530503,0.20491402,0.3899284,-0.04018388,-0.1509848,-0.21647725,-0.22566587,0.27681643,-0.035761785,-0.11488889,-0.5283792,-0.07233848,0.21091765,-0.2718444,0.13619928,-0.17581636,0.17460167,0.83879536,0.9239295,0.85125756,0.9113239,0.7898121,0.6653833,0.93775666,0.8692577,0.80421513,0.844592,0.736288,0.9362437,0.89393127,0.5463135,0.9526902,0.7790127,0.7084687,0.88712275,0.84171706,0.8593303
0.0,0.20047092,0.020754552,0.20244692,0.15312827,0.20442733,0.39026043,-0.040758774,-0.1514028,-0.21638703,-0.22524133,0.27733338,-0.03568258,-0.11394966,-0.5287251,-0.07142514,0.21093482,-0.27213618,0.13547975,-0.17517115,0.17459454,0.8397888,0.92365843,0.85102606,0.91060555,0.7898678,0.6659578,0.93776023,0.86934805,0.80524796,0.8452745,0.73631626,0.93647456,0.89339846,0.54717237,0.9521436,0.7797327,0.70896643,0.8878172,0.8418275,0.8597716
1.0,0.20038223,0.020733261,0.20247287,0.15309477,0.20463884,0.39011818,-0.04051009,-0.1512216,-0.21642631,-0.22542587,0.27711034,-0.03571704,-0.11435655,-0.52857614,-0.07182108,0.21092778,-0.27201083,0.13579147,-0.17545147,0.17459787,0.8393585,0.92377526,0.8511255,0.9109161,0.7898432,0.66570824,0.9377584,0.8693088,0.8047997,0.84497875,0.73630357,0.9363744,0.89362913,0.5468,0.9523805,0.77942014,0.70875025,0.8875158,0.84177893,0.8595803
1.0,0.20031399,0.020717183,0.20249258,0.15306899,0.20480068,0.39000827,-0.040318944,-0.15108292,-0.21645668,-0.22556713,0.27693897,-0.03574329,-0.114668936,-0.5284616,-0.07212448,0.21092243,-0.27191418,0.13603055,-0.17566596,0.17460038,0.8390284,0.9238652,0.85120237,0.9111549,0.7898245,0.6655171,0.937757,0.86927885,0.80445653,0.8447518,0.73629415,0.93629783,0.89380604,0.54651445,0.9525619,0.7791807,0.7085847,0.8872851,0.841742,0.85943353
1.0,0.20044547,0.020748409,0.20245427,0.15311858,0.20448804,0.3902194,-0.040687397,-0.1513507,-0.21639821,-0.22529429,0.27726918,-0.03569249,-0.11406638,-0.5286822,-0.07153887,0.21093258,-0.27210012,0.13556926,-0.1752517,0.17459545,0.83966523,0.923692,0.85105455,0.9106946,0.7898609,0.6658862,0.93775964,0.8693367,0.80511916,0.8451896,0.7363127,0.9364457,0.89346474,0.5470657,0.9522117,0.7796428,0.7089044,0.88773054,0.8418136,0.85971665
1.0,0.20043221,0.020745238,0.2024581,0.15311348,0.20451951,0.3901982,-0.040650368,-0.15132368,-0.21640402,-0.22532186,0.2772358,-0.03569766,-0.11412695,-0.52865976,-0.071597844,0.2109314,-0.2720814,0.13561568,-0.1752934,0.1745959,0.8396012,0.9237094,0.8510695,0.9107409,0.7898572,0.66584915,0.9377594,0.8693308,0.8050524,0.84514564,0.73631084,0.93643075,0.8934991,0.5470102,0.952247,0.7795965,0.70887226,0.8876856,0.84180653,0.85968816
1.0,0.20037782,0.02073224,0.20247424,0.15309295,0.20464955,0.3901111,-0.04049749,-0.15121251,-0.21642834,-0.22543514,0.27709925,-0.035718776,-0.1143772,-0.52856874,-0.07184105,0.21092743,-0.27200463,0.13580719,-0.17546563,0.17459804,0.83933675,0.9237811,0.85113055,0.9109318,0.78984195,0.6656956,0.93775827,0.8693068,0.804777,0.8449637,0.736303,0.93636936,0.89364076,0.5467812,0.95239246,0.7794042,0.7087393,0.8875005,0.84177643,0.85957056
0.0,0.2003853,0.020734018,0.2024719,0.15309575,0.2046311,0.39012274,-0.04051898,-0.15122804,-0.21642476,-0.22541907,0.2771181,-0.035715837,-0.114341766,-0.528581,-0.07180686,0.21092778,-0.27201504,0.13578027,-0.17544128,0.17459765,0.8393739,0.92377114,0.8511222,0.91090494,0.7898444,0.6657175,0.9377585,0.86931014,0.8048158,0.8449895,0.7363042,0.9363779,0.8936209,0.54681367,0.95237195,0.77943146,0.7087582,0.8875266,0.8417809,0.85958713
1.0,0.20039946,0.020737385,0.2024679,0.15310124,0.20459808,0.3901461,-0.040558174,-0.1512567,-0.21641886,-0.22539032,0.2771538,-0.035710372,-0.114277914,-0.5286051,-0.071744524,0.21092926,-0.27203536,0.13573116,-0.17539744,0.17459731,0.8394417,0.9237525,0.85110605,0.91085595,0.7898478,0.66575634,0.9377586,0.8693163,0.8048862,0.8450359,0.73630595,0.9363938,0.8935844,0.54687196,0.95233464,0.7794804,0.708792,0.88757396,0.8417881,0.8596172
0.0,0.20036879,0.020730091,0.20247671,0.15308958,0.20467071,0.39009655,-0.04047244,-0.15119426,-0.21643224,-0.22545362,0.27707648,-0.03572222,-0.11441812,-0.5285535,-0.07188089,0.21092667,-0.27199182,0.13583858,-0.17549379,0.1745984,0.83929354,0.9237929,0.8511407,0.9109631,0.7898396,0.6656706,0.93775815,0.8693028,0.804732,0.844934,0.7363017,0.93635935,0.89366394,0.5467438,0.9524162,0.7793729,0.7087177,0.8874702,0.8417716,0.8595513
1.0,0.20037025,0.020730445,0.2024764,0.15309006,0.20466736,0.39009902,-0.040476453,-0.15119722,-0.21643162,-0.22545075,0.27708018,-0.035721652,-0.11441158,-0.52855587,-0.07187449,0.21092679,-0.27199396,0.13583355,-0.17548928,0.17459832,0.8393004,0.923791,0.851139,0.9109581,0.78984004,0.66567457,0.93775815,0.86930346,0.8047393,0.8449388,0.73630196,0.93636096,0.89366025,0.5467498,0.9524123,0.779378,0.7087211,0.88747513,0.8417724,0.8595544
0.0,0.20037088,0.020730617,0.20247611,0.15309033,0.20466553,0.39009964,-0.04047844,-0.15119857,-0.21643114,-0.22544912,0.2770818,-0.035721406,-0.114408195,-0.5285569,-0.07187136,0.2109266,-0.27199465,0.13583109,-0.17548692,0.17459823,0.8393039,0.92379016,0.8511385,0.9109556,0.7898403,0.6656767,0.93775827,0.8693038,0.80474293,0.84494126,0.73630214,0.9363616,0.89365846,0.5467529,0.9524106,0.77938056,0.708723,0.88747746,0.8417729,0.85955596
1.0,0.20029113,0.020711849,0.20249888,0.1530602,0.20485377,0.38997078,-0.040255696,-0.1510369,-0.21646625,-0.22561327,0.27688152,-0.03575197,-0.1147719,-0.52842295,-0.07222472,0.21092013,-0.27188146,0.13610959,-0.17573644,0.17460096,0.8389192,0.92389536,0.85122824,0.911234,0.78981876,0.66545457,0.9377569,0.86926895,0.80434346,0.844677,0.7362913,0.93627244,0.8938648,0.5464204,0.952622,0.77910197,0.7085305,0.8872091,0.8417303,0.85938525
1.0,0.20030123,0.020714214,0.20249616,0.1530641,0.20483041,0.38998747,-0.040283605,-0.1510572,-0.21646202,-0.22559297,0.2769069,-0.035748124,-0.11472653,-0.5284401,-0.07218054,0.21092126,-0.27189603,0.1360747,-0.17570536,0.17460075,0.8389673,0.92388207,0.8512168,0.9111991,0.7898212,0.6654821,0.9377569,0.86927325,0.80439323,0.84470993,0.73629254,0.93628365,0.8938389,0.54646176,0.9525956,0.7791366,0.7085543,0.8872427,0.8417354,0.8594065
1.0,0.20031658,0.02071778,0.20249154,0.15306976,0.20479362,0.39001182,-0.040326867,-0.15108845,-0.2164549,-0.22556081,0.2769453,-0.03574223,-0.114655614,-0.52846545,-0.07211185,0.21092209,-0.27191752,0.13602062,-0.17565669,0.17460005,0.83904225,0.9238617,0.8511995,0.91114503,0.78982574,0.6655257,0.9377574,0.86928004,0.8044711,0.8447613,0.73629487,0.9363008,0.8937988,0.5465268,0.9525545,0.77919114,0.708592,0.88729477,0.84174407,0.8594398
1.0,0.20046389,0.020752853,0.20244913,0.15312573,0.20444447,0.39024946,-0.040738754,-0.15138833,-0.2163904,-0.22525641,0.2773158,-0.03568533,-0.11398251,-0.52871346,-0.07145696,0.2109345,-0.27212647,0.13550483,-0.17519394,0.17459494,0.83975416,0.92366767,0.85103387,0.91063035,0.7898657,0.6659375,0.93776,0.86934495,0.8052117,0.8452506,0.7363151,0.9364666,0.89341694,0.5471424,0.9521627,0.7797074,0.70894885,0.88779294,0.84182334,0.8597561
1.0,0.20039365,0.020736003,0.20246963,0.15309903,0.2046121,0.39013672,-0.040541686,-0.1512447,-0.21642157,-0.2254026,0.277139,-0.035712667,-0.114304975,-0.5285953,-0.07177076,0.21092878,-0.2720271,0.13575187,-0.17541604,0.1745975,0.8394132,0.9237602,0.8511127,0.9108765,0.7898463,0.66573983,0.9377585,0.8693137,0.8048566,0.8450163,0.7363051,0.9363871,0.89359975,0.5468473,0.9523503,0.77945966,0.7087776,0.887554,0.84178483,0.8596045
1.0,0.20039776,0.020736994,0.20246838,0.15310055,0.2046019,0.39014307,-0.040553544,-0.15125328,-0.21641943,-0.22539368,0.27714926,-0.035711035,-0.11428544,-0.528602,-0.0717519,0.2109289,-0.27203277,0.135737,-0.17540254,0.1745973,0.8394338,0.92375475,0.85110813,0.91086173,0.78984755,0.6657519,0.93775874,0.8693156,0.804878,0.8450304,0.73630583,0.93639183,0.8935888,0.54686517,0.95233905,0.77947474,0.7087881,0.88756835,0.84178734,0.85961366
1.0,0.2003839,0.020733671,0.20247212,0.15309519,0.2046343,0.39012042,-0.04051511,-0.15122518,-0.21642521,-0.2254219,0.2771144,-0.035716355,-0.1143481,-0.5285784,-0.07181302,0.21092747,-0.27201292,0.13578513,-0.17544557,0.17459762,0.8393674,0.923773,0.85112375,0.91090983,0.789844,0.66571367,0.9377585,0.8693096,0.804809,0.8449849,0.7363041,0.9363764,0.8936245,0.54680794,0.9523757,0.77942663,0.70875484,0.88752186,0.84178025,0.8595843
1.0,0.20049483,0.020760367,0.20243974,0.15313739,0.20436966,0.39029878,-0.0408263,-0.1514521,-0.2163763,-0.22519109,0.27739376,-0.03567318,-0.113839015,-0.52876544,-0.07131744,0.2109366,-0.27216998,0.135395,-0.17509477,0.17459358,0.8399057,0.9236269,0.85099924,0.91052115,0.7898747,0.6660258,0.93776083,0.86935884,0.8053699,0.845355,0.7363197,0.9365019,0.8933358,0.54727376,0.9520793,0.77981776,0.70902544,0.88789934,0.841841,0.85982376
1.0,0.20038325,0.02073353,0.20247237,0.15309489,0.20463605,0.3901194,-0.04051314,-0.15122378,-0.21642563,-0.22542337,0.27711284,-0.03571665,-0.11435141,-0.52857745,-0.071816176,0.2109276,-0.27201214,0.13578762,-0.1754479,0.17459773,0.839364,0.9237739,0.8511245,0.9109123,0.78984374,0.66571164,0.9377585,0.86930925,0.80480534,0.84498245,0.73630387,0.93637556,0.89362633,0.54680496,0.95237756,0.77942413,0.70875317,0.8875195,0.8417797,0.8595827
1.0,0.20043752,0.020746501,0.20245674,0.15311566,0.20450729,0.3902071,-0.040665016,-0.15133446,-0.21640196,-0.22531116,0.2772494,-0.035695605,-0.11410327,-0.5286691,-0.07157456,0.21093221,-0.27208915,0.13559741,-0.17527714,0.17459588,0.83962643,0.9237024,0.8510634,0.9107226,0.78985846,0.6658636,0.9377594,0.86933315,0.8050786,0.8451629,0.7363114,0.9364367,0.8934855,0.5470319,0.95223296,0.7796145,0.70888484,0.88770336,0.84180903,0.8596993
1.0,0.20037955,0.020732658,0.20247373,0.15309367,0.20464535,0.3901141,-0.040502433,-0.1512162,-0.21642765,-0.22543156,0.27710384,-0.035718083,-0.11436905,-0.5285717,-0.07183312,0.21092771,-0.27200726,0.13580096,-0.17546012,0.17459805,0.8393455,0.9237787,0.85112846,0.91092545,0.78984237,0.66570055,0.93775827,0.8693076,0.8047859,0.84496975,0.7363031,0.93637145,0.8936361,0.5467886,0.9523877,0.7794104,0.70874363,0.88750654,0.8417773,0.8595743
1.0,0.20033726,0.020722652,0.20248583,0.15307769,0.20474523,0.39004564,-0.040384308,-0.15113026,-0.21644613,-0.2255187,0.27699745,-0.035734326,-0.11456202,-0.5285005,-0.072020754,0.21092413,-0.27194712,0.13594879,-0.17559256,0.1745995,0.8391413,0.9238345,0.8511762,0.91107315,0.78983104,0.66558254,0.93775755,0.86928904,0.80457383,0.8448295,0.7362974,0.9363239,0.89374554,0.5466122,0.9524999,0.77926266,0.70864147,0.887364,0.8417548,0.8594838
1.0,0.200362,0.020728486,0.20247869,0.15308696,0.20468682,0.3900855,-0.04045339,-0.15118039,-0.2164352,-0.22546768,0.27705932,-0.035724837,-0.11444919,-0.5285419,-0.0719111,0.21092607,-0.2719821,0.1358624,-0.17551513,0.17459859,0.83926064,0.92380196,0.85114837,0.9109869,0.78983784,0.6656516,0.937758,0.8692998,0.8046979,0.84491146,0.7363008,0.9363516,0.89368165,0.5467154,0.9524343,0.7793491,0.70870125,0.8874473,0.841768,0.85953677
1.0,0.20033297,0.020721639,0.20248672,0.1530759,0.20475498,0.39003828,-0.040372603,-0.15112162,-0.21644771,-0.22552711,0.27698648,-0.03573597,-0.114580914,-0.5284929,-0.07203934,0.21092342,-0.27194074,0.13596345,-0.17560546,0.17459945,0.8391211,0.9238401,0.85118115,0.91108793,0.7898301,0.6655712,0.93775755,0.86928713,0.804553,0.8448157,0.73629713,0.9363192,0.89375657,0.546595,0.9525111,0.77924824,0.7086315,0.8873498,0.8417528,0.85947484
0.0,0.20017248,0.020684531,0.20253117,0.15301499,0.20512894,0.3897766,-0.039927013,-0.15079881,-0.21651676,-0.22585332,0.2765836,-0.035796616,-0.11530684,-0.5282228,-0.07274462,0.21090904,-0.27171153,0.13651961,-0.17610143,0.17460428,0.8383524,0.9240521,0.8513628,0.9116456,0.78978825,0.66512936,0.9377558,0.86921793,0.8037574,0.84428793,0.7362768,0.9361413,0.89416903,0.54593205,0.9529334,0.778694,0.7082485,0.88681537,0.8416698,0.8591344
1.0,0.20045906,0.020751717,0.2024502,0.15312374,0.20445521,0.39024118,-0.04072594,-0.15137877,-0.21639207,-0.22526562,0.27730358,-0.035687152,-0.114003286,-0.5287051,-0.071477495,0.21093367,-0.27211937,0.13552094,-0.17520814,0.17459488,0.839732,0.92367387,0.8510393,0.9106465,0.7898647,0.665925,0.9377601,0.86934286,0.8051887,0.84523547,0.73631465,0.93646127,0.893429,0.54712343,0.952175,0.7796916,0.708938,0.8877773,0.84182125,0.8597464
1.0,0.2004238,0.02074319,0.20246087,0.15311044,0.20453998,0.3901851,-0.04062649,-0.15130639,-0.21640801,-0.22533962,0.27721488,-0.035700925,-0.1141662,-0.528646,-0.07163582,0.2109311,-0.27206975,0.13564563,-0.17532048,0.17459635,0.8395598,0.9237204,0.85107875,0.9107706,0.7898545,0.66582495,0.9377592,0.86932707,0.8050093,0.84511715,0.7363094,0.9364213,0.8935212,0.5469743,0.9522696,0.77956617,0.7088514,0.88765675,0.84180146,0.8596697
0.0,0.20036066,0.020728173,0.20247875,0.15308633,0.20468919,0.39008263,-0.040450208,-0.15117793,-0.21643522,-0.22546974,0.27705586,-0.03572533,-0.114454046,-0.5285394,-0.071916126,0.21092542,-0.2719798,0.13586634,-0.17551829,0.17459837,0.8392552,0.9238037,0.85115004,0.91099095,0.78983784,0.665649,0.93775815,0.86929935,0.80469245,0.8449078,0.736301,0.9363502,0.8936847,0.5467111,0.95243734,0.7793456,0.70869875,0.8874435,0.8417679,0.8595345
0.0,0.20032763,0.020720413,0.20248835,0.15307385,0.2047675,0.3900296,-0.040357783,-0.15111084,-0.21645004,-0.22553807,0.27697295,-0.035738006,-0.11460517,-0.528484,-0.07206291,0.21092291,-0.27193323,0.135982,-0.17562212,0.17459963,0.83909553,0.92384714,0.85118717,0.91110647,0.78982884,0.66555643,0.9377575,0.8692849,0.8045264,0.844798,0.7362963,0.93631315,0.89377034,0.5465728,0.9525252,0.77922976,0.70861864,0.88733196,0.84174997,0.85946345
1.0,0.20037869,0.02073243,0.2024737,0.15309325,0.20464674,0.39011216,-0.040500488,-0.1512146,-0.21642762,-0.22543272,0.27710134,-0.035718333,-0.114372045,-0.5285698,-0.07183628,0.21092725,-0.27200568,0.13580343,-0.175462,0.17459784,0.8393421,0.92377985,0.85112953,0.9109281,0.7898426,0.66569906,0.9377584,0.8693073,0.8047827,0.8449674,0.73630327,0.9363705,0.893638,0.546786,0.95238954,0.77940834,0.7087422,0.8875042,0.8417774,0.859573
1.0,0.20040402,0.02073848,0.20246671,0.15310305,0.20458727,0.3901535,-0.040570952,-0.15126601,-0.2164169,-0.22538093,0.2771653,-0.035708606,-0.1142571,-0.528613,-0.07172423,0.2109296,-0.27204186,0.13571519,-0.17538312,0.17459716,0.83946383,0.9237465,0.851101,0.91084,0.78984904,0.6657691,0.93775874,0.86931837,0.8049092,0.84505105,0.73630655,0.93639886,0.89357257,0.546891,0.95232254,0.7794963,0.708803,0.88758945,0.84179056,0.859627
0.0,0.20016667,0.02068319,0.2025336,0.15301329,0.20514399,0.38976854,-0.03990972,-0.15078671,-0.21652037,-0.22586676,0.27656943,-0.03579889,-0.11533561,-0.528214,-0.07277182,0.21090963,-0.271704,0.13654116,-0.17612131,0.17460491,0.83832246,0.9240598,0.8513691,0.91166705,0.789786,0.6651112,0.9377553,0.86921537,0.80372626,0.84426725,0.7362754,0.93613464,0.8941846,0.5459055,0.95294964,0.7786717,0.70823306,0.8867947,0.8416656,0.8591209
1.0,0.20037422,0.02073138,0.20247559,0.15309185,0.20465866,0.39010602,-0.040487092,-0.15120508,-0.2164303,-0.22544324,0.27709043,-0.035720155,-0.11439444,-0.528563,-0.07185755,0.21092758,-0.2719999,0.13582025,-0.17547764,0.17459838,0.83931875,0.9237858,0.8511344,0.9109447,0.7898407,0.66568476,0.9377579,0.86930513,0.8047582,0.84495133,0.73630214,0.9363653,0.89365023,0.5467652,0.95240223,0.7793909,0.70873004,0.88748795,0.84177405,0.8595624
1.0,0.20032659,0.020720175,0.20248872,0.15307352,0.20477006,0.3900282,-0.040354796,-0.15110874,-0.21645054,-0.22554031,0.27697057,-0.035738375,-0.11461006,-0.5284824,-0.072067596,0.21092299,-0.27193183,0.1359857,-0.17562549,0.1745997,0.8390904,0.9238485,0.8511883,0.9111101,0.7898282,0.6655534,0.9377575,0.8692844,0.804521,0.8447945,0.7362961,0.936312,0.893773,0.5465684,0.952528,0.7792258,0.7086161,0.8873283,0.8417493,0.8594611
1.0,0.2003918,0.020735556,0.20246992,0.15309817,0.2046158,0.390133,-0.040536985,-0.15124112,-0.21642187,-0.22540581,0.27713424,-0.035713337,-0.114312395,-0.5285919,-0.07177823,0.21092823,-0.27202418,0.13575773,-0.17542101,0.1745974,0.8394052,0.9237627,0.8511149,0.91088253,0.78984606,0.6657355,0.9377586,0.86931306,0.80484825,0.8450108,0.7363051,0.93638515,0.8936042,0.54684055,0.95235485,0.7794541,0.7087738,0.8875483,0.8417844,0.8596011
1.0,0.20052224,0.020767065,0.20243128,0.15314773,0.20430334,0.39034206,-0.040903617,-0.15150851,-0.21636388,-0.22513333,0.27746248,-0.035662383,-0.11371213,-0.52881116,-0.07119399,0.21093838,-0.27220824,0.13529791,-0.17500696,0.17459239,0.8400395,0.92359096,0.85096866,0.91042477,0.78988266,0.6661041,0.9377616,0.86937106,0.80551004,0.8454471,0.73632395,0.93653315,0.89326406,0.5473899,0.9520055,0.7799156,0.7090931,0.8879936,0.8418565,0.8598835
0.0,0.20035246,0.020726228,0.20248124,0.15308324,0.20470904,0.39006987,-0.040426888,-0.15116112,-0.21643925,-0.22548711,0.27703542,-0.035728507,-0.11449236,-0.52852577,-0.07195314,0.21092509,-0.27196842,0.13589555,-0.1755447,0.17459881,0.83921504,0.9238145,0.85115916,0.91102,0.7898354,0.66562533,0.9377579,0.8692957,0.8046504,0.8448801,0.7362997,0.936341,0.8937062,0.5466761,0.95245945,0.7793161,0.7086785,0.88741535,0.8417631,0.8595165
1.0,0.20037097,0.020730624,0.20247652,0.15309066,0.20466633,0.39010078,-0.040478002,-0.15119848,-0.21643186,-0.22544998,0.27708232,-0.03572144,-0.11440939,-0.5285578,-0.07187203,0.21092737,-0.27199534,0.13583167,-0.17548794,0.17459852,0.839303,0.92379004,0.85113806,0.910956,0.78983974,0.66567564,0.9377579,0.8693037,0.80474186,0.8449405,0.73630166,0.9363616,0.89365864,0.5467516,0.95241094,0.77937937,0.7087221,0.8874769,0.84177214,0.8595554
0.0,0.20032695,0.020720238,0.20248838,0.15307346,0.20476857,0.39002818,-0.04035622,-0.15110967,-0.21644995,-0.22553897,0.27697122,-0.035738256,-0.11460744,-0.5284825,-0.072065346,0.21092257,-0.27193195,0.13598391,-0.17562358,0.17459951,0.8390929,0.92384803,0.85118794,0.91110843,0.78982884,0.66555524,0.9377577,0.8692846,0.8045238,0.8447963,0.73629653,0.9363125,0.8937718,0.5465708,0.9525267,0.77922803,0.7086177,0.8873302,0.84174997,0.8594625
0.0,0.20035669,0.02072723,0.20247996,0.15308484,0.20469871,0.39007664,-0.040439077,-0.1511699,-0.21643716,-0.225478,0.27704614,-0.03572684,-0.114472374,-0.52853274,-0.07193384,0.21092525,-0.2719744,0.13588032,-0.17553091,0.17459859,0.83923596,0.92380875,0.8511544,0.91100484,0.78983665,0.66563773,0.937758,0.8692976,0.80467236,0.8448946,0.7363003,0.9363458,0.89369494,0.54669434,0.95244795,0.7793315,0.7086891,0.88742995,0.8417656,0.8595259
1.0,0.2002815,0.02070962,0.2025015,0.15305644,0.20487605,0.3899551,-0.04022908,-0.15101755,-0.21647021,-0.22563273,0.27685732,-0.035755612,-0.114815265,-0.5284067,-0.07226696,0.2109192,-0.27186772,0.13614284,-0.17576604,0.17460124,0.8388732,0.92390805,0.8512391,0.9112674,0.7898163,0.66542816,0.9377568,0.8692647,0.80429584,0.84464544,0.7362902,0.9362617,0.89388937,0.54638076,0.9526473,0.77906895,0.7085076,0.8871771,0.84172535,0.85936487
1.0,0.20032051,0.020718722,0.20249043,0.15307114,0.20478436,0.3900182,-0.04033782,-0.15109639,-0.2164531,-0.22555274,0.27695513,-0.035740744,-0.11463782,-0.52847207,-0.07209455,0.21092242,-0.27192315,0.1360069,-0.17564447,0.17459992,0.839061,0.9238565,0.851195,0.9111314,0.7898267,0.66553646,0.9377574,0.8692817,0.8044907,0.84477437,0.7362954,0.9363052,0.8937887,0.546543,0.95254415,0.7792048,0.7086014,0.88730794,0.84174615,0.8594482
1.0,0.20038623,0.020734219,0.2024712,0.15309578,0.20462827,0.3901235,-0.040521845,-0.15122998,-0.21642387,-0.22541657,0.27712,-0.035715457,-0.11433679,-0.5285821,-0.07180221,0.21092728,-0.2720159,0.13577661,-0.17543772,0.1745974,0.83937913,0.9237699,0.8511213,0.9109014,0.78984493,0.6657209,0.93775874,0.8693106,0.8048213,0.84499305,0.7363046,0.936379,0.8936183,0.5468184,0.9523693,0.7794356,0.708761,0.88753015,0.8417819,0.8595896
1.0,0.20032746,0.020720338,0.20248823,0.15307373,0.20476776,0.39002916,-0.04035742,-0.15111053,-0.21644992,-0.22553825,0.2769726,-0.035738047,-0.114605814,-0.5284836,-0.072063535,0.21092287,-0.2719328,0.13598247,-0.17562242,0.17459957,0.83909476,0.9238473,0.8511873,0.91110706,0.78982884,0.66555613,0.93775755,0.8692848,0.80452573,0.8447976,0.7362964,0.9363131,0.8937708,0.5465723,0.95252556,0.7792292,0.70861834,0.8873315,0.84174997,0.8594633
0.0,0.20016825,0.020683551,0.20253232,0.15301332,0.20513865,0.3897695,-0.0399153,-0.15079033,-0.21651861,-0.2258619,0.276573,-0.035798203,-0.11532587,-0.52821565,-0.072763056,0.21090865,-0.2717054,0.13653411,-0.17611434,0.17460439,0.8383322,0.9240576,0.8513676,0.91166025,0.7897872,0.66511786,0.9377558,0.86921614,0.8037366,0.84427416,0.73627627,0.9361366,0.8941798,0.54591465,0.9529445,0.7786795,0.7082386,0.8868013,0.8416677,0.85912555
0.0,0.20016825,0.020683555,0.20253302,0.1530138,0.20514023,0.38977084,-0.039914202,-0.1507899,-0.21651956,-0.22586343,0.2765733,-0.035798278,-0.11532834,-0.5282165,-0.07276478,0.2109097,-0.27170607,0.13653556,-0.17611626,0.17460486,0.83833015,0.9240577,0.85136735,0.9116614,0.78978646,0.6651159,0.9377554,0.869216,0.80373424,0.8442726,0.7362757,0.93613636,0.8941806,0.54591227,0.9529455,0.7786773,0.708237,0.8868,0.84166664,0.8591243
0.0,0.20016655,0.020683175,0.20253327,0.15301293,0.20514335,0.3897676,-0.03991004,-0.15078676,-0.21651983,-0.22586608,0.2765689,-0.035798855,-0.11533478,-0.52821314,-0.07277133,0.21090901,-0.27170333,0.13654067,-0.17612053,0.17460467,0.83832306,0.92406005,0.85136944,0.91166675,0.78978646,0.66511214,0.9377555,0.86921537,0.8037271,0.8442678,0.7362757,0.93613464,0.8941846,0.5459064,0.9529494,0.7786725,0.70823365,0.88679504,0.8416663,0.85912126
1.0,0.20032611,0.020720037,0.20248893,0.15307334,0.20477137,0.39002737,-0.04035332,-0.15110771,-0.21645087,-0.2255415,0.27696937,-0.035738595,-0.114612564,-0.5284817,-0.07206995,0.21092305,-0.27193117,0.13598755,-0.17562717,0.17459978,0.8390878,0.92384917,0.8511887,0.91111207,0.78982806,0.6655517,0.9377575,0.8692843,0.80451834,0.84479266,0.736296,0.9363114,0.8937743,0.54656607,0.9525294,0.77922404,0.70861477,0.88732654,0.8417489,0.85946006
1.0,0.20031342,0.020717071,0.20249273,0.15306869,0.20480166,0.3900071,-0.040317606,-0.15108182,-0.21645662,-0.2255679,0.27693754,-0.035743482,-0.11467099,-0.5284605,-0.072126605,0.21092221,-0.2719133,0.13603221,-0.17566732,0.17460033,0.8390261,0.92386603,0.851203,0.91115665,0.7898245,0.66551596,0.93775713,0.8692786,0.8044542,0.8447503,0.73629415,0.93629724,0.8938073,0.5465126,0.9525632,0.7791791,0.70858365,0.88728356,0.84174186,0.8594325
1.0,0.20356709,0.022398049,0.20274338,0.15409702,0.20053628,0.39626166,-0.047173515,-0.157107,-0.21595919,-0.22114801,0.28478426,-0.034416907,-0.102956474,-0.5341178,-0.062314212,0.21228963,-0.2778793,0.1280135,-0.16846718,0.17473343,0.85073656,0.91985327,0.8472924,0.9019972,0.78994834,0.67050415,0.93753374,0.870234,0.8155301,0.8521193,0.7357609,0.93921256,0.88772637,0.5556631,0.946146,0.78684795,0.7127902,0.8950971,0.84109277,0.86350155
1.0,0.20267439,0.021581871,0.20246607,0.15385425,0.20112288,0.3946352,-0.04561712,-0.15494071,-0.2158997,-0.22230008,0.28248173,-0.034855165,-0.10624911,-0.53240776,-0.064367965,0.21166214,-0.275897,0.1297055,-0.17029223,0.17466815,0.8479063,0.9212426,0.84865814,0.9045633,0.7898474,0.6695953,0.93768084,0.8699377,0.81324375,0.8504409,0.73617685,0.93838024,0.8893918,0.55337995,0.9478066,0.7853099,0.7122982,0.8932657,0.8417391,0.8628687
1.0,0.20427316,0.022965917,0.20292623,0.15428749,0.19995745,0.39767346,-0.048487913,-0.15869561,-0.21598786,-0.2202529,0.28658974,-0.03409475,-0.1003892,-0.5354605,-0.06052573,0.21275975,-0.2794032,0.12654352,-0.16698769,0.17479192,0.85302854,0.91885334,0.84630626,0.9000349,0.78997755,0.6712956,0.9374366,0.8704535,0.81752175,0.8534952,0.7354968,0.93985975,0.8864247,0.5574594,0.94481283,0.78820646,0.713318,0.8966613,0.8406767,0.8641005
1.0,0.20377573,0.023145808,0.20329352,0.15399781,0.20169963,0.39658067,-0.046862092,-0.15827826,-0.21630183,-0.22116557,0.2854964,-0.034231775,-0.102324635,-0.53470445,-0.06338008,0.21284899,-0.27902988,0.12874122,-0.16870822,0.1747974,0.85043615,0.91902673,0.8463949,0.901479,0.79004127,0.6696073,0.937336,0.87028867,0.8141955,0.8516475,0.73513395,0.93930674,0.8875799,0.5554228,0.94614774,0.78589565,0.711475,0.8945745,0.8399557,0.8626339
1.0,0.2028302,0.02218992,0.20294364,0.15378043,0.20220883,0.39486536,-0.045212723,-0.15572312,-0.21619451,-0.22247991,0.28295594,-0.03470981,-0.10603659,-0.5328221,-0.06551665,0.21211642,-0.27681085,0.13050626,-0.17070882,0.17471685,0.8474079,0.9206499,0.84797126,0.90431774,0.78988326,0.6686439,0.93751943,0.86994004,0.8118634,0.8498578,0.73564917,0.93839043,0.8894705,0.55290127,0.9479888,0.78432745,0.71107626,0.8925904,0.8407424,0.86202544
1.0,0.20382163,0.022686819,0.20291264,0.15413049,0.20061602,0.39678317,-0.04748134,-0.157707,-0.2160283,-0.22094905,0.2854265,-0.03429594,-0.102176875,-0.53460777,-0.06205076,0.21252665,-0.27855003,0.12775251,-0.16815473,0.1747634,0.85129374,0.91943884,0.84685314,0.9013818,0.78994554,0.6705008,0.93746984,0.87028664,0.8157947,0.8523811,0.7355687,0.9393896,0.8873872,0.5560476,0.94580835,0.78702813,0.71266866,0.8953902,0.8407389,0.8634893
1.0,0.20441353,0.023215296,0.20309901,0.15427819,0.20022152,0.397986,-0.04856363,-0.1591511,-0.21609163,-0.22018838,0.28699803,-0.034023114,-0.09996863,-0.535786,-0.060605876,0.21297622,-0.2799005,0.12656696,-0.166919,0.17482191,0.8531909,0.9185271,0.8459614,0.8997003,0.78997684,0.6711176,0.9373663,0.87048507,0.81737053,0.8535058,0.7352985,0.9399459,0.886251,0.5575525,0.94467205,0.7880962,0.713017,0.89668894,0.84031713,0.86393267
1.0,0.20348457,0.022500122,0.20292148,0.15401968,0.20115139,0.3961576,-0.046718255,-0.15700468,-0.21608818,-0.2214858,0.28458875,-0.034443572,-0.10351822,-0.53400815,-0.06321983,0.21238877,-0.2779574,0.12868,-0.16904205,0.17475194,0.84997046,0.9198601,0.8472365,0.9023881,0.789912,0.6698676,0.9374854,0.8701651,0.81446207,0.85152286,0.735598,0.9390453,0.8880996,0.5549626,0.9465544,0.7861072,0.7121386,0.89443225,0.84074634,0.8630004
1.0,0.20458418,0.022737274,0.20258941,0.15447229,0.19853267,0.39824316,-0.0496217,-0.15876801,-0.21566314,-0.2195727,0.2871368,-0.0339918,-0.09912935,-0.53577983,-0.058457397,0.21253741,-0.2794159,0.124926165,-0.1657351,0.17475237,0.8548432,0.91890824,0.84643066,0.8991626,0.78996027,0.6726199,0.9375693,0.87054545,0.82003343,0.85483015,0.73587894,0.9402105,0.8857272,0.5589058,0.94391793,0.7899868,0.7148121,0.8981619,0.84137213,0.8652535
1.0,0.20406818,0.023114515,0.20320602,0.15413126,0.2010451,0.397315,-0.047617946,-0.15849209,-0.21620294,-0.220833,0.28612936,-0.03416183,-0.101448506,-0.53517103,-0.06217569,0.21289505,-0.2794051,0.1277812,-0.16802244,0.17481574,0.8515923,0.91888547,0.84625834,0.9007895,0.7899482,0.6702094,0.9373546,0.8703406,0.81556904,0.8524166,0.7352302,0.9395458,0.8870882,0.55622566,0.94556296,0.7868508,0.7121714,0.8954462,0.8401259,0.86321247
1.0,0.20506182,0.023440422,0.20301539,0.15453735,0.1990306,0.39932698,-0.050067917,-0.16018936,-0.21594468,-0.21927828,0.28850204,-0.033761106,-0.097647876,-0.53687894,-0.05823715,0.21318409,-0.280915,0.12468241,-0.16525723,0.17485927,0.8556937,0.9179408,0.84542036,0.89795524,0.78994226,0.6723588,0.93737346,0.87066543,0.82012564,0.85514796,0.7353477,0.9405635,0.88502336,0.55949724,0.9433158,0.7899889,0.714221,0.8985758,0.8404401,0.8649767
1.0,0.20480376,0.02336335,0.20304921,0.15442425,0.19945751,0.39870927,-0.049467236,-0.15979537,-0.21596506,-0.21959099,0.2878669,-0.03384506,-0.09849413,-0.5363903,-0.059185795,0.2130453,-0.2804933,0.12542388,-0.16586925,0.17482725,0.8547338,0.9181913,0.84563357,0.89861935,0.7900098,0.67190623,0.93739545,0.8705909,0.8190731,0.8545247,0.73534566,0.9403192,0.88552976,0.55878305,0.94385934,0.7892837,0.7137673,0.8978347,0.840413,0.86457646
0.0,0.20377141,0.022892563,0.20309624,0.15408888,0.20129947,0.3967876,-0.047119893,-0.15797085,-0.21626186,-0.22117668,0.28550643,-0.034317117,-0.10246275,-0.53475547,-0.06275909,0.21281806,-0.2787883,0.12833443,-0.16856585,0.17482097,0.850724,0.9191872,0.846629,0.9015129,0.78989166,0.6699475,0.9373409,0.87030286,0.81482255,0.85191727,0.7353011,0.93934476,0.887443,0.5555903,0.9459964,0.78628886,0.71197814,0.8949198,0.84029925,0.8629925
1.0,0.20457819,0.022874212,0.20276567,0.1544396,0.19908543,0.3983708,-0.04934155,-0.15884386,-0.21582413,-0.21983838,0.28718656,-0.03400951,-0.09944028,-0.5358791,-0.05908995,0.21273269,-0.27966484,0.12540025,-0.16615282,0.17479746,0.8543497,0.9187802,0.846265,0.8993207,0.78988826,0.6720888,0.937487,0.8705091,0.819214,0.85440874,0.7356786,0.94012386,0.88589597,0.5584169,0.944149,0.78938764,0.7142416,0.8977027,0.8409926,0.8648396
1.0,0.20390585,0.022203198,0.20253776,0.15424165,0.19943948,0.39707032,-0.048198573,-0.15709934,-0.21571395,-0.2206772,0.2853828,-0.03434253,-0.10192999,-0.53450525,-0.060611874,0.21217057,-0.27809545,0.12662572,-0.16753687,0.17472002,0.8522671,0.9198707,0.84732556,0.9012617,0.78983474,0.6714672,0.9376243,0.8702742,0.8175488,0.853185,0.73603857,0.9394732,0.8871939,0.5567267,0.94540787,0.7883009,0.7139587,0.8962998,0.8415506,0.8644295
0.0,0.20280108,0.02208844,0.20285703,0.15380809,0.20206329,0.39488202,-0.045289904,-0.15563105,-0.21618888,-0.22246665,0.28293473,-0.034752216,-0.10609414,-0.53282404,-0.065283194,0.21210627,-0.2766741,0.1303682,-0.1706473,0.17472659,0.84749264,0.9207014,0.84806854,0.9043436,0.7898403,0.6687974,0.937516,0.8699585,0.81208277,0.8499578,0.73571247,0.9384088,0.88939124,0.5529829,0.9479224,0.7844582,0.71126664,0.892729,0.8408938,0.86216104
0.0,0.2014727,0.021211347,0.20261699,0.15342245,0.20338528,0.39234442,-0.042701,-0.15291107,-0.21625635,-0.2241885,0.27963418,-0.035314817,-0.11083643,-0.5304054,-0.06884931,0.21136951,-0.27402565,0.13329913,-0.17340347,0.17465037,0.84299815,0.922541,0.84985286,0.90808064,0.789788,0.66709495,0.93768084,0.86955225,0.8081291,0.8472038,0.7361116,0.937222,0.89186156,0.5494605,0.95046604,0.7817482,0.7099974,0.88980097,0.84147054,0.860818
1.0,0.20344654,0.022752715,0.20319878,0.15393826,0.2020316,0.39613256,-0.046181366,-0.15714131,-0.21630529,-0.22185636,0.2845465,-0.034436546,-0.104007766,-0.5340439,-0.06434706,0.21264154,-0.2782578,0.12951924,-0.16968645,0.17479654,0.8491154,0.9196827,0.8470096,0.90268445,0.7898627,0.66902816,0.9373794,0.87011063,0.8130954,0.85081404,0.73529667,0.9389026,0.88843054,0.55419093,0.9469663,0.78512925,0.7112023,0.8936503,0.84015477,0.8623067
0.0,0.20349234,0.02226553,0.20268427,0.15409279,0.20051633,0.39617372,-0.0470777,-0.15681458,-0.21593988,-0.22127596,0.284566,-0.03447233,-0.10331461,-0.5339633,-0.062401585,0.21222073,-0.27765387,0.1280954,-0.16863067,0.17473327,0.8505171,0.92002684,0.84747267,0.90225834,0.7898984,0.67046636,0.9375507,0.8701988,0.81542695,0.85200226,0.73583484,0.93913126,0.8878818,0.55545425,0.9462876,0.786775,0.71283793,0.8949746,0.84121203,0.8635091
0.0,0.20234457,0.02200454,0.2028679,0.15365806,0.2028078,0.39387822,-0.0442919,-0.15516235,-0.21633217,-0.222958,0.28198433,-0.034905624,-0.10747945,-0.53215265,-0.06671572,0.21202943,-0.2759554,0.13157114,-0.17155945,0.17471187,0.84590876,0.9210156,0.848427,0.90541756,0.78989834,0.66810334,0.93749166,0.869898,0.8104064,0.84895843,0.7356689,0.9380858,0.8900351,0.55188096,0.94869757,0.7832657,0.71051645,0.89165837,0.8408507,0.8614975
1.0,0.20479268,0.0231016,0.20287938,0.15447876,0.1990843,0.3988105,-0.04963559,-0.15935144,-0.21587,-0.21964487,0.28772777,-0.03390782,-0.098746866,-0.53629124,-0.058774672,0.21291956,-0.2802002,0.12511994,-0.16582729,0.1748239,0.8548776,0.918448,0.84592223,0.89878255,0.78988844,0.6721542,0.9374403,0.8705579,0.8195509,0.85468405,0.735541,0.9402873,0.885579,0.5588053,0.94383365,0.78961325,0.7142113,0.898022,0.8407432,0.8648797
0.0,0.20249513,0.021372179,0.20242648,0.15378931,0.20127767,0.3944274,-0.04530404,-0.15437698,-0.21589997,-0.22261447,0.2820024,-0.034970503,-0.10704495,-0.53206134,-0.06481798,0.21154551,-0.27550593,0.13005374,-0.17076142,0.1746634,0.8472565,0.92157835,0.84897226,0.90518767,0.7897644,0.6693371,0.9377085,0.8698546,0.8127159,0.850032,0.7362701,0.93817276,0.88980335,0.55277336,0.9481894,0.78496957,0.71218103,0.89285153,0.8418614,0.86272764
1.0,0.20328337,0.022190781,0.20277596,0.15398875,0.2010795,0.39581016,-0.046443403,-0.15628982,-0.21600139,-0.22176337,0.28397506,-0.034562565,-0.10435997,-0.53354067,-0.06349662,0.21215133,-0.27736068,0.12891829,-0.16941963,0.17472906,0.8494122,0.9203204,0.84769183,0.90303767,0.7898535,0.6697909,0.937556,0.870072,0.81419563,0.8512294,0.7357996,0.9388346,0.8885295,0.55447316,0.9469378,0.78594124,0.71225345,0.89410204,0.8410612,0.8630075
1.0,0.2035799,0.02229905,0.20274004,0.15408862,0.20049629,0.39636528,-0.047167428,-0.15680718,-0.21590737,-0.22127572,0.2846707,-0.034436837,-0.103188515,-0.53402185,-0.06237527,0.2122112,-0.27782592,0.12801382,-0.16860983,0.17472662,0.850637,0.9200215,0.8474094,0.90217376,0.7898824,0.67042255,0.9375693,0.87016773,0.8155034,0.85203767,0.7358274,0.93912846,0.887929,0.55545545,0.946274,0.786862,0.7128363,0.8949934,0.8411372,0.8635196
0.0,0.20188504,0.021226259,0.20243947,0.1536079,0.2022667,0.3931254,-0.04392706,-0.15360714,-0.21606675,-0.22337016,0.28065056,-0.0351764,-0.10904384,-0.53110546,-0.066820055,0.21139662,-0.27453053,0.13172022,-0.17206359,0.17464936,0.8450426,0.92211556,0.8495132,0.9067191,0.7898285,0.6683303,0.93770355,0.8697251,0.81043047,0.84862673,0.73624015,0.93769073,0.89080507,0.5511697,0.9493479,0.78334117,0.71116704,0.89132833,0.8418092,0.8618128
0.0,0.20279345,0.022178689,0.20287445,0.1538099,0.20215191,0.39479074,-0.04525076,-0.15585922,-0.21623644,-0.22239837,0.28300744,-0.034734383,-0.10595964,-0.5328895,-0.065320835,0.21217829,-0.27672443,0.13043024,-0.17058471,0.17473373,0.84750545,0.920563,0.8479729,0.9042324,0.78988457,0.6688011,0.9374823,0.8700016,0.81200683,0.8499707,0.73564506,0.9384598,0.88926846,0.553087,0.94785756,0.78437716,0.7111691,0.8927461,0.8408217,0.86209875
1.0,0.20429903,0.02269742,0.20285776,0.15431637,0.19980319,0.39793432,-0.048511773,-0.15801051,-0.21589229,-0.2205467,0.28636193,-0.03415865,-0.10096045,-0.5352981,-0.06051664,0.21262492,-0.2792141,0.1264734,-0.16726908,0.1747992,0.85285777,0.91921735,0.8466114,0.9004141,0.7897808,0.67119527,0.9374922,0.8703218,0.81758595,0.8533759,0.7356599,0.93969864,0.88679147,0.55705696,0.9450422,0.7882752,0.71351826,0.8965099,0.84083956,0.8642099
0.0,0.20187435,0.021477407,0.20266996,0.15354463,0.20294885,0.3930818,-0.043519706,-0.15379186,-0.21623561,-0.22361451,0.28066593,-0.03514629,-0.10932608,-0.5311607,-0.06768621,0.21160026,-0.27481246,0.13236243,-0.17250836,0.17467126,0.8444363,0.9219376,0.8492941,0.90688396,0.7898165,0.6676832,0.9376216,0.8696976,0.8093996,0.84810245,0.73598987,0.937609,0.8910337,0.5506269,0.9496332,0.78261244,0.7104266,0.89074826,0.84132195,0.86126506
1.0,0.2040484,0.022508217,0.20274933,0.15423974,0.19979556,0.39732048,-0.048182204,-0.1575883,-0.21582457,-0.2206532,0.28576434,-0.03424645,-0.10154417,-0.5348104,-0.06087493,0.21238564,-0.2786383,0.12678534,-0.1675316,0.17474672,0.8523293,0.91953945,0.8469385,0.90093195,0.78986883,0.67117774,0.937559,0.8702911,0.8172324,0.85311264,0.7358032,0.9395445,0.8870949,0.5567453,0.94534963,0.7880671,0.7135336,0.8961999,0.84111035,0.8641585
1.0,0.20337719,0.022840666,0.20328456,0.15387595,0.2023357,0.39592642,-0.0459271,-0.15719277,-0.21636125,-0.22194076,0.28441882,-0.034435406,-0.10418783,-0.53394604,-0.064817734,0.2126689,-0.27825734,0.12987186,-0.16990693,0.17478923,0.8487446,0.9196474,0.84696186,0.9028442,0.78991073,0.66876554,0.9373604,0.87010103,0.81255585,0.85053796,0.735211,0.93883854,0.88856983,0.55393094,0.9471379,0.78476506,0.7108663,0.89334077,0.839995,0.8620519
1.0,0.20384964,0.022486592,0.20282094,0.15415633,0.2003036,0.3968974,-0.047608953,-0.15727618,-0.21589449,-0.22101408,0.2852726,-0.03431565,-0.1023556,-0.5344626,-0.06182056,0.21234836,-0.2783751,0.12752722,-0.1681529,0.17474532,0.8513974,0.91971725,0.84708124,0.90152776,0.7898774,0.6706373,0.9375489,0.87021244,0.81615514,0.8524759,0.7357439,0.93932223,0.8875662,0.5560013,0.94587004,0.7873159,0.7130005,0.89546967,0.84096956,0.8637077
1.0,0.20423377,0.02296344,0.20292214,0.154266,0.20000254,0.3975735,-0.048426636,-0.15868816,-0.21599552,-0.22025806,0.28652716,-0.034109168,-0.10044946,-0.53541017,-0.06060306,0.212751,-0.27934018,0.12661438,-0.16702868,0.17478594,0.85294,0.9188562,0.84632504,0.90009415,0.7899942,0.67127526,0.93743193,0.87046033,0.8174184,0.8534432,0.73549455,0.93984437,0.88644,0.557419,0.9448439,0.7881408,0.7132752,0.89660776,0.8406859,0.8640663
1.0,0.20485473,0.023056543,0.2027263,0.15452194,0.19847044,0.3987973,-0.05007504,-0.15954983,-0.21573535,-0.21922109,0.28791183,-0.033855584,-0.09806417,-0.53636515,-0.057905987,0.21279623,-0.28013134,0.12446667,-0.16518949,0.17478023,0.85566056,0.9184209,0.8459421,0.8983648,0.7899946,0.6728156,0.93750453,0.870649,0.8206126,0.85528797,0.7356962,0.94047725,0.88519067,0.559563,0.9434001,0.7903811,0.7148381,0.898711,0.8410804,0.8653654
1.0,0.2042644,0.022809641,0.20285058,0.15426749,0.19965985,0.39757308,-0.04854721,-0.1583257,-0.2158216,-0.22024304,0.28634572,-0.034093205,-0.10049027,-0.53520507,-0.06041427,0.21251066,-0.27917963,0.12639321,-0.1669595,0.17473881,0.85308796,0.91913086,0.84651905,0.9001849,0.7900085,0.6714446,0.9375416,0.87038773,0.81779975,0.85356647,0.73567504,0.93978536,0.88663584,0.55745006,0.9449,0.7884736,0.71360195,0.8966895,0.84091204,0.86428106
1.0,0.2032314,0.02262515,0.20312834,0.15388647,0.20215502,0.39562514,-0.045813195,-0.15680908,-0.21629539,-0.22202572,0.28404218,-0.03451272,-0.10461274,-0.53366065,-0.06479511,0.2125028,-0.27779844,0.12991183,-0.1699994,0.17477335,0.8485299,0.91992575,0.8472716,0.90316975,0.78990734,0.6688903,0.9374086,0.8700774,0.8126098,0.8504878,0.73537076,0.9387585,0.8887183,0.55381334,0.947285,0.7847916,0.7110848,0.89328456,0.84030133,0.86215997
1.0,0.20529729,0.023146747,0.2025396,0.15474051,0.19728717,0.3996502,-0.05131998,-0.16031528,-0.21557811,-0.21838132,0.28898758,-0.03365979,-0.096219465,-0.5371326,-0.055770345,0.21288486,-0.28067327,0.1228164,-0.16370748,0.17479177,0.85775256,0.91803974,0.8456608,0.89702195,0.78999704,0.67406404,0.93753505,0.87083477,0.82311165,0.85673195,0.7358384,0.94100994,0.88412464,0.5612882,0.942232,0.7920935,0.71605974,0.9004062,0.8414108,0.86637616
1.0,0.20343965,0.022446705,0.20288742,0.15402135,0.20119227,0.39613107,-0.046664514,-0.15691455,-0.2161161,-0.22155535,0.28452307,-0.034485444,-0.103704944,-0.53398365,-0.06325075,0.21241298,-0.27785593,0.1287383,-0.1691291,0.17476356,0.84984976,0.91989124,0.8473057,0.90250325,0.7898647,0.669838,0.9374654,0.87016773,0.81437075,0.8514579,0.73560774,0.9390222,0.8881158,0.55486417,0.9465944,0.7860243,0.71212864,0.8943824,0.8407836,0.86298436
1.0,0.20434368,0.0230414,0.20303066,0.15428758,0.2001869,0.39793137,-0.048454933,-0.15873703,-0.21605945,-0.22037989,0.2867365,-0.034086548,-0.10044794,-0.53560424,-0.060719408,0.21288617,-0.2796435,0.12665993,-0.16714786,0.17482378,0.85292435,0.9187631,0.846189,0.9000281,0.789894,0.6710442,0.9373917,0.87042475,0.81725293,0.8533552,0.7353942,0.9398355,0.88648075,0.55725926,0.944868,0.78800994,0.71308374,0.8965139,0.8404542,0.86394453
1.0,0.20458856,0.023445437,0.20324871,0.15430087,0.20037812,0.3983268,-0.048686296,-0.15957537,-0.21615332,-0.22010884,0.2874059,-0.033928245,-0.099500716,-0.53610456,-0.060594246,0.21315335,-0.28039062,0.12651245,-0.1667826,0.17485443,0.8534472,0.91824305,0.845644,0.89931846,0.78997916,0.67100453,0.9373192,0.87049985,0.81738126,0.8535896,0.73513466,0.9400405,0.8860902,0.55771613,0.94452214,0.7880877,0.71281284,0.8967772,0.8399983,0.8638275
1.0,0.20480967,0.023068873,0.20283736,0.15445986,0.19878395,0.39866027,-0.049749464,-0.15929739,-0.21572453,-0.21947265,0.2876333,-0.0338574,-0.098499954,-0.536137,-0.058578543,0.21271786,-0.28010866,0.12491459,-0.16560762,0.17476583,0.8551215,0.9185693,0.84598434,0.89869714,0.7900086,0.67239434,0.9375349,0.8705461,0.81993496,0.8548768,0.7356597,0.9403039,0.88561434,0.559042,0.9437807,0.78994745,0.71447057,0.89818877,0.840914,0.8650593
1.0,0.20405981,0.023124008,0.20315664,0.15413412,0.20087752,0.3971816,-0.047700424,-0.15861437,-0.21615767,-0.2206702,0.28614056,-0.03413992,-0.10120946,-0.5351492,-0.061969444,0.21283722,-0.2793437,0.127639,-0.16781032,0.17479508,0.8517954,0.9188593,0.8462546,0.9006537,0.79003215,0.6704247,0.93737733,0.87037915,0.8158389,0.85258985,0.7352701,0.9396059,0.8869587,0.5564928,0.94544125,0.7870459,0.7123298,0.89563185,0.8402327,0.8633331
1.0,0.20453265,0.023541322,0.20338228,0.15424162,0.20083708,0.3982529,-0.04837627,-0.15958384,-0.21625814,-0.22031507,0.2873084,-0.033943683,-0.09982915,-0.5360596,-0.061222255,0.21325114,-0.2804784,0.12697926,-0.16716123,0.17487107,0.85293496,0.91819245,0.84556365,0.8995431,0.78996325,0.6705686,0.9372729,0.8704658,0.81661904,0.8531875,0.7349971,0.93993974,0.88629836,0.55727,0.9447729,0.7875529,0.7123292,0.89632964,0.83972806,0.863466
1.0,0.20397407,0.022476608,0.20260902,0.15425602,0.19950995,0.3970251,-0.04829891,-0.15777725,-0.21578759,-0.2203866,0.28574634,-0.034251563,-0.10125533,-0.5347759,-0.06046302,0.21232766,-0.27840942,0.12655339,-0.16718611,0.1747243,0.8526224,0.91948974,0.846989,0.90076303,0.78998095,0.67159486,0.9375698,0.8703881,0.81768644,0.85340464,0.73587996,0.93965983,0.8868012,0.5572008,0.9451189,0.78836334,0.7138412,0.8965442,0.84136194,0.8643891
1.0,0.20385343,0.022970328,0.20317817,0.15408695,0.20135792,0.3969276,-0.04714288,-0.158028,-0.21624842,-0.22118884,0.28560305,-0.034266397,-0.10234398,-0.53481275,-0.062853254,0.21282841,-0.2789873,0.1283481,-0.16857654,0.17482038,0.8507693,0.91915154,0.8465298,0.90142554,0.7898985,0.66983926,0.9373523,0.8702703,0.81477463,0.8518973,0.73525745,0.939339,0.88750726,0.55555826,0.9460202,0.78627545,0.71187955,0.89486784,0.8401622,0.86292976
1.0,0.20338634,0.022943193,0.20330049,0.153873,0.2023229,0.3958414,-0.04597794,-0.15749529,-0.21638134,-0.22177243,0.28454244,-0.03439767,-0.10386413,-0.5340265,-0.06472052,0.21270776,-0.27834225,0.12981158,-0.16971754,0.17478393,0.84891516,0.9194919,0.84683275,0.90263045,0.7899992,0.668883,0.9373462,0.8701591,0.8126612,0.8506625,0.7351608,0.93892306,0.88837814,0.55418605,0.9469887,0.7848291,0.71086025,0.89348185,0.83995944,0.86206806
1.0,0.2049883,0.023081025,0.20258479,0.15462783,0.19789761,0.39905238,-0.050641924,-0.15999037,-0.21569958,-0.21876806,0.28839123,-0.03379547,-0.09720205,-0.53672445,-0.05681985,0.21286598,-0.2802626,0.12369017,-0.16444024,0.17479147,0.85663605,0.9182007,0.84583104,0.8977377,0.7900188,0.67350787,0.9374945,0.8707888,0.821813,0.8560026,0.7357632,0.94076335,0.8845596,0.56046826,0.942788,0.7911771,0.71545506,0.89958066,0.8413145,0.8658749
1.0,0.20457363,0.023051156,0.20277911,0.15443853,0.19912416,0.398272,-0.049424626,-0.15938923,-0.21590886,-0.21958134,0.28744555,-0.03397637,-0.09894274,-0.53608423,-0.058890775,0.21287602,-0.27981138,0.12531972,-0.16585454,0.17480499,0.854614,0.9184725,0.8460412,0.89897096,0.7899963,0.6722656,0.937427,0.87063307,0.8193484,0.85459995,0.735568,0.9402853,0.88550466,0.5588264,0.94387466,0.7894485,0.7141977,0.8979615,0.8409186,0.86484724
1.0,0.20270169,0.02261223,0.20329864,0.15363276,0.20334435,0.39442608,-0.04441995,-0.15614401,-0.21646705,-0.22276923,0.28280473,-0.03465806,-0.10646775,-0.53275216,-0.06706415,0.21238652,-0.27709022,0.13167065,-0.17139612,0.17473581,0.84628433,0.9203462,0.8476356,0.90464145,0.7899876,0.6676734,0.93739915,0.8699271,0.8100536,0.84896845,0.73524517,0.9382522,0.8898073,0.55209136,0.9484644,0.7830451,0.7098261,0.89160645,0.84000784,0.861099
1.0,0.20401669,0.023093974,0.20324549,0.15411389,0.20126614,0.3972285,-0.047381874,-0.15829757,-0.21622846,-0.22104064,0.28593612,-0.034184888,-0.101849824,-0.53504443,-0.062592596,0.21288922,-0.2793295,0.1280945,-0.16832773,0.17482549,0.851187,0.9189848,0.8463291,0.9010582,0.78991175,0.6699308,0.9373509,0.8702833,0.8151082,0.85212636,0.7352054,0.93943685,0.8873388,0.5558486,0.94581497,0.7865211,0.71193963,0.8951063,0.8400393,0.86301327
1.0,0.20459768,0.022879643,0.2027623,0.15440744,0.19893308,0.39830375,-0.04942645,-0.1588548,-0.21574286,-0.21971205,0.2871698,-0.033977453,-0.09923126,-0.5358081,-0.058976553,0.21262462,-0.27965733,0.12526922,-0.16601224,0.1747569,0.85451883,0.9188151,0.8462659,0.8992426,0.7899655,0.6722214,0.9375373,0.87050885,0.81942296,0.85452634,0.73573345,0.9401391,0.8858956,0.5585709,0.9440925,0.78959185,0.7143667,0.8978102,0.84106445,0.86493695
1.0,0.2041665,0.022867313,0.202922,0.15424919,0.20012392,0.39751956,-0.048250716,-0.15837866,-0.2160022,-0.22046632,0.2863028,-0.034159463,-0.100902066,-0.53525746,-0.060895935,0.21270873,-0.2791909,0.12683058,-0.1673224,0.17478976,0.85257936,0.91902167,0.84646374,0.9004107,0.78993124,0.67107403,0.93744063,0.8704013,0.81708485,0.8531996,0.7355224,0.93972695,0.8866888,0.55705094,0.94507396,0.7879111,0.71316636,0.8963309,0.8406965,0.86395717
1.0,0.20434543,0.022919917,0.20290005,0.1543239,0.19980963,0.39787444,-0.04863583,-0.1586221,-0.21595225,-0.22024637,0.2866823,-0.03408652,-0.100318685,-0.5355321,-0.060296565,0.21275221,-0.2794542,0.12634867,-0.1669043,0.17480065,0.85322404,0.9188831,0.8463304,0.8999602,0.7899184,0.6713842,0.9374472,0.8704371,0.8177976,0.85362095,0.73553956,0.9398787,0.88639677,0.5575419,0.9447417,0.7883977,0.7134803,0.8967998,0.84072495,0.8642255
1.0,0.20357025,0.022725666,0.20308055,0.15400499,0.20149066,0.3963446,-0.04667799,-0.15738359,-0.21620786,-0.22148854,0.28487873,-0.03439254,-0.10329361,-0.5342566,-0.06345188,0.21260071,-0.27834722,0.1288418,-0.1690865,0.17478104,0.84995025,0.9195749,0.8469471,0.9021828,0.78990626,0.66961724,0.93740946,0.8701921,0.81412745,0.85142344,0.7353996,0.9390967,0.8879976,0.55492747,0.9465035,0.7858552,0.7117689,0.8943326,0.84039575,0.8627656
1.0,0.20315996,0.02264755,0.20315182,0.15383941,0.20227562,0.39542687,-0.04566974,-0.15680945,-0.21631077,-0.22204292,0.2839133,-0.03452241,-0.10472001,-0.5335505,-0.06502807,0.21247676,-0.2777207,0.13008986,-0.17010027,0.17475659,0.84832245,0.91993916,0.84728235,0.90328985,0.789959,0.6688016,0.93741095,0.87007993,0.81234837,0.85035163,0.7353523,0.93871945,0.8887922,0.55369645,0.9473752,0.78462774,0.7109497,0.89313424,0.84027684,0.8620536
1.0,0.20404139,0.023039678,0.20317845,0.15415397,0.20108107,0.39735314,-0.047557447,-0.15831804,-0.21622416,-0.22096285,0.28605062,-0.034200493,-0.10171774,-0.53514487,-0.062237814,0.21291044,-0.2793172,0.12784995,-0.16816288,0.17483573,0.8514401,0.9189656,0.84634805,0.9009411,0.789873,0.6701325,0.93734306,0.87031657,0.81546766,0.85232246,0.7352478,0.9395013,0.88717294,0.55605286,0.9456544,0.7867525,0.71216273,0.8953514,0.84015316,0.863189
1.0,0.2038768,0.022863327,0.20304915,0.15411007,0.20090766,0.39691547,-0.047423888,-0.15798706,-0.21612608,-0.22096679,0.2856295,-0.034259476,-0.10203363,-0.5347822,-0.062287055,0.21268466,-0.27885222,0.12791379,-0.16822366,0.17478482,0.8512289,0.9192298,0.8466276,0.90125436,0.78994703,0.670274,0.9374134,0.8703018,0.8154747,0.8522673,0.7354099,0.93941545,0.88733745,0.5559764,0.94579744,0.78679645,0.71234864,0.8952737,0.84045476,0.8632818
0.0,0.20263842,0.022026455,0.20276223,0.15378284,0.20206098,0.39445555,-0.045117088,-0.15560523,-0.21619964,-0.22243395,0.28267473,-0.034804024,-0.10628423,-0.5326278,-0.06537012,0.21204516,-0.2763319,0.1305143,-0.17066897,0.17471111,0.84727454,0.9207578,0.8482049,0.90451884,0.789915,0.668894,0.9375155,0.8699998,0.81195366,0.8498943,0.73575795,0.9383926,0.88936955,0.5529873,0.94797236,0.7843462,0.71128815,0.8926756,0.8410579,0.86215097
1.0,0.20453635,0.022900945,0.20281085,0.15441558,0.19929159,0.39830944,-0.049184397,-0.15882406,-0.21587479,-0.21994466,0.2871167,-0.034029104,-0.09963454,-0.53584397,-0.05937458,0.2127735,-0.27966252,0.12562576,-0.16633877,0.17480697,0.85409045,0.91876936,0.8462513,0.8994496,0.78987753,0.6718969,0.93746287,0.8704956,0.8188568,0.85421705,0.7356235,0.940073,0.8859907,0.55820304,0.9442741,0.78913176,0.714031,0.8974907,0.84089327,0.8646782
1.0,0.20331377,0.022747202,0.20320573,0.15387249,0.20218213,0.39573395,-0.045905158,-0.15703906,-0.21629569,-0.22191775,0.2842325,-0.03445429,-0.10428426,-0.5337801,-0.06475879,0.21254256,-0.27803385,0.12983905,-0.16987693,0.17476575,0.8487194,0.91978604,0.8471032,0.9029509,0.7899534,0.6688918,0.9374047,0.8700924,0.8126751,0.85057175,0.735307,0.9388111,0.8886276,0.55396235,0.9471793,0.7848613,0.71102256,0.89336354,0.8401714,0.8621441
1.0,0.20497212,0.023562199,0.20317023,0.15445909,0.19956999,0.3991209,-0.049654685,-0.16021806,-0.21604964,-0.21950078,0.28832513,-0.0337743,-0.098021105,-0.5367647,-0.059035823,0.2132565,-0.2809728,0.12528372,-0.1656967,0.17486879,0.8550557,0.9178953,0.8453291,0.898224,0.7899764,0.6718561,0.93733317,0.87062556,0.81918883,0.8546632,0.7351914,0.940437,0.88529027,0.5589914,0.94364357,0.7893374,0.71363586,0.89801455,0.8401388,0.86453176
1.0,0.203085,0.022835309,0.20336701,0.1537497,0.20296372,0.39523378,-0.045163184,-0.15685768,-0.21645164,-0.22232786,0.28373832,-0.03450861,-0.10517743,-0.5334474,-0.066039085,0.21260083,-0.2778516,0.1308278,-0.17064148,0.17477179,0.8475364,0.9198693,0.847159,0.9036225,0.7899698,0.6681323,0.9373561,0.8700242,0.8111897,0.8497316,0.73514336,0.9385729,0.8891427,0.5530344,0.94777155,0.7838195,0.71019703,0.8924415,0.8398483,0.8614836
1.0,0.20378253,0.022560487,0.20288119,0.15412906,0.20060873,0.39677754,-0.04739303,-0.15736336,-0.21599284,-0.2211177,0.2852208,-0.034336787,-0.1025514,-0.53445756,-0.062186852,0.21244648,-0.2783901,0.12784128,-0.1683577,0.174762,0.8510691,0.91963947,0.84702265,0.90164787,0.78988,0.6703999,0.9374991,0.87022305,0.81566954,0.85223806,0.7356409,0.93928814,0.8876154,0.5557764,0.94599074,0.7869505,0.7126909,0.89522105,0.8408157,0.8634757
1.0,0.20386192,0.022992497,0.20318735,0.15409955,0.20139988,0.3969977,-0.047165364,-0.15810812,-0.21629232,-0.22118616,0.28568888,-0.034272615,-0.102309465,-0.5349004,-0.06281371,0.21289837,-0.2790451,0.128335,-0.16856542,0.1748372,0.85079736,0.9190839,0.8464823,0.9013763,0.7898734,0.66983247,0.93732345,0.87029076,0.8147699,0.8519105,0.735221,0.9393666,0.88742954,0.5555821,0.9459702,0.78625077,0.7118517,0.894904,0.8401231,0.8629192
1.0,0.20347679,0.022543428,0.20293945,0.15401688,0.20126323,0.39616048,-0.046678696,-0.15710495,-0.21614143,-0.22149786,0.28464192,-0.034451626,-0.10352172,-0.5340705,-0.063278824,0.21246764,-0.2779994,0.12875155,-0.16907163,0.17476597,0.8499186,0.91977394,0.84718484,0.9023686,0.7898978,0.66981,0.9374482,0.87018734,0.8143359,0.85148007,0.7355438,0.93906134,0.8880418,0.5549435,0.9465376,0.7859987,0.7120365,0.89440227,0.84067696,0.8629326
1.0,0.20255095,0.022216769,0.20300572,0.15368438,0.20284744,0.3942831,-0.044536985,-0.15557542,-0.21636096,-0.22281134,0.28245914,-0.03480222,-0.1068902,-0.5325046,-0.066533595,0.2121804,-0.2764781,0.13136417,-0.1713361,0.17472677,0.84634495,0.92072654,0.84809226,0.90495044,0.78990203,0.6680921,0.9374583,0.869924,0.81061774,0.8491579,0.73553264,0.9382084,0.8898201,0.55215836,0.94846207,0.7834206,0.7104357,0.8918565,0.84057945,0.8614965
1.0,0.20483652,0.023021651,0.20275658,0.15451667,0.19860826,0.39879823,-0.04992991,-0.15936112,-0.21574375,-0.21939233,0.28778356,-0.033874415,-0.09836885,-0.5362823,-0.058183134,0.21278244,-0.28009343,0.12466137,-0.16542293,0.1747905,0.8553884,0.91851205,0.8460007,0.89856017,0.7899481,0.6726103,0.9375061,0.8705936,0.8203124,0.8550871,0.7356882,0.94038785,0.8853925,0.5592741,0.94358754,0.7901676,0.71469545,0.8984666,0.84102184,0.8652403
1.0,0.20291132,0.022562938,0.203194,0.15375572,0.20281133,0.3949633,-0.04501772,-0.15634117,-0.21640062,-0.22249508,0.28330636,-0.03462424,-0.105782986,-0.53313696,-0.06604759,0.21244036,-0.27732855,0.13090454,-0.17083453,0.174762,0.84721863,0.92020637,0.84753454,0.9040687,0.7899143,0.66820693,0.93739665,0.869989,0.8111698,0.8496137,0.735321,0.9384587,0.8893473,0.55278933,0.9479743,0.78379434,0.7104123,0.8923293,0.8401836,0.8615814
1.0,0.20283353,0.022273602,0.20296946,0.15379015,0.20232704,0.39490137,-0.04521905,-0.15596622,-0.21628466,-0.22243243,0.2831154,-0.03471136,-0.10591066,-0.53297776,-0.065490514,0.21225585,-0.2769175,0.13052769,-0.17066239,0.17474037,0.84744895,0.9204708,0.84784764,0.9041904,0.7898749,0.66863364,0.9374585,0.86999685,0.8117976,0.84987855,0.73555857,0.9384576,0.8892905,0.55298966,0.9478784,0.7842418,0.71097463,0.8926464,0.84064555,0.86197144
1.0,0.2035045,0.022506455,0.20288576,0.15402183,0.20100592,0.39613122,-0.04683065,-0.15709616,-0.21604794,-0.22135586,0.28464532,-0.03442574,-0.10329512,-0.53402644,-0.063004754,0.21235558,-0.27795324,0.1285193,-0.16886042,0.17473567,0.85018784,0.91982585,0.8472214,0.9022497,0.7899563,0.67004263,0.9375004,0.870193,0.8147233,0.85168767,0.73563004,0.9390982,0.8879829,0.5551887,0.94643116,0.78630143,0.71228284,0.8946088,0.8408204,0.86311644
1.0,0.20323527,0.022533996,0.20308384,0.1539067,0.20204568,0.39573947,-0.045893263,-0.1566557,-0.21627975,-0.2220627,0.28403598,-0.034542985,-0.104700565,-0.5336673,-0.064639,0.21248439,-0.2777442,0.12979399,-0.1700026,0.17477958,0.848588,0.9200059,0.8473504,0.9032198,0.78984535,0.6689531,0.9374166,0.87006557,0.8127685,0.85053784,0.735426,0.9387484,0.88872695,0.5537979,0.9472703,0.78490144,0.7112249,0.8933558,0.8403941,0.8622602
1.0,0.20392978,0.022892078,0.20301847,0.15416858,0.2008081,0.39707568,-0.047591195,-0.15819186,-0.21616751,-0.22086433,0.28585637,-0.03424965,-0.10178475,-0.5349864,-0.061962,0.21278879,-0.27895746,0.12770632,-0.16802217,0.17481449,0.8515127,0.91909486,0.8465434,0.9010227,0.78991824,0.67043847,0.9373756,0.8703559,0.8157814,0.8524704,0.73538244,0.9395211,0.8870877,0.5562387,0.94559133,0.7869598,0.7124751,0.89553076,0.8404651,0.86339647
1.0,0.20382798,0.0229444,0.20308706,0.15409392,0.20110774,0.39677915,-0.047281355,-0.15815002,-0.21619949,-0.22097954,0.2856217,-0.034262095,-0.102069005,-0.5347978,-0.06250289,0.21276386,-0.27886665,0.12811537,-0.16829613,0.17479692,0.8510538,0.9191259,0.8465549,0.90126926,0.7899801,0.6701615,0.9373732,0.8703312,0.8151806,0.8521476,0.7353258,0.93942237,0.887302,0.5559158,0.9458319,0.7865634,0.7121412,0.8951538,0.8403483,0.86312985
1.0,0.2040231,0.022682643,0.20286693,0.15421587,0.20017986,0.39724067,-0.04796975,-0.15786177,-0.21594831,-0.22071546,0.28582978,-0.034230296,-0.10156855,-0.5348941,-0.061291374,0.21253781,-0.27880895,0.1271292,-0.16769077,0.17476998,0.8520565,0.919352,0.8467552,0.90091735,0.789905,0.67089313,0.93749416,0.870314,0.8166973,0.8528855,0.7356324,0.939545,0.8870878,0.5565838,0.94543314,0.78766036,0.713118,0.89595276,0.84083784,0.8638613
1.0,0.2048667,0.023455234,0.20311849,0.15442583,0.1995601,0.39886376,-0.049501777,-0.15995516,-0.2160055,-0.21958196,0.2880317,-0.0338172,-0.098345265,-0.5365248,-0.05921624,0.21313265,-0.28069845,0.12542887,-0.16585292,0.17484291,0.85479534,0.9180724,0.8455026,0.89849395,0.7899974,0.6718251,0.93736833,0.87059605,0.81901705,0.8545247,0.7352692,0.9403481,0.88547415,0.55880266,0.9438121,0.7892402,0.71365076,0.897841,0.8402673,0.8645109
1.0,0.20519587,0.023390623,0.20287953,0.15461686,0.19843191,0.3995552,-0.050569937,-0.1603458,-0.21582916,-0.21893114,0.28880024,-0.033705436,-0.096995935,-0.53706634,-0.057312563,0.21312416,-0.28096333,0.123973325,-0.16465198,0.17484339,0.8565264,0.91789854,0.8454219,0.89750755,0.7899583,0.6729561,0.9374176,0.8707324,0.8212312,0.85575646,0.73548436,0.94075227,0.88464266,0.5601998,0.94287205,0.7907665,0.71484554,0.8992782,0.8407145,0.86546683
1.0,0.20564565,0.023471532,0.20261928,0.15483475,0.19695783,0.40030614,-0.051983856,-0.16120052,-0.2155905,-0.21787319,0.2899015,-0.03347774,-0.09482814,-0.5378052,-0.054819003,0.2131188,-0.2814307,0.122053295,-0.16286175,0.1748183,0.85894865,0.91753346,0.84517205,0.89600295,0.7900461,0.6745159,0.9374944,0.8709615,0.82420176,0.85746276,0.73571336,0.94136703,0.88343066,0.56227416,0.94152814,0.7928405,0.7163509,0.90127856,0.8412197,0.86669075
1.0,0.20472878,0.022747876,0.20254192,0.15452272,0.19814266,0.39851576,-0.05001823,-0.15894005,-0.21558625,-0.21931526,0.28744143,-0.03392984,-0.09856406,-0.53597736,-0.057812177,0.21252224,-0.27958208,0.124399215,-0.16529505,0.17474264,0.8554936,0.9188288,0.8463573,0.8987713,0.78996634,0.67300063,0.93759716,0.8705863,0.8208131,0.855272,0.73594344,0.94035435,0.88545114,0.559412,0.9435782,0.7905478,0.7152075,0.89866585,0.84148675,0.8655792
1.0,0.2042414,0.023230968,0.20322901,0.154197,0.20089282,0.39769486,-0.047947332,-0.15886101,-0.21622011,-0.22063798,0.2865789,-0.03409487,-0.100863814,-0.53552234,-0.061693795,0.21303156,-0.2797573,0.1274073,-0.1676639,0.17484371,0.85215497,0.91864425,0.84603935,0.9003162,0.78992605,0.67041504,0.9373205,0.87039495,0.8160856,0.8527633,0.7351703,0.9397078,0.8867506,0.55666435,0.9452313,0.78718245,0.712326,0.8958483,0.84004134,0.8633742
1.0,0.20406637,0.022460783,0.20260897,0.1542835,0.19936293,0.39724073,-0.04846321,-0.15774353,-0.21573943,-0.22035411,0.2858641,-0.03422294,-0.101102814,-0.5348525,-0.060250163,0.21230851,-0.2785202,0.12634888,-0.16707797,0.17472456,0.8528553,0.91950744,0.84697515,0.90064466,0.78994566,0.6716756,0.9375919,0.8703677,0.8179717,0.8535432,0.735914,0.93968374,0.88678294,0.55730677,0.94504035,0.788576,0.7139863,0.8966869,0.841379,0.86450493
1.0,0.20473748,0.022843847,0.2025608,0.15453461,0.19819163,0.39853367,-0.050066747,-0.15922213,-0.2156513,-0.21921366,0.28761184,-0.0339149,-0.09833267,-0.5361254,-0.057717837,0.21262805,-0.27970114,0.12436423,-0.16516791,0.17475733,0.8556194,0.9186597,0.84622455,0.8985893,0.78999746,0.6730547,0.937556,0.87064654,0.8208585,0.85535425,0.73586893,0.94043815,0.88524854,0.5595887,0.9434405,0.790551,0.71515965,0.8987872,0.8414173,0.8655667
1.0,0.20449609,0.023322912,0.20320933,0.15429345,0.2004283,0.39820555,-0.048529077,-0.15926322,-0.21615115,-0.22027948,0.28715372,-0.033986744,-0.09994233,-0.5359304,-0.060801826,0.21309064,-0.28016704,0.12668356,-0.1670233,0.17485271,0.85312784,0.91842514,0.84581494,0.89962906,0.78993267,0.6708897,0.93733394,0.8704576,0.81714314,0.8533986,0.7351893,0.93994033,0.88629603,0.5574189,0.94471955,0.78791714,0.7127843,0.89656085,0.8400816,0.86377287
1.0,0.20320806,0.022621227,0.20315254,0.15385425,0.20221998,0.3955614,-0.04573319,-0.15672469,-0.21628278,-0.2220748,0.28394765,-0.034516178,-0.10472375,-0.5335742,-0.06496145,0.21246268,-0.27776715,0.13001598,-0.17010082,0.17475997,0.8483906,0.9199789,0.84729934,0.9032783,0.7899191,0.6687981,0.93742305,0.8700531,0.8124455,0.8503821,0.73537505,0.9387086,0.8888342,0.5536798,0.9473805,0.78470385,0.7110064,0.893158,0.84028,0.8620954
0.0,0.20237446,0.022033004,0.20301637,0.15362906,0.20318076,0.39410007,-0.044070184,-0.15489875,-0.21638733,-0.22329688,0.28190875,-0.03491078,-0.10794729,-0.5321281,-0.06728984,0.21209285,-0.27612567,0.13193902,-0.17202018,0.17473459,0.84543717,0.9211178,0.8484206,0.90572226,0.78977585,0.6675818,0.93747973,0.8697919,0.80976975,0.8485387,0.7355856,0.9379364,0.89042324,0.551267,0.9490308,0.7828427,0.7101192,0.8911935,0.8405784,0.8611878
1.0,0.20469707,0.023064682,0.2029046,0.15441582,0.19920415,0.39852032,-0.049392477,-0.15913054,-0.21582627,-0.21975535,0.28741086,-0.033922404,-0.09906234,-0.53601587,-0.059193194,0.2127841,-0.2800192,0.12540929,-0.16606666,0.17478912,0.85449964,0.9186141,0.8460285,0.89906806,0.7899538,0.6719779,0.93748736,0.8705035,0.8191566,0.85443467,0.7355731,0.94016606,0.88586813,0.5585091,0.94409376,0.78938335,0.7140564,0.8976998,0.8407539,0.8647315
0.0,0.20286942,0.021989321,0.20270057,0.15384915,0.20144697,0.39488328,-0.04570224,-0.15568638,-0.2160128,-0.22211537,0.28303647,-0.034712948,-0.10552661,-0.53282416,-0.06449288,0.2119198,-0.27657136,0.1297532,-0.17010127,0.17468126,0.8482056,0.9207471,0.84813416,0.90399516,0.7899365,0.6694105,0.9375999,0.8700044,0.8130797,0.85051465,0.7358958,0.93853706,0.88911426,0.5536477,0.94758064,0.7851903,0.71189034,0.89331394,0.84124583,0.8626379
1.0,0.2025711,0.022468934,0.20318979,0.15362474,0.20328234,0.39417633,-0.04430039,-0.15590483,-0.21645227,-0.22283635,0.28253466,-0.034731574,-0.10680346,-0.5325573,-0.067088455,0.21230233,-0.2767454,0.13175033,-0.17149255,0.1747279,0.84607184,0.9205091,0.8478481,0.90489906,0.7899801,0.66773635,0.93741256,0.86992735,0.8100002,0.8488942,0.7353377,0.9381968,0.88988405,0.55198085,0.94856626,0.78299594,0.70992815,0.8915436,0.84021074,0.8611388
1.0,0.20417514,0.023312798,0.20331748,0.15414146,0.20119709,0.397511,-0.047695935,-0.15890417,-0.21627694,-0.22073466,0.28645486,-0.034095094,-0.10105276,-0.5354309,-0.06216649,0.21306,-0.27976748,0.12776084,-0.16789448,0.17484094,0.8517824,0.9186156,0.84598815,0.90047354,0.78997034,0.6701453,0.9373026,0.8703805,0.8155447,0.85248625,0.73508304,0.93964064,0.8868972,0.55639577,0.9454117,0.7868125,0.7119891,0.8955326,0.8398778,0.863118
1.0,0.20362434,0.022909416,0.20325641,0.153963,0.20186704,0.39643323,-0.04651867,-0.1575633,-0.21628481,-0.22158453,0.28498238,-0.034342803,-0.10328503,-0.5343416,-0.063913256,0.21271741,-0.27864513,0.12914003,-0.16928463,0.17479412,0.8497201,0.91942894,0.8467449,0.90216684,0.78991306,0.6692514,0.93737173,0.87016445,0.8136057,0.8511771,0.7352377,0.9390611,0.8881119,0.55468357,0.9466253,0.78550303,0.7113379,0.89404386,0.8400543,0.862465
1.0,0.20234653,0.02219074,0.20305231,0.1535877,0.20322439,0.39377424,-0.044008374,-0.15526211,-0.21638256,-0.22308159,0.28192234,-0.034847066,-0.10759567,-0.5320891,-0.06738341,0.21206784,-0.2761571,0.13201013,-0.17183991,0.1746996,0.8455039,0.92095405,0.8482778,0.9055334,0.78995967,0.6676686,0.9374853,0.86984974,0.80971664,0.84859943,0.7355262,0.9380014,0.89028645,0.55151993,0.94893813,0.7828197,0.7100175,0.8912257,0.8405206,0.8611273
1.0,0.20372221,0.02277542,0.20307246,0.15405309,0.2012025,0.39662072,-0.047019206,-0.15759914,-0.21614704,-0.22126892,0.28519505,-0.034324314,-0.10274194,-0.5344668,-0.06294228,0.21260564,-0.2785788,0.12841499,-0.16871187,0.1747782,0.85052687,0.91946,0.8468189,0.90178156,0.7899249,0.6699013,0.9374278,0.8702217,0.81475055,0.85179836,0.73542064,0.9392231,0.8877542,0.5553734,0.9462152,0.78630143,0.71204585,0.89473665,0.8404272,0.8630065
1.0,0.20354858,0.022217905,0.2027111,0.15406755,0.20043415,0.39631325,-0.047146365,-0.15661222,-0.21586081,-0.22131693,0.2845338,-0.03445929,-0.103335425,-0.53389966,-0.062398173,0.21212423,-0.2777017,0.12801304,-0.16867323,0.17470974,0.8505624,0.92014724,0.8475182,0.9023129,0.7898744,0.67043173,0.93760103,0.8701388,0.81550676,0.8519998,0.7358938,0.93907535,0.8880428,0.555363,0.94634825,0.7868943,0.71290493,0.89494616,0.84122735,0.86355674
1.0,0.20422322,0.023223465,0.20323302,0.15417919,0.20089315,0.39760292,-0.047895074,-0.15880483,-0.2161912,-0.22064659,0.2864896,-0.034089006,-0.1009112,-0.5354352,-0.06178616,0.21297415,-0.27970582,0.12746216,-0.16769864,0.17482907,0.85208523,0.91869617,0.84607106,0.900376,0.7899574,0.6703923,0.9373425,0.87037796,0.8160235,0.85271895,0.7351893,0.9396778,0.8868303,0.5566163,0.9452933,0.7871579,0.7123087,0.8957809,0.84005624,0.8633527
1.0,0.20264122,0.021985007,0.20282939,0.15377563,0.20226867,0.39456847,-0.044931836,-0.15529047,-0.21620902,-0.22271824,0.2825219,-0.034820836,-0.106738955,-0.5325345,-0.06577917,0.21203683,-0.27634653,0.1307834,-0.17102917,0.17472853,0.8468865,0.9209196,0.84828866,0.90481853,0.789818,0.6685415,0.937525,0.86990154,0.8115273,0.84958166,0.73574567,0.9382553,0.88971406,0.55250615,0.94826776,0.78405684,0.7110675,0.8923174,0.84093654,0.86195916
1.0,0.20328203,0.022375533,0.20289864,0.15395075,0.20141064,0.39577088,-0.0463059,-0.15659778,-0.21611053,-0.22176316,0.2840984,-0.034536432,-0.10426359,-0.53365123,-0.0638152,0.21229719,-0.2775719,0.12916654,-0.16950662,0.17473942,0.84925437,0.9201059,0.84748316,0.90295935,0.7898955,0.6695662,0.9374961,0.8701064,0.8137725,0.85107213,0.7356371,0.9388578,0.8884746,0.55439365,0.94694924,0.78563625,0.71189266,0.8939376,0.84079933,0.862763
1.0,0.20320973,0.022520835,0.20299806,0.15391979,0.20184204,0.39561996,-0.046027765,-0.15682662,-0.21626344,-0.22186151,0.2840979,-0.03454696,-0.104426935,-0.53370154,-0.06428912,0.21246828,-0.27764937,0.12957624,-0.1697332,0.17476822,0.848863,0.9199323,0.8473477,0.9030441,0.7899089,0.6692577,0.9374149,0.87013894,0.8131346,0.8507806,0.7354669,0.9388441,0.8884764,0.5541552,0.9470598,0.78514415,0.71145076,0.8936429,0.8405505,0.8624397
1.0,0.20524728,0.023605296,0.20312119,0.15456206,0.19900702,0.39970148,-0.050298512,-0.16051023,-0.21594927,-0.21915033,0.28888953,-0.033669025,-0.09712638,-0.5371585,-0.058032893,0.21328425,-0.2813489,0.12446059,-0.16502887,0.17487238,0.85609186,0.91774106,0.84517115,0.89756674,0.78994566,0.6723809,0.93736273,0.87067324,0.8203918,0.855344,0.7352605,0.9406637,0.88486266,0.5597491,0.9431168,0.790186,0.71420467,0.8987898,0.8402424,0.86500776
1.0,0.20521402,0.023500523,0.2029355,0.15460551,0.19853455,0.39956924,-0.05057191,-0.16058244,-0.21587408,-0.21886581,0.28892595,-0.03367933,-0.09679936,-0.53716373,-0.057353772,0.2131982,-0.28111386,0.12401016,-0.16459236,0.17484817,0.856575,0.91776186,0.84528404,0.8973702,0.79000205,0.67292327,0.9373934,0.8707644,0.8211602,0.855768,0.73540586,0.940799,0.8845424,0.5602835,0.94280875,0.79071283,0.71472377,0.89930195,0.8405982,0.865395
1.0,0.20360425,0.022515608,0.20291863,0.15405867,0.20099962,0.3964485,-0.046952765,-0.15709135,-0.21606433,-0.2214039,0.2848282,-0.034413286,-0.103234544,-0.5341884,-0.06288536,0.21243203,-0.2781401,0.12840258,-0.16885328,0.17476282,0.8503257,0.919784,0.84716207,0.90215325,0.78986406,0.669999,0.93748087,0.8701735,0.8148366,0.8517394,0.73560375,0.93911624,0.88795763,0.5551822,0.94637823,0.78636825,0.7123008,0.8946739,0.84073967,0.86314505
1.0,0.2041707,0.023158608,0.20318794,0.15418643,0.20087409,0.3975264,-0.047848817,-0.15869716,-0.21619558,-0.2206909,0.28638953,-0.034122296,-0.101076275,-0.5353733,-0.061793223,0.21295495,-0.27957118,0.12749547,-0.16775371,0.17483185,0.851991,0.9187626,0.8461569,0.90048665,0.7899391,0.67040765,0.9373428,0.87037784,0.8159963,0.85268295,0.73522234,0.939656,0.88685936,0.55655426,0.9453368,0.78712445,0.7123488,0.8957502,0.8401339,0.8633678
1.0,0.20423701,0.023143409,0.2031075,0.15423656,0.20053776,0.39763412,-0.048141114,-0.15885502,-0.21614277,-0.22046539,0.2865832,-0.034093432,-0.10065211,-0.53550243,-0.061243013,0.21293557,-0.27960846,0.12708914,-0.16737796,0.17482539,0.8524908,0.918703,0.8461274,0.90018606,0.78996843,0.67077595,0.93736106,0.8704323,0.81663543,0.85305536,0.7352861,0.93978184,0.8865884,0.55700946,0.9450547,0.78756315,0.71270084,0.89617574,0.84029007,0.86364746
0.0,0.20221165,0.022072142,0.20299779,0.15356883,0.20332271,0.3935719,-0.043791786,-0.15498306,-0.21640897,-0.22325578,0.28163147,-0.03492434,-0.10808663,-0.5318973,-0.06762645,0.21202949,-0.27586922,0.13224304,-0.172093,0.17470418,0.8451036,0.92112374,0.8484725,0.905892,0.78991663,0.66754836,0.9374839,0.8698257,0.80940354,0.8483695,0.7355725,0.93790406,0.890467,0.55120456,0.9491431,0.7825857,0.70995194,0.89100087,0.84061617,0.86103994
1.0,0.2049599,0.022831125,0.20236951,0.1546528,0.1973069,0.39887005,-0.05085123,-0.15961519,-0.2154912,-0.2186164,0.28814524,-0.03380554,-0.097193986,-0.5364707,-0.056284368,0.21258377,-0.27984068,0.123272106,-0.16417089,0.17473598,0.8569601,0.91850066,0.8461569,0.897804,0.7900442,0.6739887,0.9376067,0.87077534,0.82256037,0.85632294,0.73603916,0.9407679,0.88457984,0.5607583,0.94269645,0.79174036,0.7160756,0.8999109,0.84178287,0.8663011
1.0,0.20527282,0.023255507,0.20273918,0.15466926,0.19785893,0.39964777,-0.050931107,-0.1602204,-0.21566749,-0.21870646,0.28885037,-0.033670522,-0.09666075,-0.53704834,-0.056629583,0.21295135,-0.28084746,0.123416975,-0.16424502,0.17480685,0.857098,0.91803926,0.84555775,0.89731383,0.7899741,0.6734404,0.9375044,0.8707418,0.82212806,0.8561973,0.7356792,0.9408385,0.88451016,0.56064653,0.94262815,0.79142565,0.7154348,0.8997613,0.84104204,0.8659001
1.0,0.20425689,0.023185292,0.20324515,0.15417886,0.20083453,0.39768115,-0.04792043,-0.15865125,-0.2161395,-0.2206943,0.2864452,-0.034076706,-0.100967795,-0.53538203,-0.061808117,0.21290597,-0.27972102,0.12742904,-0.16774182,0.17481785,0.8520863,0.9187968,0.8461148,0.9004292,0.7899412,0.67035884,0.93737954,0.8703306,0.81606513,0.852704,0.7352306,0.93963546,0.8869594,0.55653536,0.94535834,0.7872148,0.712352,0.8957387,0.8400698,0.86337715
1.0,0.20395866,0.022574568,0.20278381,0.15419501,0.20001784,0.3970462,-0.047956996,-0.15767117,-0.21587014,-0.22068831,0.28562897,-0.03425593,-0.10167627,-0.5347086,-0.061221614,0.2123993,-0.2785649,0.12708157,-0.16766892,0.17473881,0.8520349,0.9194996,0.8469149,0.90104574,0.7899387,0.67102623,0.93754035,0.87030435,0.81682104,0.8529183,0.73574173,0.93950903,0.8871563,0.55660474,0.9454722,0.7877765,0.7132895,0.8959769,0.8410292,0.86396766
1.0,0.20433372,0.022807037,0.20282137,0.15433785,0.1996318,0.39788774,-0.048715062,-0.15844381,-0.2159026,-0.22024393,0.2866134,-0.034113884,-0.10039584,-0.5354742,-0.06010125,0.21268468,-0.27931184,0.12620428,-0.16686209,0.17479336,0.8533037,0.91899186,0.8464576,0.9000227,0.7898817,0.67151916,0.9374706,0.87042844,0.81802547,0.8537061,0.73563105,0.93986845,0.8864049,0.55758196,0.94471747,0.7885635,0.71368766,0.8969005,0.84088427,0.8643697
1.0,0.20406792,0.023006195,0.20305778,0.15417242,0.20061567,0.39724264,-0.047853928,-0.15847293,-0.2161012,-0.22062477,0.28613138,-0.034161244,-0.10119182,-0.5351396,-0.061630204,0.21277304,-0.27922103,0.12739411,-0.16767941,0.17479125,0.85200214,0.9189556,0.8463704,0.90063447,0.7899966,0.67064464,0.93740344,0.87038285,0.8162325,0.8527695,0.73537415,0.93963027,0.8868982,0.55664164,0.9453514,0.78731686,0.71262574,0.8958382,0.8404275,0.8635451
1.0,0.2045829,0.023247967,0.20296495,0.15437856,0.1996043,0.39820713,-0.04912606,-0.15955672,-0.21598664,-0.21972758,0.28743267,-0.03393568,-0.09904513,-0.5360775,-0.059561104,0.21296594,-0.28004494,0.1257952,-0.16614865,0.17481445,0.8542024,0.91834754,0.8458543,0.8990371,0.7900436,0.67180824,0.93739235,0.8705926,0.8186021,0.8542394,0.7353913,0.9402094,0.88570344,0.5584825,0.9441074,0.7889369,0.7136474,0.89752096,0.8405519,0.8644411
1.0,0.20477498,0.022914378,0.20272188,0.15451813,0.19865206,0.39877042,-0.049832597,-0.15911305,-0.21575576,-0.21953994,0.28762233,-0.033929013,-0.098725766,-0.5361849,-0.0583053,0.21276207,-0.27993566,0.1247676,-0.16561638,0.17480007,0.85515547,0.91863775,0.84613323,0.8987977,0.78987944,0.6725211,0.93750435,0.8705619,0.82014376,0.8549467,0.7357255,0.9403126,0.88552755,0.5590385,0.94372004,0.7900372,0.71468246,0.8983186,0.84108126,0.8652101
0.0,0.20152485,0.02141291,0.2027016,0.15341899,0.20355882,0.39231938,-0.04269217,-0.15333115,-0.21633124,-0.22406363,0.27986324,-0.0352553,-0.110503525,-0.5305834,-0.06892171,0.21150847,-0.27426207,0.13336398,-0.17329267,0.17465502,0.84310263,0.9222605,0.8496107,0.90781236,0.7898531,0.6670482,0.93762445,0.8696134,0.80800897,0.8472398,0.7359681,0.93731564,0.89166486,0.5496366,0.95033056,0.7816413,0.70979285,0.88982517,0.84126157,0.8606987
1.0,0.20452332,0.02341762,0.20318672,0.15430233,0.20030418,0.39814904,-0.04867574,-0.15961623,-0.2161519,-0.22003654,0.28733873,-0.033946235,-0.09948294,-0.53605306,-0.0605022,0.21312831,-0.28024518,0.12648872,-0.16670232,0.17484605,0.8534671,0.91824746,0.845691,0.8993216,0.7900243,0.67113715,0.93732095,0.870539,0.8174683,0.85364926,0.7351651,0.94006884,0.88600415,0.5578314,0.9444742,0.7881348,0.7129013,0.89685726,0.8401087,0.8638859
0.0,0.20091498,0.02129071,0.2027946,0.15318722,0.20472062,0.39106664,-0.041167125,-0.15237609,-0.21651211,-0.22497943,0.27839613,-0.035450175,-0.11277403,-0.5295385,-0.07126006,0.21135487,-0.273319,0.13522431,-0.17482059,0.1746316,0.84058565,0.92291605,0.85021555,0.9096012,0.78985953,0.6657655,0.9376372,0.8694236,0.80539674,0.8455753,0.7359287,0.9367435,0.89293677,0.5476577,0.9516773,0.7798304,0.70858395,0.8880711,0.8410977,0.85961944
1.0,0.20330444,0.022846768,0.20328973,0.15384719,0.20243043,0.395713,-0.045773923,-0.1571675,-0.21636927,-0.22197232,0.28426504,-0.034444127,-0.1043303,-0.5338228,-0.06504013,0.21263401,-0.2781457,0.13005164,-0.17000541,0.17477821,0.8485292,0.919685,0.8469997,0.90297467,0.7899585,0.6686901,0.93736684,0.8700973,0.81232065,0.8504079,0.735205,0.9387979,0.8886558,0.55381626,0.94724345,0.78460413,0.71075714,0.8931908,0.83999294,0.86195594
1.0,0.20377868,0.022414649,0.20267208,0.15417555,0.20001206,0.39667442,-0.047741488,-0.15737711,-0.21585903,-0.2207953,0.28524673,-0.03433937,-0.10215077,-0.5344307,-0.061391212,0.21229358,-0.2781355,0.12727721,-0.16785356,0.17472768,0.8516688,0.9197028,0.8471662,0.9014099,0.78994644,0.6710351,0.9375579,0.8702963,0.81661063,0.8527513,0.7358357,0.93941855,0.887303,0.5563944,0.9456556,0.7876139,0.71332985,0.89580226,0.84123695,0.86395293
1.0,0.20463035,0.022790255,0.20263845,0.15447569,0.1986006,0.3983985,-0.049668003,-0.15886235,-0.21570185,-0.21957618,0.28727412,-0.033981197,-0.09903896,-0.5358963,-0.058449507,0.2126112,-0.279572,0.12490536,-0.16573194,0.17476583,0.8548973,0.9188263,0.84633875,0.8990805,0.78993255,0.67256284,0.93754566,0.8705506,0.8200101,0.8548348,0.73582554,0.9402325,0.88567865,0.55890757,0.94387186,0.789968,0.71474344,0.89818054,0.84127384,0.8652201
1.0,0.20496199,0.023306115,0.20288761,0.15453929,0.19880988,0.3990794,-0.050077952,-0.1600283,-0.21588749,-0.21921459,0.28830236,-0.03380262,-0.09775674,-0.5367123,-0.058053218,0.21306348,-0.2805963,0.12458545,-0.16517924,0.17483415,0.85571337,0.9180804,0.84560287,0.8980708,0.78997713,0.6725871,0.9374091,0.8706886,0.8203475,0.85523814,0.7354691,0.94056183,0.88500214,0.55959857,0.94329715,0.790147,0.71447206,0.8986844,0.8407024,0.86514014
1.0,0.20382571,0.022898125,0.20313232,0.15407899,0.20122387,0.39683345,-0.047156654,-0.15788612,-0.21618512,-0.22117046,0.2854802,-0.034273833,-0.10239333,-0.53469217,-0.06279465,0.21272019,-0.27885374,0.12829055,-0.16855262,0.17479742,0.8507833,0.91926855,0.8466295,0.9014978,0.78992504,0.66992915,0.9373947,0.87025386,0.8148951,0.8519326,0.7353363,0.9393131,0.8875726,0.55557454,0.9460494,0.78638524,0.7120111,0.89489174,0.84028757,0.86301345
1.0,0.20440337,0.023154201,0.20305775,0.15429223,0.20009346,0.39792016,-0.048572633,-0.15902475,-0.21603349,-0.2201865,0.2868954,-0.034018595,-0.1000191,-0.53569084,-0.06055627,0.21288423,-0.2797945,0.1265188,-0.1668951,0.17480889,0.8532093,0.9186381,0.84604836,0.89974874,0.7899954,0.6711899,0.93740654,0.8704629,0.817495,0.8535421,0.7353663,0.93992645,0.8863207,0.5575677,0.94470924,0.78818953,0.71313745,0.8967061,0.8404187,0.8640036
1.0,0.20379648,0.023041414,0.20322984,0.15405402,0.20157154,0.39674753,-0.04695463,-0.15811355,-0.21629742,-0.22123152,0.28551954,-0.034264155,-0.102447376,-0.5347551,-0.063171126,0.21285996,-0.27897516,0.12860356,-0.16870649,0.17482111,0.85051656,0.9191046,0.84648603,0.9015108,0.789945,0.6696773,0.9373326,0.8702752,0.81440455,0.85171926,0.7351886,0.9393093,0.88756824,0.5554163,0.9461253,0.7860097,0.7116437,0.894668,0.8400539,0.86274916
1.0,0.20342135,0.022629162,0.20304929,0.15398073,0.2016994,0.3961221,-0.046394117,-0.15713003,-0.21627045,-0.22170407,0.2845866,-0.034477666,-0.103857756,-0.5340785,-0.06381662,0.21260504,-0.27807266,0.12917621,-0.16942118,0.17479572,0.84944475,0.91970336,0.84711385,0.9025753,0.7898516,0.6694105,0.9373836,0.870171,0.81364346,0.8511123,0.7354046,0.9389866,0.88818794,0.5545323,0.94674426,0.7854897,0.7115952,0.8940169,0.84042895,0.86260176
1.0,0.2041499,0.022198515,0.20228612,0.15437138,0.19830345,0.39737216,-0.04920216,-0.15770736,-0.21551418,-0.2198269,0.2860583,-0.034213953,-0.100369394,-0.5349277,-0.058755904,0.21209976,-0.27823892,0.12522663,-0.16620842,0.17467894,0.8540171,0.91960907,0.8471957,0.90019727,0.7899601,0.6727418,0.9376858,0.8704727,0.8197216,0.85447025,0.7362458,0.9399171,0.8862484,0.5583346,0.94440085,0.789825,0.71513474,0.8977682,0.8420489,0.86538243
1.0,0.20040086,0.020737702,0.20246722,0.15310156,0.20459425,0.39014766,-0.040562384,-0.1512596,-0.21641779,-0.22538695,0.277157,-0.03570981,-0.11427085,-0.5286069,-0.071737796,0.21092895,-0.272037,0.1357259,-0.17539243,0.17459707,0.83944905,0.92375064,0.8511047,0.9108507,0.7898486,0.66576093,0.93775886,0.86931705,0.80489403,0.8450411,0.73630637,0.9363954,0.8935807,0.54687864,0.95233065,0.779486,0.7087959,0.887579,0.8417893,0.85962063
1.0,0.2002725,0.020707509,0.2025041,0.1530531,0.20489728,0.38994068,-0.040203873,-0.15099934,-0.21647426,-0.22565135,0.2768349,-0.035759024,-0.11485642,-0.5283918,-0.07230684,0.2109185,-0.27185494,0.13617432,-0.17579417,0.17460157,0.83882976,0.92391986,0.8512492,0.9112989,0.78981376,0.66540307,0.93775666,0.8692608,0.80425084,0.8446155,0.73628885,0.9362517,0.8939127,0.5463432,0.9526712,0.77903736,0.7084858,0.8871468,0.8417205,0.85934556
1.0,0.20028856,0.02071126,0.20250005,0.1530594,0.20486064,0.38996732,-0.040247887,-0.15103146,-0.21646795,-0.2256194,0.27687526,-0.035752963,-0.11478488,-0.528419,-0.07223705,0.21092048,-0.27187818,0.1361193,-0.17574544,0.1746013,0.83890575,0.9238987,0.851231,0.9112437,0.78981745,0.66544634,0.93775666,0.8692677,0.80432934,0.84466755,0.7362906,0.93626946,0.8938718,0.54640836,0.9526293,0.7790919,0.70852333,0.88719976,0.8417284,0.85937905
1.0,0.20031989,0.020718576,0.20249072,0.1530711,0.20478615,0.3900177,-0.04033594,-0.15109512,-0.2164537,-0.22555444,0.27695388,-0.03574095,-0.1146411,-0.5284713,-0.072097585,0.21092272,-0.2719225,0.13600934,-0.17564677,0.17460006,0.83905774,0.92385733,0.85119563,0.91113377,0.7898263,0.6655343,0.93775725,0.8692815,0.8044871,0.84477204,0.7362951,0.9363045,0.89379054,0.5465399,0.9525459,0.77920204,0.7085996,0.88730556,0.8417455,0.85944664
1.0,0.2003361,0.020722376,0.20248643,0.1530773,0.20474859,0.3900442,-0.04038068,-0.1511277,-0.21644694,-0.22552165,0.27699465,-0.035734817,-0.114568174,-0.52849877,-0.07202654,0.21092428,-0.27194566,0.13595334,-0.17559688,0.17459963,0.83913505,0.9238361,0.8511774,0.9110777,0.7898304,0.66557866,0.9377575,0.8692885,0.8045672,0.84482497,0.736297,0.9363225,0.8937488,0.5466065,0.9525033,0.77925783,0.708638,0.88735956,0.84175366,0.8594808
1.0,0.20048675,0.0207584,0.20244187,0.15313417,0.20438851,0.39028516,-0.04080385,-0.15143561,-0.21637952,-0.22520754,0.27737308,-0.035676297,-0.113875374,-0.52875125,-0.071353145,0.21093553,-0.27215815,0.1354231,-0.17511979,0.1745937,0.8398669,0.92363757,0.8510085,0.9105492,0.78987277,0.66600376,0.93776083,0.86935526,0.8053297,0.84532833,0.7363188,0.9364927,0.8933567,0.5472405,0.9521007,0.77979,0.7090061,0.88787216,0.8418369,0.85980654
1.0,0.2002019,0.02069124,0.20252343,0.15302628,0.20506133,0.3898252,-0.040008157,-0.15085754,-0.21650454,-0.22579446,0.27665758,-0.035785638,-0.11517508,-0.52827257,-0.07261644,0.21091208,-0.27175397,0.1364185,-0.1760117,0.17460363,0.8384921,0.92401314,0.85132927,0.9115439,0.7897955,0.66520923,0.93775594,0.86923045,0.80390173,0.84438384,0.73628014,0.9361736,0.89409393,0.5460522,0.95285654,0.7787942,0.7083179,0.8869122,0.84168446,0.8591961
1.0,0.2003972,0.020736838,0.20246857,0.15310037,0.20460333,0.39014226,-0.04055193,-0.15125212,-0.21641973,-0.22539485,0.277148,-0.035711244,-0.114288166,-0.5286013,-0.07175448,0.21092898,-0.27203208,0.13573906,-0.17540441,0.17459737,0.8394309,0.92375547,0.8511087,0.91086376,0.7898474,0.66575015,0.9377586,0.8693154,0.80487496,0.84502846,0.73630565,0.9363913,0.8935903,0.5468627,0.95234054,0.77947253,0.70878655,0.88756645,0.84178704,0.85961246
0.0,0.20033926,0.020723118,0.20248532,0.15307847,0.20474055,0.39004883,-0.040389944,-0.15113427,-0.21644524,-0.22551462,0.2770024,-0.035733577,-0.11455293,-0.5285039,-0.07201193,0.21092427,-0.27194995,0.1359418,-0.17558633,0.17459936,0.8391509,0.9238319,0.8511739,0.9110663,0.7898316,0.6655882,0.93775755,0.86928993,0.8045839,0.84483606,0.73629767,0.9363262,0.8937405,0.5466205,0.95249456,0.77926964,0.70864624,0.8873707,0.84175575,0.859488
1.0,0.2003693,0.020730237,0.20247643,0.15308961,0.20466894,0.39009702,-0.04047431,-0.15119553,-0.21643162,-0.22545207,0.2770778,-0.035721995,-0.11441484,-0.5285542,-0.07187787,0.2109264,-0.27199242,0.1358362,-0.17549145,0.17459817,0.8392968,0.9237921,0.8511402,0.91096085,0.78984004,0.66567284,0.93775827,0.86930317,0.80473566,0.84493643,0.7363021,0.9363599,0.8936624,0.54674697,0.9524144,0.7793755,0.70871955,0.8874725,0.84177226,0.85955286
1.0,0.20037815,0.020732315,0.20247395,0.15309304,0.2046484,0.39011127,-0.040498666,-0.15121335,-0.21642798,-0.22543424,0.27710003,-0.03571862,-0.114375055,-0.528569,-0.07183915,0.21092722,-0.27200496,0.13580571,-0.1754642,0.17459793,0.83933896,0.92378056,0.85113025,0.91093034,0.78984237,0.66569704,0.9377584,0.8693069,0.8047793,0.8449652,0.73630315,0.93636984,0.89363974,0.5467832,0.95239127,0.7794059,0.7087405,0.88750196,0.84177685,0.8595716
1.0,0.20039153,0.020735482,0.20247005,0.1530981,0.2046168,0.3901328,-0.04053603,-0.15124044,-0.21642214,-0.22540659,0.27713352,-0.03571349,-0.11431408,-0.5285914,-0.0717798,0.21092835,-0.27202386,0.13575898,-0.17542224,0.1745975,0.8394035,0.92376304,0.85111517,0.91088367,0.7898459,0.6657344,0.9377586,0.86931294,0.8048464,0.8450096,0.73630494,0.9363848,0.8936051,0.5468389,0.9523558,0.77945274,0.7087729,0.88754714,0.84178406,0.8596003
1.0,0.20044884,0.020749224,0.2024538,0.15312013,0.20448096,0.3902258,-0.0406962,-0.15135734,-0.21639737,-0.22528824,0.277278,-0.0356912,-0.114052385,-0.52868843,-0.07152486,0.21093355,-0.27210537,0.13555823,-0.1752422,0.17459561,0.83968043,0.9236875,0.85105073,0.91068345,0.7898612,0.6658945,0.9377595,0.86933815,0.80513465,0.8451999,0.7363127,0.9364494,0.8934563,0.5470784,0.9522033,0.77965355,0.7089117,0.8877412,0.8418148,0.8597232
1.0,0.20043582,0.020746091,0.20245731,0.153115,0.20451126,0.39020425,-0.040660273,-0.15133093,-0.21640259,-0.22531459,0.27724516,-0.035696283,-0.11411093,-0.528666,-0.07158211,0.21093205,-0.27208662,0.13560335,-0.1752824,0.17459586,0.83961827,0.92370456,0.85106546,0.9107285,0.7898579,0.6658588,0.9377594,0.8693324,0.80507004,0.84515727,0.73631114,0.93643486,0.89348984,0.5470249,0.9522375,0.77960885,0.7088807,0.8876976,0.84180814,0.8596958
1.0,0.20044056,0.020747224,0.202456,0.15311697,0.20450038,0.3902123,-0.04067328,-0.1513406,-0.21640089,-0.22530505,0.27725726,-0.03569447,-0.1140897,-0.5286745,-0.07156135,0.21093269,-0.27209362,0.13558699,-0.17526792,0.17459585,0.83964086,0.9236983,0.8510599,0.9107121,0.7898591,0.6658716,0.9377594,0.8693345,0.80509347,0.8451727,0.7363117,0.93644017,0.8934777,0.54704404,0.952225,0.7796248,0.70889187,0.88771343,0.84181046,0.8597056
1.0,0.20034844,0.020725286,0.2024826,0.1530819,0.2047188,0.39006352,-0.0404155,-0.15115291,-0.21644115,-0.22549573,0.27702534,-0.03573005,-0.11451109,-0.52851915,-0.071971245,0.2109249,-0.2719629,0.13590978,-0.17555755,0.17459904,0.83919513,0.9238197,0.8511636,0.9110342,0.7898341,0.6656139,0.9377578,0.8692939,0.80462986,0.8448665,0.736299,0.93633646,0.8937168,0.5466588,0.95247024,0.7793017,0.7086685,0.8874016,0.8417608,0.8595077
0.0,0.20034814,0.020725196,0.20248267,0.15308174,0.20471951,0.3900632,-0.040414695,-0.15115225,-0.21644136,-0.2254962,0.27702457,-0.0357302,-0.11451246,-0.5285187,-0.07197256,0.21092494,-0.2719624,0.13591078,-0.17555846,0.17459902,0.8391937,0.9238202,0.85116386,0.91103524,0.7898341,0.665613,0.9377578,0.8692938,0.8046284,0.8448655,0.73629886,0.93633616,0.89371747,0.54665756,0.9524711,0.7793007,0.70866776,0.88740057,0.8417607,0.85950714
0.0,0.20026422,0.02070559,0.20250615,0.1530498,0.20491628,0.3899268,-0.040181138,-0.15098275,-0.2164776,-0.22566783,0.27681386,-0.03576211,-0.11489327,-0.52837735,-0.07234288,0.2109175,-0.2718429,0.13620268,-0.17581931,0.17460169,0.8387905,0.9239309,0.8512587,0.9113275,0.78981197,0.6653808,0.93775666,0.8692573,0.80421025,0.84458864,0.73628813,0.9362426,0.8939339,0.5463096,0.95269275,0.7790093,0.7084665,0.8871195,0.8417166,0.8593283
0.0,0.200364,0.020728929,0.20247805,0.15308776,0.20468199,0.39008862,-0.040459044,-0.1511845,-0.2164343,-0.22546357,0.27706438,-0.035724055,-0.11443995,-0.5285454,-0.07190217,0.21092623,-0.271985,0.13585533,-0.17550875,0.17459847,0.8392703,0.9237992,0.85114616,0.9109798,0.7898384,0.66565734,0.937758,0.8693007,0.80470806,0.84491813,0.7363011,0.9363539,0.89367646,0.54672396,0.95242894,0.77935624,0.7087062,0.8874541,0.8417691,0.85954106
1.0,0.2003102,0.020716293,0.20249337,0.15306732,0.20480874,0.39000154,-0.040308975,-0.1510755,-0.21645772,-0.22557402,0.27692926,-0.03574467,-0.11468491,-0.5284548,-0.0721403,0.21092156,-0.2719085,0.13604301,-0.1756768,0.17460026,0.83901113,0.92387015,0.8512068,0.91116744,0.78982395,0.6655077,0.93775725,0.8692772,0.8044389,0.8447401,0.736294,0.93629366,0.8938154,0.54649985,0.9525715,0.7791685,0.70857644,0.8872732,0.84174055,0.859426
1.0,0.20035559,0.02072695,0.20248005,0.15308431,0.20470077,0.39007407,-0.040436387,-0.15116782,-0.21643725,-0.22547972,0.27704322,-0.035727207,-0.1144765,-0.5285306,-0.07193809,0.21092479,-0.27197254,0.13588364,-0.17553365,0.17459846,0.8392314,0.92381024,0.85115576,0.9110083,0.78983676,0.66563547,0.93775827,0.86929715,0.80466765,0.8448915,0.7363005,0.9363447,0.89369756,0.5466905,0.9524505,0.77932835,0.708687,0.88742685,0.8417654,0.8595239
1.0,0.20039728,0.020736845,0.20246834,0.15310028,0.2046029,0.3901421,-0.04055234,-0.15125234,-0.21641955,-0.22539446,0.277148,-0.03571121,-0.11428738,-0.52860117,-0.071753845,0.21092884,-0.27203208,0.13573858,-0.17540385,0.17459723,0.8394316,0.92375535,0.8511087,0.91086334,0.78984743,0.66575074,0.93775874,0.8693154,0.80487585,0.845029,0.7363057,0.9363914,0.89359003,0.5468633,0.9523402,0.7794731,0.7087871,0.88756686,0.8417873,0.85961276
1.0,0.20037293,0.020731067,0.20247534,0.15309095,0.20466053,0.39010262,-0.040484212,-0.15120274,-0.21643013,-0.2254447,0.27708673,-0.035720605,-0.11439867,-0.52856004,-0.07186211,0.21092659,-0.2719974,0.13582382,-0.17548032,0.17459804,0.839314,0.92378753,0.85113615,0.91094846,0.789841,0.66568285,0.93775827,0.8693047,0.80475336,0.8449482,0.73630255,0.93636394,0.89365315,0.54676175,0.952405,0.779388,0.7087281,0.88748455,0.8417742,0.8595605
0.0,0.20033026,0.02072102,0.20248757,0.15307489,0.2047611,0.39003393,-0.040365234,-0.15111625,-0.21644875,-0.22553244,0.27697974,-0.03573697,-0.114592984,-0.5284884,-0.07205107,0.2109231,-0.27193695,0.13597266,-0.17561366,0.17459948,0.8391085,0.9238437,0.8511841,0.91109717,0.78982943,0.665564,0.93775755,0.86928606,0.80453986,0.8448069,0.7362967,0.9363162,0.8937635,0.54658407,0.9525181,0.7792391,0.7086252,0.8873409,0.8417514,0.85946923
1.0,0.20044783,0.020748971,0.20245352,0.15311944,0.20448235,0.39022335,-0.040694095,-0.1513556,-0.21639708,-0.22528937,0.27727515,-0.035691556,-0.114055455,-0.52868617,-0.071528174,0.21093287,-0.27210343,0.13556087,-0.17524408,0.17459534,0.8396769,0.92368877,0.8510519,0.9106862,0.78986144,0.665893,0.93775976,0.86933786,0.80513126,0.84519756,0.736313,0.9364485,0.89345855,0.5470757,0.95220524,0.77965146,0.7089103,0.8877387,0.84181494,0.8597219
0.0,0.20034313,0.020724034,0.202484,0.15307975,0.20473106,0.39005482,-0.040400937,-0.15114222,-0.21644333,-0.22550625,0.277012,-0.03573206,-0.114534736,-0.5285102,-0.0719944,0.21092428,-0.27195528,0.13592799,-0.17557378,0.17459916,0.83917004,0.9238267,0.8511697,0.9110525,0.78983283,0.66559947,0.9377578,0.8692916,0.8046038,0.8448492,0.7362984,0.9363305,0.89373034,0.5466371,0.95248425,0.7792836,0.7086559,0.88738406,0.84175813,0.8594966
0.0,0.20040742,0.020739263,0.20246558,0.15310425,0.20457901,0.39015892,-0.040580586,-0.15127292,-0.2164152,-0.22537366,0.2771737,-0.03570729,-0.11424127,-0.52861834,-0.07170892,0.21092981,-0.27204657,0.13570315,-0.17537218,0.17459695,0.8394805,0.92374206,0.8510972,0.91082793,0.78985023,0.66577893,0.93775886,0.86931986,0.8049265,0.84506255,0.73630714,0.9364027,0.8935637,0.5469055,0.9523133,0.7795086,0.7088116,0.887601,0.8417926,0.8596346
1.0,0.20036504,0.020729164,0.20247762,0.1530881,0.20467934,0.3900902,-0.04046207,-0.15118667,-0.21643367,-0.22546121,0.277067,-0.03572366,-0.11443488,-0.52854705,-0.07189728,0.21092619,-0.27198628,0.1358515,-0.17550524,0.17459838,0.8392757,0.92379785,0.85114497,0.91097605,0.7898388,0.66566056,0.93775815,0.86930126,0.8047135,0.8449218,0.73630136,0.93635505,0.89367366,0.5467286,0.9524261,0.7793601,0.7087089,0.88745785,0.8417699,0.8595435
0.0,0.20036039,0.020728102,0.20247902,0.1530863,0.20469022,0.3900826,-0.04044915,-0.15117726,-0.2164357,-0.2254706,0.27705538,-0.03572544,-0.11445591,-0.52853906,-0.0719178,0.2109257,-0.2719797,0.13586767,-0.17551968,0.1745985,0.83925337,0.9238039,0.8511502,0.9109922,0.7898376,0.66564775,0.93775815,0.8692993,0.8046904,0.8449065,0.7363008,0.93634987,0.8936856,0.5467093,0.9524384,0.779344,0.7086976,0.88744223,0.84176743,0.85953355
1.0,0.20032477,0.020719713,0.20248924,0.1530728,0.20477459,0.39002532,-0.04034955,-0.15110491,-0.2164514,-0.22554433,0.27696592,-0.035739128,-0.11461878,-0.52847934,-0.07207602,0.21092291,-0.27192923,0.13599233,-0.1756315,0.17459983,0.8390811,0.9238509,0.85119027,0.9111167,0.78982776,0.665548,0.9377575,0.8692836,0.8045115,0.8447882,0.7362958,0.93630993,0.8937779,0.5465603,0.95253295,0.7792191,0.7086114,0.88732195,0.84174824,0.8594571
1.0,0.20035279,0.020726336,0.20248137,0.15308353,0.20470846,0.39007068,-0.04042782,-0.15116182,-0.21643922,-0.2254866,0.2770365,-0.03572838,-0.11449103,-0.5285266,-0.07195178,0.21092539,-0.2719691,0.13589442,-0.17554386,0.17459889,0.8392164,0.923814,0.8511586,0.91101885,0.7898354,0.6656261,0.9377579,0.86929584,0.8046519,0.844881,0.7362996,0.93634135,0.8937053,0.5466772,0.9524586,0.7793171,0.7086791,0.88741636,0.8417631,0.85951704
0.0,0.20035404,0.020726627,0.20248096,0.15308392,0.20470549,0.39007273,-0.040431313,-0.15116435,-0.21643871,-0.22548404,0.2770396,-0.035727892,-0.11448529,-0.5285286,-0.071946196,0.21092539,-0.2719709,0.13589007,-0.17553984,0.17459884,0.83922255,0.92381227,0.85115725,0.91101456,0.7898356,0.6656296,0.9377579,0.8692964,0.80465823,0.84488523,0.7362997,0.9363427,0.89370215,0.54668236,0.9524553,0.7793214,0.70868206,0.88742065,0.84176373,0.85951984
1.0,0.20041695,0.020741554,0.20246267,0.15310758,0.20455603,0.3901736,-0.040607437,-0.15129241,-0.21641079,-0.2253536,0.27719754,-0.035703566,-0.114197284,-0.5286342,-0.07166618,0.21093032,-0.27205977,0.13566947,-0.17534177,0.17459649,0.83952695,0.92372954,0.8510867,0.9107945,0.7898531,0.66580606,0.9377591,0.869324,0.804975,0.84509456,0.7363086,0.9364135,0.8935389,0.5469459,0.95228785,0.7795424,0.70883495,0.88763356,0.84179807,0.8596552
1.0,0.20043081,0.020744877,0.20245875,0.1531131,0.2045234,0.39019635,-0.040646095,-0.15132065,-0.21640494,-0.2253252,0.27723253,-0.035698205,-0.11413419,-0.5286579,-0.07160468,0.2109318,-0.27207968,0.13562112,-0.17529848,0.17459615,0.83959377,0.92371124,0.85107094,0.91074616,0.78985655,0.6658445,0.93775934,0.86933017,0.80504453,0.84514034,0.73631036,0.9364291,0.89350295,0.5470034,0.95225096,0.77959085,0.70886827,0.8876804,0.8418053,0.8596848
1.0,0.20041063,0.020740086,0.20246463,0.15310553,0.20457129,0.39016393,-0.040589698,-0.15127954,-0.21641374,-0.22536689,0.27718192,-0.035706054,-0.114226475,-0.5286238,-0.07169445,0.2109301,-0.27205113,0.13569178,-0.17536196,0.17459683,0.83949614,0.9237377,0.8510936,0.91081667,0.78985095,0.665788,0.937759,0.8693213,0.8049429,0.8450733,0.73630756,0.9364064,0.89355534,0.5469191,0.9523047,0.77952,0.7088194,0.88761204,0.8417944,0.85964143
0.0,0.20039201,0.02073562,0.20246994,0.15309829,0.20461534,0.39013362,-0.04053763,-0.15124163,-0.21642175,-0.2254053,0.27713495,-0.035713237,-0.11431138,-0.5285922,-0.071777225,0.21092834,-0.27202454,0.13575694,-0.1754203,0.17459744,0.83940625,0.9237623,0.8511146,0.91088164,0.7898463,0.665736,0.9377586,0.8693132,0.8048493,0.8450116,0.7363051,0.9363854,0.89360356,0.54684144,0.95235425,0.7794548,0.7087743,0.8875491,0.8417844,0.8596015
1.0,0.20045349,0.020750368,0.20245202,0.15312171,0.20446908,0.39023256,-0.040709727,-0.1513671,-0.2163949,-0.22527781,0.2772894,-0.035689395,-0.114029974,-0.5286958,-0.071503274,0.21093346,-0.27211156,0.13554126,-0.1752266,0.17459522,0.8397039,0.92368144,0.85104567,0.91066664,0.78986293,0.6659086,0.93775976,0.8693403,0.8051595,0.8452161,0.7363137,0.93645483,0.8934439,0.5470989,0.95219034,0.7796709,0.70892376,0.8877577,0.84181786,0.85973394
1.0,0.20031267,0.020716885,0.20249273,0.15306824,0.2048028,0.39000568,-0.040316015,-0.15108058,-0.21645659,-0.22556883,0.2769357,-0.035743717,-0.11467336,-0.52845895,-0.07212918,0.21092181,-0.2719121,0.13603418,-0.17566888,0.17460018,0.83902335,0.9238668,0.8512039,0.91115856,0.78982466,0.6655147,0.93775725,0.8692784,0.8044515,0.8447485,0.73629427,0.93629646,0.893809,0.54651046,0.95256484,0.7791773,0.70858264,0.88728166,0.84174186,0.85943145
1.0,0.20039698,0.02073677,0.20246859,0.15310031,0.20460401,0.39014223,-0.040551227,-0.15125155,-0.2164199,-0.22539547,0.2771474,-0.035711367,-0.11428942,-0.52860093,-0.07175564,0.21092902,-0.27203175,0.13573997,-0.17540531,0.17459737,0.83942974,0.9237558,0.8511089,0.9108647,0.78984725,0.6657494,0.9377586,0.86931527,0.8048737,0.8450276,0.73630565,0.93639094,0.8935909,0.5468615,0.9523414,0.7794716,0.70878595,0.88756555,0.8417868,0.85961187
1.0,0.20045668,0.020751162,0.20245133,0.15312314,0.20446199,0.3902383,-0.040718403,-0.15137355,-0.21639383,-0.22527173,0.2772978,-0.03568816,-0.114016,-0.52870166,-0.071489416,0.21093413,-0.27211645,0.13553038,-0.17521709,0.1745953,0.8397189,0.9236771,0.8510419,0.9106557,0.78986347,0.665917,0.93775976,0.8693416,0.80517477,0.8452263,0.73631394,0.9364584,0.8934358,0.5471117,0.9521821,0.77968144,0.70893097,0.88776827,0.8418191,0.85974044
1.0,0.2003249,0.020719757,0.20248897,0.15307271,0.20477375,0.39002514,-0.040350318,-0.15110537,-0.21645108,-0.22554347,0.27696627,-0.035739046,-0.11461729,-0.52847934,-0.07207471,0.21092263,-0.27192923,0.13599135,-0.17563035,0.17459966,0.83908254,0.92385066,0.85119027,0.91111594,0.78982806,0.6655491,0.93775755,0.86928374,0.8045131,0.84478915,0.736296,0.9363102,0.8937773,0.54656184,0.9525323,0.77922034,0.7086123,0.88732296,0.84174865,0.85945773
1.0,0.20029113,0.020711849,0.20249876,0.15306017,0.20485342,0.38997075,-0.04025595,-0.15103707,-0.2164661,-0.22561306,0.27688158,-0.03575194,-0.11477135,-0.5284228,-0.07222431,0.21092,-0.2718814,0.13610923,-0.175736,0.17460093,0.83891976,0.92389536,0.85122824,0.91123366,0.7898188,0.665455,0.937757,0.86926895,0.80434406,0.84467727,0.7362914,0.93627244,0.8938646,0.5464209,0.95262176,0.7791024,0.7085308,0.8872094,0.8417305,0.85938543
0.0,0.20048258,0.02075739,0.20244308,0.15313259,0.20439853,0.39027864,-0.04079209,-0.15142705,-0.21638143,-0.22521621,0.27736259,-0.035677955,-0.113894716,-0.52874434,-0.07137186,0.21093532,-0.27215233,0.1354378,-0.17513312,0.17459387,0.83984655,0.92364305,0.8510131,0.9105639,0.7898715,0.6659918,0.9377607,0.8693533,0.8053084,0.84531426,0.73631823,0.936488,0.8933676,0.547223,0.95211184,0.77977514,0.70899594,0.8878579,0.8418345,0.8597975
1.0,0.20040965,0.020739807,0.20246501,0.15310514,0.20457393,0.39016238,-0.040586658,-0.15127741,-0.21641439,-0.22536922,0.27717924,-0.035706427,-0.11423148,-0.5286222,-0.07169927,0.21093008,-0.27204973,0.13569556,-0.17536543,0.17459694,0.839491,0.9237391,0.8510947,0.9108204,0.78985065,0.6657849,0.93775886,0.8693208,0.8049374,0.8450697,0.7363074,0.93640524,0.893558,0.54691446,0.9523075,0.7795161,0.70881665,0.8876084,0.8417937,0.8596391
1.0,0.20041847,0.02074196,0.20246255,0.15310854,0.20455314,0.39017683,-0.040611204,-0.15129533,-0.21641067,-0.22535121,0.27720153,-0.035703048,-0.11419137,-0.5286373,-0.071660176,0.21093097,-0.2720623,0.13566479,-0.1753379,0.17459668,0.8395334,0.9237275,0.8510847,0.9107897,0.78985286,0.6658093,0.937759,0.86932474,0.8049816,0.84509885,0.7363085,0.93641514,0.89353526,0.5469511,0.9522841,0.7795468,0.7088379,0.8876382,0.8417983,0.8596579
1.0,0.20030916,0.02071604,0.20249376,0.15306702,0.2048114,0.3900002,-0.040305942,-0.15107335,-0.21645832,-0.2255764,0.27692682,-0.03574509,-0.11468996,-0.52845323,-0.07214511,0.2109217,-0.27190718,0.13604686,-0.1756803,0.17460042,0.8390059,0.9238715,0.85120785,0.9111712,0.78982353,0.66550446,0.93775713,0.8692768,0.80443347,0.84473646,0.7362937,0.9362925,0.89381826,0.54649526,0.9525744,0.7791646,0.7085737,0.8872695,0.8417398,0.8594237
1.0,0.20050684,0.02076331,0.20243597,0.15314186,0.20434044,0.39031744,-0.04086023,-0.1514768,-0.21637073,-0.22516564,0.27742386,-0.035668418,-0.11378315,-0.52878535,-0.07126319,0.2109372,-0.27218664,0.13535234,-0.17505608,0.174593,0.83996445,0.9236111,0.85098594,0.91047883,0.7898782,0.6660604,0.9377612,0.8693642,0.80543154,0.8453954,0.7363217,0.9365155,0.8933043,0.5473249,0.95204693,0.7798609,0.7090552,0.88794076,0.84184796,0.85985
1.0,0.20030066,0.020714073,0.2024961,0.15306374,0.20483114,0.3899863,-0.04028242,-0.15105624,-0.21646199,-0.22559366,0.27690542,-0.03574833,-0.11472823,-0.5284388,-0.07218239,0.2109209,-0.27189502,0.1360762,-0.17570649,0.1746006,0.83896536,0.92388266,0.85121745,0.9112007,0.7898214,0.6654812,0.93775713,0.86927307,0.8043913,0.8447086,0.73629266,0.93628305,0.89384,0.54646033,0.9525967,0.77913535,0.70855355,0.8872412,0.8417354,0.8594057
0.0,0.2003772,0.020732095,0.20247436,0.1530928,0.20465098,0.3901101,-0.04049582,-0.15121129,-0.21642867,-0.22543648,0.2770977,-0.035719,-0.11438002,-0.5285677,-0.071843706,0.21092743,-0.27200374,0.13580935,-0.17546755,0.17459808,0.83933383,0.92378193,0.8511313,0.91093385,0.7898417,0.66569394,0.93775827,0.8693065,0.80477405,0.84496176,0.73630285,0.93636864,0.8936423,0.5467787,0.95239395,0.77940214,0.7087379,0.8874985,0.8417761,0.8595694
0.0,0.2004335,0.020745518,0.20245792,0.15311414,0.20451684,0.39020047,-0.040653706,-0.15132618,-0.21640366,-0.2253195,0.27723926,-0.03569717,-0.11412175,-0.5286622,-0.0715926,0.21093181,-0.2720833,0.13561158,-0.17528982,0.17459598,0.83960676,0.92370766,0.85106796,0.9107367,0.7898574,0.6658522,0.9377594,0.8693315,0.8050582,0.84514946,0.73631084,0.9364321,0.8934959,0.5470151,0.95224375,0.7796004,0.708875,0.88768965,0.8418068,0.8596907
1.0,0.20039651,0.02073667,0.20246845,0.15309992,0.20460431,0.39014065,-0.04055038,-0.15125085,-0.21641967,-0.22539568,0.27714598,-0.035711486,-0.11429036,-0.5285997,-0.0717569,0.21092845,-0.27203074,0.1357409,-0.17540582,0.17459716,0.8394283,0.92375636,0.8511096,0.91086584,0.78984755,0.6657491,0.93775886,0.869315,0.8048725,0.84502685,0.73630583,0.93639046,0.8935918,0.54686075,0.95234203,0.7794709,0.70878553,0.88756454,0.84178716,0.85961133
0.0,0.20039478,0.020736264,0.20246924,0.15309942,0.20460913,0.3901383,-0.04054512,-0.15124714,-0.21642083,-0.22539994,0.27714193,-0.035712205,-0.11429925,-0.52859706,-0.07176529,0.21092881,-0.27202865,0.13574755,-0.17541209,0.17459746,0.83941925,0.9237587,0.8511114,0.91087234,0.7898467,0.6657434,0.9377586,0.86931425,0.8048628,0.8450205,0.73630536,0.9363885,0.8935966,0.5468526,0.95234704,0.779464,0.70878077,0.8875581,0.8417856,0.8596073
1.0,0.20038506,0.02073394,0.20247205,0.15309566,0.20463212,0.3901228,-0.040517963,-0.15122736,-0.21642512,-0.22542006,0.27711737,-0.03571597,-0.11434369,-0.5285809,-0.07180851,0.210928,-0.27201486,0.13578159,-0.17544259,0.17459776,0.83937216,0.9237715,0.8511223,0.9109062,0.789844,0.6657162,0.9377585,0.86930996,0.8048139,0.84498817,0.736304,0.9363775,0.8936217,0.5468118,0.9523729,0.77943,0.70875716,0.8875252,0.8417805,0.85958636
1.0,0.20043808,0.020746624,0.20245625,0.15311575,0.2045054,0.39020753,-0.040666834,-0.15133572,-0.21640134,-0.22530949,0.2772507,-0.035695363,-0.114099935,-0.5286697,-0.07157154,0.2109319,-0.27208966,0.13559496,-0.17527476,0.17459564,0.8396297,0.9237016,0.8510629,0.9107202,0.7898588,0.6658657,0.9377595,0.8693335,0.80508226,0.84516525,0.7363117,0.93643755,0.89348376,0.54703486,0.95223117,0.77961713,0.7088866,0.8877057,0.8418097,0.859701
0.0,0.20033833,0.020722913,0.2024856,0.15307808,0.20474294,0.3900476,-0.04038718,-0.15113235,-0.21644571,-0.22551674,0.2770002,-0.035733923,-0.114557475,-0.52850246,-0.07201629,0.21092433,-0.27194872,0.13594529,-0.17558946,0.1745995,0.8391462,0.92383313,0.85117495,0.91106963,0.78983116,0.6655854,0.93775755,0.8692895,0.8045789,0.8448328,0.7362974,0.9363251,0.893743,0.5466163,0.95249724,0.77926606,0.70864373,0.8873673,0.8417552,0.8594859
1.0,0.20035979,0.020727972,0.2024797,0.15308633,0.20469269,0.39008242,-0.040446803,-0.15117571,-0.21643662,-0.2254729,0.27705407,-0.03572572,-0.1144602,-0.52853864,-0.07192159,0.21092634,-0.27197933,0.13587065,-0.17552279,0.17459886,0.8392492,0.9238048,0.8511508,0.91099507,0.7898369,0.6656446,0.9377578,0.8692988,0.80468583,0.84490347,0.73630023,0.93634903,0.8936875,0.5467052,0.9524405,0.77934057,0.70869523,0.8874393,0.84176636,0.8595315
1.0,0.2003932,0.020735918,0.20246927,0.15309855,0.20461187,0.39013487,-0.0405414,-0.15124422,-0.21642083,-0.22540218,0.27713764,-0.035712767,-0.114304975,-0.52859384,-0.071771234,0.21092796,-0.2720259,0.13575219,-0.1754158,0.17459717,0.8394128,0.9237607,0.8511135,0.9108771,0.7898467,0.66574025,0.93775886,0.8693137,0.80485636,0.8450162,0.73630565,0.9363869,0.8936003,0.5468475,0.9523507,0.7794599,0.70877784,0.88755375,0.8417856,0.8596045
1.0,0.20043018,0.020744728,0.20245884,0.15311286,0.20452479,0.3901953,-0.04064438,-0.15131941,-0.21640515,-0.22532642,0.27723098,-0.035698473,-0.114136964,-0.52865666,-0.07160735,0.21093164,-0.27207872,0.13562322,-0.17530029,0.1745961,0.83959085,0.923712,0.8510717,0.9107483,0.7898564,0.66584295,0.93775934,0.8693299,0.8050415,0.8451384,0.73631036,0.9364284,0.8935045,0.547001,0.9522526,0.7795887,0.70886683,0.8876784,0.841805,0.8596835
1.0,0.20047334,0.020755155,0.20244603,0.15312919,0.20442118,0.39026424,-0.040765874,-0.15140796,-0.21638581,-0.225236,0.27733952,-0.03568154,-0.11393793,-0.5287292,-0.071413815,0.21093486,-0.2721396,0.13547081,-0.17516303,0.17459442,0.839801,0.9236552,0.8510233,0.91059667,0.7898688,0.665965,0.93776035,0.8693492,0.8052608,0.845283,0.7363167,0.9364774,0.89339185,0.5471832,0.952137,0.77974176,0.70897275,0.8878259,0.84182906,0.85977715
0.0,0.20031786,0.020718107,0.20249116,0.15307015,0.20479058,0.39001387,-0.040330477,-0.15109105,-0.21645439,-0.22555819,0.27694863,-0.035741724,-0.11464982,-0.52846766,-0.07210621,0.21092217,-0.27191937,0.13601613,-0.17565267,0.17460002,0.83904827,0.92385995,0.8511982,0.9111406,0.78982604,0.6655292,0.9377574,0.8692806,0.8044774,0.8447656,0.736295,0.93630236,0.8937956,0.5465321,0.9525511,0.77919555,0.7085951,0.88729906,0.8417447,0.8594426
0.0,0.20030731,0.020715611,0.20249417,0.15306622,0.20481549,0.38999692,-0.040300988,-0.1510697,-0.21645898,-0.22557992,0.27692217,-0.035745762,-0.11469792,-0.52844995,-0.07215295,0.21092135,-0.2719044,0.13605297,-0.17568567,0.17460038,0.8389975,0.9238739,0.85120994,0.91117746,0.7898232,0.6654997,0.93775713,0.86927605,0.8044247,0.8447307,0.73629355,0.93629044,0.89382285,0.546488,0.952579,0.7791586,0.7085696,0.88726354,0.841739,0.85941994
0.0,0.20038462,0.020733846,0.20247228,0.15309566,0.20463352,0.3901222,-0.04051649,-0.15122637,-0.21642545,-0.22542125,0.27711636,-0.035716116,-0.11434625,-0.52858025,-0.07181088,0.21092808,-0.27201435,0.13578346,-0.17544444,0.17459787,0.83936965,0.9237721,0.85112286,0.91090804,0.78984374,0.66571444,0.9377584,0.86930984,0.8048111,0.84498626,0.7363038,0.936377,0.8936232,0.54680955,0.9523743,0.7794279,0.70875573,0.8875234,0.84178,0.85958517
1.0,0.20037696,0.020732036,0.20247428,0.15309268,0.2046513,0.39010954,-0.04049532,-0.15121089,-0.21642855,-0.22543669,0.27709705,-0.035719074,-0.11438064,-0.5285671,-0.07184448,0.21092734,-0.27200332,0.13580988,-0.17546798,0.17459801,0.83933306,0.92378217,0.85113156,0.91093445,0.78984183,0.66569364,0.93775827,0.8693065,0.8047733,0.84496117,0.73630285,0.9363684,0.8936428,0.5467781,0.9523944,0.7794017,0.7087376,0.8874979,0.8417761,0.859569
1.0,0.2003707,0.020730583,0.20247622,0.15309033,0.20466627,0.39009985,-0.04047769,-0.15119812,-0.21643153,-0.22544989,0.27708143,-0.035721514,-0.114409566,-0.5285568,-0.07187249,0.2109269,-0.27199462,0.13583197,-0.17548794,0.17459834,0.8393026,0.9237904,0.8511385,0.9109565,0.78984004,0.6656758,0.93775815,0.8693037,0.8047415,0.84494025,0.73630196,0.9363614,0.893659,0.5467516,0.9524112,0.77937937,0.70872223,0.88747656,0.8417725,0.8595554
1.0,0.20033091,0.020721165,0.20248741,0.15307516,0.20475964,0.39003485,-0.040367007,-0.15111753,-0.21644852,-0.22553125,0.2769813,-0.035736747,-0.11459008,-0.5284896,-0.07204825,0.21092317,-0.27193785,0.13597044,-0.17561175,0.17459951,0.8391114,0.9238428,0.8511835,0.91109496,0.7898297,0.6655657,0.93775755,0.86928624,0.80454296,0.844809,0.73629683,0.93631685,0.89376175,0.5465865,0.9525163,0.7792412,0.7086267,0.88734305,0.8417517,0.85947055
0.0,0.20006418,0.020660168,0.20256007,0.15297401,0.20537709,0.38959822,-0.03962837,-0.15058345,-0.21656266,-0.22607005,0.2763123,-0.035836715,-0.11579183,-0.5280405,-0.07321508,0.21089874,-0.27155575,0.13689108,-0.17643067,0.17460701,0.8378382,0.92419535,0.85148627,0.91201985,0.7897614,0.66483575,0.9377554,0.86917204,0.80322796,0.8439355,0.7362641,0.9360229,0.894445,0.54548967,0.9532155,0.7783252,0.70799404,0.88646,0.8416162,0.85890746
1.0,0.20044896,0.020749224,0.20245412,0.15312046,0.20448144,0.39022675,-0.040695988,-0.15135741,-0.21639791,-0.22528884,0.2772786,-0.035691224,-0.114053085,-0.528689,-0.071525134,0.21093428,-0.27210596,0.1355585,-0.17524283,0.17459588,0.83967996,0.9236874,0.8510504,0.9106836,0.7898608,0.6658938,0.93775934,0.86933815,0.8051341,0.8451995,0.7363124,0.9364494,0.8934563,0.5470775,0.9522033,0.7796527,0.7089111,0.88774097,0.84181416,0.859723
1.0,0.20046073,0.020752067,0.20244963,0.15312427,0.20445113,0.39024347,-0.040730543,-0.15138207,-0.21639115,-0.2252621,0.2773075,-0.035686515,-0.1139956,-0.5287077,-0.07147013,0.21093357,-0.2721215,0.13551514,-0.17520279,0.17459473,0.83973986,0.92367184,0.8510376,0.9106408,0.78986526,0.6659298,0.9377601,0.86934364,0.8051971,0.84524095,0.7363151,0.9364631,0.89342475,0.54713035,0.9521706,0.7796975,0.7089421,0.887783,0.8418224,0.85975003
1.0,0.20039496,0.02073635,0.20246887,0.15309939,0.2046079,0.39013797,-0.040546246,-0.1512478,-0.21642026,-0.22539881,0.2771423,-0.035712082,-0.11429718,-0.528597,-0.071763545,0.2109283,-0.2720286,0.13574618,-0.17541054,0.17459723,0.8394212,0.92375845,0.8511113,0.91087097,0.78984714,0.6657449,0.93775874,0.8693144,0.80486506,0.8450219,0.7363057,0.93638885,0.89359564,0.54685444,0.952346,0.7794658,0.70878196,0.8875595,0.8417864,0.8596081
1.0,0.20035604,0.020727089,0.20248042,0.15308481,0.20470095,0.39007604,-0.040436693,-0.15116835,-0.2164379,-0.22548005,0.2770446,-0.035727143,-0.1144764,-0.5285321,-0.07193757,0.21092571,-0.27197376,0.13588326,-0.17553385,0.17459883,0.83923197,0.92380977,0.851155,0.9110077,0.789836,0.6656349,0.9377579,0.86929727,0.80466795,0.8448917,0.7363,0.9363449,0.89369696,0.54669046,0.95245016,0.7793281,0.7086867,0.88742715,0.84176475,0.8595239
1.0,0.2004425,0.020747686,0.2024554,0.15311751,0.20449553,0.39021516,-0.04067877,-0.15134448,-0.21639982,-0.225301,0.27726185,-0.035693694,-0.11408073,-0.52867734,-0.071552634,0.21093272,-0.27209616,0.1355801,-0.17526163,0.17459571,0.83965015,0.92369586,0.8510578,0.9107053,0.78985965,0.6658774,0.9377595,0.8693354,0.8051034,0.84517926,0.7363121,0.9364424,0.8934726,0.5470525,0.9522199,0.77963185,0.70889664,0.88772005,0.84181166,0.8597099
1.0,0.20042098,0.020742541,0.20246133,0.15310928,0.20454605,0.39017993,-0.040619094,-0.15130083,-0.21640879,-0.22534487,0.27720773,-0.035702024,-0.114178106,-0.5286409,-0.07164764,0.21093045,-0.27206543,0.13565494,-0.17532857,0.17459626,0.83954704,0.92372406,0.851082,0.9107801,0.7898542,0.66581786,0.93775934,0.86932594,0.8049961,0.8451084,0.7363093,0.9364182,0.89352816,0.5469636,0.9522767,0.7795572,0.7088452,0.88764775,0.8418005,0.8596642
0.0,0.20014995,0.020679435,0.20253761,0.15300661,0.20518155,0.38974002,-0.03986425,-0.1507536,-0.21652684,-0.22589934,0.27652723,-0.035805065,-0.11540915,-0.528185,-0.072843656,0.21090733,-0.27167946,0.13659772,-0.17617111,0.17460504,0.83824414,0.9240819,0.85138834,0.9117241,0.7897823,0.665067,0.9377555,0.8692082,0.8036457,0.8442137,0.7362738,0.9361164,0.89422697,0.54583853,0.95299274,0.77861595,0.7081947,0.8867404,0.841658,0.85908645
1.0,0.20038164,0.020733157,0.20247301,0.1530945,0.20464033,0.39011726,-0.040508367,-0.15122035,-0.21642667,-0.22542715,0.27710897,-0.03571727,-0.11435944,-0.52857506,-0.07182378,0.21092775,-0.2720101,0.13579364,-0.17545345,0.1745979,0.83935565,0.923776,0.85112625,0.9109182,0.789843,0.6657066,0.93775827,0.8693085,0.8047966,0.84497666,0.7363035,0.9363737,0.8936307,0.5467976,0.9523821,0.7794179,0.7087487,0.88751364,0.8417785,0.85957885
0.0,0.20019701,0.0206901,0.20252484,0.1530244,0.20507275,0.38981724,-0.039994482,-0.15084769,-0.21650666,-0.22580442,0.27664524,-0.03578747,-0.115197286,-0.5282644,-0.07263804,0.21091172,-0.27174687,0.13643552,-0.17602688,0.17460378,0.8384687,0.9240197,0.8513349,0.911561,0.78979427,0.66519564,0.9377558,0.86922836,0.80387735,0.8443677,0.7362794,0.9361682,0.89410657,0.54603195,0.9528696,0.7787774,0.70830613,0.88689584,0.84168196,0.85918576
1.0,0.20042765,0.020744132,0.20245947,0.15311179,0.20453028,0.39019084,-0.040637717,-0.1513145,-0.21640602,-0.22533116,0.27722466,-0.035699412,-0.11414768,-0.5286522,-0.071618,0.21093121,-0.272075,0.13563158,-0.17530765,0.17459607,0.8395792,0.92371523,0.8510746,0.9107567,0.78985596,0.6658364,0.93775934,0.869329,0.8050295,0.8451305,0.7363101,0.9364256,0.8935108,0.5469912,0.952259,0.77958053,0.70886123,0.88767034,0.84180397,0.85967857
0.0,0.20036489,0.02072916,0.20247799,0.15308806,0.20468011,0.39009017,-0.04046135,-0.15118626,-0.216434,-0.2254619,0.2770667,-0.035723753,-0.11443615,-0.528547,-0.071898416,0.21092637,-0.27198628,0.13585241,-0.1755062,0.17459853,0.8392744,0.9237981,0.8511451,0.9109769,0.7898384,0.6656596,0.937758,0.86930114,0.80471224,0.8449209,0.73630124,0.9363548,0.8936742,0.54672724,0.95242673,0.77935904,0.7087081,0.88745695,0.8417694,0.85954285
1.0,0.20039502,0.020736346,0.20246878,0.1530993,0.20460762,0.39013806,-0.040546548,-0.15124798,-0.2164202,-0.22539854,0.2771424,-0.035712034,-0.114296675,-0.5285971,-0.0717631,0.21092825,-0.27202865,0.13574578,-0.17541014,0.17459713,0.83942163,0.9237582,0.8511112,0.9108706,0.78984725,0.6657454,0.93775886,0.8693145,0.8048656,0.8450222,0.7363057,0.93638897,0.8935956,0.54685503,0.9523458,0.7794662,0.70878226,0.8875599,0.8417865,0.8596085
1.0,0.20045698,0.020751206,0.20245083,0.15312296,0.20446022,0.39023793,-0.040719986,-0.15137446,-0.21639305,-0.22527006,0.27729833,-0.035687968,-0.114013046,-0.52870154,-0.07148701,0.21093352,-0.2721164,0.13552836,-0.17521484,0.17459497,0.83972156,0.9236766,0.8510417,0.910654,0.7898642,0.6659191,0.93776,0.86934185,0.805178,0.8452284,0.7363144,0.9364589,0.8934345,0.54711443,0.9521807,0.77968395,0.7089328,0.88777006,0.84182006,0.85974187
1.0,0.20024776,0.020701779,0.20251097,0.15304372,0.2049551,0.38990033,-0.040135168,-0.15094951,-0.216485,-0.22570172,0.27677268,-0.035768412,-0.114968434,-0.5283499,-0.07241572,0.21091636,-0.27181956,0.13626014,-0.17587078,0.17460233,0.8387112,0.92395264,0.8512773,0.91138494,0.78980744,0.66533476,0.9377563,0.8692501,0.80412793,0.8445341,0.7362857,0.9362242,0.8939764,0.54624075,0.9527364,0.77895176,0.7084266,0.8870643,0.84170777,0.8592929
1.0,0.20047265,0.020754976,0.20244616,0.15312886,0.20442262,0.39026287,-0.04076401,-0.1514066,-0.21638602,-0.22523725,0.27733773,-0.035681847,-0.11394079,-0.52872765,-0.07141673,0.21093456,-0.27213842,0.13547316,-0.17516498,0.17459433,0.83979785,0.9236561,0.8510241,0.91059893,0.78986853,0.6659635,0.93776035,0.8693488,0.80525756,0.8452809,0.7363167,0.93647665,0.89339364,0.54718065,0.9521386,0.77973956,0.70897126,0.88782364,0.8418288,0.85977584
1.0,0.20041761,0.020741718,0.20246252,0.15310797,0.20455468,0.39017493,-0.04060913,-0.15129368,-0.21641064,-0.22535247,0.2771991,-0.035703365,-0.11419447,-0.52863526,-0.07166344,0.21093045,-0.27206078,0.13566737,-0.17533997,0.1745965,0.8395299,0.92372864,0.8510859,0.91079235,0.78985316,0.6658076,0.9377591,0.8693244,0.8049781,0.8450965,0.7363086,0.93641424,0.8935373,0.5469484,0.95228624,0.77954453,0.7088363,0.8876357,0.8417983,0.85965645
0.0,0.20034495,0.020724492,0.20248364,0.15308058,0.20472729,0.39005813,-0.040405724,-0.15114576,-0.2164428,-0.22550309,0.27701676,-0.0357314,-0.114527225,-0.52851355,-0.07198689,0.2109248,-0.2719581,0.13592209,-0.17556871,0.17459927,0.8391781,0.9238243,0.8511675,0.9110465,0.78983295,0.6656039,0.9377577,0.8692924,0.8046121,0.8448548,0.7362984,0.93633246,0.8937258,0.54664403,0.95247966,0.7792892,0.7086598,0.88738966,0.8417587,0.85950005
0.0,0.2003358,0.02072229,0.20248613,0.15307707,0.20474853,0.39004308,-0.040380433,-0.15112737,-0.21644661,-0.22552145,0.2769937,-0.035734866,-0.11456837,-0.52849793,-0.072027005,0.21092382,-0.27194497,0.13595375,-0.17559686,0.17459945,0.8391345,0.92383647,0.8511778,0.91107816,0.78983074,0.6655788,0.93775755,0.8692885,0.8045669,0.8448248,0.73629737,0.9363223,0.89374936,0.5466065,0.9525037,0.7792577,0.70863813,0.8873592,0.841754,0.8594807
0.0,0.20041445,0.02074095,0.20246343,0.15310687,0.20456196,0.39016998,-0.04060051,-0.1512874,-0.21641195,-0.22535878,0.27719134,-0.035704523,-0.11420864,-0.5286301,-0.07167723,0.21093023,-0.27205637,0.13567822,-0.17534964,0.17459664,0.8395149,0.92373276,0.8510894,0.91080314,0.78985214,0.66579896,0.9377591,0.86932296,0.80496246,0.8450862,0.7363082,0.9364108,0.89354527,0.54693544,0.95229447,0.7795337,0.7088288,0.88762516,0.8417966,0.8596498
1.0,0.20039606,0.020736562,0.20246877,0.15309986,0.20460585,0.39014035,-0.040548876,-0.15124987,-0.21642017,-0.22539702,0.27714515,-0.0357117,-0.11429304,-0.52859926,-0.07175933,0.21092872,-0.2720304,0.13574286,-0.17540775,0.17459734,0.8394258,0.92375696,0.85111,0.9108675,0.789847,0.6657472,0.9377586,0.86931485,0.80486953,0.8450249,0.73630565,0.93639,0.8935932,0.5468582,0.95234346,0.77946883,0.70878404,0.8875627,0.8417865,0.85961014
0.0,0.20022231,0.0206959,0.20251802,0.15303415,0.20501441,0.38985887,-0.040064387,-0.15089835,-0.21649605,-0.22575349,0.27670884,-0.03577798,-0.115083665,-0.5283072,-0.072527535,0.21091418,-0.27178332,0.13634832,-0.17594941,0.17460312,0.83858925,0.9239862,0.8513061,0.91147333,0.78980064,0.66526467,0.93775606,0.86923915,0.80400187,0.8444504,0.7362825,0.9361961,0.8940417,0.54613554,0.95280325,0.7788639,0.7083659,0.8869796,0.84169453,0.85923904
0.0,0.20031914,0.020718398,0.20249072,0.15307063,0.20478733,0.3900159,-0.040334202,-0.15109372,-0.21645358,-0.22555536,0.27695185,-0.035741214,-0.11464362,-0.5284698,-0.07210027,0.21092221,-0.27192107,0.13601148,-0.17564842,0.17459989,0.8390548,0.92385834,0.85119665,0.911136,0.78982645,0.66553307,0.9377575,0.8692812,0.8044841,0.8447701,0.7362952,0.93630373,0.8937922,0.5465377,0.9525475,0.77920026,0.7085984,0.88730353,0.8417455,0.85944545
0.0,0.20016137,0.020681998,0.20253463,0.15301093,0.20515527,0.38975894,-0.039895803,-0.15077642,-0.21652204,-0.22587648,0.27655607,-0.035800792,-0.11535789,-0.5282045,-0.072793856,0.21090859,-0.27169597,0.13655852,-0.17613631,0.1746048,0.8382985,0.9240668,0.8513754,0.91168463,0.78978497,0.66509813,0.9377555,0.8692131,0.80370176,0.8442509,0.7362751,0.936129,0.89419776,0.5458852,0.95296293,0.7786549,0.70822155,0.8867781,0.84166366,0.85911053
0.0,0.20030913,0.02071607,0.2024934,0.15306672,0.20481083,0.38999942,-0.040306367,-0.15107341,-0.21645787,-0.22557583,0.27692646,-0.03574503,-0.1146891,-0.52845275,-0.07214453,0.21092124,-0.27190676,0.13604629,-0.17567953,0.17460017,0.83900666,0.92387164,0.8512081,0.9111709,0.78982407,0.66550535,0.9377574,0.8692768,0.8044342,0.8447371,0.736294,0.9362925,0.893818,0.5464962,0.952574,0.77916557,0.7085744,0.88727,0.8417403,0.8594241
0.0,0.20025423,0.020703284,0.20250939,0.15304631,0.20494038,0.3899113,-0.040152837,-0.15096241,-0.21648246,-0.22568896,0.27678907,-0.03576596,-0.11493981,-0.5283611,-0.07238767,0.21091726,-0.27182904,0.13623801,-0.17585127,0.17460226,0.83874166,0.92394406,0.8512698,0.91136277,0.7898088,0.6653521,0.9377563,0.8692529,0.80415946,0.8445549,0.7362864,0.9362314,0.89395994,0.5462669,0.9527196,0.77897364,0.7084417,0.8870855,0.8417108,0.85930645
0.0,0.20027375,0.020707795,0.20250365,0.15305346,0.20489426,0.38994256,-0.040207475,-0.15100187,-0.21647367,-0.22564867,0.27683794,-0.035758525,-0.114850536,-0.52839357,-0.072301194,0.21091859,-0.27185658,0.13616987,-0.17579013,0.17460147,0.8388359,0.92391825,0.8512479,0.91129446,0.7898143,0.66540664,0.93775666,0.8692614,0.80425715,0.84461975,0.73628914,0.9362531,0.8939094,0.54634863,0.95266783,0.7790419,0.70848894,0.8871512,0.8417214,0.8593483
0.0,0.2001153,0.0206716,0.20254663,0.15299332,0.20526029,0.38968268,-0.03976921,-0.15068491,-0.21654108,-0.22596806,0.27644032,-0.035817854,-0.1155633,-0.5281266,-0.07299343,0.21090363,-0.2716294,0.13671601,-0.17627572,0.1746058,0.8380804,0.92412764,0.85142785,0.9118433,0.7897738,0.664974,0.9377555,0.8691937,0.80347735,0.84410167,0.73627,0.93607855,0.8943149,0.5456981,0.9530827,0.7784989,0.7081139,0.8866272,0.84164137,0.8590144
0.0,0.20015585,0.020680746,0.20253626,0.15300894,0.2051683,0.38975048,-0.039880328,-0.15076537,-0.21652466,-0.22588792,0.27654237,-0.035802864,-0.11538321,-0.52819556,-0.072818235,0.21090828,-0.27168822,0.13657773,-0.17615353,0.17460506,0.83827186,0.924074,0.8513814,0.91170394,0.7897835,0.6650826,0.9377554,0.86921066,0.80367416,0.8442326,0.73627424,0.93612283,0.89421195,0.54586214,0.9529775,0.7786356,0.7082082,0.8867596,0.84166074,0.85909855
1.0,0.20021108,0.020693356,0.20252097,0.1530298,0.2050401,0.3898401,-0.040033523,-0.15087593,-0.21650061,-0.22577587,0.2766806,-0.035782218,-0.11513373,-0.5282881,-0.07257631,0.21091303,-0.27176705,0.13638681,-0.17598353,0.1746033,0.838536,0.924001,0.85131884,0.9115121,0.7897981,0.66523427,0.93775606,0.8692344,0.8039469,0.84441394,0.7362813,0.93618375,0.8940704,0.54608995,0.9528326,0.7788258,0.70833963,0.8869427,0.84168917,0.8592155
0.0,0.2002025,0.020691382,0.20252351,0.15302664,0.20506051,0.3898266,-0.040009394,-0.15085857,-0.2165046,-0.22579369,0.27665913,-0.035785418,-0.115173265,-0.5282738,-0.07261452,0.21091247,-0.27175495,0.13641699,-0.17601056,0.17460375,0.8384942,0.9240125,0.8513285,0.91154236,0.78979546,0.66521,0.9377558,0.8692307,0.80390376,0.8443852,0.73627996,0.9361741,0.8940927,0.5460538,0.9528554,0.7787955,0.70831865,0.8869137,0.84168434,0.8591969
1.0,0.20040584,0.020738916,0.20246594,0.15310362,0.2045824,0.39015606,-0.040576585,-0.15126997,-0.2164158,-0.2253766,0.27717,-0.035707854,-0.11424784,-0.52861583,-0.07171537,0.21092957,-0.2720444,0.13570824,-0.17537668,0.17459695,0.83947355,0.923744,0.85109895,0.91083306,0.7898499,0.66577494,0.93775886,0.86931926,0.80491936,0.8450577,0.73630697,0.93640107,0.8935675,0.54689956,0.9523172,0.77950346,0.70880806,0.8875962,0.84179187,0.85963136
1.0,0.2002877,0.020711074,0.20249958,0.15305871,0.20486127,0.3899649,-0.04024653,-0.15103012,-0.21646738,-0.22561988,0.2768728,-0.035753217,-0.11478676,-0.5284169,-0.07223932,0.21091953,-0.27187636,0.13612105,-0.17574644,0.17460094,0.83890337,0.9238998,0.8512322,0.91124564,0.7898181,0.6654456,0.937757,0.86926746,0.8043272,0.8446661,0.736291,0.9362686,0.89387333,0.5464069,0.9526308,0.7790907,0.7085226,0.8871981,0.84172887,0.8593783
1.0,0.20030385,0.020714806,0.20249544,0.15306506,0.20482428,0.3899918,-0.04029085,-0.15106246,-0.21646097,-0.22558764,0.27691358,-0.035747133,-0.11471474,-0.5284445,-0.072169036,0.21092148,-0.27189976,0.13606568,-0.17569734,0.17460066,0.8389798,0.9238786,0.8512138,0.9111901,0.7898218,0.6654893,0.937757,0.8692744,0.8044063,0.8447185,0.73629284,0.9362865,0.8938321,0.5464725,0.95258856,0.77914566,0.70856065,0.88725144,0.84173673,0.8594121
0.0,0.20037341,0.020731205,0.20247543,0.15309134,0.2046598,0.39010397,-0.040485337,-0.15120368,-0.21643025,-0.22544417,0.27708822,-0.035720453,-0.114397004,-0.52856123,-0.07186033,0.21092704,-0.27199844,0.13582242,-0.1754793,0.17459819,0.83931583,0.9237868,0.8511354,0.91094697,0.7898409,0.6656835,0.93775815,0.86930496,0.8047552,0.84494936,0.7363024,0.93636453,0.893652,0.54676306,0.95240396,0.7793891,0.70872885,0.8874859,0.8417741,0.85956126
0.0,0.2003318,0.02072134,0.20248725,0.15307549,0.20475769,0.39003628,-0.0403694,-0.1511193,-0.21644819,-0.22552943,0.2769835,-0.03573641,-0.114586234,-0.52849114,-0.07204448,0.21092327,-0.27193913,0.13596746,-0.17560911,0.1745995,0.8391155,0.9238416,0.85118246,0.9110919,0.78982985,0.665568,0.9377577,0.8692867,0.80454725,0.84481186,0.73629695,0.9363179,0.89375955,0.54659015,0.9525141,0.7792441,0.7086287,0.88734597,0.8417522,0.8594724
1.0,0.20043778,0.02074656,0.20245679,0.15311581,0.2045069,0.3902076,-0.040665504,-0.15133487,-0.21640193,-0.22531086,0.27725005,-0.03569553,-0.11410242,-0.5286695,-0.0715737,0.21093245,-0.2720895,0.13559671,-0.17527659,0.17459588,0.8396273,0.92370206,0.85106313,0.9107218,0.78985846,0.66586393,0.9377594,0.86933327,0.80507946,0.84516346,0.73631126,0.93643695,0.8934849,0.5470326,0.9522325,0.7796152,0.70888513,0.887704,0.84180903,0.8596998
0.0,0.2001482,0.020679006,0.20253801,0.15300587,0.20518537,0.38973695,-0.03985948,-0.15075019,-0.21652752,-0.22590268,0.27652282,-0.035805687,-0.115416765,-0.5281824,-0.07285101,0.21090716,-0.27167687,0.1366036,-0.17617626,0.1746051,0.83823603,0.9240842,0.8513904,0.91173,0.78978187,0.66506255,0.9377555,0.86920756,0.80363744,0.84420824,0.7362736,0.93611455,0.8942312,0.5458317,0.95299715,0.77861017,0.7081906,0.8867348,0.84165734,0.8590829
0.0,0.20037481,0.020731533,0.20247503,0.15309188,0.2046565,0.39010635,-0.040489316,-0.15120652,-0.21642965,-0.22544122,0.27709186,-0.0357199,-0.11439058,-0.5285636,-0.07185408,0.21092716,-0.27200046,0.13581748,-0.17547485,0.17459817,0.83932257,0.9237849,0.8511338,0.9109421,0.78984123,0.6656874,0.93775815,0.8693055,0.80476236,0.8449541,0.73630255,0.936366,0.8936484,0.54676896,0.9524001,0.7793939,0.70873225,0.88749063,0.84177476,0.85956424
1.0,0.20030251,0.020714516,0.20249553,0.1530644,0.20482665,0.38998905,-0.040287714,-0.15106004,-0.21646106,-0.22558972,0.27691007,-0.035747588,-0.114719644,-0.5284418,-0.072174065,0.21092092,-0.27189764,0.13606961,-0.17570056,0.17460054,0.8389745,0.9238802,0.8512155,0.9111941,0.7898219,0.6654866,0.93775713,0.8692739,0.80440086,0.8447149,0.73629296,0.93628514,0.8938351,0.5464682,0.9525917,0.7791421,0.7085581,0.8872475,0.8417365,0.85940975
0.0,0.20012036,0.020672766,0.20254566,0.15299547,0.20524976,0.38969183,-0.039782435,-0.15069462,-0.21653962,-0.22595894,0.27645326,-0.035816032,-0.11554226,-0.52813554,-0.07297262,0.21090479,-0.2716371,0.13669962,-0.1762616,0.17460597,0.8381031,0.92412096,0.8514219,0.91182667,0.78977466,0.6649863,0.9377553,0.8691957,0.8035003,0.844117,0.7362701,0.936084,0.8943025,0.54571694,0.9530701,0.77851456,0.70812476,0.88664293,0.8416431,0.8590241
1.0,0.20029953,0.02071382,0.20249656,0.15306342,0.20483412,0.38998467,-0.040279046,-0.15105386,-0.21646264,-0.22559622,0.2769028,-0.035748757,-0.11473389,-0.5284371,-0.07218775,0.2109209,-0.27189353,0.1360804,-0.17571034,0.17460077,0.8389595,0.9238842,0.85121876,0.9112048,0.78982097,0.66547775,0.937757,0.8692725,0.80438524,0.84470457,0.73629236,0.9362818,0.89384305,0.546455,0.9525999,0.7791311,0.7085505,0.8872372,0.84173465,0.859403
0.0,0.20023113,0.020697953,0.20251577,0.15303755,0.20499405,0.38987342,-0.040088832,-0.15091604,-0.21649238,-0.22573578,0.27673095,-0.035774693,-0.11504397,-0.5283221,-0.072488934,0.21091503,-0.271796,0.13631794,-0.17592235,0.1746029,0.8386312,0.9239745,0.85129607,0.9114429,0.78980297,0.6652887,0.93775606,0.8692429,0.80404526,0.8444792,0.73628354,0.9362058,0.89401907,0.5461718,0.95278025,0.77889407,0.7083868,0.8870088,0.841699,0.8592576
0.0,0.20018876,0.020688249,0.20252721,0.1530214,0.20509215,0.389804,-0.03997148,-0.15083112,-0.21651042,-0.22582138,0.27662474,-0.035790578,-0.11523484,-0.5282508,-0.07267432,0.21091099,-0.27173525,0.1364642,-0.17605253,0.17460409,0.83842903,0.92403054,0.85134417,0.9115897,0.78979206,0.6651728,0.93775576,0.8692248,0.8038364,0.84434044,0.7362784,0.93615896,0.8941277,0.5459976,0.95289135,0.7787486,0.7082862,0.8868685,0.8416774,0.8591681
0.0,0.20033804,0.020722838,0.20248574,0.15307802,0.20474379,0.39004713,-0.040386237,-0.15113167,-0.21644601,-0.22551748,0.27699947,-0.035734057,-0.11455913,-0.52850187,-0.07201777,0.2109244,-0.27194834,0.13594648,-0.1755906,0.17459951,0.8391446,0.9238335,0.8511752,0.9110709,0.78983104,0.6655843,0.9377575,0.8692894,0.8045772,0.8448316,0.7362974,0.9363247,0.8937439,0.5466148,0.9524982,0.77926487,0.70864296,0.8873662,0.84175485,0.85948515
1.0,0.20034221,0.020723796,0.20248458,0.15307957,0.20473388,0.3900538,-0.040397875,-0.15114018,-0.21644413,-0.22550875,0.2770098,-0.03573247,-0.11454004,-0.5285089,-0.07199923,0.21092469,-0.27195412,0.13593185,-0.17557748,0.17459935,0.8391648,0.923828,0.8511706,0.9110563,0.7898322,0.66559607,0.93775755,0.8692911,0.8045981,0.8448455,0.73629797,0.9363294,0.8937329,0.5466323,0.952487,0.7792794,0.7086531,0.88738036,0.8417572,0.8594941
0.0,0.20034197,0.020723773,0.20248425,0.15307927,0.20473345,0.3900527,-0.040398046,-0.15114002,-0.21644363,-0.22550833,0.27700913,-0.035732485,-0.114539444,-0.52850807,-0.071999095,0.21092403,-0.27195346,0.13593172,-0.17557697,0.17459911,0.839165,0.9238282,0.8511709,0.9110563,0.78983265,0.66559666,0.9377578,0.8692911,0.80459857,0.84484583,0.7362984,0.9363293,0.893733,0.546633,0.952487,0.77928,0.7086535,0.8873805,0.8417577,0.8594943
0.0,0.20028839,0.02071119,0.20249945,0.15305904,0.20485984,0.389966,-0.04024829,-0.15103139,-0.21646711,-0.22561857,0.27687436,-0.035753,-0.1147839,-0.52841806,-0.07223654,0.2109196,-0.27187732,0.13611886,-0.17574449,0.17460093,0.8389064,0.923899,0.8512315,0.9112435,0.7898181,0.6654474,0.937757,0.8692677,0.8043303,0.8446681,0.7362912,0.93626934,0.89387167,0.5464096,0.9526291,0.779093,0.70852417,0.8872001,0.84172916,0.8593796
0.0,0.20032337,0.020719403,0.20248972,0.15307227,0.20477769,0.3900229,-0.040345818,-0.15110226,-0.216452,-0.22554693,0.27696252,-0.03573963,-0.11462474,-0.5284771,-0.07208183,0.21092278,-0.27192733,0.13599691,-0.17563553,0.17459986,0.8390749,0.92385274,0.8511918,0.91112137,0.7898274,0.66554445,0.9377574,0.86928296,0.804505,0.8447839,0.7362957,0.93630844,0.89378124,0.546555,0.95253646,0.7792147,0.7086083,0.8873176,0.8417475,0.8594543
0.0,0.20036674,0.0207296,0.20247748,0.15308884,0.20467599,0.3900934,-0.040466443,-0.15118992,-0.21643338,-0.2254583,0.27707148,-0.035723053,-0.11442812,-0.52855015,-0.071890436,0.21092671,-0.27198905,0.13584615,-0.17550065,0.17459852,0.83928305,0.92379564,0.8511429,0.9109706,0.78983885,0.6656644,0.9377579,0.8693019,0.8047211,0.8449268,0.73630136,0.9363569,0.8936695,0.54673463,0.95242196,0.7793652,0.7087123,0.887463,0.8417703,0.8595466
1.0,0.20026857,0.020706618,0.2025053,0.15305167,0.2049068,0.3899345,-0.04019276,-0.15099132,-0.21647611,-0.22565961,0.27682495,-0.035760514,-0.11487463,-0.52838504,-0.07232445,0.21091835,-0.27184945,0.1361882,-0.1758067,0.17460173,0.83881056,0.92392516,0.8512536,0.91131276,0.7898127,0.66539186,0.93775654,0.8692591,0.80423087,0.8446022,0.73628837,0.9362473,0.8939229,0.5463266,0.95268166,0.7790234,0.70847607,0.8871334,0.8417184,0.85933703
1.0,0.20041037,0.020740015,0.20246464,0.15310529,0.20457177,0.39016333,-0.04058905,-0.15127902,-0.21641377,-0.22536734,0.27718115,-0.03570612,-0.11422743,-0.5286232,-0.07169552,0.21092995,-0.27205068,0.13569257,-0.1753626,0.17459679,0.83949506,0.9237382,0.85109395,0.91081744,0.78985107,0.6657875,0.937759,0.86932117,0.8049417,0.8450725,0.73630756,0.93640614,0.893556,0.54691815,0.95230544,0.7795194,0.70881885,0.8876112,0.8417944,0.85964096
0.0,0.20018741,0.020687943,0.20252757,0.15302092,0.20509541,0.38980186,-0.03996765,-0.15082836,-0.2165111,-0.22582427,0.2766214,-0.035791084,-0.11524123,-0.52824867,-0.07268045,0.21091115,-0.2717334,0.13646899,-0.17605686,0.17460418,0.83842236,0.9240324,0.85134566,0.91159457,0.78979164,0.6651689,0.93775564,0.86922425,0.8038295,0.84433585,0.7362781,0.9361576,0.89413124,0.5459917,0.952895,0.77874374,0.70828295,0.8868638,0.84167665,0.8591651
0.0,0.20030442,0.020714933,0.2024951,0.1530652,0.20482258,0.3899923,-0.04029265,-0.15106365,-0.21646047,-0.22558624,0.27691483,-0.03574689,-0.11471164,-0.52844524,-0.0721662,0.21092127,-0.2719004,0.13606341,-0.17569514,0.17460053,0.83898294,0.92387784,0.8512133,0.9111878,0.7898222,0.6654912,0.93775713,0.86927474,0.8044095,0.84472066,0.7362931,0.9362871,0.89383054,0.54647547,0.95258695,0.7791481,0.70856225,0.88725346,0.8417373,0.8594134
1.0,0.20031965,0.020718528,0.20249063,0.15307087,0.20478645,0.390017,-0.040335406,-0.15109462,-0.21645361,-0.22555456,0.27695304,-0.03574107,-0.11464183,-0.5284708,-0.072098404,0.21092248,-0.27192202,0.13600996,-0.17564724,0.17459998,0.8390568,0.9238576,0.851196,0.9111345,0.7898263,0.66553396,0.9377574,0.86928135,0.8044863,0.8447714,0.7362952,0.9363043,0.89379096,0.54653937,0.95254636,0.7792016,0.7085992,0.887305,0.84174556,0.8594462
0.0,0.20039833,0.02073712,0.20246819,0.15310079,0.2046005,0.39014393,-0.04055517,-0.15125443,-0.21641913,-0.2253924,0.2771508,-0.035710804,-0.11428283,-0.5286031,-0.07174934,0.21092898,-0.27203357,0.13573495,-0.1754007,0.17459723,0.8394366,0.923754,0.8511075,0.9108597,0.7898478,0.66575354,0.93775874,0.8693158,0.80488086,0.84503233,0.73630595,0.93639255,0.89358735,0.5468676,0.9523375,0.77947664,0.70878947,0.8875704,0.8417877,0.85961497
0.0,0.20019585,0.02068988,0.20252553,0.15302423,0.20507637,0.3898161,-0.039990745,-0.15084514,-0.21650773,-0.22580767,0.27664256,-0.035787933,-0.11520383,-0.528263,-0.07264406,0.21091221,-0.27174568,0.13644028,-0.17603152,0.17460407,0.838462,0.9240212,0.851336,0.91156566,0.78979355,0.66519135,0.93775564,0.8692278,0.8038703,0.844363,0.73627895,0.9361667,0.89410985,0.5460258,0.9528731,0.77877206,0.7083025,0.88689137,0.84168065,0.85918254
1.0,0.20039773,0.02073696,0.20246834,0.15310052,0.20460199,0.39014313,-0.040553536,-0.15125324,-0.21641943,-0.22539368,0.27714926,-0.035711057,-0.11428559,-0.5286019,-0.07175203,0.21092893,-0.27203277,0.13573712,-0.17540264,0.17459728,0.83943367,0.92375475,0.85110813,0.91086185,0.78984743,0.6657519,0.93775874,0.8693156,0.80487776,0.8450303,0.73630583,0.93639183,0.8935889,0.5468651,0.9523392,0.7794745,0.708788,0.88756824,0.84178734,0.85961366
1.0,0.20037848,0.020732408,0.20247419,0.15309334,0.20464838,0.39011255,-0.040499114,-0.15121378,-0.21642834,-0.22543424,0.27710098,-0.035718527,-0.11437473,-0.5285702,-0.07183849,0.21092778,-0.2720058,0.13580523,-0.17546408,0.17459816,0.8393396,0.9237802,0.85112965,0.9109297,0.78984195,0.6656969,0.93775815,0.86930704,0.8047798,0.8449656,0.7363028,0.9363701,0.89363915,0.5467834,0.9523908,0.7794059,0.7087405,0.88750255,0.84177643,0.85957164
0.0,0.20046425,0.020752942,0.20244879,0.1531257,0.20444305,0.3902496,-0.0407402,-0.15138927,-0.2163899,-0.22525516,0.27731657,-0.035685174,-0.11397982,-0.5287138,-0.07145461,0.21093412,-0.27212667,0.13550295,-0.17519198,0.17459475,0.83975667,0.92366725,0.85103357,0.9106286,0.7898661,0.66593933,0.9377601,0.86934507,0.8052146,0.84525245,0.73631537,0.93646705,0.8934156,0.5471448,0.9521613,0.7797096,0.70895034,0.8877948,0.841824,0.8597575
0.0,0.20030203,0.020714393,0.20249581,0.15306428,0.20482811,0.38998878,-0.04028617,-0.15105897,-0.21646142,-0.22559091,0.276909,-0.03574778,-0.11472227,-0.5284412,-0.07217649,0.21092111,-0.27189705,0.13607156,-0.1757024,0.17460066,0.83897173,0.92388105,0.851216,0.91119605,0.7898216,0.66548485,0.937757,0.8692737,0.80439794,0.84471303,0.7362927,0.93628454,0.8938365,0.5464657,0.95259315,0.77914,0.7085568,0.8872457,0.8417361,0.85940856
0.0,0.20036077,0.020728199,0.20247886,0.15308651,0.20468946,0.39008343,-0.040450085,-0.151178,-0.21643567,-0.2254701,0.27705634,-0.03572531,-0.11445452,-0.5285399,-0.071916305,0.21092583,-0.27198032,0.13586643,-0.17551868,0.17459857,0.83925486,0.92380345,0.8511497,0.91099095,0.7898375,0.6656485,0.937758,0.86929935,0.80469203,0.8449076,0.7363008,0.93635035,0.8936847,0.54671055,0.95243746,0.7793451,0.70869845,0.88744336,0.84176743,0.8595343
0.0,0.20039499,0.02073632,0.20246923,0.1530996,0.20460884,0.3901389,-0.040545493,-0.15124747,-0.21642092,-0.2253997,0.27714252,-0.035712115,-0.11429867,-0.5285977,-0.07176466,0.21092893,-0.27202907,0.13574703,-0.17541173,0.17459752,0.8394199,0.92375845,0.8511112,0.91087174,0.7898466,0.66574365,0.9377585,0.86931425,0.80486345,0.8450209,0.73630524,0.93638873,0.89359623,0.546853,0.95234674,0.7794644,0.70878094,0.8875587,0.8417856,0.85960746
1.0,0.20040801,0.020739416,0.20246539,0.15310454,0.20457767,0.39015976,-0.040582176,-0.15127411,-0.21641499,-0.2253725,0.27717513,-0.0357071,-0.11423868,-0.52861947,-0.07170636,0.21092992,-0.2720475,0.13570116,-0.17537047,0.17459694,0.83948314,0.9237412,0.8510966,0.9108259,0.7898503,0.66578037,0.93775886,0.86932015,0.80492944,0.8450644,0.73630714,0.9364034,0.8935622,0.5469079,0.9523118,0.7795105,0.7088128,0.88760304,0.8417928,0.85963565
0.0,0.20033592,0.020722331,0.2024861,0.15307713,0.20474818,0.3900433,-0.040380776,-0.15112759,-0.21644649,-0.22552118,0.27699393,-0.035734814,-0.11456779,-0.52849805,-0.07202645,0.21092384,-0.27194506,0.13595326,-0.17559646,0.1745994,0.83913517,0.92383623,0.85117775,0.9110777,0.7898308,0.66557926,0.93775755,0.8692885,0.8045675,0.8448252,0.73629737,0.9363224,0.89374894,0.546607,0.9525033,0.77925825,0.7086384,0.88735956,0.8417542,0.85948104
1.0,0.20040405,0.0207385,0.20246653,0.153103,0.20458718,0.39015332,-0.040571,-0.15126604,-0.2164168,-0.22538084,0.27716535,-0.035708632,-0.11425693,-0.52861285,-0.071724154,0.21092954,-0.2720418,0.13571511,-0.17538305,0.17459713,0.8394639,0.9237464,0.851101,0.9108399,0.78984916,0.6657692,0.93775874,0.86931825,0.8049093,0.84505117,0.73630655,0.93639886,0.89357257,0.54689115,0.9523224,0.77949643,0.7088031,0.88758945,0.8417906,0.859627
0.0,0.20030338,0.02071471,0.20249534,0.15306476,0.20482472,0.38999066,-0.04029011,-0.15106177,-0.21646065,-0.22558796,0.2769124,-0.035747252,-0.114715755,-0.52844346,-0.072170235,0.21092102,-0.27189893,0.13606659,-0.17569791,0.17460053,0.8389786,0.9238791,0.85121435,0.9111911,0.78982216,0.66548884,0.93775713,0.86927426,0.80440503,0.84471774,0.7362931,0.9362862,0.893833,0.5464718,0.9525894,0.779145,0.70856017,0.8872504,0.841737,0.85941154
1.0,0.20035642,0.020727193,0.2024806,0.15308505,0.20470056,0.39007714,-0.04043755,-0.151169,-0.21643811,-0.22547972,0.27704567,-0.03572701,-0.114475414,-0.5285331,-0.071936324,0.21092615,-0.27197465,0.13588232,-0.17553324,0.17459895,0.83923316,0.9238092,0.8511544,0.9110067,0.7898358,0.66563547,0.9377577,0.8692974,0.80466914,0.8448925,0.7362998,0.93634534,0.8936962,0.54669124,0.95244944,0.7793289,0.7086871,0.88742805,0.8417645,0.85952437
0.0,0.20026597,0.020705981,0.20250592,0.15305069,0.20491257,0.38993016,-0.040185764,-0.15098616,-0.21647713,-0.2256647,0.2768185,-0.03576152,-0.114886,-0.52838063,-0.07233559,0.21091801,-0.27184564,0.13619696,-0.17581443,0.17460181,0.83879846,0.92392856,0.85125667,0.91132164,0.78981197,0.66538495,0.93775654,0.86925805,0.80421835,0.844594,0.736288,0.9362444,0.8939295,0.5463161,0.9526883,0.77901477,0.70847017,0.887125,0.8417171,0.8593316
1.0,0.2002891,0.020711375,0.20249933,0.15305936,0.20485835,0.38996738,-0.04025016,-0.15103282,-0.216467,-0.22561732,0.2768764,-0.035752706,-0.11478096,-0.5284194,-0.07223358,0.21091983,-0.2718785,0.13611653,-0.17574255,0.174601,0.83890957,0.923898,0.8512306,0.9112411,0.7898182,0.66544914,0.9377569,0.86926806,0.8043335,0.8446704,0.7362911,0.9362702,0.8938699,0.5464121,0.95262736,0.7790952,0.7085257,0.8872024,0.8417294,0.859381
0.0,0.20032614,0.02072003,0.20248884,0.15307328,0.2047709,0.3900272,-0.040353633,-0.15110788,-0.21645063,-0.22554103,0.27696925,-0.035738528,-0.114611894,-0.5284814,-0.07206942,0.2109228,-0.27193105,0.13598712,-0.17562668,0.17459968,0.83908844,0.92384905,0.85118884,0.9111116,0.7898283,0.66555244,0.9377575,0.8692843,0.804519,0.8447932,0.73629624,0.93631154,0.89377415,0.5465667,0.95252913,0.7792246,0.7086152,0.887327,0.8417492,0.85946035
0.0,0.20026356,0.020705419,0.2025067,0.15304983,0.20491849,0.3899262,-0.040178835,-0.15098125,-0.21647832,-0.22566983,0.27681237,-0.03576243,-0.114897296,-0.52837664,-0.0723465,0.21091798,-0.2718423,0.13620554,-0.17582221,0.17460193,0.8387864,0.92393166,0.85125935,0.91133016,0.78981125,0.665378,0.9377564,0.8692569,0.80420595,0.84458584,0.73628765,0.9362418,0.8939358,0.5463058,0.95269495,0.779006,0.70846415,0.8871167,0.84171575,0.8593263
0.0,0.20021862,0.020695066,0.20251903,0.15303263,0.20502283,0.38985264,-0.04005421,-0.15089089,-0.21649745,-0.22576088,0.27669942,-0.03577936,-0.11510019,-0.5283008,-0.072543666,0.21091366,-0.27177784,0.13636106,-0.17596065,0.17460312,0.83857167,0.92399114,0.8513104,0.9114862,0.7897998,0.66525465,0.93775606,0.8692377,0.8039837,0.8444384,0.7362821,0.936192,0.8940512,0.5461207,0.952813,0.7788513,0.7083573,0.88696736,0.84169286,0.8592313
0.0,0.2002505,0.02070245,0.20251009,0.1530447,0.20494823,0.38990456,-0.040143155,-0.15095524,-0.2164836,-0.22569573,0.27677965,-0.035767302,-0.11495523,-0.5283545,-0.07240298,0.21091643,-0.27182347,0.13625011,-0.17586169,0.17460214,0.8387251,0.9239489,0.8512741,0.9113749,0.7898083,0.66534287,0.9377564,0.8692514,0.8041425,0.84454364,0.7362862,0.9362275,0.89396906,0.546253,0.9527288,0.77896196,0.70843375,0.88707393,0.8417094,0.85929924
0.0,0.20034355,0.020724142,0.20248379,0.15307993,0.20472986,0.39005524,-0.040402263,-0.15114316,-0.21644291,-0.22550511,0.27701312,-0.03573189,-0.114532486,-0.5285107,-0.07199223,0.21092431,-0.27195576,0.1359263,-0.1755722,0.17459907,0.8391724,0.92382616,0.8511693,0.91105086,0.78983295,0.66560096,0.9377578,0.86929184,0.80460626,0.84485084,0.7362985,0.93633103,0.8937291,0.54663926,0.9524828,0.77928543,0.7086572,0.8873856,0.8417585,0.8594976
1.0,0.20033088,0.02072118,0.2024875,0.15307513,0.20475999,0.39003503,-0.04036673,-0.15111741,-0.21644866,-0.22553152,0.27698135,-0.035736747,-0.11459057,-0.52848953,-0.07204867,0.21092333,-0.27193788,0.1359708,-0.17561217,0.17459956,0.839111,0.92384285,0.85118335,0.9110952,0.78982955,0.66556525,0.93775755,0.86928624,0.8045424,0.84480864,0.7362967,0.93631685,0.893762,0.5465861,0.9525167,0.7792408,0.7086264,0.88734275,0.8417515,0.8594703
1.0,0.2003004,0.020714005,0.20249602,0.15306354,0.20483154,0.38998562,-0.040281914,-0.15105577,-0.21646187,-0.22559392,0.2769047,-0.0357484,-0.11472906,-0.5284382,-0.072183274,0.21092063,-0.27189445,0.13607688,-0.17570695,0.17460051,0.8389645,0.9238831,0.85121787,0.91120136,0.7898214,0.66548085,0.93775713,0.86927307,0.8043905,0.8447081,0.7362927,0.9362828,0.8938407,0.5464596,0.9525972,0.7791349,0.70855325,0.8872405,0.84173554,0.85940534
0.0,0.20035985,0.020727983,0.20247929,0.15308622,0.20469204,0.39008185,-0.040447276,-0.15117598,-0.2164362,-0.2254723,0.277054,-0.035725668,-0.11445914,-0.52853835,-0.0719208,0.21092589,-0.27197912,0.13587007,-0.17552195,0.17459862,0.8392501,0.9238047,0.8511507,0.9109945,0.7898372,0.6656455,0.9377579,0.8692988,0.80468696,0.8449042,0.7363005,0.93634915,0.8936873,0.5467063,0.95244014,0.7793414,0.70869595,0.88743985,0.8417668,0.8595321
0.0,0.20031312,0.020717015,0.20249255,0.15306833,0.20480174,0.3900063,-0.040317196,-0.15108144,-0.21645641,-0.22556797,0.2769367,-0.03574355,-0.11467141,-0.52845967,-0.072127216,0.21092184,-0.27191263,0.13603269,-0.17566751,0.17460015,0.83902544,0.9238663,0.85120344,0.91115713,0.7898248,0.66551596,0.93775725,0.8692785,0.8044537,0.8447499,0.7362944,0.93629706,0.8938079,0.54651225,0.9525637,0.77917904,0.70858365,0.8872831,0.8417422,0.8594324
0.0,0.20043719,0.020746442,0.20245674,0.15311548,0.20450792,0.39020637,-0.04066412,-0.15133378,-0.216402,-0.22531167,0.2772485,-0.035695743,-0.114104524,-0.5286684,-0.071575895,0.21093205,-0.27208853,0.13559838,-0.17527801,0.17459582,0.839625,0.9237028,0.8510638,0.9107236,0.78985846,0.6658628,0.9377595,0.869333,0.80507725,0.845162,0.7363114,0.93643636,0.89348626,0.54703075,0.95223385,0.77961355,0.7088841,0.88770235,0.84180903,0.8596988
1.0,0.2004272,0.020744013,0.20245962,0.1531116,0.2045313,0.39018998,-0.040636417,-0.15131354,-0.21640608,-0.22533196,0.2772233,-0.03569955,-0.114149705,-0.52865136,-0.07161998,0.21093103,-0.27207425,0.13563316,-0.175309,0.17459606,0.8395772,0.92371595,0.8510751,0.9107583,0.789856,0.66583514,0.9377594,0.86932874,0.80502737,0.8451291,0.73631024,0.9364252,0.89351207,0.5469895,0.95226026,0.7795789,0.7088602,0.88766885,0.8418038,0.85967755
1.0,0.200382,0.020733232,0.20247301,0.15309465,0.20463982,0.39011785,-0.040509015,-0.15122096,-0.21642661,-0.22542676,0.27710974,-0.035717167,-0.114358455,-0.5285759,-0.071822695,0.2109279,-0.27201056,0.1357928,-0.17545284,0.17459796,0.8393568,0.9237756,0.85112584,0.91091734,0.789843,0.66570705,0.93775827,0.8693086,0.80479777,0.8449774,0.7363035,0.93637395,0.89363,0.54679835,0.9523814,0.77941865,0.70874923,0.88751453,0.8417785,0.8595794
0.0,0.20032468,0.020719675,0.2024896,0.15307301,0.20477554,0.39002576,-0.0403487,-0.15110448,-0.21645194,-0.22554517,0.27696586,-0.035739206,-0.11462037,-0.5284794,-0.072077304,0.2109233,-0.2719294,0.13599335,-0.17563267,0.17460005,0.83907974,0.92385113,0.8511904,0.9111176,0.78982735,0.6655468,0.93775725,0.8692835,0.8045099,0.84478706,0.7362955,0.9363097,0.89377844,0.5465588,0.95253366,0.77921784,0.7086104,0.88732094,0.8417475,0.8594563
1.0,0.20027706,0.020708581,0.20250238,0.15305471,0.20488577,0.38994732,-0.04021721,-0.15100881,-0.21647173,-0.22564119,0.276846,-0.03575723,-0.11483432,-0.5283987,-0.07228574,0.21091838,-0.27186108,0.13615765,-0.17577899,0.17460115,0.8388528,0.9239139,0.8512443,0.9112823,0.7898155,0.6654168,0.9377569,0.86926293,0.8042748,0.8446315,0.73628986,0.9362569,0.8939005,0.5463635,0.95265865,0.7790544,0.70849764,0.88716286,0.8417236,0.8593559
1.0,0.2003822,0.02073328,0.2024728,0.15309468,0.20463881,0.39011806,-0.040510017,-0.15122159,-0.21642628,-0.22542587,0.27711028,-0.03571704,-0.11435665,-0.528576,-0.07182115,0.21092777,-0.27201077,0.13579151,-0.17545149,0.17459783,0.8393585,0.92377526,0.8511256,0.9109161,0.7898432,0.66570824,0.9377584,0.8693087,0.8047996,0.84497875,0.7363037,0.9363743,0.89362913,0.5468,0.9523805,0.77942,0.7087503,0.88751566,0.84177893,0.85958016
0.0,0.20038944,0.02073502,0.202471,0.15309751,0.2046224,0.39013016,-0.04052975,-0.15123609,-0.21642357,-0.22541165,0.2771287,-0.0357143,-0.1143246,-0.52858853,-0.071789734,0.21092868,-0.2720213,0.1357668,-0.1754296,0.17459777,0.8393926,0.9237658,0.85111725,0.9108914,0.78984493,0.6657277,0.9377584,0.8693119,0.8048349,0.84500206,0.7363043,0.9363824,0.8936108,0.5468291,0.9523616,0.7794444,0.7087671,0.88753957,0.84178233,0.8595952
1.0,0.20046961,0.020754235,0.20244741,0.15312791,0.20443083,0.39025882,-0.040754907,-0.15140009,-0.2163879,-0.22524449,0.27733022,-0.035683114,-0.113956094,-0.52872336,-0.07143128,0.21093498,-0.27213457,0.13548468,-0.17517571,0.1745947,0.839782,0.92366016,0.85102737,0.9106102,0.7898673,0.66595376,0.9377601,0.8693475,0.8052408,0.8452698,0.73631585,0.9364731,0.893402,0.5471664,0.9521473,0.7797276,0.7089629,0.8878125,0.8418265,0.8597686
0.0,0.2003955,0.020736458,0.20246893,0.15309966,0.20460722,0.39013943,-0.040547248,-0.15124868,-0.21642035,-0.22539833,0.27714366,-0.035711892,-0.11429572,-0.5285982,-0.07176192,0.21092872,-0.27202955,0.13574488,-0.1754096,0.17459735,0.8394228,0.92375773,0.85111064,0.9108696,0.78984696,0.66574556,0.9377586,0.8693146,0.8048667,0.845023,0.73630553,0.9363893,0.8935946,0.5468558,0.9523451,0.77946675,0.7087827,0.8875607,0.84178615,0.8596089
1.0,0.20035344,0.02072647,0.20248099,0.15308374,0.20470664,0.39007148,-0.040429857,-0.15116328,-0.21643886,-0.22548497,0.2770381,-0.035728082,-0.114487484,-0.5285277,-0.07194847,0.21092524,-0.27197003,0.13589181,-0.17554142,0.17459883,0.83922005,0.9238131,0.8511579,0.91101635,0.7898355,0.66562825,0.9377579,0.86929613,0.8046557,0.8448836,0.7362998,0.9363421,0.8937034,0.54668033,0.95245665,0.7793197,0.708681,0.88741887,0.8417636,0.8595187
1.0,0.2003209,0.020718785,0.20249024,0.15307128,0.20478337,0.39001855,-0.040338963,-0.1510972,-0.21645293,-0.22555193,0.27695608,-0.03574058,-0.114635885,-0.52847254,-0.07209274,0.21092238,-0.27192357,0.13600549,-0.1756431,0.17459984,0.839063,0.9238561,0.8511948,0.91113,0.7898269,0.6655377,0.9377575,0.86928195,0.8044927,0.8447758,0.7362955,0.9363057,0.8937878,0.5465448,0.95254296,0.77920616,0.7086024,0.88730925,0.84174633,0.8594491
1.0,0.20038754,0.020734528,0.20247166,0.1530968,0.20462686,0.39012715,-0.04052446,-0.15123223,-0.21642435,-0.22541553,0.27712375,-0.035715006,-0.11433332,-0.52858526,-0.07179821,0.21092844,-0.2720186,0.13577354,-0.17543557,0.17459786,0.8393834,0.9237683,0.8511196,0.91089803,0.7898444,0.6657223,0.93775827,0.86931103,0.80482537,0.84499574,0.7363041,0.9363802,0.8936156,0.54682124,0.9523667,0.7794379,0.70876247,0.88753307,0.8417813,0.8595911
0.0,0.2003819,0.020733202,0.20247327,0.15309477,0.20464052,0.39011836,-0.040508524,-0.15122068,-0.216427,-0.22542736,0.27710962,-0.035717223,-0.11435941,-0.5285759,-0.07182355,0.21092826,-0.27201074,0.13579348,-0.17545362,0.17459814,0.83935577,0.92377573,0.85112584,0.91091794,0.78984267,0.6657063,0.93775815,0.8693085,0.8047967,0.8449767,0.73630327,0.93637383,0.8936304,0.5467972,0.95238185,0.7794177,0.7087485,0.8875139,0.84177816,0.85957885
0.0,0.2002643,0.020705583,0.2025059,0.15304968,0.20491543,0.38992625,-0.040181823,-0.15098307,-0.21647716,-0.22566709,0.27681386,-0.035762087,-0.114892006,-0.52837706,-0.0723418,0.21091717,-0.27184272,0.13620186,-0.17581834,0.17460153,0.83879167,0.92393076,0.8512588,0.91132665,0.7898122,0.6653817,0.9377568,0.8692574,0.8042116,0.84458953,0.73628837,0.9362427,0.8939333,0.5463109,0.95269215,0.7790105,0.70846725,0.8871203,0.8417171,0.85932887
1.0,0.20043895,0.020746866,0.20245641,0.15311635,0.204504,0.39020967,-0.040668912,-0.15133739,-0.21640146,-0.22530824,0.27725315,-0.035695035,-0.114096776,-0.52867144,-0.07156827,0.21093246,-0.27209127,0.13559239,-0.17527273,0.17459586,0.83963335,0.92370045,0.8510617,0.9107176,0.7898588,0.6658673,0.9377594,0.86933386,0.80508566,0.8451675,0.73631144,0.9364383,0.89348173,0.5470377,0.9522292,0.77961946,0.7088881,0.8877082,0.8418097,0.8597024
0.0,0.20040205,0.020738,0.20246677,0.15310195,0.20459114,0.39014924,-0.04056593,-0.15126213,-0.2164172,-0.2253842,0.27716,-0.03570933,-0.114265025,-0.5286089,-0.07173225,0.21092895,-0.27203855,0.13572153,-0.17538841,0.17459695,0.8394552,0.92374915,0.85110337,0.91084635,0.78984916,0.66576463,0.937759,0.8693176,0.80490035,0.84504527,0.73630667,0.9363967,0.8935775,0.54688394,0.95232743,0.77949053,0.708799,0.88758326,0.8417901,0.85962325
0.0,0.20040193,0.020737955,0.20246704,0.15310213,0.20459187,0.39014968,-0.04056535,-0.15126187,-0.21641749,-0.22538483,0.27715987,-0.035709407,-0.11426613,-0.52860916,-0.07173313,0.21092921,-0.2720387,0.13572219,-0.17538925,0.17459708,0.8394542,0.92374927,0.8511035,0.91084707,0.7898488,0.66576374,0.93775886,0.8693175,0.8048993,0.8450445,0.7363064,0.9363966,0.893578,0.54688287,0.95232785,0.7794896,0.7087983,0.8875826,0.8417898,0.8596227
0.0,0.2002829,0.02070993,0.20250118,0.15305707,0.20487301,0.38995758,-0.040232833,-0.15102026,-0.21646973,-0.22563016,0.27686083,-0.035755064,-0.114809334,-0.5284091,-0.0722611,0.21091945,-0.27186975,0.13613823,-0.17576198,0.17460124,0.83887964,0.92390627,0.85123754,0.9112627,0.7898165,0.66543174,0.9377568,0.8692654,0.8043025,0.8446497,0.7362903,0.9362632,0.89388597,0.54638624,0.95264375,0.7790735,0.7085107,0.88718146,0.841726,0.85936767
1.0,0.20042062,0.020742463,0.20246154,0.15310907,0.20454712,0.39017963,-0.040617898,-0.15130009,-0.21640915,-0.22534588,0.2772069,-0.035702158,-0.11418015,-0.5286405,-0.0716495,0.21093057,-0.27206507,0.13565637,-0.17533,0.17459638,0.8395451,0.92372465,0.8510825,0.9107814,0.78985405,0.6658165,0.9377592,0.8693257,0.8049939,0.84510696,0.7363091,0.9364178,0.8935292,0.54696155,0.95227784,0.7795557,0.70884407,0.88764626,0.84180003,0.8596633
0.0,0.20033038,0.020721024,0.20248732,0.15307492,0.20476058,0.39003384,-0.04036577,-0.15111656,-0.21644855,-0.22553203,0.27697998,-0.035736904,-0.11459206,-0.5284884,-0.07205021,0.210923,-0.271937,0.13597201,-0.17561297,0.17459944,0.8391093,0.92384344,0.851184,0.9110966,0.7898297,0.6655646,0.9377577,0.86928606,0.8045408,0.84480757,0.73629683,0.9363163,0.893763,0.54658496,0.9525176,0.77923983,0.7086257,0.8873416,0.8417517,0.85946965
1.0,0.20036674,0.02072961,0.20247743,0.15308893,0.20467569,0.39009348,-0.04046668,-0.15119013,-0.21643323,-0.22545803,0.27707165,-0.035723012,-0.11442758,-0.5285502,-0.07189002,0.21092665,-0.27198902,0.1358458,-0.17550027,0.17459847,0.8392836,0.9237956,0.8511429,0.9109703,0.78983885,0.66566473,0.937758,0.8693019,0.80472165,0.8449272,0.7363014,0.936357,0.89366925,0.54673505,0.9524216,0.7793656,0.7087126,0.88746333,0.8417704,0.8595468
0.0,0.2004315,0.02074506,0.20245878,0.1531134,0.20452185,0.39019766,-0.04064791,-0.15132208,-0.21640474,-0.22532395,0.27723438,-0.035697963,-0.11413117,-0.5286591,-0.07160174,0.2109319,-0.27208072,0.13561875,-0.17529641,0.17459615,0.8395969,0.9237103,0.85107005,0.9107438,0.78985655,0.6658462,0.9377592,0.8693305,0.8050477,0.84514254,0.7363104,0.9364299,0.8935012,0.54700613,0.9522492,0.7795931,0.7088699,0.8876827,0.8418055,0.8596862
1.0,0.20034894,0.02072536,0.20248218,0.15308195,0.2047172,0.390064,-0.04041718,-0.15115404,-0.2164407,-0.2254942,0.27702653,-0.035729825,-0.11450814,-0.5285198,-0.07196861,0.21092466,-0.27196342,0.13590766,-0.17555551,0.1745989,0.8391981,0.92381907,0.8511631,0.91103214,0.78983444,0.66561574,0.9377579,0.86929417,0.80463296,0.8448686,0.7362993,0.93633693,0.8937152,0.54666144,0.95246875,0.779304,0.70867,0.8874036,0.84176135,0.8595091
0.0,0.20027268,0.020707583,0.2025044,0.15305331,0.2048977,0.38994172,-0.04020389,-0.15099949,-0.21647474,-0.2256518,0.27683544,-0.03575901,-0.11485678,-0.5283923,-0.072306916,0.21091913,-0.27185553,0.13617438,-0.17579463,0.17460181,0.8388297,0.92391974,0.851249,0.9112988,0.78981334,0.66540253,0.9377564,0.8692609,0.80425054,0.8446153,0.73628855,0.9362518,0.89391255,0.54634273,0.9526712,0.77903694,0.7084854,0.8871468,0.8417201,0.8593453
0.0,0.20025057,0.020702457,0.20251039,0.15304488,0.20494887,0.38990542,-0.040142752,-0.15095508,-0.21648401,-0.22569641,0.2767799,-0.035767324,-0.114956245,-0.5283548,-0.07240368,0.21091688,-0.27182385,0.13625062,-0.1758625,0.17460236,0.8387242,0.9239489,0.85127395,0.91137534,0.78980786,0.6653421,0.9377562,0.8692514,0.8041414,0.844543,0.73628587,0.9362274,0.89396924,0.54625183,0.95272917,0.778961,0.70843303,0.88707334,0.84170896,0.8592987
1.0,0.2003305,0.02072108,0.20248759,0.15307504,0.2047609,0.39003444,-0.040365715,-0.15111664,-0.21644884,-0.22553235,0.27698034,-0.03573692,-0.1145923,-0.52848893,-0.07205033,0.21092331,-0.2719374,0.13597213,-0.1756133,0.17459959,0.8391092,0.9238433,0.8511838,0.9110966,0.7898293,0.6655642,0.93775755,0.86928606,0.8045406,0.8448073,0.73629665,0.93631643,0.8937629,0.5465844,0.9525176,0.77923954,0.7086255,0.8873415,0.8417513,0.85946953
