label,mu_1,mu_2,mu_3,mu_4,mu_5,mu_6,mu_7,mu_8,mu_9,mu_10,mu_11,mu_12,mu_13,mu_14,mu_15,mu_16,mu_17,mu_18,mu_19,mu_20,var_1,var_2,var_3,var_4,var_5,var_6,var_7,var_8,var_9,var_10,var_11,var_12,var_13,var_14,var_15,var_16,var_17,var_18,var_19,var_20
1.0,-0.002477441,0.0020540655,0.00084086135,-0.0011444725,-0.00119856,0.0022362955,0.00038001314,0.0010730214,-0.0013747402,0.0018998329,-0.0022350363,0.00012684427,-0.003162168,0.000100143254,-0.0008856002,-0.0016959384,0.0018034428,9.729341e-05,0.0004397072,-0.000110037625,0.9945228,0.99743223,0.99590504,0.9970371,0.9996772,0.9975503,0.9981014,0.9954282,0.9959053,0.99902296,0.9989971,0.9957948,0.99486846,0.99670684,0.9957275,0.9983744,0.9943919,0.9952896,0.9959328,0.9968155
0.0,0.0011175759,0.0010261685,-0.00011884421,-0.00028183684,0.0011748951,-0.0013479218,0.00060672313,0.0014205044,0.0013239495,0.0018449314,0.00012147799,0.00049303845,-0.0013038963,0.00023142993,-0.0009917468,-0.0009937286,0.00043274462,0.0006560385,0.0005282052,0.00026594847,0.99510294,0.9968387,0.9970245,0.9959284,0.996616,0.9976482,0.99715996,0.99559677,0.9969446,0.9972507,0.999451,0.9965391,0.99674135,0.9963686,0.99663174,0.99836415,0.9964013,0.99707615,0.99653274,0.9983972
0.0,0.00026158988,0.0013609156,-2.7611852e-05,-0.00073290616,0.00035071932,-0.0010797568,0.0006853156,0.0016234014,0.00076448545,0.0018404089,-0.0003829226,0.00039663725,-0.0016563833,0.00032314286,-0.0007562265,-0.0010604709,0.0005802214,0.00066467375,0.0003303662,0.00012998655,0.9950639,0.9966744,0.99687797,0.99618584,0.99709624,0.99759233,0.9971885,0.9956279,0.99671847,0.99717534,0.9995493,0.9965633,0.99697226,0.9960092,0.9965275,0.99896425,0.9961699,0.9967071,0.99620503,0.99828887
0.0,-1.2263656e-05,0.00042575598,-0.00013265759,-0.0001527369,0.0023284703,-0.0030466542,0.0010075346,0.0016106702,0.002199065,0.0013240837,0.0006455332,0.00085322745,-0.0014018454,0.000681106,-0.00028558262,-0.00031742454,-0.0005335286,0.0013545025,2.6170164e-05,0.00017635152,0.99535507,0.9970965,0.99705994,0.99633336,0.9959412,0.99809045,0.9976078,0.9953509,0.99579656,0.9962802,1.0006772,0.99663836,0.997637,0.9955758,0.9973052,0.9986515,0.9974015,0.9973972,0.99771917,0.9979398
1.0,-0.0010964684,0.001427032,0.0011274554,-0.00042020157,0.00036000833,0.0034119673,-0.00019732863,0.00039523374,-0.00074991584,0.0019947924,-0.0018221438,0.00031834096,-0.0026661865,-0.00052556396,-0.0018747598,-0.0020894185,0.0021395124,-0.00060079247,0.0012617148,0.00038804114,0.994302,0.9980996,0.9957809,0.9967464,0.99919564,0.99770796,0.9979895,0.9951681,0.9964087,1.0002985,0.9983514,0.995381,0.9930984,0.9986305,0.99565053,0.99611706,0.99428755,0.99580836,0.9965952,0.99655974
0.0,0.0032844096,0.000297755,-0.00016949698,0.0003537871,0.0022977106,0.00021464936,9.30354e-05,0.001215783,0.0014279969,0.002474919,0.000864055,0.00091098435,-0.0005450584,-0.0005119927,-0.002093874,-0.0020155683,0.0007414967,-0.00034214556,0.0018336289,0.0010148585,0.99487156,0.99691,0.9973371,0.99538606,0.99626297,0.9974104,0.9963623,0.995655,0.998593,0.99926364,0.9982659,0.99592125,0.994401,0.99900043,0.9958994,0.99551576,0.99625057,0.99780595,0.9964996,0.9988751
0.0,0.0029208101,9.30503e-05,-0.00027079135,0.0007193461,0.0033139251,-0.0014984012,0.00035256147,0.0011294996,0.0025603734,0.002044009,0.0014337823,0.000979282,-0.00047148392,-0.0003004521,-0.0017314944,-0.0013046414,-0.00010057911,0.000292575,0.0013243333,0.00091206655,0.995028,0.9971872,0.99724686,0.9954986,0.99530786,0.9976656,0.99680096,0.99548554,0.99762917,0.99802876,0.9991216,0.9963073,0.99543655,0.99798673,0.996626,0.9961082,0.99707687,0.9981588,0.9974085,0.9986259
0.0,-0.0018978454,0.00061161816,-5.8155507e-05,-0.0007387474,0.0015924964,-0.0034748819,0.0013209544,0.0019967202,0.0016961582,0.0010023974,0.00019107386,0.00087827444,-0.001992952,0.0012227558,0.00059533864,-4.095584e-05,-0.00083436444,0.0017261133,-0.00045255572,-0.0001584664,0.9955992,0.9969176,0.9969785,0.99690247,0.9965478,0.9982867,0.9979552,0.99529976,0.9950116,0.9957091,1.0015234,0.9967144,0.9984184,0.9945579,0.99738485,0.99978125,0.99747163,0.9969741,0.99776095,0.9975367
0.0,-0.00021252781,0.0014343411,-1.1488795e-05,-0.0010694116,-0.0005569756,-0.00045061298,0.0006859489,0.0019119009,-0.00019465387,0.0019904245,-0.0008614175,0.0005031843,-0.0021131523,0.00018958747,-0.000640383,-0.0014913604,0.0011152066,0.0004011169,0.00027642027,0.000102967024,0.9949831,0.99648786,0.9966947,0.99636364,0.9978411,0.99736005,0.9969009,0.9956933,0.9969729,0.9978273,0.99928534,0.9966393,0.99651355,0.99633396,0.9959682,0.99910504,0.9956403,0.99633294,0.995462,0.9984852
0.0,-0.0013172142,0.00079058856,-4.9374998e-05,-0.0006564893,0.0015394967,-0.0031097177,0.0011723265,0.0018291464,0.0017511435,0.0011551138,0.00016477332,0.0007216986,-0.0017968602,0.0010483675,0.00025857612,-0.0001411736,-0.0006662272,0.0015670173,-0.0002864264,-7.625669e-05,0.995476,0.99690175,0.99699914,0.9967094,0.9964475,0.99817395,0.99786824,0.9953553,0.9953025,0.9958351,1.0011615,0.9966635,0.99824935,0.9947702,0.9973604,0.9995808,0.99734557,0.9969938,0.99761975,0.99764925
0.0,0.0016904771,0.00022922456,-0.00023466349,0.00032764673,0.0027046166,-0.002134947,0.0006291382,0.00138376,0.0021898188,0.0017576329,0.0010309406,0.0009463914,-0.0009875298,0.000114522874,-0.0010832567,-0.0009417534,-9.8235905e-05,0.00074115954,0.00070600584,0.0005510226,0.9951744,0.99710995,0.9971452,0.9958407,0.9957827,0.997795,0.9970845,0.9954375,0.99692845,0.9974036,0.9996942,0.9965341,0.9963322,0.9969602,0.99680835,0.9973141,0.99707425,0.9977267,0.9973015,0.9984249
0.0,0.0016666725,-0.00055932254,-0.00013304874,0.001271952,0.0051418412,-0.0028850697,0.0007028207,0.0013488354,0.0038031004,0.0017277375,0.0022184588,0.0015134383,-0.00043364614,1.7143786e-05,-0.0012301337,-0.00072143227,-0.0015141368,0.00078810565,0.0010290667,0.0010025576,0.99517465,0.997599,0.9971127,0.9960958,0.99427605,0.99817467,0.9973086,0.9950406,0.9963503,0.9973258,1.0002215,0.99632436,0.9958035,0.99758416,0.9973895,0.99565953,0.9982284,0.99875975,0.99914557,0.99791276
0.0,-0.0026192982,0.0022336543,0.0022626817,-0.0011393987,-0.0020825416,0.010478755,-0.002346594,-0.002974254,-0.0026946813,0.0006433986,-0.006050106,-0.0008330997,-0.002772987,0.00048964843,-0.0016448405,-0.0008809045,0.00627714,-0.002580082,0.00223732,-6.70664e-05,0.9943846,0.9993048,0.9955331,0.9978598,1.0050893,0.99933445,0.9996636,0.99513304,0.99702185,1.0027692,0.9992492,0.99358565,0.99118906,1.0013273,0.995366,0.9950034,0.9911905,0.99296236,0.99710447,0.99431646
0.0,-0.00048194453,0.0013065264,-4.9360096e-06,-0.0010311753,-0.0002151709,-0.0009565167,0.0007955171,0.0019431608,9.972975e-05,0.0018358584,-0.00068739057,0.0005651284,-0.0021158308,0.00034616888,-0.00046891347,-0.0012788624,0.0008122213,0.0006280504,0.00013897195,5.4106116e-05,0.9950708,0.9965583,0.9967205,0.99643534,0.9976114,0.9975027,0.9970585,0.9956171,0.996634,0.9974789,0.99961346,0.9966761,0.9968245,0.99602085,0.9962083,0.9992391,0.9959296,0.99644095,0.9958086,0.998325
0.0,0.0030422248,-0.000999093,-0.00028939173,0.0016025566,0.005586287,-0.0023964942,0.0004043281,0.0012311637,0.0037755556,0.0019902643,0.002707176,0.0017584395,-7.817522e-05,-0.0004214868,-0.0017661862,-0.0013051778,-0.0011915602,0.0003604144,0.0016201809,0.0013830811,0.99509174,0.9975234,0.99730474,0.99570274,0.99414754,0.9979409,0.99677444,0.99514335,0.99734795,0.998357,0.99962515,0.9961974,0.994663,0.99888223,0.9969218,0.99438494,0.9981804,0.99909383,0.99881744,0.99838763
0.0,-0.00063147396,0.0011133999,-1.3917685e-05,-0.0008212663,0.0006098654,-0.001855161,0.0009211786,0.0018430343,0.0008940138,0.0015730746,-0.0002757758,0.0005903896,-0.0019021742,0.00060413405,-0.00027610362,-0.0008017868,0.00019317493,0.0010179207,-1.193583e-05,1.4305115e-05,0.99521565,0.9967219,0.9968456,0.9964706,0.9970069,0.9977738,0.9973919,0.9954979,0.9961097,0.9967562,1.0001752,0.99667335,0.99742067,0.99550015,0.99674064,0.999328,0.9965353,0.99672085,0.99658424,0.9980495
0.0,-0.0010195747,0.0002297312,-0.00012659281,-0.0002574101,0.0025845785,-0.0038413238,0.0012535639,0.0017861398,0.0024123155,0.0010108668,0.0007180348,0.0010034516,-0.0015885308,0.0010504015,0.00028923154,7.221848e-05,-0.001013916,0.0017407574,-0.00030222163,3.216043e-05,0.9955538,0.997151,0.99707854,0.99667317,0.9958922,0.9983484,0.99791193,0.9952453,0.99511945,0.9957177,1.0014529,0.9966683,0.99824125,0.9949643,0.9975972,0.99908954,0.9978169,0.9973925,0.99823505,0.99763733
0.0,0.0030903518,0.0007611364,-0.00027965382,0.00036259368,0.002008004,-0.0006296206,0.00021214783,0.0009987615,0.001807224,0.0021861251,0.00074889883,0.0005399659,-0.0005903058,-0.00029677525,-0.0018181503,-0.0014260262,0.0005563982,7.716566e-05,0.0013659857,0.0007065721,0.99500185,0.99694484,0.99725187,0.99535555,0.9960934,0.9974546,0.9967724,0.9957115,0.9980737,0.9981281,0.99866766,0.996308,0.9955434,0.99776894,0.99630827,0.9967974,0.99632925,0.9976306,0.9965293,0.9988159
0.0,-0.0008762479,0.0010018945,-1.4785677e-05,-0.0008238591,0.00077265315,-0.0021531451,0.0010045208,0.0018959334,0.0010035299,0.0014702417,-0.00019819662,0.0006613061,-0.0019426271,0.00070332736,-0.00012875162,-0.0006898716,3.6191195e-05,0.0011482835,-0.00010977313,-2.1189451e-05,0.99527764,0.9967574,0.9968542,0.9965509,0.9969378,0.99785537,0.99747485,0.99545556,0.9959019,0.99659127,1.0004015,0.996688,0.9975846,0.9953397,0.9968437,0.99941236,0.99668646,0.9967588,0.9967674,0.9979642
0.0,0.000977993,0.0003970787,-0.00016938895,6.822869e-05,0.0024029948,-0.0024059545,0.0007761605,0.0014884956,0.0021160953,0.0016094353,0.00077616423,0.0008640792,-0.0011876598,0.00028590485,-0.00081352144,-0.00073212385,-0.00019952655,0.00095248036,0.00040138885,0.00039443374,0.9951981,0.99709386,0.99704856,0.9960412,0.99585986,0.9978669,0.9972668,0.99541014,0.9964635,0.9969441,1.0000188,0.9966009,0.99686795,0.99637526,0.9969801,0.9979361,0.9971259,0.99754375,0.9973697,0.99824625
0.0,-0.0008428171,0.0009416938,-2.605468e-05,-0.0007584132,0.0009622965,-0.0023191273,0.0010227598,0.0018646214,0.0011706017,0.0014272965,-0.00010077655,0.00067581236,-0.0018848255,0.0007341765,-0.000110171735,-0.0006070137,-7.1935356e-05,0.0012095831,-0.00011976063,-1.3194978e-05,0.9953007,0.996798,0.9968831,0.9965445,0.9968068,0.99790215,0.9975251,0.9954398,0.99583286,0.9964851,1.0004901,0.9966836,0.9976626,0.9952945,0.9969346,0.99938,0.99680406,0.99682975,0.99692,0.9979323
0.0,-0.00041312352,0.0013410673,-6.314367e-06,-0.0010421537,-0.0003038384,-0.0008274708,0.00076787546,0.0019351533,2.4817884e-05,0.0018756259,-0.0007320717,0.0005484503,-0.0021158494,0.00030597672,-0.000513833,-0.0013338551,0.0008887984,0.0005706437,0.00017432496,6.701052e-05,0.9950476,0.99653995,0.99671334,0.99641657,0.99766856,0.99746615,0.99701816,0.99563706,0.99671966,0.9975669,0.99952835,0.99666744,0.9967458,0.9960997,0.9961482,0.9992065,0.9958563,0.9964138,0.99571985,0.9983651
1.0,0.002949722,0.00030305982,-0.00037947297,0.0008894354,0.0033905543,-0.0020893347,0.00039424002,0.00084325206,0.0029825978,0.0018087719,0.0014970265,0.000731349,-0.0003511198,3.6995858e-05,-0.0014482699,-0.00074315816,-0.00035086274,0.0006198436,0.0011393316,0.00069852173,0.99523765,0.9972139,0.9974085,0.99542725,0.99523956,0.997831,0.9972119,0.99553,0.9973863,0.99727374,0.99951667,0.99643785,0.9962055,0.997186,0.9969927,0.9967831,0.9972668,0.9981089,0.99767536,0.998514
0.0,0.0013190843,-0.0004260391,0.00028076768,0.00074971095,0.004123386,-0.00054987334,0.00044380873,0.0016764048,0.002257537,0.0023293458,0.0014726147,0.0016324092,-0.00075517595,-0.00031491742,-0.0017192345,-0.0018910691,-0.000645414,-4.5740977e-05,0.0016642027,0.0011778139,0.9948889,0.99728984,0.99694604,0.9962421,0.99533695,0.9979352,0.99675226,0.9949662,0.9971609,0.9991767,0.9991844,0.99586475,0.99409825,0.998966,0.99654114,0.9945632,0.9973445,0.9984242,0.99831617,0.9978131
1.0,0.00055037066,0.0015103295,-3.3970922e-05,-0.0008776523,-0.00036382675,-0.00019186176,0.000534486,0.001680878,6.0133636e-05,0.0021000486,-0.0007418357,0.00036931038,-0.0017792359,4.8838556e-05,-0.0009857863,-0.001515545,0.0011905916,0.00026280805,0.0005131811,0.00019223243,0.99492073,0.99652797,0.9967906,0.9961216,0.99763745,0.99731636,0.9968588,0.9957479,0.9972927,0.99789804,0.99898326,0.9965263,0.9963592,0.9965939,0.9960038,0.99876976,0.99558866,0.9964574,0.9954785,0.9985925
0.0,0.0016353205,0.000312455,-0.00020055473,0.00022544712,0.0025711413,-0.0020614825,0.0006497167,0.0013812035,0.0021490715,0.0017586667,0.0009185858,0.00088625215,-0.0010010488,0.00012032315,-0.0011096187,-0.00092675537,-5.205348e-05,0.00074759685,0.0006802194,0.00052249804,0.99514335,0.9971147,0.99712664,0.995838,0.9958072,0.9978038,0.9970965,0.9954557,0.99687725,0.997332,0.99966633,0.99650115,0.9964229,0.9968892,0.99684644,0.99742377,0.9970215,0.99768406,0.99728006,0.9983931
0.0,-0.001242917,0.000863187,-3.1020492e-05,-0.0007787533,0.0011333879,-0.00269866,0.0011245497,0.0019142581,0.0013321824,0.0012837574,-2.586469e-05,0.0007304158,-0.0019355118,0.0009044446,0.00013341382,-0.00041797012,-0.00033574924,0.0013879351,-0.000240691,-6.509945e-05,0.9953955,0.9968258,0.9969089,0.9966761,0.99672633,0.9980259,0.99767596,0.9953949,0.99553823,0.99620384,1.0008434,0.9966961,0.9979397,0.99501437,0.9970927,0.9995521,0.9970291,0.9968615,0.99719304,0.9977856
1.0,0.0005511269,0.00319881,-0.007777177,0.005962774,-0.007024683,0.013016088,-0.0025094934,-0.0078314245,0.0005448796,-0.0014093369,-0.006879624,0.0019224137,0.004792925,0.008246705,0.011314186,0.011793915,0.0023810081,-0.009082664,0.0092228055,0.002479121,0.9983576,0.9998443,1.004564,1.0043702,1.0190496,0.99888605,1.0002072,1.0069017,1.011068,1.0028831,1.0098637,0.98468304,0.99116045,1.0146128,0.98698115,0.99027556,0.99150956,0.98599553,1.0017593,1.0044326
1.0,8.763373e-05,0.0002931431,0.0005780086,0.00023293123,0.0023735482,0.0011059009,0.00035258383,0.0017462773,0.0006839819,0.0025175419,0.00028118864,0.0013207644,-0.0014176294,-0.00040325895,-0.0017154347,-0.002363138,0.00016966835,-0.00039902516,0.0016195662,0.0008623153,0.9947308,0.9970881,0.9965858,0.9966116,0.9968106,0.9975966,0.996952,0.99498785,0.9972204,0.99989057,0.99877393,0.995766,0.9935721,0.9988716,0.9958462,0.995109,0.996166,0.9974665,0.9973549,0.99760556
1.0,0.0017646924,0.0002341345,-7.053465e-05,0.00026273727,0.0026127212,-0.00096137635,0.0004485473,0.0015813382,0.0017666183,0.0021763481,0.0009524971,0.001103472,-0.00093777105,-0.00030050427,-0.0015494619,-0.0016503781,4.3269247e-05,0.00016631931,0.0011909045,0.00085712597,0.9949274,0.9970095,0.9969963,0.9959209,0.99585414,0.99758154,0.99669254,0.9953894,0.9973972,0.9983973,0.9991134,0.9962645,0.9952122,0.99799234,0.9963567,0.99627936,0.9968099,0.9978281,0.99709505,0.99845517
0.0,-0.001140289,0.0009880587,-1.4819205e-05,-0.0008949302,0.000694314,-0.0022215582,0.0010531768,0.0019678203,0.00091781095,0.0014305767,-0.00023806468,0.00070279837,-0.002049718,0.00076433644,2.1532178e-06,-0.00067968667,-5.5916607e-06,0.0011869539,-0.00016545877,-5.082041e-05,0.99531174,0.99673885,0.9968338,0.9966357,0.9970245,0.9978803,0.9974961,0.9954483,0.9958085,0.9965685,1.0005144,0.99671286,0.99763334,0.99525887,0.9968262,0.999525,0.9967016,0.9967188,0.9967668,0.99792194
0.0,-0.0018406697,0.00063023716,-5.1874667e-05,-0.0007518716,0.0015171561,-0.0033748634,0.0013024993,0.0020046933,0.0016164593,0.0010381881,0.00015546009,0.0008726455,-0.002008602,0.0011833422,0.0005475953,-0.000100277364,-0.00075311586,0.0016822536,-0.0004374571,-0.00015476346,0.99557674,0.9969051,0.99696034,0.99688023,0.99659723,0.99825317,0.997911,0.99530655,0.99507546,0.99579144,1.0014348,0.99672145,0.9983451,0.9946172,0.9973303,0.99976194,0.99739814,0.99695116,0.99766725,0.9975721
0.0,0.00040137395,-0.00011444092,0.0010304339,0.00053008646,0.0028544795,0.003387699,-0.00018403679,0.001216975,0.00021665171,0.0027497672,-7.152185e-05,0.0014763474,-0.001117181,-0.0005019754,-0.0022104755,-0.0028449073,0.00078304484,-0.0012422241,0.00262722,0.0011371523,0.99466085,0.9972528,0.9967322,0.9966898,0.9975522,0.9978755,0.99695104,0.9947668,0.9980353,1.001751,0.9982737,0.9950162,0.9916249,1.0007743,0.99545664,0.9930023,0.99573755,0.99744093,0.9978194,0.9971165
1.0,0.00012983382,5.695969e-05,0.00039566308,0.00043341145,0.0031659696,-0.0004089959,0.000609681,0.0018062843,0.001602266,0.0022172164,0.00087681785,0.001438396,-0.0013258532,-0.000243254,-0.0014622081,-0.001856558,-0.0005040355,0.00011663325,0.001236584,0.0008458607,0.99485236,0.9972766,0.99661946,0.9965773,0.99596894,0.99776596,0.9971115,0.99496335,0.9966234,0.9989005,0.9993124,0.9960232,0.99444854,0.9981849,0.9963873,0.99556357,0.996843,0.99783015,0.9979061,0.99760926
0.0,0.0013834648,-0.00091150403,-0.0003152676,0.0013130531,0.0056137554,-0.004246,0.0009349808,0.001313773,0.0043602027,0.0012848303,0.0024626702,0.0016327575,-0.00045869127,0.00031937286,-0.00070111454,-8.227676e-05,-0.0018182769,0.0013234317,0.00056986883,0.0008746274,0.9953716,0.99774927,0.9972365,0.99617547,0.9939914,0.99842906,0.99754804,0.99504656,0.9957718,0.9964802,1.0010517,0.99649334,0.9967411,0.99692154,0.9978254,0.9962563,0.99878514,0.99883676,0.9996291,0.9978985
0.0,-0.0012556724,0.00094326586,-1.9997358e-05,-0.00088584796,0.0007908363,-0.002378609,0.0010914691,0.0019795801,0.0010004826,0.0013762638,-0.00019029155,0.00072846934,-0.0020570457,0.000824146,8.337386e-05,-0.00060588866,-0.000108432025,0.0012558103,-0.00020401925,-6.5956265e-05,0.9953484,0.99675834,0.9968474,0.9966744,0.9969752,0.9979309,0.9975514,0.9954313,0.9957037,0.99646544,1.0006415,0.9967179,0.99773,0.9951683,0.99689204,0.9995689,0.99679464,0.9967468,0.99688274,0.9978712
0.0,-0.00044351444,0.0013249144,-5.5097044e-06,-0.0010370389,-0.0002639331,-0.00088498555,0.0007800944,0.0019391496,5.7645142e-05,0.0018580034,-0.00071203336,0.00055629574,-0.0021159723,0.00032357872,-0.00049406476,-0.0013097078,0.00085559115,0.000596093,0.00015802309,6.0901046e-05,0.995058,0.9965483,0.9967163,0.9964247,0.9976434,0.99748224,0.9970358,0.9956275,0.9966816,0.9975282,0.9995659,0.9966716,0.9967805,0.9960646,0.9961745,0.9992208,0.9958882,0.99642575,0.99575865,0.9983476
0.0,-0.002375301,0.004736766,-0.0012985617,-0.0022856072,-0.011245079,0.010708114,-0.0012859814,-0.0024788417,-0.0057751313,0.0011420399,-0.010046847,-0.0008538496,-0.0036741532,0.002561584,0.0038098712,0.0025934651,0.008369818,-0.004018221,0.0014258027,-0.00016820803,0.99461794,0.9977932,0.9972697,0.99955493,1.0116094,0.99820185,0.99740744,0.9997126,1.0014632,1.0020937,1.0002007,0.9932518,0.99485606,1.0026009,0.9925868,1.0006343,0.989078,0.9892005,0.99320436,0.99997044
0.0,0.0021311976,-8.198619e-05,-6.664172e-05,0.0005588494,0.0033556074,-0.0011479501,0.00042484328,0.0014910474,0.0022222437,0.002171699,0.0013285913,0.0012502857,-0.0007134415,-0.00033120066,-0.0016736295,-0.0016050637,-0.00019062683,0.00016801804,0.00134141,0.0009933338,0.9949404,0.9971646,0.99707484,0.9958324,0.9954404,0.9977019,0.9966818,0.99530786,0.9974189,0.99847937,0.99913293,0.9961867,0.99499,0.9983046,0.9965007,0.9957057,0.9970991,0.9981617,0.99753827,0.998396
1.0,-0.0016730353,-0.0010391474,0.0017995238,0.0011630282,0.0023450367,0.009894872,-0.0021900162,-0.0012491131,-0.002499897,0.0019338429,-0.0023432784,0.0013112295,-0.0006762631,-0.00018027425,-0.0025391802,-0.0030580312,0.0034488756,-0.0027200505,0.0044171996,0.0010374524,0.99495083,0.99802077,0.9972008,0.9976896,1.0029604,0.99795437,0.9992591,0.9946481,0.99873596,1.0056162,1.0000165,0.9926102,0.9873408,1.0043167,0.99310744,0.9888731,0.9933505,0.99522746,0.9988307,0.99527526
0.0,0.0006212406,0.0005249977,-0.000118240714,-0.00016854331,0.0019931532,-0.0021852907,0.00080095604,0.0016146107,0.0017817058,0.0016438346,0.0005339682,0.0008442886,-0.0013648197,0.00031041726,-0.000742957,-0.0008368641,-7.440522e-05,0.0009175427,0.00034749135,0.00034781545,0.99516654,0.99700916,0.9969851,0.99614525,0.99613017,0.9978291,0.9972249,0.99542856,0.9964216,0.9970251,0.99998355,0.99658185,0.99687284,0.99631697,0.99688154,0.99813336,0.9969713,0.99737495,0.9971607,0.99821514
0.0,-0.0029831193,0.007905044,9.093434e-06,-0.004930675,-0.015629116,0.00719879,0.00019010156,-0.0013842611,-0.0055367947,0.001059249,-0.012309864,-0.0018446185,-0.006129671,0.0040094703,0.005151611,0.003553912,0.008501703,-0.0021572057,-0.0012261756,-0.0013877451,0.99444366,0.9963987,0.99585116,0.99976397,1.0098867,1.0001171,0.99598646,0.9996024,0.99912685,0.9982521,0.9978737,0.99627376,1.0006319,0.99759054,0.99689215,1.0088917,0.99001527,0.98859304,0.9910408,0.9996586
0.0,-0.00024329871,0.0006709397,-8.9257956e-05,-0.0003782548,0.0017040428,-0.0026684813,0.000983499,0.001693449,0.0017220639,0.0013951454,0.00031203777,0.00074587204,-0.0015918389,0.000682313,-0.00025597215,-0.00045971572,-0.00025911257,0.0012642071,-2.6326627e-05,8.330494e-05,0.99532783,0.99696034,0.99698627,0.9963756,0.996343,0.9979827,0.997557,0.9953907,0.99589044,0.99640894,1.0005139,0.9966805,0.9976115,0.99547017,0.99710935,0.99896455,0.99707663,0.99713343,0.9972953,0.9979786
1.0,0.002568435,0.00032263994,-0.00020089746,0.00035325065,0.0024721492,-0.0008971933,0.00033490732,0.0013186047,0.0018166043,0.0021751914,0.0009536706,0.00091729686,-0.0007623136,-0.00035484135,-0.0017125607,-0.0015903413,0.0003405623,0.00011740625,0.0012826398,0.00083645433,0.9949482,0.9970142,0.9971361,0.99559873,0.99589485,0.9975066,0.9966418,0.99554205,0.9977898,0.9983781,0.9988645,0.9962959,0.995262,0.9980582,0.9962933,0.99636704,0.99662066,0.9978026,0.996813,0.99871165
0.0,-0.00057980046,0.0012663603,-5.155802e-06,-0.001017604,-9.34992e-05,-0.0011364147,0.0008340366,0.0019492181,0.00021208078,0.0017791595,-0.0006255321,0.00058377534,-0.0021123327,0.00040503964,-0.00040407665,-0.0011980832,0.0006955229,0.0007089712,9.5222145e-05,3.939867e-05,0.9951032,0.99658257,0.9967335,0.9964635,0.997527,0.99755543,0.99711937,0.99559426,0.9965134,0.9973489,0.9997369,0.9966848,0.9969402,0.9959091,0.9962977,0.9992868,0.99603903,0.99648046,0.99594027,0.99826545
0.0,0.0009922385,3.1083822e-05,-4.0430576e-05,0.00015508011,0.0026980173,-0.0014481843,0.00064766034,0.0018180925,0.0016944148,0.0020158105,0.0009628199,0.001306761,-0.0012389086,-9.799376e-05,-0.0011631902,-0.0015195087,-0.00015043095,0.00039364584,0.0009124018,0.00075981766,0.99502754,0.997044,0.99692166,0.9961769,0.995936,0.99772406,0.99678475,0.9952836,0.9969501,0.9982256,0.99952716,0.99637336,0.995446,0.9976836,0.9964526,0.9965596,0.9969983,0.9977946,0.9972859,0.99828255
1.0,0.00017566606,0.0003631413,-0.00011104345,-0.00017965212,0.0022707973,-0.0028260741,0.0009822287,0.0016486347,0.0020459332,0.001409011,0.00062351674,0.0008984022,-0.0014105402,0.000607986,-0.00041827,-0.00046458095,-0.00034981593,0.00126254,9.9692494e-05,0.00019676611,0.9953135,0.99710065,0.9970602,0.99626535,0.996054,0.9980607,0.9974827,0.9953618,0.9959553,0.99653226,1.000462,0.9965841,0.99741304,0.99581987,0.99720234,0.9984782,0.9972563,0.99740005,0.9975733,0.9980108
0.0,-0.000119134784,0.0014024675,0.0008605309,-0.0003536977,4.996732e-05,0.0040198863,-0.00041412935,0.00046808366,-0.0010577887,0.0023327768,-0.0017313324,0.00030614436,-0.0022405759,-0.00080683455,-0.0021717101,-0.002485484,0.0024550408,-0.0010410771,0.0016975142,0.00059153885,0.9942751,0.99777955,0.99607307,0.99646336,0.9993595,0.99729174,0.997552,0.99539644,0.9974146,1.0008683,0.9979872,0.9952467,0.9926032,0.9993646,0.99501693,0.99556845,0.9940086,0.9958689,0.9959976,0.997217
0.0,0.0026805922,-0.00036422163,-0.00042391568,0.001357723,0.004874438,-0.0032233782,0.00055556,0.00089612696,0.004012067,0.0015869569,0.0022511594,0.0011652038,-0.00016084686,8.337945e-05,-0.0012251623,-0.00039914995,-0.0012082681,0.0009194724,0.0010398403,0.0009085536,0.99529725,0.99751556,0.9974109,0.9956532,0.99432534,0.9981162,0.99736553,0.9953141,0.9967797,0.99691284,1.0002241,0.9964556,0.9963315,0.99726,0.9974497,0.996185,0.9981961,0.99867827,0.99881136,0.9982892
1.0,0.0020484477,0.00016025454,-0.0001302585,0.0002261959,0.00256389,-0.0010795183,0.00046246126,0.0014911722,0.0017489307,0.0021120384,0.0009354614,0.0010699853,-0.0009406954,-0.00019169226,-0.0015023779,-0.0015386567,0.00022282079,0.00025211275,0.0011640228,0.00080004707,0.9949819,0.9970425,0.9971296,0.9957709,0.99597955,0.9976528,0.9966793,0.9954655,0.997504,0.99835855,0.9990821,0.9962501,0.99535006,0.9979709,0.9964011,0.9964068,0.9967693,0.9978024,0.99701214,0.9985334
0.0,-0.000857722,0.0011149868,-7.238239e-06,-0.0009305142,0.00040706992,-0.0017863549,0.0009540878,0.0019393712,0.0006767735,0.001575632,-0.0003785044,0.0006364621,-0.002042994,0.0006102063,-0.00019618124,-0.000881359,0.00026727468,0.0009963885,-5.207956e-05,-8.340925e-06,0.9952184,0.9966806,0.9967987,0.99654424,0.9971821,0.99774677,0.9973489,0.99550503,0.9960959,0.99685794,1.0001826,0.9966966,0.9973671,0.99551255,0.9966381,0.9994152,0.9964476,0.99663734,0.9964499,0.9980576
0.0,-0.0002612248,0.001411207,-9.8235905e-06,-0.001062911,-0.0004949104,-0.00054299086,0.00070594624,0.0019181827,-0.00014151633,0.0019625742,-0.0008296408,0.0005144831,-0.0021142252,0.00021754578,-0.0006102361,-0.0014536157,0.0010607205,0.00044265576,0.0002507232,9.379536e-05,0.99499863,0.99650055,0.99669874,0.996376,0.9977987,0.99738556,0.99692905,0.9956788,0.9969107,0.99776393,0.99934375,0.99664694,0.99657005,0.99627614,0.99601215,0.9991301,0.9956925,0.9963527,0.9955239,0.9984559
0.0,0.0020938665,-4.799664e-05,-0.0001764372,0.00064817816,0.0037620217,-0.002262285,0.000591632,0.0012195027,0.0030131228,0.0017993506,0.0014998093,0.0010662228,-0.00056878105,6.202608e-05,-0.0013250597,-0.0008197352,-0.00060386583,0.0007184986,0.0009973682,0.00080290064,0.9951141,0.99735624,0.9972421,0.99576646,0.99504143,0.9980347,0.9971197,0.9953529,0.9968289,0.9973523,0.9997555,0.9962816,0.9961403,0.99737304,0.9971746,0.9964752,0.9975977,0.9982689,0.99815905,0.9982142
0.0,-0.00074156,0.0011958778,-6.4224005e-06,-0.00096865,0.00020989217,-0.0015277229,0.0009024441,0.0019319532,0.00051439926,0.0016559735,-0.00047498196,0.0006018877,-0.002057828,0.0005303323,-0.00028593093,-0.0010003597,0.00041934848,0.0008847043,1.43013895e-05,1.4983118e-05,0.99516916,0.9966391,0.9967773,0.99650913,0.99729973,0.9976714,0.9972659,0.99554425,0.9962569,0.99703056,1.0000083,0.99668586,0.9972145,0.9956569,0.9965196,0.99936914,0.9962987,0.9965789,0.9962607,0.9981312
0.0,0.002063293,-0.0015280545,-0.00011425093,0.0020461902,0.0070198476,-0.0030342117,0.0006213859,0.0014827102,0.004623782,0.0019109566,0.0033214875,0.0023031645,-4.3429434e-05,-0.0003840141,-0.0015739631,-0.001154162,-0.0022829138,0.0005170014,0.0015828088,0.0016218424,0.9950781,0.9978392,0.9970876,0.9962631,0.9933493,0.99825674,0.9969958,0.99479604,0.99648666,0.998233,1.0002503,0.99610305,0.99444854,0.99908316,0.9973484,0.9935581,0.999002,0.9996185,1.0001314,0.99784136
1.0,0.00082312897,0.00046112388,-0.00019379333,0.00014597178,0.0025433656,-0.0027827434,0.00083081424,0.0013724025,0.0023949333,0.0014607031,0.00082178414,0.0007581357,-0.001121074,0.0005167499,-0.00060061365,-0.00038882345,-0.00043143705,0.0011694133,0.00027913228,0.0002812706,0.995316,0.9971222,0.99714243,0.99606735,0.99577206,0.99800915,0.9975282,0.99539477,0.9962251,0.99648654,1.0003364,0.99662983,0.997329,0.9959061,0.9972352,0.9982638,0.99732125,0.9975415,0.99765486,0.99810845
1.0,-0.0023165122,0.0016839281,0.0008979775,-0.0006707087,0.00025544874,0.001070777,0.0005460568,0.00090226997,-0.00017347187,0.0016300343,-0.0014965497,0.0002707541,-0.002943527,0.00022750348,-0.00087506324,-0.0012398288,0.00095191225,0.00053638034,0.00034230575,-3.225729e-05,0.9946012,0.9978379,0.9959192,0.9970076,0.99855906,0.9979216,0.9984293,0.99523574,0.99525326,0.99834937,0.9993453,0.9958122,0.9952356,0.9963921,0.9964763,0.99808353,0.9952179,0.9958293,0.9970062,0.9964414
1.0,-0.0006860085,0.0007013604,-6.2491745e-05,-0.00054860115,0.0015180968,-0.002736967,0.001060579,0.0018082475,0.0015783198,0.0013357829,0.00019373372,0.0007738024,-0.0017445721,0.00076681003,-8.9989975e-05,-0.00044427067,-0.0003040135,0.0013318267,-0.00013359264,2.899766e-05,0.9953523,0.99692225,0.9969439,0.99651355,0.9964715,0.9980081,0.9975965,0.99538267,0.9957064,0.99632317,1.0006739,0.99668586,0.9977471,0.9952981,0.99711317,0.9991849,0.997085,0.9970395,0.9972835,0.9978954
0.0,-0.0016251802,0.0006535426,-5.7619065e-05,-0.00065512955,0.0017172378,-0.0034433678,0.0012654327,0.0018944088,0.0018598773,0.0010325704,0.0002462305,0.0008099228,-0.0018479638,0.0011703409,0.00045733526,-1.052022e-05,-0.00084650517,0.0017069913,-0.0003999807,-0.0001180619,0.9955577,0.9969377,0.9970129,0.9968162,0.9963923,0.9982659,0.99796313,0.99530524,0.995075,0.9956586,1.0014436,0.9966788,0.9984269,0.99459344,0.9974547,0.9996729,0.99751186,0.99702626,0.9978235,0.9975565
0.0,-0.0011238642,0.0010204986,-1.6607344e-05,-0.0009051822,0.00066381134,-0.0021829251,0.0010429658,0.0019553686,0.0009143166,0.00144062,-0.00025207922,0.00068546087,-0.0020414777,0.0007567927,-1.23381615e-05,-0.00068865716,-3.4607947e-06,0.0011729058,-0.00014561415,-4.2643398e-05,0.9953031,0.9967297,0.9968368,0.99663115,0.99702805,0.9978716,0.99749386,0.9954607,0.99582773,0.9965735,1.0004963,0.996704,0.9976276,0.99526966,0.9968246,0.9995242,0.9966942,0.9967131,0.9967544,0.9979234
0.0,-0.0014503337,0.00071351975,-5.2977353e-05,-0.00064989924,0.0016343389,-0.0032727923,0.0012166537,0.0018628137,0.0018022694,0.00109745,0.00020905584,0.000769604,-0.0018200539,0.0011019073,0.00034691952,-8.3096325e-05,-0.00074355304,0.0016331319,-0.0003437996,-9.650737e-05,0.9955135,0.996922,0.99700475,0.99675524,0.9964187,0.9982149,0.99790776,0.9953277,0.9951977,0.99575925,1.0012883,0.9966728,0.9983256,0.99469376,0.99740183,0.999615,0.9974208,0.9970113,0.99771225,0.99761057
0.0,0.0010243468,2.3677945e-05,0.0005256869,0.00064736605,0.0031675044,0.0010388438,0.00021257997,0.0015370641,0.0012511425,0.00257409,0.00074815005,0.0013913475,-0.0010242239,-0.0006250702,-0.00209436,-0.0024109706,4.4506043e-05,-0.00052458793,0.0019025095,0.0010744855,0.9946912,0.99726456,0.9966727,0.9963443,0.9962414,0.99759257,0.996848,0.9949643,0.9975045,1.000056,0.9985439,0.9957101,0.9932021,0.99940354,0.9959054,0.99437076,0.9963534,0.9978588,0.9976397,0.99772966
0.0,0.001402542,0.0006029159,-0.00015187263,-2.1860003e-05,0.002019439,-0.0018550158,0.00067192316,0.001376424,0.0018720962,0.0017481819,0.0005799532,0.0006989278,-0.0011038035,0.00024329126,-0.0010405816,-0.00086165965,0.00012343004,0.0007922314,0.0005786158,0.00037045032,0.9951466,0.99702567,0.99712723,0.9958589,0.9961358,0.9978057,0.99718577,0.9955195,0.99681985,0.99716437,0.99963003,0.9964702,0.99671084,0.9965563,0.9968651,0.99790704,0.9967964,0.99743164,0.997056,0.99834275
0.0,-0.0017206147,0.0006899908,-4.2907894e-05,-0.0007811822,0.0013636183,-0.003168825,0.0012605637,0.0020057978,0.0014785193,0.0011096466,8.306652e-05,0.0008470509,-0.0020260885,0.0011066496,0.0004490316,-0.00021092594,-0.0006105937,0.0015941095,-0.00039406866,-0.00013920292,0.9955288,0.9968756,0.99693227,0.99683595,0.9966805,0.99818516,0.9978316,0.99532926,0.99520475,0.99593824,1.0012635,0.9967261,0.9982119,0.99473196,0.9972348,0.99972427,0.9972661,0.9969075,0.9974953,0.99763614
0.0,0.0011934638,0.00066164136,-0.00012634322,-0.00017292053,0.0016488861,-0.0014745872,0.00062646344,0.0015458306,0.0014493652,0.0018784981,0.0003976412,0.00076200627,-0.0012917593,6.8273395e-05,-0.001077611,-0.0011776015,0.00032459944,0.00058747455,0.0006132126,0.0004416108,0.99505025,0.99692416,0.99698234,0.9959627,0.99635005,0.9976337,0.9969804,0.9955255,0.9969664,0.9975515,0.9994475,0.99651486,0.99635744,0.9968287,0.9965575,0.9978138,0.99658984,0.9973103,0.9966992,0.9984448
0.0,-0.0010485612,0.0010299012,-9.860843e-06,-0.00093065575,0.00050553307,-0.001989795,0.0010155477,0.0019867271,0.0007255748,0.0015061293,-0.00032926723,0.00069491565,-0.0020938814,0.0006871484,-7.3224306e-05,-0.00080667436,0.00016690418,0.0010844134,-0.00012310222,-4.0192157e-05,0.9952704,0.9967052,0.9968,0.9966054,0.9971628,0.9978101,0.99740326,0.99547434,0.99595624,0.9967625,1.0003419,0.9967211,0.99746686,0.99540347,0.9966923,0.99948555,0.9965395,0.9966596,0.9965631,0.9980009
0.0,-0.00052500516,0.0012486577,-4.377216e-06,-0.0009579472,9.450689e-05,-0.0012909286,0.00083924085,0.0019000284,0.00041132793,0.001738606,-0.00053235143,0.0005638767,-0.002024863,0.00043747574,-0.00041390583,-0.0011024624,0.0005748272,0.0007756371,8.4582716e-05,4.2058527e-05,0.9951184,0.9966179,0.99676645,0.99644166,0.9973646,0.9975997,0.9971846,0.9955723,0.9964333,0.99719244,0.99981487,0.9966714,0.9970585,0.9958155,0.99641967,0.9992746,0.9961612,0.9965488,0.9961008,0.99821705
0.0,-0.00030628964,0.0013899729,-8.482486e-06,-0.0010568015,-0.00043785013,-0.0006279852,0.0007244535,0.0019236831,-9.237602e-05,0.0019367989,-0.0008004345,0.00052483566,-0.0021150708,0.00024359301,-0.00058200955,-0.0014184192,0.0010101125,0.00048089027,0.00022742897,8.555502e-05,0.99501306,0.99651235,0.9967028,0.9963878,0.99775976,0.99740934,0.9969552,0.99566585,0.9968536,0.99770534,0.9993981,0.9966535,0.9966222,0.99622333,0.99605256,0.9991531,0.9957408,0.99637085,0.9955816,0.99842894
0.0,-0.0013566427,0.0008612126,-3.0767173e-05,-0.00080481544,0.0011190642,-0.002743721,0.0011449531,0.001937109,0.0013218559,0.0012603216,-3.4388155e-05,0.00074190646,-0.00196743,0.0009387545,0.00019192323,-0.00039759278,-0.00037322566,0.0014127381,-0.00026474893,-7.8674406e-05,0.9954134,0.99681985,0.99690723,0.99671227,0.9967463,0.9980433,0.99769735,0.9953895,0.99548686,0.996168,1.0009079,0.9967004,0.99798197,0.99496144,0.9971027,0.9996026,0.9970518,0.9968499,0.9972159,0.997758
0.0,-0.00034945458,0.0013695881,-7.3798e-06,-0.0010507815,-0.00038317405,-0.00070908666,0.0007420294,0.0019287458,-4.5266002e-05,0.0019120537,-0.0007725656,0.0005347226,-0.0021156035,0.00026863813,-0.0005546715,-0.001384452,0.0009615794,0.0005173199,0.0002053529,7.772818e-05,0.99502707,0.9965237,0.9967067,0.99639916,0.99772286,0.99743223,0.9969804,0.9956537,0.9967992,0.9976495,0.9994505,0.99665946,0.9966721,0.996173,0.9960911,0.99917465,0.9957872,0.99638814,0.99563706,0.99840325
0.0,-0.009063039,0.009434253,-0.0030949935,-0.0029646643,-0.021729138,0.010802122,0.0007076785,-0.00439872,-0.007090725,-0.0004719086,-0.01702192,-0.00043984503,-0.0078080148,0.0077791587,0.012061254,0.010533262,0.009655375,-0.0038493238,-0.0019735135,-0.00084555894,0.99383783,0.9992384,0.99666506,1.0052464,1.0218701,1.000423,0.99812,1.0046008,1.0000582,0.9991314,1.0031137,0.99320436,1.0011472,1.0020422,0.9942886,1.0103494,0.98757565,0.9827208,0.99322397,1.0015327
1.0,0.0021700151,-0.000415653,0.0008928403,0.0020585693,0.00445324,0.0049028248,-0.0011309683,0.00019457564,0.00075370446,0.0029666098,0.0009850524,0.0013785921,-0.00028826296,-0.0018698759,-0.0038429853,-0.003795229,0.00070778653,-0.0019838773,0.0038451143,0.0018378571,0.9943388,0.99807036,0.9965766,0.99613374,0.99720246,0.9968702,0.9974708,0.9948503,0.99871117,1.0030987,0.9976713,0.99444485,0.9889355,1.0027537,0.9941882,0.99008113,0.9951559,0.9978223,0.9979335,0.99720675
0.0,0.00088354945,-8.208305e-05,-3.9681792e-05,0.0002524741,0.0031015594,-0.0018559843,0.00071489066,0.0017879345,0.00206713,0.0019019786,0.0011475272,0.0013559442,-0.0011649914,6.403774e-06,-0.0010675564,-0.0013109893,-0.000441432,0.00055885315,0.00083900616,0.00076379254,0.99507403,0.99714184,0.9969513,0.99622214,0.99565345,0.99786025,0.9969139,0.9952254,0.9966829,0.9979291,0.9997808,0.99636847,0.99568367,0.9975039,0.99670327,0.99655926,0.9972891,0.9979396,0.99767345,0.9981457
0.0,-0.0006714389,0.0012151822,-3.9599836e-06,-0.0010004565,2.556853e-05,-0.0013064947,0.0008706078,0.0019608745,0.00030811876,0.001726184,-0.0005664751,0.0006086081,-0.0021124408,0.0004586205,-0.00034159794,-0.0011244789,0.00059751794,0.0007836763,4.7501177e-05,2.1383166e-05,0.99513537,0.99660766,0.9967435,0.9964895,0.9974564,0.9976045,0.997172,0.9955669,0.99640226,0.99723685,0.99985147,0.99669576,0.99704105,0.9958085,0.99637324,0.9993267,0.99613327,0.9965152,0.99605733,0.9982148
0.0,0.004745286,-0.000286676,-0.00037007406,0.0015178621,0.004486913,-0.0005151201,-0.00011842325,0.0007562805,0.0031214468,0.002460666,0.0022603013,0.0011499245,0.00037201494,-0.0008678697,-0.0026123077,-0.0019127876,-0.00026785955,-0.0004411675,0.0024172552,0.0014764816,0.99495584,0.9972491,0.99750507,0.9950243,0.99467057,0.99746436,0.996426,0.9955062,0.99884236,0.99919707,0.9983838,0.9959424,0.9937874,0.99970436,0.99619097,0.99396616,0.99713165,0.9988684,0.99766093,0.9989144
0.0,-8.571148e-05,-0.0001032874,-0.00015275925,0.00014746189,0.0032947473,-0.0035416894,0.0010813251,0.0017322237,0.0026951022,0.0012638513,0.001168251,0.0012411345,-0.0013165064,0.00063307956,-0.0002299659,-0.00029596686,-0.000991229,0.0014004856,8.077547e-05,0.00036956742,0.99539,0.99728614,0.9970421,0.99645954,0.9954441,0.9982391,0.99755996,0.99519986,0.9955852,0.99637955,1.0009639,0.9966153,0.99736637,0.9959418,0.99742687,0.9979897,0.9978754,0.9978051,0.9983212,0.9978462
0.0,-4.45731e-05,0.00041675568,-0.000112798065,-0.00018827245,0.0023150034,-0.0030227192,0.0010157265,0.0016319165,0.0021769367,0.0013293084,0.0006259158,0.0008593295,-0.0014070459,0.00069049,-0.00029556826,-0.00032321364,-0.0005164817,0.0013599731,1.7959625e-05,0.0001674071,0.99534816,0.99710053,0.99706113,0.99633837,0.99596393,0.9981039,0.99760115,0.9953453,0.9957747,0.99628484,1.0006679,0.9966074,0.997644,0.9955771,0.9973166,0.9986489,0.9973894,0.9973919,0.997725,0.997924
0.0,-0.0010078698,0.0010612607,-1.0434538e-05,-0.00093905255,0.00046155788,-0.0019249152,0.0009991229,0.0019756453,0.00070199,0.0015264526,-0.00035041943,0.0006775949,-0.002086468,0.0006665066,-0.000103002414,-0.00083209574,0.00019441918,0.0010572299,-0.00010063127,-2.996251e-05,0.99525505,0.99669397,0.9967986,0.9965928,0.99717647,0.9977903,0.9973869,0.9954871,0.99599653,0.9967931,1.0002978,0.99671406,0.997437,0.9954355,0.9966729,0.9994721,0.9965114,0.9966487,0.996525,0.9980158
0.0,-0.0017117411,0.0017017424,0.0010624304,-0.00074576214,-0.00040929392,0.003156066,-1.449883e-05,0.00056917407,-0.0011477172,0.0019264556,-0.0021673366,0.00020389631,-0.002960734,-0.00027138367,-0.001476517,-0.0019199625,0.0022257157,-0.00036097132,0.0009160787,0.00014309585,0.99437314,0.99789935,0.9957784,0.9968843,0.9996299,0.9976859,0.998075,0.99527,0.9961999,0.9999138,0.99855906,0.9955299,0.9937227,0.99793077,0.9956538,0.9970536,0.99416345,0.9954728,0.996271,0.9966002
0.0,-0.0006790273,0.0008058697,-5.0958246e-05,-0.00058327615,0.001352584,-0.0025979877,0.0010319985,0.0017926283,0.0014799796,0.00136826,0.00010308996,0.00070828944,-0.00175808,0.000766471,-0.000107038766,-0.00046622753,-0.00023085997,0.0012957193,-0.00012758002,5.26011e-06,0.99534136,0.996882,0.9969378,0.99649984,0.9965637,0.9979771,0.99759614,0.99539775,0.995763,0.99634016,1.0006057,0.9966924,0.9977481,0.9952583,0.99707305,0.9992639,0.99699247,0.9969707,0.99717426,0.9979069
0.0,-0.0011248067,0.0009969398,-1.3124198e-05,-0.00091667473,0.00060058944,-0.0021247286,0.0010437965,0.0019879537,0.00081381574,0.0014613383,-0.00028253347,0.0007095188,-0.002086725,0.000734739,-1.6791746e-05,-0.00073985755,7.498637e-05,0.0011439063,-0.00015291572,-5.0261617e-05,0.99529797,0.9967237,0.9968143,0.99663055,0.99710304,0.99785215,0.99745256,0.9954594,0.9958683,0.99666446,1.0004444,0.9967225,0.9975547,0.99532354,0.996758,0.99951655,0.9966248,0.99668884,0.9966696,0.997957
0.0,-0.0007231906,0.0012019947,-5.7667494e-06,-0.0009929538,9.585731e-05,-0.0014063474,0.0008896515,0.0019569201,0.00038366765,0.0016935039,-0.00053080916,0.00061251223,-0.0021020435,0.0004931651,-0.00030623935,-0.0010740608,0.0005216636,0.00082910433,2.8684735e-05,1.6320497e-05,0.9951529,0.99661994,0.996755,0.9965051,0.9974005,0.9976345,0.99721104,0.99555725,0.99633455,0.99715364,0.99992526,0.99669564,0.99711365,0.99574244,0.9964305,0.9993528,0.9962025,0.996539,0.99614006,0.99817777
0.0,-0.000537239,0.0010221675,-3.0819327e-05,-0.0007560663,0.0007778276,-0.0019674692,0.00093236193,0.0018288279,0.0010034926,0.0015535634,-0.0001790151,0.00063364394,-0.0018611997,0.00058573484,-0.00029689074,-0.0007865131,0.00014799461,0.0010393374,-1.3820827e-06,4.1823834e-05,0.99522114,0.9967617,0.9968571,0.9964494,0.99689937,0.9977887,0.9973877,0.99548924,0.9961008,0.9967524,1.000195,0.99667585,0.9974011,0.99555737,0.99677217,0.99923277,0.9966068,0.9967937,0.99666744,0.9980619
0.0,-0.0026263352,0.002387248,0.001440689,-0.0013328753,-0.0023831036,0.0062807202,-0.0007593781,-0.00034145638,-0.0027506128,0.0017940607,-0.0041658804,-0.00034797937,-0.0032940246,-0.00012532994,-0.0013908278,-0.0019149408,0.0040887855,-0.0012518615,0.0012244545,-9.288639e-05,0.9942531,0.9979809,0.9955945,0.99732435,1.0022839,0.9978482,0.9984472,0.99538016,0.9966905,1.0011641,0.9985177,0.99494374,0.9928421,0.9988332,0.9950134,0.9970197,0.992567,0.9941106,0.9956656,0.9960806
0.0,-0.0011681356,0.000908494,-2.5853515e-05,-0.00080555305,0.0010030195,-0.0025343932,0.0010934435,0.0019196412,0.0012131147,0.0013377182,-8.814037e-05,0.0007136818,-0.0019562915,0.0008488372,6.9512054e-05,-0.0005049035,-0.00022457913,0.0013170652,-0.00020756945,-5.434826e-05,0.9953619,0.9968001,0.9968868,0.99664944,0.99680513,0.99797386,0.99761426,0.9954138,0.99563956,0.99632365,1.0007185,0.9966996,0.9978335,0.99510485,0.99701,0.99952704,0.99692285,0.9968225,0.9970552,0.99783576
0.0,0.00036175177,0.006310813,4.106015e-05,-0.0047831237,-0.011744466,0.00337708,1.4465302e-05,-0.0006076675,-0.0037171617,0.00094402395,-0.008767407,-0.0021015815,-0.0045727827,0.002665095,0.0027030353,0.0016546249,0.0074239336,-0.00070438534,-0.001229722,-0.001398921,0.9950116,0.9957289,0.99626154,0.99715674,1.0049651,0.9993912,0.99566466,0.9982774,0.99873394,0.9966178,0.9974782,0.9975195,1.0012673,0.99550647,0.9973777,1.0081474,0.99176985,0.9912663,0.9907571,0.99976146
0.0,0.0014244765,-0.00044859946,0.00044787675,0.0011006147,0.004436491,0.00028524734,0.0002652146,0.001545758,0.0021638162,0.0025103353,0.0015441664,0.001708258,-0.00072769076,-0.00074990466,-0.002224138,-0.002330467,-0.00062721595,-0.00043118373,0.0020197928,0.0013435185,0.9947007,0.99749315,0.9967036,0.9962946,0.9953056,0.99770737,0.99681133,0.99484515,0.9973233,0.9999058,0.9987506,0.99572736,0.9930479,0.99970794,0.99619263,0.9936489,0.9970037,0.9984621,0.9983583,0.99769783
0.0,0.0005374737,-0.00022059679,0.00031925365,0.0007140599,0.0038656332,-0.0008582305,0.0006222427,0.0017523719,0.00213838,0.0021701027,0.0013131164,0.0015807729,-0.0011173487,-0.00031317025,-0.0015549976,-0.0017605647,-0.0007916875,0.00017773733,0.0012951419,0.0009813197,0.99486417,0.9974257,0.9966727,0.9964806,0.99545914,0.99782944,0.997084,0.99492955,0.996589,0.9987917,0.9993955,0.99604034,0.99441546,0.9983625,0.9965497,0.9951964,0.9971714,0.9981587,0.9982688,0.99765736
0.0,0.0032207519,-0.0011125877,0.00013227016,0.0015942231,0.0054348484,9.304099e-05,1.5974045e-05,0.0013826499,0.002748374,0.0026513748,0.0024051704,0.0019730777,1.2502074e-05,-0.00091159344,-0.002540864,-0.0025003105,-0.0006667711,-0.0006725099,0.0026113652,0.0017409921,0.9948272,0.99736756,0.9972259,0.99575305,0.9947228,0.99770236,0.99630433,0.994969,0.998367,1.0004382,0.99854034,0.99559695,0.9924247,1.0007759,0.99604154,0.9923909,0.997456,0.9991053,0.99847937,0.99825674
1.0,-0.000121191144,3.0174851e-06,0.0016374327,0.0005903132,0.002459325,0.0070986524,-0.0014241375,-0.00042070355,-0.00095403567,0.002232574,-0.0015359893,0.0009215884,-0.0014650002,-0.001178816,-0.0031165928,-0.003216654,0.0027693193,-0.0023410544,0.003361173,0.0012111254,0.99433297,0.998503,0.99612814,0.9968056,0.9999068,0.99776524,0.99803245,0.99466,0.997971,1.0036107,0.998234,0.99397904,0.9890454,1.0027105,0.99437267,0.9911577,0.9937789,0.9962847,0.99774796,0.9959968
0.0,-0.0013885051,5.5983663e-05,0.00042236596,0.00022887439,0.0033598896,-0.0015859678,0.0010107346,0.002000045,0.0019882806,0.0017779805,0.0009090677,0.001516318,-0.0016422495,0.00038119778,-0.0006048251,-0.001182504,-0.0013044402,0.0007455759,0.00070052966,0.0005832352,0.9951197,0.99733925,0.9966097,0.9970648,0.9958613,0.998193,0.9976347,0.9948456,0.9955313,0.99781847,1.0003781,0.9961072,0.99557984,0.9969839,0.99699676,0.9965218,0.99745196,0.9977867,0.9986601,0.9970697
0.0,0.00042871758,-8.761883e-05,-0.0001600422,0.0002790913,0.0034367535,-0.0033368003,0.0009782687,0.0016024057,0.0028267615,0.0013645869,0.0012570843,0.0011869948,-0.0011251196,0.00049583614,-0.00049108826,-0.00037410855,-0.00091582537,0.0012802798,0.00024320558,0.00045776367,0.99531925,0.9973134,0.9970796,0.9962956,0.99529344,0.9981828,0.99748176,0.9952258,0.99582,0.9965169,1.000714,0.9965576,0.9971652,0.9961974,0.9974121,0.99769235,0.9978372,0.9979086,0.9983077,0.9979342
0.0,-0.0012597702,0.00094687194,-2.163276e-05,-0.0008711964,0.0008493513,-0.0024333317,0.0010931678,0.0019602887,0.0010735728,0.0013585985,-0.000162974,0.000717625,-0.002027303,0.00084363297,9.3327835e-05,-0.00056345016,-0.00016381592,0.0012813527,-0.00020641088,-6.526336e-05,0.99535614,0.99676704,0.9968634,0.9966757,0.9969232,0.99794984,0.99758226,0.9954263,0.99566895,0.9963995,1.0006858,0.9967085,0.99778396,0.99512565,0.9969396,0.9995741,0.9968457,0.9967656,0.99694854,0.9978474
0.0,-0.000419572,0.0013408437,-6.6533685e-06,-0.0010420345,-0.00029691122,-0.0008387808,0.0007702969,0.001934425,3.368035e-05,0.0018719211,-0.0007283129,0.0005483534,-0.0021150187,0.00031013787,-0.000509765,-0.0013281628,0.00087915733,0.00057606027,0.00017279759,6.685406e-05,0.99504954,0.99654114,0.99671453,0.9964186,0.99766177,0.9974697,0.99702305,0.9956368,0.99671155,0.99755675,0.9995367,0.99666744,0.99675465,0.99609196,0.9961554,0.9992104,0.99586487,0.9964168,0.9957296,0.99836034
0.0,0.0023876466,-0.00064334273,-0.00020802394,0.0011342727,0.0047729947,-0.0024543777,0.0005647205,0.0013357131,0.0033649392,0.001864709,0.0021221116,0.0015163757,-0.0004324466,-0.00019279495,-0.0014966913,-0.001075685,-0.00090831146,0.0005572699,0.001208555,0.0010715686,0.99510556,0.9974979,0.9971903,0.99579954,0.9945648,0.9979965,0.9969275,0.99517155,0.9969581,0.9978804,0.9997369,0.9963108,0.9953636,0.9981232,0.99703175,0.9954277,0.99788004,0.9986947,0.9985196,0.9982753
0.0,-0.0008917898,0.0071709603,0.00025052205,-0.0055985153,-0.013654944,0.0029014517,0.00017474592,-0.0009393329,-0.0041711293,0.0003145337,-0.010157879,-0.002582319,-0.0054777004,0.0035813265,0.0037819017,0.0026284084,0.008104458,-0.000127282,-0.002160702,-0.0020227544,0.99518496,0.9956994,0.9960725,0.9975071,1.0062224,0.9999386,0.99601585,0.99850565,0.9977713,0.9954196,0.9979193,0.99805546,1.0031278,0.9939536,0.99814904,1.0108976,0.991501,0.99025834,0.99032795,0.9993926
0.0,-0.0013173632,0.00089725107,-2.1953136e-05,-0.0008585751,0.0009127725,-0.0025270116,0.001118008,0.001977588,0.0011046566,0.0013287719,-0.00013265014,0.0007452704,-0.0020383112,0.000871364,0.00013631769,-0.00053019077,-0.0002011098,0.0013190322,-0.00023945421,-7.805973e-05,0.9953778,0.99678284,0.9968646,0.99669504,0.9969033,0.99797565,0.9976034,0.9954087,0.99561304,0.9963602,1.0007488,0.9967181,0.9978223,0.9950851,0.9969632,0.99958915,0.9968851,0.99678135,0.99700093,0.9978287
0.0,-0.00040002912,0.0013557374,-5.6661665e-06,-0.001021158,-0.00020929612,-0.0009133015,0.0007696152,0.0019015158,0.00014979392,0.0018500239,-0.0006846301,0.00052491017,-0.0020624176,0.00033056736,-0.00051638857,-0.0012737066,0.00080030784,0.0006117709,0.00017372891,7.0322305e-05,0.9950549,0.99655414,0.9967349,0.9964088,0.99756855,0.9974928,0.99706495,0.9956291,0.99666363,0.99745494,0.9995828,0.99665374,0.9968338,0.996027,0.9962318,0.99921554,0.9959374,0.9964505,0.9958206,0.9983249
0.0,-0.000923641,0.0010662824,-1.16713345e-05,-0.0008887276,0.0005927421,-0.0020037685,0.0009892136,0.0019215206,0.00085582957,0.0015081298,-0.0002875775,0.000647746,-0.0020012893,0.0006769337,-0.00013350509,-0.00076637417,0.00011525676,0.0010906048,-9.121373e-05,-1.7896295e-05,0.9952561,0.99671656,0.9968281,0.9965657,0.9970502,0.9978124,0.99743044,0.9954792,0.9959643,0.99668705,1.0003328,0.9966935,0.99751186,0.995388,0.9967599,0.999443,0.9965945,0.99669814,0.9966365,0.99798995
1.0,-0.0013571382,0.00089016557,-2.4143606e-05,-0.0008675866,0.00090345554,-0.002541691,0.0011282824,0.001989049,0.0010918789,0.0013215076,-0.0001357086,0.0007553622,-0.0020570755,0.00088235363,0.00015996769,-0.0005281642,-0.00020904094,0.0013259314,-0.00024503097,-8.2243234e-05,0.99538565,0.99678206,0.99686235,0.99670875,0.9969189,0.9979828,0.997607,0.99541014,0.99559945,0.99636066,1.0007676,0.99672264,0.9978268,0.9950783,0.9969601,0.9996049,0.99688894,0.9967785,0.9970037,0.99782276
0.0,-0.0026131961,0.0076396093,-0.0001716502,-0.00474466,-0.015265137,0.0072440207,0.00016933307,-0.0013480857,-0.005353838,0.0011089202,-0.01202197,-0.0015546903,-0.0060099512,0.003840629,0.005176846,0.0035055503,0.008356212,-0.002448853,-0.0009863041,-0.0011144318,0.9944237,0.9964592,0.99588615,0.99990416,1.0097337,1.0001073,0.99572283,0.9997252,0.99953943,0.99865067,0.99786586,0.9961121,1.0001214,0.9984117,0.99672395,1.0082158,0.9901408,0.9887105,0.9911408,0.99996674
0.0,0.00017324835,-0.00034492463,-5.922839e-05,0.00033653527,0.0037371684,-0.0029066652,0.0009647086,0.0018510222,0.0026552342,0.0015641898,0.0014201999,0.0015171021,-0.0012220256,0.00035563856,-0.000579251,-0.0007860586,-0.0010619089,0.0010114368,0.00051176175,0.00066621974,0.9952567,0.9973177,0.9969772,0.99647605,0.9952943,0.99819076,0.99725306,0.99510354,0.9959361,0.99720234,1.000559,0.99643594,0.99637383,0.9968905,0.9971903,0.99689806,0.9978773,0.99810916,0.9984343,0.9978279
1.0,-0.00039248914,0.005622536,0.00024203211,-0.003627766,-0.01039546,0.0067473073,-0.00029524788,-0.00059594493,-0.004302133,0.0019206572,-0.0086886585,-0.0015143286,-0.003866259,0.0022518188,0.0021075904,0.0009987727,0.0069675054,-0.0021509714,0.00039455667,-0.0008311756,0.9946523,0.99612373,0.99655175,0.9978316,1.0058411,0.99904835,0.9959835,0.99804866,0.9999254,0.9994497,0.9973266,0.99578613,0.99788254,0.9983632,0.9959167,1.0039263,0.99115926,0.9914522,0.9921719,0.9993391
0.0,0.0030640624,0.000994496,-0.00027969852,0.00026698038,0.001717655,-0.00052558444,0.00019541755,0.0009057624,0.001736965,0.0021534506,0.00059233233,0.00038325414,-0.0005825795,-0.00010551512,-0.00174875,-0.0012753606,0.0005971156,0.00015143491,0.0013568513,0.00058861077,0.99507236,0.99687654,0.9973528,0.9953232,0.99634635,0.99752617,0.9969225,0.9957877,0.99806905,0.9979384,0.99866945,0.9962433,0.9958124,0.9974876,0.99641204,0.99713767,0.9962269,0.9974764,0.9964696,0.9987392
0.0,-0.00028273836,0.0005613491,-8.770451e-05,-0.00040435046,0.0017404947,-0.0026502255,0.0010023192,0.0017756587,0.0016478859,0.001416184,0.00034259632,0.0008506607,-0.0016528778,0.00062596425,-0.00027024187,-0.0005630404,-0.00022752956,0.0012245532,-8.78796e-06,0.00012501329,0.995307,0.99697614,0.9969503,0.99640334,0.99635994,0.9979692,0.997466,0.995381,0.9959073,0.9965675,1.0004807,0.99667645,0.9974554,0.99564385,0.9970371,0.9988313,0.99706733,0.9971671,0.9972636,0.99800736
0.0,0.003258139,-0.0004068613,1.7303973e-05,0.0008796528,0.003946595,-3.9452687e-05,0.00010951981,0.0012417426,0.0022635348,0.0024933517,0.0015911423,0.0013670959,-0.00023578107,-0.0005092323,-0.0022297371,-0.0020243973,3.878027e-06,-0.00034079328,0.0021326132,0.0013172515,0.9948752,0.99720293,0.997377,0.9955072,0.99542344,0.99775106,0.9964074,0.9953133,0.9983126,0.99956113,0.9984883,0.9956962,0.99378365,0.9996374,0.99624914,0.99415433,0.997002,0.9985041,0.9976976,0.9984387
0.0,-0.0015022419,0.0008095205,-3.068149e-05,-0.00083380565,0.00108747,-0.0027939118,0.0011816956,0.0019973712,0.0012450777,0.0012370944,-4.784763e-05,0.000792671,-0.002046451,0.00097123533,0.00027361512,-0.0004030168,-0.00036810338,0.0014339909,-0.00030659884,-0.00010559708,0.995442,0.9968196,0.9968888,0.99675846,0.99682236,0.99806297,0.99769545,0.9953766,0.9954403,0.9961919,1.0009634,0.996726,0.9979804,0.9949384,0.9970701,0.9996539,0.9970388,0.9968302,0.99719805,0.9977481
0.0,0.0022786967,-0.0012896731,0.0005655624,0.0019929,0.005518714,0.0021604039,-0.0003049262,0.001475622,0.0017698444,0.0031146128,0.0022587813,0.0022827461,6.372854e-05,-0.0012225471,-0.0029610377,-0.0034510046,-0.0006849803,-0.0013061687,0.0034059063,0.0019376948,0.9947253,0.9971792,0.997109,0.9963203,0.99557126,0.99739885,0.9965283,0.9946989,0.9987485,1.0022273,0.99827236,0.99500483,0.9903713,1.0021118,0.9951388,0.9905402,0.996989,0.99885577,0.9986155,0.99781203
0.0,-0.00058354065,0.0010940284,-1.8879771e-05,-0.0008180775,0.0006128922,-0.0018368252,0.00092000887,0.0018444695,0.00088266656,0.0015825424,-0.00026889145,0.0006039068,-0.0018993467,0.00057603046,-0.0003041122,-0.00083296746,0.0002182424,0.0010010339,3.9562583e-06,2.989173e-05,0.9952045,0.99672514,0.9968401,0.9964598,0.9970019,0.99775845,0.9973666,0.99550647,0.9961391,0.99680156,1.0001409,0.99666995,0.9973754,0.9955594,0.9967199,0.9992863,0.9965226,0.99673086,0.99656284,0.9980725
0.0,-0.0008616075,0.0011221766,-5.6512654e-06,-0.000966575,0.00026761368,-0.0016532652,0.0009444058,0.0019754395,0.0005182065,0.0016154591,-0.00044623762,0.0006522462,-0.0021049343,0.0005731173,-0.0002086591,-0.0009658709,0.00038095936,0.0009367708,-4.0438026e-05,-1.0315329e-05,0.9952025,0.9966571,0.99677026,0.9965466,0.997306,0.9977077,0.9972877,0.99551904,0.9961749,0.9969965,1.0000961,0.9967107,0.99725664,0.99560136,0.99653554,0.99940914,0.996338,0.9965885,0.99631065,0.99810606
0.0,-0.0012816265,0.0006290972,-6.110221e-05,-0.00060445815,0.0016725175,-0.0032260064,0.001204405,0.0018774373,0.0017530136,0.0011357777,0.00024184212,0.00082235783,-0.00182648,0.0010202974,0.00026437454,-0.00017041713,-0.0006364025,0.0015822556,-0.0003196858,-6.875023e-05,0.99548686,0.9969458,0.99697924,0.996706,0.99642015,0.99817693,0.9978219,0.99532664,0.99529284,0.9959154,1.0011648,0.99669695,0.99816954,0.99486226,0.99732625,0.99948925,0.9973578,0.9970396,0.997628,0.9976884
0.0,0.00056233257,0.0012420937,-4.363805e-05,-0.0006872937,0.00036668032,-0.00091281533,0.0006491393,0.0016358104,0.0006564148,0.0019119978,-0.00035027415,0.0004649181,-0.0016305447,0.00020742789,-0.00090058334,-0.0012150258,0.00076894835,0.000557255,0.00041336566,0.00017675012,0.99502623,0.99668527,0.9968837,0.9961002,0.997156,0.9975251,0.9970508,0.9956466,0.9969336,0.9974589,0.9993335,0.996533,0.9966999,0.99632376,0.9963859,0.9987237,0.9960351,0.9967291,0.99605036,0.99842083
0.0,0.0013606548,0.0005685091,-0.00013024732,-0.00015444681,0.0016473699,-0.0012905933,0.00059638545,0.0015741736,0.0013190843,0.0019486435,0.0004154183,0.0008284822,-0.0012987815,8.292496e-06,-0.0011555497,-0.0013115555,0.0004553683,0.0004891511,0.0007067211,0.00048104674,0.9950352,0.9969201,0.9970021,0.995916,0.99645036,0.99760437,0.9968688,0.9955355,0.9971489,0.9978237,0.9992951,0.9964751,0.9961003,0.9970992,0.99643004,0.9975947,0.99649024,0.9973272,0.99658805,0.9985197
0.0,-0.00095267966,0.0010868162,-8.9891255e-06,-0.00095186755,0.0003805142,-0.0018161573,0.0009784587,0.0019761426,0.0006265715,0.0015619248,-0.00038992986,0.0006676335,-0.0020964593,0.0006300099,-0.00014348142,-0.00088615716,0.00026800856,0.0010094605,-7.56681e-05,-2.1703541e-05,0.9952343,0.9966787,0.9967868,0.99657565,0.99723005,0.99775785,0.99734735,0.9955016,0.99606735,0.9968751,1.0002177,0.99671334,0.9973647,0.9955023,0.9966178,0.9994493,0.9964425,0.9966246,0.99643904,0.99805117
0.0,-0.0009106919,0.0010987595,-6.660819e-06,-0.0009576753,0.00032936782,-0.0017415974,0.0009632297,0.0019783909,0.00057265535,0.0015868954,-0.00041570514,0.0006630961,-0.002102375,0.0006030053,-0.00017358735,-0.000924401,0.00032446533,0.00097574294,-6.199628e-05,-1.7948449e-05,0.99522007,0.9966696,0.9967779,0.9965619,0.9972679,0.99773455,0.9973179,0.99550766,0.9961172,0.9969347,1.00016,0.9967137,0.99731207,0.995549,0.9965771,0.9994299,0.9963911,0.9966073,0.9963767,0.9980782
0.0,-0.0014745481,0.000817135,-3.335625e-05,-0.0008097179,0.0011624712,-0.0028492548,0.0011789352,0.0019649696,0.0013412647,0.0012209248,-1.32620335e-05,0.0007739309,-0.0019978322,0.0009844452,0.00026743114,-0.00035677105,-0.00042897835,0.0014589131,-0.00030235574,-9.7017735e-05,0.9954445,0.9968302,0.99690926,0.99675167,0.9967464,0.9980782,0.9977286,0.9953749,0.9954112,0.9961174,1.0010011,0.99671036,0.9980371,0.9949015,0.99712783,0.9996447,0.99709934,0.9968571,0.99727553,0.9977261
0.0,0.000605952,0.0009035021,-8.925423e-05,-0.00048189238,0.0009701606,-0.0013778973,0.0007051118,0.0016704891,0.0009912737,0.001831593,5.9604645e-08,0.00066396967,-0.0015889443,0.00019856915,-0.0008395221,-0.0011566207,0.00050971657,0.0006556213,0.0003967248,0.00026645884,0.9950731,0.9968031,0.9968977,0.9961167,0.99679834,0.9976002,0.99704474,0.99556226,0.9968063,0.99743485,0.99953216,0.99659604,0.99663305,0.9964407,0.9964762,0.9984307,0.9963554,0.9969783,0.99638027,0.99840134
0.0,-0.0009463914,0.0011011139,-1.020357e-05,-0.000941921,0.000426203,-0.0018543918,0.000976149,0.0019544857,0.00069414824,0.0015494842,-0.0003681518,0.0006512534,-0.0020645931,0.00064262,-0.00014411472,-0.0008530542,0.00021865591,0.001028046,-7.2710216e-05,-1.7367303e-05,0.9952366,0.99668336,0.99680084,0.99657303,0.9971772,0.9977694,0.99737304,0.99549955,0.99604154,0.9968149,1.0002487,0.99670255,0.99741185,0.99546564,0.99666125,0.9994522,0.9964868,0.9966411,0.9964931,0.9980303
1.0,-0.0021162927,0.008916043,0.00017037243,-0.0062247775,-0.017213296,0.00428164,0.00029661134,-0.0017308462,-0.005043935,-2.9820949e-06,-0.012720771,-0.0028755516,-0.0068126395,0.0045992397,0.0054704845,0.004157044,0.009272743,-0.00054340437,-0.0028133579,-0.002195336,0.9948803,0.9960507,0.99556774,0.99875456,1.0091566,1.0006138,0.9959823,0.9996514,0.9976514,0.99520427,0.99772096,0.9980699,1.0042589,0.9941614,0.99861217,1.0135163,0.9903785,0.9883361,0.9895391,0.9995616
1.0,-0.002811594,0.010045625,-0.0016560629,-0.0029362738,-0.018564325,0.009356612,0.00033348054,-0.0048738737,-0.0030633733,-0.00033322535,-0.014938872,-0.00060269795,-0.0067950897,0.007205192,0.010227333,0.009552695,0.008117769,-0.0043530073,-0.00043362007,0.000114537776,0.9941995,0.9986075,0.99606174,1.0042832,1.0151111,1.0028561,0.9958564,1.0034491,1.0014253,0.99882805,0.99921674,0.9941864,1.0006579,1.003372,0.9982709,1.009314,0.99004257,0.984857,0.99331415,1.001156
1.0,-0.00471648,0.008700445,-0.00018787384,-0.0052498393,-0.017761655,0.0075578894,0.0005148873,-0.0017069727,-0.006130673,0.00068502873,-0.013835177,-0.001667399,-0.0072637573,0.004924547,0.006810873,0.004868418,0.008911423,-0.00228443,-0.0018486455,-0.00152741,0.99434686,0.9966798,0.9955914,1.0009975,1.0121297,1.000614,0.9961142,1.0003912,0.99875987,0.9980865,0.9984828,0.9962759,1.0014379,0.997689,0.9971282,1.0106382,0.9895805,0.9872551,0.99094117,0.999768
1.0,0.0033701137,-0.00035707653,-2.1643937e-05,0.0013030916,0.004408369,-0.00020391122,5.3908676e-05,0.001180823,0.0026887618,0.002534857,0.001924213,0.0013829339,-6.600842e-05,-0.00078510866,-0.0024273135,-0.0020866916,-0.0003805682,-0.0004339181,0.0022039004,0.0014095902,0.99484754,0.9972916,0.9971791,0.99555534,0.9949171,0.99757665,0.99650925,0.9952111,0.9982286,0.9994655,0.99850184,0.9958858,0.9935744,0.9996612,0.9962058,0.9939048,0.9970941,0.9987096,0.9979092,0.9984534
0.0,0.002765391,0.00031723827,-0.00035416707,0.0008049421,0.0032409485,-0.0020551197,0.00041759014,0.000927194,0.0028301813,0.0018178634,0.0013971291,0.00074831955,-0.00045849383,2.2303313e-05,-0.0014052987,-0.00079330057,-0.00027919933,0.0006126631,0.0010651387,0.00067669153,0.9952128,0.99719435,0.9973444,0.99548745,0.9953257,0.9978019,0.9971751,0.99551207,0.9973371,0.9973123,0.99951154,0.9964783,0.99620384,0.9971547,0.99693274,0.9968793,0.9972026,0.9980351,0.99757034,0.9985207
1.0,-0.00071572885,0.00070858,-5.973503e-05,-0.0005761683,0.0014391895,-0.0026813336,0.0010606274,0.0018341299,0.0014925413,0.0013505779,0.000155963,0.0007822644,-0.0017863698,0.00075575337,-8.527376e-05,-0.00048488379,-0.00025336444,0.0013093948,-0.00013613328,2.2754073e-05,0.9953477,0.9969076,0.99692667,0.9965218,0.9965379,0.99799067,0.9975701,0.9953869,0.9957319,0.99638194,1.000641,0.996698,0.9977044,0.99532354,0.9970646,0.9992011,0.99703246,0.9970099,0.9972121,0.9979123
0.0,-0.00083003193,0.0011447519,-6.388873e-06,-0.00097422674,0.00022530556,-0.001594983,0.00093171373,0.0019694297,0.0004888512,0.0016336255,-0.00046666712,0.00064095296,-0.0021037534,0.0005551167,-0.00023127906,-0.0009905696,0.000410337,0.0009119138,-2.2120774e-05,-2.6412308e-06,0.99519044,0.99664754,0.9967674,0.99653745,0.99732614,0.9976907,0.997271,0.9955301,0.99621177,0.9970308,1.000057,0.99670637,0.99722505,0.9956337,0.99651307,0.99939764,0.99630886,0.99657756,0.9962727,0.99812144
1.0,0.0026927032,-0.0010443777,0.0001100786,0.001411356,0.0053933393,-0.0008110143,0.00028905645,0.0014706226,0.0030188747,0.0023967884,0.0023270734,0.0019230004,-0.00023199618,-0.0006616153,-0.0021941941,-0.00203491,-0.0008524768,-0.00022748113,0.0020931028,0.0015297756,0.99487615,0.9975194,0.9971165,0.9958631,0.9945679,0.99789447,0.9965121,0.9949532,0.9976638,0.99959356,0.9989434,0.99581265,0.99337167,0.999928,0.9964862,0.99331784,0.9976637,0.9990566,0.9986958,0.99811345
0.0,0.00036546588,0.001407288,-2.5965273e-05,-0.00084046647,-6.3223764e-05,-0.00061151944,0.0006232783,0.001696052,0.0003261082,0.001975838,-0.00058919936,0.00041486323,-0.001765456,0.00017168745,-0.000868639,-0.0013369918,0.0009404905,0.0004536938,0.00040480494,0.0001558587,0.9949846,0.99659115,0.99681634,0.9961673,0.99742687,0.9974352,0.99698985,0.99568677,0.9970135,0.99760246,0.9992384,0.9965491,0.99662113,0.99633956,0.9962212,0.998869,0.9958344,0.9965558,0.9957765,0.9984598
0.0,0.00032635033,0.0011468306,-3.901869e-05,-0.0006696768,0.0005768128,-0.0012634508,0.0007309355,0.0016725548,0.0008270852,0.001804594,-0.00025175884,0.0005175993,-0.0016575344,0.0003132783,-0.0007592924,-0.0010710955,0.000573609,0.00071317516,0.00029871985,0.00014162809,0.9950826,0.99673027,0.99688965,0.99617183,0.997022,0.9976158,0.99715424,0.99559236,0.99668825,0.99723256,0.9995745,0.99656713,0.99691164,0.9961089,0.99653494,0.9988297,0.9962295,0.99678546,0.9962766,0.9983163
1.0,0.0046347864,-0.00012531877,0.00045195594,0.0021768063,0.0045014694,0.0053896196,-0.001661934,-0.0004661046,0.001422111,0.0030378634,0.0012748092,0.0008694455,0.00063434243,-0.0021593198,-0.0043329243,-0.0037352815,0.0010189489,-0.002667386,0.0046730377,0.0021217354,0.99449784,0.99802613,0.9971053,0.9952082,0.9967404,0.99673563,0.99702317,0.995276,1.0001879,1.0030963,0.99715376,0.9942598,0.98878103,1.0034894,0.9939861,0.9896028,0.99496514,0.99821204,0.9974996,0.99791706
1.0,-0.00068186596,0.0004618317,-0.00010242313,-0.00032796338,0.0021869075,-0.003311593,0.001127325,0.0017366558,0.0021320917,0.001183236,0.00053114817,0.00086987205,-0.0015750937,0.0008713789,2.2169203e-05,-0.00016658008,-0.0007023625,0.0015262794,-0.00017804652,6.814301e-05,0.9954356,0.99706054,0.9970284,0.99654305,0.996048,0.9981736,0.9977582,0.9953121,0.99544424,0.995991,1.0010347,0.9966671,0.9979809,0.99517083,0.9973999,0.99903977,0.99750614,0.9972798,0.9978297,0.9977773
0.0,0.0006659888,0.00031305104,0.00075261295,0.00071416795,0.0026971754,0.002939254,-0.00026071817,0.0009874394,0.00033999234,0.0026315888,0.00018838048,0.001178965,-0.0015150793,-0.0013106279,-0.0027304646,-0.0030248836,0.00082723796,-0.0010920092,0.0022819415,0.0012639277,0.9942715,0.9978687,0.99618,0.99639374,0.99731123,0.99712855,0.997244,0.99503905,0.99747604,1.0012425,0.9980644,0.9952234,0.99148875,1.0003908,0.9950383,0.99337167,0.9952811,0.9972635,0.9971595,0.9973477
0.0,0.0040192343,-0.0012894943,-0.00033515692,0.0022164658,0.0065854844,-0.002152888,0.00021946058,0.0010198951,0.0043799095,0.002162898,0.0033466332,0.001918057,0.00040136278,-0.00075600296,-0.0022836756,-0.0015293285,-0.0015051924,4.603155e-05,0.0021387711,0.00169212,0.9950451,0.99769413,0.9973857,0.9954666,0.99353373,0.99785763,0.9966755,0.99508595,0.99778503,0.9988164,0.9993062,0.9960665,0.99382865,0.9997333,0.9968226,0.9931741,0.998328,0.9996043,0.9992066,0.99847734
0.0,-0.0023307614,0.0017892122,0.0009938553,-0.0008236356,-0.000284018,0.0019568559,0.0003586933,0.00081558153,-0.00075867027,0.0017362237,-0.0019294582,0.00020533428,-0.003086552,8.582324e-05,-0.0010262057,-0.0015096366,0.0015462898,0.00021543168,0.0004756078,-4.358217e-05,0.9945137,0.99781823,0.9958168,0.99701756,0.9991819,0.9978273,0.9983187,0.99525255,0.9955495,0.9989398,0.9990457,0.99573344,0.99472743,0.996835,0.99612695,0.9979204,0.99469376,0.9955544,0.99659234,0.9964624
0.0,-0.002193395,0.00045216084,-8.234009e-05,-0.00065851584,0.001977658,-0.003979925,0.0014229789,0.0019940427,0.0020331033,0.00082541816,0.0003697239,0.0009462144,-0.0019458383,0.0014123768,0.00084655173,0.000235565,-0.0011801198,0.0019392148,-0.00055984035,-0.00019816309,0.9957219,0.99699175,0.9970513,0.99701506,0.9963528,0.99845624,0.99815094,0.99524146,0.9946995,0.995356,1.0019534,0.9966985,0.99874073,0.99428433,0.9976115,0.9998634,0.9977932,0.99707997,0.99818695,0.9973845
0.0,0.0006860085,0.00022915006,-0.00011484325,-2.3085624e-05,0.0024269521,-0.0021436792,0.00078903884,0.0017247722,0.0018604062,0.0017249808,0.0007974468,0.001095498,-0.0013414249,0.00019332394,-0.00081976503,-0.0010341406,-0.00020857528,0.00079359114,0.0005131848,0.00051489845,0.9951431,0.9970634,0.9969675,0.9961894,0.9959682,0.997841,0.99706936,0.9953558,0.9965156,0.99740195,0.99994147,0.99652964,0.996402,0.996803,0.99678403,0.99753696,0.9971104,0.9975977,0.9973284,0.9982191
0.0,-0.0013214387,0.0008922741,-1.9881874e-05,-0.0008732192,0.0008544214,-0.0024746303,0.0011169277,0.001998772,0.0010297634,0.0013455804,-0.00015999377,0.00075751357,-0.0020714104,0.00085571036,0.00013249181,-0.0005689487,-0.00014667585,0.0012952108,-0.00023854524,-8.2440674e-05,0.9953729,0.99677527,0.99684906,0.9966954,0.9969614,0.9979612,0.9975746,0.9954119,0.9956447,0.99642503,1.0007092,0.9967291,0.9977712,0.9951234,0.99691606,0.99958867,0.9968337,0.99676144,0.99693686,0.9978507
1.0,-0.0037357956,0.011406608,0.00040835887,-0.007187847,-0.021617219,0.0048970357,0.00038646162,-0.003494162,-0.005121615,-0.001241507,-0.016178228,-0.0035354719,-0.008771077,0.0067195185,0.008165197,0.007059552,0.010656847,-0.00042553246,-0.0040423367,-0.0026883334,0.99480826,0.9967367,0.9949034,1.0003572,1.0126008,1.0023649,0.9963,1.0009739,0.9965251,0.993682,0.9979464,0.99864435,1.0070838,0.9933775,1.000621,1.0183157,0.98963696,0.98575044,0.9891668,0.99905396
0.0,0.0006907359,-0.00020311028,-0.00022427365,0.0005699843,0.004040627,-0.003777353,0.0009826198,0.0013986137,0.0034347363,0.0012548305,0.0015609451,0.0011721887,-0.0008618906,0.00056749955,-0.00046410784,-6.029755e-05,-0.001257427,0.0014206637,0.0002653636,0.0005031191,0.99538136,0.99744767,0.99719197,0.9962349,0.9948631,0.9983221,0.9976627,0.99520665,0.9956882,0.9961655,1.0009673,0.99653876,0.9974017,0.9960828,0.9977019,0.99755996,0.99819493,0.99814284,0.99881303,0.9978661
0.0,-0.00014092028,0.0012748167,-1.4655292e-05,-0.0008813031,8.783862e-05,-0.0010651723,0.00075566396,0.0018208362,0.00040128082,0.0018300265,-0.0005254634,0.00051995926,-0.0019188337,0.0003200546,-0.0006013438,-0.0011942983,0.0007193275,0.00065600127,0.00019808486,9.251386e-05,0.99506426,0.9966215,0.9967797,0.9963239,0.9973505,0.9975318,0.99709934,0.99560493,0.9966591,0.9973596,0.999585,0.99664277,0.9968733,0.9960346,0.9963412,0.99908847,0.996048,0.9965716,0.9959841,0.9983245
0.0,-0.0007404834,0.0011793971,-7.8082085e-06,-0.0009178035,0.00038655102,-0.0016952883,0.0009155832,0.0018903455,0.0007051416,0.0016072299,-0.000388965,0.0005868953,-0.001987841,0.0005829111,-0.00026146136,-0.0008894503,0.00028276443,0.0009604376,-2.2239983e-06,9.924173e-06,0.9951952,0.9966727,0.9968131,0.9965057,0.9971602,0.99772954,0.99734366,0.9955237,0.9961587,0.9968638,1.0001178,0.99667394,0.9973495,0.9955445,0.9966447,0.9993814,0.9964291,0.9966398,0.9964343,0.99807096
0.0,-0.0004869625,0.0013041273,-4.891306e-06,-0.0010304153,-0.00020886958,-0.000965843,0.00079756975,0.0019436711,0.0001052022,0.0018329639,-0.00068420544,0.0005662758,-0.0021158196,0.0003491491,-0.00046560913,-0.0012748167,0.000806544,0.00063224696,0.00013651699,5.32642e-05,0.9950725,0.9965596,0.99672097,0.99643666,0.99760723,0.9975054,0.9970615,0.9956158,0.9966278,0.99747247,0.99961966,0.9966767,0.99683034,0.99601513,0.9962127,0.9992416,0.9959349,0.996443,0.99581516,0.998322
0.0,0.004000034,-0.0013434626,-2.6978552e-05,0.0020377822,0.005790947,0.00041674823,-0.00023116171,0.0012851348,0.002773989,0.0028524473,0.0028951168,0.0020987988,0.00043703243,-0.0011395775,-0.00282,-0.0028531626,-0.0007568039,-0.0009159073,0.003101956,0.001976233,0.99489546,0.997154,0.99747735,0.9955985,0.9946714,0.99744105,0.99616444,0.9950561,0.99909025,1.0010557,0.99835986,0.9954546,0.99166054,1.0014874,0.99561125,0.99146205,0.997519,0.99927986,0.9983559,0.9985748
0.0,0.002430115,0.00021383166,-0.00014033914,0.00022637844,0.002320284,-0.0005413033,0.00033585355,0.0014493633,0.0014654063,0.0022669975,0.0008376725,0.0010302272,-0.0008830875,-0.0003354624,-0.0017035957,-0.0017807558,0.00051643327,6.6570938e-06,0.0013719611,0.0008595064,0.99493146,0.99696594,0.9971647,0.995653,0.9962004,0.997519,0.9965156,0.99553525,0.9979317,0.99878335,0.99873704,0.9961699,0.99494314,0.9983689,0.9961259,0.9961348,0.99648356,0.9977378,0.9966824,0.99870163
0.0,-0.0018459186,0.0005939305,-6.029755e-05,-0.0006920397,0.0017162506,-0.0035609733,0.0013188384,0.0019594189,0.0018219016,0.000980204,0.00024641305,0.0008662753,-0.0019274056,0.0012348816,0.0005838573,1.9930303e-05,-0.00089944527,0.0017600656,-0.00045797974,-0.00015067309,0.99560386,0.9969395,0.99700356,0.99688905,0.99644715,0.99830663,0.9979926,0.9952876,0.9949746,0.99562305,1.0015701,0.9966979,0.9984822,0.9945189,0.9974546,0.99975276,0.9975464,0.9970128,0.9978619,0.997517
0.0,-0.008864066,0.000116825104,-0.006896805,0.004778616,-0.008884162,0.013262173,-0.0018456355,-0.0075399964,-0.0033130348,-0.0037719216,-0.010194231,0.003846649,0.0010004863,0.010709565,0.013925474,0.014415868,0.0050710384,-0.0071780905,0.005449068,0.00092153996,0.9976878,1.000931,1.0041779,1.0073022,1.0260825,0.99947053,1.0026947,1.0064964,1.0065784,1.0038118,1.015305,0.9849119,0.9921891,1.0140245,0.98688984,0.99207264,0.99046725,0.9828196,1.0043079,1.0026559
0.0,0.005663544,-0.0011298582,-0.00017207116,0.0023457147,0.0061239526,0.00076522864,-0.00052345544,0.0006140154,0.0034375377,0.002829399,0.003050238,0.0016790703,0.0010176934,-0.0012115948,-0.0033103973,-0.0026324838,-0.0005735606,-0.001187101,0.0035627,0.0020298325,0.99495155,0.99739695,0.99775094,0.99490386,0.9942933,0.9974973,0.9961824,0.9952259,0.99975395,1.0009127,0.99785286,0.99534017,0.9915947,1.001779,0.9957367,0.99117756,0.9972779,0.9995672,0.9984177,0.9987357
1.0,0.0016621985,-0.00058056414,0.00019266456,0.0010148771,0.004709581,-0.0011508781,0.00047997013,0.0015522176,0.0028627776,0.0022102427,0.0018246025,0.0016628653,-0.00056001917,-0.0003272444,-0.0017476939,-0.001642175,-0.000936348,0.00011726655,0.0015975349,0.0012275279,0.99491817,0.99745756,0.9969739,0.9961421,0.99482137,0.9980143,0.9968376,0.994953,0.9969938,0.99879575,0.99934375,0.9959523,0.99435437,0.99884844,0.9968019,0.9945239,0.9976576,0.9986829,0.9986872,0.99783707
0.0,-0.0007234067,0.0010910109,-9.920448e-06,-0.0008681044,0.00052730367,-0.0018307064,0.0009406693,0.0018958375,0.00078562275,0.0015739817,-0.00031724945,0.0006249547,-0.0019703805,0.0005974062,-0.00024740212,-0.0008491799,0.00024333969,0.0010074899,-3.606826e-05,4.1648746e-06,0.99521506,0.9967079,0.9968193,0.9965015,0.99708796,0.99775714,0.99736124,0.9954975,0.99610615,0.9968208,1.000169,0.996686,0.99738044,0.9955238,0.9966847,0.9993534,0.99648774,0.9966855,0.9965138,0.99806297
1.0,0.0007789545,-0.0005367696,1.15484e-06,0.00072231516,0.0042672995,-0.0022716671,0.000787016,0.0018426981,0.0027403198,0.0018702336,0.00175431,0.0017148778,-0.0009912252,-7.971749e-05,-0.0011215005,-0.0012812987,-0.0011021681,0.00058821775,0.0009600781,0.00096803904,0.9950857,0.9973801,0.9968838,0.9963879,0.99498713,0.99799937,0.9970057,0.99501514,0.99638563,0.9979891,1.0000353,0.99632484,0.99532676,0.9978495,0.9968937,0.9957545,0.99778885,0.9984059,0.9984765,0.99792945
0.0,-0.00095490366,0.0010981038,-1.071021e-05,-0.0009423308,0.00043040514,-0.0018642172,0.0009794533,0.0019559031,0.00069768354,0.0015460085,-0.00036586076,0.00065345503,-0.0020665005,0.0006463118,-0.00013857335,-0.00084938854,0.00021250546,0.0010324866,-7.488206e-05,-1.796335e-05,0.99523884,0.99668443,0.9968012,0.99657613,0.9971751,0.99777263,0.99737614,0.99549943,0.99603486,0.99680966,1.0002563,0.996703,0.9974172,0.99546105,0.9966648,0.9994555,0.9964925,0.9966429,0.9964997,0.9980272
1.0,0.00034164637,0.0001996383,0.0007395558,0.0002747178,0.0020960588,0.0027017929,2.8833747e-06,0.0015416406,-2.0608306e-05,0.0027762223,-0.00011005625,0.0013528578,-0.0013170652,-0.00058625266,-0.0020209271,-0.0028368905,0.00080975145,-0.0010251254,0.002215799,0.0010035187,0.99465394,0.99701446,0.9966691,0.9966198,0.9975669,0.9975194,0.9967943,0.9949838,0.99799174,1.00117,0.99831975,0.9953723,0.99233395,1.0000525,0.9952707,0.99404544,0.9956172,0.9972609,0.9971127,0.99760306
0.0,0.0037715212,-0.0014375858,-8.4709376e-05,0.0021953098,0.006470319,-0.000828946,1.1388212e-05,0.0012760386,0.0036565773,0.0025713928,0.003235262,0.0021698158,0.00039431825,-0.0010385625,-0.0026105922,-0.002336599,-0.0013180152,-0.00048317015,0.0026567914,0.0019419417,0.9948973,0.9974682,0.9973032,0.99567866,0.9939114,0.9976718,0.9963635,0.9949581,0.99829495,1.0001035,0.9988229,0.9957441,0.9924855,1.0008196,0.9962377,0.99198467,0.9980624,0.99957496,0.99898934,0.998406
1.0,0.00068167225,-9.625405e-05,0.00092209503,0.0010507293,0.0033710692,0.0036147386,-0.0005087331,0.0008054897,0.0003340952,0.0026446376,0.00038705394,0.0014171619,-0.001392141,-0.0014798939,-0.0029687155,-0.0033079237,0.00085489824,-0.0014067702,0.002714198,0.0014610775,0.9942902,0.9980428,0.9961593,0.9965032,0.9974473,0.9971965,0.9973265,0.9948577,0.9976389,1.0020624,0.998073,0.99495536,0.990419,1.0013151,0.9948027,0.9921757,0.995254,0.99738747,0.99752295,0.99709445
0.0,0.0005719848,1.04010105e-05,0.0009024702,0.00044370443,0.002386896,0.0035586674,-0.00023117289,0.0012738677,-9.926036e-05,0.002836762,-0.00020100921,0.0013994593,-0.0011157542,-0.00060557574,-0.0022276435,-0.0029641762,0.0010212064,-0.0013453383,0.0026356056,0.0011204481,0.99464506,0.99709934,0.9967731,0.9966222,0.99780357,0.99764997,0.99682677,0.9949046,0.99833226,1.0018495,0.99816406,0.99504894,0.99160415,1.0008096,0.99515384,0.9931675,0.9954929,0.9972761,0.9973702,0.997414
0.0,0.0012427196,-0.0001019761,0.00036804006,0.0006822571,0.0033131838,0.00056854263,0.00028005615,0.0016498491,0.0014119856,0.0025485922,0.0010120831,0.0014856011,-0.0009904131,-0.0006797202,-0.0020643752,-0.002397284,-8.2511455e-05,-0.00043673627,0.0018320866,0.0011286959,0.9947147,0.997244,0.99672025,0.9962639,0.9960144,0.99751437,0.996733,0.995026,0.9975314,0.99989533,0.99862945,0.99581915,0.99334395,0.99936056,0.9958858,0.9944365,0.99650806,0.9979891,0.9975708,0.9979464
0.0,-0.0012289956,0.00095093995,-1.7918646e-05,-0.00089583173,0.00073456764,-0.002311075,0.0010817833,0.0019883476,0.0009381436,0.0013990812,-0.00021721795,0.0007292833,-0.0020742044,0.00080068037,6.152876e-05,-0.0006457567,-5.278364e-05,0.0012257025,-0.00019374117,-6.415695e-05,0.9953366,0.9967494,0.99683535,0.9966653,0.9970197,0.9979105,0.99752164,0.9954379,0.99574757,0.99652785,1.000588,0.9967231,0.9976769,0.99521315,0.9968492,0.99955755,0.9967435,0.9967292,0.9968187,0.9978964
0.0,-0.0058386642,0.0014608726,0.004082244,-0.0015108809,-0.0010744408,0.014294902,-0.0037442036,-0.0065012607,-0.0022214465,-0.0023852233,-0.00891849,-0.00083222054,-0.003734015,0.0027635358,-0.00053479895,0.0018273741,0.008827329,-0.003143251,0.0019029565,-0.00041336566,0.9947755,1.0016911,0.99461913,0.9998367,1.0091774,1.0029476,1.0021598,0.99411273,0.99479365,1.0037242,1.0019286,0.99256855,0.99048555,1.0029576,0.99775225,0.9940886,0.9903259,0.9909847,1.00039,0.99012715
0.0,-0.0007519275,0.00117594,-4.325062e-06,-0.0009864755,0.00012794137,-0.0014537815,0.0009020269,0.0019674245,0.0003968738,0.0016794112,-0.0005154535,0.00062708184,-0.002109751,0.0005068891,-0.00028595515,-0.0010577813,0.0005060099,0.0008488335,9.808689e-06,7.819384e-06,0.99516356,0.99662864,0.9967543,0.9965133,0.99739224,0.99764806,0.99722064,0.9955464,0.9963054,0.9971348,0.99995434,0.9967027,0.9971325,0.9957201,0.99644226,0.99936223,0.9962199,0.9965464,0.9961641,0.9981686
0.0,-0.00060531497,0.0012472197,-3.9748847e-06,-0.0010115318,-5.8511272e-05,-0.0011848696,0.0008445829,0.001955078,0.00023525208,0.0017645601,-0.0006085411,0.0005934313,-0.0021140948,0.00041917711,-0.0003866367,-0.0011788011,0.0006725937,0.0007297173,7.8968704e-05,3.2663345e-05,0.99511254,0.99659044,0.99673504,0.9964702,0.99750996,0.9975689,0.9971321,0.99558413,0.9964826,0.9973211,0.99976766,0.99668944,0.9969657,0.99588186,0.996316,0.9992968,0.9960621,0.9964895,0.99597013,0.99825305
0.0,-0.0015572906,0.0007801056,-3.3657998e-05,-0.00082178414,0.0011532325,-0.0028857272,0.0012017824,0.0020003906,0.0013001822,0.0012059938,-1.6376376e-05,0.00080659054,-0.002043508,0.0010046102,0.00031721778,-0.0003568381,-0.000426922,0.001473438,-0.0003281422,-0.00011399388,0.99546343,0.9968333,0.99689865,0.9967779,0.99678904,0.99809307,0.99772835,0.9953655,0.9953823,0.996131,1.0010364,0.99672693,0.99803627,0.9948882,0.99710983,0.9996724,0.99709386,0.99684906,0.9972697,0.9977207
0.0,-0.00044574589,0.0013393462,-6.9625676e-06,-0.0010369606,-0.00024761632,-0.0009031072,0.0007798672,0.0019272659,9.257719e-05,0.001851311,-0.00070308894,0.00054539926,-0.0021014847,0.0003313087,-0.0004930459,-0.0012937263,0.0008252226,0.0006059613,0.00016276166,6.467849e-05,0.9950586,0.9965488,0.99672335,0.99642503,0.9976157,0.9974884,0.99705034,0.9956298,0.9966667,0.9974942,0.9995827,0.99666554,0.9968075,0.9960437,0.9961991,0.99922734,0.9959135,0.99643415,0.99578685,0.99833393
0.0,0.000657849,0.00084738433,-9.4834715e-05,-0.0004204549,0.0011714343,-0.0015280545,0.0007186979,0.0016352199,0.0011703335,0.0017947257,0.000104460865,0.000676075,-0.0015191212,0.00023078173,-0.0008383002,-0.0010768175,0.00039833412,0.0007143598,0.00039920583,0.0002755411,0.9950926,0.9968457,0.99693424,0.99609923,0.9966623,0.9976538,0.99709284,0.99554425,0.9967411,0.9973295,0.99960715,0.9965766,0.9967073,0.99640155,0.9965796,0.9983813,0.99647427,0.9970578,0.9965421,0.9983608
1.0,-0.0009661764,0.0010705069,-7.674098e-06,-0.0009467453,0.00040088035,-0.0018421169,0.0009843335,0.0019821636,0.0006341152,0.0015543345,-0.00038061664,0.0006762184,-0.0020991564,0.000636708,-0.00013346039,-0.0008771792,0.0002614446,0.0010197014,-8.723885e-05,-2.7261674e-05,0.9952403,0.9966841,0.99678653,0.9965791,0.9972254,0.9977649,0.99735206,0.9954936,0.996052,0.99686533,1.0002329,0.99671704,0.9973745,0.99548995,0.9966235,0.9994524,0.9964506,0.9966284,0.99645144,0.9980471
1.0,0.0022020638,-0.0005413145,5.216524e-05,0.0010907911,0.004590839,-0.0012103096,0.00041553006,0.0014836024,0.002859462,0.0022351965,0.0019109137,0.0015895739,-0.00045816228,-0.00047901645,-0.0018987246,-0.0016989261,-0.00076778606,6.473437e-05,0.0016210862,0.0012401044,0.9949097,0.99741733,0.9970134,0.99594,0.9947835,0.9978349,0.99673563,0.99505955,0.99727446,0.9987906,0.9991799,0.996054,0.99434406,0.9989005,0.99664193,0.9945926,0.9975122,0.99867195,0.99836475,0.99813265
0.0,0.0005449876,0.00080767274,-9.43318e-05,-0.00034451112,0.0014633536,-0.0019032452,0.0007753521,0.0015845196,0.001494702,0.0016771182,0.00023526326,0.0006632544,-0.0014387742,0.00033932924,-0.00074255094,-0.00085330755,0.00014264509,0.0008825287,0.00030699372,0.00024663657,0.99514717,0.9969094,0.9969657,0.99613124,0.9964193,0.9977613,0.9972528,0.9954987,0.99648976,0.996981,0.99986243,0.9965884,0.9970057,0.99612457,0.99681026,0.9984877,0.99671775,0.9971498,0.996862,0.9982396
0.0,0.0005405247,0.0010124445,-8.89115e-05,-0.00044521317,0.0010085125,-0.0015478246,0.0007157624,0.0015851604,0.0011628158,0.0017597266,1.8328428e-06,0.00055713765,-0.0015294813,0.00031382963,-0.0007594172,-0.0009648353,0.00037765875,0.00076760724,0.00032783672,0.00019966066,0.9951236,0.9968074,0.99693424,0.9961173,0.9967198,0.9976621,0.99720234,0.99555236,0.99666923,0.99713224,0.9996773,0.99662054,0.9969214,0.99612623,0.99663424,0.998654,0.9964481,0.9969643,0.99651986,0.9983134
0.0,-0.0015192479,0.0007914305,-2.995506e-05,-0.0008285269,0.0011072606,-0.002820976,0.0011888407,0.002004113,0.0012511499,0.0012288131,-3.876537e-05,0.00080256164,-0.0020509586,0.0009793863,0.00028715283,-0.00039309263,-0.00037521496,0.0014446825,-0.00031793863,-0.00011156872,0.9954495,0.99682546,0.99688846,0.9967637,0.9968207,0.9980719,0.9977008,0.9953693,0.9954244,0.9961832,1.0009813,0.9967299,0.99798983,0.9949268,0.99707484,0.99965787,0.99704725,0.99683416,0.99721164,0.9977439
0.0,-0.001119148,0.0010105297,-1.4856458e-05,-0.00090956315,0.00063549913,-0.0021542516,0.0010420345,0.0019691726,0.0008692108,0.0014512222,-0.00026583672,0.0006952733,-0.0020601228,0.00074476376,-1.7782673e-05,-0.00071341544,3.3691525e-05,0.0011584815,-0.00014866516,-4.499033e-05,0.99529916,0.9967267,0.9968264,0.9966291,0.99705935,0.9978606,0.99747366,0.99546,0.9958484,0.99661565,1.0004694,0.99671215,0.9975927,0.9952958,0.99679357,0.99951833,0.99666196,0.9967023,0.9967142,0.99793994
0.0,0.003686767,-0.00011699647,-0.00018678978,0.000991974,0.0036547706,-0.0003626831,6.341189e-05,0.0011061337,0.0023840182,0.002439987,0.0016284436,0.0011385176,-0.00015997887,-0.00065333024,-0.002289161,-0.0019107312,7.970631e-05,-0.0003022477,0.001995705,0.0012226924,0.9949116,0.99715877,0.99731624,0.99533176,0.9953183,0.99751914,0.99644846,0.99544185,0.99842334,0.99914795,0.9984511,0.99599236,0.9941397,0.99923944,0.9961654,0.9947211,0.99682415,0.99841005,0.99732196,0.9987466
0.0,-0.0002927631,0.0014009774,-9.603798e-06,-0.0010599121,-0.0004565455,-0.0006016791,0.0007185787,0.0019196682,-0.00010372698,0.0019444451,-0.00080963597,0.00051908195,-0.002113223,0.00023642555,-0.000590669,-0.0014279634,0.0010211505,0.00046957657,0.00023701414,8.957088e-05,0.9950082,0.99650794,0.99670255,0.99638444,0.9977687,0.9974024,0.996949,0.9956719,0.99687046,0.9977195,0.99938285,0.99665016,0.9966092,0.99623805,0.9960431,0.99914736,0.99572927,0.9963661,0.9955669,0.9984354
0.0,-0.0014813952,0.0008293018,-3.1199306e-05,-0.00083728135,0.0010719374,-0.0027682986,0.0011735372,0.0019876622,0.0012452491,0.0012452286,-5.5190176e-05,0.0007804595,-0.002037987,0.00096322224,0.00025828183,-0.00040993094,-0.00036408007,0.001424335,-0.0002943352,-9.888783e-05,0.9954343,0.9968144,0.99689037,0.99675214,0.9968191,0.998055,0.9976921,0.99538386,0.9954553,0.996196,1.0009465,0.99672085,0.99797434,0.99494797,0.997069,0.999649,0.99703366,0.99682796,0.9971892,0.9977513
1.0,-0.006991852,0.015571468,0.00045161694,-0.007755257,-0.028701507,0.006338626,0.0008858703,-0.0070969826,-0.004130766,-0.003530778,-0.02191719,-0.0034367964,-0.012839679,0.010947835,0.013857976,0.0133237615,0.0120970085,-0.0007923953,-0.005993128,-0.0026321895,0.99417144,0.9991841,0.9934211,1.0046875,1.0195407,1.0059509,0.99666196,1.0040857,0.99458784,0.99202454,0.9985481,0.99904203,1.0108113,0.99439645,1.0045341,1.0254098,0.9887439,0.9808529,0.9898427,0.99832284
0.0,-0.0015819259,0.0007623583,-4.1458756e-05,-0.000773482,0.0013414863,-0.003072776,0.0012189858,0.0019528214,0.001512561,0.0011449903,7.087737e-05,0.0007916726,-0.0019625686,0.0010641217,0.00035871938,-0.00023134798,-0.0005901791,0.001555685,-0.00034526736,-0.00011064112,0.99549156,0.9968633,0.9969438,0.99679095,0.9966357,0.9981502,0.99781847,0.99534994,0.99527097,0.9959435,1.0011815,0.99670017,0.9981909,0.9947713,0.9972451,0.9996799,0.99725056,0.99690926,0.9974721,0.9976539
0.0,-0.001020737,0.0010524467,-1.1749566e-05,-0.00091490895,0.0005639773,-0.0020298548,0.0010095611,0.0019528018,0.0008166246,0.0014934726,-0.00030134246,0.0006694123,-0.0020452514,0.0006985739,-8.4744766e-05,-0.0007663667,0.000107135624,0.0011045206,-0.00011283532,-3.084168e-05,0.9952699,0.9967112,0.99681973,0.9965969,0.9970906,0.99782205,0.99743485,0.99547577,0.9959315,0.99668825,1.0003715,0.99670327,0.99752307,0.995365,0.99674916,0.9994815,0.9965946,0.9966829,0.9966316,0.9979773
0.0,-0.0005522594,0.0012733638,-4.325062e-06,-0.0010203831,-0.00012659654,-0.0010865387,0.00082364306,0.0019499063,0.00017686933,0.0017953515,-0.00064268336,0.0005809758,-0.00211519,0.00038777292,-0.00042230636,-0.0012220219,0.0007324293,0.00068615004,0.00010499731,4.2125583e-05,0.99509436,0.9965765,0.9967286,0.99645525,0.9975533,0.9975404,0.9971004,0.99559873,0.99654746,0.9973888,0.9997009,0.99668396,0.9969051,0.9959416,0.99627006,0.99927247,0.99600536,0.9964688,0.9959006,0.99828374
1.0,0.0023396835,-0.00090044737,0.0005091317,0.001613427,0.0052623358,0.0014283936,-0.00012098998,0.0014181035,0.0021944009,0.0028902655,0.0020343326,0.0019822232,-0.00016621873,-0.0011342056,-0.0028360933,-0.0029896423,-0.0006605871,-0.0010639317,0.002941735,0.0017875135,0.99464124,0.9974297,0.9969352,0.9961348,0.99517226,0.99755925,0.9965276,0.99476594,0.99825424,1.0012242,0.9982914,0.99528193,0.9914382,1.0012871,0.9956806,0.99166846,0.9970165,0.99887127,0.99856776,0.99779046
0.0,-0.00040830672,0.0013416708,-6.1132014e-06,-0.0010422654,-0.00030860864,-0.00081928074,0.0007659197,0.0019353768,1.9006431e-05,0.0018782578,-0.0007346682,0.0005482342,-0.0021160059,0.00030296296,-0.0005169306,-0.001337789,0.00089533627,0.0005667191,0.00017560646,6.7166984e-05,0.9950463,0.9965391,0.9967125,0.996415,0.9976731,0.9974635,0.99701494,0.9956373,0.9967255,0.99757355,0.9995225,0.9966672,0.9967399,0.9961051,0.9961434,0.9992036,0.9958503,0.9964117,0.99571306,0.9983683
0.0,-0.0014052242,0.0008534044,-2.4560839e-05,-0.00085575506,0.00095942616,-0.002620576,0.0011473186,0.0019995337,0.001125399,0.0012962427,-0.00010923296,0.000774635,-0.0020622872,0.00090842694,0.0001973901,-0.00049427897,-0.00024631992,0.0013587549,-0.0002702959,-9.3489885e-05,0.99540466,0.9967956,0.99686617,0.9967244,0.9968997,0.99800783,0.99762905,0.9953957,0.99555117,0.9963204,1.0008243,0.99672896,0.9978654,0.9950394,0.9969852,0.9996194,0.99692607,0.9967926,0.99705434,0.99780416
0.0,-0.0016450435,0.0007166043,-4.1909516e-05,-0.00076695904,0.0013813358,-0.0031443331,0.0012410507,0.001975269,0.0015191324,0.0011211988,8.9820474e-05,0.000820471,-0.001983896,0.0010888241,0.0004040897,-0.0002086088,-0.0006123483,0.0015839338,-0.0003753975,-0.00012524426,0.99551255,0.9968751,0.99694175,0.9968118,0.99663836,0.9981724,0.99783206,0.99533427,0.9952271,0.99592376,1.0012342,0.99671215,0.9982143,0.99474156,0.99725306,0.9996972,0.99727315,0.99691606,0.99750376,0.99764115
0.0,-0.0010857247,0.00096453726,-2.0064414e-05,-0.000820525,0.00093075633,-0.002416866,0.0010636933,0.0018992247,0.0011761226,0.001373535,-0.00012434646,0.0006793402,-0.0019335076,0.0008144602,5.6456774e-06,-0.0005446151,-0.00016865507,0.0012721531,-0.00017030537,-4.5191497e-05,0.99533576,0.9967831,0.9968868,0.9966203,0.99683356,0.99794376,0.9975896,0.99543095,0.99570626,0.9963687,1.000635,0.9966792,0.9977908,0.9951491,0.99698603,0.9995057,0.9968656,0.9968023,0.9969903,0.99785846
0.0,0.005872771,-0.0019763485,-0.00037757307,0.0031994246,0.007691182,4.9632043e-05,-0.00060329586,0.00076081976,0.0041295923,0.0028746258,0.0043366216,0.0023771357,0.0014456585,-0.0015080497,-0.0033504032,-0.0029782802,-0.0015449338,-0.001190599,0.0039562434,0.0025167577,0.9950456,0.9972752,0.9979049,0.995113,0.99350405,0.9973291,0.99607927,0.9950861,0.9999398,1.0014586,0.9983281,0.99532735,0.9906462,1.002629,0.995538,0.98963004,0.9982192,1.0001876,0.9990925,0.99889
0.0,-0.00051413476,0.0012911111,-4.582107e-06,-0.0010261834,-0.0001743082,-0.0010163207,0.0008084066,0.0019464027,0.00013507903,0.0018172711,-0.00066674873,0.00057250634,-0.0021155328,0.00036515296,-0.0004476551,-0.0012529045,0.00077581033,0.0006547123,0.00012313947,4.8477203e-05,0.99508166,0.9965668,0.99672407,0.9964443,0.9975846,0.99751997,0.9970777,0.9956084,0.99659425,0.9974376,0.9996535,0.9966798,0.9968615,0.9959843,0.9962367,0.99925435,0.99596417,0.9964537,0.99585056,0.99830616
0.0,-0.0005768351,0.00116238,-1.2069941e-05,-0.0008489862,0.0005287733,-0.0017459672,0.00090106204,0.0018301681,0.0008491911,0.0016033445,-0.00031530112,0.00056594796,-0.0018909164,0.00056894124,-0.0003275685,-0.0008475855,0.00024125725,0.00097480416,2.675876e-05,2.9254705e-05,0.9951902,0.99670386,0.99684155,0.99645466,0.9970382,0.9977444,0.99736494,0.99552214,0.99616826,0.9968067,1.0001054,0.9966505,0.99737555,0.99555534,0.99671155,0.9993081,0.99648595,0.99670255,0.9965232,0.99807143
0.0,-0.00080543384,0.0011497736,-4.8950315e-06,-0.000976894,0.0001960434,-0.0015512463,0.00092276186,0.0019714646,0.0004560016,0.0016482491,-0.0004816763,0.00063936785,-0.002107557,0.00053911656,-0.00024847686,-0.0010131001,0.0004450865,0.0008918382,-1.4852732e-05,-1.0803342e-06,0.9951825,0.9966424,0.9967619,0.9965295,0.9973499,0.99767715,0.9972533,0.995533,0.9962415,0.99706733,1.0000234,0.99670684,0.99719304,0.9956619,0.99648786,0.99938536,0.99627745,0.996567,0.9962355,0.998138
0.0,-0.000817474,0.001092121,-8.79541e-06,-0.0008841157,0.00054833665,-0.0019014683,0.0009611137,0.0019042194,0.00082038715,0.0015440639,-0.00030902773,0.000628015,-0.001979243,0.0006362051,-0.00019866973,-0.00080845505,0.00018228963,0.0010454729,-5.80512e-05,-7.674098e-06,0.9952327,0.996709,0.9968262,0.99653083,0.99707353,0.9977831,0.9973974,0.9954912,0.99603915,0.9967507,1.0002439,0.99668205,0.99745005,0.9954534,0.9967261,0.99940073,0.99653554,0.9966874,0.9965716,0.9980247
1.0,0.0025106855,-0.00025413185,-0.0003569238,0.000991378,0.0040367227,-0.0025078151,0.0005084574,0.0011840761,0.0030894391,0.0017837882,0.0018592253,0.0012123995,-0.0005010776,-0.00010534376,-0.0013496242,-0.0009505898,-0.000633318,0.00064547546,0.0010701455,0.00089460984,0.99518543,0.9973014,0.997269,0.9956907,0.99493575,0.99783945,0.99702483,0.9953509,0.99713403,0.9975833,0.99975526,0.9964782,0.99581754,0.99761415,0.99692714,0.99620265,0.99763393,0.99834484,0.9979759,0.9984851
1.0,-0.00201362,0.0005625859,-7.464364e-05,-0.00067107007,0.0018708333,-0.0037822835,0.0013599433,0.0019444693,0.001993861,0.00089686736,0.00031758845,0.00087577105,-0.0019005612,0.0013382509,0.0007151477,0.00016482174,-0.0010932945,0.0018605366,-0.0004930571,-0.00016665831,0.99566203,0.99696296,0.99704856,0.9969508,0.9963565,0.9983918,0.99810165,0.99527144,0.99482316,0.9954281,1.0017911,0.9966806,0.99866104,0.9943672,0.9975775,0.9998156,0.99771285,0.9970552,0.99807775,0.99742806
1.0,-0.001278095,0.0009229928,-1.9486994e-05,-0.00088464096,0.0007976815,-0.0023979768,0.0011001974,0.0019921334,0.0009898432,0.0013704058,-0.00018688291,0.00074240565,-0.0020713136,0.0008304678,9.8994e-05,-0.0006040111,-0.00010602176,0.0012629777,-0.00021593645,-7.266179e-05,0.9953554,0.9967624,0.9968436,0.99668145,0.99698603,0.9979373,0.997551,0.9954256,0.9956924,0.9964702,1.0006534,0.99672526,0.9977292,0.9951644,0.9968869,0.99957484,0.9967939,0.9967468,0.9968837,0.99787074
0.0,0.0011462606,0.00027361512,-0.00014583021,0.00014523044,0.0026564375,-0.0021670926,0.0007131435,0.0015372615,0.0021715946,0.0017389394,0.0009277947,0.0009930339,-0.001103472,0.00012493134,-0.0009991862,-0.0009519756,-0.0002660714,0.00077656284,0.00060966983,0.0005673468,0.99511695,0.9971164,0.9970253,0.9960388,0.99570477,0.997833,0.9971083,0.9953836,0.9966178,0.9972827,0.99985516,0.99650174,0.99643797,0.99684143,0.9968892,0.997401,0.99718255,0.9977168,0.9974542,0.9982634
0.0,-0.0003080517,0.001390338,-8.627772e-06,-0.001056999,-0.00043676607,-0.00063060597,0.0007252358,0.001923413,-9.033829e-05,0.0019359309,-0.0007997565,0.0005246289,-0.0021151155,0.00024474412,-0.00058093295,-0.0014170185,0.0010074861,0.0004823096,0.00022735819,8.576363e-05,0.9950134,0.9965126,0.996703,0.9963885,0.9977582,0.9974103,0.9969565,0.9956663,0.99685156,0.99770296,0.99940014,0.9966534,0.99662447,0.99622166,0.9960545,0.99915427,0.99574316,0.9963717,0.99558425,0.9984276
0.0,-0.0012198053,0.00095456094,-1.7382205e-05,-0.00089675933,0.0007267799,-0.002298044,0.0010783933,0.001987665,0.00093122944,0.0014034677,-0.00022116676,0.000727281,-0.0020733364,0.00079555064,5.4681674e-05,-0.00065211207,-4.4029206e-05,0.0012197606,-0.00019105151,-6.315857e-05,0.99533355,0.9967476,0.9968343,0.99666196,0.99702376,0.99790573,0.99751675,0.99543864,0.99575615,0.99653625,1.0005778,0.99672264,0.99766904,0.99522007,0.99684346,0.9995536,0.9967354,0.99672645,0.9968086,0.99790055
0.0,-0.00015322492,0.00040361285,-0.00014197454,-0.00012731552,0.002406383,-0.0032176543,0.0010348149,0.0016165692,0.0022784062,0.0012636203,0.0006830767,0.00086523034,-0.0014128014,0.000742808,-0.00018307008,-0.00022751838,-0.00063956156,0.0014255289,-3.663823e-05,0.00015431643,0.9953961,0.99710256,0.9970653,0.9963849,0.995897,0.99812526,0.9976792,0.9953263,0.995685,0.9961518,1.000826,0.99666876,0.99775845,0.99543875,0.99736196,0.99873513,0.9974935,0.99740076,0.9978187,0.99789554
0.0,0.0013395697,0.000194408,-0.00024252385,0.00040764362,0.0031259581,-0.0028424766,0.00076480955,0.0013003554,0.0027391352,0.001520535,0.0011848882,0.00091095455,-0.0009002052,0.00034298375,-0.0008261446,-0.00048677623,-0.0005582161,0.0010736622,0.00048975646,0.00047496706,0.99527264,0.99722564,0.99718887,0.99595374,0.9954098,0.9980057,0.9974052,0.9953791,0.99640274,0.9967107,1.0002267,0.99656165,0.99697155,0.9963897,0.9972422,0.9976384,0.99751174,0.9978399,0.99788386,0.9981924
0.0,-0.0006797239,0.0012132004,-4.336238e-06,-0.0009997785,3.436394e-05,-0.0013206452,0.00087388605,0.0019606715,0.0003176853,0.0017215759,-0.00056188554,0.0006094463,-0.002112098,0.00046380237,-0.0003359653,-0.0011175573,0.0005868338,0.0007903129,4.499033e-05,2.0839274e-05,0.995138,0.99660933,0.9967448,0.99649227,0.99744934,0.997609,0.9971774,0.9955663,0.99639255,0.99722576,0.99986196,0.9966961,0.99705094,0.9957998,0.996381,0.999331,0.99614316,0.9965187,0.9960689,0.99820954
0.0,-0.0021445416,0.002223231,0.0011367723,-0.0010700673,-0.0013882462,0.0038154647,-0.00011083484,0.00041451212,-0.0016761981,0.0019310061,-0.0028450415,-0.00013416633,-0.0030991323,-0.0001254864,-0.0013470128,-0.0018392578,0.0026394017,-0.00043125078,0.0008266419,-5.0280243e-05,0.9943413,0.99774164,0.9957477,0.99699533,1.000354,0.9976534,0.9982347,0.9953697,0.9962262,0.9998436,0.998548,0.9954588,0.99398184,0.99758744,0.9955674,0.9976533,0.99372804,0.9949753,0.99590683,0.99649405
0.0,0.0020289272,7.721037e-05,0.00047796965,0.0009039156,0.0031309966,0.002321314,-0.00027917325,0.0008111717,0.00089474395,0.002609604,0.00064741075,0.0011439491,-0.0011079013,-0.0012446269,-0.002831269,-0.0027938634,0.00084355846,-0.0009930674,0.0024195686,0.0013458878,0.9943937,0.9978823,0.99657375,0.99587214,0.99684954,0.997199,0.99699414,0.9952332,0.99798805,1.0010078,0.9978948,0.99526083,0.99180883,1.0005139,0.99522555,0.99329835,0.99554664,0.99762917,0.997154,0.9977767
0.0,-0.00095697865,0.00091195107,-2.8803945e-05,-0.00074576214,0.0010704305,-0.00248269,0.0010556057,0.001864993,0.0012787916,0.0013702754,-5.1513314e-05,0.0006879885,-0.0018763021,0.00079624355,-3.2670796e-05,-0.00051862,-0.00019139796,0.0012829527,-0.0001614131,-2.6572496e-05,0.9953345,0.99681646,0.9969001,0.99658257,0.99673444,0.9979528,0.9975915,0.99541974,0.9957178,0.9963528,1.0006281,0.99668455,0.9977822,0.99518144,0.99701697,0.9994288,0.99691224,0.99685866,0.99705374,0.99787337
0.0,-0.0060290266,0.008716904,-0.0004806444,-0.0055095665,-0.01846962,0.0076711904,0.00034612417,-0.0015898589,-0.007826142,0.00078110583,-0.013777185,-0.0025676675,-0.007354878,0.004258916,0.005972876,0.0039361715,0.009698432,-0.0012716651,-0.0025704913,-0.0021650307,0.99416465,0.99668634,0.9956882,0.9998934,1.0133247,0.9989354,0.9974077,1.0002325,0.9977384,0.9975326,0.999096,0.99625605,1.001723,0.9952571,0.9954692,1.0112635,0.9884296,0.987015,0.9898911,0.99939203
0.0,0.0008171573,0.00048269331,-0.0001274161,-0.00010482222,0.002129523,-0.002137063,0.00076973066,0.0015685083,0.0018745773,0.0016772356,0.0006145388,0.0008559041,-0.0012810081,0.00027707592,-0.00082517974,-0.0008594841,-9.183213e-05,0.00087955967,0.00043914467,0.00039899722,0.99515194,0.99703497,0.9970234,0.9960886,0.9960513,0.99784064,0.9971948,0.9954376,0.9965072,0.9970954,0.9999176,0.9965334,0.9967736,0.9964629,0.996895,0.9979509,0.99700654,0.9974554,0.9972224,0.9982309
0.0,-0.00069184974,0.0007726848,-6.019324e-05,-0.00057233125,0.0014532972,-0.0026806165,0.0010450892,0.0017869892,0.0015734322,0.0013462249,0.00015802681,0.00073197484,-0.0017332919,0.00076561794,-0.00010094419,-0.00044392794,-0.00031087175,0.0013177991,-0.0001164265,3.3184886e-05,0.9953411,0.9969022,0.99694544,0.996514,0.9964764,0.99799615,0.99760795,0.99539894,0.99571794,0.996299,1.000662,0.9966756,0.99776906,0.9952731,0.9971189,0.99921805,0.99707615,0.9970198,0.997268,0.9978866
0.0,-0.0025854148,-0.0007624626,-0.00030831248,0.00030858442,0.0048333257,-0.006522009,0.0017797723,0.001745386,0.004315216,8.7019056e-05,0.0017075166,0.001477886,-0.0012823306,0.0019912757,0.0016978718,0.0015913546,-0.0029036663,0.0027957596,-0.0008212216,-7.280335e-05,0.9961837,0.9976052,0.997467,0.99737304,0.99483395,0.99927664,0.99892336,0.99495214,0.9934914,0.99397737,1.0038525,0.9965201,0.99982095,0.9937947,0.99876976,0.9992541,0.9996236,0.99801886,1.0006832,0.9968807
1.0,-0.0028279498,0.001806587,0.0007984862,-0.000911545,-0.00015689246,0.000704132,0.00072942674,0.0011671064,-0.0003646128,0.0015867054,-0.0015652962,0.00026426464,-0.003064219,0.0004562065,-0.0005215388,-0.0011402443,0.00076856464,0.00073012896,0.00013519451,-0.00016754866,0.99471575,0.9975984,0.9960012,0.99713457,0.998712,0.9978866,0.99845576,0.9952983,0.9951161,0.997986,0.9996496,0.99589926,0.9957378,0.995849,0.99646145,0.9986846,0.9953006,0.99571127,0.996856,0.99650913
0.0,0.0030958876,-0.0007262826,0.00044057146,0.0011039786,0.0042026117,0.0021610763,-0.0002730377,0.0011719363,0.0015224628,0.0029092664,0.0013431013,0.0016423743,-5.0604343e-05,-0.00072072074,-0.0026675984,-0.0028092861,0.0003027767,-0.0011970848,0.0030757524,0.0016182251,0.99477404,0.99712604,0.9974265,0.99575543,0.99605757,0.9977506,0.99628615,0.9950701,0.99908775,1.0014541,0.9979605,0.9950243,0.99176073,1.0013723,0.99558663,0.99211526,0.9965841,0.9984766,0.99791527,0.99807394
1.0,0.0025273673,-0.0007094741,-0.00020575523,0.0011700466,0.0046276413,-0.0017898697,0.00040161237,0.0014635464,0.0029267706,0.0021164268,0.002186872,0.0016708747,-0.00042843446,-0.00041944906,-0.0016868338,-0.0016032755,-0.0007653646,0.0002151914,0.0015546642,0.0012618117,0.99504715,0.9972908,0.9972001,0.99583524,0.9948196,0.9977785,0.9966492,0.995187,0.9974776,0.99867505,0.9994175,0.99620336,0.99454254,0.9988164,0.9965736,0.9947662,0.99771047,0.99867934,0.99816144,0.99843204
0.0,-0.000197649,0.0014410987,-1.199916e-05,-0.0010712408,-0.0005755555,-0.00042253546,0.0006797537,0.0019100327,-0.00021075085,0.0019988883,-0.0008709915,0.00049986877,-0.0021126568,0.00018104166,-0.0006494969,-0.0015028417,0.0011319369,0.00038839132,0.00028410554,0.00010563061,0.9949784,0.9964839,0.9966935,0.9963597,0.99785405,0.9973522,0.9968924,0.9956975,0.996992,0.99784666,0.9992677,0.9966371,0.9964963,0.9963516,0.9959547,0.9990973,0.9956242,0.99632686,0.99544305,0.99849415
0.0,-0.001739528,0.0010964051,0.00092804804,0.000100094825,0.0011096522,0.0027734507,0.0001898557,0.001268791,-0.0006266758,0.0024638828,-0.0007704273,0.00086395815,-0.0022931993,-0.0005469881,-0.0018193722,-0.0025957376,0.0007286258,-0.00036531314,0.0014659502,0.00059364736,0.9943865,0.99753875,0.99600583,0.99709636,0.9985363,0.9972408,0.9979847,0.9950612,0.99639744,1.000359,0.99873656,0.99531496,0.9927777,0.9985134,0.995241,0.9953337,0.9950193,0.99632734,0.9969614,0.99675834
0.0,0.0036166683,-0.0012859255,-1.6458333e-05,0.0020725168,0.0061676074,-0.0004993249,-2.5935471e-05,0.001286624,0.0034121163,0.0026391558,0.0030238219,0.0020772982,0.00035722554,-0.0009799264,-0.0026028324,-0.0023892894,-0.0011945777,-0.0005305726,0.0026931427,0.0018887222,0.99488974,0.9973808,0.99731743,0.99571675,0.99416095,0.99766785,0.9963861,0.99496657,0.9983503,1.0001917,0.9987454,0.9956638,0.99247104,1.0007733,0.99618286,0.9920637,0.9979241,0.999433,0.99886614,0.998343
0.0,0.0028478242,-0.00086768717,5.5357814e-05,0.0013099127,0.004740117,-2.5937334e-05,0.00010699406,0.0015443778,0.0023382045,0.002624169,0.002122648,0.0018729158,-0.0002632141,-0.00088632107,-0.0023442619,-0.0025019497,-0.00047656894,-0.0005871244,0.002350662,0.0015926287,0.9948348,0.99722445,0.99713767,0.99583656,0.99505836,0.9975553,0.9962882,0.99506205,0.998278,1.0002341,0.998613,0.9957717,0.9927792,1.0003514,0.99589735,0.9930964,0.9972348,0.99880576,0.99800414,0.99840194
0.0,-0.0012369119,0.00094382465,-1.7818063e-05,-0.0008938238,0.00074354,-0.002323851,0.0010850392,0.0019908966,0.0009421818,0.0013950691,-0.00021294504,0.00073320605,-0.002075836,0.00080462545,6.761402e-05,-0.00064094365,-5.7451427e-05,0.0012308266,-0.00019850954,-6.6477805e-05,0.9953398,0.9967518,0.9968356,0.9966678,0.9970177,0.9979143,0.9975245,0.9954351,0.9957398,0.9965226,1.0005966,0.99672467,0.99768215,0.99520737,0.9968524,0.9995597,0.9967483,0.9967312,0.9968257,0.99789375
0.0,-0.001588542,0.0007691756,-3.6437064e-05,-0.0008128062,0.0012040045,-0.0029496085,0.0012123361,0.0019946387,0.001353655,0.0011837464,7.644296e-06,0.00080890954,-0.0020309202,0.0010279305,0.0003427621,-0.00031975657,-0.00047771633,0.0015014093,-0.00033879653,-0.000116404146,0.9954761,0.99684155,0.99690986,0.9967894,0.9967532,0.998113,0.9977558,0.9953595,0.99534124,0.9960765,1.0010896,0.9967224,0.9980838,0.9948484,0.99714625,0.9996834,0.9971404,0.99686414,0.99732864,0.99769807
0.0,-4.499778e-05,0.0014273226,0.00065473095,-0.00023134425,0.00045844913,0.002184227,3.4183264e-05,0.0007210104,-0.00027895346,0.0021655466,-0.0011447556,0.00031022355,-0.0022114515,-0.0005165823,-0.0018554106,-0.0019787177,0.0016691871,-0.00029246882,0.0011546575,0.0004136786,0.99442047,0.99771404,0.99616814,0.9963372,0.99842906,0.997384,0.9976756,0.9954288,0.99683774,0.99957746,0.99830854,0.9956741,0.99392563,0.99807984,0.9956625,0.9966197,0.99471813,0.99617666,0.9962608,0.99734426
1.0,0.001750078,0.00019307435,-0.00021797419,0.000357531,0.002931932,-0.002315389,0.00067216903,0.001312132,0.0024526455,0.0016957037,0.0011054687,0.00092069805,-0.0008793101,0.00017370284,-0.0011025704,-0.000784792,-0.00022960827,0.00084046647,0.0006887987,0.000539653,0.9951832,0.997194,0.9971922,0.9958048,0.99559224,0.99789804,0.9971759,0.99542844,0.9967857,0.99717814,0.9997935,0.99647,0.9965227,0.9968518,0.99700975,0.99731493,0.9972158,0.99782515,0.9975607,0.99833655
0.0,0.0030697063,-0.0007125586,-1.2550503e-05,0.0012788251,0.0045490414,-5.1127747e-05,7.2315335e-05,0.0014851214,0.0023559593,0.0026333444,0.00208807,0.0017425511,-0.0001993142,-0.0009357892,-0.0024069212,-0.002478592,-0.00040804222,-0.0005835071,0.0023306608,0.0015736148,0.99481696,0.9971811,0.9971571,0.99573946,0.9950387,0.99746126,0.99627674,0.9951444,0.99836785,1.0000792,0.99854356,0.9958111,0.99294525,1.0002239,0.995875,0.9933005,0.9971596,0.9987542,0.9978237,0.9985283
0.0,0.0039665923,-0.0014367364,-0.00047240406,0.0022468902,0.006608693,-0.0026718453,0.00024783984,0.000966046,0.0044031925,0.001992017,0.0034544729,0.0019645784,0.00036830083,-0.000470113,-0.001912117,-0.0012808293,-0.0015275776,0.00031189248,0.0020071864,0.0016045198,0.9952295,0.9975889,0.9975982,0.9954728,0.9937394,0.99798054,0.99676454,0.99514097,0.9977742,0.99862826,0.99966323,0.9961224,0.9941844,0.99944,0.9969358,0.99346375,0.9985718,0.99952894,0.999236,0.99851483
0.0,-0.0014898852,0.0008209273,-3.0852854e-05,-0.00083831325,0.0010677427,-0.002769187,0.0011765957,0.0019947626,0.0012324713,0.0012451019,-5.6948513e-05,0.00078720227,-0.0020472668,0.000963822,0.00026391633,-0.00041370094,-0.0003565587,0.0014240704,-0.00029833987,-0.000102285296,0.99543667,0.9968154,0.99688727,0.9967545,0.9968307,0.99805605,0.99768853,0.99538195,0.9954553,0.9962057,1.0009463,0.996725,0.9979678,0.9949512,0.9970615,0.99965113,0.997027,0.9968256,0.99718183,0.9977538
0.0,0.0019036271,-3.992766e-05,-3.0204654e-05,0.0003318414,0.0027605891,-0.00052895024,0.00038612634,0.0016701976,0.0015072636,0.0023223236,0.0010203384,0.0013096891,-0.0009584464,-0.00039438158,-0.0016505811,-0.0019517317,0.00019693375,-6.231479e-05,0.0014302619,0.000981614,0.9949102,0.99699664,0.99703795,0.9959135,0.99602133,0.9975622,0.9964862,0.9953466,0.997725,0.9990603,0.9988983,0.99613947,0.994546,0.9986309,0.9960878,0.99563,0.99671453,0.9979118,0.99703103,0.9985048
0.0,1.7277896e-05,-5.211681e-05,0.000111587346,0.00020522624,0.0031336974,-0.0016853008,0.000812944,0.0019897474,0.0019358583,0.0019291192,0.0010864735,0.001483202,-0.0013448298,8.005276e-05,-0.0009144414,-0.001400359,-0.0007643178,0.00054394454,0.00082968175,0.00074943155,0.99508035,0.9971222,0.9968073,0.99656594,0.9957313,0.9979154,0.99705565,0.9950805,0.9963536,0.998019,0.99997246,0.9963029,0.9955214,0.9974363,0.99669564,0.9964587,0.9973445,0.99790704,0.99792945,0.99782896
0.0,9.932369e-05,-0.00028749555,0.00092049316,0.00071720406,0.0038376972,0.001330262,0.00027133897,0.0014722152,0.0013811775,0.0024436899,0.0006647259,0.0016378891,-0.0012138002,-0.0003408268,-0.0019053333,-0.0022946894,-0.00021468475,-0.0004978366,0.0019818582,0.0010647513,0.99473965,0.99753827,0.99655473,0.9967286,0.99631375,0.9981074,0.99713993,0.9946272,0.99695355,1.0003664,0.9988097,0.99546695,0.99282306,0.99963874,0.99628425,0.99379766,0.9966097,0.99796206,0.9985414,0.99696034
0.0,0.0029467903,-0.0012414083,-0.00026085973,0.001729954,0.006032018,-0.0025676414,0.00043635815,0.0012504319,0.0039817058,0.0019635763,0.0029191077,0.001919521,-2.4121255e-05,-0.00030145422,-0.0016769823,-0.0012333989,-0.001414556,0.00044461712,0.0016764738,0.0014370047,0.99515015,0.99758047,0.9973933,0.99577206,0.9940494,0.9981,0.99682105,0.9950733,0.9972416,0.99841076,0.9997915,0.9960935,0.9945871,0.9990051,0.9970623,0.99406624,0.99844897,0.99925435,0.999188,0.99824125
0.0,-0.00039895624,0.0013461187,-6.277114e-06,-0.0010436289,-0.00032043085,-0.00080183893,0.0007621534,0.0019343412,8.85874e-06,0.0018836353,-0.00074066967,0.0005460791,-0.0021159388,0.00029750168,-0.0005229451,-0.0013452098,0.00090583786,0.00055888854,0.00018030033,6.8835914e-05,0.9950432,0.9965366,0.9967117,0.9964125,0.99768084,0.9974585,0.9970095,0.9956398,0.9967372,0.99758554,0.99951106,0.996666,0.9967292,0.99611574,0.9961352,0.9991991,0.9958404,0.996408,0.99570096,0.9983739
0.0,-0.0014718734,0.0008268878,-3.0208379e-05,-0.00082978606,0.0010939464,-0.002781991,0.0011718683,0.0019818377,0.0012671463,0.001241399,-4.5564026e-05,0.0007777028,-0.0020249113,0.00096484646,0.00025420077,-0.00039984286,-0.00037365034,0.0014296956,-0.00029673427,-9.929761e-05,0.9954349,0.996818,0.99689466,0.99674845,0.9968019,0.9980575,0.9976983,0.9953792,0.9954484,0.9961795,1.0009537,0.99671715,0.9979866,0.9949379,0.9970815,0.9996441,0.9970445,0.9968332,0.9972047,0.9977475
0.0,-0.00054582953,0.0012759119,-4.2915344e-06,-0.0010211803,-0.00013411418,-0.0010750163,0.000821013,0.0019495161,0.00016982853,0.0017989799,-0.00064651296,0.00057978183,-0.0021151826,0.00038390607,-0.00042659044,-0.0012272298,0.00073999166,0.0006808862,0.00010768324,4.2960048e-05,0.99509233,0.99657506,0.99672776,0.9964532,0.99755853,0.99753696,0.9970965,0.9955999,0.9965552,0.99739707,0.9996929,0.99668336,0.9968977,0.9959486,0.9962644,0.99926925,0.9959982,0.99646616,0.9958921,0.99828756
0.0,-0.00059214234,0.0012680218,-5.505979e-06,-0.0009970777,8.191913e-06,-0.001243405,0.00084363297,0.0019235369,0.00033501163,0.001746403,-0.0005750656,0.0005696472,-0.0020691045,0.00043744594,-0.00038994476,-0.0011320561,0.0005996935,0.00075862557,8.493289e-05,3.979355e-05,0.9951159,0.9965988,0.99675393,0.9964649,0.99742985,0.99758756,0.9971696,0.9955834,0.9964437,0.99723303,0.99980927,0.9966754,0.99703413,0.99582916,0.9963816,0.9993026,0.9961279,0.9965175,0.99604976,0.9982216
0.0,-0.0020098537,0.00053627044,-6.392971e-05,-0.00070687383,0.0017358717,-0.0036638603,0.001361724,0.0020068362,0.0018032156,0.00093799457,0.00025742128,0.00091380253,-0.0019860417,0.0012903214,0.00068928674,5.45308e-05,-0.00094525144,0.0018044133,-0.00050178915,-0.00017962605,0.9956465,0.9969484,0.9969989,0.9969432,0.9964887,0.99834985,0.99802005,0.99527097,0.9948962,0.9955933,1.0016761,0.99671596,0.9985264,0.9944603,0.99745756,0.99981093,0.9975776,0.9970112,0.99790514,0.9974862
0.0,-0.00024993718,0.00036559254,0.00055282936,8.6799264e-05,0.0021264032,0.000994239,0.00042862445,0.0018476732,0.00053008646,0.0024770051,0.00018148497,0.0013253186,-0.0015714988,-0.00032306463,-0.001539994,-0.002332829,0.00014571473,-0.00032783486,0.0015052371,0.00080224127,0.99476093,0.9970233,0.99656117,0.99670684,0.9969564,0.99759245,0.9969747,0.995014,0.9971022,0.99977994,0.99891037,0.9958218,0.99374384,0.9986596,0.9958275,0.9954068,0.9961566,0.99736387,0.9972608,0.9975934
1.0,0.0005765557,-0.0004235208,-0.00024659932,0.0006162897,0.004207518,-0.003973618,0.0010373257,0.0015078513,0.0034067966,0.0012119897,0.0016743094,0.0013453085,-0.00095462427,0.0005584359,-0.00037611648,-0.000103510916,-0.0012802221,0.0014530271,0.00021161884,0.00051764026,0.995414,0.9974814,0.9971632,0.99629664,0.9948669,0.9983344,0.9976084,0.99515754,0.99563503,0.9962784,1.0010571,0.99659497,0.99729556,0.9961863,0.9976458,0.9974547,0.99825364,0.9981848,0.9988365,0.9978911
0.0,-0.0006575696,0.0012219176,-3.926456e-06,-0.0010028034,7.942319e-06,-0.0012810491,0.00086516887,0.0019596843,0.000292819,0.0017342307,-0.00057527795,0.0006054323,-0.0021128133,0.00045031682,-0.0003510844,-0.0011359081,0.000613261,0.00077239797,5.407259e-05,2.3733824e-05,0.99513066,0.9966041,0.9967417,0.9964855,0.9974676,0.9975971,0.99716353,0.99557054,0.9964191,0.9972545,0.99983394,0.99669456,0.9970253,0.9958238,0.9963614,0.9993205,0.99611837,0.99650985,0.99603903,0.99822277
0.0,-0.0005686581,0.00046268106,-0.00012540817,-0.00021388009,0.0023879353,-0.0034806747,0.0011262447,0.001623949,0.0023763888,0.0011320952,0.0006282963,0.0008113142,-0.0014477447,0.0009546317,5.4338947e-05,7.726252e-06,-0.0008374192,0.0016120896,-0.00016983971,4.946068e-05,0.9954839,0.9970961,0.9971121,0.9965045,0.9959183,0.9982491,0.9978816,0.9953116,0.9953943,0.99579096,1.0011486,0.9966435,0.99815583,0.9950361,0.9975504,0.9990604,0.99764043,0.9973439,0.9980365,0.9977298
0.0,-0.00070332736,0.0012017787,-4.4330955e-06,-0.0009956732,6.470643e-05,-0.0013640933,0.00088303164,0.0019625677,0.00034410134,0.0017077792,-0.00054671615,0.0006148238,-0.0021111034,0.00047795475,-0.00031972677,-0.0010979548,0.0005597882,0.0008094553,3.3825636e-05,1.6804785e-05,0.9951462,0.9966155,0.9967481,0.9964991,0.9974302,0.9976218,0.9971917,0.99556,0.996364,0.99719554,0.99989223,0.99669814,0.99707794,0.9957735,0.9964014,0.9993415,0.9961686,0.99652785,0.9961003,0.9981959
0.0,0.0009805635,-1.1280179e-05,-3.9551407e-05,0.00018596277,0.0028130542,-0.001531655,0.0006618202,0.0018125754,0.0017822497,0.0019954033,0.001017727,0.0013296735,-0.0012190826,-7.811189e-05,-0.0011476558,-0.0014824569,-0.000219848,0.00042367168,0.0009100847,0.0007695444,0.9950378,0.9970701,0.9969312,0.99618536,0.99586654,0.9977588,0.9968063,0.99526834,0.99690056,0.9981841,0.99957734,0.99636656,0.9954704,0.99767464,0.9965053,0.99652296,0.9970701,0.9978411,0.99738425,0.99825054
1.0,-0.0023763888,0.0048486143,-0.00037786365,-0.0033509657,-0.010635745,0.007880131,-0.00033828244,-0.00016234443,-0.0061111115,0.0021711811,-0.008548062,-0.0010817088,-0.0042584054,0.0013956018,0.0020160656,0.00016193092,0.0073036123,-0.0023809206,0.00034948066,-0.0006449558,0.99429935,0.9964987,0.9965196,0.99814785,1.0078026,0.9974583,0.9966634,0.99830186,0.9997877,1.0008103,0.99837047,0.9949997,0.99607474,0.99907196,0.99350554,1.0023546,0.9901231,0.99093735,0.9917514,0.9996212
0.0,-0.0015394725,0.0007888675,-3.3311546e-05,-0.0008166097,0.0011675414,-0.0028878413,0.0011961199,0.0019891802,0.001323659,0.001205761,-1.0438263e-05,0.0007971022,-0.0020261481,0.0010028854,0.00030659884,-0.00034929812,-0.0004371591,0.0014745984,-0.00032440946,-0.00011024624,0.9954601,0.9968337,0.99690413,0.99677193,0.99676836,0.99809164,0.9977337,0.9953649,0.99538195,0.99611443,1.0010371,0.99672073,0.99804723,0.99488163,0.9971226,0.999666,0.9971042,0.99685335,0.99728245,0.9977175
1.0,-0.0014332905,0.0007080063,-5.1315874e-05,-0.00067900866,0.0015429873,-0.003185086,0.0012116693,0.0018953839,0.001688946,0.0011273641,0.00016982853,0.00079043396,-0.0018676333,0.0010571294,0.0003168378,-0.00016538799,-0.00065439567,0.0015882589,-0.0003358014,-8.918345e-05,0.99549323,0.9969083,0.9969739,0.9967494,0.9964863,0.99817514,0.99784786,0.9953367,0.99525577,0.9958718,1.001206,0.99668956,0.9982287,0.99477655,0.9973239,0.99959534,0.9973419,0.99698496,0.99759936,0.9976525
0.0,-0.00037836656,0.001355879,-6.7166984e-06,-0.0010466278,-0.0003465172,-0.0007633101,0.00075379014,0.0019320594,-1.3664365e-05,0.001895465,-0.000753928,0.0005413685,-0.002115842,0.0002854839,-0.0005361941,-0.0013615713,0.0009290315,0.0005416423,0.00019067898,7.2520226e-05,0.9950365,0.9965313,0.9967095,0.9964069,0.9976983,0.99744755,0.9969975,0.99564564,0.9967629,0.9976121,0.9994858,0.9966634,0.99670553,0.9961396,0.9961168,0.99918896,0.99581826,0.99639976,0.99567443,0.9983861
0.0,-0.0008467473,0.0011374354,-6.671995e-06,-0.00097085163,0.00024902634,-0.0016273446,0.000937894,0.0019695666,0.0005110279,0.0016231257,-0.0004549548,0.0006439388,-0.0021011531,0.00056584924,-0.00021946616,-0.000974901,0.0003885962,0.0009261444,-2.9712915e-05,-5.2675605e-06,0.9951965,0.99665195,0.9967706,0.99654245,0.9973103,0.9977002,0.99728256,0.9955256,0.9961906,0.9970064,1.0000806,0.99670696,0.9972466,0.9956134,0.9965295,0.9994047,0.9963291,0.9965846,0.9962977,0.9981107
0.0,-0.00089647993,0.0011050031,-6.247312e-06,-0.0009600669,0.0003120266,-0.0017163511,0.00095775723,0.00197778,0.0005568005,0.0015951116,-0.00042433664,0.0006602444,-0.0021031275,0.0005942695,-0.00018375553,-0.0009364188,0.0003411509,0.00096451305,-5.6166202e-05,-1.5992671e-05,0.99521506,0.996666,0.9967756,0.99655735,0.997279,0.9977268,0.9973091,0.9955105,0.99613374,0.9969527,1.0001416,0.996713,0.99729604,0.99556404,0.996565,0.9994238,0.9963755,0.9966019,0.99635744,0.9980863
0.0,-0.00084361434,0.0009649247,-2.1282583e-05,-0.0007930659,0.0008375291,-0.002200108,0.0010087676,0.0018911846,0.0010418333,0.0014628209,-0.00016219541,0.00067780353,-0.0019318946,0.00070020556,-0.00012949295,-0.00067952275,2.078712e-05,0.0011582654,-0.00011144206,-1.3969839e-05,0.99528253,0.9967737,0.9968571,0.99654317,0.99689984,0.99786323,0.99747485,0.9954496,0.9958977,0.9965891,1.0004113,0.99669695,0.9975781,0.9953553,0.9968529,0.9993826,0.99671215,0.9967851,0.9967976,0.99796945
0.0,-0.0012484342,0.0007837415,-3.8530678e-05,-0.00072527304,0.0012887605,-0.0028510764,0.001149118,0.0019104704,0.0014402531,0.0012426563,5.1796436e-05,0.00076410174,-0.0019113347,0.0009336397,0.00016891584,-0.0003542453,-0.00040780753,0.0014422424,-0.0002693124,-6.888062e-05,0.995422,0.9968625,0.9969243,0.9966819,0.99664503,0.99806654,0.9977106,0.99537146,0.99547184,0.9961347,1.0009267,0.9967034,0.99799377,0.9949776,0.9971498,0.99953085,0.9971133,0.99691164,0.9973053,0.9977644
1.0,-3.742799e-05,0.00013375282,-0.00011840463,-6.558001e-05,0.0026639346,-0.0029049423,0.0009898134,0.0018047374,0.002151277,0.0014462061,0.00087212026,0.0011573117,-0.001459185,0.0004956536,-0.00038301572,-0.0006310642,-0.0006201677,0.0011616498,0.0001930669,0.0003740266,0.99529546,0.99713343,0.99696964,0.99642074,0.99583286,0.9980551,0.99736506,0.9952735,0.99590874,0.9967833,1.0005716,0.99660957,0.9970383,0.99616444,0.9971126,0.9980203,0.9974739,0.9975995,0.99777526,0.9979724
0.0,0.0013568662,3.0465424e-05,-4.30122e-05,0.000270281,0.0028810129,-0.0013226327,0.0005662702,0.0017053764,0.0018643253,0.002073817,0.0010599867,0.0012662746,-0.0010598302,-0.00017892197,-0.0013422742,-0.001550749,-0.0001625754,0.00031548738,0.0010527708,0.00083862245,0.9949862,0.9970722,0.9969694,0.99606675,0.99577016,0.9977051,0.99675393,0.9952945,0.9971009,0.99829245,0.99938834,0.99630386,0.9953141,0.9978693,0.9964757,0.9962959,0.9970283,0.99789983,0.99735826,0.9983138
0.0,0.00034990162,0.00164444,-2.2586435e-05,-0.00094087794,-0.0004493054,-0.00021094643,0.00053871423,0.001667683,9.267405e-05,0.0020730253,-0.00079924613,0.00030774437,-0.0018044114,0.00012907758,-0.0009005349,-0.0014297292,0.0010858141,0.00030545145,0.0004949458,0.00016106293,0.9949392,0.99650604,0.9967962,0.99617463,0.9976625,0.99736434,0.99694437,0.9957553,0.9971829,0.99774235,0.9990893,0.99652547,0.99651784,0.99640906,0.9960904,0.99893826,0.99564326,0.99641716,0.99554735,0.99849886
0.0,-0.00050906464,0.0007125139,-8.087233e-05,-0.00041162223,0.0018112995,-0.0029182788,0.0010441802,0.0016690036,0.0019274689,0.0012890883,0.00033651292,0.00070778653,-0.0015590414,0.0008094013,-0.00011797808,-0.00026902556,-0.0004985668,0.0014040302,-9.889901e-05,5.1733106e-05,0.99537504,0.9969759,0.99701947,0.99646217,0.9962164,0.99807775,0.9977155,0.99537814,0.99564517,0.99608696,1.0007848,0.9966473,0.99791515,0.99519116,0.9973027,0.999132,0.9972767,0.99715567,0.99755687,0.9978374
0.0,-0.00051208213,0.00084483624,0.00082773715,0.00042757764,0.0015375316,0.0032499079,-0.00010116398,0.001088609,-0.00045168772,0.0026701177,-0.00047462806,0.0009115748,-0.0018278919,-0.000945542,-0.0023590494,-0.0029158518,0.0009730421,-0.00077201426,0.0019410849,0.0008691028,0.99430466,0.9975794,0.99614966,0.9967434,0.99826664,0.99702734,0.99766904,0.99512434,0.9971342,1.0009623,0.99827886,0.99519545,0.99205613,0.9994727,0.99491316,0.9943771,0.9949023,0.99661183,0.9968287,0.99714184
0.0,-0.0006143227,0.0011550188,-7.607043e-06,-0.0008999221,0.0003465917,-0.0015925616,0.00089365244,0.0018952461,0.0006247759,0.0016493984,-0.00040579215,0.0005990695,-0.001990039,0.0005209185,-0.00033044443,-0.00096435845,0.00039500743,0.0009029899,1.8980354e-05,2.290681e-05,0.9951706,0.99667126,0.99679524,0.9964677,0.9972022,0.99768555,0.99727887,0.9955293,0.9962576,0.99699104,1.0000024,0.9966823,0.99722993,0.9956613,0.9965662,0.99930835,0.9963417,0.9966303,0.9963291,0.9981361
1.0,-0.00040440634,0.0011640862,-1.5180558e-05,-0.00084582716,0.00039671734,-0.0015237387,0.00085442513,0.001840259,0.0006788708,0.0016845111,-0.00037382543,0.0005729422,-0.0019134022,0.00046936423,-0.00042784587,-0.0009857342,0.00042894855,0.0008610301,7.826835e-05,5.3539872e-05,0.995146,0.9966831,0.99681157,0.99640286,0.9971458,0.9976639,0.9972532,0.99554354,0.9963496,0.9970339,0.99990845,0.9966635,0.9971669,0.9957526,0.9965625,0.9992078,0.99632436,0.9966648,0.9963189,0.9981766
0.0,0.0023109317,0.0010000169,-0.00022130832,6.7442656e-05,0.0014582817,-0.0008040704,0.0003443882,0.0011356706,0.0015080608,0.0020716377,0.00038422644,0.00043898076,-0.0009010844,-7.34739e-05,-0.0014808513,-0.001249887,0.0005971454,0.0002875887,0.0010208227,0.0004948713,0.9950383,0.99685913,0.9971523,0.9955751,0.9964256,0.99750185,0.9969422,0.9957018,0.9976731,0.9977644,0.99891967,0.9964241,0.99607426,0.997132,0.99640524,0.9975776,0.99625546,0.99731624,0.99639696,0.99867374
0.0,-0.0018478781,0.00062453,-5.202368e-05,-0.0007497184,0.0015261155,-0.0033868458,0.0013052858,0.0020059394,0.001622092,0.0010342505,0.00015960261,0.0008754749,-0.0020089112,0.0011874847,0.000553634,-9.457022e-05,-0.0007590838,0.0016872175,-0.00044102594,-0.00015648454,0.99557996,0.99690723,0.9969613,0.99688274,0.9965945,0.99825734,0.9979147,0.9953044,0.9950682,0.99578506,1.0014441,0.99672204,0.9983513,0.9946114,0.99733424,0.99976397,0.9974041,0.9969534,0.9976757,0.99756926
0.0,-0.00028701127,0.0006470084,-8.196756e-05,-0.0004623346,0.001558749,-0.002490772,0.0009771623,0.0017838757,0.0015176274,0.0014569368,0.00025191903,0.00081458874,-0.0016882382,0.00059271976,-0.00030009262,-0.00063438714,-0.00014229491,0.001165837,1.2692064e-05,0.00012572855,0.9952806,0.99693334,0.99692774,0.99640095,0.99645454,0.9979181,0.9974283,0.99540585,0.9959791,0.996643,1.0003936,0.99668,0.9973979,0.99567586,0.9969638,0.99886876,0.9969687,0.99710387,0.99712676,0.9980365
0.0,-0.001043167,0.0010444894,-1.1593103e-05,-0.00093410537,0.0004984122,-0.0019809287,0.0010122657,0.0019792225,0.0007327683,0.0015078895,-0.00033207238,0.0006864518,-0.002087757,0.0006863624,-7.746741e-05,-0.0008063093,0.00015963241,0.0010817461,-0.000114474446,-3.5390258e-05,0.9952674,0.99670184,0.9968031,0.99660444,0.99715686,0.997808,0.99740577,0.9954803,0.99596006,0.9967568,1.0003397,0.99671644,0.99747056,0.99540395,0.99669707,0.99948615,0.9965439,0.9966598,0.9965658,0.99799854
1.0,0.0004913062,0.0046489686,9.537116e-05,-0.0037828349,-0.008916955,0.0043004975,-4.3280423e-05,0.00019682385,-0.0035862736,0.0017595608,-0.0070813484,-0.0010577794,-0.0037485585,0.0017811246,0.0016994122,0.00030546635,0.0063152537,-0.0014680326,1.9744039e-05,-0.0006801486,0.9948877,0.99575174,0.99656093,0.99720186,1.0038061,0.9988982,0.9953793,0.99763155,0.9995908,0.9988055,0.9974253,0.99656093,0.99830794,0.99775213,0.99627626,1.0039696,0.9923006,0.9925405,0.99196005,0.9997144
1.0,-0.0017773695,0.0064382106,0.00016732141,-0.0050440617,-0.012761105,0.0046493597,0.00027497113,-0.000101967715,-0.0048657544,0.0012519527,-0.009667188,-0.0016810074,-0.0053162947,0.0028959475,0.0034381654,0.0016399696,0.0074186213,-0.0011859201,-0.0012291335,-0.0013924688,0.99481946,0.99569464,0.99606115,0.9981797,1.0064481,0.9993824,0.9956773,0.99837726,0.99861896,0.9976032,0.9977886,0.99705505,1.0005616,0.9961346,0.99684143,1.0078969,0.99132425,0.9906547,0.9908813,0.99956816
0.0,0.0021850765,0.0004878044,-0.00021853298,0.0002641678,0.002370866,-0.001523817,0.00048607215,0.0012384877,0.0020410009,0.001925664,0.0008551702,0.0007515922,-0.0008380562,-4.752353e-05,-0.0014001988,-0.001120612,0.00016850233,0.00050176866,0.00093585625,0.0006022528,0.9950689,0.99705315,0.9971672,0.99565476,0.9958795,0.99767226,0.9969707,0.9955496,0.9973073,0.9976183,0.99927735,0.9964169,0.996104,0.99722004,0.9966683,0.9971784,0.99678075,0.9976749,0.99701506,0.9985432
0.0,-0.00044210255,0.001317814,-4.347414e-06,-0.0009953678,-8.744374e-05,-0.0010604393,0.00079519674,0.0018975241,0.0002587363,0.0018069409,-0.0006235726,0.00053638406,-0.0020426027,0.00037193298,-0.0004809834,-0.0012048259,0.00070974603,0.0006763749,0.00014048442,5.972758e-05,0.99507856,0.99657935,0.9967483,0.99641883,0.99748284,0.9975349,0.9971134,0.99560696,0.99657327,0.9973469,0.9996717,0.996659,0.99692535,0.9959412,0.9963098,0.99923813,0.9960269,0.9964907,0.9959333,0.99828124
0.0,-0.00051252916,0.0013058037,-5.353242e-06,-0.0010178685,-0.00012587383,-0.0010631848,0.00080910325,0.0019256873,0.00020727143,0.0018023401,-0.0006423183,0.0005563963,-0.0020853058,0.00038037077,-0.0004467871,-0.0012180731,0.00072029606,0.0006778408,0.00012506917,5.2329153e-05,0.995085,0.99657243,0.9967373,0.9964424,0.99752676,0.9975344,0.9971059,0.9956065,0.9965615,0.99737054,0.9996877,0.99667054,0.9969145,0.9959412,0.99628544,0.99926245,0.9960136,0.9964733,0.9959096,0.9982811
0.0,-0.0003630817,0.00082178414,-7.1879476e-05,-0.00043836236,0.0016196426,-0.0026660245,0.000987269,0.0016403338,0.0017904676,0.001366524,0.0002449341,0.0006393604,-0.0015513264,0.0007705651,-0.00020924397,-0.00034806877,-0.0003551878,0.0013167094,-3.4939498e-05,4.5064837e-05,0.9953442,0.9969341,0.9970221,0.9964011,0.9963422,0.9980278,0.9976674,0.995412,0.99579906,0.9962054,1.0006067,0.99663186,0.99781775,0.9952631,0.9972228,0.99913174,0.9971228,0.9970948,0.99738485,0.9978886
0.0,0.0004957281,0.0013014674,-4.2077154e-05,-0.00074822456,0.00014619343,-0.0007367991,0.0006269999,0.0016753087,0.0004547648,0.0019607097,-0.0004671663,0.00045610964,-0.0017127842,0.00015921146,-0.000894323,-0.0013138354,0.00088911876,0.000478521,0.00041605532,0.00018119812,0.99499744,0.996637,0.99683654,0.99612874,0.9972983,0.99745554,0.9969857,0.99566597,0.9970159,0.99759746,0.9992533,0.9965614,0.99659353,0.9963934,0.996254,0.9987548,0.9959128,0.9966447,0.99586964,0.9984734
0.0,-0.0004636608,0.0013153031,-5.2005053e-06,-0.001033973,-0.00023838319,-0.00092252344,0.00078818575,0.0019412711,7.9695135e-05,0.0018463992,-0.0006991215,0.0005609263,-0.0021159127,0.00033541396,-0.0004809033,-0.0012935698,0.0008328594,0.000612868,0.00014800951,5.7343394e-05,0.99506474,0.99655354,0.99671847,0.9964303,0.99762654,0.9974929,0.9970477,0.9956221,0.9966566,0.9975023,0.9995907,0.99667394,0.9968036,0.99604166,0.9961923,0.9992304,0.9959099,0.9964337,0.9957848,0.9983357
0.0,-0.0011883378,0.010123968,-0.00027861074,-0.0056819953,-0.018903561,0.005709201,0.00012039766,-0.003259628,-0.0044351704,-0.0003184732,-0.014123302,-0.0027767643,-0.0072252713,0.005557161,0.006897378,0.0060059875,0.009857615,-0.0014332198,-0.0025426038,-0.0016786829,0.99465823,0.99684215,0.9954133,0.9999329,1.0112225,1.0016584,0.99571735,1.0010188,0.9986528,0.9956268,0.9972538,0.99757737,1.0042667,0.9962114,0.9992664,1.0140783,0.98985195,0.98699003,0.989657,1.0000603
0.0,0.0017303899,-0.0006033033,0.00035842508,0.0008925237,0.00435389,2.9960647e-05,0.00029796362,0.0015833713,0.002173666,0.0024772473,0.0015257448,0.0017126184,-0.00060051307,-0.00042258203,-0.001970062,-0.0021278039,-0.00047892705,-0.0003065206,0.001999464,0.0013123713,0.9948468,0.9973135,0.9970252,0.99613875,0.995395,0.997946,0.99662006,0.99493027,0.99754673,0.99977136,0.99887425,0.99567264,0.9934577,0.99961704,0.9963787,0.993837,0.9972439,0.99853677,0.998355,0.99781287
0.0,0.0014256015,-0.0005739257,0.00011561811,0.00091936067,0.0045265947,-0.0015115347,0.00057639927,0.0016663345,0.002777759,0.002111731,0.0018027686,0.0016888641,-0.0007146448,-0.00029270723,-0.0015741345,-0.0015694648,-0.00094142556,0.000251133,0.0013783649,0.0011485592,0.9949587,0.99742234,0.9969262,0.99620384,0.99487984,0.99796027,0.9968537,0.9949808,0.9968355,0.99857277,0.9995236,0.9961028,0.9946303,0.9985543,0.9967778,0.9949255,0.99765676,0.9985806,0.9985346,0.99792266
0.0,0.0006765127,-0.00010807067,-4.5873225e-05,0.00024648756,0.0032050665,-0.0020935815,0.0007749088,0.0018037967,0.0021911971,0.0018223003,0.0011905208,0.0013798792,-0.0011940338,9.666756e-05,-0.0009386223,-0.0011859909,-0.00059730187,0.0006679725,0.00076254085,0.000737533,0.9951155,0.9971714,0.99695545,0.99629223,0.99558485,0.99793696,0.9970007,0.99520534,0.9964974,0.99774057,0.9999727,0.9963878,0.9958689,0.99733365,0.99682236,0.99667966,0.9974272,0.9979635,0.9978409,0.99806106
0.0,0.0009003766,-5.8189034e-06,-0.0001366809,0.00025358796,0.0031663347,-0.0026621278,0.00082699955,0.0015926287,0.0024905168,0.0016039778,0.0011560321,0.0011585448,-0.0010973997,0.00026830286,-0.00081752613,-0.00075059384,-0.0005620606,0.0009706244,0.0004984401,0.00056248903,0.9951971,0.9972384,0.99705875,0.9961379,0.99547815,0.9980144,0.9972175,0.9952837,0.996301,0.9970765,1.0001876,0.9964937,0.99660814,0.99672323,0.99711126,0.9973198,0.99750876,0.99788374,0.9978977,0.99811035
1.0,0.00024210662,-0.00011495501,-8.961931e-05,0.00029272586,0.0035066493,-0.0029978175,0.0009437874,0.0017430978,0.0027074628,0.0015075244,0.001304023,0.00131635,-0.0011671558,0.00038852915,-0.0005766973,-0.0006326735,-0.0010225438,0.0010951348,0.0004003495,0.00057865307,0.99525887,0.9972754,0.99699306,0.9964175,0.99528664,0.9981368,0.9973679,0.9951598,0.9958889,0.99686927,1.000595,0.99649346,0.99673146,0.9965335,0.99726826,0.9972933,0.99782276,0.9979804,0.99832964,0.9978679
0.0,0.00012921914,0.00012676418,-0.00011776015,-4.573539e-05,0.0026374403,-0.002746774,0.00095039606,0.0017968453,0.0020848252,0.0015103575,0.0008710027,0.0011635553,-0.0014408529,0.00042442232,-0.00048017502,-0.0007289797,-0.00052596256,0.001079008,0.00026517734,0.00040913,0.995263,0.9971264,0.9969656,0.9963692,0.9958607,0.99801284,0.99728864,0.9952864,0.99604523,0.9969447,1.0004272,0.9965969,0.9968721,0.9963319,0.9970338,0.9978879,0.99739647,0.99761224,0.99768144,0.99803066
1.0,-0.0045802556,0.01289735,7.449463e-05,-0.006988909,-0.024023417,0.006188417,0.00052765757,-0.004488675,-0.005043041,-0.0014834478,-0.017972391,-0.0033530816,-0.009751577,0.007723462,0.009874926,0.008926172,0.010981455,-0.0010860302,-0.0043277703,-0.0023538396,0.9943651,0.997507,0.9944446,1.0019612,1.0151306,1.0031137,0.9962714,1.0022897,0.9966309,0.99376047,0.9979342,0.9983256,1.0075375,0.99455863,1.0011586,1.0196923,0.98901457,0.9841362,0.98923814,0.99933064
0.0,-0.001056172,0.0010316893,-1.23903155e-05,-0.00090667605,0.0006117597,-0.002094917,0.0010229386,0.001955823,0.00085547194,0.0014722943,-0.00027830526,0.0006790925,-0.0020428412,0.0007200949,-5.836785e-05,-0.00073578954,6.818771e-05,0.0011324398,-0.00013010204,-3.75323e-05,0.9952835,0.9967211,0.9968256,0.996608,0.9970645,0.9978416,0.99745625,0.99546564,0.9958901,0.9966449,1.0004189,0.9967053,0.9975621,0.99532783,0.9967778,0.9994945,0.99663186,0.9966959,0.9966792,0.9979583
0.0,-0.00038474426,0.0013528541,-6.560236e-06,-0.0010457151,-0.0003384538,-0.0007752124,0.0007563792,0.0019327644,-6.683171e-06,0.001891803,-0.0007498227,0.0005428158,-0.0021158718,0.00028919056,-0.0005320925,-0.0013565272,0.00092184916,0.0005469695,0.00018746778,7.138029e-05,0.9950386,0.996533,0.9967101,0.9964087,0.9976928,0.9974509,0.9970012,0.99564385,0.9967549,0.9976039,0.99949366,0.9966642,0.99671286,0.9961322,0.99612254,0.9991922,0.9958251,0.99640226,0.9956826,0.9983823
0.0,-0.001368925,0.001648426,0.0007968545,-0.0006750785,-0.00022152998,0.0022325572,0.0002030991,0.00090910215,-0.0008064993,0.00201457,-0.0016681105,0.00029530562,-0.0027509816,-0.00025669858,-0.0013932846,-0.0018797666,0.0017213151,-0.00012200698,0.0008027479,0.00019657984,0.99443746,0.99765426,0.9959643,0.99674314,0.9990066,0.9975015,0.99788266,0.99537575,0.9962784,0.99940807,0.99866176,0.99572176,0.9942457,0.9975306,0.99570745,0.9973365,0.99458915,0.9957673,0.99619645,0.9970021
0.0,0.0036306381,-0.0005324632,-0.00048555806,0.0015670881,0.0050086863,-0.0026673917,0.0003562346,0.00078986865,0.0038569532,0.0017874464,0.0024793893,0.0012435075,5.2843243e-05,-0.00012889504,-0.0016339496,-0.0007923916,-0.00091573223,0.0006093718,0.0014625564,0.0010613725,0.99528676,0.9974529,0.997572,0.9953403,0.99443245,0.99795544,0.9970914,0.99538076,0.99750495,0.9976288,0.9996774,0.9963251,0.99555093,0.9980333,0.99711424,0.995427,0.9979434,0.99880385,0.9984864,0.998542
0.0,0.00067445263,0.00051974505,-0.00014724955,-1.8347055e-05,0.0023319758,-0.0026459638,0.00085709244,0.0014402466,0.0022330992,0.0014829058,0.00068142265,0.0007452648,-0.001192987,0.0005025789,-0.00062486157,-0.00045835972,-0.00034142658,0.0011530537,0.00025495887,0.0002635233,0.9952717,0.99709684,0.99710244,0.99610376,0.995881,0.9979927,0.99748796,0.99541295,0.99618644,0.9965206,1.0002816,0.9965797,0.99733865,0.99590755,0.99720997,0.99834156,0.99723196,0.9974677,0.99755865,0.9980884
0.0,-0.001087822,0.0010099635,-1.0948628e-05,-0.00092260167,0.00055603124,-0.0020602196,0.0010302514,0.001988912,0.0007692762,0.0014830399,-0.00030467287,0.0007040743,-0.002091039,0.0007111989,-4.418008e-05,-0.0007728413,0.000122051686,0.0011150762,-0.00014033541,-4.6562403e-05,0.995285,0.99671537,0.9968067,0.99661803,0.9971333,0.9978318,0.9974277,0.9954648,0.99591076,0.9967137,1.0003941,0.99672276,0.9975108,0.9953623,0.9967248,0.9995008,0.99658173,0.9966743,0.99661636,0.9979792
0.0,0.0005442947,0.0005551055,-0.000114150345,-0.00025372207,0.0017793477,-0.0020104833,0.00079406425,0.0016796403,0.0015556328,0.0016905889,0.00043343008,0.00086333975,-0.0014643483,0.00027968735,-0.0007359572,-0.00095581263,4.7843903e-05,0.0008474346,0.00036508217,0.00034620613,0.9951487,0.99695975,0.9969538,0.99617124,0.996306,0.99777776,0.99715006,0.9954485,0.9965059,0.9971952,0.99989605,0.9965901,0.9967454,0.9964118,0.9967524,0.9981464,0.9968436,0.9972963,0.99697685,0.998257
0.0,-0.0014100671,0.00086443126,-2.7731061e-05,-0.00084542483,0.0010111853,-0.0026706737,0.0011484325,0.0019777361,0.001199659,0.0012788363,-8.492172e-05,0.0007603448,-0.0020306744,0.0009265356,0.00020551123,-0.00045444816,-0.0003056489,0.0013824068,-0.0002689995,-8.841604e-05,0.9954099,0.99680096,0.996883,0.9967273,0.99684393,0.9980227,0.99765974,0.9953949,0.9955182,0.9962527,1.0008683,0.99671644,0.9979198,0.99499875,0.9970333,0.99962443,0.9969797,0.9968106,0.99711984,0.99777955
0.0,0.00013596565,0.00024106354,0.0006962344,0.00022275746,0.0021443926,0.0021536388,0.00014661252,0.0016497821,0.00016774982,0.002688678,-2.834946e-06,0.0013587475,-0.0014116094,-0.0005112365,-0.0018808115,-0.0026920587,0.00058131665,-0.0008014906,0.0019896068,0.0009451136,0.99467963,0.9970309,0.99661577,0.996653,0.99734366,0.99755186,0.9968476,0.9949758,0.9976832,1.0007426,0.9984908,0.9955207,0.9927568,0.9996204,0.99546367,0.9944517,0.9958012,0.9973154,0.9971846,0.997577
0.0,-0.0013782196,0.00053727627,-7.470697e-05,-0.00051067024,0.0020063873,-0.0035834927,0.0012561306,0.00182907,0.0020728894,0.0010196324,0.0003939569,0.00083801895,-0.0017287619,0.0011362508,0.00038153306,4.8667192e-05,-0.0008928068,0.0017334782,-0.0003805831,-8.362532e-05,0.99555594,0.9970094,0.997045,0.99674773,0.9962071,0.99829185,0.99797195,0.9952846,0.995085,0.99562573,1.0014412,0.9966716,0.9984177,0.9946643,0.9975306,0.9995118,0.9976096,0.9971384,0.99796754,0.9975819
0.0,-0.0005984828,0.0012513101,-4.142523e-06,-0.0010129623,-6.8048015e-05,-0.0011717808,0.00084193796,0.0019541243,0.00022777542,0.0017686263,-0.0006132126,0.0005914606,-0.0021143332,0.00041520968,-0.00039126351,-0.0011843741,0.0006799139,0.0007240828,8.283183e-05,3.4213066e-05,0.9951102,0.9965885,0.9967342,0.9964684,0.99751544,0.9975653,0.9971282,0.99558663,0.9964911,0.9973297,0.99975896,0.9966886,0.99695796,0.99588984,0.9963103,0.9992939,0.99605507,0.9964869,0.99596137,0.99825686
0.0,-0.00078818947,0.00067055225,-7.2102994e-05,-0.0005009286,0.0017123148,-0.002981903,0.0010990314,0.0017727781,0.0017928891,0.0012525804,0.0002812147,0.00077017397,-0.0016906373,0.0008548163,3.6880374e-06,-0.00028897822,-0.0004956499,0.0014410578,-0.00017824024,1.6931444e-05,0.9953994,0.996957,0.9969833,0.99655163,0.99632674,0.9980865,0.99771094,0.9953612,0.995549,0.99610054,1.0008738,0.9966775,0.997941,0.99513113,0.99726033,0.99924064,0.997263,0.9970978,0.99751353,0.99781024
0.0,0.005934041,-0.0011197329,-0.00061703846,0.0026064813,0.0064981245,-0.0012539625,-0.0003139153,0.00038127415,0.004404675,0.0023757778,0.003639944,0.0015853681,0.0011347383,-0.0008989014,-0.0027814992,-0.0017976537,-0.001154948,-0.00039825402,0.0029863082,0.0018786937,0.9951953,0.9973973,0.9979477,0.994773,0.9937165,0.9976095,0.99651104,0.99542415,0.99923587,0.999451,0.99868065,0.9957988,0.9931047,1.000496,0.99637884,0.9923868,0.9980544,0.9997126,0.99870664,0.998956
0.0,-0.002581304,0.00024358928,-0.00012004003,-0.00055067614,0.0024672002,-0.004618084,0.0015530996,0.0019860147,0.002462294,0.0005973503,0.0005938597,0.0010347012,-0.001882296,0.0016606189,0.0011875574,0.00059749186,-0.0016270354,0.0022065192,-0.00068799034,-0.00024686754,0.9958858,0.99708545,0.997152,0.99716973,0.9961197,0.9986792,0.9984068,0.9951737,0.99430954,0.9949123,1.0025207,0.9966695,0.99914986,0.993948,0.99789363,0.99996126,0.9982064,0.997214,0.99874145,0.99719316
0.0,-0.0002827458,0.0014010891,-9.149313e-06,-0.0010600202,-0.0004676599,-0.00058362447,0.0007148124,0.0019208379,-0.00011803582,0.0019502621,-0.0008156933,0.0005194321,-0.0021146536,0.00022996962,-0.0005967971,-0.0014367923,0.0010365508,0.00046095066,0.00023957714,8.985773e-05,0.99500555,0.9965063,0.99670064,0.9963816,0.99778014,0.99739695,0.9969415,0.99567264,0.99688345,0.997736,0.99936974,0.99665004,0.99659497,0.9962509,0.9960314,0.99914116,0.99571556,0.9963614,0.9955515,0.998443
0.0,0.0016322769,0.0007818565,-0.00014215335,-0.00010666624,0.0015716814,-0.0011134986,0.0005014688,0.0014177542,0.0014375858,0.0019978527,0.00037911162,0.00065793283,-0.0011415668,-4.185736e-05,-0.001288604,-0.001277551,0.0004565902,0.0004195068,0.00080618635,0.0005009845,0.9950016,0.99689996,0.99702555,0.99581975,0.99636585,0.99756366,0.99690866,0.9955884,0.997269,0.99772704,0.99918085,0.99644965,0.9961493,0.9970614,0.996465,0.9976165,0.9964475,0.99732816,0.9965657,0.9985431
0.0,0.0006973706,-0.00074616075,0.0011118613,0.0017510802,0.0044363122,0.004925737,-0.00083999336,0.0007324284,0.00020458549,0.002960991,0.0008501299,0.0018179175,-0.0007513836,-0.0017187446,-0.0035127103,-0.00399746,0.0005226433,-0.0018510353,0.0036412477,0.0018033907,0.99429935,0.9979754,0.9964082,0.9966785,0.99756116,0.9969804,0.99752164,0.99462634,0.9981261,1.0034264,0.99811476,0.99432915,0.9886702,1.0027766,0.99412626,0.98990214,0.99532056,0.99769676,0.9982004,0.9968399
0.0,-0.00034429878,0.0008609593,-5.2690506e-05,-0.00061808154,0.0010944232,-0.0021431204,0.00093774125,0.0017988812,0.0011987574,0.0015318319,-1.5348196e-06,0.000702858,-0.0017757453,0.0005646348,-0.00033931993,-0.00074542314,7.833913e-05,0.0010715276,1.7840415e-05,7.824972e-05,0.99523646,0.99683595,0.99688727,0.9963978,0.99672407,0.99782705,0.9973826,0.9954588,0.9960996,0.99674904,1.0002189,0.99667907,0.9973598,0.9956492,0.99682915,0.9990525,0.9967187,0.99692225,0.9968173,0.9980807
1.0,-0.0012627579,0.0064710528,-0.00015651807,-0.004232265,-0.012905549,0.006665876,-4.503876e-06,-0.00072995294,-0.004961014,0.0015566945,-0.010157887,-0.001388479,-0.00497194,0.0028073043,0.0036368873,0.0020318255,0.007713722,-0.0023302138,-0.00038318336,-0.0008920394,0.9945424,0.99616146,0.99618167,0.99882495,1.007654,0.99936056,0.99558604,0.99897933,0.99993944,0.99912566,0.9975269,0.99609494,0.99893934,0.99854785,0.99606675,1.0061042,0.9906364,0.990136,0.991267,1.0000596
0.0,0.0013823546,0.0013046116,-9.578094e-05,-0.0005800426,0.00015093572,-0.00014058314,0.00042722374,0.0015048292,0.00039415061,0.0021746233,-0.00041028857,0.0004095249,-0.0014636964,-8.836016e-05,-0.0012897532,-0.0015689731,0.0011929534,0.00015347078,0.0007738061,0.00032812357,0.9949116,0.9966308,0.9969224,0.9958675,0.9973414,0.99731815,0.99676335,0.99576813,0.9976307,0.9981037,0.9987444,0.99643064,0.9960408,0.99704677,0.9960051,0.9981946,0.99564767,0.99672264,0.9956102,0.99872845
0.0,0.00087790564,-0.00027342886,0.00011207163,0.0005345978,0.0036455113,-0.0013793036,0.0006480403,0.0018328335,0.0021719746,0.002092272,0.0013631247,0.0015556179,-0.0010403879,-0.00018768013,-0.0013430957,-0.0016070381,-0.00066190213,0.0003056489,0.0011478849,0.00095068663,0.9949839,0.9972291,0.9968554,0.99632555,0.99542975,0.99785,0.99687034,0.9950604,0.9967675,0.99847126,0.9995691,0.99620676,0.99493074,0.99812037,0.99659806,0.995657,0.9973328,0.99817884,0.9980095,0.9979766
1.0,-0.00025579706,-0.00020332634,0.00010853261,0.00024723634,0.003388701,-0.0020942912,0.0009216778,0.0020439513,0.002119597,0.0018018112,0.0012031458,0.0015801545,-0.0013953149,0.00021039695,-0.000720961,-0.0012219101,-0.00097024813,0.00071259215,0.00069157407,0.00070272386,0.9951607,0.997199,0.99680394,0.99666303,0.99562293,0.99804676,0.99716425,0.99502146,0.9960764,0.9977919,1.000252,0.99634373,0.99573994,0.99723065,0.99685097,0.99656993,0.9975415,0.9979778,0.99819446,0.9977219
0.0,-0.0019085445,0.00056810677,-6.86571e-05,-0.00066427514,0.0018392056,-0.0037048887,0.0013410449,0.0019395463,0.0019519962,0.0009301007,0.0003027767,0.0008691065,-0.0018911958,0.0012890771,0.0006437078,0.000111691654,-0.0010181107,0.0018227454,-0.00047778338,-0.00015427917,0.99563396,0.99696,0.9970333,0.9969152,0.9963639,0.9983552,0.9980589,0.99527633,0.99488556,0.9954975,1.0016959,0.9966835,0.99859166,0.99443305,0.99753994,0.99977136,0.9976565,0.99704987,0.9980057,0.997467
0.0,0.001531437,0.0012960136,-0.00010180473,-0.00054328516,0.00022770278,-0.00011563301,0.00040846318,0.0014595063,0.0004688613,0.00218332,-0.00036205724,0.00039798953,-0.0013911873,-9.2580914e-05,-0.0013488382,-0.0015591681,0.001181338,0.00014239363,0.0008295551,0.00034358725,0.99491316,0.99664587,0.9969613,0.9958166,0.99729794,0.99733436,0.9967668,0.99577993,0.9976824,0.99810666,0.99870497,0.996389,0.99601954,0.997099,0.9960339,0.998115,0.99565774,0.99676394,0.99565107,0.9987326
1.0,-0.0036618747,0.007350445,0.0003508255,-0.006296713,-0.014727496,0.0024945214,0.0006749667,-8.283928e-05,-0.0053265393,0.00022688136,-0.010603845,-0.0025697127,-0.006274041,0.003945552,0.004485814,0.0025023967,0.007724859,0.00041390583,-0.002824489,-0.0025625452,0.9953337,0.99534315,0.99600035,0.99796623,1.0071481,0.9995757,0.996579,0.9983539,0.9966634,0.9948803,0.99890226,0.9982081,1.0038718,0.99230415,0.9977261,1.0122306,0.9913368,0.98984593,0.99010116,0.99894816
0.0,-0.0042249616,0.010739557,0.0003530346,-0.007162839,-0.02073874,0.004719859,0.0005067624,-0.002570171,-0.0056383014,-0.0007800497,-0.015314691,-0.0033486579,-0.0084008165,0.006074913,0.007494634,0.00601086,0.010147154,-0.0003616102,-0.0038668364,-0.0027098134,0.9948317,0.99631673,0.99508476,0.999995,1.0118932,1.001572,0.9963465,1.0005146,0.9965841,0.99405485,0.998176,0.9984966,1.0063924,0.9930813,0.999714,1.017227,0.98973215,0.9864104,0.9890999,0.9991372
0.0,-0.00068158656,0.0012235567,-5.5395067e-06,-0.0009987988,4.999712e-05,-0.0013368037,0.000873439,0.0019510258,0.00034729764,0.0017156135,-0.0005537458,0.00060109794,-0.0020993724,0.00047022104,-0.00033476204,-0.0011037439,0.00056188554,0.00079858117,4.7896057e-05,2.361089e-05,0.9951388,0.9966099,0.99675107,0.9964925,0.99742615,0.9976139,0.99718946,0.99556714,0.99638003,0.99719745,0.999877,0.99669087,0.9970734,0.9957822,0.9964011,0.9993353,0.9961642,0.99652547,0.9960927,0.9981985
1.0,-0.0037403833,0.0075991824,0.00040319934,-0.0064615235,-0.015105478,0.0024898835,0.0006541498,-0.00025103055,-0.005307786,9.446405e-05,-0.010906968,-0.0027277078,-0.006365128,0.0041411445,0.004657045,0.002739869,0.007864438,0.00048149377,-0.002930589,-0.0026566535,0.995361,0.9953379,0.9959981,0.99800247,1.0073394,0.9997264,0.9966363,0.9984236,0.996544,0.99461055,0.99894243,0.99826854,1.0042591,0.99205863,0.9979587,1.0127394,0.99130595,0.9896494,0.99005586,0.9988608
0.0,-0.00065610185,0.0012334138,-5.3681433e-06,-0.0010043345,1.0149553e-05,-0.0012829825,0.0008635372,0.00195219,0.00030785426,0.001732761,-0.0005736239,0.0005978849,-0.002105046,0.0004526116,-0.00035242178,-0.0011302754,0.0005995855,0.0007743649,5.961582e-05,2.72803e-05,0.99512947,0.99660265,0.99674547,0.99648523,0.99745554,0.99759805,0.9971696,0.995574,0.996416,0.99724054,0.99983895,0.9966903,0.99703604,0.99581707,0.99637157,0.9993228,0.996129,0.9965127,0.99604976,0.99821717
0.0,0.0010038987,0.0006961003,-0.00017420575,9.172037e-05,0.0023225062,-0.0024639405,0.0007563047,0.0012672143,0.0023586117,0.0015453007,0.00069497526,0.00059613585,-0.0010376982,0.00048069283,-0.00073584355,-0.0004124418,-0.00035382435,0.0010720752,0.00039323792,0.0002866052,0.9952706,0.99708617,0.99715817,0.99598837,0.9958208,0.99798137,0.9975312,0.9954638,0.99635994,0.99648464,1.0001674,0.9965668,0.99732053,0.99591696,0.9972316,0.9983022,0.997199,0.9975034,0.9975626,0.99811393
0.0,0.001392018,2.771616e-06,-0.00011835992,0.00021241978,0.0028524864,-0.0018637478,0.0006725453,0.0016180351,0.0020150505,0.001871245,0.001041647,0.0011860859,-0.0011013523,3.5915524e-05,-0.0011377409,-0.0012061745,-0.00012260675,0.0006055292,0.00081125274,0.00067653507,0.9950902,0.99714386,0.99706745,0.9959812,0.99579954,0.9978399,0.9968984,0.9953528,0.99689394,0.99782693,0.9996142,0.9963886,0.9958927,0.9974108,0.99670875,0.9968302,0.9971091,0.99784005,0.99741006,0.99832404
1.0,-0.001127962,0.0009198189,-2.4665147e-05,-0.0008026473,0.0009922422,-0.0025018305,0.0010829493,0.0019110581,0.001207795,0.0013497751,-9.33744e-05,0.00070448965,-0.0019449256,0.0008342825,4.4373795e-05,-0.00051769614,-0.00020553917,0.0013025105,-0.00019604713,-4.929304e-05,0.9953527,0.99679774,0.99688655,0.99663603,0.99680513,0.99796313,0.99760425,0.9954175,0.9956638,0.9963399,1.0006884,0.9966953,0.9978155,0.9951242,0.9970021,0.99951154,0.99690664,0.9968208,0.99703664,0.9978463
0.0,-0.0007168278,0.0011931062,-4.0978193e-06,-0.0009926334,8.329749e-05,-0.001389645,0.0008883439,0.001964623,0.0003581494,0.0016998239,-0.0005376935,0.00061903335,-0.0021110065,0.00048580393,-0.00031033903,-0.0010869429,0.0005459413,0.00082049146,2.618134e-05,1.3705343e-05,0.9951512,0.99661946,0.9967495,0.9965028,0.9974201,0.99762905,0.99719936,0.9955552,0.99634755,0.9971793,0.9999094,0.9966998,0.9970927,0.99575853,0.9964123,0.99934685,0.99618214,0.99653286,0.9961174,0.9981886
0.0,0.0014794171,-0.0005790591,0.0006970018,0.0010714009,0.004119601,0.0020573363,-8.4757805e-05,0.0014092866,0.0012755729,0.002780212,0.0010997616,0.0017808136,-0.0007207468,-0.0009051077,-0.0025230255,-0.0029248223,5.3267926e-05,-0.0010937322,0.0026568584,0.0014601573,0.9946486,0.9973914,0.99676335,0.9963509,0.9961842,0.9976583,0.99665123,0.99477214,0.9980877,1.0013683,0.9982602,0.99530727,0.9916298,1.0009503,0.99555916,0.99249727,0.99638957,0.9982229,0.99808246,0.9975909
0.0,-0.00024025515,0.0014210343,-1.0505319e-05,-0.0010656752,-0.0005214382,-0.00050337985,0.00069733337,0.0019155517,-0.00016431883,0.0019745454,-0.00084321573,0.0005096905,-0.0021137483,0.00020545721,-0.0006232504,-0.0014698803,0.0010842197,0.00042481162,0.0002616346,9.764731e-05,0.99499184,0.99649525,0.99669695,0.9963705,0.9978169,0.9973745,0.9969169,0.99568486,0.99693745,0.99779105,0.9993186,0.9966437,0.9965458,0.9963009,0.9959932,0.99911934,0.9956699,0.9963441,0.99549717,0.9984685
0.0,-0.0008555949,0.0011258274,-5.6810677e-06,-0.0009679757,0.00025920756,-0.0016419403,0.0009421408,0.0019747587,0.00051153824,0.0016190708,-0.00045035407,0.0006505307,-0.0021052994,0.00056954846,-0.00021298416,-0.0009709671,0.00038747862,0.0009319447,-3.723055e-05,-8.981675e-06,0.9952002,0.9966553,0.9967694,0.99654484,0.99731064,0.9977045,0.9972841,0.99552107,0.99618214,0.99700403,1.0000882,0.9967101,0.99724984,0.99560815,0.9965307,0.9994069,0.99633175,0.9965864,0.99630266,0.9981094
0.0,0.00086598843,-7.125735e-05,-0.00019451231,0.0003816113,0.0034009367,-0.0030917022,0.0008793622,0.0015317462,0.0027552135,0.001470264,0.0012915544,0.0011624284,-0.0010564551,0.00034957752,-0.00068298355,-0.0005268976,-0.000739336,0.001127962,0.00037820265,0.0005168356,0.9952744,0.9972963,0.9970844,0.99615264,0.9953081,0.9980756,0.99735934,0.99526143,0.9961243,0.9967716,1.000438,0.99658686,0.9968825,0.9964669,0.9972557,0.99748725,0.99768466,0.99793065,0.9980963,0.9980878
0.0,-0.0009121187,0.00089396536,-2.5782734e-05,-0.00074645877,0.0010321755,-0.0024235025,0.001048062,0.0018814187,0.0012106635,0.0013936255,-6.820634e-05,0.0007023122,-0.0018950477,0.0007677004,-6.0999766e-05,-0.00056477636,-0.00011894107,0.0012532137,-0.00015638769,-2.855435e-05,0.9953245,0.9968144,0.9968869,0.99656665,0.9967833,0.9979323,0.99755245,0.9954194,0.9957668,0.99643284,1.0005645,0.9966929,0.9977137,0.99524134,0.996967,0.9994017,0.9968518,0.99684477,0.9969826,0.9979074
1.0,-0.004384665,0.008450262,-0.001063522,-0.0048755296,-0.018132307,0.008208292,0.00027113035,-0.0021069916,-0.006978605,0.00077949464,-0.013740193,-0.0019367747,-0.0069883354,0.0044890307,0.0065828776,0.0048182607,0.009709835,-0.002216529,-0.0018864088,-0.00140322,0.9940856,0.9972285,0.9959559,1.0004623,1.0136805,0.9994642,0.996661,1.0010881,0.99916,0.9983731,0.9988777,0.9956009,1.0009727,0.9979155,0.9954936,1.0099945,0.9885761,0.98690796,0.9903622,1.0003622
0.0,-0.00031280518,0.00042776018,-0.00012657419,-0.00015009195,0.002429191,-0.0033773165,0.001085978,0.0015942808,0.0023611076,0.0011838488,0.00066430494,0.00081479363,-0.0013959892,0.0008970313,-6.363727e-05,-4.8846006e-05,-0.00072906166,0.0015558377,-0.00011610612,6.0956925e-05,0.9954655,0.9971116,0.9971269,0.9964156,0.99593055,0.99822336,0.9978224,0.99531186,0.9955269,0.99591386,1.0009971,0.99663377,0.99802625,0.9951707,0.99750674,0.9989328,0.9975596,0.9973677,0.9979628,0.9977946
0.0,-0.00041385368,0.0013395175,-6.0871243e-06,-0.0010416582,-0.00030216947,-0.000829285,0.0007682219,0.0019357819,2.5067478e-05,0.0018751547,-0.0007313527,0.0005492568,-0.0021160878,0.0003062673,-0.00051333755,-0.0013333559,0.0008888282,0.0005713254,0.00017321855,6.644428e-05,0.9950481,0.9965404,0.9967131,0.9964167,0.9976683,0.9974665,0.9970184,0.9956362,0.9967186,0.9975665,0.9995292,0.9966678,0.9967463,0.9960989,0.99614847,0.9992066,0.9958565,0.99641407,0.9957203,0.998365
0.0,-0.0009476952,0.00084934384,-4.498288e-05,-0.0006226152,0.0014026146,-0.0027853232,0.0010798946,0.00178874,0.0016059242,0.0012842119,0.00010897219,0.0006794017,-0.0017590486,0.000893414,4.008226e-05,-0.00031414628,-0.00042535365,0.0014080852,-0.0001896806,-3.220141e-05,0.99539274,0.9968806,0.99696916,0.99658364,0.99650866,0.99805915,0.99772704,0.99538434,0.995568,0.99609196,1.0008374,0.99667335,0.99799055,0.9950148,0.9972113,0.99942595,0.99714124,0.99696964,0.99736494,0.99778503
0.0,-0.0012084134,0.0006130487,-6.70813e-05,-0.0005425513,0.0018347502,-0.0033332463,0.0012023635,0.0018207515,0.0019271262,0.0011079274,0.00031765923,0.00080330484,-0.0017361976,0.0010408647,0.00025136024,-8.557737e-05,-0.00073241815,0.0016251411,-0.00031290576,-5.672127e-05,0.99549586,0.99697626,0.99701685,0.9966866,0.996289,0.9982117,0.99787587,0.9953182,0.9952484,0.99580026,1.0012285,0.9966698,0.9982541,0.9948153,0.9974234,0.9994511,0.9974603,0.9970985,0.99777204,0.99765855
0.0,-0.00048096478,0.0013118386,-5.7443976e-06,-0.0010326877,-0.0002182424,-0.00095374323,0.00079479814,0.0019405736,0.00010207668,0.0018363483,-0.0006885305,0.00056216866,-0.002114229,0.00034629926,-0.00046972744,-0.0012785569,0.0008090474,0.0006273724,0.00014224276,5.5987388e-05,0.99506986,0.9965571,0.99672145,0.99643534,0.9976094,0.9975023,0.9970596,0.9956197,0.99663496,0.99747676,0.9996131,0.99667466,0.99682605,0.9960211,0.9962102,0.9992399,0.9959315,0.9964413,0.99581003,0.9983239
0.0,-0.0008807294,0.00026843697,-0.00015452132,-8.031726e-05,0.002881214,-0.0041022897,0.0012418851,0.0016024206,0.002805341,0.0009253826,0.0008465387,0.00088701956,-0.0013800301,0.0011686347,0.00034156255,0.00035862625,-0.0012411922,0.0018687807,-0.00031700358,5.4985285e-06,0.9956179,0.99719495,0.9971939,0.9966279,0.99565595,0.99844396,0.99811894,0.99523294,0.99502075,0.9953585,1.0016565,0.9966436,0.9985463,0.9947009,0.997833,0.999152,0.9980341,0.9974728,0.9985575,0.99755806
0.0,-0.0019475184,0.000571467,-5.9407204e-05,-0.00072395056,0.0016542617,-0.0035570767,0.0013400763,0.0020061769,0.0017338283,0.00097510405,0.00021952018,0.00089848787,-0.0019949637,0.0012508333,0.00063668564,-3.0100346e-06,-0.00087434426,0.0017594788,-0.00047791377,-0.0001702793,0.99562055,0.9969324,0.99698436,0.9969199,0.9965287,0.99831414,0.9979797,0.9952845,0.9949623,0.99566656,1.0015863,0.9967182,0.99845934,0.9945183,0.9974108,0.9997934,0.99751127,0.99698913,0.99781704,0.9975177
0.0,-0.00019262359,0.0009566024,-4.8682094e-05,-0.00064533204,0.0009166673,-0.0018853787,0.00087699294,0.0017743753,0.0010688342,0.0016129389,-8.769333e-05,0.00065022707,-0.0017645061,0.00048277527,-0.0004490055,-0.00085467845,0.00021889433,0.00096168555,8.9187175e-05,0.00010278821,0.9951853,0.9967957,0.99687105,0.99634767,0.9968099,0.99775106,0.9973085,0.9954956,0.9962626,0.9968952,1.0000377,0.9966647,0.9972228,0.99577624,0.9967273,0.9990035,0.99657816,0.9968731,0.996641,0.9981501
0.0,-0.0014381036,0.000845775,-2.8431416e-05,-0.0008416772,0.0010343306,-0.0027089883,0.0011594519,0.0019847732,0.0012118109,0.0012660623,-7.360056e-05,0.0007714126,-0.0020368136,0.00093989074,0.00022620521,-0.0004395768,-0.0003232099,0.0013984367,-0.00028116629,-9.36687e-05,0.99541974,0.99680704,0.9968839,0.99673694,0.9968382,0.9980351,0.99767,0.9953895,0.9954943,0.9962361,1.0008965,0.99672,0.99793684,0.99498165,0.99704367,0.99963313,0.996997,0.99681693,0.9971429,0.9977706
0.0,-3.5073608e-05,0.00014091283,-0.00012562796,-2.7943403e-05,0.0027933624,-0.0030225534,0.000995487,0.0017558308,0.0023189671,0.0014096275,0.00092926994,0.0011349451,-0.0013925843,0.00053109974,-0.0003647711,-0.0005377531,-0.0007410608,0.0012138262,0.00019181147,0.00038456917,0.9953063,0.9971577,0.996999,0.99642515,0.99571115,0.9980964,0.99742985,0.9952712,0.9958342,0.99664336,1.0006627,0.99658877,0.99715066,0.9960885,0.9972177,0.9980246,0.9975889,0.99764806,0.9979273,0.99792445
0.0,-0.0016810112,0.0077949166,0.000274159,-0.00599052,-0.015008744,0.0031825155,0.0003033094,-0.0010456815,-0.004667502,0.00018111989,-0.011062603,-0.0027839541,-0.0059894845,0.0039584525,0.004335273,0.003061019,0.008476041,-6.367825e-05,-0.002533596,-0.0022485666,0.9951235,0.9957089,0.99592924,0.99784386,1.0072316,1.000047,0.99615514,0.9988071,0.99747556,0.995099,0.99799854,0.9981281,1.0037851,0.99348867,0.998262,1.0121193,0.9910935,0.98959,0.9899649,0.99933827
0.0,-0.0014858693,0.0007755831,-3.4939498e-05,-0.0007788427,0.0012586974,-0.0029463135,0.0011936054,0.001959663,0.0014154948,0.0011928305,3.193319e-05,0.00078745745,-0.0019771047,0.0010083131,0.00029113702,-0.00030799955,-0.0004798323,0.0014974512,-0.0003241785,-0.0001032874,0.9954621,0.9968517,0.9969214,0.9967568,0.996693,0.9981062,0.9977582,0.9953583,0.9953612,0.99605745,1.0010607,0.9967106,0.9980872,0.9948607,0.99717236,0.99964136,0.9971554,0.99688524,0.997353,0.9977064
0.0,0.0033680014,-0.000100284815,-0.00022855029,0.0008556619,0.003749743,-0.0013223067,0.00029829144,0.0010191686,0.0028006025,0.0021050274,0.0016211756,0.001038678,-0.00024261326,-0.00029854476,-0.001934899,-0.0013216361,-0.00014228001,0.00022164546,0.0015580393,0.0010134503,0.9950146,0.99729246,0.99738365,0.99534696,0.9951394,0.99779344,0.9967557,0.9954729,0.9977975,0.9982242,0.9989596,0.99609375,0.9951757,0.99837023,0.99672025,0.995571,0.99716675,0.9983905,0.9976872,0.99857134
1.0,0.004596669,-0.0009995848,-0.00047586486,0.002151724,0.0060948804,-0.0020555109,8.881837e-05,0.00073934626,0.0042804964,0.0021278914,0.0031705648,0.0015954301,0.0005372539,-0.00066993386,-0.00228763,-0.0013846308,-0.0011741631,5.4415315e-05,0.0021732412,0.0015720576,0.99513113,0.99756235,0.9975707,0.9951787,0.99377877,0.99780273,0.99670124,0.99527586,0.9981574,0.9986234,0.99918,0.996113,0.99413943,0.9994686,0.9967844,0.993633,0.9981131,0.99942833,0.99881434,0.9986896
0.0,-0.001525417,0.00078976154,-3.054738e-05,-0.000827685,0.0011136737,-0.0028308965,0.0011911169,0.0020036297,0.0012582131,0.0012253337,-3.5591424e-05,0.0008032229,-0.002050355,0.0009834394,0.00029195473,-0.00038754195,-0.000383202,0.0014492925,-0.0003193505,-0.00011174381,0.9954516,0.99682665,0.9968899,0.9967662,0.9968162,0.99807537,0.9977051,0.9953693,0.99541783,0.99617547,1.0009897,0.99672955,0.99799687,0.9949213,0.9970802,0.9996605,0.99705446,0.99683654,0.99722064,0.9977402
0.0,0.0004537776,0.0013036951,-4.165247e-05,-0.00075719506,0.00013932772,-0.00075624324,0.00063443184,0.0016832221,0.00045185536,0.0019534212,-0.00047196075,0.00045848824,-0.0017269067,0.00016760826,-0.0008747373,-0.0013075918,0.00087569654,0.0004883148,0.0004044585,0.00017821789,0.9950004,0.99663484,0.9968318,0.99614257,0.99729913,0.9974589,0.99699247,0.99566406,0.9969944,0.99758273,0.9992746,0.99656826,0.9966104,0.9963724,0.9962587,0.99877644,0.995924,0.9966405,0.9958765,0.99846435
0.0,-0.0015861988,0.000762403,-3.4872442e-05,-0.0008144416,0.0011901967,-0.0029358119,0.0012125559,0.0020026667,0.0013294257,0.0011892188,1.0877848e-06,0.00081491284,-0.0020417944,0.0010222495,0.00034032948,-0.00033202022,-0.00045718998,0.0014946908,-0.00034087524,-0.000119078904,0.99547505,0.9968411,0.9969038,0.99678797,0.99677145,0.9981093,0.9977456,0.9953584,0.995351,0.9960989,1.0010753,0.99672776,0.9980658,0.9948613,0.9971306,0.9996815,0.9971227,0.99685913,0.9973078,0.9977064
0.0,-0.001549691,0.00078070164,-3.260374e-05,-0.00082276016,0.0011443682,-0.0028730743,0.001199428,0.0020021033,0.0012888946,0.0012106411,-2.0798296e-05,0.00080674887,-0.0020457841,0.0009993054,0.00031116605,-0.00036457926,-0.0004149936,0.0014676899,-0.0003270842,-0.00011399388,0.9954608,0.996832,0.996896,0.99677503,0.9967964,0.9980888,0.99772215,0.9953656,0.9953907,0.9961428,1.0010247,0.9967281,0.998026,0.9948964,0.99710184,0.9996692,0.9970834,0.99684596,0.9972571,0.99772596
0.0,-0.0004944876,0.001300551,-4.8056245e-06,-0.0010292605,-0.00019932911,-0.0009798016,0.0008005537,0.0019444413,0.00011344999,0.0018286277,-0.0006793551,0.00056798756,-0.0021157525,0.0003535524,-0.0004606638,-0.0012687445,0.0007980503,0.00063844956,0.00013281032,5.1945448e-05,0.995075,0.99656165,0.9967218,0.9964388,0.9976009,0.9975095,0.9970659,0.99561375,0.9966185,0.9974628,0.99962896,0.99667764,0.9968389,0.99600655,0.9962194,0.99924517,0.995943,0.99644595,0.995825,0.9983176
1.0,-0.00011101365,0.0015296862,0.0007575117,-0.0003560111,-3.8389117e-05,0.0032234192,-0.00021176785,0.00054207444,-0.0008430779,0.0022380669,-0.0016220808,0.000223523,-0.0023094453,-0.00064204633,-0.0019766483,-0.0022128746,0.002254337,-0.00067459233,0.0013665743,0.00042925403,0.9943483,0.99773014,0.99609303,0.9963941,0.99911755,0.9973173,0.9976325,0.995452,0.9971622,1.0002294,0.99808747,0.9955037,0.9933279,0.998636,0.9952877,0.9963189,0.9941883,0.99587154,0.9959466,0.9973055
0.0,-0.0010440052,0.0010631979,-1.3813376e-05,-0.0009270981,0.00053889304,-0.002017906,0.0010104179,0.001956637,0.0008001961,0.0014946982,-0.00031250343,0.0006689001,-0.0020580888,0.00070199,-7.348694e-05,-0.0007709488,0.0001062043,0.0011008717,-0.000108614564,-3.1009316e-05,0.9952711,0.99670565,0.9968187,0.9966047,0.9971083,0.99782217,0.9974344,0.9954814,0.9959332,0.9966949,1.0003746,0.9967046,0.99752045,0.99536633,0.9967423,0.9994933,0.9965903,0.99667525,0.99662256,0.9979752
0.0,-0.0014184974,0.00084290653,-2.4534762e-05,-0.00085162,0.0009784289,-0.0026450735,0.0011523627,0.0020017354,0.0011382587,0.0012883302,-0.0001003705,0.0007796325,-0.0020618476,0.0009162575,0.00020780414,-0.0004829988,-0.0002586916,0.0013689008,-0.0002779141,-9.685755e-05,0.99541026,0.9967999,0.99686795,0.9967286,0.9968919,0.99801546,0.9976364,0.99539083,0.9955361,0.9963061,1.0008422,0.99673,0.9978786,0.99502635,0.99699426,0.99962324,0.9969384,0.99679714,0.99707127,0.9977981
0.0,-0.0018245243,0.0005584061,-7.121265e-05,-0.0006284267,0.001905188,-0.0037241187,0.001331877,0.0019101482,0.0020163022,0.0009320956,0.00033409148,0.00086012296,-0.0018465966,0.0012764707,0.0006089322,0.00012947619,-0.0010296106,0.0018265545,-0.0004654862,-0.00014215335,0.99562657,0.99697506,0.99704534,0.9968907,0.9963072,0.9983575,0.9980649,0.99527645,0.99489474,0.99547946,1.001684,0.9966743,0.99859726,0.99444795,0.9975681,0.9997308,0.9976817,0.99707687,0.9980438,0.9974727
0.0,-0.0012062043,0.00093111396,-2.3126602e-05,-0.00083756074,0.00092715584,-0.002482051,0.0010925122,0.001936391,0.0011481754,0.0013488736,-0.00012556836,0.0007119253,-0.001986824,0.00084479153,7.6144934e-05,-0.00053346157,-0.00019495189,0.0012992974,-0.00020518899,-5.8170408e-05,0.99535733,0.99678344,0.9968758,0.99666053,0.99685866,0.99796087,0.9975995,0.99542165,0.995655,0.99635816,1.0006992,0.9967017,0.99781096,0.9951149,0.99697816,0.9995492,0.9968857,0.9967956,0.99700403,0.99784136
0.0,0.003146626,-0.000630416,-0.0002547875,0.0012314431,0.0048192237,-0.0020449013,0.000406418,0.0011745784,0.003392566,0.0020116698,0.002247505,0.0014519747,-0.00016753003,-0.00035066158,-0.0018434562,-0.00126791,-0.0007553771,0.00036313199,0.0015350841,0.00119197,0.9950598,0.9974541,0.99734175,0.9955411,0.99453944,0.9978966,0.9967876,0.99528,0.9974434,0.99818945,0.9993752,0.9961474,0.9950008,0.99857527,0.99689466,0.994977,0.99775547,0.9987956,0.99836165,0.99844956
0.0,-0.0014629513,0.00082636625,-3.283471e-05,-0.0008139834,0.0011439435,-0.002825288,0.0011738315,0.0019640932,0.0013270639,0.0012286566,-2.2049993e-05,0.0007698238,-0.0019990504,0.0009765588,0.00025743246,-0.0003684312,-0.00041539595,0.0014487524,-0.00029634312,-9.46857e-05,0.9954391,0.9968262,0.9969069,0.9967475,0.99675536,0.9980706,0.9977207,0.99537826,0.9954256,0.9961321,1.0009837,0.9967099,0.9980236,0.9949134,0.9971178,0.99964124,0.9970859,0.9968519,0.9972575,0.9977324
1.0,0.0054851994,-0.0013274029,-0.00035769865,0.002646029,0.0066152643,-0.0001721736,-0.0004123114,0.0008042101,0.0038720258,0.0027722148,0.0036102757,0.001930086,0.0010383129,-0.0014233068,-0.0031977575,-0.0026414394,-0.0011245273,-0.0009835586,0.0033528842,0.0021695495,0.99493825,0.99736077,0.9976078,0.9950904,0.9937216,0.99731743,0.99616134,0.9951877,0.99945706,1.0005928,0.9982479,0.99564683,0.99174446,1.0015887,0.99576193,0.9911925,0.9977706,0.99978805,0.9985775,0.9989241
0.0,-0.0003524162,0.0009815171,-3.390014e-05,-0.0006962195,0.00086242147,-0.0019436423,0.00091122836,0.001796741,0.0010496564,0.0015767924,-0.00013057142,0.00063644536,-0.0018010736,0.00054940954,-0.00037566572,-0.00079901516,0.00018804148,0.0010178108,3.3710152e-05,5.638972e-05,0.99520993,0.9967863,0.9968738,0.9963899,0.9968577,0.9977842,0.9973621,0.9954879,0.99616814,0.9967994,1.0001204,0.9966615,0.9973413,0.995641,0.99677145,0.999132,0.9965909,0.9968333,0.9966704,0.99809855
0.0,-0.00036578253,0.0011872351,-1.4565885e-05,-0.00083979964,0.0003951285,-0.001497969,0.00084159523,0.001821409,0.00069572404,0.0016931947,-0.00037541986,0.00055394135,-0.0018910058,0.00046113506,-0.00044983998,-0.0009845421,0.0004287213,0.00085088424,9.326637e-05,5.9779733e-05,0.9951388,0.9966811,0.9968162,0.99639004,0.99713093,0.997659,0.9972547,0.9955484,0.99636644,0.9970271,0.9998913,0.99665576,0.997167,0.99575615,0.9965686,0.999198,0.9963227,0.9966678,0.9963195,0.9981785
0.0,0.00079610944,-0.000155285,0.00014945492,0.00042635202,0.003359381,-0.0010997467,0.00061717257,0.0018577594,0.0019339286,0.002153363,0.0011946335,0.0014956575,-0.0010898598,-0.00019367784,-0.0013653524,-0.0016988218,-0.0005196072,0.00023300946,0.0011731386,0.0009193495,0.9949611,0.9971534,0.99684393,0.9963405,0.9956366,0.99780047,0.996843,0.9950768,0.9968542,0.998587,0.9994671,0.9961686,0.994865,0.99812907,0.9964986,0.99571544,0.99717367,0.9980583,0.99782836,0.9979808
0.0,-0.00077563524,0.0011728108,-5.83753e-06,-0.0009839125,0.00015820749,-0.001497969,0.0009104349,0.0019641547,0.00043265894,0.001664592,-0.0004999116,0.0006273333,-0.0021042302,0.0005230047,-0.00026968122,-0.001034379,0.0004692562,0.0008692499,3.1478703e-06,6.6906214e-06,0.9951712,0.9966335,0.99676037,0.99652094,0.9973658,0.99766165,0.99723923,0.99554366,0.99627507,0.99709564,0.99998856,0.9967016,0.9971665,0.9956902,0.9964694,0.9993746,0.99625283,0.9965575,0.996203,0.99815094
0.0,-8.076802e-05,0.001296632,-1.5560538e-05,-0.0008829348,4.1741878e-05,-0.0009837504,0.0007357523,0.0018106988,0.00036419556,0.0018559974,-0.00054774806,0.0005068481,-0.0019102469,0.00029329956,-0.0006370004,-0.0012271851,0.0007660948,0.00061937794,0.00022453442,0.00010147691,0.99504954,0.99661195,0.996778,0.996306,0.99737865,0.9975097,0.9970747,0.9956172,0.9967168,0.9974121,0.99952704,0.99663496,0.9968239,0.996086,0.99630755,0.99906147,0.9960033,0.9965594,0.99593234,0.9983501
0.0,-0.00030590966,0.0013925582,-8.918345e-06,-0.0010576248,-0.00043986738,-0.00062629953,0.0007242337,0.0019225208,-9.1742724e-05,0.0019371416,-0.0008012317,0.0005234461,-0.0021145977,0.00024364144,-0.000582302,-0.0014184415,0.0010087937,0.00048044883,0.00022916496,8.653477e-05,0.9950126,0.99651176,0.99670315,0.9963879,0.9977593,0.9974092,0.9969557,0.9956674,0.9968543,0.99770474,0.9993979,0.9966528,0.9966227,0.9962238,0.99605316,0.99915355,0.9957416,0.996371,0.995582,0.99842846
1.0,-0.0023320243,0.00888589,0.00025083497,-0.005934611,-0.016982425,0.0055040214,0.00021953881,-0.0018183719,-0.0049210116,0.00027041137,-0.012976829,-0.002487231,-0.006800335,0.0046132915,0.00565732,0.0042946935,0.009069635,-0.0013264865,-0.002255801,-0.0018071458,0.99468416,0.9962772,0.99546385,0.9994182,1.0094471,1.0009437,0.99571866,0.99972546,0.99815977,0.9962336,0.99757177,0.99749124,1.0031544,0.995707,0.99857694,1.0122188,0.9903459,0.98826224,0.99019283,0.9995064
0.0,-0.000655435,0.0012229681,-3.941357e-06,-0.0010031685,5.148351e-06,-0.0012770854,0.0008643344,0.0019595167,0.00029041246,0.0017355029,-0.00057664886,0.0006049387,-0.002112899,0.00044905022,-0.00035256706,-0.0011376515,0.00061572343,0.00077065453,5.5082142e-05,2.411753e-05,0.99512994,0.9966035,0.99674135,0.99648476,0.99746937,0.9975959,0.9971622,0.99557114,0.9964217,0.99725735,0.9998311,0.9966943,0.9970228,0.9958262,0.99635947,0.99931955,0.9961161,0.996509,0.9960362,0.99822396
0.0,-0.00033942237,0.0013743564,-7.6256692e-06,-0.0010521933,-0.0003959015,-0.00069024414,0.0007379651,0.0019275974,-5.622953e-05,0.0019178279,-0.00077906996,0.0005324166,-0.0021154992,0.00026282296,-0.00056105107,-0.0013923347,0.00097288564,0.000508856,0.00021046028,7.953867e-05,0.9950237,0.99652106,0.9967058,0.9963966,0.99773145,0.99742687,0.9969746,0.99565655,0.9968118,0.9976625,0.9994382,0.996658,0.99666053,0.99618465,0.99608225,0.99916965,0.99577636,0.9963842,0.99562407,0.9984092
0.0,-0.000943806,0.0010921732,-8.735806e-06,-0.00095229223,0.00037619285,-0.0018060878,0.00097471476,0.0019734502,0.0006255694,0.0015651155,-0.00039222836,0.00066405535,-0.0020926744,0.00062616915,-0.00014985912,-0.00088954717,0.00027198344,0.0010049567,-7.240474e-05,-2.021715e-05,0.9952315,0.99667704,0.99678713,0.99657255,0.9972298,0.99775416,0.9973451,0.9955023,0.9960738,0.9968781,1.0002105,0.99671143,0.9973611,0.995506,0.9966159,0.99944574,0.99643844,0.99662304,0.9964337,0.99805343
0.0,0.0045393184,-0.0024654455,0.00020008534,0.0036350563,0.008732818,0.0010007527,-0.00059585273,0.0010945173,0.004040193,0.0031527402,0.0045380406,0.0029702038,0.0013449565,-0.0017817952,-0.0036942903,-0.0035878867,-0.0021600164,-0.0014630277,0.0043146648,0.002796799,0.9948092,0.9975422,0.99748224,0.99583536,0.993381,0.9973839,0.99630624,0.99458736,0.9993354,1.0025362,0.99832153,0.9949373,0.98915625,1.0036576,0.9953604,0.9879221,0.9983782,1.0004184,1.0000534,0.99813265
1.0,0.0016422272,-7.3194504e-05,-9.530783e-05,0.00043185055,0.0031831246,-0.0015642196,0.0005621202,0.0016208459,0.0021380968,0.0020282138,0.0012509823,0.0012857858,-0.0009386055,-0.00021476299,-0.0014020652,-0.0014630258,-0.00025090203,0.0003638137,0.001059901,0.0008711517,0.99500173,0.9971521,0.9969994,0.9959781,0.9955332,0.9977236,0.99677455,0.9952926,0.99710184,0.99818456,0.99941605,0.99634385,0.9953571,0.99789196,0.99655974,0.9962024,0.997144,0.99803054,0.99749744,0.9983631
0.0,-0.000649292,0.0012259409,-3.9078295e-06,-0.0010042004,-2.5816262e-06,-0.0012658369,0.00086191297,0.0019589616,0.0002837032,0.0017390363,-0.0005805269,0.0006035287,-0.0021130294,0.0004453808,-0.00035675988,-0.0011426806,0.00062266365,0.00076564774,5.7991594e-05,2.514571e-05,0.9951278,0.996602,0.99674064,0.99648297,0.99747425,0.99759257,0.9971585,0.9955727,0.9964291,0.99726504,0.99982333,0.99669373,0.9970159,0.995833,0.9963541,0.9993167,0.9961095,0.99650663,0.99602807,0.99822754
0.0,0.0024127327,0.00018503517,-0.000138361,0.00025292858,0.0024520308,-0.0006631892,0.00035569817,0.0014334274,0.0015930943,0.0022348724,0.000900317,0.0010408442,-0.00085359067,-0.00030278042,-0.0016858559,-0.0017191023,0.0004194565,5.9582293e-05,0.0013604499,0.00086547807,0.9949416,0.9969969,0.99717873,0.9956581,0.9961002,0.9975658,0.9965558,0.99552,0.9978505,0.998689,0.9988059,0.9961622,0.9950173,0.9983169,0.9962162,0.99612707,0.9965828,0.99779236,0.996811,0.9986526
0.0,-0.0012366213,0.00094168633,-1.7415732e-05,-0.00089337677,0.0007434096,-0.0023232885,0.0010851398,0.0019922322,0.0009395592,0.00139549,-0.00021314248,0.0007344987,-0.0020770133,0.0008039847,6.7483634e-05,-0.0006420836,-5.4653734e-05,0.0012303255,-0.00019961223,-6.726384e-05,0.99533993,0.99675214,0.9968349,0.99666744,0.9970197,0.9979141,0.9975232,0.99543417,0.99574065,0.9965252,1.0005955,0.9967255,0.9976801,0.99520844,0.9968504,0.9995591,0.9967462,0.9967306,0.99682343,0.99789494
1.0,0.00086960196,0.0006469339,-0.00013216212,-9.324774e-05,0.0020073,-0.0020969305,0.00073512644,0.0014846707,0.0019074194,0.0016740505,0.0005458705,0.0007291306,-0.0012343898,0.0002874881,-0.0008388553,-0.0007849932,-8.572638e-05,0.00088175945,0.00042196363,0.00035965443,0.9951555,0.9970107,0.99702066,0.996057,0.9960474,0.9978194,0.9972654,0.9954607,0.9965145,0.99694926,0.9999099,0.9965685,0.9969089,0.9962927,0.99692583,0.99812466,0.9969613,0.9973999,0.9971811,0.9982328
1.0,0.008961309,-0.002663888,-0.00058664754,0.005585458,0.009594342,0.0066665728,-0.00325156,-0.0012199674,0.0034480356,0.0035724295,0.0055610463,0.002071984,0.0045316815,-0.0031570196,-0.005935179,-0.005461581,-0.0015222989,-0.004337311,0.008613642,0.003762424,0.9956386,0.9972563,0.99934864,0.9942034,0.9949701,0.9954619,0.99694604,0.995393,1.004056,1.0062357,0.99775606,0.9927113,0.9837103,1.0082359,0.9914825,0.98198956,0.99645823,1.0004356,0.9991763,0.9990852
0.0,0.0030494966,3.182143e-05,-0.00021022558,0.0005931705,0.0030573066,-0.0009246301,0.00029136613,0.0012217071,0.00212669,0.0021992903,0.0012752749,0.0010413863,-0.00053824484,-0.0003756471,-0.0018736273,-0.0015981123,0.00023354217,7.835589e-05,0.001488179,0.00095114484,0.99497235,0.9971253,0.99727184,0.99545246,0.9956473,0.99760485,0.9965957,0.9955084,0.9979563,0.9985667,0.99878645,0.9961662,0.9949771,0.998441,0.9963597,0.99579394,0.99678355,0.9980756,0.9971073,0.9987076
0.0,-0.0019440651,0.0005754009,-5.9533864e-05,-0.00072521716,0.00165019,-0.0035515819,0.0013385639,0.0020047836,0.0017327555,0.0009767786,0.00021771714,0.0008964017,-0.0019939765,0.0012491085,0.00063374825,-5.13345e-06,-0.0008730255,0.0017572995,-0.00047564134,-0.00016902015,0.995619,0.9969311,0.9969845,0.9969188,0.9965288,0.9983121,0.9979785,0.9952858,0.9949654,0.9956681,1.0015827,0.9967174,0.99845755,0.9945204,0.99740994,0.9997927,0.9975097,0.9969882,0.9978142,0.99751854
0.0,0.0029192045,-0.00031013042,0.0006480813,0.0011211298,0.003493838,0.0037523992,-0.00061584264,0.0008122111,0.0008249618,0.0030254452,0.0006649047,0.0013316665,-9.9439174e-05,-0.0010295548,-0.003087839,-0.0031460747,0.0009391308,-0.0017129295,0.0034220703,0.001503732,0.99464566,0.99724615,0.9972027,0.9958646,0.99694234,0.99747556,0.99655294,0.9950744,0.9993905,1.0021739,0.9975459,0.99476284,0.9909292,1.0018971,0.9950175,0.9918006,0.99558735,0.9979377,0.99751234,0.99792695
0.0,-0.00048144907,0.0013076141,-5.1409006e-06,-0.001031585,-0.00021659769,-0.00095511787,0.00079535693,0.0019427566,9.9327415e-05,0.0018362366,-0.00068799406,0.00056457333,-0.0021158122,0.00034597144,-0.00046925247,-0.0012792349,0.000812266,0.00062756985,0.00013981387,5.4582953e-05,0.99507046,0.99655795,0.9967205,0.99643534,0.99761164,0.99750245,0.9970584,0.9956179,0.9966347,0.9974794,0.99961275,0.99667585,0.99682415,0.9960217,0.9962082,0.9992392,0.99592936,0.9964408,0.99580824,0.9983251
1.0,-0.0057557635,0.0064753443,-0.00049103424,-0.004472766,-0.014646251,0.007550737,0.00041055307,0.00011679251,-0.007896557,0.001902232,-0.010790259,-0.0014835801,-0.005894974,0.0027459264,0.0041012373,0.0013776645,0.007887082,-0.0015666969,-0.001181975,-0.0016063042,0.99434215,0.99595386,0.9962545,0.9993,1.0108038,0.9976189,0.99722016,0.99902976,0.99857205,0.99946755,0.99925935,0.995598,0.9986125,0.9965704,0.99371564,1.0066143,0.9893821,0.98906684,0.9906917,0.9995355
0.0,0.0014102086,-0.0009732172,0.0004605949,0.0010188781,0.0049867965,-0.00025216118,0.00041457266,0.0016314825,0.0024450235,0.0023735575,0.0017353706,0.0019686911,-0.00065219775,-0.00024313852,-0.0018022284,-0.0019870177,-0.00075822696,-0.00018248707,0.0019838251,0.0013410933,0.99492323,0.9974927,0.9970352,0.99628115,0.9952333,0.99824816,0.9967111,0.994772,0.9972334,0.9998126,0.99912363,0.9956029,0.9933756,0.99972737,0.9966314,0.9935102,0.99756676,0.99875903,0.9989298,0.99752104
0.0,0.0028111935,0.00016921014,-0.00033557415,0.0009661801,0.0037746243,-0.0021367017,0.00039234385,0.00093543157,0.0032134615,0.0018708371,0.0016727336,0.00087885,-0.00030504167,-9.857863e-05,-0.0015140288,-0.00082440674,-0.00060348585,0.00055546686,0.0012111142,0.0008621365,0.99515206,0.9972947,0.9973066,0.99554557,0.9949085,0.99786156,0.99713814,0.995454,0.99724996,0.99735516,0.99958307,0.99640846,0.99600536,0.9974407,0.99703676,0.9963993,0.99750805,0.99831975,0.9979734,0.9984449
0.0,3.299862e-05,0.00017942488,-0.00016565248,1.92374e-05,0.0027951784,-0.0033410266,0.0010342747,0.0016317619,0.0024679713,0.0012758803,0.0009093061,0.0010154638,-0.001341667,0.00065267086,-0.00026133657,-0.00027733296,-0.0007346794,0.0013938155,3.7211925e-05,0.0002597198,0.9953798,0.99718827,0.99706376,0.99636173,0.99568295,0.9981457,0.9975984,0.9952895,0.9957146,0.9962846,1.0008203,0.9966567,0.99755186,0.9957133,0.99736816,0.99837846,0.9976294,0.99758416,0.99798423,0.99792767
0.0,0.0021646656,-0.0023608357,0.00093044713,0.0026883185,0.0052868593,0.010127688,-0.003235057,-0.0015749438,-0.00092573836,0.0020872839,0.00017917529,0.0017687734,0.0015310347,-0.0015441775,-0.0039673112,-0.004090987,0.0026254524,-0.0040893294,0.0064313337,0.0021914355,0.99538314,0.9980557,0.99809784,0.99656546,1.0011486,0.996942,0.99857855,0.9948581,1.001244,1.0069044,0.9998752,0.99199057,0.9846772,1.0073694,0.9915837,0.9849184,0.9937277,0.9966704,0.99892837,0.9967132
0.0,-0.00079933554,0.0008508861,-4.4491142e-05,-0.00060277805,0.0013926532,-0.0026972983,0.001053825,0.0017689914,0.0015858151,0.0013203695,0.00010993704,0.0006707702,-0.0017269813,0.0008476041,-4.127063e-05,-0.00035886467,-0.0003531538,0.0013656467,-0.00015066937,-1.9706786e-05,0.99537003,0.99688333,0.99697155,0.996534,0.9965194,0.99803364,0.99768746,0.995395,0.9956509,0.9961674,1.0007349,0.9966597,0.99791443,0.995102,0.9971821,0.99935734,0.9970845,0.99697506,0.997308,0.9978267
0.0,0.0031873658,-0.00013934821,-0.00032633543,0.0008904785,0.0035135895,-0.0013162307,0.0002594851,0.0011709677,0.0024371184,0.0021415744,0.0016553104,0.0011594389,-0.00042399392,-0.00037786365,-0.0017971788,-0.0015432388,-5.8870763e-05,0.00014496408,0.0015430301,0.0010325834,0.99506724,0.9971151,0.9973428,0.9954643,0.9954127,0.99758935,0.9966486,0.9954785,0.9979834,0.9985314,0.9989916,0.99625355,0.9949133,0.998477,0.99638337,0.9955754,0.99706936,0.9982354,0.9973055,0.9987499
0.0,0.00026218593,0.00026804954,0.00038536638,0.00046800822,0.0031393226,-0.00044665672,0.0005740039,0.001659411,0.0018041842,0.0022058375,0.0008551851,0.0012546126,-0.0011928417,-0.00018024817,-0.0014808942,-0.0016902983,-0.00060158595,0.00017303042,0.0012391247,0.0008148588,0.9948589,0.997269,0.9966729,0.9965144,0.99585366,0.99779797,0.9972323,0.9950015,0.9965957,0.9986031,0.99933994,0.9960131,0.9947247,0.9979309,0.9965465,0.9957535,0.9969034,0.9978285,0.9979928,0.997565
0.0,-0.0012006089,0.00096057355,-1.6093254e-05,-0.00090102106,0.0006984789,-0.0022604242,0.001071699,0.001990106,0.00090140477,0.0014162287,-0.000234887,0.0007257294,-0.002078995,0.00078201666,4.0069222e-05,-0.0006727353,-1.4785677e-05,0.0012030005,-0.00018435717,-6.151199e-05,0.9953264,0.9967429,0.9968287,0.9966555,0.9970445,0.9978942,0.99750125,0.9954422,0.99578077,0.99656767,1.0005478,0.99672407,0.9976415,0.99524397,0.99682224,0.99954563,0.99670863,0.9967175,0.9967754,0.99791396
0.0,-0.0012609102,0.0009266734,-1.9501895e-05,-0.0008710921,0.0008403901,-0.002427645,0.0010974072,0.0019752337,0.0010422878,0.0013620052,-0.0001673922,0.000731878,-0.0020434707,0.00083654,9.2912465e-05,-0.0005795583,-0.00013693795,0.0012761895,-0.00021574646,-6.9301575e-05,0.99535626,0.99676836,0.99685407,0.99667597,0.99694353,0.9979446,0.9975681,0.99542177,0.99567634,0.99642885,1.000672,0.99671715,0.99776024,0.9951418,0.9969181,0.9995691,0.99682486,0.99676085,0.9969237,0.99785906
0.0,0.0013877153,0.00042956322,-0.00012032688,-7.1603805e-05,0.0018303413,-0.0010821503,0.0005452223,0.0016647466,0.001266513,0.0020592678,0.000542175,0.0009822007,-0.0012882501,-0.00014138967,-0.0012495425,-0.0015451014,0.00040453672,0.00031287596,0.0008685142,0.00062724575,0.9949876,0.9969058,0.99695796,0.99596584,0.9963811,0.9975386,0.9967193,0.9954911,0.9973009,0.9981967,0.99920017,0.9964394,0.9956503,0.99751437,0.99625915,0.9971258,0.99652046,0.9974424,0.9966002,0.9985555
0.0,0.00062092766,0.000110931695,-0.000119987875,7.003918e-05,0.0027618818,-0.0024820194,0.00084358826,0.0017000418,0.002149541,0.0016298927,0.000952214,0.0011419542,-0.0012765005,0.00027678534,-0.00073864684,-0.00086119026,-0.00042228028,0.00092862174,0.00044907257,0.00051121786,0.9951895,0.997144,0.9970001,0.99621797,0.99575496,0.9979484,0.9971734,0.9953087,0.9963164,0.99717647,1.0001509,0.9965274,0.99658555,0.99666697,0.9969687,0.9975281,0.99733496,0.9977119,0.99763227,0.9981275
1.0,-0.00095650554,0.005861968,-0.0015869848,-0.00272597,-0.012799077,0.010384733,-0.0007512644,-0.0028253254,-0.0051584467,0.0011538658,-0.010871921,-0.0010668524,-0.0038034655,0.003802482,0.00490281,0.0040966347,0.008307546,-0.0039366856,0.0014248416,-3.984198e-05,0.99453557,0.9977605,0.99776703,0.99970067,1.011928,0.9992004,0.9967576,1.0008448,1.0021906,1.0011259,0.9994225,0.9929657,0.9966019,1.0026892,0.99383664,1.0023326,0.98940194,0.9887163,0.99299127,1.0006012
1.0,0.0012468137,0.00019900501,-0.00018294156,0.00039061904,0.0031948946,-0.002654191,0.00074150413,0.0013717543,0.0027376302,0.0016051531,0.0011869632,0.0009586718,-0.00090066716,0.00027675554,-0.00090159103,-0.0005879998,-0.000623066,0.0009711012,0.0005626045,0.0005470626,0.99521255,0.99724436,0.9971259,0.9960069,0.99533755,0.9980119,0.99733746,0.99533683,0.99638885,0.9968388,1.0001583,0.9965133,0.9967862,0.99655616,0.9972183,0.9974289,0.99752426,0.99790716,0.9979576,0.99813324
1.0,0.0046288297,-0.0005309507,-0.0004662685,0.0018745102,0.005328724,-0.001560336,1.0482967e-05,0.00065129437,0.0039144345,0.0022054408,0.0027350634,0.0012741536,0.0004710965,-0.00066700205,-0.0023376122,-0.0014349893,-0.00085989013,-6.978586e-05,0.0022019632,0.0014677495,0.99508935,0.9974395,0.9975541,0.9950896,0.99411285,0.99769425,0.9967036,0.99540526,0.99834347,0.9985706,0.99894017,0.996109,0.9942929,0.9992595,0.99665815,0.9940918,0.9977384,0.9991593,0.9983669,0.9987481
1.0,-0.002654383,0.0048645064,0.0004566349,-0.0042677,-0.009624902,0.0042802487,0.00043077767,0.0009596115,-0.004758138,0.001794029,-0.007552158,-0.0011418015,-0.0045505054,0.0020379834,0.0020336378,3.2559037e-05,0.005889192,-0.0008511804,-0.00063353404,-0.0013211407,0.99489236,0.9955997,0.99631244,0.99766177,1.004669,0.9984684,0.9963017,0.99718136,0.99809736,0.99841005,0.99828255,0.99664,0.99873906,0.9959161,0.9958783,1.004943,0.9919775,0.99216443,0.9920657,0.9988048
1.0,-0.0011752918,0.00078257173,-4.252419e-05,-0.0006732382,0.0014077704,-0.0029205736,0.0011410005,0.0018609706,0.0015735663,0.0012266655,0.00010792911,0.00074076466,-0.0018379577,0.00094659626,0.00015118904,-0.0002907589,-0.0004769601,0.001470074,-0.00026024505,-5.93625e-05,0.9954269,0.9968837,0.9969532,0.9966602,0.9965426,0.99808985,0.99775094,0.995365,0.99544805,0.996047,1.0009639,0.99668646,0.9980556,0.99494004,0.9972224,0.9995025,0.9971859,0.9969551,0.9974073,0.9977439
0.0,0.00030184165,3.3587217e-05,-5.5860728e-05,7.198751e-05,0.0028304309,-0.0022346806,0.0008488856,0.0018774811,0.0019954406,0.0017344747,0.0009974428,0.0013103075,-0.0013682358,0.00019587204,-0.00074773096,-0.0010967702,-0.00054403767,0.0007812213,0.00055705383,0.00060526654,0.9951579,0.99710566,0.996904,0.9963843,0.99578613,0.9979154,0.9970834,0.99522996,0.99632305,0.9975091,1.0001235,0.99648714,0.9961869,0.99694973,0.9968148,0.99718577,0.99733675,0.9977657,0.99766856,0.9980521
0.0,-0.00095869973,0.0010742843,-7.5139105e-06,-0.0009482242,0.00039114058,-0.0018285401,0.0009814948,0.0019817017,0.00062568486,0.0015587546,-0.000385385,0.0006744657,-0.0020996816,0.0006321557,-0.00013890862,-0.00088357925,0.00027002394,0.0010137893,-8.384511e-05,-2.599135e-05,0.9952375,0.99668205,0.9967852,0.99657685,0.99723125,0.99776083,0.9973475,0.9954955,0.9960608,0.99687487,1.0002232,0.99671656,0.9973659,0.995498,0.9966172,0.99944943,0.9964426,0.99662554,0.9964413,0.9980513
0.0,-0.0004512705,0.0013212115,-5.375594e-06,-0.001035858,-0.0002540853,-0.0008994527,0.0007832125,0.0019399738,6.612763e-05,0.0018535163,-0.0007070713,0.00055807456,-0.0021159574,0.0003281273,-0.0004889965,-0.0013034865,0.00084684417,0.000602562,0.00015416369,5.952269e-05,0.9950606,0.9965503,0.99671715,0.9964268,0.99763685,0.9974864,0.99704033,0.9956254,0.996672,0.9975183,0.99957544,0.9966726,0.9967894,0.9960558,0.9961813,0.9992245,0.99589664,0.99642885,0.9957687,0.998343
1.0,0.0015724562,-0.0004413873,0.0006845705,0.0010187067,0.004035054,0.0018205028,-3.9625913e-05,0.0013330299,0.00143319,0.0027180612,0.0010380596,0.0016390532,-0.0007115677,-0.0008272268,-0.0025041662,-0.0027359873,6.111711e-05,-0.0009453073,0.0025139116,0.0013740249,0.9946436,0.9974447,0.9967648,0.99627054,0.9960909,0.9977089,0.99672383,0.99481195,0.99794495,1.0010047,0.9982522,0.995361,0.99203986,1.0006145,0.9957597,0.99287885,0.9964049,0.9982009,0.9980944,0.9975758
0.0,-0.0015238933,7.0258975e-05,-0.00015978888,-0.00015692413,0.00310524,-0.0045985878,0.0014022402,0.0017487053,0.0029455237,0.0007313546,0.00093158707,0.0010508802,-0.0015005916,0.0013529621,0.00068760663,0.0005438253,-0.0015617572,0.0020785257,-0.0004878752,-3.5248697e-05,0.995729,0.99724483,0.9971917,0.9968663,0.99559224,0.99859726,0.9982559,0.99517095,0.9946073,0.99509114,1.0021474,0.99663377,0.99882627,0.99445957,0.99798006,0.9992987,0.9983208,0.9975116,0.9989036,0.9973847
0.0,-0.0014501214,0.00084112585,-3.1989068e-05,-0.0008146465,0.0011422001,-0.002813343,0.0011669882,0.0019551031,0.0013374649,0.0012316499,-2.3566186e-05,0.00075916946,-0.0019868687,0.0009747483,0.00024774857,-0.00036556274,-0.00041855127,0.0014452487,-0.00028932467,-9.323284e-05,0.9954357,0.9968239,0.9969114,0.9967424,0.9967494,0.9980687,0.9977236,0.99537957,0.99543035,0.9961236,1.000979,0.996703,0.9980297,0.9949096,0.99712497,0.99963933,0.99708676,0.9968507,0.99726,0.99773026
0.0,0.000981465,0.000114537776,0.00053721666,0.0005171634,0.0027421545,0.0015866235,0.000120170414,0.0015538232,0.0008126013,0.0026797662,0.0005014315,0.001358429,-0.0010868907,-0.0006887354,-0.0021323077,-0.0026195124,0.00033445284,-0.00072850287,0.00203697,0.0010825247,0.9946594,0.99714303,0.9966848,0.996368,0.99664277,0.99747974,0.99675226,0.9950199,0.9977874,1.0004439,0.99838716,0.99562645,0.9928916,0.9996693,0.99561685,0.99426675,0.9960721,0.99767214,0.99732065,0.9978124
0.0,0.0029752925,-0.00026665628,7.805228e-05,0.0010487847,0.004020598,0.00016808324,6.8344176e-05,0.0013137767,0.0022960342,0.0026065828,0.0016374998,0.0013840068,-0.0002296567,-0.0007873699,-0.0023947079,-0.0022400469,-0.0002142489,-0.0005129762,0.0021988451,0.0013889596,0.99478036,0.9972084,0.9971135,0.9956888,0.9952141,0.997554,0.9964512,0.99520725,0.9982074,0.99967027,0.9984422,0.99579513,0.99346817,0.9997277,0.9960897,0.9939499,0.9969377,0.9985381,0.9977414,0.99838954
0.0,0.0011113249,0.0009995922,0.001406394,0.00040181354,0.0016060416,0.0062964354,-0.0014871359,-0.0011205049,-0.00030304864,0.0019913763,-0.0018501878,9.632297e-05,-0.0015176125,-0.0010299534,-0.00307679,-0.0024499074,0.0031390488,-0.0019822866,0.0028988868,0.0009555854,0.994305,0.99871343,0.99608684,0.9962469,0.9996442,0.997946,0.9980726,0.9950689,0.9979551,1.0022422,0.9977099,0.99442714,0.99065506,1.001484,0.99515456,0.99306846,0.9935974,0.99604166,0.9971566,0.9962459
1.0,0.0014117397,-0.0013196804,0.0007830411,0.0020107217,0.0060105417,0.0015692823,-8.492172e-05,0.0014831014,0.0022382624,0.0028660232,0.0022720397,0.0024011005,-0.00023211166,-0.000995189,-0.0026891697,-0.0030859709,-0.0011284985,-0.0009903144,0.0030499399,0.0018529184,0.9947209,0.9974927,0.9968137,0.996651,0.9952485,0.9978037,0.99682796,0.99446326,0.99784434,1.001714,0.99863696,0.9951322,0.99079174,1.001621,0.9957588,0.9908791,0.9973459,0.998957,0.9993223,0.9972509
1.0,-0.004709659,0.007661842,-0.0006267652,-0.004888892,-0.01656951,0.0077924784,0.0001351051,-0.0013802787,-0.0073379055,0.0010839328,-0.012539007,-0.0021029077,-0.006584849,0.0035333782,0.0051027266,0.0031706244,0.00932751,-0.0017078593,-0.00180915,-0.001673989,0.99417335,0.9968043,0.9959049,0.9995205,1.0121517,0.9986359,0.9970583,0.99996054,0.99854463,0.9985271,0.99883497,0.9958675,1.0002127,0.9967312,0.9949116,1.008929,0.9887326,0.9878992,0.9902908,0.99972534
0.0,-0.0015788674,0.0007224977,-4.0650368e-05,-0.00075242296,0.0013909787,-0.0031189788,0.0012278594,0.00195969,0.0015304275,0.0011343546,9.410828e-05,0.00080981664,-0.0019614957,0.0010693222,0.000367634,-0.00021745265,-0.0005934909,0.001571022,-0.00036308542,-0.000117368996,0.9955005,0.99687773,0.99694353,0.9967901,0.9966215,0.9981613,0.99782205,0.99533623,0.99525374,0.9959367,1.0011984,0.99670815,0.99819636,0.99476534,0.997252,0.9996699,0.9972629,0.9969219,0.9974935,0.99765474
0.0,-0.00052892417,0.0005038157,-9.656325e-05,-0.0003814362,0.0019581728,-0.002997201,0.0010747649,0.0017726142,0.001879137,0.0012937393,0.00043667853,0.00087417476,-0.0016348511,0.0007576905,-0.00010270998,-0.0003689602,-0.00047796592,0.0013824273,-9.78522e-05,9.6518546e-05,0.99537504,0.99701685,0.99698615,0.9964889,0.99621344,0.9980769,0.99761045,0.9953461,0.995658,0.9962816,1.0007762,0.99667394,0.99772,0.99540526,0.99721783,0.99894446,0.9972965,0.9972224,0.997551,0.9978834
0.0,-0.0017576814,0.0006913468,-5.016476e-05,-0.00076537207,0.0014501568,-0.0032682829,0.0012719296,0.0019805068,0.0015901513,0.0010739658,0.00012359396,0.0008365568,-0.001988493,0.0011451505,0.00048378855,-0.00014162064,-0.0007108003,0.001639409,-0.0003995709,-0.0001353398,0.9955458,0.99688643,0.99695843,0.99685216,0.996603,0.9982169,0.9978847,0.99532676,0.9951404,0.99583155,1.0013535,0.9967095,0.998302,0.99466395,0.99730873,0.9997393,0.9973566,0.99693614,0.9976076,0.99759424
0.0,-0.00035855174,0.0048903227,0.00017037615,-0.0042392537,-0.009189233,0.0028263554,0.00022794679,0.00056735985,-0.003586404,0.0014602747,-0.0069481507,-0.001394907,-0.004032623,0.0018720962,0.0017047301,0.00031340867,0.006057646,-0.0005670637,-0.0008192025,-0.0011579916,0.99501175,0.99557614,0.9963965,0.99692214,1.0033308,0.9986441,0.9957988,0.997379,0.9984105,0.99736065,0.997903,0.9972416,0.99976957,0.9956687,0.9965901,1.0056773,0.9925007,0.9925804,0.9916456,0.9994412
0.0,-0.0016310401,0.0017705485,0.00130165,-0.00079958513,-0.00079861656,0.004771104,-0.00048704445,2.4070963e-05,-0.0016829111,0.0018996615,-0.0028671324,3.2832846e-05,-0.0029686317,-0.00039827824,-0.0017393958,-0.002069965,0.0031497926,-0.0009292476,0.0012760423,0.00016881526,0.9942834,0.9981106,0.9956781,0.99694365,1.0006016,0.99778575,0.99816394,0.9952349,0.9965932,1.000831,0.99831176,0.995192,0.99283516,0.99886256,0.9953302,0.99641085,0.9934332,0.99506074,0.9961334,0.99634814
1.0,-0.002063226,0.0022679046,0.0011335611,-0.0011894479,-0.0020226669,0.004904302,-0.00037977472,0.0002593808,-0.0023347363,0.0020258538,-0.003355693,-0.00018140301,-0.0031152368,-0.00025231764,-0.0014265887,-0.0020562783,0.003360901,-0.0008809678,0.001050692,-2.3458153e-05,0.9942879,0.99768215,0.9957546,0.9970415,1.0012168,0.9975165,0.99810284,0.99547243,0.9967513,1.0005707,0.9983738,0.9952774,0.993395,0.9982767,0.9950506,0.997347,0.99312145,0.9946208,0.99546236,0.99665564
0.0,-0.0004362911,0.0013283342,-5.6140125e-06,-0.0010381117,-0.00027307495,-0.000871554,0.0007771887,0.0019383878,4.97289e-05,0.0018621348,-0.00071664527,0.0005546417,-0.0021159984,0.0003193505,-0.00049876235,-0.0013154745,0.00086373836,0.00059008785,0.00016160682,6.217882e-05,0.9950556,0.9965464,0.9967155,0.99642277,0.9976495,0.9974784,0.9970315,0.99562955,0.99669063,0.99753743,0.99955696,0.9966708,0.99677217,0.9960728,0.99616814,0.99921733,0.9958804,0.9964229,0.99574935,0.99835175
0.0,-0.0006278306,0.0064153895,-0.00013647601,-0.0041848607,-0.0123484135,0.0060511306,-7.200986e-05,-0.00058455486,-0.0046865903,0.0016444959,-0.009513315,-0.0016209278,-0.0046115555,0.002508074,0.003024714,0.0015709847,0.007480573,-0.001995463,-0.00038934126,-0.00095655024,0.99461484,0.9959628,0.9962513,0.99820626,1.0067201,0.9990666,0.9956379,0.99871224,0.999825,0.99867815,0.99731946,0.99637395,0.99917644,0.9978126,0.99609435,1.0061415,0.99085253,0.9906364,0.99105495,1.0000293
0.0,-0.0013198592,0.0009017512,-2.1278858e-05,-0.00087476894,0.00085442327,-0.002474431,0.0011154525,0.001992803,0.0010402091,0.001344854,-0.00015961006,0.0007515196,-0.002065625,0.00085709244,0.00013120472,-0.0005653873,-0.00015662983,0.0012960043,-0.00023366138,-7.902086e-05,0.9953717,0.9967735,0.9968523,0.9966955,0.99695283,0.9979611,0.9975788,0.99541545,0.9956436,0.9964156,1.0007123,0.9967254,0.99777824,0.9951198,0.99692297,0.99958986,0.9968413,0.996763,0.99694425,0.9978469
0.0,-0.0010959953,0.0010256246,-1.4256686e-05,-0.0009232946,0.00057082623,-0.0020796359,0.0010307468,0.0019758306,0.00080534443,0.0014751423,-0.0002966635,0.00069300644,-0.0020775832,0.00072163716,-3.778562e-05,-0.0007539168,8.697435e-05,0.0011258423,-0.00013395399,-4.1782856e-05,0.9952869,0.996715,0.99681586,0.9966215,0.9971071,0.99783933,0.99744457,0.9954697,0.9958953,0.99667823,1.0004165,0.9967157,0.9975398,0.9953421,0.99675,0.9995089,0.99661064,0.9966823,0.9966487,0.9979642
0.0,0.0016143285,0.00030234456,-0.00017665327,0.00033364445,0.0028755926,-0.002120193,0.0006268546,0.0013595028,0.0024244376,0.00177457,0.0010615997,0.00090751797,-0.00088293105,8.650869e-05,-0.0011584219,-0.0008840412,-0.0002983287,0.00073173456,0.00073904544,0.0006049797,0.9951203,0.99716353,0.9971027,0.9958809,0.9955305,0.9978463,0.9971385,0.99540514,0.9967754,0.99724317,0.99974597,0.9964688,0.99640083,0.99691904,0.9969558,0.99722874,0.9972109,0.9978341,0.99755734,0.9983041
0.0,-0.00049692765,0.0013111457,-5.2154064e-06,-0.0010085441,-9.645149e-05,-0.0010836069,0.00080758333,0.0019124234,0.0002464205,0.0017968994,-0.0006276816,0.00054732524,-0.0020651184,0.00038518384,-0.00045291707,-0.0012007803,0.0006969087,0.00068772957,0.00012804195,5.467981e-05,0.99508584,0.9965773,0.9967446,0.9964368,0.9974954,0.9975415,0.9971189,0.9956054,0.9965501,0.9973397,0.9996983,0.99666506,0.99693745,0.9959246,0.99631006,0.9992603,0.9960358,0.9964856,0.99593884,0.9982715
0.0,-0.0022544488,0.00037900358,-9.474531e-05,-0.00059009716,0.0022129118,-0.0042252988,0.0014573745,0.0019612433,0.0022523813,0.00074552,0.00047566742,0.0009616576,-0.0018758215,0.0014883205,0.0009288583,0.00038348138,-0.0013533346,0.002040211,-0.00059976056,-0.00020361319,0.99576896,0.9970358,0.99709874,0.99704653,0.9962063,0.998532,0.9982504,0.9952142,0.9945632,0.99516726,1.002145,0.9966775,0.9989026,0.9941645,0.99774545,0.9998648,0.9979678,0.99714816,0.99842083,0.9973177
1.0,0.0026205666,0.00011203438,-0.00026264042,0.0007787682,0.003553031,-0.0020069983,0.00045664608,0.0010768119,0.0029141791,0.0018797163,0.0014918633,0.00092967413,-0.00046461076,-8.109212e-05,-0.0015066266,-0.00092757493,-0.00039115548,0.0005520545,0.0011148639,0.00080312416,0.995116,0.99728566,0.99725926,0.99557674,0.99511516,0.9978519,0.99705446,0.9954268,0.99721164,0.9974929,0.9994852,0.99637765,0.9959565,0.997472,0.9969608,0.99647117,0.99733746,0.9982065,0.99780154,0.9984331
0.0,0.0018013418,2.168119e-06,-0.00021895394,0.0005515553,0.0034114178,-0.002462592,0.0006606057,0.0013380023,0.0027323253,0.001710115,0.0013661012,0.00106618,-0.0007861331,8.646399e-05,-0.0011548344,-0.0008095801,-0.000463143,0.0008041281,0.00075529143,0.0006649196,0.99516726,0.99727625,0.99715686,0.99584526,0.99527276,0.9979234,0.99714434,0.9953465,0.996731,0.99724436,0.9998628,0.996477,0.9963284,0.9970604,0.9970482,0.99693424,0.9974333,0.9980413,0.99784017,0.9983053
1.0,-0.0021487102,0.002017498,0.0010839067,-0.00093267485,-0.000809608,0.0029314514,0.000103805214,0.0005796524,-0.0011931024,0.001846008,-0.0023855194,1.2155622e-05,-0.0030698702,-4.4852495e-05,-0.0012502428,-0.0016904175,0.0021212362,-0.000119347125,0.0006744154,-4.04045e-05,0.9944089,0.99779975,0.99577874,0.9969713,0.9997375,0.9977403,0.9982748,0.9953067,0.99590576,0.9994115,0.9987313,0.99558306,0.99432373,0.99724376,0.99586654,0.99774414,0.9941946,0.9952768,0.99625057,0.9964678
0.0,-0.0006499328,0.000586167,-8.353591e-05,-0.00047814846,0.001708027,-0.0028485768,0.0010708533,0.0018227948,0.0016722865,0.001322262,0.00030879676,0.0008538682,-0.0017319024,0.0007470995,-8.096546e-05,-0.0004466772,-0.00037478656,0.0013372544,-0.00011499226,7.067621e-05,0.9953624,0.996962,0.9969451,0.99651986,0.99637634,0.99802935,0.99757487,0.99536324,0.99569523,0.9963615,1.0007168,0.9966986,0.9976787,0.9953931,0.99712044,0.99905276,0.9971708,0.99712294,0.9973754,0.997903
0.0,0.0020083338,-0.0004594922,-0.00021313503,0.0009873398,0.0045179017,-0.002686711,0.00064026564,0.0013534026,0.0033559464,0.0017574709,0.0019642673,0.0014059916,-0.00053232163,-7.452071e-05,-0.0013083629,-0.00089137256,-0.0009821244,0.0007152222,0.0010021254,0.00096040964,0.9951334,0.9974622,0.99715054,0.9959038,0.9946158,0.9980168,0.99707496,0.995194,0.99668837,0.9974903,0.9999633,0.9963824,0.9958122,0.9976571,0.9971533,0.9959428,0.9979154,0.99854845,0.99851555,0.9982065
0.0,-0.0017082728,0.0011701137,0.0011164956,-0.0002623126,0.00078192353,0.0034751203,-5.427003e-05,0.0009141648,-0.0008565821,0.0022536814,-0.0013702437,0.0007162355,-0.00257992,-0.0006240122,-0.0018657632,-0.002532564,0.0014680922,-0.00071453676,0.0015062094,0.0005785972,0.99431705,0.99783957,0.99580145,0.99704343,0.998973,0.99750423,0.99791014,0.9950187,0.9964162,1.0006894,0.9985775,0.9952577,0.9924993,0.99894506,0.99531245,0.9953521,0.9945882,0.99608994,0.9968368,0.9965324
0.0,0.00028906763,0.00017081946,-0.00012072176,2.1349639e-05,0.0027597826,-0.002781624,0.0009154491,0.0017051008,0.0022682138,0.001505807,0.00092474,0.0010985769,-0.0013165064,0.00041895732,-0.0005473383,-0.00065336376,-0.00059309974,0.0010946821,0.000292819,0.000426244,0.9952504,0.9971491,0.99700165,0.99631554,0.99571687,0.9980242,0.99733675,0.9952889,0.9960438,0.99682415,1.000428,0.99656725,0.99695307,0.9962876,0.9971284,0.9978526,0.99746555,0.9976608,0.99778956,0.9980162
1.0,-0.00090691075,0.006580323,0.00012091547,-0.0049219504,-0.0128478855,0.00487669,0.00012648106,-0.00054769777,-0.004511755,0.0011521485,-0.009869628,-0.0017583184,-0.00519263,0.0029714964,0.0034626294,0.0019710287,0.0077317245,-0.0013876669,-0.0011035986,-0.0012744032,0.99477965,0.9958913,0.9960527,0.99814975,1.0064855,0.999665,0.9955006,0.99859405,0.99897957,0.9976509,0.9974573,0.9970012,1.0005695,0.9966806,0.99711126,1.0078797,0.99123,0.9905358,0.99088645,0.9997399
1.0,0.0021348223,-0.0007796958,2.733618e-05,0.0011267625,0.0046114232,-0.00087518804,0.00036018714,0.0017012227,0.0024829917,0.002386419,0.0020484552,0.001865549,-0.000552956,-0.00065997615,-0.0019431636,-0.0021259412,-0.00070662424,-0.00017971545,0.0018381849,0.0013965853,0.99489754,0.99728614,0.9970001,0.9960365,0.9949814,0.99768096,0.9964862,0.99503136,0.9976003,0.9994773,0.99907696,0.99601954,0.9936263,0.999507,0.99622786,0.99400574,0.99744046,0.99869925,0.9981342,0.9982719
1.0,0.004793003,-0.0031193495,0.00078495964,0.0040573925,0.007908193,0.010131517,-0.0038556233,-0.0022108508,0.0008750297,0.002188325,0.0019909702,0.0019151308,0.003177084,-0.0019757636,-0.0050602052,-0.004522726,0.0014084466,-0.0045363624,0.007934302,0.0028261058,0.9957196,0.99818873,0.9987935,0.99568856,0.99926317,0.99680966,0.9985538,0.9947675,1.0023423,1.0073898,0.99952155,0.99159867,0.9832852,1.0088212,0.9914787,0.98224795,0.99457204,0.9980595,1.000001,0.99682605
0.0,0.0028288811,-0.0012577474,-0.00039353967,0.001926966,0.0064751394,-0.0037068557,0.00063021854,0.0010473607,0.004746359,0.0015842449,0.003062375,0.0018097535,2.7604401e-05,-9.164959e-05,-0.0013373028,-0.0005006641,-0.0017822385,0.00086421147,0.0012308173,0.0012574941,0.99527216,0.99785584,0.9973722,0.9957697,0.99355465,0.99831116,0.9972014,0.9950451,0.99661374,0.99735564,1.0004029,0.996362,0.9955822,0.99814963,0.99757844,0.9948191,0.9988085,0.9993533,0.9997294,0.9981576
0.0,-0.00046753883,0.00033044815,-0.00013476983,-0.0001601465,0.002533313,-0.0035104342,0.001126796,0.0016605807,0.0023979582,0.0011509471,0.000716988,0.0009089671,-0.0014508329,0.0008695796,-6.262213e-06,-7.24867e-05,-0.0008175969,0.001571726,-0.0001479797,0.00010763109,0.995457,0.9971378,0.99707985,0.9964893,0.9958388,0.99822694,0.9977931,0.9952921,0.9954345,0.995926,1.0010954,0.9966611,0.9979926,0.99522483,0.997499,0.99887294,0.99765855,0.9974183,0.99803925,0.9977806
0.0,-0.00033903494,0.0013745129,-7.621944e-06,-0.0010522418,-0.00039638765,-0.000689514,0.00073780864,0.0019275537,-5.665049e-05,0.0019180421,-0.0007792972,0.00053233095,-0.0021155067,0.0002625622,-0.0005612988,-0.0013926774,0.0009733215,0.0005085245,0.00021066144,7.9602e-05,0.9950236,0.99652094,0.9967058,0.9963965,0.9977318,0.99742675,0.99697435,0.99565655,0.9968123,0.99766296,0.99943775,0.996658,0.99666005,0.9961851,0.9960819,0.9991694,0.995776,0.99638397,0.99562365,0.99840945
0.0,0.008236628,-0.0014165454,-0.00088422,0.0034248456,0.007187918,0.000463292,-0.0010884367,-0.000268694,0.0044035874,0.0027265549,0.004429523,0.0016002655,0.0022461377,-0.0011698678,-0.0035753865,-0.0025340691,-0.0010809153,-0.0013490953,0.0045890175,0.0023579672,0.99550027,0.997047,0.99878395,0.99402916,0.9939,0.9972564,0.9962509,0.99567866,1.0013816,1.0011443,0.9979055,0.99510854,0.99098057,1.0024484,0.995415,0.98997676,0.9977419,1.0000904,0.9984838,0.9993857
0.0,0.002863288,-0.00011070818,-0.00010432303,0.00085426494,0.003739167,-0.000956323,0.00026824325,0.0012502316,0.0025536902,0.002260495,0.0015588589,0.001180565,-0.00038266927,-0.0004088655,-0.001935659,-0.0015943795,-0.00022446737,3.260933e-05,0.0016219728,0.0010930821,0.99494606,0.99723554,0.9972058,0.9955938,0.9952089,0.99772215,0.99666685,0.99532974,0.9977445,0.9985995,0.9989105,0.9960971,0.9947443,0.9986118,0.9965282,0.9952528,0.997127,0.9983743,0.9976901,0.9984567
0.0,-0.0012842081,0.0009123832,-1.8451363e-05,-0.0008818209,0.0008056965,-0.002408335,0.0011032894,0.0019969614,0.0009883977,0.0013676528,-0.00018337741,0.00074837916,-0.0020748898,0.00083270296,0.000103833154,-0.0006017387,-0.00010451302,0.0012667235,-0.00022239238,-7.624552e-05,0.9953585,0.9967654,0.99684215,0.996683,0.9969882,0.99794054,0.99755126,0.9954212,0.99568677,0.9964706,1.0006584,0.99672824,0.99773,0.9951613,0.9968862,0.99957556,0.99679404,0.99674773,0.99688584,0.99787074
0.0,0.0012533925,0.0005419776,-0.00015837699,5.0712377e-05,0.0022251382,-0.0020404141,0.0006824732,0.0014147181,0.0020212121,0.0017242692,0.0006872341,0.0007627532,-0.0011113808,0.00019536912,-0.0009890553,-0.00084631145,-5.2526593e-05,0.00080613606,0.0005402453,0.0004322864,0.99513656,0.997056,0.9970584,0.9959424,0.9959241,0.99779844,0.9971922,0.9954649,0.9966918,0.997101,0.99976945,0.99654377,0.9967034,0.99654317,0.99689,0.99783266,0.99696594,0.9975202,0.99720544,0.9983125
1.0,-0.006166853,0.009567983,-0.0014165565,-0.0048492774,-0.020448256,0.009260824,0.00031446666,-0.0031665452,-0.007195972,0.0001745969,-0.01572292,-0.0019375682,-0.007886689,0.005618099,0.008474495,0.0068344176,0.010294149,-0.0026263557,-0.0024141856,-0.0014299452,0.993849,0.99796325,0.99567074,1.0019863,1.0165979,1.000051,0.99712723,1.0021882,0.9988493,0.9981045,0.9998369,0.99528205,1.0017904,0.998441,0.99570596,1.0115753,0.98787785,0.9851619,0.99076456,1.0003772
0.0,-0.0019103177,0.00060261786,-5.9898943e-05,-0.00072575733,0.0016439725,-0.0035271123,0.001326099,0.0019870223,0.0017496087,0.00098495,0.00021415204,0.00087701157,-0.0019732565,0.0012394711,0.0006098598,-7.390976e-06,-0.00087638944,0.0017483328,-0.00046092644,-0.0001590997,0.9956078,0.9969255,0.9969901,0.99690795,0.99650973,0.9983016,0.9979785,0.99529284,0.99498034,0.99566025,1.0015656,0.9967078,0.9984592,0.9945253,0.9974183,0.99978316,0.9975122,0.9969883,0.9978137,0.9975194
0.0,-0.0035396256,0.0023021773,0.0017928369,-0.0014128014,-0.001964515,0.0059569925,-0.0006173402,-0.0005016262,-0.0025001504,0.0014370382,-0.0042782426,-0.00030935183,-0.0037151799,0.00017362833,-0.0011628568,-0.0016045272,0.003903903,-0.0009162277,0.00092595443,-0.00027344003,0.9943118,0.9983386,0.9953182,0.9975873,1.0022304,0.998372,0.99887437,0.99508816,0.9957835,1.0008643,0.99882185,0.99499995,0.99305755,0.99836296,0.9956361,0.9972845,0.99278945,0.99408215,0.99631995,0.9953001
0.0,0.004018314,-0.00050221384,-0.00037242845,0.0013939328,0.004629722,-0.0015740283,0.00017093495,0.00086086337,0.0032836609,0.002104586,0.0022657253,0.0012630075,8.750707e-05,-0.0003570728,-0.0020322055,-0.0013516992,-0.00046354905,0.0001716651,0.0018609203,0.0012173578,0.995129,0.9973271,0.99758613,0.9952089,0.9947813,0.99780416,0.9967292,0.99543935,0.998126,0.9985021,0.999014,0.9960589,0.9947107,0.9988578,0.9966893,0.99476856,0.9975102,0.9987529,0.9980296,0.9986699
0.0,-0.0012270771,0.00093819946,-1.9919127e-05,-0.00086415187,0.00084756315,-0.002416676,0.0010895506,0.0019612424,0.0010600872,0.001367148,-0.00016408414,0.00072041526,-0.0020256266,0.0008294396,7.462315e-05,-0.0005783513,-0.00013867766,0.0012715533,-0.00020545721,-6.274134e-05,0.99534994,0.9967687,0.9968583,0.99666554,0.99692583,0.99794054,0.99756867,0.9954256,0.9956871,0.9964237,1.0006593,0.9967113,0.99776024,0.995148,0.9969256,0.99955744,0.9968283,0.9967661,0.99692833,0.9978613
0.0,-0.00038758665,0.00017124414,0.0006802231,0.00023764,0.0026456136,0.0009917691,0.00043716654,0.0017852085,0.0007873811,0.0024321545,0.0003213808,0.0014442727,-0.0015320927,-0.00026206672,-0.0015510619,-0.0022781193,-6.018579e-05,-0.00031406805,0.0015894361,0.0008510761,0.99477786,0.9971772,0.9965402,0.9967901,0.9967716,0.9977899,0.99707866,0.99487156,0.99691665,0.9998702,0.9989952,0.99572426,0.9935556,0.99882424,0.99601823,0.9950173,0.9963536,0.9975344,0.997725,0.99732125
0.0,-0.00044343248,0.0012953803,-5.8338046e-06,-0.0009606071,4.4789165e-05,-0.0011944529,0.00081147626,0.0018737046,0.00039425492,0.0017688051,-0.0005562976,0.0005334988,-0.0019984953,0.00040727854,-0.00046411715,-0.0011316165,0.00061120465,0.00073488057,0.00012529269,5.7712197e-05,0.99509746,0.9966054,0.9967699,0.99641705,0.9973765,0.9975757,0.9971657,0.995592,0.9964973,0.99723065,0.99974966,0.99665433,0.99701864,0.9958644,0.9963988,0.99924564,0.9961236,0.9965396,0.996057,0.99823886
0.0,-0.0012236796,0.0006385967,-5.6758523e-05,-0.0006080307,0.0016260594,-0.0031512044,0.0011884905,0.0018803664,0.0016993769,0.0011636559,0.00022052228,0.0008184854,-0.0018318333,0.0009884574,0.00022308901,-0.0002142191,-0.0005736649,0.0015481953,-0.00030593947,-6.504357e-05,0.9954699,0.99693877,0.996968,0.9966847,0.9964525,0.9981518,0.99778765,0.9953307,0.99534565,0.9959793,1.0010945,0.99670064,0.99811095,0.99491245,0.997286,0.99946576,0.9973027,0.997026,0.99755996,0.99771774
0.0,0.0014512725,-0.0013963655,0.0020475015,0.0013644397,0.0049045477,0.0076866057,-0.001490131,-0.00091473386,0.0004068166,0.0022292715,-0.0006708354,0.0016948767,0.00015059486,0.00040094554,-0.002787158,-0.0024223477,0.0018028505,-0.002565248,0.004748147,0.0016128793,0.99498034,0.997969,0.99771225,0.9968511,0.9991887,0.9995081,0.9978142,0.99434936,0.9994095,1.0046713,0.99840206,0.9929921,0.98860514,1.0044175,0.9957072,0.988641,0.9954895,0.9972667,1.0001192,0.99540764
0.0,-0.0013480671,0.011666924,-7.524714e-05,-0.0061229207,-0.020875353,0.0060247015,3.223121e-05,-0.0043947906,-0.0040143095,-0.0009383708,-0.015714522,-0.0034206007,-0.007843051,0.006551679,0.007840099,0.007464111,0.0104407,-0.0013175141,-0.0029958002,-0.0019273981,0.9946272,0.99722636,0.9950781,1.0003822,1.0123626,1.0026112,0.9959768,1.0016049,0.9980509,0.9944482,0.99715483,0.9979204,1.0058931,0.99547935,1.000558,1.0165402,0.9895641,0.9859268,0.9895665,0.999631
1.0,-0.0017980039,0.0018209368,0.0012471154,-0.0007729642,-0.0004966352,0.0038309377,-0.00021955371,0.00024190731,-0.0012467206,0.0018632747,-0.0025026947,6.211363e-05,-0.002990704,-0.00028774142,-0.0016016439,-0.0019033477,0.0025397614,-0.00054270215,0.0010397062,0.00013320893,0.99431217,0.9980655,0.9956801,0.99693817,0.9999546,0.99782,0.99823064,0.9952088,0.99618024,1.0001702,0.998472,0.9953681,0.99343157,0.9981892,0.9956939,0.99683857,0.993914,0.9952926,0.99637264,0.9963085
0.0,0.00020446256,7.519126e-05,-0.00024774298,0.00040555373,0.003573276,-0.004076574,0.0010779873,0.0013175141,0.0033190958,0.0010460876,0.0012745112,0.0009144433,-0.0009789504,0.0009444393,-4.8695132e-05,0.00034024566,-0.0012699999,0.0017163679,-1.6827136e-05,0.00020400435,0.99556094,0.9973422,0.9973027,0.9963129,0.99520105,0.99842405,0.9980146,0.9952484,0.9954201,0.9955784,1.0013547,0.9966152,0.9981563,0.99523044,0.99787456,0.99845123,0.9981618,0.99782836,0.9987681,0.9977413
0.0,-0.00078460574,0.001160413,-4.708767e-06,-0.0009808205,0.00016904622,-0.0015130825,0.00091474876,0.0019697538,0.00043295696,0.0016604476,-0.0004950017,0.0006343704,-0.0021085143,0.00052662566,-0.00026312657,-0.001030527,0.00046859682,0.00087511167,-4.9732625e-06,2.603978e-06,0.995175,0.996637,0.99675894,0.9965232,0.99736637,0.9976658,0.99724066,0.9955386,0.99626654,0.9970935,0.9999963,0.9967052,0.9971696,0.99568474,0.9964702,0.99937654,0.9962552,0.99655914,0.9962077,0.99814975
0.0,-0.0006396957,0.00074052066,-6.1582774e-05,-0.0005451739,0.0014999453,-0.0026980527,0.0010444783,0.0017827712,0.0015924983,0.001347227,0.00018315762,0.0007438697,-0.0017189905,0.0007556863,-0.00011857599,-0.00044422597,-0.0003005825,0.0013182014,-0.00011615828,3.5852194e-05,0.9953415,0.9969156,0.9969478,0.99649787,0.99645656,0.99799734,0.9976002,0.995392,0.99572915,0.99631244,1.0006484,0.99667835,0.9977507,0.99529654,0.9971191,0.9991837,0.9970777,0.99703723,0.997276,0.99789864
0.0,0.0075986646,-0.006244112,0.0008489117,0.006770864,0.0135847535,0.007762788,-0.0037184283,-0.0023471732,0.0038288645,0.0021176357,0.0061340146,0.004081646,0.005930729,-8.217245e-05,-0.0047185123,-0.0038321242,-0.0023443513,-0.003536936,0.009921696,0.0037973486,0.99697214,0.9966743,1.0014367,0.9954355,0.99641347,0.9986377,0.99860644,0.99454194,1.0040611,1.0086858,1.0003712,0.99055564,0.9817997,1.0107569,0.99325985,0.97743535,0.9989261,1.0003371,1.0040838,0.9963698
0.0,-3.9860606e-07,0.0007413402,-8.361414e-05,-0.00043006614,0.001490755,-0.0022707153,0.0009005554,0.0017027911,0.0015089624,0.0015357342,0.0002242364,0.0007363558,-0.0015975423,0.0005010776,-0.00046103448,-0.0007058978,-4.227832e-05,0.0010659434,0.00010978803,0.0001668185,0.9952259,0.99691546,0.9969354,0.9963067,0.9964357,0.99785215,0.9973759,0.9954435,0.99615383,0.99673575,1.0002029,0.99665314,0.9972846,0.9958029,0.9969158,0.9987682,0.9968763,0.9971054,0.9970222,0.9981051
1.0,0.0032033697,-0.001296714,0.0004192777,0.0021601692,0.0056420173,0.0023910385,-0.0004977137,0.0012901826,0.001939822,0.0032027354,0.0024539158,0.0021846797,0.00040545315,-0.0014741123,-0.0033039711,-0.0035971627,-0.0005607195,-0.0015465692,0.0037095547,0.0020822547,0.99469435,0.99717885,0.99724054,0.99600583,0.9953668,0.9972096,0.9963615,0.99482554,0.99928546,1.002413,0.99797267,0.9949416,0.99007154,1.0025527,0.99492466,0.99014103,0.9968601,0.9989984,0.99841493,0.9981335
0.0,-0.0016339794,0.00074760616,-3.9845705e-05,-0.0007978529,0.0012802221,-0.0030443016,0.0012286231,0.0019886345,0.0014283173,0.0011512041,4.345551e-05,0.0008153226,-0.0020144582,0.001061786,0.00038095005,-0.00026610494,-0.00054757297,0.001542449,-0.0003565848,-0.00012186915,0.99549586,0.99685514,0.9969251,0.9968061,0.9967048,0.9981431,0.9977946,0.99534875,0.9952816,0.9960007,1.0011667,0.99671715,0.9981506,0.99479187,0.99719733,0.9996984,0.99720556,0.9968861,0.9974128,0.9976668
0.0,0.004002847,-0.0015517063,-4.578382e-06,0.0022446364,0.0069099627,-0.0008941591,3.1091273e-05,0.0011027008,0.004050914,0.0024795122,0.0032701865,0.002156619,0.0004872866,-0.0009684302,-0.0026876405,-0.0021315068,-0.0013637803,-0.0004710965,0.002702739,0.001959946,0.9948777,0.9977249,0.99732757,0.9955506,0.99363154,0.9979129,0.996415,0.9948951,0.9981594,0.9999771,0.9987947,0.9956537,0.9925443,1.0009139,0.9965451,0.9918025,0.99817526,0.9997848,0.99941236,0.998215
1.0,-0.0007084459,0.0014086217,0.002962537,-0.00015433133,0.0009587016,0.011572162,-0.003334131,-0.0046842815,-0.0006490052,-0.00010358915,-0.0053743646,-0.00089590065,-0.001797393,0.0004720837,-0.002714293,-0.00049877167,0.006329287,-0.0031935368,0.0033377148,0.00041147694,0.99461484,1.0006152,0.9955084,0.9974296,1.0040245,1.0005659,1.0002201,0.99450904,0.9971033,1.0034189,0.99910873,0.99304885,0.98975956,1.0031828,0.9964241,0.9923825,0.9915815,0.9938474,0.99901116,0.9929714
0.0,-0.0013223551,0.0008536503,-2.8897077e-05,-0.0007956624,0.0011280626,-0.0027350262,0.0011410862,0.0019340832,0.0013225786,0.0012657773,-3.008172e-05,0.00074241497,-0.0019583628,0.0009293072,0.00017368235,-0.00040332973,-0.00035666302,0.0014077052,-0.0002621971,-7.842481e-05,0.99540967,0.9968238,0.99690735,0.9967009,0.9967442,0.9980395,0.99769044,0.99538785,0.9954991,0.9961801,1.0008883,0.9966985,0.99796957,0.9949757,0.9970998,0.99958664,0.9970415,0.996853,0.9972083,0.9977669
0.0,-0.00066214055,0.0012196898,-3.9339066e-06,-0.0010020211,1.3753772e-05,-0.0012894366,0.0008669719,0.001960083,0.0002978444,0.001731582,-0.00057236105,0.0006064903,-0.002112709,0.00045307726,-0.00034797005,-0.0011321381,0.0006080866,0.00077612326,5.1893294e-05,2.2958964e-05,0.9951322,0.9966053,0.9967423,0.9964868,0.9974639,0.9975995,0.9971663,0.9955694,0.99641347,0.99724877,0.99983966,0.9966949,0.99703056,0.9958187,0.9963653,0.99932253,0.99612325,0.99651164,0.9960451,0.99822015
1.0,5.9098005e-05,0.0002661571,-0.00013333187,-8.065626e-05,0.0025508143,-0.0030699354,0.0010031946,0.0016659368,0.002254922,0.0013543647,0.00077756867,0.0009799283,-0.0013892762,0.0005981326,-0.00034635141,-0.00040736794,-0.00057007745,0.0013026278,7.4673444e-05,0.00025685877,0.9953309,0.9971417,0.99703115,0.9963398,0.99583215,0.99808556,0.9975169,0.99531436,0.99582535,0.99644,1.0006431,0.9966321,0.9974302,0.9958061,0.99726266,0.9983819,0.99746066,0.9975085,0.99778384,0.9979667
0.0,0.0013686568,-0.0008826405,0.0006366037,0.0016165711,0.0049226917,0.0018644296,-0.00010533631,0.0016009044,0.0015961044,0.002976479,0.0018434785,0.002128955,-0.00036107004,-0.00102783,-0.0026181322,-0.0032088906,-0.00072076544,-0.001063507,0.0029505007,0.0017158687,0.99469614,0.9971817,0.99686676,0.99657565,0.9957699,0.99749315,0.9967066,0.994677,0.9981507,1.0016377,0.9985127,0.99519557,0.9910844,1.0012852,0.99540013,0.9915662,0.99692154,0.9985574,0.9985165,0.99758613
1.0,-0.0017975643,0.004409142,-0.0022788271,-0.0012877658,-0.011124175,0.010305246,-0.0007920526,-0.0013112221,-0.0059432276,0.0022106357,-0.008860081,-1.472421e-05,-0.0023771897,0.002401773,0.004323395,0.0023016855,0.00680238,-0.0045367274,0.002368968,0.00036770105,0.9948184,0.9966123,0.99828494,1.0001271,1.0112725,0.9973271,0.9967343,1.0005397,1.0034082,1.0027664,1.0004206,0.99260926,0.9941884,1.0039346,0.9912064,0.9991632,0.9898941,0.9894585,0.99304473,1.0018071
0.0,-0.00038916245,0.0013546944,-7.1525574e-06,-0.0010462515,-0.00033481233,-0.0007823184,0.0007579811,0.0019313497,3.837049e-07,0.0018893145,-0.0007476285,0.00054169446,-0.0021148808,0.00029228255,-0.00052935444,-0.0013524145,0.00091374665,0.0005506128,0.00018761307,7.197261e-05,0.9950395,0.9965333,0.99671143,0.99641025,0.99768734,0.9974534,0.997005,0.9956447,0.9967494,0.997596,0.9994995,0.99666363,0.99671954,0.9961267,0.99612826,0.9991953,0.995832,0.9964045,0.99569,0.99837846
0.0,-0.00040106848,0.0013451055,-6.247312e-06,-0.0010433272,-0.00031774119,-0.00080578774,0.0007629879,0.0019345721,1.1198223e-05,0.0018824041,-0.00073929876,0.0005465746,-0.0021159574,0.00029874966,-0.0005215779,-0.0013435408,0.0009034686,0.00056065805,0.00017924234,6.8448484e-05,0.99504393,0.9965372,0.9967118,0.9964131,0.99767905,0.9974596,0.9970108,0.9956393,0.99673456,0.99758285,0.99951357,0.99666625,0.9967317,0.99611336,0.9961371,0.99920017,0.99584264,0.9964088,0.9957037,0.9983726
0.0,-8.4623694e-05,0.0019535273,0.0009513311,-0.00026668236,-0.0001420416,0.0037773456,-0.00043706223,-1.540035e-05,-0.0006678328,0.002131991,-0.0019733831,-0.00017064251,-0.0022317432,-0.0005030483,-0.002069151,-0.0019289926,0.0024044588,-0.00071327947,0.0014658459,0.0003095679,0.9943501,0.9979311,0.9960401,0.9963667,0.9993403,0.9975595,0.99803865,0.9954201,0.99702543,1.0000551,0.99802077,0.99537766,0.9934323,0.99841964,0.99559116,0.9964599,0.9939966,0.995678,0.99619263,0.9968712
0.0,-0.002293948,0.0003946349,-9.059906e-05,-0.0006325431,0.0020966455,-0.0041400045,0.001457911,0.0019974187,0.0021307506,0.000769021,0.00042472407,0.00097274594,-0.0019372404,0.0014739893,0.00093305483,0.00032224506,-0.0012851693,0.0020063426,-0.0005951114,-0.00021281838,0.9957636,0.99701625,0.99707294,0.997054,0.9963015,0.9985127,0.9982117,0.99522316,0.99460155,0.9952521,1.0020918,0.9966954,0.99883795,0.9942021,0.9976774,0.9998902,0.9978909,0.9971127,0.99831903,0.9973384
0.0,0.0027513914,-6.3069165e-05,-2.9433519e-05,0.0005069189,0.0028910618,0.00026942044,0.00013324991,0.0014526816,0.0014819913,0.002551455,0.0010984354,0.001256479,-0.00060581416,-0.00059081987,-0.0020646863,-0.002237536,0.00040321425,-0.00044014864,0.0019416399,0.0011806004,0.994838,0.99695796,0.9972163,0.9956643,0.99604046,0.99746877,0.996306,0.9954225,0.9984023,0.9996773,0.998423,0.99585867,0.99385065,0.9994101,0.995849,0.9947969,0.9965403,0.99803615,0.9969364,0.99864674
0.0,-0.0018427521,0.0006491691,-5.6069344e-05,-0.0007459633,0.0015513487,-0.0034054276,0.0012998246,0.0019820686,0.0016780533,0.0010262337,0.00017115846,0.0008556396,-0.0019798763,0.0011975765,0.000553377,-6.7576766e-05,-0.0008038841,0.0016978383,-0.0004300289,-0.00014802068,0.99557936,0.99690616,0.9969771,0.99688274,0.9965533,0.99826354,0.9979372,0.9953098,0.9950543,0.9957361,1.0014695,0.9967079,0.99838954,0.9945869,0.9973698,0.9997659,0.99744207,0.9969633,0.9977201,0.99755186
0.0,0.0036105365,-0.0017802604,0.0019205138,0.0020805188,0.0062954836,0.008235211,-0.0020373613,-0.0016085841,0.0014996566,0.0022325683,0.00016316399,0.0016082413,0.0013282038,0.0001543872,-0.003589334,-0.0024983734,0.0015612803,-0.0030484758,0.005787149,0.0020375699,0.9950984,0.99819434,0.99822885,0.99619097,0.99837667,0.99955803,0.9977508,0.99444497,1.0004528,1.0050721,0.99801886,0.99249,0.9877399,1.0057054,0.9956491,0.9869027,0.99567455,0.9979378,1.0006641,0.9955815
0.0,0.0005318783,0.00018799305,0.0005344376,0.00044427067,0.0028208643,0.00083695725,0.00032700598,0.0016421545,0.001101356,0.0024973135,0.000559859,0.001328066,-0.0012127198,-0.00047087297,-0.001860274,-0.0022803023,1.2602657e-05,-0.0003582649,0.0016671084,0.00093719363,0.9947249,0.9971948,0.99662626,0.9964726,0.99641,0.9976207,0.9969503,0.9949752,0.9972364,0.99974525,0.99873847,0.995786,0.9936111,0.9989305,0.99599075,0.9949152,0.9963465,0.9976844,0.99756116,0.9976526
1.0,-0.0008851066,0.0010820776,-1.597777e-05,-0.00083129853,0.0007493403,-0.0021227058,0.000984285,0.0018580137,0.0010487624,0.0014755353,-0.00021302328,0.00061023235,-0.0019144528,0.0007232614,-0.00012349151,-0.0006547645,-1.5173107e-05,0.0011469685,-8.404255e-05,-1.572445e-05,0.9952755,0.99674433,0.99687153,0.9965514,0.99691606,0.9978662,0.9975079,0.99546933,0.99589866,0.9965288,1.0004213,0.9966744,0.99763566,0.9952908,0.99688023,0.99944574,0.9967144,0.9967555,0.99680203,0.9979359
0.0,-0.001166679,0.0009898618,-1.8894672e-05,-0.00087570027,0.0007837042,-0.002318669,0.0010625236,0.00194271,0.0010288768,0.0013984591,-0.00019520149,0.0006908234,-0.0020126402,0.000801526,3.0335039e-05,-0.0006108284,-9.961054e-05,0.0012322869,-0.00017188862,-5.0958246e-05,0.9953282,0.9967526,0.9968576,0.9966448,0.9969472,0.9979149,0.9975477,0.9954421,0.9957452,0.9964629,1.0005947,0.99670124,0.9977219,0.9951872,0.9969015,0.99954206,0.99678653,0.9967494,0.99687475,0.9978803
0.0,-0.0021034367,5.735457e-05,-0.00015708432,-0.00027500838,0.0030361023,-0.004875943,0.0015182309,0.0018369574,0.0029211976,0.00058030896,0.0008709803,0.0010716803,-0.0016268566,0.0015789531,0.0010253526,0.0007235706,-0.0017507784,0.0022500139,-0.0006382428,-0.00014857948,0.99585485,0.9972187,0.9972185,0.9970488,0.9957151,0.9987151,0.9984268,0.9951444,0.99432003,0.99482423,1.0025281,0.99663615,0.99914795,0.99409777,0.9980681,0.999626,0.99843764,0.99743044,0.9990572,0.9972334
1.0,9.158626e-05,-0.00014360994,-7.1033835e-05,0.00025209412,0.003513243,-0.0029249191,0.0009533502,0.0018020691,0.0026484095,0.0015302021,0.0013038293,0.001377089,-0.0012192205,0.0004012175,-0.00053737685,-0.00069241226,-0.0010672398,0.0010620281,0.00044596568,0.0006055683,0.9952593,0.99726504,0.99698544,0.9964795,0.9953359,0.99816287,0.9973382,0.9951442,0.99587876,0.9969752,1.0006162,0.99645835,0.9966265,0.99662614,0.9972421,0.9971979,0.9978458,0.99799603,0.9983632,0.99781835
1.0,-0.0063092057,0.0076207817,-0.0017222576,-0.0033542737,-0.017469503,0.010484418,-6.390363e-05,-0.0023947442,-0.007698957,0.0011125058,-0.0136998035,-0.0012789927,-0.005823083,0.0047123767,0.0071447566,0.005244784,0.009145252,-0.0031833816,-0.00071714446,-0.001133915,0.99417526,0.99737257,0.9968561,1.0016551,1.0160756,0.9986811,0.9977736,1.001499,1.000201,1.0001307,1.0009167,0.99389344,0.99882567,1.0000176,0.99328256,1.006773,0.9881569,0.9862691,0.99196815,1.0005196
0.0,-0.00011709705,0.00041116774,-0.00011314452,-0.000265453,0.0020976346,-0.0027438141,0.0009834059,0.0017613573,0.0018650927,0.0014314987,0.0005550571,0.000953367,-0.0015573613,0.00055878237,-0.00033729337,-0.0005912483,-0.000371892,0.0011913963,8.7454915e-05,0.00023505837,0.99529403,0.99703676,0.9969662,0.99638623,0.99613255,0.9979897,0.997419,0.9953552,0.9959391,0.9966491,1.0004948,0.99665195,0.9972914,0.9958651,0.9970665,0.9985077,0.9972273,0.9973413,0.99744934,0.9980139
1.0,0.0028418414,-0.000543803,-3.5092235e-06,0.0008940846,0.004200233,-0.0007603839,0.00029135868,0.0013540713,0.002518583,0.0023128241,0.0017224476,0.0014791638,-0.00038100034,-0.00040909648,-0.001993861,-0.0017924905,-0.0002537854,-5.961582e-05,0.0018181801,0.001243759,0.99492395,0.99730897,0.997276,0.99564457,0.9951883,0.99785227,0.9965251,0.9952348,0.9978273,0.9991295,0.99885094,0.99587625,0.9942042,0.99922365,0.99649,0.994507,0.99727017,0.9985711,0.9979628,0.99834096
0.0,-0.004386287,0.0066404343,-0.00013107806,-0.00427996,-0.014180772,0.008796873,-0.00049896166,-0.0019566873,-0.0068552867,0.00096570887,-0.011690162,-0.0021827035,-0.005841255,0.0030195788,0.0037944485,0.0024931207,0.009296108,-0.0018581841,-0.001052402,-0.0015820637,0.9942052,0.99736875,0.99601024,0.9989755,1.0114117,0.99860156,0.9977817,0.9990684,0.9983637,0.99942595,0.99903417,0.99523956,0.9985238,0.9973955,0.99466836,1.0063092,0.98874915,0.98859435,0.9915017,0.9986187
0.0,-0.001439631,0.0008357093,-2.6289374e-05,-0.0008478388,0.0010040402,-0.0026812833,0.0011597611,0.00200044,0.001164455,0.0012757629,-8.788332e-05,0.0007824972,-0.0020583868,0.00092999265,0.00022425316,-0.00046350062,-0.000286296,0.001384886,-0.00028432533,-9.8608434e-05,0.99541795,0.9968044,0.9968732,0.99673635,0.99687475,0.9980271,0.99765104,0.9953881,0.99551255,0.9962779,1.0008721,0.99672896,0.9979037,0.99500483,0.99701303,0.99963135,0.99696356,0.99680537,0.99710256,0.9977855
0.0,-0.0010985769,0.0009666234,-1.8645078e-05,-0.0008420497,0.0008530598,-0.002352029,0.0010603443,0.0019242344,0.0010848381,0.0013943911,-0.000161428,0.00069017336,-0.0019756742,0.00079422444,3.0267984e-06,-0.00059396774,-0.000108383596,0.0012422968,-0.00017056242,-4.594028e-05,0.99532676,0.9967693,0.9968663,0.996624,0.99689674,0.99792016,0.99755377,0.99543595,0.9957441,0.99644333,1.0005895,0.9966953,0.9977304,0.99519235,0.9969269,0.9995083,0.996808,0.9967755,0.9969101,0.9978841
1.0,-0.0008379184,0.00066781044,-6.994605e-05,-0.0005264506,0.0016824398,-0.0029740222,0.0011061206,0.0017943038,0.0017590486,0.0012514628,0.00026692078,0.0007824432,-0.0017151423,0.0008596927,1.9567087e-05,-0.00030253083,-0.00048956275,0.0014402401,-0.000182949,1.30832195e-05,0.9954005,0.9969509,0.9969777,0.9965675,0.9963578,0.9980865,0.9977033,0.99536157,0.99553955,0.9961162,1.0008805,0.99667466,0.99793494,0.99513435,0.9972483,0.99925244,0.9972534,0.9970857,0.99749815,0.9978063
1.0,0.0016185753,-0.00013909489,-6.4872205e-05,0.0005617291,0.0036158953,-0.0018469486,0.0005911626,0.001537283,0.0025550835,0.0019521415,0.0014213361,0.00128543,-0.00079247355,-8.635968e-05,-0.0013561957,-0.0012253672,-0.0005394481,0.0005028751,0.0010430142,0.0008694343,0.9950443,0.9972577,0.9970616,0.99599016,0.9952594,0.99789745,0.99693096,0.99522805,0.9968725,0.997891,0.9996154,0.99628043,0.9955845,0.997723,0.99685407,0.99614245,0.997421,0.9981905,0.99794483,0.99818563
0.0,-0.00080525875,0.0011510551,-5.1110983e-06,-0.0009773672,0.00019475631,-0.0015503354,0.0009227358,0.0019709347,0.00045606866,0.0016484559,-0.00048218295,0.00063869916,-0.0021075346,0.000539165,-0.00024863146,-0.0010132045,0.0004445128,0.00089166313,-1.3958663e-05,-4.954636e-07,0.9951823,0.9966422,0.99676204,0.99652964,0.9973498,0.997677,0.9972534,0.99553394,0.99624187,0.9970672,1.0000229,0.9967065,0.99719316,0.9956624,0.9964882,0.9993857,0.9962778,0.99656713,0.9962356,0.9981379
1.0,0.00090231746,-0.00028838962,3.973767e-05,0.00057499483,0.0037843958,-0.0017880667,0.00069881976,0.0018002,0.0024160482,0.0019833501,0.0014810599,0.0015431326,-0.0010033026,-0.00014219433,-0.0012615733,-0.0014294684,-0.0008093752,0.00045054965,0.0010330789,0.00093022734,0.9950206,0.9972716,0.9968768,0.9963111,0.99524766,0.9978791,0.9969459,0.99508095,0.99661434,0.9981495,0.99975324,0.99627984,0.9952341,0.9978871,0.99674004,0.9958614,0.99748933,0.9982253,0.9981244,0.9979982
0.0,-0.001914978,0.0006040782,-6.110594e-05,-0.0007239841,0.0016544517,-0.003539009,0.0013272762,0.0019830419,0.0017646588,0.0009804294,0.00021906197,0.0008749552,-0.0019677803,0.0012445524,0.0006143637,1.8253922e-06,-0.000890024,0.001753848,-0.00046071783,-0.00015832484,0.99561006,0.99692655,0.9969939,0.9969101,0.99649984,0.9983057,0.9979858,0.9952931,0.99497247,0.995646,1.0015773,0.99670506,0.99847126,0.9945165,0.9974283,0.9997852,0.99752426,0.9969919,0.9978286,0.9975138
1.0,-0.001928661,0.0005876422,-5.9273094e-05,-0.000728298,0.0016371869,-0.0035313647,0.0013326444,0.0020002052,0.0017280094,0.0009834599,0.00021157786,0.00088932924,-0.0019899942,0.0012417734,0.0006213505,-1.3306737e-05,-0.0008654222,0.0017490983,-0.0004685782,-0.00016511232,0.9956128,0.99692714,0.9969841,0.99691343,0.99652916,0.9983046,0.9979734,0.9952896,0.9949776,0.99567527,1.0015672,0.996715,0.99844956,0.9945289,0.997406,0.9997884,0.99750197,0.9969851,0.9978026,0.9975225
0.0,-0.0020626523,0.0023037568,0.0011323243,-0.0011015423,-0.0016048811,0.0041596126,-0.00020414963,0.00035193376,-0.0018461607,0.0019830056,-0.0029965267,-0.00019363128,-0.0030664392,-0.00015982985,-0.0013943799,-0.0018939674,0.0028342027,-0.0005660858,0.0009111725,-4.6528876e-05,0.9943216,0.99770343,0.9957667,0.996981,1.0005866,0.9976053,0.9982017,0.9954099,0.9964069,1.000011,0.9984679,0.9954031,0.9938529,0.9977413,0.9954338,0.9975959,0.99354833,0.9948731,0.99575925,0.99654734
0.0,0.0035373196,-0.0008598417,0.00013471767,0.0015240312,0.0051757544,0.00026714243,-4.527718e-05,0.0012037698,0.0027888454,0.0026610205,0.0022075623,0.0017189663,0.00010394305,-0.0009069927,-0.0026608836,-0.0023926944,-0.00048106536,-0.0006950535,0.0026145168,0.0016717091,0.9947927,0.9974023,0.99724305,0.9955872,0.99473953,0.9976989,0.996346,0.9950493,0.99845064,1.0002403,0.99834925,0.9955851,0.99265736,1.0006145,0.9961147,0.9926644,0.9972742,0.99903476,0.9983534,0.99829197
