label,mu_1,mu_2,mu_3,mu_4,mu_5,mu_6,mu_7,mu_8,mu_9,mu_10,mu_11,mu_12,mu_13,mu_14,mu_15,mu_16,mu_17,mu_18,mu_19,mu_20,var_1,var_2,var_3,var_4,var_5,var_6,var_7,var_8,var_9,var_10,var_11,var_12,var_13,var_14,var_15,var_16,var_17,var_18,var_19,var_20
1.0,-0.051837385,-0.034554727,-0.016290195,0.042372324,0.03093965,-0.03748326,-0.0029533878,0.021998666,0.023597281,0.0011207908,-0.011108048,-0.064928055,0.0026156604,0.01166711,0.039273545,0.028610602,-0.031618703,-0.009210102,-0.047817316,0.021804327,0.9842965,0.9877334,0.9986915,1.0091537,0.9970457,1.0010276,0.9932905,1.001495,0.98952675,0.9915018,0.98318,0.99936974,0.9905216,0.98537904,0.9984808,0.9924823,1.0064331,0.99049705,0.9998139,1.005289
3.0,0.014133371,0.009817608,0.0038416767,-0.010948688,-0.007750713,0.012127109,0.00078501925,-0.0058641955,-0.004944507,-6.084889e-05,0.006160777,0.017326858,-0.001810722,-0.0037649497,-0.012302414,-0.007226154,0.0065374747,0.0022324808,0.012051702,-0.006619055,0.99972415,1.0007657,0.99431133,0.9935036,0.99599284,0.9961234,0.99983,0.99561876,0.9994814,0.9990772,0.9977649,0.9922339,0.99783254,1.0002348,0.9950355,0.9984757,0.9972051,0.9991208,0.9976776,0.99636173
4.0,-0.017577559,-0.01052209,-0.005342982,0.01364629,0.010476776,-0.011354655,-0.0022492148,0.0075052613,0.007640939,-0.0005065203,-0.0015411265,-0.021280136,0.0027730763,0.0018036067,0.011487,0.0076907948,-0.010471843,-0.0021745265,-0.015118733,0.006824665,0.99323624,0.9942721,0.9974753,1.0006605,0.99749446,0.99799615,0.9984078,0.9977873,0.99642,0.9957496,0.9924549,0.9960101,0.99521387,0.99428236,0.9965557,0.9963222,1.0014408,0.996403,0.9998621,0.9999503
3.0,-0.011307344,-0.0062577724,-0.003415835,0.00856873,0.006756779,-0.0067783147,-0.0018738396,0.0047950046,0.0049262047,-0.0007598251,0.00016611442,-0.013454821,0.002408728,0.0002701953,0.0065746754,0.0041424036,-0.006828606,-0.0010464676,-0.009407617,0.0041826125,0.9946775,0.9954711,0.9970732,0.999096,0.9973366,0.99755746,0.99912137,0.99729806,0.9974946,0.9963822,0.99368894,0.9953711,0.9959775,0.99560326,0.9961882,0.9969366,1.0006031,0.9972278,0.99970317,0.9990189
3.0,0.0018812269,0.0019202568,0.0002459986,-0.0014127158,-0.0006791181,0.0031165183,-0.00047767535,-0.00058717653,-6.964803e-05,-0.00019849837,0.0032335967,0.002381377,8.1039965e-05,-0.0015943497,-0.0031736419,-0.0014675632,-7.0743263e-06,0.00047961622,0.0015887544,-0.0014407334,0.9973177,0.9983164,0.9956304,0.9964062,0.9968196,0.99680513,0.9992589,0.9963301,0.9983082,0.9978092,0.9959516,0.99363035,0.99682987,0.9981212,0.9956141,0.9977589,0.99882257,0.9981212,0.99854714,0.99778086
3.0,0.0021926016,0.0019179434,0.00019757263,-0.0014904104,-0.0007636654,0.0031938218,-0.0002635382,-0.0006595887,-4.5325607e-05,-9.356439e-05,0.0032824054,0.0025931038,-0.00042962283,-0.001254797,-0.0032495633,-0.0012787655,-3.9767474e-05,0.00018350407,0.0017982051,-0.0015192067,0.9974301,0.99854237,0.99559665,0.99648714,0.9969668,0.9969482,0.9989597,0.9964356,0.99813384,0.9979328,0.99575424,0.99354273,0.9967212,0.99820966,0.99565786,0.99786586,0.99875844,0.9979236,0.99836046,0.9979192
2.0,-0.009541653,-0.0053505674,-0.0030248826,0.0073843934,0.0058444524,-0.005406663,-0.0015776344,0.004168342,0.00440415,-0.00046274252,0.00049583614,-0.011480201,0.0017788932,0.00032977015,0.005377315,0.0037752911,-0.0060919933,-0.0010637157,-0.008112222,0.0034166283,0.9949946,0.9959524,0.9967975,0.99890405,0.9973291,0.99750125,0.99884295,0.99716806,0.99731493,0.99661624,0.99395716,0.9950431,0.9959355,0.9959542,0.9961606,0.99700093,1.0003488,0.99717957,0.9993895,0.9990177
4.0,-0.01799748,-0.010706052,-0.0054249773,0.013909144,0.010689519,-0.011705358,-0.002326671,0.0076393858,0.007742949,-0.00062120147,-0.001606904,-0.02172571,0.0029564723,0.0017440245,0.011759542,0.0077132955,-0.010616057,-0.0021449514,-0.015388742,0.0070190364,0.99316883,0.99414515,0.9975619,1.0006772,0.99748725,0.99800783,0.9985196,0.99782014,0.99651176,0.99568355,0.9923751,0.9961046,0.99525017,0.9941877,0.9965465,0.99632305,1.0015036,0.9964303,0.99995184,0.9999225
4.0,0.018623218,0.012401629,0.0050041573,-0.014194921,-0.010140235,0.015631845,0.0014498755,-0.0076322723,-0.006463621,0.00047756732,0.0069758035,0.022590779,-0.0030625015,-0.0040690377,-0.015434682,-0.008599836,0.008636925,0.0025753528,0.015508704,-0.00855327,1.0004411,1.0017595,0.99357307,0.9926918,0.99558985,0.99588376,0.9995089,0.9952756,0.99928594,0.9996204,0.99840885,0.9915358,0.99789864,1.0009189,0.9948884,0.9984919,0.99658006,0.99918836,0.9969878,0.9961255
2.0,-0.009535983,-0.0053308234,-0.0030168323,0.007372029,0.005836829,-0.005405262,-0.0015855879,0.0041604117,0.004392676,-0.00047782622,0.0005028546,-0.011462282,0.001803644,0.000305295,0.0053647608,0.0037441254,-0.0060742125,-0.0010441951,-0.008097537,0.0034151452,0.9949997,0.9959468,0.99680454,0.9988912,0.99732554,0.9974959,0.9988653,0.9971658,0.99733746,0.99661064,0.99396604,0.9950487,0.9959486,0.99595433,0.99615407,0.9970075,1.000351,0.99719244,0.9994011,0.9990059
3.0,-0.009530388,-0.0053738058,-0.0030539772,0.007426342,0.0058692438,-0.0054308996,-0.0015401132,0.004183002,0.00443979,-0.00044409186,0.0004916787,-0.011500802,0.0016983673,0.00039438158,0.005397439,0.003828846,-0.006118089,-0.0011175014,-0.008131258,0.00343174,0.99499434,0.9959781,0.9967944,0.9989304,0.9973503,0.9975183,0.99878705,0.9971815,0.9972753,0.9966085,0.99391735,0.995028,0.9959147,0.9959405,0.99614704,0.9970198,1.0003519,0.99713445,0.999352,0.9990424
3.0,-0.022198752,-0.013502233,-0.006704719,0.017288512,0.013168205,-0.014903784,-0.0025623813,0.00940213,0.009537004,-0.0005916804,-0.0027019382,-0.02693877,0.0032352358,0.0027035326,0.015046641,0.009938464,-0.013017304,-0.0028710477,-0.019136384,0.008846831,0.99221843,0.99331605,0.99787825,1.0016499,0.9975726,0.9983332,0.99813586,0.9982106,0.99592006,0.99522376,0.9914192,0.9965809,0.99480706,0.99324787,0.99675274,0.9959731,1.0020858,0.9958932,1.0000944,1.0004771
2.0,-0.0051436797,-0.002539754,-0.0017532948,0.0039423294,0.0032882718,-0.002187904,-0.00116596,0.002306101,0.0026316606,-0.0004366953,0.0016029328,-0.0061238743,0.0011366233,-0.0004183203,0.0020700693,0.0016788915,-0.003731545,-0.0004934706,-0.004271157,0.0015459976,0.99596846,0.9968966,0.9964168,0.9979284,0.9972199,0.9972852,0.9990455,0.9968911,0.9977933,0.9971295,0.9946882,0.99452746,0.9963142,0.99686795,0.9959923,0.9973704,0.99974835,0.9975669,0.9991166,0.998537
3.0,0.030543711,0.019957382,0.008469712,-0.023323055,-0.016878791,0.024554314,0.0029216483,-0.012777653,-0.0110448785,0.000980502,0.009523276,0.037052557,-0.0054186955,-0.005923219,-0.024101742,-0.013660818,0.014799405,0.00420871,0.025321089,-0.013620872,1.0024964,1.0041,0.99194735,0.98984534,0.99431515,0.99521124,0.99973655,0.9946347,0.9999281,1.0008695,0.9999486,0.99011815,0.9986433,1.0026104,0.99433047,0.9987961,0.9950193,0.99989986,0.9958337,0.99491185
3.0,0.01306916,0.008921899,0.0034051733,-0.0099561885,-0.0070152734,0.011370353,0.0008096844,-0.005298581,-0.0043558516,0.0001574792,0.0058062375,0.015873343,-0.0020239428,-0.0032255575,-0.011374373,-0.006312132,0.005777102,0.0018183962,0.010985993,-0.0061630914,0.9994876,1.0006629,0.9943417,0.99393743,0.9961352,0.99624497,0.9994473,0.99567866,0.9990581,0.9990401,0.99753803,0.99225444,0.99757653,1.0000632,0.99513507,0.99837095,0.9973172,0.99884117,0.9975485,0.9966654
3.0,0.014965914,0.010087676,0.0039476445,-0.011393309,-0.008071128,0.012884758,0.0010230802,-0.0060743745,-0.005057458,0.00032787025,0.0061769485,0.018156908,-0.002381675,-0.0034947544,-0.012757566,-0.0070309006,0.006735917,0.002078388,0.012483694,-0.00699638,0.999789,1.0010324,0.99404687,0.9935386,0.99592817,0.9960984,0.99943346,0.9955018,0.9990735,0.99924064,0.9978865,0.9919825,0.99766237,1.000356,0.9950586,0.9983694,0.99706304,0.99895424,0.9973309,0.9965007
2.0,-0.012937672,-0.0077971444,-0.004179544,0.010289656,0.007947243,-0.008003373,-0.0016626045,0.005701799,0.006004911,-0.00026732124,-0.00043551624,-0.015852023,0.0016973987,0.0014144108,0.008134447,0.0059093162,-0.00819996,-0.0019006096,-0.011279941,0.004911419,0.9942211,0.9953955,0.99701256,0.9998696,0.9975301,0.9978192,0.9982509,0.99749494,0.996592,0.9962803,0.9931332,0.9953386,0.9954416,0.99522483,0.99634767,0.9967362,1.000805,0.9965834,0.9993607,0.99961823
4.0,-0.023161933,-0.014001712,-0.0068971375,0.017914975,0.013660912,-0.01555416,-0.002733633,0.009746296,0.009814031,-0.00067628734,-0.002930712,-0.028001528,0.0035788268,0.0026624948,0.015700825,0.010202996,-0.013422228,-0.0028267913,-0.019888453,0.00922196,0.9920091,0.9930383,0.9979772,1.0017536,0.9975065,0.9983345,0.9982657,0.9982428,0.99595255,0.995109,0.9913355,0.99674726,0.9947971,0.9930492,0.9967943,0.99585783,1.0022137,0.9959192,1.0002439,1.000497
1.0,-0.0046556517,-0.0024834648,-0.0018327003,0.0038412996,0.0031643538,-0.0021229647,-0.0008389242,0.0021883938,0.0026657581,-0.0003433656,0.0017107949,-0.00577097,0.00040324777,4.4047832e-05,0.0019272491,0.0018706098,-0.0037279166,-0.00090935454,-0.0039288625,0.0014572472,0.99614763,0.99723256,0.99640286,0.9980191,0.99744993,0.99749184,0.9986447,0.9970598,0.99760354,0.9972508,0.9943692,0.99440706,0.99619156,0.99696225,0.9959905,0.99759185,0.99967504,0.9972703,0.9988524,0.99870974
4.0,0.0209288,0.013983719,0.005745439,-0.016057923,-0.011521673,0.017340815,0.0016441457,-0.008683857,-0.007447634,0.0004323814,0.007541362,0.025476072,-0.003277406,-0.0046327114,-0.017199326,-0.009831734,0.009944648,0.0030400045,0.017506443,-0.009538934,1.0008693,1.0021553,0.99332464,0.99204814,0.99533516,0.99571794,0.9997517,0.99514693,0.99961275,0.99981713,0.99876666,0.99131703,0.99814653,1.0012649,0.99475527,0.9985963,0.99629474,0.9994475,0.996897,0.995784
3.0,-0.012197189,-0.0070269257,-0.0037771547,0.009426195,0.0073604085,-0.0073908865,-0.0018226206,0.0052583544,0.005443804,-0.00052678585,-0.00015259534,-0.014693376,0.0021670312,0.0007641539,0.007372901,0.0049901456,-0.007503804,-0.0014015511,-0.010379374,0.004547991,0.99443614,0.9953883,0.9970529,0.99946123,0.99740076,0.9976619,0.9987548,0.9973729,0.99708354,0.9963278,0.99347013,0.9953797,0.99572974,0.9954165,0.99628246,0.9968049,1.0007101,0.9969556,0.9995797,0.99929774
4.0,-0.025876075,-0.015683591,-0.00764428,0.01997922,0.015205143,-0.01759179,-0.0029665902,0.010824008,0.010866139,-0.0007607918,-0.0036146007,-0.031258773,0.0039742514,0.0030671656,0.017751984,0.011417694,-0.014852554,-0.0031262375,-0.022208951,0.010385855,0.9914023,0.99242705,0.99821013,1.0022691,0.9974808,0.99849766,0.99820566,0.9984664,0.99572664,0.9947958,0.9907819,0.997111,0.99459714,0.99243397,0.9969125,0.99561626,1.0025909,0.99568605,1.000427,1.0007559
2.0,0.025787886,0.017236471,0.007282276,-0.019929513,-0.014387481,0.021051874,0.0021017157,-0.010856511,-0.009458441,0.0005082246,0.00863957,0.03151109,-0.0038730577,-0.005707182,-0.020868856,-0.012200877,0.012624357,0.003965229,0.02158422,-0.0116471825,1.001694,1.0030004,0.9927006,0.9907521,0.9947178,0.9953478,1.0001187,0.99482775,1.0001016,1.0002444,0.9995417,0.9907953,0.99857384,1.0019472,0.9944951,0.99869865,0.9956844,0.99991107,0.9965952,0.995145
2.0,-0.012725905,-0.0073536634,-0.0039219568,0.009825684,0.007657828,-0.0077835657,-0.0018749796,0.0054710424,0.005644001,-0.0005434286,-0.0002809167,-0.015326593,0.002253443,0.0008403808,0.007766746,0.0052222162,-0.007778503,-0.001459796,-0.010825686,0.0047705993,0.99432725,0.99527407,0.99710625,0.999566,0.997411,0.9976926,0.99874645,0.9974127,0.99704605,0.9962708,0.9933774,0.9954497,0.9956931,0.995311,0.99630815,0.996766,1.0007824,0.99691594,0.99962264,0.9993503
2.0,0.005387448,0.0040065944,0.0011805426,-0.004039921,-0.0026402515,0.005680356,-1.0859221e-05,-0.0020312704,-0.0013556741,-7.0109963e-06,0.0040238686,0.006536033,-0.0007735491,-0.0019142479,-0.005680777,-0.0028050095,0.001706671,0.0007442795,0.004507892,-0.0029253622,0.9980384,0.9991382,0.9952239,0.99572366,0.9967027,0.9967009,0.99916273,0.99616015,0.99843264,0.99827117,0.99639374,0.9931621,0.9969945,0.9987973,0.9955292,0.9979804,0.99833107,0.99826056,0.9981657,0.9975321
2.0,0.060774677,0.039929412,0.018051326,-0.047045182,-0.034471404,0.047738913,0.0063737053,-0.026530528,-0.023209583,0.0020549241,0.01576643,0.07436292,-0.010221489,-0.012167089,-0.046442967,-0.027384255,0.030881662,0.009871352,0.04976227,-0.026652582,1.006717,1.0090042,0.9870742,0.98147,0.9890972,0.9928457,1.0015007,0.9931273,1.0019045,1.0035422,1.0037813,0.98684436,1.0008821,1.0055629,0.99252206,0.9983059,0.99134445,1.0023532,0.9934547,0.99112046
4.0,-0.02738379,-0.01653181,-0.007990702,0.021017473,0.016004728,-0.01866246,-0.0031712092,0.011378338,0.011356488,-0.0008593891,-0.0039834008,-0.03298079,0.004362166,0.0031329766,0.018830746,0.011945039,-0.015557639,-0.0031611398,-0.02342185,0.010993124,0.99107903,0.9920375,0.9983545,1.0024787,0.9974147,0.9985512,0.9983052,0.998563,0.9957072,0.9946353,0.9905618,0.99735266,0.9945386,0.9921187,0.9969938,0.9954563,1.0027909,0.995652,1.000606,1.0008413
4.0,-0.018123843,-0.010806978,-0.0054762876,0.014028374,0.010773428,-0.011818856,-0.0023183115,0.007698329,0.007812556,-0.0006153956,-0.0016399063,-0.02189875,0.002929464,0.0018047094,0.011871047,0.007805027,-0.010705758,-0.0021950454,-0.01550924,0.007082356,0.99314165,0.9941315,0.9975715,1.0007199,0.99750364,0.9980295,0.99848366,0.9978422,0.9964783,0.9956716,0.99232304,0.9961137,0.99522793,0.9941577,0.9965527,0.99632126,1.0015217,0.9963959,0.9999429,0.9999504
2.0,0.0025721565,0.0023358613,0.00043683685,-0.0019478649,-0.0010772771,0.0036107302,-0.0003902614,-0.0008807499,-0.00033781677,-0.00018125027,0.003400676,0.0032074265,-7.817894e-05,-0.001668714,-0.003673993,-0.0017552003,0.00033716112,0.0005313717,0.0021902174,-0.0017322914,0.9974678,0.99847806,0.9955601,0.9962625,0.9968038,0.99679166,0.99925625,0.99630505,0.99835426,0.9979087,0.9960247,0.99354607,0.9968701,0.9982627,0.995604,0.9978092,0.99872094,0.99815726,0.9984838,0.9977224
3.0,0.001139164,0.0014609247,7.572491e-05,-0.00087914616,-0.00026240665,0.0027099065,-0.00063126907,-0.00025527738,0.0002052784,-0.00016750954,0.0030243099,0.0015055612,0.000370346,-0.0015907735,-0.0026736632,-0.0011559948,-0.0003736131,0.0004898943,0.00090589374,-0.0011537119,0.99706924,0.99806774,0.99562633,0.9965577,0.99674547,0.9967397,0.9992931,0.99627507,0.99819744,0.9976953,0.99596405,0.9937002,0.9967725,0.9979398,0.99562293,0.9975733,0.99891216,0.99814475,0.9986168,0.9977993
4.0,0.049521856,0.032304343,0.014279686,-0.03805228,-0.027768433,0.03887004,0.0052308366,-0.021271313,-0.01855148,0.0016506761,0.013490599,0.060313854,-0.008864053,-0.009436592,-0.0379922,-0.022068419,0.024778273,0.0073384605,0.040820785,-0.021723174,1.0053763,1.0074408,0.9890646,0.98481125,0.9914841,0.993942,1.0005411,0.9937691,1.0010952,1.0026809,1.0021892,0.9880485,0.99994314,1.0047116,0.99327165,0.9987987,0.99262446,1.0012242,0.9941853,0.9926956
3.0,-0.018863887,-0.011188939,-0.0056487666,0.014551235,0.011180649,-0.012377009,-0.0024301,0.007973961,0.008051164,-0.00071050227,-0.0018011816,-0.022731569,0.00317394,0.001788117,0.012382925,0.007992312,-0.011017535,-0.002184432,-0.016087987,0.0074070776,0.99298555,0.9939248,0.9976681,1.0008053,0.9974763,0.998037,0.99857974,0.99787635,0.99651664,0.9955527,0.9922188,0.9962408,0.99523234,0.99397933,0.9965445,0.99627423,1.0016327,0.9963966,1.0000458,0.9999577
2.0,0.015247211,0.010221586,0.004017544,-0.011594858,-0.008217998,0.013150435,0.0010704361,-0.0061744973,-0.0051408224,0.00042117387,0.0062014274,0.018476676,-0.0024937168,-0.003475204,-0.012941867,-0.007043645,0.006841596,0.0020851083,0.012667201,-0.0071388744,0.999828,1.0011064,0.9939762,0.9935128,0.99589354,0.9960814,0.99936914,0.9954584,0.9990027,0.99929845,0.9979572,0.9919172,0.9976401,1.0004148,0.99507725,0.9983399,0.9970185,0.99894315,0.9972613,0.9965201
1.0,-0.011850379,-0.0068996325,-0.003726489,0.009243552,0.0072124414,-0.0070916675,-0.0017442144,0.0051689176,0.0053917505,-0.00040110387,-0.000116705894,-0.014349226,0.0019848496,0.0008433461,0.007162556,0.0050205067,-0.0074079633,-0.00144732,-0.010196537,0.004397641,0.99446183,0.9954883,0.99695545,0.999469,0.99739176,0.9976408,0.99862504,0.9973316,0.9969551,0.9963673,0.9935305,0.99528486,0.9956781,0.9954667,0.99627364,0.99678075,1.0006593,0.9969115,0.9994728,0.9993284
2.0,-0.0012051836,-0.00025102496,-0.00078436267,0.001155328,0.0011965525,0.00070250407,-0.0006084591,0.0007873494,0.0013080575,-0.00013501756,0.0024561659,-0.0015416853,0.00011148304,-0.0006893426,-0.00071730465,0.0003046617,-0.0018490739,-0.00026126578,-0.0011352375,-7.784157e-05,0.9967149,0.99782705,0.9959284,0.99725735,0.9971165,0.9971165,0.9988241,0.9966379,0.99780333,0.997547,0.99522877,0.99393827,0.9964468,0.9975576,0.99579525,0.99762225,0.99921924,0.9976495,0.9986006,0.9982877
4.0,-0.016270094,-0.009684183,-0.0049887234,0.012646716,0.009735742,-0.010479882,-0.0021133684,0.006958673,0.0071227923,-0.00055948086,-0.0011777319,-0.019699503,0.002568908,0.0015914738,0.010505654,0.007019207,-0.009763263,-0.0020435154,-0.01393313,0.006310208,0.99355453,0.99456763,0.99740875,1.000376,0.9975226,0.99795365,0.9984791,0.99772644,0.9966079,0.9958889,0.9926166,0.99586356,0.9953492,0.9945546,0.99647415,0.99649984,1.0012671,0.9965083,0.99978364,0.999792
1.0,0.024635222,0.01637876,0.0069014058,-0.018919997,-0.01358846,0.020523872,0.0019280687,-0.010190073,-0.0088615045,0.00079199113,0.008200705,0.030030746,-0.0036042482,-0.005493596,-0.020018645,-0.011391725,0.011942193,0.003847409,0.020317115,-0.01118065,1.0012184,1.002642,0.99260294,0.99115866,0.9946054,0.995194,0.9999244,0.99461234,0.9996292,1.0000291,0.99964124,0.990766,0.99836296,1.0016135,0.994458,0.99832964,0.99582404,0.99981296,0.996501,0.9952865
2.0,0.024917297,0.016339004,0.006791501,-0.01895864,-0.013654038,0.020341441,0.0022519007,-0.010302912,-0.008834057,0.0007890202,0.008305222,0.0301818,-0.0043819323,-0.0049672425,-0.019985244,-0.011185564,0.011852775,0.003365863,0.020657621,-0.0112156365,1.0015222,1.0030223,0.9927093,0.99124867,0.9949613,0.9955356,0.999549,0.99491984,0.9995547,1.0002787,0.9992191,0.99075615,0.99825376,1.0018207,0.9945869,0.9986626,0.9957483,0.999517,0.99632543,0.9955193
1.0,0.05614415,0.037642688,0.017207885,-0.0442592,-0.032577537,0.044315238,0.0051020756,-0.02492519,-0.022065323,0.0010292474,0.015344206,0.069258235,-0.0075553134,-0.012666553,-0.04369989,-0.026924908,0.029088158,0.010203972,0.04650619,-0.02482703,1.0062078,1.007799,0.9880991,0.9820939,0.9896717,0.99289423,1.0026652,0.99324965,1.0029268,1.0028859,1.0038097,0.98763865,1.001283,1.0053283,0.9928203,0.998501,0.9920712,1.0029839,0.99486536,0.99098706
2.0,0.015802741,0.01069418,0.004200574,-0.012070306,-0.008588094,0.013326198,0.001134377,-0.006496202,-0.0054462925,0.0001689624,0.0064584315,0.019209974,-0.0025325865,-0.0036808029,-0.013386007,-0.0075891837,0.0072377063,0.0021818653,0.013336197,-0.0073090987,1.000042,1.0012366,0.9940642,0.99326843,0.99594885,0.9961323,0.99955887,0.99557376,0.9993372,0.99932396,0.9978623,0.9919653,0.9977938,1.0005137,0.9950053,0.99856263,0.99695987,0.99902,0.9973434,0.9963662
3.0,0.023605663,0.015517246,0.0063794716,-0.017917048,-0.012895666,0.019226462,0.0021236353,-0.009743908,-0.008320283,0.0006369576,0.008073833,0.028569866,-0.0041739494,-0.0047422126,-0.019015513,-0.010696009,0.011180263,0.003132049,0.019635871,-0.0106053725,1.0013292,1.0027876,0.9929402,0.9915455,0.9951693,0.9956586,0.9995354,0.99507487,0.9995578,1.0001218,0.9989303,0.99094945,0.99819076,1.0016176,0.99460983,0.9987206,0.9959227,0.999414,0.99647,0.9956318
2.0,-0.01801809,-0.010761641,-0.0054608015,0.013966188,0.010722129,-0.011751402,-0.002290994,0.0076627573,0.0077886693,-0.00059841573,-0.001617197,-0.021789413,0.002869524,0.0018281639,0.011806548,0.007794507,-0.010671087,-0.0022144914,-0.015431561,0.0070415623,0.99316627,0.9941698,0.99755913,1.0007154,0.9975163,0.9980366,0.9984536,0.9978442,0.9964636,0.9956888,0.99232256,0.9960923,0.99522173,0.9941813,0.9965528,0.99633574,1.0015069,0.99638206,0.9999187,0.9999578
4.0,0.047841366,0.031092588,0.013673401,-0.03663424,-0.026692089,0.037650783,0.0051024333,-0.020422963,-0.017771576,0.0017611235,0.013048939,0.058169477,-0.008777998,-0.008921653,-0.03667859,-0.021061607,0.023797262,0.006917622,0.039343797,-0.021000497,1.0051026,1.0072061,0.9892724,0.9853852,0.9917708,0.9940703,1.0002534,0.99379134,1.0007733,1.0025511,1.0020046,0.9881498,0.99972236,1.0045313,0.9933782,0.99877,0.9928209,1.0009794,0.9941687,0.9930085
3.0,-0.006660059,-0.0038227588,-0.0024064751,0.005473884,0.004384336,-0.0033116862,-0.001078777,0.0031302972,0.003554672,-0.00011450611,0.0010836422,-0.008250635,0.00078014284,0.00037623942,0.0034222454,0.0030322224,-0.0048525035,-0.0010885336,-0.005927272,0.0022457524,0.99552894,0.99671656,0.9964007,0.9985439,0.99733734,0.9974288,0.9984616,0.9970025,0.997132,0.99694926,0.9942848,0.99454457,0.9959283,0.99647,0.9960387,0.99719125,0.99995315,0.9971089,0.99889606,0.9989502
3.0,-0.019677974,-0.01187209,-0.0059729433,0.015306782,0.011703545,-0.013032071,-0.002376102,0.00835979,0.008500509,-0.0005922355,-0.0020446517,-0.02385467,0.0029607564,0.0022227913,0.013110407,0.0086778775,-0.011625212,-0.0025185682,-0.01690489,0.0077689905,0.9928011,0.9938528,0.99769366,1.001105,0.9975671,0.9981767,0.99829376,0.99800783,0.99623275,0.99551195,0.9919292,0.9962802,0.9950463,0.9938163,0.9966364,0.99621296,1.0017366,0.9961611,0.9999722,1.0001831
1.0,0.00021286309,0.001383651,0.00017718971,-0.0007365532,-0.000116687734,0.0021537319,-0.0011125877,-0.00016287342,5.2604824e-05,-0.00062879734,0.00299621,0.00084953755,0.0014642179,-0.0023009032,-0.0023368597,-0.0016749837,-0.00036887452,0.0010596775,0.0005800277,-0.0009163802,0.99705255,0.9976594,0.9959296,0.9963214,0.99662995,0.9966596,1.000067,0.99627674,0.99888057,0.99761057,0.9961741,0.9940476,0.9970907,0.9979367,0.9957289,0.99756294,0.9990512,0.998595,0.9992028,0.9975545
3.0,0.045327164,0.029530115,0.012904469,-0.034737367,-0.025342584,0.035423588,0.0048386194,-0.019406902,-0.0168815,0.0013707075,0.0127109885,0.055112135,-0.008407734,-0.0084420815,-0.034838367,-0.020205412,0.02253684,0.006400883,0.037572876,-0.019883396,1.0049547,1.0069003,0.9898726,0.98596203,0.9924106,0.99443936,1.000257,0.99417776,1.000956,1.002379,1.0014501,0.9885863,0.99963766,1.0043979,0.99356663,0.9990904,0.9931205,1.0008019,0.9945567,0.9932791
3.0,0.012834758,0.008768685,0.0033180928,-0.009748708,-0.0068668374,0.011142712,0.0008143969,-0.0051971786,-0.0042546764,0.00013203733,0.0057614595,0.0155762695,-0.0020486861,-0.0031515658,-0.011183634,-0.0061999895,0.00564966,0.0017446987,0.010803558,-0.0060461974,0.99946386,1.0006438,0.9943942,0.9939959,0.9961857,0.9962884,0.99941796,0.99572617,0.99905264,0.9990103,0.9974478,0.992291,0.9975545,1.00002,0.9951361,0.9984042,0.9973498,0.99878764,0.9975559,0.99670434
3.0,-0.025778055,-0.015676327,-0.00763484,0.019960735,0.015182313,-0.01742858,-0.0029543713,0.010831219,0.010886103,-0.000648465,-0.003638938,-0.031185802,0.0039293766,0.0031059384,0.01769445,0.011504956,-0.01485062,-0.0031304173,-0.022242632,0.010323483,0.991355,0.9924374,0.9981237,1.0023028,0.9974402,0.9984486,0.9981256,0.99841374,0.9956035,0.9947853,0.990865,0.99705887,0.99454385,0.9924246,0.99690056,0.9955429,1.0025761,0.99567,1.0003734,1.0007786
1.0,0.0402429,0.02600737,0.011275436,-0.030603055,-0.022162976,0.032246847,0.004128929,-0.016813653,-0.0146007575,0.0018079244,0.011283636,0.04876358,-0.0073188394,-0.0074879155,-0.031121582,-0.017397914,0.01972672,0.0056828745,0.032851942,-0.017751822,1.0036662,1.0057255,0.99019146,0.98755974,0.99270403,0.99434274,0.9997612,0.9938119,0.99989736,1.0017107,1.0013676,0.98878366,0.9990716,1.0035269,0.99368536,0.9984429,0.99375594,1.0004225,0.9945983,0.9938956
4.0,-0.027244344,-0.016577035,-0.008040701,0.021052673,0.015996259,-0.018606994,-0.0030554682,0.011383156,0.011431336,-0.000748964,-0.003979761,-0.03293625,0.0040938407,0.0033466518,0.018814087,0.012126148,-0.01562082,-0.003327161,-0.0234274,0.010966122,0.9910827,0.99214077,0.998301,1.0025644,0.99747175,0.99859357,0.99810356,0.99858713,0.99554265,0.994648,0.9904867,0.99727386,0.9944574,0.9921226,0.9969901,0.99547637,1.002779,0.99552727,1.0004838,1.0009265
4.0,-0.017671816,-0.010500066,-0.0053339386,0.013659066,0.01050369,-0.011466257,-0.002296336,0.007506418,0.0076137856,-0.00061657466,-0.0015244335,-0.021331463,0.0029072538,0.0016915798,0.011513889,0.0075614452,-0.010441251,-0.002107095,-0.015105359,0.006881465,0.99324214,0.99421805,0.9975361,1.00061,0.99748594,0.9979903,0.99853116,0.99779546,0.9965445,0.99571973,0.9924335,0.99606353,0.9952768,0.9942575,0.9965312,0.99635375,1.0014586,0.99645656,0.9999294,0.9998889
1.0,-0.012223512,-0.0070784837,-0.0039029503,0.0095810555,0.0074587115,-0.0077952445,-0.0016696304,0.0052662576,0.005530201,-0.0007244963,-6.0480088e-05,-0.0148098655,0.0019001961,0.0009409562,0.007481836,0.004949674,-0.007565327,-0.0016381927,-0.010280505,0.0047292104,0.99453247,0.9954897,0.9972009,0.9994804,0.9975879,0.9978267,0.99869114,0.99755126,0.99718875,0.9962938,0.9930876,0.99541724,0.99576396,0.99536085,0.9961987,0.9970615,1.000738,0.99680394,0.999525,0.999308
3.0,0.018760808,0.012632299,0.0051269857,-0.014426675,-0.0103211645,0.01564608,0.0013847724,-0.0077856705,-0.006646823,0.0002656877,0.0071136244,0.02286167,-0.0028545707,-0.0043139905,-0.0156246275,-0.008984085,0.008838851,0.0027368926,0.015790857,-0.008602675,1.0005308,1.0017393,0.9936556,0.99252635,0.9955883,0.9958783,0.99975395,0.995322,0.9995721,0.9996092,0.9984116,0.99161327,0.9980396,1.0009654,0.99486524,0.9985858,0.99657565,0.9993285,0.99714327,0.9959847
1.0,-0.016367875,-0.009432837,-0.0048145847,0.012407396,0.009616179,-0.010484472,-0.0023518652,0.0068478305,0.0068684667,-0.00083654,-0.00110358,-0.019539494,0.0031554848,0.0010702386,0.010372706,0.006479852,-0.009501718,-0.0016419478,-0.013729766,0.006290151,0.9936117,0.9943923,0.99753743,1.0001318,0.9974133,0.99785596,0.998962,0.99767095,0.99704033,0.995865,0.99280834,0.99601716,0.9955741,0.9945944,0.9964658,0.996512,1.0012811,0.9968099,1.0000668,0.9995703
1.0,-0.039944813,-0.026221067,-0.01258506,0.03243514,0.02394954,-0.028573938,-0.0027646571,0.01707829,0.018016117,0.00040415116,-0.007678617,-0.049783032,0.0026826411,0.008283697,0.029591143,0.021181375,-0.02419953,-0.0069488026,-0.036162466,0.016695999,0.98765534,0.9901214,0.9985389,1.006321,0.9976626,1.0000205,0.9950995,1.0001884,0.9920578,0.9931161,0.98647016,0.9982022,0.9922181,0.98871726,0.99773735,0.9941186,1.0046464,0.99261355,0.9998734,1.0034512
4.0,-0.021095917,-0.0126827285,-0.0063030003,0.016304735,0.012466686,-0.013997499,-0.002580274,0.008904668,0.008979164,-0.0006468855,-0.002402451,-0.025487293,0.003343217,0.0022879094,0.0141181275,0.009207383,-0.012296557,-0.0025466941,-0.018088378,0.008331636,0.99247396,0.9934798,0.99780905,1.0013249,0.99749994,0.99819815,0.9983706,0.9980663,0.9961751,0.9953441,0.9917719,0.99648905,0.9949771,0.99351484,0.99670136,0.9960375,1.0019269,0.9961322,1.000133,1.0002682
4.0,0.014381029,0.009762224,0.0038002878,-0.010970596,-0.007760161,0.012434624,0.00093439594,-0.005845364,-0.0048633963,0.00025870278,0.006067496,0.01747867,-0.0022107884,-0.003468141,-0.012353286,-0.0068587884,0.0064727664,0.0020472296,0.012029149,-0.006747433,0.99969256,1.0008998,0.9941442,0.9936383,0.9959707,0.9961235,0.9994829,0.99554205,0.99910456,0.99915963,0.9978113,0.99207497,0.99765605,1.0002599,0.99507165,0.99836594,0.9971479,0.99894565,0.9974227,0.99652904
4.0,-0.020231597,-0.012078293,-0.006031572,0.015591878,0.011949023,-0.013370074,-0.0025417618,0.0085278675,0.00858999,-0.0007014405,-0.0021571405,-0.024394859,0.0033239946,0.0020504445,0.013428494,0.008681759,-0.011774536,-0.0023755021,-0.017277725,0.007967927,0.992686,0.9936421,0.99777,1.0011,0.9974891,0.9981337,0.998495,0.997994,0.9963522,0.99543214,0.991956,0.9964075,0.99509746,0.99370784,0.99664587,0.99613625,1.0018107,0.9962626,1.0001264,1.0001287
2.0,-0.01104942,-0.006310411,-0.0034572696,0.008545689,0.0067024925,-0.0065497234,-0.0017071366,0.0047840998,0.0049964786,-0.0005013067,0.00013238937,-0.013310727,0.0019735694,0.0005993843,0.006518461,0.004475966,-0.006903127,-0.0012750961,-0.009392373,0.004059606,0.99469364,0.99564767,0.99695235,0.9992266,0.99739,0.9976101,0.99878013,0.9972996,0.9971859,0.9964653,0.9936647,0.995235,0.9958168,0.99566334,0.9962414,0.99690676,1.0005535,0.9970427,0.99949664,0.9991892
2.0,0.0024623498,0.0022291988,0.00038821064,-0.0018180385,-0.000975125,0.0036061406,-0.0003976263,-0.0007906165,-0.0002495423,-9.4052404e-05,0.0033264346,0.0030458085,-8.0123544e-05,-0.0016215965,-0.0035814717,-0.0016062185,0.00025023893,0.00051133335,0.0020078942,-0.0016936956,0.9973796,0.998436,0.99550873,0.9963253,0.9967599,0.9967519,0.99919194,0.9962564,0.9982348,0.9978706,0.99605805,0.9935202,0.996816,0.9982004,0.9955878,0.99772656,0.9987336,0.99812526,0.9984375,0.997752
3.0,0.0053777695,0.0038005523,0.0010377113,-0.0037751906,-0.0024447222,0.005800184,0.000109143555,-0.0018563643,-0.00111904,0.00031221844,0.0038599074,0.0063468516,-0.0010863617,-0.0016132593,-0.005549006,-0.0023292825,0.0015180446,0.00055462494,0.0041793957,-0.0029043264,0.997873,0.99917096,0.9950493,0.99592257,0.99664646,0.9966486,0.9988103,0.996062,0.9980038,0.9982098,0.99642015,0.99301666,0.99679404,0.9986697,0.99547005,0.99783134,0.9983331,0.9980539,0.9979079,0.9976859
1.0,0.02944263,0.019374438,0.00821919,-0.022579607,-0.01633975,0.023686603,0.0027139038,-0.012367198,-0.010729734,0.0007754136,0.009369142,0.035802886,-0.0050066113,-0.0059428066,-0.023383997,-0.01344442,0.014346447,0.004177816,0.02453912,-0.013154041,1.0023366,1.0038401,0.99216735,0.9900033,0.99442905,0.9952585,0.9999076,0.9947217,1.0000787,1.0007137,0.99980724,0.99032015,0.99866694,1.0024623,0.9943577,0.9988189,0.9951681,0.9999342,0.99607044,0.99491817
4.0,-0.03188026,-0.019452348,-0.009311168,0.024577111,0.018636541,-0.022070102,-0.003430441,0.013211282,0.013236772,-0.0008636471,-0.0051789917,-0.038496654,0.0047288463,0.0040505454,0.02233816,0.014243022,-0.018077321,-0.0038297474,-0.027421877,0.01294729,0.99001706,0.9910876,0.99866456,1.003431,0.9973623,0.9988746,0.9979792,0.99897075,0.9951199,0.9941095,0.9895148,0.99789375,0.99409825,0.99103564,0.9972026,0.99502206,1.003425,0.9951039,1.0007664,1.0013778
1.0,-0.015476003,-0.009204306,-0.004790052,0.012048202,0.009284282,-0.010000713,-0.0020031668,0.0066210693,0.0068189837,-0.00060676597,-0.0009437576,-0.018762555,0.0023769364,0.0015197173,0.009931952,0.006634958,-0.009363454,-0.0020222552,-0.0131935105,0.006011295,0.993771,0.99477524,0.99738294,1.0002174,0.9975807,0.99797064,0.9984901,0.99773157,0.9967218,0.99599904,0.99264836,0.9957773,0.9954233,0.9947367,0.9964443,0.99663967,1.0011574,0.9965457,0.99972737,0.99971473
4.0,0.032675494,0.021438386,0.009179297,-0.025061738,-0.018172737,0.026149465,0.0031000152,-0.013774907,-0.011967462,0.00093608536,0.010037024,0.039734833,-0.005596943,-0.00648129,-0.02573818,-0.014814749,0.016012918,0.004678104,0.027148679,-0.014537603,1.0028538,1.0044338,0.9916851,0.9892133,0.9940093,0.99504215,0.9999893,0.9945288,1.0002303,1.0010381,1.0002608,0.9899274,0.9988763,1.0028821,0.99419963,0.99884427,0.9947626,1.0001535,0.99576265,0.9945754
2.0,-0.00631541,-0.00317657,-0.0020130351,0.0047749802,0.003931054,-0.00291441,-0.0013925955,0.002786112,0.003028188,-0.00047045015,0.0013034418,-0.007456351,0.0015948117,-0.0004574135,0.002856344,0.0020643026,-0.004243683,-0.00043400005,-0.0052896515,0.002007099,0.99565333,0.9965346,0.9964931,0.9981088,0.99712986,0.99722064,0.99916416,0.9968602,0.9977482,0.9969295,0.99467725,0.9946837,0.9962772,0.99659127,0.99599016,0.99718684,0.9999174,0.9975985,0.9992707,0.9985625
1.0,0.0012091696,0.0018413216,0.00033587776,-0.0013241582,-0.0005788882,0.0028039366,-0.0008553937,-0.00050500967,-0.00017492846,-0.00047007762,0.0031837747,0.0019019768,0.00091937184,-0.0021221861,-0.002941005,-0.0017961413,-2.0727515e-05,0.0009199418,0.0013037547,-0.0012961251,0.99725866,0.9979895,0.9957968,0.9962527,0.99668837,0.9967041,0.99980855,0.99627805,0.9987374,0.9977539,0.99617606,0.9938578,0.99703914,0.9981168,0.9957066,0.99766916,0.998915,0.9984728,0.99896246,0.99760234
2.0,0.012886405,0.008975834,0.0035051862,-0.010021597,-0.007050576,0.011400752,0.0006096922,-0.0053044204,-0.004449263,7.54185e-05,0.0057954937,0.015816085,-0.0015636906,-0.0035408437,-0.011388034,-0.006517764,0.005844824,0.0021038614,0.010902561,-0.0061693825,0.99943846,1.0004956,0.99436617,0.9938419,0.9960107,0.99613184,0.9997289,0.99558234,0.99923646,0.9989954,0.9977533,0.9923197,0.9976883,1.0000651,0.9951601,0.99827445,0.9973555,0.9990518,0.9977382,0.9965496
3.0,0.06389537,0.041252654,0.018376682,-0.048682753,-0.035549797,0.04960488,0.007576503,-0.027563857,-0.023856562,0.0027274722,0.016064923,0.07760279,-0.012907892,-0.0112411305,-0.048016172,-0.027359683,0.03189369,0.00905351,0.052139945,-0.027784668,1.0073384,1.0101889,0.98652405,0.98117083,0.9891155,0.9932029,1.0002873,0.9934326,1.0011119,1.0042436,1.0032248,0.9864131,1.000426,1.0058513,0.9924234,0.9985257,0.99075115,1.0015396,0.9923062,0.99149543
2.0,-0.013600774,-0.007919483,-0.0041823117,0.010518955,0.008170391,-0.008447826,-0.001940012,0.0058376472,0.006004274,-0.0005544014,-0.0004998669,-0.016399633,0.0023483187,0.0010105893,0.008436859,0.005649619,-0.008258529,-0.0015923306,-0.0115881115,0.0051513333,0.9941371,0.99509495,0.9971847,0.9997604,0.9974365,0.9977512,0.99869305,0.99748534,0.99694854,0.9961711,0.9931981,0.9955544,0.9956147,0.9951228,0.9963429,0.99670255,1.0009034,0.9968227,0.9996681,0.9994522
2.0,0.0355366,0.023163233,0.009966937,-0.02719308,-0.01973079,0.028324848,0.0035303384,-0.014978761,-0.013001293,0.0011843927,0.010572199,0.04315143,-0.006362304,-0.0067765787,-0.027745679,-0.015820388,0.017403763,0.0049699917,0.029423043,-0.015758378,1.0033058,1.0050284,0.99121934,0.98858047,0.99366134,0.99490315,0.999892,0.99437886,1.0002079,1.0013871,1.0005728,0.9895484,0.99896836,1.0032485,0.9940904,0.9988425,0.99437064,1.0002284,0.9953717,0.9943699
1.0,0.050425425,0.032722846,0.014378904,-0.038413774,-0.027974874,0.0397283,0.005442925,-0.021415422,-0.018628951,0.002017334,0.013444673,0.06124079,-0.009265706,-0.009422615,-0.038543526,-0.022044774,0.025134068,0.0073650368,0.04118324,-0.022028303,1.0051861,1.0074991,0.9886894,0.984759,0.99115795,0.99371064,1.0002472,0.99354595,1.0006667,1.0025623,1.0023465,0.9877712,0.9997897,1.0044894,0.9929901,0.99853355,0.9925128,1.0010715,0.9937637,0.9926487
3.0,-0.008276768,-0.004563175,-0.0026748357,0.0064192303,0.0051233694,-0.0044831038,-0.0014435835,0.0036455607,0.003915943,-0.00043172203,0.0008061081,-0.009959083,0.0015532672,0.00015479326,0.004440926,0.0032168627,-0.0054340623,-0.0009283908,-0.0070300326,0.002880959,0.99527395,0.9962384,0.9966825,0.9986452,0.99731064,0.9974461,0.9988645,0.9970902,0.9974209,0.9967655,0.99416155,0.9948832,0.99602807,0.99621797,0.9961135,0.9971103,1.0001771,0.99726826,0.9992912,0.99890035
2.0,-0.01714643,-0.010361254,-0.005317447,0.013447912,0.010304107,-0.0111716725,-0.0020908006,0.007370904,0.00758205,-0.00046943128,-0.0014336593,-0.020870578,0.0024455264,0.0019594878,0.0112544745,0.0076630563,-0.010357834,-0.0023251064,-0.014797606,0.0067076273,0.9933456,0.9944522,0.99744827,1.0006613,0.99758613,0.99805903,0.9982495,0.99782836,0.99635696,0.99580157,0.9923568,0.9959203,0.9951877,0.9943515,0.9965257,0.9964344,1.001389,0.9962983,0.9997314,0.99998593
2.0,-0.0059592947,-0.0031863898,-0.0020994088,0.004757004,0.003879477,-0.002866175,-0.0011304431,0.0027341144,0.0031078868,-0.00036208704,0.00136327,-0.007247824,0.0010069758,-5.993247e-05,0.0027767569,0.0022824407,-0.004291389,-0.0007890947,-0.005099207,0.0019634578,0.9957398,0.99677503,0.9964476,0.9982193,0.9972926,0.9973611,0.9988084,0.99696964,0.9975287,0.9969982,0.99442154,0.9945668,0.99615467,0.9966252,0.9959698,0.99731827,0.9998653,0.99734914,0.9990313,0.9986982
4.0,-0.033325046,-0.020407706,-0.009730139,0.025717631,0.019473728,-0.023126192,-0.0035154969,0.013802212,0.013846625,-0.0008269157,-0.0055799447,-0.0402766,0.0048351064,0.0043621957,0.023470387,0.0150260925,-0.018904885,-0.0040439405,-0.028737873,0.013553921,0.98965913,0.9907805,0.99873585,1.0037469,0.99732673,0.9989741,0.99784976,0.9990999,0.9948944,0.9939505,0.9891981,0.9980608,0.9939346,0.9906916,0.99729115,0.99484825,1.0036241,0.99492466,1.0008126,1.0015658
1.0,-0.024906643,-0.015542187,-0.007696391,0.019717028,0.014896117,-0.017124102,-0.0024984628,0.010628739,0.010918263,-0.00043289363,-0.003449928,-0.030520353,0.0029249117,0.0037491843,0.017338008,0.011779644,-0.014811408,-0.0036955513,-0.021732438,0.010116652,0.99156094,0.992915,0.9980229,1.0024568,0.99772525,0.99866635,0.9975287,0.9985606,0.9952536,0.99492085,0.99051756,0.99679404,0.9943667,0.9925646,0.99688023,0.99578696,1.0024718,0.9952767,0.9999707,1.0009968
2.0,-0.0032206178,-0.00136026,-0.0012303321,0.002537936,0.002248325,-0.0006583072,-0.00097440556,0.0015662462,0.0019510873,-0.00027327798,0.0020017885,-0.003833618,0.00082889944,-0.0006981492,0.0006483272,0.0009285137,-0.0027479157,-0.00023635104,-0.0027734563,0.000720571,0.996277,0.9972715,0.9961403,0.99756354,0.99707615,0.9971058,0.9990325,0.9966787,0.99781644,0.9972848,0.9951032,0.9942373,0.99640834,0.9971767,0.9958645,0.9974115,0.99949867,0.99769473,0.99890715,0.99835557
3.0,-0.02058985,-0.012357675,-0.0061626444,0.015920304,0.012182713,-0.01362443,-0.00253788,0.008702077,0.0087808855,-0.00064296834,-0.0022733174,-0.024873476,0.0032816008,0.002196446,0.013732336,0.008961767,-0.012019254,-0.0024798475,-0.017650902,0.008121423,0.9925835,0.9935867,0.9977687,1.0012192,0.99749553,0.99816227,0.9983955,0.9980211,0.99622834,0.9953914,0.99187124,0.9964248,0.9950222,0.993617,0.9966667,0.9960847,1.0018591,0.99617857,1.0000997,1.0002093
4.0,-0.019434497,-0.011686884,-0.0058868593,0.01509884,0.011558377,-0.012836661,-0.0023822822,0.00825496,0.008384187,-0.00061239675,-0.00197782,-0.023535807,0.0029995516,0.0021186993,0.012902722,0.008503601,-0.01146156,-0.0024396665,-0.016679235,0.007665649,0.9928448,0.9938772,0.9976743,1.0010304,0.9975417,0.99813586,0.9983539,0.99796885,0.99628973,0.99552166,0.9920055,0.99625987,0.99508816,0.99385685,0.9966061,0.99622345,1.0017047,0.9962176,0.99997866,1.0001237
4.0,-0.0127213225,-0.007425599,-0.0039789816,0.009907881,0.0077047483,-0.00783208,-0.0018090084,0.0055042114,0.005718697,-0.0004996918,-0.0002930276,-0.015393566,0.0021006092,0.000978671,0.007819362,0.005347185,-0.00785283,-0.0015738942,-0.010877654,0.0047995076,0.9943203,0.9953184,0.99709105,0.99962777,0.99745494,0.9977305,0.9986298,0.99744385,0.9969556,0.99627197,0.99329823,0.9954201,0.9956447,0.99529415,0.99630183,0.9967864,1.0007845,0.9968345,0.99955505,0.99940294
1.0,-0.016642772,-0.0089993775,-0.004497015,0.011999136,0.009431709,-0.01052298,-0.0028461926,0.006675533,0.0064029396,-0.0013741218,-0.0009850934,-0.01933029,0.004359603,3.0726194e-05,0.010162592,0.0054527745,-0.009030335,-0.00084060803,-0.013419375,0.0062862383,0.99366707,0.9939998,0.9977549,0.9996606,0.99716353,0.99764174,0.99991584,0.99755234,0.99786586,0.99579763,0.9931889,0.9963264,0.99599975,0.99462706,0.9964362,0.9964886,1.001312,0.99741125,1.0006267,0.9991273
4.0,-0.032473095,-0.019856036,-0.009484529,0.02504857,0.018979032,-0.022492088,-0.0034639426,0.013457413,0.013492838,-0.0008326005,-0.0053486973,-0.039234843,0.0047612786,0.004193045,0.022806734,0.014587298,-0.018428182,-0.003925588,-0.027974851,0.013189685,0.98986584,0.99096453,0.9986846,1.00357,0.99734867,0.9989162,0.9979106,0.9990246,0.99500996,0.9940496,0.9893902,0.9979578,0.9940206,0.9908989,0.99724734,0.9949415,1.003505,0.99502623,1.0007817,1.0014641
2.0,0.03425211,0.022702675,0.009809382,-0.026456092,-0.019227888,0.027350396,0.0031159185,-0.014582897,-0.012772024,0.00074839965,0.010484904,0.04183515,-0.005407177,-0.007196635,-0.027070262,-0.01597735,0.017070223,0.0052574426,0.028567381,-0.015229249,1.0030847,1.0045698,0.99152756,0.98860407,0.9936857,0.9948311,1.000438,0.9944334,1.0006849,1.0010476,1.0005711,0.989854,0.999165,1.0030276,0.9940326,0.99887294,0.99460363,1.0004869,0.99587154,0.9941719
1.0,0.007760413,0.0054802485,0.0018761139,-0.0058150142,-0.003926788,0.0077956915,0.00016889349,-0.002927946,-0.0022042543,0.00033965148,0.004416026,0.0094057545,-0.0010315403,-0.0023635402,-0.0074672773,-0.003661789,0.0029409938,0.0012083128,0.0062305853,-0.004009459,0.9982834,0.99950093,0.994748,0.99525017,0.9963128,0.99635506,0.99916285,0.9957637,0.9983361,0.9984288,0.99707615,0.99275833,0.99707687,0.9990962,0.99536586,0.9978187,0.9980228,0.9984617,0.99786824,0.9972927
1.0,-0.00093089044,-0.00020831823,-0.000833245,0.0011335723,0.0011689439,0.0007780902,-0.00044113025,0.0007552486,0.0013490729,-6.9653615e-05,0.0024942942,-0.0013467446,-0.0002426058,-0.00048704445,-0.00081335753,0.0003972873,-0.0018267818,-0.0004556775,-0.0009888634,-0.00010652258,0.99673635,0.9979597,0.99587804,0.9973033,0.9971772,0.9971651,0.9986166,0.99667656,0.9976607,0.9975442,0.99507976,0.9938579,0.9963713,0.9975276,0.99572223,0.9976864,0.99918073,0.9974916,0.9984273,0.99833906
3.0,0.056556217,0.036646545,0.01629599,-0.0432938,-0.031575672,0.044317953,0.0062991157,-0.024298085,-0.021112982,0.0023077168,0.01469535,0.06878156,-0.010668382,-0.010354109,-0.04293477,-0.024579484,0.02823523,0.0082622245,0.046263315,-0.0247209,1.0062661,1.0087162,0.987743,0.98309344,0.99024266,0.99346864,1.0004086,0.9934004,1.0009716,1.0034455,1.0029161,0.9871378,1.0001826,1.0052925,0.99287814,0.9985295,0.9917144,1.0014486,0.99321175,0.99210465
2.0,0.0009441599,0.0012630224,-5.934853e-05,-0.0006582141,-0.00012836093,0.0023654997,-0.00051847845,-0.00018528663,0.00032876804,-0.00020178594,0.0030121244,0.0011988357,8.627772e-05,-0.0013193414,-0.002430275,-0.0009501502,-0.00056355447,0.000245668,0.00079923123,-0.0010303042,0.9971591,0.99817896,0.99573886,0.99665624,0.9969305,0.99692047,0.999139,0.9964426,0.99818265,0.9977544,0.9957121,0.9937349,0.9967218,0.9979755,0.9956907,0.99773526,0.99893624,0.9979847,0.99857867,0.9979347
4.0,0.028712377,0.018931512,0.0080150515,-0.022020373,-0.015930045,0.023151362,0.0026010424,-0.012051558,-0.010447197,0.0007348992,0.009217504,0.034923814,-0.004797213,-0.0058666393,-0.022867102,-0.01316908,0.013980601,0.0041183494,0.02392111,-0.012841908,1.0022044,1.003674,0.99226844,0.99017435,0.9944977,0.9952766,0.9999236,0.9947417,1.0000589,1.000614,0.99975646,0.9904026,0.9986421,1.0023553,0.99437755,0.99880075,0.9952792,0.99991965,0.99616075,0.99497247
3.0,-0.0072070435,-0.0038727224,-0.0023626583,0.00560645,0.0045314045,-0.0036314577,-0.0013702996,0.0032244204,0.0035061948,-0.000388816,0.0010473691,-0.008657295,0.0014690384,-7.916987e-05,0.0036177784,0.0027110502,-0.0048467666,-0.00073863193,-0.0061581656,0.002428313,0.9954375,0.9964144,0.99653924,0.9984111,0.9972159,0.9973222,0.99892575,0.99695724,0.99748814,0.99683416,0.9944072,0.99473834,0.9961107,0.99637955,0.996021,0.99712926,1.0000358,0.99738306,0.9992078,0.9987512
3.0,-0.017956339,-0.010608867,-0.00537105,0.013805494,0.010626597,-0.011683919,-0.0023694225,0.007584544,0.0076588243,-0.0007019546,-0.0015652254,-0.02161393,0.0030719414,0.0016190037,0.011683986,0.0075477436,-0.010522768,-0.0020572804,-0.015270881,0.006997464,0.993204,0.99412304,0.99759686,1.000606,0.9974739,0.99799305,0.9986354,0.9978148,0.9966303,0.9956876,0.9924057,0.99613625,0.9953122,0.9942109,0.9965397,0.9963467,1.0014979,0.99650115,1.0000134,0.99986136
3.0,0.027877863,0.018313989,0.0077753286,-0.021375977,-0.015422339,0.022822857,0.002463717,-0.011614855,-0.010062728,0.0009861831,0.008893404,0.033892423,-0.0046134964,-0.005680807,-0.022250593,-0.012541842,0.01347639,0.0040505715,0.023029871,-0.012573948,1.0019486,1.0034696,0.9922233,0.9904718,0.9944447,0.9952092,0.9997748,0.9945814,0.99973035,1.0005594,0.99989843,0.990374,0.9984984,1.0022359,0.9944703,0.99855393,0.9953815,0.99986434,0.9961173,0.9951448
4.0,0.0088022575,0.006325789,0.002266001,-0.0067816377,-0.0046507823,0.008333821,0.0002211146,-0.003515793,-0.0027905144,1.0211021e-05,0.00483137,0.010800879,-0.0010005161,-0.002771549,-0.00832691,-0.0045845658,0.003654588,0.0014563836,0.007417366,-0.004405913,0.9986398,0.9997021,0.9948294,0.99483454,0.9963366,0.99637634,0.99950105,0.9958406,0.9988402,0.998542,0.99709094,0.99278325,0.99734056,0.9993392,0.9953115,0.99808484,0.99789506,0.99867195,0.9980003,0.9970276
4.0,-0.023905732,-0.014490493,-0.0071233576,0.018510045,0.014098662,-0.016141728,-0.0027723275,0.010051424,0.010128945,-0.0006916858,-0.0031171218,-0.028921504,0.0036302805,0.0028263405,0.01628337,0.010576427,-0.013843428,-0.002955187,-0.02053833,0.009554809,0.99184525,0.99288934,0.9980415,1.0019176,0.99752307,0.9983987,0.99820906,0.99832165,0.99586546,0.9950254,0.99114585,0.99683785,0.99472827,0.99287784,0.99682665,0.9958068,1.002319,0.9958258,1.0002732,1.0005864
1.0,-0.008444294,-0.0044196546,-0.002548744,0.006227879,0.005009355,-0.0047029257,-0.0016267821,0.0035275836,0.0036929883,-0.00079109706,0.00092791393,-0.009932887,0.0020007193,-0.000227049,0.004404448,0.0027230307,-0.005280759,-0.00068248436,-0.006798789,0.0029267485,0.9953982,0.99612504,0.9968795,0.99843633,0.9973303,0.99747854,0.99929583,0.9971684,0.9978966,0.9968088,0.99414766,0.995067,0.99624985,0.9963078,0.9961729,0.99722445,1.0001907,0.9975141,0.9995906,0.99871975
4.0,-0.029385708,-0.018124111,-0.00876188,0.022911493,0.017331501,-0.020215832,-0.003083501,0.012341842,0.01247948,-0.00058458373,-0.0046053454,-0.035704914,0.004023969,0.004031509,0.020572811,0.013526216,-0.016977455,-0.0038230978,-0.025520127,0.011912154,0.99050677,0.9917479,0.9983607,1.0031546,0.99747473,0.9987662,0.9977089,0.9987867,0.9950193,0.9943802,0.98993415,0.9974509,0.99412376,0.99156284,0.9970877,0.9952241,1.0030856,0.9951258,1.0004299,1.0012919
3.0,-0.02157902,-0.012888141,-0.0063810525,0.016616696,0.012727316,-0.014268175,-0.0027023554,0.009088269,0.009105872,-0.0006847922,-0.0025320575,-0.025989022,0.0036146864,0.0021761805,0.014413945,0.009289183,-0.012450669,-0.0024434738,-0.018487044,0.008516188,0.99232984,0.993295,0.9978404,1.0013509,0.99740505,0.99813443,0.9984906,0.99802125,0.99619955,0.99523646,0.9918067,0.9965729,0.9949887,0.99337274,0.99667346,0.9959412,1.001998,0.9961806,1.0002162,1.0002391
4.0,-0.022296704,-0.013450608,-0.0066513354,0.017242977,0.013161907,-0.014914878,-0.0026660152,0.009393035,0.009466007,-0.0006718971,-0.0027050003,-0.026951108,0.0034746155,0.0025103688,0.015040025,0.0097820535,-0.012952458,-0.0027165003,-0.019128993,0.008854236,0.9922085,0.99322623,0.9979123,1.0015749,0.99751186,0.998283,0.99830925,0.998175,0.9960512,0.9952082,0.9915073,0.9966405,0.99487495,0.99324524,0.99675417,0.99594206,1.0020941,0.9960062,1.0001979,1.0004008
3.0,0.013953291,0.009402793,0.0036103353,-0.010541853,-0.007444764,0.012104016,0.0009591654,-0.005608389,-0.004611466,0.0003376715,0.0059261657,0.016883098,-0.0023204684,-0.003241554,-0.011972252,-0.006490011,0.0061668977,0.0018659122,0.011592045,-0.006546894,0.999592,1.0008619,0.9941624,0.9938162,0.9960338,0.99617463,0.99931896,0.9955745,0.99893457,0.9991208,0.9976959,0.9920839,0.9975504,1.0001681,0.99508655,0.99834096,0.9971989,0.99881315,0.9973592,0.99664944
3.0,0.006666787,0.004960276,0.0016324734,-0.005106706,-0.0034096423,0.0067227036,1.616776e-06,-0.0025962424,-0.0019359589,-5.53187e-05,0.004339576,0.008191723,-0.00065393746,-0.0024102926,-0.0067390874,-0.0036248975,0.002522692,0.0011513233,0.005607888,-0.0034787736,0.9982162,0.9992639,0.99507034,0.99532926,0.9964886,0.996495,0.99942356,0.99598086,0.9986655,0.9982985,0.9967446,0.99303806,0.99718124,0.9989492,0.99538374,0.9979802,0.9981818,0.9985041,0.99816275,0.99724925
3.0,-0.019328669,-0.011593804,-0.0058332225,0.0149756465,0.011470394,-0.012740426,-0.00239769,0.008192986,0.008307792,-0.00062777475,-0.0019433759,-0.023378823,0.003035225,0.0020568445,0.012803383,0.0084084645,-0.011378676,-0.002388049,-0.01655741,0.0076026553,0.9928841,0.99389166,0.9976762,1.0009856,0.99753547,0.9981261,0.9983992,0.9979592,0.99634004,0.99554855,0.99205446,0.9962602,0.99511504,0.9939028,0.9966184,0.9962318,1.0016868,0.99625915,1.0000031,1.0001001
3.0,0.018583275,0.012613159,0.005144839,-0.014376879,-0.010280751,0.0155761745,0.0012848303,-0.007748151,-0.0066562556,0.00020843185,0.007093642,0.0227274,-0.002622418,-0.004459977,-0.015567511,-0.009059336,0.008837685,0.0028621964,0.015678227,-0.008558132,1.0004869,1.0016413,0.99368846,0.9924945,0.9955362,0.99582845,0.9998934,0.9952875,0.9996668,0.99955446,0.99848545,0.99166006,0.99808997,1.0009334,0.9948605,0.99854976,0.9966105,0.9994127,0.99724174,0.9959309
3.0,0.02891706,0.019023854,0.0080898935,-0.02219319,-0.016039014,0.023465453,0.0025960058,-0.012109289,-0.010506652,0.00087979995,0.0091905,0.035172965,-0.004795991,-0.005896479,-0.02302245,-0.013139576,0.014057059,0.0041890033,0.023994543,-0.012975724,1.0021744,1.0036786,0.9921549,0.99016356,0.9943866,0.99519664,0.99988365,0.9946183,0.9999361,1.0006524,0.99991584,0.9903167,0.9986173,1.0023801,0.9943967,0.9986753,0.99524707,0.99994826,0.9960897,0.99497974
4.0,-0.004433982,-0.0020871758,-0.0015815292,0.0034640245,0.0029351297,-0.001693055,-0.0010786802,0.0020411015,0.0023994185,-0.0004286468,0.0017695315,-0.005287502,0.0010189936,-0.0005315542,0.0015490428,0.0013542622,-0.0033540614,-0.00040940568,-0.0037075505,0.0012856342,0.9960796,0.99702984,0.9963391,0.99778444,0.99718064,0.9972205,0.9990574,0.9968281,0.99783576,0.99714065,0.9947895,0.99442995,0.99636835,0.9969391,0.9958891,0.99742913,0.99966943,0.9976001,0.99903476,0.99844337
1.0,-0.015740722,-0.009736866,-0.005109017,0.012604073,0.0096147135,-0.010319378,-0.0017275289,0.0068789274,0.0072439797,-0.00029517896,-0.0011115074,-0.0194006,0.001659736,0.0022492856,0.010393657,0.007464424,-0.009874236,-0.0025767349,-0.013715774,0.006177419,0.9937026,0.9949654,0.99731123,1.0005769,0.9977738,0.9981744,0.9978853,0.99788266,0.9962177,0.9960408,0.9923198,0.9956594,0.9951297,0.994674,0.9965232,0.9966664,1.0011896,0.9961261,0.99942964,1.000072
1.0,0.021319829,0.014762212,0.006256849,-0.016845811,-0.012086267,0.01797918,0.0011928044,-0.009064078,-0.008026179,0.00010106899,0.0077663176,0.026393104,-0.0020756498,-0.005759105,-0.017929278,-0.010954708,0.010663856,0.0039921664,0.018015645,-0.009841274,1.0008126,1.0017971,0.9932936,0.9915219,0.9948771,0.9953032,1.0006462,0.9948539,1.0002613,0.9996136,0.99939203,0.9914162,0.99856263,1.001249,0.994612,0.9984012,0.9963148,1.0000949,0.9973679,0.9952517
3.0,0.021306157,0.014018916,0.005701626,-0.016141906,-0.011584107,0.01755546,0.0018714815,-0.008740274,-0.007415984,0.0006322153,0.0075360574,0.025765058,-0.0038203746,-0.0043041334,-0.017311633,-0.009591483,0.0099510215,0.0027766004,0.01769317,-0.009657835,1.0009346,1.0023723,0.99322706,0.99213177,0.99540406,0.995803,0.999407,0.9951818,0.9993442,0.9999168,0.9986497,0.99119455,0.99800044,1.0013092,0.99475986,0.99863267,0.9962193,0.99922603,0.99663955,0.99593407
3.0,-0.027829394,-0.01679746,-0.008119076,0.021374583,0.016275275,-0.0189941,-0.0032057278,0.011563482,0.011538617,-0.00086740777,-0.004103165,-0.03351325,0.004431039,0.0031905249,0.019167572,0.012144752,-0.015783135,-0.0031989217,-0.023818664,0.011191672,0.9909692,0.9919324,0.9983898,1.0025604,0.9973945,0.99856335,0.998297,0.9985831,0.99566287,0.99456143,0.99048054,0.9974085,0.9945075,0.9919952,0.9969896,0.9954152,1.002859,0.99560696,1.0006243,1.0008805
4.0,-0.02579102,-0.015577666,-0.007586173,0.019855674,0.015125884,-0.017521206,-0.0029982552,0.01076252,0.010779299,-0.0008107517,-0.0035747997,-0.031107467,0.004057005,0.0029629692,0.017653055,0.0112746805,-0.014753167,-0.003049709,-0.022076491,0.010339915,0.9914395,0.99242103,0.99822706,1.0022063,0.99746734,0.9984795,0.9982922,0.99845254,0.9958141,0.99481004,0.99082875,0.9971263,0.9946442,0.99246794,0.9969096,0.9956306,1.0025766,0.9957472,1.0004692,1.0007077
1.0,0.042640798,0.026665945,0.011280514,-0.031685296,-0.02291695,0.033357047,0.005371988,-0.01756169,-0.014919464,0.002453195,0.011542205,0.05099906,-0.010251045,-0.0059891418,-0.032045797,-0.01681038,0.020156275,0.0044006296,0.034749255,-0.018588707,1.0045033,1.0070966,0.9899007,0.98761106,0.99322635,0.9950445,0.9982706,0.99430764,0.9990598,1.00261,1.0005621,0.98838776,0.9985282,1.004098,0.9939014,0.9989861,0.9932329,0.9994181,0.9934848,0.9946126
2.0,-0.0031150803,-0.0013619438,-0.0012429338,0.0025236495,0.0022318466,-0.00057283416,-0.0009183958,0.0015611537,0.0019726157,-0.00019547716,0.001994513,-0.0037631206,0.00069298595,-0.00060480833,0.00061285496,0.0010170043,-0.0027568191,-0.00030487403,-0.0027526394,0.00068363384,0.9962721,0.99732125,0.9960928,0.997599,0.9970825,0.99711126,0.9989272,0.9966702,0.99771464,0.99729973,0.9950929,0.9941895,0.99635935,0.9971798,0.9958608,0.9973972,0.99948007,0.997637,0.9988309,0.9983961
2.0,0.030631896,0.019938275,0.008437881,-0.023304764,-0.016852522,0.024636094,0.002982743,-0.012754863,-0.01100174,0.0010718182,0.009492345,0.03709632,-0.005564481,-0.0058271214,-0.024117682,-0.0135507025,0.014782835,0.004131768,0.025319211,-0.013636947,1.0024601,1.0041299,0.9918843,0.98988885,0.9942995,0.9952013,0.99961644,0.9946097,0.9997934,1.000871,0.99993026,0.990064,0.9985801,1.0025768,0.99430174,0.9987554,0.99499625,0.9998287,0.99572724,0.99494714
2.0,-0.004356459,-0.0021636784,-0.0016259952,0.0034948103,0.0029418366,-0.0016341917,-0.0009888038,0.0020579267,0.0024614632,-0.0003023725,0.0017414019,-0.005289044,0.0007784143,-0.00033132732,0.0015710518,0.0015600473,-0.0034348331,-0.0005580634,-0.0037343726,0.0012526477,0.9960835,0.99711627,0.99628377,0.9978692,0.99722373,0.99726623,0.99886674,0.9968461,0.99766713,0.9971939,0.9947412,0.99436766,0.996277,0.9969658,0.99592745,0.9974164,0.9996461,0.997493,0.99892527,0.9985425
3.0,0.040540475,0.026992522,0.011907328,-0.031545598,-0.023010315,0.032299258,0.0036283582,-0.017473659,-0.01540843,0.0008612517,0.011865463,0.049707457,-0.0059060752,-0.008811168,-0.03187951,-0.019139655,0.020558137,0.00671063,0.033705167,-0.01798147,1.0039581,1.0054624,0.9905493,0.9867927,0.9925644,0.9942047,1.0010786,0.9939757,1.0013008,1.001525,1.0016503,0.98917663,0.99977326,1.0037154,0.99364316,0.998753,0.9938648,1.0012354,0.9955551,0.99322444
2.0,0.034259576,0.022322956,0.009545656,-0.02618625,-0.019003205,0.027189383,0.0034481063,-0.014442628,-0.012511842,0.0010409988,0.010362096,0.041566826,-0.0063007027,-0.0064496547,-0.026768938,-0.015280575,0.016721342,0.004639227,0.028490357,-0.015180523,1.0032065,1.0048921,0.9914929,0.98889947,0.99396926,0.99510795,0.9998102,0.9945864,1.0002129,1.0013154,1.0002313,0.98975164,0.9988783,1.0031434,0.99418294,0.9989759,0.99451345,1.0000737,0.9954998,0.9945492
3.0,-0.01944562,-0.011619605,-0.0058529237,0.015074596,0.011557653,-0.012773309,-0.00243463,0.008254655,0.008346699,-0.00061613694,-0.001992777,-0.023489367,0.0031328276,0.0019938424,0.012864374,0.008425377,-0.011391275,-0.0023247078,-0.016688414,0.0076494273,0.9928209,0.9938289,0.9976712,1.0009849,0.99747235,0.99806964,0.9984404,0.9979042,0.99633056,0.99547815,0.992108,0.9962716,0.9951192,0.9938296,0.9965705,0.9961887,1.0017133,0.9962698,1.0000088,1.000082
1.0,0.0036543533,0.002374556,0.00035518687,-0.0021605156,-0.0012669028,0.004585866,0.000125058,-0.0009498466,-0.00016858056,0.0006354861,0.0032969974,0.003991537,-0.0013394356,-0.0008279905,-0.0040748566,-0.0009074211,0.0002980642,-5.0224364e-05,0.0024062544,-0.0021491142,0.9974067,0.9989371,0.9950493,0.9965828,0.9967852,0.996792,0.9982521,0.9961487,0.99733555,0.9980719,0.996045,0.99305767,0.99639684,0.9982996,0.9955778,0.9976046,0.9985315,0.99763286,0.99772763,0.99811155
4.0,-0.0130137205,-0.0075369477,-0.0040041795,0.010047464,0.007822566,-0.008005265,-0.0019000843,0.0055881897,0.005757656,-0.0005554706,-0.00034909323,-0.01567674,0.002293758,0.0008887276,0.007984199,0.005351037,-0.0079335235,-0.0014998391,-0.011068739,0.0048966566,0.9942665,0.9952122,0.9971347,0.9996262,0.9974203,0.9977124,0.9987374,0.9974383,0.9970229,0.9962397,0.99331665,0.99548733,0.9956719,0.99525124,0.99632066,0.99674654,1.0008215,0.99689156,0.9996435,0.9993783
3.0,-0.01592619,-0.009350292,-0.004813767,0.012299422,0.009511982,-0.01009921,-0.0022067837,0.0068060663,0.006914161,-0.00059694983,-0.001094263,-0.019187864,0.0028293878,0.0012772009,0.0101475045,0.0066612586,-0.0094554685,-0.001781065,-0.013624407,0.006138468,0.9935607,0.99451417,0.99734604,1.0002177,0.99739,0.99780035,0.998679,0.9975927,0.9967274,0.9958552,0.99285954,0.99584687,0.99544495,0.99457693,0.9963923,0.99643606,1.0012258,0.9966856,0.99984384,0.9996329
4.0,0.014912687,0.010103483,0.003958258,-0.011378024,-0.008059265,0.012869479,0.0009862408,-0.0060646143,-0.0050658286,0.00030511245,0.0061700456,0.018129017,-0.0022886992,-0.0035648271,-0.01274883,-0.0070751607,0.006754786,0.002141852,0.012445413,-0.006984845,0.9997729,1.0009952,0.9940617,0.99351794,0.9959006,0.99607223,0.9994938,0.99548507,0.9991186,0.9992047,0.9979255,0.992,0.99768615,1.0003357,0.99504334,0.99836177,0.99708116,0.99898505,0.9973683,0.9964762
4.0,-0.023692258,-0.014296174,-0.0070254905,0.018287802,0.013948136,-0.015963357,-0.0027998462,0.009940345,0.0099896155,-0.0007363353,-0.0030479915,-0.028609794,0.0037133917,0.0026851892,0.016081147,0.010366619,-0.013667185,-0.0028484203,-0.020300657,0.009452496,0.9919032,0.99290335,0.99804354,1.001825,0.9974978,0.99836046,0.99830925,0.9982852,0.99596477,0.99504477,0.9912337,0.99683595,0.99478793,0.9929327,0.9968099,0.9958243,1.002288,0.9959049,1.0003085,1.0005182
3.0,-0.025115624,-0.015244782,-0.0074471636,0.019415615,0.014774062,-0.017019097,-0.002884049,0.010529447,0.01058903,-0.0007075388,-0.0034300387,-0.030369569,0.0038092062,0.003007546,0.017194845,0.011136249,-0.014484264,-0.0030818172,-0.021579087,0.010053658,0.991574,0.9926184,0.99813503,1.0021498,0.99750507,0.9984691,0.9981762,0.99841696,0.9957526,0.9949005,0.99092275,0.99699783,0.99462944,0.9926192,0.99689996,0.9956809,1.0024816,0.9957271,1.000359,1.000712
4.0,-0.027904838,-0.016978212,-0.008209505,0.021540321,0.01636373,-0.019064337,-0.003128998,0.011644222,0.011678256,-0.0007534139,-0.0041564405,-0.03371774,0.004221447,0.0034214854,0.019303575,0.012420461,-0.01595996,-0.0033706613,-0.024003163,0.011232296,0.9909224,0.99197775,0.99834096,1.002683,0.99744135,0.9986155,0.99809974,0.9986268,0.9954808,0.9945723,0.9903888,0.99736315,0.9944056,0.9919731,0.99702424,0.99539,1.002868,0.99548745,1.0005363,1.0009851
4.0,0.016006649,0.010801077,0.0042761303,-0.012224179,-0.008686522,0.013654983,0.0011134036,-0.00654128,-0.005496621,0.00031150132,0.0064304173,0.019456506,-0.0024861544,-0.003743738,-0.013552774,-0.0075812303,0.0073283203,0.0022822134,0.013382502,-0.007439239,0.99998474,1.0012163,0.99393994,0.9932552,0.9958218,0.9960228,0.99953586,0.9954385,0.9992179,0.9993231,0.9980526,0.99188054,0.99777144,1.0005132,0.99499243,0.99842477,0.99693483,0.9990634,0.9972834,0.99635065
2.0,-0.0028878227,-0.0008235797,-0.0008934457,0.0019312315,0.0018460737,-0.0002644956,-0.0012276322,0.0012714379,0.0015103072,-0.0005312227,0.0021821186,-0.003136605,0.0014821589,-0.0013755932,0.00014900416,0.00015399605,-0.0022436753,0.0002998896,-0.0022402182,0.0004954471,0.99636245,0.9971264,0.9961787,0.9972084,0.9968831,0.9969213,0.99958783,0.99654543,0.9982852,0.9972747,0.99544257,0.9943312,0.9966792,0.99727637,0.99582976,0.9973751,0.9994585,0.99809545,0.9991979,0.9980402
4.0,0.01333753,0.008884378,0.003338405,-0.009952962,-0.0070157335,0.011589378,0.0010028258,-0.0052895546,-0.004270252,0.00041864812,0.0057468824,0.016032364,-0.0025036633,-0.0028972402,-0.011420194,-0.005979441,0.005725447,0.0015811175,0.0110153705,-0.0062606484,0.99948865,1.0008334,0.9942147,0.99406016,0.9961628,0.9962884,0.9990892,0.99566346,0.9987275,0.99910444,0.99748737,0.9921148,0.9974067,1.0000732,0.9951394,0.99834085,0.99726254,0.9986223,0.99728686,0.9968326
4.0,0.02613891,0.017271783,0.007259163,-0.02004832,-0.014467809,0.021267096,0.0022821017,-0.010923492,-0.00944392,0.00067774765,0.008646954,0.031791255,-0.004305288,-0.005431384,-0.020988367,-0.012015924,0.01262806,0.0037499703,0.021779813,-0.011763042,1.001761,1.0031792,0.9926028,0.9908199,0.9947781,0.9954165,0.9998356,0.99484825,0.9998677,1.0003686,0.9994636,0.9906838,0.9984617,1.002015,0.9945214,0.99871343,0.99560934,0.9997586,0.99638397,0.99526274
1.0,-0.012285054,-0.0066471174,-0.0035049869,0.00901806,0.007123067,-0.0073576495,-0.0021519326,0.0050587608,0.005041808,-0.000910826,-2.5387853e-05,-0.014400516,0.0029633418,4.234165e-05,0.007148683,0.0042219013,-0.007117763,-0.0008398369,-0.010031976,0.00447216,0.9945612,0.99518,0.9972422,0.99910396,0.9972674,0.9975526,0.9994306,0.99731815,0.9977151,0.9963378,0.99374443,0.9955946,0.99604857,0.99552894,0.9963189,0.9968407,1.0007194,0.9973821,0.9999951,0.99900687
2.0,-0.002658628,-0.0010679737,-0.0011355113,0.0021830872,0.0019748826,-0.00038056448,-0.00083338097,0.0013490357,0.0017887652,-0.00029192492,0.0021574013,-0.0032205842,0.0005563125,-0.00065042824,0.00028958917,0.0007384047,-0.0025133975,-0.00031372532,-0.0022757202,0.0005437231,0.99641895,0.99745053,0.9961148,0.9974825,0.99713814,0.99715257,0.9989578,0.99671894,0.9978386,0.9973542,0.9950268,0.9941663,0.99642336,0.997269,0.99582523,0.99752975,0.9994193,0.9976457,0.99880874,0.9983318
4.0,-0.02726189,-0.016569793,-0.008034774,0.021048564,0.015998384,-0.01861982,-0.0030697137,0.01138192,0.011421766,-0.0007688403,-0.0039779693,-0.0329415,0.0041295737,0.0033171996,0.018815719,0.012096927,-0.015611444,-0.0033064932,-0.023423173,0.010973107,0.9910826,0.9921264,0.9983103,1.0025523,0.99746555,0.9985887,0.9981324,0.998585,0.99556786,0.99464446,0.99049133,0.99728495,0.9944704,0.99211985,0.99698734,0.99547696,1.0027812,0.99554366,1.0004998,1.0009122
1.0,0.018010423,0.011900503,0.004707977,-0.013564728,-0.009677395,0.015005732,0.0015082061,-0.0073048566,-0.006112106,0.00045394897,0.006840799,0.021725453,-0.003243111,-0.0037530512,-0.01488708,-0.008187965,0.008219097,0.0022600405,0.014985837,-0.008199505,1.0003266,1.0017142,0.9936598,0.9929151,0.9957514,0.9960045,0.99931765,0.99540824,0.9991451,0.9995479,0.99809605,0.9915976,0.9977793,1.0007654,0.9948626,0.99854726,0.9966431,0.9989917,0.9969262,0.9962463
4.0,0.025538392,0.01683588,0.0070350464,-0.019517444,-0.014074374,0.020788252,0.002259221,-0.01062745,-0.009155214,0.0006951876,0.008496303,0.031009948,-0.0043122023,-0.0052346066,-0.020505995,-0.011658624,0.012266852,0.003579136,0.0212472,-0.011484812,1.0016489,1.0030935,0.9926716,0.99101233,0.9948725,0.9954741,0.9997281,0.99489605,0.9997561,1.000308,0.9993341,0.990734,0.9983787,1.0019126,0.9945379,0.99870795,0.99568284,0.9996541,0.9963779,0.9953667
2.0,0.0075573176,0.0054676756,0.0018672645,-0.0057820827,-0.003918282,0.0073654577,0.00013915077,-0.002973294,-0.002263438,1.0129064e-05,0.004536845,0.00923859,-0.0009301454,-0.002441533,-0.0073568374,-0.0039207414,0.0029322095,0.0011826493,0.006356992,-0.0038674937,0.9984263,0.9995032,0.9949721,0.9951681,0.9964812,0.99650186,0.9993653,0.9959598,0.99868184,0.99845684,0.9968343,0.9929183,0.9972097,0.9991539,0.99540216,0.99804795,0.9980508,0.99851996,0.9980575,0.9972197
1.0,0.020909205,0.014245883,0.0059791706,-0.016341832,-0.011709422,0.017610492,0.0013295375,-0.008782225,-0.0076755434,0.00029811263,0.0075869374,0.025701385,-0.002498947,-0.00524088,-0.017446116,-0.010317311,0.010205016,0.0035734437,0.017554887,-0.009631376,1.0007573,1.0018743,0.99328744,0.9918265,0.995055,0.9954558,1.0002432,0.9949329,0.9998977,0.9996983,0.999165,0.9913715,0.99835354,1.001228,0.99470806,0.9983979,0.9963296,0.99983144,0.9971719,0.99550873
1.0,-0.007488854,-0.0041948333,-0.0025493847,0.0059744753,0.0047794143,-0.0039314814,-0.0012662411,0.0034019873,0.0037479922,-0.0002997648,0.0009473413,-0.009129498,0.0011942759,0.00024246424,0.0039397553,0.0030988455,-0.0051413216,-0.001002267,-0.006491773,0.0025932554,0.99538004,0.9964549,0.99654615,0.9985901,0.99731505,0.9974241,0.99868387,0.9970409,0.997289,0.9968256,0.9942052,0.9947204,0.995988,0.99630946,0.9960433,0.99715126,1.0000718,0.9971928,0.9990956,0.99889976
1.0,-0.0060246885,-0.0037328452,-0.0023503648,0.0051768012,0.004122453,-0.0026268885,-0.0008578226,0.0030065235,0.003511671,0.00037012994,0.0010451563,-0.00769132,0.00016716123,0.0007596165,0.0031187981,0.0034571514,-0.004814271,-0.001311373,-0.00572484,0.0018831885,0.995574,0.9970064,0.9961342,0.99866754,0.99731517,0.99744046,0.9979784,0.9969038,0.9966466,0.9971339,0.9944286,0.9942909,0.99568987,0.9966321,0.9961568,0.9970616,0.99983025,0.9968881,0.99856967,0.99919647
3.0,0.015358314,0.010361519,0.004056354,-0.011686277,-0.008290591,0.013124993,0.0010723397,-0.006248746,-0.0052153356,0.00028742105,0.006288253,0.018638704,-0.0024432987,-0.0035809055,-0.013050891,-0.0072616003,0.0069637783,0.0021347143,0.012840129,-0.0071402993,0.99987006,1.0011088,0.9940251,0.99342644,0.9959097,0.9960848,0.99947387,0.99550587,0.99915165,0.99925625,0.99790287,0.9919556,0.99770904,1.0004001,0.99501103,0.9984236,0.99701697,0.9989809,0.99731326,0.99643546
2.0,-0.0042719245,-0.0021508485,-0.0016195774,0.00345584,0.0029060822,-0.0015522651,-0.0009574145,0.0020383578,0.0024573877,-0.00024346635,0.0017395616,-0.005215112,0.0006939098,-0.00027430803,0.0015335381,0.0016133934,-0.0034311973,-0.0005906783,-0.0037039444,0.0012055377,0.99609876,0.99715877,0.996255,0.9978872,0.9972309,0.99727446,0.99880207,0.9968407,0.9976089,0.9972228,0.9947574,0.9943362,0.99624854,0.9969945,0.99594647,0.99740946,0.9996318,0.9974651,0.9988858,0.99857736
2.0,0.05058382,0.03311267,0.01467529,-0.038919862,-0.02843336,0.039730694,0.0052841604,-0.021782892,-0.019026864,0.0016347189,0.013724577,0.061687548,-0.008838631,-0.009837143,-0.03884442,-0.02270165,0.025435615,0.0077009387,0.041651465,-0.022197021,1.0054713,1.0075309,0.98889315,0.9844453,0.99121135,0.9937852,1.0007385,0.993694,1.0012726,1.0026635,1.0024083,0.98795474,1.000077,1.0047504,0.9931458,0.9987558,0.9925359,1.0013838,0.99418557,0.9924791
4.0,-0.026820421,-0.016324006,-0.007928277,0.020742446,0.015762398,-0.018269755,-0.003020253,0.011225659,0.0112793185,-0.0007142946,-0.003881853,-0.032436308,0.0040302873,0.0032924488,0.018495612,0.011960492,-0.015405893,-0.0032816418,-0.023089059,0.010780406,0.99116355,0.99223304,0.99824923,1.0024949,0.9974691,0.9985575,0.9980977,0.99854225,0.99555236,0.9946912,0.9905897,0.997209,0.99447715,0.9922126,0.996968,0.99549836,1.0027202,0.9955608,1.000447,1.0008914
3.0,0.009112656,0.006377466,0.0022078482,-0.006878361,-0.004752803,0.008202691,0.00046448782,-0.0036405362,-0.0028144121,-7.8152865e-05,0.004973706,0.011032984,-0.0015404448,-0.0024579242,-0.00840196,-0.0045762695,0.003671553,0.0011169761,0.007794246,-0.0044205477,0.9988488,0.9999665,0.99491173,0.994848,0.9965872,0.9966098,0.9992863,0.9960752,0.99885476,0.99867445,0.9967148,0.9927778,0.997299,0.9994431,0.99533117,0.99835235,0.997828,0.9984726,0.997878,0.9971197
3.0,-0.021070555,-0.012779623,-0.0063794656,0.016421998,0.012529608,-0.014011081,-0.0024835207,0.008957338,0.009088639,-0.0005401764,-0.0024347268,-0.025563862,0.0031162798,0.0024875477,0.0141785145,0.0094200745,-0.012397729,-0.0026993454,-0.01818762,0.008351915,0.9924449,0.99354595,0.99776345,1.0014191,0.9975359,0.99823004,0.9981849,0.99808127,0.9960075,0.9953327,0.99169487,0.9964284,0.99489224,0.9934806,0.99668753,0.99603856,1.0019295,0.99600524,1.0000176,1.000354
2.0,-0.0075027645,-0.0041619837,-0.0025198208,0.005914025,0.004733681,-0.0039667003,-0.0012931228,0.0033620624,0.0036936328,-0.00036372803,0.0009787716,-0.0091029145,0.0012522712,0.00019259751,0.0039269626,0.0030115768,-0.00511194,-0.00096710026,-0.0064225867,0.0025828902,0.99543476,0.99645835,0.99659353,0.99855155,0.997342,0.9974523,0.99875385,0.997074,0.9973865,0.9968627,0.99420196,0.99475586,0.99602973,0.9963616,0.996082,0.99719197,1.0000706,0.9972365,0.99915797,0.9988846
4.0,-0.027596638,-0.016777933,-0.008124542,0.021298684,0.016184874,-0.018864572,-0.003098946,0.011512828,0.011548828,-0.00077386014,-0.0040647723,-0.033341635,0.0041759983,0.0033686534,0.019069172,0.012252197,-0.01578882,-0.003341969,-0.023710258,0.011111221,0.9910088,0.99205256,0.9983368,1.0026152,0.99745995,0.99861014,0.9981229,0.9986135,0.9955375,0.99461067,0.99042654,0.99732995,0.9944433,0.992048,0.9970087,0.99544317,1.0028263,0.9955149,1.000523,1.000948
3.0,-0.002106756,-0.00093416125,-0.001114998,0.00197405,0.0017956118,7.6808035e-05,-0.00062027574,0.00124133,0.0017704368,3.0044466e-06,0.0021669455,-0.002727475,4.6014786e-05,-0.00036025047,2.6404858e-05,0.0009712875,-0.0024292693,-0.0005058795,-0.0020450428,0.0003094722,0.99646974,0.99768406,0.9959466,0.99755615,0.99715054,0.9971694,0.9985995,0.99667346,0.99751496,0.99743927,0.99505764,0.99397933,0.99626946,0.997342,0.9958276,0.99750733,0.9993353,0.9974529,0.9985364,0.9984797
2.0,-0.011074819,-0.006375648,-0.0035016919,0.008618709,0.006747978,-0.0066019297,-0.0016646981,0.0048162006,0.0050530024,-0.00047181733,0.00011659041,-0.0133871995,0.0018710643,0.00069613755,0.0065747276,0.0045734867,-0.0069661215,-0.0013561137,-0.009446725,0.0040885955,0.9946857,0.9956741,0.996947,0.99927235,0.9974201,0.99763924,0.9987013,0.99732256,0.9971244,0.9964663,0.99360514,0.9952197,0.99578124,0.9956492,0.9962421,0.9969188,1.0005571,0.99698377,0.99945277,0.9992293
2.0,0.00917045,0.006569255,0.0023631603,-0.0070547387,-0.004854687,0.008546662,0.00027014688,-0.0036774967,-0.002933573,-3.3298507e-05,0.0049415044,0.011243224,-0.0010666251,-0.0028379783,-0.0085981265,-0.0047967136,0.0038563795,0.0014909022,0.007759042,-0.0045338925,0.9987201,0.9997773,0.9948109,0.99473774,0.9963337,0.99637085,0.9995318,0.9958477,0.99890953,0.99856645,0.99709284,0.99275583,0.997384,0.9993882,0.9952717,0.998141,0.99784833,0.99869674,0.99798113,0.99696666
4.0,-0.0046977177,-0.0023317635,-0.0016889749,0.003704261,0.0031022942,-0.0018753,-0.0010617152,0.0021732543,0.0025488995,-0.0003534723,0.0016778894,-0.005659569,0.0009281039,-0.00035930425,0.0017920583,0.001623407,-0.0035697334,-0.0005344264,-0.0039827377,0.0013846888,0.996027,0.99701995,0.99633586,0.9979023,0.99722207,0.99727064,0.99893373,0.9968634,0.99770916,0.9971577,0.99472016,0.994432,0.99628925,0.9969151,0.9959466,0.9973954,0.9996939,0.99751973,0.9990008,0.9985426
3.0,-0.021858215,-0.013281658,-0.0065954765,0.017020533,0.012974292,-0.014592122,-0.0025561117,0.009273719,0.00939833,-0.0005556997,-0.0026336461,-0.026518453,0.003233254,0.0026138797,0.01477392,0.00978595,-0.012824971,-0.0027934574,-0.018869303,0.008684946,0.9922637,0.99336666,0.9978219,1.0015794,0.9975343,0.9982761,0.99815834,0.9981462,0.995929,0.995249,0.99154156,0.9965305,0.9948271,0.9933102,0.9967304,0.99595827,1.002036,0.9959428,1.0000732,1.0004315
2.0,-0.007596351,-0.0040205643,-0.0023947218,0.0057696663,0.00466067,-0.0039012842,-0.0014826357,0.00331325,0.003540419,-0.00048870035,0.0009958111,-0.009029675,0.001697965,-0.00017233193,0.0038434193,0.0027045086,-0.0049587116,-0.0006626509,-0.0063715726,0.0025509533,0.99541926,0.99630696,0.99663293,0.9984054,0.9972186,0.99734235,0.9990696,0.99699163,0.9976189,0.9968295,0.9944031,0.99484074,0.99615884,0.9963712,0.99608326,0.9971253,1.0000842,0.997456,0.99934757,0.9987387
2.0,-0.005672157,-0.0027447268,-0.0018164897,0.0042340774,0.0035230168,-0.0025034957,-0.0013274811,0.0024773804,0.002734404,-0.0005254224,0.0014993884,-0.006653417,0.0014916956,-0.0005687028,0.002371788,0.0017014518,-0.0038850494,-0.00035894662,-0.0046584457,0.0017339655,0.99585736,0.99670017,0.9964882,0.9979421,0.99715996,0.99723697,0.9992253,0.9968701,0.9978959,0.9970396,0.9947392,0.9946354,0.9963621,0.99677,0.99599713,0.99730355,0.99982977,0.9976633,0.9992671,0.99849427
4.0,-0.0038800612,-0.00172133,-0.0013760775,0.002943378,0.0025459663,-0.0012290478,-0.0010610856,0.0017672423,0.0021179542,-0.00041072816,0.0019101612,-0.004574191,0.000981532,-0.0006519109,0.0011134818,0.0010790154,-0.0030469187,-0.00029712915,-0.0031869933,0.0009921829,0.9962415,0.9971572,0.996294,0.9976421,0.9971651,0.9972077,0.9991129,0.9967969,0.9979249,0.9972759,0.99493873,0.99437743,0.9964248,0.9971321,0.9959499,0.99745613,0.9995801,0.9976933,0.99904597,0.9983999
1.0,-0.016259499,-0.009920411,-0.0051023727,0.012862058,0.009852283,-0.010301176,-0.0019928329,0.0070988527,0.0073377267,-0.00018639117,-0.0013296045,-0.019881409,0.002209574,0.0019562691,0.010629132,0.007572405,-0.009995062,-0.0022603422,-0.014270648,0.0062624933,0.9934224,0.9946494,0.99721485,1.0005938,0.99749506,0.9979371,0.998082,0.99766344,0.99615014,0.99589473,0.9926685,0.99571425,0.9951198,0.9945112,0.996512,0.99633825,1.0012578,0.9963035,0.9995579,0.99999964
3.0,-0.020262927,-0.012035444,-0.005993138,0.015529245,0.011914253,-0.013391878,-0.0025902465,0.008496414,0.008525465,-0.00077171996,-0.0021362416,-0.02436975,0.0034339875,0.0019510612,0.01341074,0.00856749,-0.011727709,-0.0023051314,-0.017216042,0.007963095,0.9927159,0.9936149,0.9978107,1.0010469,0.99748343,0.99813503,0.9985976,0.998002,0.9964588,0.99545103,0.991975,0.99644834,0.995146,0.99373704,0.9966679,0.99615026,1.0018085,0.9963251,1.000195,1.0000896
1.0,0.028072368,0.018551849,0.007838549,-0.021502372,-0.01552829,0.02276427,0.002464626,-0.011725867,-0.010181017,0.00072648376,0.009053092,0.03415334,-0.004509434,-0.0058951005,-0.022451304,-0.012947675,0.013693098,0.0041292757,0.023319885,-0.0125484895,1.0019569,1.0034338,0.9922833,0.99031395,0.9944459,0.99518627,0.9999707,0.9946726,0.9999833,1.0004303,0.9997605,0.9904505,0.9986063,1.0021415,0.9942984,0.998666,0.9953699,0.999931,0.9962095,0.994947
1.0,-0.007978037,-0.0040798187,-0.0024248222,0.0059243664,0.0047884053,-0.0043208413,-0.0015953183,0.0033646543,0.0035406202,-0.0007605497,0.001019299,-0.009358536,0.0019966662,-0.00035974383,0.0040400997,0.0024904683,-0.0049938075,-0.0005537234,-0.00647185,0.0027409692,0.99545115,0.9961876,0.9968181,0.99832976,0.9972614,0.99738437,0.99933386,0.997077,0.9979242,0.9967712,0.9943063,0.9949959,0.9962971,0.9963315,0.9960713,0.99724257,1.0001552,0.99755806,0.99954396,0.9986465
4.0,-0.00804197,-0.004457563,-0.002626081,0.006268941,0.005007582,-0.0042828694,-0.0014040992,0.0035706684,0.0038579144,-0.00037077256,0.0008399151,-0.009706814,0.001463525,0.00017537922,0.004286051,0.003195271,-0.005350057,-0.00093632936,-0.0068782493,0.0027757722,0.99530154,0.9962981,0.9966278,0.9986311,0.99730116,0.99743176,0.99881005,0.99706435,0.9973683,0.9967982,0.9942066,0.9948307,0.9960101,0.99626046,0.99611247,0.9970986,1.0001411,0.9972594,0.99923897,0.99890584
2.0,-0.019787058,-0.011913851,-0.005975467,0.015356332,0.01174872,-0.013064086,-0.0024217777,0.008396663,0.008515321,-0.0005946234,-0.00207711,-0.023958173,0.0030546486,0.0021744147,0.013166085,0.008687183,-0.011653688,-0.0024730377,-0.016994022,0.0077960202,0.992762,0.99379885,0.99769104,1.0011054,0.99753225,0.9981506,0.99833584,0.997987,0.9962401,0.99549454,0.99196494,0.9963011,0.99505013,0.9937928,0.9966412,0.99617004,1.0017483,0.9961925,1.000004,1.000169
4.0,-0.023881488,-0.014420465,-0.0070811724,0.018435366,0.0140562765,-0.01610785,-0.0028107539,0.010016682,0.010066863,-0.00073675066,-0.0030965619,-0.028842065,0.003725879,0.0027272627,0.01622887,0.010464415,-0.013774093,-0.0028798394,-0.0204653,0.009532945,0.9918633,0.9928671,0.9980595,1.0018665,0.99750173,0.9983776,0.9982941,0.99830544,0.99594206,0.9950274,0.9911893,0.99685913,0.99476904,0.9928935,0.99682295,0.99580944,1.0023137,0.99588174,1.0003171,1.0005437
2.0,-0.0032129288,-0.0014321133,-0.0012931162,0.0026137456,0.0022927583,-0.00073967874,-0.0008919127,0.0015911963,0.002015639,-0.00025065988,0.0020004064,-0.003896255,0.00063592196,-0.00054284185,0.0007067993,0.0010451227,-0.0028195493,-0.00037852675,-0.0027874708,0.0007559147,0.9962927,0.99733627,0.9961457,0.99761987,0.99714434,0.9971702,0.9989107,0.99673504,0.9977445,0.9973019,0.99498045,0.9942177,0.99635994,0.99717057,0.99586535,0.9974598,0.99949306,0.99759674,0.99883604,0.99841446
4.0,-0.018098436,-0.0107369125,-0.005435153,0.013960399,0.010735592,-0.0117766075,-0.0023592599,0.007668645,0.0077571794,-0.0006551184,-0.0016220808,-0.021821123,0.0030343756,0.0017010495,0.011813939,0.0076951683,-0.010636505,-0.0021137036,-0.015448958,0.007061962,0.9931475,0.99410164,0.99758047,1.0006703,0.9974728,0.99799794,0.99856836,0.9978181,0.99654603,0.9956625,0.9923746,0.99613136,0.99526703,0.99416214,0.9965395,0.99631435,1.0015186,0.9964537,0.99998415,0.9999027
2.0,-0.029092476,-0.017733835,-0.0085327765,0.022440102,0.017029261,-0.019916601,-0.0032238215,0.012115493,0.012141373,-0.000741221,-0.0044766217,-0.035149906,0.0043573603,0.003631249,0.020212464,0.013015255,-0.016607229,-0.0035111718,-0.025047362,0.011714295,0.9906522,0.99172336,0.9984206,1.0029213,0.99741757,0.9986928,0.99803615,0.9987257,0.99534017,0.994456,0.99016404,0.9975134,0.9942911,0.9917188,0.997109,0.99525696,1.0030273,0.9953697,1.0006045,1.00113
1.0,0.028164145,0.01947217,0.008544927,-0.022451974,-0.0162571,0.023308106,0.0016789511,-0.012204049,-0.010970984,0.00010042824,0.0093734525,0.035000622,-0.0024957582,-0.007577844,-0.023231868,-0.014567189,0.014548708,0.0055687316,0.023779415,-0.012845532,1.0019147,1.0028354,0.9923823,0.98956734,0.99386454,0.9946617,1.0014322,0.9943386,1.0011231,1.0001533,1.0006441,0.99070954,0.99929047,1.0021806,0.99422395,0.9984554,0.99548686,1.0009656,0.9971158,0.9941968
1.0,0.023826435,0.016092867,0.006815713,-0.0185352,-0.013325026,0.019865198,0.0016811118,-0.009998506,-0.008765519,0.0004843399,0.008172549,0.02923324,-0.0030534863,-0.0057123005,-0.01957677,-0.011508457,0.01172306,0.004001368,0.019877918,-0.010875165,1.001191,1.0024152,0.99284726,0.9911504,0.994687,0.99523234,1.0002751,0.99471354,0.9999887,0.9999386,0.9996025,0.9909893,0.99850875,1.001583,0.99452174,0.99841326,0.99595636,0.9999883,0.99684966,0.9952083
4.0,-0.02923251,-0.01782833,-0.008593258,0.022574175,0.01712977,-0.020091109,-0.0032088459,0.012173431,0.012215909,-0.0007824246,-0.004495755,-0.035335023,0.004339725,0.0036777407,0.020333283,0.013064966,-0.016691584,-0.003565129,-0.025151841,0.011812566,0.9906279,0.9917009,0.9984534,1.0029521,0.9974396,0.9987224,0.9980253,0.9987581,0.99534196,0.99442536,0.9900662,0.99753296,0.9942909,0.9916659,0.99709094,0.99528253,1.0030544,0.995334,1.0005981,1.0011357
4.0,-0.027696602,-0.0168112,-0.00813515,0.021351736,0.016233437,-0.0189287,-0.0031304061,0.011543868,0.011565883,-0.00079984777,-0.0040848665,-0.033437636,0.004249826,0.003329225,0.019125238,0.012243018,-0.015811753,-0.003311094,-0.023776311,0.0111520225,0.9909839,0.9920085,0.9983497,1.0026109,0.99744105,0.9985982,0.9981656,0.99860823,0.9955624,0.99459034,0.9904301,0.99735457,0.9944559,0.99202085,0.99700236,0.99542856,1.0028406,0.99553645,1.0005506,1.000931
3.0,0.007979557,0.005724825,0.0019503906,-0.006064333,-0.004137156,0.0075623803,0.00024002045,-0.0031551067,-0.0024079606,-3.0320138e-05,0.004662644,0.009724788,-0.0011147559,-0.0024388582,-0.0076349825,-0.004109435,0.0031393878,0.0011567138,0.0067526028,-0.0040070526,0.9985538,0.99964005,0.994974,0.9950782,0.9965252,0.9965427,0.99934304,0.99600726,0.99874693,0.9985034,0.99678147,0.99288577,0.99723935,0.99922687,0.99537015,0.9981607,0.9979976,0.99849284,0.9980083,0.99719507
1.0,-0.012946039,-0.007904716,-0.0042676656,0.010428216,0.008035817,-0.008076806,-0.0015753657,0.0057653673,0.006123174,-0.00020857714,-0.00045973063,-0.015965883,0.0015036389,0.0015922785,0.008214012,0.006081246,-0.008304954,-0.002052851,-0.011375867,0.004969394,0.99418235,0.9954362,0.9969791,0.9999559,0.99757224,0.99785286,0.99809426,0.99752474,0.9964554,0.9962564,0.99302095,0.99529606,0.99537146,0.9951682,0.9963128,0.9967474,1.0008103,0.99647033,0.99925864,0.9996761
2.0,-0.018461294,-0.011124253,-0.0056388127,0.01438182,0.011012033,-0.012123272,-0.002263315,0.007872425,0.008033782,-0.000551831,-0.001743231,-0.022398409,0.0027671903,0.002051808,0.012199409,0.008144565,-0.010993201,-0.0023900159,-0.015869454,0.0072489697,0.99306715,0.9941253,0.9975806,1.0008724,0.9975677,0.9981099,0.998312,0.99791586,0.99632484,0.99565583,0.99215955,0.9961181,0.995131,0.9940842,0.9965884,0.9963134,1.0015672,0.9962588,0.99988294,1.0000691
4.0,-0.049108252,-0.030317433,-0.014062266,0.037791595,0.028505962,-0.034834303,-0.004559003,0.019954145,0.020162791,-0.0009440053,-0.00990865,-0.059281867,0.006558001,0.007017046,0.03568977,0.022702783,-0.02748273,-0.005799275,-0.042678166,0.020266615,0.98577434,0.98715144,0.9996604,1.0066704,0.99648654,0.9999957,0.9971251,1.0004742,0.9930699,0.9920759,0.9856007,1.000135,0.9925171,0.9867007,0.9981194,0.9929833,1.0058445,0.9932205,1.001495,1.0032179
1.0,0.010302037,0.0057242364,0.0016052173,-0.0065585524,-0.0046254373,0.008747965,0.0017425194,-0.0035397187,-0.0021649487,0.0012457948,0.004719384,0.011352565,-0.0047741607,-4.247576e-05,-0.008233309,-0.0023652911,0.002960246,-0.00075324625,0.007899471,-0.0047713183,0.9991427,1.001196,0.9943967,0.9957151,0.9972181,0.99729425,0.99699163,0.9964137,0.99703866,0.999336,0.9959047,0.99209946,0.99626833,0.9997355,0.9956208,0.99855417,0.9975101,0.9970251,0.9964338,0.99833655
2.0,-0.004417248,-0.0022726133,-0.0016849162,0.003612429,0.0030226074,-0.0016504414,-0.00095272064,0.002127409,0.0025529042,-0.00020883605,0.0016845763,-0.0054208897,0.000673458,-0.00021071732,0.0016591623,0.0017406866,-0.0035343096,-0.0006398596,-0.0038744584,0.0012789073,0.99603546,0.9971275,0.996242,0.997946,0.99722576,0.9972709,0.9987491,0.996837,0.9975343,0.9971872,0.9947249,0.99433357,0.9962089,0.9969345,0.9959316,0.9973765,0.9996516,0.99742246,0.99885696,0.9986055
2.0,0.025946688,0.017165795,0.0072402284,-0.019952424,-0.014392436,0.021215076,0.0022151247,-0.010851763,-0.009395536,0.0007120967,0.008586332,0.031590436,-0.004179269,-0.005452499,-0.020875238,-0.011934325,0.012541499,0.0037952699,0.021597855,-0.011722635,1.0017171,1.0031154,0.99260366,0.99085844,0.9947499,0.9953893,0.99986327,0.9948008,0.99984515,1.0003641,0.9995406,0.99068993,0.99846053,1.002012,0.99456215,0.99865365,0.99563885,0.9997946,0.9964204,0.9952812
4.0,-0.018154748,-0.010847434,-0.0054889387,0.014061486,0.010793487,-0.011808019,-0.0023174435,0.0077214157,0.007837839,-0.0005724244,-0.0016651303,-0.021948699,0.0029103681,0.0018384978,0.01190266,0.007874116,-0.010742176,-0.0022093393,-0.015568987,0.007079676,0.9931236,0.99413115,0.99755186,1.0007449,0.9974972,0.9980271,0.998448,0.997836,0.99643123,0.9956768,0.9923392,0.99610436,0.995202,0.9941567,0.9965686,0.99629426,1.0015227,0.9963816,0.99993026,0.9999763
4.0,0.0034834892,0.0028392896,0.00062907767,-0.0025461651,-0.0015312466,0.0042282008,-0.00021203235,-0.0012222901,-0.0006118193,-0.00010345504,0.0035911463,0.004237771,-0.00042316318,-0.001658611,-0.004282549,-0.0020173602,0.0007432699,0.00052006915,0.00290405,-0.0020864184,0.99764806,0.9987262,0.99545413,0.9961265,0.9968025,0.996787,0.99914664,0.99627995,0.99832726,0.99800414,0.99607843,0.9934061,0.99687785,0.99840516,0.99555093,0.99789697,0.9986005,0.9981174,0.998325,0.9976952
1.0,0.012542203,0.008899052,0.0034689307,-0.009804588,-0.0068761897,0.011193078,0.0004694201,-0.005172845,-0.0043818206,-3.6826357e-05,0.0057446957,0.015488267,-0.0012073666,-0.0037570596,-0.011236779,-0.00661435,0.0058091767,0.0022681765,0.010634154,-0.0060119554,0.99929965,1.0002995,0.99440926,0.9938162,0.99592006,0.9960289,0.9999285,0.99553096,0.9993541,0.99882305,0.9978101,0.9923964,0.9977525,0.99990916,0.9950586,0.99821645,0.9974272,0.9991475,0.99785835,0.99643844
2.0,-0.016215384,-0.009528838,-0.0048704604,0.012467155,0.00963107,-0.010301042,-0.0022381507,0.006893187,0.00698407,-0.0006001722,-0.0011607446,-0.019515228,0.0028556213,0.0013299212,0.01036264,0.006796606,-0.009607114,-0.0018173344,-0.013830811,0.0062254732,0.9935443,0.9944798,0.99739367,1.000267,0.9974153,0.99785084,0.9986753,0.9976372,0.9967298,0.99588007,0.9928121,0.9958953,0.9954243,0.99457955,0.99647045,0.99642503,1.001254,0.9966683,0.9998888,0.9996884
1.0,-0.010550551,-0.0064972937,-0.0036051841,0.0085834935,0.00664579,-0.006200917,-0.0013231337,0.0047953203,0.005211927,-2.1085143e-06,7.833913e-05,-0.013118032,0.0009978265,0.001368545,0.006463662,0.005209215,-0.0071329363,-0.0018437691,-0.009393804,0.0038770514,0.99471307,0.9960181,0.9966991,0.9995329,0.9975495,0.99776,0.9980197,0.9973586,0.99652237,0.99663126,0.9934958,0.99495226,0.99546885,0.9957527,0.9963283,0.99688023,1.0004568,0.99661756,0.9990418,0.99954885
3.0,-0.019340917,-0.011369213,-0.005694759,0.014764283,0.011364895,-0.01270194,-0.0025655702,0.008096812,0.008103527,-0.000833882,-0.0018780231,-0.023189511,0.0034602955,0.001654923,0.012659885,0.007977642,-0.011148687,-0.0020853505,-0.016357087,0.0075748116,0.9929237,0.9937655,0.9977607,1.0007921,0.9974429,0.99803936,0.9987583,0.9979025,0.99665636,0.9955224,0.9921993,0.9963633,0.9952837,0.9939223,0.9965878,0.9962384,1.001688,0.9964819,1.0001945,0.9999198
1.0,-0.022436365,-0.01208619,-0.005767339,0.01586944,0.012466039,-0.014653549,-0.0037543625,0.008769231,0.008121338,-0.0019427259,-0.0023215748,-0.025805313,0.0061523616,-1.8306077e-05,0.014181219,0.0071149617,-0.011527643,-0.0007941276,-0.017866105,0.008630208,0.9925157,0.99245334,0.9984268,1.0003378,0.9969416,0.9977885,1.0005671,0.99786156,0.99807584,0.99516225,0.9924677,0.9973264,0.99591124,0.9934596,0.9966716,0.99598336,1.0020679,0.99742806,1.0014455,0.9993353
4.0,0.032970946,0.021907058,0.009449773,-0.025531895,-0.018559843,0.026301252,0.0029547662,-0.014080258,-0.012326032,0.0006055627,0.010276992,0.040299267,-0.0051541477,-0.0069821477,-0.026141498,-0.015513394,0.016412776,0.005055506,0.027620994,-0.014688019,1.0029815,1.0043757,0.9917866,0.9888934,0.993933,0.9949808,1.0004549,0.994571,1.0007313,1.0009868,1.0003648,0.99004626,0.9991314,1.0029564,0.9941594,0.9989559,0.9947683,1.0004377,0.99606365,0.99431324
4.0,0.021742754,0.014435437,0.0059404867,-0.016620368,-0.011932295,0.017974792,0.0017825849,-0.008990694,-0.00770111,0.00055101514,0.007674128,0.026414111,-0.0035442784,-0.00465928,-0.017751496,-0.010042582,0.010309104,0.0030800588,0.018110827,-0.00988114,1.0009832,1.0023376,0.9931761,0.99191374,0.99525374,0.99567443,0.99966156,0.99508405,0.9995412,0.9999099,0.9988671,0.991181,0.998141,1.001368,0.994718,0.9985881,0.99618095,0.9994357,0.9967441,0.99575233
4.0,0.042140942,0.027536087,0.012025318,-0.03235278,-0.023559032,0.033290405,0.004284296,-0.017961258,-0.015656296,0.0013332684,0.011994425,0.051289618,-0.007419452,-0.008120157,-0.032628488,-0.018893708,0.020943936,0.006151695,0.03484907,-0.018575378,1.0043145,1.006153,0.99025524,0.9867798,0.9926691,0.9944352,1.0002837,0.9940785,1.0007344,1.0019598,1.0013902,0.9888576,0.99947983,1.0039746,0.99369013,0.99887854,0.99355966,1.0007519,0.994876,0.9935322
2.0,0.0012942106,0.0013324469,-7.529836e-05,-0.0007640682,-0.00022267504,0.002531223,-0.00035132095,-0.00025896728,0.00033511594,-0.00010121241,0.0030597337,0.0014826842,-0.0002867207,-0.0011004508,-0.0025764778,-0.0008510053,-0.00052729994,5.5942684e-05,0.0010020584,-0.001120704,0.99721426,0.9983394,0.99566966,0.99670196,0.99699855,0.9969778,0.99891275,0.9964788,0.99802315,0.99780834,0.99560744,0.99363863,0.9966416,0.99800855,0.9956675,0.9977887,0.99888164,0.99784535,0.998408,0.99800557
1.0,0.028132025,0.019574404,0.008551242,-0.022516176,-0.016376315,0.02279156,0.0017346479,-0.01236897,-0.011103317,-0.00035253912,0.009629913,0.03500264,-0.0025670603,-0.007589221,-0.023207508,-0.014953006,0.014599036,0.00545555,0.02413375,-0.01274015,1.0022144,1.0029789,0.99268717,0.9894267,0.99417716,0.994933,1.0016258,0.9947045,1.0016128,1.0002277,1.0002501,0.9909177,0.9994568,1.0023295,0.9942819,0.99889034,0.9955035,1.000978,0.9973535,0.994139
2.0,-0.002024673,-0.0004752651,-0.00081051886,0.0014912486,0.0014858874,0.0002121441,-0.0009374842,0.0009962674,0.0013627671,-0.00039288402,0.0023508482,-0.002276685,0.0008597672,-0.001105018,-0.00032692403,0.00012364239,-0.0019893907,6.70962e-05,-0.0016183332,0.00020381273,0.9965613,0.99746674,0.99608433,0.9971885,0.99699736,0.99701434,0.9992776,0.996597,0.9981254,0.99740064,0.99533814,0.99415624,0.9966041,0.9974232,0.99580026,0.99752605,0.9993409,0.99790776,0.9989384,0.99812454
2.0,0.0022538826,0.002390556,0.0005142782,-0.0019462295,-0.001053602,0.0034162737,-0.0006166883,-0.00087360665,-0.0004406646,-0.00043118373,0.003426548,0.003036175,0.0004741922,-0.0020685121,-0.0036176816,-0.0021059476,0.0004179664,0.00083813444,0.0021260455,-0.0016379931,0.99744505,0.998272,0.995685,0.99611515,0.99672204,0.9967137,0.99965954,0.9962814,0.99870116,0.99782515,0.99613506,0.9936977,0.99704725,0.99822944,0.9955902,0.99780464,0.99878037,0.9983954,0.9987556,0.997546
2.0,-0.014077976,-0.008289129,-0.004364741,0.0109553635,0.008480497,-0.008838084,-0.0019261278,0.006061488,0.0062548257,-0.0005157776,-0.00063315034,-0.01703908,0.002278082,0.0012153685,0.008846007,0.0059926286,-0.00858289,-0.0017529055,-0.012048766,0.0053726733,0.99403083,0.9950352,0.99721354,0.99991643,0.99748355,0.99781525,0.9985691,0.99754876,0.99682,0.99612755,0.9930468,0.99558794,0.99553,0.99501693,0.99637073,0.99667776,1.0009692,0.99670887,0.9996423,0.99955696
1.0,-0.01645168,-0.009807169,-0.005031544,0.012788186,0.00984106,-0.010547504,-0.0021447353,0.0070459014,0.0072009303,-0.0005100351,-0.0012490787,-0.019920591,0.0026149005,0.0016150922,0.010637648,0.0071454123,-0.009866558,-0.0020425878,-0.014135659,0.006363225,0.99348575,0.9945143,0.9973889,1.0004253,0.9974911,0.99793375,0.99845755,0.9977062,0.9965435,0.9958646,0.9926435,0.99587166,0.99531484,0.9945119,0.99648833,0.9964351,1.00129,0.9965003,0.99978745,0.9998199
3.0,-0.029116407,-0.017488346,-0.008428658,0.022256434,0.016967691,-0.020067483,-0.0033506304,0.0120069105,0.011940591,-0.0010889713,-0.004361946,-0.034971084,0.0047490373,0.0032238737,0.020092778,0.012466878,-0.01635807,-0.0032603778,-0.024746288,0.011784157,0.9907413,0.9916075,0.9985932,1.0027004,0.9973851,0.998659,0.9984436,0.9987156,0.995763,0.9944112,0.990151,0.99764496,0.9945203,0.99170566,0.9970202,0.99538195,1.0030411,0.99556917,1.0007871,1.0009053
2.0,-0.03197758,-0.01949466,-0.009324192,0.02462428,0.018673018,-0.022131622,-0.0034493133,0.013235999,0.01325012,-0.0008714404,-0.005201146,-0.038592856,0.004760273,0.0040454045,0.022403106,0.014266945,-0.018111438,-0.0038192384,-0.027484253,0.012972829,0.99001443,0.9910697,0.9986842,1.0034343,0.9973615,0.99888486,0.99799675,0.9989822,0.9951369,0.99411416,0.9895135,0.99791574,0.9941,0.9910353,0.9972242,0.99501896,1.0034357,0.9951084,1.0007902,1.0013897
2.0,0.0015170947,0.0015534833,5.2790157e-05,-0.0010192879,-0.0003957008,0.0027691536,-0.00040912628,-0.0003795456,0.00017598271,-0.00013910793,0.0031235851,0.0018267855,-0.00012568384,-0.001308389,-0.0028125942,-0.0010947362,-0.00032557175,0.00022432208,0.0012285784,-0.001240364,0.99723065,0.9983125,0.995641,0.9965852,0.9969109,0.99689615,0.9990554,0.9964075,0.9981237,0.9978025,0.9957392,0.9936339,0.9967106,0.99803627,0.99563956,0.9977506,0.998852,0.99796003,0.99845886,0.9979024
1.0,0.050232537,0.03247221,0.014247686,-0.038318437,-0.027930554,0.039251573,0.0056369565,-0.021451404,-0.018594127,0.0019466057,0.013496935,0.06095848,-0.009837821,-0.00891953,-0.03822521,-0.021766,0.024881873,0.0069283433,0.041308887,-0.021984706,1.0056002,1.0078653,0.98894554,0.9848705,0.99161613,0.9941429,1.000001,0.9938876,1.0007356,1.0029445,1.0019815,0.9879,0.9997269,1.0048572,0.9933284,0.9989236,0.9924719,1.00086,0.99377376,0.9929683
1.0,-0.023872338,-0.014347948,-0.007007557,0.018268367,0.01393874,-0.016152982,-0.0028641485,0.009919994,0.00993368,-0.00087126903,-0.0030260645,-0.028748963,0.0038300902,0.0026206821,0.016176872,0.010270409,-0.013704304,-0.0028204508,-0.02027414,0.009498779,0.9919731,0.9928726,0.99814487,1.0017837,0.9975557,0.99844027,0.99843335,0.9983769,0.9961391,0.995124,0.9911658,0.996927,0.9948492,0.99300957,0.9969107,0.995879,1.0022942,0.99597514,1.0004365,1.0005022
3.0,0.016555779,0.011432927,0.0046714954,-0.012960188,-0.009213408,0.014288528,0.00089711323,-0.0069094375,-0.005970247,0.00016735308,0.006619524,0.020383485,-0.0018999055,-0.004399456,-0.014197223,-0.008318476,0.007890791,0.0028479248,0.013966359,-0.0077809794,1.0000498,1.001109,0.9938864,0.99289185,0.99555284,0.995795,1.000027,0.9952523,0.999589,0.99930716,0.99847054,0.99189514,0.9980175,1.000616,0.99495834,0.9983237,0.99688834,0.9994499,0.99751675,0.9960523
4.0,-0.023373872,-0.014110059,-0.0069451975,0.01805817,0.013773765,-0.015725248,-0.0027640462,0.009819819,0.009877704,-0.0007147193,-0.0029722527,-0.028237995,0.0036464855,0.002657093,0.015848123,0.0102469325,-0.013510924,-0.0028272085,-0.02004154,0.009317854,0.99197006,0.9929802,0.9980106,1.0017742,0.9975028,0.99834394,0.99829805,0.9982603,0.9959737,0.9950805,0.9912923,0.9967876,0.99480236,0.9930011,0.9967957,0.99585044,1.0022444,0.99592054,1.0002763,1.0004963
1.0,0.029107507,0.01873267,0.007797814,-0.021899082,-0.015820308,0.023320442,0.00304389,-0.011992838,-0.0102279,0.0011699535,0.009098269,0.035047494,-0.0059122294,-0.0050793737,-0.022795267,-0.012450673,0.013775047,0.0034845434,0.023999572,-0.012932737,1.0022889,1.0040699,0.9921073,0.9904535,0.9946869,0.9954931,0.99915653,0.9948331,0.9994369,1.00083,0.99945825,0.9901904,0.99829054,1.0024114,0.99443257,0.9988549,0.9951549,0.99941355,0.9956281,0.9953591
2.0,-0.014004886,-0.008183643,-0.004303896,0.01083871,0.008406192,-0.00876385,-0.0019666478,0.0060050134,0.0061705858,-0.00056475215,-0.0005979538,-0.016897421,0.0023846626,0.0010946095,0.008748725,0.005846277,-0.008483227,-0.0016608983,-0.011934631,0.005329959,0.99405295,0.99501526,0.9972242,0.9998505,0.99745375,0.99778455,0.9986668,0.9975252,0.99690664,0.9961285,0.9931041,0.9956041,0.995579,0.9950378,0.9963614,0.99667835,1.0009584,0.9967772,0.9996891,0.99949986
3.0,0.012925409,0.008936811,0.0033975122,-0.009916924,-0.0070020887,0.011091433,0.0007860586,-0.00532162,-0.004396636,-5.5182725e-05,0.005879134,0.015766248,-0.0019425228,-0.003302537,-0.011303391,-0.006491255,0.0057943575,0.0018315949,0.011045411,-0.006072674,0.9995766,1.0006627,0.99449474,0.99387014,0.9962307,0.996329,0.99959356,0.9958029,0.9993011,0.9990257,0.9974017,0.99236566,0.9976658,1.0000818,0.9951374,0.9985301,0.99734724,0.9988709,0.9976786,0.99662006
1.0,0.0052888542,0.00408097,0.0012702849,-0.0041015334,-0.002661142,0.0058084354,-0.00017724931,-0.0020224676,-0.0014291853,-1.902692e-05,0.0039880313,0.006546434,-0.0003869608,-0.002202116,-0.005734183,-0.0029590689,0.0017965063,0.0010109432,0.004424073,-0.0029547035,0.9979453,0.99897826,0.9951919,0.9956436,0.99653816,0.9965514,0.99937797,0.99602437,0.9985185,0.9981979,0.9966285,0.9931889,0.99706376,0.9987535,0.99550647,0.9978399,0.998354,0.9984293,0.9982809,0.9974233
1.0,-0.024580158,-0.014658362,-0.0071736174,0.018764557,0.014342882,-0.016750209,-0.002968911,0.010170112,0.010144182,-0.0010394193,-0.003157638,-0.029513407,0.004103884,0.0025429577,0.016653605,0.010345124,-0.013950933,-0.002778057,-0.02077254,0.009847929,0.99183744,0.9926596,0.99827754,1.0018207,0.9975202,0.9984441,0.99859166,0.9984103,0.9962526,0.99497557,0.9910268,0.99706936,0.9948997,0.9928024,0.996853,0.9958789,1.0024109,0.99598575,1.0005437,1.0004649
1.0,-0.009667501,-0.0052046254,-0.002904187,0.0072525702,0.0057831444,-0.005401101,-0.0017736927,0.0041179843,0.0042460114,-0.00063335523,0.0005239956,-0.01143055,0.0022494644,-5.64754e-05,0.0053109527,0.0034265444,-0.0059331544,-0.0007508695,-0.008051142,0.0034090395,0.9949959,0.995795,0.9968676,0.99874324,0.99722123,0.9974042,0.99919266,0.9971053,0.99759746,0.9965784,0.99413484,0.99515027,0.9960867,0.99596256,0.9961556,0.9969663,1.0003698,0.99740875,0.9996024,0.99885947
2.0,0.015218876,0.010328822,0.004078189,-0.011661071,-0.008265177,0.013108641,0.0009816736,-0.0062170606,-0.005221132,0.0002727341,0.006259814,0.018529847,-0.0022455528,-0.0036898106,-0.013006654,-0.007292554,0.006945722,0.0022386871,0.012736082,-0.007119705,0.999827,1.0010238,0.99402857,0.9934134,0.99585605,0.99603486,0.99957377,0.9954564,0.9991942,0.99923587,0.9979941,0.99198,0.9977413,1.0003905,0.9950298,0.998362,0.9970388,0.9990623,0.99738663,0.99640024
4.0,0.027138103,0.017824642,0.0074935504,-0.020731352,-0.014964521,0.022026526,0.0024622232,-0.011301989,-0.009751126,0.00081423856,0.008810561,0.03293831,-0.0046509355,-0.0054568723,-0.0216587,-0.012276255,0.013071556,0.0037888624,0.022526465,-0.012173783,1.0019002,1.0034037,0.99242115,0.99065065,0.9946771,0.99537027,0.9997215,0.9947841,0.9997809,1.0004828,0.9995616,0.99052185,0.99845445,1.0021303,0.9944698,0.9987076,0.9954692,0.99973667,0.99619144,0.99522245
4.0,-0.0095007345,-0.005304262,-0.0029967846,0.0073232297,0.0058007245,-0.0053740665,-0.0015872233,0.0041351747,0.004361432,-0.00048090704,0.00051485,-0.011409182,0.0018021017,0.00029284507,0.005333841,0.00371968,-0.006050423,-0.001035355,-0.008049235,0.0033896335,0.99501944,0.9959592,0.9968079,0.99887663,0.9973278,0.9975016,0.99887556,0.99716794,0.9973541,0.9966309,0.99397427,0.99504966,0.9959546,0.99597895,0.9961705,0.99701166,1.0003417,0.99720186,0.9994088,0.9990047
3.0,0.010148138,0.007349327,0.0027558003,-0.007977489,-0.005536024,0.009260066,0.0002632104,-0.0041940585,-0.0034704618,-0.00018918328,0.0052537583,0.012564097,-0.000939019,-0.0032643527,-0.009430073,-0.0055602305,0.004518658,0.0018208511,0.008742437,-0.004973244,0.9989633,0.999908,0.99477774,0.99437016,0.99623346,0.996289,0.999827,0.9957963,0.9992517,0.9986602,0.9972996,0.9927229,0.997591,0.9995958,0.99523365,0.9982329,0.99772835,0.99893147,0.99807596,0.99673504
4.0,0.036188405,0.023705278,0.0102307275,-0.027770404,-0.020177636,0.028764475,0.003533747,-0.015330734,-0.013340957,0.0010464303,0.010789588,0.04402041,-0.0062580183,-0.00709147,-0.028300315,-0.016365256,0.017847944,0.005214598,0.030037709,-0.016025076,1.0034224,1.0050814,0.99118257,0.9883115,0.99355406,0.9948311,1.0001142,0.99437565,1.0004554,1.0013833,1.0006696,0.9895399,0.9991161,1.0033125,0.9940116,0.9988974,0.994315,1.000386,0.9954532,0.9941781
2.0,-0.0041776523,-0.0021138266,-0.0015930654,0.0033893771,0.0028573219,-0.0014162436,-0.00095245615,0.0020163953,0.0024346597,-0.00017492846,0.0017316565,-0.005110156,0.000669837,-0.00026945025,0.0014672354,0.0016393736,-0.00340005,-0.00057530776,-0.0036726668,0.001141092,0.9960911,0.9971751,0.99620664,0.9978884,0.99719983,0.99724793,0.99876785,0.9968031,0.9975515,0.9972396,0.99482256,0.99430233,0.9962257,0.9970128,0.9959565,0.9973654,0.9996137,0.99746567,0.99885577,0.9985907
2.0,0.03180434,0.020930622,0.008950053,-0.02442497,-0.01770981,0.025477136,0.0029521845,-0.013419218,-0.01166226,0.0008310154,0.009889137,0.038702898,-0.0053128675,-0.0064264983,-0.025139693,-0.014555804,0.015600141,0.0046168417,0.026466243,-0.014159921,1.0027169,1.0042353,0.9918323,0.98938984,0.9941106,0.99507594,1.000056,0.99457633,1.0002704,1.0009246,1.0001736,0.9900513,0.99887115,1.0027685,0.99422526,0.99884975,0.99488854,1.0001595,0.9959078,0.9946139
2.0,-0.0020153672,-0.00072755665,-0.0010004537,0.0017565191,0.0016448987,7.957965e-05,-0.0007066168,0.0011090524,0.0015983507,-0.00020320714,0.0022835955,-0.0024981052,0.00029318035,-0.0006123334,-0.00013352185,0.00059619546,-0.0022428595,-0.00033150986,-0.0017870069,0.0002730845,0.996562,0.99764436,0.9960364,0.997404,0.99715185,0.9971584,0.9988537,0.996699,0.9977968,0.9974465,0.9950922,0.9940571,0.99641657,0.99740195,0.9958178,0.99759007,0.999333,0.99761236,0.99869365,0.99834275
4.0,-0.037506923,-0.023031712,-0.01087759,0.028909812,0.02185864,-0.026220575,-0.0038221963,0.015446238,0.015503414,-0.00087160803,-0.006701939,-0.045311328,0.0053362474,0.0050483495,0.026682831,0.017028153,-0.021162998,-0.0045114122,-0.03240355,0.0153262,0.98865694,0.989828,0.9990089,1.0045358,0.9971651,0.99923587,0.99767846,0.9994562,0.9944385,0.993467,0.9882927,0.99860954,0.9935702,0.9896782,0.9975084,0.9943811,1.0042068,0.9945037,1.0010269,1.0020003
4.0,-0.02193056,-0.013207592,-0.006558015,0.016975753,0.012966346,-0.014680818,-0.0026273243,0.009245939,0.009326953,-0.0006963406,-0.00260026,-0.026507925,0.0034269243,0.0024415925,0.014762759,0.009579621,-0.012745425,-0.0026751123,-0.01879841,0.008721933,0.9922948,0.9933049,0.9978995,1.0014931,0.99751973,0.9982633,0.99833715,0.99815035,0.99611044,0.9952301,0.9915524,0.99659866,0.9949202,0.9933077,0.99671036,0.99600106,1.0020508,0.99603486,1.0001729,1.0003479
3.0,0.02562175,0.016915232,0.0070958203,-0.01963653,-0.014157744,0.020901898,0.0022242405,-0.010681478,-0.009223223,0.0006915983,0.00851924,0.03114519,-0.0042248517,-0.0053206757,-0.020601638,-0.011746783,0.012336794,0.003658343,0.021328665,-0.011542155,1.0016527,1.0030758,0.9926489,0.9909661,0.99482614,0.99543726,0.9997908,0.9948575,0.9997878,1.0003221,0.99940485,0.9907265,0.9984092,1.0019357,0.99454707,0.9986723,0.9956706,0.9997165,0.9964057,0.99532795
3.0,-0.010990903,-0.006309204,-0.0034566754,0.00853424,0.0066903112,-0.0064670257,-0.001688201,0.004785479,0.005007621,-0.0004359968,0.00011789799,-0.013267491,0.0019205809,0.0006383881,0.0064917877,0.0045357198,-0.0069055595,-0.0012926944,-0.00940153,0.004025772,0.9946776,0.9956655,0.9969107,0.99924815,0.99737495,0.99759495,0.9987232,0.99727577,0.997114,0.9964689,0.9936953,0.9952025,0.9957846,0.9956637,0.99624115,0.99687535,1.000544,0.9970203,0.999456,0.9992121
4.0,0.024190743,0.016019959,0.0066722394,-0.018536367,-0.013354383,0.019757165,0.0020679496,-0.010080816,-0.008683119,0.0005779173,0.008242246,0.029408736,-0.0039820597,-0.005082302,-0.019551855,-0.01117586,0.011604104,0.0034325905,0.020196237,-0.010918182,1.0014493,1.0028244,0.99288803,0.99129564,0.9950284,0.99556035,0.99977136,0.99498856,0.9997668,1.0001786,0.99915797,0.9909231,0.99833333,1.0017486,0.99461555,0.9987027,0.99585986,0.9996154,0.99656284,0.995476
4.0,-0.02500806,-0.015166163,-0.0074244654,0.019344227,0.014724525,-0.016978476,-0.0028691515,0.010485373,0.010551024,-0.000739567,-0.0033896826,-0.030239489,0.0038007274,0.002979502,0.017113008,0.011051349,-0.014417186,-0.0030716248,-0.021470018,0.010031916,0.9916025,0.99263847,0.9981432,1.0021201,0.9975138,0.9984654,0.9981971,0.9984135,0.9957884,0.9948956,0.99091613,0.99698985,0.99465513,0.9926266,0.9968702,0.9957157,1.0024732,0.995736,1.0003529,1.0006839
1.0,-0.01037728,-0.0060857013,-0.0033768965,0.0082076285,0.0064212433,-0.0060048997,-0.0015252717,0.004609973,0.004908912,-0.000253357,0.00020403787,-0.01266158,0.0015475973,0.00081060827,0.0061342195,0.0045736283,-0.0067422353,-0.0014128275,-0.00903333,0.0037747354,0.9947671,0.99587345,0.99677634,0.9992577,0.9974047,0.9976045,0.9984894,0.9972482,0.9969255,0.9965621,0.99373776,0.99504834,0.99570477,0.9957754,0.9962408,0.99688905,1.0004542,0.9969233,0.999272,0.99927807
1.0,-0.03868667,-0.024111293,-0.01150545,0.030219413,0.022732936,-0.027597018,-0.0035253987,0.016014788,0.016333822,-0.000849247,-0.006976437,-0.047083426,0.0046924353,0.0059391037,0.02786915,0.0180749,-0.022172231,-0.005265128,-0.033598267,0.016073015,0.9884188,0.9898154,0.99913687,1.0050203,0.9974114,0.9995964,0.9971306,0.99979925,0.9940375,0.99330735,0.98741627,0.99863863,0.9933328,0.98929155,0.9975214,0.9945131,1.0044309,0.99394906,1.0007836,1.0023456
1.0,-0.015209593,-0.0094119385,-0.0048897946,0.01211473,0.009253263,-0.009684853,-0.0017591864,0.0066637257,0.0069911145,-0.00013538823,-0.0010466464,-0.018725235,0.0016905665,0.0021040142,0.009954594,0.0073087215,-0.009595133,-0.002408553,-0.013341211,0.0058356477,0.99376357,0.99503917,0.9971689,1.0004783,0.9976662,0.9980658,0.9979011,0.99774474,0.9961705,0.99614716,0.992633,0.99556345,0.9951273,0.99483955,0.9965852,0.9965488,1.0010949,0.9962383,0.9994144,1.0000422
2.0,-0.030870035,-0.018826693,-0.009016334,0.023775324,0.01803205,-0.021279499,-0.003365375,0.012801981,0.012818858,-0.00082210265,-0.004920073,-0.037273522,0.004602514,0.003891565,0.021561943,0.013789378,-0.017540533,-0.0037083775,-0.026541412,0.012484136,0.99026275,0.9913227,0.9985825,1.0032403,0.9973908,0.9988184,0.9980094,0.998892,0.995216,0.99425834,0.98975873,0.99776286,0.9941701,0.9913101,0.99719435,0.9951076,1.0032744,0.9952122,1.0007249,1.0012921
1.0,-0.03354942,-0.020329148,-0.009662394,0.025666771,0.019495998,-0.02326256,-0.0036812425,0.0137874875,0.013725299,-0.0010286104,-0.005577579,-0.040346403,0.005229011,0.0040382147,0.023510277,0.014723979,-0.018799298,-0.0037988797,-0.028699167,0.013613032,0.9896849,0.99063563,0.9988506,1.0036038,0.9972614,0.9989335,0.9981705,0.9990827,0.9951832,0.99394095,0.9892799,0.9981946,0.9940752,0.9906933,0.99729556,0.9948587,1.003645,0.9951071,1.0010014,1.0014389
3.0,-0.011502147,-0.0066663325,-0.0036398964,0.008975903,0.0070105363,-0.006927792,-0.0016859621,0.005005762,0.0052447394,-0.00046288222,3.7103891e-06,-0.013924982,0.0018922538,0.0008023158,0.006910935,0.004809834,-0.0072139017,-0.0014395267,-0.0098354,0.004279379,0.9945851,0.99559176,0.99697816,0.9993806,0.99743545,0.99766856,0.99865234,0.9973566,0.99705315,0.99641335,0.9935098,0.9952626,0.9957312,0.9955494,0.99625415,0.9968849,1.0006164,0.99692273,0.9994592,0.9992882
3.0,-0.00431554,-0.0020663813,-0.0015794784,0.0033991188,0.0028728638,-0.0016529225,-0.0010127611,0.0019928515,0.0023789182,-0.0003991723,0.0017967448,-0.005182687,0.00085479766,-0.00042819977,0.0015066564,0.0013970658,-0.0033479854,-0.00049421564,-0.0036050156,0.0012359184,0.99614763,0.9971207,0.996343,0.99779844,0.99724054,0.99728125,0.99897254,0.9968721,0.9978062,0.99720436,0.99473786,0.9944067,0.99634326,0.9970032,0.99592996,0.9974806,0.99964625,0.9975453,0.99899185,0.99849695
3.0,-0.001418598,-0.00036320835,-0.0007957816,0.0012461543,0.00127229,0.0006528646,-0.0006906353,0.0008613691,0.0013450757,-0.000108003616,0.0023903958,-0.0017579831,0.00026140362,-0.0007352233,-0.0005986467,0.00037556887,-0.0019345619,-0.00020214543,-0.001319401,-3.9184233e-05,0.9966516,0.99774307,0.9959173,0.99728173,0.9970697,0.9970827,0.99886984,0.9966015,0.99778706,0.9975459,0.9953026,0.9939626,0.99643904,0.9975446,0.9958406,0.99753404,0.9992378,0.9977001,0.9986539,0.99829185
2.0,0.006101668,0.0048580803,0.0016860291,-0.0050046556,-0.0033213836,0.0064208657,-0.00028463453,-0.00252497,-0.0019965544,-0.0002713818,0.0043042414,0.0077559985,-2.6665628e-05,-0.0027736798,-0.0065150633,-0.0038430877,0.0024681836,0.0014601536,0.005354725,-0.003350836,0.99819577,0.99902964,0.99522316,0.9952328,0.99642825,0.9964494,0.9998317,0.99596727,0.999004,0.99827415,0.9968957,0.9932199,0.9973439,0.998973,0.99548507,0.9979422,0.9982646,0.99876547,0.9984974,0.997138
4.0,0.027963467,0.018349923,0.0077303583,-0.021359146,-0.015430385,0.022623,0.002572976,-0.011662986,-0.010068741,0.00083603896,0.008992624,0.03393788,-0.0048310086,-0.0055786073,-0.022253804,-0.012632873,0.013498161,0.003892351,0.023214824,-0.012519058,1.00205,1.0035726,0.9923168,0.9904491,0.99459726,0.9953354,0.99973667,0.99475753,0.99983656,1.0005697,0.9996454,0.9904313,0.9985073,1.0022453,0.9944294,0.99874324,0.9953619,0.9997785,0.99611384,0.9951392
3.0,0.0039620996,0.0029600337,0.00068450347,-0.0027949736,-0.00172116,0.004677292,-7.510558e-05,-0.0013337731,-0.00066333264,0.00014350191,0.0036009848,0.004690271,-0.0007682517,-0.0014692843,-0.0045389384,-0.0018620081,0.000825163,0.00040356815,0.0031314492,-0.00230969,0.99767584,0.99888533,0.99528337,0.9961709,0.9967786,0.9967761,0.9988883,0.9962144,0.99805856,0.9981113,0.99615014,0.9932494,0.99676085,0.99848866,0.99558234,0.9978205,0.9985128,0.99801755,0.9981218,0.99778825
3.0,0.0100777745,0.006921008,0.002493251,-0.0075390674,-0.0052150604,0.009359285,0.0005044006,-0.0039152987,-0.0030759797,0.00034325197,0.0049814843,0.012173634,-0.0016061589,-0.0026232526,-0.0091244355,-0.0046727844,0.0041232556,0.0013870932,0.008232936,-0.0049387775,0.99878955,1.0000465,0.9945467,0.9947417,0.99625164,0.99631923,0.9991674,0.99571687,0.9985388,0.99868673,0.99725366,0.9924994,0.99723506,0.999497,0.9952547,0.9980544,0.99771464,0.99854153,0.9976451,0.99708056
4.0,0.035332218,0.023114052,0.00994325,-0.027066234,-0.019652128,0.028127575,0.0034637488,-0.0149241295,-0.012969743,0.0010685008,0.010579288,0.042945288,-0.0061925277,-0.0068686306,-0.027643908,-0.015899144,0.01736841,0.0050255693,0.029301904,-0.015658017,1.0032775,1.0049502,0.99129194,0.98856837,0.99367845,0.99489677,1.0000086,0.9944132,1.0003333,1.0013056,1.0005487,0.9896154,0.9990183,1.0032004,0.9940576,0.9988815,0.9944182,1.0002756,0.9954759,0.99431527
3.0,0.03197966,0.021167133,0.00908161,-0.024678867,-0.017919231,0.025539527,0.0029190816,-0.013591239,-0.0118582845,0.0006699264,0.01001586,0.03901415,-0.0051977783,-0.0066222996,-0.025338355,-0.014878143,0.015804607,0.0047517978,0.026755989,-0.014252779,1.0028249,1.0042622,0.9919038,0.9892302,0.99411,0.9950927,1.0002484,0.9946359,1.0005213,1.0009351,1.0001731,0.99011964,0.9989799,1.0028368,0.99423206,0.99894446,0.9948753,1.000257,0.99603903,0.9945197
2.0,-0.014931701,-0.008768186,-0.004565035,0.011553159,0.008937946,-0.009447828,-0.0020515807,0.006386253,0.0065360554,-0.00058002025,-0.0008307621,-0.018018369,0.0025212616,0.0012428239,0.009446062,0.0062759817,-0.008976534,-0.0017727539,-0.012735635,0.0057239104,0.9938474,0.9948123,0.99730426,1.0000429,0.9974635,0.9978343,0.9986347,0.9975915,0.9968167,0.99602246,0.9929365,0.99571997,0.9955041,0.99483955,0.9964006,0.9965977,1.0010853,0.9966979,0.9997506,0.9995958
2.0,0.027782861,0.01836579,0.0077684564,-0.021332245,-0.015415147,0.02251883,0.0024381243,-0.01164493,-0.01010105,0.0007028375,0.009012986,0.033817247,-0.004494354,-0.005800411,-0.022226457,-0.01281736,0.013525736,0.004065659,0.023133859,-0.012456417,1.0020044,1.0034391,0.99236923,0.9903834,0.99454576,0.99527097,0.9999578,0.99473435,1.0000117,1.0004878,0.99971676,0.9905008,0.9986037,1.0022049,0.9944016,0.99872464,0.9954068,0.9999181,0.9962703,0.9950272
3.0,-0.030459099,-0.01859849,-0.008960084,0.023567628,0.017873816,-0.02103033,-0.0032817274,0.012684053,0.0127381645,-0.0007993728,-0.0048225448,-0.036830086,0.0044725984,0.0038924515,0.021281675,0.0136571005,-0.017353464,-0.0037202276,-0.026251435,0.012367777,0.9903222,0.99142396,0.9985413,1.0031983,0.9974024,0.99878323,0.99796194,0.9988426,0.99519247,0.99423945,0.9897897,0.99767977,0.9941875,0.99132985,0.99709874,0.9951694,1.0032387,0.9951871,1.0006334,1.001258
1.0,-0.00072708726,0.0007314533,-0.00018084794,0.00014660135,0.0005386574,0.0013731457,-0.0011298321,0.0003050845,0.00053675845,-0.0006285105,0.0027521066,-0.00037728995,0.0014716983,-0.002037935,-0.0015811548,-0.0011502355,-0.00091823936,0.0008273162,-0.00030318648,-0.00043587084,0.9968025,0.9974751,0.9960074,0.9965895,0.99669373,0.99670917,0.9999262,0.99634695,0.9986996,0.99742365,0.99592006,0.99413115,0.99697214,0.9976526,0.99566525,0.99752414,0.99919087,0.99841905,0.99917454,0.997667
1.0,-0.013200633,-0.0076581016,-0.0040933816,0.010214072,0.007934383,-0.008323692,-0.0018519312,0.005637477,0.0058343224,-0.0006620884,-0.00033923984,-0.015921246,0.0021988004,0.0009945557,0.008161232,0.0053950325,-0.008045804,-0.0016226284,-0.011137672,0.005032935,0.9943154,0.9952403,0.9972441,0.9996594,0.9975313,0.9978236,0.9987188,0.99755317,0.99709326,0.9962414,0.99311495,0.9955394,0.99568665,0.9952367,0.9963307,0.9968737,1.0008552,0.9968194,0.99965715,0.9994144
2.0,-0.0039032623,-0.0020025373,-0.0015644282,0.0032544024,0.0027490435,-0.0012369193,-0.00087020546,0.0019380152,0.0023925975,-0.00011397898,0.0017747506,-0.0048367046,0.00049486756,-0.00019841641,0.0013100207,0.0016361102,-0.0033161715,-0.0006315112,-0.0034966841,0.0010445213,0.99613386,0.9972684,0.9961587,0.99788374,0.9972146,0.99725556,0.99867123,0.99679774,0.99748343,0.9972668,0.99481755,0.9942397,0.99619764,0.9970458,0.99593633,0.9973896,0.9995771,0.9974133,0.9987688,0.9986119
4.0,0.022026427,0.014667705,0.006062566,-0.016901229,-0.012145016,0.018166263,0.0017809644,-0.009156134,-0.0078677535,0.0004882533,0.007775504,0.026802748,-0.003505692,-0.0047860667,-0.01799374,-0.010280594,0.01050188,0.003177505,0.018411078,-0.010010306,1.0010674,1.0023806,0.993176,0.9917968,0.9952309,0.9956631,0.9997599,0.9950863,0.99966216,0.99994683,0.9989124,0.99118173,0.99821013,1.0014381,0.9947184,0.9986268,0.9961475,0.99951047,0.99678737,0.9956832
2.0,0.005420625,0.004125979,0.0012568757,-0.004138317,-0.002697107,0.005781006,-0.00010349974,-0.002066845,-0.0014343336,-6.290898e-05,0.0040454976,0.006653752,-0.0005290136,-0.0021295622,-0.0057882294,-0.002997227,0.0018237084,0.000921946,0.004556589,-0.0029540088,0.9979963,0.9990454,0.9952096,0.9956399,0.99660516,0.99660325,0.99932706,0.9960861,0.99853057,0.9982105,0.99651724,0.9931805,0.99706435,0.9987632,0.99547803,0.9979236,0.998338,0.99838024,0.9982417,0.99742305
3.0,-0.0055091158,-0.0028569028,-0.0019224128,0.0043493994,0.0035864594,-0.0024239868,-0.0011487752,0.0025351672,0.002886191,-0.0003254786,0.0014549382,-0.006651487,0.0010682568,-0.00023461133,0.0023952425,0.0020326301,-0.0040059537,-0.0006241612,-0.0047255084,0.0017241763,0.995811,0.99682546,0.99637693,0.9980914,0.99721056,0.99727756,0.99888915,0.9968788,0.9975824,0.99704415,0.994622,0.9945124,0.9962055,0.9967243,0.9959627,0.99728507,0.9998026,0.9974522,0.99903643,0.99862504
3.0,0.0064805,0.0050326735,0.0017129192,-0.005182985,-0.0034650383,0.0065637194,-0.00014450401,-0.0026511531,-0.0020636618,-0.00027157553,0.0044003017,0.008135669,-0.00030569732,-0.0026740134,-0.0067232996,-0.003916256,0.002600614,0.0013500638,0.0056637675,-0.0034460255,0.99828863,0.99917597,0.9952082,0.9952015,0.9964911,0.99650246,0.99972224,0.99602085,0.99898267,0.99830353,0.9967888,0.99316627,0.997329,0.99900806,0.9954351,0.9980478,0.99821585,0.9986759,0.9983912,0.9971472
1.0,0.016108401,0.011593331,0.0048260083,-0.013052642,-0.009306269,0.013809232,0.0005639158,-0.007014271,-0.006218996,-0.0004206337,0.00680713,0.020190291,-0.0010555759,-0.0050299764,-0.014155395,-0.009059764,0.008057494,0.0032901801,0.014062099,-0.007628721,1.0001733,1.0008721,0.99421185,0.99259335,0.9955759,0.9957992,1.0007492,0.9953799,1.0003662,0.99922436,0.9984933,0.99220586,0.9983826,1.000671,0.9949887,0.99852186,0.99699163,0.99984765,0.9980686,0.99575484
3.0,0.0011565015,0.0012871549,-9.111315e-05,-0.0006656684,-0.00013957731,0.0024881884,-0.00041102618,-0.00019226223,0.0003792271,-0.00010435283,0.0030162744,0.0013426356,-0.00014153868,-0.0011776239,-0.0025110394,-0.0008478984,-0.0005566068,0.00012772903,0.000855349,-0.0010657886,0.9971359,0.998251,0.9956586,0.9967079,0.9969385,0.9969158,0.9989711,0.99642885,0.9980227,0.99773806,0.9956656,0.9936528,0.9966524,0.99793816,0.99562705,0.9977299,0.9989107,0.9978835,0.99843717,0.9979698
2.0,0.0030367747,0.002344299,0.00035297405,-0.0020209923,-0.0011699167,0.003740739,-7.4442476e-05,-0.00096564926,-0.00027272478,-9.648502e-06,0.003457833,0.0035154596,-0.00081243366,-0.0011822954,-0.003788732,-0.0014718771,0.0002975799,0.00011689216,0.0024518669,-0.0018357846,0.99760187,0.9987917,0.9954919,0.99638814,0.9969946,0.99696845,0.99880993,0.9964337,0.9980738,0.9980422,0.99576455,0.9934048,0.99670815,0.9983496,0.9956203,0.9979558,0.9986409,0.9978612,0.998191,0.99791646
2.0,-0.008272983,-0.0045121387,-0.0026396336,0.0063737202,0.005101715,-0.0044504926,-0.001491528,0.0036303448,0.0038765557,-0.00047012046,0.0008175224,-0.009914149,0.0016762689,4.772097e-05,0.0043970123,0.0031169057,-0.0053808987,-0.0008459054,-0.0070013627,0.002874526,0.99525636,0.9961905,0.996681,0.9986032,0.997269,0.9974036,0.9989503,0.9970592,0.9974764,0.9967423,0.99421185,0.9948996,0.996064,0.9962037,0.9960915,0.9970859,1.0001779,0.99733007,0.99933255,0.99884427
2.0,-0.024736516,-0.015063025,-0.0073724715,0.019190487,0.014594639,-0.01670497,-0.002825357,0.010416232,0.010501105,-0.0006207116,-0.0033658817,-0.029963773,0.0036846846,0.003027156,0.016936533,0.01108221,-0.014337465,-0.0030866116,-0.021341525,0.00989213,0.9916179,0.992713,0.99805665,1.0021278,0.99749935,0.99843454,0.99810034,0.9983689,0.9956815,0.9949281,0.9910074,0.996914,0.9946095,0.992679,0.99687463,0.99567866,1.0024319,0.99571615,1.0002832,1.0007113
4.0,-0.023388572,-0.014125086,-0.006952678,0.018073248,0.013783452,-0.015741039,-0.0027612,0.009826806,0.0098878555,-0.000713611,-0.0029755645,-0.028260771,0.0036383197,0.0026696771,0.015863024,0.010261349,-0.013524871,-0.0028375573,-0.020056196,0.009325787,0.99196756,0.9929803,0.9980113,1.0017813,0.9975076,0.99834913,0.99829006,0.99826604,0.99596786,0.99508095,0.99128234,0.9967882,0.9947984,0.99299884,0.99679834,0.9958513,1.0022463,0.9959147,1.0002747,1.0005015
3.0,0.0026213601,0.0020821132,0.00026264135,-0.001711674,-0.00092729134,0.003619101,-0.00016789883,-0.0007563196,-0.000105805695,0.00010833889,0.0032899082,0.0030304566,-0.00065170974,-0.0011740774,-0.00351011,-0.0012097135,8.9298934e-05,0.00015463307,0.001991123,-0.0017158918,0.9974276,0.9986479,0.9954459,0.9964943,0.9968991,0.9968901,0.9987893,0.99634147,0.99793136,0.99796635,0.995867,0.9934096,0.9966418,0.99823993,0.99563336,0.9977874,0.9986946,0.99785954,0.998196,0.99796134
1.0,-0.032214515,-0.01956328,-0.009247181,0.02463724,0.018701812,-0.021925226,-0.0036529638,0.013312337,0.0132150315,-0.0007277131,-0.0053452067,-0.038760696,0.0051069707,0.0038423836,0.022473276,0.014348164,-0.018138822,-0.003570523,-0.027754307,0.01288504,0.9898827,0.99090576,0.9985748,1.0034192,0.99717957,0.99874085,0.9981076,0.9988627,0.9950831,0.99412626,0.9898567,0.99796563,0.9940552,0.9910482,0.9973191,0.9947619,1.003429,0.99526787,1.0009158,1.0013869
1.0,0.012021959,0.007906105,0.002848342,-0.008811846,-0.00619797,0.010456301,0.0010077283,-0.0046967287,-0.003653109,0.00043680333,0.005438719,0.014311288,-0.0026551336,-0.0023673102,-0.010320686,-0.0051525533,0.0048876815,0.0011338182,0.009889603,-0.005662972,0.9993311,1.0007252,0.9944055,0.99447715,0.99643123,0.9965175,0.99881256,0.99586797,0.9985141,0.99905443,0.99709815,0.99224967,0.99722385,0.999915,0.99525905,0.9984049,0.9974265,0.99835044,0.9972878,0.99712676
3.0,0.005974956,0.004562862,0.0014510648,-0.0046269707,-0.0030602687,0.006087281,-7.247552e-05,-0.0023581497,-0.0017240755,-0.00020896457,0.0042499267,0.007382106,-0.00051998347,-0.0023363233,-0.0062407255,-0.0034550652,0.002193924,0.0010501444,0.0051534846,-0.003160292,0.9981599,0.9991444,0.99523115,0.99543357,0.99660164,0.9965963,0.9994841,0.9961053,0.9987595,0.9982533,0.99654007,0.9931778,0.9971896,0.9988696,0.9954307,0.99804366,0.9982715,0.9984795,0.99828744,0.9972871
1.0,-0.0005655661,-3.3445656e-05,-0.0006889915,0.00082303584,0.00094538415,0.0013349764,-0.00046994537,0.00064414553,0.0012262315,0.00016810559,0.0024746843,-0.00090878084,-0.0002200976,-0.0005473122,-0.0011018142,0.0004234165,-0.0016836934,-0.0003250949,-0.00085064024,-0.0003707509,0.99670976,0.9979839,0.9956918,0.9972833,0.99703187,0.99703676,0.9985568,0.9965058,0.9974864,0.9976171,0.9953912,0.9937363,0.99632245,0.99761915,0.9957761,0.9974971,0.9991178,0.9975639,0.9983612,0.998352
2.0,-0.022232294,-0.013390079,-0.0066226246,0.0171788,0.01311757,-0.0148631595,-0.0026739426,0.0093593905,0.009425901,-0.00068581477,-0.0026838183,-0.026857223,0.0035006776,0.0024683848,0.014979698,0.009718083,-0.012898825,-0.0026824959,-0.019059964,0.00882393,0.99222827,0.99323136,0.9979147,1.0015472,0.9975058,0.99827164,0.9983398,0.99816453,0.9960829,0.9952123,0.99153626,0.99664015,0.99489486,0.9932621,0.9967475,0.99595124,1.0020872,0.9960302,1.0002096,1.0003812
1.0,0.0015589818,0.001500506,2.7330592e-05,-0.0009681806,-0.00035502994,0.0029237457,-0.00038442388,-0.00032414868,0.0002462417,3.0774623e-05,0.0030494668,0.0018169768,-0.00020642579,-0.0012235269,-0.0028097108,-0.0009082407,-0.00037355348,0.00019529834,0.0011048988,-0.0012786144,0.9971466,0.9983119,0.99553263,0.9966559,0.99684715,0.99683774,0.99892324,0.996326,0.9979253,0.99778455,0.9958264,0.99355835,0.9966264,0.9979959,0.99562466,0.997639,0.9988431,0.99790776,0.9983565,0.9979564
1.0,0.044615697,0.029229172,0.012796452,-0.03424405,-0.024973914,0.035069816,0.004554108,-0.019074006,-0.016662117,0.0012679268,0.012572806,0.05433616,-0.007737033,-0.008743465,-0.034494206,-0.020198599,0.022334132,0.006632965,0.036907844,-0.019567506,1.0046062,1.0064981,0.98989064,0.9860351,0.99225086,0.9942172,1.0005268,0.9940194,1.0010226,1.0020496,1.0015975,0.9886505,0.99969673,1.0041085,0.99340826,0.9988859,0.9932559,1.000968,0.994736,0.99310136
4.0,0.005715944,0.0042167865,0.0012732744,-0.0042736866,-0.002808535,0.0059574693,1.5854836e-05,-0.002151614,-0.0014688782,2.5324523e-05,0.004082769,0.00693113,-0.00080353767,-0.0019869655,-0.005929917,-0.002941113,0.001884196,0.00080901757,0.004747838,-0.0030623355,0.9980645,0.99918145,0.99516225,0.99565464,0.9966473,0.99664766,0.99917144,0.99610555,0.99842846,0.998274,0.9964757,0.99310946,0.99701095,0.9988209,0.99548626,0.99796444,0.99829125,0.99828684,0.99812406,0.99748534
2.0,-0.0031641126,-0.0013491511,-0.0012322553,0.0024848096,0.0021998966,-0.0007087514,-0.00092352554,0.0015194397,0.0019179806,-0.00031333044,0.0020457357,-0.0037784986,0.00070554763,-0.00062905997,0.00063515455,0.0009146482,-0.0027424172,-0.00031695887,-0.0026539266,0.000709221,0.9963554,0.9973458,0.9961844,0.9975553,0.9971523,0.9971855,0.999001,0.996752,0.9978557,0.99734664,0.9950003,0.9942488,0.9964092,0.9972348,0.99590504,0.9974903,0.9994783,0.99765533,0.9989005,0.9983843
4.0,0.03479587,0.022691801,0.009728631,-0.026575897,-0.019277968,0.027747758,0.0034503154,-0.01463245,-0.0126883015,0.0011486672,0.010411773,0.04223201,-0.006233759,-0.006652467,-0.027199924,-0.015501991,0.017022464,0.004851315,0.028789967,-0.015420725,1.0031611,1.00488,0.9913265,0.98877484,0.9937537,0.9949366,0.9998598,0.9944183,1.0001612,1.0012637,1.0004663,0.98963064,0.9989132,1.0031133,0.994083,0.99884236,0.99447596,1.0001602,0.99542654,0.99443805
4.0,-0.02566532,-0.015531182,-0.007569547,0.019790491,0.0150693245,-0.017426167,-0.0029669367,0.010727789,0.010759287,-0.00077429786,-0.0035542883,-0.030984137,0.00398542,0.0029962212,0.017577067,0.011280246,-0.014718663,-0.00307348,-0.022002913,0.010288293,0.9914574,0.99246377,0.99820113,1.0022094,0.9974765,0.99847937,0.99824625,0.99844575,0.99577755,0.99482507,0.99084073,0.9970942,0.99462885,0.9924912,0.9969075,0.99563515,1.0025594,0.9957288,1.0004346,1.0007197
2.0,-0.0020835549,-0.00039427727,-0.0007435605,0.0014425181,0.0014745514,0.00028865784,-0.0010631941,0.0009978097,0.0013013408,-0.00044032186,0.0023405477,-0.0022480153,0.0011688471,-0.001350008,-0.00038390607,-4.670024e-05,-0.0018964186,0.00027650222,-0.0016489103,0.0001970448,0.99649024,0.99733675,0.99606794,0.99710995,0.996875,0.9968959,0.9994655,0.9965021,0.99822,0.9973272,0.995496,0.99418867,0.9966714,0.9973709,0.9957514,0.997437,0.99935675,0.9980444,0.9990319,0.9980145
3.0,0.031867485,0.020861555,0.008922292,-0.024411522,-0.01767061,0.02565661,0.0030005388,-0.013368081,-0.011607878,0.0010289922,0.009798396,0.038722694,-0.0054663867,-0.0063038543,-0.025136769,-0.014329731,0.015551228,0.00454494,0.02639664,-0.01421007,1.0026459,1.0042582,0.9917188,0.9894668,0.99404484,0.9950373,0.9998872,0.9944805,1.0000331,1.000958,1.0002294,0.9899606,0.9987675,1.0027452,0.99423814,0.99871975,0.99485236,1.0000792,0.9957566,0.9946921
1.0,0.011109665,0.008239932,0.0032600258,-0.009023566,-0.006292949,0.0101824775,0.000105179846,-0.004737925,-0.004104115,-0.00032172352,0.005538661,0.0139876455,-0.00046144426,-0.00396052,-0.010366648,-0.006469246,0.0052942373,0.0024210773,0.009684846,-0.00549216,0.9991365,0.99990916,0.9946922,0.99391866,0.9959643,0.99606067,1.0003121,0.995603,0.9996605,0.99870604,0.9977712,0.9926935,0.9978618,0.999791,0.99519306,0.9981835,0.99762464,0.99933183,0.9982715,0.99641454
3.0,0.013758831,0.00934229,0.0036165016,-0.010472059,-0.0073838388,0.012065593,0.0008570142,-0.005547069,-0.0045945644,0.0003322456,0.0058775544,0.016712647,-0.0020994395,-0.0033546165,-0.011892617,-0.0064957403,0.0061290376,0.001978282,0.011429884,-0.0065067764,0.99952525,1.0007566,0.99416345,0.99381286,0.99596786,0.99611336,0.9994201,0.99551624,0.9989654,0.9990822,0.99779737,0.9921111,0.99757594,1.0001373,0.99509746,0.9982627,0.9972292,0.998892,0.9974333,0.99661696
4.0,-0.020389818,-0.012233183,-0.00611684,0.015774604,0.0120727215,-0.013522588,-0.0025077723,0.008616616,0.008707464,-0.00066990964,-0.0022069477,-0.024638768,0.0032353327,0.0021776557,0.013588257,0.008850798,-0.011916101,-0.0024774112,-0.017457813,0.008055811,0.9926435,0.99363935,0.9977712,1.0011777,0.9975194,0.99817026,0.99840397,0.99802804,0.9962692,0.995414,0.99186814,0.99640536,0.9950487,0.9936603,0.9966509,0.9961342,1.001835,0.99618834,1.000088,1.0001848
4.0,0.022873342,0.015289221,0.0063503333,-0.017606415,-0.012674451,0.018749708,0.0018437244,-0.009568071,-0.008260187,0.00040531158,0.008014925,0.027886217,-0.003548041,-0.0050431862,-0.018659454,-0.010818932,0.011017952,0.0033741407,0.019191049,-0.010363175,1.0012435,1.0025209,0.9931174,0.99152166,0.9951455,0.99561244,0.999907,0.99507105,0.9998621,1.0000031,0.9990138,0.99113244,0.99833286,1.0015613,0.99465597,0.9987026,0.9960482,0.99962467,0.9967957,0.99552655
3.0,-0.012877092,-0.007398404,-0.003919405,0.009862693,0.007696069,-0.007877961,-0.0019322746,0.005497001,0.005634129,-0.00059661455,-0.0002980046,-0.01545405,0.002371721,0.0007689893,0.007840633,0.0051879734,-0.007804673,-0.0014109425,-0.010884546,0.004814068,0.9943148,0.995219,0.99714303,0.99954647,0.99739635,0.9976927,0.9988303,0.9974189,0.9971159,0.9962717,0.993378,0.9954973,0.9957196,0.9953061,0.9963342,0.9967512,1.000794,0.99696046,0.9996878,0.9993274
1.0,0.009366371,0.0063288063,0.002172904,-0.006874576,-0.004750407,0.008594289,0.00059647486,-0.0036000237,-0.0027091168,0.00030976906,0.0048465393,0.011185609,-0.0018984899,-0.002180107,-0.008464411,-0.004163429,0.003605131,0.0009804331,0.0076828822,-0.0045708055,0.9987718,1.0000749,0.9947014,0.9950008,0.99651176,0.99655557,0.99892455,0.9959398,0.9984219,0.9987137,0.9968571,0.9925876,0.997109,0.9994413,0.99534744,0.99819195,0.99778956,0.99830365,0.99760866,0.9972927
3.0,-0.009373143,-0.005304493,-0.0030241879,0.007321786,0.0057865,-0.005325865,-0.0015059002,0.0041249366,0.0043968484,-0.00042351894,0.00052634627,-0.011333432,0.0016217157,0.00041932613,0.0052981973,0.0038033873,-0.0060644113,-0.0011391789,-0.008008033,0.0033678387,0.99503064,0.9960294,0.99677384,0.99891883,0.9973648,0.9975281,0.9987517,0.9971848,0.9972589,0.99664086,0.9939194,0.99499995,0.9959085,0.9959798,0.99615335,0.9970351,1.0003269,0.997124,0.99932253,0.9990479
2.0,0.024588004,0.016268201,0.006804285,-0.018853884,-0.013581427,0.020145861,0.002090443,-0.010240067,-0.008832589,0.00065888464,0.0082926005,0.029900622,-0.0040094107,-0.0051680356,-0.019853625,-0.011305597,0.011807203,0.0035330541,0.02047024,-0.011114958,1.0014809,1.002874,0.99279183,0.9912123,0.99493074,0.99549204,0.9997754,0.99490327,0.99973464,1.000216,0.99929667,0.9908468,0.99834746,1.0017995,0.9946054,0.9986446,0.99581134,0.9996599,0.9965108,0.9954397
3.0,0.030185193,0.019703887,0.008344043,-0.023015887,-0.016649941,0.024284635,0.0029002242,-0.012602713,-0.0108808465,0.0009959489,0.009430189,0.036595177,-0.005407892,-0.005819559,-0.023820769,-0.013452008,0.014591906,0.0041203313,0.025002696,-0.013462786,1.0024278,1.004045,0.99198794,0.9899575,0.9943633,0.9952386,0.99968064,0.99465203,0.99986446,1.0008312,0.99988854,0.9901467,0.99859524,1.0025527,0.9943437,0.998786,0.99506366,0.9998436,0.9958337,0.994972
1.0,-0.033516034,-0.019407637,-0.009103122,0.02473649,0.01905908,-0.022982098,-0.0043259636,0.013378892,0.012841571,-0.0017692931,-0.0053630807,-0.039474588,0.0067986324,0.002477333,0.022914238,0.013063207,-0.017831333,-0.0026160628,-0.027782809,0.013420492,0.98992693,0.9902041,0.99916536,1.0028254,0.9969152,0.998621,0.9995292,0.9988462,0.9964007,0.99396926,0.989926,0.9986026,0.9946948,0.9908671,0.9972298,0.99489826,1.0035836,0.9959667,1.0017045,1.0008043
1.0,0.043445285,0.028409112,0.012502954,-0.033392463,-0.024263144,0.034744397,0.0042339973,-0.01842822,-0.016129319,0.0016132332,0.012111124,0.052935407,-0.0071386397,-0.008688077,-0.033724643,-0.019453172,0.021688852,0.006715361,0.03561923,-0.019173015,1.0041342,1.0060543,0.989773,0.9864375,0.992051,0.99395883,1.000462,0.9936005,1.0005637,1.0018839,1.0019872,0.98854905,0.99957114,1.0038749,0.9934571,0.9984098,0.9934188,1.0010386,0.99469507,0.9932133
1.0,0.025165875,0.016293302,0.0066825454,-0.018874072,-0.013575302,0.02044865,0.002454687,-0.0102522615,-0.008710213,0.0009576436,0.008266065,0.030285217,-0.004843369,-0.004677549,-0.02001664,-0.0109337345,0.011809934,0.0030990206,0.020700827,-0.01121904,1.0014596,1.0031377,0.9925849,0.9913576,0.99498534,0.99555725,0.9992227,0.9949287,0.9992515,1.0002635,0.9990603,0.99064225,0.99809474,1.0017204,0.9944788,0.9986416,0.9956881,0.9992914,0.99605095,0.9956053
1.0,0.0067484155,0.0051043257,0.0017257035,-0.005271055,-0.0035256348,0.0068306476,-6.971508e-05,-0.002679266,-0.002054397,-0.00011792779,0.0043869764,0.008374438,-0.0004720837,-0.0025890544,-0.0068687797,-0.0038250461,0.0026535653,0.0013042651,0.005737491,-0.0035464948,0.9982465,0.9992285,0.9950836,0.9952342,0.9964375,0.99644893,0.99957365,0.99594826,0.99879503,0.99829984,0.9968486,0.9930629,0.9972565,0.99898636,0.9953869,0.9979729,0.9981775,0.99861467,0.99824995,0.997174
1.0,-0.0021415353,-0.0015185848,-0.0015299581,0.002547361,0.0021341946,-0.00024363771,-0.00013507903,0.0014854223,0.0022675917,0.000402838,0.0020207018,-0.0032607168,-0.0011685491,0.000711225,0.0004793778,0.0020069033,-0.0030037016,-0.0013719909,-0.0024211481,0.00046067522,0.9964895,0.99807084,0.99584675,0.9980164,0.9974978,0.99750817,0.99769115,0.9969233,0.9968277,0.9975799,0.9945159,0.99378425,0.99586034,0.99732494,0.9959104,0.9976496,0.9993111,0.9968239,0.9980346,0.99897254
2.0,-0.018121392,-0.010802604,-0.0054781726,0.014028389,0.010773608,-0.011830982,-0.0023143105,0.0076956246,0.007811345,-0.0006255526,-0.0016346574,-0.021895375,0.0029247403,0.0018051192,0.011870362,0.0077955276,-0.0107021555,-0.0021987222,-0.015499376,0.007087148,0.9931475,0.99413484,0.9975788,1.0007168,0.99750936,0.99803436,0.99848664,0.9978475,0.9964876,0.99567014,0.9923118,0.99611586,0.99523234,0.99415684,0.9965489,0.9963322,1.0015227,0.99639326,0.99994314,0.99994826
2.0,0.029053062,0.019176506,0.008156983,-0.02233433,-0.016154766,0.023512335,0.0025878772,-0.012207082,-0.0106063895,0.000787057,0.009269025,0.035377398,-0.0047399327,-0.0060038045,-0.023153935,-0.013335746,0.014184672,0.0042631067,0.024170354,-0.013025234,1.0022285,1.003692,0.9921859,0.9900741,0.99438614,0.99519676,0.9999827,0.9946519,1.0000691,1.000642,0.9999143,0.9903448,0.9986798,1.0024025,0.99437255,0.9987342,0.9952412,1.0,0.99614966,0.9949158
4.0,-0.031061932,-0.01896903,-0.009095482,0.023972575,0.018176433,-0.021440744,-0.0033589266,0.012901451,0.012937497,-0.00081148744,-0.0049773864,-0.037534866,0.0045931116,0.0039583817,0.021725133,0.01391685,-0.017666996,-0.0037597306,-0.026748858,0.0125907045,0.99019283,0.99127877,0.9985814,1.0032998,0.9973847,0.99882305,0.9979672,0.99890155,0.9951554,0.99420685,0.9896958,0.99777263,0.9941406,0.9912287,0.99717176,0.99508643,1.0033096,0.9951669,1.0007044,1.0013154
1.0,0.017322436,0.010692578,0.003943315,-0.01226728,-0.008724967,0.014289733,0.0020595603,-0.0065959133,-0.0051764585,0.0011134036,0.0063707307,0.020245478,-0.004739918,-0.0022762194,-0.013811402,-0.006430082,0.0071555898,0.0010498799,0.013899855,-0.0077339243,1.000107,1.0020274,0.99349594,0.9937045,0.9961342,0.9963652,0.9980333,0.99560946,0.9979989,0.99964947,0.99741507,0.9913722,0.9971071,1.0005442,0.99492526,0.99852985,0.9966359,0.99808973,0.99617463,0.9969588
2.0,-0.013700254,-0.008033194,-0.004239193,0.010639692,0.008251646,-0.008526787,-0.0019159093,0.0059008915,0.006086394,-0.0005110372,-0.00054102764,-0.016562875,0.0022761077,0.0011094585,0.008543149,0.005788274,-0.008361846,-0.0016681738,-0.011717431,0.0052000117,0.99410284,0.99509627,0.99717236,0.9998226,0.9974541,0.99777275,0.9986141,0.99750173,0.99686867,0.99616706,0.99315053,0.99554485,0.9955693,0.99509627,0.99635446,0.99668646,1.0009148,0.9967691,0.9996334,0.99949914
1.0,-0.00599733,-0.003307037,-0.0021488983,0.0048173517,0.0038978122,-0.002916064,-0.0010661818,0.0027535493,0.0031664819,-0.00027890503,0.0013357699,-0.0073569007,0.00080706924,0.00014204532,0.0028749704,0.0024867281,-0.0044153966,-0.00093148276,-0.005164176,0.0019541837,0.99579227,0.9968632,0.9964507,0.9983033,0.9973807,0.9974546,0.99865603,0.9970353,0.9974315,0.99708986,0.99435997,0.9945455,0.9960879,0.99670243,0.996069,0.99735016,0.9998598,0.99726266,0.998986,0.99882054
3.0,-0.011419535,-0.0066051036,-0.0036081215,0.0089042485,0.006960015,-0.0068507753,-0.0016911998,0.0049709585,0.005206026,-0.00046213157,2.257526e-05,-0.013817217,0.0019108057,0.00076507777,0.006839499,0.0047564134,-0.007160265,-0.0014078617,-0.009766556,0.004240292,0.9945945,0.9955964,0.996965,0.9993566,0.9974202,0.99764997,0.9986715,0.99733865,0.99706566,0.99641645,0.9935449,0.99525374,0.99574304,0.9955625,0.99624604,0.99687916,1.0006055,0.99694484,0.9994615,0.9992683
2.0,0.035532158,0.023266979,0.009999389,-0.027159091,-0.019712167,0.028380588,0.0034525953,-0.014954837,-0.013001945,0.0011397377,0.010566872,0.043185312,-0.006121017,-0.006990686,-0.027815614,-0.015977062,0.017501611,0.0051505826,0.02933766,-0.015733548,1.0031811,1.0048938,0.99119025,0.9885258,0.99353266,0.9947676,1.0000284,0.9943036,1.0002756,1.0011979,1.0006825,0.9895485,0.99901927,1.0031033,0.99394345,0.99878037,0.9944206,1.0003021,0.9954219,0.994245
4.0,0.008345008,0.0059482343,0.0020677727,-0.0063469857,-0.0043389867,0.007923324,0.00025418773,-0.0032904893,-0.0025404207,4.2710453e-05,0.004712172,0.010169599,-0.0011285245,-0.0025219098,-0.007917084,-0.004232172,0.0033271797,0.0012455583,0.0070019513,-0.0041843606,0.9985737,0.9996804,0.9948821,0.9950083,0.9964426,0.9964706,0.9993465,0.9959233,0.9987132,0.9985283,0.9969168,0.99281555,0.9972484,0.9992709,0.99535006,0.99810416,0.99794817,0.9985381,0.99796194,0.99715316
2.0,0.0022478178,0.0019497722,0.0002269391,-0.0015355535,-0.00079028634,0.003334254,-0.00028629228,-0.00066258945,-5.907193e-05,-2.323836e-05,0.0032581687,0.0026656091,-0.00038477033,-0.001292631,-0.0033051148,-0.0012623072,-9.734184e-06,0.00023955852,0.0017820522,-0.0015708792,0.9973901,0.99851984,0.9955385,0.9964855,0.996902,0.9968894,0.9989554,0.99636847,0.99807644,0.9979228,0.99585557,0.9935103,0.9967067,0.9982017,0.9956518,0.9977907,0.99875075,0.9979478,0.99834216,0.99791265
4.0,-0.021480016,-0.012872845,-0.0063809836,0.016549762,0.0126609225,-0.014291581,-0.0026474223,0.009033897,0.009083908,-0.0007156059,-0.0024773255,-0.025907423,0.003487751,0.002262555,0.014376938,0.009276755,-0.01245014,-0.00253186,-0.018361613,0.008495394,0.99240416,0.99336916,0.9978673,1.0013566,0.9974891,0.99820966,0.9984412,0.99809426,0.9962206,0.99529773,0.9917126,0.9965651,0.9949895,0.99343663,0.9967112,0.9960163,1.0019801,0.9961482,1.0002034,1.0002637
3.0,0.011712633,0.0077329352,0.002816273,-0.008609038,-0.006013379,0.0104938485,0.00085747615,-0.0045130625,-0.0035348237,0.00055332296,0.0052887164,0.0139744915,-0.002336882,-0.002497226,-0.010172397,-0.0050107837,0.0047685653,0.0012790561,0.009493567,-0.0055806227,0.99908674,1.0005049,0.99429375,0.9945399,0.99624103,0.9963368,0.99887234,0.99568295,0.99837,0.99893445,0.9973003,0.9922244,0.9971879,0.9997624,0.995214,0.9981427,0.9974647,0.99843574,0.99729997,0.9970758
3.0,-0.0039831027,-0.0022176579,-0.0017596269,0.0035477616,0.0029328964,-0.001558546,-0.0006670207,0.0020408612,0.0026017837,-9.4849616e-05,0.0017596632,-0.0051105656,3.937632e-05,0.00018854439,0.001530923,0.001930967,-0.0035282634,-0.0009858757,-0.0036168173,0.0011985463,0.9961655,0.99740934,0.996207,0.99803376,0.9973985,0.99742293,0.998385,0.99695545,0.9973351,0.9972641,0.9944829,0.9942122,0.9960921,0.9969902,0.9959055,0.9975484,0.9995958,0.99715686,0.9986063,0.99875796
1.0,-0.012959309,-0.007264212,-0.0038025891,0.009727966,0.0076259263,-0.0077849776,-0.0021091811,0.005452155,0.0054931007,-0.0006796848,-0.0002967082,-0.015378367,0.0027752295,0.00044428557,0.0077661425,0.0049323216,-0.0076623745,-0.0011185408,-0.01085379,0.004761982,0.9943142,0.995091,0.9971727,0.99941736,0.99728364,0.99759066,0.99910516,0.9973389,0.99731493,0.9962564,0.9936061,0.9955722,0.9958294,0.99533635,0.9963511,0.99668777,1.0008069,0.9971628,0.9998617,0.9992179
4.0,-0.02673453,-0.01625605,-0.007896201,0.02066338,0.015707137,-0.018207539,-0.0030211583,0.011184236,0.011231735,-0.0007276125,-0.003854841,-0.032320257,0.0040399805,0.0032555908,0.018422127,0.011893146,-0.015345566,-0.0032564588,-0.022998072,0.010743421,0.9911886,0.9922469,0.998251,1.0024661,0.9974671,0.99854976,0.9981224,0.9985327,0.9955822,0.9947008,0.99061126,0.9972045,0.99449533,0.9922346,0.9969625,0.9955109,1.0027081,0.9955801,1.0004523,1.0008721
2.0,0.02112826,0.013892818,0.0056534815,-0.016022492,-0.011494851,0.017436352,0.0018472858,-0.008668687,-0.007351611,0.0006392542,0.0074956603,0.02554876,-0.0037908405,-0.0042603016,-0.017179396,-0.0094962455,0.0098458305,0.002745375,0.017550953,-0.00959391,1.0009139,1.0023448,0.993245,0.99218005,0.9954281,0.9958208,0.9993937,0.9951901,0.99932134,0.99992776,0.9986352,0.9912115,0.99798506,1.0013077,0.99479496,0.99861884,0.99623597,0.999221,0.9966566,0.99596536
3.0,-0.00412295,-0.0020153746,-0.0015609721,0.0033459887,0.0028431127,-0.0013918467,-0.0009920597,0.0019973498,0.0024000406,-0.00025714934,0.0017681085,-0.005013969,0.00081419945,-0.00041610748,0.0013802499,0.0014641583,-0.0033045225,-0.0004802756,-0.003606476,0.0011598154,0.9960501,0.99710697,0.9962024,0.99782646,0.99714386,0.9971784,0.9988808,0.99676335,0.99762845,0.99715984,0.99484706,0.9943156,0.9962827,0.9969438,0.9958608,0.9973553,0.99962,0.9975319,0.9988864,0.998484
3.0,-0.020708703,-0.012544103,-0.006268305,0.016112773,0.012298087,-0.013778802,-0.002457101,0.0087874215,0.008922938,-0.0005774535,-0.0023188293,-0.025116663,0.0030754134,0.002421543,0.01390098,0.0092068985,-0.0121987425,-0.0026603602,-0.017825402,0.008199865,0.9925596,0.993633,0.9977611,1.0013325,0.99756616,0.99823695,0.99822336,0.99808544,0.9960934,0.9954006,0.9917363,0.9964,0.99494207,0.9935911,0.99669325,0.9961029,1.0018767,0.9960546,1.0000229,1.0003088
3.0,-0.009505011,-0.005106382,-0.00280035,0.007066477,0.005655663,-0.005027976,-0.0018407479,0.0040705325,0.0041551627,-0.0004722327,0.00048518926,-0.011199798,0.002353698,-0.00015827268,0.005146548,0.0034380555,-0.005837504,-0.00060968474,-0.008015625,0.0032371443,0.9949468,0.9957691,0.9967391,0.9987169,0.9970902,0.9972901,0.99919873,0.99697226,0.99749756,0.99661314,0.9943913,0.9950929,0.9960528,0.9960099,0.996196,0.9967981,1.000329,0.9974884,0.9995937,0.9988559
2.0,-0.0007528141,1.3627112e-05,-0.0006598998,0.00081845373,0.0009460654,0.0010711215,-0.00055951625,0.00061062723,0.0011473447,-8.175336e-05,0.0025445558,-0.0010069758,2.0310283e-05,-0.00073679537,-0.0010454208,0.00015220791,-0.0016307347,-0.00021222606,-0.00078513473,-0.00028077955,0.9967918,0.997923,0.9958576,0.9971784,0.99708486,0.99708295,0.9988055,0.99659127,0.99779415,0.9976021,0.9953253,0.9938667,0.99646014,0.99764353,0.9957848,0.99762464,0.99915606,0.9976749,0.9985468,0.9982583
2.0,0.018072799,0.012175132,0.0048948396,-0.013843752,-0.009894412,0.015108073,0.0013459325,-0.0074693915,-0.0063451417,0.00027045794,0.0069445,0.022000007,-0.0028240755,-0.0041377917,-0.015089169,-0.008618247,0.008459654,0.0025912784,0.015188232,-0.0082994765,1.000411,1.0016351,0.99374783,0.99271554,0.9956729,0.99593776,0.99967325,0.9953774,0.9994888,0.9995249,0.99828434,0.9916846,0.9979647,1.0008453,0.994884,0.9985862,0.99667174,0.9992241,0.99716365,0.9960942
3.0,-0.010663502,-0.005923696,-0.003283226,0.00818092,0.0064633274,-0.006209027,-0.0017723292,0.0046044355,0.004767228,-0.00058893487,0.00024788827,-0.012740139,0.0022011101,0.00027395785,0.0061326027,0.004053645,-0.006550979,-0.0010193177,-0.009013154,0.0038992616,0.9947323,0.99561936,0.9969275,0.9990386,0.9972746,0.99747676,0.9990003,0.9971892,0.99736124,0.9964123,0.9938536,0.99522614,0.9959385,0.99567443,0.9961296,0.9969033,1.0005172,0.99719936,0.9995529,0.9990165
2.0,-0.0015083775,-0.00026744604,-0.0007508956,0.0012226738,0.0012726942,0.00054584816,-0.0007861629,0.000841327,0.0012753159,-0.0002872385,0.0024368465,-0.0017591044,0.00053451955,-0.0009734109,-0.000624083,0.00010830909,-0.0018332042,-4.047528e-05,-0.0012718439,1.999014e-05,0.99664694,0.99764174,0.9959968,0.9971761,0.99702936,0.9970357,0.9991023,0.9965947,0.9980057,0.9974653,0.9953207,0.9940434,0.99655414,0.9974953,0.995774,0.99757034,0.9992677,0.9978174,0.9987825,0.99816096
3.0,-0.031795233,-0.019436367,-0.00931636,0.02456107,0.018614827,-0.022020087,-0.0033922084,0.013199439,0.013245966,-0.0008284692,-0.0051678605,-0.038431447,0.0046469048,0.004103638,0.022298947,0.014276132,-0.018070538,-0.0038711317,-0.027391933,0.012924173,0.99002254,0.99112535,0.9986434,1.0034481,0.9973751,0.9988782,0.9979216,0.99896777,0.9950719,0.99410915,0.98950434,0.9978624,0.99407804,0.9910381,0.99719006,0.99503064,1.0034175,0.99506927,1.0007237,1.001396
4.0,-0.025686897,-0.015528835,-0.007571229,0.01979931,0.015079869,-0.017454736,-0.002972778,0.010730182,0.010757297,-0.0007959232,-0.0035524108,-0.030998845,0.0040058866,0.0029781535,0.01758685,0.011258535,-0.014714703,-0.0030638091,-0.022003192,0.010303464,0.9914593,0.992455,0.9982154,1.0022008,0.9974758,0.99847984,0.9982678,0.9984472,0.99580073,0.99481744,0.9908321,0.9971041,0.9946411,0.99248374,0.9969003,0.9956448,1.0025642,0.9957346,1.0004442,1.0007097
3.0,-0.018578231,-0.011052676,-0.0055850605,0.014338555,0.011010878,-0.012191359,-0.0023753121,0.007856334,0.007952943,-0.0006892923,-0.0017265603,-0.022415008,0.003046587,0.0018212199,0.012194216,0.007922195,-0.01090949,-0.0022176467,-0.015838131,0.0072833244,0.99307,0.99402356,0.9976471,1.000775,0.9975158,0.9980649,0.9985332,0.9978927,0.99651617,0.99562407,0.99222213,0.9961974,0.99523103,0.99407136,0.99657077,0.99631554,1.0015854,0.99638754,1.0000107,0.9999659
3.0,-0.026582725,-0.016189694,-0.007879497,0.020594679,0.015649354,-0.018086806,-0.0029871352,0.011149472,0.011213537,-0.0006824322,-0.00383313,-0.032167796,0.003970772,0.003281735,0.018326007,0.011891276,-0.015293501,-0.0032698773,-0.022919744,0.010685721,0.9912003,0.9922898,0.9982154,1.0024658,0.99746615,0.9985344,0.9980744,0.9985121,0.99553645,0.99470115,0.99064,0.99716413,0.99448,0.9922463,0.9969401,0.99551266,1.0026914,0.9955607,1.0004077,1.0008795
1.0,0.041179217,0.026796605,0.011595616,-0.03138349,-0.022818157,0.032501075,0.0042735077,-0.017392052,-0.015121754,0.0013732072,0.011730462,0.049974516,-0.007486023,-0.0077835917,-0.031841725,-0.018284183,0.020365436,0.0058086105,0.03395894,-0.018063502,1.0040352,1.0059804,0.99033034,0.98712903,0.99281484,0.99448144,1.0000501,0.9941316,1.0004759,1.0017649,1.0011278,0.988919,0.99929297,1.0036954,0.993594,0.9988358,0.9936535,1.000522,0.99478364,0.99366087
3.0,-0.0132128745,-0.007900067,-0.0041754683,0.010399479,0.008047165,-0.008032918,-0.0017954297,0.005796792,0.0060360692,-0.00023862161,-0.0005290136,-0.016104054,0.0019617304,0.0012828261,0.008264974,0.0059521347,-0.008269358,-0.0017589368,-0.011526354,0.004953495,0.9941169,0.99525493,0.9969896,0.99987304,0.99742603,0.9977366,0.9983564,0.9974216,0.9965932,0.99624413,0.99327874,0.9953817,0.9954453,0.9951807,0.99637693,0.9966007,1.0008341,0.99667645,0.99944717,0.99959403
4.0,-0.024049655,-0.014539011,-0.0071245832,0.01856123,0.014146585,-0.016199369,-0.0028282441,0.010088345,0.010135159,-0.00070755184,-0.0031522512,-0.029049505,0.0037409887,0.002767548,0.016358562,0.010578208,-0.01387576,-0.0029002652,-0.020631358,0.009586403,0.9918176,0.99283206,0.99805534,1.0019102,0.9974929,0.99838334,0.998269,0.9983125,0.99589735,0.99501944,0.9911796,0.99687356,0.9947387,0.9928657,0.9968482,0.99577063,1.0023323,0.99586487,1.0003235,1.0005759
4.0,0.016641587,0.011199091,0.004458393,-0.012716122,-0.009051416,0.0141172,0.001193136,-0.006817611,-0.0057452023,0.0003290791,0.00657589,0.02022551,-0.0026205927,-0.0038312972,-0.01401373,-0.007854059,0.00765457,0.0023547672,0.013923071,-0.0077093914,1.0001123,1.001354,0.9938669,0.9931079,0.9957786,0.9960007,0.9995455,0.9954133,0.99926317,0.9994026,0.99812645,0.9918079,0.99781287,1.0006236,0.9949739,0.99845946,0.99684787,0.9990999,0.99722695,0.9962914
1.0,0.02531673,0.016441993,0.006754032,-0.019089434,-0.013764458,0.02035713,0.0025081486,-0.010431223,-0.008875884,0.0007801689,0.0084127635,0.03051868,-0.0049614534,-0.004673414,-0.020119533,-0.011149533,0.011924118,0.0030553453,0.021048576,-0.011287885,1.001693,1.0032879,0.9927282,0.99125,0.9951429,0.9957196,0.9992988,0.9951076,0.9994958,1.0003963,0.99890906,0.990731,0.9981725,1.0018933,0.994576,0.998864,0.995657,0.99930036,0.99615276,0.99561495
1.0,-0.0075220987,-0.004233852,-0.0025598286,0.005974874,0.0047659557,-0.003977541,-0.0012447983,0.003391265,0.003743831,-0.0002883114,0.00094649196,-0.00916994,0.00111527,0.00031726807,0.0039864555,0.0031599402,-0.0051820837,-0.0010534525,-0.006488189,0.0025805833,0.99544066,0.99650806,0.9965803,0.99860764,0.99737245,0.99748933,0.9986441,0.9970921,0.9972964,0.9968901,0.9941723,0.9947308,0.9959749,0.9963762,0.9961154,0.997194,1.0000689,0.9971633,0.9991037,0.9989609
2.0,0.004006535,0.0034248978,0.0009866534,-0.0032393225,-0.002009965,0.004790671,-0.00041726977,-0.0015599858,-0.0010556951,-0.00027650036,0.0037865303,0.0051045045,0.00012689084,-0.0022704452,-0.004889235,-0.002745971,0.00127263,0.0010220446,0.0035044923,-0.002386947,0.99772227,0.9986236,0.99541485,0.99578923,0.99658984,0.9965839,0.9996118,0.99612147,0.99869055,0.9980095,0.99644357,0.99343306,0.9971128,0.99851495,0.99550945,0.9978219,0.9985381,0.9984931,0.9985458,0.9973954
4.0,0.0177463,0.011911683,0.0047867512,-0.013567917,-0.00967798,0.014965177,0.001305677,-0.0072868336,-0.0061749183,0.0003706012,0.0068158805,0.021573868,-0.0027819276,-0.0040405244,-0.0148362145,-0.008351758,0.008243088,0.0025351606,0.014829412,-0.008179964,1.0002902,1.001551,0.9937146,0.9928421,0.9956525,0.9959127,0.99959236,0.9953275,0.9993336,0.99949855,0.99830675,0.9916724,0.99789244,1.0007769,0.9949072,0.9984776,0.99670506,0.9991892,0.99713176,0.9961579
1.0,0.0040856227,0.0030346625,0.0007411456,-0.0028630532,-0.0017506485,0.005037941,-0.00014368445,-0.0013105795,-0.0006636381,0.0003335923,0.0035241507,0.004844088,-0.0006135255,-0.0015840381,-0.004671946,-0.0018147454,0.0008974634,0.0005694516,0.003032297,-0.0024181705,0.99753094,0.99879396,0.9951111,0.99617374,0.99658495,0.9965901,0.99887985,0.99601763,0.9978878,0.9980407,0.99643403,0.99315697,0.99672216,0.9984195,0.9955214,0.9976051,0.998506,0.9980839,0.99806345,0.99775535
2.0,-0.0039951056,-0.0017537251,-0.0013952842,0.0030496344,0.002639376,-0.0012380481,-0.0011136942,0.0018424671,0.002170775,-0.00039204396,0.0018565096,-0.0046927743,0.0011178106,-0.0007327348,0.0011643395,0.0010921806,-0.0030629598,-0.00021905825,-0.0033436567,0.0010429306,0.996141,0.9970639,0.9962632,0.99764925,0.99708164,0.99712354,0.9991582,0.99672526,0.997896,0.9971828,0.9950121,0.99437875,0.9964248,0.9970351,0.99588317,0.9973795,0.99960846,0.9977207,0.9990518,0.9983606
2.0,0.020202547,0.013621341,0.005611762,-0.015609615,-0.011190122,0.016832622,0.0014739521,-0.008428376,-0.007262554,0.00031951442,0.007423751,0.024682097,-0.0029297099,-0.004698202,-0.016745862,-0.009705484,0.00966049,0.0030866042,0.01697629,-0.00925871,1.0007533,1.0019553,0.99344856,0.9921345,0.99535996,0.9957182,0.99990106,0.9951656,0.9997121,0.99972534,0.9987456,0.99144375,0.9981779,1.0011748,0.99479234,0.99856657,0.9963988,0.99951285,0.9970709,0.995779
1.0,0.006968662,0.005008824,0.0016287295,-0.005223904,-0.0035127294,0.0069028623,0.00015664846,-0.0026731864,-0.0019467026,8.302741e-05,0.00435983,0.008447096,-0.0010314733,-0.0021781847,-0.006851092,-0.0034744032,0.0025396459,0.00097443536,0.0057813004,-0.0035981617,0.9983016,0.9994418,0.9950145,0.9953804,0.9965582,0.99657196,0.999191,0.996015,0.9985036,0.9983991,0.9966811,0.99294895,0.9970921,0.999033,0.9954258,0.99802625,0.998128,0.99836487,0.9980069,0.99736506
1.0,-0.035055496,-0.020876303,-0.00978599,0.02632919,0.020113833,-0.024205975,-0.004127536,0.014180268,0.013881847,-0.0013787355,-0.0058890656,-0.041766096,0.00617221,0.003548652,0.024390206,0.014680535,-0.019185476,-0.0034128763,-0.029580526,0.014129017,0.98942846,0.99007195,0.99907625,1.0035326,0.9970439,0.9988902,0.99874765,0.9991172,0.9955809,0.993834,0.9892735,0.99859226,0.99421555,0.990456,0.99740803,0.99465895,1.0038056,0.9953938,1.0014389,1.001298
3.0,-0.031739086,-0.019449338,-0.009315317,0.024542317,0.01858581,-0.02195999,-0.0033698715,0.013191329,0.013254046,-0.00077633,-0.005168222,-0.03840023,0.004576564,0.0041648,0.022278547,0.014338665,-0.018088814,-0.0039110295,-0.027388796,0.012887637,0.99002385,0.9911564,0.9986117,1.0034748,0.9973888,0.99888796,0.99785763,0.9989753,0.99501354,0.99413234,0.98951066,0.9978373,0.99404484,0.9910622,0.9972134,0.995016,1.0034053,0.99504656,1.0006987,1.0014269
4.0,0.032293968,0.021239359,0.009098111,-0.02480419,-0.01798461,0.025881402,0.0030148104,-0.013626089,-0.01185387,0.0008850023,0.009972099,0.039304815,-0.0054228157,-0.006504588,-0.025496628,-0.014733385,0.015857842,0.004691679,0.026852325,-0.014382735,1.0027809,1.0043277,0.99174637,0.9892722,0.99402666,0.9950359,1.0000527,0.994532,1.000267,1.0009725,1.0002503,0.9899854,0.99888486,1.0028232,0.9942041,0.99882865,0.9948197,1.0001769,0.9958424,0.9945735
1.0,0.0071044937,0.004821632,0.0015088646,-0.005034782,-0.0033553415,0.007183194,0.00027690455,-0.0025094803,-0.0017108656,0.00045397878,0.0042032413,0.008378416,-0.0013387352,-0.0018856674,-0.0068231896,-0.0030013844,0.002370216,0.00077788904,0.005510427,-0.003611951,0.9980619,0.99944156,0.9947334,0.99559,0.99644285,0.9964532,0.9988028,0.9958508,0.99796814,0.9983381,0.99674004,0.9927482,0.99686605,0.99887115,0.9953264,0.9977748,0.99809164,0.9981861,0.99769104,0.9974703
1.0,0.00790479,0.00562853,0.001947864,-0.005978763,-0.0040502916,0.0078195445,0.00016378611,-0.0030372404,-0.0023177378,0.0002197437,0.0045095906,0.009620018,-0.0009842142,-0.0024653822,-0.007603027,-0.0038807988,0.0030672066,0.0012591146,0.0064559057,-0.0040510045,0.9983606,0.99952334,0.9947976,0.9951612,0.99633706,0.9963729,0.99926996,0.9958017,0.99848723,0.9984453,0.9970458,0.992791,0.99715126,0.99914163,0.995356,0.9978958,0.99800664,0.99852055,0.9979298,0.99722075
3.0,-0.004859157,-0.0022795275,-0.001660238,0.0037078783,0.0031189863,-0.0020437576,-0.0011561736,0.002163561,0.0024859346,-0.0005330462,0.0017129593,-0.0057350583,0.0011785403,-0.0005613044,0.0018268228,0.0013986453,-0.0035078004,-0.00039443746,-0.0039653257,0.0014547978,0.99605376,0.996937,0.996445,0.9978075,0.9972128,0.997263,0.9991557,0.996887,0.9979415,0.9971134,0.9947193,0.9945289,0.9964001,0.99689937,0.9959266,0.9974554,0.9997287,0.9976233,0.99914426,0.99845004
2.0,0.042586654,0.027608212,0.011977357,-0.032456245,-0.02360332,0.033532437,0.0045287944,-0.018017372,-0.015636075,0.001512656,0.011993907,0.05164697,-0.007984951,-0.007823661,-0.032785684,-0.018708512,0.020997275,0.0058790147,0.03511504,-0.01868267,1.0043415,1.0063457,0.990125,0.9868337,0.99270225,0.9944931,0.9999443,0.9941106,1.0004492,1.002045,1.0012296,0.9887405,0.9993262,1.0039576,0.99363035,0.99888104,0.9934509,1.0005282,0.99458075,0.9936324
2.0,0.06511045,0.041972004,0.018711127,-0.04954386,-0.036138587,0.05066387,0.0077499934,-0.028021472,-0.024255645,0.002941873,0.016195029,0.07904854,-0.013190463,-0.011433288,-0.048877448,-0.02771243,0.032486822,0.009241134,0.052985094,-0.028290585,1.007342,1.0103195,0.9861871,0.9808904,0.9887598,0.9930169,1.0002306,0.9932652,1.0009449,1.0043133,1.003396,0.9861995,1.0004203,1.005817,0.992276,0.9983108,0.9905802,1.001568,0.9920486,0.9913628
3.0,-0.07421817,-0.04590199,-0.02066958,0.056673735,0.042770505,-0.053271636,-0.0058696903,0.029255899,0.030197492,-0.0008934662,-0.017362818,-0.08923395,0.008855589,0.011159427,0.05549214,0.035252266,-0.041174553,-0.0081311315,-0.06519027,0.030792851,0.97914857,0.9810672,1.0005463,1.0108348,0.9937462,1.0017744,0.995862,1.0027573,0.9898962,0.9890124,0.9792794,1.0036249,0.990097,0.9797269,0.9997463,0.9893457,1.0093951,0.9901844,1.0021493,1.0058287
3.0,0.0015944019,0.0016143695,6.4470805e-05,-0.0010711066,-0.0004401696,0.0027569234,-0.00038786605,-0.00042451173,0.00014561787,-0.00018986315,0.0031695329,0.0019178689,-0.00015295297,-0.0013127625,-0.0028631464,-0.0011719987,-0.00027964637,0.00021698698,0.0013284385,-0.0012505723,0.99728006,0.9983444,0.99566907,0.9965577,0.9969471,0.99692225,0.99907196,0.99644345,0.99818087,0.99781036,0.9957026,0.99364257,0.996738,0.99805796,0.99562764,0.9978137,0.99884903,0.9979616,0.99846935,0.9978886
1.0,-0.008905172,-0.004757598,-0.002756185,0.006738698,0.0053808587,-0.0050445385,-0.00160335,0.003795403,0.0039924644,-0.0007017255,0.0007619448,-0.01056293,0.0019401833,-3.8050115e-05,0.0048033,0.003092803,-0.0055761486,-0.0008077137,-0.007339306,0.0031596248,0.9952416,0.9960468,0.996882,0.99860585,0.99733055,0.99747735,0.99914986,0.9971682,0.99771154,0.9966756,0.99406433,0.9950708,0.99615324,0.9961265,0.9961121,0.9971815,1.0002792,0.99737436,0.99951714,0.9988198
2.0,9.9390745e-06,0.0006670281,-0.00030571688,2.7827919e-05,0.00038159592,0.00172548,-0.0006383583,0.00019977614,0.00067738444,-0.00019710697,0.0027806088,7.748231e-05,0.00027418882,-0.0011836961,-0.001746878,-0.0005162433,-0.0010599568,0.00015009195,-9.760261e-07,-0.00066237315,0.99696714,0.99797434,0.99581826,0.99686307,0.99695975,0.99695987,0.9991172,0.9964851,0.99809176,0.9976793,0.99561113,0.99384385,0.9966485,0.99782825,0.9957643,0.9976403,0.99905515,0.99794006,0.99866456,0.9980378
2.0,0.004488975,0.003418818,0.00090801157,-0.0033123232,-0.0020997846,0.005048964,-9.592995e-05,-0.001625238,-0.00097613037,2.1925196e-05,0.0037851334,0.005429283,-0.000650242,-0.0017454326,-0.005004786,-0.0023398325,0.0012191944,0.000617601,0.0036944002,-0.002546556,0.99782896,0.99895006,0.99529403,0.9959486,0.996733,0.9967292,0.99909467,0.99618953,0.99830043,0.9981538,0.9962778,0.9932486,0.99690104,0.9986106,0.9955526,0.99789745,0.9984534,0.9981686,0.99820197,0.99764377
4.0,-0.010706566,-0.0060840473,-0.003355789,0.008284785,0.0065140775,-0.0062658004,-0.0016890056,0.004652178,0.0048638806,-0.00048338622,0.00020720437,-0.012889493,0.0019588545,0.00051441044,0.006249957,0.0043105334,-0.006708298,-0.0012040399,-0.009116851,0.0039118715,0.9947413,0.9956995,0.9969033,0.9991496,0.99735314,0.9975615,0.99880457,0.9972484,0.9972063,0.9964818,0.99375725,0.99518746,0.99584347,0.99571174,0.99620664,0.9969069,1.0005084,0.99708354,0.9994704,0.99913853
1.0,0.000394769,0.0008984916,-0.00023018382,-0.00020832196,0.0002084882,0.0019721948,-0.0005660169,6.613508e-05,0.00056533143,-0.0001890324,0.0028664172,0.0005171932,0.00015512109,-0.0012148619,-0.0020150095,-0.00066614896,-0.00086448714,0.00016051903,0.00030347705,-0.00079010124,0.99701875,0.9980583,0.99577504,0.9967919,0.996942,0.996936,0.99909526,0.9964631,0.99809533,0.9976774,0.9956222,0.9937885,0.9966611,0.99784595,0.99569607,0.9976768,0.9990077,0.9979242,0.9985939,0.9979958
1.0,-0.029906519,-0.017750114,-0.008523899,0.022619804,0.017302621,-0.020748869,-0.0035418235,0.012188416,0.012021136,-0.0014105551,-0.0044543035,-0.035717975,0.0052058846,0.0029778704,0.020564176,0.012331687,-0.016545735,-0.0031143017,-0.0251071,0.012135967,0.99067473,0.9913436,0.9988097,1.0026382,0.9973522,0.99870116,0.9987911,0.9987953,0.9960903,0.99433976,0.98999476,0.9978753,0.9946604,0.9915728,0.99704045,0.99541235,1.0031453,0.9956945,1.0010262,1.0008003
2.0,-0.01487352,-0.008777574,-0.0045818174,0.011557702,0.008932384,-0.0094289705,-0.002007857,0.0063834107,0.006557606,-0.00054719485,-0.0008264631,-0.017990801,0.0024210736,0.0013170466,0.009435266,0.0063304305,-0.0089923255,-0.0018333793,-0.012721501,0.0057139928,0.99385387,0.9948513,0.9972876,1.0000694,0.9974864,0.9978525,0.998565,0.9976034,0.9967637,0.99603105,0.9929036,0.9956939,0.9954772,0.99484265,0.9963978,0.99661005,1.0010781,0.9966535,0.9997057,0.9996237
3.0,-0.014121361,-0.008388653,-0.0044506965,0.011083562,0.008559566,-0.008994147,-0.0018369332,0.0061050775,0.0063467287,-0.00051651336,-0.0006353222,-0.017167587,0.0020827204,0.0013844967,0.008946732,0.0061177015,-0.008680984,-0.0019112639,-0.012100734,0.0054476243,0.99404365,0.9950946,0.9972396,0.9999809,0.9975644,0.99789244,0.9984497,0.99761975,0.99676144,0.99612564,0.9928861,0.9955758,0.99548924,0.9949901,0.9963596,0.99674857,1.0009794,0.9965969,0.9995735,0.9996169
3.0,0.010806344,0.0074327365,0.0027029095,-0.00812893,-0.0056651873,0.009703845,0.00061214715,-0.0042858385,-0.003409624,0.00018285401,0.0052424334,0.01307847,-0.0017637089,-0.0027538016,-0.0096611455,-0.0051612817,0.00454323,0.0014405549,0.00900279,-0.00519759,0.9990349,1.0002403,0.99458116,0.9945177,0.99630946,0.9963756,0.9992659,0.9958011,0.9987787,0.9987829,0.9971965,0.9924861,0.9973542,0.99965715,0.9952216,0.9982522,0.9976213,0.99859464,0.9976563,0.99696845
2.0,-0.014457397,-0.008558653,-0.00449806,0.011307146,0.008739739,-0.00909755,-0.0019425936,0.0062529454,0.0064549707,-0.00047017634,-0.00075507537,-0.01753265,0.0022960752,0.0013177693,0.009149753,0.0062425435,-0.008814301,-0.0018222854,-0.012448065,0.0055450452,0.9939048,0.9949481,0.99721044,1.0000291,0.9974689,0.997813,0.99850124,0.9975508,0.99670696,0.9960519,0.99298865,0.99560875,0.99546826,0.9948957,0.9963567,0.9966161,1.0010276,0.9966443,0.9996235,0.9996117
4.0,-0.030523203,-0.0186335,-0.008942994,0.023554415,0.017863682,-0.021033198,-0.0033191554,0.012685947,0.012720104,-0.0007986743,-0.0048373863,-0.03688478,0.0045238286,0.0038712323,0.021312594,0.0136672035,-0.017379105,-0.003698524,-0.026278213,0.012355828,0.99031943,0.9914014,0.9985408,1.0031968,0.9973978,0.998791,0.997986,0.99885637,0.9952088,0.994275,0.9898126,0.9977021,0.99418306,0.9913616,0.9971534,0.9951373,1.003232,0.99522007,1.0006758,1.0012623
4.0,0.044726193,0.029174086,0.012768672,-0.034295965,-0.02499957,0.03514335,0.0046745725,-0.019107835,-0.016645182,0.0014151167,0.012536902,0.054410625,-0.00807067,-0.00848528,-0.034464955,-0.01997133,0.022261877,0.0064584166,0.036979258,-0.01964793,1.0047323,1.0066673,0.98987997,0.9861145,0.9923437,0.99433154,1.0003085,0.9940458,1.0008664,1.0022285,1.0015603,0.9885954,0.99961525,1.0042493,0.993542,0.99893385,0.99321806,1.0008469,0.99460864,0.99327314
1.0,0.020386413,0.013629898,0.0056217243,-0.015711777,-0.011253297,0.017027259,0.0015407242,-0.008461168,-0.0072734877,0.00045491196,0.0074074864,0.02484442,-0.0031137615,-0.00457827,-0.016827714,-0.009582613,0.009664383,0.003004171,0.017065838,-0.009351026,1.0007595,1.0020291,0.99335957,0.99216926,0.9953471,0.9957233,0.99975777,0.99513006,0.9995509,0.9998088,0.9987607,0.991369,0.9981064,1.0012177,0.99483013,0.99850506,0.9963447,0.9994561,0.9969558,0.9958411
1.0,0.033681452,0.023197915,0.010341123,-0.026860256,-0.019540813,0.027620636,0.0021324866,-0.014689079,-0.013246335,0.00019312091,0.010604642,0.04186415,-0.0029531494,-0.008953668,-0.027451605,-0.017322179,0.017600674,0.006783545,0.028283231,-0.015230916,1.0026833,1.0036397,0.9915423,0.98802835,0.99295443,0.99411297,1.0019541,0.9939205,1.0016499,1.000538,1.0015875,0.9900957,0.99980795,1.002795,0.99384767,0.99839634,0.9948292,1.0015944,0.99681383,0.99336845
1.0,-0.007648252,-0.0042869225,-0.0026192414,0.006093528,0.0048555713,-0.0042317174,-0.0012297519,0.003426671,0.0037934557,-0.00042756088,0.000976976,-0.009327438,0.0011218414,0.00032390654,0.0040859208,0.0030961335,-0.0052266903,-0.0011075959,-0.006509058,0.0027095808,0.9954501,0.99648726,0.99666256,0.9986038,0.9974359,0.9975402,0.99869066,0.99716794,0.9973933,0.99684584,0.99401313,0.9947833,0.9960156,0.99632066,0.9960657,0.99728864,1.000097,0.9971446,0.99913305,0.99892455
1.0,0.028220214,0.020113286,0.009058973,-0.023277339,-0.016941579,0.02340762,0.001226563,-0.012712097,-0.011675041,-0.00051315874,0.009735882,0.035630375,-0.001373753,-0.008570261,-0.023706984,-0.015755229,0.015110921,0.006391607,0.024406813,-0.013099876,1.0022517,1.0026802,0.9926727,0.98898494,0.99374914,0.99461854,1.0024463,0.9943999,1.0021861,1.0002472,1.0009973,0.99101377,0.99981916,1.0025173,0.9944459,0.9986403,0.9955398,1.0016232,0.99787027,0.9938289
1.0,0.021787167,0.014119856,0.0055691814,-0.016249016,-0.011720037,0.01721843,0.0023341924,-0.008951008,-0.007475175,0.00044281222,0.0077778287,0.026125863,-0.0048764795,-0.0037332997,-0.017378218,-0.009572174,0.010008737,0.0021542385,0.018367864,-0.009674961,1.0013659,1.0028992,0.9934338,0.99211836,0.9958952,0.9962801,0.9990219,0.9956914,0.9994399,1.0001569,0.99792314,0.9912649,0.9979061,1.0014976,0.994794,0.9991935,0.996094,0.99881065,0.99644524,0.9961492
3.0,0.018520012,0.012472924,0.0050507234,-0.014186382,-0.0101318285,0.015630374,0.0013417378,-0.007620167,-0.006502617,0.00041119196,0.0069679506,0.022564728,-0.0027833953,-0.0042906553,-0.015451491,-0.008754931,0.008713968,0.002769094,0.015432313,-0.008534694,1.0003841,1.001646,0.99359727,0.9926222,0.99549466,0.99579227,0.99968994,0.99521494,0.9994125,0.9995112,0.9985294,0.9915766,0.9979711,1.0008545,0.9948311,0.99845505,0.9966248,0.9992895,0.9970913,0.996035
3.0,-0.01114884,-0.0060195774,-0.003259671,0.008275891,0.006564176,-0.006587468,-0.001977276,0.004654077,0.0047106966,-0.00086016767,0.00024203211,-0.013126802,0.0026607364,-1.4059246e-05,0.0063512474,0.0038159192,-0.0066018365,-0.0008248575,-0.009142958,0.0040632393,0.9947381,0.9954301,0.997098,0.9989397,0.9972628,0.9974928,0.99935234,0.9972434,0.99769926,0.9964082,0.9938377,0.99541247,0.9960873,0.9956762,0.9962005,0.9969264,1.000573,0.99739295,0.99982476,0.99889916
4.0,-0.05767238,-0.03578855,-0.016403943,0.04435818,0.03339327,-0.04116866,-0.0049947277,0.023231141,0.023683554,-0.00088137016,-0.012377553,-0.069654316,0.007240087,0.008620031,0.042448938,0.027124688,-0.03228549,-0.006801758,-0.050423726,0.023885429,0.9835184,0.9851514,0.999982,1.0082512,0.99578387,1.0006217,0.9965553,1.0013039,0.9918856,0.9910449,0.98343104,1.0012513,0.9916336,0.98439074,0.99866873,0.99179316,1.0070581,0.9921496,1.0017283,1.0041683
4.0,-0.009714045,-0.0055037215,-0.0031053042,0.007565027,0.005971091,-0.005552292,-0.0015585348,0.004261188,0.004515238,-0.00043150224,0.00044093654,-0.011729721,0.0017188415,0.00043717772,0.0055382997,0.0039353967,-0.0062283874,-0.0011478029,-0.008297883,0.0035022895,0.9949505,0.99593943,0.99680024,0.9989784,0.9973541,0.99752903,0.99876714,0.99719316,0.9972396,0.9965995,0.9938913,0.9950457,0.9958903,0.99591076,0.996168,0.9969915,1.0003726,0.99711925,0.9993614,0.99906945
2.0,-0.023681186,-0.014151871,-0.0069367746,0.01813885,0.013868895,-0.015934702,-0.0028964058,0.0098693725,0.009854041,-0.0008641053,-0.0030013956,-0.028472606,0.0039545745,0.0024500638,0.015984863,0.010099649,-0.013521422,-0.002672609,-0.020150729,0.009425134,0.9919464,0.99284077,0.99810106,1.0017054,0.99745566,0.9983206,0.9985227,0.9982608,0.9961642,0.9950473,0.99131703,0.99689925,0.9948915,0.99296427,0.9968036,0.99584085,1.0022832,0.9960395,1.0004256,1.0004151
1.0,0.009140469,0.0068289004,0.002529854,-0.0072370134,-0.004965765,0.008651353,4.6685338e-05,-0.0037558358,-0.003126599,-0.00022663735,0.004999973,0.01142583,-0.00048036873,-0.0033560768,-0.008783124,-0.0052699298,0.0041176565,0.0019089393,0.007847138,-0.0045640282,0.998662,0.9995708,0.99485004,0.9945239,0.9961423,0.99618787,0.99996114,0.99572617,0.9992305,0.9984195,0.99733245,0.9928464,0.9975721,0.9993199,0.99517226,0.9980749,0.9978854,0.9989662,0.9982106,0.9967255
2.0,-0.027754568,-0.016864628,-0.008159586,0.021397928,0.01626031,-0.018994078,-0.0031161755,0.011561869,0.011591528,-0.000797702,-0.0040954836,-0.03351852,0.004206389,0.0033802688,0.019183964,0.012297802,-0.015861597,-0.0033533946,-0.023817707,0.011175562,0.9909917,0.9920211,0.99836594,1.002633,0.99746674,0.99863124,0.9981372,0.9986377,0.99555296,0.99460566,0.9903869,0.99736065,0.99444294,0.99202776,0.9970276,0.99544305,1.0028464,0.99550945,1.0005475,1.0009599
4.0,0.027541846,0.018151995,0.0076579843,-0.021101393,-0.015243111,0.022325406,0.0024620816,-0.011516066,-0.009965315,0.0007539708,0.008934017,0.033481836,-0.004594207,-0.0056412145,-0.022001892,-0.012588866,0.013344768,0.0039374046,0.0229088,-0.012352659,1.0019786,1.003445,0.99239385,0.99049264,0.99461055,0.99532545,0.9998456,0.9947644,0.9999144,1.0005001,0.999643,0.99050784,0.9985376,1.0021882,0.9944391,0.99873,0.99542737,0.9998313,0.99622977,0.9951196
2.0,-0.0124105215,-0.0072325394,-0.0038849516,0.009660978,0.0075211436,-0.007575892,-0.001785215,0.005376775,0.0055918917,-0.00047372654,-0.0002249293,-0.01501454,0.002056487,0.0009281039,0.007583834,0.0052205995,-0.007689271,-0.001529228,-0.010619305,0.004653724,0.9943839,0.99538565,0.9970536,0.99956554,0.9974401,0.9977075,0.99863493,0.99741125,0.99697083,0.996314,0.99337476,0.99537706,0.9956618,0.9953662,0.99629986,0.9967956,1.000739,0.9968627,0.9995323,0.99937797
4.0,0.014705896,0.009961516,0.0038934043,-0.011220757,-0.0079443585,0.012682429,0.00097255036,-0.005982356,-0.004987113,0.0002773404,0.006137129,0.017869897,-0.0022754371,-0.0035125613,-0.012589693,-0.0069897138,0.006636504,0.0020860396,0.012297206,-0.0068874015,0.9997505,1.0009658,0.9940994,0.9935672,0.9959428,0.99610555,0.9994839,0.99552023,0.99911624,0.99919933,0.9978586,0.9920327,0.9976737,1.0003142,0.9950617,0.9983731,0.9971027,0.99896574,0.9973895,0.99649894
4.0,-0.019082963,-0.011421204,-0.0057536205,0.014781382,0.01133286,-0.012529962,-0.0023953915,0.008097148,0.008204218,-0.00062182173,-0.0018874705,-0.023068447,0.0030499846,0.0019743815,0.012601949,0.008270174,-0.01122741,-0.0023215003,-0.016353644,0.0074951295,0.9929182,0.9939216,0.997644,1.0009241,0.9975054,0.9980821,0.99843395,0.99791324,0.99636644,0.9955563,0.992136,0.9962294,0.9951417,0.9939386,0.99658877,0.9962307,1.0016546,0.9963009,0.9999931,1.0000541
4.0,-0.013190225,-0.0076964125,-0.0040892633,0.010234637,0.00795206,-0.008159917,-0.0018739142,0.005682312,0.0058725327,-0.0005216226,-0.0004052706,-0.015933987,0.0022167563,0.0010089576,0.008153006,0.005523011,-0.008076254,-0.0015942343,-0.011257984,0.0049844505,0.9942254,0.9952062,0.9971403,0.99970365,0.9974497,0.9977475,0.9986526,0.99746925,0.996944,0.9962251,0.99324,0.9954895,0.99562293,0.9952082,0.9963314,0.99674183,1.0008461,0.9968213,0.99961096,0.9994374
2.0,-0.02557227,-0.015585266,-0.00761447,0.019834746,0.015074215,-0.017378986,-0.0028781071,0.01074336,0.010830309,-0.00067094713,-0.0035634376,-0.030974243,0.0037724227,0.0031745061,0.0175789,0.011449762,-0.014784396,-0.0032073222,-0.022036202,0.010268195,0.9914484,0.99254,0.99814844,1.0022873,0.99751556,0.998509,0.99807525,0.99846137,0.9956281,0.9948348,0.99078935,0.99702984,0.994554,0.9924901,0.9969088,0.99563634,1.0025506,0.9956273,1.0003345,1.0007943
2.0,0.01886274,0.0126429275,0.0051306915,-0.014444023,-0.010321757,0.015842732,0.001405105,-0.007766735,-0.0066189505,0.00041499548,0.0070565045,0.022948321,-0.0029111132,-0.0042763054,-0.015677746,-0.00886859,0.0088471025,0.0027443208,0.015742205,-0.008664608,1.0004652,1.0017383,0.99355525,0.99256486,0.99550885,0.99581146,0.999658,0.99522865,0.9994114,0.9995943,0.99851435,0.99153554,0.9979804,1.0009334,0.9948431,0.99848235,0.9965631,0.999297,0.99704653,0.9960155
3.0,0.015334763,0.0102717765,0.004009689,-0.011617843,-0.00824151,0.013103517,0.0011176169,-0.0062099285,-0.005153347,0.00035548396,0.006254345,0.01855534,-0.0025727153,-0.0034524947,-0.012984376,-0.0071146823,0.006879464,0.002035644,0.012776621,-0.007126293,0.9998659,1.0011455,0.9940037,0.993492,0.9959429,0.99611753,0.999362,0.9955165,0.9990486,0.99929035,0.99786335,0.99192846,0.99765426,1.0004089,0.9950386,0.9984159,0.9970099,0.99891645,0.9972513,0.99649996
2.0,-0.010153264,-0.0057537705,-0.0032142056,0.007875457,0.006204131,-0.005889658,-0.0016134679,0.004424574,0.004660215,-0.0004744865,0.00034807995,-0.0122377835,0.0018211454,0.00046990812,0.005853139,0.0040825605,-0.006435722,-0.0011767447,-0.008638866,0.0036868446,0.99487543,0.9958411,0.9968627,0.99904716,0.9973679,0.9975571,0.9987937,0.9972315,0.997249,0.9965544,0.99381536,0.9951165,0.99587923,0.99583274,0.99619037,0.99697495,1.0004332,0.997104,0.9994188,0.9990987
1.0,0.0332004,0.021248028,0.008871587,-0.024863139,-0.017995724,0.02616701,0.0036863275,-0.013703531,-0.01170662,0.0012721904,0.009980887,0.03990092,-0.007006645,-0.0055672526,-0.025677506,-0.014129799,0.015832994,0.0038335286,0.027397849,-0.014545094,1.0029416,1.0049038,0.9915396,0.9894887,0.99429804,0.99533474,0.99911267,0.99476343,0.9995982,1.0012163,0.99967,0.98974496,0.9984728,1.0028394,0.9941208,0.99900866,0.9945826,0.99950916,0.9951291,0.99493515
3.0,0.006360598,0.004671417,0.0014681043,-0.0047460906,-0.0031475811,0.0064899176,5.497411e-05,-0.0023996197,-0.0017146356,5.1772222e-05,0.004211277,0.0077340864,-0.0008162558,-0.0021860301,-0.006438501,-0.003274519,0.0022736117,0.0009769015,0.005242415,-0.0033275986,0.9981206,0.9992541,0.9950622,0.99548745,0.99652666,0.9965331,0.9992384,0.9959987,0.9984745,0.9982534,0.9966418,0.99302286,0.9970685,0.99885345,0.9953791,0.99795043,0.99822074,0.99835473,0.9980662,0.9973679
3.0,0.0248352,0.016368464,0.0068446747,-0.01902493,-0.013706213,0.02029307,0.0021595173,-0.0103380345,-0.008902583,0.0006865356,0.00834598,0.030163078,-0.0041653886,-0.005108081,-0.019996665,-0.011336628,0.011883248,0.0034777485,0.02068808,-0.011210102,1.0015489,1.0029657,0.99275774,0.99118596,0.9949551,0.9955255,0.9997097,0.99492455,0.99970186,1.0002961,0.9992651,0.9908112,0.99833345,1.0018641,0.99462634,0.9986693,0.9957601,0.9996341,0.9964526,0.99545664
1.0,-0.03796365,-0.022887394,-0.010699886,0.028724825,0.021843586,-0.02639582,-0.0041798986,0.015392652,0.015192479,-0.0012130272,-0.00672869,-0.045426313,0.0061095133,0.0043952465,0.026759937,0.01647573,-0.020953124,-0.0040048473,-0.032301407,0.015365062,0.9887314,0.9895551,0.99922174,1.0042417,0.9970208,0.9991731,0.99830747,0.9994294,0.9950028,0.99353695,0.98851585,0.9988863,0.99381477,0.9897628,0.99761987,0.9943497,1.0042132,0.9948815,1.0014257,1.0017921
3.0,0.02268999,0.014967397,0.00625396,-0.017409608,-0.012490448,0.018980613,0.0018304661,-0.00936291,-0.008050077,0.0008349065,0.0077647604,0.02757207,-0.0036404207,-0.004795268,-0.01845593,-0.010239977,0.010739282,0.0032928772,0.01874011,-0.010391708,1.0010681,1.002479,0.9929025,0.9917525,0.99502206,0.9955187,0.999608,0.99484825,0.9993733,1.0000849,0.99925435,0.99096537,0.9981412,1.0015532,0.9947718,0.99839455,0.99604297,0.9995442,0.9965907,0.9957244
3.0,0.040051714,0.025988042,0.011251319,-0.030517329,-0.022146784,0.031856082,0.004115578,-0.01683903,-0.014626082,0.001539506,0.011390634,0.048578836,-0.0072715357,-0.007515557,-0.03100266,-0.017580558,0.019703332,0.00564437,0.03290247,-0.017639529,1.0038002,1.0057579,0.9903924,0.9875075,0.99288875,0.99448454,0.99990153,0.99402535,1.0001943,1.0017087,1.0011698,0.9889388,0.9991595,1.0035883,0.99371505,0.9986778,0.9937923,1.0004451,0.9947833,0.99386275
4.0,-0.01831092,-0.010909393,-0.005515869,0.014152326,0.010868865,-0.011944078,-0.0023489408,0.007766707,0.007868838,-0.00062590465,-0.0016852394,-0.022108827,0.0029869154,0.0018064082,0.012000643,0.007867061,-0.010789499,-0.0021933503,-0.015658446,0.007153324,0.9931028,0.9940823,0.99759007,1.0007447,0.9974953,0.9980328,0.9985005,0.9978501,0.99647856,0.99565285,0.9923062,0.9961436,0.995222,0.99412316,0.996565,0.9962995,1.001546,0.9963967,0.9999695,0.9999603
4.0,0.00028485805,0.000803113,-0.00027535483,-0.00010320544,0.00028232113,0.0018903054,-0.000562232,0.0001220759,0.000630416,-0.00016610138,0.0028310083,0.00036279485,0.00013142824,-0.0011525378,-0.0019159317,-0.0005675405,-0.0009501837,0.00011632964,0.0001866594,-0.00074307784,0.9969965,0.99804854,0.9957771,0.9968393,0.99695927,0.996952,0.99905264,0.996475,0.9980508,0.9976756,0.99559814,0.99379027,0.99663556,0.9978311,0.9957102,0.99766845,0.99902284,0.9978966,0.9985838,0.9980298
2.0,-0.0026260763,-0.0010249466,-0.0010935897,0.0021137074,0.0019258643,-0.00028286874,-0.0008686036,0.0013237316,0.0017464459,-0.0002644565,0.0021528117,-0.0031501018,0.0006251037,-0.00070622563,0.00024077296,0.00071033835,-0.0024747252,-0.00024573877,-0.002257198,0.0004905856,0.9964225,0.9974382,0.99609566,0.99746114,0.99710315,0.9971226,0.9989915,0.9966837,0.9978463,0.9973709,0.9951172,0.9941613,0.99643356,0.9972996,0.99584925,0.99749315,0.9994138,0.9976902,0.9988328,0.9983251
2.0,-0.007098794,-0.003700234,-0.0022646422,0.0053983945,0.0043864753,-0.00359663,-0.0014243387,0.0031036586,0.0033499114,-0.0005333591,0.0011417232,-0.008433845,0.0016193241,-0.00025833398,0.0034728423,0.0024291426,-0.0046897456,-0.0006180331,-0.005914524,0.002373866,0.9955294,0.9964098,0.99660695,0.998289,0.9972235,0.9973279,0.99910504,0.99698067,0.9977001,0.9968681,0.99443007,0.99479175,0.9962158,0.9964511,0.9960344,0.99719685,1.00002,0.9974941,0.9993168,0.9986614
2.0,0.009660542,0.0070545673,0.0026254775,-0.007608421,-0.005261038,0.0089336485,0.00019393861,-0.003985109,-0.0032849647,-0.00018564239,0.005130779,0.011985365,-0.00081795454,-0.003212206,-0.009080879,-0.005346969,0.004275609,0.0017909072,0.008312896,-0.004779458,0.9988602,0.9997951,0.99482507,0.99447775,0.99624497,0.996294,0.99982595,0.99580216,0.9992116,0.99859774,0.99727374,0.9927757,0.9975596,0.9995101,0.99525243,0.99819005,0.9977994,0.9989112,0.9981218,0.99678344
2.0,-0.0021581128,-0.0006003827,-0.0008807704,0.0016467348,0.0015950841,0.00010740757,-0.0009169653,0.0010777172,0.0014614128,-0.000349788,0.002298981,-0.0024772882,0.00079793483,-0.001006037,-0.00019562244,0.00027234852,-0.0021017715,-4.414469e-06,-0.0017808303,0.00026897178,0.9965243,0.9974616,0.9960813,0.99725723,0.99701756,0.99703294,0.9992004,0.99661005,0.9980469,0.99738413,0.9952976,0.99415064,0.9965601,0.99738735,0.99580264,0.99751675,0.99936175,0.99785024,0.9989044,0.9981761
1.0,0.063724115,0.04135229,0.0184333,-0.048795674,-0.03575649,0.04890468,0.0075296424,-0.027776076,-0.024122093,0.0020496007,0.016462483,0.0775124,-0.012788191,-0.011410497,-0.048002135,-0.027970131,0.032006364,0.008991949,0.05261632,-0.02766669,1.0076964,1.0103261,0.9869009,0.9808864,0.9895211,0.9935254,1.0007097,0.99397796,1.0018626,1.0043657,1.0027246,0.9868312,1.0006441,1.0060691,0.9925157,0.9990165,0.9906959,1.0016856,0.99280226,0.9913489
4.0,0.01127173,0.0077342875,0.002870923,-0.008542243,-0.0059660305,0.010114703,0.00062356144,-0.0044988636,-0.0036201142,0.00021357276,0.005343858,0.013667043,-0.0017676651,-0.0028723478,-0.010028377,-0.0053832494,0.004794404,0.0015523024,0.009397611,-0.0054271556,0.9991171,1.0003107,0.9945056,0.9944004,0.9962457,0.99632627,0.9993129,0.9957408,0.99881315,0.9988608,0.9973308,0.99242705,0.9973973,0.99976444,0.9952355,0.9982278,0.99755174,0.99867815,0.99764353,0.99690807
1.0,0.05599901,0.03668075,0.016497483,-0.043257724,-0.031576604,0.04446072,0.0057231747,-0.02417148,-0.021166008,0.002203146,0.0146061145,0.06844683,-0.009268127,-0.011199728,-0.042947683,-0.024975885,0.02831154,0.0090773925,0.045666017,-0.024637716,1.0058696,1.0081104,0.9876808,0.98296094,0.98976636,0.99299294,1.0011038,0.992965,1.0012578,1.0030541,1.0035874,0.9871447,1.0004573,1.0050681,0.9927727,0.998118,0.9919229,1.0019956,0.9936318,0.9917448
3.0,-0.026867926,-0.01630976,-0.0079140505,0.020726968,0.015761426,-0.01832721,-0.0030488595,0.011214302,0.011249121,-0.0007786155,-0.0038693585,-0.032453325,0.004102342,0.0032298937,0.018506669,0.011882991,-0.015387423,-0.003244944,-0.023061018,0.010801708,0.9911814,0.9922091,0.99828863,1.002463,0.9974713,0.99856514,0.99817014,0.99855405,0.99563193,0.9946954,0.9905771,0.9972422,0.99451476,0.9922195,0.9969741,0.99551904,1.0027251,0.9955965,1.0004922,1.0008612
3.0,0.00053063035,0.0008591525,-0.00028871186,-0.00015691668,0.00023546861,0.0020454936,-0.0004505776,8.931756e-05,0.0006481819,-6.4210966e-05,0.0028432757,0.00056340545,-0.00011178851,-0.0010175332,-0.0020243973,-0.00048060715,-0.000915125,7.998198e-06,0.00028771907,-0.00080895773,0.99700034,0.9981427,0.99570584,0.99687487,0.9969699,0.99695724,0.9988896,0.99646443,0.99790776,0.9976786,0.99556285,0.99370867,0.9965696,0.9978204,0.9956656,0.9976745,0.99899054,0.9977944,0.9984461,0.9980749
4.0,0.02059248,0.013590477,0.0055027464,-0.015593294,-0.011173822,0.017020745,0.0017543659,-0.00842719,-0.0071420185,0.0005631428,0.0073957928,0.024905141,-0.0035860762,-0.004266165,-0.016818225,-0.009361569,0.009606231,0.0027267933,0.017102517,-0.009330869,1.0007659,1.002177,0.9933089,0.9922785,0.99544185,0.99579966,0.9994505,0.9952015,0.9993311,0.9997941,0.9985669,0.9912853,0.9979804,1.0011569,0.99474216,0.9985869,0.99631864,0.99922436,0.99672943,0.9959461
1.0,0.024635147,0.016467143,0.006916214,-0.019010693,-0.013702482,0.020183139,0.001977522,-0.010331912,-0.008976966,0.0004853122,0.008381631,0.030078607,-0.003689669,-0.0054752603,-0.020009194,-0.011658084,0.011995327,0.0037629195,0.020612955,-0.011140372,1.0014786,1.0027778,0.9928365,0.991057,0.99485296,0.995414,1.0000472,0.99488807,0.9999833,1.0001302,0.9993752,0.99091554,0.99847806,1.0017718,0.9945392,0.99865615,0.99582666,0.99982035,0.9966702,0.995276
2.0,-0.008968055,-0.0047612935,-0.0027083093,0.006722912,0.0053921994,-0.0048843697,-0.0017089806,0.0038350653,0.003977418,-0.00062433444,0.0006955266,-0.010586705,0.002155438,-0.00018081069,0.004783362,0.0030966923,-0.005558517,-0.0006592348,-0.0074575543,0.0031214396,0.99512887,0.99593306,0.9967957,0.99859345,0.9971922,0.99735326,0.99922186,0.9970464,0.9976577,0.9966387,0.9942542,0.9950616,0.99614304,0.99608445,0.9961066,0.99701244,1.0002761,0.99746794,0.9995484,0.998773
3.0,-0.028220557,-0.017163374,-0.008289254,0.021727405,0.016497925,-0.019397639,-0.0031337887,0.011720021,0.011753067,-0.0008397978,-0.0041920543,-0.034077886,0.0042133704,0.0034924895,0.019551523,0.01250653,-0.016120918,-0.0034484044,-0.02416442,0.011373233,0.99094176,0.991956,0.9984437,1.0027188,0.9975126,0.9987187,0.99811524,0.99873024,0.99555105,0.99459976,0.9902301,0.9974358,0.9944146,0.99196935,0.9970935,0.99545103,1.0029056,0.9954513,1.00059,1.0010297
2.0,-0.00020734221,0.00048234314,-0.0004234044,0.00027510896,0.00055655837,0.0014811419,-0.0005941503,0.00031685084,0.00082062185,-0.0001980178,0.002728764,-0.00024112687,0.00016608834,-0.0010385737,-0.0015361309,-0.00034217536,-0.0012224056,1.7281622e-05,-0.00020480901,-0.000528096,0.9969313,0.99797374,0.9958534,0.99695116,0.9970221,0.9970164,0.9990244,0.99654293,0.9980291,0.99764603,0.9954753,0.9938596,0.99660116,0.99776405,0.99575114,0.99767655,0.99908763,0.99784327,0.99862576,0.9980977
3.0,0.006597817,0.0042022094,0.001113425,-0.004465621,-0.0030094902,0.0061982274,0.00063259155,-0.002330875,-0.0013873614,0.00034937076,0.004196562,0.007525023,-0.0022771284,-0.0010229647,-0.0061374307,-0.0023793355,0.0018041469,-3.3099204e-05,0.0053283945,-0.0032799838,0.99835795,0.9998176,0.9950346,0.99587876,0.9970383,0.9970358,0.9982996,0.9963936,0.99789566,0.99861777,0.99592113,0.9928639,0.9966762,0.9990351,0.9955771,0.99824196,0.99809164,0.9977062,0.99756056,0.9978866
4.0,0.005344361,0.0040367395,0.0011992138,-0.004027948,-0.002619984,0.0056954026,-6.688014e-05,-0.0020128526,-0.0013641827,-3.3861026e-05,0.0040141493,0.006522909,-0.00062423944,-0.0020319745,-0.0056957603,-0.00288146,0.0017443448,0.0008397363,0.0044652373,-0.0029067236,0.9979822,0.9990636,0.99521434,0.99569273,0.99663687,0.996634,0.9992498,0.9961097,0.9984698,0.9982054,0.99645597,0.9931747,0.9970246,0.99874073,0.99547875,0.99793553,0.9983464,0.99831533,0.9982009,0.9974701
3.0,-0.01599323,-0.009538583,-0.00492696,0.0124668665,0.009596851,-0.010252912,-0.002072297,0.0068658926,0.0070440695,-0.0005057398,-0.001129508,-0.019389581,0.0024835467,0.0015923083,0.010313921,0.0069624335,-0.009644166,-0.0020361133,-0.013742104,0.006188644,0.99359685,0.99463767,0.9973605,1.0003474,0.9975145,0.99793315,0.9984379,0.9976944,0.99657446,0.99591553,0.9926766,0.99580884,0.99534243,0.9946039,0.9964617,0.9965038,1.0012299,0.99650437,0.9997343,0.99978924
2.0,0.035185635,0.023262858,0.010105458,-0.02722207,-0.019776331,0.028170548,0.003195759,-0.0149861965,-0.013129313,0.00087705255,0.010643203,0.042977203,-0.0055260733,-0.0073453486,-0.027757578,-0.016305074,0.017518405,0.005430326,0.02928657,-0.015665682,1.0032105,1.0047182,0.991329,0.9883959,0.9935145,0.99473375,1.0004456,0.994305,1.0006441,1.001201,1.0007921,0.98969966,0.999214,1.0031804,0.99404055,0.99878585,0.9944737,1.0005912,0.99576265,0.99409205
4.0,0.0125410855,0.008396827,0.0031088674,-0.00932027,-0.0065439693,0.010992169,0.0008964278,-0.004937386,-0.003951039,0.00036789104,0.005571712,0.015064675,-0.00229951,-0.0028215423,-0.010850348,-0.005677074,0.005327102,0.0015057735,0.010333121,-0.005898146,0.99929965,1.0006319,0.99430066,0.99423337,0.9961974,0.9962951,0.9991035,0.99569035,0.9986841,0.9989674,0.9973801,0.99221104,0.99736685,0.99989295,0.995123,0.9982897,0.99737746,0.9985882,0.99736255,0.9968707
4.0,-0.02666428,-0.016065896,-0.0077936286,0.020453334,0.015585721,-0.018203598,-0.0031021498,0.011070356,0.01105747,-0.0009143222,-0.0037649982,-0.032105852,0.004260421,0.0030110627,0.01828406,0.011546418,-0.015160982,-0.0030951612,-0.022737209,0.010713547,0.99128056,0.9922093,0.9983437,1.0023202,0.997462,0.9985413,0.99836093,0.99853915,0.99584395,0.9947255,0.99064416,0.9972772,0.9946287,0.9922935,0.996957,0.99558294,1.0026945,0.9957201,1.0005792,1.0007509
1.0,0.01845926,0.012275651,0.0048195394,-0.01385051,-0.009902213,0.015189171,0.0015798733,-0.0075039845,-0.0062938407,0.00032136217,0.006996561,0.022285633,-0.0033058748,-0.003910929,-0.01523108,-0.00855317,0.008536261,0.0023452677,0.015411921,-0.008317628,1.0004137,1.0017928,0.99368083,0.9927448,0.99573296,0.99598765,0.9994156,0.9954521,0.9993255,0.999471,0.9980507,0.99160177,0.9978631,1.0007433,0.99471873,0.99868006,0.9966152,0.99899924,0.99692476,0.99612695
1.0,-0.004914604,-0.002712682,-0.0019134087,0.004070401,0.0033327295,-0.0021804385,-0.0008703992,0.0023402125,0.0028162822,-0.00020373985,0.0015820339,-0.0061227493,0.00041870028,0.00014593452,0.0021367446,0.002151005,-0.0039254054,-0.0009497814,-0.004273072,0.0015241851,0.99602556,0.99716437,0.99633634,0.99813694,0.9974055,0.9974591,0.9985427,0.9970119,0.99742293,0.99723256,0.99442464,0.9943846,0.99610317,0.9969064,0.99602854,0.9974604,0.999702,0.9972347,0.9988173,0.9987844
3.0,0.0069531575,0.005371101,0.0018861843,-0.0056112744,-0.003780303,0.006916642,-0.00013085082,-0.0028853584,-0.0023004226,-0.00031118095,0.004537102,0.008748893,-0.00029792637,-0.002825603,-0.007106021,-0.0042206272,0.0028864518,0.0014664195,0.0061193705,-0.0036590293,0.99840015,0.9992535,0.995175,0.9950531,0.9964536,0.9964727,0.9998143,0.99599487,0.9990954,0.9983683,0.9968774,0.993134,0.99740195,0.99911517,0.9954312,0.99807847,0.9981495,0.9987651,0.9984073,0.997061
4.0,-0.0058497936,-0.0029380172,-0.001945937,0.0044910964,0.0037025444,-0.002725944,-0.0012577511,0.0025989674,0.0029007904,-0.0004994944,0.0014452189,-0.006956931,0.0013308525,-0.00038213283,0.00257314,0.0019130483,-0.0040605627,-0.0005251989,-0.004866816,0.0018672145,0.9958062,0.99671096,0.9964987,0.9980495,0.99722064,0.9972908,0.9990873,0.99692225,0.99778396,0.99699974,0.99458724,0.9946279,0.9962959,0.9966903,0.9959693,0.9973302,0.9998591,0.9975415,0.99919194,0.9985624
4.0,-0.0189948,-0.0113199875,-0.005701429,0.014667261,0.011256782,-0.012468744,-0.0024166629,0.008036592,0.008125316,-0.00066979975,-0.0018463247,-0.022921655,0.0031124577,0.0018860102,0.012507498,0.008138515,-0.011134848,-0.0022582822,-0.016225316,0.007453263,0.99295646,0.9939231,0.9976621,1.0008667,0.9974972,0.9980699,0.9985085,0.99790454,0.9964474,0.9955675,0.9921694,0.9962413,0.9951857,0.99396914,0.99658376,0.996252,1.0016422,0.9963505,1.0000279,1.0000112
2.0,0.00053115934,0.0009169467,-0.00025828276,-0.0002464503,0.00016104756,0.0018990934,-0.00045313314,7.575378e-06,0.0005604252,-0.00023136847,0.0029334612,0.0006136559,-9.234995e-05,-0.0010619536,-0.0020423234,-0.0006573573,-0.0008666627,1.66893e-06,0.00046624243,-0.0007929129,0.9971233,0.998183,0.99582154,0.9968056,0.9970665,0.99704975,0.9989948,0.99657243,0.99810666,0.9977388,0.99544984,0.993782,0.99664813,0.99790144,0.99571127,0.9978113,0.9989859,0.9978324,0.9985413,0.99804366
4.0,-0.019566894,-0.011701725,-0.0058702575,0.01511682,0.01158584,-0.0128928535,-0.0024534054,0.008273292,0.008362487,-0.00065967254,-0.0019968562,-0.02362803,0.0031533092,0.002015993,0.01295308,0.0084453225,-0.0114621185,-0.0023540743,-0.016732685,0.0076926276,0.99283135,0.99381226,0.997704,1.000999,0.9975097,0.99811584,0.9984565,0.99795794,0.99636644,0.9955155,0.9920491,0.9963067,0.9951234,0.99385303,0.99662423,0.99619967,1.0017185,0.996282,1.0000522,1.0000913
4.0,-0.013432965,-0.0077798665,-0.004107273,0.010352232,0.008054676,-0.008290011,-0.001960151,0.0057567284,0.00590628,-0.0005676206,-0.00045494363,-0.016164463,0.0024067909,0.0009119287,0.008281939,0.0055127814,-0.00813359,-0.0015119165,-0.011425972,0.005066282,0.9941662,0.9951021,0.9971677,0.9996973,0.9974046,0.9977143,0.99875504,0.99745053,0.99699926,0.99618345,0.99327457,0.9955445,0.99564946,0.9951586,0.9963322,0.99669564,1.000879,0.99688035,0.9996871,0.99940425
3.0,0.0061448365,0.004563231,0.0014777454,-0.0047135055,-0.0031191348,0.0064123347,-4.81084e-05,-0.0023613907,-0.0017122328,3.1361356e-05,0.0041802227,0.007531885,-0.00062550604,-0.002242878,-0.0063292384,-0.003257811,0.0021858625,0.0010422133,0.0051190183,-0.0032977804,0.99810845,0.9991787,0.9950799,0.99549586,0.99651986,0.99653167,0.9993247,0.99599284,0.9985191,0.9983089,0.9967078,0.9930663,0.99709314,0.9989044,0.99547565,0.9978927,0.99823433,0.9984498,0.9981692,0.99736565
3.0,0.0011818185,0.0013228543,-1.6937032e-05,-0.00081287324,-0.00024673948,0.0025763512,-0.00046604872,-0.00025715493,0.0002824664,-0.00010962039,0.0030358396,0.0014290474,-5.4448843e-05,-0.0012443513,-0.00256785,-0.00090972334,-0.0005224608,0.00019214675,0.00094591826,-0.0011420303,0.9971841,0.998252,0.99566156,0.9966672,0.9969299,0.99692404,0.9990388,0.9964225,0.9980803,0.9978285,0.99573624,0.99367005,0.99667907,0.99803793,0.9957244,0.9977006,0.9988857,0.9979618,0.9985047,0.9979642
1.0,-0.013156414,-0.007504098,-0.004031691,0.010085158,0.007855276,-0.008380797,-0.0019002818,0.005552628,0.005715877,-0.0008411985,-0.0002519451,-0.015773747,0.0023602769,0.0008102879,0.008065052,0.005104929,-0.007902145,-0.001507517,-0.010940887,0.005038591,0.9943917,0.99521697,0.99733675,0.99953955,0.9975421,0.99782753,0.99891156,0.9975806,0.9973235,0.99623036,0.9930998,0.9956046,0.9958037,0.9952583,0.9962983,0.996968,1.0008595,0.9969127,0.9997599,0.99931335
3.0,0.004763156,0.0038534775,0.0011626836,-0.003749743,-0.0023941784,0.0053521805,-0.00029574335,-0.0018421877,-0.0012878813,-0.00019284897,0.003933072,0.005971387,-9.936839e-05,-0.0022992194,-0.005410202,-0.0029713996,0.0016188994,0.0010575354,0.0040730834,-0.0026959802,0.9978501,0.99880254,0.9953051,0.9956717,0.99655485,0.9965478,0.99954146,0.9960689,0.9986583,0.99807984,0.9965451,0.9933101,0.99712414,0.9986285,0.99546397,0.99785763,0.9984417,0.99848974,0.99842465,0.99735993
1.0,-0.014841542,-0.008743808,-0.0045633456,0.011507185,0.008896085,-0.009433925,-0.0020105802,0.006351824,0.0065226927,-0.00058639236,-0.0007986352,-0.017938714,0.0024322048,0.0012934953,0.009404048,0.0062690377,-0.008962452,-0.0018255115,-0.0126509,0.0057043564,0.9938839,0.99486023,0.9973079,1.0000453,0.9975028,0.9978674,0.9985957,0.9976214,0.99681276,0.99604857,0.99288696,0.99570584,0.99549943,0.9948661,0.9964061,0.9966366,1.0010715,0.99667126,0.9997262,0.9996074
3.0,-0.015205294,-0.009052336,-0.004641409,0.011787541,0.009092314,-0.009388804,-0.0020883828,0.006557485,0.0067011975,-0.0003053639,-0.0010156892,-0.018403258,0.0024869442,0.0014105663,0.009681001,0.0067156404,-0.009225573,-0.0018181615,-0.01317776,0.0057213567,0.99370426,0.99476534,0.99717367,1.0002005,0.9973915,0.9977943,0.99844754,0.99752665,0.9965245,0.9960488,0.993082,0.9956731,0.99534696,0.9948229,0.9965102,0.9963879,1.0011,0.99664086,0.9996966,0.99974823
1.0,-0.003650546,-0.0012671724,-0.00109608,0.0024878122,0.0022615888,-0.00085742027,-0.001317244,0.0015670154,0.0017757006,-0.0006010104,0.0020227097,-0.0040305965,0.001644887,-0.001299642,0.0007003695,0.00042326003,-0.0026106872,0.00023277104,-0.0028396472,0.0008215832,0.9962331,0.99696285,0.99628866,0.9973407,0.99692404,0.996972,0.9996173,0.9966147,0.9982908,0.99719244,0.9953087,0.9944484,0.9966529,0.9971415,0.99586153,0.99735576,0.999564,0.9980594,0.9992899,0.9980983
3.0,0.023470167,0.015470576,0.006423034,-0.017914489,-0.012880079,0.019359585,0.0020129755,-0.0096974205,-0.008322202,0.0007519163,0.007981639,0.028480599,-0.0039595664,-0.004845187,-0.018979367,-0.010617886,0.011150267,0.0032817535,0.019448228,-0.0106461365,1.0012535,1.0026947,0.99288636,0.99156237,0.99504596,0.9955614,0.99959284,0.99493396,0.999499,1.0001163,0.9991526,0.9909224,0.9981899,1.0016239,0.9946686,0.998568,0.9959478,0.9994957,0.9965046,0.995643
1.0,-0.031603687,-0.019451484,-0.009365109,0.024589457,0.018597566,-0.021935835,-0.0032709055,0.013197778,0.013328947,-0.0007176176,-0.005150184,-0.03833932,0.0043852553,0.0043118,0.022245176,0.014434233,-0.018111542,-0.0040279664,-0.027384657,0.012892135,0.9900209,0.9912288,0.99857575,1.0035326,0.997429,0.998902,0.9977176,0.9989792,0.99490005,0.99409777,0.9894451,0.9977706,0.99400395,0.99102753,0.99715257,0.99505764,1.0034103,0.9949493,1.0005926,1.0014671
2.0,0.024329964,0.016414743,0.006970838,-0.0189679,-0.013664288,0.02012639,0.0017705411,-0.0102761835,-0.009000946,0.00042132102,0.008339725,0.029852042,-0.0032244697,-0.005735554,-0.01992356,-0.011768475,0.011969052,0.004008509,0.020400666,-0.011090436,1.0014002,1.0025907,0.9928638,0.99101484,0.99474514,0.99530905,1.0002966,0.99478805,1.0001187,1.0000775,0.9995728,0.99097437,0.99857205,1.0017576,0.9945779,0.9985475,0.9958858,1.0000141,0.99685454,0.995187
4.0,0.0296643,0.01957129,0.008330638,-0.022792388,-0.016495084,0.023934642,0.002668336,-0.012473639,-0.010841001,0.0007791817,0.009413939,0.03611487,-0.004859917,-0.0061096773,-0.023599058,-0.013626792,0.014507126,0.004341364,0.024688184,-0.013266692,1.0023288,1.0038054,0.9921105,0.98991615,0.99432486,0.9951663,1.0000093,0.9946402,1.0001254,1.0006896,0.99995685,0.9902854,0.9987257,1.002469,0.9943228,0.99876344,0.99516165,1.0000362,0.9960991,0.9948338
4.0,-0.012661502,-0.007340513,-0.003917194,0.009798573,0.007634368,-0.0077366605,-0.0018554963,0.0054571703,0.005641859,-0.0005208701,-0.00027319416,-0.015272137,0.002208136,0.00086731464,0.007732697,0.0052362606,-0.0077710375,-0.0014819317,-0.0107944235,0.0047484413,0.9943289,0.9952937,0.9970856,0.9995741,0.9974146,0.9976928,0.9987132,0.99740946,0.99701446,0.9962791,0.9933755,0.99543023,0.99567986,0.99531806,0.9963061,0.9967618,1.0007721,0.99690306,0.9995981,0.9993566
2.0,-0.018011108,-0.010751098,-0.0054554706,0.013954574,0.010714466,-0.011747818,-0.0022936352,0.0076563116,0.0077798665,-0.0006052777,-0.001612559,-0.02177554,0.0028771535,0.0018180311,0.011797845,0.0077792704,-0.010661282,-0.0022074021,-0.015417784,0.0070380345,0.99317133,0.9941699,0.9975627,1.0007087,0.99751616,0.99803627,0.99846303,0.99784434,0.9964745,0.9956902,0.99232507,0.9960947,0.99522734,0.99418485,0.9965528,0.9963393,1.0015057,0.99638766,0.9999236,0.99995315
2.0,-0.003225714,-0.0014410317,-0.001283058,0.0026211515,0.0023028464,-0.00066464767,-0.00091858953,0.001611989,0.002025362,-0.00019350834,0.001966264,-0.0039061867,0.00068566203,-0.0005675778,0.0007034987,0.0010838434,-0.002824355,-0.00033648685,-0.002851881,0.0007357171,0.9962496,0.9973055,0.99610424,0.9976307,0.99709374,0.99712414,0.9989075,0.9966831,0.9976944,0.9972872,0.99506,0.9942,0.9963441,0.9971553,0.9958639,0.99739486,0.9994951,0.9976145,0.99882877,0.9984154
1.0,0.0019309074,0.0021272078,0.00035188626,-0.0017013922,-0.00090216426,0.002775699,-0.00052678585,-0.0008147806,-0.00032888353,-0.00068841316,0.0035021082,0.002582319,0.00025695562,-0.0018213317,-0.00329604,-0.0020534024,0.00017536804,0.000532534,0.0021087304,-0.0013918092,0.99758863,0.99835867,0.9958983,0.996177,0.9970177,0.9969889,0.99961656,0.99658173,0.99886686,0.99792457,0.995675,0.9938257,0.99706984,0.998283,0.995675,0.9980761,0.99880266,0.99828434,0.9988209,0.99761367
3.0,0.018561438,0.012551971,0.0051459596,-0.014363721,-0.010258608,0.015721133,0.0012599044,-0.0077040624,-0.0066185556,0.00035879202,0.0070143566,0.022690933,-0.0026031584,-0.004427783,-0.015547555,-0.008906871,0.008785222,0.0028873347,0.015552044,-0.008602023,1.0004256,1.0016152,0.99360394,0.9925492,0.99546456,0.99577135,0.9998256,0.9951896,0.9995187,0.99957687,0.9986187,0.9916008,0.9980389,1.0009379,0.99489933,0.9984261,0.99660766,0.99941665,0.9971898,0.9959792
4.0,0.024198275,0.016002964,0.0066575203,-0.01851381,-0.013336329,0.019769795,0.0020868145,-0.0100665465,-0.008661833,0.00061101466,0.008225843,0.029399192,-0.0040301085,-0.005045049,-0.01954035,-0.011126336,0.01158832,0.0034065507,0.0201739,-0.0109188445,1.0014398,1.0028354,0.992874,0.9913161,0.99502754,0.99556106,0.9997294,0.99498224,0.99972355,1.0001769,0.9991546,0.9909079,0.9983114,1.0017397,0.9946114,0.99869436,0.99585843,0.9995876,0.9965314,0.9954961
2.0,0.006753154,0.004876688,0.0015584463,-0.0050604492,-0.0033953148,0.0066688918,0.00014811009,-0.0025970638,-0.0018711239,1.7084181e-05,0.0043421537,0.0081828125,-0.0010183528,-0.0021334589,-0.006686114,-0.0034231357,0.0024295263,0.00091554597,0.0056521,-0.0034832663,0.99829173,0.99941474,0.9950744,0.9954163,0.9966152,0.9966202,0.99919933,0.9960759,0.9985387,0.9983856,0.9965791,0.9929974,0.9970936,0.99900484,0.99543357,0.9980675,0.9981543,0.99834394,0.99804103,0.9973777
2.0,-0.0138802305,-0.007963881,-0.0041768784,0.010605317,0.008259984,-0.008628964,-0.0020652637,0.005891784,0.0059945323,-0.0006822329,-0.00052544475,-0.01662286,0.0026423559,0.00082103163,0.008556932,0.0055231974,-0.008274071,-0.0014493503,-0.011710092,0.0052508786,0.99409837,0.9949601,0.9972557,0.9997057,0.9973884,0.9977162,0.9988944,0.9974763,0.9971085,0.9961241,0.99323183,0.995649,0.9956926,0.9950776,0.99633896,0.9966823,1.0009425,0.99693376,0.99980414,0.99937284
3.0,-0.0011764616,-0.0003406629,-0.000870822,0.0012699291,0.0012701685,0.00061603636,-0.0005047396,0.00083220564,0.0014106445,-0.00010102242,0.0024512783,-0.0016176775,-0.00011809915,-0.000501208,-0.0006552562,0.0004485771,-0.0019384734,-0.00043694302,-0.0011704043,-2.1286076e-05,0.9967027,0.99788815,0.9959098,0.99733543,0.99718446,0.9971713,0.99866444,0.9966903,0.9976872,0.9975397,0.9950818,0.9939021,0.99638206,0.9975157,0.99575925,0.99766415,0.999214,0.9975294,0.9984951,0.9983423
1.0,-0.01600995,-0.0093017,-0.004712957,0.012087783,0.009340541,-0.010214172,-0.0022776835,0.006666803,0.006717231,-0.00074969046,-0.001019638,-0.019146148,0.0029216409,0.0011932105,0.010158211,0.006485902,-0.00941452,-0.0017197318,-0.013410874,0.006067354,0.99378943,0.9945792,0.99751854,1.0001197,0.9975132,0.99795496,0.9988482,0.99773276,0.9970209,0.99606293,0.99283946,0.9959627,0.9955471,0.99482834,0.9966234,0.996574,1.0012089,0.9967906,1.0000439,0.99966395
2.0,0.024325129,0.016532585,0.007025531,-0.019062083,-0.013762873,0.019953817,0.0017403401,-0.010380145,-0.009114709,0.00019067898,0.008463562,0.029923527,-0.0031158552,-0.0058631077,-0.019969564,-0.012047138,0.012063153,0.00406982,0.020583652,-0.011071939,1.0015286,1.0026114,0.99300575,0.9909021,0.994835,0.9953854,1.0004816,0.99491554,1.0004086,1.0000856,0.9994789,0.9910819,0.9986903,1.0018238,0.9945932,0.9987199,0.99590296,1.0000892,0.997016,0.9951135
1.0,0.01297193,0.008977145,0.003464329,-0.009932049,-0.0069627813,0.011545822,0.00064595044,-0.00522493,-0.00436309,0.0001975894,0.005730465,0.015848197,-0.0016179904,-0.0035296232,-0.011430513,-0.0064182878,0.0058620535,0.0020947717,0.010799557,-0.006157538,0.99927735,1.0004435,0.99424165,0.99388474,0.99589354,0.99601394,0.9996305,0.99547195,0.9990469,0.9988633,0.9977962,0.99224067,0.99761367,0.99989915,0.99501103,0.9981493,0.9973489,0.9989855,0.9975995,0.9965233
1.0,-0.03544084,-0.02372326,-0.011582405,0.029407673,0.021618092,-0.025138676,-0.0022093952,0.015537705,0.016575389,0.0009051841,-0.0066467673,-0.04466487,0.0015610605,0.0080946535,0.026338138,0.01977472,-0.022089778,-0.006813895,-0.032681372,0.014806282,0.98857266,0.9912997,0.9980163,1.005769,0.9978519,0.99974144,0.9947134,0.9997518,0.991949,0.993584,0.9874132,0.9974078,0.9923016,0.98968345,0.9974652,0.99451107,1.0040233,0.9927105,0.9992914,1.0032784
3.0,0.0017421469,0.0014810339,-5.9472397e-05,-0.0009416938,-0.00036883214,0.0028094165,-0.00018457696,-0.0003664326,0.0003039427,2.912432e-05,0.0031139255,0.0018974394,-0.00065048784,-0.0009188205,-0.0028031766,-0.00078864396,-0.00042298064,-8.5256994e-05,0.0012592226,-0.0012668974,0.9972767,0.998511,0.9955776,0.99672145,0.9970345,0.9970056,0.9986939,0.9964833,0.9978604,0.997855,0.9955686,0.99352306,0.9965664,0.99804914,0.9956293,0.9978303,0.99882066,0.99771726,0.9982262,0.99807036
4.0,0.0053495467,0.0040122867,0.00119323,-0.0040098503,-0.0026025032,0.0057615414,-6.9372356e-05,-0.0019877478,-0.0013378449,3.2717362e-05,0.0039814003,0.0065111257,-0.00062941015,-0.0020134673,-0.0056935996,-0.0028134435,0.0017237775,0.000841476,0.0044078305,-0.002920471,0.9979402,0.9990498,0.99516714,0.995719,0.99660176,0.99660176,0.9992098,0.9960684,0.9983925,0.99819756,0.99650294,0.9931456,0.99699473,0.9987226,0.99547446,0.9978779,0.99834347,0.9983078,0.9981674,0.9974838
4.0,0.017280445,0.011637978,0.0046600625,-0.013226055,-0.009428803,0.014583439,0.0012475327,-0.007104939,-0.0060151257,0.000310041,0.0067354143,0.021022405,-0.002678983,-0.0039896965,-0.014503539,-0.008201778,0.00801938,0.0024804287,0.014478862,-0.007976273,1.0002284,1.0014617,0.99380064,0.9929302,0.9957115,0.995953,0.9996144,0.99537766,0.99935675,0.9994497,0.99822026,0.9917479,0.99788254,1.000714,0.9949279,0.9984926,0.9967685,0.99917024,0.99720055,0.99619156
1.0,0.0068398938,0.0041603595,0.0010274565,-0.0043708496,-0.0029384405,0.0064146183,0.00079111755,-0.002263356,-0.0012398064,0.00059331954,0.0041251592,0.0076245144,-0.0026285797,-0.00077682734,-0.006188795,-0.0020883754,0.0017500706,-0.00021513924,0.005251132,-0.0033120883,0.99823767,0.9998869,0.99485546,0.9960081,0.9969888,0.99698174,0.9979834,0.99631387,0.9975367,0.99855393,0.9959021,0.9927057,0.9965183,0.99891526,0.99546343,0.99814844,0.9980645,0.9975195,0.9972915,0.9979686
4.0,0.005331166,0.004050877,0.001203456,-0.0040309206,-0.0026218523,0.0056602433,-7.70241e-05,-0.0020196792,-0.0013751946,-7.5019896e-05,0.0040296614,0.006520521,-0.0005904734,-0.0020625368,-0.005697541,-0.0029306486,0.0017579459,0.0008549504,0.00448329,-0.0028920553,0.9979897,0.99905324,0.9952348,0.99567527,0.9966429,0.99663687,0.99928653,0.99612194,0.9985145,0.99819577,0.99644107,0.99319166,0.9970458,0.99873644,0.9954692,0.99795496,0.99835116,0.9983313,0.9982247,0.99744886
1.0,-0.0041402057,-0.0020727813,-0.0016150316,0.0034169815,0.0028818203,-0.0014981106,-0.0009182207,0.002012672,0.002445329,-0.00025479868,0.0017697513,-0.005080592,0.00064144284,-0.00028397888,0.0014472827,0.0015557483,-0.003362678,-0.00060136244,-0.0036138222,0.001194549,0.99609065,0.99717706,0.99623793,0.9978666,0.9972187,0.9972538,0.9987887,0.9968276,0.99760056,0.99718004,0.99472994,0.994313,0.99625164,0.9969527,0.9958739,0.9974283,0.9996217,0.99744046,0.9988394,0.9985457
4.0,-0.022917323,-0.013843834,-0.006826003,0.017721329,0.013517409,-0.015376203,-0.0027160794,0.009644082,0.009712648,-0.0006800983,-0.0028644986,-0.027702559,0.003553182,0.0026160777,0.015512653,0.0100773275,-0.01328747,-0.0027939752,-0.019668572,0.00911825,0.9920681,0.9930909,0.99796146,1.0017009,0.9975097,0.9983214,0.99828243,0.9982256,0.99598646,0.9951387,0.99138266,0.9967192,0.99482197,0.99310684,0.99678415,0.9958841,1.0021799,0.9959468,1.0002344,1.0004675
4.0,0.025186062,0.016802713,0.0070699593,-0.019441534,-0.014030982,0.020526556,0.0020731054,-0.010594398,-0.009197235,0.0004751049,0.008525338,0.030738084,-0.0038695708,-0.0055041313,-0.020387344,-0.011889145,0.012257259,0.0037826486,0.021114208,-0.011370444,1.0016384,1.0029354,0.99280334,0.99093,0.9948613,0.9954466,1.0000398,0.9949172,1.0000474,1.0002377,0.9993826,0.99086875,0.99851793,1.001903,0.99455625,0.9987375,0.99575174,0.99983454,0.9966303,0.9952484
1.0,-0.004675515,-0.0020100996,-0.0014531035,0.0033706538,0.0029044696,-0.0016507395,-0.0013390854,0.00203716,0.00226086,-0.00054220296,0.0017439313,-0.0053533427,0.0016034693,-0.0009562075,0.0015363768,0.0010727644,-0.0032471307,-3.8232654e-05,-0.0037828833,0.0012748514,0.996018,0.9968093,0.99636954,0.997644,0.99701375,0.997077,0.99942774,0.9967143,0.99807346,0.997101,0.995061,0.9945364,0.99650186,0.9969395,0.9959202,0.99729604,0.99969816,0.99787253,0.99927664,0.99828935
1.0,0.0026165545,0.0028081164,0.00078663044,-0.0024491958,-0.001395402,0.0039226785,-0.0007893406,-0.0010981094,-0.000764437,-0.00047440827,0.0035196207,0.0036631376,0.00090400875,-0.0025329366,-0.0040580407,-0.0025717802,0.00080442056,0.0012489893,0.0024934188,-0.0018940268,0.9974639,0.99818027,0.99561507,0.9958795,0.9965094,0.99652344,0.9999832,0.9961078,0.99890655,0.997825,0.99649656,0.993697,0.99719054,0.998304,0.995574,0.9976805,0.9987336,0.9986723,0.99890035,0.99735147
1.0,0.04662355,0.029978625,0.012978799,-0.035319086,-0.02571639,0.03628687,0.00537879,-0.019747725,-0.017050382,0.0018125102,0.01275504,0.056384835,-0.009650692,-0.007919133,-0.035443634,-0.019965686,0.022879992,0.0059772655,0.03841863,-0.020355912,1.0051504,1.0074166,0.98957765,0.9859519,0.9924068,0.9945619,0.99958366,0.99421614,1.0004299,1.0026425,1.0012709,0.988312,0.99935806,1.004494,0.99351734,0.9991227,0.99287534,1.0003679,0.9939462,0.99351865
3.0,0.017203502,0.011469312,0.004571859,-0.013065554,-0.009301921,0.014598044,0.0012990981,-0.0069941506,-0.0058787838,0.0004781019,0.006634284,0.020841207,-0.002840124,-0.0038035884,-0.014378067,-0.007911995,0.007870652,0.0023561083,0.014278337,-0.007946537,1.0001531,1.0014759,0.99372303,0.9930555,0.9957051,0.9959493,0.9994226,0.9953348,0.99912554,0.99946004,0.99822146,0.9916806,0.99777263,1.000676,0.9949411,0.99840933,0.9967661,0.9990672,0.99707425,0.9962925
4.0,-0.018698491,-0.011284605,-0.0057062535,0.014593517,0.011170993,-0.012202974,-0.0022968873,0.008002097,0.008153852,-0.00046962127,-0.0018478483,-0.02269354,0.0028186068,0.0020866394,0.0123753995,0.008328341,-0.0111270435,-0.0023874268,-0.01616159,0.007325055,0.9929578,0.9940519,0.99754304,1.000942,0.99751055,0.99806786,0.99827045,0.9978736,0.9962164,0.9955992,0.99220204,0.9961198,0.99507725,0.9940013,0.9965821,0.9962194,1.0016013,0.9962337,0.9998684,1.0001075
4.0,-0.02401153,-0.0145170465,-0.007126081,0.018551683,0.014139406,-0.016195603,-0.002812747,0.010078681,0.010133486,-0.00071580894,-0.0031392016,-0.029011916,0.0037190989,0.002772823,0.016336404,0.010560833,-0.013858534,-0.0029096864,-0.020601064,0.009586524,0.9918254,0.9928442,0.9980583,1.0019064,0.9974997,0.99838465,0.99826354,0.99831283,0.99590033,0.9950109,0.99116534,0.9968665,0.9947438,0.9928599,0.9968296,0.99578875,1.0023319,0.9958552,1.0003104,1.0005707
3.0,-0.0015216321,-0.00025056303,-0.00078394637,0.0013452619,0.0013707848,0.00067096204,-0.00079588965,0.00092838146,0.0013559125,-0.00015110336,0.00234681,-0.0017840154,0.0005808994,-0.0010109469,-0.0006200373,0.0002091527,-0.0018111244,4.6554953e-05,-0.0014694929,1.8524239e-05,0.9965294,0.997589,0.99591506,0.9972027,0.9969064,0.996912,0.9990598,0.99646926,0.9978768,0.99732816,0.9954761,0.99399006,0.99651283,0.9973684,0.9956574,0.99747723,0.999303,0.9977812,0.99870664,0.9981729
3.0,0.020559281,0.013485391,0.0054489225,-0.015531465,-0.011132764,0.016975788,0.0018240437,-0.008398617,-0.0070890896,0.00064250454,0.007359557,0.024814885,-0.0037916899,-0.004084006,-0.016726334,-0.009173326,0.009507928,0.0025879815,0.017058946,-0.009330855,1.0008103,1.0022622,0.9933133,0.99235153,0.99551386,0.9958796,0.99930525,0.9952436,0.9992305,0.99987364,0.99850017,0.9912663,0.9979124,1.0012106,0.9948148,0.9986149,0.9963047,0.99912757,0.99666065,0.99605757
2.0,-0.0113503635,-0.0065586716,-0.003580981,0.0088415295,0.006914574,-0.0067731217,-0.001694914,0.0049426956,0.0051733106,-0.0004467629,3.2830983e-05,-0.013727214,0.0019177645,0.0007426441,0.006781578,0.004728712,-0.0071197525,-0.0013834164,-0.009714931,0.0041989004,0.99460304,0.9956048,0.9969489,0.99934065,0.997406,0.9976354,0.9986777,0.99732196,0.9970647,0.9964267,0.9935829,0.99524266,0.9957458,0.99558043,0.996249,0.9968675,1.0005943,0.99696,0.9994599,0.9992616
3.0,-0.014497176,-0.0085853785,-0.0044935467,0.011297435,0.008732418,-0.009126853,-0.0019545294,0.006249872,0.006442342,-0.00048484467,-0.00075423345,-0.017568994,0.002305396,0.0013196543,0.009173974,0.0062451586,-0.008834802,-0.0018300377,-0.012444317,0.0055473614,0.9939165,0.9949463,0.9972235,1.0000279,0.9974825,0.99783456,0.9985129,0.99757177,0.9967266,0.996083,0.99297094,0.9956243,0.9954692,0.99492073,0.99639446,0.9966147,1.0010216,0.9966548,0.9996461,0.99961704
1.0,0.0410978,0.02716631,0.012040833,-0.03197412,-0.023276381,0.03302296,0.0037362687,-0.017643778,-0.015521351,0.0012878273,0.01178284,0.05033791,-0.0062078685,-0.008645706,-0.032192852,-0.018898018,0.020669553,0.006716285,0.033944823,-0.018333979,1.0040236,1.0056295,0.9903089,0.9868277,0.9924086,0.9941453,1.0008057,0.9937442,1.0009186,1.0017651,1.0019438,0.9889375,0.9996674,1.0038884,0.9937935,0.99855334,0.9937784,1.001185,0.9952844,0.9933964
3.0,0.00458242,0.0034432597,0.00088188145,-0.0033009574,-0.0020965454,0.0050445125,-2.958998e-05,-0.0016340315,-0.0009541027,2.4553388e-05,0.0038046874,0.005492583,-0.00077974796,-0.0016764477,-0.00503318,-0.0023249127,0.0012333393,0.00054690614,0.003746897,-0.0025410138,0.99784076,0.99899757,0.99529046,0.9959608,0.9967632,0.9967506,0.9990274,0.9962152,0.99826807,0.99813503,0.9962076,0.9932272,0.99688214,0.99858665,0.9955073,0.9979434,0.9984474,0.9981057,0.9981425,0.9976558
3.0,-0.023031898,-0.014051735,-0.0069488334,0.017935721,0.013640655,-0.015541546,-0.0026092455,0.009736112,0.009874336,-0.00059310906,-0.0029141493,-0.027961928,0.0032844692,0.002893038,0.015697576,0.01037205,-0.0134902075,-0.0030141473,-0.019857988,0.009198759,0.99204874,0.9931614,0.997952,1.0018336,0.9975959,0.99841386,0.998067,0.9983022,0.99582154,0.9951529,0.9912222,0.99668276,0.99472374,0.9930821,0.9968168,0.9959122,1.0021977,0.99578923,1.000134,1.0005935
3.0,-0.0112321,-0.0064596534,-0.0035387902,0.00872905,0.0068327133,-0.006722089,-0.0016893893,0.0048750686,0.0051040053,-0.0004934836,8.474663e-05,-0.013566297,0.0019234121,0.0006950572,0.006683171,0.0046132207,-0.0070347823,-0.0013571307,-0.009568222,0.004157671,0.99465346,0.99563074,0.9969681,0.9992926,0.9974191,0.99764246,0.99872094,0.99733233,0.9971331,0.9964432,0.9935816,0.9952466,0.99578184,0.99561447,0.99624246,0.99690986,1.00058,0.9969853,0.99947673,0.99923086
1.0,-0.020195656,-0.012212485,-0.0061765322,0.015762646,0.012041872,-0.013639774,-0.0023519583,0.008563981,0.00874304,-0.00074277073,-0.0021093152,-0.02452192,0.0029354095,0.002368383,0.0135388225,0.0088419765,-0.01192176,-0.0026921593,-0.017268918,0.008098945,0.9927271,0.99376863,0.9978132,1.0012072,0.99766034,0.99828506,0.9982744,0.99813944,0.9962624,0.99542904,0.9916122,0.996368,0.99504334,0.9936616,0.9965996,0.9962987,1.0018231,0.9960615,0.9999869,1.000207
3.0,-0.013474852,-0.007880226,-0.0041725235,0.010442298,0.008101506,-0.008415639,-0.0018863529,0.0057831667,0.0059746765,-0.0005555898,-0.00045756623,-0.016279753,0.0022252053,0.00107871,0.008375987,0.005643055,-0.008234557,-0.0016580336,-0.011465929,0.005111018,0.9941988,0.9951681,0.9971934,0.99976027,0.99749124,0.9978006,0.9986409,0.9975264,0.99694747,0.9962189,0.9931438,0.99553645,0.99560827,0.995175,0.9963651,0.99675703,1.0008826,0.99678844,0.99964017,0.99947685
1.0,0.01549463,0.010911409,0.0044540614,-0.012272019,-0.008702122,0.013460945,0.0006614141,-0.006532898,-0.005683504,-7.036701e-05,0.0064770207,0.019205485,-0.0013906807,-0.0045063943,-0.013528921,-0.008198515,0.0074806325,0.0028969124,0.013220079,-0.0073206704,0.99987316,1.0008012,0.9940825,0.993001,0.9956071,0.9958043,1.0002682,0.99532044,0.99977565,0.9991426,0.99836403,0.99210256,0.99808246,1.0004411,0.99496096,0.99831665,0.9970432,0.99954563,0.9977786,0.9960051
3.0,0.0103280395,0.0071637332,0.0025891121,-0.007795971,-0.0054181856,0.0093410835,0.00052753836,-0.00410345,-0.003253296,0.00011970103,0.0051571503,0.012523904,-0.0015947446,-0.0027432218,-0.009335279,-0.005033739,0.004323136,0.0014255606,0.008634351,-0.004993758,0.9989521,1.0001187,0.9946526,0.9945964,0.9963391,0.9963905,0.99931955,0.9958307,0.9988065,0.9987263,0.9971434,0.9925625,0.99735683,0.99958366,0.99523836,0.99823695,0.997689,0.9986093,0.9977421,0.9969803
3.0,0.01605317,0.010578014,0.0041595837,-0.012081772,-0.008572938,0.013816914,0.0012580603,-0.00642642,-0.0053195246,0.00065935776,0.006280478,0.01934024,-0.002907984,-0.0033561215,-0.01343466,-0.007059492,0.007119756,0.0020252317,0.013179444,-0.0074845133,0.9999205,1.0013304,0.9937809,0.99346185,0.9958293,0.996052,0.9991328,0.9953755,0.99877834,0.9994181,0.9980564,0.9917295,0.9975576,1.0005218,0.99506354,0.99829817,0.9968953,0.99885046,0.99701685,0.99657196
3.0,-0.013091944,-0.0076356605,-0.004063851,0.010163695,0.007899439,-0.008093908,-0.0018643774,0.005643514,0.0058382303,-0.0005250443,-0.00037874654,-0.01581857,0.0022046044,0.0009930655,0.0080798045,0.0054736435,-0.008025713,-0.0015840568,-0.011174597,0.0049482863,0.99424404,0.99522436,0.99713117,0.9996841,0.9974492,0.99774116,0.99865687,0.99746317,0.9969539,0.9962319,0.9932529,0.9954773,0.9956325,0.995224,0.9963215,0.99675167,1.0008339,0.9968306,0.99960405,0.99942297
4.0,-0.027109735,-0.016464785,-0.00798473,0.020919997,0.015904276,-0.018496014,-0.003066957,0.011316833,0.011351481,-0.0007685758,-0.003938187,-0.032748226,0.004129231,0.0032757372,0.018692814,0.012012042,-0.015520051,-0.003272865,-0.023285039,0.0109014725,0.99111986,0.9921556,0.9982995,1.002515,0.9974628,0.9985747,0.9981514,0.9985687,0.9955932,0.9946643,0.9905376,0.997269,0.9944879,0.99216014,0.9969834,0.99548817,1.002759,0.9955693,1.0005003,1.0008922
2.0,-0.018840447,-0.011284672,-0.005691097,0.0146024935,0.0111950785,-0.012340896,-0.002364941,0.008002994,0.008117225,-0.0005935952,-0.0018342212,-0.022785854,0.0029849783,0.0019644052,0.012428343,0.008195803,-0.011114292,-0.0023103468,-0.016159117,0.0073842984,0.99297345,0.9939873,0.99761665,1.0008886,0.99750996,0.9980755,0.99841505,0.9978973,0.9963652,0.995594,0.9921828,0.99619085,0.99514645,0.9939998,0.99659127,0.9962475,1.001619,0.9963077,0.99996614,1.0000486
1.0,-0.0035852417,-0.0035321042,-0.00270944,0.004813919,0.0036707479,-0.001406189,0.0005244799,0.0026979847,0.003866952,0.0014629066,0.0012270212,-0.005982455,-0.0029635876,0.0027809143,0.002289541,0.004800573,-0.004828058,-0.0029441826,-0.004736714,0.0012775443,0.9958394,0.9982727,0.9954409,0.9992304,0.9978037,0.99786884,0.99588364,0.99714434,0.99504477,0.9974541,0.9936618,0.9934226,0.9948612,0.9967354,0.99595004,0.9973878,0.99947125,0.99557114,0.99705505,0.9999896
1.0,0.017545924,0.0113744885,0.004386422,-0.0130005665,-0.009291163,0.014461705,0.0017224252,-0.007042801,-0.0057654902,0.0005993936,0.0066835918,0.020977106,-0.0038550198,-0.00312756,-0.014320459,-0.00751473,0.0077485144,0.0017502494,0.014550865,-0.007973581,1.0003958,1.0019097,0.99376285,0.99321234,0.9960487,0.99629056,0.9988658,0.99562836,0.9988745,0.9996631,0.99773633,0.9916081,0.99756163,1.0007979,0.9950014,0.998715,0.99667406,0.99862325,0.9967454,0.99659926
3.0,0.018148988,0.012494948,0.0051617622,-0.014201522,-0.010124175,0.015500542,0.0010244846,-0.0075917,-0.0066057295,0.00016730465,0.006991107,0.022343863,-0.00202512,-0.0047892705,-0.015417844,-0.00913652,0.008775312,0.0031626,0.015291832,-0.008437722,1.0002737,1.0013413,0.9936648,0.9924741,0.99534196,0.995631,1.0001712,0.99511707,0.9997443,0.9994004,0.9987349,0.99171525,0.99816775,1.0007969,0.9948159,0.99833703,0.9966873,0.9996287,0.9974166,0.99579215
3.0,0.014459133,0.009984024,0.003950204,-0.01118188,-0.007901207,0.012609119,0.0007732138,-0.005937692,-0.005025219,0.00014461204,0.006127212,0.01771358,-0.0017866865,-0.0038421825,-0.0125583485,-0.0072156377,0.0066830367,0.0023571067,0.012151383,-0.0068143858,0.999649,1.0007552,0.99413246,0.9934805,0.9958178,0.99597454,0.99978125,0.99543464,0.9993057,0.9990778,0.9980162,0.99211204,0.9977912,1.0002329,0.9950097,0.9982873,0.9971589,0.99916464,0.997577,0.9963429
2.0,0.016743205,0.011372574,0.004559027,-0.012883499,-0.009172874,0.014216971,0.001119934,-0.00690859,-0.0058699213,0.00023404695,0.0066404417,0.020433195,-0.0024125054,-0.0040466413,-0.01416862,-0.008106001,0.007811237,0.002524916,0.014069848,-0.0077654487,1.0001261,1.0013022,0.993882,0.9929945,0.99571353,0.9959392,0.99972486,0.9953809,0.99941915,0.9993664,0.9982144,0.99183744,0.9979037,1.0006288,0.9949404,0.99845755,0.99684894,0.9992189,0.99732256,0.9961819
4.0,-0.004254453,-0.0020073503,-0.001534231,0.0033337846,0.0028365469,-0.0015035905,-0.0010565743,0.0019819532,0.0023462363,-0.00035607442,0.0017831288,-0.005086351,0.0009569153,-0.00051912665,0.0014270395,0.0013564974,-0.0032893382,-0.00040234253,-0.003600292,0.0011851306,0.9960983,0.99707496,0.9962859,0.99777466,0.99715936,0.9972026,0.9990119,0.9967949,0.9977804,0.9971785,0.99485403,0.99438506,0.99634695,0.99698377,0.99590635,0.9973984,0.9996379,0.9975985,0.99899447,0.9984577
3.0,0.004361175,0.0031711534,0.00076176785,-0.0030576363,-0.0019189059,0.0049214214,5.1259995e-06,-0.0014844444,-0.0007794872,0.00015427917,0.003697589,0.005132504,-0.0009208098,-0.0014576241,-0.004802689,-0.0019921325,0.0009954311,0.00038210675,0.0034627467,-0.0024509642,0.99775594,0.99899113,0.9952385,0.99611044,0.9967926,0.9967837,0.99884295,0.99622107,0.998055,0.99816084,0.9961437,0.99319404,0.99676776,0.99855036,0.9955569,0.99786586,0.99845445,0.99800533,0.9980563,0.9977657
3.0,-0.0057521015,-0.0030308291,-0.0020065168,0.004541546,0.0037182448,-0.002663765,-0.0011395663,0.0026228093,0.002984766,-0.0003465023,0.0014117621,-0.006961424,0.001023531,-0.00012974441,0.0026024282,0.0021681488,-0.0041604154,-0.0007147603,-0.0049044266,0.0018336654,0.99580956,0.9968202,0.99643356,0.9981564,0.99727637,0.9973477,0.9988475,0.99694616,0.9975751,0.9970542,0.9945184,0.99454933,0.9961832,0.9967137,0.99600536,0.99732304,0.9998344,0.9974005,0.9990511,0.99868435
4.0,0.053206515,0.034452315,0.01523081,-0.040662717,-0.029641889,0.041716687,0.005909983,-0.022770958,-0.01977684,0.0021528527,0.014033049,0.064653456,-0.010136038,-0.009661078,-0.04046859,-0.023095608,0.026481252,0.007624354,0.043585964,-0.023283718,1.0058527,1.0082122,0.98834544,0.9840376,0.9909014,0.9937593,1.0002189,0.9935836,1.0008205,1.0031271,1.0025069,0.9875138,0.9999434,1.0050236,0.99308807,0.99867195,0.9921275,1.0011648,0.99350333,0.99253255
2.0,-0.009580329,-0.005565658,-0.0031630946,0.0075756665,0.005946253,-0.005569242,-0.0014144965,0.0042392854,0.004568469,-0.00035807118,0.0004628636,-0.011690762,0.0013673678,0.00070659816,0.0055507943,0.004117079,-0.0063080303,-0.0013738796,-0.008231178,0.003478221,0.995026,0.9960921,0.99679273,0.9990617,0.99747854,0.9976471,0.99854714,0.99728495,0.9971159,0.9966831,0.9937386,0.994991,0.995811,0.99597466,0.9962176,0.9970758,1.0003462,0.9969724,0.9992465,0.99918777
1.0,-0.014320768,-0.009072661,-0.004853868,0.011761997,0.0089551415,-0.009251483,-0.0014503486,0.006432933,0.0069144964,-2.5069341e-05,-0.000859078,-0.017892104,0.0010797009,0.002379313,0.009466253,0.0072560534,-0.0093443245,-0.002668932,-0.012758657,0.005613574,0.9939023,0.9953498,0.9970502,1.0004828,0.99778074,0.99811584,0.9975769,0.9977687,0.9959805,0.9961775,0.9924914,0.9953606,0.9950575,0.99489105,0.9964399,0.9967131,1.0009952,0.9960338,0.9991136,1.0000801
4.0,-0.021471404,-0.012950085,-0.0064296788,0.016625643,0.012698706,-0.014293432,-0.002587486,0.009069997,0.00915733,-0.0006341003,-0.0025034882,-0.025969971,0.0033365563,0.0024035648,0.014423937,0.009434745,-0.012529258,-0.0026360191,-0.018437944,0.008501908,0.9923842,0.99341327,0.9978316,1.0014255,0.9975147,0.9982342,0.9983108,0.9981075,0.9961004,0.9953019,0.9916686,0.99652475,0.99492633,0.9934249,0.9967181,0.9960075,1.0019796,0.996067,1.0001309,1.0003281
2.0,-0.009914063,-0.005590804,-0.0031377291,0.0076789595,0.0060602976,-0.0057038143,-0.0016024895,0.0043211235,0.0045560226,-0.00047700666,0.0004092604,-0.011937659,0.0018131733,0.0004080981,0.005664438,0.0039512515,-0.0062967576,-0.0011270083,-0.008427076,0.0035812205,0.994926,0.9958834,0.9968413,0.99898696,0.9973542,0.9975358,0.998821,0.99720854,0.9972847,0.996579,0.99387205,0.9950908,0.99590635,0.9958828,0.9961787,0.99698925,1.000401,0.99713874,0.9994132,0.99906373
4.0,-0.017940074,-0.010682896,-0.0054187095,0.013878489,0.010663757,-0.011675566,-0.0023093522,0.007620478,0.0077323467,-0.00061557256,-0.0015929192,-0.021668743,0.0029201359,0.0017597228,0.011726156,0.007706739,-0.010598995,-0.002159834,-0.015345544,0.0070006456,0.99318254,0.9941667,0.99755675,1.0006756,0.99749696,0.9980139,0.9985022,0.9978237,0.9965046,0.99569166,0.9923679,0.99609315,0.99524754,0.9941987,0.99654424,0.99633443,1.0014962,0.9964206,0.9999374,0.99992573
4.0,-0.025107116,-0.015160054,-0.0074186577,0.019362628,0.01475455,-0.017068751,-0.0029145963,0.010493467,0.010532118,-0.0008183215,-0.003387887,-0.03030223,0.003918685,0.002888739,0.017150424,0.010962255,-0.014401842,-0.0030098632,-0.021479957,0.010077264,0.99160546,0.99258965,0.9981905,1.002082,0.9975014,0.9984596,0.99829674,0.9984166,0.99588364,0.9948782,0.99091244,0.99703544,0.9947027,0.9926107,0.9968609,0.9957318,1.0024887,0.99578243,1.0004103,1.0006422
3.0,0.035123423,0.022899505,0.009843165,-0.026869845,-0.019491578,0.02801625,0.003471274,-0.014792485,-0.012834463,0.0011633523,0.010487314,0.042644404,-0.0062581673,-0.0067186207,-0.027449042,-0.01565316,0.017188106,0.004917573,0.029076569,-0.015575657,1.0032282,1.0049375,0.9912743,0.98868597,0.993709,0.9949164,0.99988866,0.99439025,1.0001845,1.0013349,1.000532,0.9895914,0.9989473,1.003188,0.99410045,0.9988313,0.9944276,1.0002136,0.9954133,0.99440217
2.0,0.02815577,0.01899008,0.008137124,-0.02200555,-0.015967244,0.022646697,0.0022461712,-0.012090305,-0.010620341,0.00020508282,0.00936795,0.034570344,-0.003922805,-0.0064482912,-0.02274616,-0.013788402,0.014054503,0.004544411,0.023844913,-0.012661575,1.0022708,1.0034103,0.99256885,0.9899393,0.9945189,0.9952599,1.0006045,0.9948466,1.0007612,1.0004998,0.999815,0.9906953,0.9989737,1.0023925,0.9944188,0.9989522,0.9954062,1.0003095,0.9967156,0.9947028
3.0,0.027811144,0.018856399,0.0081582945,-0.021873962,-0.015835091,0.022738919,0.0020154715,-0.011931462,-0.010553751,0.00030852482,0.009218678,0.034263104,-0.0034184754,-0.0066942424,-0.022631254,-0.013727125,0.0139747895,0.004815679,0.023439541,-0.0126091875,1.0020393,1.0031432,0.9924727,0.989969,0.99428755,0.9950399,1.0007716,0.9946033,1.0006896,1.0003865,1.0001392,0.9906705,0.99899614,1.0022804,0.99440825,0.99866456,0.9954665,1.0004873,0.9967986,0.9946261
1.0,0.04076134,0.026939526,0.0119072385,-0.03170787,-0.02309276,0.032508433,0.003749948,-0.017534075,-0.015423659,0.0010620411,0.01183651,0.049892496,-0.006256655,-0.008539073,-0.03192941,-0.018892948,0.020494636,0.0065145753,0.03387118,-0.018106567,1.0040598,1.0056317,0.99046415,0.986869,0.9926156,0.99429005,1.0008329,0.9939439,1.001056,1.0017723,1.0016263,0.9890767,0.99967504,1.003874,0.9937973,0.9987114,0.9937752,1.0011388,0.9953754,0.9933828
4.0,0.028439358,0.018728774,0.007923653,-0.02179217,-0.015754733,0.022988664,0.0025725774,-0.011910265,-0.010316204,0.0007793978,0.009130269,0.034575008,-0.0047661513,-0.005791664,-0.022656847,-0.012985498,0.013814334,0.0040666424,0.02365359,-0.012732061,1.0021334,1.0036179,0.9922746,0.99026877,0.99451,0.995276,0.9998746,0.99472386,0.9999765,1.00059,0.9997494,0.99040806,0.9985992,1.0023097,0.9943936,0.9987558,0.9953116,0.9998883,0.9961506,0.995021
1.0,-0.037488803,-0.023385637,-0.011077202,0.029210292,0.021961017,-0.026298903,-0.0035612136,0.015566645,0.015799165,-0.0005687624,-0.0067680664,-0.04560936,0.0046737194,0.005680889,0.02689337,0.017690703,-0.021533513,-0.0049887486,-0.032708652,0.015350744,0.9886101,0.9900434,0.9988902,1.0048257,0.99732506,0.99940014,0.9971315,0.99958867,0.9939872,0.9935133,0.9880359,0.9984548,0.99331677,0.98967254,0.99759674,0.9943853,1.0042118,0.99415636,1.0007702,1.0022877
1.0,-0.011738516,-0.007099323,-0.003945756,0.009510664,0.0073584877,-0.0073327236,-0.0014322028,0.0052456157,0.0056336746,-0.00031080842,-0.000107206404,-0.014491346,0.0012994707,0.0013798177,0.0073113367,0.005406879,-0.0076235346,-0.0019315444,-0.010241009,0.004518917,0.99450034,0.99571925,0.99695486,0.9996642,0.9976078,0.99783397,0.998188,0.99749565,0.99668515,0.99636847,0.9931167,0.99518275,0.99552035,0.99540216,0.99621296,0.996962,1.0006572,0.996554,0.9991911,0.999517
1.0,-0.029811263,-0.018315502,-0.008855077,0.023138804,0.017515898,-0.02070406,-0.0031173453,0.012430076,0.012552399,-0.00078693964,-0.00462706,-0.03615148,0.0041139424,0.004027903,0.020876117,0.0135066435,-0.017134354,-0.0038681664,-0.025678605,0.012134734,0.9905311,0.99167657,0.9985271,1.0031539,0.99755186,0.9988814,0.9978241,0.9989142,0.9952002,0.9943822,0.98971045,0.99757403,0.9941895,0.9915245,0.9971296,0.99532735,1.0031432,0.99512315,1.000533,1.0012838
4.0,-0.0027583912,-0.001134038,-0.0011345511,0.0022306293,0.0020125615,-0.00030839443,-0.0008809231,0.0014007967,0.0018179268,-0.00018746778,0.0020828769,-0.0033222325,0.00062360615,-0.0006561801,0.00034743547,0.0008567497,-0.0025665984,-0.0002629012,-0.0024312735,0.0005204661,0.9963657,0.9974108,0.9960677,0.99751735,0.99707794,0.99710685,0.99893874,0.99665576,0.99775666,0.9973592,0.99514955,0.99415004,0.9963873,0.997271,0.99586797,0.9974314,0.99942833,0.9976632,0.99881065,0.99837047
3.0,0.012995355,0.008786488,0.0033230735,-0.009792488,-0.006890629,0.011364408,0.00086255,-0.0051958896,-0.0042327046,0.00029434264,0.0057165995,0.015710268,-0.0021730512,-0.0030733198,-0.011261057,-0.0060679987,0.0056598596,0.0017131828,0.010799661,-0.006126562,0.999414,1.0006746,0.99428385,0.9940408,0.9961241,0.9962384,0.99928474,0.99564564,0.99886876,0.9990171,0.9975256,0.9922018,0.9974808,1.0000048,0.9951216,0.99831104,0.99732304,0.998735,0.9974359,0.9967483
3.0,-0.019866452,-0.011744998,-0.0058382144,0.015175838,0.01166504,-0.013009571,-0.002613768,0.008328807,0.008328568,-0.00075512193,-0.0020494089,-0.023847502,0.0035039485,0.0017813966,0.013068087,0.008326553,-0.011470001,-0.002162341,-0.016876623,0.007762734,0.99277246,0.99365103,0.9977519,1.0009353,0.99741876,0.99805284,0.99867994,0.9979156,0.9965144,0.99548197,0.9921497,0.9964044,0.99519354,0.99381787,0.99664515,0.99612445,1.0017498,0.99642336,1.0002031,1.0000093
3.0,-0.03734182,-0.023067988,-0.010920147,0.02892065,0.021821862,-0.026169002,-0.0037031695,0.015432942,0.0155681,-0.0007783007,-0.0066755265,-0.04524335,0.0050636902,0.0052671656,0.026646383,0.017187662,-0.021222267,-0.004686646,-0.032378487,0.015292324,0.988676,0.9899417,0.9989626,1.0046192,0.9972416,0.99929154,0.9974806,0.99949783,0.99429315,0.99348783,0.9882017,0.99853,0.9934983,0.9896987,0.9975133,0.99441844,1.0041946,0.99438447,1.0009167,1.0020808
3.0,-0.017525047,-0.010441475,-0.005315599,0.013576783,0.010434106,-0.011382654,-0.0022551343,0.0074570263,0.0075851604,-0.0005974155,-0.0014900789,-0.021184836,0.002817966,0.0017317533,0.0114277825,0.00754793,-0.010398556,-0.0021417066,-0.014997184,0.0068292236,0.9932785,0.99427295,0.9975208,1.0006069,0.9975102,0.9980051,0.99848604,0.9978043,0.9965244,0.9957448,0.99242365,0.99603415,0.9952688,0.994291,0.9965313,0.9963793,1.0014391,0.9964356,0.99989545,0.9998996
2.0,0.0011064932,0.0012958385,-4.1550957e-05,-0.00074898824,-0.00020236243,0.002516795,-0.0004652664,-0.00022861734,0.00030860305,-0.000108473,0.00301582,0.0013505258,-5.6505203e-05,-0.0012307614,-0.002510108,-0.00087706745,-0.00054514036,0.00019163638,0.000880979,-0.0011164683,0.9971873,0.9982516,0.99568677,0.9966773,0.99693924,0.99693435,0.9990356,0.9964333,0.99808854,0.9978123,0.9957333,0.9936819,0.9966761,0.99802744,0.99572426,0.9977195,0.9989038,0.9979427,0.9985104,0.99798626
4.0,-0.03756918,-0.02287659,-0.010786003,0.02877311,0.021816272,-0.026233882,-0.003951464,0.015388172,0.01534757,-0.0010359213,-0.0066742003,-0.04520895,0.0056547,0.0047417656,0.026617289,0.016709775,-0.020994293,-0.0042823628,-0.032257978,0.0153253,0.9887043,0.9897315,0.99909765,1.004386,0.997101,0.99918324,0.9979586,0.99941343,0.9946917,0.993466,0.98839664,0.9987034,0.9937003,0.98969907,0.9974934,0.9943998,1.0042056,0.9946662,1.0011684,1.001877
1.0,0.00396239,0.0035363398,0.0010294616,-0.0032872334,-0.0020392728,0.0046637394,-0.00048089772,-0.0016063955,-0.0011402108,-0.0004764609,0.003861934,0.005143728,0.0003292188,-0.0024726912,-0.0049327463,-0.0030242056,0.0013824888,0.0011420026,0.0036131814,-0.0023359803,0.9977537,0.9985637,0.9955117,0.9956774,0.99658674,0.99657446,0.9998237,0.9961561,0.9989287,0.99794686,0.9964068,0.99351674,0.9972267,0.9984863,0.99545175,0.99790394,0.99856013,0.99858403,0.9986692,0.99727696
1.0,-0.016262293,-0.010023311,-0.0052127494,0.012978332,0.00990797,-0.010560051,-0.001843024,0.0071078828,0.007429134,-0.0002466794,-0.0012815483,-0.019991186,0.0018875524,0.0022152811,0.010738343,0.007683523,-0.010106258,-0.0025148578,-0.014228441,0.0063574445,0.99351364,0.99477905,0.99729615,1.0006634,0.99767166,0.9981018,0.9979243,0.99782217,0.9961365,0.9959356,0.9923799,0.99571127,0.99508923,0.9945265,0.9965207,0.9965134,1.0012637,0.99614537,0.9994804,1.0000861
4.0,0.01776693,0.011961032,0.0048134997,-0.013619162,-0.009719795,0.014951285,0.0012907833,-0.007323943,-0.006218437,0.00031369925,0.0068505295,0.021626256,-0.0027359128,-0.0040927157,-0.014871225,-0.008442014,0.008285295,0.0025688969,0.014895879,-0.008188463,1.0003216,1.0015513,0.9937441,0.99280345,0.99566287,0.9959215,0.99965173,0.99534804,0.9994109,0.9995027,0.99830055,0.9916961,0.99792826,1.0007967,0.9949102,0.9985109,0.9967058,0.9992214,0.997175,0.99612993
2.0,-0.01856777,-0.011181168,-0.0056572566,0.014457589,0.011072323,-0.012156326,-0.0022906773,0.007921351,0.008070655,-0.00053077564,-0.0017842129,-0.022516284,0.002819568,0.0020398498,0.012267634,0.008195743,-0.01103802,-0.0023690052,-0.015982457,0.0072794687,0.9930232,0.99408454,0.9975707,1.00089,0.9975377,0.99808735,0.99831915,0.99789506,0.99630034,0.99563277,0.9921872,0.99612695,0.9951191,0.9940527,0.9965878,0.9962721,1.0015815,0.99626464,0.999892,1.0000739
2.0,-0.004097156,-0.0020641237,-0.0015979111,0.003379617,0.0028502424,-0.0014122948,-0.0009186603,0.002000155,0.0024349615,-0.00019790605,0.0017572343,-0.0050337054,0.00062437356,-0.0002664551,0.0014207959,0.0015960187,-0.003360089,-0.00059309974,-0.0036140904,0.0011473775,0.9960952,0.9971922,0.99620926,0.9978773,0.9972064,0.99724483,0.99875844,0.99680704,0.9975582,0.99720603,0.9947852,0.99429125,0.9962338,0.9969832,0.9959026,0.99740005,0.9996138,0.99744254,0.99882686,0.9985705
1.0,0.01742123,0.010697592,0.0039812736,-0.012289371,-0.008708315,0.014751749,0.0019939244,-0.0065176543,-0.005117789,0.0014423858,0.006216008,0.020342123,-0.004610367,-0.0023374334,-0.013910022,-0.006217256,0.007159658,0.0012070499,0.013664238,-0.007854746,0.9998833,1.0019102,0.9932469,0.9937708,0.9958652,0.9961297,0.99793804,0.99531734,0.9976706,0.9995695,0.99777466,0.9912056,0.99701566,1.0004404,0.99487805,0.99820423,0.99663675,0.9981218,0.9960333,0.9969695
1.0,-0.01623784,-0.009515807,-0.004848429,0.012460856,0.009631158,-0.010207385,-0.0022806078,0.0069078915,0.0069733225,-0.0005398635,-0.0011994056,-0.019510884,0.002934821,0.0012759343,0.010353491,0.006819278,-0.009589344,-0.0017400496,-0.01389388,0.006187641,0.9935139,0.9944495,0.9973605,1.0002611,0.99735636,0.99779844,0.9986953,0.9975813,0.9967022,0.9958689,0.99292934,0.99588937,0.99541485,0.99457765,0.9964775,0.9963615,1.0012566,0.99669945,0.9999013,0.9996935
3.0,-0.013091572,-0.007640794,-0.004068439,0.010170734,0.0079041375,-0.008093748,-0.0018598177,0.005647543,0.005844429,-0.0005188249,-0.00038138032,-0.015823219,0.002193898,0.0010023266,0.008083224,0.0054849237,-0.008030426,-0.0015910864,-0.0111809075,0.0049497737,0.99424076,0.9952266,0.99712783,0.99968874,0.9974496,0.9977414,0.99864745,0.9974629,0.9969441,0.9962301,0.99324954,0.9954741,0.9956274,0.9952203,0.99631935,0.99675,1.0008339,0.9968239,0.99959725,0.9994269
4.0,-0.032738805,-0.019977085,-0.009531765,0.02520683,0.019110497,-0.022689082,-0.0035131797,0.013540894,0.0135548115,-0.00088213943,-0.005404599,-0.039513875,0.0048688576,0.004160866,0.022983126,0.014624886,-0.018524148,-0.0039020851,-0.028155275,0.013299143,0.9898189,0.9908844,0.99872583,1.0035814,0.9973289,0.99892217,0.99797016,0.99903965,0.99504894,0.99402,0.98935354,0.9980144,0.99403286,0.99084383,0.9972563,0.99492264,1.00354,0.9950412,1.0008312,1.0014575
1.0,0.01092343,0.008035701,0.0031218538,-0.008712545,-0.006047338,0.010069907,0.00013745204,-0.0045475364,-0.0038945377,-0.000222411,0.0054274723,0.013662476,-0.0005335584,-0.003837429,-0.010182716,-0.0062226206,0.005129438,0.0023125075,0.0093725845,-0.0053504575,0.99895865,0.9998344,0.99461794,0.99404615,0.99592316,0.9960031,1.00017,0.9955506,0.99944645,0.9985827,0.99771833,0.99264985,0.99776286,0.9996118,0.9950818,0.9980852,0.99765104,0.9992281,0.99815106,0.9964394
4.0,0.012432113,0.008500159,0.0032147607,-0.009446867,-0.0066354764,0.010943886,0.0007427521,-0.0050066784,-0.0040892214,0.00019483268,0.005631391,0.015090466,-0.0019315332,-0.003102973,-0.010898039,-0.005968619,0.005430136,0.0017302223,0.010405183,-0.0059051206,0.99934256,1.0005327,0.99438953,0.99410605,0.99616027,0.99626106,0.99939287,0.99568546,0.998954,0.9989655,0.9974801,0.9923083,0.997506,0.9999461,0.9951627,0.99830556,0.99740136,0.99877894,0.9975721,0.9967531
1.0,-0.028781287,-0.0178366,-0.008666473,0.022552587,0.017036607,-0.01984942,-0.00294682,0.012135206,0.01233213,-0.0005287975,-0.0044544823,-0.035066094,0.0037449598,0.0041158646,0.02018296,0.013398394,-0.016751114,-0.0039032698,-0.025057767,0.011693854,0.9906528,0.9919507,0.9983114,1.0031135,0.99755365,0.9987912,0.9975872,0.9987868,0.9949833,0.9944535,0.9899452,0.99733627,0.99412113,0.99169105,0.9970602,0.9953295,1.0030106,0.99507475,1.0003169,1.001303
2.0,-0.011934184,-0.0068023056,-0.0036734967,0.009172052,0.007174383,-0.007219203,-0.0018193647,0.005113067,0.0052853674,-0.0005819127,-6.075576e-05,-0.014325749,0.0021868646,0.0006530881,0.0071498007,0.004769884,-0.007310476,-0.0013181418,-0.01008562,0.0044277254,0.99454087,0.99544734,0.99707866,0.99935937,0.9974052,0.99765867,0.99883974,0.9973671,0.9972065,0.9963661,0.9935261,0.99537706,0.9957967,0.99550027,0.99628055,0.99687105,1.0006791,0.99701166,0.99961084,0.99924874
3.0,0.0053675547,0.0038272701,0.0010566404,-0.0038457774,-0.0025043176,0.0056340247,0.00011474267,-0.0019262079,-0.0011901706,0.00014427677,0.003949698,0.00636556,-0.0010900721,-0.0016316175,-0.005550824,-0.0024827942,0.0015404932,0.0005151145,0.004349351,-0.0028730647,0.9979817,0.9992092,0.9951566,0.9958683,0.9967514,0.9967469,0.9988962,0.996178,0.9981799,0.99827427,0.99627554,0.9930889,0.9968594,0.99874216,0.99551564,0.9979585,0.99832153,0.9980827,0.99799293,0.9976534
3.0,-0.019247964,-0.011028446,-0.0054494096,0.01434678,0.011118644,-0.012511734,-0.0028000772,0.007907876,0.007756304,-0.0010724813,-0.001774542,-0.022802662,0.0040158257,0.0011034384,0.012380384,0.007387221,-0.0108053535,-0.0016687028,-0.015990399,0.0074489135,0.9930006,0.99362224,0.99783885,1.0005182,0.9973099,0.9979254,0.9992322,0.9978175,0.99706924,0.99555343,0.99244016,0.99648595,0.9954973,0.9940185,0.9966079,0.9962125,1.0016544,0.99680704,1.0004585,0.9996842
1.0,-0.024270386,-0.014551826,-0.0071518524,0.0186799,0.014263377,-0.016440343,-0.0029029325,0.010137964,0.010159064,-0.00087466836,-0.0031520762,-0.029235158,0.00396844,0.002614148,0.016465895,0.010419287,-0.013873424,-0.0027977787,-0.020713404,0.009726699,0.9917982,0.9927222,0.99814546,1.0018564,0.99747497,0.99836344,0.99844813,0.9983196,0.9960663,0.99493647,0.99114406,0.99695843,0.9948349,0.9927837,0.9967767,0.9958207,1.0023854,0.9959379,1.0004187,1.0004871
4.0,-0.028109632,-0.017060243,-0.008241878,0.021650402,0.016457722,-0.01923965,-0.003167417,0.011698285,0.0117124505,-0.0008189138,-0.0041865557,-0.033923727,0.0043109506,0.003384173,0.019435205,0.0124179125,-0.016023178,-0.0033517368,-0.02411389,0.011323194,0.99090225,0.9919191,0.99839276,1.0026809,0.99743783,0.9986303,0.99816525,0.9986479,0.9955423,0.99455327,0.9903435,0.9974153,0.9944298,0.99193776,0.99703175,0.9953962,1.0028958,0.9955041,1.0005854,1.0009716
4.0,0.008573107,0.006046757,0.0021060212,-0.006484665,-0.004442005,0.008093633,0.00030770525,-0.0033641234,-0.0025910921,9.350851e-05,0.004745517,0.01040978,-0.0012450069,-0.0024855733,-0.008056678,-0.004249189,0.003403712,0.0012197383,0.007158473,-0.004275376,0.99860585,0.99974585,0.9948343,0.99499375,0.9964389,0.9964695,0.999284,0.99591124,0.9986619,0.99856395,0.99692965,0.99276745,0.9972297,0.9993055,0.99534553,0.9981043,0.99791217,0.99851495,0.9979003,0.9971622
4.0,0.01556097,0.01047273,0.0041146167,-0.011838075,-0.008401122,0.013307806,0.0010999031,-0.0063272268,-0.0052861087,0.0003337413,0.006313864,0.018878266,-0.002502285,-0.0035918802,-0.013192486,-0.0073025115,0.007054519,0.0021533854,0.012984969,-0.007239016,0.9998982,1.0011543,0.9939829,0.9933957,0.99588114,0.99606854,0.99945086,0.99547577,0.9991252,0.99928725,0.99795043,0.99191695,0.9977045,1.0004365,0.99501526,0.9984085,0.996987,0.99898267,0.99727577,0.99643356
4.0,0.004535325,0.0034898147,0.00094013475,-0.0033724457,-0.002140937,0.0050599575,-0.00011514872,-0.001662245,-0.0010223128,-3.8169324e-05,0.0038214624,0.005512219,-0.00058264285,-0.0018245429,-0.005065188,-0.0024565123,0.0012833439,0.0006683655,0.0037730113,-0.0025541463,0.9978415,0.9989342,0.995311,0.99590224,0.99672264,0.99671453,0.9991662,0.9961898,0.9983744,0.9981367,0.99628305,0.99326533,0.996942,0.9986074,0.9955274,0.9979167,0.99845266,0.99820954,0.99823684,0.99759305
1.0,-0.039496318,-0.024595492,-0.011681403,0.030874599,0.023239387,-0.027906336,-0.0036709458,0.016402874,0.01668147,-0.00067382306,-0.0073019266,-0.048040066,0.004964933,0.0059428588,0.028441057,0.01855272,-0.022580642,-0.00518883,-0.034514226,0.016342593,0.9880504,0.98952204,0.9990318,1.0051847,0.9971757,0.99945015,0.9971034,0.9996728,0.99377614,0.99310744,0.9875255,0.99870056,0.99320304,0.9889954,0.9974979,0.99419844,1.004546,0.99392563,1.0007969,1.0023978
4.0,0.02240315,0.014967587,0.0062248376,-0.017245937,-0.012391394,0.018545488,0.0017530322,-0.009328492,-0.008055832,0.0005024858,0.007849619,0.027315367,-0.0033968464,-0.0049896464,-0.018329605,-0.010530647,0.010760292,0.0033630617,0.018705674,-0.010197988,1.0010817,1.0023794,0.99309725,0.99166304,0.9951014,0.9955594,0.99986875,0.994991,0.9997183,0.99994016,0.99907887,0.99113506,0.99826986,1.0014641,0.9946762,0.9985642,0.99610794,0.99961513,0.9967968,0.99558246
3.0,-0.012257218,-0.006996073,-0.0037568184,0.009433756,0.0073832143,-0.0074052587,-0.0018914528,0.0052722134,0.0054306276,-0.00058428384,-0.0001534149,-0.014717486,0.0023483112,0.00062970817,0.007365167,0.0048804358,-0.007465735,-0.0012954213,-0.010408975,0.0045782207,0.9943929,0.9953044,0.99705553,0.9994207,0.9973459,0.9976015,0.99886805,0.99733377,0.9971509,0.9962733,0.99352777,0.99540895,0.9957766,0.9953698,0.9962361,0.9967735,1.0007268,0.9970327,0.99963635,0.999224
3.0,0.0060258433,0.004380714,0.0013938723,-0.004533753,-0.0029884926,0.006435197,-6.22496e-06,-0.0022418443,-0.001575496,0.00022913516,0.004057456,0.007315196,-0.0007790774,-0.0020581782,-0.006178841,-0.002927959,0.0020245686,0.00093665347,0.004863076,-0.0032809253,0.9980302,0.99919504,0.9950035,0.99562514,0.99649924,0.99652606,0.99913055,0.9959436,0.99828184,0.99831533,0.996741,0.9930029,0.99697316,0.9988726,0.9955105,0.9977977,0.9982417,0.99833965,0.99805415,0.9974909
3.0,0.03441694,0.022669926,0.009806189,-0.026496693,-0.019218255,0.02768151,0.003143251,-0.014543729,-0.012704842,0.0010147411,0.010381155,0.041952565,-0.0054905415,-0.0070976093,-0.027141698,-0.015750073,0.017032716,0.005242776,0.028487682,-0.015317595,1.0029773,1.0045563,0.9913398,0.98869663,0.9935587,0.99472135,1.0002589,0.99424845,1.0003693,1.0010805,1.0007464,0.9896986,0.9990717,1.0030004,0.99402714,0.9986705,0.9945736,1.0004582,0.99568784,0.9942286
1.0,-0.022642113,-0.013517201,-0.0064874506,0.01711908,0.013101682,-0.014656134,-0.0029878505,0.009428388,0.009306341,-0.0005437508,-0.0028641447,-0.027131435,0.00402195,0.0021616817,0.015112363,0.009790361,-0.0129622035,-0.0023350008,-0.019371212,0.008702407,0.9921099,0.9930123,0.9978291,1.0014983,0.9972853,0.9981387,0.9985605,0.99803793,0.99610853,0.9953222,0.99196374,0.99673826,0.9948723,0.9933669,0.9969897,0.9956179,1.0020732,0.99628186,1.0004456,1.0003884
4.0,0.03340568,0.021912318,0.009404163,-0.025624137,-0.018582715,0.02674636,0.0031731613,-0.014083905,-0.012247596,0.0009925738,0.010172211,0.040631372,-0.005695887,-0.0066340417,-0.026282318,-0.015123155,0.016401712,0.004821807,0.02771455,-0.014856242,1.0029361,1.0045422,0.99155325,0.98903,0.99387383,0.9949612,1.0000181,0.9944541,1.0002463,1.0010884,1.000395,0.9898288,0.99891967,1.0029497,0.9941468,0.9988102,0.9946721,1.0002122,0.9956862,0.9944848
1.0,0.045519114,0.029411636,0.0128076235,-0.034610804,-0.025160648,0.035935156,0.0049590915,-0.019219844,-0.01667336,0.0019107219,0.012426943,0.055181347,-0.0087368265,-0.008201614,-0.034851644,-0.019649774,0.022453729,0.0062975623,0.037283562,-0.019974219,1.004668,1.0068756,0.98954207,0.9861723,0.9921446,0.9942414,0.999825,0.9938529,1.0003068,1.0023059,1.0016699,0.98830205,0.99937904,1.0041934,0.9934553,0.99871904,0.99308294,1.0005802,0.99411035,0.99343
4.0,0.021934882,0.014619153,0.0060383817,-0.016839094,-0.012101889,0.018077888,0.0017719232,-0.009126732,-0.007842809,0.00046423078,0.0077671707,0.026698228,-0.0034907535,-0.004775353,-0.017928384,-0.010262094,0.010462303,0.0031637289,0.018356018,-0.009970323,1.0010681,1.0023708,0.9932041,0.99180895,0.99525374,0.9956813,0.9997692,0.99510854,0.999683,0.99994195,0.9988851,0.9912034,0.9982125,1.0014341,0.9947267,0.99864507,0.9961599,0.9995057,0.99680823,0.9956913
2.0,-0.009832017,-0.0055162758,-0.0030990867,0.00758248,0.005993582,-0.005666472,-0.0016089007,0.0042677494,0.00449384,-0.0005242657,0.00045146793,-0.011817176,0.0018397346,0.00035335124,0.005586751,0.003846243,-0.0062291697,-0.001098521,-0.008306965,0.0035519178,0.99495786,0.9958914,0.9968549,0.9989429,0.9973573,0.99753743,0.9988709,0.99721533,0.99734735,0.9965939,0.99386847,0.99509984,0.9959381,0.99590695,0.9961764,0.99701154,1.0003862,0.99717057,0.9994356,0.99902785
3.0,-0.02077192,-0.012590714,-0.006290191,0.016169844,0.012340333,-0.013820425,-0.0024590343,0.008819113,0.00895546,-0.0005682707,-0.0023398772,-0.025199007,0.003075391,0.0024399385,0.013951853,0.009251229,-0.0122383945,-0.0026737303,-0.01789128,0.0082277,0.992537,0.99361867,0.9977588,1.0013511,0.997562,0.9982372,0.9982104,0.99808604,0.9960721,0.9953894,0.99172413,0.9964032,0.9949297,0.99357045,0.9966928,0.9960897,1.001885,0.9960425,1.0000184,1.0003183
1.0,-0.0026346967,-0.0012744367,-0.001235622,0.002325371,0.002054228,-0.0002747886,-0.0007131137,0.0014411751,0.0019533,-9.259209e-06,0.0020492785,-0.003356859,0.00020207465,-0.00029927492,0.00040280074,0.0011904016,-0.0027182624,-0.00054145604,-0.002482362,0.0005052688,0.9963704,0.997554,0.99598527,0.99766797,0.9971733,0.99719447,0.99861133,0.9967077,0.997482,0.9974276,0.99501956,0.99404866,0.99624175,0.9972907,0.9959001,0.9974424,0.99939895,0.99747056,0.9986192,0.9985259
1.0,0.020287462,0.013445236,0.0053960774,-0.01533702,-0.010998858,0.016610654,0.001755409,-0.008325096,-0.0070492104,0.00039451383,0.007403787,0.024539776,-0.0035773441,-0.004236646,-0.01659238,-0.009368729,0.009493742,0.0026402548,0.016960852,-0.009139295,1.000769,1.0021491,0.9934432,0.99229896,0.9955519,0.9958839,0.9995001,0.99533224,0.99946254,0.9997238,0.99836165,0.99138963,0.9980026,1.0010881,0.9947032,0.99871534,0.9963639,0.9991762,0.99680156,0.9959362
2.0,0.013891228,0.009523135,0.0036967443,-0.010677226,-0.0075535537,0.011954226,0.00085898116,-0.0057103466,-0.004759524,8.4947795e-05,0.0060423426,0.016939592,-0.0020580515,-0.0034692213,-0.012025733,-0.006831769,0.0062788464,0.002009932,0.01177077,-0.006528386,0.9996964,1.0008191,0.99430126,0.993675,0.9960775,0.99621105,0.9995932,0.9956569,0.9992639,0.99913806,0.9976652,0.99220586,0.9977014,1.0002382,0.9951179,0.99845636,0.99721295,0.9989655,0.99756867,0.99653226
2.0,0.013063654,0.008991443,0.0034725294,-0.010028936,-0.007058837,0.01149695,0.00072328746,-0.0053143855,-0.004413612,0.0001737643,0.0057884976,0.01593969,-0.001822874,-0.0033854917,-0.011439018,-0.0063969344,0.005847875,0.0019767545,0.010963358,-0.006210833,0.9994448,1.0005883,0.9943135,0.99388903,0.99603367,0.9961567,0.9995577,0.99558973,0.99909514,0.9990059,0.99769354,0.9922541,0.99761367,1.0000529,0.9951298,0.9982877,0.99732745,0.99893385,0.99760306,0.9966122
3.0,-0.015080608,-0.008892104,-0.004626491,0.011701832,0.009043135,-0.00955249,-0.0020443127,0.006465626,0.006625615,-0.0005450323,-0.0008835159,-0.018225227,0.0024897084,0.0013177022,0.009577759,0.006410189,-0.0090856515,-0.0018256567,-0.0129025355,0.00578952,0.9938017,0.99479306,0.9972996,1.0001013,0.99746877,0.9978458,0.9985789,0.9976008,0.9967505,0.9960032,0.9929013,0.99572176,0.9954659,0.9947988,0.9964063,0.9965754,1.0011064,0.9966541,0.9997302,0.9996365
3.0,0.024660405,0.016521774,0.0069582853,-0.01908299,-0.013761032,0.020188618,0.0019497313,-0.010379447,-0.00903137,0.00042978674,0.00841869,0.03014329,-0.0036152676,-0.0055429116,-0.020055268,-0.0117586665,0.012037836,0.0038140602,0.020681843,-0.011159133,1.0015119,1.0027707,0.9928615,0.9910152,0.9948545,0.9954159,1.0001214,0.9948972,1.0000653,1.0001433,0.9993906,0.99093664,0.9985222,1.0018038,0.9945554,0.9986792,0.9958295,0.9998727,0.99672586,0.9952422
4.0,0.011439502,0.007910982,0.0029440382,-0.008705787,-0.006089119,0.0101793185,0.0006169863,-0.004604224,-0.0037325323,0.000112749636,0.005429767,0.0139130615,-0.0017077997,-0.0029964373,-0.010186635,-0.005608011,0.004947219,0.0016319342,0.009610958,-0.0054797716,0.99917465,1.0003247,0.9945378,0.994302,0.9962408,0.9963179,0.9994214,0.99575925,0.9989528,0.9988469,0.9973315,0.99245,0.9974683,0.99978375,0.99519664,0.99829006,0.9975402,0.9987336,0.99769366,0.9968308
4.0,0.009294763,0.0065454952,0.0023377938,-0.0070686936,-0.0048719565,0.008638669,0.0003586337,-0.0036857333,-0.0029011033,8.103065e-05,0.0049236007,0.011316247,-0.0012931749,-0.0026721954,-0.008616723,-0.0046424493,0.0038216114,0.0013718307,0.0077864304,-0.004585645,0.99874276,0.9998683,0.994762,0.99479747,0.99636716,0.9964088,0.9993658,0.9958551,0.9987675,0.99862134,0.9970646,0.99269503,0.9973104,0.99942213,0.99529976,0.9981404,0.99782205,0.99860275,0.9978736,0.9970523
2.0,-0.020881854,-0.012563981,-0.006266973,0.016182236,0.012374473,-0.013868034,-0.002541747,0.008835861,0.008928634,-0.000644071,-0.0023488663,-0.025253344,0.0032827854,0.002281569,0.013970308,0.009127334,-0.012198873,-0.00254995,-0.017925806,0.008267488,0.99250543,0.9935273,0.9977862,1.0012977,0.9975053,0.9981847,0.9983534,0.9980508,0.9961722,0.9953435,0.9917815,0.99645215,0.99498737,0.99353087,0.99666137,0.99606496,1.0019042,0.9961279,1.0000947,1.0002451
1.0,0.010960087,0.0068927594,0.0023124889,-0.0077014416,-0.005400264,0.009547818,0.0011645369,-0.0041031763,-0.0029740855,0.0006758515,0.00509046,0.0127484985,-0.0031846464,-0.0015756935,-0.009288929,-0.0040598847,0.00400918,0.00049022585,0.008812346,-0.0051550455,0.99914724,1.0007395,0.9944529,0.9949901,0.9966999,0.9967643,0.99824053,0.996048,0.9980027,0.99906945,0.9966684,0.99225724,0.9968931,0.9997556,0.99538064,0.99840134,0.9975263,0.9979185,0.997066,0.9975372
4.0,-0.024855249,-0.015028961,-0.0073440513,0.019170705,0.014605606,-0.016811032,-0.002900511,0.010405883,0.0104423575,-0.0007457994,-0.0033511184,-0.030010257,0.0038714036,0.0028727576,0.016962819,0.010918573,-0.014290784,-0.0029811226,-0.021310471,0.00993691,0.9916382,0.99264574,0.99813026,1.0020555,0.99748296,0.9984287,0.9982653,0.9983768,0.99584407,0.99492073,0.9910127,0.99698544,0.9946876,0.99267817,0.99687535,0.9957037,1.0024456,0.9958011,1.0003822,1.0006431
2.0,-0.00036833435,0.00047177076,-0.0004055947,0.00033893436,0.0006264942,0.0014949441,-0.00070622936,0.00038246065,0.000827495,-0.00020179898,0.00267246,-0.00035847723,0.00042930245,-0.0012170449,-0.0014977157,-0.0003938973,-0.001207646,0.00017888471,-0.0003605783,-0.0004918461,0.9968232,0.9978378,0.9958307,0.9969218,0.9969014,0.9969045,0.9991546,0.99644643,0.9980576,0.9975553,0.9956097,0.9938845,0.9966302,0.9976787,0.9957037,0.9975669,0.9991161,0.9979322,0.9986878,0.99802697
1.0,0.022428066,0.015987061,0.0069587003,-0.018196523,-0.013098601,0.018987037,0.0008913465,-0.009808827,-0.008914515,-0.0003020689,0.008215699,0.028168991,-0.0011625662,-0.006906882,-0.01914604,-0.0124151,0.011736162,0.0049349405,0.019232236,-0.010432022,1.0010121,1.0016849,0.99325985,0.9908066,0.9944782,0.9949837,1.0015379,0.9946674,1.0010624,0.9995596,0.999948,0.99148333,0.99903965,1.0014186,0.9944977,0.9983867,0.99623334,1.0007337,0.9978081,0.99469435
1.0,0.0045906752,0.0034434237,0.0009171674,-0.0033550784,-0.0021307613,0.005153723,-6.759912e-05,-0.0016409308,-0.0009793229,8.327514e-05,0.0037805438,0.005522225,-0.00071904063,-0.0017089471,-0.005059719,-0.0023001134,0.0012364797,0.000597097,0.0037279427,-0.0025911701,0.9978204,0.998976,0.99524873,0.99596125,0.9967161,0.9967151,0.99903643,0.9961642,0.9982303,0.99816394,0.996301,0.99320984,0.99687225,0.9986141,0.9955475,0.9978698,0.99843657,0.99814546,0.9981508,0.9976601
2.0,-0.001502499,-0.0002952218,-0.0007818816,0.00124906,0.0012785909,0.00046385825,-0.00073468685,0.0008335728,0.0012962446,-0.00030445494,0.0024553686,-0.0017841607,0.0004152581,-0.0008782968,-0.0005886182,0.00014773011,-0.0018690117,-0.00012636185,-0.0012459457,3.777095e-05,0.99670076,0.9977007,0.99603295,0.99719864,0.99710304,0.9971035,0.99904597,0.9966585,0.99801,0.99749744,0.99523365,0.99404734,0.9965447,0.99752617,0.9957957,0.997644,0.999269,0.9977655,0.99876523,0.9982033
3.0,-0.025872849,-0.015613094,-0.007636239,0.0199663,0.015213364,-0.017653171,-0.0029851496,0.010807514,0.010841571,-0.000858305,-0.003580328,-0.031216238,0.004066013,0.0029718727,0.017722115,0.011272073,-0.014785498,-0.0030681975,-0.022146255,0.010425992,0.9914175,0.992397,0.9982552,1.0022168,0.9974752,0.99848104,0.9983026,0.99846053,0.9958294,0.9947517,0.99076587,0.99713874,0.99466145,0.9924007,0.9968499,0.9956669,1.0026062,0.99572414,1.0004582,1.000692
2.0,0.031777617,0.020590335,0.008657465,-0.023981106,-0.017350534,0.025399642,0.0032410063,-0.013157425,-0.011310011,0.0011731554,0.009686422,0.03837712,-0.006043859,-0.005846955,-0.024860624,-0.013877619,0.015310947,0.0041334145,0.026159786,-0.014043111,1.0025866,1.0043862,0.99169743,0.9896867,0.99419546,0.99515706,0.99946624,0.9945969,0.99971926,1.0009012,0.99993205,0.9899025,0.9985592,1.0026047,0.99413484,0.99880636,0.9948512,0.999733,0.99547875,0.99487615
1.0,0.060394358,0.03910529,0.017516475,-0.046176527,-0.03361988,0.047822054,0.0066610053,-0.025842233,-0.022489402,0.0029271087,0.0151467845,0.07349516,-0.01109232,-0.011282936,-0.04579678,-0.02595067,0.030236531,0.0092164315,0.048860647,-0.026413891,1.0062996,1.0090275,0.98672014,0.98212516,0.9890154,0.9927672,1.0005001,0.9927416,1.000671,1.0035524,1.0037913,0.986456,1.0003238,1.0052559,0.99244606,0.9978623,0.9912923,1.0017488,0.99260616,0.9915983
3.0,-0.014464095,-0.008502208,-0.0044354713,0.011203758,0.008674929,-0.009047918,-0.0020127073,0.0062111896,0.006371122,-0.0005142931,-0.00073829666,-0.017470311,0.0024423823,0.0011936948,0.0091005415,0.006125346,-0.008753952,-0.001720868,-0.012381323,0.0055058114,0.9939229,0.99490947,0.9972242,0.99997103,0.9974395,0.99779165,0.99861217,0.9975367,0.99679846,0.9960821,0.99306005,0.9956422,0.99551207,0.99493957,0.9963941,0.99659175,1.0010164,0.9967336,0.99970174,0.99956673
1.0,0.00339555,0.0038715936,0.0013883868,-0.003569886,-0.0021750215,0.004718527,-0.0011716932,-0.0016745329,-0.0015549846,-0.00090761855,0.0038807578,0.005085893,0.001963362,-0.0037103444,-0.005057715,-0.0039751716,0.0017806552,0.0022011325,0.0035092756,-0.0023432241,0.9976311,0.99798065,0.9956478,0.9952228,0.99615264,0.99618596,1.0009191,0.99588233,0.99972355,0.9977543,0.9970986,0.9938224,0.9976675,0.99844694,0.99544173,0.99766415,0.99866956,0.999334,0.99936736,0.99680096
3.0,-0.029850416,-0.018233888,-0.008770247,0.023057286,0.017485801,-0.02054593,-0.003251113,0.0124251945,0.012472846,-0.00077642314,-0.004662238,-0.03609403,0.0043988973,0.0038016662,0.02081298,0.013385102,-0.017041259,-0.003652718,-0.02570657,0.012074019,0.9904767,0.9915656,0.9984876,1.0030849,0.9974288,0.9987633,0.9979798,0.9988134,0.99525553,0.9943577,0.9899326,0.997607,0.99422634,0.9915214,0.99712664,0.9952111,1.0031391,0.99526584,1.0006248,1.0012091
1.0,-0.01953698,-0.01357165,-0.007163848,0.0169758,0.012518309,-0.013670169,-0.0008870773,0.009035988,0.01002365,0.0008014422,-0.00243178,-0.025277417,-0.0006891936,0.0054648295,0.014258742,0.011914104,-0.013336673,-0.00505786,-0.018199235,0.008085402,0.9926996,0.9950299,0.9971852,1.0025004,0.9984453,0.9990734,0.9954705,0.9986741,0.9940043,0.9957564,0.9904203,0.9955425,0.99376476,0.99365234,0.99682224,0.996502,1.0017102,0.99423003,0.9984282,1.0016749
3.0,-0.023971923,-0.014705032,-0.0072561344,0.018779175,0.014262674,-0.016131014,-0.0026601441,0.010198535,0.010346871,-0.00045047142,-0.003233891,-0.029161628,0.0033444464,0.0031195208,0.016440414,0.011003427,-0.014051016,-0.0031496696,-0.020858012,0.009596123,0.99172145,0.9929389,0.9979224,1.002092,0.9975107,0.9983923,0.9979099,0.99828815,0.99552965,0.9949697,0.99111015,0.9967367,0.9945625,0.99277794,0.99680096,0.99571854,1.0023371,0.99563503,1.0000896,1.0007328
4.0,-0.01542446,-0.0090926215,-0.0047088517,0.011945067,0.00922816,-0.009795688,-0.0020932294,0.0065982947,0.0067434013,-0.00056493096,-0.0009651631,-0.018625017,0.0025811568,0.0013376251,0.009822547,0.006535247,-0.009251762,-0.0018398128,-0.013184838,0.0059301555,0.99372506,0.9947039,0.997331,1.0001576,0.99746174,0.99785477,0.99859715,0.9976193,0.9967398,0.99596417,0.9928557,0.99577254,0.9954508,0.9947285,0.99642193,0.99653876,1.0011522,0.9966478,0.999771,0.99965537
2.0,0.014127612,0.009627093,0.0037175315,-0.010770623,-0.007619999,0.012142897,0.000928469,-0.005758183,-0.004781183,0.00016521476,0.006052818,0.017176475,-0.0021987036,-0.003428802,-0.012162723,-0.006819863,0.006362263,0.0019847043,0.011884488,-0.0066091837,0.9996904,1.0008748,0.9942336,0.9936705,0.99604416,0.99618334,0.9995044,0.9956222,0.9991723,0.9991247,0.9976853,0.99214125,0.9976644,1.0002203,0.99506617,0.9984393,0.9971852,0.99891216,0.9974697,0.99654114
4.0,-0.03730738,-0.022902668,-0.010823079,0.028759407,0.021747913,-0.02607464,-0.0038085766,0.015368803,0.015424401,-0.0008728355,-0.006647829,-0.04506928,0.005318098,0.005009681,0.026527815,0.016926154,-0.021051293,-0.0044854134,-0.0322278,0.015244681,0.9887037,0.98987114,0.99899745,1.0044961,0.99717104,0.99921995,0.9976914,0.9994351,0.99446326,0.9934853,0.9883375,0.9985837,0.9935908,0.98972255,0.99749196,0.99440503,1.0041801,0.9945252,1.0010164,1.0019758
4.0,0.019072905,0.012722425,0.0051424038,-0.014559351,-0.010418158,0.015886974,0.0015042163,-0.007856537,-0.006667543,0.00040633976,0.0071202144,0.023154076,-0.0031326562,-0.004169233,-0.015772574,-0.008888323,0.00889964,0.0026385598,0.01595135,-0.0087262085,1.0005676,1.0018615,0.99356914,0.9925511,0.99559,0.99589294,0.9995727,0.9953049,0.999412,0.99966717,0.998413,0.99152046,0.997966,1.0010026,0.9948632,0.99857855,0.99652547,0.99923086,0.99699306,0.996054
3.0,0.018998116,0.012510743,0.005012842,-0.014344864,-0.010252783,0.01586245,0.0016128384,-0.007723728,-0.0064928085,0.00060513057,0.007003948,0.022935867,-0.003435254,-0.003882669,-0.015604887,-0.008508481,0.008712541,0.0024240427,0.015737243,-0.008681141,1.0005027,1.0019231,0.993495,0.992713,0.9956208,0.995929,0.9992931,0.9952914,0.99912566,0.99968827,0.9983458,0.9914418,0.99781466,1.0009592,0.9948765,0.9985228,0.9965163,0.99905217,0.99681026,0.9962036
2.0,0.0046912506,0.0035674945,0.0009556059,-0.003481485,-0.002234234,0.0050367974,-4.8261136e-05,-0.001751205,-0.0010803342,-0.00011115335,0.0039055198,0.005676225,-0.0007192865,-0.001768969,-0.005146332,-0.0025440678,0.0013383292,0.0005918592,0.0039831176,-0.002583875,0.9979477,0.99902725,0.9953577,0.9958701,0.9968144,0.99679726,0.99914664,0.9962783,0.99844515,0.9981966,0.99616873,0.9932753,0.99696416,0.99867445,0.9955432,0.9980327,0.99842703,0.9981812,0.99823207,0.9975978
4.0,0.02113238,0.013985869,0.0057133352,-0.016088255,-0.01154037,0.017481769,0.0017667711,-0.0086978,-0.0074110813,0.0005707536,0.007522516,0.025619239,-0.0035728961,-0.0044419393,-0.017254885,-0.009667493,0.009933304,0.0028942153,0.017576836,-0.009603035,1.0008817,1.002263,0.99324834,0.9921094,0.99535745,0.99574804,0.9995436,0.9951454,0.99942654,0.99986637,0.9987218,0.9912344,0.99805367,1.0012764,0.9947518,0.99858785,0.9962532,0.99932396,0.996738,0.99587
2.0,0.0090692565,0.0062071383,0.0021182392,-0.006677307,-0.0045956536,0.008375213,0.0005081631,-0.0034860745,-0.0026266873,0.00022436492,0.0048067383,0.010865871,-0.0016835704,-0.0022705495,-0.008297324,-0.0041804276,0.0035158806,0.0010397993,0.0074628666,-0.004427244,0.9986816,0.9999442,0.99474144,0.9950134,0.99648726,0.99651676,0.9990336,0.9959337,0.99848557,0.9986229,0.9968475,0.9926472,0.9971427,0.99934614,0.9953031,0.99816227,0.99783945,0.99835783,0.9976902,0.99723506
3.0,0.015814424,0.010860704,0.0043080943,-0.01218912,-0.008664023,0.013449943,0.0009937435,-0.006540317,-0.0055537596,8.719228e-05,0.0064841732,0.019346487,-0.0021615177,-0.0039999336,-0.013521977,-0.007859163,0.007399671,0.00245383,0.013366617,-0.0073439963,0.999977,1.0010971,0.994055,0.9931469,0.99580276,0.9959917,0.9998064,0.9954709,0.99949354,0.99921733,0.99804676,0.9919957,0.99789935,1.0004566,0.9949328,0.9984859,0.99698544,0.99918944,0.99746746,0.996215
1.0,0.037792597,0.02543515,0.011286543,-0.029682163,-0.02161632,0.030589579,0.0030138642,-0.016326157,-0.014517169,0.0007558819,0.01127867,0.04657186,-0.004725173,-0.008828968,-0.030098867,-0.018258061,0.0193442,0.0067700185,0.03143028,-0.01694144,1.0034127,1.0047299,0.99088264,0.98734283,0.992657,0.99412113,1.001354,0.993844,1.0013008,1.0011557,1.0017709,0.9894723,0.9997411,1.0033712,0.9937741,0.9985085,0.99425465,1.0013671,0.9959933,0.9933498
2.0,-0.015642203,-0.009088509,-0.0046596555,0.011944329,0.009257009,-0.009865131,-0.002239734,0.006618929,0.006680988,-0.0006616507,-0.0009903945,-0.018750291,0.0029057264,0.0011063665,0.009879686,0.0063842908,-0.009221297,-0.0016501173,-0.013255484,0.00596667,0.99369496,0.9945719,0.99737936,1.0000806,0.9973853,0.99779844,0.9988159,0.99758285,0.996899,0.9959447,0.9929605,0.9958594,0.9955281,0.99471897,0.9964445,0.9964844,1.0011736,0.9967895,0.99991775,0.9995732
3.0,-0.0018269792,-0.00046546012,-0.0008361852,0.0014545321,0.0014432915,0.0003038831,-0.000820633,0.0009651985,0.0013894364,-0.00030365586,0.0023669712,-0.002139151,0.00058772415,-0.00092376024,-0.00038845837,0.0002425164,-0.0019994192,-8.043274e-05,-0.0015279427,0.00015066774,0.9965963,0.9975806,0.9960388,0.997241,0.99705267,0.9970629,0.9990998,0.99662507,0.99799424,0.99744326,0.9952657,0.9940881,0.9965358,0.9974503,0.99580085,0.9975588,0.99930954,0.9977982,0.9988173,0.99819636
3.0,-0.016284853,-0.00954105,-0.004890318,0.012504915,0.009661539,-0.0104337,-0.002234973,0.006897187,0.00698743,-0.0006802678,-0.0011419021,-0.01958039,0.0028669536,0.0013201162,0.010410927,0.0067465603,-0.009616446,-0.0018310808,-0.01381994,0.0062815947,0.9935726,0.9944774,0.9974546,1.0002515,0.99745136,0.99788743,0.99871725,0.99768,0.99680716,0.9958731,0.9927367,0.9959296,0.99545676,0.9945719,0.9964635,0.99648666,1.0012685,0.9966647,0.9999167,0.99967504
1.0,-0.007881053,-0.0036653131,-0.0021104505,0.0055003893,0.0045580263,-0.0037760772,-0.0019759461,0.003240914,0.0032003112,-0.0008269325,0.0010204539,-0.008906011,0.0028960928,-0.001153037,0.0036529005,0.0018991083,-0.0045588054,0.00014682487,-0.006323509,0.0025314915,0.99531245,0.99586606,0.99671286,0.99802876,0.9968594,0.9970077,0.9998996,0.9967483,0.9982047,0.9966518,0.99492157,0.99506253,0.9964926,0.9962932,0.99598587,0.9969415,1.0001383,0.9980146,0.9998163,0.99832714
1.0,-0.009900086,-0.0056796,-0.003153826,0.007733064,0.006092063,-0.005493697,-0.0015945956,0.004387415,0.004630346,-0.00024193339,0.00030577928,-0.011981543,0.0017347634,0.0005147308,0.0056868047,0.004215598,-0.006378863,-0.0011479333,-0.008613735,0.003507714,0.9948313,0.9958852,0.9967047,0.9990797,0.9972761,0.99747056,0.9986601,0.9971134,0.99703795,0.9965871,0.99401915,0.99500734,0.9957924,0.99587166,0.996212,0.99683297,1.0003893,0.99709046,0.9993179,0.9991537
1.0,-0.02795744,-0.017114975,-0.008290711,0.021639243,0.016406137,-0.019264795,-0.0030283034,0.0116630625,0.011757791,-0.0007726103,-0.004139241,-0.03386924,0.0039819553,0.003639236,0.019423567,0.012563258,-0.016098276,-0.0035778917,-0.024024684,0.011302993,0.9909714,0.992063,0.9983879,1.002759,0.9975675,0.99874884,0.9979641,0.99874884,0.99544173,0.99462587,0.99016875,0.9973566,0.99436533,0.9919982,0.99707675,0.9954835,1.0028726,0.99537003,1.0004852,1.0010662
2.0,0.000944227,0.0011923015,-0.00010696612,-0.00057962537,-7.1789604e-05,0.0023872703,-0.00047347695,-0.00013482012,0.0004011914,-0.00011252239,0.0029695183,0.0011382289,-3.0234456e-05,-0.0012115836,-0.002387181,-0.00080247223,-0.00062774494,0.00016763061,0.00071351975,-0.0010200923,0.99711424,0.99819744,0.9956893,0.9967188,0.9969263,0.99691725,0.99902344,0.99642694,0.99805236,0.99774486,0.99569464,0.99369293,0.99665743,0.99794114,0.9956779,0.99769723,0.9989318,0.9979148,0.998498,0.99798375
2.0,-0.0011974946,-0.00031146407,-0.0008081887,0.0011847503,0.0012128688,0.0007553324,-0.0005780868,0.00081328675,0.0013486147,-3.8513914e-05,0.0024185292,-0.0015744641,1.1108816e-05,-0.0005899891,-0.0006881356,0.00044558942,-0.0019062497,-0.00032110885,-0.001195468,-0.00010094489,0.99669874,0.9978573,0.99588364,0.99731016,0.9971183,0.99712485,0.9987214,0.99662685,0.9976909,0.99757713,0.99524134,0.99390125,0.9963885,0.99757034,0.99582714,0.99758285,0.9992084,0.9976008,0.99854404,0.99834937
1.0,-0.012722559,-0.007202372,-0.0038947565,0.009751741,0.007617127,-0.00798627,-0.001898922,0.005391526,0.005546801,-0.00080727227,-0.00016458705,-0.015230585,0.0023927316,0.00066883117,0.007711187,0.004882157,-0.0076409057,-0.0013782717,-0.010611989,0.0048426026,0.99443483,0.99526143,0.9972602,0.9994362,0.9974713,0.99773705,0.9989615,0.99749136,0.9973464,0.996235,0.9932658,0.9955417,0.9958424,0.9953104,0.99624175,0.99694556,1.0008067,0.9969864,0.99973595,0.9992373
3.0,0.02223447,0.015480712,0.0066483943,-0.017767888,-0.012792926,0.01864607,0.0012126416,-0.009605039,-0.0085632205,-1.4634803e-05,0.008060295,0.027646255,-0.0020458996,-0.006082304,-0.018681202,-0.01160441,0.011249188,0.0042749755,0.018955328,-0.010307971,1.001129,1.0019944,0.9932871,0.99117565,0.9948197,0.9953049,1.0008869,0.9948624,1.0005947,0.9997994,0.99957246,0.9913943,0.99875015,1.0015422,0.9946935,0.9985276,0.99620605,1.0002942,0.9974782,0.9951173
1.0,0.006501071,0.0053975917,0.001983407,-0.0054979287,-0.0036400608,0.006960921,-0.0005110949,-0.0027400907,-0.0023349747,-0.0003976673,0.004419096,0.008464102,0.00060996413,-0.003448762,-0.0070513412,-0.004509203,0.0029806904,0.0020199642,0.005724199,-0.0035653159,0.9981106,0.9988239,0.9951296,0.99491996,0.9961009,0.9961335,1.0002992,0.99571913,0.9992864,0.9981045,0.9973103,0.9932309,0.9975489,0.99889475,0.9952962,0.9977798,0.99824196,0.9991097,0.99866945,0.9968011
4.0,0.021907412,0.014665976,0.006078372,-0.016868964,-0.012119751,0.018114066,0.0017028637,-0.009132069,-0.007876176,0.00043096952,0.007770736,0.026715953,-0.0033150762,-0.004909739,-0.017965272,-0.010362286,0.010510914,0.0032791644,0.018337883,-0.009972948,1.0010293,1.002299,0.9931987,0.99176645,0.9951897,0.9956184,0.9998766,0.995061,0.9997436,0.99989426,0.99896574,0.9912171,0.99825627,1.0014055,0.9947001,0.99860203,0.9961749,0.99958307,0.9968664,0.9956268
3.0,0.022204407,0.01483449,0.006150662,-0.017058332,-0.012251098,0.01837126,0.0017400347,-0.009225851,-0.007958572,0.00048218854,0.0078076012,0.02705552,-0.0033722967,-0.0049551204,-0.01817904,-0.010448121,0.010654002,0.0033177696,0.018531092,-0.010087503,1.0010228,1.0023297,0.99311906,0.99171585,0.9951197,0.9955626,0.9998567,0.99500483,0.9996977,0.9998882,0.9990214,0.9911583,0.9982516,1.0013974,0.994648,0.99855953,0.99613494,0.99958795,0.9968005,0.995587
3.0,0.015764274,0.010911278,0.004395092,-0.0123293735,-0.008770375,0.013456266,0.0008971244,-0.00661413,-0.0056683347,4.8410147e-06,0.006525714,0.019389112,-0.0019579306,-0.004140094,-0.013557978,-0.008009784,0.0074457377,0.0025779046,0.013447128,-0.007389348,1.0000479,1.0010681,0.9941088,0.9930737,0.9958017,0.9960012,0.99996865,0.995476,0.9996523,0.9992925,0.998125,0.9920509,0.9979809,1.000563,0.9950322,0.9984939,0.99698544,0.99931943,0.997607,0.9961769
1.0,-0.03885232,-0.02351971,-0.011029781,0.029564254,0.022457143,-0.027144,-0.0041641667,0.015806094,0.015684664,-0.0011937469,-0.0069795027,-0.046597015,0.006085694,0.004676506,0.027504608,0.01701954,-0.02151766,-0.004216332,-0.03319754,0.015828118,0.98845804,0.98936456,0.9992473,1.0044839,0.9970006,0.9992277,0.9981543,0.9995019,0.9947866,0.993351,0.98822254,0.99895674,0.99370235,0.9894433,0.99757546,0.9942688,1.0043676,0.9946996,1.0013726,1.0019009
1.0,-0.0030856282,-0.0013645366,-0.0013033552,0.002546642,0.002226435,-0.0008719191,-0.0007967688,0.0015055742,0.001970332,-0.0003787335,0.0021029636,-0.003772419,0.00045228004,-0.0004621595,0.00066007674,0.00093887746,-0.0027742274,-0.00049876794,-0.0025610998,0.0007719996,0.9964267,0.99744993,0.99624234,0.9975872,0.9972797,0.9972928,0.9988927,0.9968644,0.99786013,0.99734867,0.9947813,0.9942449,0.99639684,0.99722624,0.9958644,0.9976432,0.99947876,0.99753535,0.9988302,0.99842095
4.0,-0.029245019,-0.017835535,-0.008595063,0.022585407,0.01713885,-0.020088397,-0.0032140836,0.012181595,0.012222607,-0.0007753819,-0.004503317,-0.035349745,0.004350297,0.0036742538,0.020340554,0.013073906,-0.01669721,-0.0035591759,-0.02517172,0.011815083,0.99061745,0.9916927,0.9984473,1.0029552,0.9974313,0.9987145,0.9980254,0.99875134,0.9953337,0.9944195,0.990076,0.9975327,0.99428755,0.99165875,0.9970883,0.9952718,1.0030563,0.99533623,1.0005983,1.0011352
3.0,0.036982235,0.024811693,0.010891763,-0.02891415,-0.021102473,0.029403925,0.0031843074,-0.016024483,-0.014159612,0.0004707519,0.011268571,0.045441967,-0.0052116364,-0.008268386,-0.029319718,-0.017863784,0.018793847,0.0061599873,0.031047001,-0.016462822,1.0036026,1.0049036,0.9912681,0.9875966,0.9932204,0.9945712,1.0011224,0.99432373,1.0014257,1.0012351,1.0010808,0.9897121,0.9996496,1.003429,0.9938981,0.99897397,0.99431884,1.0010467,0.9960546,0.9935853
1.0,-0.01111982,-0.0065585896,-0.0035917806,0.00882474,0.006888275,-0.0064584613,-0.0016096905,0.0049613696,0.0052355304,-0.00018677488,-2.8397888e-05,-0.013569158,0.0016954318,0.00090331584,0.006682366,0.004974425,-0.0071333945,-0.0014626943,-0.009769142,0.004081602,0.99452364,0.9956723,0.99677896,0.9994313,0.9973402,0.99756783,0.99844193,0.9972205,0.9967663,0.9964173,0.9936916,0.9951082,0.99561435,0.99555486,0.99622214,0.996744,1.0005606,0.996856,0.9992821,0.99934864
4.0,0.018361464,0.012162689,0.0048577935,-0.013886247,-0.009913661,0.015392585,0.0014956407,-0.007467486,-0.0062789656,0.00052829087,0.006885618,0.02219943,-0.003195703,-0.003884755,-0.015178975,-0.008341707,0.008433413,0.0024174117,0.015229367,-0.008407816,1.0003757,1.0017526,0.99358803,0.9928196,0.9956498,0.9959295,0.9993675,0.9953135,0.99915904,0.99958175,0.998294,0.9915371,0.99781585,1.0008415,0.9948747,0.9984979,0.9966117,0.99906695,0.9969189,0.99621224
2.0,0.01660771,0.011222735,0.004478014,-0.012712229,-0.009038124,0.014135025,0.0011365749,-0.006800851,-0.005754307,0.0002979599,0.0065731592,0.02021486,-0.0024707913,-0.0039463714,-0.014036339,-0.00793346,0.0076877214,0.0024409033,0.01389084,-0.0076890243,1.0000482,1.0012747,0.9938492,0.99307835,0.9957132,0.99593294,0.9996311,0.9953654,0.9992949,0.99933994,0.99817646,0.9918171,0.99784136,1.0005647,0.9949229,0.9984055,0.9968572,0.99915904,0.9972613,0.9962212
3.0,-0.017657503,-0.010484599,-0.005339344,0.01367007,0.010515737,-0.011477176,-0.0022935234,0.0075098006,0.0076233596,-0.0006358456,-0.0015160441,-0.021320049,0.0029210001,0.0016759858,0.011501819,0.0075319484,-0.010427747,-0.0021014176,-0.015099563,0.0068987627,0.9932299,0.99420625,0.997535,1.0006045,0.99747974,0.9979767,0.9985425,0.99778813,0.99655116,0.995692,0.99242365,0.996062,0.9952871,0.99423003,0.9964955,0.9963608,1.0014641,0.99645907,0.99992335,0.99986696
4.0,-0.02423679,-0.014652476,-0.007178341,0.018710546,0.014258879,-0.01633199,-0.0028430223,0.010167366,0.0102111325,-0.0007041618,-0.0032046773,-0.029273357,0.0037668645,0.0027947128,0.016500011,0.010669336,-0.013971593,-0.0029170252,-0.020800747,0.009665718,0.9917713,0.99279004,0.99806833,1.0019467,0.9974846,0.998388,0.9982614,0.9983196,0.9958739,0.9949907,0.9911505,0.9968952,0.9947222,0.99281687,0.9968499,0.9957504,1.0023599,0.9958443,1.0003302,1.0005964
2.0,-0.011036888,-0.0066007227,-0.0036639748,0.008856911,0.006883208,-0.006642226,-0.0014658049,0.004927135,0.0052786097,-0.00025171414,4.279986e-05,-0.013566818,0.0013849884,0.001129061,0.006719932,0.0050287247,-0.007193882,-0.001691848,-0.00964243,0.0041307323,0.9946374,0.9958136,0.996853,0.9994765,0.9975128,0.99772465,0.998304,0.997372,0.99677336,0.9964777,0.99343413,0.99510235,0.9955958,0.99560136,0.996239,0.99692047,1.0005516,0.99672383,0.9992153,0.9994181
3.0,0.011153869,0.007825412,0.0029238854,-0.008576728,-0.0059923804,0.0099580325,0.00052018836,-0.00453764,-0.00370856,-2.341345e-06,0.005413983,0.013644014,-0.0014848113,-0.0031096414,-0.0100405365,-0.0056733303,0.0048871823,0.0017111041,0.009459138,-0.005369392,0.99914855,1.0002248,0.9946189,0.99428445,0.99624175,0.9963134,0.99956876,0.9957784,0.9990874,0.9988004,0.99732614,0.99253255,0.9975276,0.9997519,0.9952037,0.9983022,0.9975866,0.9988061,0.99781775,0.99678403
4.0,-0.02332703,-0.014041945,-0.0069035226,0.017977454,0.013722834,-0.015670609,-0.0027936362,0.009782313,0.009819597,-0.00074299984,-0.0029512122,-0.028144445,0.0037180558,0.0025781915,0.015784696,0.010153666,-0.013445832,-0.0027650557,-0.019965738,0.009285023,0.9919878,0.9929681,0.99801713,1.0017319,0.9974852,0.99832463,0.9983614,0.99824494,0.99602973,0.99508804,0.9913374,0.9967992,0.994833,0.99302226,0.99679595,0.995849,1.0022354,0.99596834,1.0003095,1.0004623
1.0,0.004418023,0.003651034,0.0010802429,-0.0034982227,-0.0021982766,0.0051591285,-0.0003583692,-0.0016881656,-0.0011649579,-0.00017643161,0.0038339533,0.0055725984,1.5974045e-05,-0.0022949427,-0.005176604,-0.0028246418,0.0014612563,0.0010612868,0.0037608296,-0.0025656072,0.9977451,0.99869996,0.9953158,0.9957377,0.9965244,0.9965232,0.999554,0.99604666,0.99861455,0.9980216,0.99654794,0.9933443,0.99709576,0.9985438,0.99546456,0.9977862,0.99848497,0.9984851,0.9984517,0.9973784
4.0,0.033019837,0.021638658,0.009269159,-0.025298208,-0.0183386,0.02645298,0.0031431653,-0.013895912,-0.012071848,0.0010003448,0.010078445,0.040138047,-0.005666472,-0.006529048,-0.025983702,-0.0149110705,0.016178053,0.0047298595,0.027378872,-0.014682447,1.002863,1.0044777,0.99159676,0.98914915,0.99392945,0.99498796,0.999967,0.9944714,1.0001836,1.0010512,1.0003328,0.9898607,0.9988746,1.0028911,0.9941605,0.9987987,0.99471766,1.0001633,0.9956926,0.99454147
3.0,-0.018855967,-0.011382803,-0.0057676127,0.014730625,0.01128155,-0.012435794,-0.002293963,0.008060486,0.00822524,-0.00057465583,-0.0018453076,-0.022898678,0.00284186,0.0020990595,0.012497567,0.008314006,-0.0112087205,-0.0024437457,-0.01623872,0.0074600577,0.9929226,0.99400204,0.99759007,1.0009599,0.99754137,0.99809843,0.9983007,0.9979211,0.9962612,0.99555475,0.9920566,0.9961591,0.9950982,0.9939274,0.9965408,0.9962563,1.0016274,0.9962195,0.9998827,1.0000701
3.0,-0.0071301684,-0.0039050952,-0.0023878673,0.0056052897,0.0045134015,-0.0035986565,-0.0012989901,0.003215543,0.0035337918,-0.00031682663,0.0010449439,-0.008627433,0.0012846068,6.5892935e-05,0.0036195442,0.0028329268,-0.0048889816,-0.00084653124,-0.0061398298,0.0023957992,0.99547136,0.99649584,0.99651927,0.99846065,0.9972674,0.99737316,0.99879706,0.99698925,0.9973979,0.99688405,0.99436224,0.99469984,0.9960577,0.9964204,0.9960572,0.9971521,1.0000198,0.99730635,0.9991403,0.9988258
4.0,0.03368641,0.022052277,0.009464994,-0.025813993,-0.018717658,0.026964089,0.003231693,-0.0141876135,-0.012327045,0.0010471642,0.010210518,0.040946256,-0.005816944,-0.00661768,-0.026461076,-0.015168417,0.01651105,0.004816305,0.027919821,-0.014973538,1.002977,1.0046126,0.99149483,0.98899204,0.9938472,0.9949544,0.9999659,0.99443495,1.0001993,1.0011374,1.0004182,0.98977727,0.99890834,1.0029885,0.99414396,0.99880135,0.9946286,1.0001976,0.995619,0.9944868
4.0,-0.034534805,-0.021145716,-0.010048932,0.026617423,0.020151246,-0.02401907,-0.0036202446,0.014267472,0.014302924,-0.00086053833,-0.005896192,-0.041713234,0.005016573,0.004525952,0.024385557,0.015563749,-0.019535584,-0.004154574,-0.029771369,0.014061846,0.9893815,0.9904983,0.9988283,1.0039583,0.9972808,0.9990463,0.9978334,0.9992004,0.9947963,0.9938157,0.9889509,0.99823004,0.99384576,0.99041,0.9973559,0.9947203,1.0037909,0.99482447,1.0008948,1.001678
2.0,0.05353261,0.03479094,0.0154428985,-0.04101633,-0.029902931,0.04214062,0.005773876,-0.022934774,-0.019976791,0.002116641,0.014112219,0.06514836,-0.009725638,-0.010069519,-0.040855624,-0.0234809,0.026776168,0.007982634,0.04379297,-0.02343829,1.0057317,1.0080487,0.9882151,0.9838496,0.99062836,0.9935266,1.0004898,0.9934055,1.0009277,1.0030025,1.0027626,0.9874593,1.0000684,1.004933,0.9929627,0.99848795,0.9921238,1.0013962,0.99358886,0.99229944
2.0,-0.0117926225,-0.006673485,-0.0035927491,0.0090073515,0.0070674755,-0.007055979,-0.0018677562,0.0050438903,0.0051893927,-0.00060456805,-2.1073967e-05,-0.014114607,0.0023093969,0.00051645935,0.0069969073,0.0046131834,-0.007189084,-0.0012103133,-0.009944327,0.004352862,0.99453723,0.9954158,0.99704427,0.99929094,0.99734795,0.9975971,0.9989304,0.9973171,0.9972583,0.99636716,0.9936195,0.99537313,0.99583584,0.995517,0.99626154,0.9968281,1.0006536,0.9970997,0.9996453,0.99917334
2.0,-0.019121192,-0.01131212,-0.0056653684,0.014658004,0.011270549,-0.012486104,-0.00251206,0.008049018,0.008082394,-0.0007172674,-0.0018674433,-0.022986818,0.0033200681,0.0017355308,0.012534216,0.00804808,-0.011109937,-0.0021311082,-0.01626993,0.0074654557,0.9929315,0.9938377,0.99768144,1.0008177,0.9974389,0.99802554,0.99864316,0.99787205,0.99653614,0.9955562,0.9922524,0.996292,0.995229,0.9939632,0.9965983,0.9962043,1.001652,0.99644285,1.0001163,0.9999597
1.0,-0.02673968,-0.01643601,-0.008050446,0.020875812,0.015819624,-0.018440284,-0.0028330013,0.011248644,0.011414722,-0.0006930344,-0.0038470477,-0.032505866,0.0036350787,0.0036114454,0.01856929,0.0121561065,-0.015535995,-0.0035750754,-0.023085818,0.010858545,0.9912046,0.9923753,0.99826676,1.0026059,0.9976158,0.99868864,0.99785656,0.99865353,0.99542475,0.9946978,0.9903156,0.9971452,0.99440837,0.9921889,0.9969422,0.99562943,1.0027273,0.99535984,1.0002961,1.0009913
1.0,0.05736479,0.038895264,0.017944142,-0.045609143,-0.03369927,0.045390215,0.004866779,-0.025751686,-0.022920463,0.0006812047,0.015816081,0.07109309,-0.006735176,-0.01374878,-0.044959653,-0.028304864,0.03010768,0.011155035,0.04760053,-0.025458042,1.0063264,1.0076895,0.987955,0.9813625,0.9891728,0.9925675,1.0034909,0.9931426,1.0036554,1.0027561,1.0042995,0.9876493,1.001735,1.0053955,0.9926802,0.99844,0.99205303,1.0035845,0.9953069,0.9904516
3.0,-0.02253291,-0.013637483,-0.0067447545,0.017460017,0.013313297,-0.01512802,-0.0026502088,0.009498728,0.0095919855,-0.00066277944,-0.0027653761,-0.027271662,0.0034233406,0.0026235282,0.015248276,0.009951517,-0.0131193325,-0.0028086863,-0.019350149,0.008969897,0.9921619,0.99320257,0.9979327,1.0016518,0.99754256,0.9983275,0.998244,0.99822015,0.99599355,0.99518996,0.99140793,0.9966592,0.9948349,0.9931932,0.9967716,0.9959405,1.002128,0.99594265,1.000184,1.0004544
1.0,-0.011821106,-0.006844878,-0.0037221042,0.009208124,0.0071854587,-0.0071680993,-0.0017241836,0.005128499,0.005354259,-0.00048763677,-6.8005174e-05,-0.014293399,0.0019654408,0.00082553923,0.007140085,0.0049215257,-0.007361401,-0.001456406,-0.010091372,0.0044136513,0.99452615,0.9955195,0.99702066,0.99943024,0.9974394,0.9976838,0.99866873,0.9973797,0.9970541,0.9963731,0.9934603,0.9953116,0.99572104,0.9954853,0.9962632,0.99687034,1.0006622,0.9969076,0.9994957,0.9993113
4.0,0.049969908,0.032467112,0.014315444,-0.038261693,-0.02789538,0.039241184,0.005393259,-0.021378027,-0.018599954,0.0018518977,0.013476025,0.060766153,-0.009233251,-0.00928501,-0.038213085,-0.021966126,0.024899509,0.0072446987,0.0410626,-0.021902978,1.0054091,1.0075853,0.98893017,0.9848152,0.99143,0.9939398,1.000313,0.99372447,1.000874,1.0027564,1.002207,0.98792297,0.99984753,1.0047296,0.99325037,0.99875516,0.9925527,1.0010959,0.9939615,0.99277544
1.0,-0.015991658,-0.009468153,-0.004855656,0.012373319,0.009545398,-0.010130741,-0.0021641143,0.0068422407,0.0069703646,-0.00050809607,-0.001137577,-0.01931392,0.002682209,0.0014301986,0.010245219,0.0068559125,-0.009568673,-0.0018869191,-0.013724148,0.006135365,0.99356997,0.99456716,0.9973352,1.0002913,0.9974332,0.99785763,0.9985543,0.99762774,0.9966266,0.9959109,0.99282235,0.9958269,0.99537754,0.9946159,0.99646974,0.9964272,1.001223,0.99661076,0.9998026,0.99973094
4.0,-0.03219983,-0.019681148,-0.00940429,0.024833664,0.018819539,-0.022276007,-0.003448926,0.013348733,0.013379488,-0.0008234903,-0.0052794367,-0.038900774,0.0047369525,0.0041398928,0.022593483,0.014456786,-0.018276807,-0.003885325,-0.027737498,0.013067024,0.989928,0.9910233,0.998662,1.0035152,0.9973503,0.9988938,0.9979254,0.998996,0.9950378,0.9940823,0.9894613,0.9979224,0.99404293,0.9909661,0.9972365,0.99496275,1.0034653,0.9950581,1.0007697,1.001435
4.0,0.044116557,0.028760444,0.012595515,-0.033841114,-0.02464711,0.034808803,0.004566297,-0.018812576,-0.016387839,0.0014907345,0.012358811,0.053671993,-0.007892489,-0.008386657,-0.03403063,-0.019632481,0.021925833,0.0064109936,0.03640718,-0.019420257,1.0045955,1.0065247,0.98991543,0.9863056,0.99236673,0.9943117,1.0002651,0.99397117,1.0007395,1.0021768,1.0016135,0.98860645,0.99956197,1.0041837,0.99359435,0.9988419,0.99330145,1.0008315,0.99462754,0.99335897
1.0,0.027887303,0.01926504,0.008550579,-0.02242843,-0.016221529,0.023308314,0.0015620328,-0.012137972,-0.010948278,0.00021563284,0.009273402,0.034732096,-0.0023307428,-0.007549815,-0.02306062,-0.014370862,0.014372338,0.005614314,0.023566484,-0.0128519405,1.0019197,1.0027881,0.99236614,0.9896366,0.9938426,0.9946655,1.0014453,0.99424976,1.0010476,1.0003092,1.0008024,0.9907006,0.9992807,1.0023102,0.994432,0.99833095,0.9954979,1.0010517,0.9971709,0.99429256
3.0,0.009694561,0.006921172,0.0025423681,-0.007503368,-0.0051864437,0.0089708045,0.00029737502,-0.0039194394,-0.003167253,-2.119504e-05,0.0050658993,0.011905272,-0.0010942742,-0.0029642358,-0.009005472,-0.0050622374,0.0041473396,0.0016062967,0.00821317,-0.004780134,0.99882996,0.9998708,0.99474955,0.9946011,0.9962822,0.99633104,0.99958533,0.99580204,0.9989742,0.9986403,0.9972175,0.99269795,0.99743927,0.99950427,0.9952735,0.99815226,0.9977787,0.99877405,0.99796885,0.9969015
2.0,0.04607197,0.029871758,0.013053557,-0.035173748,-0.02560975,0.036194906,0.004961364,-0.019589888,-0.017014723,0.001678003,0.012696426,0.05592666,-0.008641399,-0.008451305,-0.0353242,-0.020207547,0.02281386,0.0064650737,0.03793519,-0.020192143,1.0048714,1.0069641,0.9895741,0.9859074,0.9921505,0.99426246,1.0000727,0.9939469,1.0006298,1.0024059,1.0016596,0.9883517,0.9995559,1.0043473,0.9934639,0.9988532,0.99301654,1.0007664,0.99426556,0.9932542
4.0,0.018076904,0.012134131,0.00490148,-0.013853222,-0.009888845,0.015234318,0.0013255477,-0.0074425694,-0.00632352,0.00038120337,0.006891869,0.021993358,-0.00280454,-0.004118733,-0.015091572,-0.008515064,0.008425765,0.0026089475,0.015114494,-0.008337047,1.0003588,1.0016106,0.99367356,0.9927531,0.9956139,0.9958889,0.9996249,0.9952995,0.99937177,0.9995473,0.99838215,0.9916362,0.9979265,1.000848,0.99491113,0.9984813,0.99666125,0.99923563,0.997122,0.9961193
3.0,-0.022329256,-0.013515629,-0.0066959197,0.017330525,0.013218928,-0.01494927,-0.0026336573,0.009436961,0.009533778,-0.0006299149,-0.002730444,-0.027035926,0.0034009963,0.0025905147,0.015094735,0.009883754,-0.0130148865,-0.0027771555,-0.01921527,0.008885803,0.99217546,0.993234,0.9978908,1.0016222,0.9975182,0.99828804,0.9982359,0.99817705,0.9959743,0.995187,0.9914727,0.9966196,0.9948379,0.99320924,0.996738,0.9959315,1.0021034,0.9959548,1.0001519,1.0004318
1.0,-0.02076362,-0.011924587,-0.0058655934,0.015524643,0.012009602,-0.013533466,-0.0029705875,0.008547136,0.008353937,-0.0010472182,-0.0021959841,-0.024593804,0.00432691,0.0012678131,0.013497233,0.008077614,-0.011552639,-0.0017413534,-0.017360225,0.00806555,0.99262613,0.9932519,0.9979316,1.0008017,0.9972398,0.9979334,0.99921244,0.9978631,0.9969027,0.99533,0.9922918,0.99667317,0.9953759,0.99364865,0.9966248,0.9960284,1.0018731,0.99670327,1.0005568,0.9998323
1.0,0.044130377,0.029062439,0.012903947,-0.034186866,-0.024881367,0.035416007,0.004133623,-0.01888323,-0.016600717,0.001542449,0.012312297,0.05397828,-0.006814301,-0.009163454,-0.034383237,-0.020067357,0.02221832,0.00718401,0.03624595,-0.019586898,1.0042914,1.0060819,0.98971283,0.98609453,0.9918259,0.99383104,1.0008119,0.99349546,1.0008736,1.0019419,1.0023273,0.988521,0.9997817,1.0040426,0.99349916,0.99838334,0.99338937,1.0013237,0.9948682,0.9930341
3.0,0.0107445195,0.007360678,0.0026714345,-0.008059282,-0.005610774,0.009678137,0.00061528385,-0.0042398665,-0.0033599809,0.00021935254,0.005209796,0.01297994,-0.0017844215,-0.0027076602,-0.009602025,-0.0050763823,0.0044824183,0.0014056303,0.0089184195,-0.005169864,0.99899983,1.0002272,0.9945613,0.9945578,0.9963065,0.9963718,0.9992228,0.9957901,0.998717,0.9987798,0.9971892,0.9924749,0.9973248,0.9996367,0.99522483,0.99822026,0.9976237,0.9985736,0.99763155,0.99698913
4.0,-0.02091156,-0.012579076,-0.0062672654,0.016185004,0.012374505,-0.013890918,-0.0025461875,0.008835701,0.008923922,-0.00064909086,-0.0023516044,-0.025280382,0.0032828525,0.002287209,0.013991371,0.009135835,-0.012211796,-0.002553463,-0.017932199,0.008269072,0.99251854,0.9935312,0.99779975,1.001298,0.99751616,0.9982004,0.9983575,0.9980645,0.9961856,0.9953605,0.9917751,0.99646205,0.99498844,0.99354774,0.99668455,0.99607176,1.0019047,0.99612886,1.0001078,1.0002558
2.0,-0.0007435307,0.00014691055,-0.0005682213,0.00064846873,0.00082663586,0.0010307617,-0.0006380081,0.0005071778,0.000996057,-0.00025445782,0.0026308186,-0.0008779019,0.00021742284,-0.0009321198,-0.0011322722,-0.00012849271,-0.0015043281,-8.0026686e-05,-0.00059039146,-0.0003067085,0.9968863,0.99790007,0.9959547,0.9970542,0.9971008,0.99710256,0.9990194,0.9966321,0.99804366,0.9976395,0.99533683,0.9939494,0.9965767,0.99771965,0.9958214,0.9976982,0.99915177,0.99780023,0.9986953,0.99817
2.0,-0.022871591,-0.013805583,-0.006808608,0.017673492,0.013483422,-0.015358772,-0.002715394,0.009616257,0.009683017,-0.00070222653,-0.002842296,-0.027639199,0.003557764,0.002596125,0.015473664,0.010027848,-0.013253979,-0.0027843677,-0.019605756,0.009102548,0.9920903,0.99310076,0.99797124,1.0016816,0.99751794,0.9983262,0.9983021,0.99823135,0.9960173,0.9951487,0.99138016,0.9967217,0.9948379,0.9931236,0.99678403,0.99590224,1.0021732,0.9959592,1.0002432,1.0004544
2.0,-0.0041165724,-0.002121918,-0.0016282909,0.0034222342,0.002872108,-0.001424063,-0.0008830428,0.0020206757,0.0024704598,-0.00014118291,0.0017330386,-0.005087938,0.0005188212,-0.0001681298,0.0014698654,0.0017107651,-0.0034158044,-0.0006602518,-0.0036610588,0.0011435312,0.9961066,0.9972335,0.9962024,0.9979197,0.99723506,0.997279,0.9986749,0.9968258,0.99749327,0.997236,0.994762,0.99427474,0.99619216,0.9970031,0.9959367,0.9974046,0.99961096,0.9973882,0.9987892,0.99863315
2.0,0.024922654,0.016318232,0.0067374306,-0.018906392,-0.013633193,0.02015981,0.0023401529,-0.01031737,-0.0088169165,0.00070584007,0.008354567,0.030146101,-0.0045800656,-0.0048441812,-0.019931398,-0.01118255,0.011827722,0.0032233335,0.020742483,-0.011168247,1.0016137,1.0031183,0.99279124,0.99125624,0.9950945,0.9956544,0.9994876,0.9950586,0.999613,1.000309,0.99903,0.9907995,0.99824387,1.0018483,0.9945901,0.99881303,0.99574053,0.9994274,0.9963147,0.9955612
4.0,-0.016905762,-0.009950817,-0.0050663436,0.012977334,0.010007892,-0.010894809,-0.00228085,0.007146747,0.0072314814,-0.00067822635,-0.0012996607,-0.020339485,0.002920173,0.0014525354,0.010889575,0.007065445,-0.009966154,-0.0019314475,-0.014353283,0.006536507,0.9934482,0.9943595,0.99750876,1.0003903,0.9974726,0.99794257,0.99867195,0.99774116,0.99673516,0.99582785,0.9926083,0.9960056,0.995395,0.9944604,0.99651784,0.9964357,1.0013483,0.99659866,0.9999536,0.99976015
2.0,-0.016689017,-0.010035008,-0.0051669655,0.013051674,0.010014746,-0.010842122,-0.002070237,0.0071589993,0.0073608346,-0.0005038008,-0.0012997687,-0.020281885,0.0024296269,0.0018338487,0.0108888,0.0073781386,-0.010076594,-0.0022325516,-0.0143498555,0.0065054763,0.9934754,0.99454755,0.99743783,1.0005337,0.99758685,0.99803853,0.99832106,0.99780285,0.9964671,0.99586535,0.99245,0.995884,0.99525493,0.9944715,0.996515,0.9964955,1.0013247,0.9963688,0.99973726,0.99991894
4.0,-0.025432728,-0.015406139,-0.0075167427,0.019633517,0.014947087,-0.017248467,-0.0029348508,0.010645859,0.010687567,-0.0007447079,-0.0035036765,-0.030721936,0.0039197803,0.0029930845,0.017412677,0.011215754,-0.014615294,-0.0030696131,-0.02182746,0.010189274,0.9915019,0.9925247,0.99817073,1.0021825,0.99748224,0.99846804,0.99822086,0.9984269,0.995766,0.99485093,0.9908831,0.9970529,0.9946303,0.9925399,0.9968984,0.9956504,1.0025274,0.9957308,1.0004025,1.0007128
2.0,-0.012747057,-0.0074438974,-0.0039792536,0.009921221,0.007715252,-0.007814541,-0.0018192716,0.005518089,0.005725488,-0.0004728604,-0.00031245127,-0.015420672,0.0021122918,0.0009784698,0.007834949,0.0053794757,-0.007866692,-0.0015644319,-0.010916173,0.0047939364,0.9943049,0.9953093,0.9970784,0.99963623,0.99743915,0.99771965,0.998623,0.9974294,0.9969332,0.9962727,0.99332464,0.995417,0.99563277,0.9952925,0.9963122,0.99676025,1.000785,0.9968358,0.99955386,0.99941283
3.0,-0.018283576,-0.010951281,-0.0055463454,0.01420824,0.010903029,-0.011896465,-0.0023142472,0.0078021297,0.007928383,-0.0005451124,-0.0017147101,-0.022132013,0.002903618,0.0018850863,0.012012452,0.007980175,-0.010831885,-0.002244722,-0.015730478,0.0071512423,0.9930565,0.9940942,0.9975356,1.0007948,0.9974809,0.9980145,0.9984073,0.9978255,0.9963639,0.9956304,0.9923113,0.99610174,0.9951705,0.9940879,0.9965421,0.9962606,1.0015451,0.9963465,0.99990356,0.9999919
3.0,-0.016335078,-0.009773873,-0.005033127,0.012741484,0.009796832,-0.010515656,-0.0020901188,0.007009997,0.007191755,-0.00050208345,-0.0012167618,-0.019818734,0.002498515,0.0016806051,0.010583751,0.0071504116,-0.009846382,-0.0021050088,-0.014045231,0.006336772,0.9935227,0.9945742,0.9973864,1.000432,0.99753034,0.99796504,0.9983998,0.9977311,0.99652284,0.99588543,0.9925944,0.99584657,0.9953032,0.9945345,0.99648464,0.996477,1.001275,0.9964594,0.99974585,0.9998385
4.0,-0.05021335,-0.031114265,-0.014400435,0.038711533,0.029152473,-0.035605192,-0.0045758933,0.020418806,0.0206857,-0.00081868656,-0.0102579,-0.060696613,0.006516494,0.007362537,0.03660164,0.023464039,-0.028194174,-0.0060192943,-0.043791566,0.020709267,0.9854484,0.9869359,0.99964625,1.0069529,0.99641514,1.0000865,0.99691415,1.0005907,0.9927769,0.9919494,0.98532486,1.0002351,0.9923228,0.98640704,0.9982217,0.9927884,1.0059983,0.9930132,1.001475,1.0034168
4.0,-0.031721123,-0.019406073,-0.009283642,0.024489768,0.018555399,-0.021910295,-0.003401529,0.013171829,0.013213128,-0.00078639574,-0.00516339,-0.03834593,0.0046447143,0.004099272,0.022239804,0.014280237,-0.018044803,-0.003854178,-0.027352944,0.01286075,0.9900283,0.99113876,0.99861026,1.0034455,0.99736637,0.9988654,0.99790657,0.9989565,0.9950475,0.9941376,0.9895628,0.9978476,0.99406254,0.9910764,0.9972171,0.99500054,1.0033987,0.99508756,1.0007268,1.0014038
3.0,-0.016759932,-0.00998728,-0.0051201275,0.013012327,0.010006837,-0.010832291,-0.0021599196,0.0071531394,0.0073051974,-0.00056227297,-0.0013027005,-0.020283122,0.0026398003,0.0016672537,0.010872595,0.007247962,-0.0100192055,-0.0020957477,-0.014351189,0.006507393,0.99345565,0.9944666,0.99745494,1.0004728,0.9975264,0.99798423,0.9984648,0.99776286,0.9965662,0.99584264,0.99253714,0.995927,0.99531007,0.99446183,0.9965078,0.99645823,1.0013332,0.99646723,0.99982095,0.99985003
1.0,0.0020409971,0.0013328046,-0.00019147154,-0.00083359703,-0.00030761817,0.0030803978,7.3414296e-05,-0.00028978102,0.00050009787,0.0004224144,0.0030099154,0.0019782297,-0.0012940913,-0.00042521954,-0.002808854,-0.00023974478,-0.0005806945,-0.00044753775,0.0011646152,-0.0013534769,0.99719733,0.99870473,0.99535376,0.9969438,0.9970565,0.99703604,0.99815845,0.99644345,0.99732363,0.9979017,0.9954905,0.99330795,0.9962996,0.99800676,0.99561185,0.99773335,0.99875677,0.9974059,0.99784845,0.9982977
4.0,0.020491503,0.013716776,0.0056253294,-0.015731331,-0.011280039,0.01702167,0.0015836507,-0.0084996335,-0.0072867945,0.0004116632,0.0074474216,0.024954472,-0.003173627,-0.004581563,-0.01688749,-0.009658471,0.009727526,0.0029967017,0.017147176,-0.009357134,1.0007912,1.0020629,0.99338317,0.992144,0.995371,0.99573636,0.99975646,0.99516654,0.9995974,0.99976766,0.9987201,0.9913714,0.9981244,1.0011998,0.9947745,0.99857974,0.996354,0.9994295,0.99694604,0.9958227
1.0,0.0241527,0.014966704,0.005857091,-0.017520774,-0.012619451,0.01915211,0.0030440204,-0.00960844,-0.007843271,0.0013344232,0.007902324,0.028514871,-0.006506495,-0.0030291602,-0.018663436,-0.009238649,0.010633521,0.0017115623,0.019758284,-0.010666508,1.0016456,1.0036681,0.9927835,0.9921221,0.9957697,0.9962882,0.99800485,0.9954853,0.99848795,1.0006293,0.99809784,0.9906389,0.9975102,1.0018214,0.9948153,0.9990529,0.99569833,0.99834985,0.99551785,0.9964839
2.0,-0.004077576,-0.0019155145,-0.0014941469,0.0032071322,0.0027376846,-0.0013815239,-0.0010219887,0.0019102041,0.0022874884,-0.00033659488,0.0018222667,-0.004886057,0.0008812472,-0.0005052611,0.0013107061,0.001314655,-0.0032168366,-0.00041179731,-0.0034548715,0.0011077516,0.9961468,0.99713343,0.99626946,0.99775213,0.99717116,0.9972126,0.9989847,0.99679667,0.9977761,0.9972152,0.99486643,0.9943578,0.9963467,0.997032,0.9959153,0.9974202,0.9996117,0.9975915,0.99896836,0.99846315
2.0,-0.017614737,-0.010308184,-0.005227168,0.013473131,0.010399044,-0.011416011,-0.0024009533,0.007414463,0.0074563287,-0.0007741563,-0.0014540553,-0.021130752,0.0031871349,0.0014104322,0.011369027,0.007224776,-0.010253083,-0.0019017719,-0.014907777,0.0068484256,0.9932835,0.9941442,0.99759305,1.0004649,0.9974315,0.9979323,0.9987812,0.9977618,0.9967754,0.9957025,0.99252325,0.99612826,0.995403,0.99427736,0.9964974,0.99637574,1.0014534,0.99661386,1.0000575,0.9997506
4.0,0.038533386,0.025132503,0.010886521,-0.029508207,-0.021442885,0.030599505,0.0038771331,-0.016307322,-0.01418259,0.0012849085,0.011197921,0.046830636,-0.0068570822,-0.007368475,-0.02995399,-0.017176103,0.019000862,0.00549588,0.031853892,-0.017033895,1.0037445,1.0055358,0.99076825,0.9877872,0.9932051,0.9946762,1.0000396,0.9942164,1.000406,1.001632,1.0009642,0.9892154,0.99918336,1.0035657,0.9938958,0.99884367,0.9940037,1.000449,0.99511755,0.9939993
4.0,-0.034985133,-0.021371655,-0.010146861,0.026917156,0.02039424,-0.024365105,-0.0036858022,0.014422864,0.014436897,-0.000930544,-0.005997073,-0.042208876,0.0051639974,0.0045058057,0.024699539,0.01566302,-0.019720333,-0.0041419603,-0.03010432,0.014260972,0.9892876,0.9903665,0.99888676,1.003996,0.997249,0.9990579,0.9979025,0.999227,0.99483,0.9937537,0.9888684,0.99831474,0.99385303,0.99029785,0.9973584,0.9946863,1.0038549,0.99482745,1.0009556,1.0016756
1.0,-0.019430213,-0.0123206675,-0.006300832,0.015735328,0.011894027,-0.012998566,-0.0019062273,0.008546426,0.00897244,-6.875023e-05,-0.0021592267,-0.024101522,0.0018216968,0.0032208487,0.013321541,0.009684056,-0.012100346,-0.0032856204,-0.017257132,0.007788728,0.9927063,0.9942089,0.99743617,1.001557,0.99778074,0.99836797,0.99736613,0.9981273,0.99542105,0.99555284,0.991559,0.9959781,0.99462116,0.99374276,0.9966416,0.9962133,1.0017085,0.9955791,0.99943036,1.0006081
1.0,0.047563545,0.031196315,0.013873471,-0.036717217,-0.026734352,0.037949502,0.004630681,-0.020347921,-0.017854031,0.0017090905,0.012991063,0.058083292,-0.007606983,-0.009674907,-0.036831014,-0.021451563,0.023937855,0.0076107346,0.038983352,-0.020974794,1.0047123,1.0066715,0.9891196,0.9852385,0.9912918,0.99359614,1.0008298,0.9933573,1.0009279,1.0022388,1.0025904,0.9881164,0.9999423,1.0042971,0.9932253,0.9983218,0.9929323,1.0014712,0.9944522,0.9926381
1.0,-0.013601698,-0.0076023117,-0.0040172404,0.010213256,0.007985238,-0.008631468,-0.0020982064,0.005639337,0.0057007074,-0.0010003913,-0.00030845404,-0.016139474,0.0028003603,0.0005409196,0.0082646385,0.0049623623,-0.00795424,-0.0012962483,-0.0111564845,0.0051721865,0.9943289,0.9950138,0.99743044,0.9994727,0.99746424,0.9977781,0.9991979,0.9975615,0.99753815,0.99618477,0.99317276,0.99574256,0.99590415,0.9952121,0.9963309,0.99690986,1.0009143,0.997082,0.99996805,0.9992147
4.0,0.027952187,0.018391293,0.0077612656,-0.021402571,-0.015468283,0.02259732,0.002540391,-0.011694562,-0.010113426,0.0007708892,0.009024978,0.033963483,-0.0047458634,-0.0056518763,-0.022277847,-0.012731206,0.013535213,0.0039447546,0.02325929,-0.012521215,1.0020739,1.0035572,0.9923501,0.990407,0.9946005,0.9953372,0.9998182,0.9947738,0.99992764,1.0005676,0.9996509,0.99046296,0.99855036,1.002263,0.99443614,0.99876845,0.9953681,0.9998262,0.9961762,0.99510366
2.0,-0.008118957,-0.0043432936,-0.0025716936,0.0061889924,0.004963559,-0.0044576153,-0.0014839284,0.0035033105,0.0037439652,-0.0006136093,0.0009271763,-0.00967465,0.00169646,-4.388392e-05,0.004259214,0.0028736368,-0.0052371994,-0.0008046515,-0.006726958,0.0028308693,0.99538326,0.9962434,0.99676764,0.9985021,0.9973278,0.9974542,0.99906313,0.9971213,0.99766916,0.99678195,0.9941605,0.99493957,0.9961544,0.99627995,0.99609554,0.99721473,1.0001628,0.99737793,0.9993986,0.9987887
2.0,0.0062294975,0.004548978,0.0014198488,-0.0046574883,-0.0030906615,0.00635691,6.917119e-05,-0.0023594256,-0.0016630143,5.3660944e-05,0.0041908734,0.0075561367,-0.0008825734,-0.0020810664,-0.006312862,-0.0031641722,0.002162017,0.0008906014,0.005160883,-0.0032809877,0.9981475,0.99927795,0.99509555,0.9955393,0.9965952,0.99660164,0.9991855,0.99605495,0.9984553,0.9983082,0.99657243,0.9930409,0.997044,0.9988919,0.9954465,0.9979791,0.9982267,0.9983202,0.9980725,0.9974284
4.0,-0.019184582,-0.01149416,-0.005779165,0.014852526,0.011382067,-0.012588646,-0.0024035312,0.00813649,0.008241411,-0.0006040577,-0.0019192286,-0.023192752,0.003049858,0.0020061433,0.012682274,0.008342467,-0.011290729,-0.0023393147,-0.016447388,0.007523777,0.9929012,0.99390864,0.9976477,1.0009515,0.99750876,0.99809414,0.99841577,0.9979235,0.9963435,0.9955612,0.99212724,0.996239,0.9951236,0.99393326,0.996614,0.9962146,1.0016649,0.9962883,0.99999905,1.0000808
3.0,0.019933343,0.013444681,0.005537942,-0.015410032,-0.01103876,0.016665574,0.0014329106,-0.00830747,-0.0071575306,0.00033456273,0.0073524415,0.024357464,-0.0028646216,-0.00465928,-0.016552735,-0.009570915,0.009517174,0.0030614696,0.016737543,-0.009155246,1.0006925,1.0018935,0.99346614,0.9922031,0.99536824,0.9957189,0.99988997,0.9951597,0.9996722,0.9997021,0.998738,0.9914655,0.99815357,1.0011352,0.9948115,0.9985302,0.9964316,0.99950296,0.99708915,0.9958105
2.0,-0.028881103,-0.01750435,-0.008416698,0.02218537,0.016865233,-0.019738324,-0.003275741,0.011990119,0.011969794,-0.00082105584,-0.0043965057,-0.03480828,0.004501164,0.0034318268,0.019990206,0.012736693,-0.016393676,-0.0033617802,-0.024771027,0.0116094025,0.99072427,0.99172217,0.99844134,1.0027995,0.99738675,0.9986458,0.99819064,0.99868387,0.99549216,0.99447703,0.9902722,0.99752903,0.9943778,0.9917823,0.99708796,0.99528384,1.0029951,0.9954821,1.0006686,1.0010369
1.0,-0.0043257102,-0.002278015,-0.0016881423,0.0036074445,0.0030198917,-0.0014988333,-0.00092738867,0.0021448229,0.002583757,-8.9060515e-05,0.0016486347,-0.005360212,0.000603348,-0.00015742332,0.0016158745,0.0018474087,-0.0035412572,-0.0006604232,-0.0039128065,0.0012309814,0.99597895,0.9971365,0.99615324,0.99798566,0.9971768,0.99722373,0.99865377,0.996776,0.99739236,0.9971759,0.994787,0.99427176,0.9961498,0.99690926,0.9959127,0.99729663,0.9996353,0.9973882,0.99877715,0.9986322
4.0,-0.024900258,-0.015070632,-0.007370102,0.019228095,0.014644157,-0.016851053,-0.0028897189,0.010433435,0.010479052,-0.00073146075,-0.003367994,-0.030079331,0.0038456023,0.0029096007,0.017008789,0.010971107,-0.014329571,-0.0030068494,-0.021369003,0.009961332,0.991625,0.99264574,0.99812955,1.0020784,0.9974886,0.99843585,0.9982372,0.99838275,0.9958168,0.9949109,0.9909942,0.99698293,0.9946731,0.9926614,0.99687284,0.9957032,1.0024546,0.9957774,1.0003684,1.0006615
4.0,0.04439253,0.028960355,0.012696698,-0.034075778,-0.024823591,0.035024904,0.0045835674,-0.01894894,-0.016514655,0.0014848281,0.012424428,0.054027203,-0.007899649,-0.008473985,-0.034248035,-0.019790247,0.022088204,0.006488364,0.036640435,-0.019544404,1.0046369,1.0065606,0.989877,0.9862148,0.9923125,0.99428385,1.00031,0.9939554,1.0007843,1.0021961,1.0016618,0.98858345,0.99959666,1.0042144,0.9935787,0.9988389,0.9932712,1.0008731,0.9946262,0.9933109
1.0,0.011185534,0.0072968677,0.00253091,-0.008110207,-0.0056900787,0.00961924,0.0010348409,-0.0043457113,-0.0033015385,0.0003337562,0.005298808,0.013228629,-0.0027946904,-0.0020421073,-0.009625964,-0.0047236495,0.004386585,0.0007956661,0.009299785,-0.005242589,0.99926233,1.0006756,0.99458027,0.99469745,0.996651,0.9967163,0.99867827,0.9960759,0.998471,0.9990338,0.9967022,0.9923855,0.9971259,0.9998044,0.99531853,0.9985085,0.9975039,0.99816394,0.9973099,0.997276
1.0,0.0076332837,0.0070445873,0.0027470272,-0.007117655,-0.004906532,0.006953053,-0.00079265237,-0.0038502999,-0.0036079846,-0.0018830262,0.0054356977,0.010466363,0.0016903505,-0.0049557462,-0.008389562,-0.0071295127,0.004380174,0.0029534288,0.007866971,-0.0038904806,0.99891204,0.99888223,0.99576706,0.9937803,0.996222,0.99624807,1.0018419,0.99611163,1.0012912,0.998102,0.9971552,0.9937104,0.99853605,0.99927723,0.9951387,0.9986779,0.998213,0.99988973,0.99960107,0.99595314
4.0,0.03387031,0.022191793,0.009534027,-0.025972195,-0.01883784,0.027102454,0.0032419749,-0.014280846,-0.012415826,0.0010356568,0.010258235,0.041186616,-0.0058186054,-0.006680779,-0.026608001,-0.015283868,0.016625393,0.0048705675,0.0280817,-0.015056759,1.0030123,1.00464,0.9914781,0.9889291,0.993818,0.9949391,1.0000017,0.9944274,1.0002418,1.0011483,1.0004508,0.98976576,0.99893564,1.003014,0.99413365,0.9988103,0.99460995,1.000226,0.99562377,0.9944537
4.0,0.03455297,0.02261129,0.009663069,-0.02638961,-0.019167127,0.027409166,0.0034299456,-0.0145710055,-0.012638614,0.0009755548,0.010442525,0.041958958,-0.0061741546,-0.0066729486,-0.027038947,-0.015570816,0.016959678,0.004820261,0.028693125,-0.015277872,1.0031832,1.0048538,0.9914574,0.9887692,0.993856,0.99500567,0.9999453,0.99454504,1.0003307,1.0011941,1.0003219,0.98973703,0.99895483,1.0030766,0.9940532,0.9989748,0.994522,1.0001504,0.9955349,0.9944115
3.0,0.01725252,0.011692882,0.0047266884,-0.013321247,-0.009497179,0.014623655,0.0011709444,-0.007148057,-0.006096285,0.0002671741,0.006752722,0.021069586,-0.0025092363,-0.004121259,-0.014545806,-0.0083149,0.008074384,0.0025983378,0.014517225,-0.008013004,1.0002484,1.0014224,0.9938225,0.9928708,0.99567467,0.99592817,0.99973917,0.9953528,0.99945754,0.9994686,0.9983041,0.99177927,0.9979377,1.0007571,0.9949696,0.9984721,0.99677193,0.9992633,0.9972901,0.996151
4.0,-0.019341365,-0.011581361,-0.00582363,0.014969578,0.011471469,-0.012735799,-0.0024148598,0.008192955,0.008296445,-0.0006382372,-0.0019456148,-0.023376364,0.0030774772,0.0020198002,0.012798436,0.008381471,-0.011363879,-0.00235866,-0.01655835,0.007603867,0.99287736,0.99387443,0.99767894,1.0009723,0.997519,0.9981114,0.99842894,0.99794626,0.9963584,0.9955393,0.9920735,0.996268,0.995126,0.99389595,0.99661195,0.99622285,1.0016887,0.9962771,1.0000167,1.0000846
3.0,-0.027680807,-0.01653625,-0.0079930285,0.021117322,0.01612731,-0.018899046,-0.0032942146,0.011432105,0.011337325,-0.0010397173,-0.004006408,-0.033192184,0.004684463,0.0028934032,0.018956587,0.011748187,-0.015532482,-0.0029881783,-0.023514349,0.011129191,0.9910528,0.9918899,0.9984609,1.0023894,0.99735373,0.9985109,0.99855655,0.99854475,0.99592257,0.9945612,0.99057424,0.99746627,0.9946505,0.99204046,0.99694556,0.99547267,1.0028399,0.99576443,1.0007402,1.0007356
2.0,0.0028181747,0.0025537312,0.00056740455,-0.0022265688,-0.0012781103,0.0038546883,-0.0004307069,-0.0010224525,-0.00050449,-0.00020352751,0.003471233,0.0035709962,2.9802322e-05,-0.001828976,-0.0039091185,-0.0019702166,0.00052652135,0.00067351386,0.0024392754,-0.0018763568,0.9975281,0.99849105,0.9955411,0.9961554,0.99675024,0.99674493,0.99936783,0.99625915,0.9984517,0.9979466,0.99615276,0.99353755,0.9969336,0.99833965,0.9956177,0.99779844,0.99868804,0.9982597,0.99853414,0.9976557
4.0,0.035727914,0.023451164,0.010129152,-0.027447741,-0.019936176,0.028490718,0.0034281686,-0.015131494,-0.013187382,0.0010354165,0.010682873,0.043495853,-0.006049305,-0.007111095,-0.028006602,-0.01621816,0.01765206,0.0052376315,0.02963791,-0.015848737,1.0033067,1.0049437,0.9912287,0.98840195,0.993547,0.99479926,1.000164,0.9943413,1.0004473,1.0012949,1.0006968,0.9895857,0.9991073,1.0032289,0.99401385,0.99883926,0.9943846,1.0004056,0.9955212,0.9941883
4.0,-0.047192544,-0.029079475,-0.013500425,0.036266055,0.027372912,-0.033359446,-0.004489962,0.019196453,0.019337974,-0.00094654225,-0.0093708,-0.056934703,0.0064478815,0.0066155866,0.03416433,0.021699771,-0.02639452,-0.005527228,-0.040938247,0.01941567,0.98626816,0.9875762,0.99956375,1.0062927,0.9966021,0.99984956,0.9972771,1.0002935,0.993346,0.99232984,0.9861214,0.9999026,0.9927081,0.98723555,0.99803793,0.99320304,1.0055608,0.99349165,1.0014709,1.0029978
2.0,-0.015722908,-0.009327143,-0.004823464,0.012223236,0.009425278,-0.010025334,-0.002084177,0.0067428323,0.0069049112,-0.0005250722,-0.001056347,-0.01902726,0.0025341138,0.0014693886,0.010079734,0.006765999,-0.009457983,-0.0019381903,-0.013487846,0.0060640424,0.9936507,0.9946655,0.9973402,1.0002594,0.99748236,0.9978885,0.998511,0.9976509,0.99664396,0.9959336,0.99277234,0.9957884,0.99539095,0.99465823,0.99643904,0.99651235,1.0011939,0.9965729,0.99974847,0.9997258
3.0,-0.010309897,-0.005732335,-0.0031438256,0.007874064,0.006241083,-0.005759567,-0.0017961673,0.004479577,0.0046249107,-0.00045436434,0.0002736859,-0.012309235,0.0022281706,0.00018616766,0.0058448017,0.003983356,-0.006384682,-0.00091087073,-0.008803166,0.003677456,0.99473244,0.9956465,0.9967951,0.9989904,0.9971774,0.9973809,0.99899006,0.99707496,0.99727947,0.9964708,0.9940736,0.99514705,0.9959196,0.99575734,0.996156,0.99678206,1.000452,0.997276,0.99952215,0.9989908
3.0,0.006183639,0.0043197386,0.0012946054,-0.0044511817,-0.002937728,0.0063939355,0.00016984344,-0.0022202954,-0.0014718994,0.00028938614,0.0040712133,0.007344529,-0.0011689886,-0.0017864555,-0.0061674416,-0.0027533695,0.0019559748,0.0006765947,0.004919447,-0.0032489717,0.9980372,0.99931896,0.99496645,0.9957159,0.9965964,0.99660707,0.99888426,0.99601823,0.9981101,0.99832344,0.99652976,0.99293745,0.99687403,0.9988315,0.9954545,0.997866,0.99820954,0.9981549,0.99787647,0.9975675
2.0,0.00016117841,0.0006203726,-0.00038265716,9.960681e-05,0.00042051496,0.0017937012,-0.0004908815,0.00022972375,0.00077516586,-5.1358715e-05,0.0027518086,0.00012493879,-6.663799e-05,-0.0009400025,-0.0017473772,-0.0002888739,-0.0011169128,-4.081428e-05,-1.8060207e-05,-0.0006809614,0.9969545,0.99808747,0.99574935,0.99695903,0.9970007,0.99699616,0.99886745,0.9964962,0.9978762,0.99767834,0.99552417,0.99375415,0.9965366,0.9977964,0.9957276,0.99765307,0.9990349,0.9977681,0.9984844,0.9981421
4.0,-0.02243051,-0.013490543,-0.006660751,0.017304856,0.013218881,-0.014995888,-0.0027114637,0.009430194,0.009480137,-0.00070662424,-0.0027302876,-0.027073424,0.003577523,0.002452761,0.01511164,0.009765729,-0.012978524,-0.0026700757,-0.01921098,0.0089022685,0.99218196,0.9931704,0.99793434,1.0015656,0.9974884,0.9982689,0.9983718,0.9981687,0.9960922,0.9951866,0.99151844,0.99667525,0.994894,0.9932178,0.9967532,0.9959245,1.0021123,0.9960382,1.000241,1.0003803
2.0,-0.00532528,-0.003087014,-0.002091349,0.00451966,0.0036590078,-0.0023516417,-0.00086769834,0.0026092678,0.0031072833,3.0174851e-06,0.001379773,-0.0067172833,0.00035370886,0.00036144257,0.0025001392,0.0026221946,-0.0042515434,-0.0010728464,-0.004843153,0.0016824978,0.9958237,0.99707794,0.9962464,0.9983407,0.99735767,0.99742234,0.99833584,0.9969564,0.9971195,0.997151,0.99443364,0.9943424,0.9959524,0.99675953,0.9960263,0.99730235,0.99975955,0.99711174,0.9987144,0.9989118
3.0,0.018525742,0.012558028,0.0051177284,-0.014317241,-0.010236375,0.015562976,0.0012939088,-0.007710485,-0.0066182464,0.00025859848,0.0070550665,0.02264867,-0.0026622638,-0.0044096485,-0.015509665,-0.008965958,0.008791279,0.0028360076,0.015598148,-0.008548846,1.000474,1.0016482,0.99368155,0.9925298,0.9955373,0.99583465,0.9998449,0.9952792,0.99961406,0.9995578,0.9984944,0.99164987,0.9980594,1.0009298,0.9948766,0.9985339,0.99661684,0.9993793,0.9972163,0.9959731
3.0,0.008429855,0.005638618,0.0018229214,-0.0060000457,-0.0040947464,0.007949609,0.0005409308,-0.0030967444,-0.0022083968,0.00041376054,0.0045573376,0.009948917,-0.0018382072,-0.0019203797,-0.0077228993,-0.00355535,0.0030307658,0.00077784806,0.0067236647,-0.004130151,0.99846005,0.99985504,0.99470186,0.9953063,0.9965231,0.996544,0.9987485,0.9959321,0.99813765,0.9985352,0.99672085,0.9926253,0.9969519,0.99916023,0.99530154,0.99804616,0.99791706,0.9981531,0.9975552,0.99741757
1.0,0.013699129,0.009268027,0.003557196,-0.010398559,-0.0073365844,0.011852574,0.00090686977,-0.0055336542,-0.004557535,0.00022846647,0.005922869,0.016597178,-0.0022078678,-0.0032602996,-0.011811808,-0.006500028,0.006062731,0.001845818,0.01147265,-0.006419233,0.99956924,1.0007945,0.99422777,0.9938307,0.9960795,0.9962065,0.9993932,0.9956291,0.9990145,0.9991092,0.9976052,0.9921531,0.9975775,1.0001414,0.9950989,0.99836236,0.99722147,0.9988451,0.99743915,0.9966216
3.0,-0.00035646558,0.00078636035,-0.0001624329,-3.823638e-05,0.0003779861,0.001615867,-0.00097207725,0.00019816123,0.0005062185,-0.00047130138,0.0027920716,-5.8103353e-05,0.0010735393,-0.0017804131,-0.0017380565,-0.0009946302,-0.0009030625,0.00063117966,-7.648766e-05,-0.0005940988,0.9969001,0.9976707,0.9959296,0.99664885,0.9967774,0.9967939,0.9996717,0.9963843,0.99851435,0.9975653,0.9958638,0.9940226,0.9968758,0.99777895,0.99574184,0.9975541,0.9991198,0.9982941,0.9990165,0.99778575
2.0,0.00011135638,0.0006567612,-0.0003386289,4.0456653e-05,0.00038194563,0.0017601475,-0.00055222213,0.00019766949,0.00071119145,-0.00013208576,0.0027781725,0.0001317747,7.44015e-05,-0.0010513291,-0.0017607436,-0.00041220337,-0.0010779724,4.049018e-05,2.8774142e-05,-0.0006814606,0.99698186,0.9980509,0.9957937,0.9969052,0.996995,0.9969944,0.9989873,0.9965041,0.9979953,0.9976934,0.995549,0.99380064,0.99659413,0.99782825,0.99575496,0.9976652,0.99903893,0.99784595,0.9985724,0.9980952
3.0,0.033197533,0.021754589,0.009345013,-0.02550438,-0.018505221,0.026546754,0.0031838678,-0.014034061,-0.012192138,0.0009893011,0.010142457,0.04038185,-0.0057736486,-0.006501138,-0.026096951,-0.014979806,0.01625869,0.0047215335,0.027601622,-0.014799956,1.0030149,1.0045965,0.9916344,0.98909575,0.99398816,0.99506867,0.99996495,0.99452543,1.0002551,1.0011767,1.0003281,0.9898694,0.99890095,1.003038,0.994262,0.9988864,0.9946895,1.0001674,0.9957147,0.9945882
4.0,-0.01817555,-0.010793619,-0.0054564876,0.014013788,0.01077227,-0.011836287,-0.0023611933,0.007695698,0.0077844635,-0.00065217353,-0.0016407035,-0.021916945,0.0030264333,0.001729697,0.011877082,0.0077441484,-0.010686103,-0.0021359436,-0.015509985,0.007089054,0.9931406,0.9940956,0.9975902,1.0006903,0.9974838,0.9980152,0.9985551,0.9978341,0.9965365,0.9956692,0.9923519,0.99614125,0.9952561,0.9941601,0.9965596,0.99631196,1.001526,0.9964413,0.9999894,0.9999219
4.0,0.009781577,0.0068304203,0.0024587745,-0.0074172243,-0.0051329327,0.008983154,0.00043726712,-0.0038824677,-0.0030689165,0.000112093985,0.005028475,0.011885371,-0.001439929,-0.0026996434,-0.008954547,-0.004812278,0.0040530227,0.0013949499,0.008183017,-0.004785437,0.9988409,0.9999887,0.99470484,0.99470675,0.9963511,0.9964001,0.99933684,0.99583846,0.9987744,0.9986803,0.99710923,0.9926289,0.9973266,0.99950534,0.99528146,0.9981762,0.99775594,0.9986054,0.9978082,0.9970252
1.0,-0.0043378845,-0.0018616244,-0.0014370922,0.0032525994,0.00280608,-0.0014635697,-0.0012265183,0.0019574482,0.002238959,-0.000483945,0.0017993785,-0.005029384,0.0013905615,-0.00087367743,0.0013474002,0.0010534897,-0.0031374209,-0.00010656938,-0.0035911724,0.0011873285,0.99605423,0.99691415,0.9963171,0.9976415,0.9970297,0.99707186,0.9993105,0.9967023,0.9979921,0.9970844,0.9950413,0.9944566,0.9964763,0.99693674,0.9958424,0.9973459,0.99967027,0.9977952,0.9991575,0.99829936
4.0,-0.006191142,-0.0031440407,-0.0020094914,0.004696464,0.0038602678,-0.002926372,-0.0013273656,0.0027235197,0.0029969364,-0.00050200894,0.0013615899,-0.007343989,0.0014479086,-0.00037281215,0.0028045028,0.002043143,-0.0042278506,-0.0005264692,-0.0051386133,0.0019812456,0.9957327,0.99661875,0.99651915,0.9981063,0.9972101,0.9972953,0.9991122,0.99692976,0.99776787,0.9969908,0.99457586,0.99467605,0.99627674,0.9966516,0.99601847,0.9972678,0.9998938,0.99755806,0.99924695,0.9985852
3.0,-0.021286562,-0.012851246,-0.0063977903,0.016507547,0.012605185,-0.014198784,-0.0025459304,0.008998841,0.009103667,-0.0006384533,-0.002449546,-0.0257666,0.0032579228,0.0024177134,0.014302433,0.00936985,-0.012450334,-0.0026560128,-0.018276699,0.0084408615,0.992438,0.9934743,0.9978285,1.0014021,0.99754244,0.99824804,0.99828935,0.99811596,0.99611247,0.9953252,0.9916584,0.996498,0.99493647,0.99346447,0.99670744,0.99605256,1.0019574,0.996056,1.0001037,1.000323
2.0,-0.008269735,-0.004535787,-0.0026598396,0.00639534,0.005111105,-0.0044749975,-0.0014614463,0.0036352836,0.003895767,-0.0004565213,0.00081639737,-0.009932477,0.0016026944,0.00010780245,0.0044182763,0.0031640604,-0.005406264,-0.00089522824,-0.0070056766,0.0028797688,0.99527097,0.9962206,0.99668646,0.9986234,0.99729687,0.9974315,0.9989044,0.99708176,0.99745256,0.9967556,0.99417454,0.994892,0.99604666,0.996212,0.9961016,0.9971072,1.0001767,0.9972939,0.99930966,0.99887353
2.0,0.06682096,0.043306865,0.019442646,-0.051127266,-0.03738131,0.05194564,0.0078098103,-0.029009381,-0.025149215,0.0027710516,0.016689412,0.081325285,-0.013079412,-0.012100272,-0.050275728,-0.028879303,0.033526648,0.009844173,0.054496504,-0.029089518,1.007665,1.0105244,0.98598784,0.9802078,0.9883996,0.99287355,1.0006877,0.99326104,1.0014117,1.0044754,1.0036683,0.9861311,1.0007414,1.0060493,0.9922359,0.9983351,0.9904325,1.0019467,0.9922152,0.99101317
3.0,-0.028822333,-0.017816037,-0.0085519,0.022455592,0.016980153,-0.019495204,-0.003119018,0.012157329,0.012258854,-0.0003526602,-0.004558649,-0.035032067,0.004038714,0.0039146766,0.02011595,0.013440572,-0.0167098,-0.0036630295,-0.025206704,0.011540652,0.9905274,0.9918237,0.9981617,1.0030909,0.99736124,0.9986204,0.99766725,0.99862707,0.99489045,0.99446326,0.9903143,0.99733436,0.9940752,0.9917163,0.9971277,0.99506545,1.0029827,0.9952289,1.000396,1.0012802
2.0,-0.00030958652,0.0002625063,-0.00057148,0.00053998455,0.0007377998,0.0013794973,-0.00047384948,0.00045575202,0.0010206588,-3.858842e-05,0.0026319884,-0.00050616264,-0.00013981014,-0.0007422939,-0.0013452545,2.4206936e-05,-0.0014253035,-0.00021095946,-0.00044932961,-0.00044739316,0.9968625,0.99803495,0.99579906,0.997112,0.99707127,0.99706507,0.99875313,0.9965646,0.9977719,0.997628,0.9953585,0.9937937,0.99646086,0.99769187,0.9957379,0.99765784,0.9990987,0.9976513,0.9984598,0.9982379
1.0,-0.025502905,-0.01533132,-0.007613103,0.019674333,0.014994213,-0.017964508,-0.0028021336,0.010546049,0.010644238,-0.0012756903,-0.003276363,-0.03076927,0.003794402,0.002997622,0.017500974,0.010790437,-0.014559139,-0.0032506846,-0.021443501,0.010482527,0.9917636,0.99262196,0.99853545,1.0020558,0.99776334,0.9987369,0.99841565,0.9987019,0.9962457,0.9948449,0.99030423,0.99719435,0.99486095,0.992526,0.9967993,0.9961346,1.0025804,0.995657,1.0004718,1.0006081
4.0,-0.04671219,-0.028764881,-0.013356709,0.0358738,0.027085051,-0.033004716,-0.0044721626,0.01899983,0.019123197,-0.0009649806,-0.009229593,-0.056341525,0.0064236894,0.0065064207,0.03378024,0.021428682,-0.026117453,-0.0054599904,-0.04048328,0.019208686,0.98639673,0.9876806,0.9995484,1.006191,0.9966333,0.99981916,0.99732697,1.0002532,0.9934318,0.9923963,0.9862348,0.9998486,0.9927641,0.98736984,0.9980184,0.9932651,1.0054885,0.99356246,1.0014678,1.002934
1.0,-0.008702643,-0.0045729503,-0.0026335912,0.0064879674,0.0052074795,-0.004814338,-0.0016600415,0.003678863,0.0038391724,-0.0007217489,0.00081805885,-0.010253105,0.0020741224,-0.00020594895,0.004593827,0.0028932765,-0.0054082163,-0.0006668605,-0.0071255043,0.0030323009,0.9952767,0.99603605,0.996855,0.9985103,0.9972704,0.9974195,0.99926496,0.99711293,0.99779606,0.99670887,0.9941968,0.99506724,0.99620783,0.9961912,0.99612445,0.99714625,1.0002434,0.99748486,0.99957114,0.99874574
2.0,0.016978115,0.01148586,0.004585238,-0.013032787,-0.009297825,0.01425826,0.0012203194,-0.0070235133,-0.005946692,0.00019788742,0.0067249127,0.020682633,-0.0026314333,-0.0039594397,-0.014288288,-0.008171301,0.007893767,0.0024296306,0.014327966,-0.007837849,1.000253,1.0014377,0.9939147,0.99295825,0.9958048,0.9960319,0.9996629,0.9954728,0.99946123,0.9994437,0.9981025,0.9918341,0.99790514,1.0007116,0.9949624,0.99857986,0.99680907,0.99915904,0.99728566,0.9962121
1.0,0.04388149,0.027942084,0.012002062,-0.033063862,-0.023998126,0.0343272,0.005153477,-0.018385695,-0.015784938,0.002015531,0.0120470375,0.052870616,-0.009480447,-0.0070408657,-0.033300918,-0.018281095,0.021214064,0.0052687787,0.036024645,-0.019186057,1.0047135,1.0070292,0.9898732,0.98689765,0.9928663,0.99477583,0.9991104,0.9942285,0.99985206,1.002534,1.0009749,0.9884526,0.99900603,1.0042505,0.9937631,0.9990196,0.9931725,1.0000191,0.99392194,0.9940403
4.0,0.03501103,0.02315377,0.010028313,-0.027046215,-0.019661214,0.027929582,0.003217291,-0.014916902,-0.0130517855,0.0008091461,0.010636836,0.042743154,-0.0055814683,-0.007271208,-0.027604379,-0.016251747,0.01742309,0.0053414367,0.029179819,-0.015559252,1.0032258,1.004728,0.9914064,0.9884393,0.993606,0.9948013,1.0004237,0.9943917,1.0006863,1.0011739,1.0006717,0.98975056,0.99920493,1.0031601,0.9940344,0.9988753,0.99450177,1.0005356,0.99578625,0.9941191
2.0,-0.00028315932,0.00053847954,-0.0003752457,0.00024755672,0.0005537723,0.0014930479,-0.0006952733,0.00031822734,0.00077164173,-0.00026441365,0.0027289055,-0.00024648756,0.00041713566,-0.0012340471,-0.0015619621,-0.00049265474,-0.0011566281,0.00017717108,-0.00022680312,-0.0005159776,0.996887,0.99787074,0.9958639,0.996885,0.996942,0.99693877,0.99918884,0.99648714,0.99813384,0.99758935,0.9955739,0.9938989,0.99666566,0.9977267,0.99571794,0.99762774,0.9991054,0.9979527,0.9987157,0.99800736
2.0,-0.0054913536,-0.002884239,-0.0019452432,0.0043695737,0.0035900953,-0.0024431013,-0.0011057407,0.002535318,0.002908714,-0.00029828027,0.0014534891,-0.006662663,0.00096027553,-0.00014677644,0.002417624,0.0021022111,-0.004038837,-0.00069135055,-0.0047264397,0.001720546,0.9958393,0.9968744,0.9963828,0.99812096,0.997252,0.997318,0.99882007,0.9969088,0.99754626,0.9970702,0.99458116,0.99449915,0.9961807,0.99674726,0.9959841,0.9973167,0.99980044,0.997403,0.9990045,0.99867207
4.0,-0.02692771,-0.016325824,-0.007923649,0.020760395,0.01579198,-0.018374775,-0.0030632876,0.011232034,0.011258598,-0.0007991288,-0.0038788281,-0.032508645,0.0041397214,0.0032085404,0.018541388,0.011873737,-0.015397564,-0.0032291748,-0.023094364,0.010829229,0.99117255,0.9921877,0.9983034,1.0024577,0.99746424,0.99856216,0.9981965,0.9985543,0.9956531,0.9946826,0.99057204,0.99725807,0.99452484,0.9922029,0.99696785,0.99551976,1.0027344,0.99560446,1.000507,1.0008528
1.0,-0.028141856,-0.016556919,-0.007939898,0.021187302,0.016248863,-0.019084759,-0.0035469234,0.011504064,0.011254713,-0.0012122951,-0.0040865727,-0.033491787,0.005244456,0.0024914742,0.019125223,0.011511616,-0.015495621,-0.002654329,-0.023692764,0.011232257,0.9909936,0.99164593,0.99855775,1.0022541,0.99720937,0.9984173,0.9989373,0.9984865,0.9962011,0.99451697,0.9907442,0.99763924,0.99477714,0.9919925,0.996968,0.99538565,1.0028843,0.99599123,1.0009849,1.0006076
3.0,0.0014179647,0.001618199,0.00010848511,-0.0010644048,-0.00042464817,0.0027693473,-0.000511121,-0.00039866567,0.00010577217,-0.00019565411,0.0031226166,0.0018208399,0.00010963529,-0.0014840513,-0.0028184876,-0.0012282878,-0.00025980547,0.0003961362,0.0012073144,-0.0012575497,0.99725115,0.9982495,0.99569,0.9965139,0.99686486,0.99685746,0.99921995,0.9963797,0.99826556,0.99778813,0.9958657,0.9936869,0.99678415,0.9980638,0.9956632,0.99774593,0.9988796,0.99806607,0.9985775,0.9978605
2.0,-0.012350574,-0.0070265234,-0.0037480434,0.0094677005,0.0074173314,-0.0073716305,-0.0019417219,0.0053098407,0.005435206,-0.0005407687,-0.00020387396,-0.014793079,0.0024413988,0.0005754754,0.0074044093,0.004918337,-0.0074812695,-0.0012300871,-0.010511629,0.004574246,0.9943458,0.9952548,0.9970344,0.9994224,0.997286,0.99755615,0.99889797,0.99728376,0.9971288,0.9962575,0.99361384,0.99541545,0.995766,0.99535185,0.996249,0.9967021,1.0007342,0.997061,0.9996563,0.9992251
4.0,0.020030625,0.013346486,0.005437919,-0.015303966,-0.010962717,0.0166706,0.0015892647,-0.008259146,-0.007041421,0.00047474727,0.0073083118,0.024333034,-0.0032462925,-0.0043705553,-0.016493477,-0.009304095,0.009415891,0.0028262846,0.016707733,-0.009150236,1.0006996,1.0020164,0.9934156,0.99231994,0.9954441,0.9957911,0.9996156,0.9951995,0.99945,0.99974096,0.99861395,0.9913914,0.9980297,1.001125,0.9948049,0.9985582,0.99640524,0.9993166,0.99690473,0.9959391
1.0,-0.0439557,-0.026616082,-0.012343793,0.033264995,0.025269635,-0.030968703,-0.0045684166,0.017693326,0.01754615,-0.0013902318,-0.008324761,-0.052614246,0.0067749247,0.0053601265,0.0313953,0.019249886,-0.024172805,-0.004689295,-0.03745567,0.017968617,0.98731655,0.9881767,0.99965245,1.0053104,0.9967549,0.9996112,0.9981062,0.9999956,0.9944341,0.9928505,0.98703927,0.99970746,0.9933379,0.98826164,0.9979216,0.99372953,1.005051,0.9942511,1.0017059,1.002372
3.0,0.016994968,0.0115043,0.0045978483,-0.013029002,-0.009284286,0.014362946,0.0011906922,-0.006999133,-0.0059337504,0.00025481544,0.006690521,0.020707063,-0.0025551692,-0.004016109,-0.014321312,-0.0081604235,0.007915229,0.0024954975,0.014266327,-0.007853769,1.000179,1.001384,0.9938565,0.9929609,0.9957225,0.9959536,0.99967194,0.9953942,0.99940366,0.9993912,0.99819505,0.9918017,0.99789554,1.0006579,0.9949195,0.99849564,0.99681526,0.99918216,0.9972635,0.9961857
2.0,0.02008605,0.0132498,0.0053493334,-0.015236124,-0.0109216925,0.016550194,0.0017354228,-0.008249892,-0.006975025,0.0004984904,0.007322643,0.024288323,-0.0036068112,-0.0041030124,-0.016419303,-0.00913642,0.009320166,0.0025721714,0.016774207,-0.009120257,1.0007774,1.0021586,0.9934382,0.9923964,0.99558985,0.995929,0.9994121,0.99532056,0.9993539,0.99982893,0.9983981,0.9913781,0.99794924,1.0011674,0.99483955,0.99866444,0.99636894,0.99915916,0.99679416,0.9960475
4.0,-0.021656036,-0.013027422,-0.0064613847,0.016735112,0.012789224,-0.01443664,-0.0026264116,0.009127552,0.009197932,-0.00068018585,-0.0025355592,-0.026161063,0.0034262761,0.0023698583,0.0145409405,0.0094432235,-0.012589019,-0.0026136152,-0.018557683,0.008581936,0.9923532,0.9933542,0.99786633,1.0014298,0.9975047,0.99823505,0.99836415,0.99811727,0.9961404,0.9952748,0.99164474,0.99656665,0.99494255,0.9933851,0.9967169,0.99600106,1.0020063,0.9960841,1.0001729,1.0003154
4.0,-0.026796095,-0.016231798,-0.007874315,0.020639662,0.015704958,-0.01826423,-0.0030691698,0.011172282,0.011191957,-0.0008061193,-0.0038416982,-0.03233758,0.0041573644,0.0031598434,0.018429875,0.011786222,-0.015314821,-0.0031910725,-0.022969015,0.010765639,0.99120295,0.99220526,0.99829245,1.0024211,0.9974591,0.9985468,0.9982242,0.9985401,0.9956831,0.9947016,0.9906166,0.9972478,0.9945442,0.99223983,0.9969662,0.9955249,1.002714,0.99563825,1.000516,1.0008272
3.0,-0.0015279502,-5.415827e-05,-0.0005513318,0.0009449683,0.0011014575,0.0007689558,-0.0010310374,0.0007396322,0.0010447204,-0.00038477033,0.0024632998,-0.0015535913,0.0010927394,-0.0014330819,-0.0008052215,-0.0002650842,-0.00161485,0.00036497787,-0.0011629537,-9.6160686e-05,0.9966328,0.9974684,0.9959999,0.9969896,0.99685,0.9968793,0.99947983,0.99646086,0.9982578,0.99746066,0.9956436,0.994118,0.99670446,0.9975515,0.99581194,0.9974429,0.999267,0.99811476,0.9990134,0.9979891
4.0,0.038056336,0.0248112,0.010732095,-0.029121716,-0.02115367,0.030247297,0.0038226135,-0.016080922,-0.013979346,0.0012820512,0.011088636,0.046234954,-0.006777324,-0.0072723404,-0.02960036,-0.016946014,0.018741492,0.005410198,0.0314466,-0.016823677,1.003653,1.0054436,0.9908263,0.98792285,0.99326557,0.9946976,1.0000052,0.9942279,1.0003512,1.0015773,1.0009079,0.98925835,0.99914116,1.0034952,0.99390996,0.99882686,0.9940628,1.0004091,0.995143,0.9940538
4.0,0.015484348,0.010556322,0.0041810684,-0.011916455,-0.008464765,0.013216855,0.0010054633,-0.0063847285,-0.0053850673,0.00016845018,0.006378446,0.01889383,-0.0022620112,-0.0037861764,-0.013221685,-0.007541485,0.0071338154,0.002294656,0.013061576,-0.007224839,0.9999492,1.0010978,0.994074,0.9932956,0.9958834,0.99606746,0.9996654,0.99550694,0.99935627,0.99927616,0.9979736,0.9920017,0.9978156,1.0004709,0.9950305,0.99846554,0.9970093,0.9991067,0.9974352,0.99634385
2.0,-0.006221272,-0.0033773035,-0.0021748561,0.004976712,0.004041083,-0.0029669106,-0.0011646822,0.0028692717,0.0032368787,-0.00027409196,0.0012557544,-0.007578496,0.0010461211,5.3867698e-06,0.0029776096,0.0024947673,-0.0044543035,-0.0008073002,-0.005404882,0.002042068,0.9956459,0.9967101,0.9964193,0.9983072,0.9972613,0.99733925,0.9987512,0.99694055,0.99741566,0.99696773,0.99445945,0.99456704,0.99609685,0.99656934,0.9959927,0.9972322,0.9999007,0.9973223,0.99902177,0.9987563
4.0,-0.0025531426,-0.0009178147,-0.0010296432,0.0020006448,0.0018520672,-0.00019031763,-0.00091505796,0.0012711156,0.0016664825,-0.00030145422,0.002182126,-0.0030084848,0.0007476732,-0.0008363277,0.00013916194,0.0005695671,-0.002374418,-0.00013970211,-0.0021627247,0.00044407067,0.9964293,0.9974083,0.99609435,0.99739575,0.99705637,0.9970772,0.9990911,0.99664754,0.99792194,0.9973597,0.99519235,0.9941723,0.9964807,0.99730945,0.9958337,0.9974771,0.99940675,0.997763,0.998879,0.9982644
2.0,0.0033409745,0.0023974665,0.00035935454,-0.0020989962,-0.0012240564,0.0041018464,2.2482127e-05,-0.0009753555,-0.00024201721,0.00024095178,0.0034071356,0.0037709177,-0.0010474026,-0.0010466278,-0.0039411485,-0.0012763813,0.00033358112,4.9393624e-05,0.0024785176,-0.001970792,0.9975287,0.9988616,0.9953151,0.99645394,0.99690926,0.9968932,0.9985845,0.99631983,0.9977843,0.99803805,0.9958669,0.9932596,0.99658674,0.9983183,0.9955765,0.9978298,0.9985938,0.9977599,0.9979909,0.99798316
1.0,-0.032742582,-0.020037524,-0.00958793,0.025333311,0.019191856,-0.022669978,-0.0034745038,0.013607981,0.013662733,-0.0007916596,-0.0054465756,-0.039590117,0.0047958344,0.0042515844,0.023023173,0.014765874,-0.018587338,-0.0039519444,-0.02830109,0.013327442,0.9897452,0.99088264,0.99866176,1.0036483,0.99730426,0.998884,0.99786514,0.9990008,0.9949084,0.9939529,0.9893655,0.99796754,0.99397856,0.9907667,0.99719435,0.9948834,1.0035597,0.9949795,1.0007538,1.0014893
2.0,-0.008221276,-0.0046262518,-0.0027397936,0.0065070614,0.005175628,-0.004486181,-0.001353167,0.003684354,0.00400573,-0.00035170838,0.00078614056,-0.009989824,0.001349777,0.00031977892,0.0044718534,0.003374055,-0.00550171,-0.0010626726,-0.007081814,0.0028996097,0.99524945,0.9962951,0.9966405,0.9987202,0.9973427,0.9974697,0.99870557,0.99710244,0.9972797,0.9967506,0.9940857,0.9948292,0.99595815,0.9961801,0.99608177,0.99711806,1.0001738,0.99715936,0.99918133,0.99896055
4.0,-0.03312228,-0.020280637,-0.00967059,0.025560748,0.019356504,-0.022957683,-0.0035061762,0.0137243895,0.013765629,-0.0008128453,-0.0055316687,-0.040031005,0.004818976,0.004324116,0.023312181,0.014936388,-0.01879501,-0.0040125027,-0.028570067,0.013460215,0.9897005,0.99082214,0.9987133,1.0037094,0.99732494,0.9989535,0.99785703,0.9990754,0.9949073,0.99397343,0.9892587,0.99803257,0.9939475,0.99074036,0.99728304,0.9948576,1.0035948,0.99494916,1.0008029,1.0015458
2.0,-0.0025330111,-0.0010186732,-0.0011070138,0.0020943843,0.0019016191,-0.00025446713,-0.00080572814,0.0013030376,0.0017544031,-0.0002288241,0.00216496,-0.0030835904,0.0004780367,-0.0006104857,0.00021598488,0.0007663816,-0.002479311,-0.00032507256,-0.002203174,0.00046505523,0.9964555,0.9975052,0.9960871,0.9974845,0.99714255,0.9971601,0.9989045,0.9967094,0.9977956,0.997399,0.9950696,0.9941332,0.9964031,0.9973228,0.9958575,0.99752676,0.99939954,0.99763024,0.9987774,0.9983676
1.0,-0.028961442,-0.017981939,-0.008736166,0.02271416,0.017150596,-0.020033628,-0.0029440485,0.012212388,0.01243341,-0.00055305474,-0.0044877455,-0.035317022,0.0037365258,0.0041873306,0.020337962,0.013493389,-0.016881581,-0.0039697587,-0.025218435,0.011797562,0.99060655,0.99191153,0.9983225,1.0031685,0.99757844,0.99882364,0.99755615,0.99883294,0.9949563,0.99443316,0.9898499,0.997358,0.994102,0.99164045,0.9970629,0.99532723,1.0030388,0.9950463,1.0003202,1.0013187
3.0,0.009568088,0.006809812,0.0024468685,-0.0073128194,-0.0050490457,0.008784052,0.00034460425,-0.0038313381,-0.0030572824,-4.10676e-05,0.0050402135,0.011699047,-0.0011912063,-0.0028645918,-0.008871347,-0.0049638785,0.004051905,0.0014999285,0.008088775,-0.0046692295,0.99879396,0.99987054,0.99477595,0.9946586,0.9963301,0.9963653,0.99951583,0.99584985,0.9989343,0.99858487,0.9970926,0.9927089,0.9974055,0.999427,0.995221,0.99819434,0.99780107,0.9986895,0.9979261,0.9969264
1.0,-0.026920699,-0.016230747,-0.007866739,0.020660523,0.015736941,-0.018366534,-0.0031232685,0.011180996,0.011167463,-0.0008876007,-0.0038449802,-0.032418456,0.0042886883,0.0030626133,0.01848197,0.011697955,-0.015302893,-0.0031192787,-0.022987906,0.0108105,0.9912153,0.9921554,0.9983502,1.0023792,0.9974492,0.998547,0.99833465,0.9985481,0.9957925,0.99469364,0.9906214,0.9973027,0.9945957,0.9922353,0.9969712,0.9955444,1.0027316,0.9956908,1.0005871,1.0007921
4.0,-0.032873705,-0.020115368,-0.009595162,0.02536311,0.019211726,-0.022759445,-0.003496863,0.013624895,0.013659686,-0.00080884807,-0.0054679476,-0.03972284,0.004809104,0.0042649508,0.023114547,0.014807031,-0.018650968,-0.003967177,-0.02835188,0.01334922,0.98975635,0.99087125,0.99869376,1.0036554,0.99732316,0.9989285,0.9978792,0.9990454,0.9949386,0.99399966,0.98932946,0.99800235,0.99397224,0.99079925,0.9972686,0.99487674,1.0035595,0.99498403,1.0007955,1.0015141
4.0,-0.05334857,-0.03285806,-0.01512402,0.0408573,0.030851183,-0.037938118,-0.0048961453,0.021503411,0.021723434,-0.0010645892,-0.011087596,-0.06425312,0.0071679875,0.0075324103,0.038932733,0.024573825,-0.029674232,-0.006099712,-0.046293233,0.022025134,0.98474395,0.98610103,0.9999138,1.0073144,0.9961243,1.0002689,0.99709564,1.0008516,0.99272853,0.99161243,0.9846434,1.0007693,0.99219835,0.98563194,0.99839455,0.99243337,1.0064206,0.992853,1.0017445,1.003584
1.0,-0.0057547465,-0.002915144,-0.0019725887,0.0044879187,0.0036936984,-0.0027671568,-0.0011838563,0.002577247,0.0029119812,-0.00052820705,0.0014847964,-0.006890837,0.0011873543,-0.00030515343,0.002544716,0.0019059032,-0.0040477403,-0.00061656535,-0.0047764927,0.0018825869,0.99583894,0.99677086,0.99651533,0.9980551,0.9972746,0.99733543,0.9990287,0.99696904,0.9977786,0.9969963,0.99447536,0.9946145,0.99628794,0.9966794,0.9959337,0.9974017,0.99984944,0.99747676,0.99913985,0.9985706
4.0,-0.025312558,-0.015349396,-0.007494769,0.019553853,0.014882082,-0.017177872,-0.0029082596,0.0106000295,0.01065265,-0.0007375274,-0.0034712628,-0.030592825,0.0038625821,0.003010407,0.01733505,0.011187188,-0.014570836,-0.0030874386,-0.021726925,0.010143252,0.99153614,0.992567,0.9981638,1.0021722,0.9975015,0.9984789,0.9981986,0.9984329,0.99576455,0.99487346,0.9908805,0.9970328,0.99463063,0.99257267,0.99690115,0.9956731,1.0025104,0.9957226,1.0003839,1.0007156
3.0,0.0022288635,0.0021041445,0.0003290074,-0.0016697906,-0.00087175285,0.0033497997,-0.00041557103,-0.0007292144,-0.0001918301,-0.00018119812,0.0033161305,0.0027788877,-4.762411e-05,-0.0015909821,-0.0034100264,-0.0015780441,0.00014328584,0.00046621636,0.001891233,-0.00158146,0.9973955,0.9984129,0.9955926,0.9963496,0.9968281,0.99681574,0.99922556,0.9963308,0.9983084,0.997873,0.9959566,0.9935829,0.99683464,0.9981961,0.99561805,0.997788,0.9987651,0.9981176,0.9984978,0.99776655
1.0,-0.028915614,-0.017913327,-0.008730234,0.022685295,0.017136322,-0.020041019,-0.0029216595,0.012186101,0.012398854,-0.0005808789,-0.0044671893,-0.035235424,0.0037124008,0.004162729,0.02030176,0.013434574,-0.016820297,-0.003957581,-0.02514235,0.011795148,0.9906508,0.9919444,0.9983651,1.0031344,0.9975859,0.9988309,0.99758214,0.99882376,0.9950059,0.9944224,0.98983806,0.99735874,0.9941314,0.9916426,0.99703664,0.9953835,1.0030414,0.9950284,1.000308,1.0013151
2.0,-0.00042672455,0.00028134882,-0.00051073916,0.0004676059,0.00069145067,0.0013343282,-0.0005772002,0.00042404048,0.0009361617,-0.00012982637,0.0026502348,-0.0005438812,7.8342855e-05,-0.0008925721,-0.0013341159,-0.00011241436,-0.0013972409,-8.903444e-05,-0.00042521209,-0.00045276317,0.996897,0.9979755,0.99585664,0.99704725,0.997059,0.99706364,0.9989187,0.99657124,0.99792564,0.99766856,0.995419,0.9938616,0.99653286,0.9977532,0.99580765,0.9976526,0.9991048,0.99776965,0.9985949,0.99818945
4.0,-0.028194912,-0.017161533,-0.008295788,0.021768218,0.016533196,-0.019305386,-0.003141094,0.0117575275,0.011794787,-0.00077119283,-0.0042256415,-0.03407075,0.004240297,0.0034788102,0.019530274,0.012552768,-0.016118038,-0.0034193844,-0.02424442,0.0113664195,0.9908645,0.99192125,0.99837524,1.0027397,0.99744743,0.99864507,0.9980865,0.99865997,0.99546033,0.9945387,0.9903035,0.9974022,0.9943858,0.99190474,0.9970352,0.9953791,1.0029101,0.9954495,1.0005487,1.0010161
3.0,0.032087546,0.020878643,0.008877074,-0.024452511,-0.017710399,0.025668476,0.0031770207,-0.013427807,-0.011594523,0.0010848362,0.009830441,0.038879476,-0.0058843493,-0.0060450956,-0.025168642,-0.014206342,0.015539233,0.0043200105,0.026573062,-0.014261766,1.0027707,1.004449,0.9917257,0.98951304,0.99417776,0.99517155,0.99966645,0.99459237,0.99993694,1.0010645,1.0000648,0.9899256,0.998692,1.002823,0.9942721,0.9988476,0.9948068,0.9999169,0.9956228,0.9948104
1.0,0.01514975,0.009621136,0.003545302,-0.01103545,-0.007874943,0.012440134,0.0016590767,-0.0060026795,-0.004716743,0.00058290735,0.0061612427,0.01789543,-0.003981255,-0.0022542998,-0.012371935,-0.006118536,0.006263066,0.001006268,0.012588419,-0.006919235,1.000143,1.0016847,0.9941209,0.9939303,0.99654484,0.9966968,0.9984609,0.9959872,0.99856454,0.9996354,0.99709386,0.99187756,0.99727327,1.000584,0.9952719,0.99881387,0.996949,0.9982322,0.9968264,0.9970935
4.0,-0.028842881,-0.017559014,-0.008463296,0.02224892,0.016894298,-0.019757882,-0.003208045,0.0120132975,0.012038711,-0.0007732678,-0.0043998137,-0.034840222,0.004352957,0.0035609156,0.020014271,0.012849487,-0.016455173,-0.0034696944,-0.024809796,0.0116281025,0.99070895,0.991766,0.9984153,1.0028583,0.99741983,0.99867135,0.9980761,0.9987021,0.99539596,0.9944667,0.9902,0.99748874,0.99433225,0.99175894,0.99707186,0.9952964,1.0029973,0.9954042,1.0005962,1.0010781
4.0,0.05928807,0.038657032,0.017290346,-0.04556414,-0.03334479,0.04621891,0.0065668635,-0.025725486,-0.022393916,0.0020978972,0.015419833,0.072272345,-0.010938063,-0.0111583695,-0.04503686,-0.026214734,0.029838834,0.008929487,0.04864674,-0.025909675,1.0067512,1.0091516,0.9874418,0.982126,0.9897973,0.9933285,1.0008581,0.99349594,1.0015601,1.0036325,1.0031235,0.98702824,1.000528,1.005567,0.9927064,0.99865735,0.9914266,1.0017825,0.993276,0.99163765
3.0,0.032002635,0.021261297,0.009183282,-0.024773762,-0.01795624,0.025890876,0.0027536415,-0.013563724,-0.011896998,0.00079802796,0.009933401,0.039129864,-0.0047961995,-0.0069118664,-0.025479391,-0.014950499,0.015911553,0.0050577074,0.026613705,-0.014331614,1.0026193,1.0040569,0.99174565,0.9891841,0.9938259,0.99483764,1.000396,0.99437124,1.0004413,1.0008079,1.0005211,0.9900398,0.9990101,1.0027206,0.9941535,0.99866235,0.99489653,1.0004227,0.9960547,0.99440074
1.0,0.0048604608,0.003996622,0.0011998359,-0.0038712136,-0.0024959124,0.005233627,-0.00026743114,-0.0019534137,-0.001397565,-0.00038272142,0.0040534474,0.0061362274,-0.000117614865,-0.0023650452,-0.005496025,-0.003214132,0.0017393343,0.0010606758,0.004327245,-0.0026942666,0.99798614,0.99886733,0.9954283,0.99556994,0.99664766,0.9966333,0.9996527,0.99618345,0.9988857,0.9980987,0.9964142,0.9933782,0.9972152,0.99868256,0.9954539,0.9980358,0.9984374,0.99850494,0.99850076,0.9973093
4.0,0.00031399727,0.0008318797,-0.00026006252,-0.0001386404,0.0002554818,0.001905907,-0.00056468695,0.000100616366,0.0006073117,-0.00017962605,0.0028454177,0.00040728226,0.00014035404,-0.0011700541,-0.0019428954,-0.0006020814,-0.0009260811,0.0001295954,0.00022665411,-0.0007578421,0.9970136,0.9980552,0.995784,0.99682367,0.99696237,0.9969546,0.9990697,0.9964788,0.9980749,0.9976836,0.9956035,0.99379385,0.9966478,0.9978458,0.99571425,0.99768,0.9990195,0.99790835,0.99859464,0.9980221
3.0,-0.0040064678,-0.0015838295,-0.0013053417,0.0028871298,0.0025332724,-0.0013766363,-0.0012049414,0.0017303377,0.0020044409,-0.0006735176,0.0019817725,-0.0045671724,0.0013834387,-0.0010007396,0.0010709018,0.0006847903,-0.0029001534,-6.15567e-05,-0.0030992553,0.0010710016,0.99624115,0.99701095,0.9964055,0.9974833,0.99710685,0.99714434,0.99945515,0.9967895,0.9982466,0.99717885,0.994965,0.9944959,0.9965933,0.99707437,0.9958689,0.9975039,0.99961597,0.9978723,0.9992373,0.9982099
3.0,0.0059777647,0.004189931,0.0012094192,-0.004277896,-0.0028263,0.006094776,0.00020326674,-0.002163317,-0.0013957247,0.00020250492,0.0040708818,0.0070824362,-0.0012510195,-0.0016792938,-0.0059808344,-0.0026890635,0.001836896,0.0005645901,0.004824266,-0.003130201,0.9980909,0.9993496,0.9950737,0.99575806,0.99671525,0.9967156,0.998861,0.9961346,0.9981748,0.9983345,0.99636775,0.9929967,0.99687725,0.998839,0.99548376,0.997987,0.9982427,0.99809176,0.9979073,0.99761844
3.0,-0.014403261,-0.008456074,-0.0044287266,0.011171091,0.008650621,-0.009041563,-0.0019942746,0.0061855335,0.006352458,-0.00053806603,-0.00071263686,-0.01739848,0.0024186298,0.0011881143,0.009059519,0.006078683,-0.008715879,-0.0017249994,-0.012315743,0.005498687,0.9939468,0.9949299,0.9972378,0.999954,0.99745256,0.9977988,0.9986186,0.9975447,0.9968239,0.9960769,0.9930403,0.99563956,0.9955268,0.99494195,0.99637395,0.99662626,1.001014,0.99672717,0.99969447,0.99955577
2.0,-0.0068122298,-0.0037913471,-0.0023736628,0.0054720957,0.004401286,-0.0034394786,-0.001180347,0.003128739,0.0035015903,-0.00026487745,0.0011062436,-0.008329708,0.0010359362,0.00018338114,0.0034525245,0.0028368235,-0.0048075058,-0.0009535849,-0.0059266463,0.0023065216,0.99552953,0.9966198,0.9964776,0.9984654,0.9973124,0.9974046,0.99866503,0.997007,0.9973203,0.9969133,0.99430317,0.994628,0.9960226,0.99645215,0.99602497,0.99720913,0.99997854,0.9972217,0.99902725,0.9988551
2.0,0.00766062,0.0056517012,0.0019784383,-0.005968403,-0.004045745,0.007505078,5.1300973e-05,-0.003064284,-0.0024005473,-6.574206e-05,0.004589837,0.009464271,-0.0006960705,-0.0026778951,-0.0075224712,-0.0041732863,0.0031026974,0.0013794191,0.0065029785,-0.0039411513,0.99843764,0.9994443,0.9949783,0.9950494,0.99639827,0.9964249,0.99955386,0.9959044,0.9988316,0.998428,0.9969638,0.99294436,0.9973001,0.99916726,0.99537635,0.9980254,0.99804807,0.9986522,0.9981538,0.99711174
2.0,0.022045173,0.014403231,0.0058586295,-0.016646083,-0.01195487,0.01805677,0.002023451,-0.009026717,-0.0076404773,0.0006996095,0.007683698,0.026593879,-0.004124716,-0.0042756572,-0.017791912,-0.009785373,0.010256331,0.0027480237,0.018288702,-0.009945422,1.0010736,1.002568,0.9931162,0.9920156,0.995388,0.9958123,0.9993056,0.9951788,0.99929714,1.000037,0.99865997,0.9910869,0.9979953,1.001426,0.99474144,0.99867207,0.9961039,0.9991985,0.99650186,0.9959141
3.0,0.027342282,0.01809265,0.007640828,-0.021041218,-0.015223647,0.022043936,0.0024345145,-0.011523468,-0.009983726,0.00059358217,0.008983616,0.03329578,-0.0045431405,-0.0056462884,-0.021874748,-0.012665283,0.013290498,0.0039146356,0.022905983,-0.012276737,1.0020887,1.0034689,0.9925413,0.9904693,0.9947382,0.99543774,0.99994266,0.99489474,1.0001092,1.0005459,0.99953145,0.9906141,0.9985993,1.002267,0.9945159,0.9988771,0.9954552,0.9998555,0.9963641,0.9951315
1.0,-0.009489894,-0.005474016,-0.0031703888,0.0075370446,0.0059089228,-0.005684592,-0.0013557188,0.0041760737,0.004534263,-0.00048243627,0.00054572895,-0.011582334,0.0012866333,0.000717327,0.005504228,0.0039802417,-0.006239932,-0.0014166795,-0.008066267,0.003506106,0.9951278,0.99615884,0.9968845,0.99901676,0.99756664,0.99771786,0.9985777,0.99736625,0.997244,0.99667823,0.9936136,0.9950168,0.9958699,0.9959926,0.9961776,0.9972353,1.0003562,0.9969428,0.99925625,0.9991694
2.0,0.026483819,0.017677598,0.0074746655,-0.020435937,-0.014761666,0.021554692,0.0021781884,-0.0111442115,-0.009702437,0.0005144384,0.0087974295,0.03233815,-0.0039666817,-0.0058352724,-0.021378718,-0.012526333,0.012979064,0.0040713735,0.022138365,-0.011914941,1.0017842,1.0031042,0.9925936,0.9905874,0.99463445,0.99528533,1.0001488,0.99478567,1.0001404,1.0002842,0.99962896,0.9907093,0.99862933,1.0020111,0.9944237,0.99870867,0.9956021,0.9999722,0.9965331,0.9950399
3.0,0.016092502,0.010579776,0.0041277893,-0.012063719,-0.008572454,0.013695855,0.0013337098,-0.0064514503,-0.005316157,0.000593096,0.0063261613,0.019351523,-0.003070742,-0.0032647476,-0.013417572,-0.0070713423,0.0071144737,0.0019130781,0.013272889,-0.007455183,0.9999927,1.0014086,0.9938413,0.9934639,0.9959271,0.99614054,0.9990854,0.9954746,0.99882257,0.9994398,0.9979049,0.9917544,0.99755424,1.0005416,0.99505943,0.9984152,0.9968868,0.9987805,0.9969996,0.9965963
3.0,0.030557055,0.020306505,0.008717965,-0.02366817,-0.017167306,0.024559712,0.002670005,-0.01299651,-0.011359464,0.0006085411,0.00971888,0.037339758,-0.0047506616,-0.0065050647,-0.024357986,-0.014348023,0.015111167,0.0046620183,0.025596835,-0.0136849675,1.002578,1.0039394,0.99209183,0.98954445,0.9942242,0.9951229,1.0003068,0.9946464,1.0004861,1.0007926,1.0001106,0.9902822,0.99893254,1.0026716,0.99432206,0.9988676,0.9950658,1.0002594,0.9962292,0.9946291
1.0,-0.02111487,-0.012874082,-0.0064809835,0.016553702,0.012601649,-0.014255423,-0.0023727305,0.0089820465,0.009183891,-0.0005968958,-0.0024036877,-0.025698122,0.0028901622,0.002686739,0.014293358,0.009510256,-0.012500815,-0.002887968,-0.018199332,0.008452278,0.99250937,0.9936331,0.9978366,1.0014781,0.99767226,0.99835545,0.9980724,0.9982046,0.99600524,0.9953448,0.99146956,0.9964299,0.9948789,0.9934756,0.9966816,0.99618405,1.0019522,0.99588305,0.9999639,1.0004206
2.0,0.024011306,0.016211081,0.0068495926,-0.018677596,-0.013450358,0.019817932,0.00175393,-0.010123115,-0.008855723,0.0003616698,0.008290183,0.029441759,-0.003193304,-0.005676493,-0.019682132,-0.011660855,0.011806861,0.0039285608,0.020151936,-0.010911804,1.0013311,1.0025252,0.99291986,0.99108833,0.9948003,0.9953353,1.0002868,0.9948391,1.000118,1.000006,0.9994584,0.991026,0.9985514,1.0016675,0.9945405,0.99857026,0.9959265,0.9999709,0.9968756,0.99519545
1.0,0.006197393,0.0039464384,0.0009959117,-0.004089441,-0.0027314485,0.0060660243,0.000572782,-0.0021036323,-0.0011694431,0.0005013887,0.00401289,0.0070276894,-0.0021725073,-0.0009647608,-0.00584016,-0.0020658001,0.0015803836,-1.142174e-05,0.00480289,-0.003149511,0.9981885,0.999696,0.9949947,0.99601763,0.99695534,0.99695677,0.9982273,0.9962944,0.99772036,0.99849766,0.9960395,0.9928422,0.996603,0.9989062,0.9955589,0.99811226,0.99817836,0.9976606,0.99753106,0.99796206
2.0,-0.0036293417,-0.0016931742,-0.0014073979,0.0029224046,0.0025207144,-0.0010592379,-0.00093460456,0.0017560273,0.0021689273,-0.0002732519,0.0019083917,-0.00439645,0.00070269406,-0.0004772544,0.001015991,0.0012215078,-0.0030381344,-0.00043389574,-0.0031248555,0.000931524,0.99621975,0.9972532,0.9961974,0.9977052,0.9971714,0.9972039,0.9989056,0.9967743,0.9977256,0.99726754,0.9949016,0.99427533,0.9963343,0.9971029,0.9958939,0.9974417,0.9995474,0.9975688,0.9988771,0.99845743
4.0,0.03650446,0.023898762,0.010325558,-0.028003853,-0.020341406,0.02906468,0.0035640672,-0.015448542,-0.01344841,0.0011131186,0.010822754,0.044403974,-0.006302692,-0.0071524605,-0.028533567,-0.016458161,0.0180086,0.0052830763,0.03024707,-0.016170343,1.00343,1.005117,0.99109864,0.9882458,0.9934658,0.99477404,1.0001054,0.9943117,1.000416,1.0013971,1.0007569,0.9894777,0.9991184,1.0033249,0.9939835,0.99884427,0.9942757,1.0004041,0.9953949,0.99414694
4.0,0.0225285,0.014937233,0.0061730333,-0.017236043,-0.012389822,0.018543785,0.001879029,-0.009341428,-0.008015312,0.00056389906,0.007856239,0.02737227,-0.0037004724,-0.004780397,-0.018324383,-0.010394674,0.01071791,0.0031818263,0.018783055,-0.01021611,1.0011414,1.002503,0.9930864,0.9917206,0.9951909,0.9956466,0.99968684,0.99505776,0.9996092,1.0000069,0.9989558,0.9910972,0.9981992,1.0015005,0.9946948,0.9986303,0.99607605,0.99948794,0.99668276,0.995673
2.0,-0.0073052496,-0.0040905476,-0.0024992703,0.005817389,0.004654291,-0.003815867,-0.0012325868,0.0033098152,0.0036659576,-0.00029463693,0.0009999163,-0.008908603,0.0011138692,0.00025704503,0.0038165003,0.0030383691,-0.0050590076,-0.0010111071,-0.0063103884,0.0025018041,0.9954625,0.9965313,0.9965497,0.9985568,0.99734855,0.997456,0.9986673,0.9970628,0.99731576,0.9968892,0.99421364,0.9947032,0.9959976,0.99639183,0.9960783,0.99719685,1.000042,0.9971922,0.9990875,0.99891406
2.0,-0.009402305,-0.005293049,-0.003015644,0.007321406,0.005791676,-0.0053407364,-0.0015296377,0.00412663,0.0043853708,-0.00044898875,0.00052724034,-0.011344645,0.0016821101,0.00037136674,0.005300164,0.00376226,-0.006049808,-0.0011026375,-0.008012608,0.0033780078,0.99502456,0.9960049,0.99678487,0.99890083,0.9973504,0.9975146,0.9987961,0.9971768,0.9972938,0.99662733,0.993934,0.9950149,0.99592745,0.99597025,0.9961449,0.9970316,1.0003326,0.9971489,0.9993473,0.9990257
4.0,-0.024039395,-0.014496662,-0.007102913,0.018522376,0.014126832,-0.0161989,-0.0028498322,0.010068043,0.010100894,-0.00074974634,-0.0031348988,-0.029007565,0.0038017184,0.0027051717,0.016329162,0.010498293,-0.013833985,-0.0028576888,-0.020583354,0.009584587,0.99182934,0.9928158,0.99807274,1.0018774,0.9974846,0.99837345,0.9983268,0.99830747,0.99595386,0.9950154,0.9911917,0.99688977,0.99476963,0.992869,0.99683833,0.9957815,1.0023319,0.9958989,1.0003519,1.0005432
3.0,-0.017296247,-0.010162935,-0.005165388,0.013251528,0.010218933,-0.011228472,-0.002327986,0.007286153,0.0073581934,-0.00075296685,-0.0013693422,-0.020787735,0.0030229315,0.0014655218,0.011167593,0.007156655,-0.010141179,-0.0019554421,-0.014633626,0.006720135,0.9933814,0.9942622,0.9975744,1.0004375,0.99748546,0.9979716,0.998717,0.99778706,0.9967706,0.9957786,0.99250877,0.9960783,0.99540037,0.99437565,0.99652106,0.9964346,1.0014038,0.99659103,1.00001,0.99976516
2.0,0.00036375225,0.00090478733,-0.00019665528,-0.0002469942,0.0001821951,0.0020191967,-0.00061649457,5.6948513e-05,0.0005358383,-0.00017745793,0.002855029,0.000517074,0.0002533123,-0.0012726188,-0.0020222887,-0.000685744,-0.0008575842,0.00022757053,0.00028390437,-0.000818474,0.9970178,0.998029,0.995768,0.99677813,0.99691355,0.99691343,0.9991438,0.99643594,0.9981156,0.9976983,0.99570227,0.9937966,0.9966767,0.9978772,0.9957341,0.99763876,0.99900997,0.99797934,0.9986377,0.99798816
4.0,-0.0130935535,-0.0075830817,-0.0039979117,0.010076173,0.007846254,-0.007955831,-0.0019393936,0.005622998,0.0057676435,-0.00048707612,-0.0004025437,-0.015751753,0.0023486167,0.00087210536,0.0080265775,0.0054276064,-0.007967446,-0.0014583431,-0.011174202,0.0048781354,0.99422777,0.99518096,0.99710387,0.99964327,0.99737316,0.9976806,0.9987344,0.9973968,0.9969748,0.9962457,0.9934016,0.9954845,0.995646,0.9952534,0.99635565,0.9966728,1.0008241,0.9969075,0.9996534,0.9994021
4.0,-0.023606956,-0.014288604,-0.007030393,0.018267307,0.013921428,-0.01590829,-0.002759453,0.009926668,0.009998385,-0.00069247186,-0.0030397363,-0.028547782,0.0036178827,0.0027520657,0.01604645,0.010414988,-0.013668638,-0.0028981604,-0.02027113,0.009422274,0.9919129,0.9929469,0.9980191,1.0018471,0.9975159,0.9983719,0.9982402,0.9982897,0.9959091,0.99505764,0.99122244,0.9968042,0.9947606,0.9929463,0.99681145,0.99583,1.002277,0.9958675,1.0002654,1.0005459
3.0,0.005919136,0.0046061054,0.001531844,-0.004709173,-0.003104038,0.0062651373,-0.00019639358,-0.002359312,-0.0017903559,-0.00014554337,0.0041986033,0.007414438,-0.00026334077,-0.0025168136,-0.0062861517,-0.0034990087,0.0022485629,0.0012483932,0.005079098,-0.003233333,0.9981018,0.9990481,0.99518144,0.99539036,0.99646866,0.9964874,0.99960333,0.99598444,0.9987711,0.99824566,0.9967698,0.9931762,0.997214,0.9988815,0.9954673,0.99790406,0.99827754,0.9985994,0.99835724,0.9972508
4.0,-0.026454799,-0.01607269,-0.00781493,0.020439876,0.0155417025,-0.018008992,-0.0030015595,0.011065925,0.011113029,-0.00073741935,-0.0037758388,-0.0319763,0.004012279,0.0032007098,0.01820577,0.011742704,-0.015188385,-0.0032189041,-0.022740081,0.010625769,0.9912616,0.99230915,0.99823874,1.002404,0.99747616,0.99853724,0.99814534,0.9985154,0.9956285,0.99473625,0.9906638,0.997174,0.9945271,0.992304,0.9969508,0.9955475,1.0026695,0.9956128,1.0004442,1.0008379
4.0,-0.023592882,-0.0142489,-0.006999406,0.018217703,0.013891963,-0.015860703,-0.0027900077,0.009908166,0.009959027,-0.0007001888,-0.0030362718,-0.028498556,0.0036838576,0.0026889741,0.01601097,0.0103619695,-0.013628308,-0.002842892,-0.020240493,0.009396387,0.9919161,0.9929298,0.9980178,1.001819,0.99749196,0.9983501,0.9982873,0.99827,0.99594086,0.9950622,0.99127275,0.99681336,0.9947776,0.9929597,0.99681693,0.99581325,1.0022715,0.995906,1.0002923,1.0005249
3.0,0.016885407,0.011454813,0.004587655,-0.012982573,-0.00925114,0.014291381,0.0011675917,-0.006973669,-0.0059253573,0.00024124421,0.006672699,0.020600706,-0.0025191307,-0.004022844,-0.0142535865,-0.008137386,0.007878605,0.0025014915,0.014204435,-0.007827283,1.0001824,1.0013709,0.9938864,0.992967,0.995732,0.9959687,0.9996952,0.99540406,0.99943024,0.9993975,0.99819076,0.9918271,0.99789935,1.0006665,0.9949489,0.9984996,0.9968265,0.99918693,0.9972952,0.99619955
3.0,0.006136611,0.004488658,0.0014365353,-0.0046210624,-0.003045008,0.0064995587,-1.2297183e-05,-0.0022898987,-0.0016342849,0.00017986633,0.0040984154,0.007468894,-0.0007311627,-0.0021516904,-0.0062864423,-0.0030623972,0.002125226,0.0009909831,0.00497894,-0.0033046154,0.9980258,0.9991812,0.9950002,0.9955682,0.99646515,0.9964906,0.9991953,0.99592435,0.9983387,0.9982773,0.9967475,0.9930055,0.99700785,0.9988456,0.9954538,0.9978026,0.9982311,0.9983708,0.9980631,0.99742424
3.0,0.008835688,0.006444942,0.0023991875,-0.0069852285,-0.004787236,0.008585252,8.2653016e-05,-0.0035839602,-0.0029291809,5.3696334e-05,0.0048171207,0.010968331,-0.0007100031,-0.0030002072,-0.008455634,-0.0047127083,0.0037719347,0.0016991459,0.0074550286,-0.0045365226,0.99862945,0.9996248,0.99478495,0.99474823,0.99620324,0.99627197,0.99966514,0.9957203,0.9989062,0.99857515,0.9973553,0.9927848,0.9973966,0.999407,0.99537885,0.9979591,0.99788743,0.9988346,0.99810153,0.9969764
3.0,-0.01530996,-0.009024158,-0.004680314,0.011861965,0.009164696,-0.009711202,-0.002079878,0.006553553,0.0067035556,-0.00055759214,-0.00093786046,-0.018490475,0.0025568232,0.0013285056,0.009739675,0.0064916387,-0.009195205,-0.0018304773,-0.013091885,0.005881112,0.99375117,0.9947322,0.9973196,1.000138,0.99746364,0.9978505,0.9985932,0.99761295,0.9967447,0.9959781,0.9928771,0.99575603,0.9954569,0.9947542,0.9964179,0.99654996,1.0011374,0.99665374,0.9997605,0.999649
1.0,-0.013872579,-0.008191392,-0.0043214383,0.010842364,0.0083975,-0.008637,-0.0019055344,0.0060128644,0.0062177107,-0.0004523173,-0.0006137118,-0.016821358,0.0022412315,0.0012033209,0.008700207,0.005967222,-0.008501906,-0.0017340556,-0.011948407,0.0052876584,0.9940173,0.99505836,0.99714315,0.99990594,0.99744385,0.997765,0.9985321,0.9974936,0.996755,0.9961203,0.9931174,0.9955342,0.9955136,0.9950193,0.9963361,0.9966381,1.000943,0.996713,0.99959105,0.9995398
2.0,-0.01246804,-0.0072550178,-0.0039017806,0.009702265,0.0075544636,-0.007652972,-0.0017902106,0.0053934893,0.005607743,-0.00051291287,-0.00022303686,-0.0150780715,0.0020776615,0.000919804,0.007622592,0.0052042305,-0.0077066906,-0.0015343316,-0.010641888,0.0046947794,0.9943796,0.9953693,0.997077,0.9995639,0.9974502,0.9977168,0.9986571,0.99742734,0.9970001,0.99629915,0.9933378,0.99539536,0.99567467,0.99534684,0.99628806,0.9968135,1.0007492,0.9968638,0.99954647,0.99936557
4.0,-0.018079713,-0.010724045,-0.005430597,0.01394283,0.010721162,-0.011775903,-0.0023525096,0.0076558916,0.0077456124,-0.0006625429,-0.0016125441,-0.021797102,0.0030201077,0.0017042458,0.011802338,0.007683143,-0.010626394,-0.0021189786,-0.015421271,0.007055158,0.99316376,0.9941144,0.99758923,1.0006648,0.9974831,0.99800795,0.99856883,0.9978261,0.99655807,0.9956712,0.99236566,0.9961321,0.99527156,0.99417394,0.9965445,0.99632925,1.001516,0.99645084,0.99998486,0.9999049
4.0,0.019474417,0.013061434,0.005332851,-0.014957782,-0.010705581,0.01628759,0.0014589243,-0.008059721,-0.006893292,0.00039727427,0.007214356,0.023719843,-0.0029815435,-0.0044130906,-0.016143374,-0.009195585,0.009190556,0.0028587542,0.016293861,-0.00893582,1.0006067,1.0018612,0.9935032,0.99239194,0.99546117,0.99578875,0.9997221,0.9952098,0.999513,0.99967444,0.9986024,0.9914837,0.99804986,1.001056,0.99483526,0.99852735,0.99648404,0.9993671,0.9970328,0.995938
1.0,0.03560136,0.023358658,0.010081001,-0.027359363,-0.019867513,0.028331526,0.0034241378,-0.01508355,-0.01315134,0.00097259507,0.0106911585,0.043333143,-0.0060512945,-0.0070787743,-0.027913675,-0.016202282,0.01758619,0.005172897,0.029602364,-0.015770217,1.0033008,1.0049311,0.99126536,0.9884181,0.99360037,0.9948368,1.0001726,0.99439335,1.0004733,1.0013032,1.0005969,0.9896265,0.99910325,1.0032156,0.9940168,0.9988635,0.9943772,1.0003955,0.995544,0.99418235
2.0,-0.0031666905,-0.0013293475,-0.0012222659,0.002496913,0.002215763,-0.00065808743,-0.0009526126,0.0015363656,0.0019263551,-0.00029497035,0.0020277463,-0.0037716292,0.0007845387,-0.00068697333,0.0006165579,0.0008971989,-0.0027224496,-0.00025763735,-0.0026999265,0.0007080075,0.996309,0.9973015,0.9961556,0.9975495,0.9970996,0.99712926,0.99902904,0.9967015,0.9978399,0.99730104,0.9950675,0.9942391,0.99641514,0.9971952,0.9958674,0.9974454,0.99948865,0.99768335,0.9989024,0.9983553
2.0,-0.017633304,-0.010515586,-0.005351576,0.01367118,0.010503298,-0.011462785,-0.0022593103,0.0075067217,0.0076368973,-0.00059111044,-0.0015212409,-0.021322366,0.0028219223,0.001759924,0.011514045,0.007612437,-0.010462459,-0.0021620393,-0.015101828,0.0068778116,0.99324965,0.9942511,0.9975258,1.0006355,0.9975103,0.9980101,0.9984709,0.99781036,0.9965015,0.9957281,0.9924014,0.9960433,0.9952546,0.99426186,0.9965319,0.9963681,1.0014553,0.99641824,0.99989426,0.99991536
2.0,0.03124718,0.020394567,0.008638359,-0.023836538,-0.017280076,0.024900397,0.0030891076,-0.013118578,-0.011320304,0.00092021935,0.009727534,0.037883043,-0.0057439134,-0.0059198737,-0.024559822,-0.013970036,0.015142482,0.0041811503,0.025996946,-0.01389049,1.0027361,1.0043434,0.9919451,0.98967063,0.99437696,0.99530464,0.9997071,0.99474967,1.0000515,1.0009985,0.9998628,0.9900923,0.99868816,1.002768,0.99433166,0.99897516,0.99492204,0.99986744,0.9957811,0.99489105
2.0,0.020592049,0.013822146,0.005666152,-0.015845448,-0.011376463,0.01697223,0.0016018599,-0.008592479,-0.0073759817,0.00028435886,0.007540494,0.025099684,-0.003189303,-0.004627511,-0.016971465,-0.009832554,0.009814933,0.0029960312,0.017347775,-0.0093746595,1.0008829,1.0021101,0.9934502,0.9920694,0.99543226,0.995793,0.9998307,0.99525017,0.9997457,0.99979496,0.9986315,0.99141896,0.9981817,1.0012478,0.9947763,0.99868804,0.9963386,0.99945194,0.99700403,0.99578065
3.0,0.000984624,0.0014517754,8.3475374e-05,-0.0008798577,-0.0002717101,0.0024877675,-0.0006632991,-0.0002863314,0.00014829263,-0.00032239407,0.003069453,0.0014013499,0.0004390478,-0.0016406924,-0.0025903955,-0.0012726486,-0.00037932396,0.0005051531,0.0009565726,-0.0011028124,0.9971772,0.998081,0.995768,0.9965057,0.9968326,0.99683416,0.9994145,0.99637896,0.9984034,0.9977446,0.99587476,0.99379456,0.9968463,0.9980127,0.9956955,0.9976977,0.99893254,0.99818015,0.99873894,0.9977951
3.0,0.033101607,0.021815807,0.009404322,-0.025505405,-0.01849606,0.02661069,0.0030272752,-0.014,-0.012218032,0.00092905574,0.010133017,0.04035198,-0.0053677037,-0.0067909732,-0.026152622,-0.015165951,0.016334336,0.004964035,0.02749125,-0.014767511,1.002864,1.0043979,0.99159396,0.98902667,0.993823,0.99489874,1.000185,0.994401,1.0003421,1.0010245,1.0004953,0.9898814,0.99898005,1.0029149,0.99416095,0.9987504,0.99472886,1.000329,0.99582034,0.99442774
1.0,0.0027268901,0.0019937083,0.00014408492,-0.0015530959,-0.0008204044,0.0036056489,-1.5180558e-05,-0.0006829873,5.0611794e-05,0.00022306293,0.0032583103,0.002990324,-0.0009818375,-0.0009188354,-0.0034667924,-0.0009795055,-4.9062073e-06,-6.2357634e-05,0.0019170567,-0.0016674723,0.99737173,0.9987263,0.99537075,0.9966099,0.99694365,0.9969158,0.99853355,0.99636173,0.9977027,0.99791825,0.99573094,0.9933224,0.9965294,0.9981457,0.9955416,0.997803,0.9986884,0.9976787,0.9980033,0.9980401
2.0,-0.0077529103,-0.004078351,-0.0024301605,0.005915027,0.0047848932,-0.003953859,-0.0015367754,0.0034075528,0.0036137477,-0.00048113056,0.00093567,-0.009201068,0.0018407702,-0.00024811924,0.0039262697,0.0027278736,-0.0049950257,-0.00059277564,-0.006560646,0.002628465,0.99530846,0.9962029,0.99660754,0.9984193,0.9971386,0.99726045,0.9991165,0.9969257,0.9975902,0.99672586,0.9944585,0.99485064,0.99615836,0.99625736,0.996007,0.9970514,1.0001185,0.9974794,0.9993551,0.99869794
4.0,-0.0157286,-0.009287454,-0.0047957925,0.012172956,0.0093947025,-0.010041598,-0.0021136925,0.006714605,0.0068584234,-0.00058235414,-0.0010328889,-0.018993836,0.0026070625,0.0014006197,0.010056734,0.006673403,-0.00941845,-0.001891654,-0.01342994,0.0060607297,0.9936764,0.99465036,0.9973708,1.0002201,0.9974839,0.9978911,0.9985838,0.99766034,0.9967243,0.99594444,0.9927788,0.9958159,0.9954294,0.9946787,0.9964481,0.99653155,1.0011927,0.99661684,0.99979603,0.9996939
2.0,0.04681519,0.030493483,0.013421665,-0.03588487,-0.026126336,0.037039604,0.004855849,-0.019943582,-0.017392095,0.0017385911,0.012815785,0.056966215,-0.008279614,-0.0089545995,-0.0360254,-0.020724602,0.023336995,0.00694957,0.038433157,-0.0205771,1.0048099,1.006872,0.98935556,0.9856175,0.99176323,0.99397343,1.0003512,0.9936836,1.000719,1.0023342,1.0020727,0.9882247,0.9997003,1.004326,0.99335325,0.9986203,0.99297166,1.0010343,0.99429995,0.9930078
1.0,0.040621154,0.026171401,0.011217611,-0.030770663,-0.022380294,0.03174658,0.0045429952,-0.017122487,-0.014766499,0.0014572814,0.011594154,0.04910062,-0.008284293,-0.0069968253,-0.031146638,-0.017549451,0.019811671,0.0051299073,0.033602647,-0.017799659,1.0042722,1.0063027,0.99055326,0.9874718,0.9933133,0.9949274,0.9995288,0.9944723,1.0002589,1.0020303,1.000636,0.9890014,0.9990599,1.0038778,0.99384946,0.99916846,0.9936554,1.0000913,0.9946157,0.9941107
2.0,0.054392077,0.03536281,0.015734954,-0.041758213,-0.03046538,0.042739943,0.005893916,-0.023392422,-0.020367932,0.0021115355,0.014325894,0.06623331,-0.009927176,-0.010190435,-0.04147199,-0.023879632,0.027214307,0.008109562,0.04456856,-0.023837721,1.0059735,1.0082675,0.9881351,0.9835925,0.9905577,0.99355084,1.0005435,0.9934359,1.0010495,1.0031902,1.0028268,0.98740077,1.0001566,1.0051302,0.9930144,0.9985611,0.99201727,1.0014688,0.9935657,0.9922475
3.0,0.020638987,0.014087353,0.0058719185,-0.016098361,-0.011540275,0.017270165,0.0013416484,-0.008676957,-0.0075683594,0.00019292161,0.0075746216,0.025358059,-0.0025264248,-0.0051689297,-0.017229646,-0.010260079,0.010074161,0.003471706,0.017396681,-0.009467905,1.0007521,1.0018572,0.99338627,0.99187434,0.9951537,0.9955305,1.0002413,0.9950361,0.999959,0.9996514,0.99899673,0.9914427,0.99835056,1.0011746,0.9946881,0.9984919,0.9963673,0.9997728,0.99720854,0.9955251
3.0,-0.024389006,-0.01474943,-0.007227798,0.018833179,0.014351524,-0.016488507,-0.0028497428,0.010225449,0.0102771595,-0.00074297003,-0.0032275468,-0.029464323,0.0037873983,0.0028201193,0.016618595,0.010711379,-0.014055584,-0.0029491298,-0.020913713,0.009753689,0.99174076,0.9927525,0.99809295,1.0019741,0.997499,0.99840814,0.9982663,0.99834865,0.99588066,0.99496746,0.99108046,0.99692166,0.99472255,0.99277353,0.9968438,0.99575746,1.002384,0.9958319,1.0003433,1.0005962
3.0,-0.011021659,-0.00589294,-0.0032327184,0.008195706,0.006508057,-0.0065491013,-0.0019569658,0.0045976993,0.004655618,-0.0009122696,0.00029341504,-0.012954045,0.0026583746,-7.2561204e-05,0.0062474683,0.003686443,-0.006492477,-0.00078880787,-0.009006731,0.0040390873,0.99478036,0.99545723,0.9971252,0.99888355,0.99726456,0.99748474,0.99939775,0.99724126,0.9977718,0.99637955,0.9938339,0.9954119,0.99612993,0.9956711,0.99614525,0.99698853,1.0005716,0.99739707,0.999823,0.99886185
4.0,-0.032811575,-0.020046487,-0.009567481,0.025286036,0.019163137,-0.022758842,-0.0035019666,0.013578825,0.013607506,-0.0008727517,-0.0054251067,-0.03962465,0.004839942,0.0042124093,0.02305387,0.01469405,-0.018588461,-0.0039425865,-0.028237753,0.01333935,0.9897966,0.9908772,0.99872416,1.0036143,0.99733937,0.9989372,0.9979353,0.99905705,0.99501574,0.9940105,0.98931396,0.99801534,0.9940137,0.99082094,0.997259,0.9949185,1.0035524,0.99501425,1.0008193,1.0014776
4.0,0.024152994,0.016081002,0.006726802,-0.018596373,-0.01340216,0.019758204,0.001993224,-0.010113595,-0.008746088,0.00050678663,0.00826842,0.029436002,-0.003796555,-0.0052265376,-0.019588385,-0.011314806,0.011661682,0.0035539456,0.020217203,-0.010927567,1.0014555,1.0027709,0.99291867,0.9912344,0.9949941,0.9955282,0.9999093,0.99497247,0.9998863,1.0001581,0.9992232,0.99096,0.9983987,1.00176,0.9946208,0.9987001,0.99587697,0.9997065,0.9966584,0.9954152
4.0,-0.014252238,-0.00830888,-0.0043527065,0.010996208,0.008528854,-0.008940507,-0.0020128414,0.0060906718,0.006238006,-0.00059781224,-0.0006490238,-0.017168742,0.0024791062,0.0010805577,0.00891386,0.0059012547,-0.008584198,-0.001649972,-0.012118019,0.0054286923,0.9940068,0.9949457,0.9972582,0.9998754,0.9974466,0.9977886,0.9987077,0.9975379,0.9969282,0.9961004,0.9930792,0.9956497,0.9955828,0.99499255,0.9963723,0.99665934,1.0009923,0.9967882,0.99973476,0.9995019
1.0,-0.02252695,-0.0139688775,-0.00687234,0.017683856,0.013404468,-0.014916945,-0.0025024526,0.009648745,0.009833816,-0.00020606816,-0.002933085,-0.027516115,0.002943851,0.003115058,0.01540906,0.010660969,-0.013443701,-0.003118161,-0.019739069,0.008885132,0.9920212,0.99332756,0.99769354,1.0019271,0.99754554,0.99835485,0.9977349,0.9981996,0.99543715,0.9952583,0.9914313,0.99648714,0.9945346,0.99319667,0.996893,0.9957386,1.0020982,0.99569166,0.9999361,1.0007333
3.0,-0.01950109,-0.011981271,-0.0060349414,0.01533138,0.011671819,-0.012883,-0.0022290312,0.0083725555,0.008596964,-0.00036470592,-0.0020728782,-0.023815986,0.0025638416,0.002558425,0.013105966,0.009019725,-0.011748608,-0.0027571954,-0.016944788,0.0076822825,0.99280274,0.9940066,0.99757904,1.0012449,0.9976389,0.99824446,0.9979667,0.99804413,0.99594456,0.9955926,0.99187315,0.9961649,0.99488866,0.9938699,0.9967015,0.9961844,1.0016966,0.9959886,0.9998007,1.0003495
3.0,0.006939374,0.0054464005,0.001961764,-0.0056987368,-0.003829583,0.0070392117,-0.00023511797,-0.0029047672,-0.0023723654,-0.0003178306,0.0045271777,0.008816905,-5.58123e-05,-0.0030179396,-0.007178232,-0.0043417104,0.0029674359,0.0016432628,0.0061133504,-0.003702795,0.99835294,0.99916154,0.99514717,0.99498975,0.9963459,0.99637717,0.99995553,0.99590623,0.9991558,0.9983368,0.99703544,0.9931457,0.99744993,0.9991037,0.9954244,0.9979877,0.99815464,0.9988819,0.9984808,0.9969872
4.0,0.022807233,0.015159443,0.006294937,-0.017509002,-0.012591664,0.01878109,0.0018676892,-0.009490544,-0.00816942,0.00054235756,0.007933706,0.02775415,-0.003644608,-0.004911065,-0.018566098,-0.010598123,0.010903932,0.0032964535,0.019042462,-0.010354481,1.0011965,1.0025293,0.99305826,0.9916152,0.99513656,0.9956084,0.9997724,0.99502575,0.9996884,1.0000353,0.9990432,0.9910796,0.9982553,1.0015572,0.99469185,0.99862766,0.99604404,0.9995652,0.9967095,0.99560875
3.0,-0.0048089027,-0.002615206,-0.001914205,0.0041079707,0.0033783144,-0.0020501092,-0.0008638613,0.0023734337,0.0028485358,-0.00015624054,0.0015572347,-0.006011624,0.00046816468,5.493313e-05,0.0020446405,0.002110064,-0.0038344152,-0.0008713342,-0.004314624,0.0015294689,0.9959128,0.9971077,0.9962645,0.99812084,0.99728554,0.99732983,0.9985499,0.9968932,0.9973523,0.99707603,0.9945069,0.9943333,0.9960995,0.99675727,0.99586284,0.9973959,0.9997196,0.9972204,0.9987406,0.99871653
1.0,0.036171954,0.02392248,0.010326529,-0.027866784,-0.020287804,0.028588938,0.0034214817,-0.015431887,-0.013498645,0.00069575757,0.010957539,0.044124857,-0.005907908,-0.0074533224,-0.028430495,-0.016865704,0.018055607,0.0054258704,0.030224137,-0.015969008,1.0034362,1.0049746,0.991312,0.9881039,0.9935438,0.99480045,1.000478,0.994485,1.0008726,1.0012265,1.0005938,0.98969424,0.99929166,1.0032399,0.9938863,0.99902105,0.99434566,1.000549,0.99570453,0.99394584
4.0,-0.034145027,-0.02091837,-0.009953995,0.026342746,0.019942196,-0.023732632,-0.003579244,0.014125304,0.014169313,-0.0008397326,-0.005798191,-0.04126132,0.004942782,0.004488811,0.02409678,0.015409969,-0.019342924,-0.004130993,-0.029453635,0.013902789,0.98946273,0.9905911,0.9987916,1.0038998,0.99729556,0.99902165,0.9978229,0.99916595,0.9948099,0.9938529,0.9890251,0.9981692,0.99386656,0.99049217,0.9973295,0.994758,1.0037388,0.99484646,1.0008574,1.0016465
3.0,0.0091509,0.006639287,0.0024374155,-0.007180337,-0.0049519637,0.008546267,0.0001969561,-0.0037505273,-0.003038425,-0.00011798367,0.0049869195,0.011308428,-0.0009062141,-0.0029626414,-0.0086425245,-0.0049504004,0.003917128,0.001599554,0.007852629,-0.0045750337,0.99879503,0.99976337,0.99486893,0.99466467,0.99634206,0.99638563,0.9996741,0.9958658,0.9990665,0.9986218,0.9971515,0.992808,0.9974609,0.99947804,0.99534327,0.9981731,0.99785084,0.9988009,0.9981013,0.99693155
3.0,-0.014825158,-0.008723497,-0.004547938,0.011482887,0.008878671,-0.009389598,-0.0020204708,0.006343171,0.0065059364,-0.0005685091,-0.0008034669,-0.01790661,0.0024492964,0.0012746453,0.009383969,0.006264709,-0.008943871,-0.0017999411,-0.01264517,0.0056801774,0.9938864,0.99486035,0.9973007,1.0000374,0.99748796,0.99785477,0.99860334,0.9976052,0.9968112,0.9960527,0.99292606,0.99570227,0.9954998,0.994877,0.99641323,0.99662364,1.0010691,0.9966819,0.9997307,0.99960965
2.0,0.03327499,0.022025645,0.00954106,-0.025781304,-0.018724877,0.026718942,0.00299998,-0.014182681,-0.01240886,0.0008380208,0.010233633,0.040662374,-0.0052923784,-0.0069234297,-0.02632856,-0.015400883,0.016499456,0.005089704,0.027750604,-0.014901403,1.0030183,1.0044646,0.991661,0.98889875,0.9938395,0.99494064,1.0003273,0.9944452,1.0005475,1.0011035,1.000553,0.98992586,0.9990761,1.003057,0.9942439,0.9988456,0.9947223,1.0004196,0.9959386,0.9944025
4.0,-0.01631277,-0.009604156,-0.00493222,0.012577308,0.009705188,-0.01047774,-0.0021966025,0.0069295103,0.0070433654,-0.00064485334,-0.0011604838,-0.019656535,0.002773054,0.0014126971,0.010466456,0.0068465173,-0.009678341,-0.0019033886,-0.013882257,0.006306205,0.9935634,0.994502,0.9974473,1.0002968,0.99747676,0.9979124,0.9986408,0.99769866,0.99674445,0.99587274,0.9926898,0.9959134,0.99542177,0.9945591,0.9964663,0.9964943,1.001274,0.9966091,0.9998758,0.9997169
3.0,-0.02616898,-0.01599481,-0.007812013,0.020324865,0.015426433,-0.017906852,-0.0028811358,0.010980818,0.011095006,-0.00070217624,-0.003699284,-0.03172994,0.0037545934,0.0033549294,0.018066905,0.0117633045,-0.015144922,-0.0033571273,-0.02254242,0.010551499,0.99134386,0.99244726,0.9982217,1.0024288,0.9975665,0.9986001,0.99800545,0.9985623,0.9955675,0.9947829,0.99057746,0.99710447,0.9944996,0.99236494,0.99694616,0.99563575,1.0026387,0.99552643,1.000351,1.0008831
3.0,-0.052569166,-0.032488875,-0.015044269,0.04045736,0.030512154,-0.03755614,-0.004694324,0.021265907,0.021573856,-0.0010355748,-0.010851655,-0.06345411,0.006804906,0.0076589286,0.038425766,0.024378307,-0.029386653,-0.006245233,-0.0456931,0.021813674,0.9849382,0.98637736,0.9998976,1.0072802,0.9962717,1.000293,0.9969476,1.0008224,0.99269795,0.9916512,0.9846085,1.0005904,0.9922347,0.98575956,0.9982878,0.9926316,1.006351,0.9927618,1.0015727,1.0035759
3.0,0.021564983,0.014759224,0.0061749252,-0.016869396,-0.012131099,0.017854726,0.0014363825,-0.009143908,-0.00799939,8.462928e-05,0.007854477,0.026535057,-0.0026387945,-0.005396135,-0.017936531,-0.01083602,0.010621842,0.0036433674,0.018278278,-0.00985411,1.0010026,1.0020589,0.99335885,0.99158007,0.99511886,0.99552894,1.0003781,0.9950683,1.0002034,0.99974906,0.9990653,0.9914,0.998487,1.0013545,0.9946538,0.9986378,0.9962607,0.9998733,0.99722433,0.99538845
2.0,-0.0046050176,-0.0021736398,-0.0015805531,0.0035288818,0.002989498,-0.0016890466,-0.0011572354,0.002101725,0.0024256296,-0.00037631392,0.0017013438,-0.0054534115,0.0011584312,-0.0005776435,0.0016393438,0.0014291033,-0.0034201406,-0.0003374964,-0.00387799,0.0012951524,0.9960226,0.9969569,0.9963152,0.99780643,0.99712497,0.99717826,0.99909204,0.9967805,0.9978056,0.99714386,0.9948962,0.99444366,0.99635565,0.9969372,0.99593705,0.99733484,0.99968505,0.99765104,0.9990802,0.99845576
2.0,-0.021643512,-0.013087533,-0.006507146,0.016789054,0.0128102405,-0.014493879,-0.0025592372,0.009140119,0.009250186,-0.00065251254,-0.0025336482,-0.026208106,0.003268212,0.0025059357,0.014585026,0.009548575,-0.01265458,-0.002728615,-0.018576004,0.008600719,0.9923733,0.9934134,0.99787027,1.0014809,0.9975644,0.99829197,0.9982597,0.99816453,0.99607986,0.995295,0.9915544,0.9965441,0.9949052,0.9933939,0.9967318,0.99604213,1.0020068,0.9960063,1.0001202,1.0003719
2.0,-0.008126646,-0.004534729,-0.0026837094,0.0063792616,0.0050825453,-0.0044093393,-0.0013687685,0.0036157016,0.003922485,-0.00037999265,0.00082530454,-0.009839352,0.00138589,0.00025693327,0.004379563,0.0032711402,-0.0054209903,-0.0010122173,-0.0069524646,0.0028393453,0.9953,0.9963134,0.99665433,0.99866956,0.99734294,0.99747163,0.99876,0.99710375,0.9973475,0.9967856,0.99412173,0.9948375,0.99599135,0.99623454,0.99610484,0.9971367,1.0001571,0.9972022,0.9992154,0.9989385
1.0,-0.02503471,-0.015231311,-0.0074265143,0.01939668,0.0147491675,-0.01679879,-0.002890855,0.01054387,0.0106005855,-0.0005455967,-0.0034819543,-0.03029653,0.0037896931,0.0030305535,0.017140158,0.011258237,-0.014475323,-0.0030455105,-0.021655373,0.009959465,0.9915245,0.9926277,0.998036,1.0021825,0.9974383,0.99839944,0.9980957,0.99833655,0.9956102,0.9948946,0.9910826,0.99694234,0.9945657,0.9926242,0.9969064,0.99557984,1.0024687,0.9957188,1.0003119,1.0007578
4.0,-0.009217709,-0.005204655,-0.002980073,0.0072073434,0.005703535,-0.00520315,-0.0014954843,0.0040658396,0.0043399893,-0.00041804835,0.00056126714,-0.011146169,0.0016117021,0.00038416684,0.005178541,0.0037289858,-0.0059793927,-0.0011115186,-0.007883973,0.0033047039,0.9950512,0.99605256,0.99675167,0.9988857,0.99735004,0.99750745,0.9987608,0.99716353,0.9972672,0.99664706,0.9939549,0.9949783,0.9959208,0.9959993,0.99613553,0.997037,1.0003071,0.9971409,0.9993093,0.9990238
4.0,-0.024601355,-0.014841728,-0.0072541414,0.018946605,0.014444968,-0.01660972,-0.0029025413,0.010291416,0.010315657,-0.0007619746,-0.0032795593,-0.029678341,0.003891766,0.0027820915,0.01675082,0.01074978,-0.014126558,-0.0029115006,-0.021066781,0.00982067,0.9917016,0.99268657,0.9981181,1.0019825,0.99747354,0.9984018,0.9983175,0.99834794,0.9959055,0.99495,0.9910893,0.9969649,0.9947277,0.9927424,0.99686366,0.99572545,1.0024095,0.9958545,1.0003915,1.0005966
2.0,0.012493275,0.008724123,0.0033686422,-0.009673871,-0.0067890887,0.011082388,0.00058404356,-0.0051131584,-0.004272055,5.45159e-05,0.0057028234,0.015322529,-0.001520656,-0.0034742877,-0.011092309,-0.00634278,0.005644057,0.0020308532,0.010559447,-0.0059729824,0.99933267,1.000407,0.9944085,0.99393624,0.99603283,0.99614197,0.9997047,0.9956059,0.99919397,0.9989082,0.99765855,0.9923647,0.9976495,0.9999465,0.99512637,0.99825746,0.99740887,0.9989958,0.9977451,0.9965759
4.0,0.026645713,0.01813306,0.0077240122,-0.020831611,-0.015097918,0.021532511,0.002010204,-0.011424955,-0.0100667365,7.5055286e-05,0.009055216,0.03278382,-0.0034634843,-0.0063960254,-0.021712646,-0.0133026205,0.0133815445,0.0044639297,0.022587925,-0.011994563,1.0019302,1.0030273,0.9927792,0.9902363,0.9945927,0.9952535,1.000697,0.9948803,1.0007683,1.0001893,0.99966586,0.99089473,0.9989224,1.002061,0.99436307,0.99889404,0.99563,1.000257,0.9968997,0.9947525
1.0,0.031685475,0.021035641,0.009097926,-0.024498887,-0.017721437,0.025843516,0.0026530586,-0.013350725,-0.011726927,0.00091216154,0.009783693,0.038733564,-0.004590653,-0.0069449767,-0.025284488,-0.014746506,0.015747186,0.0051067285,0.026208065,-0.014204567,1.0023973,1.0038761,0.99165875,0.9892923,0.9937007,0.9947009,1.0003846,0.9942154,1.0002677,1.000691,1.0006431,0.9900015,0.998957,1.0025649,0.9940924,0.9984577,0.9949374,1.0004458,0.99601966,0.9943858
3.0,0.019444942,0.012894202,0.0052299034,-0.014770765,-0.010551181,0.016401667,0.0015339702,-0.007919276,-0.006722547,0.0006601196,0.007067688,0.023568776,-0.0031979978,-0.004196696,-0.016033437,-0.008820165,0.00904553,0.002730634,0.016038492,-0.008928326,1.0004795,1.0018748,0.99336797,0.99254596,0.9954036,0.99574244,0.9994593,0.9951111,0.9991767,0.9996498,0.9986533,0.9913689,0.99789566,1.0009727,0.99481183,0.99838835,0.99648046,0.9992208,0.99683213,0.9960628
4.0,-0.027241692,-0.016568102,-0.008033154,0.021043494,0.015991729,-0.018587958,-0.003064938,0.011381818,0.011424087,-0.0007448979,-0.003982503,-0.03292563,0.0041138306,0.0033292621,0.018805154,0.012117572,-0.01561122,-0.0033100806,-0.023427427,0.010958488,0.99107796,0.99213344,0.9982958,1.002559,0.99746066,0.99858284,0.9981137,0.9985771,0.995544,0.9946459,0.99050653,0.9972746,0.9944591,0.99212223,0.9969889,0.99546576,1.0027778,0.9955375,1.0004886,1.000921
3.0,-0.016335957,-0.009510569,-0.0049117515,0.012553161,0.009707803,-0.010575473,-0.0022331662,0.0069030337,0.0069917925,-0.0007905904,-0.0011129081,-0.0196147,0.0029144883,0.0012630597,0.010434635,0.0066369995,-0.0095868185,-0.0018141009,-0.013796531,0.0063587204,0.9935873,0.9944568,0.99752235,1.0002148,0.99746686,0.99789673,0.99879396,0.9977014,0.99691045,0.99581707,0.99266344,0.995965,0.9955129,0.99452126,0.99639857,0.9965625,1.0012946,0.99666697,0.9999405,0.9996273
2.0,-0.014979444,-0.008867569,-0.0046207225,0.011653444,0.00899917,-0.009498876,-0.0020064749,0.0064355526,0.0066154376,-0.000522187,-0.00086275116,-0.018136006,0.0024021342,0.0013695955,0.00952749,0.00642512,-0.009071719,-0.0018700697,-0.012834974,0.005755091,0.9938251,0.994838,0.997284,1.0001101,0.9974921,0.99786395,0.99852735,0.99761283,0.9967192,0.9960269,0.99288124,0.99569666,0.9954501,0.9948234,0.9964124,0.9965915,1.0010905,0.9966279,0.99969673,0.99965364
2.0,-0.01563003,-0.009243347,-0.004781411,0.01211849,0.009350814,-0.009974841,-0.0020893738,0.006684062,0.0068381205,-0.00056456216,-0.001014255,-0.018891614,0.0025560781,0.0014173985,0.009995468,0.0066629276,-0.009384032,-0.0019054003,-0.013362527,0.0060241017,0.9936934,0.9946819,0.9973561,1.0002153,0.99748933,0.99789184,0.9985576,0.9976563,0.9967073,0.9959541,0.99278253,0.99579465,0.99542356,0.9946939,0.996442,0.99654055,1.0011798,0.99660456,0.9997711,0.9996977
4.0,-0.042870075,-0.026247859,-0.012261272,0.032848157,0.024857221,-0.030200057,-0.0042842887,0.017464912,0.017494036,-0.001076771,-0.008119114,-0.051628504,0.006181605,0.0056920946,0.030740023,0.01932364,-0.023915349,-0.004932333,-0.03694264,0.017594498,0.9874027,0.988527,0.9994078,1.0053998,0.9968619,0.99955267,0.9976737,0.99990475,0.99405617,0.99285334,0.98714197,0.9993917,0.9932078,0.98836964,0.9977817,0.9937867,1.004948,0.99407554,1.0013864,1.002446
2.0,0.0009646565,0.0012970045,-3.3129007e-05,-0.000692036,-0.00014522672,0.0024311803,-0.00055089593,-0.00019055046,0.00030825287,-0.00019592606,0.0030088574,0.001242727,0.00016641617,-0.0013871938,-0.0024717823,-0.0009932965,-0.0005283728,0.00030599162,0.00080263615,-0.0010482247,0.99712855,0.9981425,0.99571353,0.99663615,0.9968831,0.9968743,0.9991799,0.9964012,0.99818575,0.9977336,0.9957711,0.99373,0.9967335,0.9979583,0.99567205,0.9976915,0.9989342,0.9980241,0.99859095,0.99790055
3.0,0.005802192,0.0041605495,0.0012135841,-0.0042121895,-0.0027676974,0.0059952736,0.0001171045,-0.0021195505,-0.0013932027,0.00013036281,0.004054405,0.0069363415,-0.0010453388,-0.0018089265,-0.005913779,-0.0027654432,0.0018271096,0.00066305324,0.004724264,-0.0030660236,0.99804413,0.9992528,0.9951078,0.9957295,0.9966737,0.99667406,0.99898994,0.9961128,0.998264,0.99828005,0.9964037,0.9930478,0.9969243,0.99879384,0.9954654,0.99795884,0.9982721,0.998165,0.99799305,0.9975584
4.0,-0.028853998,-0.017583251,-0.008499705,0.022302054,0.016930543,-0.019855306,-0.003169287,0.012024505,0.012076899,-0.0008110143,-0.0043841265,-0.034882855,0.004291691,0.003611274,0.020047106,0.0128554925,-0.016482767,-0.0035296269,-0.02481012,0.011680829,0.9907175,0.99178195,0.99844134,1.0028738,0.99745625,0.99870235,0.99805224,0.9987318,0.9954017,0.9944483,0.99011004,0.99748737,0.9943388,0.99173236,0.99704343,0.9953471,1.0030097,0.99536526,1.0005721,1.0010791
1.0,-0.029163599,-0.017375797,-0.008305806,0.022032006,0.016824905,-0.020064034,-0.0034864806,0.011898285,0.011742942,-0.00124285,-0.0043073185,-0.03486627,0.0050190836,0.0029853955,0.020026997,0.012188442,-0.01623774,-0.003077712,-0.024552558,0.011718088,0.99085087,0.9915569,0.9986853,1.0025666,0.99739033,0.9986842,0.9986903,0.99876046,0.9960351,0.9945222,0.9902352,0.9977513,0.99463195,0.991848,0.9971372,0.9954093,1.0030178,0.99574864,1.000983,1.0008317
4.0,-0.022217296,-0.01341743,-0.0066378107,0.017199496,0.0131261125,-0.014843125,-0.0026521608,0.009372321,0.009452041,-0.0006445572,-0.0026953332,-0.026869666,0.0034424737,0.002521783,0.01498837,0.00978297,-0.012926433,-0.0027205162,-0.0190873,0.008818124,0.9922144,0.99324715,0.99789065,1.0015746,0.9975091,0.9982748,0.99828494,0.9981638,0.9960259,0.9952147,0.9915283,0.99661994,0.99486536,0.99325734,0.9967505,0.99593645,1.0020834,0.9960006,1.0001779,1.0004053
1.0,-0.0029530749,-0.001660645,-0.0014885124,0.002824664,0.0024055005,-0.00059966,-0.0005726516,0.0016969927,0.002287358,0.00013529696,0.0019041002,-0.0039264522,-0.00014478713,8.802116e-05,0.00078231096,0.0016879067,-0.0030630864,-0.0008610077,-0.0029328242,0.0007233063,0.99623656,0.99758,0.99595004,0.9978983,0.9972501,0.99726766,0.99828637,0.99676526,0.9971751,0.99735135,0.99478924,0.994,0.99606735,0.9971276,0.9958509,0.99743223,0.99944407,0.9972115,0.9984281,0.9986915
1.0,-0.017056912,-0.0100425705,-0.0051402235,0.013126755,0.010113531,-0.011133093,-0.0022493377,0.007198723,0.0073058344,-0.00075337663,-0.0013015717,-0.020537559,0.0028706044,0.0015194193,0.011027306,0.0070999265,-0.010050714,-0.0020095818,-0.014435351,0.0066517442,0.9934622,0.9943627,0.9975813,1.0004177,0.9975367,0.99800545,0.9986625,0.9978088,0.996776,0.99580324,0.99246985,0.99603975,0.9954074,0.99442226,0.996501,0.9965181,1.0013812,0.9965465,0.9999566,0.9997771
2.0,0.0115920305,0.007689152,0.00281493,-0.008577313,-0.0059935576,0.010392755,0.0008146763,-0.0045007393,-0.00353501,0.0004991442,0.0052916706,0.013862435,-0.0022480339,-0.0025279298,-0.010107093,-0.005036991,0.0047302656,0.001302857,0.009448677,-0.005544314,0.99910504,1.0004776,0.9943389,0.9945353,0.9962655,0.9963573,0.99893385,0.9957076,0.99843884,0.9989514,0.9972959,0.9922637,0.9972187,0.9997883,0.99525255,0.99816227,0.9974819,0.9984771,0.99736804,0.9970685
1.0,0.033137057,0.021413252,0.009048056,-0.025142625,-0.018245287,0.026127798,0.0035190172,-0.013896929,-0.011928294,0.0010693371,0.010107949,0.0400327,-0.0066175833,-0.0058226213,-0.02576346,-0.014474083,0.015941788,0.0040976815,0.027565382,-0.014643975,1.0031661,1.0049019,0.99170697,0.9893341,0.9943572,0.9953938,0.9994462,0.99481744,0.9999871,1.001348,0.9998319,0.9898613,0.9986804,1.0030947,0.99432015,0.9991438,0.99463207,0.99976075,0.99544436,0.9948846
2.0,-0.003337808,-0.0013854727,-0.0012247916,0.0025618523,0.002270103,-0.00073793903,-0.0010265671,0.0015802626,0.0019408241,-0.00032693334,0.001997903,-0.0039281957,0.0009427294,-0.0007625669,0.000700742,0.000882335,-0.002763141,-0.00018591061,-0.002815634,0.0007533787,0.9962784,0.9972278,0.9961769,0.997544,0.99707365,0.99710685,0.99911195,0.9966887,0.9978898,0.99728554,0.9951143,0.9942788,0.9964412,0.9971828,0.99588615,0.9974128,0.99951345,0.99774307,0.99897397,0.9983338
4.0,0.043094058,0.028097883,0.012280678,-0.033047985,-0.024062559,0.034026317,0.004442159,-0.01835596,-0.015985873,0.00144439,0.012152396,0.05241923,-0.0077084005,-0.008195825,-0.03328294,-0.019188765,0.021391679,0.0062378906,0.035582475,-0.01898234,1.0044514,1.0063512,0.99008185,0.9865771,0.99253446,0.9943871,1.0002241,0.99402463,1.0006896,1.0020798,1.001489,0.98872215,0.9994951,1.0040799,0.99365294,0.9988577,0.99343014,1.0007595,0.99472183,0.9934786
1.0,-0.060003787,-0.03692171,-0.01686987,0.045790892,0.03461231,-0.042907752,-0.00528368,0.023954175,0.024292791,-0.0011867732,-0.012987018,-0.07213263,0.007871427,0.008528881,0.04412646,0.02770207,-0.033216074,-0.006701242,-0.05207302,0.024852013,0.98308104,0.98449886,1.0002706,1.0083697,0.99550134,1.000754,0.9968886,1.0014625,0.9920523,0.99084073,0.98295623,1.0017152,0.99164367,0.9838466,0.99880266,0.99157244,1.0073494,0.9921099,1.0019798,1.0042228
1.0,0.011594154,0.007278558,0.0024622176,-0.008157223,-0.0057376833,0.009952143,0.0012687296,-0.0043647345,-0.0031995028,0.00066796876,0.0052489936,0.0134947,-0.0033670217,-0.0016276464,-0.0097325295,-0.004333265,0.0043290704,0.00051815435,0.009367771,-0.0053954134,0.9992838,1.0008931,0.99439514,0.9948508,0.9966949,0.9967636,0.9982278,0.99605507,0.9980525,0.9991403,0.9966872,0.992191,0.9969288,0.999853,0.9953365,0.9984739,0.9974357,0.9979278,0.99699414,0.9974807
3.0,-0.019073136,-0.011405684,-0.005749735,0.014756808,0.011312305,-0.012568086,-0.0023848973,0.00807387,0.008182421,-0.0006587971,-0.0018645637,-0.023047786,0.0030296445,0.0019788817,0.012597442,0.008235402,-0.01121565,-0.0023355857,-0.016299918,0.0074972,0.99295825,0.9939438,0.99767786,1.0009103,0.9975371,0.9981143,0.99844766,0.9979439,0.9964123,0.9955771,0.9920985,0.9962422,0.9951591,0.99396414,0.9966035,0.99627435,1.0016527,0.9962981,1.0000067,1.000056
4.0,0.029990215,0.019817885,0.008459244,-0.023090616,-0.016719472,0.024183696,0.002673842,-0.012644788,-0.011005808,0.00075025484,0.009506892,0.036544695,-0.004834205,-0.0062314942,-0.023866486,-0.013847265,0.014708187,0.004446123,0.02498769,-0.013416022,1.0023975,1.0038477,0.99208057,0.9898014,0.9942764,0.99513704,1.000088,0.994622,1.0002096,1.0007237,1.000026,0.9902654,0.9987844,1.0025295,0.9943155,0.9987757,0.99512565,1.0001075,0.9961198,0.9947676
1.0,0.054683022,0.035260566,0.015597269,-0.0417589,-0.030415576,0.042803198,0.006212825,-0.023401862,-0.020285133,0.0023435745,0.01427944,0.06638223,-0.010739945,-0.009648897,-0.041431043,-0.02346488,0.027111772,0.0076468736,0.044787668,-0.023914248,1.0061396,1.0085955,0.98808175,0.98373383,0.9907508,0.9937678,1.000052,0.99355537,1.0007015,1.0034517,1.0025649,0.9873139,0.99994385,1.0052519,0.99310875,0.9986654,0.99189025,1.0011357,0.9932242,0.99252325
1.0,0.0048358664,0.004010532,0.0012458088,-0.0038689189,-0.002466083,0.005468011,-0.0003854148,-0.001892427,-0.0013793521,-0.00026465952,0.003970165,0.0061394796,0.00015265495,-0.0025363714,-0.0055510476,-0.0032053478,0.0017692931,0.0012506731,0.004156798,-0.0027309887,0.99781346,0.9987114,0.9952913,0.9955703,0.9964538,0.99644274,0.99972045,0.99599546,0.9987755,0.9980058,0.99667126,0.9933292,0.99720556,0.9985864,0.9953895,0.9978143,0.99844825,0.99861515,0.9985021,0.9972358
2.0,0.013898104,0.009249814,0.0034995852,-0.01038792,-0.0073406505,0.011947725,0.0010720976,-0.0055436045,-0.0044978485,0.00038104877,0.0059012882,0.01671305,-0.0026063845,-0.0029926077,-0.011832014,-0.006275993,0.0060252957,0.0016423874,0.011526734,-0.006478891,0.9996173,1.0009534,0.9941768,0.9939165,0.9961482,0.9962809,0.9991277,0.9956649,0.9988166,0.9991663,0.99751866,0.9920688,0.99746555,1.00017,0.995109,0.99840766,0.9971885,0.9986655,0.99725926,0.9967569
4.0,0.022953242,0.015265163,0.0063433335,-0.017620794,-0.012673039,0.018902035,0.0018744506,-0.009551067,-0.008228429,0.0005444158,0.007963676,0.027938327,-0.003640905,-0.0049629137,-0.018683046,-0.010680087,0.010993365,0.0033402853,0.019155242,-0.010415276,1.001206,1.0025411,0.9930334,0.99157244,0.9951028,0.9955815,0.9997939,0.9950045,0.9997034,1.0000298,0.9990784,0.99106234,0.9982707,1.0015613,0.99466836,0.99862003,0.9960288,0.999585,0.9967011,0.9955776
4.0,0.0018839166,0.0019174255,0.00025958102,-0.0014310926,-0.00068239635,0.0031604283,-0.0004963167,-0.0005810093,-7.98516e-05,-0.00018553436,0.0032239854,0.0023906715,0.00011776388,-0.0016273707,-0.0031912625,-0.0014723092,-4.0978193e-08,0.00049865246,0.0015866756,-0.0014473198,0.9972798,0.9982879,0.99560183,0.99640095,0.9967816,0.9967748,0.9992727,0.99629855,0.99828684,0.99780226,0.99597096,0.9936237,0.9968226,0.99810153,0.99560744,0.99770737,0.9988109,0.9981387,0.99854237,0.9977583
4.0,0.028722674,0.018974323,0.008046935,-0.022065334,-0.015964417,0.023176389,0.0025670342,-0.012074703,-0.010481633,0.0007052347,0.009234525,0.034966193,-0.004707873,-0.005940102,-0.022905253,-0.013244245,0.01401848,0.0041806437,0.023946136,-0.012854766,1.002203,1.0036473,0.9922721,0.99014187,0.99447346,0.995253,0.9999882,0.9947271,1.0001087,1.0006024,0.9997941,0.99041253,0.99867386,1.0023577,0.9943729,0.99879205,0.99528414,0.99996734,0.9962005,0.99493647
1.0,-0.014740445,-0.009175204,-0.004856798,0.011938836,0.009129606,-0.0094397925,-0.0016533472,0.006562666,0.006956931,-0.00013842061,-0.0009393208,-0.018261816,0.0015516952,0.0021022856,0.009648226,0.0071428716,-0.009401187,-0.0024411604,-0.0130468905,0.005761712,0.99375236,0.99509937,0.99707866,1.0004408,0.99764806,0.9979957,0.9978367,0.99769247,0.9961077,0.99606234,0.9926071,0.99546456,0.99513596,0.99476665,0.9963988,0.9965859,1.0010574,0.99620503,0.99927914,0.99995065
4.0,0.030658126,0.02007728,0.008512228,-0.02339746,-0.016935412,0.024629021,0.002914928,-0.012823125,-0.01109726,0.0009376928,0.009560276,0.03720799,-0.005364381,-0.0060263723,-0.024213102,-0.013795696,0.014907289,0.0042796023,0.02541273,-0.013648566,1.0024747,1.0040764,0.9919348,0.98978424,0.99426603,0.9951652,0.9998008,0.9946228,0.9999846,1.0008045,0.9999652,0.99012,0.99867326,1.002563,0.9942576,0.9987943,0.9950174,0.9999279,0.99584687,0.99484134
2.0,0.014238879,0.009583037,0.0036926316,-0.010777328,-0.007619648,0.0122789,0.0009999424,-0.0057442803,-0.0047373213,0.0003137961,0.006010227,0.017232452,-0.0023930892,-0.0032779276,-0.012180012,-0.0066379122,0.006317407,0.0018813722,0.011874735,-0.006661839,0.9996691,1.0009348,0.9941485,0.9937399,0.99603736,0.99618644,0.9993341,0.9955889,0.9989841,0.9991719,0.9976914,0.99206525,0.9975764,1.0002308,0.99508667,0.99837977,0.9971523,0.9988296,0.99734545,0.99661803
4.0,-0.007337436,-0.0039796084,-0.0024155444,0.005714493,0.0046008322,-0.0037704073,-0.0013518557,0.0032704547,0.0035651699,-0.00039082393,0.0010237135,-0.0088329725,0.0014073923,1.0676682e-05,0.0037412345,0.0028109848,-0.004944671,-0.0008115843,-0.006254591,0.002484218,0.99545103,0.99643064,0.9965741,0.9984561,0.9972692,0.99737877,0.9988795,0.9970087,0.9974745,0.99685574,0.99433666,0.99475586,0.99608994,0.99638873,0.9960597,0.9971615,1.0000513,0.99733937,0.9992084,0.99880314
1.0,-0.015491299,-0.00911621,-0.004769263,0.012013812,0.009278767,-0.0101172775,-0.0020399615,0.006587648,0.0067669824,-0.0007759258,-0.0008813478,-0.018720452,0.0025209188,0.0013734177,0.0098961145,0.0064055026,-0.009277966,-0.0019460283,-0.0130861625,0.006072292,0.99379694,0.9947261,0.9974589,1.0001352,0.9975846,0.99796444,0.9986483,0.99775094,0.99689925,0.99595124,0.9925956,0.99583334,0.99552,0.99470246,0.996378,0.9967143,1.0011748,0.99661255,0.9997996,0.9996126
4.0,0.040212672,0.026196502,0.011375622,-0.030777935,-0.022378359,0.031857513,0.0041048266,-0.017038843,-0.014817212,0.0013701972,0.011534948,0.048863225,-0.0072212294,-0.0076274946,-0.03115997,-0.01786631,0.0198577,0.005730778,0.033205517,-0.017741334,1.0039965,1.0058469,0.9905056,0.98736876,0.9929695,0.9945742,1.0000613,0.9941422,1.0004663,1.0017971,1.0011452,0.98901933,0.99927557,1.0037473,0.9937998,0.99884665,0.9937886,1.0005342,0.99493766,0.99382627
3.0,-0.02556052,-0.01552584,-0.007565235,0.019759007,0.015031401,-0.017313812,-0.0029331073,0.010716099,0.010768939,-0.00069282576,-0.0035571307,-0.0309068,0.003892377,0.0030662492,0.0175272,0.011356406,-0.01472256,-0.0031150803,-0.021990582,0.010233393,0.99145055,0.9925043,0.99814785,1.002241,0.9974777,0.9984733,0.9981595,0.9984323,0.99568605,0.99484074,0.99086756,0.99704975,0.99458486,0.9925089,0.9969162,0.9956084,1.0025427,0.9956963,1.0003848,1.0007542
1.0,0.015413575,0.009764861,0.0036441712,-0.011084624,-0.0078264605,0.013206629,0.0014956109,-0.005868975,-0.004645169,0.00094928965,0.0059759654,0.018174674,-0.0035320297,-0.0026171803,-0.01268594,-0.0060840435,0.0064219274,0.0013779737,0.012303598,-0.0070285816,0.9996049,1.0013235,0.99366933,0.99394536,0.99598086,0.9961529,0.9984901,0.99544567,0.99812216,0.99929047,0.9976332,0.991628,0.9971948,1.000191,0.99494326,0.9982094,0.99694306,0.9983825,0.99662197,0.99685585
2.0,-0.016369492,-0.009745315,-0.0050126063,0.012722427,0.0097930655,-0.010535158,-0.0021288805,0.007002187,0.0071618743,-0.00055051036,-0.0012089014,-0.019817594,0.0025963187,0.0015986189,0.010576822,0.0070693493,-0.009814218,-0.0020441487,-0.0140298605,0.0063468786,0.9935236,0.99453896,0.9974085,1.000397,0.99751186,0.99794805,0.9984776,0.99772227,0.99658996,0.9958736,0.99261695,0.9958732,0.99533886,0.99452996,0.996477,0.9964777,1.0012809,0.9965052,0.9997902,0.99980044
2.0,-0.008386619,-0.004620075,-0.0027026841,0.006505307,0.0051910933,-0.0045555495,-0.0014635026,0.0036945827,0.0039579384,-0.00043856725,0.0007778667,-0.010085236,0.0015991181,0.00014652312,0.004514195,0.0032479241,-0.005478937,-0.00092102215,-0.0071289837,0.0029308798,0.9952374,0.9961998,0.9966885,0.9986608,0.9972976,0.99743474,0.9988777,0.99708426,0.99741614,0.9967355,0.9941571,0.9948974,0.9960257,0.99617964,0.9961008,0.99709284,1.0001948,0.99726945,0.9993019,0.9988969
1.0,0.045320075,0.029485822,0.012886836,-0.034642722,-0.025228743,0.03569642,0.004791748,-0.019275112,-0.016778063,0.0016064867,0.012552146,0.055078253,-0.008300856,-0.008501612,-0.034852423,-0.020023465,0.02252325,0.006503802,0.037312247,-0.019895656,1.0047052,1.0067526,0.98968947,0.9860373,0.99217486,0.9942322,1.0001795,0.99393445,1.0006858,1.0022311,1.0016704,0.988452,0.999556,1.0042125,0.99344987,0.9988164,0.9931377,1.0007902,0.99440753,0.9932584
3.0,-0.03234996,-0.020276286,-0.009745491,0.025490701,0.019180093,-0.022388324,-0.003149528,0.013678087,0.013951,-0.00033352152,-0.0054872744,-0.039550688,0.003994301,0.0049453005,0.022996448,0.015471637,-0.018868664,-0.0044674613,-0.028481726,0.013213988,0.98964155,0.9911519,0.9983794,1.0039731,0.9974166,0.9989591,0.99717057,0.99903846,0.9942555,0.99397606,0.98920995,0.99769187,0.9936497,0.9907455,0.9972065,0.99480283,1.0035148,0.9946012,1.0003636,1.0017692
1.0,0.037489258,0.024917565,0.0108373,-0.029011238,-0.021151936,0.029707646,0.0034576394,-0.016081797,-0.014117405,0.0007058773,0.011251204,0.04585503,-0.0058363825,-0.007937498,-0.02949917,-0.017636094,0.01886439,0.005889427,0.03128963,-0.0165994,1.0036268,1.0051209,0.99112177,0.9876683,0.99324596,0.99462044,1.0007282,0.9943449,1.0010961,1.0012895,1.0009558,0.9895633,0.999476,1.0034027,0.9938161,0.9989836,0.9942261,1.000784,0.9957195,0.9937147
1.0,-0.010047339,-0.005822107,-0.0032752948,0.007957337,0.0062510846,-0.0057792924,-0.0015240908,0.0044774106,0.004771065,-0.0003123805,0.00030241534,-0.012235943,0.0016090721,0.00065383315,0.005853623,0.0043045655,-0.006509956,-0.0013035648,-0.008732863,0.003669157,0.99480474,0.99588877,0.9967531,0.9991476,0.9973591,0.9975373,0.99858487,0.9971971,0.99701494,0.9965307,0.99380714,0.9950236,0.9957735,0.99578077,0.99614954,0.99691474,1.000422,0.9969928,0.9992714,0.99917
1.0,-0.021685228,-0.012709498,-0.0063387016,0.016521988,0.012705764,-0.014668882,-0.002779223,0.008986061,0.008954041,-0.0011484083,-0.0023664236,-0.025944818,0.003918804,0.0018606633,0.0143887475,0.008729823,-0.0122752,-0.0023027249,-0.01818069,0.008683119,0.9924737,0.9932163,0.99809843,1.001145,0.9974831,0.99820423,0.9988859,0.9981341,0.9967036,0.9951953,0.99160105,0.9967416,0.99524397,0.99335945,0.99658996,0.9961931,1.0020369,0.99632996,1.000421,1.0000272
4.0,0.012948126,0.008708317,0.0032893652,-0.009736232,-0.0068514473,0.011349227,0.0008807443,-0.005160693,-0.004184164,0.0003536921,0.0056825355,0.015623059,-0.0022405013,-0.0029843152,-0.011196714,-0.005948074,0.005586583,0.001656767,0.010724552,-0.006118739,0.99941057,1.0006934,0.9942682,0.99409217,0.9961444,0.9962595,0.9992098,0.9956484,0.9987935,0.9990488,0.99752164,0.99218374,0.99744195,1.0000212,0.99515766,0.9982958,0.99732304,0.99869937,0.99740314,0.99680334
4.0,0.008586928,0.005927343,0.002024767,-0.006378796,-0.004372818,0.008078963,0.00041363388,-0.0033108536,-0.0024905615,0.00021792576,0.0046961196,0.010323454,-0.0015217811,-0.0022510067,-0.007971659,-0.0039998814,0.0032879263,0.0010377653,0.0070798397,-0.0042663375,0.99860513,0.99983406,0.9947964,0.99509865,0.9964968,0.99653023,0.9990699,0.99593943,0.9984803,0.99860513,0.996845,0.9927124,0.9971271,0.99930894,0.99537134,0.99810976,0.9978983,0.99837416,0.9977717,0.99727994
2.0,-0.016803779,-0.009942062,-0.0050814888,0.012976514,0.00999676,-0.010820508,-0.002229087,0.00714456,0.0072599016,-0.0006116424,-0.0013007708,-0.020271774,0.0028057024,0.0015336052,0.010851353,0.007136807,-0.009968106,-0.0019867048,-0.014343761,0.006507608,0.99344176,0.9944037,0.9974677,1.0004227,0.99747974,0.99793994,0.9985795,0.99773073,0.9966467,0.99582225,0.99260616,0.9959598,0.9953565,0.9944535,0.99649715,0.9964326,1.0013397,0.9965466,0.9998863,0.9997921
3.0,-0.031139106,-0.019316792,-0.009318684,0.024359409,0.018379178,-0.021582574,-0.003126651,0.013073672,0.01326387,-0.00054116175,-0.005079683,-0.037906375,0.004031241,0.004509248,0.021985136,0.014536358,-0.01802035,-0.0041725077,-0.0271262,0.012684783,0.9901034,0.99143034,0.9984791,1.0035712,0.9974915,0.9989343,0.9974858,0.9989773,0.99472624,0.99418306,0.9894663,0.9976372,0.9939151,0.99114186,0.997183,0.9950814,1.0033394,0.9948373,1.0004442,1.0015618
4.0,0.019611895,0.013125487,0.00535627,-0.015046358,-0.010773154,0.016366906,0.0014989637,-0.008114183,-0.00693189,0.00041093677,0.0072429627,0.02386833,-0.0030687973,-0.0043850765,-0.016223595,-0.009217102,0.009239141,0.002833549,0.016408935,-0.008988537,1.000645,1.0019131,0.9934902,0.9923764,0.99547386,0.995806,0.9996879,0.9952216,0.999502,0.99970603,0.9985877,0.9914647,0.9980438,1.001087,0.99484015,0.99854916,0.9964617,0.99934816,0.9970019,0.9959473
3.0,-0.022659235,-0.013765715,-0.0068146763,0.017617144,0.013420396,-0.015226666,-0.0026240312,0.009579558,0.009695236,-0.00061459653,-0.0028171428,-0.027470756,0.0033533648,0.0027263686,0.015376084,0.0101083,-0.013235968,-0.0028848313,-0.019519083,0.009035859,0.9921104,0.99319476,0.9979173,1.0017204,0.9975501,0.9983418,0.99816024,0.99823123,0.9959021,0.9951649,0.99135643,0.99664897,0.99478555,0.99314284,0.99676836,0.9959192,1.0021484,0.99587923,1.0001426,1.0005022
2.0,0.016471662,0.011178508,0.0044817403,-0.012671221,-0.009009758,0.014081402,0.001079075,-0.006773999,-0.0057493635,0.0002870988,0.0065483563,0.020096302,-0.0023546815,-0.003993526,-0.013968363,-0.007928312,0.0076519437,0.0024983287,0.01379557,-0.0076683396,1.0000451,1.0012342,0.993876,0.99307954,0.99570334,0.99592566,0.9996897,0.9953529,0.9993361,0.9993421,0.9982305,0.99184346,0.9978629,1.0005814,0.99496144,0.9983912,0.99688154,0.99920255,0.9973217,0.99622476
4.0,0.015517466,0.0104954615,0.0041292114,-0.011844043,-0.008407766,0.013251165,0.0010665618,-0.006337788,-0.0053104423,0.00026423484,0.0063366815,0.018861245,-0.0024122968,-0.003662303,-0.0131908655,-0.007390514,0.007077396,0.0022004656,0.0129987225,-0.007218182,0.99990916,1.0011274,0.99402,0.993362,0.9958845,0.9960672,0.9995304,0.9954913,0.9992121,0.9992697,0.9979471,0.9919514,0.9977456,1.0004349,0.9950082,0.99843395,0.99699926,0.9990239,0.99733377,0.996396
2.0,-0.0030510128,-0.0013436452,-0.00124662,0.0024916232,0.0021993448,-0.00060022995,-0.00087567046,0.0015269127,0.001959771,-0.00022176653,0.0020293333,-0.0037081353,0.000600785,-0.0005510524,0.0005919039,0.001003392,-0.0027495436,-0.00036295503,-0.0026693046,0.00067699817,0.9963245,0.997374,0.9961178,0.99759805,0.9971367,0.9971607,0.9988969,0.99671763,0.99773407,0.9973304,0.9950248,0.99418926,0.9963621,0.99721247,0.99587274,0.99745864,0.999471,0.9976077,0.99881816,0.9984117
2.0,-0.012405567,-0.00719893,-0.00386295,0.00963171,0.007505939,-0.007547103,-0.001811821,0.005366507,0.0055663288,-0.00048690476,-0.00022181869,-0.014982026,0.002122283,0.00086855143,0.007557243,0.0051696226,-0.0076553933,-0.0014785193,-0.0106037855,0.004642507,0.99437875,0.9953635,0.99705327,0.99954134,0.9974152,0.99768335,0.99868065,0.9973909,0.9970002,0.99630386,0.99341387,0.99538493,0.99568045,0.9953637,0.99629176,0.99678224,1.0007395,0.99689555,0.9995546,0.9993528
2.0,-0.0044805706,-0.0023287013,-0.0017244983,0.0036804192,0.0030632555,-0.0017610528,-0.00092449784,0.0021475349,0.0025902875,-0.00022789836,0.0016837865,-0.005516004,0.00060547143,-0.0001392737,0.0017320812,0.001790002,-0.0035891049,-0.0007035695,-0.003909193,0.0013201127,0.99606293,0.99715495,0.99627864,0.99797183,0.99728054,0.9973228,0.998714,0.9968876,0.99754053,0.99720067,0.994653,0.9943471,0.9962016,0.99694353,0.99594814,0.99742854,0.99966264,0.9973826,0.99885356,0.9986404
2.0,0.0010896549,0.0015584715,0.00012872927,-0.0009805746,-0.00034402916,0.0025494508,-0.0006761439,-0.00034482218,8.5152686e-05,-0.00037029013,0.0031156242,0.0015533194,0.0004953593,-0.0017220303,-0.0026917905,-0.0014045537,-0.00028696284,0.0005657077,0.0010744929,-0.0011389886,0.9972033,0.99807984,0.99577516,0.99645036,0.9968201,0.996815,0.99948007,0.99637336,0.9984741,0.9977354,0.99590164,0.9938005,0.99688905,0.9980236,0.99566954,0.9977201,0.99892575,0.9982243,0.9987663,0.99774605
3.0,-0.0129079595,-0.0075332224,-0.0040231245,0.010042632,0.007806384,-0.007948082,-0.0018349998,0.0055793133,0.00578285,-0.0004934501,-0.00034534186,-0.0156083815,0.0021452531,0.0009919405,0.0079524815,0.0054305196,-0.007941451,-0.0015773065,-0.011042006,0.004867779,0.99427783,0.99527407,0.9971048,0.99966085,0.9974453,0.99773073,0.99863255,0.9974449,0.9969391,0.9962496,0.9932896,0.9954433,0.99563086,0.99525756,0.99631256,0.9967611,1.00081,0.9968258,0.999572,0.99942225
3.0,0.012119234,0.008764006,0.0034873793,-0.009740982,-0.00683736,0.010899648,0.00032115355,-0.005144518,-0.004432887,-0.00018237904,0.0057315305,0.015137505,-0.0009299964,-0.003877759,-0.011017531,-0.0066754147,0.0057086423,0.002369836,0.010497868,-0.005934092,0.99938166,1.0002334,0.99457,0.99377817,0.9959786,0.9961077,1.0001397,0.99560195,0.99959475,0.9989088,0.99782157,0.99253714,0.99784064,1.0000238,0.9952332,0.99826676,0.9974702,0.99926734,0.99808615,0.99645036
1.0,0.029282667,0.018271215,0.0074477945,-0.02162991,-0.015625352,0.023095872,0.0035877787,-0.011902381,-0.009932473,0.0015365016,0.009010464,0.034835726,-0.007341273,-0.0039524287,-0.022453453,-0.011520296,0.013330821,0.0025420599,0.024077274,-0.012927512,1.0025916,1.0046488,0.9920864,0.9908292,0.9951768,0.99598396,0.9982315,0.9951618,0.99884105,1.0012912,0.9988877,0.9900608,0.9978942,1.0026656,0.99469155,0.99912864,0.9950028,0.9987918,0.99511445,0.99593836
4.0,0.019939408,0.013342019,0.00544132,-0.01528554,-0.010956669,0.016548725,0.0015574694,-0.00826434,-0.0070607886,0.0003801193,0.007336404,0.024262015,-0.0031665117,-0.0044235364,-0.016454112,-0.009386312,0.009414975,0.0028520003,0.016711839,-0.009109604,1.0007309,1.0019989,0.99348086,0.9922905,0.9954783,0.99581844,0.9996991,0.99524516,0.99956304,0.9997363,0.99857646,0.99144506,0.99807453,1.0011383,0.9948165,0.9986124,0.99642134,0.99935126,0.996981,0.99591243
2.0,-0.01159627,-0.006611578,-0.0035790326,0.008927772,0.006995863,-0.0069014467,-0.0018012859,0.004999227,0.0051760823,-0.00051824935,-6.2175095e-06,-0.013931949,0.0021560565,0.0006000921,0.0068941265,0.00466647,-0.0071481206,-0.0012630783,-0.009854794,0.0042710993,0.99456275,0.99549454,0.99699605,0.9993094,0.997358,0.99759996,0.9988253,0.9973027,0.99716866,0.9963897,0.9936385,0.9953127,0.99579597,0.995547,0.9962575,0.99683285,1.0006293,0.9970458,0.9995666,0.9992146
1.0,-0.046238482,-0.028884992,-0.013431932,0.035982948,0.026996348,-0.032479152,-0.0042550974,0.019050604,0.019383654,-0.00042481348,-0.009268615,-0.05617563,0.00585524,0.007057257,0.033622757,0.022075668,-0.026301106,-0.0057727285,-0.040750597,0.018971276,0.98626995,0.98791,0.9991934,1.0064898,0.9966794,0.9997643,0.996709,1.0002043,0.9927816,0.9923521,0.9863914,0.9995801,0.99245703,0.98737615,0.99799484,0.9931244,1.0054675,0.9933095,1.0011803,1.0031916
3.0,0.010566905,0.007568337,0.0028864667,-0.008306786,-0.0057688546,0.0097283535,0.00028451532,-0.0043385737,-0.0036096536,-3.7474558e-05,0.0052817166,0.013062034,-0.0009928644,-0.003311269,-0.009739466,-0.005615823,0.004700944,0.001903113,0.008995689,-0.005202532,0.9989779,0.99996626,0.99463934,0.99431753,0.9961285,0.99620664,0.9997791,0.9956815,0.99914306,0.9987255,0.9974844,0.99261874,0.99756867,0.99966776,0.99524814,0.9981261,0.9976614,0.9989698,0.9979945,0.9967261
4.0,-0.02608753,-0.015832365,-0.007703758,0.020144407,0.015323767,-0.01772454,-0.0029817522,0.010913998,0.0109558925,-0.0007341374,-0.0036805272,-0.031522583,0.0039841384,0.0031223744,0.017918438,0.011555754,-0.014981091,-0.003159877,-0.02241332,0.010462324,0.9913475,0.99238575,0.9982113,1.0023237,0.99747497,0.9985098,0.9981736,0.99848056,0.9956761,0.9947811,0.9907528,0.99713045,0.9945624,0.9923934,0.99693733,0.9955783,1.0026166,0.9956587,1.0004318,1.0007945
1.0,-0.0060293972,-0.0040815324,-0.0026239445,0.005503582,0.004289464,-0.0030369088,-0.0005133711,0.0030921483,0.0037968159,0.00044121593,0.0010617189,-0.008015666,-0.00065101683,0.0014758185,0.0034090653,0.0039664432,-0.0051695146,-0.0019380413,-0.005797386,0.0020306965,0.9957095,0.99730706,0.99618286,0.998926,0.99768215,0.9977738,0.9974516,0.99721295,0.9963805,0.9972746,0.9939053,0.99422824,0.9954974,0.99668705,0.99623036,0.99732304,0.999815,0.9964996,0.99832296,0.99948436
3.0,0.023484133,0.015702713,0.006546187,-0.018084135,-0.013024261,0.019238865,0.0018828698,-0.009829117,-0.008502681,0.00041854754,0.008147255,0.028642412,-0.0035700947,-0.0052107796,-0.019132417,-0.011131603,0.011359375,0.0035194047,0.019678079,-0.0106206285,1.001313,1.0025938,0.9930183,0.9913586,0.9950386,0.9955313,0.9999703,0.99500257,0.99991214,1.0000288,0.9991413,0.9910576,0.9983923,1.0016187,0.9945969,0.9986853,0.9959769,0.9997041,0.99675846,0.9954208
2.0,-0.0072585195,-0.0039509907,-0.0024109269,0.0056804884,0.004573005,-0.0037266985,-0.0013247952,0.0032497402,0.0035570413,-0.00037671812,0.0010380559,-0.008758422,0.0013510734,3.6232173e-05,0.0036981404,0.0028108656,-0.0049236454,-0.00083490834,-0.006203398,0.0024614672,0.995462,0.99645823,0.99656117,0.99845695,0.99727696,0.99738306,0.99884856,0.99701,0.99745363,0.9968614,0.9943258,0.9947374,0.9960812,0.9963948,0.9960505,0.9971713,1.0000408,0.9973209,0.99918073,0.99880815
3.0,0.012605414,0.008646436,0.003295213,-0.009617116,-0.006755695,0.011120278,0.00072153285,-0.0050901175,-0.0041859373,0.00019181706,0.0056708753,0.015334588,-0.0018632561,-0.0032116175,-0.011059817,-0.006102562,0.00555842,0.0018258356,0.0105535835,-0.005994424,0.9993546,1.0005296,0.99435866,0.9940376,0.9961029,0.99621165,0.99945766,0.99564064,0.9989946,0.9989655,0.99756414,0.99229205,0.9975402,0.9999653,0.99514574,0.99827933,0.99738115,0.99883807,0.9975867,0.99670005
4.0,-0.027108684,-0.016507074,-0.008011517,0.020961799,0.015924197,-0.018506583,-0.003034681,0.011335168,0.011390813,-0.0007315967,-0.003949113,-0.032785613,0.0040496364,0.0033509657,0.018720098,0.012092121,-0.0155637115,-0.0033300407,-0.023324426,0.0109084975,0.9911112,0.9921793,0.99828434,1.0025508,0.9974796,0.99859095,0.99808484,0.9985801,0.99553514,0.9946661,0.99050736,0.9972496,0.99445695,0.9921538,0.99698746,0.9954879,1.0027602,0.9955262,1.0004644,1.0009251
3.0,-0.016753681,-0.009985536,-0.0051199375,0.013016548,0.010011369,-0.010817859,-0.0021637902,0.0071581677,0.0073117763,-0.0005560145,-0.0013057701,-0.020280223,0.0026520863,0.0016602576,0.010866195,0.0072477385,-0.010017559,-0.0020883195,-0.014361478,0.0065078866,0.99344116,0.9944566,0.99744254,1.0004749,0.99751544,0.9979704,0.9984647,0.99775153,0.9965546,0.99583143,0.99254894,0.9959221,0.99530834,0.99445,0.99649596,0.9964455,1.001334,0.9964721,0.9998169,0.9998425
4.0,-0.026502185,-0.015988082,-0.007753548,0.020352077,0.015502833,-0.018009413,-0.0030860938,0.011028264,0.01101508,-0.0008273255,-0.0037593804,-0.031924937,0.00420931,0.0030195713,0.01816962,0.011563934,-0.015096094,-0.003078051,-0.022664964,0.010613572,0.99129117,0.99225324,0.9982903,1.0023161,0.9974388,0.9985097,0.99831307,0.99849635,0.995781,0.99474347,0.99073565,0.9972322,0.9946014,0.9923296,0.9969618,0.99555093,1.0026692,0.9957146,1.0005423,1.0007716
4.0,0.012311563,0.008380339,0.0031303698,-0.009282913,-0.0065194606,0.010788161,0.0007856749,-0.0049292743,-0.0039903186,0.00020023063,0.0055998974,0.014894325,-0.002036415,-0.0029866397,-0.010765124,-0.005844556,0.0053242035,0.0016226135,0.010284923,-0.005819684,0.9993243,1.0005459,0.9944102,0.99417084,0.99621403,0.9963047,0.9993104,0.9957306,0.9989006,0.9989467,0.99738044,0.9923137,0.9974658,0.9999063,0.9951491,0.9983387,0.9974177,0.9987013,0.9975326,0.9967994
4.0,-0.03255883,-0.019924961,-0.009522672,0.025134772,0.01903843,-0.022578001,-0.0034526177,0.0134969,0.013544448,-0.0008305721,-0.00537017,-0.039354574,0.004734993,0.004240185,0.022885725,0.014651872,-0.018491345,-0.0039636753,-0.028058875,0.013236929,0.9898485,0.99095786,0.99869317,1.003599,0.9973603,0.9989343,0.99788314,0.9990425,0.99498725,0.9940382,0.98934597,0.997963,0.9940067,0.99087447,0.997249,0.99494535,1.00352,0.9949973,1.0007721,1.0014845
4.0,-0.023851104,-0.01442562,-0.007084799,0.018437935,0.0140528185,-0.016064517,-0.002797205,0.01002101,0.010079637,-0.00069583766,-0.003105469,-0.028826099,0.0036888048,0.002758272,0.016218431,0.010508321,-0.013781738,-0.002895791,-0.020479798,0.00951531,0.9918529,0.9928799,0.9980347,1.0018834,0.9974966,0.99837047,0.9982545,0.9982945,0.99589545,0.99502707,0.99120486,0.9968395,0.9947473,0.99289244,0.99682224,0.995793,1.0023097,0.9958644,1.0002925,1.0005606
1.0,-0.01402913,-0.0077811033,-0.004015089,0.010379875,0.00813256,-0.008680627,-0.0022882186,0.005780927,0.0057477467,-0.00093884394,-0.0004588589,-0.016537454,0.0031569153,0.0003806129,0.008483738,0.0050679967,-0.008079458,-0.0011076666,-0.011533283,0.0052248742,0.99419177,0.99482304,0.99740076,0.9994909,0.9973265,0.9976786,0.99932945,0.9974697,0.9975283,0.99616206,0.9933845,0.9958086,0.99589413,0.9951738,0.99640846,0.9967119,1.0009532,0.99720794,1.0000954,0.9992091
4.0,-0.026154734,-0.015852042,-0.0077126333,0.020178936,0.015356176,-0.017787047,-0.002999995,0.010931157,0.010965634,-0.0007684361,-0.0036862083,-0.031586584,0.0040324256,0.00309477,0.017956592,0.011534549,-0.014994416,-0.0031440444,-0.02244452,0.010497902,0.9913374,0.9923575,0.9982298,1.0023171,0.99747044,0.9985089,0.99820906,0.9984852,0.9957071,0.99476725,0.99073833,0.9971509,0.994578,0.99237484,0.9969301,0.9955814,1.0026274,0.99567324,1.0004532,1.0007781
2.0,-0.011053249,-0.006369211,-0.0034985105,0.008624477,0.0067532584,-0.006533291,-0.0016698577,0.0048287148,0.0050657466,-0.00042207167,9.554252e-05,-0.013369042,0.0018811226,0.00069173425,0.0065580755,0.0046058297,-0.0069611445,-0.0013349392,-0.009484254,0.004069037,0.9946554,0.9956631,0.9969108,0.99928296,0.99738616,0.9976039,0.99868196,0.9972846,0.9970751,0.9964474,0.9936605,0.9951983,0.99576455,0.99563193,0.9962268,0.99687916,1.0005583,0.996984,0.9994325,0.99923325
2.0,-0.0006659478,0.00023549795,-0.0005048914,0.0005524494,0.0007701549,0.001209978,-0.000697542,0.00048322417,0.00094241276,-0.00021725707,0.002622448,-0.00074448436,0.00036023557,-0.0010615438,-0.0012389049,-0.0002053231,-0.0014187656,4.715845e-05,-0.0005668774,-0.0003715444,0.99683607,0.9978428,0.9958952,0.99701256,0.99700165,0.9970081,0.9990875,0.9965409,0.99803674,0.997609,0.9954815,0.9939285,0.9965939,0.9977021,0.99579465,0.997607,0.99914366,0.99787563,0.9987113,0.99811476
4.0,-0.024362542,-0.014748506,-0.0072362935,0.018841077,0.014352925,-0.016474895,-0.002828829,0.010226741,0.01028857,-0.0007219985,-0.0032288507,-0.02944934,0.0037426203,0.0028509572,0.016612709,0.010739289,-0.014058359,-0.0029710978,-0.02091477,0.0097484775,0.9917423,0.9927714,0.99808604,1.0019853,0.9975041,0.9984109,0.99823445,0.99834627,0.9958539,0.99496347,0.99107444,0.9969071,0.9947107,0.9927701,0.9968363,0.99576336,1.0023837,0.99580836,1.0003195,1.0006107
2.0,-0.018407546,-0.010981426,-0.0055605574,0.014240021,0.010927562,-0.012078602,-0.0023282953,0.007799063,0.007915072,-0.0006535817,-0.0016928874,-0.022239331,0.0029403195,0.0018665344,0.012092672,0.007916592,-0.010856118,-0.0022520386,-0.01571723,0.007213328,0.9931133,0.99409133,0.99762774,1.0007709,0.99753815,0.99807876,0.9984778,0.99789566,0.99648714,0.995655,0.9922251,0.996161,0.9952178,0.99411416,0.9965759,0.99634004,1.0015618,0.9963603,0.999969,0.9999857
2.0,0.0015520155,0.0016198419,0.0001020655,-0.0011329763,-0.0004884559,0.0027627982,-0.0004238151,-0.0004559122,8.840114e-05,-0.00020042807,0.003171835,0.0019203387,-0.000101059675,-0.0013478175,-0.0028567314,-0.0011949092,-0.00027225167,0.00025741756,0.0013545156,-0.0012865902,0.99733007,0.9983534,0.9957019,0.9965339,0.996957,0.9969471,0.999121,0.99645513,0.998241,0.997871,0.9957409,0.99366957,0.9967581,0.9981318,0.99570674,0.9978193,0.9988445,0.9980003,0.9985271,0.9979055
2.0,-0.0019698963,-0.00048203766,-0.000823318,0.0014668852,0.0014537163,0.00016978383,-0.0008813292,0.0009629037,0.0013579391,-0.00040575676,0.0023822337,-0.0022435747,0.00072396547,-0.0010081902,-0.00032632053,0.00014976412,-0.002007801,-2.2497028e-05,-0.0015413016,0.00019427878,0.996631,0.99754137,0.9961143,0.99720305,0.99707484,0.99708843,0.9992178,0.99666256,0.9981304,0.99745697,0.99525326,0.9941546,0.9965945,0.9974782,0.9958386,0.9975985,0.9993292,0.9978611,0.9989193,0.9981673
1.0,-0.017426573,-0.010759562,-0.005599172,0.013983913,0.010664075,-0.011560578,-0.001905486,0.0076220697,0.007965058,-0.00035354495,-0.0015479214,-0.021446858,0.0020384118,0.0024075732,0.011635795,0.008164808,-0.010732342,-0.002701711,-0.015250199,0.0069659725,0.9932058,0.9944929,0.997409,1.0009089,0.99768734,0.9981524,0.9978891,0.99791634,0.9960352,0.99569523,0.9920401,0.9958551,0.99502003,0.99415207,0.99643797,0.9964631,1.0014522,0.996008,0.9995137,1.0001438
1.0,0.014567919,0.011699356,0.005155041,-0.012836058,-0.00905888,0.013487419,-0.0006284639,-0.0067339446,-0.0065117627,-0.0010877233,0.0066716373,0.019246574,0.0017941371,-0.00699614,-0.01393535,-0.010280114,0.008372214,0.0049528815,0.013140507,-0.0072822534,0.9995982,0.9996706,0.99436057,0.9920363,0.9947693,0.9950341,1.0024766,0.9948625,1.0014685,0.99857646,0.999536,0.9926917,0.99900603,1.0002205,0.9947549,0.99797064,0.997289,1.000979,0.99916595,0.9949563
4.0,-0.023146197,-0.013957508,-0.0068636416,0.0178581,0.01362703,-0.015517838,-0.002766598,0.009722347,0.00976976,-0.000700254,-0.002919469,-0.027948137,0.003653586,0.0025917888,0.015661791,0.010130756,-0.013377916,-0.002770085,-0.01984378,0.009200299,0.9920169,0.99301845,0.99798185,1.0017204,0.9974877,0.9983163,0.99832404,0.9982292,0.9959994,0.99511516,0.9913767,0.9967613,0.99482197,0.9930644,0.99679905,0.9958483,1.002208,0.99596465,1.0002782,1.0004675
4.0,-0.009401277,-0.005254805,-0.0029665614,0.007267177,0.005762104,-0.0052017085,-0.0015939362,0.0041244244,0.0043456033,-0.00039342977,0.000494685,-0.011295829,0.0018103272,0.00027178973,0.005255021,0.0037451535,-0.0060064755,-0.0009906143,-0.008046128,0.0033206625,0.9949856,0.9959565,0.9967404,0.9988771,0.99726754,0.9974423,0.9988482,0.9971003,0.99727947,0.9966198,0.9940801,0.99500793,0.9959295,0.9959738,0.9961562,0.9969428,1.0003283,0.99721116,0.9993739,0.999007
2.0,0.025303844,0.016857728,0.00706979,-0.01949424,-0.014080474,0.020517478,0.0021431819,-0.0106487535,-0.009226225,0.00044951588,0.008569721,0.030853646,-0.0040224344,-0.0054377243,-0.020434443,-0.01191324,0.012295775,0.0037108734,0.021245435,-0.0113971755,1.0017107,1.0030197,0.99283075,0.9909147,0.99492407,0.99550956,0.9999913,0.9949862,1.0000713,1.0002699,0.9992951,0.9908741,0.9985115,1.0019379,0.99455816,0.9988234,0.9957332,0.99978006,0.9966035,0.995273
2.0,0.0037724897,0.0030013882,0.0007126471,-0.002781827,-0.0017098836,0.004448753,-0.00018024445,-0.001350496,-0.0007235259,-8.109398e-05,0.0036588311,0.0045798905,-0.00048956275,-0.0016726777,-0.0044876114,-0.002118297,0.00087179244,0.00053986534,0.0031500384,-0.0022219305,0.9977232,0.99880016,0.9954189,0.9960752,0.99680513,0.9967893,0.99913496,0.99627304,0.9983362,0.99807227,0.99612707,0.9933674,0.9968919,0.99849176,0.9955739,0.9979135,0.9985567,0.9981419,0.99830484,0.99768555
1.0,-0.01745066,-0.011454664,-0.006014223,0.014596093,0.010959522,-0.01168903,-0.0013997629,0.00789704,0.008525804,0.00028542988,-0.0017623194,-0.022044498,0.0007151365,0.0036288202,0.012108862,0.009502724,-0.011426922,-0.0036111102,-0.015842117,0.0070165005,0.9931493,0.99491805,0.99718064,1.0014657,0.9979772,0.99846685,0.9968057,0.9981224,0.9951246,0.9958484,0.9916109,0.99557006,0.9944964,0.9941567,0.99661255,0.9964696,1.0014329,0.9953135,0.9989571,1.0007571
4.0,0.017546616,0.011782993,0.0047258874,-0.013414461,-0.009567009,0.014797417,0.0012905076,-0.007206224,-0.006099332,0.00035445765,0.0067778975,0.021329574,-0.0027647242,-0.0039953142,-0.014684401,-0.008265074,0.00813565,0.0024938248,0.014675304,-0.0080929855,1.0002692,1.0015239,0.9937513,0.9928892,0.9956871,0.99593955,0.9995827,0.99535435,0.9993303,0.9994866,0.99826115,0.99170136,0.9978799,1.0007561,0.9949236,0.9984883,0.99673074,0.99916893,0.99715185,0.9961855
3.0,0.0036005005,0.003105294,0.0008193003,-0.002859842,-0.0017420496,0.0044245496,-0.00038431585,-0.001370851,-0.0008459352,-0.00024918094,0.003679689,0.004556559,6.8694353e-06,-0.002056457,-0.0045266002,-0.0024386607,0.0009932928,0.000845097,0.0031394437,-0.002198235,0.99767727,0.9986142,0.9954754,0.9959344,0.99668133,0.9966738,0.99948245,0.99619776,0.998595,0.99799496,0.99629104,0.99346673,0.9970369,0.9984597,0.9955496,0.99785227,0.99859095,0.99836797,0.9985176,0.9975138
1.0,-0.0062879696,-0.0035164356,-0.0022605741,0.0051263403,0.0041392082,-0.003041476,-0.0010931715,0.002945128,0.0033506863,-0.00018901564,0.0012056231,-0.007743355,0.00086067617,0.00018841028,0.0030955598,0.0027110204,-0.004583411,-0.0009521358,-0.0055411905,0.0020904613,0.99561363,0.9967512,0.9963928,0.99840206,0.9973009,0.9973809,0.99859214,0.99696666,0.9972721,0.9969701,0.9943747,0.99453294,0.9960155,0.9965383,0.99599975,0.9972265,0.999905,0.9972108,0.9989323,0.9988415
3.0,0.007963359,0.005811844,0.0019971505,-0.006100163,-0.0041514863,0.007569298,0.00016717985,-0.003168935,-0.0024602115,-0.00011885166,0.004686497,0.009771183,-0.00090803206,-0.0026278496,-0.0076948777,-0.004289929,0.0032298304,0.0012927391,0.0067778304,-0.0039896164,0.9985108,0.99955255,0.99498796,0.9950041,0.99645346,0.9964694,0.9994982,0.9959638,0.9988598,0.9984218,0.9968351,0.9929194,0.99730706,0.999167,0.9953012,0.9981386,0.9980132,0.9985802,0.9980797,0.9970888
2.0,-0.0016351119,-0.0004220605,-0.0008418234,0.0013722405,0.0013686949,0.0003381297,-0.000721775,0.00090031326,0.0013713986,-0.00029943883,0.0024236701,-0.0019771121,0.0003676787,-0.0007962659,-0.00046700984,0.00025604665,-0.001976762,-0.00020614639,-0.0013592169,0.00010898174,0.9966695,0.9976896,0.99603796,0.9972522,0.9971326,0.99713457,0.99899423,0.9966885,0.9979616,0.99750054,0.99515647,0.9940559,0.9965109,0.9974996,0.99580956,0.99763626,0.99927604,0.997725,0.99874836,0.9982334
2.0,-0.0040724725,-0.0020087138,-0.0015703738,0.003318809,0.002808095,-0.0014397576,-0.0009362437,0.0019592773,0.0023853667,-0.00027651712,0.0018003881,-0.004973445,0.0006816536,-0.00033064187,0.0013798773,0.0014781356,-0.0033098273,-0.00055929646,-0.0035231337,0.0011478683,0.9961303,0.9971865,0.9962458,0.99783194,0.9972216,0.99725544,0.9988322,0.9968302,0.997652,0.99721247,0.99476534,0.99431944,0.9962797,0.9970015,0.99589914,0.9974402,0.99961144,0.9974833,0.9988733,0.99852854
2.0,-0.035715975,-0.022056274,-0.010478024,0.027681109,0.02089189,-0.024962686,-0.003578227,0.014795283,0.014924418,-0.0007480867,-0.0062410384,-0.043290246,0.0048460215,0.00502076,0.025402538,0.01643119,-0.020351725,-0.004518863,-0.03095439,0.014596023,0.9890756,0.9903263,0.99885887,1.0043203,0.9973173,0.9991992,0.9975307,0.99936545,0.9944615,0.99368834,0.9885548,0.99831355,0.99363166,0.9901069,0.9974411,0.99460495,1.003965,0.99453837,1.0008298,1.0019283
2.0,-0.0040700287,-0.0019851476,-0.0015443349,0.003269434,0.0027722232,-0.0014292225,-0.0009567775,0.0019332916,0.0023463257,-0.00029801019,0.0018136352,-0.0049424283,0.0007214248,-0.00036666542,0.0013609678,0.0014332905,-0.0032874271,-0.000529591,-0.003482528,0.0011280796,0.99615574,0.99718624,0.9962619,0.99780846,0.99722433,0.9972622,0.99887174,0.9968363,0.997697,0.9972373,0.9947828,0.9943345,0.99629927,0.9970346,0.9959266,0.9974466,0.99960667,0.9975133,0.9989069,0.9985202
1.0,0.024029568,0.014959138,0.00586587,-0.017367423,-0.012461167,0.01931399,0.0028747655,-0.009441383,-0.0077453665,0.001391938,0.0077946186,0.028383907,-0.0060483217,-0.0033454597,-0.0186963,-0.009306282,0.01066402,0.0019671507,0.019442454,-0.0105682695,1.0012678,1.0033418,0.9926081,0.99212176,0.995452,0.9959621,0.99816096,0.99520856,0.99836856,1.0003195,0.9983275,0.9905723,0.99752283,1.0014952,0.99456286,0.9987299,0.9957464,0.9984814,0.99550146,0.9962625
2.0,-0.01590573,-0.009636678,-0.0050134575,0.012584049,0.009659959,-0.010222506,-0.0019509532,0.006922529,0.00717552,-0.000368895,-0.00116162,-0.01943073,0.0022047758,0.0018300489,0.010348573,0.0072052553,-0.009749211,-0.002221886,-0.013833612,0.0062014647,0.99354583,0.99471223,0.99727756,1.0004618,0.9975472,0.99795413,0.99820256,0.9977001,0.996349,0.9958957,0.99259096,0.9957213,0.99523365,0.99455124,0.99642396,0.99648833,1.0012234,0.9963567,0.9995771,0.9998766
3.0,0.020094045,0.013490226,0.005538525,-0.01546713,-0.0110806525,0.016761743,0.0014981478,-0.008341787,-0.0071615353,0.00038413703,0.0073665157,0.024499718,-0.0030075312,-0.004585184,-0.016627084,-0.009539735,0.00954688,0.0030009113,0.016828708,-0.009201908,1.0007089,1.0019519,0.99342704,0.992214,0.9953785,0.9957296,0.99980223,0.9951626,0.99960107,0.9997227,0.9987139,0.99142313,0.9981213,1.0011433,0.9947952,0.9985383,0.9964063,0.9994529,0.99701434,0.9958331
2.0,0.033518694,0.022014678,0.009455401,-0.025763657,-0.018702993,0.026735295,0.0031906925,-0.014191272,-0.0123423785,0.0008999128,0.010258928,0.040792864,-0.0057229474,-0.006655574,-0.02636822,-0.015263587,0.016476844,0.0048251636,0.027909704,-0.014904867,1.0030518,1.0046098,0.9916111,0.98896337,0.9939406,0.9950268,1.0000734,0.994534,1.0003748,1.0011541,1.0003438,0.989868,0.9989717,1.0030392,0.99418914,0.9989137,0.99465597,1.0002408,0.9957466,0.9944726
2.0,0.0018049031,0.0016989484,0.00012204051,-0.001227703,-0.0005619549,0.0029992089,-0.00035162643,-0.0004980378,8.2384795e-05,-6.934069e-05,0.003170289,0.0021546483,-0.0002630204,-0.001267381,-0.0029947385,-0.0011226013,-0.00021644309,0.00021560863,0.0014405027,-0.0013887777,0.9973202,0.9984205,0.99560684,0.9965582,0.99692607,0.9969145,0.9989903,0.9964018,0.99809414,0.9978786,0.99579513,0.9935815,0.9967005,0.99813586,0.9956781,0.9977786,0.99881256,0.9979434,0.9984111,0.9979397
4.0,0.020831212,0.013842195,0.005672137,-0.01592201,-0.011416197,0.01729726,0.001679834,-0.008597618,-0.007345699,0.000530798,0.0074711815,0.02530137,-0.0033942163,-0.0044907182,-0.017077785,-0.009623654,0.00982146,0.0029379092,0.017354913,-0.009498996,1.0008303,1.0021696,0.99329334,0.9921402,0.9953533,0.9957359,0.9996219,0.99513656,0.9994702,0.99983346,0.9987429,0.9912847,0.9980731,1.0012475,0.994777,0.9985587,0.9962965,0.9993707,0.9968207,0.9958626
4.0,-0.021661513,-0.01309105,-0.0064983303,0.016795117,0.012819309,-0.014445316,-0.0025846139,0.0091560995,0.009252995,-0.000620367,-0.0025569983,-0.026219454,0.003317088,0.0024756119,0.014583938,0.009564467,-0.012653198,-0.002690591,-0.018620938,0.008588226,0.99234027,0.99338603,0.99784267,1.0014821,0.99752593,0.9982565,0.9982689,0.9981305,0.9960541,0.9952817,0.9916122,0.9965397,0.9948958,0.99337995,0.99672836,0.99599475,1.002007,0.9960251,1.0001237,1.0003664
2.0,0.025951255,0.017100547,0.007160767,-0.019866057,-0.0143376645,0.02105231,0.002323348,-0.010835297,-0.009342924,0.00067784265,0.008610178,0.03152232,-0.0044343844,-0.0052755773,-0.020800259,-0.011852935,0.012481943,0.0036073811,0.021648146,-0.011668117,1.0017773,1.0032141,0.9926525,0.9908995,0.99487567,0.9955017,0.99974155,0.994923,0.9998251,1.0003984,0.9993402,0.9907098,0.9984136,1.0020202,0.9945595,0.9987681,0.99561876,0.9996729,0.99636054,0.9953428
2.0,-0.011377037,-0.0065635666,-0.0035838867,0.008855091,0.006925958,-0.006796796,-0.0017022341,0.004948741,0.0051755086,-0.00045926683,3.0852854e-05,-0.0137506835,0.001936838,0.0007309988,0.0067959875,0.004720196,-0.0071226396,-0.0013749711,-0.009727597,0.004210799,0.9946024,0.9955963,0.9969588,0.9993371,0.9974055,0.9976354,0.99869245,0.9973239,0.9970796,0.99642074,0.99358076,0.99525124,0.9957527,0.9955754,0.9962469,0.99687177,1.0005993,0.996965,0.9994702,0.9992572
1.0,-0.00975018,-0.005163625,-0.0028685154,0.0072050802,0.0057547614,-0.0055142604,-0.0018322952,0.004079897,0.0041744113,-0.0007688012,0.0005659424,-0.01144791,0.0023946837,-0.00017781556,0.005320847,0.0032602474,-0.0058903843,-0.00067383423,-0.007981211,0.0034365694,0.99505407,0.99576324,0.99695545,0.9986734,0.9972435,0.99743116,0.9993423,0.9971465,0.9977775,0.99659604,0.99411595,0.9952215,0.9961685,0.99599975,0.99618274,0.9970282,1.000382,0.99748605,0.9997122,0.9988067
1.0,0.050988317,0.032873057,0.014488287,-0.03881843,-0.028189983,0.04048842,0.0055642202,-0.021547532,-0.018715639,0.0024834964,0.013329279,0.061863117,-0.009589635,-0.009253748,-0.038857322,-0.021758579,0.02523933,0.007351402,0.04140556,-0.022357296,1.0051835,1.0076344,0.9883982,0.98480225,0.9909396,0.9936104,0.99994326,0.9932564,1.0002005,1.0027814,1.0026245,0.98749816,0.99965906,1.0045874,0.993095,0.9982622,0.9924088,1.0009952,0.9934188,0.992808
3.0,0.012577899,0.008367628,0.0031292075,-0.00937609,-0.006582701,0.011132821,0.0008966066,-0.004944831,-0.0039596,0.00049049966,0.0055303387,0.0151017085,-0.0023466647,-0.0027629584,-0.010862872,-0.005555507,0.005297046,0.0014984533,0.010309182,-0.00597387,0.9993038,1.0006603,0.9942444,0.9942678,0.99617267,0.9962894,0.9990306,0.995643,0.99857867,0.99904203,0.99746794,0.9921665,0.9973222,0.9999554,0.9952021,0.99821883,0.9973573,0.9985819,0.99732447,0.9969354
4.0,-0.046625912,-0.028809145,-0.013385489,0.035896942,0.027068475,-0.03296996,-0.0044067055,0.019003835,0.019179523,-0.0008977242,-0.009218603,-0.056329813,0.006269239,0.0066456497,0.033767104,0.02154585,-0.026174411,-0.0055693537,-0.040503398,0.019191008,0.9863841,0.98773605,0.9995027,1.0062547,0.99667245,0.9998447,0.9971979,1.0002782,0.99332356,0.9923989,0.9861827,0.9997971,0.99271035,0.987371,0.99802196,0.99326557,1.0054842,0.9934932,1.0014038,1.0029801
1.0,-0.007838666,-0.00420291,-0.0025213948,0.006008925,0.0048267283,-0.004301112,-0.0014263615,0.003400689,0.0036665648,-0.00061706454,0.0010026731,-0.009371933,0.0015879571,-3.169477e-05,0.00407362,0.0027771145,-0.0051232353,-0.00083272904,-0.006489098,0.002741629,0.99543715,0.99631697,0.99673957,0.9984648,0.99734783,0.99746233,0.99903095,0.99712807,0.9976693,0.99681276,0.9941397,0.9948992,0.996161,0.99632055,0.99607223,0.99725246,1.0001216,0.9973679,0.99935186,0.99876666
3.0,-0.006889418,-0.0037196577,-0.002307183,0.0053605884,0.004323962,-0.0035634711,-0.0012582503,0.0030515557,0.0033782125,-0.00044568814,0.0011758283,-0.008307267,0.001218468,2.399087e-05,0.0034399405,0.002602011,-0.0047364496,-0.000852298,-0.0057869926,0.002315366,0.995633,0.99659663,0.9965995,0.99836427,0.9973555,0.9974542,0.9988666,0.9970722,0.99757284,0.9969669,0.9942821,0.99472505,0.99613434,0.9965373,0.996088,0.9972988,0.99998426,0.9973333,0.9991843,0.99879074
4.0,-0.02135557,-0.01280199,-0.0063568717,0.016472379,0.012601741,-0.014211383,-0.0026254766,0.008990489,0.009048626,-0.00071005896,-0.0024470463,-0.02576745,0.0034496114,0.0022596866,0.014290579,0.009233214,-0.012391727,-0.00253224,-0.018263817,0.008451623,0.99242896,0.9934018,0.9978569,1.0013394,0.99749386,0.9982052,0.99843097,0.9980863,0.9962212,0.99530417,0.99172324,0.9965445,0.99499494,0.9934546,0.99669623,0.9960338,1.0019658,0.99614537,1.0001833,1.0002556
1.0,0.049699932,0.031962946,0.01395818,-0.037792016,-0.0275123,0.038699854,0.0057046264,-0.021144213,-0.018296521,0.0019502454,0.0133860335,0.060180504,-0.01009091,-0.008547895,-0.037727237,-0.02133822,0.024482999,0.006543804,0.040945083,-0.021685675,1.0055622,1.0078881,0.98902965,0.98510027,0.9918455,0.9942985,0.99976933,0.99401087,1.0005623,1.0030056,1.0016785,0.9879601,0.9995863,1.004819,0.9933744,0.99898195,0.99245715,1.0006713,0.99368453,0.99311954
4.0,0.04329218,0.028179333,0.012302436,-0.033144195,-0.024123833,0.03418262,0.004502304,-0.018404936,-0.016014736,0.0015090685,0.012159016,0.052621864,-0.007837474,-0.008157626,-0.033393558,-0.019178633,0.021457154,0.006209653,0.035699055,-0.019053578,1.0044541,1.0063994,0.99002326,0.986567,0.9925048,0.99437505,1.00015,0.99400526,1.0006131,1.002096,1.0014912,0.988674,0.99946326,1.0040747,0.99362713,0.9988357,0.9933973,1.0007185,0.9946384,0.99348867
3.0,-0.02298911,-0.013907008,-0.006866564,0.017808223,0.013578626,-0.015456725,-0.0027013384,0.009684886,0.009767637,-0.00067915954,-0.002882719,-0.027811427,0.0035236403,0.0026632994,0.015582718,0.010136411,-0.013345033,-0.0028349757,-0.019746296,0.009167338,0.99204636,0.9930839,0.9979659,1.0017309,0.9975215,0.9983343,0.99825186,0.99824005,0.995959,0.9951199,0.9913367,0.9967206,0.9948073,0.9930749,0.99677324,0.9958889,1.0021939,0.9959161,1.0002182,1.0004828
4.0,-0.025858343,-0.015641622,-0.0076105436,0.019922435,0.015170122,-0.017537393,-0.0029978529,0.0108025,0.010821909,-0.00076588057,-0.0036109313,-0.031203326,0.0040384084,0.0030041859,0.017713398,0.011365071,-0.014809873,-0.0030700415,-0.022172906,0.010354197,0.99140924,0.9924127,0.9982087,1.0022398,0.9974579,0.99847734,0.99825233,0.99844766,0.9957591,0.99480563,0.990836,0.99712056,0.99461305,0.9924532,0.9969232,0.995599,1.0025833,0.99572545,1.0004554,1.0007375
2.0,-0.001673609,-0.0005325824,-0.0009080395,0.0015036203,0.001459281,0.00037148222,-0.00067183375,0.0009820908,0.0014803484,-0.00015286542,0.002345059,-0.002096206,0.00022687763,-0.0006490126,-0.00038295984,0.0004898608,-0.00207939,-0.00029377267,-0.0015298799,0.00011849054,0.9966067,0.9977108,0.99597156,0.997347,0.9971184,0.9971244,0.99883485,0.99665564,0.99777526,0.99748486,0.9951706,0.9939985,0.99641955,0.997459,0.9958061,0.99757606,0.9992819,0.9976312,0.9986464,0.9983188
3.0,0.027423956,0.018169455,0.007687252,-0.021061115,-0.015202867,0.022355845,0.0023436472,-0.011465371,-0.009964518,0.00072878227,0.008903291,0.0334065,-0.0042971075,-0.005845189,-0.022006422,-0.012687098,0.013380889,0.004114989,0.022775196,-0.0123176165,1.0018572,1.0032943,0.9923652,0.9904555,0.99448466,0.9951981,0.99999595,0.9946648,0.99996173,1.0003803,0.9997771,0.99051946,0.9985844,1.0020887,0.99436605,0.99862194,0.99546283,0.99993765,0.99630135,0.99501824
2.0,-0.00034757704,0.00033390895,-0.0005061608,0.00044935197,0.00068221847,0.0013777465,-0.0005624965,0.00041364506,0.0009339303,-0.00013555028,0.0026652738,-0.0004625246,7.2583556e-05,-0.0009152964,-0.0013914332,-0.00015626103,-0.0013516173,-7.8666955e-05,-0.0003844872,-0.00045693363,0.99687713,0.99797064,0.9958374,0.99703366,0.9970378,0.9970347,0.9989199,0.9965519,0.99791765,0.99762785,0.99541926,0.99384516,0.9965377,0.99771464,0.99575067,0.99765164,0.9991029,0.9977655,0.9985693,0.9981586
1.0,0.05607048,0.036404252,0.016192276,-0.04300644,-0.03140323,0.043785702,0.0062453076,-0.024181848,-0.021034975,0.002103027,0.0147129595,0.06824189,-0.010599934,-0.0103007555,-0.042603943,-0.024549663,0.028048951,0.008162979,0.046060123,-0.024525985,1.0063496,1.0087188,0.98795617,0.9831367,0.990456,0.99362415,1.0004967,0.9935886,1.0011858,1.0034531,1.0027268,0.98731184,1.000212,1.0053532,0.99296737,0.99871475,0.9917612,1.0014362,0.99339604,0.9921464
3.0,-0.012961775,-0.007578075,-0.00404228,0.010099307,0.007849522,-0.007957537,-0.001842767,0.005616606,0.005819943,-0.0004642103,-0.00037448853,-0.015682917,0.0021565408,0.0010051057,0.007994175,0.005485438,-0.0079790205,-0.0015797652,-0.011122607,0.0048867958,0.99424005,0.9952517,0.99708486,0.9996841,0.9974264,0.9977137,0.99861395,0.9974284,0.996897,0.99623156,0.99330384,0.99543774,0.99561185,0.99523044,0.9963059,0.9967273,1.0008174,0.9968186,0.99956113,0.9994306
4.0,-0.03131353,-0.01909978,-0.009150247,0.024137685,0.018307267,-0.021634065,-0.0033923276,0.01298654,0.013009772,-0.00084588677,-0.005033098,-0.037813377,0.004662484,0.0039574355,0.021902747,0.013982341,-0.017774642,-0.0037611425,-0.026932407,0.012697309,0.9901474,0.99121386,0.99861753,1.0033242,0.9973746,0.998837,0.99799865,0.99892145,0.9951726,0.99418044,0.9896469,0.99781907,0.9941412,0.9911759,0.997183,0.9950712,1.0033435,0.99516356,1.0007385,1.0013223
2.0,-0.011034213,-0.0063423514,-0.0034809848,0.008583946,0.006726424,-0.006529767,-0.0016789623,0.004806837,0.0050359145,-0.00045106374,0.00011380762,-0.013330419,0.0019048825,0.00066093355,0.0065324157,0.0045545176,-0.006934803,-0.0013189502,-0.009434216,0.0040608784,0.9946702,0.9956617,0.9969224,0.999261,0.9973888,0.99760723,0.9987137,0.997291,0.9971126,0.99645716,0.993656,0.9952088,0.99578196,0.9956448,0.9962312,0.9968888,1.0005518,0.99700356,0.999451,0.9992152
4.0,-0.023546904,-0.014252521,-0.007006745,0.018212834,0.013880928,-0.015838902,-0.0027629212,0.009903013,0.009970203,-0.00067671016,-0.0030309558,-0.02847233,0.003620565,0.002736412,0.015996762,0.010395743,-0.013636798,-0.0028811507,-0.020226948,0.009384613,0.99191993,0.9929556,0.99800366,1.0018362,0.9975065,0.9983606,0.9982417,0.9982768,0.9959049,0.9950695,0.9912553,0.9967944,0.99475974,0.99296486,0.9968173,0.99581826,1.0022656,0.9958802,1.0002644,1.0005418
3.0,0.02063223,0.013616379,0.005544549,-0.015641883,-0.011193167,0.017224228,0.0017035343,-0.008414276,-0.0071513653,0.00067661516,0.0073408484,0.024972808,-0.0034788176,-0.0043400154,-0.01687976,-0.009323537,0.009635646,0.002829235,0.017034955,-0.009392959,1.000683,1.0021163,0.99321723,0.992282,0.9953203,0.9956955,0.99945754,0.9950746,0.999236,0.9997686,0.9987348,0.9912306,0.99796313,1.0011278,0.99473256,0.998448,0.9963164,0.9992701,0.9967011,0.9959314
4.0,0.020582154,0.013753656,0.005637398,-0.015777692,-0.011312496,0.017093798,0.0016080476,-0.008523278,-0.0073011927,0.0004394278,0.0074540563,0.025046978,-0.0032259375,-0.0045653656,-0.016940609,-0.009656303,0.009756852,0.0029850043,0.017200448,-0.00939091,1.0007945,1.0020856,0.99335814,0.99214077,0.9953613,0.9957306,0.9997252,0.9951561,0.99956554,0.99977493,0.9987251,0.9913489,0.998112,1.0012027,0.9947652,0.9985722,0.9963397,0.9994145,0.9969125,0.9958264
2.0,0.005482033,0.004164703,0.0012721317,-0.0041860156,-0.0027364516,0.0058090203,-8.2314014e-05,-0.0021001585,-0.0014636703,-6.303564e-05,0.0040622354,0.0067296065,-0.0005772114,-0.0021183416,-0.005825028,-0.0030139647,0.0018543229,0.0009116903,0.004620999,-0.002983472,0.99803174,0.9990815,0.9952202,0.99562705,0.99662006,0.9966222,0.99931693,0.996099,0.9985444,0.9982293,0.99650735,0.99317753,0.9970665,0.99878967,0.995489,0.9979515,0.99832964,0.99836665,0.99823433,0.9974345
2.0,0.0018668696,0.0018323213,0.0001777187,-0.0013306327,-0.0006295913,0.002996415,-0.00039193407,-0.00056220964,-6.482005e-06,-0.00019461289,0.003237173,0.0022934265,-0.00012516975,-0.0014268905,-0.0030954033,-0.0013514236,-9.2003495e-05,0.00031835213,0.0015836358,-0.0013937342,0.99734735,0.9983879,0.9956524,0.9964636,0.99690795,0.99689025,0.99913853,0.99640715,0.99825186,0.9978415,0.9957994,0.9936227,0.9967827,0.998126,0.9956286,0.9978235,0.99881446,0.99801934,0.99848413,0.99784386
2.0,-0.019706428,-0.011839859,-0.005940932,0.015278462,0.011692721,-0.012988009,-0.0024293475,0.008356476,0.008467585,-0.00059653074,-0.0020564683,-0.023840975,0.0030776784,0.0021314323,0.013093218,0.008624718,-0.01158933,-0.002430696,-0.016917922,0.00775042,0.9927886,0.9938112,0.9976907,1.0010746,0.9975233,0.9981366,0.99836344,0.9979723,0.9962691,0.99550277,0.9920122,0.99629676,0.99506867,0.9938186,0.99663883,0.99617845,1.0017402,0.996217,1.0000148,1.0001559
3.0,-0.022249475,-0.013492405,-0.0066787275,0.017272508,0.013167337,-0.014878955,-0.0026146732,0.009406757,0.00951026,-0.0005974062,-0.0027185269,-0.026955198,0.0033437237,0.0026226416,0.01504837,0.009900838,-0.012999319,-0.0027976967,-0.019160956,0.008837957,0.99219954,0.99327165,0.9978755,1.0016258,0.99753165,0.9983003,0.99819946,0.99818194,0.9959505,0.9952197,0.99148387,0.9966007,0.9948227,0.99324775,0.99676335,0.99593294,1.002087,0.9959435,1.0001359,1.0004528
1.0,-0.0024107546,-0.0013894662,-0.0013850834,0.0024743676,0.0021382743,-0.00025191158,-0.00046638027,0.001499638,0.0021395795,0.00017093495,0.002028685,-0.0033366047,-0.00035373867,0.00011846423,0.00042691827,0.0015377328,-0.0028475076,-0.0008965209,-0.0025039464,0.00052609784,0.99634147,0.99772453,0.99587935,0.9978335,0.9972723,0.997274,0.9982082,0.99676335,0.9971483,0.9974232,0.9947994,0.9939134,0.9960689,0.99722016,0.9958243,0.9974852,0.9993669,0.9971947,0.9983343,0.998671
4.0,0.012355261,0.008423936,0.0031828713,-0.009367682,-0.006574064,0.010935776,0.00074032694,-0.004951887,-0.004034411,0.00025594048,0.0055822395,0.014980935,-0.0019453391,-0.0030572861,-0.010829587,-0.005859643,0.005365465,0.0017092489,0.010289721,-0.0058852425,0.99930227,1.0005172,0.99436474,0.99415183,0.996145,0.996249,0.99934375,0.99566,0.9988782,0.99895924,0.9975023,0.99229133,0.99747056,0.9999261,0.9951719,0.99826163,0.9974097,0.9987554,0.997544,0.9967868
1.0,-0.02862455,-0.017584674,-0.008520101,0.022232093,0.0168388,-0.019781224,-0.0030451864,0.011969102,0.012096476,-0.0007461291,-0.0043278784,-0.034732204,0.0039991736,0.0038254112,0.019964658,0.012961857,-0.016509376,-0.003714405,-0.024680868,0.011619366,0.99077445,0.9919165,0.9984035,1.0029361,0.9975577,0.99878347,0.9978642,0.9988016,0.9952907,0.9945131,0.9899956,0.99741435,0.99427605,0.9917941,0.99707127,0.9954055,1.0029763,0.99525976,1.0004714,1.0011519
3.0,0.0009779409,0.0012968294,-6.0257502e-05,-0.00066396967,-0.00012777979,0.0023517981,-0.0005124435,-0.0001916904,0.0003238693,-0.0002419576,0.0030342117,0.0012360997,9.7967684e-05,-0.0013497621,-0.0024607703,-0.0010113418,-0.00053045526,0.00025079772,0.00084012,-0.0010124713,0.9971472,0.9981675,0.99574196,0.9966363,0.99692476,0.9969082,0.99916285,0.996445,0.9982081,0.99772084,0.99568164,0.99373907,0.9967372,0.99794066,0.9956435,0.99774903,0.99893516,0.99798745,0.99857527,0.99789757
2.0,-0.00023365021,0.00049705803,-0.0004157815,0.00028333068,0.0005707997,0.0014910661,-0.00062538683,0.00033012033,0.0008178875,-0.00021004677,0.0027213506,-0.00025074556,0.0002483204,-0.0011022761,-0.0015425235,-0.0003810674,-0.0012022145,7.002428e-05,-0.00023049116,-0.0005173569,0.9968977,0.99793136,0.9958455,0.9969341,0.996984,0.99697804,0.9990705,0.9965144,0.99804556,0.99761045,0.99551076,0.99386597,0.9966154,0.99773085,0.9957226,0.9976482,0.9990949,0.99787277,0.9986428,0.99806464
3.0,-0.015319347,-0.009049319,-0.0046815993,0.011864245,0.009162236,-0.009694889,-0.0020765364,0.0065584453,0.0067081153,-0.00052663684,-0.00095108524,-0.01850893,0.0025306344,0.0013571754,0.009754032,0.0065393746,-0.009218425,-0.0018468983,-0.013112411,0.00586804,0.99375045,0.99474204,0.99730897,1.0001535,0.99746567,0.99785846,0.99856573,0.99761415,0.9967155,0.9959982,0.9928841,0.99574935,0.9954378,0.9947701,0.99644464,0.9965342,1.0011326,0.9966431,0.9997531,0.9996723
2.0,-0.0019395947,-0.00039940327,-0.00077499356,0.0014092699,0.0014241524,0.00027609617,-0.0009389818,0.00094887055,0.0013124421,-0.00040474162,0.0023776144,-0.002155915,0.0008724183,-0.0011440068,-0.00040006638,5.4873526e-05,-0.0019256584,0.00010273233,-0.0015320629,0.00016048946,0.9965934,0.997484,0.9960892,0.99715483,0.9969933,0.9970094,0.99930584,0.99659246,0.9981631,0.9974104,0.99536777,0.99415445,0.99662566,0.9974498,0.99580026,0.99754375,0.9993336,0.99792826,0.9989504,0.9981105
1.0,0.039761927,0.02727303,0.012292568,-0.031680483,-0.023167027,0.0322319,0.0027637072,-0.017479988,-0.01574536,0.00029042736,0.011961877,0.049397238,-0.0037679374,-0.010290198,-0.032009836,-0.020242617,0.020899158,0.007973764,0.03327024,-0.017859384,1.0036141,1.0046481,0.99066466,0.98633224,0.99201846,0.9936561,1.0024121,0.9936314,1.0022297,1.0010273,1.0024118,0.98945624,1.0003297,1.0034887,0.9934989,0.9984343,0.9941112,1.0021472,0.9964492,0.9925632
3.0,-0.015847236,-0.009459026,-0.0048844637,0.012375273,0.009534873,-0.010074697,-0.0020806678,0.006835077,0.0070115216,-0.00045437738,-0.001121439,-0.019224834,0.0025090352,0.0015466437,0.010194562,0.0069269314,-0.009573452,-0.0019880347,-0.013681054,0.0061200894,0.99356484,0.99462885,0.9972921,1.0003321,0.9974596,0.9978693,0.99843323,0.9976324,0.996525,0.9958994,0.9927647,0.9957703,0.99533343,0.994595,0.9964279,0.9964449,1.0012094,0.9965325,0.99970734,0.99975884
1.0,-0.004315518,-0.0022644922,-0.0016811034,0.0035946667,0.003012707,-0.001485426,-0.00093651563,0.002140522,0.0025772937,-9.561144e-05,0.0016532391,-0.00534321,0.0006287545,-0.00017790496,0.0016008765,0.0018249378,-0.0035286807,-0.0006434731,-0.0039036795,0.0012278252,0.9959737,0.99712604,0.99614835,0.9979777,0.9971682,0.9972128,0.99866897,0.9967693,0.9973999,0.99717057,0.9947994,0.9942721,0.99615693,0.99690545,0.99590504,0.9972901,0.9996349,0.99740267,0.9987838,0.9986187
3.0,0.007677555,0.0056487247,0.0019663936,-0.005964849,-0.0040494637,0.0074492805,8.245185e-05,-0.0030778907,-0.0023994558,-9.7412616e-05,0.004612595,0.009467233,-0.0007626042,-0.0026365295,-0.0075149313,-0.004179593,0.003094729,0.0013286807,0.0065458044,-0.0039271247,0.9984716,0.9994777,0.9950054,0.99505216,0.99644345,0.9964657,0.999535,0.9959467,0.99885225,0.9984429,0.996896,0.99295336,0.99730235,0.9991812,0.9953804,0.99807703,0.9980451,0.998626,0.9981487,0.9971214
1.0,-0.02053982,-0.012146369,-0.0061547915,0.015812743,0.01213729,-0.014040485,-0.0025141425,0.008570691,0.0086521655,-0.0011155326,-0.0020561665,-0.024718758,0.0033907145,0.0019955337,0.013649784,0.008413702,-0.011829022,-0.002459623,-0.01723449,0.008295322,0.99276316,0.99359256,0.99802876,1.0010312,0.9976372,0.9982791,0.9986945,0.998176,0.99669564,0.99534243,0.9915406,0.996554,0.9952619,0.9935902,0.9965319,0.99641895,1.0018884,0.99623924,1.0002205,1.0000162
2.0,-0.015448056,-0.0091447905,-0.0047430554,0.012001641,0.009261822,-0.009839606,-0.0020597763,0.006622012,0.00678603,-0.0005417466,-0.0009774938,-0.018687446,0.0024992004,0.0014152303,0.009869337,0.006613761,-0.009302672,-0.0019035675,-0.0132281855,0.005951739,0.9937227,0.9947273,0.9973302,1.0001929,0.99748737,0.9978811,0.9985358,0.9976397,0.99669445,0.99596786,0.99280846,0.99576163,0.99542356,0.99472135,0.9964274,0.9965508,1.0011557,0.9966008,0.99973893,0.9996902
1.0,-0.026729569,-0.016189612,-0.007869062,0.020599134,0.015670046,-0.018267546,-0.0030402765,0.011137977,0.011168875,-0.00082841143,-0.0038104355,-0.032262053,0.0041048005,0.003178075,0.01839254,0.011751264,-0.015283443,-0.0032133944,-0.022888798,0.010752961,0.9912502,0.99224645,0.99831855,1.0024085,0.997493,0.9985742,0.998218,0.9985612,0.9957128,0.9947162,0.9905851,0.9972435,0.9945593,0.992265,0.9969649,0.9955784,1.0027102,0.9956221,1.0005077,1.0008329
4.0,0.045752697,0.029885896,0.0131440805,-0.035163213,-0.025634367,0.036062352,0.004719205,-0.019581916,-0.017081987,0.0014997851,0.012722947,0.05572344,-0.008060791,-0.008800641,-0.03527227,-0.020464607,0.022835169,0.006777793,0.037758,-0.020131307,1.0048302,1.0067666,0.9896697,0.98581576,0.9920731,0.99416953,1.0004344,0.9938908,1.0009186,1.0023032,1.0018443,0.98844963,0.99972045,1.0043483,0.99349093,0.9988253,0.993111,1.0010111,0.99455136,0.9931145
2.0,0.023697536,0.0155571215,0.006406196,-0.018025827,-0.012986755,0.019236295,0.0021708235,-0.009823544,-0.00838542,0.00062374584,0.00811724,0.028685885,-0.004303105,-0.0046731085,-0.01905458,-0.0107064545,0.011204787,0.003074076,0.019784763,-0.010666253,1.0014467,1.002889,0.9929815,0.9915265,0.99524623,0.99574614,0.99950296,0.995143,0.99959904,1.000226,0.99887735,0.990963,0.99819326,1.0017273,0.9946921,0.9988023,0.99589604,0.9993888,0.9964751,0.9956851
2.0,-0.004755497,-0.002417393,-0.0017442629,0.0038138963,0.0031773741,-0.0019193739,-0.0010238066,0.0022308175,0.0026260242,-0.0002934616,0.0016361251,-0.0057751574,0.0008303374,-0.00025814027,0.0018727332,0.0017618462,-0.0036480837,-0.00060870126,-0.00409282,0.0014187901,0.99599653,0.99703556,0.9963185,0.99796146,0.99723375,0.9972839,0.99884105,0.9968665,0.997617,0.99714386,0.9946856,0.9944106,0.99623924,0.9968836,0.9959412,0.9973847,0.99970293,0.9974516,0.9989453,0.99859416
1.0,0.042643353,0.027747452,0.012075369,-0.032667603,-0.023800384,0.03343968,0.0045197867,-0.018192546,-0.01581489,0.0013328586,0.012128282,0.051818576,-0.007968396,-0.007890083,-0.032862283,-0.018939685,0.021103535,0.0059222393,0.035380624,-0.01875985,1.0045679,1.0064594,0.9902752,0.98670936,0.99283063,0.99463135,1.0000916,0.99426746,1.0007356,1.0021698,1.0011605,0.98885417,0.9994287,1.0041478,0.99376035,0.9990783,0.99344295,1.0005938,0.9947529,0.99363804
3.0,-0.013141215,-0.0076787695,-0.004092478,0.01022063,0.007937942,-0.008155752,-0.0018497072,0.0056680012,0.005871821,-0.00052574277,-0.0003891997,-0.015891839,0.0021705031,0.0010337457,0.008130722,0.0055170506,-0.008065358,-0.0016193949,-0.011219628,0.004979387,0.99424124,0.9952296,0.99714255,0.99970484,0.9974677,0.99776,0.99863195,0.99748117,0.9969408,0.99622726,0.9932153,0.99548054,0.9956221,0.9952122,0.99632174,0.996766,1.0008427,0.99680406,0.9995939,0.9994412
3.0,-0.0070010945,-0.0035146698,-0.0020869076,0.005110359,0.004192572,-0.0032295287,-0.0015878975,0.0030023633,0.003150288,-0.0004631169,0.0011273026,-0.0081581585,0.0019440427,-0.0005418435,0.003277488,0.0022607595,-0.004507739,-0.000316184,-0.0058168843,0.0021729248,0.995538,0.99633884,0.9965471,0.99817157,0.9970685,0.997201,0.9992937,0.9968426,0.99778146,0.99692607,0.9947821,0.9947989,0.99627066,0.9965596,0.99612135,0.99704903,0.99999154,0.99769044,0.99943906,0.99860775
1.0,0.017852984,0.013633851,0.0060667093,-0.015430942,-0.011062134,0.015562458,-7.7053905e-05,-0.008276442,-0.007802792,-0.0011061095,0.007546656,0.023138773,0.00073272735,-0.007105209,-0.01619393,-0.011583876,0.009864252,0.005016934,0.016104065,-0.008660915,1.0005316,1.0006186,0.9941541,0.991344,0.9948576,0.99523044,1.0023885,0.99499923,1.0017959,0.99922943,0.9995859,0.9923466,0.9992354,1.0010529,0.99491256,0.99842596,0.9968432,1.00106,0.99891216,0.994804
2.0,-0.0023448244,-0.0007558912,-0.0009548161,0.0018182434,0.0017179595,-3.398955e-05,-0.0009086095,0.0011701621,0.0015613921,-0.00031782687,0.002240412,-0.002731733,0.00075352937,-0.0009100884,-3.1463802e-05,0.00042990595,-0.0022364073,-7.902086e-05,-0.0019647852,0.00034908508,0.9964845,0.9974461,0.99608874,0.99732816,0.9970414,0.9970608,0.9991353,0.99663115,0.9979797,0.99737793,0.99524397,0.9941584,0.9965164,0.9973554,0.9958233,0.99750197,0.9993826,0.99779844,0.9988858,0.9982293
1.0,-0.00074219704,-0.00035817176,-0.00096150674,0.0011897199,0.0011533583,0.000703495,-0.00015897304,0.0007276535,0.0014547147,8.716807e-05,0.002508089,-0.0013332516,-0.0009544566,6.0796738e-05,-0.0007272959,0.00079675764,-0.0020018592,-0.00090088695,-0.0008940175,-0.00015035807,0.99691856,0.998278,0.9958897,0.9974689,0.99743724,0.9974246,0.9981772,0.9968733,0.9974288,0.99774104,0.99479043,0.99377495,0.9962057,0.9976801,0.99585485,0.9978735,0.9991309,0.9971878,0.99821013,0.9986162
2.0,-0.0049103424,-0.0023001358,-0.0016370276,0.0037053227,0.003123025,-0.0019766465,-0.0012070648,0.0021821316,0.002480846,-0.0004847236,0.0016743802,-0.0057706796,0.0012711585,-0.0006095469,0.0018377379,0.001428023,-0.0035201572,-0.00033169612,-0.0040392727,0.0014316665,0.99601525,0.99689287,0.9964124,0.9978125,0.99715924,0.9972186,0.99918,0.99683535,0.997913,0.9971158,0.99481577,0.9945253,0.99639255,0.99690294,0.9959524,0.99737996,0.9997306,0.9976657,0.9991657,0.9984479
1.0,0.035425425,0.023348935,0.010226632,-0.027495254,-0.0199362,0.028649166,0.0031442419,-0.015058918,-0.013220344,0.0011118613,0.010583937,0.043291576,-0.0054413676,-0.0074093863,-0.027962152,-0.016235031,0.017591026,0.005562011,0.029357567,-0.015858693,1.0031523,1.0046921,0.9911436,0.98838633,0.9933208,0.9945981,1.0004146,0.99407315,1.0004413,1.0013018,1.0010717,0.9895622,0.99919003,1.0032392,0.99411464,0.99854404,0.994425,1.0006789,0.99567014,0.99410546
4.0,-0.026913665,-0.016373277,-0.007945879,0.020799562,0.015806876,-0.018336698,-0.003034953,0.011255732,0.011303145,-0.0007247068,-0.003902655,-0.032538686,0.004057698,0.0032916665,0.018560342,0.011986278,-0.0154463835,-0.0032810979,-0.023156445,0.010815753,0.99114835,0.9922098,0.9982622,1.0025045,0.9974664,0.99856335,0.99810964,0.99855,0.99555904,0.9946855,0.990576,0.9972266,0.99447656,0.99219835,0.99697745,0.99549085,1.0027316,0.9955619,1.0004628,1.0008957
4.0,-0.050094023,-0.030976303,-0.014344743,0.038568374,0.02907171,-0.035553202,-0.0045969263,0.020344809,0.020586852,-0.0009033643,-0.010198247,-0.060499568,0.006593421,0.0072478205,0.036479168,0.023268946,-0.028063688,-0.005948171,-0.04359766,0.020675939,0.98551065,0.9869391,0.99968636,1.0068783,0.99642205,1.0000746,0.9970167,1.0005761,0.9928945,0.9919642,0.98535067,1.0002494,0.9923917,0.98644316,0.9981946,0.9928402,1.0059823,0.9930757,1.0015086,1.0033534
2.0,0.018674098,0.012397114,0.0049673105,-0.014165625,-0.010127097,0.015574319,0.0015216842,-0.0076378733,-0.006439574,0.0004676599,0.006994281,0.02260571,-0.0032203048,-0.0039713383,-0.01542297,-0.008564997,0.00862553,0.0024781264,0.015555881,-0.008538583,1.0004795,1.0018245,0.9935941,0.99271023,0.9956532,0.99594015,0.999433,0.99533695,0.99927056,0.9996292,0.9983088,0.9915339,0.9978749,1.0009203,0.9948739,0.99856335,0.9965727,0.99911445,0.9969422,0.9961598
3.0,0.03447646,0.02260973,0.009756425,-0.026489042,-0.0192141,0.027662428,0.003262706,-0.014555523,-0.012676582,0.0010995176,0.010363709,0.04196456,-0.005810924,-0.0068641677,-0.027086977,-0.015564546,0.016966585,0.0050601736,0.028541476,-0.015352657,1.0030785,1.0047059,0.99135643,0.9887609,0.9936666,0.9948422,1.0000696,0.9943236,1.0002673,1.0011994,1.0006429,0.98967606,0.9989933,1.0030909,0.99411404,0.9987473,0.994543,1.000323,0.9955878,0.9943693
4.0,0.015648596,0.010589872,0.004193295,-0.011979625,-0.008503806,0.013419522,0.0010508187,-0.006399121,-0.005380258,0.00030214526,0.006349448,0.019043293,-0.002376102,-0.0037216544,-0.013306852,-0.0074454583,0.0071576275,0.0022690482,0.013090342,-0.007304988,0.99991965,1.0011333,0.9939817,0.9933252,0.99583465,0.99602973,0.99955434,0.9954428,0.9992083,0.99929166,0.99803805,0.9919254,0.99775726,1.0004683,0.9950216,0.99839383,0.9969815,0.9990642,0.99733305,0.99638015
1.0,6.0915947e-05,0.0017237179,0.0002965154,-0.0008280501,-0.00015057856,0.001790043,-0.0013360269,-0.0002646204,-0.00016786158,-0.0012297854,0.0032056645,0.00093738735,0.002180554,-0.0029829666,-0.0024763048,-0.0025413856,-3.0677766e-05,0.0014820322,0.0008332059,-0.00072551495,0.99707437,0.99740875,0.9961783,0.9959806,0.9965522,0.99655616,1.0007418,0.99631125,0.99957675,0.99734974,0.99612087,0.9942853,0.9974504,0.99777037,0.9954779,0.9977625,0.9991347,0.9989001,0.9995646,0.9971484
2.0,0.0090289265,0.0064271763,0.002303306,-0.0069422834,-0.004779408,0.008425634,0.00029621273,-0.0036209095,-0.0028659776,5.1297247e-06,0.0048995875,0.011045203,-0.0011698827,-0.0027040765,-0.008454017,-0.0046328977,0.00372909,0.001388248,0.00764481,-0.0044905776,0.99873894,0.99981153,0.99483514,0.99480706,0.9963972,0.99643916,0.999445,0.9958933,0.9988527,0.9986205,0.99702996,0.99276304,0.9973383,0.99942166,0.9953427,0.99815845,0.9978542,0.99863636,0.99796313,0.99705166
3.0,-0.017736472,-0.010640271,-0.00541857,0.01380492,0.01058895,-0.011563297,-0.0022206008,0.007570997,0.0077281,-0.000546705,-0.0015609376,-0.02149884,0.0027162507,0.0018866211,0.011633821,0.007770255,-0.010578599,-0.0022604093,-0.015234768,0.0069318693,0.9932255,0.9942676,0.9975213,1.0007054,0.9975434,0.9980483,0.9983738,0.9978416,0.99641776,0.9957289,0.99233186,0.99603295,0.9952044,0.99423957,0.9965489,0.9963681,1.001469,0.99634695,0.9998524,0.9999764
4.0,-0.02730722,-0.016537651,-0.008009014,0.02102161,0.015993092,-0.01863397,-0.0031180456,0.011372803,0.011382114,-0.0008171033,-0.0039751977,-0.032940518,0.004243307,0.0032216907,0.018811412,0.012009792,-0.015573531,-0.0032311827,-0.023406167,0.01097779,0.99108833,0.99208736,0.9983355,1.0025107,0.9974424,0.9985705,0.9982216,0.9985737,0.995644,0.9946409,0.99052846,0.9973178,0.99450856,0.9921233,0.9969884,0.99547374,1.0027852,0.9955985,1.0005525,1.0008755
2.0,0.0038403496,0.0033682361,0.000953028,-0.0031280555,-0.0019268845,0.0046504587,-0.00044722483,-0.0015059821,-0.0010189526,-0.00032330118,0.0037637055,0.0049352422,0.0002002418,-0.002301477,-0.004786238,-0.0027449057,0.001230944,0.0010432862,0.0033943728,-0.0023142805,0.9977045,0.998582,0.99546224,0.99579155,0.99659353,0.9965877,0.99966097,0.9961365,0.9987425,0.997968,0.9964235,0.9934729,0.9971302,0.9984778,0.99549705,0.9978404,0.9985694,0.99849683,0.99858737,0.9973894
3.0,-0.02005729,-0.012115233,-0.006084292,0.015611164,0.011930071,-0.013307616,-0.0024066865,0.008521748,0.008660708,-0.0005887896,-0.002146516,-0.024319168,0.0030109212,0.0022886544,0.013399623,0.008866809,-0.011831798,-0.0025652535,-0.01724904,0.007933253,0.992705,0.99376607,0.99771655,1.0011874,0.9975607,0.99819076,0.99827176,0.9980297,0.99618036,0.995459,0.9918608,0.9963233,0.99500996,0.9937216,0.99664396,0.996171,1.0017906,0.9961224,0.99998784,1.0002229
4.0,0.024619233,0.016300842,0.006800293,-0.01887047,-0.013603235,0.020060975,0.0021182634,-0.010273317,-0.008855801,0.0005739331,0.008345488,0.02993328,-0.004056111,-0.0051605105,-0.019867718,-0.011383716,0.011833262,0.0034953356,0.020564802,-0.01109605,1.0015315,1.0029082,0.99284065,0.99118394,0.9949902,0.99554133,0.9997959,0.99497664,0.9998143,1.0002217,0.99920243,0.9908813,0.99837023,1.0018119,0.9945933,0.9987276,0.9958049,0.9996479,0.9965347,0.9954231
2.0,-0.0054373518,-0.0027365535,-0.0018300395,0.004186118,0.003472168,-0.002289001,-0.00122381,0.0024598986,0.0027736723,-0.0003499519,0.0014837869,-0.0064856224,0.0012354553,-0.00038658082,0.0022806823,0.0018813834,-0.0038970038,-0.00047925487,-0.004619099,0.0016386576,0.99584645,0.9967982,0.99637836,0.9980156,0.99716485,0.99723554,0.9990119,0.9968406,0.99767965,0.9970739,0.99475634,0.9945303,0.9962631,0.9967882,0.9959964,0.99726105,0.99979293,0.9975615,0.99911815,0.9985767
2.0,-0.009958379,-0.0055821463,-0.0031244876,0.007666588,0.0060557364,-0.0057441182,-0.0016314238,0.0043133628,0.0045314804,-0.0005240068,0.00041895732,-0.011956867,0.0018808022,0.00035584718,0.005673915,0.003893137,-0.006284319,-0.0010917075,-0.008413918,0.0035935927,0.9949384,0.9958626,0.99686986,0.99896175,0.9973547,0.99753934,0.99888104,0.9972181,0.99734783,0.9965829,0.9938723,0.9951186,0.995935,0.99589187,0.99618894,0.9970008,1.0004056,0.9971721,0.99945635,0.99904156
3.0,0.011750326,0.008275613,0.0031902948,-0.009151585,-0.0063978746,0.010620546,0.00045962632,-0.0048070718,-0.0040146485,7.193349e-05,0.0055139847,0.014457446,-0.001309447,-0.003410533,-0.0105726905,-0.006019313,0.005277969,0.002003368,0.009919278,-0.005702138,0.9991841,1.0002344,0.9944755,0.9940942,0.9960433,0.9961474,0.99971676,0.99560195,0.99913603,0.9988415,0.99764925,0.992445,0.9976038,0.99984574,0.9951877,0.99817264,0.9975083,0.998986,0.9978291,0.99665385
2.0,0.000551641,0.0011561811,-9.395089e-05,-0.00046064705,3.4125987e-05,0.002070602,-0.0006554648,-7.702038e-05,0.00037510693,-0.00036038645,0.0029772706,0.00083000585,0.00041864067,-0.0015054867,-0.0022336915,-0.0010556355,-0.0006314926,0.00037599355,0.0005737841,-0.00086091994,0.9970857,0.9980114,0.9958312,0.99662423,0.9968942,0.99688226,0.99935293,0.99644417,0.99835354,0.99765533,0.9957114,0.9938448,0.99680406,0.9978828,0.99565667,0.99772596,0.9990021,0.99808735,0.9987318,0.99784523
1.0,0.045394152,0.02886207,0.0124524515,-0.034203846,-0.024804287,0.035659574,0.005330719,-0.018994166,-0.016316678,0.0022690725,0.012245506,0.054701522,-0.009761468,-0.0072830096,-0.034391094,-0.018754445,0.021953214,0.005541403,0.037101187,-0.019863553,1.0048305,1.0072465,0.9895198,0.98656607,0.9925082,0.99458003,0.9990721,0.9940011,0.99972236,1.0026718,1.001296,0.98818594,0.9990437,1.0043607,0.9936776,0.99884534,0.9929839,1.0001001,0.99366826,0.9939107
3.0,0.026036259,0.017158538,0.00718331,-0.019917246,-0.01438147,0.021109415,0.0023477003,-0.010873172,-0.009372178,0.00069179013,0.008620806,0.031624787,-0.0044853017,-0.0052727237,-0.020852305,-0.011869941,0.012525413,0.0036115758,0.021705851,-0.011709105,1.0018054,1.0032492,0.9926526,0.990885,0.99487436,0.9955085,0.999727,0.99492514,0.99983025,1.0004015,0.9993497,0.9907,0.9984136,1.0020362,0.99455875,0.9987906,0.99561614,0.99965584,0.9963459,0.9953535
1.0,-0.024890319,-0.015244193,-0.007505319,0.019385163,0.014712997,-0.017078742,-0.002703961,0.010468027,0.010623295,-0.00071078166,-0.0033444501,-0.030234855,0.0034245774,0.003270097,0.017143272,0.011216894,-0.014512837,-0.0033354573,-0.021397114,0.010050387,0.99167955,0.99279594,0.99816203,1.0022068,0.9976643,0.9986068,0.99797815,0.9985339,0.9956902,0.9949576,0.9906851,0.996936,0.9945889,0.99266696,0.9968995,0.99583715,1.0024582,0.9955668,1.0002341,1.0007914
2.0,0.00040157884,0.0009559728,-0.00019470137,-0.00028899312,0.00014615664,0.0018931925,-0.00058767945,3.911555e-06,0.0004931949,-0.00031227246,0.0029322356,0.0005705245,0.00021891296,-0.0012834221,-0.0020468459,-0.0008207485,-0.000815168,0.0001890026,0.00043161958,-0.00078459154,0.9970935,0.9980657,0.99584746,0.9967322,0.99699044,0.9969802,0.9991967,0.99652237,0.99824566,0.99771106,0.9955715,0.99384046,0.996728,0.99789804,0.9957209,0.99775606,0.9990059,0.9979773,0.9986746,0.9979534
1.0,0.024202634,0.015483178,0.0062910016,-0.018077444,-0.013012322,0.019603662,0.002538573,-0.009843677,-0.00826443,0.0010713246,0.008026052,0.02900314,-0.005231105,-0.004040055,-0.019130789,-0.010116093,0.011104118,0.0026021637,0.019934036,-0.010855127,1.0015246,1.0032423,0.9927778,0.99173826,0.9953459,0.9958847,0.99884593,0.9951549,0.999027,1.0004406,0.99874216,0.99073017,0.9978952,1.0018178,0.9947627,0.9987892,0.9957716,0.9989953,0.99600405,0.9960144
4.0,-0.030506529,-0.018634155,-0.008951881,0.023560435,0.017864805,-0.021043278,-0.0033034645,0.01268471,0.012729969,-0.00080010854,-0.004830368,-0.036878515,0.0044945776,0.0038941354,0.021310568,0.013673864,-0.017382927,-0.0037190951,-0.026270445,0.012360837,0.99032503,0.99141353,0.99854237,1.0032035,0.99741054,0.9987997,0.9979691,0.9988648,0.99520177,0.99427295,0.98979264,0.9976958,0.9941809,0.9913593,0.9971461,0.9951517,1.0032334,0.9952062,1.0006639,1.0012671
3.0,-0.022130147,-0.013420731,-0.0066646235,0.017196227,0.013106991,-0.014876258,-0.0025771968,0.009349673,0.009472389,-0.00064732507,-0.002661243,-0.026823495,0.0032837614,0.0026338398,0.01497367,0.009819269,-0.01294348,-0.0028266683,-0.019020848,0.008821284,0.9922583,0.9933194,0.9979036,1.0016013,0.9975775,0.99833286,0.9982017,0.99821407,0.9959999,0.99523586,0.9914294,0.99659544,0.99484956,0.99327576,0.9967488,0.99600464,1.002077,0.99593407,1.0001273,1.0004389
2.0,-0.009302773,-0.0052522793,-0.0030052,0.0072473325,0.005724869,-0.0053470396,-0.001484476,0.0040679555,0.004348967,-0.00047954917,0.00057696924,-0.011242408,0.0015810877,0.00042511523,0.0052527934,0.00372912,-0.0060246997,-0.0011590086,-0.007884532,0.0033491931,0.9951026,0.996075,0.99681586,0.9988902,0.99741745,0.9975758,0.9987693,0.9972336,0.9973296,0.9966799,0.99386954,0.99501425,0.99593705,0.99603117,0.9961735,0.99710697,1.0003171,0.99712616,0.99934185,0.9990454
4.0,0.04272007,0.027672756,0.012006801,-0.032523084,-0.02364247,0.033757035,0.00454697,-0.018033711,-0.015640657,0.001656767,0.011939891,0.051801886,-0.008028567,-0.007817216,-0.032866973,-0.018633135,0.02104393,0.005929608,0.03509794,-0.018773098,1.0043079,1.0063558,0.9900427,0.9868479,0.9926114,0.99443257,0.9998729,0.99401563,1.0003297,1.0020334,1.0013607,0.9886614,0.9992906,1.0039455,0.9936213,0.9988011,0.9934535,1.0005041,0.9944959,0.99366945
4.0,0.020139359,0.013456594,0.0055044265,-0.01543773,-0.011061596,0.016773755,0.0015644208,-0.0083312,-0.0071247444,0.00044824556,0.007347513,0.02450351,-0.0031745285,-0.004463494,-0.016606022,-0.009426091,0.009510469,0.002906464,0.016825482,-0.009212955,1.0007261,1.0020142,0.99341184,0.99225926,0.9954127,0.9957668,0.99968755,0.9951811,0.9995144,0.99975026,0.99866956,0.9913938,0.9980701,1.0011545,0.99480695,0.9985557,0.9963948,0.99937356,0.9969407,0.9958969
4.0,0.02051004,0.013607115,0.0055409027,-0.0156255,-0.011201121,0.016994862,0.0016886964,-0.008444237,-0.0071885623,0.00051596574,0.0074030086,0.024875756,-0.0034418926,-0.0043620914,-0.016807806,-0.00943736,0.00962482,0.0028161407,0.017089859,-0.0093366,1.0007879,1.0021429,0.9933493,0.99224055,0.9954295,0.9957932,0.99955505,0.9951963,0.999428,0.9998027,0.99862325,0.9913234,0.99802804,1.0011917,0.99478245,0.99858963,0.99633527,0.9992937,0.99681634,0.99592376
4.0,0.038123466,0.025018994,0.010885354,-0.029354934,-0.021347007,0.030327857,0.0036920458,-0.016221056,-0.01416105,0.0011208542,0.011192992,0.046454817,-0.0064305216,-0.0075761154,-0.029777862,-0.017299075,0.018919427,0.0056628324,0.031613536,-0.016895782,1.0036978,1.0053685,0.9908748,0.98776245,0.9931975,0.9946385,1.000293,0.99421126,1.0006171,1.0015534,1.0010295,0.98932153,0.99929035,1.0035443,0.9939194,0.9988409,0.9940819,1.0006076,0.99533933,0.9939114
1.0,0.009845212,0.007179767,0.0027051484,-0.007753562,-0.0053462903,0.009264521,0.00014381483,-0.0040163007,-0.0033413544,-6.879121e-05,0.0051049665,0.0122270025,-0.0006936267,-0.003343217,-0.009261772,-0.005392924,0.004396323,0.001937326,0.008349627,-0.0048949067,0.9987658,0.9997333,0.9946927,0.9944408,0.9960861,0.9961474,0.9998523,0.9956504,0.9991172,0.9985545,0.99748236,0.9927051,0.997549,0.99946815,0.99519795,0.99802864,0.9977748,0.99898183,0.9980814,0.9967262
2.0,0.0081800595,0.0058699436,0.0020319987,-0.0062492155,-0.0042670327,0.007756725,0.00022848696,-0.00324432,-0.0025067292,-2.397038e-05,0.004705727,0.009989571,-0.001072906,-0.0025296733,-0.007808946,-0.004233435,0.003266126,0.0012338832,0.006921567,-0.004105082,0.9985687,0.99964744,0.99493384,0.9950156,0.99647367,0.9964975,0.99938965,0.9959628,0.99877036,0.9985164,0.9968578,0.9928615,0.9972653,0.99925387,0.99535793,0.99813133,0.99796814,0.99854594,0.9980101,0.997146
1.0,-0.025690176,-0.01608394,-0.007855617,0.020306554,0.015325217,-0.017334223,-0.0026575401,0.011003137,0.0112468265,-0.00016779453,-0.0037794411,-0.031475406,0.003149122,0.0038373843,0.017898731,0.012366086,-0.015272111,-0.0036607645,-0.022651762,0.010302237,0.99122643,0.9926653,0.9978853,1.0026697,0.99754244,0.99855655,0.9974257,0.9984621,0.99493337,0.9948248,0.9906884,0.99682844,0.99419034,0.9923847,0.9969734,0.9954378,1.0025606,0.99526036,1.0000007,1.0011233
2.0,-0.010898471,-0.006244518,-0.0034305947,0.008476773,0.0066513033,-0.0063690543,-0.0016877055,0.0047606984,0.00498059,-0.00041437708,0.00012676418,-0.013154302,0.0019304231,0.00060456246,0.0064162165,0.004499741,-0.0068483874,-0.0012586266,-0.0093514845,0.0039852075,0.9946714,0.9956685,0.9968839,0.99922955,0.997345,0.9975613,0.99872845,0.99724126,0.99710196,0.9964544,0.9937442,0.99518275,0.99578744,0.9956586,0.9962152,0.99685794,1.0005351,0.9970315,0.9994404,0.9991949
3.0,0.008557476,0.0059332326,0.0020067692,-0.0063381717,-0.004342076,0.007991448,0.00041795522,-0.0033001304,-0.0024804808,0.00015200675,0.004715454,0.010289714,-0.0015072599,-0.0022749305,-0.00795538,-0.004055869,0.0032981,0.0010315515,0.0070880055,-0.0042179003,0.9985992,0.99981976,0.99482733,0.995083,0.99651116,0.99653625,0.99910325,0.99596643,0.99853164,0.99856395,0.99678487,0.9927368,0.99714684,0.9992688,0.9953263,0.9981475,0.9979075,0.9983689,0.9977855,0.9972477
2.0,0.019097567,0.013109926,0.005395145,-0.014946848,-0.01072935,0.015818754,0.0012660921,-0.008113658,-0.00702719,-4.01102e-05,0.0073527656,0.023481242,-0.0024939626,-0.0047568157,-0.016032357,-0.00965526,0.009245001,0.0030766465,0.016337141,-0.008786708,1.0007364,1.0017433,0.99378175,0.99221605,0.99556154,0.99586344,1.0001774,0.99537253,1.0000663,0.999638,0.9985216,0.99172366,0.9982902,1.0011176,0.9948801,0.99874026,0.9965637,0.9995912,0.99741745,0.99577516
2.0,-0.003676936,-0.0017516837,-0.0014419453,0.0030038245,0.002578381,-0.0010723323,-0.0009210333,0.0018027984,0.002226539,-0.00022141449,0.0018706843,-0.004481945,0.0006646067,-0.00042393059,0.0010707378,0.0013184398,-0.0030916892,-0.00046459958,-0.0032240674,0.00095322006,0.9961844,0.99724865,0.996175,0.99774736,0.99716294,0.9971953,0.9988495,0.99675953,0.99765414,0.9972477,0.994906,0.9942574,0.9963008,0.9970732,0.99588436,0.99741685,0.99955803,0.99753344,0.9988421,0.9984875
2.0,0.04106688,0.026842192,0.011692934,-0.03151204,-0.022934357,0.03246748,0.0041494966,-0.017472593,-0.015233707,0.0012723636,0.011779204,0.04997129,-0.0072091743,-0.0079438165,-0.031851895,-0.018446505,0.020393785,0.0059744157,0.033985592,-0.018102001,1.0041308,1.0059483,0.9904166,0.98705447,0.99282366,0.9944957,1.0002546,0.99413043,1.0006801,1.0018343,1.001242,0.98898304,0.99940735,1.0038289,0.99372137,0.9988721,0.9936874,1.0006799,0.99497163,0.99363154
1.0,0.0025057122,0.001979228,0.00020533428,-0.0015638284,-0.00080955727,0.003550958,-0.0001818277,-0.0006636195,-6.4261258e-06,0.000129072,0.0032435209,0.002851162,-0.0006118193,-0.0011553317,-0.0034200326,-0.0011287853,5.122274e-06,0.00013316795,0.0018275604,-0.0016336988,0.99732614,0.99857783,0.99540585,0.99654615,0.9968663,0.9968462,0.99876237,0.99631006,0.9978519,0.9978996,0.9958544,0.99339885,0.99661374,0.99814606,0.99557686,0.9977248,0.99871284,0.9978486,0.99816823,0.9979439
3.0,-0.029896013,-0.018350452,-0.008829483,0.023192408,0.017561741,-0.020505548,-0.003211446,0.01250413,0.012584001,-0.0006264858,-0.0047334246,-0.036226425,0.004278019,0.003946349,0.020894967,0.013624854,-0.01715387,-0.0037308335,-0.025901295,0.012074401,0.99040556,0.9915837,0.99841017,1.0031782,0.99741113,0.99874836,0.9978254,0.9987898,0.99506915,0.99433595,0.9899586,0.99755603,0.99413246,0.9914825,0.99713117,0.9951411,1.003148,0.99518335,1.0005454,1.0012934
1.0,0.044166554,0.029991593,0.013491769,-0.034982484,-0.02570387,0.034934975,0.0035955496,-0.019552851,-0.017438594,0.00020191818,0.013071477,0.0546238,-0.005276963,-0.010579735,-0.035009913,-0.022081643,0.02299859,0.008158553,0.037136294,-0.019622732,1.0046624,1.0058038,0.9902666,0.9852296,0.99186945,0.99383175,1.0023494,0.993936,1.0026616,1.0016909,1.002292,0.98911595,1.0005959,1.0042127,0.9934318,0.9989471,0.99353004,1.0021799,0.99607843,0.9922549
4.0,-0.041148677,-0.025276028,-0.011862445,0.031662304,0.02393271,-0.028953753,-0.0040914044,0.016850809,0.016925722,-0.00096946396,-0.0076710023,-0.049664263,0.0058125257,0.0055898204,0.029474556,0.018689796,-0.023095809,-0.00487851,-0.035554044,0.016890818,0.9877858,0.9889719,0.99926054,1.0051782,0.9969889,0.9994659,0.99758625,0.99977326,0.9940996,0.9930321,0.9874663,0.9991104,0.9932884,0.9887668,0.9976792,0.9939853,1.0047203,0.99415517,1.0012232,1.0023392
1.0,0.010584496,0.005789362,0.0015591923,-0.0066248104,-0.004685785,0.008771844,0.0019163825,-0.0036091916,-0.0021648519,0.0012509003,0.004790291,0.011577316,-0.005151674,0.00016331673,-0.008329697,-0.002334796,0.0030074567,-0.0009581074,0.008138008,-0.004808738,0.9992379,1.0013623,0.99438673,0.99572676,0.99733424,0.99739957,0.99680823,0.9965281,0.9969753,0.999393,0.9957122,0.9920607,0.9962102,0.9997597,0.99558294,0.9986834,0.99745554,0.9968799,0.9962996,0.9983986
3.0,-0.006111644,-0.0032434314,-0.0020970907,0.004813973,0.0039267093,-0.0028817244,-0.0011985898,0.00278108,0.0031229183,-0.0003360398,0.0013109371,-0.0073846243,0.0011363775,-0.000115185976,0.0028537214,0.002321601,-0.0043333806,-0.000715483,-0.0052363724,0.0019766365,0.995703,0.9967143,0.99644536,0.9982262,0.99724865,0.9973283,0.9988565,0.9969347,0.99753106,0.996992,0.9945099,0.9945877,0.9961566,0.9966223,0.9960037,0.9972578,0.99988484,0.997394,0.99908054,0.99870425
3.0,-0.018619291,-0.011191025,-0.0056666574,0.014468027,0.011079992,-0.012267113,-0.0022906475,0.007912408,0.008062329,-0.00060465746,-0.0017606616,-0.02256127,0.0028282553,0.0020354688,0.012303457,0.008146122,-0.011047162,-0.0023836568,-0.015953332,0.007317703,0.9930621,0.9940886,0.9976264,1.000875,0.99758023,0.9981305,0.9983571,0.99794376,0.9963766,0.99564743,0.9921207,0.99615955,0.9951499,0.994068,0.9966009,0.99632996,1.0015899,0.99627006,0.9999263,1.0000656
3.0,0.010744311,0.0075299963,0.0027848333,-0.008211132,-0.0057149692,0.00973317,0.0004725419,-0.0043154787,-0.0034942701,7.696822e-05,0.0052710027,0.013115842,-0.0014131665,-0.0030177087,-0.009727806,-0.0053965524,0.004641328,0.0016615689,0.00901451,-0.0052003246,0.99900246,1.0001137,0.99460036,0.99442035,0.9962214,0.9962832,0.99949926,0.9957421,0.9989452,0.99872714,0.99733377,0.9925374,0.99745876,0.9996404,0.99519545,0.9982054,0.9976452,0.9987638,0.99779963,0.99684227
1.0,-0.016791016,-0.010323651,-0.0053534852,0.013378562,0.010220116,-0.01100621,-0.001905445,0.007316447,0.0076236874,-0.00034088455,-0.0013856702,-0.020615194,0.002034463,0.0022258535,0.011115216,0.007816792,-0.010352869,-0.0025527552,-0.014637753,0.006625979,0.9933797,0.9946234,0.9973623,1.000739,0.9976639,0.99811393,0.9979786,0.99785835,0.9961517,0.9958343,0.99223864,0.99579823,0.9950878,0.9943684,0.9964907,0.99648345,1.0013418,0.9961304,0.999536,1.0000715
2.0,-0.0050324723,-0.0026453882,-0.0018569175,0.0040695965,0.0033569,-0.0021582507,-0.0010019429,0.002360194,0.0027716719,-0.00026491284,0.0015593991,-0.0061533116,0.0007474348,-0.00010749698,0.0021209866,0.0019848943,-0.0038480647,-0.0007315241,-0.0043503493,0.0015448725,0.9959541,0.99702376,0.9963459,0.99806285,0.9972852,0.9973422,0.99874645,0.9969162,0.9975366,0.9971378,0.99458027,0.99442893,0.9961811,0.99684155,0.99597406,0.99738735,0.9997364,0.99736744,0.99892205,0.9986753
4.0,0.030928425,0.020257097,0.008608986,-0.023644794,-0.017121684,0.024822455,0.0029388256,-0.012967737,-0.011227921,0.00092785433,0.009635527,0.037552517,-0.005400382,-0.006075226,-0.024415731,-0.013937168,0.015048746,0.0043255426,0.025670476,-0.013776859,1.0025575,1.0041416,0.99191576,0.9897054,0.99425465,0.99517083,0.99983025,0.99462473,1.0000348,1.000871,1.0000005,0.99010104,0.9987088,1.0026432,0.99428225,0.99881935,0.99497986,0.9999672,0.99585056,0.9948171
2.0,-0.017142147,-0.010023564,-0.0050846757,0.013100611,0.010120784,-0.011010431,-0.0023731776,0.0072280746,0.007270638,-0.00072402135,-0.0013531968,-0.020561505,0.0031333193,0.0013344437,0.011008471,0.007041335,-0.010011304,-0.0018316433,-0.014528893,0.0066231955,0.9933687,0.9942385,0.99752307,1.0003788,0.9974073,0.9978878,0.9987837,0.99770606,0.9967838,0.9957655,0.9926563,0.9960583,0.99542296,0.9943871,0.99649394,0.9963749,1.0013824,0.99666506,1.0000246,0.99971104
1.0,-0.014477842,-0.008880742,-0.004661902,0.0116058905,0.008912889,-0.00895058,-0.0017823726,0.006440023,0.006740056,-4.4103712e-05,-0.0009361543,-0.017808307,0.0018345937,0.0017872229,0.009335466,0.0069225505,-0.009124462,-0.0021247007,-0.012865998,0.0055268332,0.99373823,0.9950442,0.9969857,1.000304,0.9974548,0.9978123,0.99800855,0.9974967,0.9961523,0.99605626,0.9929895,0.9954338,0.99518746,0.99482423,0.99639314,0.99643487,1.0010171,0.99637824,0.99933934,0.99986076
1.0,0.048687488,0.031428162,0.01380965,-0.037206378,-0.027077656,0.03825985,0.0053702258,-0.020744922,-0.01799089,0.0019955523,0.013139028,0.05908623,-0.009398729,-0.0086681545,-0.037134208,-0.021025382,0.02404068,0.0067444853,0.040009223,-0.021371052,1.0053339,1.0075442,0.98911154,0.9853156,0.9917788,0.9941668,0.999951,0.99379253,1.0005409,1.002863,1.0019808,0.98799056,0.9996342,1.0047468,0.99348146,0.99879456,0.9926539,1.0008415,0.99388653,0.9931503
3.0,0.013921723,0.009286702,0.0035418049,-0.010451861,-0.007383672,0.012036797,0.0010329671,-0.0055653006,-0.0045355298,0.00040189177,0.005896408,0.016772553,-0.0025217533,-0.0030573756,-0.0118782185,-0.006309226,0.006058283,0.0017132275,0.011536501,-0.0065205805,0.99960846,1.0009286,0.9941555,0.99389595,0.9961033,0.99624354,0.99917036,0.9956197,0.9988235,0.9991737,0.9976028,0.9920607,0.99748117,1.0001879,0.9951261,0.99836296,0.99718696,0.9987146,0.9972823,0.9967393
1.0,-0.013675556,-0.008505672,-0.0045724465,0.01112996,0.008527567,-0.008704223,-0.0015194751,0.006119228,0.0065337718,-0.00013431907,-0.0006663911,-0.016975176,0.0013142154,0.0019714013,0.008865662,0.0066630244,-0.0088353865,-0.0023585595,-0.012095273,0.005321838,0.994022,0.99537146,0.997021,1.0002201,0.9976676,0.9979765,0.9978507,0.9976421,0.99622416,0.99619526,0.9927393,0.9953361,0.99521863,0.99500126,0.9963577,0.9967254,1.0009096,0.99625236,0.9991879,0.99986374
2.0,-0.009252191,-0.0051557496,-0.0029426785,0.007161608,0.0056796707,-0.0052073896,-0.0015512444,0.004045197,0.0042871423,-0.00047515705,0.0005742982,-0.011124391,0.0017462149,0.00027026236,0.0051569566,0.0036183596,-0.005927887,-0.0010202713,-0.007853791,0.0033008142,0.9950617,0.99601215,0.99678075,0.99883425,0.9973246,0.9974856,0.9988676,0.99715126,0.99736124,0.99664026,0.9940018,0.9950128,0.9959692,0.99600846,0.99613804,0.99703664,1.000313,0.9972077,0.9993757,0.9989785
3.0,0.006747499,0.0047931746,0.0015141265,-0.0049877353,-0.0033416324,0.006698232,0.00018928945,-0.0025470909,-0.001799833,0.000116847456,0.004294079,0.008114349,-0.0011352971,-0.002017334,-0.0066368952,-0.0032599568,0.0023529865,0.0008336231,0.0055620447,-0.0034786842,0.9982508,0.9994343,0.9950212,0.99548614,0.996613,0.9966204,0.9990778,0.9960566,0.99839884,0.9983937,0.9965703,0.9929529,0.997026,0.9989852,0.99543875,0.9980215,0.99814713,0.9982786,0.99796087,0.9974345
1.0,-0.017217703,-0.010059565,-0.005128392,0.013153281,0.010146465,-0.011237446,-0.002327636,0.007215944,0.0072833598,-0.00083466806,-0.0013101846,-0.020654041,0.003046833,0.0014063343,0.011093557,0.007013805,-0.0100534335,-0.0019187145,-0.014485322,0.006696604,0.99346316,0.99429315,0.9976336,1.0003777,0.9975207,0.99799854,0.9987892,0.99781704,0.9968905,0.99579823,0.9924962,0.9961026,0.99545985,0.994423,0.99652106,0.9965182,1.0014017,0.99662125,1.000052,0.999738
2.0,0.008460395,0.005955603,0.0020487346,-0.006390579,-0.0043829265,0.00789959,0.00034743547,-0.0033367611,-0.002550777,3.963895e-05,0.0047529973,0.010255728,-0.0013495088,-0.002385527,-0.007940032,-0.004192833,0.0033231452,0.0011123009,0.007132612,-0.0042066127,0.9986558,0.99978995,0.9949046,0.99502313,0.9965342,0.99656165,0.9992459,0.9960038,0.99869484,0.9985968,0.99679214,0.9928056,0.9972197,0.99932647,0.99538016,0.998191,0.9979186,0.99845624,0.9979074,0.99720854
2.0,-0.0029105842,-0.00095983595,-0.0010022549,0.002103433,0.001954671,-0.00033899024,-0.0011065938,0.0013490636,0.0016481467,-0.0004164707,0.0021293536,-0.0032788627,0.0011883974,-0.0011204109,0.0002689138,0.00042261183,-0.0023787357,0.00010110065,-0.0023698881,0.0005395126,0.9963496,0.99721354,0.9961566,0.9973265,0.9969503,0.9969852,0.99936235,0.9965852,0.99810237,0.9972752,0.9953283,0.994277,0.99657565,0.9972459,0.9958262,0.997403,0.99946433,0.997928,0.9990622,0.9981612
3.0,-0.0061352104,-0.0032806024,-0.00212265,0.0048511922,0.003948295,-0.0029374696,-0.001173012,0.0027925875,0.0031476654,-0.00033765472,0.0013100393,-0.0074332915,0.0010736808,-5.77569e-05,0.0028928593,0.0023645908,-0.0043695904,-0.0007675998,-0.00525143,0.001997343,0.9957165,0.9967373,0.99645966,0.9982472,0.9972823,0.99736136,0.9988197,0.9969649,0.9975188,0.9970039,0.9944592,0.99458903,0.9961437,0.9966272,0.9960143,0.99728423,0.99988675,0.997361,0.9990665,0.99872965
4.0,0.0033927336,0.0028973483,0.00069039594,-0.0026113428,-0.0015694578,0.0041776225,-0.00031996518,-0.0012537334,-0.00069306046,-0.00023055822,0.003626436,0.0042307265,-0.00016130507,-0.0018571541,-0.0043030754,-0.0022201017,0.0008065924,0.0006699264,0.002941601,-0.0020709976,0.9976581,0.99864054,0.99550897,0.99604213,0.99677026,0.99675536,0.9993472,0.9962734,0.9985054,0.9979914,0.99613506,0.99347454,0.9969711,0.99841905,0.99556047,0.99789757,0.99861586,0.9982491,0.99846196,0.99760187
4.0,-0.01795791,-0.01071623,-0.0054507377,0.013926091,0.010692624,-0.011746746,-0.002276983,0.007633728,0.0077659935,-0.0006281771,-0.0015881322,-0.021716919,0.0028542653,0.0018185377,0.011763833,0.007740177,-0.010633644,-0.0022167824,-0.0153595805,0.007033865,0.9931925,0.9941877,0.9975738,1.0006965,0.997532,0.99804556,0.998466,0.99785477,0.99649537,0.9956893,0.99230224,0.99609196,0.9952399,0.99418926,0.9965379,0.99637014,1.0015031,0.9963829,0.9999176,0.9999434
3.0,-0.037787363,-0.02331642,-0.011033283,0.029246736,0.022073945,-0.026494287,-0.0037468895,0.01560111,0.015726231,-0.00079842657,-0.0067930445,-0.045754652,0.005152032,0.0053008124,0.026975796,0.017360933,-0.02143197,-0.0047024265,-0.032750394,0.015480028,0.9885771,0.9898329,0.99900377,1.0046806,0.99721104,0.999308,0.99749625,0.99952286,0.9942739,0.99342847,0.9881248,0.9985968,0.9934775,0.9895871,0.9975246,0.9943753,1.0042586,0.9943539,1.0009494,1.0021139
3.0,-0.018948995,-0.011041865,-0.00555133,0.01441212,0.011118082,-0.012433231,-0.0025637858,0.007905622,0.0078870915,-0.000907328,-0.0017512925,-0.022653047,0.003506802,0.001474388,0.012322947,0.0076529607,-0.010859821,-0.001959376,-0.015942208,0.0074148253,0.9930372,0.9938283,0.9977761,1.0006477,0.99742377,0.9980015,0.99888235,0.9978604,0.99680823,0.99554557,0.992288,0.9963466,0.99537575,0.99400336,0.99654424,0.9963078,1.0016403,0.99656284,1.0002172,0.9998255
1.0,-0.011115298,-0.005176246,-0.002710403,0.007486921,0.0061253924,-0.0061220713,-0.0026397333,0.004321458,0.0039726347,-0.0013981704,0.0004127212,-0.012358148,0.0043006763,-0.0015303344,0.005735062,0.0023747906,-0.005734019,0.00041060522,-0.008585371,0.0038303926,0.99476665,0.9949337,0.9972335,0.99824744,0.9967691,0.9970388,1.00061,0.9969089,0.998692,0.9962527,0.9946347,0.9957183,0.99663115,0.9957077,0.99607486,0.99677527,1.0005769,0.99823195,1.0005025,0.9982768
4.0,0.02179049,0.014553063,0.006019504,-0.016757458,-0.012039816,0.017994164,0.0017247088,-0.009075716,-0.0078095235,0.00044345297,0.0077422075,0.026546016,-0.0033886358,-0.004809998,-0.017847627,-0.010248788,0.010411609,0.0031937137,0.018244356,-0.009917562,1.001034,1.0023161,0.99322075,0.9918221,0.9952436,0.99566585,0.9998138,0.9950972,0.9997035,0.99991715,0.99890226,0.99122584,0.99822444,1.0014114,0.9947302,0.9986237,0.99618226,0.99953467,0.9968492,0.995679
1.0,-0.02143465,-0.013207026,-0.006628559,0.016908884,0.012844333,-0.014450509,-0.0023340397,0.009176876,0.009417426,-0.000457678,-0.0025430173,-0.026191738,0.0027504489,0.0029197782,0.014601789,0.009908326,-0.012797911,-0.003060352,-0.01862093,0.008589918,0.99236506,0.99359566,0.9977756,1.0016494,0.9976706,0.9983788,0.99787396,0.9982174,0.9957648,0.9953074,0.9913748,0.9964057,0.9947455,0.9933706,0.9967085,0.9960836,1.0019879,0.99575293,0.99987686,1.0005337
3.0,-0.0074787363,-0.004068807,-0.0024540601,0.005817447,0.004676117,-0.0038774237,-0.0013638586,0.0033247443,0.0036157146,-0.00039450265,0.0009909272,-0.009001713,0.0014221072,3.799796e-05,0.0038480535,0.0028769523,-0.0050199702,-0.0008326061,-0.006368704,0.002540489,0.9954301,0.9964069,0.9965927,0.99848545,0.99727947,0.997394,0.99887365,0.9970241,0.9974666,0.99684846,0.9943094,0.99477524,0.99607927,0.9963699,0.99607474,0.9971566,1.0000691,0.99732625,0.99922115,0.9988233
2.0,0.005101688,0.003960397,0.0011849813,-0.003919836,-0.0025333469,0.0055373535,-0.00015638396,-0.0019495916,-0.0013404302,-0.00010978244,0.003986828,0.0062953867,-0.00042198598,-0.0021346956,-0.005573675,-0.0029222332,0.0016916692,0.00091934577,0.0043193176,-0.002819958,0.9979433,0.99896693,0.99526477,0.99568117,0.9966166,0.99661386,0.99937105,0.99610674,0.9985612,0.99816525,0.99647593,0.9932369,0.9970679,0.99870676,0.99548423,0.99791825,0.9983838,0.99838287,0.99829817,0.9974301
2.0,0.0023424998,0.0017478764,4.152488e-05,-0.0012773313,-0.000620496,0.0033179075,-5.1703304e-05,-0.0005358439,0.00018521026,0.0002144631,0.0031722374,0.0025309138,-0.00093819946,-0.0008417964,-0.0031785518,-0.0007985532,-0.00021138787,-0.000122305,0.0016101152,-0.0015188034,0.9973227,0.9986672,0.99542546,0.99669456,0.9969826,0.99695927,0.99851745,0.99640155,0.997683,0.99790573,0.9956655,0.9933743,0.9965008,0.9981083,0.99559057,0.99779403,0.99873585,0.99764735,0.9980427,0.9980983
1.0,-0.014624447,-0.00870347,-0.0045104,0.01139693,0.008799896,-0.009024497,-0.0019968152,0.006335767,0.006511215,-0.00031177513,-0.0008652359,-0.017731559,0.002337359,0.0013623536,0.009267807,0.006465584,-0.008936435,-0.001800742,-0.01268819,0.005516814,0.9938278,0.99490577,0.9971366,1.0000992,0.99740636,0.9977773,0.99843526,0.99749696,0.9965656,0.99608505,0.9931204,0.9955925,0.99538976,0.9949109,0.9964474,0.9964726,1.0010304,0.9966479,0.9996237,0.9996896
1.0,0.057800002,0.037072368,0.01643288,-0.043888126,-0.031856783,0.04574718,0.006614607,-0.0244746,-0.021199044,0.0031154444,0.01448505,0.07006205,-0.011371531,-0.010141373,-0.04363472,-0.024187107,0.028586779,0.008227155,0.0466946,-0.02524407,1.0060377,1.0088668,0.9871147,0.98313,0.9897188,0.993156,0.99980843,0.99289834,1.0000718,1.0035281,1.0032884,0.9866165,0.999889,1.0051197,0.9927025,0.9979935,0.99152035,1.0011929,0.99244916,0.9922352
1.0,-0.014459126,-0.008804768,-0.004651758,0.011523908,0.008853938,-0.009185124,-0.0017564632,0.00634953,0.006658472,-0.00028499216,-0.0008141659,-0.017743912,0.0018243268,0.0017488003,0.009315677,0.0066798553,-0.009059235,-0.0021661185,-0.012622058,0.0055906456,0.9938819,0.9950904,0.9971423,1.0002241,0.99758697,0.9979316,0.9981286,0.99763614,0.99640024,0.9961002,0.99278575,0.99551386,0.9952943,0.99488294,0.9963987,0.99663234,1.0010176,0.99640036,0.9994227,0.9998021
2.0,0.036956735,0.024236534,0.010481849,-0.028375167,-0.020628067,0.029370964,0.003605567,-0.015676694,-0.013656884,0.0010708105,0.010947783,0.044982888,-0.0063404664,-0.007285014,-0.028883077,-0.016739685,0.018281925,0.0053918026,0.03065104,-0.016362783,1.0035255,1.0051961,0.9910666,0.9880935,0.993414,0.9947537,1.0001802,0.99432003,1.0005263,1.0014226,1.0008034,0.98945636,0.9991819,1.0033844,0.9939519,0.99888927,0.9942303,1.0004575,0.9954037,0.99407053
2.0,-0.0009971932,-8.0898404e-05,-0.00068518333,0.000939969,0.0010454566,0.00090934336,-0.0006382279,0.00068324246,0.001185149,-0.00014609843,0.00251,-0.0012493804,0.00019457191,-0.0008152276,-0.0009115264,0.00013828278,-0.0016991347,-0.0001546219,-0.00094005466,-0.00018794253,0.9967436,0.99782884,0.9958982,0.997178,0.9970654,0.9970666,0.9989036,0.99659115,0.99786025,0.9975659,0.9953289,0.9939235,0.9964899,0.99760187,0.99578947,0.99759865,0.9991892,0.99772847,0.99862695,0.9982255
3.0,-0.020551637,-0.012354389,-0.0061614728,0.015895193,0.012157477,-0.013626661,-0.0025185086,0.008682549,0.0087738335,-0.00064924546,-0.002255015,-0.02484354,0.0032347664,0.002229713,0.01371789,0.008962281,-0.012021512,-0.0025125667,-0.017608419,0.008111309,0.9926083,0.99361324,0.9977742,1.0012237,0.9975246,0.99818814,0.9983743,0.9980458,0.99623036,0.995415,0.9918407,0.99642026,0.99502003,0.99364126,0.99668205,0.9961078,1.0018522,0.99616754,1.0000939,1.0002193
3.0,0.017882928,0.012157209,0.0049328683,-0.013815928,-0.009861356,0.015093034,0.001200553,-0.0074249916,-0.00636122,0.00022570789,0.0069142804,0.021866687,-0.0024878457,-0.004342638,-0.015051439,-0.008715231,0.00846329,0.0027748123,0.015049271,-0.00826296,1.0003278,1.0014864,0.9937483,0.9926766,0.9955734,0.99584025,0.99985313,0.99529546,0.9995727,0.999463,0.9984249,0.99172217,0.9980266,1.0008026,0.99487734,0.99848855,0.9967065,0.9993614,0.9972802,0.99600905
3.0,-0.015767202,-0.009273261,-0.0047584893,0.012144631,0.009385723,-0.009954505,-0.0021793917,0.006723622,0.00682858,-0.00055032596,-0.0010647252,-0.01899309,0.0027374104,0.0013055652,0.010041699,0.0066550225,-0.009394303,-0.0017939173,-0.013475671,0.0060283914,0.9936358,0.99459475,0.9973395,1.0001988,0.9974134,0.99783134,0.9986427,0.99760175,0.99672395,0.9959368,0.9928933,0.9958227,0.99543333,0.9946757,0.9964605,0.99645203,1.0011903,0.9966773,0.9998318,0.9996712
1.0,0.010672897,0.008726772,0.0036527142,-0.0093874745,-0.00651703,0.010131434,-0.0005746372,-0.0048930645,-0.0045915768,-0.000977803,0.0057061054,0.014089696,0.0012484565,-0.0053336024,-0.010631174,-0.0077243894,0.0058199614,0.0035101734,0.009787321,-0.0054497486,0.99903214,0.9993106,0.99489,0.99335706,0.99555427,0.9956766,1.0015553,0.99540216,1.0006632,0.9984103,0.99831295,0.99303913,0.9984053,0.99968183,0.9950623,0.9980645,0.9977457,1.0001216,0.99904025,0.9957937
3.0,0.022482261,0.014504399,0.0058424636,-0.016751476,-0.012017449,0.01839652,0.0022026561,-0.0090695005,-0.0076120645,0.00091498904,0.0076676495,0.026960809,-0.004520081,-0.0040764287,-0.017990422,-0.009624273,0.010329943,0.0025932752,0.018452115,-0.010070583,1.0010328,1.0026911,0.99294436,0.9920699,0.9953416,0.99577993,0.99902225,0.9951196,0.9990027,1.0000417,0.99863994,0.9909338,0.99786514,1.001373,0.9946487,0.99860895,0.9960327,0.9990351,0.9962349,0.99597657
2.0,-0.008021094,-0.00439471,-0.0025992123,0.006223606,0.0049812812,-0.0042739324,-0.0014280081,0.0035452303,0.0038164034,-0.0004186798,0.00086224824,-0.009644855,0.001537323,9.483844e-05,0.004242316,0.0030951947,-0.005289953,-0.0008775182,-0.0068230256,0.0027700842,0.9953126,0.9962797,0.99664766,0.99858737,0.99728495,0.99741364,0.99888104,0.9970554,0.99743724,0.9967805,0.9942272,0.9948484,0.99604785,0.9962564,0.99609065,0.99711293,1.0001435,0.99729687,0.99927175,0.99886507
1.0,0.02455768,0.016277615,0.0067824307,-0.018973105,-0.013728498,0.019631464,0.0022007972,-0.010423044,-0.008974697,0.000284113,0.008532725,0.029892059,-0.004284419,-0.004991837,-0.019771934,-0.011529863,0.011792947,0.0032867007,0.020899937,-0.011063294,1.0018992,1.003141,0.9931085,0.9911147,0.99535114,0.99588174,0.99984086,0.9953325,1.000149,1.0004873,0.9988527,0.9910566,0.9984554,1.0020984,0.99480826,0.99910885,0.9957709,0.99961644,0.9967029,0.99552107
2.0,0.02161932,0.014301669,0.0058790827,-0.016485393,-0.011823652,0.017934294,0.0017883256,-0.0088984,-0.007608369,0.0006328244,0.00760255,0.026228007,-0.003586948,-0.004572876,-0.01763573,-0.009871144,0.010199305,0.0030200891,0.017943613,-0.00983311,1.00092,1.0023166,0.9931421,0.99199045,0.99524397,0.99566513,0.9995766,0.99505323,0.9994207,0.99990296,0.99886745,0.99115676,0.9980828,1.0013306,0.9947254,0.99852747,0.99618727,0.9993887,0.9966904,0.99580157
3.0,0.011210725,0.0076535605,0.0028774543,-0.008523136,-0.0059442143,0.0102737695,0.0005813576,-0.004446896,-0.0035850257,0.00039132498,0.005246289,0.013596814,-0.001728788,-0.0028421804,-0.009986922,-0.0051964074,0.0047253035,0.0015951358,0.009228967,-0.0054855905,0.9990556,1.0002825,0.99441713,0.99446005,0.99616516,0.9962676,0.99924517,0.99563587,0.998657,0.99889666,0.99750125,0.9923715,0.9973378,0.9997872,0.9953049,0.99808556,0.99755174,0.9986883,0.99760616,0.9969771
4.0,0.03431095,0.022516742,0.00969618,-0.02635416,-0.019125925,0.027430061,0.0032662898,-0.014503626,-0.01262603,0.0010059569,0.010376256,0.04175725,-0.005822815,-0.006823905,-0.02695825,-0.015557986,0.01689073,0.004991632,0.028475821,-0.015252639,1.0030975,1.0047047,0.9914344,0.98878115,0.99375296,0.9949048,1.0000846,0.99441105,1.0003378,1.0011855,1.0005232,0.9897369,0.9990008,1.0030804,0.9941138,0.9988283,0.99456036,1.0002983,0.9956341,0.9943735
4.0,0.020049758,0.013349805,0.0054355003,-0.015306722,-0.010964772,0.016677605,0.001598753,-0.008261589,-0.0070388354,0.00047886372,0.0073107295,0.02434681,-0.0032660589,-0.0043590367,-0.016500805,-0.0092998445,0.009417329,0.0028153062,0.016717888,-0.009152486,1.0007004,1.0020231,0.99341077,0.9923227,0.9954471,0.99579287,0.9996032,0.9952015,0.99944025,0.9997418,0.99860656,0.99138635,0.9980254,1.0011235,0.9948002,0.9985605,0.99640226,0.99930906,0.9968943,0.99594074
3.0,0.0353472,0.023422342,0.01017027,-0.027369078,-0.019912966,0.028145,0.0032324977,-0.015116764,-0.013246685,0.00074065663,0.010754298,0.043197118,-0.005577743,-0.007400058,-0.027881041,-0.016511146,0.01764277,0.005438257,0.029529095,-0.0157134,1.0033277,1.0047934,0.9914052,0.988301,0.9935797,0.99480164,1.0005225,0.99441165,1.000822,1.0012184,1.0006992,0.98975563,0.9992759,1.0032377,0.9940386,0.9989273,0.99446243,1.0006024,0.9958307,0.9940514
3.0,-0.01526425,-0.009220317,-0.0048087416,0.012029087,0.00924087,-0.009754393,-0.0019004866,0.006621466,0.0068746097,-0.0003759414,-0.0009832717,-0.01862834,0.0021049604,0.0017289594,0.009860799,0.0068862587,-0.009398855,-0.0021422692,-0.013220169,0.0058965925,0.9937508,0.9948838,0.9972576,1.0003126,0.99757785,0.99796206,0.9982435,0.9976895,0.9964642,0.9960314,0.9927083,0.9956607,0.9952995,0.9947625,0.99646205,0.99657696,1.0011259,0.9964279,0.9995727,0.99983215
1.0,-0.012093104,-0.007250637,-0.003918848,0.009600693,0.0074356953,-0.0073523857,-0.0016107708,0.0053378483,0.0056479387,-0.00025652722,-0.00022117049,-0.014811177,0.0016219094,0.001248233,0.007485032,0.00549192,-0.0077393577,-0.0017629042,-0.010537334,0.0045307027,0.9944181,0.99556893,0.9969371,0.9996805,0.9975128,0.99776894,0.9983088,0.9974326,0.99669516,0.99639803,0.9933233,0.99524194,0.99552166,0.9954318,0.9963367,0.9967968,1.0006868,0.99669075,0.99933374,0.9995242
3.0,0.021332555,0.013974406,0.005709912,-0.016134426,-0.011554083,0.0178055,0.0018373206,-0.008678434,-0.0073649064,0.00084015355,0.007431019,0.025772944,-0.0037700012,-0.0043021515,-0.017334696,-0.009419609,0.009917226,0.0028356053,0.017535321,-0.009717315,1.0008048,1.0023087,0.9930793,0.99219316,0.99526083,0.9956794,0.9993253,0.9950126,0.9991239,0.9998977,0.99884415,0.99109495,0.99793255,1.0012606,0.99475384,0.99843216,0.9962127,0.99923563,0.9965447,0.99596006
3.0,-0.0020884946,-0.0007689595,-0.00097169727,0.0017654262,0.0016619158,0.00024708733,-0.0007872209,0.0011585336,0.0016100034,-6.54161e-05,0.0021958612,-0.0025539584,0.00043220073,-0.00067332387,-0.00011835992,0.0006999299,-0.0022695325,-0.00022261217,-0.0019515976,0.00021834043,0.9964725,0.9975708,0.9959478,0.9974282,0.99703735,0.9970617,0.9988578,0.99658424,0.99769115,0.99744093,0.99529284,0.99402606,0.9963799,0.99739414,0.9958533,0.9974296,0.999336,0.99766713,0.9986989,0.9983589
4.0,-0.008676998,-0.0048995465,-0.002849129,0.006830886,0.0054193297,-0.004780244,-0.0014220253,0.003867317,0.004165508,-0.0003496781,0.0006684512,-0.01052228,0.0014693215,0.0003562644,0.004795924,0.0035679117,-0.0057276636,-0.001079753,-0.007474564,0.0030721475,0.9951455,0.9961813,0.9966726,0.99880576,0.9973321,0.99747485,0.99871475,0.9971146,0.9972435,0.99670446,0.9940544,0.994887,0.99592745,0.9960973,0.996112,0.9970566,1.0002334,0.99714947,0.99923074,0.9990001
2.0,-0.013079561,-0.007651262,-0.0040714396,0.010180825,0.007909059,-0.008048486,-0.0018533729,0.005658447,0.005858239,-0.00047069043,-0.00040063635,-0.015821759,0.002169989,0.0010251328,0.008082606,0.0055364594,-0.008041158,-0.0015963987,-0.011213332,0.0049330443,0.99422467,0.995232,0.9971023,0.99970627,0.99743474,0.99772835,0.99861264,0.9974429,0.996895,0.9962281,0.9932785,0.9954557,0.99560493,0.99521685,0.9963215,0.99672407,1.0008322,0.99680954,0.9995745,0.999446
4.0,-0.013730928,-0.007987589,-0.0042177932,0.010617098,0.008246565,-0.008567091,-0.0019541793,0.0058864793,0.0060494356,-0.00058601424,-0.00052109733,-0.016550329,0.0023845956,0.0010108203,0.0085289925,0.0056728646,-0.00831417,-0.0016007535,-0.011681519,0.0052196626,0.9941118,0.99506,0.99720913,0.99977505,0.99744034,0.9977581,0.99871165,0.99749875,0.9969637,0.9961455,0.99315935,0.995579,0.9956195,0.99508595,0.9963335,0.9967061,1.0009239,0.9968187,0.99968517,0.99944824
3.0,0.007698871,0.0059575737,0.0021519624,-0.0062430687,-0.0042434274,0.0074410103,-0.000113431364,-0.003241036,-0.0026638322,-0.00042138994,0.004761964,0.009727132,-0.00023129582,-0.003137067,-0.0077283457,-0.004779987,0.0033878274,0.0016963445,0.0068241954,-0.003957874,0.99854106,0.99934065,0.9951355,0.99479043,0.99636316,0.99638635,1.00001,0.99594015,0.99931836,0.99837655,0.9970119,0.9930944,0.9975433,0.9992052,0.99533474,0.9981457,0.998067,0.9989067,0.99843764,0.9968738
2.0,-0.01019343,-0.005887516,-0.0032891398,0.007998116,0.0062766983,-0.005933758,-0.0015413389,0.004486122,0.004765019,-0.00037551112,0.00030273944,-0.012375746,0.001626648,0.00066410005,0.005954534,0.0043061078,-0.0065647997,-0.0013232864,-0.008760601,0.003713166,0.99485356,0.9958928,0.99682796,0.99914485,0.99741256,0.9976034,0.9986242,0.99726045,0.9970971,0.99657565,0.9937442,0.9950757,0.99579453,0.9958245,0.99621654,0.99696547,1.0004332,0.9969981,0.9993317,0.9991924
2.0,-0.023088261,-0.013948649,-0.006876829,0.017855855,0.01361754,-0.015515946,-0.0027250834,0.009711726,0.00978031,-0.00069017336,-0.0029050708,-0.027908545,0.0035684109,0.002646707,0.01564446,0.0101527795,-0.013377026,-0.0028190017,-0.019810736,0.009196099,0.99203545,0.9930579,0.99798304,1.0017333,0.9975141,0.9983368,0.99827695,0.9982434,0.99597657,0.99511755,0.99133825,0.99674255,0.99481124,0.9930674,0.9967887,0.9958791,1.0022049,0.9959259,1.0002432,1.0004861
4.0,0.0009005591,0.00115031,-0.00012946781,-0.0005193539,-2.760673e-05,0.0023770444,-0.0004717745,-9.8770484e-05,0.00044158846,-7.845834e-05,0.002940409,0.0010704249,-3.8675964e-05,-0.0011857972,-0.0023462027,-0.00073981285,-0.00066512823,0.0001561679,0.0006355569,-0.0010020758,0.9970845,0.9981855,0.9956735,0.9967469,0.99691474,0.9969052,0.9989935,0.9964111,0.9980063,0.9977267,0.9957061,0.9936825,0.99663734,0.99791706,0.99566954,0.99767476,0.99894136,0.9978973,0.9984789,0.9979997
2.0,-0.018897988,-0.011387296,-0.0057649175,0.014733544,0.011281355,-0.012459081,-0.0023070984,0.008059355,0.008215215,-0.0005813334,-0.0018503517,-0.022926036,0.0028621927,0.0020909682,0.012521438,0.008313149,-0.011212971,-0.0024268664,-0.01625131,0.007457679,0.99294496,0.99400467,0.9976132,1.0009532,0.9975508,0.998112,0.99831915,0.99793315,0.9962901,0.995571,0.992071,0.9961745,0.99510723,0.9939511,0.9965676,0.99626935,1.0016332,0.9962288,0.999908,1.0000837
3.0,-0.030050166,-0.018458053,-0.008899572,0.023331817,0.01766619,-0.020741545,-0.0031828806,0.0125567205,0.012659427,-0.0007040184,-0.004738137,-0.036432054,0.004236117,0.004009329,0.0210336,0.013660088,-0.017250951,-0.0038149618,-0.025982115,0.012196835,0.9903979,0.9915697,0.9984683,1.0032084,0.997459,0.99880695,0.99781764,0.99885046,0.99509734,0.99431455,0.9898019,0.9975845,0.9941418,0.9914327,0.99711853,0.99519676,1.0031761,0.9951367,1.0005413,1.0012963
4.0,-0.015432805,-0.009027608,-0.004629527,0.011819078,0.009148343,-0.009721827,-0.0021843426,0.006549309,0.0066435,-0.00060881674,-0.000949651,-0.01855174,0.0027684048,0.0011845529,0.009762004,0.0064001232,-0.009182818,-0.0017102249,-0.013115287,0.005877493,0.99374145,0.9946519,0.9973391,1.0000906,0.99741995,0.99782276,0.99873036,0.9975959,0.9968425,0.9960019,0.9929578,0.99581075,0.99550134,0.9947835,0.99647033,0.9964986,1.0011393,0.9967623,0.9998678,0.9996018
2.0,0.049046952,0.031873815,0.014026393,-0.03755291,-0.027383927,0.038468994,0.0053026117,-0.020986332,-0.018254783,0.0017664395,0.01331991,0.059636835,-0.009125233,-0.009080164,-0.03752684,-0.02158621,0.024421263,0.0070472434,0.04037334,-0.021507017,1.0053415,1.0074786,0.9891299,0.98505414,0.99164975,0.9940642,1.0002723,0.9938321,1.0008838,1.0026964,1.0020391,0.988058,0.99979246,1.0046823,0.9933292,0.99884534,0.9926632,1.0010102,0.9940685,0.99290276
2.0,-0.003730759,-0.0015493855,-0.001306694,0.0028099306,0.002461684,-0.0011204593,-0.0010937974,0.0016974825,0.0020283945,-0.00048248656,0.001967121,-0.0043473653,0.001109682,-0.00081929564,0.00095220655,0.00086148083,-0.002890084,-0.00017630681,-0.0030327365,0.0009519367,0.9962401,0.9971226,0.99629104,0.99755174,0.9971064,0.9971397,0.9992343,0.99675107,0.9980236,0.99721885,0.99499863,0.9943823,0.9964918,0.9971028,0.9958699,0.997461,0.99957424,0.99776703,0.9990785,0.99829745
4.0,-0.02624277,-0.015875414,-0.007712704,0.02020495,0.015382942,-0.017840214,-0.003031738,0.010947505,0.01096271,-0.000795478,-0.0037002712,-0.031660262,0.0040989295,0.003054291,0.0180021,0.011517949,-0.015008558,-0.0031126179,-0.022483788,0.010522932,0.9913308,0.99232554,0.9982508,1.0023059,0.9974595,0.9985077,0.99825555,0.9984875,0.9957452,0.99476606,0.9907437,0.99717814,0.99459285,0.9923702,0.9969428,0.99557364,1.0026361,0.99569726,1.0004886,1.0007674
3.0,-0.0065313354,-0.003601402,-0.0022882307,0.0052525904,0.004244173,-0.0032219589,-0.0011663325,0.0030151997,0.0033876598,-0.00026912615,0.0011752136,-0.007981833,0.0010309294,0.00010435283,0.0032302365,0.0026805252,-0.0046437643,-0.0008947663,-0.0056862608,0.0021925124,0.99557006,0.996658,0.99644345,0.9983949,0.99728376,0.9973683,0.9986977,0.99697214,0.99735266,0.99692583,0.9943632,0.9945951,0.9960522,0.99648845,0.9959932,0.9972151,0.9999411,0.9972602,0.999012,0.9988029
1.0,-0.041908756,-0.024929285,-0.011549165,0.031193048,0.023844533,-0.029637001,-0.0046782047,0.016628232,0.01626803,-0.001953395,-0.0075467415,-0.04977112,0.007177964,0.004361108,0.02958022,0.017325446,-0.02264319,-0.004056584,-0.0349854,0.01710339,0.9880905,0.9885101,0.9998354,1.0045413,0.99689156,0.99952644,0.99887973,0.99989855,0.9954508,0.9932223,0.9874989,0.99968576,0.9938949,0.9889555,0.99785393,0.9941962,1.0047301,0.9948533,1.001993,1.0018476
1.0,-0.025835142,-0.01682251,-0.008422478,0.021055888,0.01568712,-0.018254925,-0.0019917227,0.011211922,0.011864342,-3.6424026e-05,-0.0037630722,-0.03226069,0.0016230419,0.00521145,0.018536747,0.013402678,-0.01602181,-0.004847277,-0.022975601,0.010669263,0.9914139,0.9932029,0.99799484,1.0031761,0.998186,0.99919015,0.9964374,0.99904037,0.9944366,0.9949784,0.98961157,0.99668145,0.9938473,0.99238014,0.9970746,0.9959334,1.0026078,0.9944636,0.9995242,1.0016823
1.0,-0.01224082,-0.00742577,-0.0040525766,0.009799402,0.0075535495,-0.007718198,-0.0014805421,0.0053871693,0.005762588,-0.0003328193,-0.00020367652,-0.015073303,0.0013256297,0.0015096813,0.0076952577,0.0056454465,-0.00790716,-0.0020221733,-0.010585271,0.0046716696,0.9945075,0.9956808,0.99705315,0.9997618,0.99769986,0.99795496,0.9981688,0.9976094,0.99670386,0.99644274,0.99301416,0.9952737,0.9954896,0.995444,0.9963723,0.9969783,1.000707,0.9965275,0.99928546,0.9996303
2.0,-0.016178742,-0.009605192,-0.004943167,0.012551909,0.009669704,-0.010376994,-0.0021293797,0.006914651,0.007065825,-0.0005553756,-0.0011587143,-0.019567084,0.002607815,0.0015327111,0.010418564,0.006950423,-0.009692337,-0.0019899867,-0.013851315,0.006254846,0.99356997,0.994571,0.9973959,1.0003417,0.9974991,0.9979279,0.9985134,0.9976996,0.99663115,0.9958975,0.99267745,0.99585664,0.9953661,0.99457884,0.9964731,0.9964888,1.0012537,0.99654317,0.99979556,0.99976957
2.0,-0.017164283,-0.010222793,-0.005216521,0.0133013,0.010226678,-0.0111109875,-0.0022189096,0.0073112138,0.0074465387,-0.0005796347,-0.0014026314,-0.020753842,0.0027511716,0.0016887859,0.011160389,0.0073992684,-0.010214891,-0.0021076165,-0.014691643,0.0066712853,0.9933604,0.99435854,0.9974869,1.0005399,0.99751174,0.9979895,0.9984851,0.99777967,0.9965477,0.995793,0.9924912,0.99598503,0.9952906,0.9943753,0.9965239,0.99640894,1.0013881,0.99646086,0.9998673,0.9998723
4.0,0.029418949,0.019298155,0.008179892,-0.022501986,-0.016271677,0.02375301,0.0027254447,-0.012302985,-0.010648314,0.0008987095,0.0092981085,0.03572877,-0.005048901,-0.005863607,-0.023334611,-0.013284016,0.014272783,0.004149724,0.024403922,-0.013151526,1.0022782,1.003826,0.99210185,0.9900778,0.9943937,0.9952222,0.9998069,0.99465406,0.9999274,1.0007085,0.99987423,0.9902592,0.99861324,1.0024362,0.9943569,0.9987435,0.9951769,0.99989927,0.99599236,0.9949673
3.0,-0.017488621,-0.010320455,-0.005204617,0.013419224,0.010342808,-0.011161298,-0.002381958,0.0074140085,0.0074662752,-0.00057776086,-0.0015041307,-0.0210335,0.0030866563,0.0014997125,0.011305116,0.007401757,-0.01027159,-0.0019218288,-0.014953941,0.006727865,0.9932444,0.9941845,0.997474,1.0005225,0.99738556,0.99789053,0.9986417,0.99769807,0.9965858,0.9957434,0.992655,0.9960512,0.9953108,0.99431646,0.9965451,0.99626285,1.0014222,0.9965828,0.9999827,0.99982476
1.0,0.017511554,0.011668701,0.0046719937,-0.013321586,-0.009488389,0.014873594,0.0013331994,-0.00712806,-0.006013822,0.0005269665,0.00668294,0.021232475,-0.002909705,-0.0038540438,-0.014607765,-0.008014999,0.008040763,0.0024108104,0.014527358,-0.008105359,1.0002089,1.001547,0.9936755,0.99298114,0.99565643,0.9959278,0.99941975,0.99529856,0.99912673,0.99950343,0.9982935,0.9916372,0.9977791,1.0007342,0.994947,0.99839884,0.99672025,0.99907684,0.9970359,0.99628234
4.0,-0.015972696,-0.009523161,-0.0049400823,0.012487719,0.009612521,-0.010258481,-0.0020523183,0.0068716584,0.007057924,-0.0005036518,-0.0011283904,-0.019374352,0.002455458,0.0016020387,0.010307588,0.006963782,-0.009632144,-0.0020451508,-0.013742432,0.006199077,0.9935939,0.99464726,0.9973628,1.0003483,0.99751306,0.99792767,0.99842453,0.99768734,0.99656546,0.9958891,0.99266493,0.9957998,0.99534196,0.99457943,0.99642897,0.9965202,1.0012358,0.9964813,0.9997108,0.9997897
1.0,0.017316468,0.01152467,0.004607226,-0.013159476,-0.009364812,0.014731964,0.0013059787,-0.0070317686,-0.005919423,0.0005253181,0.00663824,0.0209773,-0.002860628,-0.0038154274,-0.0144622475,-0.00791974,0.00792047,0.0023752786,0.0143503025,-0.008010521,1.0001516,1.0014914,0.99367976,0.9930397,0.99566954,0.9959258,0.9994063,0.9952995,0.99908775,0.99948174,0.9982675,0.99165094,0.99776155,1.0006922,0.9949468,0.99836975,0.9967423,0.99907374,0.9970452,0.9962915
4.0,0.0066218525,0.0050139725,0.0016780049,-0.005191643,-0.0034809024,0.0066142194,-3.5874546e-05,-0.002665745,-0.0020293258,-0.00019086711,0.0044033937,0.008215815,-0.00056704134,-0.0024937615,-0.006745562,-0.0037846155,0.0025699474,0.0011996217,0.005726345,-0.003479638,0.99832094,0.9992796,0.995175,0.9952573,0.9965483,0.9965588,0.9995528,0.9960548,0.99885887,0.9983515,0.9967048,0.99311256,0.99725974,0.99903274,0.9954459,0.99807847,0.9981866,0.9985662,0.99827886,0.99722314
3.0,-0.020042725,-0.012095138,-0.00606154,0.015577044,0.011906711,-0.013246238,-0.0024267174,0.00851243,0.008637298,-0.000565283,-0.002154611,-0.024284635,0.003044553,0.0022583902,0.013375029,0.008861169,-0.011811525,-0.0025288574,-0.017245144,0.007901068,0.99270165,0.99375904,0.9977019,1.0011774,0.99753743,0.9981711,0.99828553,0.9980075,0.99617666,0.9954674,0.9919153,0.9963208,0.99500865,0.9937363,0.99665767,0.9961435,1.0017847,0.9961435,0.99999845,1.0002222
1.0,0.0026104972,0.002323445,0.00045741536,-0.0019442812,-0.0010555102,0.0038320944,-0.0004448779,-0.00082941167,-0.0002989471,-4.167296e-05,0.0033310018,0.0032304302,3.78564e-05,-0.0017277077,-0.0037266165,-0.0016785786,0.00033401325,0.00061735883,0.0020635873,-0.001773644,0.9973235,0.99838537,0.9954171,0.99629474,0.99666315,0.9966518,0.99923205,0.9961587,0.9981917,0.997853,0.99620146,0.9934779,0.9968262,0.9981884,0.99555546,0.9976224,0.99871415,0.9982048,0.9984329,0.99769056
2.0,-0.01921948,-0.011474282,-0.005769727,0.01484615,0.011386036,-0.012632012,-0.0024274252,0.008130739,0.008220635,-0.0006570872,-0.0019083545,-0.023201589,0.0031166524,0.0019474179,0.012685865,0.008272462,-0.0112678595,-0.0023016632,-0.016429119,0.0075438516,0.99290943,0.99388534,0.9976774,1.0009227,0.9975045,0.99809116,0.99847853,0.9979267,0.996408,0.99555093,0.99212307,0.9962645,0.9951562,0.9939274,0.9966047,0.9962312,1.0016716,0.9963177,1.0000336,1.0000508
2.0,-7.12052e-05,0.0007607639,-0.0002504578,1.0505319e-06,0.00038541062,0.0017308295,-0.00075862184,0.00020191073,0.00061691925,-0.00029740483,0.0027883425,8.901209e-05,0.0005905852,-0.0014446452,-0.0017916039,-0.0007333979,-0.00095438585,0.00035795197,-1.6413629e-05,-0.000637193,0.9969076,0.9978429,0.9958373,0.9967685,0.9968554,0.996855,0.99933386,0.9964156,0.9982379,0.9975818,0.9957244,0.99389595,0.99673694,0.99775785,0.9956907,0.9975934,0.99908113,0.9980712,0.9987726,0.99791086
4.0,0.011251539,0.0076935925,0.0028377222,-0.008487519,-0.005927268,0.010069504,0.00064959005,-0.0044733454,-0.0035811216,0.00022181869,0.0053353123,0.013612688,-0.001827769,-0.0028165132,-0.009990096,-0.0053321943,0.0047573857,0.0015002266,0.009366035,-0.005399528,0.9991092,1.0003226,0.99450487,0.9944275,0.9962675,0.9963429,0.9992678,0.99575806,0.9987799,0.9988554,0.9972866,0.99242187,0.99737674,0.99974775,0.9952251,0.99823934,0.99755305,0.9986421,0.9976162,0.9969263
1.0,-0.009176105,-0.005564101,-0.003211583,0.00755631,0.0059066117,-0.005172666,-0.0012239218,0.004251212,0.004679203,-1.4681369e-05,0.00041096658,-0.011426944,0.0009140894,0.001024209,0.005397618,0.0044733062,-0.006334819,-0.001583863,-0.008234434,0.003332883,0.9949415,0.9962402,0.9965621,0.9992059,0.9974422,0.9975996,0.99814725,0.9971927,0.99667776,0.99667716,0.9937801,0.99478436,0.99561304,0.9959321,0.996156,0.9969631,1.0002894,0.9967655,0.99894375,0.99932325
2.0,-0.0028741509,-0.0013312474,-0.0012831464,0.0024758428,0.0021749716,-0.00056663156,-0.0007552989,0.0015009195,0.0019887798,-0.00017656945,0.0020580404,-0.00359096,0.0003362745,-0.00038587302,0.000541389,0.001085341,-0.0027526729,-0.0005160235,-0.0025675446,0.0006556113,0.99635804,0.99748,0.99609375,0.9976383,0.9972001,0.9972158,0.9987424,0.9967613,0.9976378,0.99735147,0.9949091,0.9941365,0.99630755,0.99721545,0.99584806,0.9975157,0.99944395,0.99749386,0.998704,0.99846375
2.0,0.008097038,0.005876478,0.0020568212,-0.0062322766,-0.004244018,0.0077907406,0.00014857203,-0.0032154974,-0.002511803,-2.3158267e-05,0.004675761,0.0099401735,-0.00088483095,-0.002653569,-0.007803485,-0.0042788535,0.0032824837,0.0013526939,0.006831199,-0.0040967017,0.9985059,0.9995591,0.9949153,0.9949947,0.99639446,0.996421,0.999481,0.99589425,0.9987936,0.9984647,0.99696726,0.99287164,0.9972922,0.99921423,0.99533635,0.99805856,0.99798864,0.99861896,0.9980593,0.99709743
2.0,0.014549337,0.009837791,0.0038372865,-0.011068322,-0.007824903,0.012628853,0.0009555407,-0.0058822054,-0.004893925,0.0003422536,0.006062221,0.0176621,-0.0022562295,-0.003471762,-0.012468118,-0.0068481937,0.0065364316,0.0020670928,0.012097828,-0.0068278406,0.9996704,1.0009167,0.9940715,0.9936318,0.9959128,0.99607617,0.9994373,0.99548054,0.99902296,0.9991607,0.9978816,0.99201953,0.9976307,1.0002556,0.9950517,0.99830675,0.99712366,0.99893886,0.9973604,0.99652785
2.0,0.003376104,0.0025761947,0.00048229005,-0.002300851,-0.0013625785,0.0041424036,-9.476021e-05,-0.0010846406,-0.00040998682,8.025952e-05,0.0034887567,0.003951948,-0.00074947625,-0.0013208315,-0.004077539,-0.0016050525,0.00050081685,0.00026055053,0.0026617274,-0.002019584,0.9975873,0.9987954,0.995383,0.9963097,0.996869,0.9968537,0.9988456,0.9963086,0.99803567,0.99804115,0.99596184,0.9933333,0.99672,0.9983733,0.9955871,0.9978556,0.9985957,0.99793327,0.9981568,0.9978562
2.0,-0.0032681674,-0.0014343858,-0.0012943251,0.0026248582,0.0022991304,-0.0008249618,-0.0009070337,0.001585722,0.0020053163,-0.0003130138,0.0020179227,-0.0039391182,0.0006773323,-0.0005687997,0.0007354766,0.0009930432,-0.0028214715,-0.00036699325,-0.0027782097,0.00078451657,0.99632126,0.99732935,0.9961919,0.997602,0.99717164,0.99719447,0.9989601,0.99676764,0.997818,0.997306,0.99495083,0.9942507,0.9963916,0.99718314,0.99587476,0.99750245,0.99950427,0.99761605,0.99887997,0.9984017
3.0,-0.012935005,-0.0075670406,-0.004030806,0.010066006,0.007823104,-0.007939354,-0.0018399209,0.00559867,0.0058016703,-0.00046494044,-0.00036457926,-0.015649986,0.0021437407,0.001009047,0.007975563,0.005476676,-0.007970337,-0.0015847832,-0.011087798,0.0048692394,0.9942561,0.99526465,0.9970859,0.9996792,0.9974352,0.9977238,0.99861205,0.99743617,0.9969033,0.996252,0.9933016,0.9954368,0.99561256,0.9952522,0.9963226,0.99673206,1.0008093,0.9968219,0.99956435,0.9994337
2.0,0.026773334,0.017877638,0.007576978,-0.020730965,-0.014999192,0.02165187,0.0022377186,-0.011344759,-0.009880185,0.0004275348,0.008928653,0.032715596,-0.004092939,-0.0058387667,-0.021577843,-0.012717757,0.013131637,0.0040576607,0.022515662,-0.012049925,1.0019755,1.0032477,0.99265105,0.9904833,0.99472064,0.9953864,1.000184,0.9948869,1.000287,1.0004165,0.999564,0.9907353,0.9986854,1.0021708,0.9945027,0.99884856,0.99555296,0.9999901,0.99657446,0.99504274
3.0,0.009907328,0.0066045336,0.002282736,-0.007226672,-0.005012416,0.008993957,0.00070481,-0.0037924126,-0.0028593093,0.00039416924,0.00493937,0.011786483,-0.0021202192,-0.002152443,-0.008816987,-0.0042722486,0.0038260482,0.0009649582,0.008082174,-0.0047901217,0.99885875,1.0002174,0.9946083,0.9949336,0.99649215,0.99654484,0.99883056,0.9959117,0.9983577,0.99878407,0.99690187,0.9924912,0.9970921,0.99952203,0.9953271,0.99820703,0.99771035,0.99827415,0.9974934,0.99728984
4.0,-0.017262556,-0.010202743,-0.005201199,0.013310509,0.010251205,-0.011191856,-0.0022795945,0.0073170597,0.0074191876,-0.0006701648,-0.0013960265,-0.020806503,0.0029087365,0.0015658662,0.011183865,0.0072804615,-0.010185052,-0.002021525,-0.014698245,0.00671597,0.99335396,0.9942935,0.9975319,1.000491,0.99748737,0.9979685,0.99861,0.9977738,0.996658,0.99576324,0.9925032,0.9960351,0.99534804,0.9943516,0.99650437,0.9964168,1.001405,0.9965262,0.99993885,0.99981177
3.0,-0.014268242,-0.008413635,-0.0044226637,0.0111102555,0.008595269,-0.008981705,-0.0019390509,0.0061435066,0.0063362345,-0.00051581487,-0.0006825961,-0.017274465,0.002297096,0.001253292,0.008992575,0.006088957,-0.008688625,-0.0017827414,-0.012219049,0.005457176,0.9939853,0.9949948,0.997228,0.9999603,0.9974862,0.9978256,0.9985551,0.997562,0.99679416,0.9961021,0.9930073,0.995609,0.99551135,0.9949713,0.9963749,0.9966615,1.0009959,0.99668646,0.99964887,0.99957854
4.0,-0.011979401,-0.007044077,-0.003788584,0.00937333,0.0072957748,-0.0071861297,-0.001720015,0.0052370075,0.005478844,-0.0003456045,-0.00016593933,-0.014550086,0.001895085,0.0009699017,0.0072968453,0.005195752,-0.007539898,-0.0015405528,-0.010345481,0.004444151,0.9944383,0.9954993,0.9969472,0.9995442,0.9974245,0.99768156,0.9985296,0.9973623,0.996867,0.9963886,0.99347824,0.9952786,0.9956228,0.99546283,0.9963173,0.9967648,1.0006696,0.9968518,0.9994431,0.99939823
2.0,-0.010411032,-0.005998589,-0.0033459282,0.00817146,0.0064146705,-0.006087672,-0.0015781149,0.0045834323,0.004848644,-0.0003982708,0.00024950132,-0.012626018,0.001716055,0.000644587,0.0060998425,0.004359342,-0.0066515803,-0.0013116226,-0.008951299,0.0038192857,0.9947788,0.99581444,0.9968425,0.999173,0.99738604,0.9975812,0.9986545,0.99724996,0.9970925,0.9965109,0.9937229,0.9951058,0.9957924,0.995741,0.99618393,0.9969341,1.0004685,0.9969981,0.99935114,0.9991794
1.0,-0.014043659,-0.008146323,-0.004265246,0.010807769,0.008398049,-0.008716684,-0.0020362847,0.0060047293,0.0061332546,-0.000580471,-0.0006099567,-0.016886618,0.0025441796,0.00097032636,0.0087258145,0.0057684407,-0.008439023,-0.0015499108,-0.011952527,0.005317541,0.9940238,0.9949513,0.9972165,0.9998112,0.99739236,0.9977274,0.99876213,0.99747676,0.99695367,0.9961059,0.9931981,0.99562466,0.9956102,0.9950259,0.9963527,0.99662864,1.0009634,0.9968513,0.99974203,0.9994523
1.0,0.04382544,0.030487727,0.013848892,-0.035388883,-0.026223041,0.034246407,0.0031797513,-0.019984229,-0.018021967,-0.0008410588,0.013611782,0.0547094,-0.004168175,-0.011531144,-0.03519893,-0.02342816,0.023397002,0.008815084,0.037592858,-0.019563714,1.005063,1.0056695,0.990815,0.984623,0.99203736,0.9939871,1.0034877,0.994381,1.0041028,1.001587,1.0021949,0.9896444,1.0012048,1.0044452,0.9935512,0.9995205,0.99369013,1.0027514,0.9970776,0.99182945
1.0,0.065393515,0.0426096,0.019267656,-0.050287504,-0.036740072,0.051558975,0.0071776547,-0.028344205,-0.02469008,0.0028734794,0.016290732,0.079814315,-0.011672184,-0.01257427,-0.04957365,-0.028562587,0.033009622,0.010381151,0.0530157,-0.028608924,1.0070436,1.0097715,0.9859596,0.9804921,0.9880357,0.9924055,1.0010978,0.9926881,1.0013213,1.0040019,1.0043222,0.98606384,1.0008453,1.0056999,0.9921696,0.99781096,0.9907444,1.0023175,0.992478,0.99085844
3.0,0.009758338,0.0068493895,0.0024892027,-0.007436089,-0.0051370873,0.009043582,0.00038061664,-0.003874462,-0.0030863546,0.000119159,0.0050125755,0.011890426,-0.0013072863,-0.0027953982,-0.008979008,-0.0048546195,0.0040780753,0.001482185,0.008146577,-0.0047947634,0.9987922,0.9999263,0.99467784,0.9946868,0.9962845,0.99633765,0.99940157,0.9957791,0.99878216,0.9986496,0.99719316,0.99262816,0.9973446,0.99947983,0.99526596,0.9981107,0.9977614,0.9986635,0.9978367,0.9969826
2.0,-0.015450254,-0.009267934,-0.0048321513,0.012128379,0.009327828,-0.00991828,-0.0019526668,0.0066703605,0.0068996176,-0.00046238676,-0.0009995252,-0.018802132,0.0022408217,0.0016503707,0.009963021,0.006831974,-0.00942985,-0.0020914488,-0.013314456,0.005987799,0.99372673,0.9948116,0.99731255,1.0002942,0.997567,0.99795556,0.9983418,0.99769866,0.99655175,0.9959873,0.9926844,0.9957164,0.99534243,0.9947149,0.99644107,0.99658924,1.0011586,0.99646556,0.99963623,0.9997922
4.0,0.0044026077,0.0035099722,0.0009776717,-0.003374558,-0.0021318714,0.0050123297,-0.00021823496,-0.0016535744,-0.0010633543,-0.00011801347,0.0038201883,0.0054427683,-0.00033788383,-0.0019974038,-0.0050461367,-0.0025858432,0.0013157167,0.0008097999,0.003726229,-0.0025258788,0.9978167,0.99883926,0.99534696,0.9958456,0.9966703,0.9966658,0.9993304,0.99616003,0.99849755,0.998099,0.9963584,0.9933195,0.99700856,0.9985908,0.99552417,0.997889,0.9984772,0.9983144,0.9983457,0.9975214
4.0,-0.033457085,-0.020452447,-0.009744371,0.025781382,0.019532422,-0.023220345,-0.0035505593,0.013837032,0.013863165,-0.00086411275,-0.0056043677,-0.04040123,0.004914701,0.004320331,0.02354873,0.015017115,-0.018936642,-0.004012566,-0.028812647,0.0136056375,0.98963994,0.9907334,0.99876225,1.0037397,0.99731123,0.99897194,0.9979023,0.9991031,0.9949342,0.993936,0.9891904,0.9980958,0.99395144,0.9906669,0.99729437,0.9948398,1.0036411,0.9949463,1.000849,1.0015517
3.0,0.008600794,0.006143771,0.0021544266,-0.0065793134,-0.0045182384,0.008014839,0.00028564036,-0.003441967,-0.002682563,-5.430542e-05,0.00482573,0.010501295,-0.001166299,-0.0025884435,-0.008113913,-0.0044513904,0.003487859,0.001270365,0.007313274,-0.0042732563,0.9986872,0.9997541,0.9949205,0.9949115,0.9964814,0.99650747,0.9994138,0.99597216,0.9988481,0.9985747,0.99687785,0.99282897,0.9973123,0.9993473,0.99534994,0.9982028,0.997915,0.9985723,0.9979935,0.9971021
3.0,-0.011602171,-0.00669346,-0.0036372365,0.009022063,0.0070556058,-0.006928269,-0.0017404854,0.005046459,0.005257912,-0.000452118,-3.451109e-05,-0.0140117,0.0020105839,0.000732854,0.0069513544,0.0048135296,-0.0072271824,-0.0013703518,-0.00993409,0.0042986674,0.994532,0.99552715,0.99696416,0.99937665,0.9973802,0.9976201,0.9987022,0.9973134,0.99705243,0.9963804,0.99357677,0.9952766,0.99573576,0.99551445,0.9962451,0.99682534,1.0006298,0.9969618,0.9994882,0.9992671
4.0,0.03222181,0.021151911,0.00905231,-0.024712142,-0.017907977,0.025865737,0.003022924,-0.01356118,-0.011784881,0.0009511169,0.009919919,0.039188005,-0.005459368,-0.006437972,-0.025421571,-0.014609635,0.015784543,0.004649643,0.026738219,-0.014352925,1.0027392,1.004316,0.9917193,0.9893297,0.9940201,0.9950267,0.99998426,0.9945045,1.0001736,1.0009682,1.0002601,0.9899604,0.9988432,1.0027986,0.99420565,0.9987875,0.99482507,1.0001411,0.99579513,0.9946115
1.0,-0.01753591,-0.010599732,-0.0053933607,0.013675392,0.010470824,-0.011424001,-0.0021514148,0.0074984264,0.007685084,-0.0004749745,-0.0015247501,-0.021312725,0.0025280267,0.0020040274,0.011532992,0.00782802,-0.010556836,-0.0023498721,-0.015091039,0.00682922,0.993293,0.9943759,0.9974885,1.0007244,0.99759805,0.9981002,0.99825937,0.9978747,0.996351,0.9958173,0.9923137,0.9959842,0.9951607,0.99433213,0.99660957,0.9963904,1.0014265,0.9962971,0.99979687,1.0000381
3.0,0.013459094,0.009084642,0.00346353,-0.010158949,-0.007160979,0.01173044,0.0009117164,-0.0053958725,-0.0044203736,0.00032398663,0.0058136843,0.016281571,-0.002254814,-0.0031516775,-0.011605024,-0.006262675,0.00590745,0.0017854236,0.01118426,-0.006336257,0.9995015,1.0007707,0.99422467,0.9939317,0.9960777,0.99620926,0.9992962,0.9956092,0.99889594,0.9990709,0.9976095,0.99214387,0.99750924,1.0000865,0.99510986,0.9983225,0.99726033,0.9987663,0.9973945,0.99670744
3.0,0.017014869,0.011582904,0.004682824,-0.0131640695,-0.009380393,0.014461262,0.0011053458,-0.007058911,-0.0060267225,0.00022512116,0.0067136325,0.020808216,-0.0023610815,-0.004163757,-0.014402911,-0.008290987,0.007986113,0.0026346445,0.014327012,-0.007913358,1.0001945,1.0013373,0.99385566,0.9928969,0.9956692,0.99590945,0.999802,0.9953479,0.9994922,0.99941736,0.99831474,0.9918182,0.9979564,1.0007097,0.99496144,0.9984546,0.9968142,0.9992986,0.9973517,0.9961328
2.0,0.016642757,0.010958433,0.0042811194,-0.012481924,-0.008884449,0.01402529,0.001399342,-0.0066997074,-0.005538553,0.0005259197,0.0064890645,0.020024553,-0.0031492114,-0.0033840686,-0.013828855,-0.007403996,0.0074283183,0.0019878186,0.013783656,-0.0076538036,1.0001097,1.0015124,0.99381036,0.9933061,0.9959084,0.99612564,0.99914676,0.99548733,0.9989366,0.9994733,0.99792075,0.99171966,0.9976237,1.0006107,0.9949989,0.9984909,0.9968186,0.99882877,0.99698174,0.99649894
2.0,-0.018002704,-0.010951586,-0.0055985497,0.014159087,0.010818826,-0.011858214,-0.0021116324,0.007735014,0.007963844,-0.00046068244,-0.0016523711,-0.02195238,0.0024383068,0.0022070631,0.011943631,0.008150451,-0.010868143,-0.0025201403,-0.015560143,0.0070905415,0.99317,0.9943123,0.9975264,1.0008769,0.9976366,0.9981532,0.99813527,0.9979303,0.99622524,0.99571735,0.99212235,0.99601215,0.99508685,0.99416834,0.99657327,0.99639267,1.0015081,0.99615586,0.999743,1.0001233
1.0,-0.028263904,-0.016919784,-0.008190085,0.021636615,0.016509302,-0.019385926,-0.0033120774,0.011688275,0.011625215,-0.0010542572,-0.004157409,-0.033933457,0.004725769,0.0030295998,0.019424379,0.012046307,-0.015869994,-0.0030891187,-0.02406656,0.011420508,0.99090576,0.9917624,0.9985042,1.0025285,0.9973579,0.9985451,0.99850327,0.9985926,0.9958375,0.99445266,0.9904205,0.99753034,0.99460316,0.9918645,0.9969231,0.995444,1.0029414,0.99568033,1.0007445,1.0007969
3.0,-0.0051753074,-0.002684474,-0.0018486371,0.004124563,0.0034116488,-0.0021632314,-0.0010887608,0.0024131043,0.0027873404,-0.00026182644,0.0015136562,-0.006276626,0.0009379238,-0.00021404028,0.002173774,0.0019736215,-0.0038690977,-0.0006275289,-0.004483789,0.0015735433,0.9958808,0.99692464,0.99632734,0.99805593,0.99721164,0.99727386,0.99882984,0.9968583,0.9975473,0.99709636,0.994677,0.9944501,0.99619645,0.9967995,0.9959668,0.99730295,0.9997567,0.99743867,0.9989761,0.9986365
4.0,-0.019965693,-0.012143068,-0.0061129415,0.015629549,0.011929152,-0.013255097,-0.002337221,0.008528886,0.008705284,-0.0005127117,-0.0021513924,-0.024285186,0.0028480291,0.002411522,0.013383642,0.008980624,-0.011866834,-0.0026645102,-0.017252244,0.0079152305,0.9926916,0.99382085,0.99767035,1.0012392,0.9975799,0.9982053,0.99814594,0.9980316,0.99606496,0.9954627,0.991819,0.99627113,0.9949531,0.99371207,0.99663424,0.9961648,1.0017778,0.9960456,0.9999027,1.0002687
1.0,0.04557595,0.029397435,0.012789978,-0.03468633,-0.02523759,0.035752546,0.0050675794,-0.019321593,-0.016727742,0.001811035,0.012525611,0.055223946,-0.009015702,-0.008002408,-0.034814212,-0.019651521,0.022417594,0.006102547,0.037514932,-0.019993348,1.0049112,1.0070761,0.98966885,0.98616564,0.9923791,0.9944592,0.9997511,0.99405617,1.0004103,1.0025092,1.0014617,0.9883759,0.99938536,1.0043938,0.9936005,0.99894613,0.99303925,1.0005125,0.994141,0.99353504
1.0,0.033477698,0.02283794,0.010172475,-0.026618257,-0.019341238,0.027536562,0.0022804476,-0.014533302,-0.013037521,0.0005097091,0.0104121715,0.04150183,-0.0034412444,-0.008452199,-0.02711755,-0.01669221,0.017269727,0.006446313,0.028002478,-0.015214964,1.0027516,1.0038196,0.99152887,0.98828787,0.9930985,0.99427783,1.0015332,0.9939328,1.001278,1.0007483,1.001525,0.9900077,0.99960285,1.0029294,0.9940649,0.998388,0.9948183,1.0013402,0.9965901,0.99370474
1.0,0.02999203,0.019944165,0.00861311,-0.023302894,-0.016856572,0.024431873,0.0024772584,-0.012704451,-0.011147913,0.00074132904,0.0095101185,0.03669454,-0.004373409,-0.006570205,-0.02402462,-0.014066,0.014840353,0.004762832,0.025002524,-0.013506852,1.002314,1.0036814,0.992014,0.98968685,0.994076,0.99496526,1.0003495,0.9944458,1.0003068,1.000697,1.0003078,0.99026287,0.9988863,1.0025312,0.99433154,0.99858975,0.9951304,1.0003428,0.99625534,0.99462956
3.0,0.03423742,0.02276934,0.009920975,-0.026598044,-0.019309685,0.027592858,0.002942413,-0.014600171,-0.012844898,0.0007936172,0.010457184,0.041919127,-0.0049977675,-0.0074563473,-0.027183007,-0.01609816,0.017139975,0.005525533,0.028504625,-0.01529602,1.0029775,1.0044037,0.99143416,0.98854595,0.99349356,0.9946554,1.0006253,0.99423885,1.0006942,1.0010197,1.0008566,0.98981494,0.9992372,1.0030135,0.994041,0.9986697,0.9946177,1.0006915,0.99595565,0.9940649
3.0,0.014343001,0.0099774785,0.0039564623,-0.011183709,-0.007916277,0.012414809,0.00074670464,-0.0059682503,-0.00506996,-3.6880374e-07,0.0061811768,0.017630175,-0.0017256513,-0.0038816035,-0.012498412,-0.0073283054,0.0066765584,0.0023621805,0.012204289,-0.0067680264,0.9997399,1.0007678,0.9942481,0.9934364,0.9959031,0.9960552,0.9998853,0.9955325,0.99948424,0.99911565,0.99792993,0.9921952,0.9978562,1.0002944,0.99506354,0.9984004,0.9971744,0.9992009,0.9976877,0.9963296
2.0,-0.0015402809,-0.00023971498,-0.00070424005,0.0011504404,0.0012195748,0.0005585365,-0.00084003434,0.0008056108,0.0012128353,-0.00032022968,0.0024493113,-0.0017386898,0.0006407201,-0.0010492504,-0.00063854456,3.7118793e-05,-0.0018069185,3.1515956e-05,-0.0012368634,-1.0906486e-05,0.9966854,0.9976263,0.9960251,0.99713826,0.997026,0.9970401,0.99918467,0.99659735,0.9980872,0.9975077,0.995376,0.9940742,0.99659246,0.9975557,0.99583155,0.9975707,0.99926734,0.9978846,0.9988566,0.9981477
3.0,-0.019667767,-0.011531472,-0.0056819497,0.014915168,0.011497646,-0.012567192,-0.0027450547,0.00824999,0.008166719,-0.000647245,-0.002065409,-0.023505095,0.00377357,0.0015184507,0.012818083,0.008173905,-0.01125887,-0.0018866137,-0.016772918,0.007560051,0.99272734,0.99358004,0.99763286,1.0008351,0.9972433,0.9978778,0.9988105,0.99774617,0.9965132,0.995481,0.99250865,0.9963799,0.9952129,0.9938596,0.99664134,0.995953,1.0017076,0.9965882,1.0002596,0.99993634
4.0,-0.033033885,-0.02020827,-0.009641933,0.025483377,0.019304078,-0.022909768,-0.0035036132,0.013681805,0.013718821,-0.0008384269,-0.0054986775,-0.039912183,0.0048272163,0.00428658,0.02323763,0.014856704,-0.01873075,-0.0039908253,-0.028468918,0.013431104,0.98973054,0.9908377,0.9987226,1.0036781,0.9973295,0.998949,0.997886,0.9990691,0.99494666,0.99397993,0.989269,0.99802923,0.993972,0.9907596,0.99727005,0.99488187,1.0035843,0.9949673,1.0008072,1.0015222
2.0,0.06865238,0.044787064,0.020249864,-0.05278999,-0.03869725,0.05341676,0.007824656,-0.030030837,-0.026103478,0.0026101535,0.01718257,0.083781034,-0.012826681,-0.012959674,-0.0518251,-0.03017664,0.034708675,0.010608088,0.056016766,-0.029943557,1.0078541,1.0106285,0.98570365,0.97944504,0.98786956,0.9926013,1.0012356,0.9931945,1.0018985,1.0044861,1.0040274,0.9860391,1.0010743,1.0061427,0.9920729,0.9982434,0.99029404,1.0023727,0.9923947,0.9905555
1.0,-0.028820768,-0.018297695,-0.008896613,0.022966351,0.017221259,-0.01975973,-0.002696827,0.012353095,0.012717243,-5.491078e-06,-0.004642848,-0.035481077,0.0030452386,0.0048241615,0.02045884,0.014324576,-0.017214242,-0.0043789484,-0.025607422,0.011674356,0.99048847,0.99213994,0.9980563,1.0034884,0.99761724,0.9988745,0.9969028,0.998822,0.9942973,0.99448144,0.9898456,0.9971238,0.99375045,0.99164116,0.9971607,0.99517226,1.0030104,0.994685,0.9999809,1.0016718
3.0,-0.017369375,-0.010315172,-0.005267988,0.0134420395,0.010337545,-0.0113167465,-0.0022406206,0.0073759854,0.0075029284,-0.00065055676,-0.0014265291,-0.020978194,0.0028112233,0.0016788766,0.011302568,0.007409461,-0.010289479,-0.002115395,-0.014812879,0.006779941,0.9933403,0.99431014,0.99754435,1.0005497,0.99752676,0.9980121,0.9985314,0.9978118,0.99660176,0.9957595,0.992419,0.9960332,0.99531126,0.99432725,0.9965139,0.99643546,1.0014215,0.9964575,0.99990463,0.99986374
2.0,-0.013120033,-0.007623486,-0.004044178,0.010144709,0.007891964,-0.008076746,-0.0018986389,0.0056416355,0.0058150254,-0.00053288415,-0.0003852211,-0.015820172,0.0022769868,0.00093697757,0.008075312,0.0054410845,-0.008008558,-0.0015341416,-0.011180595,0.0049399547,0.99423647,0.9951977,0.9971326,0.99966455,0.99742424,0.99772155,0.9987028,0.99744576,0.9969809,0.99623144,0.9932937,0.9954906,0.99564624,0.9952276,0.99632996,0.9967291,1.0008343,0.9968651,0.9996335,0.9994059
2.0,0.004956469,0.0036724694,0.0010020696,-0.003623519,-0.0023381286,0.0053164065,5.3979456e-06,-0.0018122755,-0.0011204816,2.3784116e-05,0.0039038733,0.005951848,-0.00084581226,-0.0017261133,-0.0053101107,-0.0024979375,0.001420483,0.0005860217,0.0040949434,-0.002713112,0.99794424,0.9990886,0.9952605,0.99587464,0.99676347,0.9967545,0.9990438,0.99621,0.9983156,0.99821836,0.9962575,0.9931902,0.99691534,0.99869615,0.9955324,0.99797493,0.9983892,0.99814737,0.9981317,0.99762523
4.0,-0.06087926,-0.037700675,-0.017239172,0.046724018,0.035218425,-0.043599576,-0.005181752,0.024396066,0.024909213,-0.0009898245,-0.013286851,-0.07341759,0.0076224282,0.009046122,0.04494413,0.02855517,-0.033951573,-0.0070503317,-0.05317408,0.025274891,0.9827252,0.98435986,1.0001764,1.0087222,0.9954545,1.0008466,0.9965107,1.0015801,0.99161077,0.99064946,0.9826012,1.0017204,0.99140686,0.9835008,0.9988314,0.99140024,1.0075161,0.99180514,1.0018405,1.0044409
2.0,-0.0011081919,0.00014484674,-0.0005206708,0.0007640496,0.00095824385,0.00095556304,-0.0008964427,0.00061758794,0.0009871982,-0.0003760755,0.0025625788,-0.0011361241,0.00084573776,-0.0013579205,-0.0010504723,-0.00035887957,-0.0014612973,0.00027700886,-0.0008574128,-0.00019228901,0.99669755,0.9975954,0.9959609,0.99695927,0.99688846,0.99689454,0.99937594,0.99647844,0.9982173,0.99745494,0.9955682,0.99404424,0.9966954,0.9975576,0.9957213,0.9975295,0.99922246,0.99803734,0.9988931,0.99797314
3.0,0.0017607659,0.0020728,0.00036844518,-0.0015578866,-0.0007657907,0.0030467808,-0.0006621368,-0.00066268444,-0.00024168193,-0.00043857098,0.003307391,0.002432946,0.0005416274,-0.0019780248,-0.0032463595,-0.0018723123,0.00015216693,0.0007648058,0.0017024279,-0.001426013,0.9973464,0.99817324,0.99573755,0.9962305,0.99675155,0.9967435,0.9996343,0.99631435,0.9986528,0.99777144,0.996052,0.993755,0.9970064,0.99813765,0.9956108,0.9977768,0.9988476,0.99835056,0.99878764,0.99760306
1.0,-0.030468442,-0.019200064,-0.009336966,0.024149764,0.018137889,-0.021261148,-0.0028462745,0.012925107,0.013289608,-0.00035989843,-0.0049381293,-0.037386563,0.0034113228,0.004926756,0.021672443,0.01470796,-0.017975383,-0.0045163147,-0.026785806,0.01249661,0.99021494,0.9917332,0.9983478,1.0036848,0.9976689,0.99903774,0.99707496,0.99905634,0.9944535,0.99426556,0.989317,0.99743557,0.99378765,0.9912457,0.9971576,0.99520284,1.0032649,0.9946182,1.0001864,1.0016916
2.0,0.010080926,0.00671136,0.0023491038,-0.007356573,-0.0050950334,0.0092530325,0.0006772578,-0.0038319975,-0.0029079802,0.00047980063,0.004931785,0.011999954,-0.0020463616,-0.00223919,-0.008970715,-0.004313953,0.003919743,0.0010641776,0.00813739,-0.0048860786,0.99880195,1.000184,0.99450916,0.9949066,0.996383,0.99644274,0.9988421,0.99580264,0.99828696,0.9987619,0.9970519,0.99243146,0.99708784,0.9995038,0.9952919,0.99809796,0.9976901,0.9983257,0.997459,0.99724746
4.0,-0.028004311,-0.01700551,-0.0082037775,0.021565612,0.016392097,-0.019101463,-0.0031724647,0.0116650835,0.011672657,-0.00077054463,-0.0041798763,-0.033799004,0.0043081343,0.0033674762,0.019351184,0.012408964,-0.01597536,-0.0033248551,-0.024057519,0.011251904,0.9909046,0.99193466,0.9983532,1.0026714,0.9974164,0.9986036,0.99815226,0.9986186,0.99551255,0.9945705,0.9904143,0.99739176,0.994417,0.99196684,0.9970415,0.99536335,1.0028754,0.9955207,1.0005764,1.0009723
1.0,-0.022117712,-0.013305306,-0.0065657953,0.017059842,0.0130335055,-0.014716268,-0.0026955642,0.0093093915,0.009358544,-0.0006623771,-0.002666749,-0.026698712,0.0035415813,0.0024067685,0.014872938,0.009655535,-0.0128215365,-0.0026230775,-0.018968672,0.0087465495,0.992239,0.9932353,0.9978847,1.0015138,0.9974745,0.99823743,0.99836725,0.99812907,0.9960902,0.99523115,0.9916202,0.9966265,0.9949028,0.99329704,0.9967557,0.99592066,1.0020653,0.9960726,1.0002201,1.0003605
2.0,0.0002663359,0.00091701,-0.00021456461,-0.00020477176,0.0002127476,0.0017874762,-0.0006268993,4.7642738e-05,0.0005204752,-0.00035970472,0.002915848,0.00043720007,0.00031854957,-0.0013359785,-0.001973033,-0.0008438453,-0.0008424558,0.0002273731,0.0003408566,-0.00072192936,0.9970659,0.99801165,0.99587876,0.9967273,0.996979,0.9969668,0.9992583,0.9965221,0.9982946,0.9976682,0.9955695,0.99387383,0.9967519,0.9978582,0.9957011,0.9977574,0.99903286,0.9980013,0.9987177,0.9979286
2.0,-0.0021817684,-0.000674814,-0.00091760885,0.0017024204,0.00162797,7.864088e-05,-0.00088268146,0.001105573,0.0015121959,-0.0003039632,0.0022785403,-0.0025517233,0.0006996766,-0.0009017512,-0.00014004111,0.00038526207,-0.0021741204,-8.3997846e-05,-0.0018350482,0.00028175418,0.99652237,0.9974903,0.9960671,0.99730897,0.99705034,0.9970647,0.9991147,0.99663115,0.99797386,0.99741006,0.9952586,0.9941328,0.99651915,0.99739695,0.99582845,0.9975157,0.99935925,0.99780226,0.9988658,0.9982261
3.0,-0.02256357,-0.013693467,-0.006778757,0.017520778,0.013348926,-0.015172623,-0.0026209615,0.009524951,0.009637684,-0.0006386731,-0.0027794912,-0.027342428,0.0033511966,0.0026979446,0.015298314,0.010031633,-0.013174102,-0.0028678216,-0.019403882,0.008993007,0.9921548,0.9932206,0.9979292,1.0016882,0.9975646,0.99835056,0.9981854,0.998239,0.9959473,0.9951909,0.9913653,0.9966486,0.99480826,0.99318373,0.9967773,0.99594766,1.0021338,0.9958995,1.0001557,1.0004873
3.0,0.009230524,0.006116908,0.0020875968,-0.0066810213,-0.004593477,0.008672666,0.00059732795,-0.0034441967,-0.0025446713,0.0005338136,0.004703235,0.010936014,-0.0019546673,-0.0020375624,-0.008322537,-0.003826972,0.003425192,0.0009110458,0.0073687956,-0.0045395438,0.9986104,1.0000193,0.99456096,0.99514264,0.99643064,0.9964832,0.998745,0.9958305,0.9981263,0.99869365,0.99694365,0.9925012,0.9969816,0.99936104,0.9953522,0.9980033,0.99779165,0.9982379,0.9974845,0.9973751
1.0,0.029938951,0.019001145,0.007827763,-0.022140313,-0.0159356,0.024217572,0.0032710359,-0.012036219,-0.010194384,0.0016852804,0.008983128,0.035817485,-0.0063866526,-0.004923925,-0.023257833,-0.012186032,0.014000904,0.0034249984,0.024181351,-0.013219036,1.0020434,1.0041447,0.99166125,0.9905152,0.994364,0.995238,0.9987199,0.99452484,0.99881244,1.0007223,0.9996723,0.9898426,0.9980564,1.0021892,0.9941768,0.9985221,0.99504143,0.9991997,0.9951122,0.9953969
4.0,-0.033709645,-0.020606093,-0.009801601,0.025958864,0.019667394,-0.023377433,-0.0035842247,0.013935012,0.013951529,-0.00085706264,-0.005677756,-0.040696297,0.0049702153,0.0043414235,0.023733154,0.015133858,-0.019065715,-0.0040211454,-0.029035993,0.0136985965,0.98957163,0.99066585,0.9987688,1.003783,0.9972877,0.99897516,0.9979023,0.9991135,0.99490446,0.99391055,0.98916346,0.99813026,0.99392694,0.99061084,0.99731445,0.9947914,1.0036719,0.99493575,1.0008707,1.0015734
4.0,-0.023858488,-0.01443322,-0.0071011363,0.018462807,0.014070312,-0.016107284,-0.0027820952,0.010026998,0.010095894,-0.00071308017,-0.0030992776,-0.028844792,0.0036666095,0.0027763546,0.016233131,0.01050806,-0.013790622,-0.0029172339,-0.020481527,0.009538379,0.9918571,0.992886,0.9980475,1.0018882,0.9975116,0.9983823,0.9982472,0.9983071,0.9959009,0.99501693,0.9911697,0.9968406,0.9947512,0.9928798,0.99680775,0.99581623,1.0023159,0.99584866,1.000284,1.0005609
3.0,-0.02236136,-0.013365552,-0.006608176,0.01720811,0.013166137,-0.014923625,-0.0027510636,0.00938449,0.009401459,-0.0007557254,-0.0027017593,-0.026925985,0.003695771,0.0023136511,0.015013345,0.009607576,-0.012858573,-0.0025591142,-0.019106828,0.008869244,0.99220026,0.99314654,0.99795127,1.0014914,0.99744624,0.99822193,0.9984797,0.9981269,0.99618334,0.9951621,0.9915916,0.996691,0.99494964,0.99321663,0.9967136,0.99593306,1.0021089,0.9961008,1.0002787,1.0003192
1.0,-0.029825859,-0.019401215,-0.009513919,0.024176393,0.017976366,-0.02095116,-0.002335731,0.012875291,0.013510495,0.00015696697,-0.004903149,-0.0371267,0.0021517873,0.0059004873,0.02157303,0.015538089,-0.018241934,-0.0052672103,-0.026709434,0.012273985,0.9903313,0.9922722,0.9981255,1.0040343,0.9979674,0.9993081,0.99616635,0.9992342,0.99377793,0.9944598,0.98899865,0.9971095,0.9934034,0.99140364,0.997286,0.9953171,1.0031666,0.9940622,0.9996947,1.0021493
2.0,0.04980166,0.03235244,0.014274294,-0.03817152,-0.027829532,0.039101876,0.00537258,-0.021328079,-0.018556017,0.001835091,0.013457969,0.06057156,-0.009213567,-0.009232134,-0.038087983,-0.0218944,0.0248016,0.0072031133,0.04096722,-0.021846458,1.0054362,1.007587,0.9889777,0.9848563,0.9914908,0.9939848,1.0003104,0.9937476,1.0008857,1.0027986,1.002182,0.9879504,0.999848,1.0047717,0.99331164,0.99878323,0.9925664,1.0010961,0.99399436,0.9928165
2.0,0.008972719,0.006358899,0.0022581425,-0.006859403,-0.00472273,0.0083441585,0.00032335147,-0.0035836603,-0.0028115027,1.1334196e-05,0.004885312,0.010943491,-0.0012373254,-0.0026285946,-0.008383699,-0.004559096,0.0036656447,0.0013212673,0.0075854734,-0.0044480646,0.9987356,0.9998251,0.99484444,0.9948466,0.9964333,0.9964688,0.99939203,0.9959214,0.9988184,0.99862087,0.9969735,0.9927629,0.9973153,0.99940974,0.9953434,0.9981791,0.99786144,0.9985939,0.9979398,0.99708164
4.0,0.01733207,0.011646051,0.004661103,-0.013243873,-0.009441687,0.014635071,0.0012676865,-0.0071123186,-0.006012246,0.00034852326,0.00672926,0.021066513,-0.0027288944,-0.0039575025,-0.0145249665,-0.008168213,0.008022103,0.0024627522,0.014492117,-0.008000184,1.0002303,1.0014821,0.99377877,0.992942,0.9957079,0.99595183,0.99957377,0.99536717,0.9993142,0.99946123,0.99823135,0.9917258,0.9978648,1.0007211,0.99493086,0.99848294,0.99676085,0.9991519,0.997169,0.9962096
1.0,0.008381754,0.00588014,0.0020821532,-0.0063215755,-0.004292346,0.008349411,0.0001908727,-0.0031844191,-0.0024562888,0.0003965348,0.0045371763,0.010175537,-0.0010410249,-0.0025234148,-0.007954016,-0.0039413646,0.0032779612,0.0013570972,0.0067182407,-0.004298279,0.998357,0.9995802,0.9946303,0.99510425,0.99620855,0.9962627,0.9992096,0.99566215,0.9983519,0.9984875,0.99726146,0.99266744,0.9971226,0.999193,0.99533874,0.9977729,0.9979366,0.9985551,0.99782515,0.9972041
2.0,-0.020551197,-0.0123869255,-0.0061984034,0.015942622,0.012183458,-0.01370059,-0.0024743788,0.0086925505,0.008813303,-0.0006623622,-0.0022436678,-0.024881702,0.003146328,0.002305895,0.013750173,0.008999497,-0.012057953,-0.0025853254,-0.01761242,0.008145628,0.99262255,0.99364376,0.9977899,1.0012492,0.9975694,0.99822646,0.9983245,0.99808353,0.99621475,0.9954132,0.9917606,0.9964137,0.99501055,0.993632,0.99667114,0.9961531,1.0018584,0.99612063,1.0000651,1.0002401
3.0,-0.008597054,-0.00492841,-0.0028884383,0.0068481565,0.005415147,-0.004799299,-0.0013334975,0.0038589276,0.004201919,-0.0003140308,0.0006823018,-0.010497946,0.0012634322,0.00050818175,0.004802108,0.0036646575,-0.0057669804,-0.0012106635,-0.0074361116,0.0030677954,0.99518406,0.9962675,0.99667066,0.99885154,0.997401,0.9975385,0.9985893,0.99716556,0.99717426,0.9967373,0.99395776,0.99485487,0.99588376,0.9961185,0.99612254,0.99711126,1.000221,0.9970583,0.9991576,0.9990622
3.0,-0.011418372,-0.0066411793,-0.0036396133,0.008952318,0.0069883056,-0.006872922,-0.0016577244,0.0049912706,0.0052485727,-0.00043533184,1.35451555e-05,-0.013853516,0.0018346086,0.00083602965,0.0068677366,0.0048239827,-0.0071980655,-0.0014628917,-0.00980138,0.004255403,0.9945887,0.9956178,0.9969551,0.9993895,0.99744034,0.9976657,0.9986099,0.9973516,0.99701554,0.99641263,0.99351114,0.99523705,0.99571735,0.9955507,0.99623865,0.9968887,1.0006086,0.99690247,0.999425,0.9992968
1.0,0.053700168,0.035194054,0.01564478,-0.04132467,-0.030241638,0.041958313,0.0056859404,-0.023229407,-0.020293187,0.0016181935,0.014429782,0.06551106,-0.009411514,-0.010479249,-0.041131526,-0.024209052,0.027107012,0.008228149,0.044241734,-0.023487149,1.0059193,1.0080518,0.98843044,0.9835253,0.99071914,0.99360037,1.000951,0.9936874,1.0015763,1.0029113,1.0026188,0.98769516,1.0003171,1.0049996,0.9929067,0.9987849,0.99214876,1.0016075,0.99398696,0.99204755
4.0,0.037729867,0.024696078,0.010705001,-0.02896322,-0.021049527,0.030010577,0.0037067235,-0.015995527,-0.013935797,0.0011719912,0.011072569,0.04591155,-0.006516449,-0.0073807463,-0.029433861,-0.016990796,0.018654604,0.0054938383,0.031241573,-0.016704323,1.0036186,1.0053346,0.99091065,0.98792607,0.9932802,0.99468726,1.0001547,0.99424016,1.000484,1.0015184,1.000927,0.9893368,0.9992009,1.0034724,0.9939253,0.9988383,0.9941216,1.0004927,0.9952863,0.9940112
2.0,0.02438407,0.016024154,0.006623563,-0.01853975,-0.013358228,0.019824088,0.0022183359,-0.010097075,-0.008645326,0.000676902,0.0082376,0.029535636,-0.0043364465,-0.0048691407,-0.019586131,-0.011025436,0.011595901,0.003249403,0.02029135,-0.01096001,1.0014883,1.0029585,0.99284893,0.9913508,0.99508816,0.99562705,0.99955684,0.99503446,0.9996174,1.0002205,0.99904466,0.9908638,0.998241,1.0017555,0.9946013,0.99875027,0.99582,0.99945813,0.99640524,0.99556905
2.0,0.028739568,0.018629063,0.007785148,-0.02175488,-0.015721621,0.023020694,0.0028844029,-0.011915887,-0.01020718,0.0009705834,0.009116549,0.03470072,-0.0055323914,-0.005269736,-0.022634737,-0.012606073,0.013703983,0.0036102124,0.02382671,-0.012777843,1.0022458,1.0039108,0.9922144,0.990419,0.99469936,0.99547076,0.99940085,0.99486035,0.9996523,1.00076,0.99945563,0.99030566,0.99839634,1.0023754,0.99443173,0.99886817,0.99521375,0.9995617,0.9958345,0.99525005
2.0,-0.0065307543,-0.0035188422,-0.0022179084,0.005129736,0.0041567427,-0.0032022707,-0.0012301467,0.0029481025,0.0032836497,-0.00034200028,0.0012122914,-0.00789566,0.0011704192,-2.0951033e-05,0.0031756014,0.0025303662,-0.004567031,-0.000789281,-0.0055836886,0.002148127,0.9956353,0.99664456,0.99649477,0.9983218,0.9972828,0.99737376,0.99882746,0.99698186,0.99749446,0.99696964,0.99442357,0.99464124,0.9961192,0.9965627,0.9960455,0.99724066,0.9999379,0.99735063,0.9991116,0.9987663
1.0,0.013142869,0.008772861,0.0033326289,-0.009853635,-0.0069239815,0.01161458,0.00089832395,-0.005191589,-0.004212983,0.00048598088,0.00566078,0.015826918,-0.0022903979,-0.0029795393,-0.011329997,-0.005898021,0.005644452,0.001676444,0.010784492,-0.006221679,0.9993608,1.0007037,0.9941534,0.9940974,0.99605757,0.9961888,0.9991383,0.99555296,0.99865425,0.9990616,0.9976243,0.99210465,0.99739504,1.0000145,0.9951442,0.9981843,0.9972841,0.99869436,0.9973147,0.9968074
2.0,-0.004175663,-0.0020082816,-0.0015315097,0.0033128783,0.0028178948,-0.0013885945,-0.0010333247,0.0019821431,0.0023601167,-0.00026626885,0.0017621554,-0.005027633,0.00088870525,-0.00046583265,0.0013916343,0.0014382824,-0.003295537,-0.00042509288,-0.0036111102,0.0011376191,0.99607795,0.9970973,0.99622774,0.99780476,0.9971385,0.997183,0.99893516,0.9967617,0.9976817,0.99719065,0.99489874,0.9943401,0.9963041,0.9969895,0.9959121,0.9973522,0.99962384,0.9975727,0.9989404,0.99848926
4.0,-0.024741322,-0.014954992,-0.007303416,0.019072901,0.014533257,-0.016698554,-0.002903875,0.01036001,0.010391451,-0.00073094293,-0.003327977,-0.029867183,0.0038774833,0.0028412864,0.0168695,0.010867469,-0.014226355,-0.0029503219,-0.02121979,0.009875147,0.9916572,0.99266297,0.99811,1.0020317,0.99747235,0.99841076,0.99827445,0.99835795,0.99584925,0.99493706,0.9910636,0.99697024,0.9946939,0.99270916,0.996877,0.9956962,1.0024273,0.9958243,1.0003822,1.0006305
4.0,-0.03271041,-0.019967914,-0.009531566,0.025198426,0.019101886,-0.02267272,-0.003504146,0.013535539,0.013555814,-0.00087547116,-0.0053989664,-0.039489377,0.004851386,0.0041714534,0.022967368,0.014626637,-0.018518144,-0.0039100386,-0.028142322,0.01329178,0.989821,0.9908934,0.99871963,1.0035843,0.9973326,0.99892145,0.9979578,0.9990387,0.9950389,0.9940189,0.98935306,0.99800617,0.99402976,0.9908448,0.99725044,0.9949261,1.0035381,0.9950353,1.0008215,1.0014594
3.0,0.026724063,0.017558549,0.0073276423,-0.020378139,-0.014728144,0.021496229,0.0024926364,-0.011156898,-0.00959412,0.0006689187,0.008796491,0.032406796,-0.004746981,-0.005287029,-0.021307752,-0.01214708,0.012843706,0.0035972483,0.022303648,-0.01194625,1.001951,1.0034255,0.99258965,0.99073976,0.99488056,0.9955318,0.9996853,0.9949732,0.99987304,1.000478,0.99930227,0.990636,0.9984416,1.0021206,0.994502,0.99888533,0.9955199,0.9996385,0.9962552,0.9952963
2.0,-0.009058185,-0.0051761195,-0.0029865159,0.007159693,0.005654514,-0.0051113516,-0.0014199615,0.004033057,0.004345592,-0.0003523305,0.0005784035,-0.011017758,0.0014375225,0.00049520284,0.005112782,0.0037956461,-0.0059680752,-0.0011957623,-0.0078075603,0.0032514406,0.99508107,0.99613374,0.9967174,0.99891406,0.9973834,0.9975337,0.9986466,0.997176,0.9971836,0.9966757,0.99392766,0.99492764,0.9958791,0.99602616,0.9961361,0.99705946,1.0002854,0.9970746,0.9992316,0.99907076
1.0,0.016081214,0.010063477,0.0036741206,-0.011506088,-0.008212807,0.013135392,0.001899343,-0.0062566437,-0.0048850924,0.00079773925,0.0062593147,0.018873263,-0.004463725,-0.0021589547,-0.012939803,-0.0062008463,0.006620597,0.0009335987,0.013161249,-0.0072476678,1.0001891,1.0019071,0.9939035,0.9938565,0.99644846,0.9966295,0.99820673,0.9958989,0.9983305,0.9996515,0.9971385,0.9916718,0.99718314,1.0005852,0.99512887,0.9987916,0.99682426,0.99808973,0.99651915,0.9970934
3.0,0.011669129,0.007933009,0.0029710783,-0.008801982,-0.006147601,0.010563854,0.0006611459,-0.0046077557,-0.0037149303,0.00038816035,0.005349539,0.014118016,-0.0018482134,-0.0028960556,-0.010308158,-0.00539387,0.004958175,0.0016198754,0.009586431,-0.0056303376,0.99910134,1.0003624,0.9943564,0.99436885,0.99613017,0.99623024,0.9992324,0.9956146,0.9986662,0.998884,0.9975108,0.9923108,0.997358,0.9997915,0.9952121,0.99811727,0.9974977,0.9986834,0.99753046,0.9969083
2.0,-0.022229739,-0.013438664,-0.0066594696,0.017225359,0.013140371,-0.01491211,-0.002625391,0.009373842,0.009468529,-0.00066938996,-0.002683483,-0.026900623,0.0033889636,0.0025650188,0.015015721,0.009793766,-0.012949303,-0.0027680136,-0.019078217,0.008845443,0.99223435,0.9932683,0.9979154,1.0015846,0.9975452,0.99830985,0.9982653,0.9981972,0.9960365,0.99522066,0.9914631,0.9966239,0.9948669,0.9932584,0.99675167,0.9959767,1.0020877,0.99597263,1.0001686,1.000417
2.0,-0.0048816577,-0.0025529563,-0.0018041963,0.003945615,0.003268754,-0.00199081,-0.0010069646,0.0023063766,0.0027136952,-0.00022782944,0.0015785024,-0.0059671663,0.00076059997,-0.00015064329,0.0019983053,0.0019331351,-0.0037680864,-0.0006843023,-0.00425072,0.001463624,0.9959579,0.9970346,0.9963006,0.99803436,0.9972476,0.997304,0.99875206,0.99687463,0.997519,0.997151,0.9946567,0.9943992,0.9961831,0.99686533,0.99596953,0.9973523,0.99971306,0.99739707,0.99890906,0.9986559
1.0,-0.055230603,-0.034184523,-0.015787207,0.042481963,0.032024626,-0.039637133,-0.0048055016,0.022259533,0.022662384,-0.0011004899,-0.011579573,-0.06667611,0.0069915727,0.008174144,0.040537767,0.025685683,-0.030877398,-0.0065937936,-0.0480247,0.02298176,0.98428476,0.9857699,1.0000515,1.0077572,0.9961047,1.0005425,0.9967937,1.0011336,0.9924037,0.9913499,0.98382986,1.0009508,0.99199915,0.98505306,0.99845874,0.9923343,1.006735,0.9924216,1.001652,1.003857
1.0,-0.0105520785,-0.005510047,-0.0029993812,0.007744642,0.006194179,-0.005804226,-0.0020583682,0.0044269264,0.0044017844,-0.0006870609,0.0002879314,-0.012275685,0.0028639585,-0.00036081672,0.0057991147,0.0035128966,-0.0061382838,-0.00044793263,-0.008757792,0.0036770126,0.9947714,0.99545544,0.99694496,0.99874645,0.997029,0.9972613,0.999489,0.996994,0.99771595,0.9963967,0.99433535,0.9953171,0.99613637,0.9957623,0.99613875,0.9967875,1.0005022,0.9975534,0.99982023,0.99881387
2.0,-0.009275958,-0.0053955168,-0.0031004539,0.0073976833,0.0058143144,-0.005302191,-0.0013699755,0.0041514896,0.0044946,-0.0002852641,0.00050164387,-0.011348162,0.0012868717,0.0006903708,0.0053373426,0.004057601,-0.006166339,-0.0013465248,-0.008047745,0.0033509678,0.99504477,0.9961523,0.99672455,0.9990277,0.9974388,0.9975983,0.9985029,0.99722564,0.9970609,0.99668074,0.9938218,0.9949231,0.9958,0.99599344,0.99617326,0.99706054,1.0003109,0.9969631,0.99917597,0.99917537
3.0,0.025298432,0.016713358,0.0069882865,-0.01935589,-0.013953516,0.020643676,0.0021969713,-0.010529803,-0.009081088,0.0006777551,0.008445449,0.030742377,-0.0041811317,-0.0052628517,-0.020358548,-0.011603206,0.01217122,0.0036064126,0.021043114,-0.011391887,1.001588,1.0030133,0.9926962,0.9910494,0.99486226,0.9954528,0.99977195,0.9948796,0.999766,1.0002594,0.99935234,0.9907636,0.9983837,1.001866,0.9945359,0.99867684,0.9957214,0.9996773,0.99642515,0.9953613
4.0,-0.021444447,-0.012954511,-0.0064181006,0.01660091,0.012672335,-0.014213465,-0.002586931,0.009065399,0.009149846,-0.00056935847,-0.0025208816,-0.025943842,0.003307581,0.0024310797,0.014410064,0.009494595,-0.012535196,-0.002636034,-0.018452182,0.008454043,0.9923862,0.99343294,0.997803,1.0014398,0.99750614,0.9982299,0.9982714,0.9980952,0.9960522,0.99532926,0.99172,0.996507,0.994898,0.9934559,0.99675274,0.99597657,1.0019691,0.9960601,1.0001197,1.0003629
2.0,-0.025324382,-0.015341066,-0.0074931933,0.019543685,0.014876668,-0.017222721,-0.002910059,0.010588225,0.010638844,-0.0007789545,-0.003454946,-0.030594233,0.003873527,0.0029972643,0.01733943,0.011146367,-0.014562797,-0.00308723,-0.021694958,0.010156991,0.9915587,0.99256885,0.9981921,1.0021577,0.99751997,0.99849755,0.9982256,0.998454,0.9958103,0.99488163,0.99085134,0.9970489,0.99465096,0.99258256,0.99690545,0.99570286,1.0025123,0.9957306,1.0004025,1.0007056
1.0,-0.02908858,-0.01848355,-0.009060656,0.023244765,0.017440243,-0.020325154,-0.002609793,0.0124441385,0.012874745,-0.00025673956,-0.0046034977,-0.035856422,0.0029396713,0.004948914,0.02071622,0.014296666,-0.017374806,-0.004583601,-0.025677476,0.011973755,0.9904924,0.9921166,0.99820626,1.0035279,0.9977556,0.9990157,0.9969106,0.9989842,0.9944138,0.994415,0.9894246,0.9971946,0.9938015,0.9915073,0.9970714,0.9953541,1.0030673,0.99458355,0.99996364,1.0016348
4.0,0.022479564,0.014926974,0.0061690207,-0.017211664,-0.012373675,0.018495522,0.001863528,-0.0093314685,-0.008012664,0.0005339794,0.007858783,0.027326673,-0.0036619082,-0.0048033968,-0.018300556,-0.0104162395,0.010711942,0.0031948537,0.018762037,-0.010193612,1.0011393,1.0024871,0.99310625,0.9917143,0.99519557,0.99564826,0.9997171,0.99506736,0.9996429,0.9999932,0.99894685,0.9911156,0.9982124,1.0014926,0.99469095,0.998641,0.99608517,0.9994994,0.9967084,0.99566096
4.0,0.01767718,0.011874832,0.0047740955,-0.013533063,-0.009655632,0.014898205,0.0012952015,-0.007272538,-0.006162539,0.00034944527,0.0068134144,0.021498173,-0.002765067,-0.0040316135,-0.014787562,-0.008341592,0.008210231,0.002526801,0.014795497,-0.008154855,1.0003023,1.0015472,0.99374,0.9928501,0.9956761,0.9959328,0.99960405,0.99534756,0.99935687,0.9995089,0.9982902,0.9916908,0.9978995,1.0007895,0.9949279,0.9984956,0.9967142,0.9991937,0.997156,0.99616694
1.0,0.045097597,0.02930057,0.01279001,-0.034400154,-0.025021441,0.03561501,0.0047446005,-0.019095274,-0.016624209,0.0016694665,0.012452975,0.054763813,-0.008200683,-0.0084906,-0.03469947,-0.019869167,0.022390906,0.0064828843,0.037031583,-0.019765288,1.0045251,1.0066211,0.98962677,0.98613214,0.9921076,0.99413943,1.0001414,0.99384,1.0005411,1.0021263,1.0016937,0.9884194,0.9995038,1.0040654,0.9933657,0.99868006,0.9931565,1.0007778,0.99435115,0.9932334
1.0,-0.01565975,-0.009258039,-0.0047884556,0.012143325,0.009369358,-0.009983387,-0.0020961165,0.006698941,0.0068512224,-0.00055564195,-0.001026798,-0.01892494,0.0025695115,0.0014166161,0.010015592,0.006680347,-0.009396374,-0.0018982254,-0.013398655,0.0060319984,0.99368274,0.99467224,0.99735373,1.0002215,0.9974821,0.99788517,0.99855727,0.9976502,0.9966991,0.995946,0.9927947,0.9957961,0.9954201,0.9946855,0.9964406,0.99653155,1.0011858,0.9966047,0.9997729,0.9997021
3.0,0.037816588,0.024281304,0.010355046,-0.028573852,-0.020724485,0.029844332,0.0041589327,-0.015794987,-0.013587065,0.0015428327,0.010907881,0.045636535,-0.007684104,-0.0064795464,-0.029102564,-0.016148493,0.018279884,0.0047243573,0.031142853,-0.016626297,1.0036997,1.0057158,0.9908334,0.98828334,0.99358183,0.9949833,0.99934566,0.99441797,0.99986625,1.0017393,1.000479,0.9891937,0.9988189,1.003499,0.99398935,0.99895734,0.99401206,0.999923,0.994762,0.99444246
1.0,0.03172304,0.019614875,0.007825307,-0.023259886,-0.016874865,0.02391075,0.0043974854,-0.013021432,-0.010853559,0.0011813417,0.009797163,0.037581377,-0.009064876,-0.0036126152,-0.023900125,-0.012495086,0.014488291,0.0019945577,0.026717007,-0.013728125,1.0035539,1.005717,0.99215275,0.99021447,0.995675,0.9965734,0.99790657,0.9959027,0.9992633,1.0018971,0.9980285,0.9901154,0.9979063,1.0031909,0.9946467,0.9999603,0.99449265,0.9984199,0.9948003,0.99597645
4.0,0.033066675,0.021644827,0.009257445,-0.025308352,-0.018352238,0.026432578,0.0031896718,-0.013916774,-0.012073588,0.0009991191,0.01009376,0.04017207,-0.005777143,-0.006461397,-0.025984831,-0.0148896985,0.01617537,0.0046693794,0.027432017,-0.014693048,1.0029111,1.0045348,0.99161446,0.98915637,0.9939783,0.99503624,0.9999175,0.9945165,1.0001805,1.0010836,1.0002787,0.9898625,0.99886113,1.0029213,0.9941767,0.99885154,0.9947084,1.0001206,0.9956704,0.99457526
4.0,-0.016862266,-0.009967297,-0.0050832788,0.013001213,0.010019257,-0.010837976,-0.0022531003,0.007164018,0.0072675794,-0.0006124936,-0.0013174638,-0.02032834,0.0028531104,0.0015110672,0.0108817965,0.0071440935,-0.009985652,-0.0019656606,-0.014389791,0.0065214513,0.99342144,0.9943759,0.99746567,1.0004239,0.99746305,0.99792826,0.9985999,0.9977219,0.99664944,0.99581647,0.99262255,0.9959706,0.9953571,0.9944432,0.99650294,0.9964088,1.0013447,0.99656296,0.9999032,0.9997859
2.0,0.011628643,0.008054577,0.0030258726,-0.0088824965,-0.00621192,0.010359112,0.0005966015,-0.0046895035,-0.0038282983,0.000102827325,0.005476214,0.014164887,-0.0016386434,-0.0031054392,-0.010358926,-0.0057507083,0.0050735176,0.0017182902,0.009773649,-0.0055645453,0.999178,1.0003159,0.9944976,0.99423504,0.99618286,0.9962644,0.9994858,0.9957121,0.9989867,0.99884737,0.99740374,0.99243075,0.9975027,0.9997972,0.9951724,0.9982566,0.99751365,0.9987979,0.997704,0.9967649
2.0,-0.009277806,-0.0051703155,-0.0029444816,0.0071721114,0.005688248,-0.0052212104,-0.0015595183,0.0040523587,0.0042910166,-0.00047820434,0.0005693659,-0.011151668,0.0017611831,0.00026637316,0.00517229,0.003622979,-0.0059394017,-0.0010175183,-0.007870682,0.0033082569,0.99505633,0.9960031,0.9967822,0.99883664,0.99732304,0.9974856,0.9988739,0.99715185,0.9973636,0.9966418,0.99400204,0.995018,0.99596953,0.99600774,0.99614394,0.9970303,1.0003147,0.9972134,0.99938345,0.9989774
2.0,-0.012455389,-0.007113166,-0.0038089855,0.009559533,0.0074707633,-0.0076047145,-0.0018911995,0.005324969,0.0054798536,-0.0006237831,-0.00017989427,-0.014944505,0.0023299977,0.00068422407,0.0075222477,0.0049520954,-0.0075672753,-0.0013490617,-0.010519542,0.004659974,0.9944095,0.99530166,0.99712175,0.99945015,0.9973961,0.997665,0.99886626,0.9973932,0.9971848,0.9962895,0.99344105,0.9954513,0.9957748,0.9953729,0.99628115,0.9968156,1.0007507,0.9970012,0.99966574,0.99926364
4.0,0.015550531,0.010462161,0.004112861,-0.011831287,-0.008395275,0.013317879,0.0010942183,-0.0063196737,-0.005278509,0.0003486611,0.006304588,0.018864807,-0.0024931282,-0.003588885,-0.013185207,-0.0072852485,0.0070445575,0.0021581464,0.012963571,-0.0072406204,0.9998909,1.0011486,0.99397475,0.993403,0.99587464,0.996062,0.9994456,0.99546576,0.9991105,0.9992889,0.9979674,0.99191165,0.99770045,1.000437,0.99502015,0.99839526,0.9969889,0.998986,0.9972736,0.9964387
1.0,0.037237883,0.024957668,0.011050841,-0.029165935,-0.021207143,0.030209878,0.0030101016,-0.016005108,-0.014206823,0.000870822,0.011089049,0.045813248,-0.004806161,-0.008562505,-0.029624976,-0.017792694,0.018955495,0.006547302,0.03089752,-0.016690325,1.0032803,1.0046612,0.990899,0.9875844,0.99273896,0.9941624,1.0011595,0.9938288,1.0010636,1.0011395,1.0016756,0.989472,0.9996099,1.0032855,0.9938111,0.99843955,0.9942971,1.0012347,0.9959059,0.9934894
1.0,-0.0279712,-0.01646623,-0.007822984,0.020956827,0.0160735,-0.018781275,-0.003605459,0.011417336,0.011126105,-0.0011198409,-0.004080262,-0.033257406,0.005304478,0.0024165586,0.018963113,0.011478402,-0.015409652,-0.0025663488,-0.02356714,0.011055337,0.99100775,0.99165565,0.9984771,1.0022213,0.99716043,0.9983743,0.99895173,0.99844193,0.99617445,0.994609,0.99092036,0.9976182,0.9947524,0.9921069,0.9970623,0.99528205,1.0028278,0.99607676,1.0010228,1.0006067
1.0,0.03757112,0.025924608,0.011688147,-0.030057464,-0.02194605,0.030690216,0.002406545,-0.016515927,-0.014944684,0.00019776262,0.011496011,0.046787437,-0.0031484216,-0.010074556,-0.030483793,-0.019400164,0.019836511,0.0077760927,0.0314883,-0.016954197,1.003227,1.00417,0.99096465,0.98684543,0.9922327,0.9937058,1.0024554,0.99364424,1.0021503,1.0007769,1.0022835,0.9897067,1.0002275,1.0032098,0.9935886,0.99834543,0.9943882,1.0020996,0.99669576,0.9927381
1.0,0.039024748,0.025257748,0.010829785,-0.029665906,-0.021568319,0.030578721,0.0042086802,-0.01647043,-0.014243446,0.0012473427,0.011341684,0.04724042,-0.0076166242,-0.0069898963,-0.030106302,-0.01714595,0.019091342,0.00508273,0.03237977,-0.017117552,1.0039781,1.0058815,0.99080175,0.98777264,0.9934573,0.9949316,0.99972713,0.9944988,1.000351,1.0018076,1.0005344,0.98921955,0.99907446,1.0036647,0.99388736,0.99911314,0.9938693,1.0001743,0.9949135,0.994119
4.0,-0.025891632,-0.015717119,-0.0076586315,0.020006672,0.015219083,-0.017597575,-0.0029543638,0.010838442,0.01088858,-0.0007340498,-0.0036273487,-0.03129563,0.003936082,0.0031088889,0.01777725,0.011473171,-0.014884803,-0.0031550936,-0.022244584,0.010388308,0.9913949,0.9924366,0.9982003,1.0022916,0.9974875,0.9985067,0.9981687,0.99847245,0.9956913,0.9948015,0.99077207,0.9971027,0.99457645,0.9924341,0.99692416,0.99560815,1.0025914,0.99566454,1.0004117,1.0007788
4.0,0.037372343,0.02442491,0.010575017,-0.028656747,-0.020813728,0.029772088,0.0036801249,-0.015808152,-0.013761006,0.0012185499,0.010965593,0.045448285,-0.0065017864,-0.0072642043,-0.029151343,-0.016750023,0.018433634,0.0054025315,0.030907393,-0.016552005,1.0035398,1.0052752,0.9909328,0.98805463,0.99332035,0.9947026,1.0000806,0.9942306,1.0003831,1.0014924,1.0008941,0.9893478,0.9991434,1.0034208,0.9939468,0.99880254,0.9941607,1.0004392,0.99526846,0.99408025
1.0,-0.042991772,-0.026696764,-0.012581636,0.033361405,0.025118025,-0.03064575,-0.003939785,0.017648082,0.017927641,-0.0009191837,-0.008155763,-0.05214599,0.005438119,0.0064210445,0.031103276,0.019978471,-0.02438565,-0.0055369027,-0.037325125,0.017830633,0.9873511,0.988736,0.9993862,1.0057236,0.9970925,0.99978745,0.9971184,1.0001018,0.99365634,0.9928062,0.9866202,0.9992479,0.99300766,0.98824006,0.9977669,0.99392635,1.0050195,0.99363816,1.0010815,1.0027081
3.0,0.0041723326,0.0033550188,0.00088930316,-0.003168393,-0.001984037,0.0047619194,-0.00021513179,-0.0015569571,-0.0009577088,-0.00016889721,0.0037889816,0.0051422752,-0.0003477633,-0.0019280538,-0.0048580617,-0.0024982654,0.0011827648,0.0007321872,0.0035560802,-0.0023935845,0.9977906,0.99881005,0.9953998,0.9959008,0.99672574,0.99671084,0.99931335,0.99621606,0.99850374,0.99806845,0.996247,0.99335945,0.99699867,0.99854153,0.9955169,0.99792755,0.9985109,0.99827355,0.9983602,0.99754244
1.0,0.022821434,0.014908861,0.006075233,-0.017256677,-0.012428107,0.018493053,0.0021645315,-0.009413306,-0.007970225,0.00063939206,0.00790916,0.027539872,-0.004385084,-0.004331276,-0.018328372,-0.0101627335,0.0106571615,0.0027815662,0.019033127,-0.010265959,1.001339,1.002812,0.99311197,0.9918134,0.995433,0.9958841,0.9993205,0.9952586,0.9994543,1.0001812,0.99864566,0.99104846,0.99807096,1.0016239,0.9947581,0.9988469,0.99600357,0.99921256,0.99647176,0.99587476
3.0,-0.011725105,-0.0068148524,-0.0036991322,0.009144459,0.0071337014,-0.007060755,-0.0017114803,0.005100916,0.0053340793,-0.0004372634,-6.376952e-05,-0.014196064,0.0019245893,0.00084652007,0.007079214,0.0049418584,-0.007340044,-0.0014617182,-0.0100469515,0.0043573463,0.9945322,0.99554497,0.9969841,0.9994357,0.9974315,0.99767476,0.99863064,0.99736255,0.9970089,0.99639755,0.9934987,0.9952831,0.9957019,0.99551326,0.9962783,0.9968476,1.0006448,0.9969051,0.9994716,0.99932516
1.0,0.056121133,0.036803458,0.016416125,-0.04319444,-0.031637944,0.043850157,0.0059890486,-0.024332749,-0.021252956,0.0017618407,0.014882535,0.068501145,-0.009857118,-0.010968573,-0.042900655,-0.025244694,0.028390486,0.008700725,0.046123736,-0.024550024,1.0062197,1.0084399,0.9880058,0.9828489,0.990237,0.99340254,1.0010552,0.993579,1.0016904,1.0030944,1.0029278,0.98742634,1.0004661,1.0051796,0.99274784,0.99870867,0.9918766,1.0017612,0.993771,0.99177533
1.0,-0.024337292,-0.015220918,-0.0075221574,0.019271046,0.014545785,-0.016556293,-0.0024657324,0.010413744,0.010698479,-0.00028092228,-0.0033579841,-0.029842544,0.0028185323,0.0037092194,0.01691296,0.011661902,-0.014544487,-0.0036159232,-0.021330334,0.0097894315,0.99167824,0.9930629,0.9979173,1.0023842,0.99770343,0.99861455,0.9974726,0.9984832,0.9952031,0.99503124,0.9907578,0.9966905,0.99435186,0.9927477,0.9969286,0.99576336,1.0023818,0.9953214,0.99992454,1.0010138
1.0,-0.005240619,-0.0020652562,-0.0013835235,0.0034557171,0.0030075512,-0.0019105375,-0.0016503371,0.0021126512,0.0021713004,-0.0007664766,0.0016881488,-0.0057498254,0.0022962764,-0.0014104247,0.0017363653,0.000794664,-0.003243424,0.0003396012,-0.0040218607,0.0013999923,0.995963,0.99653167,0.9965064,0.99750555,0.9968875,0.99698615,0.9998883,0.99666685,0.99843204,0.9970457,0.9952503,0.99473244,0.9966722,0.9969168,0.99598014,0.9972191,0.99977314,0.9981563,0.99961144,0.9981404
1.0,0.038783748,0.025427204,0.011111747,-0.029847842,-0.02166872,0.031166589,0.0036823414,-0.01641755,-0.014360979,0.0013938826,0.011178289,0.04727558,-0.0063533485,-0.007806003,-0.030308537,-0.017437797,0.019268882,0.00594176,0.031906568,-0.017233863,1.0035745,1.0053312,0.9905826,0.98764104,0.9928429,0.9943715,1.0002916,0.9939034,1.0004084,1.0015134,1.0014138,0.9891139,0.9992808,1.0034877,0.9938167,0.99854416,0.9940161,1.0007025,0.9951736,0.99381536
1.0,-0.0011720806,-0.00013377517,-0.00071696937,0.0010683909,0.0011590035,0.00078650936,-0.000699088,0.00076329336,0.001235988,-0.00021112524,0.0024817176,-0.0014293082,0.0003607422,-0.00091794133,-0.00082758814,9.171665e-05,-0.0017261021,-9.236857e-05,-0.0010749474,-8.40358e-05,0.9966491,0.99771774,0.995908,0.997169,0.99701035,0.99700785,0.998996,0.99656,0.99789923,0.9974671,0.99532306,0.9939597,0.9965157,0.997491,0.9957134,0.9975565,0.9992197,0.99776727,0.99866563,0.99815404
2.0,0.015114479,0.010315284,0.0040776003,-0.011653941,-0.008273527,0.01292018,0.00096571445,-0.006242715,-0.0052549355,0.00013983063,0.0063102283,0.018446855,-0.002208896,-0.003710188,-0.012946162,-0.007386178,0.00693227,0.002227638,0.0127846,-0.0070723835,0.999913,1.0010419,0.9941357,0.99337924,0.9959435,0.9961156,0.9996574,0.99555284,0.9993514,0.9992727,0.99790156,0.99205554,0.99779665,1.0004468,0.9950777,0.99847245,0.997052,0.9990869,0.9974821,0.99639255
3.0,-0.021222413,-0.012105115,-0.005931574,0.015731154,0.012187652,-0.014051791,-0.003050536,0.008628745,0.008396734,-0.001318546,-0.0021971911,-0.025055174,0.004529536,0.0011726841,0.013788097,0.007962376,-0.0116946995,-0.0017415546,-0.01749795,0.008310623,0.992631,0.9931291,0.99810916,1.0007724,0.99729973,0.99802697,0.9994131,0.99798113,0.9971504,0.99531496,0.9920675,0.99682367,0.99547684,0.99359685,0.99665743,0.9961203,1.0019312,0.9967582,1.0007108,0.999761
3.0,0.004201241,0.003484387,0.000996409,-0.0033366047,-0.0020940523,0.0048733763,-0.0003296025,-0.00162833,-0.0010860935,-0.00024136901,0.003826227,0.005287271,-7.529557e-05,-0.0021611825,-0.0049770996,-0.0027207173,0.001308728,0.00092859566,0.0036577731,-0.002454575,0.9977944,0.99873096,0.99540585,0.9957961,0.99664575,0.99663955,0.9995106,0.99616075,0.99864817,0.99806833,0.9963855,0.9933959,0.9970851,0.99857324,0.99552965,0.9978797,0.9985066,0.9984268,0.9984783,0.9974422
4.0,-0.025534116,-0.015473209,-0.007546232,0.019712588,0.015004754,-0.017324332,-0.002940964,0.010686771,0.010729302,-0.0007434916,-0.0035303645,-0.030846667,0.003926672,0.0030160025,0.017491996,0.011269666,-0.01467327,-0.0030860044,-0.021917216,0.01023157,0.99148,0.992505,0.9981781,1.0022049,0.99748355,0.998477,0.99821204,0.9984374,0.9957526,0.99484193,0.9908607,0.99706507,0.9946196,0.99251914,0.99690616,0.99564135,1.0025413,0.99571854,1.000407,1.000727
3.0,0.022500947,0.014931351,0.0061616097,-0.017219458,-0.0123847835,0.018467465,0.0018874891,-0.009346526,-0.008016285,0.00051820464,0.007875819,0.027342048,-0.0037167892,-0.004768148,-0.018299848,-0.010417972,0.010710746,0.0031605922,0.0188004,-0.010194561,1.0011734,1.0025195,0.99312454,0.99171394,0.9952322,0.99568164,0.99969864,0.9951026,0.9996568,1.0000141,0.99890727,0.9911221,0.9982119,1.0015141,0.9947016,0.9986811,0.9960808,0.99948055,0.9967054,0.99567634
3.0,-0.019738682,-0.011733726,-0.0058994843,0.015213238,0.011674476,-0.013100665,-0.0024971403,0.008312459,0.008387525,-0.00079266727,-0.0019901134,-0.02378824,0.003291145,0.0019293725,0.013046972,0.008341648,-0.011481468,-0.0023114942,-0.016789362,0.0078076404,0.99281806,0.99373823,0.99777585,1.0009689,0.99751437,0.9981199,0.99857336,0.997984,0.996488,0.99546236,0.99198335,0.99637,0.995187,0.9937942,0.9965808,0.996244,1.0017548,0.99632293,1.0001187,1.0000296
1.0,-0.021900482,-0.014249347,-0.007211053,0.017973281,0.013462238,-0.014882863,-0.0018598028,0.009702199,0.010266051,0.00022538751,-0.0028913952,-0.027410615,0.0015042052,0.004248239,0.015422359,0.011534706,-0.013797145,-0.00405005,-0.01974567,0.008877765,0.9920668,0.9938566,0.99748105,1.0023539,0.9979003,0.9986441,0.9967107,0.99841434,0.99467593,0.9953062,0.990854,0.99612993,0.99414146,0.9931523,0.9968118,0.9959553,1.0020467,0.995002,0.9992937,1.0011555
1.0,0.006325282,0.0042056926,0.0011731917,-0.0044184737,-0.0029666354,0.006157104,0.00044618547,-0.0022868626,-0.0014182217,0.0002957657,0.0041448325,0.007348966,-0.0018504411,-0.0012892559,-0.0060636625,-0.002500452,0.001816731,0.00023111701,0.0051262826,-0.003248994,0.998302,0.9996533,0.9950818,0.9958238,0.99692833,0.9969325,0.99854225,0.9963,0.9980451,0.99854225,0.99613816,0.9929303,0.99677217,0.9990177,0.99559677,0.9981657,0.9981611,0.99787503,0.9977354,0.99780965
3.0,0.015835874,0.010491531,0.0040436406,-0.011828989,-0.0084024295,0.013389926,0.0013046004,-0.0063453596,-0.0052248947,0.0004517492,0.00631959,0.019056287,-0.0029652938,-0.0033176616,-0.0132530555,-0.007122636,0.0070533976,0.0019117147,0.01310914,-0.007280779,0.9999337,1.0013249,0.9939274,0.99346673,0.995956,0.99614406,0.9991705,0.9955331,0.99893016,0.9993082,0.99778897,0.9918309,0.9975884,1.000417,0.9949613,0.9984788,0.9969415,0.99877036,0.997061,0.9965391
1.0,-0.04328449,-0.027187862,-0.012829225,0.033900496,0.025413392,-0.030828848,-0.0037683994,0.017911406,0.018339887,-0.0005845893,-0.008338738,-0.052779708,0.0049830824,0.0069668293,0.031502627,0.020738773,-0.024864597,-0.005911287,-0.037975866,0.017964281,0.9871445,0.9887981,0.9992259,1.0060406,0.99712366,0.9998543,0.996632,1.0001585,0.9931511,0.99273455,0.98644745,0.9991326,0.9927367,0.9880895,0.9978061,0.99380064,1.0050783,0.9933271,1.0008597,1.0029676
4.0,-0.038624674,-0.023702368,-0.0111700995,0.029736197,0.022486651,-0.027060486,-0.0039158873,0.015868967,0.015920646,-0.00091994554,-0.006992422,-0.04663043,0.005509056,0.0051861927,0.027528629,0.017503351,-0.021736724,-0.004605558,-0.033346124,0.015804429,0.98840046,0.989561,0.9990993,1.0047184,0.99711174,0.9993043,0.9976774,0.99955076,0.99436307,0.99333674,0.98804754,0.99877155,0.99349797,0.9894063,0.9975607,0.99426746,1.0043628,0.99441177,1.0011016,1.0020932
2.0,0.031977672,0.021114133,0.009047195,-0.02461556,-0.017849721,0.025615526,0.0029137135,-0.013521699,-0.011789173,0.000753833,0.009963706,0.038967233,-0.0051825196,-0.0066061616,-0.025329597,-0.014789391,0.015768554,0.004744731,0.026659392,-0.014230493,1.002715,1.0042034,0.99181676,0.98927563,0.9940396,0.9950174,1.0001919,0.9945554,1.0003843,1.00089,1.0002172,0.99006486,0.99893576,1.0027542,0.9941736,0.9988327,0.99486727,1.0002472,0.9959636,0.99450487
2.0,-0.004250288,-0.0021465197,-0.0016256906,0.0034707375,0.002923227,-0.0015189461,-0.00095622987,0.0020547695,0.0024757087,-0.00022576004,0.0017307885,-0.0052040555,0.000702478,-0.00028445572,0.0015169755,0.0016188249,-0.0034244284,-0.0005845912,-0.0037228838,0.0012116584,0.99605685,0.9971379,0.99622357,0.9978927,0.9972004,0.9972408,0.99879205,0.9968123,0.99757177,0.997189,0.9947694,0.99431944,0.99623793,0.99695295,0.9959072,0.99737734,0.99963087,0.997462,0.9988608,0.9985592
4.0,-0.014906704,-0.008791044,-0.0045658527,0.011559529,0.0089389635,-0.009351939,-0.0020461902,0.0064046625,0.0065566413,-0.00048953854,-0.0008652061,-0.018012334,0.0024860948,0.0012805983,0.0094393045,0.0063691586,-0.008997545,-0.0017805956,-0.012790009,0.005687421,0.9938118,0.99481684,0.9972483,1.0000741,0.99743223,0.9978074,0.99857277,0.9975546,0.99672204,0.9960259,0.99299306,0.9956862,0.99545926,0.99483645,0.9964112,0.9965366,1.0010765,0.9966794,0.9997122,0.9996268
1.0,-0.02376885,-0.012863323,-0.0060604652,0.016643956,0.01304248,-0.015788924,-0.00386139,0.009147289,0.008429568,-0.0021351092,-0.002567429,-0.027303029,0.0062644556,0.00017284602,0.015180938,0.0075651407,-0.012187447,-0.000989534,-0.018689342,0.00914156,0.9924615,0.9922759,0.99872035,1.0005003,0.99707973,0.99807084,1.0006334,0.99813575,0.998228,0.9952349,0.9920438,0.9975878,0.99588627,0.99339557,0.996949,0.99603665,1.0022094,0.99732494,1.0016468,0.9995133
4.0,-0.03558123,-0.021762356,-0.010326843,0.027396718,0.020747444,-0.024825707,-0.0037101395,0.014665485,0.014693778,-0.0009287074,-0.0061579756,-0.042944517,0.0051952675,0.0046397448,0.02517175,0.01597844,-0.020060604,-0.0042382516,-0.030640986,0.014524555,0.989145,0.990244,0.998926,1.0041234,0.99723816,0.9991059,0.9978499,0.99928546,0.9947454,0.9936811,0.9887151,0.99838454,0.9937922,0.9901466,0.9973847,0.9946304,1.0039414,0.99474394,1.0009682,1.001751
3.0,0.016801395,0.011526208,0.0046409285,-0.013031725,-0.009292005,0.014201682,0.0010704771,-0.00701138,-0.0059998184,8.4651634e-05,0.00672964,0.020593166,-0.002265036,-0.0042165965,-0.014276218,-0.008364581,0.007947035,0.002644226,0.014247559,-0.0077984063,1.0002053,1.0012958,0.9939597,0.9928775,0.99572176,0.99594873,0.9999019,0.99542296,0.9996378,0.9993639,0.99822134,0.9919026,0.99800473,1.0006739,0.99494064,0.99853915,0.9968531,0.9993112,0.99744385,0.9961009
2.0,0.005822845,0.004134249,0.0011895364,-0.00417969,-0.002746726,0.0060048066,0.0001462698,-0.0021028165,-0.0013563596,0.00016866624,0.004042182,0.0069231354,-0.0011135563,-0.0017466098,-0.0059012026,-0.0027008392,0.0017979704,0.0006180592,0.004697196,-0.0030625954,0.9980333,0.99926984,0.9950856,0.9957614,0.99668324,0.9966787,0.9989278,0.9961129,0.9982035,0.99827933,0.9963904,0.99302477,0.99689674,0.99878407,0.99545723,0.9979547,0.99827105,0.9981305,0.9979521,0.997583
4.0,-0.013841286,-0.008080773,-0.004255696,0.010717617,0.008317612,-0.008615524,-0.0019585975,0.005945801,0.006111268,-0.00054178946,-0.0005683191,-0.016699571,0.0023744777,0.0010602921,0.008622147,0.005783275,-0.00839537,-0.0016273744,-0.011815213,0.005254023,0.9940721,0.99504095,0.9971941,0.9998201,0.9974334,0.9977576,0.99866945,0.9974948,0.9969028,0.9961377,0.9931602,0.99557686,0.9955857,0.99506295,0.99634826,0.99667066,1.0009367,0.9967949,0.9996729,0.9994821
2.0,-0.0063261613,-0.0032303557,-0.0020516291,0.0048256814,0.003957347,-0.0029695295,-0.0013451092,0.0028018523,0.003070116,-0.0004494544,0.0012983195,-0.007510949,0.0014771745,-0.00035260618,0.0029052123,0.0021509305,-0.004299462,-0.00052061304,-0.0053133145,0.0020250448,0.99567264,0.9965789,0.9965016,0.99814904,0.99717873,0.99726766,0.999086,0.99689925,0.99770474,0.9969507,0.9946115,0.99467295,0.99624735,0.9966024,0.99600774,0.9972199,0.999918,0.9975398,0.99923456,0.9986111
3.0,-0.022706151,-0.013671428,-0.006742536,0.017539084,0.013395382,-0.0151732415,-0.0027393438,0.00955953,0.009609185,-0.0006865375,-0.0028158166,-0.027416851,0.003628768,0.0024932995,0.015319988,0.009915844,-0.013131693,-0.002693355,-0.019488968,0.009021972,0.99208665,0.993092,0.9979298,1.0016313,0.99746233,0.9982577,0.9983509,0.99816525,0.99602914,0.9951316,0.9914891,0.99669945,0.9948599,0.9931293,0.9967442,0.9958689,1.0021532,0.99601346,1.0002439,1.0004032
2.0,-0.00964801,-0.005524449,-0.003138016,0.0075873323,0.00597439,-0.0055468976,-0.0014903918,0.004262221,0.004551921,-0.00038550794,0.00044293702,-0.0117090605,0.0015616417,0.00055505335,0.0055404976,0.0040244684,-0.0062576607,-0.0012418143,-0.008287229,0.0034948078,0.99496865,0.9960025,0.99678713,0.99901843,0.99739563,0.99756545,0.99866176,0.99721885,0.9971676,0.99661386,0.9938358,0.99501294,0.99585056,0.99591744,0.99616706,0.99702185,1.0003657,0.9970456,0.99929583,0.9991203
4.0,-0.039704308,-0.024495065,-0.0115289735,0.030683015,0.023155365,-0.02782987,-0.0039210357,0.016352057,0.01646425,-0.0007858258,-0.007333316,-0.048034873,0.005448498,0.0055544525,0.028427295,0.018271953,-0.022441644,-0.0048485883,-0.034455836,0.016258894,0.9880844,0.989363,0.99909276,1.0050219,0.9970726,0.99938416,0.9974454,0.9996466,0.9940502,0.9931968,0.98778653,0.9988524,0.99330443,0.9891108,0.997627,0.99409986,1.00452,0.99419284,1.0010595,1.002299
1.0,-0.009654924,-0.005275935,-0.0029745707,0.0073339418,0.0058245226,-0.0055303983,-0.0016773865,0.00413304,0.0043163225,-0.0006417334,0.00054270774,-0.011497308,0.0020369366,0.00011768192,0.0053748563,0.003525734,-0.006011814,-0.00091517717,-0.008045636,0.0034604848,0.99503446,0.9958736,0.9968958,0.99880064,0.99732006,0.9974927,0.9990711,0.99718803,0.9975508,0.9965978,0.99397284,0.9951356,0.9960522,0.99596405,0.9961555,0.99705374,1.0003712,0.99730426,0.9995374,0.9989175
3.0,0.04551557,0.029847808,0.0131571675,-0.035057884,-0.025563728,0.03599609,0.0045590065,-0.019500704,-0.017049808,0.0014366489,0.012693241,0.055514622,-0.0076660886,-0.0090205595,-0.03520911,-0.020565066,0.02281576,0.00697669,0.037531964,-0.020048566,1.0047047,1.0065796,0.989675,0.9857973,0.99197054,0.99404675,1.0006269,0.99380004,1.0010107,1.002166,1.0019896,0.98847485,0.99979424,1.0042558,0.9934352,0.9987349,0.9931803,1.001151,0.9946789,0.99300647
3.0,-0.017992765,-0.010812759,-0.0054970505,0.014003145,0.010736948,-0.011780165,-0.002234675,0.0076742684,0.007832099,-0.00056918524,-0.0016161054,-0.021817464,0.002735287,0.0019406974,0.011832476,0.007883906,-0.010724213,-0.0023143366,-0.015440047,0.007053828,0.99316955,0.9942141,0.99754757,1.0007595,0.9975576,0.9980761,0.9983606,0.9978768,0.9963979,0.99570465,0.9922462,0.9960682,0.99518335,0.99418104,0.99655974,0.9963541,1.0015002,0.99631804,0.9998661,0.9999981
3.0,-0.00173603,-0.00041486323,-0.0007971814,0.0013676547,0.001378614,0.00043097138,-0.0008265488,0.00092853047,0.0013488121,-0.0002560448,0.0023689307,-0.002023168,0.0005893707,-0.0009394139,-0.00046069175,0.00023694336,-0.001957871,-4.8231333e-05,-0.001476787,8.215965e-05,0.9966068,0.99759567,0.9960061,0.99722946,0.99702805,0.99704295,0.9990919,0.9965946,0.9979703,0.9974703,0.9953361,0.99406505,0.9965299,0.99748605,0.99582297,0.9975281,0.9992938,0.9978169,0.99880993,0.9982029
2.0,-0.0028064325,-0.0012127534,-0.0011922633,0.0023246184,0.0020732242,-0.00041343272,-0.00083084777,0.0014374815,0.0018827729,-0.00018337369,0.002073899,-0.0034292564,0.00050647557,-0.00054547936,0.000426583,0.00094906986,-0.0026416555,-0.00036446378,-0.0024827272,0.0005711301,0.9963704,0.997443,0.9960824,0.9975652,0.99713165,0.99715567,0.99886054,0.99670196,0.9977138,0.9973629,0.9950544,0.9941466,0.9963566,0.9972575,0.99586785,0.9974697,0.99943453,0.9975959,0.9987718,0.9984123
4.0,0.029766973,0.019589785,0.008321505,-0.022820786,-0.016516972,0.02397464,0.0027308054,-0.012497552,-0.0108402595,0.00081402063,0.009421617,0.036198486,-0.0050061196,-0.0060262606,-0.02363025,-0.013582695,0.014515031,0.0042706393,0.024756037,-0.013296266,1.0023606,1.0038685,0.9920973,0.98993057,0.994354,0.995199,0.9999275,0.99466324,1.0000756,1.0007206,0.9999136,0.9902624,0.99869496,1.0024878,0.99432594,0.99879086,0.99514216,0.99997985,0.99604034,0.9948707
3.0,0.024656225,0.016679127,0.0071096863,-0.019348074,-0.013972808,0.020160388,0.0018163249,-0.010541467,-0.009251576,0.00021122582,0.008547779,0.030303342,-0.003300093,-0.0058074594,-0.020176433,-0.012118928,0.012177445,0.004012998,0.020918876,-0.011221654,1.0016487,1.0027423,0.99297607,0.99084646,0.99487084,0.9954445,1.0004275,0.9949482,1.0004027,1.0002291,0.99944085,0.9910481,0.9986872,1.0019505,0.9946623,0.99875677,0.99582714,1.0000787,0.9969681,0.99513537
1.0,0.0023597106,0.0007555634,-0.00059186295,-0.00050694495,-0.00018903613,0.0029392578,0.00077117234,-0.00021113828,0.00089525804,0.0009857714,0.0029181167,0.0017577261,-0.0031067654,0.001034312,-0.00245817,0.0010348633,-0.0011732765,-0.0016168281,0.0011247844,-0.0014181209,0.9974899,0.9994342,0.9952449,0.9974591,0.99761117,0.9976158,0.99692535,0.9968449,0.9965016,0.9983718,0.9948192,0.99304813,0.99576706,0.99828744,0.99593526,0.9980216,0.9986185,0.99658996,0.9972045,0.99904764
3.0,0.018134959,0.012403194,0.0050764084,-0.014113728,-0.0100801885,0.015295742,0.00115408,-0.00758864,-0.0065494925,0.0001390148,0.0070169605,0.022249527,-0.0023426637,-0.00454811,-0.015306827,-0.009009395,0.008677248,0.0029330328,0.015341066,-0.008388251,1.0003874,1.001484,0.99374646,0.9925359,0.9955159,0.99579513,1.0000174,0.9952705,0.99972975,0.999481,0.998509,0.99173486,0.9981193,1.0008595,0.9948693,0.99849683,0.9966763,0.99948364,0.9973596,0.99590105
3.0,0.03567365,0.023226842,0.010011539,-0.027273271,-0.019771006,0.028617434,0.0035170093,-0.014983015,-0.013005752,0.0013590492,0.01050273,0.043315023,-0.006332636,-0.006812364,-0.027850505,-0.01574346,0.017454583,0.0050629117,0.029376395,-0.015858086,1.0032256,1.0049965,0.99109674,0.98859566,0.99351853,0.99479115,0.9998393,0.99422586,1.0000532,1.0013614,1.0007652,0.9894485,0.998933,1.0032153,0.99406934,0.9986965,0.99437016,1.0002384,0.99528277,0.99438256
1.0,-0.02804511,-0.017050862,-0.008214378,0.021624096,0.016424483,-0.019014195,-0.0031889006,0.011710689,0.01171612,-0.00065535866,-0.0042407997,-0.03386076,0.0043125004,0.0033994094,0.019385993,0.012539588,-0.016016807,-0.0033018626,-0.024197187,0.011218663,0.99085915,0.99192494,0.99829507,1.0027109,0.9973741,0.998563,0.99809426,0.9985755,0.99541,0.9945607,0.99052256,0.99736935,0.9943662,0.99196017,0.99705684,0.99529046,1.0028816,0.99551064,1.0005585,1.0010221
4.0,0.019162685,0.012803759,0.005187439,-0.014644407,-0.010477373,0.015991045,0.0014884286,-0.007896395,-0.0067165755,0.00041041337,0.0071350746,0.023283407,-0.0030828342,-0.004239641,-0.01586109,-0.0089599155,0.008971911,0.0027016997,0.016016081,-0.008773107,1.0005602,1.0018495,0.9935463,0.99251354,0.99554414,0.995854,0.9996119,0.9952693,0.9994288,0.9996529,0.9984689,0.9915087,0.997984,1.0009992,0.9948442,0.998553,0.9965182,0.99926424,0.996999,0.9960199
2.0,-0.004028283,-0.001857534,-0.001458901,0.0031464472,0.0026973034,-0.0013012215,-0.0010455959,0.0018852465,0.0022488907,-0.0003296286,0.0018276796,-0.0048014857,0.0009395629,-0.0005673319,0.0012517571,0.0012622178,-0.0031637363,-0.00035112724,-0.003418684,0.0010698934,0.9961448,0.9971202,0.9962556,0.99772406,0.9971367,0.99717957,0.9990227,0.9967644,0.9977932,0.99720913,0.99493027,0.99435353,0.9963623,0.99703866,0.995909,0.99739826,0.9996076,0.9976262,0.9989828,0.998441
4.0,-0.03972222,-0.02442202,-0.011478904,0.030598491,0.023120685,-0.027832128,-0.0039838366,0.016315602,0.016381769,-0.0008712951,-0.007313065,-0.047975246,0.0055973306,0.005410105,0.028387785,0.018111356,-0.022361936,-0.004746493,-0.034366176,0.016252728,0.98811007,0.98931736,0.9991334,1.0049504,0.9970493,0.9993663,0.99757904,0.99963623,0.9941754,0.9932085,0.9878258,0.9988983,0.9933657,0.98913133,0.99763024,0.9941071,1.0045139,0.9942763,1.0011319,1.0022359
3.0,0.027505286,0.018160619,0.0076651974,-0.02110307,-0.015253212,0.022255832,0.002452094,-0.011531629,-0.009985909,0.00069593824,0.008957285,0.033460613,-0.0045683905,-0.0056646243,-0.021986902,-0.012640912,0.013351295,0.003946189,0.02292987,-0.012338488,1.0020132,1.003451,0.99243957,0.99047214,0.9946409,0.9953529,0.9998902,0.99480176,0.9999895,1.0005044,0.9996142,0.99054164,0.9985643,1.0022085,0.994453,0.99877787,0.9954362,0.999845,0.996276,0.995111
2.0,-0.0011846423,-0.00018529594,-0.0007183347,0.0010592416,0.0011381293,0.000823766,-0.00068404153,0.0007592868,0.0012415498,-0.00013114698,0.002454441,-0.0014571138,0.00027899444,-0.00082523376,-0.0007906407,0.00021363795,-0.0017818436,-0.00013421848,-0.0011100918,-0.00013055722,0.9966905,0.9977694,0.99590033,0.99720913,0.9970419,0.9970495,0.99892074,0.996574,0.9978411,0.9975447,0.99535424,0.99394345,0.99647856,0.9975696,0.9958044,0.99755067,0.99921256,0.99774104,0.99865365,0.99823624
1.0,-0.006672345,-0.0039543286,-0.002452082,0.0055114776,0.0043890746,-0.003310591,-0.0010142811,0.0031513479,0.0036099218,-1.611188e-06,0.001051195,-0.008341204,0.00056667626,0.0005886629,0.0035021678,0.0032620057,-0.004980471,-0.0012414567,-0.005984299,0.0022180916,0.99555844,0.9968024,0.9963688,0.9986335,0.9974085,0.9975109,0.9982866,0.99705577,0.9969938,0.99705374,0.99423015,0.9945089,0.99583966,0.9965452,0.9961449,0.9971829,0.99992955,0.9970209,0.99883246,0.99907374
2.0,-0.012523025,-0.007237524,-0.003881366,0.009698406,0.007564481,-0.007652119,-0.001842089,0.005401848,0.005586464,-0.0005405694,-0.00023219362,-0.015098203,0.002200976,0.00082434714,0.0076231733,0.0051415637,-0.0076807924,-0.0014562123,-0.010664709,0.0047044037,0.9943541,0.99531555,0.9970819,0.9995335,0.99740696,0.9976782,0.9987363,0.99739695,0.9970462,0.996274,0.9933878,0.9954177,0.9957018,0.9953264,0.9962752,0.9967831,1.0007569,0.9969152,0.99958867,0.99932516
3.0,-0.019409731,-0.0117106885,-0.0058961427,0.015093833,0.011542639,-0.0128303915,-0.002351161,0.008247459,0.0083915815,-0.0005817618,-0.0019768663,-0.023532603,0.0029112995,0.0021911636,0.012910485,0.008564778,-0.011489179,-0.002494961,-0.016669713,0.0076480526,0.9928678,0.993919,0.9976713,1.0010543,0.9975737,0.99817,0.99829495,0.997994,0.9962552,0.9955563,0.9919781,0.99624604,0.9950633,0.9938882,0.9966393,0.9962369,1.0016963,0.99618286,0.99995637,1.000164
1.0,0.021904543,0.016314674,0.0073921126,-0.018698867,-0.013478102,0.019138552,0.00019189343,-0.010014152,-0.00944471,-0.00066153705,0.008283209,0.028215006,0.00042229146,-0.008041225,-0.019299615,-0.01328589,0.012099866,0.006003525,0.019204997,-0.010600102,1.0010862,1.0012518,0.99342585,0.9903378,0.9941295,0.994726,1.0026071,0.9944636,1.001919,0.99958795,1.0007163,0.9917656,0.9994989,1.0016437,0.99475765,0.9982162,0.99634814,1.0015107,0.9985913,0.99438137
1.0,-0.015142627,-0.009139501,-0.0047812564,0.01196125,0.009197906,-0.009652521,-0.0018951073,0.006591364,0.0068456978,-0.00036989525,-0.0009619817,-0.018486973,0.0021159127,0.0016852841,0.009763196,0.0068225265,-0.009326961,-0.0021110438,-0.013143338,0.0058617406,0.9937374,0.9948822,0.9972265,1.0002882,0.99754554,0.99792075,0.9982545,0.9976514,0.9964555,0.9960043,0.9927428,0.9956372,0.99530786,0.99474263,0.9964138,0.99656236,1.0011142,0.9964413,0.9995499,0.99979556
4.0,-0.040974826,-0.025212355,-0.011831234,0.031562485,0.023841035,-0.028795503,-0.0040563047,0.016801909,0.01688778,-0.0009011589,-0.0076452196,-0.049489874,0.0057182238,0.0056335554,0.029363021,0.018710531,-0.023047512,-0.0049049444,-0.035457753,0.016800676,0.98781246,0.9890364,0.99922127,1.0051844,0.9970014,0.99946195,0.9975203,0.9997598,0.99404365,0.9930609,0.98750836,0.9990642,0.9932603,0.9888146,0.99769175,0.99398124,1.0046926,0.99413365,1.0011841,1.0023651
2.0,0.021971174,0.014428452,0.005909707,-0.016670827,-0.011963105,0.018133802,0.00191864,-0.009012746,-0.0076700076,0.0007045269,0.0076565742,0.026575573,-0.0038803816,-0.0044398755,-0.017814249,-0.009855684,0.010290161,0.0029068068,0.018206887,-0.009957312,1.0010045,1.0024632,0.99309,0.9919817,0.99528384,0.9957163,0.99942845,0.99508464,0.99933195,0.99998724,0.99880826,0.9910908,0.99803615,1.001396,0.99473184,0.9985743,0.99612516,0.9993018,0.99656814,0.9958513
1.0,0.033077903,0.022198599,0.009648252,-0.025743004,-0.018690607,0.026742103,0.0026883557,-0.014116993,-0.012470618,0.0006029196,0.010263972,0.04059919,-0.004445493,-0.0075743943,-0.026456695,-0.015902732,0.016706657,0.0055908076,0.027569175,-0.014786078,1.0027071,1.0040476,0.99162066,0.9887111,0.9935267,0.9946024,1.000837,0.9942586,1.0008315,1.0007163,1.0008081,0.9900014,0.9992665,1.0027454,0.99395454,0.9986392,0.99480945,1.0007445,0.9961948,0.99401706
3.0,0.009924941,0.00710506,0.0025949627,-0.0076999813,-0.005351571,0.008918095,0.0003697835,-0.0040799547,-0.0033011772,-0.00019530393,0.0052175,0.012194984,-0.0012148172,-0.0029760227,-0.009159453,-0.0053062327,0.004292611,0.0015613325,0.008571379,-0.004825333,0.99900436,0.9999914,0.9948546,0.99449855,0.9964043,0.996443,0.9996446,0.99594074,0.9991769,0.99869984,0.997059,0.9927464,0.9975164,0.9995964,0.99527574,0.99835414,0.99775034,0.998768,0.9980143,0.99686617
2.0,-0.003712751,-0.0016318783,-0.001342521,0.0028659217,0.002495464,-0.0010245293,-0.0010479279,0.0017436426,0.0020965077,-0.00032604486,0.0019028075,-0.0043905787,0.0009643659,-0.0006791651,0.0009899884,0.0010767356,-0.0029681884,-0.00025598332,-0.0031398982,0.0009172878,0.9961999,0.9971607,0.9962156,0.997633,0.9970934,0.99713504,0.9990783,0.99671835,0.9978422,0.99724185,0.9950324,0.99432075,0.99640095,0.99710304,0.99589854,0.99739164,0.9995622,0.9976903,0.99898446,0.9983849
1.0,0.005679518,0.0040293373,0.0011231769,-0.0040546916,-0.002666946,0.0058036447,0.00017993152,-0.0020588916,-0.0012969524,0.00012993626,0.0040338486,0.0067334734,-0.0012040213,-0.0016435385,-0.005761616,-0.0026206486,0.0017021634,0.0005215667,0.0046229586,-0.0029864653,0.9980744,0.999305,0.9951547,0.9958013,0.99677145,0.99676347,0.99888533,0.9961967,0.99822575,0.9983003,0.9962745,0.99305946,0.99688464,0.9987974,0.99549013,0.9980358,0.99829006,0.99807036,0.99795955,0.9976389
2.0,-0.007036276,-0.0037822723,-0.002333927,0.0054914746,0.0044364696,-0.0035578012,-0.0013201013,0.0031482205,0.0034504496,-0.00039353222,0.001099199,-0.008467618,0.0013634637,-4.463643e-05,0.0035151318,0.0026619807,-0.004778255,-0.0007712357,-0.0059966594,0.0023650306,0.99551135,0.9964919,0.99654925,0.9983881,0.9972578,0.9973584,0.9988949,0.99698627,0.9975078,0.9968752,0.9943821,0.9947198,0.99611765,0.99643594,0.9960313,0.99719054,1.0000138,0.99736077,0.9991843,0.99876475
1.0,-0.015564747,-0.009328827,-0.004839902,0.012198569,0.009388081,-0.00991106,-0.0019997284,0.0067274133,0.006933622,-0.0004191585,-0.0010552555,-0.01892301,0.002329573,0.0016147271,0.010025337,0.006891988,-0.009474549,-0.002045434,-0.013451643,0.006007037,0.9936573,0.9947493,0.99728066,1.0003128,0.99750817,0.99790776,0.99835676,0.9976515,0.9965078,0.99595934,0.9927507,0.9957201,0.99532366,0.9946762,0.9964426,0.99650854,1.0011703,0.996488,0.9996478,0.9997895
4.0,-0.021482043,-0.012914225,-0.0064117396,0.016597701,0.012686869,-0.014313877,-0.002611179,0.009053625,0.009125151,-0.0006838329,-0.0024877973,-0.025947783,0.0034023672,0.0023396835,0.014408454,0.009354562,-0.012492754,-0.002592545,-0.018398978,0.008508412,0.99239904,0.9933952,0.99785846,1.0013916,0.9975095,0.9982291,0.9983749,0.9981076,0.9961668,0.99529713,0.9916748,0.9965471,0.9949607,0.99342763,0.99671084,0.99602425,1.0019827,0.99610054,1.0001652,1.0002971
3.0,-0.008978285,-0.005008571,-0.002863043,0.0069627464,0.0055342563,-0.004921101,-0.0015406273,0.003957308,0.0042015985,-0.00039728358,0.0006060116,-0.010807093,0.0017225519,0.00023132563,0.0049502105,0.0035596564,-0.005803045,-0.000969965,-0.0076861456,0.0031621458,0.9950694,0.99604774,0.996698,0.9988005,0.99727327,0.9974289,0.9988446,0.9970858,0.9973068,0.99666363,0.9941162,0.994953,0.9959586,0.99604857,0.9961274,0.99698424,1.0002708,0.9972359,0.99933374,0.99895936
3.0,-0.00018973649,0.00040676072,-0.0004750872,0.0003514886,0.00060665235,0.00150555,-0.00053210184,0.00036170334,0.0008967146,-9.64459e-05,0.002687674,-0.00029310584,6.362796e-06,-0.0008977875,-0.0014921427,-0.00017057359,-0.0012955405,-8.524209e-05,-0.00028257817,-0.00052565127,0.9969007,0.9980138,0.9958044,0.99702376,0.99703354,0.99702877,0.9988819,0.9965377,0.99788505,0.9976503,0.99544615,0.99381083,0.99652773,0.99774355,0.9957496,0.9976508,0.99908113,0.9977563,0.99853295,0.998165
1.0,-0.021808371,-0.013163507,-0.006512846,0.016877647,0.012886841,-0.01449291,-0.0026338547,0.009211941,0.009288881,-0.0006084014,-0.0026049763,-0.026373532,0.003411673,0.0024431497,0.014671199,0.009609528,-0.012709312,-0.0026509129,-0.018756844,0.008625286,0.9922888,0.9933245,0.99783397,1.0014969,0.9974891,0.9982305,0.9982979,0.9981113,0.99604285,0.99526286,0.9916518,0.99656165,0.99488866,0.99335086,0.9967399,0.9959399,1.0020238,0.9960518,1.0001552,1.0003643
4.0,-0.030776337,-0.018838093,-0.009058901,0.023818668,0.018049026,-0.021278024,-0.0032856427,0.012811087,0.012879081,-0.00078468956,-0.0049065724,-0.037240747,0.0044485554,0.004006967,0.021545015,0.013864018,-0.017564826,-0.0038089491,-0.026537713,0.012498578,0.9902543,0.9913755,0.99855775,1.0032858,0.9974215,0.9988327,0.99790144,0.99889725,0.9951285,0.9942297,0.9896878,0.9977131,0.9941372,0.99127513,0.99714565,0.9951382,1.0032766,0.9951316,1.0006388,1.0013189
2.0,-0.0034580678,-0.0016068295,-0.0013931068,0.0028351024,0.0024508797,-0.0010193363,-0.0008740239,0.0016918667,0.002130974,-0.00030235574,0.0019664466,-0.00422075,0.000590764,-0.00044534355,0.0009168163,0.0011558682,-0.0029709898,-0.000482779,-0.0029632896,0.0008993086,0.99627125,0.99731755,0.9962054,0.99768263,0.99721044,0.9972335,0.99887604,0.99680585,0.997744,0.9972791,0.99483645,0.9942581,0.9963428,0.9971202,0.9958662,0.99750733,0.9995273,0.9975366,0.9988406,0.9984485
2.0,-0.0008450076,0.00011563301,-0.0005741054,0.00071101263,0.0008811066,0.0010059439,-0.00068664923,0.00055217,0.0010220073,-0.00025664456,0.0025989823,-0.0009762384,0.00033207238,-0.0009943843,-0.0010869652,-0.00013004988,-0.0015245937,-2.1543354e-05,-0.00069398433,-0.0002715669,0.99683094,0.9978334,0.99594647,0.9970561,0.99705434,0.9970566,0.99906766,0.996594,0.99804664,0.9975941,0.99538606,0.9939608,0.9965864,0.9976745,0.99579954,0.99765116,0.99917215,0.9978349,0.9987219,0.99814284
4.0,0.054133598,0.035024263,0.015504678,-0.0413383,-0.030113555,0.042560454,0.0060073286,-0.023124384,-0.020087045,0.0023175925,0.014136653,0.06577264,-0.010264151,-0.009852916,-0.04114793,-0.023396559,0.026947487,0.007825695,0.04420633,-0.02368331,1.0058556,1.0082929,0.98809123,0.9838244,0.9906195,0.993591,1.0002105,0.9934192,1.0007161,1.0031582,1.0027131,0.98733824,0.9999627,1.0050157,0.99297994,0.99850816,0.9920176,1.0012234,0.99333364,0.99241793
1.0,-0.02446939,-0.016028143,-0.00810179,0.020293862,0.015156466,-0.016868144,-0.0019146316,0.010900677,0.011558589,0.00033931062,-0.003624659,-0.030719507,0.0015665516,0.0049269646,0.017492495,0.013063051,-0.015341289,-0.004562754,-0.022284023,0.010110585,0.99130386,0.9933082,0.9975652,1.0030254,0.9978462,0.9987468,0.99634135,0.99855965,0.9941046,0.99481434,0.99020934,0.99633837,0.99380606,0.99232876,0.9967349,0.99567986,1.0024558,0.9945418,0.99921256,1.0014855
2.0,-0.0052033067,-0.0027661324,-0.0019126963,0.004214121,0.0034660515,-0.0022793636,-0.001018595,0.0024427148,0.0028533936,-0.00026048906,0.0015134774,-0.006372463,0.00077516586,-7.3842704e-05,0.0022509843,0.0020754337,-0.003948711,-0.0007598065,-0.0045121014,0.0016246217,0.9958982,0.996977,0.9963466,0.99810845,0.9972835,0.9973414,0.9987305,0.99692106,0.99749935,0.99711055,0.9945497,0.9944432,0.9961598,0.9967924,0.99597037,0.99735814,0.999758,0.99735266,0.99892443,0.9986878
4.0,-0.010840535,-0.00623928,-0.0034461645,0.008472325,0.006640975,-0.0063937716,-0.0016438849,0.0047453595,0.0049908385,-0.00042855367,0.00015217066,-0.013119634,0.0018421859,0.00066228956,0.006401792,0.0045036525,-0.006851271,-0.001319576,-0.009300053,0.0039917883,0.9946959,0.9957071,0.99689215,0.9992399,0.99738556,0.9975935,0.99868673,0.99727374,0.9970946,0.9964625,0.99367845,0.9951724,0.9957821,0.99566346,0.9962047,0.99690163,1.0005296,0.9969963,0.9994121,0.9992047
3.0,-0.0093642995,-0.005363941,-0.0030783871,0.007420117,0.0058522476,-0.00531945,-0.0014571734,0.0041777724,0.0044843033,-0.0003475994,0.00049233437,-0.011393111,0.001515165,0.00052254647,0.005336374,0.0039342195,-0.0061237663,-0.001211945,-0.0081043765,0.0033914458,0.9949813,0.99604344,0.99672586,0.998981,0.9973627,0.9975171,0.9986414,0.99716973,0.9971359,0.9966047,0.9938994,0.99495727,0.995854,0.995927,0.9961128,0.99701256,1.0003338,0.9970546,0.9992429,0.9990859
4.0,0.04263634,0.027855352,0.012185709,-0.032741528,-0.0238382,0.03372857,0.0043228418,-0.01816907,-0.015843745,0.0013928413,0.012072723,0.051901072,-0.007458627,-0.008237794,-0.033002757,-0.019092452,0.021203298,0.006271001,0.035211064,-0.018797245,1.0043488,1.0062069,0.99014306,0.9866556,0.9925448,0.99435866,1.0003078,0.99400204,1.0007223,1.0019927,1.0015088,0.98877805,0.99950963,1.0040083,0.9936541,0.9988196,0.99350095,1.0008057,0.9948186,0.9934659
1.0,0.030320987,0.019631743,0.008206461,-0.022861127,-0.016533934,0.024275275,0.003124427,-0.012534931,-0.01075241,0.0011565331,0.009366378,0.036600437,-0.0059488937,-0.005485788,-0.023754928,-0.013146013,0.014528919,0.0038308464,0.024990894,-0.013454743,1.0024292,1.0042151,0.9919433,0.9900687,0.9944422,0.99533355,0.99933696,0.9947303,0.99962,1.0008229,0.99969065,0.99007803,0.9984249,1.0024844,0.99427867,0.9988513,0.995029,0.99955267,0.99558127,0.99513435
3.0,-0.015163913,-0.009000912,-0.00468699,0.0118180625,0.0091176145,-0.009643447,-0.0020055436,0.0065204995,0.006706476,-0.00050858967,-0.00091522187,-0.018375468,0.0023873076,0.0014347509,0.009680614,0.0065477714,-0.009187441,-0.0019195378,-0.013011441,0.0058383,0.99378306,0.99481136,0.9972965,1.000164,0.9975028,0.99788266,0.9984894,0.9976312,0.9966761,0.9960051,0.9928323,0.99571127,0.9954213,0.99477965,0.9964193,0.9965802,1.0011171,0.9965882,0.9996898,0.99968994
1.0,-0.0007837042,0.00017876923,-0.00052604824,0.0006665662,0.0008722837,0.0012457557,-0.00075916573,0.00057638995,0.0010110252,-0.00015681796,0.0025483817,-0.000878796,0.0005054623,-0.0011344999,-0.0011860952,-0.0001488328,-0.0014530234,0.0001273118,-0.0007622987,-0.00032959762,0.99670184,0.9977335,0.9958281,0.99703735,0.9968942,0.9969009,0.99911076,0.996443,0.9979564,0.9975153,0.9955858,0.99391294,0.99657327,0.9975947,0.9957296,0.9974826,0.9991662,0.9979063,0.9987008,0.9980796
1.0,0.03239347,0.019480117,0.0077292915,-0.023312297,-0.01681238,0.025013313,0.004726477,-0.012894059,-0.010579031,0.0022237021,0.009409118,0.038017206,-0.009929106,-0.0029469728,-0.024079502,-0.011432026,0.014308188,0.0016708858,0.026461236,-0.014084811,1.0032761,1.0059072,0.9915358,0.9906075,0.99534327,0.99636185,0.99697924,0.99540263,0.9980501,1.0020334,0.99842787,0.9895405,0.9974319,1.0031185,0.9946745,0.99941653,0.99437624,0.9980076,0.9939883,0.9963781
1.0,0.019442976,0.013168853,0.0054002292,-0.015015461,-0.010743463,0.016325334,0.0013513751,-0.0080814045,-0.006962795,0.0003101863,0.007237654,0.023775037,-0.0026955605,-0.0046515837,-0.016217578,-0.009404395,0.009298969,0.00305501,0.016298711,-0.0089372285,1.0005587,1.0017512,0.9935141,0.9923012,0.9953668,0.9956945,0.99991834,0.99515337,0.9996527,0.99958426,0.99871415,0.9915214,0.9981342,1.0010049,0.9947756,0.9984877,0.99650985,0.9994914,0.99714017,0.99582154
1.0,0.04106126,0.026141752,0.011105891,-0.030711304,-0.022239344,0.032351483,0.004721556,-0.016969258,-0.01455421,0.0019655265,0.011385564,0.049367882,-0.008680306,-0.006747365,-0.03131165,-0.017094765,0.019796107,0.004973568,0.0334844,-0.017889181,1.0039313,1.0062702,0.99013174,0.98765296,0.9930301,0.9946838,0.99905896,0.99416107,0.9995515,1.0019248,1.0007769,0.98867196,0.9987935,1.0035912,0.9936112,0.99877477,0.9935676,0.9998696,0.99409586,0.99417084
1.0,0.052597143,0.03418781,0.015131585,-0.04032999,-0.02943609,0.04111388,0.0057518855,-0.022613795,-0.019684698,0.0018574726,0.014071245,0.06399482,-0.0097916275,-0.009756409,-0.040122103,-0.023185782,0.026282858,0.007631935,0.04330174,-0.023011547,1.0058525,1.0080814,0.9885584,0.98405415,0.99106383,0.9938357,1.0004549,0.99372846,1.0011107,1.003061,1.0023625,0.9877074,1.0000391,1.0050188,0.9931235,0.99880075,0.99220026,1.0012697,0.99377793,0.9924633
3.0,0.0120979175,0.008182485,0.0030495245,-0.009046122,-0.0063264356,0.010844808,0.000753399,-0.00474876,-0.0038270839,0.0004161466,0.0054293647,0.0145980045,-0.0020093247,-0.0029169694,-0.010595985,-0.005531814,0.005166672,0.0016227141,0.009902209,-0.005771476,0.999142,1.000454,0.99429435,0.99429613,0.9960948,0.9962012,0.9991866,0.99559104,0.99864495,0.998872,0.9975151,0.992245,0.9973567,0.9997914,0.9951283,0.9981438,0.997446,0.9986476,0.9974344,0.9968689
1.0,0.013944618,0.009905908,0.0038758302,-0.010925535,-0.0077454573,0.011894181,0.00067307055,-0.0058832075,-0.005020082,-0.00030795299,0.0062297024,0.01723693,-0.0014992878,-0.004024282,-0.012273323,-0.00753114,0.0066276602,0.0024127848,0.012062214,-0.0065304544,0.9997598,1.0006732,0.99445945,0.99337643,0.9959963,0.99611825,1.0001147,0.995678,0.99980557,0.99897873,0.9977514,0.99236345,0.99797803,1.0002015,0.9949864,0.9985875,0.99726516,0.99923885,0.99787945,0.9962409
2.0,0.049120963,0.03228634,0.014361543,-0.03797235,-0.027732886,0.038798064,0.004914496,-0.021190187,-0.018566381,0.0015201438,0.013464052,0.060022015,-0.008097,-0.009878941,-0.03792535,-0.022308256,0.02478252,0.007753212,0.04048066,-0.021630183,1.0052088,1.0071251,0.98909706,0.9847388,0.9912999,0.9937368,1.000946,0.9936044,1.001328,1.0024837,1.0024964,0.9881057,1.000112,1.00462,0.993237,0.998652,0.99274904,1.0015229,0.9944691,0.99250627
2.0,0.0064134896,0.0051437467,0.0018013436,-0.005253751,-0.0034915474,0.0066451468,-0.0003035739,-0.0026578028,-0.0021490678,-0.00035597384,0.004403662,0.008180797,9.479374e-05,-0.0029963702,-0.00680726,-0.0041600056,0.0027260892,0.0016149171,0.005643688,-0.0034474914,0.9981971,0.9990076,0.99519414,0.9950926,0.996338,0.9963552,0.99997604,0.9959098,0.99912435,0.9982003,0.9969662,0.9932097,0.9974247,0.9989342,0.995365,0.99794376,0.9982372,0.9988527,0.9985183,0.99699235
4.0,-0.042549565,-0.026161216,-0.0122443,0.03272779,0.024728233,-0.029991083,-0.004183259,0.017393455,0.017483424,-0.0009774938,-0.008055851,-0.05135293,0.0059582517,0.0058311895,0.030561097,0.019377545,-0.023862744,-0.0050395466,-0.03678918,0.017482234,0.987442,0.9886517,0.9993408,1.0054393,0.99691594,0.99956244,0.99751747,0.99990153,0.99393576,0.992874,0.98714185,0.9992951,0.99315876,0.98841894,0.99776334,0.9938162,1.0049146,0.994003,1.0012852,1.0024892
3.0,-0.019136734,-0.011568956,-0.0058357166,0.01491333,0.011401856,-0.012614761,-0.0023107976,0.008153475,0.008312367,-0.000536073,-0.0019237436,-0.023228344,0.002826266,0.0021951199,0.012721583,0.00850375,-0.0113734715,-0.002492454,-0.016473733,0.0075293295,0.99291545,0.99399066,0.9976281,1.0010262,0.99757487,0.99815583,0.9982558,0.99797004,0.9962292,0.9955878,0.99203044,0.99619454,0.99505883,0.9939431,0.996631,0.99624735,1.0016587,0.99618095,0.9999124,1.0001612
3.0,0.02050528,0.013517126,0.005500121,-0.015558872,-0.011138128,0.017093606,0.001717411,-0.008377695,-0.0071120933,0.0006711185,0.0073226206,0.024814934,-0.0035405904,-0.004254326,-0.016764045,-0.009233903,0.009548504,0.0027576648,0.01696679,-0.009350449,1.0007178,1.0021455,0.99326247,0.99232054,0.9953859,0.99576104,0.9994188,0.9951271,0.999236,0.9998119,0.99867195,0.9912549,0.9979446,1.0011631,0.9947897,0.9984896,0.9963239,0.99923205,0.9967101,0.99598956
2.0,-0.0025157258,-0.0008004457,-0.00094035175,0.0018565394,0.0017561582,-8.9362264e-05,-0.0010020956,0.0012061242,0.0015561692,-0.00035260618,0.0022113807,-0.0028718822,0.00095217675,-0.0010186732,3.7424266e-05,0.00039194524,-0.00226314,2.0362437e-05,-0.002069883,0.00038240873,0.9964499,0.99735886,0.9961053,0.9973099,0.99699974,0.99702615,0.99924386,0.9966061,0.9980422,0.99736744,0.9953153,0.99420196,0.9965501,0.9973496,0.99584985,0.9974517,0.9994032,0.9978816,0.998973,0.9981953
2.0,-0.0057409853,-0.0029289722,-0.0019138027,0.0044218414,0.0036489991,-0.0024939962,-0.0012546442,0.0025909515,0.0028921477,-0.00033953413,0.0013999864,-0.0068512596,0.0012817383,-0.00034136325,0.0025058761,0.0020338297,-0.004055906,-0.00051243976,-0.0048901737,0.0017614702,0.99577266,0.99673134,0.99639964,0.99808294,0.9971614,0.99724257,0.998997,0.9968474,0.99763805,0.9970353,0.9947184,0.9945626,0.9962324,0.99672216,0.996008,0.9972242,0.99983263,0.9975331,0.9991326,0.99861133
2.0,-0.012477919,-0.007298596,-0.0039222157,0.009749202,0.007585471,-0.007614743,-0.0017774701,0.0054271426,0.0056504197,-0.00044181384,-0.0002581887,-0.015119996,0.0020347685,0.0009711236,0.007647805,0.0053026825,-0.007746931,-0.0015592463,-0.010719217,0.004689725,0.9943426,0.9953705,0.9970363,0.9996025,0.9974319,0.99770045,0.99859357,0.9974036,0.99691343,0.9962901,0.9933619,0.99536836,0.9956337,0.99532795,0.99628687,0.996771,1.0007497,0.9968338,0.99950665,0.99939644
4.0,-0.012308843,-0.0071687475,-0.0038461192,0.009570317,0.0074552097,-0.007466227,-0.0017897077,0.005335725,0.005545996,-0.00045368075,-0.00020834804,-0.014886219,0.00206431,0.0008985102,0.0075001046,0.0051806793,-0.0076339357,-0.0014987029,-0.010542765,0.004595762,0.994395,0.9953975,0.9970291,0.9995443,0.99742186,0.9976878,0.99864197,0.9973889,0.9969681,0.9963301,0.9934243,0.99536085,0.99566513,0.9953919,0.99630433,0.9967785,1.0007218,0.99688476,0.99952966,0.9993665
1.0,-0.0330576,-0.020264156,-0.009629595,0.025545731,0.019322312,-0.022573844,-0.0035569482,0.013763318,0.013770435,-0.0005170796,-0.0056450553,-0.039954018,0.004845932,0.0043282583,0.02325061,0.015159853,-0.018775988,-0.0038965233,-0.028753925,0.013280742,0.98962593,0.99083006,0.9985525,1.0037502,0.99719983,0.998826,0.9977496,0.9989386,0.99468726,0.99397475,0.9896022,0.99796814,0.99383557,0.99077135,0.9973203,0.99467427,1.003575,0.9949575,1.0007664,1.0016477
2.0,-0.010946602,-0.0063711703,-0.0035133278,0.008599954,0.006724094,-0.0065004826,-0.0016021542,0.0048077423,0.0050767437,-0.00038622878,0.00011341274,-0.013298947,0.0017228276,0.00079756975,0.0065260306,0.0046661347,-0.006972093,-0.0014303327,-0.009421192,0.0040451502,0.9946789,0.99572986,0.9968923,0.99931157,0.9974272,0.99764174,0.9985851,0.99731135,0.9970119,0.99647677,0.993597,0.9951638,0.99572843,0.9956509,0.996233,0.9969045,1.000538,0.9969213,0.99936926,0.99927056
3.0,0.022472352,0.014770899,0.0060435664,-0.017062694,-0.012270823,0.018338483,0.0020192042,-0.009274919,-0.007894609,0.0005915556,0.007838804,0.027186658,-0.0040538386,-0.0044890568,-0.01816322,-0.010167792,0.01056527,0.002909448,0.018741973,-0.010134613,1.0011936,1.002625,0.9931224,0.9918284,0.99534565,0.9957872,0.99946934,0.99518335,0.999497,1.0000687,0.9987262,0.9910947,0.99810535,1.0015136,0.9947209,0.9987363,0.99605817,0.9993104,0.99657196,0.9957973
4.0,0.04420461,0.028780218,0.012588577,-0.03385638,-0.024650581,0.034881696,0.004606936,-0.018816149,-0.01637854,0.0015426911,0.012346569,0.05374556,-0.007984035,-0.008343279,-0.03406661,-0.019590706,0.021941695,0.006377537,0.036436126,-0.019445233,1.0045817,1.0065482,0.9898772,0.9863182,0.9923508,0.9943034,1.0001998,0.9939573,1.0006703,1.0021756,1.0016087,0.98857385,0.9995298,1.0041649,0.9935713,0.9988229,0.9932859,1.0007907,0.99456346,0.99337465
1.0,-0.020862013,-0.012414031,-0.006234505,0.016033923,0.012266135,-0.014193866,-0.0025256276,0.008685034,0.008779403,-0.0009923019,-0.0021731332,-0.025130574,0.003316909,0.0021864995,0.013932005,0.008745559,-0.012075976,-0.0025515445,-0.017566115,0.008337153,0.99275714,0.9936018,0.9980391,1.0011576,0.9976928,0.9983594,0.9985669,0.9982409,0.9965809,0.9954232,0.99154884,0.9965747,0.9951737,0.9936531,0.9966918,0.996378,1.0019202,0.9961824,1.0002444,1.000176
3.0,-0.0023641065,-0.0009782612,-0.001139232,0.0020282306,0.0018360973,-0.00039045513,-0.00066866353,0.001219444,0.0017246604,-0.00034278817,0.0022749975,-0.0029501505,0.00019147992,-0.00045832247,0.00016788393,0.0007060617,-0.0024544634,-0.00052201375,-0.0019427016,0.00048443978,0.99658734,0.99765056,0.996166,0.99747163,0.99730283,0.9973084,0.9988229,0.99686307,0.9978631,0.99746615,0.9948019,0.994146,0.9964076,0.9973746,0.9958552,0.99771273,0.9993633,0.9975252,0.9987268,0.9983917
1.0,0.0071801543,0.00513703,0.0016731191,-0.005367819,-0.003621561,0.0070100725,0.00019572303,-0.0027610566,-0.002016995,5.910173e-05,0.004423965,0.008689415,-0.001094602,-0.0021925867,-0.0069970638,-0.0035812445,0.0026438683,0.00097325444,0.0059754625,-0.0036645501,0.99835116,0.99949366,0.99500495,0.99533415,0.99657005,0.99657863,0.9991911,0.996029,0.998534,0.9984167,0.9966652,0.9929309,0.997111,0.9990616,0.9954023,0.9980675,0.9981006,0.99836713,0.99798685,0.99733806
1.0,-0.015982948,-0.010761946,-0.0057027964,0.013524605,0.010101583,-0.010753781,-0.0011003427,0.007288729,0.008024041,0.0004005991,-0.0013836622,-0.020425875,1.3880432e-05,0.0038289204,0.011155635,0.009166241,-0.01086992,-0.0037969798,-0.014556363,0.0063766055,0.99362475,0.99545985,0.9970788,1.001308,0.9982069,0.99863696,0.9965422,0.9982287,0.99512625,0.9962433,0.9916294,0.99536335,0.99448264,0.9946517,0.9967507,0.996723,1.0011834,0.9952485,0.998773,1.0008384
3.0,-0.0142608285,-0.0083417,-0.004399889,0.011099754,0.008610124,-0.008959811,-0.0020042807,0.006150609,0.0063269734,-0.00058420934,-0.0006662831,-0.017232705,0.002495207,0.0010947809,0.008933142,0.0059323236,-0.008615762,-0.0016621463,-0.012215562,0.00548804,0.993921,0.9948973,0.9972071,0.9999093,0.99741423,0.99773586,0.9986759,0.99750483,0.99685466,0.9960148,0.9930707,0.99562454,0.99556726,0.994892,0.9962765,0.99662495,1.0010118,0.9967736,0.99968946,0.9994711
1.0,-0.019419372,-0.012605883,-0.006485884,0.01603177,0.012044929,-0.012983449,-0.0016928203,0.008691674,0.009244304,0.00026098453,-0.0022759996,-0.02434672,0.0012763515,0.0037307516,0.013506047,0.010291815,-0.012390114,-0.0036430843,-0.01757902,0.007803263,0.99262804,0.99436885,0.9972907,1.0018066,0.99785143,0.99844587,0.9968825,0.9981605,0.9949688,0.9955631,0.9914389,0.9958263,0.9943803,0.99369305,0.9966685,0.9961704,1.0017116,0.9952743,0.9991599,1.0008662
3.0,0.020720266,0.013550378,0.005486751,-0.015621692,-0.011192687,0.017231554,0.0018370338,-0.0084238835,-0.007101439,0.00079585984,0.007318385,0.024991255,-0.0038290098,-0.0040706173,-0.016829666,-0.00909698,0.009552959,0.002633866,0.017061614,-0.009437926,1.0007821,1.0022784,0.99321604,0.9923678,0.9954312,0.9958143,0.9992298,0.9951442,0.9990979,0.9998834,0.99864876,0.9911832,0.99787396,1.0012211,0.9948178,0.99852496,0.996294,0.9991202,0.99658173,0.9960922
4.0,-0.03789536,-0.023262493,-0.010978413,0.029195867,0.022076577,-0.026512153,-0.003856074,0.015592651,0.015646968,-0.0008899383,-0.0068023987,-0.045767974,0.005399868,0.005092956,0.026975513,0.017189696,-0.021360036,-0.0045414492,-0.03272959,0.0154922865,0.9885686,0.98973453,0.9990413,1.0045977,0.9971461,0.99925864,0.99768096,0.9994882,0.99441487,0.9934212,0.9882094,0.9986666,0.99354666,0.9895838,0.9975257,0.9943424,1.004261,0.99447346,1.001054,1.0020314
1.0,-0.0005108714,0.00044644251,-0.0003737677,0.0003404878,0.000641339,0.0014749467,-0.00080988556,0.00040492043,0.0008026883,-0.0002398733,0.0026516132,-0.00045845658,0.0006518662,-0.0013510883,-0.0014602542,-0.00045959651,-0.0012153722,0.00029477105,-0.00043585896,-0.00047269254,0.99678195,0.99774104,0.9958357,0.9968919,0.99684525,0.9968566,0.99927974,0.99640906,0.9981242,0.9975483,0.99569416,0.99392456,0.99666923,0.9976749,0.9957295,0.9974996,0.999129,0.998034,0.99877965,0.9979752
2.0,0.029662218,0.019391678,0.008174461,-0.022610672,-0.016369997,0.023734916,0.0028770827,-0.0124126505,-0.010703277,0.0008566044,0.009385683,0.035957355,-0.005389951,-0.005701177,-0.023422282,-0.013309315,0.014335152,0.003978517,0.024678446,-0.013207851,1.0024307,1.0040073,0.99215084,0.9900562,0.99453187,0.99536145,0.9996872,0.9948013,0.999956,1.0007979,0.9996829,0.99026865,0.99858844,1.0025188,0.99437505,0.9989137,0.995129,0.9997816,0.99592745,0.99502873
3.0,-0.0357505,-0.022096656,-0.010478097,0.027703527,0.020903258,-0.024927698,-0.0035950132,0.014817993,0.014942329,-0.0007011015,-0.006269902,-0.043340232,0.0048584864,0.0050321147,0.025426574,0.016493365,-0.02038648,-0.0045136698,-0.031023402,0.014582718,0.9890413,0.990309,0.9988245,1.0043415,0.99729496,0.99918324,0.99750745,0.99935424,0.99441296,0.9936915,0.98859245,0.998309,0.9936024,0.9901046,0.9974622,0.9945535,1.0039626,0.99454254,1.0008312,1.0019436
4.0,-0.026365161,-0.016013667,-0.0077898437,0.02037222,0.0154923,-0.017942261,-0.0029949695,0.011030711,0.011077471,-0.00073727034,-0.0037528872,-0.031866733,0.0040040687,0.0031818226,0.01813633,0.011697069,-0.015137553,-0.0032054149,-0.022662409,0.010589054,0.9912807,0.99232733,0.9982322,1.0023849,0.99747485,0.998529,0.99815166,0.99850506,0.99563885,0.99474275,0.99068356,0.99716246,0.99453604,0.99232125,0.9969426,0.99555606,1.0026578,0.99562186,1.0004385,1.0008262
2.0,-0.013489544,-0.00790894,-0.004211166,0.010492284,0.008129204,-0.008524228,-0.0018395223,0.005787992,0.006005969,-0.00059137493,-0.00043960288,-0.016325992,0.0021320134,0.0011522397,0.008419149,0.0056637153,-0.008267455,-0.0017341487,-0.011455782,0.005153829,0.99423313,0.9952069,0.99723315,0.9997778,0.99755174,0.99785537,0.9986036,0.9975806,0.99696153,0.9962225,0.993045,0.9955429,0.9956086,0.9951743,0.99635935,0.99682844,1.0008914,0.99673873,0.99962217,0.9994996
2.0,0.0063848346,0.0045556277,0.0014183512,-0.0047164336,-0.0031397115,0.0064805187,0.00013805926,-0.002388293,-0.0016570501,0.00014854409,0.004190784,0.007676527,-0.0010578409,-0.0019599646,-0.0063719675,-0.0030644499,0.002155017,0.0008034669,0.005226277,-0.0033461095,0.9981669,0.9993528,0.9950386,0.9955778,0.9966142,0.9966227,0.9990561,0.9960522,0.9983375,0.99836296,0.9965637,0.99298257,0.99698853,0.9989299,0.9954703,0.9979668,0.9981947,0.9982607,0.99798506,0.9974846
4.0,-0.04261583,-0.02602633,-0.012153857,0.03259568,0.024685798,-0.029965758,-0.0043113194,0.017344518,0.017332321,-0.0010958873,-0.00804881,-0.051262278,0.0062498823,0.005551107,0.030505985,0.019116126,-0.023711093,-0.0048195533,-0.036671657,0.017459093,0.98748296,0.9885646,0.99940926,1.0053049,0.99684656,0.9995087,0.9977637,0.99985445,0.9941478,0.9928903,0.98727226,0.99938107,0.9932613,0.98845315,0.9977707,0.9938099,1.0049052,0.99415445,1.001416,1.0023932
4.0,0.0069788843,0.0050436743,0.0016622012,-0.0052734874,-0.0035425345,0.006961722,0.00011354685,-0.0026870053,-0.0019789971,7.7301636e-05,0.004363034,0.008489549,-0.0009304285,-0.0022556782,-0.006891921,-0.003532365,0.0025752448,0.001044739,0.005794741,-0.0036199454,0.9982835,0.99940425,0.9949977,0.99535304,0.996517,0.99653274,0.9992486,0.99598074,0.9985269,0.998393,0.9967446,0.99295145,0.9971134,0.9990332,0.99542415,0.99798673,0.9981256,0.9984193,0.99803746,0.9973297
4.0,0.026532508,0.017579757,0.0074110604,-0.020399243,-0.01473208,0.021551523,0.00228953,-0.011127265,-0.009642851,0.0006244797,0.008765712,0.032311182,-0.0042688996,-0.0055914596,-0.021314755,-0.012304395,0.012882832,0.0038786978,0.022148132,-0.011933301,1.0018398,1.0032258,0.99257493,0.9906751,0.99472207,0.99537885,0.9999409,0.9948325,0.9999857,1.0003908,0.999535,0.9906662,0.9985371,1.0020739,0.9944935,0.9987392,0.9955676,0.9998425,0.9964125,0.99517024
2.0,-0.009454429,-0.0055345893,-0.0031417096,0.0075234044,0.005905458,-0.0053729825,-0.0013958327,0.0042312536,0.0045660436,-0.0002327729,0.00043499097,-0.011571642,0.0013073906,0.0007382333,0.005473174,0.0041999444,-0.006284468,-0.0013695993,-0.008233085,0.0033967488,0.9949907,0.9961136,0.99670804,0.99908483,0.9974257,0.9975982,0.99846697,0.9972183,0.9969926,0.99668527,0.99383235,0.9949297,0.9957597,0.99597585,0.9962146,0.99699974,1.0003257,0.9969507,0.99917954,0.99921626
4.0,-0.019478627,-0.011618614,-0.00582482,0.015015615,0.011516691,-0.01282464,-0.0024690516,0.00822131,0.008298427,-0.0006896332,-0.0019627064,-0.023495931,0.0031979382,0.001949586,0.0128664225,0.008343987,-0.011387158,-0.002306316,-0.016624175,0.007650804,0.9928588,0.993815,0.99770844,1.000956,0.9975014,0.99810296,0.9985083,0.9979478,0.99642015,0.9955274,0.99208105,0.99631053,0.9951541,0.99388015,0.99662125,0.9962095,1.0017052,0.9963228,1.0000756,1.0000567
1.0,-0.0144916475,-0.008517422,-0.004451056,0.011237817,0.0086999815,-0.009088907,-0.002004981,0.0062245075,0.006388098,-0.00052387454,-0.0007419698,-0.017506879,0.0024312362,0.0012050197,0.009126015,0.006135255,-0.008767601,-0.0017340444,-0.012402698,0.0055285767,0.9939206,0.9949091,0.9972359,0.999977,0.99744636,0.99779844,0.99860823,0.99754363,0.99680084,0.99606997,0.9930372,0.9956461,0.9955124,0.99492514,0.99638385,0.9966048,1.001024,0.9967199,0.9996971,0.9995697
3.0,0.031884234,0.020561557,0.008697102,-0.024118036,-0.017429762,0.025629349,0.0032483414,-0.013193816,-0.011335254,0.0013442133,0.009643409,0.0384913,-0.0061128363,-0.005754143,-0.024912573,-0.013725016,0.015273135,0.0041124932,0.026192427,-0.014157491,1.0026133,1.0044347,0.9916075,0.989732,0.99416023,0.9951493,0.9993633,0.99450284,0.99955374,1.0010512,1.0000539,0.98981863,0.9985134,1.0027167,0.9942604,0.9987008,0.99480957,0.9997437,0.99540335,0.99496
1.0,-0.034316406,-0.021199286,-0.010106978,0.026619751,0.020092051,-0.023974203,-0.0034526922,0.014238752,0.014379334,-0.00074898824,-0.005853612,-0.041623186,0.004626058,0.0048359334,0.024345435,0.015775725,-0.0196198,-0.0044076405,-0.029712036,0.014015954,0.98943216,0.9906668,0.9987836,1.004068,0.997406,0.9991476,0.9975646,0.9992807,0.99461925,0.99386847,0.98880285,0.9981311,0.9937515,0.9904598,0.9973834,0.99479175,1.0037704,0.99465835,1.0007523,1.0017971
1.0,0.023614712,0.016382676,0.0070552146,-0.01873776,-0.013475481,0.019868456,0.0012829155,-0.010091199,-0.0090252645,0.000110622495,0.008286737,0.029309401,-0.002031304,-0.006513715,-0.019767616,-0.012240235,0.012024473,0.0046404153,0.019904412,-0.010851355,1.0010872,1.0020472,0.99293554,0.99084085,0.99443495,0.99497604,1.0009937,0.99458015,1.0005454,0.99971306,0.99992836,0.99116534,0.998827,1.0014886,0.99440974,0.9983212,0.9960408,1.0004597,0.9972996,0.9948178
1.0,-0.026745602,-0.016376197,-0.007995193,0.020791486,0.015773144,-0.018388778,-0.0029008836,0.01121795,0.011343572,-0.00073254295,-0.003837552,-0.032447066,0.003781706,0.0034850538,0.01852221,0.012041613,-0.015472498,-0.003470514,-0.023033906,0.010826757,0.99121124,0.9923296,0.9982754,1.002552,0.9975795,0.9986559,0.99796265,0.9986311,0.9955055,0.99471056,0.99039394,0.9971759,0.9944488,0.992215,0.9969588,0.99560267,1.0027198,0.9954445,1.0003648,1.0009427
3.0,0.011455908,0.007994793,0.0030228943,-0.008845285,-0.0061886753,0.010215536,0.0005427189,-0.0046751816,-0.00383858,2.993457e-05,0.005478941,0.014012307,-0.0015349016,-0.0031421557,-0.010263845,-0.0057804473,0.005026046,0.0017457642,0.009722315,-0.0055204025,0.99921423,1.0002906,0.9945679,0.9942225,0.99622107,0.9963042,0.99956733,0.99575543,0.9990882,0.9988808,0.9973883,0.99249035,0.9975404,0.9998405,0.995236,0.99828994,0.9975325,0.9988438,0.9977964,0.9967669
2.0,-0.025260419,-0.015362762,-0.0075133955,0.019563062,0.014876053,-0.017165959,-0.0028632507,0.010597654,0.010676306,-0.0007037483,-0.0034661517,-0.030573014,0.0037589893,0.0030907393,0.017329328,0.011247747,-0.0145915,-0.0031509586,-0.021718971,0.010133891,0.9915468,0.9926101,0.99815154,1.0022011,0.9975294,0.9985015,0.9981267,0.9984484,0.9957134,0.99488294,0.9908462,0.99700665,0.9946041,0.9925797,0.9969027,0.99569046,1.0025059,0.9956755,1.0003414,1.0007488
1.0,0.058211096,0.03763465,0.016831696,-0.044589084,-0.0324502,0.046078697,0.006415952,-0.024924317,-0.02166332,0.0028125802,0.014773216,0.07082447,-0.010796353,-0.010702297,-0.044160776,-0.024953388,0.029021662,0.008731216,0.047243737,-0.02552317,1.0062393,1.0088278,0.98718816,0.98275673,0.9895983,0.99308366,1.0003564,0.99290025,1.0006133,1.0035814,1.0035329,0.9867077,1.0002117,1.0053278,0.9927866,0.9980719,0.99154276,1.0016025,0.99283826,0.99198
4.0,0.015115052,0.010210816,0.0039919326,-0.011509489,-0.008162187,0.012933608,0.0010469668,-0.0061549693,-0.0051322915,0.00027013943,0.0062394105,0.01834914,-0.0024079308,-0.003540501,-0.01287194,-0.007161971,0.0068390183,0.0020975508,0.012652628,-0.0070408965,0.99984217,1.0010705,0.99406815,0.99347895,0.9959411,0.9961113,0.9994723,0.9955298,0.9991514,0.99924135,0.99785954,0.9919913,0.9976969,1.0003757,0.9950347,0.9984282,0.9970487,0.99896353,0.9973427,0.99646544
1.0,-0.0041449144,-0.0021875054,-0.0016757175,0.0035146177,0.0029445621,-0.001482904,-0.0008571707,0.0020715352,0.002541799,-0.00013924204,0.0017200299,-0.005176734,0.000474222,-0.000117219985,0.0015145838,0.0017656237,-0.0034719817,-0.00072495267,-0.003725119,0.0012054762,0.9960456,0.99721104,0.99617475,0.9979599,0.99723387,0.997269,0.9986255,0.9968246,0.99742794,0.99719316,0.9946934,0.99425954,0.9961647,0.9969324,0.9958847,0.99738485,0.99961406,0.99735147,0.99874264,0.9986206
1.0,-0.0020271242,-0.00016299635,-0.00069137383,0.0012748204,0.0013406407,-5.6948513e-05,-0.0010636672,0.00082449615,0.00111771,-0.00087745115,0.002569791,-0.002064053,0.0012778118,-0.0015459061,-0.00048475713,-0.00057017803,-0.0017000847,0.00032791495,-0.0012306944,0.0002793849,0.9967217,0.9973863,0.99633116,0.9969064,0.9970421,0.99704176,0.9997637,0.9967124,0.9987182,0.99733293,0.9952385,0.994347,0.99689263,0.9974383,0.99571055,0.9977762,0.99937606,0.9981269,0.9992281,0.9978699
3.0,0.058771804,0.038309034,0.0171325,-0.04513743,-0.032993276,0.046018485,0.00642821,-0.025408601,-0.022138733,0.0021903776,0.0152372345,0.07163534,-0.010653958,-0.011168964,-0.044707574,-0.025949262,0.029582854,0.008954633,0.048091404,-0.025683533,1.0064938,1.0089195,0.987401,0.9822954,0.98971164,0.9931932,1.0008509,0.9933265,1.001389,1.0034755,1.0032365,0.9869905,1.0004764,1.0053879,0.99264014,0.9984604,0.9914971,1.0018009,0.99325156,0.9916275
4.0,-0.02487716,-0.015066825,-0.007365641,0.019215506,0.014632842,-0.016819444,-0.0028860904,0.010429715,0.0104765445,-0.00071255676,-0.0033695772,-0.030058403,0.0038320497,0.0029181764,0.016994737,0.010984421,-0.014326952,-0.0030102544,-0.02136409,0.009945864,0.9916221,0.9926521,0.9981163,1.0020825,0.99748474,0.9984317,0.99822253,0.9983768,0.9957981,0.99491554,0.99100584,0.9969739,0.9946637,0.99266636,0.99687666,0.9956925,1.0024496,0.9957741,1.0003598,1.0006672
2.0,0.0060043335,0.0043251626,0.001265931,-0.0043788403,-0.002899459,0.005997557,0.00015707687,-0.0022434257,-0.0014995784,5.8300793e-07,0.00416971,0.0071924627,-0.0010910854,-0.0018555894,-0.0060628057,-0.0029813722,0.0019612089,0.0006618127,0.0050017163,-0.0031064197,0.99815416,0.99932003,0.9951693,0.99564385,0.99673873,0.99672633,0.999055,0.99618846,0.9984136,0.9983047,0.9963173,0.9930744,0.99699175,0.9988458,0.9954427,0.9980878,0.9982514,0.9981835,0.99802625,0.9975053
3.0,0.0075355098,0.005169954,0.0016855365,-0.00551676,-0.0037383256,0.0073402636,0.00033820048,-0.002825763,-0.0020185374,0.0002988614,0.004407402,0.008985523,-0.0014643595,-0.0019520596,-0.0071472675,-0.0033547208,0.0026490837,0.0008113347,0.0061121657,-0.0038310771,0.9983782,0.99965054,0.99486226,0.9954117,0.9965759,0.99660033,0.9989107,0.99598944,0.9982576,0.9985295,0.9966881,0.9927924,0.9969826,0.9991377,0.9954528,0.998009,0.99802756,0.9982392,0.99778515,0.99746174
4.0,0.042175036,0.027521867,0.012017065,-0.032356467,-0.023552608,0.033349104,0.0043058097,-0.017952943,-0.015640032,0.0013962891,0.011968855,0.05131085,-0.007479511,-0.008072376,-0.032631703,-0.018824067,0.020929892,0.006125916,0.034838326,-0.018595744,1.0043062,1.00617,0.99022347,0.986805,0.9926564,0.99443007,1.0002248,0.99405164,1.0006615,1.0019791,1.0014093,0.988826,0.9994506,1.0039779,0.99369913,0.99884975,0.99355036,1.0007249,0.99482566,0.99356306
1.0,0.0051927865,0.0033796541,0.0007893294,-0.0034606233,-0.0022611893,0.0053608567,0.0003770776,-0.0017464105,-0.00088478625,0.00039509498,0.003825929,0.005892314,-0.0018070862,-0.0009527132,-0.0051684305,-0.0017836206,0.0011206605,-2.4255365e-05,0.0040572807,-0.0027668744,0.9980266,0.99944586,0.9951323,0.9961678,0.99699783,0.9969965,0.99834925,0.9963534,0.99777466,0.99843585,0.9959536,0.9930066,0.99660105,0.99879587,0.9956575,0.9980402,0.9983016,0.99771154,0.99772716,0.99800295
4.0,-0.023115426,-0.01391983,-0.0068576755,0.017837644,0.013616364,-0.015524492,-0.0027630143,0.009706636,0.009754542,-0.00073168613,-0.0029000044,-0.027902838,0.0036645904,0.0025665686,0.015633866,0.010076277,-0.013344362,-0.002758246,-0.019798093,0.0092047155,0.9920299,0.99302036,0.99799675,1.0017009,0.9974909,0.99831414,0.9983489,0.9982293,0.9960326,0.9951032,0.9913659,0.996765,0.99484277,0.99305815,0.99677587,0.995873,1.0022094,0.9959712,1.0002811,1.0004473
4.0,0.034494344,0.022655312,0.009758101,-0.026499927,-0.019235868,0.027551128,0.003278952,-0.014590366,-0.012709595,0.0009784084,0.010430176,0.04199003,-0.0058236495,-0.006892599,-0.027105834,-0.015687224,0.017007861,0.005038645,0.028642617,-0.015321311,1.00312,1.0047237,0.99141645,0.9887149,0.99372363,0.9948857,1.0001249,0.99441046,1.0003846,1.0011815,1.0005344,0.9897302,0.99902785,1.0030863,0.9940831,0.9988375,0.9945386,1.0003242,0.9956374,0.9943256
2.0,0.0122429505,0.008340266,0.0031358292,-0.009285543,-0.00652671,0.010743123,0.0007675588,-0.004933905,-0.0040005185,0.00019200519,0.005596634,0.01483231,-0.0020197704,-0.0029710457,-0.010718789,-0.0058231056,0.005285371,0.0016182587,0.010266885,-0.0058207912,0.99936295,1.0005563,0.9944401,0.99417835,0.9962447,0.99634004,0.9993231,0.9957522,0.9989285,0.998999,0.9973832,0.9923331,0.997474,0.9999629,0.99521613,0.99835414,0.9974216,0.99871796,0.99757046,0.9968269
1.0,-0.028365523,-0.017142214,-0.008292071,0.021766692,0.016555952,-0.01956582,-0.003189858,0.011732495,0.011730708,-0.0009806193,-0.004180502,-0.03416724,0.004380837,0.0033567846,0.01960919,0.012351409,-0.016087886,-0.0033619143,-0.024164129,0.01146085,0.9909546,0.99188703,0.9985301,1.0026549,0.99750197,0.9987152,0.9982709,0.99873966,0.99571055,0.9945611,0.9901994,0.9975058,0.99449784,0.9919312,0.9970573,0.995501,1.0029342,0.99551135,1.0006682,1.0009606
3.0,0.0051150844,0.0038910583,0.0011248561,-0.0038517304,-0.0024967478,0.0054564103,-7.2237104e-05,-0.0019327365,-0.0012795217,-8.5223466e-05,0.0039874204,0.0062392913,-0.00062417984,-0.0019681975,-0.0055136457,-0.002802629,0.0016173981,0.0007744692,0.0043132603,-0.0027935633,0.99797994,0.99904406,0.9952774,0.99574006,0.99670017,0.99669003,0.9992441,0.9961723,0.998495,0.99820006,0.9963614,0.99322015,0.9970216,0.99872345,0.99550074,0.9979809,0.9983787,0.9982872,0.99823326,0.9975004
4.0,-0.0070410594,-0.0037979484,-0.0023055645,0.005446648,0.004402909,-0.0034657717,-0.0013513975,0.0031430442,0.003428623,-0.00033139437,0.0010738038,-0.008458938,0.0013965964,-5.1937997e-05,0.0035065934,0.0027086735,-0.0047903247,-0.0007400848,-0.0060212016,0.0023128113,0.9955037,0.99648464,0.9965145,0.99839586,0.9972303,0.9973426,0.9988875,0.9969582,0.9974696,0.99691904,0.9944623,0.99470913,0.9960983,0.9964788,0.9960892,0.9971289,1.000001,0.9973889,0.99919647,0.99878705
1.0,-0.037913345,-0.02308686,-0.010879756,0.029021231,0.022001375,-0.026516646,-0.0039729625,0.015510473,0.015472785,-0.0010645818,-0.0067534484,-0.045617264,0.0056893826,0.004800871,0.02688326,0.016852297,-0.021175828,-0.0043274574,-0.032529704,0.015474845,0.98864496,0.98966223,0.9991396,1.0044421,0.99710673,0.9992258,0.9979547,0.99946505,0.99468404,0.9934414,0.9882977,0.99875784,0.9936819,0.9896311,0.99752235,0.99438566,1.0042527,0.99463314,1.0011965,1.0019131
1.0,0.007964395,0.0057750978,0.0020384202,-0.006223675,-0.004256847,0.007592205,0.00016355142,-0.0032381732,-0.0025300644,-9.199232e-05,0.004702229,0.009796571,-0.0009705499,-0.0025470257,-0.007681191,-0.0042338893,0.003185261,0.0012512393,0.0068618283,-0.0040707374,0.99863696,0.9996365,0.9950212,0.99501187,0.9965342,0.9965679,0.9994716,0.99602073,0.9988834,0.99860144,0.99684525,0.9929335,0.9973039,0.9993491,0.9954834,0.9981705,0.99798447,0.99860096,0.9981263,0.9971759
1.0,-0.02105812,-0.012799524,-0.006440432,0.016452683,0.012539771,-0.014287345,-0.0023875982,0.008920566,0.009108987,-0.0007097833,-0.0023411512,-0.025595706,0.0029477775,0.0026028901,0.0142253265,0.0093425885,-0.012428943,-0.0028613918,-0.018042699,0.008455438,0.9925534,0.9936263,0.9978822,1.0014179,0.99769354,0.9983731,0.99816585,0.9982316,0.99612564,0.9953611,0.9914179,0.9964617,0.99493825,0.9934975,0.9966742,0.99623394,1.0019388,0.99593294,1.0000103,1.0003543
3.0,0.018687323,0.012674458,0.0051859524,-0.01448052,-0.010358959,0.015671894,0.0012898631,-0.007804066,-0.0067073517,0.00022512116,0.0071149245,0.02286027,-0.0026366264,-0.0044693947,-0.015644088,-0.009092823,0.00888383,0.0028812587,0.015769131,-0.008620227,1.0005237,1.0016706,0.993675,0.9924727,0.9955318,0.9958307,0.99989474,0.99527895,0.9996717,0.99959534,0.9985208,0.99164546,0.9980988,1.0009816,0.99488854,0.9985501,0.9965947,0.99943095,0.99724114,0.9959343
2.0,0.020307086,0.01341407,0.0054314462,-0.015394323,-0.011029387,0.016832167,0.0017156862,-0.008315055,-0.0070439726,0.00057259016,0.007326402,0.02457156,-0.0035316497,-0.0042174757,-0.016610805,-0.00922332,0.009458698,0.0027004369,0.016863056,-0.009232451,1.0007342,1.0021329,0.9933493,0.99234647,0.9954697,0.99582154,0.99944144,0.9952117,0.9993135,0.9997848,0.99855846,0.99131644,0.9979618,1.0011424,0.9947841,0.9985776,0.9963584,0.99920994,0.9967619,0.99599546
2.0,-0.0075211003,-0.0042616203,-0.0025936356,0.0060271975,0.004800708,-0.0040242746,-0.0012074076,0.0034103524,0.0037836805,-0.0002857484,0.0009455718,-0.009204041,0.0010401681,0.00037656724,0.004013069,0.0032020733,-0.005210541,-0.0011112168,-0.006507054,0.0026104732,0.995435,0.9965264,0.99658185,0.9986323,0.997395,0.997507,0.99859583,0.9971097,0.99726504,0.9968744,0.994115,0.9947205,0.99595803,0.9963509,0.99609196,0.997217,1.0000732,0.99711853,0.9990679,0.9989755
2.0,-0.013885193,-0.008166589,-0.004311689,0.010810694,0.008374128,-0.008695912,-0.0019084364,0.0059848325,0.0061812177,-0.00051333755,-0.0005856715,-0.016806569,0.0022524074,0.0011810064,0.0087002665,0.005901262,-0.0084787235,-0.0017281137,-0.011884823,0.005294027,0.99406815,0.9950738,0.9971947,0.999876,0.99747723,0.9978006,0.998577,0.9975314,0.9968368,0.9961433,0.99308103,0.995563,0.99554557,0.99505085,0.9963558,0.99669206,1.0009434,0.9967248,0.9996268,0.9995331
2.0,0.0014710948,0.0015161932,4.6227127e-05,-0.0009980425,-0.00038623204,0.002774708,-0.00041407347,-0.00036590733,0.00018946454,-9.414926e-05,0.0030965284,0.0017754547,-0.00013900548,-0.0012726933,-0.0027713478,-0.001023598,-0.00036213174,0.00022092834,0.0011706427,-0.0012545332,0.9972433,0.99832535,0.99564064,0.9966079,0.99691844,0.9969089,0.99902713,0.9964067,0.9980964,0.99783087,0.9957743,0.99363023,0.99669397,0.99806833,0.995684,0.9977413,0.9988577,0.99795187,0.9984611,0.997947
1.0,-0.013420396,-0.008051828,-0.0042729164,0.01055556,0.008145557,-0.008438755,-0.0017367229,0.0058289887,0.006107677,-0.00040250458,-0.0004890673,-0.016382072,0.001836136,0.0014254972,0.008468568,0.005975589,-0.008411169,-0.0019324385,-0.01154834,0.005111864,0.994206,0.99530095,0.9971341,0.9999089,0.9975972,0.997905,0.99834013,0.99760103,0.9967083,0.99629045,0.9929952,0.9954564,0.99547136,0.9952032,0.99642277,0.99677396,1.0008619,0.996606,0.9994859,0.999633
1.0,-0.04706417,-0.029168129,-0.013579543,0.03636241,0.027387908,-0.03337256,-0.0043538325,0.019219715,0.01947289,-0.0008545462,-0.009348273,-0.056953285,0.0061612576,0.006878242,0.034170814,0.02190359,-0.026508864,-0.0057398416,-0.040997114,0.019433124,0.98624605,0.9876732,0.99950415,1.006412,0.9966812,0.99990046,0.9970483,1.0003374,0.99316186,0.99230367,0.9859861,0.99981034,0.9926289,0.9872034,0.9980071,0.99323845,1.005572,0.99334884,1.0013399,1.0030735
3.0,-0.009492181,-0.0052491874,-0.002951906,0.0072440263,0.005751738,-0.0053530186,-0.001628425,0.004098214,0.004294105,-0.0005315263,0.0005376823,-0.011346731,0.0018971786,0.00019676238,0.00528834,0.0036125705,-0.005992949,-0.0009677857,-0.007976234,0.003369165,0.99503744,0.9959368,0.9968283,0.9988252,0.9973091,0.99749005,0.99896365,0.99716115,0.99743605,0.99664325,0.9940018,0.99507594,0.9959937,0.9960008,0.996183,0.99701,1.0003333,0.9972584,0.99946076,0.9989632
4.0,-0.032978237,-0.02014865,-0.0096108345,0.025412321,0.019257529,-0.02286587,-0.0035163574,0.013646291,0.013670493,-0.0008613989,-0.0054758675,-0.039821524,0.004860565,0.004237242,0.023179948,0.014783144,-0.01867523,-0.0039549433,-0.028390117,0.013402004,0.98975515,0.9908411,0.9987317,1.0036459,0.9973266,0.99894196,0.997926,0.99906266,0.99499035,0.9939916,0.9892939,0.9980347,0.9939951,0.9907826,0.99727005,0.99489284,1.0035745,0.99499625,1.000826,1.0015002
3.0,-0.019854613,-0.011884436,-0.005960771,0.015351387,0.011760138,-0.013132788,-0.002468545,0.008392523,0.008485429,-0.000678828,-0.002063509,-0.023982529,0.003180541,0.002071932,0.013176322,0.008573458,-0.011618558,-0.0024016835,-0.016977817,0.0078299735,0.99276936,0.9937521,0.9977356,1.0010588,0.99751985,0.9981393,0.99844325,0.9979889,0.99634385,0.99547493,0.9919702,0.9963442,0.99510366,0.99378055,0.99662507,0.99618953,1.0017618,0.9962476,1.0000653,1.0001183
1.0,0.05474837,0.036014706,0.016066873,-0.042244043,-0.030966006,0.042735554,0.005742695,-0.023799343,-0.020823952,0.0015238486,0.0147169195,0.0668933,-0.009402536,-0.010877587,-0.0419795,-0.02490341,0.027766276,0.00857291,0.04515355,-0.023969293,1.0060985,1.0081887,0.9883175,0.9831212,0.99050903,0.9935135,1.0011941,0.9936933,1.0018557,1.002955,1.0027695,0.9876556,1.0004823,1.0051092,0.99284256,0.99881935,0.99205446,1.0017835,0.99405795,0.99184036
3.0,0.00038797408,0.00093593076,-0.00019444991,-0.00025052577,0.0001836745,0.0020139106,-0.00061584637,5.2543357e-05,0.0005309507,-0.00020700134,0.002869565,0.00054777414,0.00027333945,-0.001305446,-0.0020477846,-0.0007368997,-0.0008276254,0.00024156645,0.0003097728,-0.00080598495,0.9970063,0.99801606,0.9957705,0.99676085,0.9969032,0.99689794,0.9991682,0.99643147,0.99813753,0.99766666,0.9956894,0.9937998,0.9966911,0.9978475,0.9956944,0.997647,0.9990119,0.9979852,0.99863744,0.9979571
4.0,-0.0006215647,0.00038771704,-0.00042575318,0.00043769926,0.0007009064,0.0012616739,-0.0007779375,0.00042455457,0.00083975494,-0.0003244374,0.0026701689,-0.0005979836,0.000588879,-0.0012879148,-0.0013545752,-0.0004541725,-0.0012730174,0.00021976605,-0.00045832247,-0.00039210147,0.99683654,0.99777216,0.99592376,0.99690497,0.99693495,0.99693877,0.9992776,0.9964987,0.9981971,0.9975527,0.9955651,0.99396867,0.9966872,0.9976819,0.9957396,0.9976083,0.9991521,0.9979903,0.9988036,0.9979997
3.0,-0.0095477775,-0.0056325346,-0.0032006362,0.007673757,0.0060242945,-0.0053917766,-0.001401227,0.0043301126,0.0046758875,-0.00017008744,0.00037330762,-0.011731278,0.0013259798,0.0007707998,0.005552888,0.004316978,-0.006365679,-0.0013876297,-0.008419149,0.0034607637,0.9948718,0.9960482,0.9966411,0.9991444,0.9973708,0.9975379,0.9984117,0.99716794,0.9968706,0.9966084,0.9938461,0.9949021,0.995712,0.99586964,0.9961506,0.99691343,1.0003436,0.996925,0.9991277,0.9992122
4.0,0.0031113103,0.00269828,0.0006111404,-0.0023937784,-0.001407309,0.004033532,-0.0003518127,-0.0011220574,-0.0005733557,-0.00017033517,0.0035291463,0.0038845055,-0.0001302287,-0.0017879754,-0.0040887594,-0.0020229146,0.0006406419,0.00063543767,0.002659738,-0.0019794654,0.99758554,0.9985852,0.9955073,0.99612623,0.99676335,0.99675596,0.9993007,0.99626213,0.99842167,0.9979753,0.9961408,0.9934868,0.99692214,0.9983775,0.995595,0.99783707,0.998649,0.9982192,0.99846184,0.9976613
3.0,0.032353003,0.02134607,0.009196211,-0.02492902,-0.018054416,0.02614162,0.002885975,-0.013641348,-0.011918113,0.00093414634,0.009948056,0.0394485,-0.005099967,-0.0067507774,-0.025643386,-0.01485984,0.01596694,0.004929688,0.02682145,-0.014449108,1.0026499,1.0041777,0.9916395,0.98920864,0.9938258,0.99485296,1.0002012,0.99435186,1.0002551,1.0008919,1.0004901,0.9899393,0.99893314,1.0027533,0.9941466,0.99863803,0.994826,1.0003283,0.9958804,0.9944559
4.0,-0.025386639,-0.015396297,-0.007517635,0.019622022,0.0149332825,-0.017216668,-0.0029168278,0.01063838,0.010691103,-0.000723755,-0.003498789,-0.03068507,0.0038795546,0.003019981,0.017390765,0.011233486,-0.014610726,-0.0030879192,-0.021812052,0.010173348,0.991506,0.9925442,0.99815786,1.0021911,0.9974884,0.99846935,0.99819076,0.9984255,0.99574053,0.9948533,0.99088395,0.9970369,0.99461937,0.99254465,0.99689454,0.99565333,1.0025231,0.99571544,1.0003822,1.0007235
1.0,0.012238599,0.009201016,0.0038035791,-0.010191269,-0.0071394523,0.011277374,-2.8662384e-05,-0.0053373724,-0.0047837608,-0.00038782507,0.005834151,0.015597936,-4.4345856e-05,-0.0046434402,-0.011413641,-0.0073753744,0.0061274804,0.0030280724,0.010726705,-0.006098302,0.9993206,0.9999479,0.9945479,0.99345255,0.99566406,0.995816,1.0007538,0.99538076,1.0000129,0.9987887,0.9982908,0.9926198,0.99811274,1.0000157,0.9951639,0.998099,0.99749184,0.9997293,0.998422,0.9961071
4.0,-0.019947216,-0.0119453,-0.0059791813,0.015415011,0.011807375,-0.013169769,-0.0024851598,0.008431773,0.008517988,-0.00065854937,-0.0020970963,-0.024091471,0.0032029673,0.0020822808,0.013242625,0.008632362,-0.011669204,-0.0024015568,-0.017070964,0.007854234,0.99274063,0.9937277,0.9977299,1.00108,0.9975071,0.9981347,0.9984362,0.9979839,0.99631923,0.99546945,0.99197954,0.99635196,0.9950879,0.9937657,0.9966393,0.9961598,1.0017711,0.9962452,1.0000718,1.000133
3.0,-0.0023518875,-0.0008316338,-0.0010034963,0.0018870533,0.001760799,-7.413328e-05,-0.0008554794,0.0012021307,0.0016238727,-0.00027454272,0.002223961,-0.0028019287,0.0006199479,-0.0007863715,2.2612512e-05,0.0005494356,-0.0023100376,-0.00018321723,-0.0020111501,0.00037249294,0.99647737,0.99748284,0.9960725,0.9973853,0.9970801,0.99709636,0.99903095,0.9966579,0.9978942,0.99739283,0.99517596,0.99413484,0.9964684,0.99734867,0.9958307,0.9975096,0.99937844,0.9977304,0.99882746,0.9982786
1.0,-0.0044550747,-0.0024253428,-0.0018209433,0.003791608,0.003125819,-0.0019079782,-0.00079248846,0.0021754708,0.002684418,-0.00022010691,0.0016973987,-0.005597431,0.00030774623,9.3616545e-05,0.0018130168,0.0019381493,-0.0036883056,-0.0009251125,-0.0039049163,0.0013828122,0.9960997,0.99725866,0.99629927,0.9980494,0.9973979,0.9974302,0.99853855,0.99698746,0.9974552,0.99722314,0.994444,0.9943235,0.9961397,0.996933,0.9959387,0.9975271,0.9996561,0.997234,0.9987506,0.99872094
4.0,0.017910525,0.011991173,0.004813995,-0.013662949,-0.009749597,0.015080148,0.0013494045,-0.0073423386,-0.006213017,0.00040328875,0.006838843,0.021750785,-0.0028741583,-0.0040163174,-0.014934685,-0.008368451,0.008304574,0.002518881,0.014943264,-0.008244462,1.0003185,1.001602,0.9936876,0.99282724,0.9956497,0.99591553,0.9995491,0.99532354,0.9993051,0.99951845,0.9983113,0.9916415,0.997881,1.0007981,0.9948997,0.99848783,0.99668276,0.99916583,0.997087,0.9961666
1.0,-0.028155118,-0.017140493,-0.008334133,0.021855267,0.016594756,-0.019269407,-0.0031134933,0.011798295,0.011866294,-0.00071610324,-0.0042472593,-0.034060318,0.0042194426,0.003502272,0.019519582,0.012599312,-0.016106207,-0.0034100339,-0.024327919,0.011384916,0.9908231,0.9919211,0.99833786,1.0027635,0.99741673,0.99859,0.99803925,0.9986044,0.9953846,0.9944535,0.99035203,0.9973658,0.9943729,0.9918297,0.9969376,0.9953785,1.0029356,0.99541247,1.0004883,1.0010235
2.0,-0.014877379,-0.008722812,-0.0045386916,0.011496931,0.008898241,-0.009388536,-0.00206073,0.006359853,0.006503314,-0.000578396,-0.00081857294,-0.017941002,0.0025434196,0.001210317,0.0093951,0.006235637,-0.008936219,-0.0017426945,-0.012686878,0.005691506,0.9938572,0.9948147,0.9972963,1.0000234,0.9974515,0.9978206,0.998654,0.99757797,0.99683034,0.996029,0.9929707,0.9957159,0.9955141,0.9948551,0.9964011,0.99659187,1.0010774,0.9967188,0.99975824,0.99958295
2.0,-0.0050424263,-0.0024809763,-0.001726293,0.0038778484,0.0032382403,-0.0020775683,-0.0011586398,0.0022750348,0.0026060827,-0.00039645284,0.0016090237,-0.0060062893,0.00112205,-0.00042583048,0.001997538,0.0016688779,-0.0036854781,-0.0004699491,-0.004223846,0.0014907236,0.9959774,0.9969157,0.9963885,0.9979197,0.9972015,0.99726385,0.99902976,0.996864,0.9977688,0.9971343,0.994745,0.99450165,0.99630994,0.99688536,0.99598813,0.99735755,0.9997395,0.997572,0.9990985,0.99854046
3.0,-0.023210272,-0.014039092,-0.0069440017,0.017989103,0.0137171205,-0.015708685,-0.0026983358,0.009766067,0.009857662,-0.00074968673,-0.0029101558,-0.02808291,0.0035318136,0.002703011,0.015757546,0.010187432,-0.013457961,-0.0028920695,-0.019890837,0.009304416,0.9920155,0.9930421,0.998021,1.0017635,0.9975509,0.99837464,0.99826175,0.99828815,0.99598503,0.99508333,0.99121016,0.9967617,0.99481374,0.99300885,0.99675775,0.99592185,1.0022297,0.9958826,1.0002306,1.0004845
4.0,-0.024761781,-0.014984198,-0.0073280046,0.01911873,0.014563648,-0.016738523,-0.00288409,0.010378735,0.010423407,-0.00072642043,-0.00333428,-0.029911716,0.0038383827,0.0028800592,0.01690045,0.010904811,-0.014255144,-0.0029843934,-0.021252453,0.009899828,0.99164987,0.9926698,0.9981124,1.002051,0.9974838,0.9984213,0.99824554,0.99836653,0.99582726,0.9949255,0.9910303,0.99696475,0.99468344,0.9926912,0.9968664,0.9957066,1.0024343,0.9957967,1.0003624,1.0006429
1.0,-0.035186686,-0.02259133,-0.010882239,0.028180677,0.0210101,-0.024805099,-0.0029189773,0.0149813155,0.01555644,-3.263168e-05,-0.006299682,-0.04346374,0.0032996833,0.006385185,0.025532268,0.01774408,-0.020959161,-0.005561929,-0.031383425,0.014559375,0.9889304,0.99084336,0.9984577,1.004933,0.9976138,0.99943334,0.99625593,0.9995337,0.99335563,0.9936789,0.9880609,0.9978505,0.9930699,0.9900014,0.9974148,0.9946171,1.0039431,0.9937576,1.0001118,1.0024711
1.0,-0.028510883,-0.01756166,-0.008557449,0.022258872,0.016838158,-0.019741021,-0.002947826,0.011964486,0.012130424,-0.0006676577,-0.0043251887,-0.034652498,0.003794901,0.003955975,0.019938387,0.013066925,-0.01650476,-0.0038057864,-0.024661407,0.01159588,0.9908112,0.99201787,0.9984005,1.0029709,0.9975929,0.9988097,0.9977384,0.9987978,0.9952044,0.9945027,0.9899638,0.9973578,0.99423826,0.99179304,0.99704355,0.9954626,1.0029777,0.9951497,1.0003724,1.0012251
4.0,0.04953463,0.03278821,0.014632007,-0.03849752,-0.028205656,0.038872313,0.004869256,-0.02158595,-0.01896165,0.0011307932,0.013786767,0.060678102,-0.00788445,-0.010249473,-0.0383535,-0.02301662,0.025180418,0.008000962,0.041106403,-0.0218114,1.005456,1.0072007,0.98924184,0.9843983,0.9913446,0.993803,1.0013425,0.99380857,1.001881,1.00251,1.0024319,0.9882619,1.0003529,1.0047712,0.9932451,0.9989026,0.9927318,1.0017376,0.99478084,0.99229586
2.0,0.020273209,0.013223298,0.005296928,-0.015213609,-0.010892382,0.016738039,0.0018600635,-0.008217435,-0.0068989582,0.0007007476,0.0072597936,0.02439528,-0.003910601,-0.0039034635,-0.016459007,-0.008900374,0.009293061,0.002427712,0.016763635,-0.009177515,1.0007232,1.0022398,0.9933157,0.9924835,0.9955619,0.99591553,0.99916404,0.9952707,0.9990866,0.99983644,0.99838525,0.9912669,0.9978205,1.0011221,0.99480116,0.99859345,0.9963284,0.99900997,0.99658734,0.99613994
4.0,0.014998145,0.010205347,0.0040142843,-0.011500094,-0.008152984,0.01288205,0.0009705648,-0.006144194,-0.005154006,0.00021416508,0.00623795,0.018270422,-0.0022318512,-0.003650114,-0.012841061,-0.0072379187,0.006842654,0.0021903813,0.012601182,-0.00701594,0.9998292,1.0010052,0.9940988,0.9934477,0.99591494,0.99608517,0.99958533,0.9955148,0.9992385,0.9992227,0.9979106,0.9920309,0.99774367,1.0003746,0.9950468,0.9984121,0.9970697,0.9990388,0.9974277,0.99642336
4.0,0.04287492,0.02792653,0.012187579,-0.03283983,-0.023902778,0.033857238,0.004436195,-0.018231971,-0.015867677,0.001462888,0.012090415,0.052123427,-0.0077197403,-0.008112833,-0.033103008,-0.019041218,0.02125382,0.0061628483,0.03538014,-0.01887494,1.0043997,1.0063177,0.9900995,0.9866603,0.9925709,0.9944016,1.0001688,0.99403083,1.0006274,1.0020534,1.0014446,0.98873186,0.99945503,1.004036,0.9936501,0.99884737,0.9934521,1.0007137,0.99470305,0.9935177
2.0,-0.004331887,-0.002067849,-0.0015573995,0.003372673,0.0028598392,-0.0016066544,-0.0010493733,0.0019938666,0.002361808,-0.00038607605,0.0017853826,-0.0051826052,0.00092568994,-0.00047320873,0.0014957711,0.0013862923,-0.003343422,-0.00045088306,-0.003619589,0.0012189897,0.99612457,0.9970888,0.99632174,0.9977903,0.9972071,0.9972533,0.9990027,0.9968442,0.997803,0.9972114,0.9947891,0.994408,0.9963455,0.99700785,0.9959453,0.997432,0.99964064,0.9975838,0.99901235,0.9984809
3.0,0.021004148,0.0140105,0.0057809157,-0.016156875,-0.011591857,0.0174568,0.0016423799,-0.008725295,-0.007489223,0.000488529,0.007540509,0.025576409,-0.0032953694,-0.0046187267,-0.017252527,-0.009810045,0.009963419,0.00305387,0.017563075,-0.009610329,1.0009003,1.0021853,0.99329597,0.9920431,0.995324,0.99571997,0.9997308,0.99512315,0.9995797,0.99988437,0.99882615,0.9912924,0.9981385,1.0013292,0.99481314,0.99856716,0.996274,0.99946374,0.9968863,0.995813
3.0,-0.016676344,-0.0100860745,-0.00517043,0.01309411,0.010045273,-0.010673288,-0.002087433,0.0072151097,0.007417772,-0.000349354,-0.0013715774,-0.02030943,0.0024382398,0.0018610135,0.010885105,0.007528752,-0.010120586,-0.0022137202,-0.014496289,0.006462345,0.99336785,0.99450976,0.997318,1.0005902,0.9974997,0.9979538,0.9982371,0.99771225,0.9962921,0.9958356,0.9925761,0.9958268,0.9951811,0.9944276,0.99650365,0.99635327,1.0013177,0.9963627,0.99967945,0.99994314
3.0,0.00279212,0.003043808,0.00091837253,-0.0027272739,-0.0015946575,0.004001841,-0.0008507632,-0.0012591798,-0.00096655637,-0.0006488282,0.003645923,0.0039828606,0.0010873526,-0.002767183,-0.0042714626,-0.0029344074,0.0010167286,0.0014049225,0.0028113052,-0.0019733456,0.9975603,0.9981723,0.9956779,0.99571794,0.99649715,0.996515,1.0002055,0.9961279,0.9991594,0.9978501,0.9965244,0.99375355,0.9973178,0.9983739,0.99557316,0.99774987,0.99871033,0.99880886,0.999027,0.99722636
3.0,0.03898564,0.025171153,0.010834679,-0.029609438,-0.021486381,0.030943979,0.004135266,-0.016351921,-0.014129989,0.0015982799,0.011135943,0.04718685,-0.007481575,-0.006990738,-0.030085295,-0.016840462,0.019006152,0.0052212626,0.032029383,-0.017193977,1.0037878,1.0057646,0.9906037,0.98789823,0.99322206,0.9947329,0.9996081,0.9941894,1.0000124,1.0017605,1.0009084,0.98903924,0.9989939,1.0035995,0.9939005,0.9988148,0.99391294,1.0001931,0.9947671,0.99419093
4.0,-0.02086629,-0.012540445,-0.0062589077,0.016151685,0.0123516135,-0.013894811,-0.0025357082,0.00881145,0.008902773,-0.000680767,-0.0023260824,-0.025222342,0.003274478,0.002273947,0.013957374,0.00908345,-0.0121786855,-0.002553966,-0.017868765,0.008266683,0.9925412,0.9935443,0.9978163,1.0012792,0.99752927,0.9982087,0.99837416,0.9980737,0.99621916,0.99535996,0.99175346,0.99646443,0.995007,0.99355274,0.9966708,0.9961029,1.0019016,0.99613065,1.000109,1.0002406
3.0,-0.0105131045,-0.006010078,-0.0033377456,0.0081861075,0.006430392,-0.0061673895,-0.0016229041,0.004588753,0.0048309267,-0.0004573334,0.00025005266,-0.012700293,0.0018164888,0.0005803704,0.0061440915,0.004302986,-0.006655734,-0.0012632348,-0.008974016,0.0038486572,0.9947914,0.9957796,0.9968867,0.9991481,0.99738795,0.9975879,0.9987343,0.9972641,0.99717474,0.9965134,0.99372756,0.9951481,0.9958288,0.99575055,0.9962036,0.99694806,1.0004826,0.9970414,0.9994151,0.99915856
2.0,0.002545759,0.0024933293,0.0005561169,-0.0020998865,-0.0011712885,0.0036942028,-0.000546813,-0.0009448752,-0.0004789643,-0.00029473938,0.0034362786,0.0033285283,0.00030709058,-0.001990825,-0.0037872493,-0.002049137,0.0004935786,0.0008038543,0.00226295,-0.001774457,0.99746114,0.99835616,0.9955896,0.9961273,0.99669707,0.996691,0.9995329,0.9962332,0.99856454,0.99786705,0.9962043,0.9936085,0.9969928,0.99827105,0.9955908,0.9977645,0.9987369,0.99835116,0.9986483,0.9975866
4.0,0.025268748,0.016685419,0.0069714724,-0.01933461,-0.013943408,0.020583525,0.0022193156,-0.010529077,-0.009074867,0.0006683413,0.008447815,0.030702578,-0.004245147,-0.005211659,-0.020318657,-0.011571173,0.012144815,0.0035600252,0.021046333,-0.011382129,1.0016253,1.0030488,0.992727,0.99106103,0.9949073,0.99549896,0.99974597,0.9949197,0.99977696,1.0002875,0.9993055,0.9907781,0.998375,1.0018938,0.994565,0.99871916,0.9957209,0.9996473,0.9964255,0.9953949
4.0,-0.027284406,-0.016542569,-0.008014915,0.021022428,0.015989073,-0.018627554,-0.003100682,0.011370929,0.011389967,-0.00080486387,-0.0039722733,-0.032930415,0.0042033866,0.0032515228,0.018806845,0.012031466,-0.015581064,-0.0032566004,-0.023400102,0.010973886,0.9910908,0.9921033,0.9983295,1.0025214,0.9974522,0.99857867,0.99819434,0.9985789,0.99562377,0.99464446,0.9905134,0.99730706,0.9944982,0.99212533,0.9969888,0.9954785,1.0027823,0.9955809,1.0005356,1.000886
4.0,0.005069509,0.0036921054,0.0010111853,-0.0036518835,-0.0023508142,0.005509533,2.3234636e-05,-0.0018006042,-0.0011032969,0.00015459955,0.0038623437,0.0060506985,-0.0008948818,-0.0017005652,-0.0053778067,-0.0024070926,0.0014384128,0.00059277937,0.0040680394,-0.0027752367,0.997878,0.9990875,0.9951608,0.99590284,0.99668825,0.9966874,0.9989608,0.99612576,0.9981705,0.9981996,0.9963474,0.9931206,0.9968596,0.9986628,0.9955042,0.9978761,0.9983707,0.9981223,0.99804604,0.9976422
4.0,-0.025417581,-0.015376575,-0.007501143,0.019601868,0.014928173,-0.017238598,-0.002946034,0.010629557,0.010662533,-0.00076546706,-0.0034922287,-0.030685853,0.0039497763,0.0029585958,0.017389335,0.011169605,-0.014586948,-0.0030449964,-0.02179125,0.010181049,0.99151343,0.99252033,0.9981804,1.0021622,0.9974788,0.99846387,0.998252,0.9984244,0.99579835,0.99485356,0.99089366,0.9970608,0.9946472,0.9925481,0.99689674,0.9956575,1.002525,0.99574995,1.0004182,1.0006968
3.0,0.006320566,0.0047622807,0.0015092203,-0.004788801,-0.0031784358,0.00642059,-4.1760504e-06,-0.0024367701,-0.001783371,-7.6919794e-05,0.0042573437,0.0077679753,-0.0006458312,-0.0023456514,-0.006471023,-0.0034717843,0.0023598634,0.0010922551,0.0053037778,-0.0033081544,0.9981514,0.99921066,0.9951345,0.99540323,0.99651676,0.99652034,0.999401,0.9960148,0.9986527,0.9982113,0.9966565,0.9930839,0.9971551,0.9988482,0.995351,0.99800605,0.99824387,0.9984313,0.9981688,0.9972927
4.0,-0.021083914,-0.012674585,-0.0063080387,0.016308395,0.012470418,-0.014017023,-0.0025717057,0.008901927,0.0089831315,-0.00066602416,-0.0023916773,-0.025478747,0.003336437,0.0022883937,0.014112465,0.009187959,-0.012290552,-0.002555076,-0.018072434,0.008344343,0.99247646,0.9934812,0.9978161,1.001322,0.99750745,0.99820125,0.9983739,0.9980718,0.99618536,0.995334,0.9917497,0.9964894,0.994985,0.9935045,0.99668443,0.99605364,1.0019293,0.99612814,1.0001287,1.0002582
4.0,0.030227412,0.019913983,0.008475028,-0.023209006,-0.016812155,0.024276465,0.0027780123,-0.012731131,-0.011053268,0.0007711034,0.009554967,0.036780886,-0.0050658137,-0.006132923,-0.023978986,-0.013854627,0.014777366,0.004353091,0.02518928,-0.0134919435,1.0024773,1.003965,0.99207026,0.9897858,0.99432653,0.99519616,0.9999894,0.994677,1.00018,1.0007805,0.9999471,0.99023926,0.99875665,1.0025764,0.9943168,0.998845,0.99508476,1.0000329,0.9960444,0.9948048
1.0,0.03436325,0.02415752,0.010921609,-0.027844634,-0.020316103,0.02837017,0.0017734542,-0.015238022,-0.013948265,-0.00018067285,0.010940727,0.043112118,-0.0019245446,-0.0100661665,-0.028372694,-0.018564723,0.018458117,0.0077221543,0.029038414,-0.01565169,1.0027277,1.0034053,0.991501,0.98740447,0.9925144,0.9937655,1.0028311,0.99374074,1.0023878,1.0003588,1.0021251,0.99019086,1.0002367,1.002818,0.99370366,0.9983088,0.99482775,1.0021977,0.9972907,0.9928518
2.0,0.015515402,0.010616947,0.004224725,-0.011961922,-0.00848729,0.0133514125,0.0009483993,-0.006385628,-0.0054102354,0.00020446815,0.0063575543,0.018966466,-0.0021182,-0.0039040595,-0.013290528,-0.007593572,0.007194046,0.0024144314,0.013032459,-0.0072613526,0.9998846,1.0010297,0.994022,0.99326736,0.9957836,0.9959742,0.9997277,0.9954175,0.9993441,0.999224,0.99810344,0.99198025,0.9978317,1.0004303,0.99499255,0.99837786,0.99701613,0.9991686,0.9974471,0.99629414
2.0,0.020862997,0.013784025,0.005619115,-0.015866864,-0.011379039,0.01726962,0.0017648079,-0.008577475,-0.007293619,0.0005896967,0.0074528195,0.025274016,-0.0036077797,-0.004331775,-0.017031848,-0.009485394,0.0097639,0.002803985,0.017349549,-0.009493723,1.000855,1.0022472,0.99328697,0.9921975,0.99541134,0.995795,0.99948233,0.99517703,0.99937546,0.9998685,0.9986578,0.9912592,0.99801093,1.0012585,0.99479103,0.99859405,0.99628186,0.99926734,0.9967354,0.9959399
1.0,0.008045562,0.0060169287,0.0021456964,-0.006284073,-0.004250536,0.007919405,-1.7065555e-05,-0.0032035895,-0.0025885701,-8.553825e-05,0.004661817,0.010008942,-0.00045292825,-0.0030198842,-0.007912099,-0.004531581,0.0034426115,0.0016573556,0.006779678,-0.0040983474,0.99836653,0.9993633,0.99487627,0.994877,0.9961905,0.9962239,0.9997443,0.9957404,0.9989136,0.9983009,0.99718255,0.99290276,0.99738294,0.99908316,0.99520946,0.9979209,0.99801606,0.9987916,0.9981661,0.99692094
4.0,0.021994457,0.0146125,0.006028999,-0.016837098,-0.012093274,0.018167157,0.0017972551,-0.009112436,-0.007817373,0.0005433485,0.0077383816,0.02673598,-0.0035542473,-0.0047297403,-0.017948817,-0.010185804,0.010455038,0.0031402744,0.018335357,-0.009994624,1.001035,1.0023794,0.9931502,0.9918383,0.9952239,0.9956563,0.99969816,0.9950689,0.9995851,0.9999387,0.9989138,0.9911595,0.99817336,1.0014145,0.99471223,0.9985975,0.9961493,0.99947387,0.996743,0.9957133
1.0,0.04493201,0.02883936,0.012418956,-0.033912558,-0.024650592,0.035076186,0.0051548444,-0.01889144,-0.016308445,0.0018016081,0.012358371,0.054259628,-0.00928358,-0.007648006,-0.03422108,-0.019180827,0.021988798,0.005701449,0.03694419,-0.019577434,1.004723,1.0070158,0.989743,0.986437,0.9925632,0.99455804,0.9994866,0.9941925,1.0002053,1.002356,1.0010928,0.9884412,0.9991998,1.0041518,0.9934767,0.9989923,0.99307585,1.0002394,0.99401134,0.99364173
2.0,-0.0014564395,-0.00025235862,-0.0007389635,0.0011656322,0.0012238682,0.000545077,-0.00076410174,0.0008018445,0.0012450404,-0.00030348264,0.002465807,-0.0017028265,0.00047510862,-0.0009385571,-0.00064829737,9.430945e-05,-0.0018255599,-7.683411e-05,-0.0011895895,-4.0398445e-06,0.9966991,0.99768555,0.9960149,0.9971696,0.9970721,0.99707925,0.9990873,0.99663293,0.99802756,0.9975157,0.9952822,0.99404675,0.99655735,0.997547,0.99581134,0.9976089,0.9992527,0.9978095,0.9987861,0.9981773
4.0,-0.05494474,-0.033990756,-0.015641365,0.04221344,0.0318181,-0.039186627,-0.004878547,0.022162288,0.022502288,-0.0009734053,-0.011560403,-0.0662992,0.007082209,0.008039251,0.04026833,0.025601827,-0.030694623,-0.0064467676,-0.047854908,0.022740953,0.9842954,0.98579174,0.99994385,1.0077043,0.99603903,1.0004323,0.99681765,1.0010407,0.9923642,0.99139714,0.98412615,1.0009193,0.99196756,0.9851624,0.9984908,0.9922272,1.0066661,0.99252814,1.0016916,1.0038389
1.0,0.01515837,0.010380883,0.0041583944,-0.011766326,-0.008335771,0.013130862,0.00087304786,-0.0062596314,-0.0053183585,0.00019511208,0.006284889,0.018556606,-0.0020016655,-0.0038741976,-0.013049815,-0.007452652,0.0070049018,0.0023862645,0.012778126,-0.007142036,0.9998318,1.0009508,0.9940545,0.9933364,0.99580395,0.9959956,0.99975073,0.99542344,0.99932957,0.9992498,0.99808043,0.9920279,0.9978163,1.0004258,0.99507,0.9983245,0.9970409,0.9991922,0.9975079,0.9963259
2.0,-0.011487201,-0.0066570267,-0.0036375793,0.0089656,0.0070019765,-0.0069289356,-0.0016803145,0.004997324,0.0052386336,-0.0004697796,1.1254102e-05,-0.01390807,0.0018820167,0.00080472976,0.006902121,0.004799828,-0.007206809,-0.0014442764,-0.0098161325,0.00427664,0.9945949,0.9955997,0.9969835,0.999377,0.99744266,0.99767476,0.99865234,0.99736243,0.997061,0.9964168,0.9935014,0.995263,0.9957346,0.99555486,0.996254,0.996896,1.000615,0.9969206,0.99945873,0.9992877
1.0,0.019669928,0.013187196,0.0053520864,-0.015042327,-0.010766154,0.01632695,0.0015083514,-0.008120678,-0.0069384463,0.00032170117,0.00728919,0.023924723,-0.0030415952,-0.0044518486,-0.016279861,-0.009343166,0.009301595,0.0028411038,0.016480453,-0.008945723,1.0006069,1.0018803,0.9934938,0.99233514,0.9954613,0.9957791,0.9997393,0.99524015,0.99955744,0.9996256,0.99851483,0.9914812,0.99806964,1.0010033,0.99473566,0.9985717,0.99645835,0.9993541,0.99700415,0.9958632
3.0,-0.026651256,-0.016091824,-0.0077466154,0.020470714,0.015605357,-0.017827269,-0.0032011308,0.011150697,0.011096213,-0.0006522201,-0.0038966164,-0.032099556,0.0044177026,0.002931729,0.01823157,0.0117247775,-0.01516854,-0.002944652,-0.022982515,0.010593519,0.9910868,0.99210256,0.9981279,1.0023685,0.9972595,0.9983423,0.9983063,0.99834603,0.99559474,0.99466455,0.99097973,0.99721104,0.9945222,0.99222934,0.9969377,0.9952987,1.0026783,0.9957842,1.000544,1.0007588
4.0,0.024348512,0.016037244,0.0066629183,-0.018574562,-0.013375472,0.019906852,0.0021418147,-0.010091865,-0.0086643845,0.0006985087,0.00821726,0.029535906,-0.0041610748,-0.0049730465,-0.019610602,-0.011061311,0.011611022,0.0033610612,0.020236127,-0.010980236,1.0014415,1.0028857,0.9928157,0.9913347,0.99501306,0.99555594,0.99963254,0.99495715,0.999621,1.000205,0.9991688,0.99085337,0.99826795,1.0017498,0.99460864,0.99866766,0.99583155,0.99954087,0.9964463,0.9955307
3.0,0.021329768,0.013961911,0.0056390627,-0.016052186,-0.011517011,0.017537752,0.001941856,-0.008694246,-0.007338967,0.0006932933,0.0075075775,0.025719091,-0.0039836764,-0.004177898,-0.017269194,-0.009465028,0.009897307,0.0026692636,0.017644621,-0.009631335,1.0009098,1.0024092,0.9931968,0.9921915,0.99542844,0.9958208,0.9992802,0.9951944,0.99923265,0.9999025,0.99858665,0.9911596,0.99793994,1.001269,0.99472576,0.9986373,0.99621356,0.9991345,0.99654686,0.9959816
2.0,-0.016847111,-0.010017827,-0.0051269857,0.013064608,0.010053636,-0.010863554,-0.002196744,0.007188769,0.007326558,-0.00056920573,-0.001328107,-0.020369384,0.0027248487,0.0016224235,0.0109162405,0.0072478503,-0.010039784,-0.002055198,-0.014431141,0.00653899,0.9934149,0.9944152,0.9974503,1.0004735,0.99749374,0.99795437,0.9985022,0.9977402,0.99657077,0.99581265,0.99256593,0.9959418,0.9953166,0.9944276,0.9964942,0.99642396,1.0013471,0.9964937,0.99984336,0.99983
2.0,0.016362049,0.010887492,0.0042951116,-0.012377515,-0.008797146,0.013940714,0.001240518,-0.006616663,-0.0055148043,0.00047697872,0.0064379238,0.019779235,-0.0027851686,-0.0035796985,-0.013724163,-0.0074656457,0.007383447,0.0021673478,0.013557963,-0.0075767627,1.0000105,1.0013423,0.99382484,0.99329084,0.9958166,0.9960289,0.9993286,0.9954063,0.9990182,0.9993938,0.9980595,0.99176747,0.99768543,1.0005535,0.9949921,0.9983943,0.99687296,0.99896467,0.997111,0.9964205
1.0,0.017636754,0.0120679885,0.00495781,-0.013740659,-0.0097889565,0.01514939,0.001042217,-0.0073339567,-0.0063324124,0.0002995003,0.0068125166,0.021656279,-0.0021575317,-0.0044990256,-0.0149602555,-0.008664545,0.008403275,0.0029629283,0.01477807,-0.008247636,1.00021,1.001329,0.9937007,0.99269265,0.995437,0.9957165,0.99996734,0.9951522,0.99954504,0.99942046,0.998659,0.99172205,0.99804425,1.0007702,0.99491113,0.9983163,0.9967488,0.9994851,0.99735945,0.9959835
2.0,0.0063829795,0.0047075413,0.0015043756,-0.0048398226,-0.0032208837,0.006458368,3.707409e-05,-0.0024601072,-0.0017800592,-2.5980175e-05,0.0042651445,0.0077917576,-0.00077875704,-0.0022187904,-0.0064720213,-0.0033758916,0.0023018755,0.0009890385,0.0053585693,-0.0033457677,0.9981905,0.99927175,0.99510664,0.99544674,0.9965723,0.9965766,0.999302,0.99604833,0.99857455,0.9983152,0.9966128,0.99305695,0.99711233,0.9989254,0.9954308,0.9980001,0.9982082,0.9984037,0.99813014,0.9973483
3.0,0.013500355,0.00936617,0.00364584,-0.010438725,-0.007365883,0.011751678,0.0007234402,-0.005558748,-0.004662808,3.715232e-05,0.005959388,0.016536165,-0.0017507225,-0.0036018938,-0.011816781,-0.0068097785,0.0061651133,0.0021269992,0.011441179,-0.0063813394,0.99956757,1.0006436,0.99432975,0.9936994,0.9960082,0.996134,0.9997283,0.99560255,0.9993117,0.999027,0.9977368,0.99226403,0.99773276,1.0001311,0.99508697,0.9983731,0.99728054,0.9990456,0.99767107,0.99647963
1.0,-0.004558988,-0.0017111525,-0.0012579197,0.003061127,0.0027066078,-0.0013830923,-0.0015228391,0.0019021183,0.002015654,-0.0006363541,0.0017967559,-0.005005311,0.002051875,-0.0013887957,0.0012821555,0.0006691143,-0.002956871,0.00034065917,-0.0035788342,0.0011327921,0.99603915,0.99669504,0.9963779,0.9974407,0.9968518,0.9969295,0.9997647,0.9965907,0.9983244,0.9970732,0.99535793,0.99459153,0.9966484,0.9969835,0.995904,0.9972291,0.9996904,0.99811727,0.99945587,0.9981268
1.0,-0.01974149,-0.011842586,-0.0059529347,0.015292086,0.011704383,-0.013088927,-0.002422776,0.008349644,0.008463781,-0.0006660633,-0.0020326823,-0.023872767,0.0030785128,0.0021271482,0.013119228,0.008574739,-0.01159123,-0.0024476908,-0.0168861,0.0077902367,0.992819,0.9938156,0.99773926,1.00106,0.99755937,0.9981713,0.9983954,0.99801177,0.9963348,0.99550515,0.99194413,0.99632293,0.9950972,0.99382037,0.99663556,0.9962337,1.0017476,0.9962156,1.0000362,1.000143
4.0,-0.05613728,-0.034710936,-0.015970554,0.043127134,0.032523714,-0.040129967,-0.0049416795,0.02261108,0.02298899,-0.0010377746,-0.011886619,-0.06771916,0.0072322935,0.008204356,0.041199595,0.026117973,-0.031323772,-0.0065555684,-0.048889633,0.023292698,0.9839859,0.9854858,1.0000176,1.0078921,0.99592876,1.0005082,0.9968013,1.0011398,0.99225974,0.9912209,0.9837913,1.0010874,0.9918931,0.98480165,0.9985123,0.9920961,1.0068486,0.9923987,1.001724,1.0039208
1.0,-0.05019577,-0.031043373,-0.014421037,0.0386676,0.029150844,-0.03584803,-0.0045338236,0.020359475,0.020646503,-0.0010388214,-0.010161217,-0.060640823,0.006513208,0.007325478,0.03659249,0.023237526,-0.028132034,-0.0060559064,-0.04358296,0.020818163,0.98555833,0.98695636,0.9997897,1.0068878,0.9965077,1.0001733,0.9970234,1.0006622,0.9929808,0.9919565,0.98512214,1.0002713,0.9924432,0.986408,0.9981719,0.99296844,1.006017,0.993015,1.0014917,1.0033475
1.0,-0.00961408,-0.0050286055,-0.0028030286,0.0070867743,0.005684835,-0.005331591,-0.0018751323,0.0040376885,0.0041059926,-0.0007609613,0.00058283284,-0.011247266,0.00251922,-0.00032103807,0.0051726475,0.0031293556,-0.0057614,-0.000549376,-0.007894196,0.0033712669,0.9950173,0.99571973,0.99690425,0.9986118,0.9971539,0.99733627,0.99941987,0.9970628,0.9977951,0.9965496,0.994238,0.9952033,0.99619716,0.9959705,0.99612015,0.9969683,1.0003681,0.99755543,0.99971986,0.9987324
2.0,0.030811645,0.020150963,0.008559607,-0.023534652,-0.017033752,0.024763605,0.0029384904,-0.012895649,-0.011158701,0.00097394735,0.009584229,0.037391916,-0.0054225996,-0.006013699,-0.024314437,-0.013816629,0.014962379,0.004281141,0.025541738,-0.01373134,1.0025202,1.0041258,0.9919069,0.9897617,0.99425894,0.9951726,0.9997777,0.99460995,0.99996424,1.0008678,0.99999416,0.9900923,0.9986723,1.0026217,0.9942933,0.99878836,0.9949888,0.99993455,0.99582225,0.99485487
1.0,0.023606125,0.014609836,0.0056666876,-0.017045308,-0.012273645,0.018687347,0.0030113906,-0.009353481,-0.0076028556,0.001296306,0.007787034,0.027824106,-0.0064664334,-0.0029093176,-0.018244065,-0.008991726,0.010342974,0.0015910864,0.019297779,-0.010401003,1.0015398,1.0035728,0.9928663,0.9922625,0.9958456,0.99633306,0.9979624,0.99554414,0.9984511,1.0005361,0.9979622,0.9907069,0.9974609,1.0017021,0.9947996,0.999069,0.99577457,0.9982713,0.99554414,0.99654174
3.0,-0.016458474,-0.0097130835,-0.004992948,0.012717903,0.0098053375,-0.010617152,-0.002185177,0.006997144,0.0071224757,-0.00064583495,-0.001196105,-0.019852709,0.0027432665,0.0014770776,0.01059407,0.0069420785,-0.009774733,-0.0019584186,-0.014016449,0.006383827,0.99353564,0.9944873,0.99746567,1.0003417,0.9974967,0.9979373,0.99860525,0.9977238,0.9967149,0.9958527,0.99262637,0.995926,0.9954011,0.9945202,0.9964657,0.99650127,1.0012972,0.99656767,0.99986553,0.9997461
1.0,0.03378707,0.021478195,0.008920904,-0.02509759,-0.018139578,0.026719525,0.0038516708,-0.013800992,-0.011741377,0.0015521199,0.009950679,0.040482506,-0.007354781,-0.005458407,-0.02600491,-0.014026243,0.016013224,0.0037888177,0.027626052,-0.014763077,1.0028785,1.0050089,0.99130833,0.98949534,0.9941473,0.9952326,0.9988538,0.99462765,0.9992815,1.0012032,0.99977493,0.98954886,0.9983527,1.0027728,0.99400634,0.99887806,0.9945083,0.99937785,0.9948361,0.9949746
3.0,-0.026615515,-0.015635334,-0.007571264,0.020108487,0.0154369455,-0.018116765,-0.003365796,0.010911832,0.0107264705,-0.0012720786,-0.0036490113,-0.031717252,0.00497289,0.0023098737,0.01799845,0.010774642,-0.014724579,-0.0025744848,-0.022367157,0.010684972,0.9913354,0.99199164,0.9984728,1.0019844,0.9972884,0.9983596,0.9989674,0.99840254,0.99636555,0.9946349,0.99089676,0.9974351,0.99492574,0.99227685,0.99682224,0.99561304,1.0026985,0.99608696,1.0008593,1.0004182
4.0,0.017148033,0.011599839,0.004658495,-0.013171185,-0.009386167,0.014523402,0.0011875108,-0.007067956,-0.0060022734,0.000283828,0.0067144968,0.020902615,-0.0025441572,-0.0040578395,-0.014444172,-0.008219596,0.007993441,0.002543155,0.014382102,-0.007938258,1.0001984,1.0014005,0.99381894,0.99292594,0.99568725,0.9959272,0.99968493,0.9953584,0.99939847,0.99942154,0.9982626,0.99177426,0.99790657,1.0006956,0.9949317,0.99846804,0.99679273,0.99921685,0.9972565,0.9961691
3.0,-0.017990977,-0.010733575,-0.005445036,0.013929697,0.010696398,-0.011735771,-0.0022952445,0.0076423762,0.0077638663,-0.00061316416,-0.001603499,-0.021745745,0.0028814822,0.0018073246,0.011779629,0.007757835,-0.010646075,-0.002200622,-0.015389681,0.007027764,0.9931822,0.9941743,0.99756664,1.0006994,0.99751854,0.9980382,0.99847305,0.99784607,0.9964886,0.99569726,0.99232805,0.99609625,0.9952342,0.9941957,0.99655664,0.9963453,1.0015024,0.9963952,0.99992955,0.99994814
3.0,0.0067656115,0.005096305,0.0017396836,-0.005324334,-0.0035726042,0.0068177916,-4.927814e-05,-0.0027170256,-0.002089981,-0.00012163445,0.0044038296,0.0083996765,-0.0005451068,-0.00253883,-0.0068657324,-0.0038069412,0.0026418082,0.0012593232,0.0058036894,-0.0035758482,0.9983134,0.99928415,0.9951129,0.9952341,0.9964876,0.99650925,0.9995521,0.9959903,0.99881566,0.99837464,0.9968111,0.993073,0.99725306,0.99906135,0.99545854,0.998012,0.99816144,0.9986,0.99825925,0.9972138
1.0,0.036314182,0.02419008,0.010667042,-0.028313193,-0.0205446,0.029605467,0.0029941797,-0.015483068,-0.01369188,0.001086371,0.010763913,0.044567566,-0.0049147382,-0.00812798,-0.02883631,-0.017013114,0.018317033,0.006224837,0.029974215,-0.016299067,1.0030854,1.0045568,0.99093354,0.98798376,0.9928709,0.99423015,1.0008408,0.9937993,1.0006846,1.0011111,1.0015844,0.9894638,0.999404,1.003168,0.99389154,0.99834347,0.99439454,1.0010228,0.9957785,0.9937488
3.0,0.0021535978,0.0020457692,0.00033503864,-0.001645945,-0.0008515348,0.003436707,-0.00045565143,-0.00068996847,-0.00017309189,-7.229671e-05,0.0032473654,0.0027052052,-1.4156103e-07,-0.0015861541,-0.0033657178,-0.0014594197,9.607151e-05,0.0005084947,0.0017623156,-0.001617085,0.9973561,0.9983873,0.99554545,0.99638313,0.9967748,0.99677885,0.99919814,0.99627006,0.9982249,0.9978941,0.99607545,0.9935614,0.99679774,0.99821335,0.99567133,0.9976953,0.9987687,0.99813133,0.99849355,0.9978124
2.0,-0.014455222,-0.0084683895,-0.0044271657,0.011186946,0.008666653,-0.009068206,-0.002016157,0.006196536,0.00635089,-0.0005529877,-0.0007213019,-0.017441262,0.00246609,0.0011584163,0.009083472,0.006066598,-0.008722421,-0.0017015673,-0.012342595,0.005513197,0.9939385,0.9949073,0.99724793,0.9999471,0.99744195,0.9977926,0.99864936,0.9975408,0.9968455,0.9960715,0.99304944,0.9956545,0.99553645,0.994936,0.99637824,0.9966177,1.0010197,0.99674445,0.9997163,0.9995461
2.0,0.011852346,0.00835016,0.003201386,-0.009210404,-0.006451526,0.010578804,0.0004994385,-0.0048672054,-0.0040528327,-1.0499731e-05,0.0055816583,0.014569029,-0.0013702512,-0.003405884,-0.010633513,-0.0061237663,0.00533282,0.001971539,0.010061502,-0.0057046684,0.9992491,1.000282,0.9945191,0.99405843,0.9961009,0.99619263,0.99973357,0.9956655,0.9992164,0.9988487,0.9975658,0.9924633,0.9976364,0.99986696,0.99516714,0.998267,0.9975014,0.99897623,0.99784076,0.99663115
4.0,-0.033255413,-0.02035354,-0.00970153,0.025650155,0.019426545,-0.023066886,-0.0035223737,0.013769392,0.0138075575,-0.0008350238,-0.0055590123,-0.040182453,0.0048534274,0.004328139,0.023408271,0.014970623,-0.018856162,-0.004018087,-0.0286672,0.0135200955,0.98967594,0.990787,0.99873203,1.0037242,0.9973233,0.9989639,0.9978717,0.99909073,0.9949166,0.99395984,0.9892254,0.9980576,0.9939481,0.9907117,0.99728864,0.9948515,1.0036134,0.9949474,1.000821,1.0015482
4.0,-0.03249248,-0.019987501,-0.009540292,0.02516661,0.019032681,-0.022430792,-0.0034133382,0.013527768,0.013604138,-0.0006655324,-0.005414564,-0.039357055,0.0046016574,0.004371859,0.022880085,0.014855392,-0.018557988,-0.004033502,-0.028159194,0.013172975,0.9897955,0.9909976,0.9985924,1.0036776,0.99734366,0.9989148,0.9977248,0.9990158,0.9947994,0.99404746,0.9894024,0.9978973,0.99390936,0.99087745,0.99727386,0.99486333,1.0035048,0.9949343,1.0006951,1.0015606
3.0,-0.0012231767,-7.524341e-05,-0.0006626351,0.0009881146,0.001098902,0.0007400997,-0.0007620454,0.0007104911,0.0011496246,-0.0003068503,0.0025179423,-0.0014039613,0.000503473,-0.0010355487,-0.0008426085,-5.3867698e-05,-0.0016719736,2.6971102e-06,-0.0010040775,-9.814999e-05,0.99671775,0.99770105,0.99598193,0.997101,0.9970245,0.9970272,0.9991333,0.9965864,0.99806046,0.99750054,0.9953559,0.99401915,0.9965895,0.9975565,0.99576396,0.99760413,0.9992291,0.99785024,0.99877656,0.99812025
1.0,-0.015280351,-0.0095202625,-0.0050232755,0.012326758,0.00939348,-0.009950325,-0.0016307794,0.0067318147,0.0071290284,-0.00017672032,-0.00104139,-0.01890428,0.0014431402,0.0023078024,0.010096863,0.007431358,-0.009701651,-0.0026081242,-0.013413265,0.0059733335,0.9937827,0.9951122,0.9972303,1.0005497,0.9977768,0.9981626,0.99776727,0.997841,0.9961285,0.99609864,0.99239546,0.99555796,0.99509555,0.9947638,0.99651676,0.996683,1.001125,0.99608,0.99932003,1.0001032
3.0,-0.006282121,-0.0033734664,-0.0021690903,0.0049901046,0.0040588994,-0.003005974,-0.0011971593,0.002879233,0.0032258108,-0.00031254068,0.0012534894,-0.007616978,0.0011272132,-5.7831407e-05,0.0029950887,0.002445437,-0.0044422336,-0.0007625446,-0.005422555,0.0020653962,0.99563396,0.99667454,0.9964393,0.99828434,0.99724257,0.9973242,0.99881244,0.9969332,0.99746495,0.9969464,0.9944686,0.99459165,0.99612063,0.9965509,0.9959817,0.9972278,0.99990964,0.99735135,0.99905634,0.99872774
2.0,-0.024271816,-0.014860615,-0.0073185237,0.018934865,0.014378698,-0.016456325,-0.0026903152,0.010260334,0.010404211,-0.00057402626,-0.003249608,-0.029489692,0.003403075,0.0031419918,0.016658083,0.011018865,-0.014183637,-0.0031921007,-0.020985655,0.00973531,0.9917416,0.99289376,0.99802685,1.0021087,0.9975807,0.99848056,0.99797076,0.9983917,0.9956387,0.9949923,0.99096954,0.99682164,0.9945951,0.9927771,0.99685806,0.99578065,1.0023737,0.9956417,1.000174,1.0007416
3.0,-0.009146355,-0.0051479265,-0.0029484993,0.007129928,0.005646366,-0.005147267,-0.0014986172,0.004024362,0.00429409,-0.000427844,0.00058532506,-0.011045981,0.0016204119,0.00035578012,0.005117111,0.0036739558,-0.005930681,-0.001087904,-0.00780385,0.0032655878,0.99507964,0.9960678,0.9967537,0.9988592,0.99735075,0.99750745,0.9987824,0.99716306,0.99729663,0.9966667,0.99397594,0.9949771,0.9959362,0.99602985,0.9961451,0.99704736,1.0002956,0.99716127,0.999321,0.9990127
4.0,-0.0069379658,-0.003715776,-0.002295171,0.0053967144,0.004366425,-0.003471285,-0.0013205297,0.0030996725,0.0033986494,-0.00039071962,0.0011239089,-0.008339439,0.0013647228,-7.213652e-05,0.0034352392,0.002609238,-0.0047217123,-0.00074666366,-0.0059042946,0.0023120584,0.9955374,0.9965108,0.9965397,0.99836165,0.997252,0.99735254,0.9989088,0.99697757,0.9975246,0.99689794,0.9944132,0.9947107,0.99612874,0.9964694,0.9960412,0.9971917,0.9999976,0.99738127,0.99918824,0.9987537
3.0,0.023227707,0.015237719,0.006285188,-0.017618548,-0.012646958,0.019182358,0.0020187162,-0.009514233,-0.008129578,0.00080549717,0.007890601,0.028104387,-0.0039858967,-0.004725918,-0.018764623,-0.010400452,0.010960363,0.0031707212,0.01915782,-0.010491202,1.0011171,1.0026195,0.99284714,0.991684,0.9950494,0.995538,0.9994871,0.9949154,0.99934196,1.0000453,0.9990866,0.9909046,0.9981155,1.001499,0.99460864,0.99849707,0.99597,0.99942774,0.99643356,0.9956688
1.0,-0.032824777,-0.020712838,-0.009933558,0.025887292,0.019410238,-0.022827141,-0.0030667335,0.013849143,0.0141807385,-0.00025510974,-0.0056065246,-0.04021738,0.0037110597,0.00532382,0.023459785,0.015951507,-0.019275106,-0.004752286,-0.028907478,0.01338201,0.9896406,0.9912109,0.9984468,1.0041595,0.9975588,0.99916345,0.99693674,0.9992265,0.9941204,0.9940609,0.9889561,0.99772525,0.9935248,0.9907655,0.99739,0.9948424,1.0035661,0.99440813,1.000339,1.0019951
1.0,0.00092697144,0.00078209117,-0.00037764758,-0.00013683364,0.00022517703,0.0024188086,-0.00019780919,0.000117318705,0.00079911575,0.00035000965,0.0027563497,0.0007718168,-0.0007424429,-0.0005514398,-0.002108954,2.925843e-05,-0.0010194331,-0.00031328574,0.00025831163,-0.0009579535,0.9969501,0.99835676,0.99547076,0.99707663,0.99698114,0.9969746,0.9983657,0.9964044,0.99738115,0.99774224,0.99554867,0.9934792,0.99631673,0.99781835,0.99566215,0.9975782,0.9989212,0.99750733,0.9980763,0.99830055
4.0,-0.0042789504,-0.0020326898,-0.0015681824,0.0033915266,0.0028738608,-0.0015860535,-0.001027327,0.001998432,0.0023810677,-0.00037941895,0.0017888099,-0.0051382296,0.0009031743,-0.00047315657,0.0014664978,0.0013750792,-0.0033164993,-0.00045002624,-0.0036176667,0.0012253292,0.99610794,0.99709105,0.99630946,0.9977906,0.9971941,0.9972303,0.9989867,0.99682677,0.99778384,0.99716413,0.9947908,0.99439,0.99634516,0.99696654,0.9958878,0.9974423,0.999649,0.9975634,0.9989804,0.9984689
1.0,-0.0036675036,-0.0017620251,-0.0014522923,0.0030235536,0.0025953194,-0.0010480583,-0.00091791153,0.0018202048,0.0022493303,-0.00019670464,0.0018591918,-0.0044883154,0.0006605312,-0.00041431934,0.0010687485,0.0013441592,-0.0031001046,-0.0004687868,-0.0032523647,0.00095687085,0.99615383,0.99723685,0.9961473,0.9977607,0.99714553,0.9971746,0.99882793,0.9967415,0.9976132,0.9972296,0.9949171,0.9942419,0.9962859,0.9970477,0.9958632,0.99739045,0.99955744,0.99752676,0.99882007,0.99848473
3.0,-0.004235871,-0.0019117817,-0.0013871389,0.0031390376,0.0027196282,-0.0011201687,-0.0012399927,0.0019539203,0.002220098,-0.00021846034,0.0017124563,-0.004936803,0.0013163835,-0.00078463554,0.0012906194,0.0012941882,-0.00318126,-0.000105559826,-0.00365223,0.0010183381,0.9960074,0.99694484,0.99616086,0.9977071,0.9969477,0.9970227,0.99916095,0.9966009,0.9977527,0.9971979,0.9952393,0.9943652,0.9963609,0.9970265,0.9959712,0.99715245,0.99961656,0.9977906,0.99908197,0.9984029
3.0,0.010816678,0.007544983,0.0028083557,-0.008274011,-0.005756714,0.009845249,0.0004846342,-0.004335718,-0.0035186857,0.00014341809,0.005257435,0.013197489,-0.0014614239,-0.002996385,-0.009773046,-0.005351875,0.0046562627,0.0016550161,0.009048171,-0.0052568186,0.99900067,1.0001369,0.9945611,0.9944263,0.99619645,0.99627316,0.9994578,0.99571043,0.9988851,0.9987608,0.9973709,0.9925076,0.9974309,0.99966455,0.9952228,0.99816227,0.9976226,0.9987528,0.9977637,0.9968652
4.0,0.0057180226,0.004213892,0.0012723785,-0.0042651594,-0.0027997796,0.0059911422,8.184463e-06,-0.002139356,-0.0014572106,5.1558018e-05,0.0040686056,0.006929394,-0.0007861033,-0.0019932538,-0.0059339255,-0.002923239,0.0018822104,0.0008239858,0.0047182515,-0.0030673759,0.99804056,0.9991668,0.99513966,0.9956619,0.9966246,0.99662435,0.99916416,0.99608165,0.99839956,0.99826115,0.9965077,0.993097,0.99700284,0.99880636,0.99547577,0.9979359,0.99829304,0.9982914,0.9981138,0.9974837
3.0,0.02225352,0.014948964,0.0061930763,-0.017168816,-0.012362437,0.018223159,0.0017568842,-0.009342585,-0.008068331,0.00029312074,0.007926885,0.027168296,-0.0033857524,-0.0050001293,-0.018227741,-0.0106640905,0.010739967,0.003319241,0.018750288,-0.010095747,1.0011879,1.002409,0.9932583,0.9916227,0.9952416,0.9956761,0.9999677,0.9951523,0.9999429,0.99993813,0.9989018,0.9912484,0.9983406,1.0014967,0.99468917,0.99875504,0.99613816,0.9996138,0.9969169,0.99556404
4.0,0.021657676,0.01436637,0.0059003574,-0.016542371,-0.01187999,0.017862616,0.0017987452,-0.008958751,-0.0076615103,0.0005326215,0.0076669417,0.026295919,-0.0035919845,-0.0045985654,-0.017669242,-0.009990543,0.010247711,0.0030208603,0.018061377,-0.00983478,1.0009992,1.0023532,0.9932091,0.9919427,0.9953043,0.9957177,0.9996337,0.9951266,0.99954385,0.99992156,0.99880457,0.99119973,0.99813,1.0013738,0.99473506,0.9986265,0.99618906,0.999404,0.9967463,0.9957815
2.0,0.0005922094,0.0009415671,-0.00021573808,-0.0003187172,0.00011408469,0.0020698905,-0.00048685446,-3.9599836e-06,0.00053503737,-0.00014614873,0.0029073432,0.0006950535,-3.6872923e-05,-0.0010985509,-0.0021053776,-0.00063093007,-0.00084354356,6.221607e-05,0.0004563406,-0.00086412276,0.9970869,0.99816024,0.99575186,0.9968069,0.99699974,0.99699116,0.9989891,0.99650043,0.99803925,0.9977551,0.9955721,0.9937467,0.9966295,0.997918,0.99573284,0.99771726,0.99897003,0.99787194,0.9985307,0.99804235
4.0,-0.05382228,-0.03320659,-0.015281324,0.04127396,0.031144507,-0.038288243,-0.004887469,0.021709178,0.021966226,-0.0010107215,-0.01123856,-0.06487067,0.0071284473,0.007697515,0.039333172,0.024912931,-0.029989216,-0.0062097684,-0.046783354,0.022231571,0.9845961,0.98601097,0.9999069,1.0074422,0.99609053,1.000309,0.996992,1.0008981,0.9925894,0.991543,0.984502,1.000805,0.99211407,0.98548603,0.99842286,0.9923551,1.0064929,0.99274653,1.0017173,1.0036693
4.0,-0.0037770942,-0.0017974377,-0.0014496297,0.0030441806,0.002610621,-0.0011294,-0.00095283985,0.0018287301,0.0022379756,-0.00023668632,0.0018537603,-0.004581224,0.0007253513,-0.0004439503,0.0011285618,0.0013282448,-0.0031266846,-0.00044632703,-0.0032860115,0.0009807555,0.9961729,0.9972182,0.99618965,0.99775094,0.99715996,0.9971965,0.9988803,0.99676335,0.99767464,0.99725044,0.9949122,0.9942796,0.99630743,0.99707246,0.99590504,0.99740326,0.9995678,0.9975545,0.9988757,0.99848604
3.0,0.014692903,0.009877533,0.0038492037,-0.011163067,-0.007901005,0.012686618,0.0010192133,-0.0059440564,-0.004930161,0.00036171637,0.0060976744,0.01780282,-0.002412051,-0.0033841953,-0.012531962,-0.006833229,0.0065603964,0.0019910447,0.012236781,-0.0068854457,0.9997417,1.0010054,0.99406874,0.9936308,0.99596536,0.996133,0.999365,0.9955232,0.99900055,0.99923503,0.99782944,0.9920001,0.99761117,1.0003221,0.9950904,0.99835294,0.99709094,0.99889666,0.9973186,0.99656874
1.0,-0.0006664619,0.0002929978,-0.00047370698,0.0005318038,0.0007684501,0.0012619793,-0.0007509701,0.00048506446,0.00091784075,-0.00023962371,0.0026201494,-0.0007051118,0.00050623715,-0.0011883229,-0.0012858585,-0.00029975176,-0.0013578199,0.00015156344,-0.00057557225,-0.00037212553,0.99678737,0.9977756,0.9958783,0.99697214,0.9969306,0.9969353,0.9991762,0.9964831,0.99807394,0.99754876,0.99555737,0.99393576,0.99662685,0.9976533,0.9957416,0.9975614,0.9991526,0.997936,0.9987419,0.9980484
3.0,0.0015232563,0.0015818812,7.002894e-05,-0.0010275468,-0.00039836625,0.0028384626,-0.00043809414,-0.00037380308,0.00017175823,-0.000108234584,0.0031050593,0.0018522739,-5.5104494e-05,-0.00136026,-0.0028370693,-0.0011049807,-0.0002996847,0.000289388,0.0011925101,-0.0012616029,0.9972032,0.9982829,0.99561626,0.9965766,0.99686366,0.9968487,0.9990792,0.9963609,0.99811155,0.99777514,0.9958227,0.99362296,0.99671584,0.99802065,0.9956228,0.99771094,0.9988608,0.9979878,0.99846506,0.9978897
3.0,-0.012729667,-0.0071043298,-0.0037692757,0.009616338,0.007550956,-0.007668093,-0.0020669848,0.005385436,0.005440455,-0.0007082317,-0.00023495406,-0.015115183,0.0027382374,0.00039234757,0.0075967833,0.0047956407,-0.0075236447,-0.0010970198,-0.010673888,0.0047193347,0.9943283,0.9951217,0.997157,0.99936557,0.9972648,0.9975533,0.99911994,0.99730754,0.99733746,0.9962059,0.9936037,0.99553967,0.9958577,0.9953032,0.9962533,0.996726,1.000791,0.9971564,0.9998151,0.99916
2.0,-0.017320946,-0.010334626,-0.0052723764,0.0134437345,0.0103309415,-0.011227537,-0.0022218488,0.0073867096,0.007526662,-0.00056667626,-0.0014493875,-0.020957317,0.0027497858,0.0017361045,0.011287741,0.007500425,-0.010311235,-0.002142664,-0.014847979,0.0067437366,0.99331486,0.9943276,0.9974909,1.0005847,0.99751186,0.9979965,0.99845636,0.99778825,0.99650675,0.9957667,0.9924557,0.99599606,0.9952662,0.99432915,0.9965221,0.99639076,1.0014112,0.996431,0.9998604,0.9998969
2.0,-0.012143232,-0.0071921647,-0.0038918713,0.009583874,0.0074435924,-0.0074026026,-0.0016700067,0.0053307004,0.005607005,-0.00035742484,-0.00020064786,-0.014805313,0.0017911568,0.0010981038,0.0074662045,0.005331807,-0.007674273,-0.0016616993,-0.010507032,0.004567572,0.9944043,0.9954999,0.99697554,0.9996169,0.9974757,0.9977298,0.9984484,0.99741316,0.9968136,0.99634814,0.99334043,0.9952859,0.99558806,0.99539274,0.996289,0.9968037,1.0007008,0.9967631,0.9993999,0.9994398
2.0,-0.027564004,-0.016891457,-0.0081971,0.02139799,0.01622123,-0.018878952,-0.002996061,0.011551947,0.011653606,-0.00066082925,-0.0040876865,-0.03342067,0.0039198026,0.003602773,0.019132487,0.012487143,-0.015910327,-0.00351917,-0.023799304,0.011115493,0.9909999,0.99213886,0.99829316,1.00272,0.99752164,0.9986686,0.9979168,0.9986559,0.995368,0.99463075,0.99033654,0.9972685,0.9943509,0.9920486,0.9970321,0.99545246,1.0028247,0.9953848,1.000417,1.0010533
2.0,-0.01999855,-0.012053072,-0.0060412223,0.015514443,0.011863238,-0.013263021,-0.002426464,0.008472461,0.008595675,-0.000624286,-0.0021149106,-0.024218444,0.0030545369,0.0022305027,0.01333461,0.008776069,-0.011774104,-0.0025261752,-0.017147973,0.007896249,0.9927385,0.993769,0.99772954,1.0011474,0.9975621,0.9981923,0.99832463,0.99803364,0.9962414,0.995487,0.99188006,0.9963355,0.9950387,0.9937608,0.99666196,0.9961818,1.0017761,0.99616396,1.0000215,1.000196
1.0,0.009373486,0.006655548,0.0024336353,-0.007201005,-0.004953112,0.008911449,0.00026047602,-0.0037152115,-0.0029752776,0.00016618893,0.0048902184,0.011481062,-0.0010700747,-0.002855502,-0.008749306,-0.0047150366,0.003926944,0.00157414,0.0077739432,-0.00469069,0.9986734,0.9997841,0.9946745,0.9947469,0.99621236,0.996271,0.99946076,0.9957077,0.9987454,0.9985893,0.99731207,0.99265844,0.9973333,0.9994133,0.9952895,0.99799424,0.9978206,0.9987156,0.9979024,0.99699676
1.0,-0.0035366043,-0.0017473325,-0.0014888579,0.0029404797,0.0025024875,-0.0012641214,-0.0007561855,0.0017083958,0.0021949932,-0.000331169,0.0019840412,-0.004385125,0.00028963387,-0.00019330531,0.0010680333,0.0013136864,-0.003105104,-0.00071964413,-0.0029521212,0.0009659708,0.9963786,0.99744993,0.9962921,0.9977514,0.9973846,0.99741197,0.99872655,0.9969675,0.99773157,0.9973753,0.994592,0.99427986,0.99629366,0.99718636,0.9959466,0.9976538,0.99952,0.9973931,0.9987948,0.99857086
1.0,0.056503035,0.03651514,0.016118443,-0.043020066,-0.03138904,0.04394108,0.0065123364,-0.024210898,-0.021001708,0.0022168849,0.014716029,0.06857255,-0.011199199,-0.010050863,-0.0427481,-0.024432141,0.0281501,0.007888224,0.046316795,-0.024588127,1.0063343,1.0088879,0.98785025,0.9831613,0.99048644,0.9936782,1.0001755,0.9936922,1.000963,1.0034307,1.0024873,0.9872444,1.0000472,1.0052358,0.99280524,0.9987562,0.9916609,1.0011688,0.99311185,0.9922005
4.0,0.03752708,0.024606552,0.010681146,-0.028854843,-0.020971304,0.029885774,0.0036373436,-0.015928393,-0.013894819,0.0011322871,0.011046793,0.045700483,-0.00636559,-0.007432699,-0.029324852,-0.016983632,0.01858696,0.005536448,0.031094007,-0.016630594,1.0035795,1.0052617,0.99094343,0.98794264,0.9932761,0.99466985,1.0002253,0.994228,1.0005275,1.0014838,1.0009489,0.9893706,0.99922365,1.0034496,0.9939335,0.9988196,0.99415386,1.0005373,0.9953529,0.993992
1.0,0.03158654,0.020482223,0.00861472,-0.023868486,-0.017273834,0.025287567,0.0032354146,-0.013095064,-0.011269666,0.0012099724,0.009626467,0.03817737,-0.006081581,-0.0057864264,-0.024714004,-0.013743717,0.015227232,0.0041039437,0.02601377,-0.014012364,1.002605,1.0044075,0.9917461,0.9897266,0.9942267,0.9952064,0.99943274,0.99461937,0.9997128,1.0009184,0.99992347,0.98992974,0.99852854,1.002629,0.99419963,0.9988265,0.9948751,0.99967945,0.9954895,0.994963
4.0,-0.027240887,-0.016580231,-0.008047077,0.021063909,0.016004255,-0.018611021,-0.0030507557,0.011388363,0.011442404,-0.00074806437,-0.0039796345,-0.032940526,0.0040883496,0.0033536255,0.018815286,0.012130655,-0.015624717,-0.0033333413,-0.023434937,0.01097291,0.9910759,0.992139,0.9982964,1.0025694,0.99747163,0.9985906,0.9980963,0.9985858,0.9955337,0.9946392,0.990481,0.99727005,0.9944553,0.9921123,0.9969791,0.9954765,1.0027812,0.9955226,1.0004764,1.0009243
4.0,0.012646809,0.008662514,0.0033003716,-0.009646505,-0.0067834626,0.011123944,0.00074331835,-0.0051156953,-0.0042000003,0.00018987991,0.0056861974,0.015377346,-0.0019156113,-0.0031808168,-0.011075199,-0.006102927,0.00556517,0.0018016435,0.010599904,-0.0060127405,0.999393,1.0005656,0.9943711,0.99403644,0.9961315,0.9962401,0.99943835,0.9956636,0.99900293,0.99899316,0.99754554,0.99229085,0.9975404,0.99999774,0.99516547,0.99831223,0.99737614,0.9988245,0.9975824,0.99671847
