label,mu_1,mu_2,mu_3,mu_4,mu_5,mu_6,mu_7,mu_8,mu_9,mu_10,mu_11,mu_12,mu_13,mu_14,mu_15,mu_16,mu_17,mu_18,mu_19,mu_20,var_1,var_2,var_3,var_4,var_5,var_6,var_7,var_8,var_9,var_10,var_11,var_12,var_13,var_14,var_15,var_16,var_17,var_18,var_19,var_20
1.0,0.00072075427,0.0073876306,0.0030926764,0.002889607,0.002733957,0.0032057154,0.0039798226,-0.0013699532,0.005003613,0.0023024306,0.0023184605,-0.00043681264,0.0015805662,0.0022874177,0.0020460002,-0.00032514334,0.0047965534,0.0022211224,-0.0012626685,0.0004246533,0.99200076,0.9967454,0.9979081,0.9952459,0.9949662,0.996048,0.99795544,0.9961597,0.98918176,0.9941259,0.99512804,0.99856824,0.99721414,0.98619276,0.99684894,0.99500746,0.99405104,0.9936,0.99665195,0.99772525
1.0,0.0018840767,0.0103366375,0.0028850175,0.0032524653,0.0027258694,0.0050437087,0.0041848384,-0.0009868257,0.00465063,0.0027738735,-0.00019831024,-0.001817137,8.85129e-05,0.005219035,0.00095764175,-0.0010017529,0.0069792606,0.0012026802,0.00027952716,0.0015581772,0.99321365,0.99924946,0.99655867,0.99404544,0.9951688,0.9979422,0.9974627,0.9967846,0.9899067,0.9941744,0.99651307,0.9991037,0.9967699,0.9862344,0.99693364,0.99470186,0.9942317,0.9943948,0.9946831,0.9971634
1.0,0.0006284714,0.0074808076,0.0029800758,0.0029886998,0.0027046166,0.0031010753,0.004045399,-0.0015355945,0.004981196,0.0024419352,0.0023963917,-0.00054299086,0.001598075,0.00229121,0.0021129083,-0.00029750913,0.004667625,0.002185531,-0.0011954345,0.0004284382,0.991885,0.9965871,0.99794686,0.99528027,0.9949763,0.9959235,0.99802864,0.99616086,0.98910505,0.99412805,0.9950317,0.99862564,0.9971307,0.98624027,0.99680525,0.9952044,0.99407315,0.99362475,0.9967244,0.9978123
1.0,0.00024893135,0.006015986,0.0032480434,0.0026993826,0.002712667,0.0024106482,0.0038282964,-0.0013949536,0.0051411386,0.00204999,0.003422359,0.00021658838,0.0022218153,0.00097326934,0.00248635,-3.501028e-05,0.0039140694,0.0026409402,-0.0019633658,-4.939735e-05,0.991498,0.995707,0.9984634,0.99571806,0.9948655,0.99526644,0.9980662,0.9958637,0.98887753,0.9941283,0.994529,0.99831474,0.99748415,0.98615396,0.99683416,0.99505323,0.9939873,0.9932354,0.9974486,0.99788564
1.0,0.00014480948,0.0057500526,0.003267303,0.0026726201,0.0027002767,0.0022384103,0.0038041398,-0.0014220774,0.005159559,0.0020171478,0.0036504567,0.0003316626,0.0023533031,0.00070943683,0.002584098,2.8155744e-05,0.0037232712,0.0027203262,-0.0020964444,-0.00014156103,0.9913834,0.9954816,0.9985796,0.99581456,0.9948492,0.99509245,0.99809414,0.99580336,0.9888065,0.9941291,0.994395,0.99827427,0.99753094,0.98614967,0.99682856,0.9950857,0.99397737,0.99316955,0.9976169,0.9979241
1.0,0.0026064292,-0.0033110753,-0.004177399,-0.021679966,0.011203814,0.01954569,0.01698193,-0.023603939,0.008057322,-0.006972201,0.01315362,0.0008228272,0.013883591,-0.038113803,0.011051981,0.024637107,-0.021077786,0.023565903,-0.010785136,-0.0057867914,1.0048697,1.0158545,1.0217263,0.99026275,0.998778,0.98008585,1.0104885,1.006667,0.99017555,0.9880769,0.97526103,0.99962205,1.0056319,0.95626396,0.99712235,0.99227613,0.9908182,0.9994733,1.0207926,0.9993321
1.0,-0.00057689846,0.0005505979,0.0051270723,0.0073679388,0.00012335926,-0.0066537415,-0.0011690687,0.004711546,0.0036724294,0.0012167245,0.0037935562,0.0015940666,0.00086639076,0.0042658597,0.002332665,-0.004140094,0.005275443,-0.0005760044,-0.0025696233,0.00063182414,0.9869353,0.98755336,0.9948939,0.997069,0.99338675,0.9975331,0.9933427,0.99046665,0.9865849,0.99397665,0.99634755,0.99619824,0.99848735,0.99397045,0.99848306,0.9942835,0.99542654,0.99162453,0.9939842,0.99814487
1.0,0.0003864877,0.006524749,0.00315997,0.0028011128,0.0027159601,0.0026584652,0.003902942,-0.0014269464,0.0050913384,0.0021798685,0.0030671768,-4.1142106e-05,0.0019984245,0.0014380962,0.0023486558,-0.00013355911,0.00418498,0.0024773404,-0.0016951598,0.00011564791,0.9916362,0.9960179,0.9982774,0.9955632,0.9949017,0.995511,0.9980465,0.99597013,0.98895955,0.9941314,0.99471223,0.99841565,0.99736005,0.98618853,0.99682,0.99509794,0.9940174,0.99336416,0.9971855,0.9978581
1.0,0.00020365417,0.0073689222,0.0024422146,0.0038054883,0.0025136136,0.0024010686,0.0037023127,-0.0011477508,0.0049924804,0.0029412508,0.002774451,-0.00074508786,0.0014157593,0.0026710704,0.0020818952,-0.00076544285,0.004548643,0.001488395,-0.00078134984,0.000270769,0.9911809,0.9954257,0.99765235,0.99531627,0.994827,0.9961844,0.99753475,0.9958004,0.98874784,0.99423397,0.9948705,0.9985795,0.9967495,0.9870651,0.9967767,0.99583393,0.99427235,0.99325985,0.9962996,0.9980178
1.0,0.00039926544,-0.0015888289,0.0077533275,0.005159106,7.595867e-06,-0.0088630505,-0.0011455957,0.0042457916,0.0032447837,-0.0010307804,0.00518143,0.0029121488,0.0024557933,0.00042934716,0.0033892244,-0.0023261905,0.0033701807,0.0019433424,-0.0051590167,0.001208365,0.9862327,0.98810786,0.9961955,0.9977354,0.99304056,0.99508935,0.99433976,0.9909995,0.98654604,0.99380964,0.99553573,0.9957233,1.0008322,0.99235356,0.99847853,0.9929876,0.9950971,0.99252564,0.99647367,0.9981362
1.0,0.0013432652,0.008782007,0.0031481758,0.0035618246,0.0025770217,0.0036577664,0.0036813673,-0.00061124936,0.004723842,0.002523914,0.0007743761,-0.0011335313,0.00052042305,0.0044276565,0.001325842,-0.0010863096,0.0063505583,0.0013417676,-0.00028946996,0.0010774434,0.9923118,0.9976415,0.9968161,0.9946366,0.99496406,0.997469,0.9972848,0.9960651,0.9894541,0.99418557,0.99617916,0.9987162,0.9968764,0.9868962,0.99697083,0.9946985,0.99424124,0.9939628,0.99507713,0.9973671
1.0,0.0010471232,0.00821659,0.0029066913,0.002351649,0.0029698126,0.004343342,0.004464373,-0.0017042272,0.0050922185,0.0023497567,0.0018880796,-0.00073072314,0.0015244931,0.0023367926,0.0018760413,-0.000118881464,0.0049519204,0.0023491606,-0.001104176,0.0006518215,0.9927935,0.9978679,0.99793935,0.9949035,0.9951021,0.9962006,0.99820316,0.9968048,0.9895219,0.9940879,0.9952222,0.99875724,0.9973003,0.98543465,0.9967992,0.99497867,0.99399054,0.9937796,0.99672574,0.997609
1.0,0.0009972341,0.00820484,0.0028042756,0.002353385,0.0029811412,0.004390822,0.0044880733,-0.0017152466,0.0051288893,0.0024029464,0.001924647,-0.0007569343,0.0015591383,0.0022862777,0.0018933099,-0.0001263395,0.0048917085,0.0023207888,-0.0010865331,0.00061680377,0.99281746,0.9978001,0.9979583,0.99489766,0.995102,0.99620336,0.9981909,0.9968256,0.9895054,0.9940799,0.9951738,0.9987587,0.9972797,0.9854187,0.99679834,0.9950525,0.9939914,0.9937272,0.9967513,0.9976389
1.0,0.001144141,0.008060679,0.0033277422,0.0033166632,0.0026103184,0.0032710407,0.0036703907,-0.0008507408,0.0047954754,0.0022771955,0.0014198944,-0.00070602447,0.00090583414,0.003560163,0.0016192719,-0.00074068457,0.0057840943,0.0017840415,-0.00077490136,0.00078228116,0.99206823,0.9973241,0.99726886,0.9949329,0.9949417,0.99685585,0.9975725,0.9959779,0.9893667,0.9941663,0.9957906,0.9986167,0.99704283,0.986682,0.99695677,0.9946353,0.99414504,0.9938578,0.9956675,0.9974892
1.0,0.0039795153,0.016564548,0.002046097,0.0037605762,0.0025153086,0.00894252,0.005058555,-0.0009647757,0.0037935916,0.0042721555,-0.0048446674,-0.005044639,-0.0025288835,0.010490239,-0.0009268224,-0.0019083843,0.010766566,-0.0008478686,0.0034086443,0.0040030777,0.99568534,1.0042334,0.99415934,0.9914947,0.9957333,1.0009985,0.9966376,0.9984791,0.99117434,0.99436706,0.9985937,1.0006045,0.9960033,0.9857089,0.99696213,0.99481624,0.9946531,0.9961479,0.99129623,0.99605495
1.0,0.0007392876,0.0071805045,0.0032101497,0.002569981,0.0028220601,0.0033219506,0.004087569,-0.001498796,0.0050680945,0.002128251,0.0025307946,-0.0002400279,0.0017716959,0.0018342286,0.0021265503,-0.00010289997,0.004587572,0.002498038,-0.0015107505,0.00035442412,0.992122,0.9969102,0.9981294,0.9953001,0.99498045,0.99580526,0.9981305,0.996282,0.9892371,0.99411345,0.99499327,0.9985334,0.9973814,0.985867,0.9968295,0.99488914,0.9939889,0.99358386,0.99696475,0.9977087
1.0,0.0010007583,0.007905193,0.003165774,0.003137868,0.0026820526,0.003409336,0.00382635,-0.00096847117,0.004908097,0.0023375452,0.0016652681,-0.00066842884,0.0011414364,0.0031672865,0.0017231889,-0.0006635189,0.005482454,0.0018658191,-0.00089646876,0.0006900504,0.99216795,0.99714017,0.99743617,0.99499327,0.99495155,0.99668264,0.99764436,0.9961035,0.9893144,0.9941497,0.9956065,0.99859214,0.9971122,0.9864866,0.9969139,0.99480367,0.99412555,0.99372303,0.99597585,0.9975522
1.0,0.00033719838,0.0063192993,0.0030850284,0.002238322,0.0028871298,0.0030145266,0.0042073634,-0.00188981,0.005227096,0.002048567,0.0034803413,0.00014229864,0.0023812577,0.00055973977,0.0025528334,0.00032791495,0.0036550798,0.0029426292,-0.0020272285,-5.941838e-05,0.99187756,0.9962981,0.9987587,0.9956189,0.99497175,0.99500877,0.99843764,0.9963104,0.98904586,0.994088,0.99431145,0.9984518,0.9975503,0.98549384,0.9967729,0.99512506,0.9938976,0.9933273,0.9978292,0.99791217
1.0,0.00057364255,0.0067035854,0.003272146,0.0026206411,0.0027756877,0.002959655,0.0039564315,-0.0014076829,0.005090698,0.0020584464,0.0028319452,-3.78713e-05,0.0019302294,0.0015402734,0.0022480376,-9.9405646e-05,0.0043794475,0.002556458,-0.0017002746,0.00020900369,0.99189717,0.99646324,0.99823254,0.9954642,0.99493086,0.9956354,0.99808353,0.9960885,0.9891093,0.994115,0.9948619,0.9984306,0.9974389,0.9860042,0.9968488,0.99489176,0.9939859,0.9934524,0.99711543,0.99776024
1.0,0.0009137355,0.007627696,0.003182646,0.0027236938,0.0027979463,0.003536008,0.004051024,-0.0013429783,0.0050052097,0.002211161,0.0020817947,-0.00046303868,0.0014876202,0.0024186894,0.0019283388,-0.00029689074,0.0050043613,0.0022668168,-0.0012308583,0.0005348474,0.9922668,0.99721724,0.99784535,0.9951196,0.99499434,0.9961917,0.9979821,0.99630326,0.9893335,0.99412125,0.995276,0.9985938,0.99727947,0.98600465,0.9968613,0.99482834,0.99403167,0.9936894,0.99655557,0.9976232
1.0,0.00051582605,0.006702706,0.0031964704,0.0027729273,0.0027375557,0.002849262,0.003889244,-0.0013259165,0.005085939,0.0021420494,0.0028366838,-8.688867e-05,0.001882337,0.0016526803,0.0022360943,-0.00019600242,0.0044054724,0.0024301857,-0.0016167462,0.00019288063,0.99178874,0.9962846,0.99816275,0.99546456,0.9949092,0.99570984,0.9979885,0.99601716,0.98905593,0.99412817,0.9948675,0.99842405,0.9973652,0.98616505,0.99684906,0.99497616,0.99401647,0.99340886,0.99701303,0.9977823
1.0,0.00036883354,0.006323643,0.0032252595,0.002731558,0.0027250536,0.0026082026,0.003855843,-0.0013638437,0.005117726,0.0020899847,0.0031594187,8.175522e-05,0.0020697564,0.0012779534,0.0023738723,-0.00010749698,0.004134435,0.0025475398,-0.0018086135,5.839765e-05,0.9916292,0.99596643,0.9983288,0.9956053,0.99488485,0.9954661,0.99803233,0.9959328,0.98895824,0.9941278,0.994682,0.99836284,0.99743056,0.9861589,0.9968407,0.9950175,0.9939998,0.9933125,0.99725366,0.99784005
1.0,-0.003101319,-0.001306504,0.0036728121,0.0041986443,0.0005523786,-0.0049300576,0.0019117836,-0.0008859858,0.0037939246,0.002912134,0.010187414,0.0019271895,0.0051746517,-0.0054902285,0.0052098613,0.0007381141,-0.0007916093,0.0024388433,-0.004853368,-0.0015463084,0.9863571,0.9873475,1.0007888,0.99763805,0.994437,0.99006546,0.99686795,0.9929068,0.9857819,0.9947469,0.9899756,0.99785405,0.9990684,0.9878089,0.99697495,0.9975903,0.9947149,0.9917465,1.0009701,0.99814343
1.0,0.0002679862,0.006064743,0.0032444745,0.0027043968,0.0027147718,0.0024420836,0.0038326886,-0.0013900027,0.005137561,0.0020562112,0.003380606,0.00019534677,0.0021977574,0.0010216087,0.002468476,-4.6558678e-05,0.0039490424,0.0026262626,-0.0019388944,-3.2387674e-05,0.9915189,0.99574816,0.99844205,0.99570024,0.9948686,0.9952982,0.99806094,0.99587464,0.98889035,0.99412805,0.9945534,0.99832225,0.99747556,0.9861547,0.9968351,0.9950474,0.9939892,0.9932476,0.9974177,0.9978785
1.0,0.0003597103,0.007971667,0.0025298558,0.0034438223,0.0026105717,0.0028169777,0.004214609,-0.0018728711,0.0049332175,0.0029796734,0.002559632,-0.00097528845,0.0015007704,0.0025565177,0.0021989085,-0.00035110116,0.0044133887,0.0018644184,-0.0008013733,0.00048059225,0.99150395,0.9961082,0.9979032,0.99528193,0.99496925,0.9957516,0.99810153,0.9961686,0.9888786,0.99416727,0.99481624,0.9987986,0.9967893,0.98651904,0.9966497,0.99587566,0.9942065,0.99366015,0.9967151,0.9980558
1.0,0.0027752407,0.012805052,0.002645962,0.0036491044,0.0026086085,0.0064339135,0.0043665823,-0.00077699125,0.0042579263,0.0033123344,-0.0022129267,-0.0030814111,-0.0011271909,0.0076308995,0.00012480281,-0.0015102178,0.008710071,0.00028578937,0.0016181245,0.002547808,0.9940918,1.0011896,0.995452,0.99302703,0.9953625,0.9993737,0.9970167,0.9972728,0.9904124,0.9942445,0.99752307,0.9996428,0.99638706,0.98629457,0.9969897,0.9946132,0.99442405,0.9951141,0.9930738,0.99669254
1.0,0.00025749207,0.0059095547,0.0033225678,0.0024995282,0.0027575903,0.0024668581,0.0039204396,-0.0015430003,0.0051610125,0.0019537956,0.0035505611,0.000316225,0.002352506,0.0006886199,0.0025589205,0.00012911111,0.0037587956,0.002834782,-0.0021185055,-7.964671e-05,0.99156356,0.9958056,0.998621,0.99576396,0.9948869,0.99506927,0.99821395,0.99594337,0.9889009,0.99411464,0.99443066,0.99831355,0.9975818,0.98594064,0.9968167,0.99500173,0.9939455,0.9932572,0.99767643,0.9978891
1.0,0.0016045757,0.009639204,0.0028915629,0.002951447,0.002813395,0.004802635,0.004278356,-0.0012587309,0.004804262,0.002624862,0.0005184263,-0.0014422014,0.00056231767,0.0042440966,0.0012697093,-0.0006855428,0.006290663,0.0016069785,-0.0001880601,0.0012353212,0.9930555,0.99881446,0.99704224,0.994342,0.99514884,0.9973364,0.9977464,0.99680084,0.9897899,0.9941467,0.99606544,0.9989934,0.99692905,0.9859548,0.99688333,0.9947934,0.994141,0.9941938,0.9953766,0.9973265
1.0,0.0013859272,0.00893195,0.0030459836,0.0029821023,0.0027737767,0.0042667035,0.004109023,-0.0011537746,0.004845117,0.0024694055,0.00096862577,-0.0011048391,0.0008052662,0.0037874654,0.0014514606,-0.00065305084,0.005970463,0.0017544031,-0.00050479174,0.0010223985,0.9927304,0.99819803,0.9972163,0.99460864,0.9950737,0.9970578,0.9977324,0.9965288,0.9896174,0.9941424,0.9958959,0.998827,0.9970291,0.98613036,0.99689925,0.9947512,0.99412495,0.9940213,0.99564195,0.9974071
1.0,0.0012775548,0.008641593,0.003071554,0.0029421523,0.002776321,0.0040931553,0.0040857755,-0.0011809133,0.004881503,0.002416797,0.0012099445,-0.0009650588,0.0009487048,0.0035027042,0.0015531275,-0.0005887896,0.0057653375,0.001854308,-0.00065714493,0.0009124875,0.99261814,0.9979629,0.99734473,0.9947229,0.99505275,0.99688095,0.997776,0.9964682,0.9895506,0.9941382,0.9957661,0.99877155,0.9970765,0.9861242,0.9968925,0.9947712,0.9941069,0.993942,0.99582845,0.9974571
1.0,0.00078669935,0.008377694,0.0025200173,0.0042214505,0.002419468,0.0029834548,0.0033913963,-0.00037161633,0.0048392806,0.0029839799,0.0012878198,-0.0012358204,0.0005727187,0.0044078976,0.0014613625,-0.0014348552,0.0059873573,0.0008378029,-6.54757e-05,0.00074922293,0.9916627,0.9963215,0.9967475,0.99479306,0.99484324,0.99753165,0.9969145,0.99573356,0.98907244,0.9942261,0.99584216,0.9986311,0.9965305,0.9875782,0.9969521,0.99535376,0.99435985,0.9935139,0.99494123,0.99763995
1.0,0.0024708211,0.013042308,0.0022565313,0.0036474653,0.002654504,0.006365724,0.0047584716,-0.0014706589,0.0043365597,0.0036793277,-0.0017432738,-0.0032958016,-0.00091962516,0.007243797,0.00040043145,-0.00125245,0.0080805905,0.00037129968,0.0016682148,0.0024608746,0.99387765,1.0008492,0.99577254,0.9931711,0.9954189,0.99882007,0.9974424,0.9975314,0.9902314,0.9942449,0.9970728,0.9997994,0.9961787,0.986115,0.9967588,0.99525076,0.99442476,0.995118,0.9935853,0.99699163
1.0,0.0009954832,0.008104801,0.0029511787,0.0027882718,0.0028257892,0.003918778,0.00415626,-0.0012808368,0.005018392,0.002415508,0.0017419104,-0.0007630214,0.0013244674,0.0028167889,0.0017804746,-0.00046601146,0.005231861,0.002017431,-0.0009383261,0.0006875992,0.9925066,0.9974208,0.99763095,0.99492395,0.9950191,0.99652296,0.9978532,0.99646217,0.98939526,0.9941181,0.99543655,0.9986704,0.99718446,0.98601013,0.9968535,0.99496466,0.99407977,0.9937098,0.9963048,0.9975867
1.0,0.00049284473,0.0065265447,0.003201224,0.0021919347,0.0029030256,0.0031772794,0.0042272992,-0.0018481277,0.0051914393,0.0019845888,0.003230298,9.917468e-05,0.0022671148,0.00079250336,0.002452042,0.00029600412,0.003880836,0.002942346,-0.0019768327,6.0543418e-05,0.99203116,0.9966047,0.99865496,0.99554414,0.99499,0.9951512,0.9984391,0.99635506,0.9891409,0.9940838,0.9944922,0.99847126,0.9975752,0.9854602,0.99678713,0.9949763,0.99389297,0.9934306,0.9976939,0.9978379
1.0,0.0008700192,0.007843301,0.0029157102,0.0026855767,0.002852913,0.003828928,0.0041989367,-0.0013945587,0.0050742966,0.0023905337,0.0020315517,-0.0006432906,0.0015111417,0.0024332628,0.0019080956,-0.0003440231,0.00494707,0.0021515936,-0.0010975413,0.0005619079,0.99243647,0.9972248,0.99781835,0.99502754,0.99501365,0.9962863,0.99794817,0.9964731,0.98933643,0.9941095,0.9952392,0.9986384,0.9972359,0.98590285,0.9968312,0.9950386,0.99405247,0.9936263,0.99657315,0.9976521
1.0,0.00071891025,0.007334903,0.0030076392,0.0023901612,0.0029048994,0.0036230788,0.0042767134,-0.0017566569,0.0051361755,0.0022066608,0.0026132297,-0.0003182888,0.001863867,0.0016037151,0.0021770187,5.812198e-05,0.004400719,0.0025920495,-0.0014999881,0.0003068447,0.9922783,0.9971054,0.9982867,0.99524635,0.9950305,0.9956789,0.9982923,0.9965138,0.98929435,0.99409574,0.99482125,0.9986125,0.997366,0.9855601,0.9967943,0.9950298,0.9939518,0.9935775,0.99715626,0.99775845
1.0,0.00031119213,0.0054253414,0.0042613894,0.005861614,0.0015876554,-0.0010564767,0.0013362095,0.0015694462,0.004381809,0.0020656139,0.0020839907,0.00012540072,0.00042442232,0.0047380477,0.0016802344,-0.002337344,0.0063246004,0.0005198568,-0.0009110458,0.00040203333,0.98922986,0.9932987,0.99619955,0.9958386,0.99424917,0.997499,0.99575686,0.99330693,0.9881802,0.994379,0.9962996,0.9977538,0.99675333,0.99035907,0.99729294,0.99437124,0.9945729,0.99319094,0.9941913,0.9976258
1.0,0.0009058304,0.0073165074,0.0035503246,0.0037327819,0.0024268553,0.0023080346,0.0032270402,-0.00046093017,0.004737679,0.002174221,0.0017730445,-0.00041054934,0.0009487197,0.0035059676,0.0017290395,-0.0009471327,0.005693283,0.0016740933,-0.00094448775,0.00061285496,0.9914243,0.9963988,0.9972066,0.9952109,0.99480164,0.996785,0.9973079,0.99543923,0.98909473,0.99420625,0.99575984,0.99841505,0.99702984,0.9873289,0.99700403,0.9945902,0.9942011,0.99368465,0.9955808,0.997552
1.0,0.0036501214,0.01532878,0.0023858286,0.0038259216,0.002507791,0.007991077,0.0047356803,-0.0008478686,0.0038560852,0.0038862452,-0.004076319,-0.0043673515,-0.0022058412,0.009738922,-0.0006173458,-0.0017892122,0.010238711,-0.00047739595,0.0028592981,0.0035556406,0.99507225,1.0033213,0.99451935,0.9919909,0.99561363,1.0005189,0.99674135,0.9979477,0.9909427,0.99432665,0.99833655,1.0002813,0.9961003,0.98602635,0.9970014,0.9946109,0.9945933,0.99590105,0.99173665,0.9962189
1.0,-0.0030245818,-0.0020965487,0.0034256205,0.0022961162,0.00079056993,-0.0038399238,0.0029438864,-0.0026989281,0.0034345184,0.0026277825,0.0114548765,0.0020578727,0.006363295,-0.008699246,0.006040545,0.0027592033,-0.0025526397,0.0039360747,-0.005616557,-0.0017506853,0.98700315,0.98849463,1.0027031,0.99724007,0.99495715,0.9881952,0.9979533,0.993754,0.9857193,0.994568,0.9881387,0.9982885,0.9997475,0.98523265,0.99687976,0.997718,0.9945088,0.9921998,1.0029557,0.9978013
1.0,-4.1726977e-05,0.0053802654,0.0031200536,0.002137415,0.002857253,0.002494315,0.0041555483,-0.0019040853,0.005303302,0.0019652247,0.004218377,0.00050965697,0.002848193,-0.0003176108,0.0028762799,0.0004798621,0.0030144416,0.0031600222,-0.0024641268,-0.00034243613,0.9915676,0.9954478,0.9991079,0.9959332,0.99491245,0.9944891,0.99845576,0.99608636,0.9887759,0.99407625,0.99390036,0.9982815,0.9977414,0.985509,0.99675715,0.99525493,0.99388677,0.99306655,0.99839646,0.99802506
1.0,0.000108446926,0.005911678,0.002923753,0.0019446164,0.0029818155,0.0031016108,0.0044145547,-0.0020852014,0.0053519737,0.0020677745,0.0039299056,0.00026697665,0.0027664974,-0.00016535819,0.002774097,0.00052945316,0.0031127594,0.0031452551,-0.0022781938,-0.00021663308,0.9919653,0.99597883,0.99907136,0.99573237,0.9949814,0.9946486,0.9985561,0.9964168,0.9889387,0.9940447,0.9939746,0.9983954,0.9977094,0.9851908,0.996731,0.9953202,0.9938724,0.99315506,0.99836403,0.99800056
1.0,0.000104010105,0.0055300444,0.0034370162,0.003076911,0.0025375858,0.0016574508,0.0034510326,-0.001070682,0.0050622243,0.001988478,0.0036169328,0.00040268898,0.002188474,0.0010530353,0.0025376435,-0.00021869689,0.003936533,0.002508171,-0.0020461641,-0.00014586002,0.9909885,0.9950645,0.99836165,0.9958977,0.99476033,0.99525446,0.99783885,0.9954355,0.9886888,0.99417084,0.994543,0.998191,0.9974515,0.9866878,0.99688536,0.99500245,0.99403787,0.99313796,0.9972866,0.99791694
1.0,0.00079834834,0.007353388,0.0032373145,0.0031002983,0.002662167,0.003006093,0.0037485193,-0.0010443404,0.004950472,0.0022336617,0.0021440852,-0.00039755553,0.0013898984,0.002634704,0.0019256081,-0.0005147755,0.005097162,0.0020628795,-0.0011809468,0.0004711002,0.9918844,0.9967066,0.99769247,0.9952142,0.99491245,0.9963098,0.9977427,0.99596393,0.989186,0.99415207,0.9953338,0.9985058,0.9971805,0.9864942,0.99690235,0.9948349,0.9940893,0.99360025,0.9963117,0.9976496
1.0,-0.00085889176,0.0032809228,0.00091854855,-0.0019791499,0.004276011,0.005345148,0.0068224315,-0.005359024,0.0060762516,0.0016146824,0.0070909057,0.0006425306,0.005809374,-0.0076680705,0.005102612,0.0040697306,-0.0026261136,0.0060452297,-0.004134096,-0.00136403,0.99381274,0.99623406,1.002584,0.99550337,0.99530584,0.9912222,1.0003905,0.9983382,0.9888314,0.99303627,0.9901708,0.99850124,0.99948627,0.9803449,0.9969495,0.99661493,0.99353504,0.9926357,1.0034381,0.99894804
1.0,-0.0030609183,-0.0013672039,0.0039951727,0.0048490427,0.00015373155,-0.005960336,0.0013131667,-0.00023023784,0.0035900762,0.0029817224,0.010072272,0.0018577725,0.0049664155,-0.0049777552,0.005090311,0.00022190809,-0.0004044585,0.0019364357,-0.004870154,-0.0013356805,0.98573256,0.98672295,1.0003405,0.99770916,0.99424726,0.9902443,0.9964012,0.99255216,0.98563004,0.99489945,0.9901823,0.99781644,0.99916273,0.9885946,0.99708664,0.99765676,0.9948618,0.9916869,1.0004835,0.9981201
1.0,0.003354013,0.014452174,0.0024757385,0.003940381,0.0024893433,0.0073235966,0.004481146,-0.00065047666,0.003963045,0.0037119314,-0.003543539,-0.0039573833,-0.001935266,0.009242013,-0.000416236,-0.001833871,0.0098586045,-0.0003540069,0.0025309287,0.0032291412,0.9946429,1.0024544,0.99470603,0.9923308,0.9954981,1.000298,0.99668753,0.99758625,0.99072355,0.99430513,0.9981588,1.0000327,0.9961359,0.98634183,0.99702615,0.9945889,0.9945675,0.9956133,0.99198914,0.99636257
1.0,0.00545929,0.020626165,0.0018105991,0.005670592,0.0016321279,0.010028644,0.0045304354,0.0001883246,0.0025728708,0.0055030882,-0.008759474,-0.0075229183,-0.0052420497,0.015950836,-0.0024937782,-0.0032775104,0.014535893,-0.0032810196,0.006371051,0.0059968904,0.9962106,1.0066863,0.99148226,0.9895633,0.99595755,1.0040321,0.9948577,0.998338,0.9916214,0.9946495,1.0005776,1.001618,0.9950456,0.9871667,0.99720794,0.99461985,0.99530214,0.99759054,0.98725766,0.99496
1.0,0.003415458,0.014628962,0.002457399,0.003972739,0.0024751574,0.0074173296,0.004493337,-0.0006358586,0.003930863,0.003756225,-0.0036849938,-0.0040520504,-0.0020223483,0.009414665,-0.000474073,-0.0018678233,0.009981878,-0.00042411685,0.0026297271,0.0033034235,0.9947008,1.0025892,0.9946253,0.99225515,0.99551255,1.000396,0.99665064,0.9976196,0.9907557,0.99431264,0.9982254,1.0000751,0.9961095,0.98634714,0.99702936,0.9945875,0.994584,0.9956669,0.9918717,0.99632627
1.0,0.0057249926,0.021570168,0.0016740374,0.005398415,0.0016739182,0.010873122,0.0049322657,-0.00019304454,0.0024960628,0.0057278574,-0.009196515,-0.007955052,-0.005405195,0.0162509,-0.0026458092,-0.003102176,0.0147884,-0.0033172593,0.006628506,0.006325498,0.9967563,1.0076926,0.9914076,0.98921436,0.9961131,1.004073,0.9950303,0.99885553,0.99187016,0.99468094,1.0006326,1.0019369,0.99507093,0.9866153,0.9971496,0.9947235,0.9953051,0.997896,0.98719525,0.9948325
1.0,-0.0005465783,0.0038989782,0.0036990084,0.006558899,0.0012130663,-0.0025756648,0.0007846337,0.002359487,0.0043822615,0.0024505258,0.0030961502,0.00031598657,0.0008178055,0.0043556765,0.002038531,-0.0030462667,0.0054642484,-0.00019661337,-0.0011626072,0.00018235296,0.98841417,0.9906087,0.99590564,0.99624497,0.9939891,0.99743354,0.99490434,0.99253374,0.9874424,0.9942922,0.9959013,0.99735767,0.99698377,0.991526,0.99754184,0.9951957,0.9949065,0.9922601,0.99435794,0.99802804
1.0,0.00045291707,0.0047691166,-8.6102635e-05,-0.009446258,0.006901361,0.012676923,0.011756679,-0.01260725,0.007603033,-0.00023820251,0.008892152,0.0009145066,0.008876301,-0.016149227,0.0064143836,0.010424942,-0.0071322042,0.0119887665,-0.006713424,-0.002141863,0.99903536,1.0047114,1.0083532,0.99461305,0.9967514,0.9866131,1.0058863,1.0037123,0.9906129,0.9922758,0.9863977,0.99966586,1.0012602,0.9709027,0.9959657,0.995825,0.9919775,0.9944666,1.0099955,0.9990063
1.0,0.0051895157,0.023137555,-0.0032405145,-0.009390697,0.0073836744,0.023519168,0.015199444,-0.012149215,0.007699145,0.00453157,-0.0022425726,-0.0084803775,0.0036563054,-0.0040249974,0.0015613064,0.006255891,0.000593137,0.0057278797,-0.0001594834,0.004763767,1.0068581,1.0160016,1.0013857,0.9887839,0.9969324,0.9940434,1.0042945,1.0116509,0.994364,0.9929258,0.99215704,1.0033399,1.0006303,0.9690027,0.9955,0.99913234,0.99281156,0.99704295,1.0037085,0.9983052
1.0,0.0029484853,0.013362534,0.002247721,0.006646551,0.0015851669,0.0044247247,0.0023982655,0.001804363,0.0035789553,0.004053287,-0.004199695,-0.0041299164,-0.0030380562,0.011856839,-0.0008349139,-0.003815569,0.011147123,-0.002335228,0.003626041,0.0032347143,0.9926708,0.99922484,0.9929816,0.9924348,0.9949557,1.0023211,0.9944737,0.9954404,0.9898077,0.9943697,0.99910074,0.99945265,0.99529773,0.989911,0.99747723,0.99465394,0.99509186,0.9949342,0.98939633,0.9964099
1.0,-0.0024467632,-0.00065315515,0.0032625236,0.0015802234,0.0019717738,-0.0015458099,0.0036931112,-0.0029132217,0.0047510564,0.0018820241,0.009769827,0.0023753569,0.0058625117,-0.0070165694,0.0053894743,0.0024941377,-0.0016498528,0.0046011284,-0.005192369,-0.0019732565,0.98873824,0.99044114,1.0020844,0.997424,0.9948644,0.9898009,0.99870294,0.99461555,0.98676616,0.9942122,0.98982525,0.99793124,0.9991186,0.9848826,0.9967311,0.9966235,0.9939879,0.99209756,1.0023758,0.9983338
1.0,0.0035433061,0.014998227,0.0024182126,0.0040411428,0.0024437793,0.007612287,0.00451833,-0.0006085597,0.0038615107,0.0038503334,-0.0039815735,-0.0042518154,-0.0022033304,0.009776302,-0.0005937796,-0.0019384846,0.010238834,-0.00057082623,0.0028367154,0.0034586638,0.9948203,1.0028692,0.99445695,0.9920972,0.9955433,1.0006,0.99657303,0.99768853,0.99082226,0.9943281,0.9983637,1.0001659,0.99605364,0.98635876,0.997037,0.99458593,0.9946182,0.99578077,0.9916269,0.99625057
1.0,0.0008352846,0.007499121,0.00318465,0.003084097,0.002681125,0.0031618841,0.00380232,-0.0010235496,0.0049575474,0.0022818968,0.0020261016,-0.0004818216,0.0013520345,0.0027475432,0.0018755496,-0.0005640611,0.0051725768,0.0020019338,-0.0011078008,0.0005327165,0.9920005,0.99679464,0.9976269,0.995153,0.9949244,0.99641335,0.9977087,0.9960257,0.9892122,0.99414694,0.99540037,0.99852294,0.9971759,0.9864698,0.996899,0.9948576,0.9941026,0.9936099,0.99625295,0.9976268
1.0,0.00057169795,0.006847307,0.0031852648,0.0027891882,0.0027415417,0.0029405386,0.0039018318,-0.001311563,0.0050730053,0.0021627247,0.0027139504,-0.00015188009,0.0018108711,0.0017954111,0.00218378,-0.00022951514,0.004508715,0.0023848042,-0.0015432425,0.00024464726,0.99184906,0.9964055,0.9980994,0.9954106,0.99491864,0.9958023,0.9979711,0.99604917,0.9890927,0.9941285,0.99493754,0.9984479,0.99734056,0.98616755,0.9968523,0.9949611,0.9940231,0.99344605,0.9969212,0.9977599
1.0,-0.0021841154,-0.0001996383,0.0037986375,0.0025728084,0.0016693808,-0.0025320263,0.0028829686,-0.0019027852,0.004734194,0.0018059909,0.009019159,0.0023627952,0.0052169114,-0.0053448007,0.004894836,0.0015225522,-0.00048999116,0.003921576,-0.004918121,-0.0017267466,0.9880971,0.99006927,1.0011152,0.99757904,0.99457574,0.9906851,0.99816287,0.99417835,0.9868198,0.994406,0.99078983,0.99779725,0.99885,0.9862103,0.99680334,0.9963134,0.99405485,0.9920567,1.0011717,0.99835485
1.0,0.0019655004,0.0105584785,0.0028649159,0.0032858811,0.0027190223,0.005171733,0.0042017903,-0.0009653494,0.004618847,0.0028186888,-0.00037996098,-0.0019273832,-2.1457672e-05,0.005435534,0.0008812044,-0.0010487065,0.0071357824,0.0011222735,0.00039826334,0.0016456991,0.9932956,0.99942666,0.9964594,0.99395514,0.9951852,0.9980738,0.99742484,0.99682975,0.9899543,0.99417996,0.99660707,0.99914914,0.9967355,0.9862393,0.99693817,0.9946906,0.9942481,0.9944573,0.9945387,0.9971221
1.0,0.004913427,0.021746106,0.00061896816,0.007078182,0.0012473352,0.009179854,0.004519755,-6.0491264e-05,0.0025562784,0.0067604706,-0.008749894,-0.008575983,-0.005907096,0.017271347,-0.0024531074,-0.0038019344,0.014548317,-0.0044306293,0.007650111,0.0061171353,0.9951022,1.0053358,0.99098444,0.98949015,0.9959098,1.0044073,0.9945805,0.9982092,0.99099076,0.99478924,1.0003104,1.0018758,0.99387646,0.9884331,0.9967155,0.99608386,0.99563015,0.9975396,0.98639864,0.9953535
1.0,0.0009476021,0.007828467,0.0030239895,0.0024178103,0.002917964,0.003980411,0.0043152794,-0.0016598925,0.0050841947,0.0022416785,0.002122704,-0.00052954257,0.0016092062,0.0021325871,0.001974145,-7.396191e-05,0.0048191138,0.0024408177,-0.0012663081,0.00051672757,0.99255353,0.9975826,0.9980389,0.9950469,0.99506485,0.99603474,0.9982119,0.9966097,0.9894422,0.9940905,0.9951205,0.9986848,0.99732065,0.9855601,0.99682474,0.9949103,0.9939733,0.9937186,0.99681336,0.9976521
1.0,0.0002934076,0.0060449094,0.0032868683,0.002473943,0.0027777292,0.0025770415,0.003973661,-0.0015969314,0.0051618996,0.0019819364,0.0034908205,0.000257276,0.002322793,0.0007382259,0.0025361516,0.00014513731,0.0037856735,0.0028297454,-0.0020685308,-4.9635768e-05,0.9916242,0.9959264,0.9986129,0.99572164,0.99490327,0.9950935,0.99824554,0.9960143,0.9889344,0.99411356,0.99444354,0.9983472,0.99756116,0.98588073,0.9968043,0.99502146,0.99394333,0.9932905,0.99766177,0.9978847
1.0,0.00037974864,0.0065547302,0.0029596016,0.0022745505,0.0029152855,0.0032812308,0.004264977,-0.0017500445,0.0052498584,0.0021602288,0.0032232292,-2.7403235e-05,0.0022853017,0.0008424446,0.0024429169,0.0001546964,0.0038340427,0.0027554706,-0.0018573217,5.3063035e-05,0.9920895,0.9963654,0.99857527,0.99550146,0.99497557,0.9952907,0.9982898,0.9963661,0.9890745,0.99407184,0.9944807,0.9984541,0.99752843,0.98554605,0.9967851,0.99517643,0.99394023,0.9933048,0.9976507,0.997873
1.0,0.0034382567,0.01467412,0.0024611875,0.0039715283,0.0024731532,0.007451698,0.004496809,-0.0006313212,0.003920473,0.0037595779,-0.0037289374,-0.0040727034,-0.002044037,0.009457499,-0.0004916154,-0.001873225,0.01001941,-0.00043546408,0.0026496463,0.0033253431,0.99472696,1.0026418,0.9946052,0.99223304,0.99551773,1.000422,0.99664253,0.99762964,0.9907704,0.99431324,0.9982477,1.0000865,0.9961107,0.986339,0.9970347,0.994575,0.9945865,0.99568474,0.9918426,0.99631244
1.0,0.00016313791,0.005796775,0.0032639354,0.0026772395,0.0027025864,0.0022687817,0.0038084183,-0.0014172904,0.0051564598,0.0020227954,0.0036103278,0.00031151623,0.0023301914,0.0007558167,0.0025669038,1.7017126e-05,0.00375681,0.0027064756,-0.0020731091,-0.00012543052,0.9914035,0.9955212,0.9985593,0.99579763,0.994852,0.99512315,0.99808925,0.99581397,0.98881906,0.994129,0.9944187,0.99828124,0.9975227,0.9861504,0.9968295,0.9950799,0.99397904,0.9931811,0.9975873,0.9979174
1.0,0.00016334653,0.0058834106,0.0032298155,0.0027118586,0.0026963726,0.002281049,0.0038340539,-0.0014604405,0.005142458,0.0020687208,0.003578959,0.00025342405,0.0023047477,0.0008185655,0.0025639702,1.0408461e-05,0.003764931,0.0026784614,-0.0020244047,-0.00010295957,0.9913976,0.9955294,0.9985443,0.9957852,0.9948612,0.9951285,0.9981033,0.99582964,0.9888139,0.9941297,0.9944225,0.9983078,0.99748796,0.98616445,0.99681836,0.99512744,0.9939866,0.9932058,0.99756914,0.9979322
1.0,0.0012086891,0.0094230175,0.0025415458,0.0037026815,0.0026128627,0.0039843507,0.0039626677,-0.0009847619,0.0047904425,0.003010057,0.0008266326,-0.001579009,0.0004486814,0.0045691654,0.0013271142,-0.0010701567,0.006164197,0.0010858476,0.00011090189,0.0010928065,0.9923248,0.9976389,0.99682665,0.994483,0.9950203,0.9974734,0.99738425,0.99639505,0.98941237,0.9942184,0.99594504,0.9989291,0.99656934,0.9867821,0.9968293,0.995302,0.9942897,0.9939361,0.99506867,0.99753
1.0,0.0009807795,0.0051539093,-0.00078033656,-0.011898885,0.007838912,0.015098682,0.013266207,-0.014690127,0.0081088245,-0.000915885,0.0091314055,0.00063216686,0.009732358,-0.019037627,0.0068769604,0.012412358,-0.008908134,0.013725996,-0.0074015222,-0.0022564232,1.0009944,1.0074649,1.0100621,0.9939701,0.9970807,0.98556155,1.0072225,1.0054098,0.99117064,0.99176973,0.9851464,0.99993145,1.0021116,0.9679132,0.99592805,0.99564433,0.99163634,0.99506,1.0119977,0.99918145
1.0,-0.00057388097,0.0018653795,0.0052673146,0.007146161,0.00065311044,-0.005982998,-0.0007320624,0.0028468557,0.004067984,0.0013745129,0.0042480566,0.0013071597,0.0011780038,0.0028707907,0.0027059093,-0.0025898442,0.00463314,0.00043492764,-0.0023569055,-0.00020318478,0.98617184,0.98935366,0.9963478,0.99693274,0.9933895,0.9961482,0.99483645,0.991514,0.98711425,0.99445695,0.9952651,0.9971602,0.9975452,0.99231154,0.9978805,0.99456966,0.9947822,0.9924049,0.99474204,0.9983664
1.0,0.0012633242,0.008744478,0.0029862635,0.0031827167,0.0027133413,0.003993799,0.003970081,-0.0010089949,0.004852673,0.0025274903,0.0010742377,-0.0010779426,0.000802733,0.0038246512,0.001477424,-0.00077382475,0.0059363954,0.0016291961,-0.00047647208,0.000947766,0.9925184,0.99781656,0.9971652,0.99467355,0.995026,0.99710184,0.99759805,0.9963651,0.9895079,0.99415576,0.99586785,0.9987714,0.9969601,0.98638517,0.9969084,0.9948355,0.9941573,0.99391675,0.9955625,0.9974521
1.0,0.0012704283,0.00887692,0.0027912632,0.002371598,0.0029947683,0.004819857,0.0045727547,-0.0017274991,0.005050075,0.0024776012,0.0014017522,-0.0010394156,0.0012549236,0.002861768,0.0016738251,-0.00020400435,0.0053332187,0.002175644,-0.00079133734,0.0008586794,0.9930964,0.9984423,0.9977236,0.99465096,0.99516225,0.9965341,0.9981736,0.99700904,0.98969066,0.9940904,0.9954464,0.99889654,0.9971946,0.9853431,0.9968043,0.9949696,0.9940087,0.9939379,0.9963946,0.9975246
1.0,-0.0014708564,0.0100328475,-0.0011564791,0.0073585287,0.0018010698,0.0013847265,0.0036198087,-0.0008445978,0.0048376913,0.0064267367,0.0027218983,-0.0035849363,-6.352365e-05,0.0057373047,0.0017157122,-0.0027788803,0.004360173,-0.0019629821,0.0021401048,0.00037044287,0.98952657,0.9923118,0.9960842,0.9946935,0.9946679,0.9974534,0.99590343,0.9951757,0.987785,0.9943193,0.99440396,0.9991465,0.99483705,0.98991483,0.99659306,0.99955815,0.99542344,0.992595,0.99439573,0.99899924
1.0,0.00071593747,0.0074238256,0.002853509,0.002022665,0.0030472837,0.004103509,0.004571544,-0.0020199418,0.005248288,0.0022231415,0.0026902165,-0.0003490001,0.002063781,0.0012200028,0.0022389255,0.00025732815,0.004163917,0.0027770773,-0.0015955865,0.00028702617,0.99263173,0.9973728,0.99849164,0.9951981,0.99509245,0.9955207,0.9984852,0.99681276,0.9893738,0.9940538,0.994672,0.99865735,0.9974734,0.98509955,0.9967567,0.995111,0.99389845,0.99355537,0.9974892,0.99777836
1.0,0.00075365975,0.007474251,0.00287975,0.0018775128,0.003091123,0.0042288974,0.004674038,-0.0021565296,0.005259122,0.0021849647,0.0027166605,-0.00033614784,0.002117075,0.0010890365,0.0022634994,0.00037201494,0.0040952414,0.0028941855,-0.0016535223,0.0002975613,0.9927241,0.99754196,0.9985808,0.9951921,0.9951197,0.9954159,0.99860513,0.99691963,0.98941755,0.9940452,0.99462646,0.99868506,0.9975203,0.9849189,0.9967347,0.99509066,0.9938712,0.99360216,0.99761903,0.99777454
1.0,-0.00030145422,0.0040523037,0.0028530248,-0.00043014437,0.0034428984,0.0033544626,0.0054880157,-0.0044907816,0.0056402246,0.001254417,0.0064832773,0.0013709068,0.0047642067,-0.004777789,0.004143892,0.0029978529,4.2486936e-05,0.0055586174,-0.0041340813,-0.0011024922,0.99218434,0.9963342,1.0015875,0.9962658,0.9952607,0.99163383,1.0004368,0.99747926,0.9889133,0.9938125,0.9916268,0.99854225,0.99870735,0.9823276,0.9965891,0.99548626,0.99338174,0.99308115,1.0016446,0.99840635
1.0,0.0005440526,0.0077468827,0.002787929,0.0029297993,0.0027447417,0.003191015,0.004308274,-0.001947388,0.004992827,0.0026280433,0.002569018,-0.00070474297,0.0016802996,0.0021165758,0.0022194833,-0.00010538846,0.004378345,0.0022545308,-0.0011321418,0.00043864548,0.9918621,0.99661756,0.9981143,0.9952829,0.99502254,0.99563575,0.998279,0.996364,0.9890671,0.9941302,0.99480957,0.99875087,0.9970507,0.9860326,0.9966923,0.9955043,0.9940785,0.9936951,0.9969841,0.9979311
1.0,0.00040445477,0.0064234585,0.0031488948,0.0023867302,0.0028432943,0.0029679637,0.00410565,-0.0017065294,0.0051825857,0.0020539314,0.0032716189,8.974224e-05,0.0022300333,0.00089360774,0.0024515558,0.00016919523,0.003900636,0.002801083,-0.0019190684,2.2411346e-05,0.99186426,0.99631566,0.99857575,0.9955759,0.9949526,0.9952252,0.99830306,0.9962152,0.98905736,0.99409926,0.9944981,0.9984367,0.99750865,0.9856933,0.99680036,0.9950486,0.99392956,0.993358,0.99758023,0.99786323
1.0,0.0006923564,0.007174127,0.0031073429,0.0025530644,0.002838105,0.0033737274,0.0041169133,-0.0015503727,0.0051007844,0.002174057,0.0025923569,-0.00025836378,0.0018122271,0.0017446801,0.0021538772,-7.612258e-05,0.0045057647,0.0024992824,-0.0015034154,0.0003067404,0.9921333,0.9968793,0.9981798,0.9952964,0.99498713,0.9957724,0.9981495,0.9963222,0.98923165,0.9941087,0.9949154,0.99854654,0.99735934,0.9858141,0.9968256,0.99496347,0.9939811,0.9935437,0.99701697,0.99773973
1.0,-0.0027416013,-0.0009558499,0.0031326413,0.0020959228,0.0017009377,-0.002139544,0.0034385156,-0.0025978275,0.004507913,0.002226472,0.010035604,0.002222456,0.005781926,-0.0069371387,0.0054659955,0.002231747,-0.0017224588,0.0041346475,-0.0050696433,-0.001953721,0.9882903,0.9896493,1.0019381,0.99741745,0.9948271,0.9897465,0.9982927,0.9941981,0.98647434,0.99426854,0.98964906,0.997924,0.999101,0.9854044,0.9967949,0.9969889,0.9941865,0.99199307,1.0022391,0.99830544
1.0,-0.0008068308,-0.0055596456,0.009075683,0.00095783547,-0.0024924353,-0.010051751,-0.0004806947,0.0012325086,0.0012694653,-0.00041555613,0.011260249,0.0040356442,0.0074425936,-0.010464624,0.0056473687,0.0019589774,0.00014818087,0.0043088645,-0.00976662,0.0011113957,0.9855593,0.98768663,1.0021524,0.99785167,0.9944181,0.9874813,0.99618167,0.992827,0.9847482,0.9953882,0.98836076,0.997179,1.004286,0.98656476,0.99716663,0.9951155,0.9949776,0.9926203,1.002218,0.9951242
1.0,-0.0031272955,-0.002468735,0.003442131,0.002926521,-0.00024428964,-0.004937687,0.0023945458,-0.002243843,0.0019167,0.003543891,0.012030974,0.0011717528,0.0062091723,-0.009404313,0.006245598,0.0026890263,-0.0025536641,0.0028363243,-0.0055085085,-0.0010832176,0.9861906,0.98775536,1.0029775,0.99646133,0.99522555,0.98749983,0.997067,0.9930999,0.9850526,0.99480367,0.9869823,0.99872583,1.0003214,0.98546684,0.99713767,0.9986693,0.9951817,0.9925222,1.0028852,0.99692965
1.0,0.0005030893,0.0069411173,0.0027748756,0.0016622543,0.0031454489,0.0040981127,0.0047614574,-0.002363827,0.0053719245,0.0021435097,0.0032661483,-0.00011527538,0.0024940893,0.00031895936,0.002515426,0.0006118417,0.0035320856,0.0031467602,-0.0019562729,5.0365925e-05,0.99263066,0.9971578,0.9989484,0.99537194,0.9951136,0.99497604,0.9987619,0.99693614,0.98929924,0.9940178,0.9942304,0.9986211,0.99763227,0.98469085,0.9967078,0.99523515,0.99382085,0.9934261,0.9981374,0.9978947
1.0,7.6089054e-05,0.0051137656,0.0036473423,0.002691619,0.0025866665,0.0014899301,0.0035392195,-0.0014486797,0.0050847856,0.001721099,0.004093446,0.00071421266,0.0025266707,0.00023122877,0.002784863,0.00023956597,0.0034520365,0.0030179843,-0.0024764761,-0.00031479448,0.9908874,0.9951573,0.9988167,0.9960707,0.9947787,0.9946434,0.9982136,0.9955424,0.9887054,0.9941579,0.9941743,0.998194,0.99765474,0.9862444,0.99686056,0.99489284,0.9939223,0.99318194,0.99785715,0.99797755
1.0,0.00050672516,0.0063982904,0.0034256019,0.002794493,0.0026804395,0.0024680744,0.0037386846,-0.0013366565,0.0050347485,0.0019662306,0.0030244961,0.000119648874,0.0019311607,0.0014652237,0.0023218393,-8.634478e-05,0.0043168887,0.002591595,-0.0018002763,0.000108510256,0.991536,0.99618,0.99827117,0.99559164,0.9948776,0.9955017,0.9980606,0.9958643,0.9890244,0.9941411,0.99478793,0.9983832,0.9974148,0.9862283,0.9968714,0.99483025,0.9939846,0.99344105,0.9970978,0.99779916
1.0,0.0015314147,0.00938423,0.002971489,0.003114082,0.0027493723,0.0044860635,0.0041117743,-0.0010732152,0.004784032,0.0025883839,0.00058926083,-0.0013467818,0.0005585551,0.004286483,0.0012869164,-0.00079707056,0.006306816,0.0015403554,-0.00022672117,0.001188457,0.99285585,0.9984846,0.99698246,0.9944287,0.9950972,0.99737173,0.99761796,0.99658996,0.9896966,0.9941553,0.9961014,0.9989113,0.9969212,0.98621446,0.9969107,0.99475646,0.9941667,0.994127,0.9952993,0.99733627
1.0,0.002223868,0.011291698,0.0027864315,0.0034092255,0.0026883595,0.00557872,0.0042581465,-0.00090668723,0.0045083044,0.002982147,-0.00097060204,-0.0023025796,-0.00038158894,0.006150946,0.00063635036,-0.0012034848,0.0076412,0.000848867,0.000797566,0.0019331872,0.9935488,0.99998724,0.99613327,0.99365896,0.99524087,0.9984984,0.99729806,0.9969752,0.99010104,0.99419975,0.99690545,0.99930584,0.996613,0.98626477,0.9969503,0.99467343,0.9943044,0.99466527,0.99406505,0.9969908
1.0,0.0013635196,0.009044319,0.0029691383,0.0030906685,0.0027443506,0.004235586,0.004108509,-0.0011798143,0.004820181,0.0025650114,0.0009160526,-0.00120534,0.00075053424,0.003923744,0.0014445782,-0.00070360303,0.0059994124,0.0016655102,-0.00040435046,0.0010480657,0.99267864,0.99813527,0.9971652,0.9945931,0.99507976,0.9970991,0.9977099,0.9965151,0.98958737,0.99414575,0.99590635,0.9988622,0.996952,0.9862186,0.9968893,0.9948462,0.99414575,0.99404067,0.9955704,0.9974333
1.0,0.002223011,0.011316918,0.0027771816,0.0034131333,0.0026836544,0.005584403,0.004269751,-0.0009442903,0.0044958745,0.0029968023,-0.0009867363,-0.0023250133,-0.00038154423,0.0061648637,0.00064419955,-0.0011982918,0.007636383,0.0008514598,0.0008063838,0.0019403994,0.9935494,0.9999925,0.99613744,0.99366075,0.9952504,0.99848604,0.9973141,0.9969796,0.9901002,0.99419475,0.9969039,0.99932134,0.9966035,0.98626107,0.99695283,0.99468976,0.9943022,0.99468297,0.9940735,0.99699855
1.0,0.0013034195,0.010540992,0.0022782013,0.003830526,0.0026027746,0.0043377606,0.0043974165,-0.001558803,0.0046670223,0.0034559146,0.0004334282,-0.0021963343,0.00019183755,0.005133137,0.0012792964,-0.000977926,0.0062648654,0.000926964,0.0005847998,0.0014383048,0.9924622,0.9981225,0.9967188,0.99427986,0.9951369,0.99740684,0.99768096,0.9967137,0.9894439,0.99421495,0.9959939,0.9992521,0.996314,0.9866533,0.99666566,0.99571496,0.99437124,0.99431026,0.9949882,0.99761784
1.0,0.0035332032,0.014969051,0.0024213083,0.004035689,0.00244632,0.0075969053,0.0045163557,-0.00061070547,0.003867033,0.003842868,-0.003958123,-0.0042359903,-0.0021889955,0.009747684,-0.0005843304,-0.001932919,0.010218512,-0.0005591884,0.0028203093,0.0034463704,0.9948109,1.0028473,0.9944703,0.99210966,0.995541,1.0005838,0.99657923,0.9976831,0.990817,0.9943268,0.9983527,1.0001588,0.99605817,0.9863578,0.9970364,0.99458593,0.99461544,0.9957717,0.9916464,0.99625653
1.0,0.0033237934,0.014365196,0.0024852008,0.003924463,0.002496682,0.0072772494,0.0044753402,-0.0006556213,0.0039797793,0.0036898553,-0.003472887,-0.0039099976,-0.0018930808,0.00915654,-0.0003882572,-0.0018170252,0.009798259,-0.00031993538,0.002482336,0.003192991,0.9946147,1.0023885,0.9947454,0.99236757,0.9954905,1.0002499,0.9967054,0.9975701,0.9907074,0.9943021,0.998126,1.000011,0.9961494,0.9863392,0.99702376,0.9945894,0.99456,0.99558604,0.99204624,0.99638003
1.0,0.0029551238,0.013313174,0.002594322,0.0037368126,0.0025751218,0.0067114364,0.004402457,-0.00073660165,0.0041695423,0.0034323782,-0.0026243422,-0.003349021,-0.0013768226,0.0081276,-4.335679e-05,-0.0016113445,0.009064909,9.056926e-05,0.0018981323,0.0027563944,0.9942646,1.0015823,0.99522245,0.9928134,0.9954038,0.9996613,0.9969176,0.99737054,0.9905105,0.9942622,0.99772215,0.9997605,0.99630934,0.9863086,0.99700105,0.99460286,0.9944671,0.99526656,0.99274004,0.99659187
1.0,0.006849218,0.025163785,0.0012384802,0.006237671,0.0011059381,0.012507495,0.0051383544,-2.0034611e-05,0.0016740253,0.0068920404,-0.0120120635,-0.010075673,-0.0071407706,0.019834071,-0.0037113335,-0.003668569,0.017264564,-0.0049073473,0.008779582,0.007961683,0.9976776,1.0102136,0.9896992,0.9875967,0.9964345,1.005868,0.9940765,0.99945337,0.99234825,0.9949299,1.0017447,1.0030142,0.99453294,0.9867977,0.99718755,0.99490637,0.9957361,0.99911183,0.9847126,0.9940149
1.0,0.0031092167,0.013751194,0.0025492609,0.0038139746,0.00254393,0.006948434,0.0044330414,-0.00070245937,0.0040916144,0.0035381615,-0.0029781666,-0.0035815164,-0.0015918761,0.008555897,-0.00018748641,-0.0016975775,0.00937045,-7.934123e-05,0.0021406487,0.0029374138,0.99441165,1.001919,0.9950241,0.9926284,0.9954397,0.9999075,0.99683034,0.997454,0.9905935,0.9942783,0.9978917,0.99986374,0.9962426,0.986321,0.9970106,0.99459606,0.9945052,0.99539894,0.99245167,0.99650425
1.0,6.690249e-05,0.005920522,0.0029739738,0.0027238242,0.0027378462,0.002494301,0.0039099026,-0.0013478622,0.005220853,0.00223054,0.0035498384,0.0001277104,0.0023358315,0.00083479285,0.002544282,-0.00012219697,0.0037155263,0.0025071055,-0.0019152984,-9.962171e-05,0.9915505,0.9953595,0.9984642,0.99571437,0.994852,0.9952944,0.99794793,0.9958816,0.9887744,0.9941038,0.99442226,0.9982804,0.9974796,0.98618245,0.99682295,0.9953074,0.994033,0.9930682,0.9975459,0.9979495
1.0,0.0008251667,0.00744392,0.0031574816,0.002640631,0.0028184466,0.0034740146,0.004087178,-0.0014425777,0.0050450796,0.0021915883,0.0022999402,-0.00037521124,0.0016269609,0.0021265,0.002024494,-0.0001944974,0.0047901124,0.0023749769,-0.0013501495,0.00044122338,0.99221367,0.99709,0.99799293,0.99519473,0.99499315,0.99600536,0.99806416,0.99632126,0.98929423,0.9941168,0.99512184,0.99857634,0.99731636,0.985911,0.99684215,0.9948833,0.99400836,0.9936344,0.9967606,0.99767107
1.0,0.0007475056,0.007659659,0.0031759553,0.0037695132,0.0024473667,0.0024947382,0.0035100952,-0.00084307045,0.0047652987,0.0025149137,0.001837248,-0.0007080361,0.0010313392,0.0034769028,0.0018243231,-0.0008919239,0.005441427,0.0015956685,-0.0007744543,0.0006368235,0.9914692,0.996268,0.99729604,0.9951976,0.994865,0.9966208,0.9974691,0.99562883,0.9890122,0.9941908,0.9955771,0.99855834,0.9968837,0.98721635,0.9969089,0.9950359,0.99422574,0.993697,0.9957742,0.9977021
1.0,-4.297495e-05,0.0050533116,0.0034083575,0.0022211336,0.002765458,0.0020463264,0.0039510075,-0.0017903745,0.0052346,0.0017886236,0.0043512043,0.00072518736,0.0028673187,-0.00037786365,0.0029184055,0.0004877597,0.0030323528,0.003247343,-0.0026373975,-0.00038295984,0.9912953,0.9952548,0.9991264,0.996072,0.9948662,0.99436605,0.9984393,0.99587023,0.98871607,0.9941062,0.9939126,0.99821013,0.99780214,0.9856933,0.9967803,0.99507785,0.9938762,0.9930845,0.99839336,0.998005
1.0,0.00011651218,0.0055881813,0.003288176,0.0022879168,0.002800975,0.0023994714,0.0040212814,-0.0017787442,0.005220998,0.0019051507,0.0039584246,0.0004743263,0.0026285946,9.481609e-05,0.0027462505,0.0003722757,0.0033410676,0.0030759722,-0.002355285,-0.00023745,0.9915004,0.995648,0.99892646,0.99588495,0.9948992,0.9946819,0.9983985,0.9960143,0.98884255,0.99410486,0.99411935,0.9983014,0.9976774,0.9856878,0.9967798,0.995092,0.9938968,0.99318486,0.99809676,0.9979617
1.0,-0.0005167462,0.0049114823,0.0013160855,0.00057766214,0.0035364553,0.004015811,0.0055042543,-0.0026215836,0.0057213516,0.0023469403,0.004806496,-0.00038898736,0.0039729923,-0.0030864924,0.003912002,0.0013803132,0.00018394366,0.0035756305,-0.0025634132,-0.00025574863,0.9930357,0.9949733,0.9997506,0.9952068,0.9947971,0.9940062,0.9983539,0.9972053,0.9886711,0.993278,0.9925576,0.99822146,0.9987924,0.9836573,0.9971103,0.99663115,0.99412304,0.9925691,1.0002072,0.99870604
1.0,0.0014869198,0.00910189,0.003168393,0.003657218,0.00254995,0.0037690436,0.003652094,-0.0005938709,0.004649101,0.002550669,0.00049446896,-0.0012687445,0.00030605495,0.0047917143,0.0012118742,-0.0011292025,0.006620284,0.0012483969,-0.00010777637,0.0011855215,0.9923638,0.99795485,0.9966775,0.9945112,0.9949888,0.99765295,0.9972552,0.9960807,0.9895403,0.994195,0.99632233,0.9987899,0.9967901,0.98694146,0.9969896,0.994624,0.99425524,0.994095,0.9948154,0.9973078
1.0,-0.00042025372,0.0034181103,0.001665853,-0.0024709105,0.004082732,0.004956508,0.0066831615,-0.006335702,0.0060100285,0.0009843335,0.0074980706,0.0013402104,0.0059982836,-0.008013897,0.005114522,0.0048558824,-0.0024330728,0.007001646,-0.004806757,-0.001596123,0.9934521,0.99733305,1.0032189,0.99583954,0.99550956,0.9902417,1.0015179,0.99871033,0.9891536,0.9932558,0.9898484,0.99881685,0.9994195,0.979666,0.99683166,0.9959235,0.9931406,0.9929603,1.0037371,0.99888104
1.0,0.0038663223,0.015939102,0.002316866,0.0042195134,0.002357632,0.008102879,0.004581053,-0.0005409606,0.0036805975,0.004096158,-0.0047350936,-0.0047652647,-0.0026638284,0.010698229,-0.00089650415,-0.002115786,0.010892626,-0.0009486899,0.003367152,0.003857322,0.9951192,1.0035783,0.99402654,0.99169236,0.9956228,1.0011145,0.99637073,0.9978624,0.9909879,0.99436957,0.99871,1.0004017,0.9959121,0.9863894,0.997056,0.9945869,0.99470735,0.99607354,0.9910013,0.9960553
1.0,0.0015234128,0.009411901,0.0028942563,0.002863817,0.002837032,0.004740908,0.0042940956,-0.0013047941,0.004853643,0.00257463,0.0007081032,-0.0013277158,0.00070494413,0.00396809,0.0013553835,-0.0006109774,0.0061043426,0.0017149672,-0.0003291592,0.0011416227,0.99303114,0.9986741,0.9971696,0.994425,0.99513954,0.99718446,0.99780524,0.99678856,0.9897554,0.9941328,0.99595183,0.9989516,0.99698627,0.9858843,0.9968826,0.9948039,0.9941156,0.99412185,0.99556357,0.99736995
1.0,-0.00033434108,0.004261993,0.0034750327,0.003014978,0.0024293102,0.0009507232,0.0032133143,-0.0009102598,0.005118568,0.0018261373,0.0044273324,0.0009082854,0.0026904866,0.00012373924,0.002881175,-0.00015132874,0.003285177,0.0026913434,-0.002600167,-0.0004826039,0.9906451,0.99398947,0.99867696,0.9962704,0.9946776,0.9947627,0.9977274,0.99504036,0.9883824,0.9941382,0.9941155,0.9979497,0.99773407,0.98682505,0.9969896,0.99506557,0.9940368,0.99274194,0.99781096,0.9980416
1.0,-0.0003552772,0.0046494678,0.0032580122,0.002698511,0.0026004612,0.0014141116,0.003654981,-0.0014932193,0.0052092876,0.0019868687,0.004650943,0.00074605644,0.0028690323,-0.00032560527,0.0029917005,0.00022768974,0.0029127263,0.0029262453,-0.002570659,-0.00053074956,0.99079067,0.99437314,0.99901783,0.9962035,0.9947677,0.99439025,0.99812585,0.9954967,0.98844844,0.99415517,0.99379563,0.9981232,0.99767,0.98625016,0.99680465,0.99534196,0.9939739,0.99286133,0.9982515,0.9981051
1.0,0.0021838136,0.003858462,-0.0057279393,-0.01891402,0.011022992,0.021513348,0.017544225,-0.021606103,0.009276615,-0.003280662,0.010519374,-0.0017374232,0.012142442,-0.031207275,0.009259103,0.02019355,-0.01782381,0.019182019,-0.008292384,-0.0038928539,1.0060277,1.0151457,1.0170944,0.99043417,0.99794424,0.9827962,1.0097914,1.0092684,0.9915315,0.98914796,0.97861606,1.0003462,1.0043155,0.9587248,0.9965045,0.99577016,0.9910946,0.9977711,1.0183024,1.0005294
1.0,-0.0008667335,0.0035673454,0.0032173917,0.0027681403,0.0024547763,0.0005551006,0.0034885108,-0.0015730262,0.005199766,0.0020080507,0.005678378,0.0011139065,0.0033692196,-0.0013445914,0.0033987798,0.0004239753,0.0020925552,0.0030770674,-0.0030141994,-0.000886485,0.990169,0.99323964,0.9994431,0.99656236,0.99469435,0.99366516,0.998123,0.9951618,0.98806185,0.99419713,0.9931572,0.9980069,0.9978205,0.98636186,0.9967995,0.9956549,0.9939966,0.99256486,0.9988653,0.9982809
1.0,-0.0008667335,0.0035673454,0.0032173954,0.002768144,0.0024547763,0.0005551011,0.0034885108,-0.0015730262,0.005199765,0.0020080507,0.005678378,0.0011139065,0.0033692196,-0.0013445839,0.0033987816,0.0004239753,0.0020925552,0.0030770674,-0.003014207,-0.000886485,0.990169,0.99323976,0.9994431,0.99656236,0.99469435,0.99366516,0.998123,0.9951618,0.98806185,0.99419713,0.9931572,0.9980069,0.9978205,0.98636186,0.9967995,0.9956549,0.9939966,0.99256486,0.9988653,0.9982809
1.0,-0.0024225004,-0.00062309206,0.0036088042,0.0023417436,0.0016682707,-0.0024190014,0.0030851793,-0.0021488927,0.004658384,0.0019190982,0.009468511,0.0023956746,0.005495347,-0.0060375184,0.0051358454,0.0018071756,-0.0009714626,0.0040520355,-0.005065389,-0.0018309206,0.98817956,0.9898477,1.0014651,0.9975719,0.99467546,0.99027365,0.99822074,0.99415743,0.98666555,0.99436176,0.99034125,0.99781346,0.9989928,0.98589516,0.99679023,0.9965262,0.9940911,0.9920046,1.0016384,0.99831223
1.0,-0.0027991347,-0.00081567466,0.0031258762,0.002562862,0.0015871786,-0.0024160459,0.0032129474,-0.0022088476,0.004484063,0.0023851916,0.0098176785,0.0021113679,0.00552053,-0.006298721,0.005317211,0.0018088408,-0.0013795942,0.0037329122,-0.004861187,-0.0018839985,0.98810357,0.98931926,1.001557,0.99744254,0.9947461,0.9900964,0.9979984,0.99395823,0.9864236,0.99431145,0.98993987,0.9978679,0.998959,0.9859721,0.99682677,0.9970608,0.99427986,0.991916,1.001814,0.99833214
1.0,0.004830297,0.019050509,0.0018323176,0.0040703937,0.00229536,0.010326405,0.0053389017,-0.0010348111,0.0032911962,0.0048917904,-0.00670976,-0.0063555837,-0.0036774203,0.012707405,-0.0016478822,-0.002152443,0.012361832,-0.0016682893,0.0046981275,0.0050405264,0.9965324,1.0063376,0.9931828,0.9904332,0.99599737,1.0020925,0.99629116,0.99902797,0.9916608,0.9944751,0.9993628,1.0013018,0.99569726,0.9855438,0.99699867,0.9948046,0.9948557,0.9970052,0.98984617,0.9955477
1.0,0.0045111887,0.017982759,0.0020071343,0.0040487237,0.002346918,0.009632049,0.005120799,-0.00090816617,0.0034412472,0.0045930445,-0.0060171224,-0.0057901666,-0.003294617,0.011944585,-0.0013811179,-0.0021007657,0.0118211545,-0.001366727,0.0042007416,0.004626684,0.9961058,1.0054553,0.9935141,0.9908685,0.99587744,1.0017185,0.9963687,0.9986703,0.9914546,0.9944287,0.9991266,1.0009933,0.99580073,0.9857514,0.99701947,0.99471307,0.99478936,0.9966872,0.9903089,0.9957264
1.0,-0.00078904256,-0.001813814,0.005256366,-0.0036533922,0.0033213533,0.0017716994,0.005465964,-0.005094599,0.005588385,-0.0014786124,0.009648897,0.004581973,0.0076090395,-0.011057269,0.005808346,0.0055408515,-0.0026582517,0.009075016,-0.0081389025,-0.0019866228,0.99236673,0.9955931,1.004488,0.9977075,0.99541074,0.98808986,1.0014524,0.996579,0.98832685,0.9935065,0.9896106,0.99748886,1.0014783,0.9800591,0.99675214,0.9933796,0.9928816,0.992948,1.0054024,0.99772596
1.0,0.0059025474,0.021314211,0.0022666305,0.0054698326,0.0016014948,0.010524387,0.004763879,-0.00046692044,0.0021139877,0.0053145364,-0.009252568,-0.0076764524,-0.00579758,0.016355067,-0.0025186092,-0.0026073158,0.014911313,-0.0028736517,0.0065299384,0.0062873587,0.99653274,1.0084269,0.9915588,0.98920214,0.9962076,1.0037314,0.995329,0.99836713,0.9920459,0.99456894,1.0006276,1.0019774,0.99511373,0.9866087,0.99733853,0.99411154,0.99529916,0.9983714,0.9871055,0.994753
1.0,0.0006082393,0.007540807,0.0021482818,0.00024282932,0.0036971867,0.0059260465,0.0059133545,-0.0036456324,0.005737409,0.0021844506,0.003530506,-0.0003361851,0.0031393021,-0.0011435747,0.0027724802,0.00157547,0.0025693774,0.003950782,-0.0022306591,-4.8726797e-06,0.9939028,0.99852496,0.9998145,0.9950953,0.99537635,0.9942734,0.9996704,0.9982058,0.9896824,0.99384624,0.9935443,0.99891084,0.99796337,0.98279136,0.99656105,0.9955589,0.99359566,0.99350816,0.9993968,0.9980196
1.0,-0.0024969243,-2.2605062e-05,0.0028992333,0.0022239536,0.002021134,-0.001299687,0.0036088694,-0.0023504868,0.0048444364,0.0022557676,0.00907471,0.0019637048,0.0052805394,-0.0057029873,0.005053522,0.0017534457,-0.0010574721,0.003870301,-0.004549738,-0.0018215477,0.9889073,0.99025786,1.0013406,0.9972722,0.9947732,0.99074703,0.9982236,0.9944101,0.9868248,0.99414957,0.9904748,0.9978348,0.99877036,0.9856567,0.996798,0.9968057,0.9941591,0.9919652,1.0015808,0.9984443
1.0,-0.003107313,-0.00207638,0.003935542,0.0035756268,0.00037010014,-0.005118288,0.002034178,-0.0012170747,0.0034166882,0.0027395636,0.010837514,0.0021168739,0.0056883097,-0.006804131,0.0055809375,0.0013618357,-0.0013658702,0.0028751716,-0.0053848512,-0.0014543757,0.9863602,0.9873195,1.0014296,0.9975768,0.9945993,0.98923355,0.99702495,0.99294233,0.9855605,0.994736,0.9892524,0.9979141,0.99961096,0.9871337,0.9969783,0.99759555,0.9947432,0.9918919,1.0017219,0.9978416
1.0,0.00041877106,0.0035634637,0.0049818903,0.0033822022,0.0020130873,-0.0015200898,0.002013864,-0.0005343966,0.0045911795,0.00059799105,0.004359279,0.0013854802,0.0023795217,-0.00013421476,0.0031561889,0.00030041486,0.0031883083,0.0033450723,-0.003179621,-0.00030699372,0.98912066,0.9942355,0.9985863,0.9964235,0.9942304,0.9943136,0.99774736,0.9944262,0.98853356,0.9940892,0.994162,0.9978928,0.9981909,0.98735005,0.997421,0.994044,0.9939405,0.9933851,0.99744093,0.998241
1.0,0.00024339184,0.00600183,0.0032490678,0.0026979297,0.0027120449,0.0024015044,0.003827015,-0.0013963878,0.0051421667,0.0020482019,0.003434481,0.0002227351,0.002228856,0.00095923245,0.0024915487,-3.1642616e-05,0.0039039254,0.0026452169,-0.0019704737,-5.4329634e-05,0.991492,0.995695,0.9984696,0.9957232,0.99486464,0.9952572,0.99806774,0.99586046,0.9888737,0.9941283,0.994522,0.9983125,0.99748665,0.9861537,0.9968338,0.9950549,0.9939867,0.99323195,0.99745756,0.9978877
1.0,0.0009855255,0.007928729,0.0030982085,0.0029187687,0.0027587377,0.0036119607,0.0039935764,-0.001206208,0.004963429,0.002329953,0.0018019471,-0.0006490797,0.0012764037,0.0028599128,0.0017965697,-0.00047614425,0.005278427,0.0020352826,-0.0009880513,0.00063923,0.99228954,0.9973015,0.9976243,0.994999,0.99499196,0.99648297,0.997831,0.996284,0.9893593,0.99413556,0.9954478,0.99863553,0.997159,0.98618627,0.9968768,0.9948605,0.99407864,0.99372953,0.9962317,0.99758554
1.0,6.555021e-05,0.005548358,0.0032815896,0.002652958,0.0026898049,0.0021068554,0.0037856214,-0.001442749,0.0051723775,0.0019933358,0.0038240086,0.00041794032,0.0024529845,0.00050897896,0.002658574,7.6413155e-05,0.0035783388,0.0027796328,-0.0021969303,-0.00021079183,0.9912955,0.99530995,0.9986678,0.995887,0.99483705,0.99495965,0.9981144,0.9957572,0.9887521,0.9941302,0.9942923,0.99824435,0.99756676,0.9861465,0.9968244,0.99511135,0.9939702,0.99312013,0.99774426,0.9979527
1.0,0.000987269,0.007933237,0.0030977838,0.0029193498,0.0027587563,0.0036147663,0.0039939247,-0.001205802,0.0049629095,0.002330698,0.0017980896,-0.00065124035,0.0012741908,0.0028644055,0.0017949417,-0.0004771948,0.0052816793,0.002033785,-0.0009856932,0.00064089894,0.99229145,0.9973052,0.9976224,0.9949972,0.9949922,0.9964858,0.9978304,0.99628496,0.9893604,0.99413556,0.99544996,0.99863636,0.99715817,0.9861864,0.9968769,0.99486,0.9940788,0.9937307,0.9962288,0.9975848
1.0,0.00020938739,0.005914867,0.003255427,0.0026890896,0.0027081445,0.0023453224,0.0038191415,-0.0014052391,0.005148347,0.002037339,0.0035089925,0.00026050955,0.002271846,0.0008730218,0.002523454,-1.104176e-05,0.0038415603,0.002671279,-0.0020140447,-8.455664e-05,0.9914546,0.9956214,0.99850756,0.99575484,0.9948593,0.99520046,0.99807703,0.99584085,0.9888506,0.9941285,0.9944782,0.99829924,0.99750185,0.9861523,0.996832,0.99506533,0.9939834,0.9932103,0.9975126,0.9979004
2.0,0.0015978105,0.00961417,0.0029298067,0.0031716935,0.0027399957,0.004595048,0.004128944,-0.0010564774,0.0047554797,0.002654083,0.00041977502,-0.0014695376,0.0004453212,0.004513763,0.0012143832,-0.00085391104,0.006451942,0.001442872,-9.2074275e-05,0.0012699366,0.9929138,0.9986241,0.99687964,0.99434286,0.9951109,0.9975045,0.9975775,0.9966322,0.9897316,0.99416274,0.9961874,0.9989582,0.9968664,0.9862421,0.99690723,0.99477404,0.994187,0.9941822,0.99515074,0.99730694
2.0,0.0014131777,0.009064965,0.003000632,0.0030690692,0.0027546287,0.004297531,0.0040860325,-0.0011000708,0.0048265406,0.0025281832,0.00085376576,-0.0011906698,0.000715442,0.0039742216,0.0013970453,-0.0007279292,0.006082777,0.0016508773,-0.00039502233,0.0010665804,0.9927347,0.99822813,0.99712306,0.9945548,0.9950732,0.99718016,0.9976664,0.9965238,0.98962486,0.99415016,0.9959615,0.9988482,0.99697316,0.9862078,0.9969032,0.9947756,0.99414635,0.9940381,0.9955035,0.99739176
2.0,0.00028232485,0.009563766,0.001692351,0.004443392,0.0024459325,0.00288677,0.004329508,-0.0019028261,0.004803383,0.0039699897,0.00195482,-0.002045855,0.0007480532,0.004117936,0.0018615462,-0.00090675056,0.004892815,0.00082265586,0.0003863722,0.0008460134,0.9912209,0.9959823,0.9972199,0.99487495,0.99496096,0.9964154,0.99776965,0.9962445,0.98876375,0.99425274,0.9950482,0.99913067,0.9960651,0.9872382,0.9964886,0.9967737,0.9945151,0.9938095,0.995781,0.9982112
2.0,0.00022325292,0.005950339,0.003252834,0.002692692,0.0027097613,0.0023682604,0.0038223583,-0.0014016405,0.005145834,0.0020417199,0.0034785923,0.000245139,0.0022542924,0.000908196,0.0025104396,-1.9446015e-05,0.003867004,0.0026606694,-0.0019962788,-7.222593e-05,0.99146986,0.9956514,0.9984921,0.99574196,0.9948614,0.99522364,0.9980732,0.9958488,0.98885995,0.9941284,0.99449605,0.9983046,0.99749565,0.9861529,0.9968327,0.9950611,0.9939847,0.99321914,0.99749017,0.9978952
2.0,0.0016305074,0.009648442,0.0029484183,0.003151212,0.0027443692,0.0046428647,0.0041316785,-0.0010472275,0.0047484376,0.0026377812,0.00036946312,-0.001475662,0.00042761117,0.0045459718,0.0011942405,-0.0008547455,0.0064949654,0.0014474243,-8.6862594e-05,0.0012904629,0.99295706,0.9986991,0.99686426,0.9943224,0.9951166,0.9975325,0.997575,0.9966443,0.98975635,0.99416023,0.9962177,0.9989633,0.9968795,0.98621964,0.99691737,0.9947387,0.99418426,0.9942004,0.99512744,0.99728817
2.0,0.0009892844,0.007938653,0.0030973554,0.0029200278,0.002758801,0.0036180273,0.003994398,-0.0012052767,0.004962343,0.0023316145,0.0017936323,-0.0006537363,0.0012715235,0.0028696358,0.0017930511,-0.00047839433,0.005285464,0.0020320043,-0.0009829178,0.0006429106,0.9922936,0.99730957,0.99762,0.9949952,0.99499255,0.99648917,0.9978297,0.99628603,0.9893617,0.9941357,0.99545246,0.9986373,0.99715734,0.9861865,0.996877,0.99485964,0.9940792,0.99373215,0.99622536,0.9975839
2.0,-1.01700425e-05,0.0053563192,0.0032949857,0.0026348121,0.0026789308,0.001980807,0.0037677921,-0.0014625974,0.0051835785,0.0019715205,0.0039896946,0.00049930066,0.0025479496,0.00031778216,0.002729755,0.00012262166,0.0034401491,0.0028353706,-0.0022922605,-0.00027619302,0.9912111,0.9951461,0.9987518,0.9959555,0.99482566,0.9948324,0.998133,0.99571306,0.9886996,0.9941315,0.99419355,0.99821645,0.99760115,0.9861435,0.99682045,0.9951367,0.9939638,0.9930736,0.9978656,0.99797946
2.0,0.00085956976,0.007597752,0.0031254552,0.0028776675,0.0027557723,0.0034084853,0.003965933,-0.0012380816,0.004999284,0.0022764653,0.0020800382,-0.00049492717,0.0014399588,0.0025345609,0.0019143559,-0.00040139258,0.0050432608,0.002144076,-0.0011589713,0.000517115,0.99215657,0.99702865,0.99777,0.99512625,0.994969,0.9962764,0.99787575,0.99621284,0.9892792,0.9941326,0.99529403,0.99857646,0.997214,0.98618037,0.99686915,0.99488914,0.99406064,0.99364173,0.9964431,0.9976401
2.0,0.00031926483,0.0061962903,0.0032347552,0.0027180873,0.0027201772,0.0025266309,0.003844481,-0.0013767071,0.005127671,0.002073191,0.0032681283,0.00013780594,0.0021327063,0.001151897,0.0024203602,-7.7560544e-05,0.00404327,0.002586417,-0.0018727705,1.3627112e-05,0.99157506,0.99585927,0.99838454,0.995652,0.99487674,0.9953836,0.99804664,0.99590427,0.9889249,0.9941279,0.9946189,0.99834275,0.99745256,0.98615676,0.996838,0.9950321,0.9939946,0.99328053,0.9973345,0.99785894
2.0,0.001405675,0.009044275,0.003002677,0.0030660853,0.002754975,0.0042854613,0.0040842276,-0.001101356,0.0048293425,0.0025241747,0.00087079033,-0.0011804178,0.00072547793,0.0039540827,0.0014039855,-0.0007235259,0.006068561,0.0016579255,-0.00040590763,0.0010587573,0.992727,0.9982118,0.997132,0.99456275,0.99507165,0.99716806,0.9976693,0.9965195,0.9896203,0.9941499,0.99595255,0.99884415,0.99697673,0.9862073,0.9969027,0.99477655,0.99414504,0.99403226,0.9955165,0.99739504
2.0,0.0006757565,0.007117629,0.0031640492,0.0028202944,0.0027479045,0.003110193,0.0039251484,-0.0012848973,0.0050477074,0.0022024438,0.0024850126,-0.00027437508,0.0016772449,0.002061963,0.0020863377,-0.0002918169,0.00470151,0.0022990704,-0.0014053583,0.00034207106,0.99196076,0.9966308,0.9979808,0.9953088,0.9949366,0.99597406,0.9979378,0.99610853,0.9891606,0.9941296,0.99506724,0.99849343,0.9972946,0.9861721,0.9968582,0.99493396,0.9940361,0.9935159,0.99674916,0.9977174
2.0,0.000626564,0.006989695,0.0031741485,0.0028054528,0.0027450845,0.0030300606,0.003914155,-0.0012974851,0.0050598662,0.0021834448,0.0025932733,-0.00021626055,0.0017404929,0.001935862,0.0021324027,-0.00026240945,0.0046103075,0.0023397878,-0.0014706776,0.0002958551,0.9919081,0.9965243,0.998037,0.9953571,0.994928,0.99589294,0.99795365,0.99608046,0.9891286,0.994129,0.995006,0.99847174,0.99731624,0.98616993,0.9968554,0.99494666,0.9940299,0.99348277,0.9968306,0.99773747
2.0,0.0005355738,0.0067537725,0.0031925403,0.0027786493,0.0027390122,0.0028815384,0.0038936976,-0.0013208315,0.0050814194,0.0021492764,0.0027933046,-0.000109799206,0.0018571094,0.0017030761,0.0022176113,-0.00020784885,0.0044419505,0.0024141967,-0.0015908033,0.000211142,0.9918101,0.99632734,0.9981405,0.99544555,0.99491256,0.99574256,0.99798244,0.9960284,0.989069,0.9941283,0.99489236,0.9984324,0.9973565,0.9861659,0.99685013,0.9949708,0.9940188,0.9934219,0.99698055,0.9977744
2.0,0.001166217,0.008406244,0.0030579828,0.0029802173,0.002759654,0.0039025166,0.0040328316,-0.0011608563,0.004908458,0.002410531,0.0014022402,-0.00087438524,0.001040563,0.003328666,0.0016277004,-0.0005829036,0.0056171007,0.0018757209,-0.00073999166,0.0008173585,0.99247885,0.9976928,0.9974139,0.9948136,0.99502563,0.99677825,0.9977638,0.9963855,0.9894727,0.99414086,0.99566644,0.998723,0.99708045,0.986195,0.99688786,0.9948222,0.99410594,0.9938579,0.995926,0.9975052
2.0,0.00072234124,0.0072403103,0.0031531043,0.0028350875,0.0027495138,0.0031862108,0.003935827,-0.0012762398,0.0050344784,0.0022217706,0.0023807902,-0.00033180416,0.0016175956,0.0021830127,0.0020433124,-0.00031965226,0.0047875904,0.0022604242,-0.0013425574,0.00038595498,0.9920102,0.9967312,0.9979278,0.9952631,0.9949456,0.99605036,0.99792314,0.99613494,0.9891909,0.9941296,0.99512494,0.9985154,0.997273,0.98617417,0.99686176,0.9949235,0.9940416,0.9935489,0.99667245,0.99769855
2.0,-0.0031631514,-0.0019038916,0.0035932772,0.0033588633,0.0005965829,-0.004518165,0.0023554899,-0.0016054586,0.0035652108,0.0028047115,0.010843296,0.0020440891,0.0057343617,-0.007006794,0.00564076,0.0016203299,-0.001610674,0.003064759,-0.005263366,-0.0016264766,0.98667693,0.9876781,1.0016501,0.99749494,0.9946894,0.9891758,0.9972696,0.99314225,0.9856806,0.99464893,0.9891035,0.99799246,0.9994603,0.98673,0.99695665,0.99766093,0.99466974,0.99190557,1.0019155,0.9979404
2.0,0.001349397,0.008893803,0.0030158535,0.003045451,0.0027566664,0.004195677,0.0040721875,-0.0011152811,0.0048485356,0.0024967492,0.0009958595,-0.0011077747,0.00079979,0.0038066804,0.001456555,-0.0006905645,0.0059621967,0.0017097518,-0.00048496574,0.0010014772,0.99266887,0.99808973,0.9971985,0.99462223,0.99506074,0.9970765,0.997692,0.9964881,0.98958594,0.99414754,0.99588567,0.99881506,0.99700105,0.9862044,0.9968991,0.99478674,0.99413556,0.9939909,0.99561316,0.9974214
2.0,0.0013797879,0.008975014,0.0030087456,0.0030565597,0.0027558059,0.0042441823,0.004078705,-0.0011077523,0.00483822,0.0025115237,0.0009283293,-0.0011469498,0.0007596463,0.00388626,0.001428159,-0.0007083863,0.006019626,0.0016818121,-0.00044230744,0.0010323822,0.99270034,0.9981556,0.9971626,0.9945901,0.9950665,0.9971259,0.99767977,0.9965051,0.9896046,0.99414885,0.99592185,0.9988307,0.99698794,0.98620605,0.99690104,0.9947812,0.9941406,0.99401313,0.99556094,0.9974072
2.0,0.004747834,0.01842606,0.0021126904,0.005274862,0.0018870384,0.008882596,0.0043541137,1.206249e-05,0.0029898826,0.00483194,-0.0070278477,-0.0062482506,-0.004267879,0.013857536,-0.0018052422,-0.0028504059,0.013061225,-0.0023243055,0.0051205494,0.0050057545,0.99550647,1.0051687,0.9925195,0.99053687,0.99578196,1.0028576,0.99543476,0.9978693,0.99129826,0.9945166,0.99983275,1.0010223,0.9953176,0.98712987,0.9971822,0.9945037,0.995064,0.99693924,0.9886905,0.9954433
2.0,0.0006640963,0.007087283,0.0031664744,0.0028167404,0.0027472638,0.0030912051,0.003922548,-0.0012878776,0.0050506266,0.0021979138,0.002510693,-0.0002605468,0.0016922727,0.002032034,0.0020972677,-0.0002848506,0.00467987,0.0023087636,-0.001420863,0.0003310889,0.9919483,0.9966055,0.9979941,0.9953203,0.99493456,0.9959548,0.9979416,0.99610186,0.989153,0.9941295,0.99505275,0.9984882,0.99729973,0.9861716,0.9968576,0.99493694,0.99403465,0.99350804,0.9967685,0.99772215
2.0,-0.00015472993,0.0049912184,0.0033197515,0.0026018247,0.002655767,0.0017390663,0.0037334003,-0.0015005432,0.0052020987,0.0019327104,0.0043059047,0.0006516427,0.002728328,-4.644692e-05,0.0028658304,0.00021116436,0.0031769685,0.0029392466,-0.0024724677,-0.00039894134,0.99104905,0.994833,0.9989112,0.9960842,0.9948046,0.99458855,0.9981663,0.99562824,0.9885982,0.9941347,0.994003,0.99816525,0.99766725,0.98613787,0.99681336,0.9951871,0.9939529,0.99298614,0.9980958,0.9980289
2.0,0.00022418797,0.005952701,0.003252674,0.0026929267,0.0027098656,0.0023697794,0.0038225818,-0.001401402,0.005145674,0.0020420328,0.0034765676,0.00024408847,0.0022531152,0.0009105429,0.0025095697,-2.001226e-05,0.0038686916,0.002659969,-0.001995083,-7.1406364e-05,0.9914708,0.99565333,0.99849117,0.9957411,0.99486154,0.9952252,0.998073,0.9958494,0.98886067,0.9941284,0.99449724,0.99830496,0.9974952,0.9861529,0.9968327,0.99506086,0.9939848,0.9932197,0.9974886,0.99789494
2.0,-0.00015895441,0.0049805567,0.0033204705,0.0026008934,0.0026550256,0.0017319696,0.0037323814,-0.0015016496,0.0052025816,0.0019316301,0.004315147,0.0006560385,0.0027335957,-5.7063997e-05,0.002869809,0.00021377951,0.0031692907,0.0029422268,-0.0024777018,-0.00040248036,0.9910443,0.9948239,0.99891585,0.9960879,0.994804,0.9945814,0.9981673,0.99562573,0.9885953,0.99413484,0.99399745,0.9981637,0.9976693,0.9861376,0.9968131,0.99518865,0.9939525,0.9929835,0.9981025,0.9980303
2.0,2.8062612e-05,0.0054532066,0.0032882504,0.0026438981,0.0026845224,0.0020445006,0.0037768,-0.0014525689,0.0051780418,0.0019824281,0.0039060377,0.00045832992,0.002500005,0.0004143119,0.0026938114,9.9264085e-05,0.0035098977,0.0028073415,-0.0022442043,-0.000243254,0.99125385,0.9952289,0.9987094,0.995921,0.9948313,0.99489677,0.9981237,0.9957354,0.98872614,0.9941308,0.99424344,0.9982305,0.9975838,0.9861451,0.99682236,0.99512374,0.993967,0.993097,0.9978044,0.997966
2.0,1.4398247e-05,0.005418591,0.0032906607,0.0026406422,0.002682548,0.0020217563,0.0037735887,-0.0014561452,0.005180055,0.001978524,0.003935924,0.000473015,0.0025171563,0.00037982315,0.002706647,0.000107608736,0.003484957,0.002817385,-0.0022613965,-0.00025504827,0.99123853,0.99519926,0.9987245,0.9959334,0.9948293,0.9948738,0.99812704,0.99572736,0.98871666,0.994131,0.9942256,0.9982254,0.99758995,0.9861445,0.99682176,0.9951284,0.9939658,0.99308866,0.99782634,0.9979709
2.0,0.00011050701,0.0056626946,0.0032735243,0.0026640408,0.002695851,0.00218154,0.003796151,-0.0014310107,0.0051652393,0.002006732,0.0037255492,0.0003691241,0.0023964494,0.0006226748,0.002616318,4.903227e-05,0.0036605261,0.0027461126,-0.0021400116,-0.00017161667,0.9913454,0.9954074,0.9986179,0.9958461,0.99484384,0.99503505,0.99810296,0.9957834,0.98878306,0.9941296,0.9943507,0.9982613,0.9975464,0.98614824,0.99682665,0.9950966,0.99397415,0.9931482,0.99767214,0.9979366
2.0,0.00026333332,0.0060528517,0.00324535,0.0027031712,0.0027142651,0.0024344258,0.003831612,-0.0013912022,0.0051384363,0.0020546764,0.0033907779,0.00020051003,0.0022036135,0.0010098591,0.002472829,-4.3727458e-05,0.0039405115,0.002629839,-0.0019448549,-3.6537647e-05,0.9915138,0.99573815,0.9984473,0.99570465,0.99486774,0.99529046,0.99806225,0.995872,0.98888725,0.99412817,0.9945474,0.99832034,0.9974777,0.98615456,0.9968349,0.9950488,0.99398875,0.99324465,0.9974253,0.99788016
2.0,0.0011059269,0.008246593,0.0030715354,0.0029593855,0.0027597882,0.0038057484,0.0040197894,-0.00117594,0.0049272464,0.0023831576,0.0015356988,-0.00079870224,0.001119405,0.0031720102,0.0016840305,-0.00054734945,0.0055039264,0.0019294024,-0.0008231327,0.0007575527,0.9924159,0.9975622,0.99748427,0.9948758,0.99501425,0.9966798,0.9977867,0.9963517,0.98943514,0.9941389,0.9955938,0.9986934,0.9971066,0.98619205,0.99688405,0.99483454,0.9940967,0.99381477,0.9960283,0.99753237
2.0,0.00033655763,0.006240621,0.003231462,0.002722755,0.0027219132,0.0025550893,0.0038484503,-0.0013722144,0.0051242574,0.0020790026,0.0032302365,0.00011828542,0.0021107793,0.0011958256,0.0024041496,-8.801371e-05,0.004075039,0.0025728866,-0.0018504299,2.9198825e-05,0.99159396,0.99589664,0.9983651,0.99563575,0.9948795,0.99541235,0.9980416,0.9959142,0.98893654,0.9941278,0.9946409,0.9983497,0.9974449,0.9861575,0.9968389,0.99502695,0.9939964,0.9932917,0.9973062,0.9978524
2.0,0.00031595677,0.0061877593,0.0032354072,0.0027172044,0.002719827,0.0025211812,0.003843721,-0.0013775751,0.005128326,0.002072066,0.003275402,0.00014151633,0.002136916,0.0011435002,0.0024234615,-7.555634e-05,0.0040371716,0.0025890023,-0.0018770546,1.0639429e-05,0.9915715,0.995852,0.99838823,0.99565524,0.99487615,0.99537814,0.9980476,0.99590236,0.9889227,0.9941279,0.9946147,0.99834144,0.9974541,0.98615664,0.99683774,0.995033,0.99399424,0.9932784,0.99733984,0.99786025
2.0,0.0029116496,-0.0032666028,-0.0043694787,-0.022490283,0.011557266,0.020285182,0.017351916,-0.024106458,0.008302934,-0.007404968,0.013020847,0.0007295683,0.014072411,-0.039037477,0.011108367,0.025224697,-0.021594534,0.024159007,-0.011056855,-0.005847797,1.0055796,1.0169313,1.0222567,0.99001503,0.9988197,0.9799907,1.0107803,1.0071458,0.99039453,0.9878451,0.9749631,0.9995795,1.0060066,0.9553835,0.99717945,0.99201065,0.9907298,0.999722,1.0213113,0.9994183
2.0,0.00026167557,0.0060486346,0.0032456666,0.002702739,0.0027140789,0.0024316988,0.0038312469,-0.0013916492,0.0051387516,0.00205414,0.0033944026,0.00020235777,0.0022056997,0.0010056347,0.0024743788,-4.274398e-05,0.003937479,0.0026311055,-0.0019469745,-3.8012862e-05,0.991512,0.9957346,0.9984491,0.99570614,0.9948675,0.9952877,0.99806273,0.99587107,0.98888606,0.99412817,0.9945454,0.99831975,0.9974784,0.98615444,0.9968349,0.9950493,0.99398863,0.9932436,0.99742794,0.9978809
2.0,0.0006563142,0.007066995,0.0031680688,0.0028143972,0.0027468242,0.003078528,0.0039208084,-0.0012898743,0.005052553,0.0021948963,0.0025278423,-0.0002513379,0.0017022863,0.0020120516,0.0021045562,-0.00028020144,0.0046654344,0.0023152158,-0.0014312118,0.00032377243,0.9919399,0.99658865,0.99800307,0.99532795,0.9949331,0.99594206,0.9979441,0.99609745,0.9891481,0.99412936,0.995043,0.99848485,0.9973032,0.98617125,0.9968571,0.99493897,0.9940336,0.99350274,0.99678147,0.99772537
2.0,0.0011015534,-0.0015160218,0.0014200807,-0.014845602,0.006999433,0.011088756,0.012497508,-0.017166536,0.0068173064,-0.0042156726,0.013542417,0.0038799047,0.012652107,-0.026428573,0.009075781,0.016849037,-0.012484001,0.018387757,-0.011011556,-0.0037852451,0.99833524,1.0065395,1.0144492,0.9948466,0.99774414,0.98090494,1.0088457,1.0040871,0.9897419,0.9914662,0.98113745,0.99965715,1.0038518,0.96541214,0.99595815,0.993178,0.99105066,0.9960131,1.015348,0.9980971
2.0,-1.0289252e-05,0.0053559914,0.0032950118,0.0026347935,0.0026789196,0.0019806016,0.0037677623,-0.001462616,0.0051835934,0.0019715056,0.003989961,0.0004993975,0.0025480688,0.00031746924,0.0027298834,0.00012268126,0.0034399256,0.0028354675,-0.0022924058,-0.00027628243,0.991211,0.99514586,0.99875194,0.99595565,0.99482566,0.99483216,0.998133,0.99571294,0.9886996,0.9941315,0.9941933,0.99821645,0.99760115,0.9861435,0.99682045,0.9951367,0.9939638,0.99307346,0.99786586,0.99797946
2.0,0.00040908158,0.0051573515,0.0042963885,0.0034740418,0.0022808798,0.000723975,0.0028415322,-0.00020870566,0.004763093,0.0015346855,0.0031378567,0.00065355,0.0018093958,0.0018871501,0.002317896,-0.00070248544,0.0046545565,0.002312526,-0.002136767,0.00020614266,0.9906208,0.99477524,0.997757,0.99599296,0.9945943,0.99574745,0.9973291,0.9947953,0.9886119,0.99418557,0.9952571,0.9979155,0.99768406,0.9875781,0.9970502,0.9943413,0.9941605,0.99329406,0.99662757,0.9976837
2.0,-0.003305886,0.00021899492,0.0061902814,0.017115876,-0.003829036,-0.017620012,-0.006942326,0.011159446,0.0022928026,0.0049243793,0.0045276266,-0.0006089732,-0.002101183,0.009914793,0.0013320148,-0.010429554,0.008309048,-0.008121036,-0.0012251511,0.0015588403,0.97920847,0.9780542,0.9906197,0.9979997,0.9913986,0.99901056,0.9875279,0.9853782,0.9836578,0.99593705,0.9972495,0.9957282,0.99765855,1.0046605,0.9986272,0.9977569,0.9976914,0.9906604,0.9892289,0.9983925
2.0,0.001241874,0.008839391,0.002716627,0.0021112189,0.003088016,0.0050467653,0.004757967,-0.0018822178,0.005126182,0.002467662,0.0015250761,-0.0010258108,0.0014415756,0.002520144,0.001748668,-7.6532364e-05,0.00509724,0.0023154244,-0.0009102486,0.0008449927,0.99328244,0.9984966,0.9978706,0.99465656,0.99518216,0.9963829,0.9982878,0.99719566,0.98971,0.9940604,0.9953258,0.99889976,0.99731386,0.9850545,0.9967797,0.99504405,0.993981,0.9938937,0.9966831,0.9975533
2.0,0.0017199926,0.009822115,0.0030946955,0.0039621703,0.0024712197,0.0039647818,0.0036141612,-0.0004982501,0.00449938,0.0027399808,-0.0001082737,-0.0016636476,-0.00014586747,0.0056594163,0.00097345,-0.0013361126,0.007164236,0.00090227276,0.00036792457,0.0014571548,0.9924417,0.99837404,0.9962944,0.9942379,0.9950228,0.9981167,0.9970901,0.9961009,0.98963875,0.9942154,0.99664193,0.9989415,0.99656945,0.987166,0.99700606,0.9946266,0.9943339,0.99431765,0.99422055,0.99721307
2.0,0.0024441406,0.011882402,0.0027366579,0.0034957603,0.0026613958,0.0059210155,0.0043011326,-0.00085491687,0.004412296,0.0031034425,-0.0014613327,-0.002602227,-0.0006727129,0.006728269,0.00043422356,-0.001323022,0.008062292,0.0006349459,0.0011135824,0.002172768,0.9937696,1.000468,0.9958683,0.9934127,0.9952888,0.99884343,0.99719185,0.99709314,0.9902282,0.9942152,0.9971527,0.9994349,0.99652797,0.98627126,0.9969681,0.99464077,0.99434865,0.9948411,0.9936793,0.99687344
2.0,0.0019358806,0.010477558,0.0028724782,0.0032736026,0.0027217604,0.0051251277,0.0041956548,-0.0009724274,0.004630841,0.0028021187,-0.00031349622,-0.0018867925,1.8395483e-05,0.0053564683,0.0009088516,-0.0010316148,0.007078897,0.0011515245,0.00035491958,0.0016138777,0.9932659,0.99936247,0.9964955,0.9939879,0.99517894,0.998026,0.99743855,0.9968135,0.989937,0.9941781,0.9965729,0.9991322,0.9967482,0.9862374,0.99693626,0.99469435,0.99424225,0.99443424,0.9945912,0.99713707
2.0,0.00027491525,0.0060825646,0.003243167,0.0027062483,0.0027155206,0.0024535519,0.0038342886,-0.0013881996,0.005136241,0.0020584762,0.0033653677,0.00018756837,0.0021889135,0.001039274,0.002461953,-5.0738454e-05,0.003961798,0.0026208833,-0.0019299462,-2.617389e-05,0.9915265,0.99576324,0.9984343,0.9956937,0.99486965,0.9953097,0.99805903,0.99587864,0.98889506,0.99412805,0.99456227,0.998325,0.99747247,0.98615503,0.9968356,0.99504524,0.99398994,0.99325204,0.9974065,0.99787587
2.0,0.0009647086,0.007873915,0.0031027384,0.0029118732,0.0027583875,0.003578372,0.0039890204,-0.0012114756,0.0049695033,0.002320975,0.0018479489,-0.0006234348,0.0013035163,0.0028060526,0.0018160455,-0.00046379864,0.005239494,0.0020534173,-0.0010164231,0.00061891973,0.9922677,0.9972564,0.9976484,0.99502015,0.9949881,0.9964488,0.9978386,0.9962722,0.9893462,0.99413496,0.9954225,0.99862564,0.99716806,0.9861853,0.99687546,0.9948651,0.99407566,0.9937149,0.9962668,0.9975946
2.0,0.0018988512,0.010376461,0.0028819218,0.00325834,0.0027250722,0.0050668,0.0041879416,-0.0009813011,0.00464568,0.0027815327,-0.00023038127,-0.0018361956,6.824732e-05,0.005257681,0.00094344653,-0.0010102317,0.0070078187,0.0011879578,0.00030080974,0.0015741736,0.99322873,0.9992819,0.99654055,0.9940289,0.9951713,0.99796623,0.99745554,0.996793,0.9899153,0.99417573,0.9965301,0.99911124,0.9967642,0.98623526,0.9969339,0.99469924,0.99423504,0.9944055,0.9946567,0.99715567
2.0,0.0002669543,0.0060621276,0.0032446757,0.0027041472,0.0027146637,0.002440396,0.0038324632,-0.0013902858,0.0051377635,0.002055861,0.0033828374,0.00019648671,0.0021989942,0.0010190308,0.0024694316,-4.592538e-05,0.0039471686,0.0026270375,-0.0019401908,-3.3296645e-05,0.99151784,0.995746,0.99844325,0.9957012,0.99486834,0.99529654,0.9980613,0.99587417,0.98888963,0.99412817,0.9945521,0.9983219,0.99747604,0.9861547,0.9968351,0.99504775,0.9939891,0.9932469,0.99741936,0.99787885
2.0,0.0006028153,0.006928049,0.0031789728,0.0027983747,0.0027436018,0.0029913306,0.0039088298,-0.0013035722,0.0050656158,0.002174437,0.0026455093,-0.00018834323,0.0017709434,0.001875028,0.0021546409,-0.0002481714,0.0045663193,0.0023593083,-0.0015021116,0.00027366728,0.99188256,0.99647284,0.99806404,0.9953803,0.99492395,0.99585366,0.9979612,0.99606687,0.9891131,0.99412876,0.9949764,0.99846137,0.99732673,0.98616886,0.99685407,0.99495286,0.9940269,0.99346685,0.99686974,0.99774724
2.0,0.00065688416,0.00706847,0.0031679422,0.0028145649,0.0027468577,0.0030794356,0.003920935,-0.0012897253,0.005052415,0.0021950826,0.002526598,-0.0002520159,0.0017015487,0.0020134673,0.002104031,-0.0002805367,0.0046664737,0.002314739,-0.0014304668,0.00032429397,0.9919405,0.99658996,0.99800247,0.99532735,0.99493325,0.9959429,0.9979439,0.9960977,0.98914844,0.99412936,0.9950437,0.9984851,0.99730295,0.98617125,0.9968571,0.99493885,0.9940337,0.9935032,0.9967805,0.9977251
2.0,0.00026051328,0.006045617,0.0032458901,0.002702415,0.0027139485,0.002429764,0.0038309656,-0.0013919547,0.005138978,0.00205376,0.0033969693,0.00020368397,0.0022072047,0.0010026768,0.0024754815,-4.2006373e-05,0.0039353333,0.0026320294,-0.0019484833,-3.9070845e-05,0.99151075,0.995732,0.9984504,0.9957072,0.9948674,0.9952857,0.9980631,0.99587035,0.98888534,0.99412817,0.99454385,0.99831927,0.9974789,0.98615444,0.99683475,0.99504966,0.9939885,0.99324286,0.99742985,0.99788123
2.0,0.00023306906,0.005975388,0.003251031,0.0026952364,0.0027108751,0.0023844435,0.003824627,-0.0013990849,0.0051440587,0.0020448714,0.0034571271,0.0002342537,0.002241917,0.0009330213,0.00250124,-2.5384128e-05,0.00388496,0.0026531518,-0.001983732,-6.352365e-05,0.9914806,0.99567264,0.99848115,0.99573284,0.994863,0.9952399,0.9980706,0.9958545,0.98886675,0.9941283,0.9945087,0.9983084,0.99749124,0.98615324,0.9968333,0.9950581,0.9939858,0.9932253,0.9974744,0.9978916
2.0,0.0009817965,0.007918894,0.0030990057,0.0029175356,0.0027586706,0.0036059374,0.003992753,-0.001207158,0.0049645365,0.0023283437,0.0018102005,-0.0006444901,0.0012812912,0.0028502569,0.0018000659,-0.00047393888,0.0052714385,0.0020385534,-0.000993155,0.0006355792,0.99228567,0.9972934,0.9976287,0.9950028,0.99499124,0.99647677,0.9978324,0.99628186,0.989357,0.99413544,0.9954433,0.99863374,0.99716055,0.98618615,0.99687654,0.9948613,0.99407804,0.99372697,0.99623793,0.9975872
2.0,0.00065333024,0.007059306,0.0031686537,0.0028134957,0.0027466528,0.0030736837,0.0039201435,-0.001290638,0.0050532892,0.0021937564,0.0025343727,-0.0002478361,0.0017060861,0.002004467,0.0021073353,-0.0002784133,0.004659917,0.0023176596,-0.0014351532,0.000320971,0.9919368,0.9965822,0.9980064,0.9953308,0.99493265,0.99593705,0.9979451,0.99609566,0.98914605,0.99412936,0.9950393,0.99848354,0.9973045,0.9861711,0.9968569,0.9949398,0.9940332,0.9935007,0.9967863,0.99772656
2.0,0.0005302839,0.0067400485,0.0031935833,0.002777107,0.0027386285,0.002872885,0.0038925055,-0.0013222061,0.0050826375,0.0021473393,0.0028049462,-0.000103630126,0.0018639043,0.0016895756,0.002222566,-0.00020468235,0.004432164,0.0024184808,-0.0015977584,0.00020624697,0.9918043,0.9963159,0.9981464,0.9954507,0.9949116,0.9957338,0.997984,0.99602544,0.9890654,0.99412817,0.9948857,0.99843013,0.99735874,0.98616564,0.9968499,0.9949722,0.99401814,0.99341846,0.99698937,0.99777657
2.0,0.001474034,0.009227499,0.0029864796,0.0030915178,0.0027524307,0.004394346,0.004098775,-0.0010845251,0.0048055095,0.0025579631,0.00071868673,-0.0012693182,0.00063505024,0.0041335076,0.0013401378,-0.00076352805,0.0061979964,0.0015944764,-0.0003094226,0.0011287555,0.99279726,0.99836,0.9970508,0.99449015,0.9950851,0.997279,0.99764115,0.9965576,0.989662,0.9941529,0.99603355,0.99887973,0.9969472,0.986211,0.996907,0.9947645,0.99415684,0.99408275,0.99539846,0.9973629
2.0,0.00070689246,0.0071985424,0.0031575821,0.0028297491,0.0027494803,0.0031607987,0.0039320067,-0.001277063,0.0050397664,0.0022145882,0.002416486,-0.00031134486,0.0016373172,0.002141796,0.0020572413,-0.00031044334,0.0047592074,0.0022732094,-0.0013639443,0.0003713295,0.991994,0.996698,0.9979453,0.99527824,0.99494207,0.9960253,0.9979274,0.9961261,0.9891809,0.99412996,0.9951058,0.9985072,0.9972809,0.98617345,0.9968602,0.9949261,0.99403995,0.99353707,0.99669766,0.9977045
2.0,0.00072558224,0.0072474256,0.0031537227,0.0028355233,0.002750475,0.0031912217,0.0039362703,-0.0012721643,0.005035052,0.0022220165,0.0023753382,-0.0003336221,0.0016130954,0.002189815,0.0020397138,-0.00032159686,0.0047939755,0.0022575036,-0.0013389103,0.00038914382,0.9920141,0.9967386,0.99792385,0.99525964,0.9949452,0.99605614,0.99792135,0.99613684,0.989193,0.9941303,0.995129,0.99851555,0.9972727,0.9861743,0.99686116,0.99492145,0.9940426,0.99354964,0.9966665,0.99769664
2.0,0.0023203976,0.0025328025,0.004112184,0.00075516105,-0.0021409914,-0.000995212,0.0015298054,-0.0020186156,-0.0071510253,0.0060581714,0.0076842215,-0.0062595084,0.0024123937,-0.0110744275,0.004262179,0.003533043,0.0020530932,-0.0015227869,-0.0029431544,0.004017517,0.9880038,0.99665934,1.0072762,0.9871813,0.99821526,0.989555,0.9954667,0.9930162,0.9850527,0.9943876,0.98277307,1.0017885,1.0024261,0.98197716,0.998793,1.0002463,0.9989198,0.99661946,0.99981153,0.9897947
2.0,0.0009816736,0.007918552,0.0030990392,0.0029174872,0.0027586706,0.0036057315,0.003992729,-0.0012071803,0.004964568,0.002328284,0.0018104855,-0.00064431876,0.0012814403,0.0028499365,0.0018001776,-0.00047384948,0.0052712,0.0020386502,-0.0009933189,0.00063546,0.99228555,0.99729306,0.9976288,0.9950029,0.99499124,0.99647665,0.9978324,0.99628174,0.9893569,0.99413544,0.99544317,0.9986336,0.9971607,0.98618615,0.99687654,0.9948613,0.99407804,0.99372685,0.9962382,0.9975872
2.0,0.010894936,0.010654546,0.005098548,-0.003423065,0.00018996373,0.0076934695,0.001557691,-0.0029972978,-0.015097854,0.0057984665,-0.0023250878,-0.014672376,-0.004757382,-0.008422032,-0.00063089095,0.0033927523,0.0101712495,-0.0050562173,0.0008932054,0.0071493387,0.99276143,1.0113459,1.0141152,0.9762901,1.001307,0.998193,0.99617606,0.9927178,0.9877326,0.99186414,0.981551,1.0035553,1.0014362,0.9798793,1.0003114,0.99884236,1.00287,1.0009708,0.99407494,0.9827356
2.0,0.00058637187,0.0086674765,0.002104111,0.003205791,0.0027842708,0.0038378488,0.004453851,-0.0019392185,0.005059737,0.0031429753,0.0020834412,-0.0013200045,0.001332134,0.0028211996,0.0019896142,-0.0003759265,0.004682716,0.0017176941,-0.000470154,0.0005554855,0.99213225,0.99690247,0.99778956,0.9948998,0.9950712,0.99621844,0.9980637,0.9966667,0.9891716,0.9941321,0.9949108,0.9989522,0.99667895,0.9860841,0.9966689,0.99593717,0.9941584,0.99366015,0.99646467,0.99796563
2.0,0.000908684,0.007726632,0.00311492,0.002893515,0.0027571656,0.0034879071,0.0039767437,-0.001225628,0.0049855513,0.002297029,0.0019716527,-0.0005547479,0.0013763085,0.0026613027,0.0018684361,-0.0004305616,0.0051348694,0.0021018982,-0.0010925196,0.0005645305,0.9922086,0.99713504,0.9977132,0.9950768,0.99497795,0.9963571,0.99785846,0.99624056,0.9893106,0.99413365,0.9953541,0.9985993,0.99719256,0.9861827,0.9968721,0.9948777,0.99406755,0.9936758,0.9963609,0.99761903
2.0,0.0016658828,0.01025638,0.0022045001,0.00047346205,0.0036918782,0.0074495813,0.006176116,-0.003478527,0.005428607,0.0025404766,0.0014091711,-0.0014718473,0.0018879622,0.0013927743,0.0018250104,0.0010228194,0.004475374,0.0031967238,-0.0010652654,0.0010427684,0.9949203,1.0008379,0.998691,0.99418485,0.9955625,0.99568737,0.99947745,0.9988716,0.9903651,0.993939,0.99480414,0.99941343,0.9976415,0.9827552,0.9965539,0.99527705,0.99370784,0.99429065,0.99787205,0.9975626
2.0,0.000473015,0.006718546,0.0031289235,0.003102813,0.002643332,0.002637076,0.0036879815,-0.0010432899,0.00504813,0.0022493973,0.0026961565,-0.00017429143,0.0017115176,0.0020424202,0.002148969,-0.0004614964,0.0046186745,0.0021439567,-0.0014350824,0.00021532178,0.9916255,0.9960087,0.99792707,0.99543864,0.9948599,0.9959874,0.9977292,0.9958161,0.98898387,0.9941474,0.99500924,0.9983894,0.99724305,0.9865573,0.9968925,0.99502397,0.9940831,0.99334526,0.9966754,0.99778
2.0,-0.00077394024,0.0029144287,0.0042328164,0.0051181316,0.0015349053,-0.002506686,0.0014158878,0.0007185377,0.0046542077,0.0018364489,0.0048116855,0.001205422,0.00214307,0.001202412,0.0029028263,-0.0012680665,0.0037521236,0.0016151741,-0.0025364682,-0.0005850941,0.9882236,0.991329,0.9977874,0.9967907,0.99412245,0.9950877,0.9964593,0.99326855,0.9875986,0.99439836,0.99441105,0.9975794,0.99745864,0.9895134,0.9972278,0.9950768,0.9943828,0.9924886,0.9965752,0.9981955
2.0,0.00082041696,0.0077382848,0.0028038435,0.0020607896,0.003058128,0.004307283,0.004617339,-0.0019402504,0.005224546,0.0023019537,0.00241388,-0.0005254075,0.0019266382,0.0015416071,0.0021238942,0.00013176352,0.0043703653,0.002627626,-0.001422409,0.00043673813,0.99278253,0.9975442,0.99830985,0.9950731,0.99509984,0.9957584,0.9983911,0.9968925,0.9894262,0.9940514,0.994846,0.9986952,0.99744815,0.9851333,0.9967607,0.9951296,0.9939359,0.99360776,0.99729615,0.9977298
2.0,-0.0017734356,0.0025001243,0.0036752857,0.008941036,0.00017400086,-0.0066525806,-0.0008432176,0.0031507015,0.0040184483,0.003223665,0.004862124,0.00026485324,0.000788562,0.0038834065,0.0026278514,-0.0037206262,0.0044507384,-0.0013251528,-0.0013701469,-0.00038811564,0.98521906,0.98718387,0.9958036,0.9969503,0.9933687,0.9963343,0.9940098,0.9910127,0.986414,0.99468845,0.99482757,0.9973496,0.9967611,0.99380004,0.99773264,0.99651915,0.9953467,0.99181616,0.9942335,0.9987171
2.0,0.0007068217,0.00719855,0.0031576157,0.002829764,0.0027495436,0.0031607186,0.003932094,-0.001276955,0.0050398577,0.0022146255,0.0024166573,-0.00031128526,0.0016372576,0.002141662,0.0020572655,-0.00031038374,0.004759144,0.0022731796,-0.0013639554,0.00037139654,0.991994,0.996698,0.9979453,0.99527824,0.99494195,0.9960252,0.99792755,0.9961261,0.9891809,0.99412996,0.9951058,0.9985071,0.9972809,0.98617345,0.9968601,0.9949261,0.9940401,0.99353695,0.99669766,0.9977045
2.0,0.0010616109,0.008134708,0.0030788742,0.0029462203,0.0027586073,0.00373538,0.0040118806,-0.0011922903,0.0049388404,0.0023664162,0.00163069,-0.00074795634,0.0011763796,0.0030610934,0.0017260537,-0.0005213022,0.0054208376,0.001967609,-0.0008812174,0.0007149577,0.9923691,0.9974665,0.9975356,0.99492097,0.99500734,0.9966068,0.99780476,0.9963277,0.989407,0.9941371,0.99554026,0.99867445,0.9971233,0.9861905,0.9968814,0.9948473,0.9940899,0.99378586,0.99610317,0.99755317
2.0,0.0010007657,0.00796888,0.0030948594,0.0029238388,0.0027589686,0.0036365234,0.003996903,-0.0012023821,0.0049589616,0.0023365691,0.0017682761,-0.00066791475,0.0012565702,0.0028993413,0.0017823279,-0.00048517436,0.0053069256,0.0020219907,-0.00096727535,0.0006541312,0.9923056,0.9973345,0.99760664,0.99498343,0.9949947,0.9965078,0.9978255,0.9962926,0.989369,0.9941359,0.99546635,0.9986427,0.9971523,0.986187,0.99687773,0.994857,0.99408084,0.99374026,0.99620605,0.9975789
2.0,0.000969477,0.007886432,0.0031016953,0.0029134564,0.0027584694,0.0035860722,0.0039900653,-0.0012102649,0.004968128,0.0023230165,0.0018374119,-0.0006293282,0.0012972951,0.0028183833,0.0018115826,-0.00046664476,0.0052484125,0.0020492598,-0.0010099262,0.00062357634,0.9922727,0.9972667,0.99764293,0.99501526,0.99498904,0.9964567,0.9978368,0.9962748,0.9893491,0.9941351,0.9954283,0.9986279,0.99716604,0.98618555,0.9968758,0.99486405,0.99407625,0.99371827,0.9962588,0.99759257
2.0,0.0011957735,0.008487865,0.0030492954,0.002991695,0.0027584024,0.0039505847,0.004040107,-0.0011582822,0.004897082,0.0024262369,0.0013339724,-0.0009152293,0.0010017082,0.0034085363,0.0016008336,-0.00060036033,0.00567244,0.0018490329,-0.0006974079,0.0008472651,0.99250925,0.9977568,0.99737936,0.9947829,0.99503255,0.9968258,0.9977537,0.9964024,0.989491,0.9941411,0.99570215,0.9987398,0.9970658,0.9861968,0.9968905,0.9948185,0.9941102,0.99388146,0.99587613,0.9974928
2.0,0.00012768432,0.005706385,0.00327041,0.0026682988,0.0026980937,0.002210004,0.0038001426,-0.0014265403,0.005162422,0.0020119026,0.0036879797,0.0003503859,0.0023748577,0.00066607445,0.0026001912,3.8594007e-05,0.003691908,0.0027332306,-0.0021182261,-0.0001565963,0.99136436,0.9954445,0.9985988,0.99583024,0.99484646,0.9950638,0.99809855,0.99579334,0.9887948,0.99412936,0.9943729,0.9982678,0.9975386,0.98614895,0.9968276,0.99509114,0.9939757,0.9931589,0.9976445,0.9979304
2.0,0.0046025105,0.0043317527,0.0030560605,-0.0005774535,-0.000742998,0.0036194318,0.0024703518,-0.0036037602,-0.010810615,0.006265089,0.0048411544,-0.009620756,-0.0009476617,-0.0111004375,0.0032105949,0.004960671,0.0034581982,-0.0024880394,-0.0003103912,0.004428044,0.9903811,1.0025644,1.010702,0.98257023,1.0000088,0.991926,0.99562836,0.99151963,0.9857302,0.99267256,0.9812829,1.0025487,1.001269,0.98043984,0.9997387,0.9997381,1.0004277,0.9992714,0.9985129,0.98724455
2.0,0.00040577725,0.006418638,0.0032181256,0.002741754,0.0027284585,0.0026688671,0.0038642604,-0.0013542958,0.005110048,0.00210274,0.0030783657,3.9733946e-05,0.0020227954,0.0013719574,0.002339244,-0.00012975931,0.0042024367,0.0025183558,-0.0017606393,9.1940165e-05,0.9916694,0.9960464,0.9982872,0.9955702,0.9948908,0.9955274,0.9980216,0.9959541,0.9889829,0.9941278,0.99472874,0.998378,0.9974141,0.98616046,0.99684274,0.99500686,0.99400383,0.9933366,0.9971934,0.99782574
2.0,0.0001090914,0.0056591034,0.003273774,0.0026636869,0.0026956722,0.0021792024,0.0037958156,-0.0014313757,0.005165473,0.002006285,0.003728645,0.00037063658,0.0023982152,0.00061908364,0.0026176386,4.990399e-05,0.0036579445,0.0027471557,-0.0021418035,-0.00017284602,0.99134386,0.9954043,0.99861944,0.9958472,0.9948436,0.99503267,0.9981033,0.99578255,0.9887821,0.9941296,0.9943489,0.9982607,0.9975471,0.98614824,0.99682665,0.9950971,0.99397403,0.99314725,0.9976744,0.9979371
2.0,0.00026688352,0.006061971,0.0032446645,0.0027041212,0.0027146563,0.0024402717,0.0038324539,-0.0013902932,0.005137778,0.0020558387,0.0033829994,0.00019655377,0.002199091,0.0010188371,0.0024695043,-4.5903027e-05,0.0039470233,0.002627097,-0.0019402876,-3.33637e-05,0.9915177,0.9957458,0.99844337,0.9957013,0.99486834,0.9952964,0.9980613,0.99587405,0.98888963,0.99412817,0.9945521,0.9983218,0.99747604,0.9861547,0.9968351,0.99504775,0.9939891,0.9932469,0.9974195,0.99787885
2.0,2.0671636e-05,0.0054344386,0.0032895766,0.0026421323,0.0026834682,0.0020321866,0.0037750602,-0.0014545172,0.0051791337,0.0019802973,0.003922235,0.00046628714,0.002509281,0.00039561838,0.0027007628,0.00010377914,0.0034963936,0.0028127953,-0.0022535287,-0.0002496466,0.99124557,0.9952128,0.9987176,0.9959278,0.99483025,0.99488425,0.9981255,0.99573106,0.9887211,0.9941309,0.99423385,0.9982278,0.9975871,0.9861447,0.996822,0.99512625,0.9939663,0.9930925,0.9978163,0.9979686
2.0,7.496402e-05,0.0055723116,0.003279917,0.0026552752,0.002691105,0.0021225212,0.0037878398,-0.0014402978,0.005170916,0.0019961223,0.0038033687,0.00040774047,0.002441153,0.0005328059,0.0026497208,7.067621e-05,0.0035955496,0.0027726367,-0.0021850206,-0.00020260364,0.99130595,0.99533045,0.99865735,0.9958784,0.9948385,0.99497545,0.998112,0.99576277,0.9887586,0.9941301,0.99430454,0.9982479,0.99756247,0.98614687,0.99682486,0.9951083,0.99397093,0.993126,0.9977292,0.99794936
2.0,0.00022240728,0.005948156,0.003252998,0.002692461,0.0027096532,0.002366827,0.0038221646,-0.0014018491,0.005146001,0.0020414516,0.0034804773,0.00024608523,0.0022553802,0.00090601295,0.0025112517,-1.8924475e-05,0.0038654245,0.002661325,-0.0019973926,-7.300079e-05,0.99146897,0.9956496,0.9984931,0.9957428,0.9948613,0.9952222,0.99807346,0.9958483,0.9888595,0.9941284,0.994495,0.99830425,0.997496,0.9861529,0.9968327,0.99506134,0.9939847,0.99321854,0.9974915,0.99789554
2.0,0.00033558533,0.0062381923,0.0032316558,0.0027224943,0.0027218089,0.002553501,0.0038482249,-0.0013724752,0.0051244455,0.0020786822,0.0032323506,0.000119395554,0.002112016,0.0011933744,0.0024050474,-8.742511e-05,0.0040732734,0.0025736466,-0.0018516742,2.8334558e-05,0.991593,0.9958945,0.9983662,0.9956367,0.99487936,0.99541086,0.998042,0.9959136,0.9889358,0.9941278,0.9946397,0.99834925,0.9974453,0.9861575,0.9968388,0.9950272,0.99399626,0.99329096,0.9973079,0.99785274
2.0,0.00061861426,0.006969072,0.0031757765,0.002803091,0.0027445927,0.0030171017,0.0039123613,-0.0012995303,0.005061795,0.0021804348,0.0026107542,-0.00020690262,0.0017506853,0.0019154698,0.0021398365,-0.00025763363,0.004595585,0.0023463294,-0.001481209,0.00028841943,0.9918995,0.9965071,0.99804604,0.9953648,0.9949267,0.9958798,0.9979563,0.9960759,0.9891234,0.9941289,0.99499613,0.9984683,0.9973198,0.9861696,0.9968549,0.9949487,0.9940289,0.9934774,0.9968437,0.9977408
2.0,0.0007173233,0.007225886,0.0031554438,0.0028329752,0.0027500615,0.003177785,0.0039344244,-0.0012742803,0.0050371727,0.0022187606,0.0023935288,-0.00032378733,0.0016237348,0.0021685734,0.0020474475,-0.00031666458,0.0047786348,0.0022644177,-0.0013499595,0.00038132817,0.99200517,0.99672073,0.99793327,0.99526787,0.9949438,0.9960426,0.9979241,0.9961321,0.98918766,0.9941302,0.99511874,0.99851185,0.99727637,0.9861739,0.9968607,0.9949235,0.9940414,0.99354404,0.99668026,0.9977001
2.0,0.00078029186,0.007390268,0.0031422786,0.002852533,0.0027529113,0.00328004,0.0039484184,-0.0012582168,0.0050207423,0.0022439286,0.0022548176,-0.00039914995,0.0015425086,0.0023304373,0.0019885227,-0.00035420805,0.0048956685,0.0022114739,-0.0012656637,0.00044115633,0.9920724,0.9968571,0.9978611,0.99520546,0.9949549,0.9961462,0.997903,0.9961679,0.9892283,0.99413115,0.9951965,0.9985402,0.99724877,0.9861768,0.9968644,0.99490803,0.99404985,0.9935871,0.9965754,0.9976737
2.0,0.00021097437,0.0059189275,0.0032551363,0.0026894994,0.002708342,0.0023479403,0.0038195215,-0.0014048256,0.0051480597,0.0020378232,0.0035055224,0.00025877357,0.0022698343,0.00087703764,0.0025219843,-1.2010336e-05,0.0038444735,0.002670072,-0.002012018,-8.314103e-05,0.99145633,0.9956248,0.9985059,0.9957534,0.9948595,0.9952031,0.99807656,0.9958417,0.98885167,0.9941285,0.9944804,0.99829984,0.99750113,0.9861524,0.996832,0.99506485,0.9939835,0.99321127,0.9975101,0.99789983
2.0,-3.7945807e-05,0.005285956,0.0032998435,0.0026282966,0.0026747286,0.001934442,0.0037612095,-0.0014698543,0.0051874467,0.0019637719,0.004050499,0.0005289018,0.002582699,0.0002476871,0.0027558878,0.00013957918,0.0033894815,0.0028556064,-0.0023270994,-0.00030001253,0.9911802,0.99508595,0.9987825,0.9959805,0.9948215,0.99478567,0.9981397,0.9956968,0.9886803,0.994132,0.9941571,0.9982065,0.9976138,0.98614234,0.9968191,0.9951461,0.9939615,0.9930566,0.99791,0.9979891
2.0,0.000741601,0.007289149,0.0031503811,0.002840463,0.002751194,0.0032172252,0.0039397813,-0.0012681074,0.00503087,0.0022283792,0.002340069,-0.00035274774,0.0015924498,0.0022309348,0.0020247288,-0.00033117086,0.004823718,0.0022440776,-0.0013175458,0.0004042983,0.99203104,0.99677324,0.9979055,0.99524385,0.9949481,0.99608254,0.997916,0.99614584,0.98920333,0.99413055,0.99514884,0.9985227,0.99726564,0.986175,0.9968621,0.99491745,0.9940446,0.99356055,0.9966399,0.99768996
2.0,0.00044329837,0.006515354,0.003210809,0.0027522556,0.0027317442,0.0027304713,0.0038728118,-0.0013446026,0.0051020356,0.0021159425,0.002995981,-3.2186508e-06,0.0019749552,0.0014675781,0.0023040622,-0.00015237927,0.0042716227,0.0024884716,-0.0017117038,0.00012621284,0.99171025,0.99612767,0.9982448,0.9955343,0.99489707,0.99558973,0.99801046,0.9959756,0.98900783,0.9941278,0.9947763,0.9983936,0.9973973,0.986162,0.9968449,0.99499625,0.994008,0.99336106,0.997132,0.99781096
2.0,0.0012487285,0.008635119,0.0030354112,0.0030130744,0.0027579851,0.004036083,0.0040535517,-0.0011450015,0.0048804116,0.0024541914,0.0012157895,-0.0009855554,0.00092930347,0.0035507008,0.0015504193,-0.00063227117,0.0057734028,0.001798071,-0.0006199777,0.0009025559,0.9925639,0.9978723,0.99731517,0.99472624,0.99504226,0.9969133,0.99773335,0.9964337,0.9895231,0.99414384,0.99576586,0.998767,0.9970407,0.9862009,0.99689144,0.99481124,0.99411994,0.9939203,0.99578327,0.9974691
2.0,-8.934736e-05,0.0058554336,0.0029358752,0.003145419,0.0025914833,0.00189816,0.0037021637,-0.001346115,0.0051347124,0.0023798347,0.0037940908,0.00010539591,0.0022384375,0.0009774119,0.0025916416,-0.00019638985,0.003646601,0.0023311153,-0.0018045753,-0.0001861304,0.9909993,0.9948939,0.99842894,0.9958168,0.994797,0.99518025,0.9978933,0.99565965,0.9886076,0.99418116,0.9942946,0.998315,0.9972711,0.9865758,0.99678284,0.9955175,0.99408966,0.99305075,0.9974177,0.99805593
2.0,0.00011572614,0.010331877,0.0010972098,0.0052638724,0.0022786,0.0026886936,0.0042200256,-0.0017024763,0.0047293412,0.00462956,0.0016684886,-0.0026719272,0.00025621802,0.0051356927,0.0016453881,-0.0014149547,0.0051931925,2.3432076e-05,0.001137495,0.0009818822,0.99086225,0.99554974,0.9967204,0.9946673,0.9949108,0.9969305,0.99735934,0.99610937,0.988615,0.9943137,0.99517715,0.9992647,0.99558353,0.98794717,0.9964326,0.9973839,0.9947499,0.99377066,0.99507785,0.9983214
2.0,0.0021490976,0.011035293,0.0028269626,0.003636673,0.0026093125,0.0052449685,0.004036164,-0.00064188614,0.004490236,0.0029616207,-0.0009508915,-0.002226442,-0.00042346865,0.006280042,0.00062593445,-0.0013782531,0.007715214,0.00071621686,0.0008081794,0.0018817633,0.99333733,0.9996107,0.99601895,0.99372613,0.99517775,0.99862814,0.99709755,0.9967237,0.99000174,0.9942058,0.99697554,0.99921113,0.9965754,0.9866017,0.9970006,0.99463445,0.9943401,0.9945699,0.9938933,0.9969975
2.0,0.0008163601,0.007867418,0.0028233007,0.0030129142,0.002763424,0.0036393052,0.004018694,-0.0010915548,0.005047479,0.0025209412,0.0018823072,-0.00075466186,0.0013543516,0.0028234422,0.0018207189,-0.0006310791,0.005150575,0.0018422082,-0.0009024441,0.0005978644,0.9922943,0.996909,0.9975664,0.994994,0.99496025,0.9965858,0.99766356,0.9962834,0.98924977,0.99412566,0.9953882,0.99859643,0.9971196,0.9863009,0.99686617,0.9951148,0.99412805,0.9935488,0.99623865,0.99764913
2.0,0.0001007393,0.0054542944,0.0033019595,0.0019169264,0.0028964393,0.0025633287,0.004232222,-0.0021272711,0.005274387,0.0017984957,0.004237015,0.00059927255,0.0028826743,-0.0004765764,0.0028967764,0.00070298463,0.0029817633,0.0034135953,-0.0025927797,-0.0003184229,0.99162173,0.9958256,0.999251,0.9959417,0.9949499,0.99429876,0.9986902,0.99622464,0.9888814,0.99407864,0.9938598,0.998333,0.99781716,0.98524106,0.9967362,0.99509805,0.9938217,0.99320626,0.99854606,0.9979971
2.0,0.0025361031,0.012435831,0.002456691,0.0036488138,0.0026376955,0.006266524,0.004355589,-0.00068918616,0.0044127097,0.0033772066,-0.0018840265,-0.0029892772,-0.0008699,0.0072626695,0.00024360418,-0.0015922859,0.008378018,0.0002552122,0.001489941,0.0023831055,0.99398136,1.0005869,0.9955488,0.993173,0.99529487,0.9992882,0.9969403,0.9972502,0.9902581,0.9942359,0.997356,0.9995275,0.9964107,0.9863733,0.9969607,0.9948319,0.99442357,0.99484503,0.9932994,0.9968137
2.0,0.000675153,0.0069650635,0.0032552704,0.002587486,0.0028013624,0.0031610827,0.0040254463,-0.001449693,0.0050752405,0.0020845607,0.0026527774,-0.00014311075,0.0018388256,0.0017116666,0.0021762103,-0.00010294467,0.0045081116,0.0025293007,-0.0016010515,0.00029571354,0.9920293,0.9967242,0.99817026,0.99537325,0.9949581,0.9957353,0.99810845,0.99619097,0.9891848,0.9941131,0.99494797,0.99848425,0.99741447,0.985929,0.9968413,0.99487203,0.9939866,0.9935305,0.99702626,0.99772596
2.0,0.0005171858,0.0072243586,0.0027679168,0.002938453,0.002769027,0.003301108,0.0040060095,-0.0011372082,0.0051416415,0.0024903119,0.00244114,-0.0005110949,0.0017013848,0.0021610558,0.0020651575,-0.00051926076,0.004630424,0.001996331,-0.0012006611,0.00035956502,0.9920765,0.9962814,0.9978359,0.99522173,0.99491256,0.9962106,0.9977021,0.9961643,0.98906493,0.99410653,0.99506015,0.9984764,0.99722815,0.98629045,0.99685097,0.99526703,0.9941139,0.99332744,0.9966729,0.9977762
2.0,0.0004181303,0.006450489,0.0032157302,0.0027452186,0.0027295575,0.0026891648,0.003867073,-0.0013511181,0.0051074247,0.0021070614,0.0030512456,2.5592744e-05,0.0020070449,0.0014034584,0.0023276508,-0.0001372248,0.004225213,0.002508536,-0.0017445423,0.00010320544,0.9916828,0.9960732,0.9982733,0.99555844,0.99489295,0.99554795,0.9980179,0.99596125,0.9889911,0.9941278,0.9947444,0.9983831,0.9974085,0.98616093,0.99684346,0.9950033,0.99400526,0.99334455,0.9971732,0.99782085
2.0,0.00041800365,0.0064501986,0.0032157376,0.0027451701,0.0027295575,0.002688946,0.00386706,-0.0013511442,0.0051074596,0.0021070242,0.003051512,2.5749207e-05,0.0020072013,0.0014030933,0.002327785,-0.00013714284,0.004224982,0.0025086328,-0.001744695,0.000103093684,0.9916827,0.99607295,0.99827343,0.99555856,0.99489284,0.9955477,0.998018,0.9959611,0.98899096,0.9941278,0.9947443,0.998383,0.9974086,0.98616093,0.99684346,0.9950034,0.99400514,0.99334455,0.9971734,0.99782085
2.0,-1.2572855e-05,0.005350217,0.0032954104,0.0026342496,0.0026785731,0.0019768144,0.003767226,-0.0014632121,0.005183914,0.0019708574,0.003994936,0.0005018413,0.0025509298,0.0003117323,0.0027320161,0.00012407452,0.0034357794,0.002837129,-0.0022952817,-0.00027824938,0.99120855,0.99514085,0.99875444,0.9959578,0.9948253,0.99482834,0.9981336,0.9957116,0.98869795,0.9941315,0.99419034,0.9982156,0.9976022,0.9861434,0.99682033,0.9951374,0.99396354,0.99307203,0.99786943,0.9979803
2.0,0.0004592575,0.0065565705,0.003207676,0.0027567782,0.0027330853,0.0027566433,0.0038764346,-0.0013404973,0.005098554,0.0021216348,0.002960924,-2.156198e-05,0.0019546002,0.0015083104,0.002289094,-0.00016200542,0.00430106,0.0024757087,-0.0016908571,0.00014083087,0.9917275,0.9961623,0.9982268,0.99551904,0.9948997,0.99561626,0.9980057,0.9959848,0.9890185,0.9941279,0.9947964,0.9984003,0.99739033,0.9861627,0.99684584,0.9949917,0.9940099,0.99337155,0.9971059,0.99780464
2.0,0.00032846257,0.006219879,0.0032330193,0.0027205832,0.0027211048,0.0025417816,0.003846597,-0.0013743043,0.005125857,0.0020762756,0.0032479577,0.00012741983,0.0021210462,0.0011752918,0.0024117306,-8.311868e-05,0.0040601827,0.002579227,-0.0018608756,2.1904707e-05,0.99158514,0.9958791,0.9983743,0.9956435,0.9948782,0.99539894,0.998044,0.9959096,0.9889311,0.9941278,0.99463063,0.9983464,0.9974485,0.9861571,0.99683845,0.99502933,0.99399555,0.9932865,0.99731946,0.9978555
2.0,0.0005820766,0.00714878,0.003021706,0.0033735745,0.0025911927,0.0027385193,0.0036115255,-0.0008589253,0.0049871774,0.0024065897,0.0022956003,-0.00043299794,0.0014106408,0.0026754513,0.0019621477,-0.00071297586,0.0050050057,0.0018261597,-0.0010976531,0.00036991388,0.99166065,0.99613327,0.99761224,0.99527323,0.99485654,0.9963961,0.99752736,0.995789,0.9890226,0.9941636,0.9952624,0.99844635,0.9970764,0.9868157,0.9969146,0.99506134,0.9941492,0.9934072,0.99622166,0.9977324
2.0,-0.0030441545,-0.0021392778,0.0032877363,0.0032581203,-0.0006582588,-0.0051174043,0.0022514015,-0.0021115802,0.0011345493,0.0041388646,0.012061313,0.0004644692,0.0059432536,-0.009489816,0.006219482,0.0026028007,-0.0024200268,0.002167523,-0.0052145943,-0.00067175925,0.9859489,0.9877609,1.0030704,0.9958785,0.9953976,0.9873427,0.99668753,0.99294066,0.98485786,0.99489355,0.9864967,0.99903333,1.0004857,0.98548853,0.9972666,0.9992368,0.9955575,0.9927678,1.0027254,0.9964901
2.0,0.004961133,0.019294202,0.0018582493,0.005114667,0.0019135848,0.009629387,0.0046592,-0.0001569204,0.0029773014,0.0051096454,-0.007480819,-0.006708361,-0.004399523,0.0142259,-0.0019932017,-0.0028685257,0.01333582,-0.0025198832,0.005436167,0.005313784,0.995991,1.0058435,0.9923418,0.9902053,0.9958791,1.0030863,0.995427,0.9983459,0.9914702,0.9945578,0.9999397,1.0012697,0.99530166,0.98676616,0.9971265,0.99469244,0.99508756,0.9970992,0.9885198,0.9953339
2.0,0.003402736,0.014291622,0.0027229227,0.0043385215,0.0023373365,0.006803924,0.0041339733,-0.00024682283,0.0037989798,0.003637053,-0.0037391204,-0.0039186925,-0.0021877289,0.009736113,-0.0005104821,-0.0020934492,0.0101927295,-0.0005728081,0.0026522763,0.0033132806,0.99430907,1.0021613,0.99440914,0.9923501,0.99542165,1.0005773,0.9963767,0.9971759,0.9906254,0.9943287,0.9984218,0.9999423,0.9960765,0.98690116,0.99710315,0.994395,0.9946567,0.99566644,0.991555,0.99627674
2.0,1.3619661e-05,0.006295942,0.0027547032,0.0044691004,0.0022114553,0.0013142109,0.0028502773,-5.403161e-05,0.0049133482,0.0027275383,0.0027072914,-0.00036787987,0.0012781247,0.0031008646,0.0020304825,-0.0014208481,0.0049517415,0.0010727346,-0.00092060864,0.0001282543,0.99063396,0.99426144,0.9972003,0.9955425,0.9946251,0.99668956,0.9967524,0.994892,0.98848957,0.9942212,0.99521756,0.9982014,0.9968055,0.98819876,0.9970501,0.99547577,0.99437636,0.99291366,0.99568856,0.9979423
2.0,6.873533e-05,0.0059581622,0.0030903667,0.0034289397,0.0025004558,0.0018179382,0.0034232195,-0.00086179003,0.005062919,0.0023204684,0.0032979231,5.2168965e-05,0.001927875,0.0016666204,0.002371719,-0.0005618036,0.00421289,0.002049081,-0.0016223416,-4.284829e-05,0.9910278,0.99493504,0.9980285,0.9957265,0.99475026,0.9957108,0.9975541,0.9954176,0.98865575,0.9941803,0.9947259,0.99823934,0.99722004,0.9870112,0.99689,0.9952583,0.9941404,0.9930754,0.9968535,0.9979298
2.0,0.0017821044,0.011474997,0.0020130016,0.004955571,0.002273865,0.0044839997,0.0035636537,-0.000115945935,0.004421357,0.003772974,-0.001152901,-0.002875939,-0.000986822,0.007566966,0.00044782273,-0.0021948442,0.00806855,-0.00044289976,0.0017605722,0.0019026101,0.9925157,0.9983233,0.99532676,0.99359906,0.99503964,0.9994274,0.99633574,0.9962847,0.9895839,0.99431217,0.9970739,0.9992634,0.995816,0.9879391,0.9969471,0.9954578,0.9946135,0.99429554,0.9928299,0.9971959
2.0,0.02405288,0.023691334,0.011851292,-0.011148557,0.004376769,0.016159799,-0.0005976632,-0.0016721934,-0.023144543,0.0037132278,-0.021326408,-0.024244264,-0.014493033,0.0016440079,-0.010847273,-0.0026605576,0.028795,-0.011369057,0.00022816658,0.010280125,1.0020281,1.0314169,1.0221086,0.9662892,1.002999,1.0183308,0.99968576,0.99449474,0.9936416,0.9889528,0.9846206,1.0016527,1.0015332,0.98427,1.0001333,0.99593055,1.0094618,1.0010834,0.9828976,0.97283846
2.0,-0.00013077259,0.0053452402,0.002859097,0.0017205179,0.0030169897,0.002952987,0.0044882707,-0.0023072213,0.005437872,0.0020028949,0.0044848137,0.00050891936,0.0031412542,-0.00095808506,0.0030353814,0.0008079037,0.0025595166,0.0034260973,-0.0026033372,-0.00046601892,0.9918675,0.99564004,0.9994615,0.99590874,0.99498665,0.99417025,0.99872535,0.99640536,0.9888249,0.99401873,0.99356055,0.9983423,0.9978354,0.9849422,0.9967157,0.99542284,0.9938176,0.9930073,0.9988846,0.99810153
2.0,-0.00021580607,0.0042829067,0.003887765,0.003293138,0.002303224,0.00032914313,0.0029673,-0.0008318387,0.0049818894,0.001691781,0.004411174,0.0009767711,0.0025265142,0.0003517121,0.0028639156,-0.00015195459,0.0034654774,0.00271032,-0.0026086345,-0.00043164194,0.99014646,0.9939537,0.99859726,0.99635565,0.99459964,0.9946808,0.9977444,0.9948539,0.9883482,0.9942225,0.994219,0.9979616,0.997655,0.9871435,0.99694055,0.9948951,0.994038,0.99294716,0.99762166,0.998019
2.0,0.0011398382,0.008336306,0.0030639172,0.0029710643,0.0027597733,0.0038601963,0.0040271375,-0.001167465,0.004916734,0.0023984984,0.0014606602,-0.0008412078,0.0010750517,0.003260091,0.0016523544,-0.0005673468,0.0055675544,0.0018992499,-0.00077641755,0.00079114735,0.9924513,0.99763566,0.9974447,0.99484086,0.9950206,0.99673516,0.9977738,0.99637073,0.98945624,0.9941399,0.9956347,0.99871,0.9970919,0.98619384,0.9968862,0.99482757,0.9941019,0.993839,0.99597085,0.9975171
2.0,0.0003697984,0.006326057,0.0032250918,0.0027318336,0.0027251504,0.002609777,0.0038560648,-0.001363609,0.0051175077,0.002090305,0.0031573046,8.0645084e-05,0.0020685494,0.0012803599,0.0023729745,-0.00010809302,0.0041362084,0.0025467947,-0.0018073581,5.9261918e-05,0.99163026,0.9959686,0.99832773,0.99560434,0.99488497,0.99546766,0.9980321,0.9959334,0.98895884,0.9941278,0.9946832,0.9983632,0.9974301,0.9861589,0.99684083,0.9950172,0.9939999,0.9933132,0.9972521,0.9978397
2.0,0.00010224059,0.0056417137,0.0032750107,0.0026619919,0.0026947744,0.002167816,0.0037942156,-0.0014331639,0.005166578,0.0020042285,0.003743656,0.00037811697,0.0024068803,0.0006017536,0.0026240833,5.4068863e-05,0.0036454052,0.0027522966,-0.0021504909,-0.00017882884,0.9913362,0.9953894,0.99862707,0.99585354,0.9948425,0.9950212,0.9981051,0.9957786,0.98877734,0.9941297,0.99434,0.9982582,0.9975502,0.9861479,0.9968263,0.99509937,0.99397343,0.99314296,0.9976853,0.9979396
2.0,0.00025911257,0.006042026,0.0032461546,0.0027020536,0.0027137995,0.0024274418,0.003830647,-0.0013923161,0.00513922,0.0020533204,0.0034000427,0.00020524114,0.0022089407,0.0009991005,0.002476802,-4.117936e-05,0.0039327517,0.0026331022,-0.0019502863,-4.0322542e-05,0.9915092,0.995729,0.99845207,0.9957085,0.99486715,0.9952835,0.99806345,0.9958695,0.9888844,0.99412817,0.99454206,0.9983187,0.9974795,0.9861543,0.99683464,0.99505013,0.9939884,0.9932419,0.9974321,0.9978818
2.0,0.005271677,0.011702605,0.0034013689,0.0040937923,-0.0031520128,0.0018747614,0.0011590291,0.0007142909,-0.012326294,0.011011429,0.0013636537,-0.013607234,-0.00454212,-0.0037935302,0.00088719465,-0.0010456517,0.008797746,-0.008925475,0.0008701384,0.0074601322,0.99009407,1.0018128,1.0064287,0.9822041,0.9989554,0.99478626,0.99358886,0.9925299,0.9877117,0.9939964,0.98386234,1.0021603,1.0020539,0.9853652,0.99960405,1.0036261,1.0028228,0.99777335,0.9952824,0.9863373
2.0,0.0036894418,0.015285678,0.002461072,0.0047372207,0.0021930225,0.007223771,0.004080234,1.1734664e-05,0.0036326083,0.0040039495,-0.0046149064,-0.004544899,-0.0027413815,0.01092422,-0.0008772891,-0.002466485,0.010981124,-0.0011856928,0.0033629984,0.003716886,0.99453956,1.0026444,0.99381524,0.99189526,0.99546754,1.0013413,0.99597144,0.9972616,0.9907291,0.99437743,0.99884176,1.0001621,0.9958117,0.9871799,0.99714136,0.99448776,0.994786,0.9958745,0.99067265,0.996091
2.0,0.0043029115,0.017234348,0.002119813,0.0050247163,0.002037704,0.008340408,0.0042880643,3.212318e-05,0.0033170655,0.0045647994,-0.0060702395,-0.005623348,-0.0036004707,0.012654766,-0.0014530644,-0.0027549118,0.0121992715,-0.001924865,0.0044424683,0.0044856146,0.9952037,1.0041028,0.9930268,0.99106103,0.9956492,1.0023144,0.9956197,0.9977267,0.99106884,0.9944622,0.9994268,1.000677,0.9955066,0.9871075,0.99715173,0.9945943,0.99494547,0.9964337,0.9895007,0.9957264
2.0,0.0014783368,0.009239018,0.0029854402,0.0030931197,0.0027522594,0.0044011725,0.0040996782,-0.0010834485,0.0048040086,0.002560109,0.00070914254,-0.0012749285,0.00062938035,0.0041447803,0.0013361257,-0.000766024,0.0062061325,0.0015904754,-0.0003033653,0.0011331737,0.99280167,0.9983693,0.9970458,0.9944855,0.99508595,0.997286,0.99763936,0.99656,0.98966455,0.99415314,0.9960387,0.9988819,0.9969453,0.98621124,0.99690723,0.9947637,0.99415755,0.99408597,0.9953911,0.9973609
2.0,0.0013938509,0.009010807,0.0030464828,0.0035505109,0.0025964119,0.003865896,0.0037495065,-0.0006437674,0.004730898,0.0026003346,0.0006346032,-0.0012579411,0.00045755506,0.0045619756,0.0012704376,-0.00110697,0.0064338557,0.0012759417,-0.00017527491,0.0011329502,0.9924405,0.9978113,0.99676204,0.9945441,0.99498844,0.99757224,0.99727935,0.9961649,0.98950404,0.99418175,0.99621975,0.99876976,0.9968345,0.9868318,0.9969669,0.99474466,0.9942469,0.99399054,0.99499625,0.9973536
2.0,0.004110936,0.016658828,0.0022380166,0.004359834,0.0022858903,0.008472494,0.0046281926,-0.00049109384,0.0035383673,0.004289843,-0.0053097326,-0.005162291,-0.0030156597,0.011404514,-0.0011259448,-0.0022489578,0.01139212,-0.001241602,0.0037759058,0.0041652173,0.9953428,1.0041164,0.9936959,0.99138063,0.995684,1.0015038,0.9962113,0.99799377,0.99111086,0.9944035,0.9989697,1.0005864,0.9958041,0.98641425,0.9970701,0.99459237,0.99477786,0.9963,0.9905208,0.995904
2.0,0.0010010153,0.0083148405,0.002716709,0.0023420192,0.003000643,0.004503751,0.0045419987,-0.0017104633,0.005144057,0.0024688393,0.0018673167,-0.0008442551,0.0015516058,0.0023321286,0.0018726625,-0.0001656115,0.004895054,0.0022596046,-0.0010217912,0.0006593615,0.9928914,0.99781144,0.997915,0.9948492,0.99510425,0.996271,0.9981557,0.996895,0.9895096,0.99407446,0.9951915,0.99877465,0.9972759,0.98539394,0.9967907,0.9951271,0.994008,0.9937134,0.99673444,0.99764043
2.0,0.00053146854,0.0067502186,0.0028961152,0.0013799258,0.0031963363,0.0040960116,0.004840968,-0.0026483461,0.005383955,0.0019560158,0.003499413,7.043034e-05,0.0026712045,-0.0001481697,0.002650531,0.00092897564,0.0032677948,0.0034920797,-0.0022073165,-4.8048794e-05,0.99264514,0.9973598,0.9992354,0.99544686,0.9951461,0.99461925,0.99903953,0.9970359,0.9893599,0.99399304,0.99402046,0.9986445,0.99775,0.98435277,0.99671,0.9951236,0.9937367,0.9934769,0.9984726,0.9979286
2.0,0.0007062666,0.0069685206,0.0034626983,0.0039359294,0.0023567453,0.0019246612,0.003061233,-0.00034552068,0.0047675367,0.0022271574,0.0020260178,-0.00032582134,0.0010243133,0.0033707991,0.0018262677,-0.0010231882,0.0055174865,0.0015880391,-0.0009912513,0.0004580766,0.9911342,0.9958744,0.9972347,0.9953289,0.9947394,0.9967148,0.9971964,0.9952373,0.9889489,0.99421257,0.9956234,0.99834734,0.99697423,0.98757905,0.997027,0.9947168,0.99422395,0.9935236,0.9955999,0.9976497
2.0,0.0009507574,0.011465915,0.0015582107,0.005934965,0.0020387694,0.0029409032,0.0036477689,-0.0007597804,0.004350318,0.004524991,-0.00013706833,-0.0031621978,-0.0009210929,0.0074609146,0.00090231,-0.0021591932,0.0070978515,-0.00072888285,0.0020110384,0.0016749427,0.9911163,0.99663556,0.99555475,0.9940779,0.9949171,0.99851483,0.99662805,0.99582046,0.9889266,0.99437016,0.9964255,0.9993595,0.9952725,0.9887949,0.99662983,0.99661434,0.9948662,0.9942606,0.99323434,0.99781775
2.0,0.0009186007,0.008024886,0.002945125,0.0032148547,0.0026864447,0.003462156,0.0038721245,-0.0010455027,0.004943411,0.0024971515,0.0017246474,-0.00078538805,0.0011359826,0.0031730682,0.0017377716,-0.00067894906,0.0053988956,0.0017679483,-0.0007789992,0.0006477535,0.99212676,0.9970475,0.9974486,0.9949618,0.9949582,0.99669003,0.9976397,0.9961715,0.9892825,0.99415976,0.99550503,0.99864006,0.99700344,0.9864914,0.9968807,0.9950076,0.99414027,0.9936725,0.9959707,0.99761224
1.0,0.0019156337,0.010454655,0.0028559119,0.0033396408,0.0027024187,0.005062024,0.0041531753,-0.00092069805,0.0046276324,0.0028217733,-0.00031696074,-0.0018939599,-2.041459e-06,0.005407743,0.00090249814,-0.0010777265,0.0070997365,0.0011019185,0.00038219616,0.001606442,0.9932164,0.9992777,0.9964616,0.9939933,0.99516666,0.99806595,0.99739033,0.9967681,0.9899127,0.9941821,0.9965853,0.99912053,0.99672216,0.9863185,0.99694115,0.9947108,0.99425393,0.9944137,0.9945391,0.99714255
1.0,0.00049360096,0.0070122555,0.00290351,0.0022354685,0.002939023,0.003515883,0.00443819,-0.0020484254,0.005199372,0.0022492781,0.0030436926,-0.00022512674,0.0021858662,0.001021266,0.0024105087,0.00026354194,0.0039004274,0.0027912632,-0.0017153807,0.00015752763,0.99219656,0.9967526,0.9985918,0.995412,0.9950467,0.995251,0.9984834,0.9965564,0.98916346,0.9940709,0.99449533,0.9986032,0.99743164,0.98537713,0.9967349,0.9952449,0.9939212,0.99349034,0.99764115,0.9978877
1.0,0.002372224,0.011778273,0.0026576817,0.003190264,0.002770204,0.0061286883,0.0045064557,-0.0011129119,0.0045242216,0.0030725896,-0.0012013838,-0.002515033,-0.0004232973,0.006229289,0.0005551148,-0.0011105314,0.007727336,0.0008667633,0.00091588125,0.0020719618,0.99391866,1.0005306,0.99613124,0.9934762,0.9953196,0.99855477,0.9974171,0.997304,0.99025524,0.9941919,0.9969347,0.99944264,0.9966316,0.9859064,0.99692214,0.994726,0.99428445,0.9947782,0.9940837,0.99694175
1.0,-0.0021309182,-0.0008424744,0.008275591,0.014903847,-0.004096817,-0.018865332,-0.007079711,0.010692928,0.0020637428,0.00331866,0.0054734517,0.00032289326,-0.00028140098,0.006439984,0.001955524,-0.008909352,0.0070804767,-0.006305881,-0.0033792555,0.0023011118,0.9790694,0.97897625,0.99175644,0.9982347,0.99108166,0.99700487,0.9884541,0.9868049,0.9837532,0.99616325,0.9963115,0.9957785,0.9996485,1.0024414,0.99860334,0.99707305,0.99724793,0.99106336,0.99120057,0.99826676
1.0,-0.0012737885,0.0024835467,0.009418715,0.018468603,-0.007163398,-0.02351875,-0.009664414,0.015155982,0.00019221846,0.0059755743,0.003927676,-0.0029892325,-0.0016857386,0.008570664,0.00068556704,-0.012966625,0.009631861,-0.011542343,-0.0036743917,0.0059576035,0.97752315,0.97708607,0.98873836,0.9971089,0.9899757,0.9979754,0.9851186,0.9872153,0.98329675,0.997313,0.9966642,0.9958489,1.0026059,1.005829,0.999311,1.0001678,0.9994878,0.9907571,0.98938364,0.9975301
1.0,0.0026444793,0.0051317587,0.003924519,0.002597876,-0.0026833303,-0.0011532665,0.0012703948,-0.00092427805,-0.008240608,0.0077146217,0.0063221343,-0.00810755,0.00079873204,-0.008447096,0.0033849254,0.001776062,0.0039101243,-0.0038583055,-0.0018780977,0.005060151,0.987943,0.9967003,1.0062379,0.98648554,0.99821955,0.9906686,0.99477345,0.9928476,0.9854817,0.99457014,0.98342466,1.0019629,1.0022049,0.98360765,0.99886733,1.0016468,0.9999211,0.99667305,0.99854046,0.9893124
1.0,-0.005863294,0.009094052,0.002570536,0.031505086,-0.00939713,-0.025499435,-0.0111160185,0.021991882,-0.0014367877,0.014178373,-0.00086876005,-0.009341098,-0.012673259,0.02633693,-0.0025998466,-0.023180187,0.016143233,-0.023876794,0.00414956,0.0073545724,0.9771429,0.9708309,0.9798917,0.9955808,0.98995525,1.0067933,0.97737265,0.97961116,0.9828324,0.995963,1.0014422,0.993791,0.9991185,1.0207688,1.0007836,1.0048436,1.0046507,0.98964083,0.9801668,0.9976027
1.0,0.00023895502,0.005990505,0.0032499023,0.002696775,0.0027115531,0.0023942061,0.0038260017,-0.0013975501,0.00514298,0.0020468011,0.0034441873,0.00022766739,0.0022344068,0.0009480193,0.0024957042,-2.8967857e-05,0.0038958006,0.002648607,-0.001976151,-5.826354e-05,0.9914871,0.99568534,0.9984746,0.99572736,0.9948639,0.9952498,0.9980689,0.99585783,0.9888706,0.9941283,0.99451625,0.9983108,0.9974886,0.9861535,0.99683356,0.9950562,0.99398637,0.9932291,0.9974647,0.99788934
1.0,0.0032324605,0.004021503,0.004923381,0.0012274496,-0.002661135,-0.00080974586,0.0007593725,-0.0006916858,-0.008721833,0.0067637935,0.005870411,-0.0075074583,0.00092343986,-0.009284534,0.003304325,0.002155751,0.004569713,-0.0034138933,-0.0025218949,0.0052659884,0.98852277,0.9978094,1.0070251,0.98601085,0.9984487,0.99124414,0.99483156,0.9925153,0.9853432,0.99442595,0.9832223,1.001773,1.00279,0.9831314,0.9990547,1.0005275,0.9999608,0.9967562,0.99817157,0.98839986
1.0,0.00030418113,0.0061575472,0.0032376386,0.002714038,0.0027186163,0.0025017776,0.0038410332,-0.0013806336,0.0051306244,0.002068147,0.0033012405,0.00015477091,0.0021518394,0.0011135489,0.0024345107,-6.8448484e-05,0.0040155314,0.0025981814,-0.0018922538,4.4703484e-08,0.99155855,0.99582654,0.99840146,0.9956663,0.99487424,0.9953585,0.9980508,0.99589556,0.9889147,0.9941279,0.99459964,0.9983367,0.99745935,0.98615617,0.99683714,0.9950366,0.9939929,0.9932708,0.997359,0.9978648
1.0,0.00032987446,0.006205596,0.0033481158,0.00326946,0.002537921,0.0020240697,0.0034674238,-0.0008671284,0.005000234,0.0021444336,0.0029910933,5.570799e-05,0.0018055737,0.0018800348,0.002255503,-0.0005173385,0.004487738,0.002163045,-0.0016268268,0.00012689829,0.99123275,0.9954514,0.99794996,0.9956441,0.99478084,0.99582225,0.9976318,0.9955142,0.9888084,0.9941755,0.9949544,0.9982634,0.9973038,0.9868738,0.99689853,0.9949795,0.99411047,0.9932658,0.9967483,0.997808
1.0,8.079037e-05,0.0041293725,0.004646383,0.009347152,0.00028144196,-0.005525433,-0.001450019,0.005088739,0.003523115,0.002315335,0.0010607578,-0.0002818331,-0.0012162626,0.00843735,0.0011158474,-0.005217798,0.007915374,-0.0022753105,0.0001715608,0.0011840463,0.9866394,0.98905534,0.9933865,0.9958891,0.9933662,1.000071,0.9926121,0.9905077,0.98697793,0.99436104,0.99792695,0.99693877,0.996465,0.9953613,0.9981083,0.9944308,0.9955496,0.9925335,0.9909643,0.9977657
1.0,0.0006024949,0.0070991963,0.002953399,0.0023362935,0.0029237494,0.0035968528,0.0043001063,-0.0017173253,0.0051968484,0.0022154227,0.00276988,-0.00024931133,0.0020112991,0.0013770536,0.002247015,5.093962e-05,0.0042334385,0.0026116818,-0.0015999004,0.00023804605,0.9922942,0.99685585,0.99835366,0.99531114,0.99501306,0.99560815,0.998257,0.9964814,0.98922384,0.99407953,0.9947405,0.9985511,0.99742913,0.9855491,0.99679464,0.99509186,0.99395394,0.99346197,0.9973068,0.9977903
1.0,0.00058124214,0.006823525,0.0032942295,0.0032559633,0.0025840513,0.0025049082,0.0035690274,-0.000860177,0.0049636844,0.0022085384,0.0024753492,-0.00020653754,0.0015366971,0.0024086833,0.002044389,-0.0006054044,0.0048930384,0.0020301417,-0.0013443232,0.00033656508,0.99156046,0.99605024,0.9977298,0.99540716,0.99483573,0.9961812,0.99760795,0.99569905,0.9889913,0.9941663,0.9952284,0.99837154,0.9972216,0.98678404,0.9969109,0.99489546,0.9941204,0.99342966,0.9964179,0.99771
1.0,-0.00070974976,0.0011250675,0.0010221303,-0.0059232935,0.0052129924,0.006827417,0.008760134,-0.009106193,0.006232217,2.4348497e-05,0.009752903,0.0018284693,0.00821384,-0.014134135,0.0067749284,0.008165743,-0.0064883567,0.009877361,-0.00637798,-0.0022511035,0.9949738,0.99856156,1.0064412,0.9955521,0.99597836,0.9874682,1.0030761,0.99991167,0.98892283,0.9925109,0.9870502,0.99878466,1.0009651,0.9756611,0.9966804,0.99601334,0.99285144,0.9934699,1.0078098,0.9989528
1.0,0.0007927418,0.0072563887,0.0033255592,0.0032074526,0.0026142858,0.0028112365,0.003638396,-0.00093245506,0.0049139187,0.0021988899,0.002141472,-0.00035241246,0.0013470799,0.002722904,0.0019146781,-0.0005820617,0.005161166,0.0020203367,-0.0011879094,0.0004746467,0.99176013,0.9965796,0.99763227,0.99525076,0.9948846,0.9963473,0.99766916,0.9958413,0.98914796,0.9941643,0.9953869,0.99846923,0.99717486,0.9866569,0.99691844,0.9947829,0.99410665,0.9935992,0.9962262,0.9976372
1.0,0.00064764544,0.0068720654,0.0033665597,0.0031823888,0.0025986917,0.002547268,0.003588831,-0.0009501688,0.004946591,0.0021402389,0.002456583,-0.0001771152,0.0015253499,0.0023710877,0.0020460691,-0.00051052123,0.004905779,0.0021295622,-0.0013796724,0.0003402382,0.9915869,0.9962469,0.99778455,0.9953982,0.9948543,0.996118,0.997704,0.9957433,0.9890491,0.99416536,0.99521804,0.9984006,0.99723625,0.98667747,0.996912,0.9948152,0.99409074,0.9934994,0.99644965,0.99769676
1.0,0.00055292994,0.006724149,0.0033003353,0.003164623,0.0026038885,0.0024891824,0.0035985038,-0.0009913743,0.0049849222,0.0021612644,0.0026192497,-0.00013101846,0.0016243383,0.002178453,0.002116492,-0.00046999753,0.0047465563,0.0021625087,-0.001442723,0.00025761127,0.99153566,0.99608433,0.99787337,0.9954503,0.9948473,0.99600965,0.9977267,0.9957337,0.98900247,0.99416083,0.99509937,0.9983844,0.9972427,0.98665166,0.9969053,0.99489117,0.99408275,0.9934279,0.9965723,0.9977446
1.0,0.00055355206,0.006937489,0.003031034,0.0024965554,0.0028567426,0.0033106299,0.0041564126,-0.0015761219,0.0051594106,0.0021997765,0.002821168,-0.00018980354,0.0019793063,0.0014544204,0.002252495,-4.185736e-05,0.0042702444,0.0025415719,-0.0016098395,0.00021751225,0.9920961,0.99660563,0.9982898,0.9953755,0.9949727,0.99563277,0.99815476,0.9963133,0.98914844,0.9940988,0.99477285,0.9985003,0.9974083,0.9857782,0.99680775,0.99507284,0.99398077,0.99343157,0.9972199,0.997792
1.0,0.00043820962,0.006646879,0.0030442774,0.0024507567,0.0028539337,0.0031424717,0.0041435976,-0.0016202107,0.0051882593,0.0021607652,0.0030765831,-6.069243e-05,0.0021316856,0.0011473224,0.002363477,3.7558377e-05,0.004047025,0.002641432,-0.0017600916,0.0001103431,0.9919842,0.99636906,0.99842906,0.99548256,0.9949568,0.9954362,0.99819875,0.99625903,0.98907524,0.994096,0.9946203,0.9984549,0.9974602,0.9857548,0.9967993,0.99510974,0.9939659,0.9933566,0.9974208,0.9978391
1.0,-0.0024616197,-0.0029497743,0.0030914433,-0.00127206,0.0019131862,-0.0010654686,0.004811596,-0.0057252124,0.0037603662,0.0013045222,0.012516912,0.0027108863,0.0080243945,-0.013098665,0.0070212204,0.0060265996,-0.004936319,0.007044457,-0.0067693926,-0.0023827255,0.98888224,0.991522,1.0055624,0.9967638,0.9956742,0.9861956,1.0001287,0.99546933,0.9861871,0.99401027,0.98615265,0.9986643,1.0004756,0.9809543,0.99668765,0.99686414,0.9937677,0.99292654,1.0057253,0.9976078
1.0,-0.0033036545,-0.0026283339,0.0032701269,0.0026436485,0.00053647533,-0.0040703793,0.0024783611,-0.002010975,0.0032396484,0.002880022,0.011602044,0.0020534024,0.0061462075,-0.008707665,0.006018132,0.0023824424,-0.0024235286,0.0033709034,-0.0055624805,-0.0018057972,0.9868666,0.9880647,1.0025026,0.9970953,0.9949165,0.98840946,0.9973211,0.9932223,0.98557127,0.9946103,0.9880268,0.99818087,0.99989533,0.98564297,0.9971353,0.9978219,0.99471056,0.9919412,1.0026295,0.9976034
1.0,0.0046508424,0.01866252,0.0018853582,0.004876163,0.0020453744,0.009313858,0.0048001315,-0.00049266964,0.0031528352,0.0049823746,-0.006751919,-0.0063436404,-0.0039626732,0.013333902,-0.0016634688,-0.0026147217,0.012613587,-0.002115883,0.0049713664,0.004987031,0.9957661,1.0053025,0.99281913,0.9905873,0.99585295,1.0024635,0.9958159,0.9983466,0.9913258,0.9945105,0.9995597,1.0011309,0.995381,0.98659676,0.9970246,0.9948468,0.99499434,0.99690354,0.9892542,0.99558294
1.0,-0.0028400496,-0.0021663979,0.0034438372,0.00151195,0.0010145567,-0.0033286132,0.00336398,-0.0034008585,0.0035021491,0.0023200065,0.011689775,0.0021971315,0.006760463,-0.009626314,0.0062369425,0.003482405,-0.003046669,0.004652135,-0.005892653,-0.0018334463,0.98733705,0.98916584,1.003313,0.99716973,0.99509543,0.9876959,0.99849755,0.99420947,0.9858251,0.99448156,0.98773736,0.99839634,0.9999095,0.9842881,0.99678963,0.9975416,0.9943301,0.99239653,1.0035795,0.9977706
1.0,-0.002972655,-0.0022620112,0.0034503974,0.0018245392,0.0011886023,-0.0031126845,0.0031792,-0.0027663521,0.0038765515,0.0021976978,0.011164591,0.0024490952,0.0063955113,-0.008647315,0.0060003866,0.0028647967,-0.0024915375,0.0043855608,-0.0057404153,-0.0019668788,0.98766243,0.9889901,1.0027223,0.99740016,0.9949619,0.98853034,0.9981984,0.9938657,0.9859834,0.99439013,0.988502,0.99805295,0.9997097,0.98498255,0.99687475,0.9971904,0.994302,0.99208903,1.0030185,0.99791884
1.0,0.00021709874,0.005862288,0.003239844,0.0023119599,0.0028200261,0.002612144,0.004047472,-0.0017452575,0.0052143885,0.0019464269,0.0037135556,0.00035069138,0.002495557,0.00036319345,0.0026436802,0.00030147284,0.003538441,0.0029877499,-0.002213288,-0.00015415251,0.99164474,0.9958878,0.998808,0.9957784,0.9949183,0.9948771,0.9983638,0.9960802,0.9889234,0.9940985,0.99425465,0.998343,0.9976249,0.98568225,0.9967945,0.9950624,0.99390376,0.99323785,0.99791837,0.99792695
1.0,-0.00014249608,0.0052976385,0.0030446462,0.0024401248,0.002771739,0.0022594116,0.0039878115,-0.0016010776,0.005281044,0.002088286,0.004159553,0.0004416108,0.002744265,-3.01525e-05,0.0028268956,0.00020600855,0.0031354167,0.0028748587,-0.0023283549,-0.00032614172,0.9914083,0.9950385,0.99888915,0.9959379,0.9948526,0.99472076,0.99817526,0.99587405,0.98866105,0.99408823,0.99401206,0.9982149,0.997667,0.9859026,0.9967899,0.9953509,0.9939684,0.99296075,0.9981481,0.998034
1.0,0.00013967603,0.0054877624,0.0036473498,0.0037425347,0.0023050867,0.00097316946,0.0029433817,-0.00045641512,0.004897152,0.002008617,0.003295567,0.0003578663,0.0017861873,0.0019037947,0.0023457725,-0.00071647763,0.004484486,0.0020477623,-0.0017970912,-2.8632581e-05,0.99053,0.994614,0.99786264,0.9959092,0.99463755,0.9957473,0.99736375,0.99493074,0.98856366,0.99423087,0.9949434,0.9980895,0.9972845,0.9875589,0.99697423,0.994867,0.9941606,0.9931437,0.99657696,0.9978549
1.0,0.0004077293,0.0063492507,0.003218241,0.0023781657,0.0028345436,0.0029044838,0.0040823575,-0.0016809553,0.0051731127,0.0020090118,0.003291538,0.00013876706,0.002245918,0.0008680895,0.0024607144,0.00017289072,0.0039010905,0.0028301254,-0.001966767,2.2731721e-05,0.9918406,0.99628556,0.9985813,0.9956046,0.9949451,0.99520046,0.9983021,0.9961774,0.9890475,0.9941002,0.9945113,0.99841505,0.9975391,0.9857136,0.99680394,0.99500185,0.9939272,0.9933618,0.9975976,0.99785334
1.0,-1.5728176e-05,0.0055624396,0.0030567423,0.0023344532,0.0028207712,0.002498892,0.0040838476,-0.001717519,0.005278634,0.0020680502,0.0040037315,0.00037297606,0.0026823282,6.327033e-05,0.002768157,0.00027168542,0.0032344721,0.0029310733,-0.0022745319,-0.00025860965,0.9915632,0.99539477,0.9988894,0.9958595,0.9948907,0.9947596,0.99827945,0.9960232,0.9887676,0.9940849,0.9940711,0.99827933,0.9976545,0.9857369,0.9967749,0.99529356,0.99394095,0.99305934,0.9981211,0.99800354
1.0,0.0020473972,0.010687612,0.0029359236,0.0034263395,0.002666954,0.005116322,0.004112346,-0.0008256212,0.004545121,0.0028275996,-0.00058270246,-0.0019982234,-0.00018064678,0.005756557,0.00078971684,-0.0011676848,0.0073657595,0.0009959266,0.0005186945,0.0017444938,0.9932638,0.99948245,0.99629045,0.99389476,0.99517524,0.9982576,0.9973055,0.99674606,0.98996454,0.9941939,0.99676776,0.9991568,0.9966968,0.98641014,0.99696237,0.99461925,0.9942855,0.99452424,0.9942996,0.9970622
1.0,-0.002247505,0.0038974509,0.0016792826,0.005620245,0.0016426891,-0.0016298685,0.0027123168,-0.00071413815,0.0048115146,0.004055053,0.0063649844,-0.000152044,0.0026147887,0.00021901727,0.0034136698,-0.0010772198,0.0018524863,0.00073210895,-0.0016301237,-0.0010424405,0.9880417,0.9899051,0.99843514,0.9965829,0.9943981,0.99401826,0.9966804,0.993912,0.9870228,0.9944321,0.9927461,0.99815655,0.9967725,0.9890007,0.9968013,0.9978731,0.994792,0.9919946,0.99776083,0.998822
1.0,0.00027887523,0.0057595894,0.0034893267,0.0025580935,0.0027045421,0.0022012389,0.0037885197,-0.001509998,0.005112898,0.0018406957,0.0036120005,0.00043097138,0.0023363829,0.00066227466,0.002584342,0.00016453862,0.0037748553,0.002903767,-0.0022034347,-0.000113368034,0.99138373,0.9957641,0.9986445,0.99583036,0.99486166,0.99498916,0.9982318,0.99582714,0.98889023,0.9941303,0.9944243,0.9982922,0.9975947,0.98602986,0.99683785,0.9948851,0.9939298,0.99329525,0.9976551,0.9978867
1.0,0.001164306,0.008295774,0.0031679943,0.003235504,0.002662681,0.0035724074,0.0038107857,-0.00093670934,0.004837286,0.0023828,0.0013329666,-0.00083921105,0.0009056181,0.0035918131,0.0015831627,-0.0007360503,0.0057906657,0.0017421767,-0.0006814189,0.0008243099,0.9922548,0.99748677,0.9972629,0.99484515,0.994977,0.996917,0.9975996,0.99614716,0.9894138,0.9941601,0.99578494,0.998673,0.9970185,0.98653245,0.9969305,0.9947393,0.99414444,0.99385816,0.9956807,0.9974864
1.0,0.00086559355,0.0074614733,0.0032810345,0.0031667016,0.0026406795,0.0030080865,0.003704125,-0.0009783842,0.004912414,0.0022280887,0.0020018127,-0.0004414916,0.0012863949,0.0028342232,0.001864098,-0.00057365,0.00524709,0.0020026192,-0.0011083186,0.0005303845,0.9918911,0.99679774,0.997597,0.9951706,0.9949109,0.99642396,0.997694,0.9959337,0.9892135,0.9941566,0.995437,0.99851686,0.99715376,0.98657,0.9969189,0.9947769,0.9941026,0.9936497,0.9961661,0.9976164
1.0,0.0011110641,0.008260131,0.0030703992,0.0029611439,0.002759792,0.0038139855,0.0040208846,-0.0011746399,0.004925669,0.0023854598,0.0015243478,-0.0008051172,0.001112707,0.0031853244,0.0016792435,-0.00055038184,0.00551356,0.00192485,-0.0008160658,0.0007626265,0.99242127,0.9975733,0.9974783,0.9948705,0.99501514,0.9966881,0.9977848,0.9963546,0.9894383,0.9941391,0.9955999,0.9986959,0.99710435,0.9861924,0.9968844,0.99483347,0.9940974,0.99381846,0.99601966,0.9975301
1.0,0.00019068643,0.005867094,0.0032588765,0.0026842766,0.0027059168,0.0023143815,0.0038148053,-0.0014101192,0.0051516653,0.002031386,0.0035499763,0.00028119236,0.002295442,0.0008255914,0.0025410205,3.2782555e-07,0.0038072728,0.0026855692,-0.0020379685,-0.00010111928,0.9914339,0.9955809,0.99852854,0.9957722,0.9948563,0.99516916,0.998082,0.99583,0.98883796,0.99412864,0.9944542,0.99829197,0.9975103,0.9861516,0.99683094,0.9950712,0.9939816,0.99319845,0.9975428,0.9979073
1.0,0.0005551949,0.006804563,0.00318861,0.0027843602,0.0027404092,0.0029135833,0.0038981084,-0.0013158023,0.005076879,0.002156563,0.0027502123,-0.00013264269,0.0018320158,0.0017532036,0.0021992438,-0.00021963567,0.004478194,0.0023982674,-0.0015650019,0.00022931397,0.99183124,0.9963698,0.9981181,0.99542654,0.9949159,0.99577504,0.99797624,0.99603975,0.9890818,0.9941284,0.99491686,0.99844086,0.99734783,0.98616683,0.9968513,0.9949655,0.99402106,0.99343497,0.9969483,0.99776655
1.0,0.0010319464,0.008051038,0.0030879676,0.0029342733,0.002759356,0.0036867226,0.0040036924,-0.0011945292,0.0049497117,0.0023502111,0.0016993936,-0.00070647895,0.0012159795,0.002980046,0.0017531905,-0.000503622,0.005365249,0.0019947067,-0.00092467293,0.00068464875,0.99233836,0.99740195,0.99757046,0.99495167,0.99500054,0.9965589,0.99781406,0.99631006,0.98938864,0.99413675,0.9955042,0.9986577,0.99713874,0.98618853,0.99687964,0.9948503,0.9940855,0.99376225,0.9961535,0.9975652
1.0,5.6173652e-05,0.0055245385,0.0032832734,0.0026506856,0.0026885048,0.0020912762,0.0037834235,-0.0014452226,0.005173811,0.0019905567,0.0038445126,0.0004280582,0.0024647787,0.00048529357,0.002667388,8.21203e-05,0.0035612173,0.0027865842,-0.0022087693,-0.00021894276,0.9912851,0.99528974,0.99867827,0.99589556,0.9948356,0.9949439,0.9981168,0.99575174,0.98874557,0.9941303,0.9942801,0.9982409,0.99757105,0.98614615,0.9968239,0.99511445,0.9939694,0.99311435,0.9977594,0.99795616
1.0,0.004614789,0.021293513,0.00048515946,0.0068271533,0.001395274,0.009054626,0.0046913363,-0.00037664548,0.0027747694,0.0067103356,-0.008076575,-0.008299835,-0.00549829,0.016442455,-0.0021973439,-0.0035816059,0.013872355,-0.0041073933,0.007276129,0.005800143,0.9949917,1.0049223,0.9914249,0.98978364,0.99588984,1.0038881,0.99492395,0.9983226,0.9909025,0.9947541,0.99991894,1.001769,0.9939353,0.9881888,0.9966215,0.99631196,0.9955432,0.9973013,0.98706204,0.99559754
1.0,0.0022113845,0.01742819,-0.0014505312,0.013305441,-0.0005268678,0.0014885955,-9.375997e-05,0.0050069503,0.002787251,0.007898033,-0.007460108,-0.008254707,-0.0072261915,0.020461261,-0.0026681032,-0.008165233,0.014976792,-0.008464977,0.009091012,0.0045126528,0.98962724,0.9954031,0.9885133,0.99078214,0.9945478,1.0076629,0.989967,0.993195,0.98828083,0.99473363,1.0006686,0.99985933,0.99191517,0.9967561,0.9973827,0.99758035,0.99682117,0.9946681,0.9823032,0.996416
1.0,0.0028286465,0.012851156,0.0027285218,0.003921993,0.0025096945,0.006212446,0.004172031,-0.0005240403,0.004157908,0.003330253,-0.0024243947,-0.0031438246,-0.0013316497,0.008051679,2.4687499e-05,-0.0017099157,0.008990284,7.932633e-05,0.0017779171,0.0026362091,0.9939398,1.0010786,0.995216,0.99298364,0.9953264,0.999628,0.99679655,0.9970684,0.99037164,0.99426556,0.99771655,0.99962074,0.99631053,0.98663867,0.9970321,0.9945363,0.9944861,0.99515754,0.9927265,0.9966296
1.0,0.0021314323,0.010904066,0.002932921,0.0036122985,0.0026076809,0.005110684,0.0040215384,-0.0006687455,0.004474358,0.0028934777,-0.00084416196,-0.0021356866,-0.00037995726,0.006166905,0.00067190826,-0.0013266504,0.0076410323,0.00080034137,0.00071494654,0.0018573254,0.99325037,0.9995479,0.9960775,0.99379444,0.9951682,0.99851435,0.99714744,0.99667907,0.9899778,0.9942098,0.99694306,0.99918395,0.99661493,0.98660713,0.9969882,0.9945926,0.9943332,0.99458426,0.9939873,0.9970033
1.0,-0.002375465,-0.00033072382,0.00391588,0.0035042427,0.0013118386,-0.0034768677,0.0023026671,-0.0010825433,0.0045446386,0.0020826012,0.008881107,0.0022431538,0.004834667,-0.004420206,0.0047196336,0.00076185167,1.5888363e-05,0.0031482652,-0.004669618,-0.0015882701,0.987476,0.9890845,1.0004816,0.9976731,0.9944073,0.99113864,0.9974869,0.99354464,0.9865489,0.9945239,0.9911556,0.9976632,0.9987113,0.98738736,0.99688214,0.99648356,0.99428225,0.9919001,1.0004749,0.99833465
1.0,-0.002554413,-0.002566062,0.004482098,0.0031510703,-0.0012242794,-0.0063530644,0.0015121922,-0.0012886152,0.000863621,0.0035758764,0.011871997,0.0008716285,0.006170109,-0.009470031,0.0060508586,0.0022549853,-0.0016536862,0.0021611452,-0.0059545077,-0.00012529641,0.9855349,0.9874832,1.0028077,0.99608445,0.9952321,0.9873831,0.99640644,0.99289376,0.98470336,0.9951487,0.9867811,0.9988666,1.0011708,0.9859025,0.9972563,0.99874145,0.99557674,0.99275106,1.002404,0.9960652
1.0,0.0030040033,0.013451867,0.0025801063,0.0037611052,0.0025654845,0.0067866994,0.004412191,-0.0007257126,0.004145045,0.00346563,-0.0027364586,-0.0034224764,-0.0014449358,0.0082632005,-8.907728e-05,-0.0016387403,0.009161685,3.6917627e-05,0.0019748062,0.0028135926,0.99431145,1.001689,0.9951598,0.992755,0.9954151,0.9997394,0.99689025,0.99739695,0.99053687,0.9942672,0.9977761,0.99979305,0.9962882,0.98631245,0.99700403,0.9946006,0.99447906,0.99530834,0.9926488,0.99656427
1.0,-0.0029540993,-0.0013186261,0.0033555776,0.002864387,0.0011175945,-0.0034960392,0.002823051,-0.002126485,0.004059853,0.0025558472,0.010470491,0.002106391,0.0057449937,-0.0068900585,0.0055320654,0.0018906295,-0.0016560294,0.003564328,-0.00513006,-0.001828976,0.98728305,0.9885916,1.0017682,0.9974946,0.99472076,0.9894288,0.99780273,0.9936904,0.9860752,0.9945144,0.9893739,0.9980094,0.9991861,0.98614764,0.99685645,0.9973839,0.9944073,0.9919495,1.0020162,0.9981841
1.0,0.004347082,0.017359763,0.0021599345,0.0044996142,0.0022110492,0.008827986,0.004673237,-0.00044539198,0.0033962643,0.004483193,-0.0058686826,-0.005552776,-0.0033574775,0.012093477,-0.0013473406,-0.0023766458,0.011877898,-0.0015296713,0.0041764155,0.0044672117,0.99555606,1.0046366,0.993373,0.99107563,0.9957447,1.0018793,0.99605256,0.9981201,0.9912276,0.99443793,0.9992185,1.0007702,0.9956989,0.98643965,0.9970838,0.99460155,0.9948479,0.99652296,0.9900513,0.9957552
1.0,0.0044678226,0.017841853,0.0020268112,0.0044051334,0.0022336803,0.009238988,0.0048494358,-0.00052883476,0.0033924188,0.004634604,-0.0061235446,-0.005811721,-0.0034246296,0.012294441,-0.001451334,-0.0023975074,0.012021519,-0.0016406924,0.004346475,0.0046482086,0.9958288,1.0049937,0.99326617,0.9908938,0.99579215,1.0020113,0.9960439,0.9983886,0.9913185,0.9944578,0.9992901,1.0009012,0.99570084,0.98624223,0.9970514,0.99470973,0.994865,0.9966086,0.98996556,0.99569714
1.0,0.0014462508,0.009228654,0.0029014945,0.002872441,0.0028303936,0.0046024434,0.0042633433,-0.0013029017,0.0048740176,0.002554655,0.0008578189,-0.0012476295,0.00078199804,0.0038184077,0.0014157686,-0.0005915761,0.005985029,0.0017530322,-0.0004073903,0.0010708794,0.9929341,0.998489,0.9972336,0.99449855,0.9951211,0.9970908,0.99781346,0.9967323,0.9897018,0.99413294,0.99587613,0.9989136,0.9969996,0.9859191,0.99687725,0.9948286,0.9941106,0.99406576,0.99565595,0.99740505
1.0,7.8976154e-07,0.005726978,0.0029860921,0.0025200546,0.0027856529,0.0025009473,0.004018752,-0.0015499629,0.005258659,0.0021696016,0.0038136654,0.00024343282,0.0025335252,0.0004048869,0.002673421,8.2835555e-05,0.003426943,0.0027183965,-0.002098199,-0.00018759072,0.99155545,0.9953359,0.99869317,0.99579155,0.99487084,0.9950034,0.99811715,0.99596417,0.98875636,0.9940919,0.9942176,0.9982792,0.9975701,0.9859463,0.9967912,0.99533874,0.993991,0.9930487,0.9978706,0.99798864
1.0,0.0020893738,0.010969587,0.0027516186,0.0031769015,0.0027662218,0.0055761747,0.004361434,-0.0010955371,0.004617637,0.0029048473,-0.00060650334,-0.0021173283,-0.00010471046,0.0055886135,0.00079901516,-0.0010075197,0.007256884,0.001092568,0.0005399212,0.0017592907,0.9935586,0.9998468,0.996418,0.9937961,0.99524385,0.9981719,0.997487,0.9970529,0.9900734,0.9941742,0.99665684,0.99926007,0.99671227,0.98602074,0.9969251,0.9947278,0.99424076,0.9945527,0.994475,0.9970826
1.0,0.0028876327,0.01324217,0.002516996,0.0036932863,0.0025991872,0.006725191,0.004442634,-0.0007500872,0.004227097,0.003465578,-0.002528986,-0.0033416227,-0.0012743399,0.00798817,-4.7627836e-06,-0.0016225502,0.0089426,9.454787e-05,0.0018538907,0.002717495,0.99427664,1.0014329,0.9952669,0.99285084,0.99539226,0.99961954,0.99691963,0.9974147,0.99047375,0.9942575,0.9976633,0.9997394,0.9963277,0.98627704,0.99698377,0.99469256,0.9944609,0.9951882,0.992848,0.99663186
1.0,3.620982e-05,0.00539726,0.0032376684,0.0020796582,0.0028541423,0.0024552064,0.004132703,-0.0019866936,0.0052765533,0.0018641055,0.0042190664,0.0005739033,0.002835624,-0.00035601854,0.0028788783,0.00057917833,0.0030379184,0.0032777712,-0.0025255494,-0.00034796447,0.9915353,0.9956299,0.99916714,0.99594647,0.99492323,0.9944056,0.9985607,0.9961102,0.98883164,0.99408513,0.9938895,0.9983072,0.99775594,0.98542804,0.99676085,0.9951443,0.9938496,0.9931413,0.99841756,0.9980121
1.0,0.0053707063,0.020353787,0.0018650815,0.00546271,0.0017212816,0.010015393,0.00461597,3.6846846e-05,0.0026571471,0.0053857043,-0.00845985,-0.007321961,-0.0050328597,0.015496306,-0.002372155,-0.0031196102,0.014240649,-0.0030371621,0.0061145164,0.0058533326,0.99622035,1.0066252,0.9917235,0.9897061,0.99595946,1.0037483,0.9950585,0.9983875,0.9916239,0.99462485,1.0004203,1.001558,0.99514395,0.98697084,0.9971865,0.9946058,0.99524075,0.99751914,0.9876185,0.9950359
1.0,0.003518261,0.014835939,0.0024944246,0.0041829646,0.0023926012,0.007370685,0.004375186,-0.0005035028,0.0038200645,0.0037994087,-0.0039600898,-0.0041776225,-0.002262704,0.009853587,-0.0005849581,-0.0019828454,0.010286298,-0.00059678406,0.0028371215,0.0034149438,0.9946525,1.0027167,0.99442106,0.9921446,0.9955165,1.0006303,0.996507,0.9975072,0.99077773,0.99432725,0.9983911,1.0001185,0.99601454,0.98655224,0.9970683,0.994513,0.99463147,0.99577445,0.9915255,0.99625224
1.0,0.00034610182,0.0062453225,0.003357906,0.003382843,0.0025048591,0.0019661041,0.0033958927,-0.00075162575,0.004976872,0.0021662489,0.0028916802,1.9304454e-05,0.0017204285,0.0020697117,0.0022046696,-0.00062107295,0.0046110526,0.0020601302,-0.0015542433,0.00016155094,0.9911972,0.99540466,0.9978415,0.9956232,0.99476475,0.9959492,0.9975361,0.99544317,0.98879737,0.994182,0.9950456,0.9982515,0.99726695,0.98701775,0.9969158,0.99496216,0.9941352,0.9932659,0.9965988,0.99779093
1.0,0.0032014474,0.014184646,0.0023741946,0.0035709552,0.00263175,0.007480208,0.00470946,-0.0009335689,0.004142935,0.003658861,-0.0031148363,-0.0037858412,-0.0015583038,0.008522615,-0.0002322495,-0.001598455,0.009357389,-5.606562e-05,0.002219528,0.0030481443,0.99476653,1.0023501,0.9950622,0.9924779,0.9955105,0.9999018,0.9969612,0.9978137,0.99071485,0.9942746,0.9978594,0.9999944,0.99627435,0.9859399,0.99696285,0.9947234,0.9944818,0.995462,0.9925578,0.9964876
1.0,-0.002430953,-0.0019325688,0.0038041323,0.0028700344,-0.0010425448,-0.0055209473,0.001993943,-0.0020750351,0.0005959859,0.0039899126,0.012008347,0.00020594895,0.006193325,-0.010151058,0.006166104,0.0028379485,-0.0022235662,0.0022374243,-0.005556181,-0.00016188622,0.98568606,0.98823,1.003401,0.9954594,0.99547076,0.9870126,0.9966899,0.9933298,0.9847942,0.9950757,0.9860894,0.99931455,1.0010133,0.98496777,0.9972926,0.9992266,0.9956384,0.99306405,1.002763,0.9960025
1.0,0.0006873049,0.007384762,0.0029449612,0.0027005523,0.002827458,0.003505157,0.00412222,-0.0013580285,0.0051119234,0.0023420155,0.0023722965,-0.00045518577,0.0016997829,0.002080299,0.002049543,-0.00031077117,0.0046748407,0.002229385,-0.0012909137,0.00041247904,0.99222946,0.9967735,0.9979532,0.99519354,0.9949696,0.9960752,0.9979361,0.99632317,0.9892032,0.99410665,0.99507236,0.9985426,0.99729615,0.9859907,0.9968307,0.99508685,0.9940494,0.9934912,0.9967869,0.9977201
1.0,0.0038963147,0.016191222,0.0021775104,0.004110705,0.0024000742,0.0083827,0.004730122,-0.00062219054,0.0037282356,0.004203886,-0.0048094485,-0.004910104,-0.0026287064,0.010697275,-0.00092971325,-0.002117686,0.010880191,-0.0009939149,0.0034319125,0.0039312392,0.99530345,1.0037199,0.9940122,0.99160916,0.995646,1.001151,0.9963922,0.9980775,0.9910279,0.9943778,0.9986997,1.0004671,0.9959246,0.9862189,0.9970173,0.99471503,0.9947064,0.9960707,0.9910445,0.99605256
1.0,0.0012909621,0.00844115,0.003362909,0.0038553067,0.002450768,0.0030812102,0.0033705998,-0.00037235022,0.004637367,0.0024153292,0.0008532107,-0.0009704605,0.0004279092,0.0045650005,0.001342481,-0.0012000203,0.0064416416,0.0012795776,-0.00033587217,0.0010132641,0.9919221,0.99727744,0.99673,0.99476117,0.9948909,0.9974909,0.99713945,0.9957072,0.9893455,0.9942097,0.99624044,0.9986204,0.9968324,0.98731405,0.99701947,0.99456215,0.9942707,0.99394953,0.9948951,0.9973704
1.0,0.0014381967,0.004630454,0.0063430183,0.012703668,-0.00072004646,-0.009087041,-0.0046867337,0.007608127,0.0023662783,0.0012913793,-0.0019623637,-0.00089146197,-0.004417978,0.012901068,0.0001460705,-0.006432675,0.011117388,-0.0038208812,0.0020350292,0.001958169,0.984331,0.9896897,0.9911162,0.9949562,0.99260664,1.0029318,0.9904956,0.98778415,0.987006,0.9943364,0.9998944,0.99678606,0.9954126,0.99934804,0.999073,0.9922524,0.995953,0.99393266,0.98635274,0.99739647
1.0,-0.0031678416,-0.0026349127,0.002789259,0.0020971186,0.00014354289,-0.0037206798,0.0031464864,-0.0032838397,0.0016965652,0.003601335,0.012378145,0.00091959536,0.0064043105,-0.010645177,0.0066038445,0.0037100092,-0.0034762025,0.003403835,-0.005341921,-0.0012978241,0.98685616,0.9886355,1.0039082,0.995948,0.99559677,0.986992,0.9975158,0.99332947,0.98508215,0.99448836,0.98613095,0.99894947,1.0003142,0.9842152,0.99718565,0.9987917,0.99517524,0.99285847,1.0036528,0.99681646
1.0,-0.00037129968,0.0046498775,0.0029418878,0.0015670583,0.0029966086,0.002547614,0.0044775214,-0.0024324842,0.0054532764,0.001890935,0.0050844736,0.0008030832,0.0035084113,-0.0017205104,0.0033122022,0.0010391213,0.0020197257,0.003689222,-0.0029711388,-0.00066544116,0.9916105,0.99512124,0.99979806,0.99613684,0.99496,0.99366826,0.99882495,0.99628425,0.9886434,0.99401015,0.9931881,0.99824804,0.9980126,0.98484176,0.9966972,0.9954911,0.99379563,0.99288124,0.9993895,0.9981731
1.0,-0.00069405884,0.0030438825,0.0010325387,-0.0031934343,0.0046252906,0.0059993453,0.0075085703,-0.0065608434,0.0061743953,0.0011702627,0.0076936223,0.00093980134,0.006467119,-0.009300191,0.005494496,0.0052214675,-0.0035836622,0.0071675107,-0.004744448,-0.00152044,0.9942841,0.9971761,1.0036219,0.99552464,0.99550635,0.9901715,1.001332,0.9990177,0.98899394,0.9929268,0.98943985,0.9986625,0.9998716,0.9788802,0.99680537,0.9964394,0.9932895,0.99291795,1.0047045,0.99896574
1.0,0.0006795712,0.0034849718,0.0056776516,0.007608939,0.00076022744,-0.0052251755,-0.0011300072,0.0034587868,0.0036534402,0.000898622,0.0017733965,0.00064031035,-0.00040464848,0.0055902153,0.0019029416,-0.0030224696,0.006564919,1.21071935e-05,-0.0011349358,0.00059174,0.9868577,0.9914255,0.9951261,0.9960476,0.99339235,0.9981062,0.9943741,0.9912782,0.98779005,0.99420136,0.996816,0.9972798,0.9971078,0.9929073,0.9982859,0.99336785,0.9948447,0.99322325,0.99267375,0.9980151
1.0,0.00064884126,0.0038114935,0.005455114,0.007957328,0.0007140301,-0.0052577406,-0.0011977367,0.0035585687,0.0036237114,0.0011485517,0.0015865024,0.00038103014,-0.00064139813,0.006069705,0.0017994493,-0.003237836,0.006751869,-0.0003247708,-0.0007927641,0.0006478131,0.9867324,0.9913004,0.9949015,0.9959336,0.9933755,0.9983892,0.99419487,0.99121755,0.98774433,0.99422455,0.9969107,0.9973408,0.9968776,0.9932134,0.99827564,0.99356866,0.9949292,0.9932197,0.9923283,0.9980447
1.0,0.00094954297,0.007731162,0.0032210127,0.0031848103,0.0026530921,0.0032033601,0.003749486,-0.0009743124,0.004897601,0.0022911355,0.0018005222,-0.0005752966,0.0011743754,0.0030608624,0.00177861,-0.0006247163,0.0054031946,0.0019158721,-0.0009682551,0.0006169751,0.9920127,0.99700546,0.9974977,0.9950664,0.994933,0.9965778,0.9976664,0.9960136,0.9892742,0.9941571,0.99553525,0.99856824,0.99710566,0.9865489,0.99691844,0.99478567,0.9941158,0.9937058,0.9960234,0.99758166
1.0,0.0016857609,0.009926118,0.0028035156,0.0028034411,0.0028762855,0.005156167,0.0044491384,-0.0013645105,0.004828361,0.0026868805,0.00037780404,-0.0015767217,0.0005578697,0.0042801127,0.0012200158,-0.000651218,0.00632751,0.0016078278,-0.000120311975,0.0013295785,0.9933037,0.9991024,0.99703115,0.9942349,0.9951909,0.9973869,0.997803,0.9970108,0.9898716,0.99413806,0.99609697,0.99906194,0.9969552,0.9857394,0.9968596,0.9948416,0.99413484,0.9942437,0.99540657,0.9972978
1.0,-0.0018318035,0.002533473,0.0030844137,0.005746998,0.0013986863,-0.002521595,0.0016891826,0.00096864253,0.004740614,0.0029715896,0.0055848453,0.00075944513,0.002384685,0.0010553449,0.003104914,-0.0018496513,0.0031170547,0.0006968379,-0.0021923594,-0.0007954091,0.9880791,0.98947114,0.9976674,0.99687606,0.994162,0.9950529,0.9958362,0.9929486,0.98697805,0.99440503,0.99392956,0.9974708,0.9972665,0.9901435,0.997094,0.9963866,0.9947406,0.99184334,0.9968375,0.9983637
1.0,-0.00050000474,0.0063602105,0.002006691,0.0041256137,0.0024200976,0.0017381201,0.00353444,-0.0009129867,0.005148123,0.0032460839,0.0035855789,-0.0005963892,0.0018379167,0.0019320846,0.0024345368,-0.0009325817,0.0038215443,0.001283057,-0.0009847954,-0.00017849356,0.99066466,0.9939237,0.9978532,0.99561113,0.9947217,0.99586916,0.99721235,0.9954232,0.98832947,0.994204,0.9943578,0.99837345,0.9967372,0.9874862,0.9967893,0.9963713,0.99436116,0.9927482,0.9966934,0.9982341
1.0,0.0025928803,0.012391441,0.0026020333,0.0033301003,0.0027249716,0.006440351,0.004524082,-0.0009999238,0.004418272,0.003220439,-0.0017329045,-0.0028459206,-0.0007409975,0.0068889856,0.00033127517,-0.0012896061,0.008194499,0.0005895868,0.0012699068,0.0023395717,0.9941203,1.0009558,0.9958073,0.9932184,0.9953565,0.9989602,0.9972508,0.9973986,0.9903639,0.99421436,0.99722135,0.99956757,0.9965364,0.985983,0.9969416,0.9947094,0.99434674,0.994947,0.9936353,0.9968154
1.0,0.004570458,0.018165134,0.0019867085,0.0043843314,0.002226781,0.009470243,0.0049318857,-0.00060008466,0.003345495,0.0047109053,-0.006321816,-0.0059699714,-0.0035344213,0.012495458,-0.0015246719,-0.0023817793,0.01217173,-0.0016995221,0.00447993,0.004767537,0.9959724,1.0053061,0.9931913,0.99076444,0.99583656,1.0020937,0.99605316,0.9985079,0.9913939,0.99446875,0.999349,1.0009999,0.9956773,0.986142,0.9970445,0.99472326,0.9948776,0.9967181,0.98985374,0.99564314
1.0,0.0010330491,0.008166648,0.003031917,0.0032853484,0.0026597455,0.0035059594,0.0038095918,-0.0009041168,0.0048918445,0.0024696141,0.0014748704,-0.0008409247,0.0009924099,0.0034778416,0.0016330872,-0.00078754127,0.0056524053,0.0016776845,-0.0006876141,0.00075396895,0.9921933,0.99719554,0.9972871,0.99489045,0.99495596,0.996893,0.99754196,0.9961224,0.9893302,0.99415976,0.9956963,0.99864066,0.99699664,0.98659724,0.9969164,0.99488556,0.9941606,0.9937385,0.99574757,0.9975423
1.0,0.0006325841,0.0071676224,0.0030978732,0.0032728575,0.002617158,0.0028074726,0.0036625452,-0.0009117052,0.0049845655,0.0023468658,0.0022812914,-0.00040281564,0.0014337003,0.0026173145,0.001964856,-0.00064783543,0.0050027,0.0019120201,-0.0011499375,0.00039414316,0.9917282,0.99626833,0.9976513,0.9952718,0.9948699,0.99634635,0.99759495,0.9958387,0.9890594,0.9941591,0.9952736,0.9984517,0.99712616,0.98671234,0.9969051,0.9949952,0.9941308,0.993453,0.99628556,0.99770916
1.0,0.0013698861,0.009192482,0.0027124286,0.0023029111,0.00303315,0.005122356,0.004685009,-0.001788862,0.00505159,0.0025410876,0.0012033861,-0.0011883602,0.0011804029,0.0030157268,0.0015973691,-0.0002060458,0.005448919,0.002131641,-0.00067392737,0.0009575784,0.99330086,0.99874014,0.9976632,0.994529,0.99519914,0.9966474,0.99819505,0.9971672,0.98977727,0.9940844,0.9955176,0.99896777,0.9971785,0.98520994,0.9967964,0.994991,0.9940098,0.9940037,0.9963214,0.99749064
1.0,0.0035219565,0.014897808,0.0024496093,0.0042925104,0.0023595951,0.0073391385,0.004321575,-0.00036485493,0.0038135299,0.003863901,-0.0040637664,-0.0042552426,-0.0023166314,0.010035291,-0.00064081885,-0.0021202266,0.010392699,-0.0007432699,0.002933994,0.003467381,0.99463254,1.0026016,0.9942923,0.99210906,0.995493,1.0007893,0.9963681,0.9974722,0.990743,0.9943406,0.998477,1.0001092,0.9959811,0.9866946,0.99707365,0.9945534,0.99466646,0.9957453,0.9913767,0.99623203
1.0,0.00031224638,0.0062078536,0.003301844,0.0032941476,0.002535563,0.002047722,0.0034656469,-0.000834506,0.005012279,0.0021744072,0.0029700492,3.3147633e-05,0.0017993376,0.0019143373,0.0022478811,-0.00055306405,0.0044974647,0.002119638,-0.0016006045,0.0001244694,0.9912566,0.995411,0.9979234,0.9956324,0.99477845,0.9958657,0.99759614,0.9955018,0.98879975,0.9941687,0.9949649,0.9982583,0.99729127,0.98690236,0.99690783,0.99500364,0.9941192,0.99323773,0.99671835,0.9978157
1.0,-5.6687742e-05,0.005867712,0.0026647374,0.0022757463,0.002916295,0.0029572684,0.0043096244,-0.0017037354,0.0053620203,0.0023138076,0.003829375,6.239861e-05,0.0026793405,0.00014204532,0.002738217,0.00015982985,0.0031508505,0.0027263537,-0.0020470023,-0.0001566261,0.9918907,0.99539477,0.9987676,0.9956756,0.9948996,0.9949959,0.99814725,0.99623287,0.9887752,0.994018,0.99408835,0.99830997,0.99764866,0.98562616,0.9967774,0.9955789,0.9940066,0.992972,0.99810296,0.99804866
1.0,0.0017391145,0.00994236,0.0029220022,0.0031938478,0.0027376786,0.0048147617,0.0041546505,-0.0010198057,0.0047080917,0.0026948154,0.00012731552,-0.0016201437,0.00028233975,0.00483308,0.0010925867,-0.0009178147,0.0067021996,0.0013432428,6.919354e-05,0.0014046133,0.9930675,0.99893516,0.9967337,0.99420434,0.9951382,0.9977083,0.9975276,0.9967047,0.98982114,0.9941663,0.9963447,0.9990221,0.99683285,0.9862258,0.9969238,0.99472183,0.99420446,0.9942825,0.99493754,0.99723506
1.0,0.0012151748,0.008536197,0.0030468404,0.0029973723,0.0027592443,0.0039810147,0.0040434077,-0.0011486448,0.0048928387,0.002433151,0.001293743,-0.0009362921,0.0009763092,0.0034561753,0.0015819594,-0.0006117299,0.00570916,0.0018317476,-0.00067216903,0.0008662343,0.9925298,0.9977988,0.9973565,0.9947627,0.99503493,0.99685794,0.997745,0.996413,0.9895032,0.99414253,0.99572533,0.9987473,0.9970592,0.98619753,0.99689084,0.9948124,0.9941137,0.9938932,0.99584275,0.9974831
1.0,-5.5782497e-05,0.0051540136,0.0032148883,0.0019141696,0.0028849803,0.0024222995,0.0041997787,-0.0021484904,0.00531723,0.001815781,0.004496591,0.0006920397,0.0030347481,-0.00078746676,0.003012387,0.000758186,0.0027450062,0.0034581497,-0.002701711,-0.000459373,0.9915116,0.9955363,0.99938667,0.9960252,0.9949347,0.99413675,0.9986873,0.99615717,0.98879665,0.99407196,0.99366933,0.99829686,0.9978365,0.98523456,0.9967469,0.9951895,0.9938124,0.9930894,0.9987138,0.9980583
1.0,0.0014238767,0.00862392,0.0034930445,0.0042977706,0.0023018979,0.0028066428,0.0030611753,4.7061592e-05,0.004484279,0.0024422407,0.00041646883,-0.0011058524,4.1641295e-05,0.005344577,0.0011368562,-0.001545623,0.0069772042,0.0009243265,-4.2907894e-05,0.0011824965,0.99174577,0.99722314,0.99631006,0.9946544,0.9948375,0.9979699,0.9967895,0.9954061,0.9893238,0.9942384,0.9966109,0.99859715,0.9966934,0.9878633,0.9970971,0.99440813,0.99436474,0.99404055,0.9942684,0.99726623
1.0,0.00097525865,0.0056856796,0.0056454055,0.007387709,0.00085092336,-0.0035851055,0.00013758801,0.0027587377,0.0034928108,0.0015946254,0.0009770282,-0.000102594495,-0.00091966987,0.007133357,0.0012614243,-0.003172867,0.0076656155,-0.00022625178,-0.00038518012,0.0014015734,0.9878499,0.9927843,0.9947915,0.9957911,0.993906,0.9984024,0.99485064,0.9920187,0.98783755,0.9944088,0.9975411,0.9974973,0.9967267,0.992624,0.99751544,0.99359673,0.9950162,0.9939811,0.99242496,0.99744946
1.0,0.0039596595,0.016069554,0.002401162,0.0045211166,0.002240464,0.007917112,0.004381174,-0.00031732768,0.0035395874,0.00412409,-0.00502301,-0.0048689395,-0.0029404387,0.01121439,-0.0010152571,-0.0022872686,0.011244472,-0.0011661127,0.0035903528,0.0039707646,0.99497795,1.0035917,0.99376994,0.9916007,0.99560636,1.0013964,0.9961537,0.99764663,0.9909733,0.9943893,0.9989163,1.0004163,0.9958036,0.9867275,0.9971097,0.99448,0.9947745,0.9961776,0.9905777,0.99596786
1.0,-6.724149e-06,0.011790678,-5.2422285e-05,0.008690331,0.0013215616,0.0012091508,0.0024142098,0.00092564523,0.004272445,0.006063506,-0.00034906343,-0.0042283237,-0.0020476654,0.009890445,0.00041608512,-0.004158981,0.0078029186,-0.003202103,0.003588505,0.0015486032,0.98950446,0.993743,0.99404234,0.99390197,0.9945687,1.0002346,0.99464685,0.9945385,0.9881314,0.99450284,0.9967034,0.9991855,0.99415267,0.99177474,0.9967654,0.99808353,0.99557316,0.9934351,0.9910775,0.99812704
1.0,0.0032184534,0.01420065,0.0024013817,0.0037089437,0.0025831722,0.0073680785,0.0046135057,-0.0008119121,0.0040987264,0.0036738962,-0.0032057483,-0.0038155392,-0.0016544387,0.008718237,-0.00027701445,-0.0016945451,0.009484883,-0.00015910715,0.0023002028,0.0030824915,0.9946844,1.0022815,0.99495286,0.99245936,0.9954923,1.0000224,0.9968536,0.9977138,0.99069065,0.994286,0.9979423,0.9999831,0.9962301,0.9861093,0.99698067,0.99469626,0.9945119,0.99547565,0.9923911,0.99646086
1.0,0.0015114583,0.009424925,0.0028849542,0.0029281378,0.0028209165,0.004700561,0.004271269,-0.0012158975,0.004847753,0.002612792,0.00067014806,-0.0013633296,0.0006821975,0.004062332,0.0013296176,-0.00070020556,0.006149661,0.0016297773,-0.00028593838,0.0011776611,0.99300754,0.99856716,0.9970925,0.99442,0.9951222,0.9972641,0.9977212,0.99675846,0.989721,0.99414146,0.99600655,0.9989334,0.9969795,0.9859834,0.99687713,0.99483645,0.9941431,0.99410117,0.9955,0.99735874
1.0,0.00026367605,0.006053753,0.0032453015,0.0027032644,0.002714295,0.0024349971,0.0038316883,-0.0013911277,0.0051383735,0.0020547807,0.0033900216,0.00020013005,0.0022031665,0.0010107085,0.0024724957,-4.3936074e-05,0.0039411597,0.0026295856,-0.0019444227,-3.6239624e-05,0.99151427,0.99573886,0.99844694,0.9957043,0.99486786,0.99529105,0.99806213,0.99587214,0.9888875,0.99412817,0.9945479,0.9983206,0.9974775,0.98615456,0.9968349,0.9950487,0.99398875,0.9932449,0.9974247,0.99788004
1.0,0.0008116737,0.007472284,0.003135644,0.0028624013,0.002754122,0.003330916,0.0039553475,-0.0012502521,0.0050123422,0.0022566915,0.0021856595,-0.0004369691,0.00150197,0.002411157,0.0019591618,-0.000372909,0.004954044,0.002184905,-0.0012235232,0.00047113,0.9921057,0.996925,0.997825,0.99517417,0.9949605,0.99619776,0.9978923,0.9961857,0.98924845,0.99413174,0.99523515,0.9985545,0.99723494,0.9861782,0.9968663,0.9949004,0.994054,0.9936086,0.9965232,0.99766046
1.0,0.003061168,0.013614364,0.0025633909,0.0037897266,0.00255391,0.0068746246,0.0044235345,-0.0007130541,0.004116119,0.0035048872,-0.0028677285,-0.0035087168,-0.0015247166,0.008422077,-0.00014254637,-0.0016707331,0.009275045,-2.6121736e-05,0.0020647906,0.002880752,0.99436605,1.001814,0.9950862,0.99268633,0.99542856,0.9998307,0.9968578,0.99742806,0.99056774,0.9942732,0.997839,0.9998313,0.99626344,0.9863171,0.9970076,0.994598,0.99449325,0.99535745,0.9925418,0.99653167
1.0,0.0032999367,0.0142967105,0.002492398,0.0039120093,0.0025021546,0.00724079,0.004470678,-0.00066078454,0.0039923987,0.0036727637,-0.0034177862,-0.0038732365,-0.001859501,0.009089552,-0.000365939,-0.0018037781,0.009750579,-0.00029296428,0.0024441332,0.0031643957,0.99459225,1.0023361,0.9947764,0.9923968,0.9954848,1.000212,0.9967194,0.9975572,0.99069494,0.99429935,0.9981,0.9999944,0.9961598,0.98633707,0.99702233,0.99459,0.99455386,0.9955651,0.9920915,0.996394
1.0,0.0035164468,0.01492057,0.0024264753,0.004026681,0.002450496,0.0075713964,0.004513081,-0.00061426684,0.0038761878,0.0038304552,-0.003919238,-0.0042096972,-0.0021652728,0.009700209,-0.00056865066,-0.0019236654,0.010184813,-0.0005399063,0.0027931184,0.0034259632,0.9947953,1.0028106,0.9944924,0.99213046,0.9955368,1.0005571,0.9965895,0.99767405,0.99080837,0.99432474,0.99833477,1.0001469,0.99606544,0.98635626,0.99703544,0.99458617,0.9946109,0.99575686,0.9916785,0.99626654
1.0,0.0016146637,0.0096058175,0.0029525869,0.0031450577,0.00274558,0.0046177143,0.0041285157,-0.0010500625,0.004754808,0.0026294515,0.00040530786,-0.0014542267,0.00044833124,0.0045038834,0.0012088139,-0.00084549934,0.006465003,0.0014622286,-0.00010948256,0.0012742281,0.99294114,0.99866503,0.9968831,0.9943393,0.995113,0.997507,0.9975818,0.9966358,0.98974675,0.99415964,0.9961992,0.9989545,0.99688655,0.9862187,0.9969158,0.9947411,0.99418163,0.9941881,0.9951548,0.9972957
1.0,-0.0022074766,-0.0014724284,0.0033873618,0.0029329918,-0.001370918,-0.004851854,0.002129199,-0.002210427,-0.0008009076,0.0048137903,0.011823434,-0.00095944107,0.0055639,-0.010403253,0.006126592,0.0030409135,-0.00198571,0.0013937727,-0.004899483,0.00042263418,0.98599213,0.98898846,1.003938,0.9942197,0.9960061,0.9869835,0.9963065,0.99297535,0.9846058,0.99495226,0.9852354,0.99976814,1.0011526,0.9845976,0.9975397,0.99986315,0.996271,0.9936414,1.0025744,0.99508804
1.0,0.0027175024,0.012642361,0.0026622117,0.0036214218,0.002618529,0.006344611,0.004354844,-0.0007905215,0.0042854315,0.0032745749,-0.0020813998,-0.0029964522,-0.001047112,0.0074721724,0.00017889217,-0.0014776811,0.008596469,0.00034790486,0.001528848,0.0024812594,0.99403596,1.0010633,0.99552536,0.9930952,0.9953496,0.9992813,0.99704784,0.99724126,0.99038076,0.9942391,0.9974589,0.9996057,0.9964118,0.98629034,0.9969864,0.99461687,0.9944102,0.9950658,0.9931804,0.9967244
1.0,0.0020629317,0.010825217,0.0028397813,0.0033267997,0.002709303,0.0053247577,0.0042219255,-0.0009421259,0.0045788037,0.0028739497,-0.0005989373,-0.002061732,-0.00015291572,0.0056962967,0.0007902216,-0.0011047572,0.007323239,0.001025416,0.00054150075,0.001750961,0.99339306,0.9996385,0.9963404,0.99384636,0.9952057,0.99823076,0.9973791,0.99688333,0.99001104,0.9941864,0.99671906,0.9992053,0.9966936,0.98624533,0.99694437,0.9946783,0.9942676,0.9945338,0.9943657,0.9970726
1.0,0.0022452883,0.01132717,0.0027918294,0.0034054518,0.0026884526,0.005610331,0.0042593684,-0.00089907274,0.0045012594,0.0029804483,-0.0010099132,-0.0023165345,-0.00040015578,0.0061867833,0.0006199181,-0.0012093335,0.0076755434,0.0008412525,0.00081221387,0.0019504577,0.99357414,1.000035,0.996116,0.9936408,0.9952448,0.998524,0.9972909,0.9969835,0.9901159,0.9941995,0.9969274,0.9993129,0.9966152,0.9862571,0.99695605,0.99465775,0.9943054,0.9946788,0.99403936,0.99697816
1.0,0.00026478618,0.0060565993,0.0032450818,0.002703566,0.0027144179,0.0024368435,0.0038319584,-0.0013908371,0.0051381635,0.0020551458,0.003387576,0.0001989007,0.0022017583,0.0010135472,0.0024714563,-4.4621527e-05,0.0039431974,0.0026287213,-0.0019429848,-3.5241246e-05,0.99151546,0.99574125,0.99844563,0.9957032,0.994868,0.99529284,0.9980619,0.99587286,0.9888882,0.99412817,0.99454933,0.99832094,0.9974771,0.98615456,0.996835,0.99504834,0.9939889,0.9932456,0.99742293,0.9978797
1.0,0.00069827214,0.007176243,0.0031594075,0.0028271414,0.0027491003,0.0031468084,0.0039301757,-0.0012791492,0.005042032,0.0022112057,0.0024354775,-0.0003011003,0.001648292,0.0021196976,0.0020652749,-0.00030528754,0.0047432706,0.0022803396,-0.0013753697,0.0003633052,0.9919849,0.99667954,0.9979551,0.99528664,0.9949405,0.9960112,0.9979304,0.9961212,0.9891753,0.99412984,0.9950951,0.9985034,0.9972847,0.9861731,0.9968595,0.99492824,0.994039,0.9935311,0.9967118,0.99770796
1.0,-6.438792e-05,0.0052191243,0.0033043958,0.0026221797,0.002670616,0.0018902977,0.0037549436,-0.001476787,0.0051909806,0.001956582,0.0041083265,0.00055689365,0.002615735,0.00018105656,0.0027807653,0.00015576184,0.003341332,0.002874732,-0.002360139,-0.00032255054,0.9911505,0.9950286,0.9988117,0.99600416,0.9948177,0.9947411,0.9981458,0.9956813,0.98866177,0.9941326,0.9941223,0.99819696,0.9976258,0.98614126,0.99681777,0.9951553,0.99395955,0.99304056,0.9979522,0.9979983
1.0,0.00031129643,0.006948866,0.0029251836,0.0030069798,0.002661623,0.0026200737,0.0040441956,-0.0017246567,0.005019997,0.002473563,0.0029904563,-0.00035586208,0.001914598,0.0016853362,0.002385348,-0.00013225526,0.004117999,0.002344638,-0.0014480613,0.0002118051,0.9915316,0.99594146,0.99824744,0.9955342,0.9949385,0.99542415,0.99815977,0.99601966,0.9888846,0.99412924,0.9946507,0.9985699,0.99717176,0.98626864,0.99675775,0.9954355,0.994069,0.993483,0.997175,0.9979821
1.0,0.00030541793,0.0061606765,0.003237404,0.0027143583,0.0027187504,0.002503806,0.0038413033,-0.0013802908,0.0051303953,0.0020685494,0.0032985248,0.00015337765,0.0021502972,0.0011167079,0.002433354,-6.917864e-05,0.0040177926,0.0025972202,-0.0018906668,1.1473894e-06,0.99156,0.99582916,0.99840015,0.99566513,0.9948745,0.9953605,0.9980506,0.9958963,0.98891556,0.9941279,0.9946013,0.99833715,0.99745876,0.98615617,0.99683726,0.9950361,0.99399304,0.99327165,0.99735695,0.9978643
1.0,-0.0026599914,-0.0010358319,0.0033062324,0.0020436123,0.0016127899,-0.002400889,0.0033057462,-0.0026618019,0.0044830996,0.0021055713,0.010165215,0.0023312345,0.0059005395,-0.0071752295,0.00550233,0.0023560748,-0.001759138,0.0042778254,-0.0052516796,-0.0019874945,0.98807955,0.98969775,1.0020686,0.9974722,0.99480563,0.9895231,0.9983931,0.9942611,0.98648494,0.9943477,0.9895173,0.99798876,0.99916524,0.98529124,0.9967962,0.996912,0.9941202,0.99202573,1.0023104,0.99828696
1.0,-0.0021422952,9.856373e-05,0.0039461553,0.0033879615,0.0014953762,-0.0030197243,0.0024103485,-0.0010961182,0.004690237,0.0019393265,0.008419985,0.00221508,0.004642792,-0.003967881,0.004531525,0.00070176274,0.00034141913,0.003224589,-0.0045161694,-0.001528576,0.98781043,0.98963124,1.0003221,0.99760365,0.99441355,0.9915171,0.9976002,0.99372005,0.9867738,0.9944698,0.9915238,0.99764544,0.9985899,0.9873149,0.99686736,0.99622846,0.99420494,0.99197954,1.0002363,0.99834913
1.0,-0.0030491427,-0.002143465,0.0034704097,0.0024047084,0.0007557459,-0.0039352872,0.0028531179,-0.0025466233,0.003442565,0.0026282594,0.011401378,0.0020874217,0.006305702,-0.008545458,0.0060055237,0.0026320405,-0.0024414808,0.0038455948,-0.0056097656,-0.0017444715,0.98696667,0.98838526,1.0025957,0.9972785,0.9949281,0.9882966,0.99785966,0.9936586,0.9857077,0.99458015,0.988237,0.99824315,0.99973893,0.98540366,0.9968971,0.99768674,0.99452436,0.9921556,1.0028437,0.9977981
1.0,0.0017285347,0.012910172,0.001484666,0.0049475953,0.0023484677,0.005016478,0.004369473,-0.0011754483,0.0043797656,0.0044730008,-0.0011915006,-0.0036541373,-0.0011211857,0.007796198,0.0005179439,-0.0018588677,0.007752735,-0.0005217716,0.0022810623,0.002206251,0.9926132,0.99885523,0.99545926,0.9934067,0.99520665,0.99898005,0.99693424,0.99693686,0.98957574,0.9943448,0.996787,0.9997189,0.9954717,0.9874875,0.9965785,0.9962939,0.99470973,0.9947022,0.9931243,0.9974072
1.0,0.0020419136,0.010767594,0.002845224,0.0033179075,0.002711475,0.0052917674,0.004217582,-0.00094711035,0.004587529,0.002861917,-0.00055165775,-0.002032645,-0.00012452155,0.0056399554,0.0008098483,-0.0010926649,0.00728276,0.0010464042,0.0005105138,0.0017281771,0.993372,0.99959284,0.9963661,0.9938699,0.9952013,0.99819684,0.997389,0.99687177,0.9899988,0.994185,0.9966949,0.99919313,0.9967027,0.986244,0.99694306,0.99468094,0.9942633,0.9945172,0.9944031,0.9970833
1.0,0.004478112,0.01775115,0.0021163113,0.0045789257,0.0021677464,0.009024367,0.0046983417,-0.00041847676,0.0033167098,0.004592642,-0.006179059,-0.005771309,-0.0035488084,0.012478024,-0.0014707651,-0.0024469495,0.012149174,-0.0016920865,0.0044009797,0.0046370625,0.9956737,1.0049258,0.9931918,0.9909044,0.995778,1.002088,0.9959623,0.9981904,0.99129134,0.9944584,0.99935544,1.0008736,0.99564075,0.9864542,0.99709034,0.9946078,0.9948883,0.9966474,0.98978806,0.9956712
1.0,0.00047963485,0.0066091344,0.003203664,0.002762545,0.002734743,0.0027900182,0.0038810521,-0.0013352409,0.005094076,0.0021289513,0.0029161777,-4.5016408e-05,0.0019285977,0.0015602857,0.0022700094,-0.00017425418,0.004338652,0.0024593547,-0.0016642138,0.00015953183,0.9917496,0.9962063,0.9982039,0.99549943,0.99490315,0.99565005,0.9979996,0.9959964,0.989032,0.9941279,0.9948221,0.99840873,0.99738127,0.98616356,0.9968469,0.99498606,0.9940122,0.99338496,0.99707246,0.99779665
1.0,-0.0034474432,0.00039675832,0.0059098937,0.01623793,-0.003598366,-0.016716138,-0.0060944203,0.010131162,0.0022937898,0.005201131,0.005275717,-0.0006194562,-0.0013955683,0.00865449,0.0016689319,-0.00968118,0.007468406,-0.007558875,-0.0014897473,0.0014193356,0.9795766,0.9784495,0.99140567,0.99802303,0.99164486,0.9979703,0.9882904,0.98612267,0.98375225,0.9959843,0.9965258,0.99602234,0.99780107,1.0033003,0.9983782,0.99827933,0.99756545,0.9906851,0.990402,0.9983899
1.0,0.00034694,0.006267354,0.0032294877,0.0027255863,0.0027229488,0.002572192,0.00385084,-0.0013695396,0.005122168,0.0020825043,0.0032074358,0.0001065433,0.0020975918,0.0012222752,0.0023944061,-9.427965e-05,0.004094161,0.002564758,-0.0018369816,3.8586557e-05,0.99160534,0.9959191,0.9983534,0.995626,0.9948813,0.99542975,0.99803865,0.9959202,0.9889436,0.9941278,0.9946542,0.9983539,0.99744034,0.98615795,0.9968395,0.99502385,0.99399745,0.99329835,0.99728936,0.99784845
1.0,0.0011420846,0.008723825,0.0029134005,0.0031141564,0.0027245022,0.0039181197,0.0041311327,-0.0013612881,0.0048498004,0.0026055872,0.0013007671,-0.0011030436,0.00096220523,0.0035430118,0.0016405229,-0.00059464574,0.0056157745,0.0017760023,-0.00055858865,0.00089950114,0.9924324,0.9976853,0.9973723,0.99477977,0.9950627,0.9967587,0.99783194,0.9964362,0.9894355,0.9941391,0.99565464,0.99883556,0.99694365,0.9862495,0.9968457,0.9950324,0.99413484,0.99395585,0.9958853,0.99757284
1.0,0.00079350546,0.0074247792,0.0031394996,0.002856683,0.0027534254,0.0033014647,0.0039513223,-0.0012548566,0.0050172224,0.0022492707,0.0022256859,-0.0004150495,0.0015254393,0.0023644269,0.0019761603,-0.00036208332,0.004920244,0.002200298,-0.0012479499,0.00045377016,0.9920864,0.9968857,0.99784595,0.9951922,0.99495727,0.9961679,0.9978985,0.99617535,0.9892369,0.9941314,0.9952128,0.9985462,0.9972429,0.9861774,0.9968652,0.9949048,0.99405164,0.99359614,0.9965534,0.9976682
1.0,0.0006555207,0.0070650056,0.0031682178,0.002814155,0.0027467832,0.003077268,0.0039206445,-0.0012900755,0.0050527523,0.0021945685,0.0025295336,-0.00025043637,0.0017032623,0.0020100772,0.0021052808,-0.00027973205,0.0046639927,0.002315849,-0.0014322326,0.00032302737,0.99193907,0.996587,0.9980039,0.99532866,0.994933,0.99594074,0.99794436,0.99609697,0.9891476,0.99412936,0.995042,0.9984845,0.99730355,0.9861711,0.996857,0.9949392,0.9940336,0.99350226,0.9967826,0.9977257
1.0,0.0012848265,0.0087215975,0.0030308515,0.0030221343,0.002758164,0.004092533,0.004058389,-0.0011312924,0.004870124,0.0024658665,0.0011392012,-0.0010249764,0.00088478625,0.00363791,0.0015168563,-0.0006526932,0.0058403946,0.0017687008,-0.000575237,0.00093621016,0.9926021,0.99794984,0.9972746,0.99469,0.9950482,0.99697155,0.99771774,0.99645203,0.98954624,0.99414504,0.9958087,0.9987823,0.997029,0.98620105,0.9968951,0.9947989,0.99412495,0.9939437,0.9957238,0.9974511
1.0,0.00062693655,0.0069906637,0.003174048,0.0028055608,0.0027451068,0.0030306738,0.003914237,-0.001297392,0.005059763,0.0021835938,0.0025924463,-0.00021670014,0.0017400011,0.0019368082,0.0021320507,-0.0002625957,0.0046109892,0.0023394749,-0.0014701709,0.00029621273,0.99190843,0.9965251,0.9980365,0.99535674,0.9949281,0.99589354,0.99795353,0.9960807,0.9891288,0.994129,0.9950065,0.998472,0.9973161,0.98616993,0.9968554,0.99494654,0.9940299,0.993483,0.99683,0.99773735
1.0,3.805384e-05,0.005478546,0.003286492,0.0026463084,0.0026859492,0.0020611177,0.0037791543,-0.00144995,0.0051765544,0.001985304,0.0038841926,0.00044760108,0.002487488,0.00043949485,0.002684418,9.316951e-05,0.0035281107,0.0027999878,-0.0022316277,-0.00023463368,0.9912649,0.9952505,0.9986983,0.99591196,0.9948329,0.9949135,0.9981212,0.99574125,0.988733,0.9941307,0.99425656,0.9982341,0.9975793,0.98614544,0.99682295,0.9951204,0.99396783,0.99310315,0.9977885,0.99796253
1.0,0.0016077459,0.009558976,0.002974797,0.0030419454,0.0027747974,0.0046549467,0.004186904,-0.0011407994,0.0047719716,0.0025925338,0.00048692524,-0.001407817,0.0005208403,0.0043454096,0.0012506191,-0.00075919926,0.0063668787,0.0015609786,-0.00018854067,0.0012503713,0.9929732,0.998709,0.99697214,0.99436647,0.9951248,0.9973944,0.99766773,0.99668705,0.98975873,0.9941529,0.99613744,0.99895686,0.99693084,0.9861021,0.9969026,0.9947346,0.99415976,0.9941932,0.9952875,0.9973074
1.0,0.0017810613,0.01005961,0.0029081255,0.0030904002,0.0027732179,0.0049693426,0.004249001,-0.0011308193,0.0047140596,0.0026971623,0.00010503456,-0.0016537309,0.00029560179,0.004786022,0.001091633,-0.0008426532,0.0066808015,0.001402311,6.6597015e-05,0.0014312416,0.99316907,0.9991155,0.99677885,0.99416965,0.99516654,0.99766225,0.99761236,0.9968155,0.98987037,0.994162,0.9963226,0.99906325,0.99685204,0.9860757,0.9969063,0.994728,0.9941882,0.99432725,0.9950039,0.99722767
1.0,-0.0010236241,0.011397593,-0.0011615045,0.012061432,0.00026631355,-0.0016065936,0.0005120784,0.0035009794,0.003963684,0.0073546916,-0.0007938966,-0.005073771,-0.0034655258,0.012952499,-0.00015321374,-0.0067538917,0.008939739,-0.0060118064,0.004927229,0.0015851781,0.98755026,0.9900736,0.99200886,0.9938938,0.9940758,1.0023013,0.9920401,0.9923328,0.98715615,0.9945405,0.9974484,0.99868566,0.99333376,0.99585557,0.99721223,0.9991059,0.99649155,0.9925242,0.98840636,0.99837583
1.0,-0.0024343953,0.0077821165,2.1796674e-05,0.016172286,-0.0013475753,-0.007754403,-0.0029035807,0.0078076012,0.0033379737,0.007451281,-0.000155624,-0.004331067,-0.004529394,0.015307635,-0.00032221153,-0.00996808,0.010022316,-0.008679464,0.0045835227,0.0014293939,0.98399895,0.9839288,0.9897895,0.9949844,0.99304223,1.0037228,0.9886607,0.98818713,0.9854612,0.99469376,0.998598,0.99723077,0.99351853,1.001919,0.9979848,0.99892896,0.9975373,0.99134326,0.9861054,0.99851197
1.0,-0.002690021,-0.00091984123,0.0035449974,0.002909746,0.0013695918,-0.003096533,0.002741836,-0.0017389134,0.004443141,0.002224423,0.0096801855,0.0022841543,0.005388558,-0.0058560967,0.005169634,0.0014644936,-0.00093911216,0.0035554245,-0.004971735,-0.0018084422,0.9876916,0.9890389,1.0012513,0.9976014,0.99460864,0.9902816,0.99777883,0.9937223,0.9863937,0.99444413,0.99024314,0.9977887,0.99897635,0.9865051,0.9968656,0.9968351,0.9942765,0.9918709,1.0014153,0.9982854
2.0,-0.0024104863,-0.00067385286,0.0038184598,0.002757173,0.0013948195,-0.0032197642,0.002693195,-0.0018783547,0.0044992333,0.0019722357,0.009569306,0.0023619905,0.0054366663,-0.005883381,0.0051160585,0.0016041435,-0.0008628331,0.0038145706,-0.005099114,-0.0017540157,0.9875817,0.98941165,1.0012987,0.9976377,0.99455506,0.9901971,0.99801224,0.99397033,0.9865345,0.9944969,0.99032557,0.997855,0.9990076,0.98631746,0.9968264,0.99662757,0.9941566,0.992009,1.00142,0.9983221
2.0,0.0007040277,0.007560082,0.002607502,0.0014609918,0.0032590665,0.0047606286,0.0050230585,-0.0025322326,0.005404592,0.0022422299,0.0028916448,-0.00038956106,0.00237564,0.00055137277,0.0023772307,0.0006476864,0.0037135892,0.0031150356,-0.0017534345,0.00022493303,0.99308485,0.9977981,0.99887365,0.9951373,0.99519116,0.99517477,0.99885565,0.9972902,0.9894928,0.9939914,0.9943538,0.99875516,0.99761295,0.98435724,0.9966891,0.99526656,0.99380594,0.99355,0.99805367,0.9978442
2.0,0.00019127503,0.006142415,0.002791021,0.0015298873,0.0031390525,0.0036688691,0.004731085,-0.0024796277,0.005445234,0.0020409226,0.0039450843,0.00022368878,0.0029075071,-0.0005219802,0.0028191078,0.0008350201,0.0029228516,0.003413871,-0.0023508146,-0.00023852289,0.99234986,0.99652356,0.99932706,0.99564314,0.9950751,0.9944574,0.9988646,0.9967833,0.98909837,0.99400157,0.9938094,0.99849933,0.99777645,0.9846147,0.99669456,0.99533224,0.99378437,0.9932236,0.9986747,0.99801415
2.0,0.0008978583,0.0077477023,0.0031629875,0.0036713742,0.002508875,0.00286011,0.0034655295,-0.00051056594,0.0048297616,0.0024462566,0.0015676934,-0.0007142499,0.0009274483,0.0036764517,0.0016407873,-0.0010558218,0.0057342798,0.0014691129,-0.00069915503,0.0007032454,0.99177676,0.9965334,0.9971033,0.9950309,0.99485004,0.9970179,0.9972439,0.9957057,0.9891379,0.99418557,0.9957944,0.998496,0.99695617,0.9871723,0.99696904,0.9948538,0.9942348,0.9936165,0.9955187,0.9975595
2.0,0.0004483424,0.0065758303,0.0032778792,0.0036133528,0.0024600327,0.0020635168,0.0033073537,-0.0005329177,0.004930249,0.0022782758,0.0025101677,-0.00018672645,0.0014564693,0.0026403517,0.0020307433,-0.00086921453,0.0049750023,0.0017740801,-0.0012727678,0.0002983287,0.99126303,0.995501,0.9975417,0.9954766,0.9947554,0.9963505,0.99732506,0.9953907,0.9888356,0.99418473,0.99530154,0.99827814,0.9971435,0.9872641,0.9969582,0.9949551,0.99419475,0.99329954,0.9961774,0.9977408
2.0,0.0014176667,0.009076394,0.0029998384,0.0030705184,0.0027545765,0.0043045925,0.004086785,-0.0010984093,0.0048252004,0.0025300533,0.0008440837,-0.0011959895,0.00070958585,0.003985554,0.0013927817,-0.0007305518,0.0060912743,0.0016468391,-0.0003889948,0.0010710359,0.9927393,0.9982378,0.9971177,0.99455005,0.9950739,0.99718744,0.9976644,0.9965262,0.9896277,0.9941504,0.9959668,0.99885035,0.99697155,0.986208,0.9969034,0.9947744,0.99414706,0.994041,0.99549574,0.9973895
2.0,0.0007528551,0.0073185936,0.0031480454,0.0028439723,0.0027517155,0.0032355192,0.0039423257,-0.0012652129,0.0050279615,0.0022329018,0.0023152474,-0.0003662482,0.0015779212,0.0022599027,0.0020141844,-0.00033784658,0.004844662,0.0022346005,-0.0013024472,0.00041504204,0.9920432,0.99679774,0.9978927,0.9952327,0.99495,0.996101,0.99791217,0.9961523,0.98921067,0.9941307,0.9951626,0.9985278,0.9972608,0.9861755,0.9968627,0.9949147,0.99404615,0.9935683,0.99662113,0.9976852
2.0,0.00026888773,0.0060670897,0.0032442957,0.0027046464,0.0027148686,0.0024436002,0.0038328953,-0.001389768,0.0051373933,0.0020564944,0.0033785962,0.00019428879,0.0021965653,0.0010239705,0.0024676118,-4.709512e-05,0.0039507225,0.0026255473,-0.0019377172,-3.157556e-05,0.99152,0.9957502,0.9984411,0.9956994,0.9948687,0.99529976,0.9980607,0.99587524,0.98889095,0.99412805,0.9945546,0.9983226,0.9974752,0.9861548,0.99683523,0.99504715,0.99398935,0.9932482,0.99741626,0.99787813
2.0,0.0006484948,0.006824076,0.0034714043,0.003940247,0.0023482665,0.0018481247,0.0030364003,-0.000297945,0.004786089,0.0022166595,0.0021105874,-0.00026834756,0.0010838434,0.0032851472,0.0018545017,-0.0010439605,0.0054612346,0.0015916005,-0.0010510609,0.0004209727,0.99109864,0.99572307,0.9972551,0.9953784,0.9947254,0.99668133,0.99716663,0.99518627,0.98890585,0.99421316,0.995598,0.9983071,0.99700224,0.9876203,0.99702865,0.9947253,0.9942266,0.9934685,0.99565053,0.9976589
2.0,0.03406717,0.019191995,0.012768514,-0.02440311,0.012358461,0.027009195,0.00019404292,-0.0107984245,-0.026006505,-0.009129055,-0.029699022,-0.026569635,-0.019875847,-0.0016745031,-0.01597547,0.0047053024,0.031442042,-0.0056336895,0.002127722,0.002894625,1.0075753,1.0501306,1.038944,0.9558361,1.0064046,1.030565,1.0028944,0.98969233,0.992772,0.98298115,0.982049,1.0017866,0.9961155,0.9801299,1.0014203,0.9843971,1.0093039,1.0079213,0.97913593,0.9672615
2.0,0.0005759299,0.006857984,0.0031840876,0.0027904212,0.002741523,0.002947422,0.0039025508,-0.0013113767,0.0050715115,0.002164334,0.0027042702,-0.0001571998,0.0018058643,0.0018064007,0.0021800157,-0.00023208559,0.0045163296,0.0023816228,-0.0015377626,0.00024822354,0.99185336,0.9964143,0.99809474,0.99540657,0.9949197,0.9958092,0.9979698,0.99605143,0.9890954,0.9941283,0.9949429,0.99845016,0.9973384,0.98616767,0.996853,0.99496,0.9940233,0.99344915,0.9969145,0.9977582
2.0,0.0012427941,0.008610524,0.003039278,0.0030075498,0.0027580261,0.0040254993,0.0040493384,-0.0011451617,0.0048823366,0.0024469718,0.0012306981,-0.0009733364,0.0009406954,0.0035295635,0.0015568137,-0.00062799454,0.0057607405,0.0018072352,-0.0006333068,0.0008936003,0.99255806,0.9978582,0.99732447,0.99473435,0.9950412,0.9969026,0.9977349,0.99642825,0.98952025,0.9941428,0.9957584,0.9987625,0.9970462,0.986199,0.9968937,0.994808,0.9941175,0.9939146,0.9957962,0.99747103
2.0,-0.00037083402,0.0044493824,0.0033548437,0.0025567561,0.0026149638,0.0013748945,0.0036810022,-0.0015575103,0.005222311,0.0018816143,0.0047783647,0.0008718446,0.0029959977,-0.0005893111,0.0030696504,0.0003444031,0.0027851723,0.0030879974,-0.0027373582,-0.0005771294,0.9908035,0.9943646,0.9991477,0.996271,0.9947749,0.9942212,0.9982107,0.99550027,0.9884437,0.99414146,0.9937134,0.99809355,0.9977674,0.98612934,0.9968032,0.99526846,0.9939396,0.99285954,0.9984368,0.99809843
2.0,0.0010048635,0.007979482,0.0030939318,0.00292518,0.0027589984,0.0036430743,0.003997743,-0.0012014024,0.0049577057,0.0023383424,0.0017592665,-0.0006729588,0.0012513474,0.0029098764,0.0017785355,-0.00048760325,0.0053145215,0.0020184591,-0.0009617433,0.0006580353,0.99230987,0.9973432,0.99760187,0.9949794,0.99499553,0.9965146,0.99782395,0.99629486,0.98937154,0.99413604,0.99547136,0.9986447,0.99715054,0.9861872,0.99687797,0.9948562,0.99408144,0.9937431,0.9961992,0.99757713
2.0,0.00056587905,0.0068322867,0.0031864457,0.0027875043,0.0027411543,0.002931062,0.0039005242,-0.0013130382,0.0050743874,0.0021605566,0.0027267039,-0.0001450926,0.0018183067,0.0017805398,0.0021892227,-0.00022603571,0.0044979826,0.0023895279,-0.001550883,0.0002392605,0.99184275,0.996393,0.99810594,0.99541616,0.9949177,0.9957926,0.9979729,0.9960458,0.9890889,0.9941284,0.99493027,0.9984454,0.99734306,0.9861672,0.9968519,0.99496263,0.99402237,0.9934421,0.9969307,0.99776214
2.0,0.0010017455,0.007971413,0.0030946322,0.002924163,0.0027589835,0.0036381006,0.003997119,-0.0012021326,0.0049586776,0.0023369938,0.0017661061,-0.0006691143,0.001255326,0.0029018745,0.0017814152,-0.0004857555,0.0053087436,0.0020211264,-0.0009659305,0.0006550774,0.99230665,0.9973366,0.99760544,0.9949825,0.99499494,0.9965095,0.99782515,0.99629307,0.9893696,0.9941359,0.99546754,0.99864316,0.997152,0.9861871,0.99687773,0.9948569,0.99408096,0.993741,0.99620444,0.99757844
2.0,0.0005957261,0.0069096535,0.0031804144,0.0027962774,0.0027431287,0.0029797645,0.003907241,-0.0013053901,0.0050673145,0.0021717325,0.0026611015,-0.00018002093,0.0017800331,0.0018568784,0.0021612793,-0.00024393201,0.004553184,0.0023651272,-0.001511503,0.00026703626,0.9918748,0.9964575,0.99807215,0.99538714,0.99492276,0.99584204,0.9979635,0.9960628,0.98910844,0.99412876,0.9949676,0.99845827,0.99732995,0.9861686,0.9968536,0.99495476,0.99402606,0.9934621,0.99688154,0.9977501
2.0,0.0007895529,0.0074144676,0.0031403117,0.0028554462,0.0027532727,0.0032950507,0.0039504524,-0.001255881,0.0050182715,0.0022476912,0.0022344068,-0.00041028112,0.0015305504,0.0023542643,0.0019798558,-0.00035972893,0.004912887,0.0022036508,-0.0012532361,0.00045000017,0.99208224,0.99687713,0.9978505,0.99519616,0.99495655,0.99616146,0.99789983,0.99617314,0.9892344,0.99413127,0.99520797,0.9985444,0.9972446,0.98617715,0.996865,0.99490577,0.99405104,0.9935934,0.9965601,0.9976699
2.0,0.0005580224,0.0068119243,0.0031880215,0.0027851835,0.002740603,0.002918232,0.0038987584,-0.0013150536,0.005076218,0.0021576285,0.0027439669,-0.00013593584,0.0018283576,0.0017604753,0.0021965783,-0.0002213344,0.0044834614,0.0023959354,-0.0015612394,0.00023195893,0.99183434,0.996376,0.9981149,0.9954238,0.9949164,0.9957797,0.9979754,0.9960413,0.9890837,0.9941284,0.9949204,0.99844205,0.9973465,0.98616695,0.99685144,0.9949648,0.9940214,0.9934369,0.99694365,0.99776536
2.0,6.016344e-05,0.0055346787,0.0032825544,0.002651669,0.002689056,0.002097905,0.0037843585,-0.0014441721,0.0051731984,0.0019917414,0.0038357936,0.00042375922,0.0024597421,0.0004953891,0.0026636347,7.968396e-05,0.0035684966,0.0027836338,-0.002203729,-0.00021547079,0.9912896,0.9952983,0.99867374,0.995892,0.9948362,0.9949506,0.9981157,0.9957541,0.98874843,0.9941303,0.9942853,0.9982423,0.99756914,0.9861463,0.996824,0.99511313,0.99396974,0.9931168,0.99775296,0.9979547
2.0,0.00030657277,0.0061636493,0.0032371879,0.0027146712,0.0027188696,0.0025057213,0.0038415715,-0.0013799928,0.0051301564,0.002068922,0.0032959748,0.0001520738,0.0021488369,0.0011196509,0.00243227,-6.98939e-05,0.0040199272,0.0025963262,-0.0018891618,2.1979213e-06,0.9915612,0.9958318,0.99839884,0.99566406,0.9948747,0.9953625,0.9980502,0.995897,0.9889164,0.9941279,0.99460274,0.9983376,0.9974583,0.9861563,0.99683726,0.9950359,0.99399316,0.9932723,0.99735504,0.9978638
2.0,0.00045583025,0.0065474734,0.0032079443,0.0027558133,0.002732467,0.0027509595,0.0038754772,-0.0013424009,0.0050987788,0.0021204948,0.0029680952,-1.8052757e-05,0.0019594207,0.0014997274,0.002292553,-0.00015994906,0.0042944513,0.002478741,-0.0016954243,0.0001373291,0.9917236,0.9961543,0.9982309,0.9955225,0.99489945,0.9956103,0.99800676,0.99598265,0.98901623,0.9941276,0.994792,0.9983992,0.99739164,0.9861626,0.9968461,0.9949928,0.9940092,0.99336964,0.99711186,0.9978062
2.0,0.00014498457,0.005750537,0.0032672584,0.0026726685,0.002700299,0.0022387172,0.0038041994,-0.0014220215,0.0051595373,0.002017215,0.003650058,0.00033143908,0.0023530647,0.0007098913,0.0025839359,2.8051436e-05,0.0037236027,0.002720192,-0.0020962171,-0.00014139712,0.9913835,0.99548197,0.9985795,0.9958143,0.9948492,0.9950928,0.998094,0.9958035,0.9888066,0.9941291,0.99439526,0.9982744,0.9975308,0.98614967,0.99682856,0.9950856,0.99397737,0.99316967,0.9976165,0.9979241
2.0,-0.0032991245,-0.0018141121,0.0030617528,0.0030011758,0.00088506564,-0.0036701667,0.002832245,-0.0021240823,0.0036461274,0.002962239,0.0109671615,0.0018812194,0.0058178157,-0.007469192,0.0057878494,0.00201191,-0.0020784289,0.0032735243,-0.005091984,-0.0018159598,0.9871397,0.9880846,1.0020075,0.99729806,0.9948484,0.9890403,0.9975076,0.99335456,0.98576534,0.9944893,0.98877347,0.9980847,0.99935603,0.98612994,0.99695474,0.99784136,0.99464315,0.9919415,1.0022832,0.99800414
2.0,0.0015993565,0.012369141,0.0016306192,0.004743438,0.0024033077,0.004820059,0.004369259,-0.001258295,0.0044519226,0.0042776093,-0.0007969178,-0.0033384487,-0.0008248538,0.0072048977,0.0006986521,-0.0016829371,0.00739358,-0.00022586435,0.0019188784,0.0020121038,0.9925297,0.9986075,0.9957396,0.9936165,0.995183,0.9986272,0.9970894,0.99687153,0.9895244,0.99431825,0.9965934,0.9996101,0.99562883,0.9873477,0.9965883,0.99620986,0.9946404,0.9945938,0.9935405,0.99747545
2.0,3.0480325e-05,0.005459331,0.0032878406,0.0026444905,0.0026848651,0.0020485113,0.0037773717,-0.0014519282,0.005177698,0.0019831061,0.0039007626,0.00045576692,0.0024970025,0.0004203841,0.0026915446,9.779632e-05,0.0035142899,0.0028055832,-0.0022411793,-0.00024118274,0.9912565,0.9952341,0.99870676,0.99591887,0.9948317,0.99490076,0.9981231,0.9957367,0.9887278,0.9941308,0.99424666,0.99823135,0.99758273,0.9861451,0.9968226,0.995123,0.9939671,0.9930985,0.9978006,0.99796516
2.0,-0.001319766,0.001995504,0.0026616193,3.2756478e-05,0.0031985156,0.0021348728,0.005148137,-0.003885202,0.0055890316,0.0015164912,0.0077405404,0.0017631799,0.0053923503,-0.0060010403,0.0047232434,0.0028441101,-0.0009502433,0.005295366,-0.0045217574,-0.0015869737,0.991392,0.9939726,1.0018954,0.9966922,0.9951078,0.9911043,0.9997332,0.9964494,0.9880858,0.993793,0.9909305,0.9981366,0.9989118,0.9830652,0.99663687,0.9959862,0.9935988,0.99250627,1.0022185,0.99847615
2.0,-0.00023692846,0.004784584,0.0033333898,0.0025840625,0.0026411414,0.0016009707,0.0037136078,-0.001522176,0.0052108816,0.0019122884,0.0044856146,0.000736475,0.0028304309,-0.00025315583,0.002943283,0.00026170164,0.0030277371,0.0029967725,-0.002573859,-0.00046747923,0.9909561,0.9946549,0.9990014,0.9961561,0.99479306,0.99444926,0.99818397,0.9955797,0.98853993,0.994137,0.99389356,0.9981373,0.9977052,0.9861345,0.9968094,0.9952172,0.99394727,0.9929373,0.998226,0.99805593
2.0,0.00032690167,0.0062158257,0.0032333173,0.0027201436,0.0027209371,0.0025391972,0.0038462393,-0.0013747215,0.00512616,0.0020757318,0.0032514166,0.00012920797,0.002123028,0.001171276,0.0024132133,-8.2165e-05,0.004057277,0.0025804564,-0.0018629357,2.0489097e-05,0.99158347,0.99587566,0.99837595,0.9956449,0.99487793,0.9953963,0.9980444,0.9959086,0.98893005,0.9941278,0.9946286,0.9983458,0.9974492,0.9861571,0.99683845,0.9950298,0.9939953,0.9932854,0.99732196,0.9978561
2.0,0.00019871071,0.005887598,0.0032573864,0.0026863366,0.002706889,0.002327672,0.0038166698,-0.0014080293,0.0051502455,0.0020339563,0.0035323761,0.00027230382,0.0022853017,0.0008459538,0.0025334898,-4.5597553e-06,0.0038220026,0.00267943,-0.002027683,-9.3996525e-05,0.9914428,0.99559826,0.9985196,0.9957647,0.9948575,0.99518263,0.99807984,0.99583465,0.9888434,0.99412864,0.9944646,0.99829507,0.9975066,0.98615193,0.9968314,0.99506867,0.9939823,0.9932035,0.99752986,0.9979043
2.0,0.00023605675,0.0066577494,0.002937831,0.0033716746,0.0025442913,0.0022599322,0.0036787093,-0.0012118667,0.0050019985,0.0024802089,0.0029172432,-0.00029057264,0.0017719567,0.0020133555,0.0022923015,-0.0004850477,0.0043647625,0.0020375624,-0.001364585,0.00015482306,0.99129766,0.9954798,0.99798054,0.9955587,0.9948491,0.9957784,0.9977562,0.99568117,0.9887874,0.9941529,0.9948208,0.9984381,0.99710435,0.9867881,0.9968548,0.9953687,0.9941321,0.9933115,0.996781,0.99794436
2.0,0.000371404,0.0064380094,0.003195271,0.0033089258,0.002555579,0.0022600128,0.003501378,-0.0008330643,0.0050202585,0.002239965,0.0027921833,-8.726865e-05,0.0017063394,0.002098076,0.002174411,-0.0005992651,0.0046236105,0.002038993,-0.0014696978,0.00017075986,0.9913881,0.9955968,0.997848,0.99553394,0.9948008,0.99601763,0.9975702,0.99557686,0.9888633,0.99416023,0.9950336,0.99830425,0.9972334,0.98686886,0.9969219,0.99502206,0.99412304,0.99325985,0.99658746,0.99780023
2.0,0.00028593093,0.0062579364,0.0031919219,0.0033269487,0.0025397614,0.0021156038,0.0034704413,-0.00083259866,0.005033293,0.0022370964,0.0029504858,-1.9088387e-05,0.0017842129,0.0019464791,0.0022377092,-0.00058081,0.004498452,0.0020632818,-0.001542218,0.000104129314,0.99128425,0.99539965,0.9979098,0.9956021,0.99478376,0.9959158,0.997569,0.9955194,0.9888031,0.9941638,0.9949457,0.99827415,0.99724805,0.9869057,0.99691737,0.9950652,0.99412364,0.9932034,0.9966799,0.9978342
2.0,0.00028275698,0.006372787,0.0030906647,0.003253337,0.0025803,0.0022729773,0.003567189,-0.00096341595,0.005060631,0.0022886023,0.0029729512,-7.4885786e-05,0.0018114746,0.0018681139,0.0022515561,-0.00050868094,0.004427407,0.0020963624,-0.0015145019,9.007752e-05,0.9913567,0.99551386,0.99797577,0.99556774,0.99481064,0.99586666,0.9976482,0.995638,0.9888345,0.9941605,0.99487275,0.998322,0.9972255,0.9867619,0.9968937,0.9951406,0.9941082,0.9932132,0.99675477,0.9978542
2.0,0.0001722239,0.0050873607,0.003803417,0.0025224052,0.0026133135,0.0015056145,0.0035728998,-0.00156359,0.005068251,0.0015679747,0.0041130017,0.00080388784,0.0025735646,6.663799e-05,0.0028178077,0.0003991723,0.003405843,0.003217183,-0.002604477,-0.00030498207,0.9909274,0.995392,0.9989216,0.99608624,0.9947915,0.9945051,0.9983559,0.995609,0.9887752,0.99414647,0.9941462,0.99820566,0.9977452,0.9860614,0.99686426,0.99475086,0.9938748,0.99327034,0.99797803,0.9979593
2.0,0.0009423904,0.007815167,0.0031076074,0.002904527,0.002757948,0.0035423615,0.0039841365,-0.0012171157,0.004975953,0.0023113936,0.0018972419,-0.00059601665,0.001332514,0.0027483627,0.0018369127,-0.00045058876,0.005197797,0.0020727739,-0.0010467768,0.0005972013,0.99224406,0.99720806,0.9976743,0.99504274,0.99498403,0.9964123,0.99784654,0.9962596,0.98933196,0.9941345,0.99539536,0.99861515,0.9971778,0.98618424,0.99687415,0.9948701,0.9940723,0.99369925,0.9963042,0.99760437
2.0,-5.2515417e-05,0.005249083,0.0033023655,0.0026249103,0.0026724786,0.0019101196,0.0037577637,-0.0014736839,0.0051893997,0.0019597858,0.0040823743,0.0005443394,0.0026009157,0.00021095574,0.002769623,0.00014850497,0.0033629425,0.0028661713,-0.0023453198,-0.00031244755,0.9911638,0.9950543,0.9987986,0.99599355,0.99481934,0.99476105,0.9981431,0.9956882,0.98867005,0.99413234,0.99413794,0.99820125,0.99762046,0.98614186,0.99681836,0.9951511,0.9939603,0.99304765,0.99793327,0.9979941
2.0,0.0002879314,0.006115921,0.003240697,0.002709709,0.00271691,0.0024750025,0.0038372856,-0.0013848282,0.005133763,0.0020627528,0.0033368487,0.00017298758,0.002172418,0.0010723248,0.002449751,-5.8613718e-05,0.0039856993,0.0026107952,-0.0019131899,-1.4521182e-05,0.99154073,0.9957913,0.99841964,0.9956815,0.9948718,0.9953315,0.99805546,0.99588615,0.9889038,0.99412805,0.99457896,0.99833024,0.9974666,0.9861555,0.9968363,0.9950413,0.99399126,0.9932603,0.9973853,0.99787086
2.0,0.00075672194,0.007328719,0.0031472258,0.0028451867,0.0027518943,0.0032418056,0.0039431695,-0.0012642294,0.005026948,0.002234444,0.002306737,-0.0003708899,0.0015729293,0.0022698492,0.0020105634,-0.0003401488,0.0048518553,0.0022313371,-0.0012972653,0.00041871518,0.9920472,0.9968061,0.99788815,0.9952289,0.9949507,0.99610746,0.99791086,0.99615455,0.98921317,0.9941308,0.9951675,0.9985295,0.997259,0.9861757,0.99686295,0.99491376,0.9940466,0.9935709,0.9966147,0.9976837
2.0,0.0015293881,0.009385005,0.0029697753,0.0031160228,0.0027492866,0.0044835135,0.0041130017,-0.001074601,0.004784567,0.0025907755,0.0005923435,-0.0013477206,0.00055874884,0.004285656,0.001288075,-0.00079678,0.006304186,0.0015392601,-0.00022571906,0.001188241,0.9928531,0.99848056,0.99698293,0.9944295,0.99509686,0.9973697,0.9976189,0.9965902,0.9896947,0.99415576,0.99609923,0.99891156,0.99691963,0.9862157,0.9969089,0.99476,0.9941674,0.9941264,0.99530035,0.9973377
2.0,-0.0027774684,-0.0026414245,0.0035691485,0.0010833107,0.00092902035,-0.0033410245,0.0033804365,-0.0036042072,0.0032839319,0.0021511838,0.012001239,0.0023126751,0.0070464015,-0.010464355,0.006436527,0.0039078705,-0.0033476874,0.0049586147,-0.0061957166,-0.0018271953,0.9873708,0.9893206,1.0037577,0.9970528,0.99521244,0.9872765,0.9985825,0.9942443,0.9857336,0.99446815,0.9872719,0.9984627,1.0002065,0.9837939,0.99683344,0.99744684,0.9943131,0.9924994,1.0039438,0.997549
2.0,-0.0030798502,-0.0022878945,0.003237132,0.002044931,0.00088455155,-0.0034920794,0.0030795988,-0.0028943531,0.003452586,0.0026005805,0.011559941,0.0020871311,0.006461665,-0.00913256,0.006160967,0.0030202828,-0.0028067194,0.0041111484,-0.0056642517,-0.0018821657,0.9872354,0.98871833,1.0029621,0.99714434,0.99504024,0.9880697,0.99804556,0.9937992,0.9857591,0.99449086,0.98788345,0.99831915,0.99979544,0.98487085,0.9969407,0.99769676,0.99447536,0.9921914,1.0031589,0.9977836
2.0,-0.00036732852,0.0127467215,-0.0010349192,0.010359608,0.00083651766,0.0004135,0.0018705502,0.0017637499,0.004074464,0.007108122,-0.00090207905,-0.005212277,-0.0030468255,0.011897445,-4.538521e-05,-0.0053634346,0.008496877,-0.0047851577,0.004784189,0.0018389374,0.9887801,0.9926071,0.9929146,0.99359614,0.9944231,1.001364,0.99354124,0.99388146,0.98777264,0.9945434,0.9970803,0.999221,0.99351865,0.993495,0.9968425,0.99897444,0.996121,0.99324155,0.98956996,0.99825495
2.0,0.0016856715,0.010005161,0.0027391165,0.0029031038,0.0028547086,0.0051656943,0.004414674,-0.0012369342,0.0048264363,0.0027605593,0.00026716106,-0.0016653463,0.0004975647,0.0044617206,0.0011654906,-0.0007843971,0.006426301,0.0014611408,-1.6290694e-05,0.0013814941,0.9933139,0.99901307,0.99690366,0.99418974,0.99517226,0.99754936,0.9976724,0.9969864,0.9898477,0.99414253,0.9961819,0.99905455,0.9969225,0.98586404,0.9968694,0.99489164,0.9941706,0.9942128,0.99526525,0.99728495
2.0,0.0024517253,0.011993185,0.0026172064,0.0030156188,0.0028270856,0.006422392,0.004659964,-0.0013012998,0.0045342697,0.0030787364,-0.0012657829,-0.0025818348,-0.0004144013,0.0061682314,0.00054720044,-0.0009794608,0.0077102073,0.0009609014,0.0009216517,0.0021146908,0.9941188,1.0008783,0.99620265,0.99339896,0.99537253,0.99849224,0.9975584,0.99749184,0.99035513,0.994178,0.9968988,0.99952215,0.9966603,0.98563987,0.99690926,0.994726,0.9942532,0.9948544,0.99417275,0.99693096
2.0,0.0013915077,0.008988306,0.0030184202,0.003505595,0.0026109181,0.003929942,0.0037595201,-0.00065154955,0.0047515435,0.002588302,0.0006379746,-0.0012441054,0.00048501045,0.0045083687,0.001274569,-0.0010902658,0.0064160116,0.0012994334,-0.00019752607,0.001112096,0.99249595,0.9978448,0.9967881,0.9945381,0.99499506,0.9975696,0.99728876,0.9961855,0.98952264,0.9941713,0.9962022,0.9987674,0.9968518,0.9867773,0.9969827,0.99473363,0.99423385,0.9939689,0.99502194,0.99735636
2.0,0.0017545857,0.009984225,0.0029181838,0.0031999797,0.0027365796,0.0048392015,0.004157895,-0.001016058,0.00470217,0.0027030483,9.273924e-05,-0.001640901,0.00026167184,0.004874043,0.0010781568,-0.0009267777,0.0067317076,0.001328364,9.14745e-05,0.0014209151,0.9930832,0.9989686,0.996715,0.9941875,0.99514145,0.99773335,0.9975207,0.9967132,0.98983026,0.99416727,0.9963627,0.9990307,0.9968263,0.98622674,0.99692476,0.99471956,0.99420744,0.99429435,0.9949104,0.99722743
2.0,0.0014036633,0.009101324,0.0029726103,0.003103476,0.002748277,0.0042872652,0.0040888023,-0.0011033043,0.004824421,0.002561368,0.00084920786,-0.001220569,0.00069835037,0.004011221,0.0013936982,-0.00074338913,0.0060867555,0.0016188845,-0.00036097318,0.0010722354,0.99271375,0.99820316,0.99710685,0.9945478,0.9950721,0.9971934,0.9976569,0.99652535,0.9896135,0.9941546,0.9959596,0.9988572,0.9969465,0.986235,0.99689347,0.99481136,0.9941548,0.9940381,0.9954814,0.9973998
2.0,-0.0021361075,0.0014565215,0.003794834,0.0069202855,-0.0032610483,-0.007670329,8.403137e-05,0.0014102906,-0.0020225625,0.007256143,0.010043349,-0.0030938461,0.0033184066,-0.005666986,0.0047036353,-0.0010284409,0.0012582801,-0.003131643,-0.003744021,0.0022808537,0.9843613,0.98688316,1.000743,0.99386287,0.99528867,0.98899275,0.9937689,0.9920693,0.9845561,0.9958565,0.9869392,0.99977326,1.0014231,0.9887765,0.99792206,1.0018884,0.9977619,0.9930553,0.9996316,0.994666
2.0,0.00045494363,0.006685175,0.0031457506,0.0028161518,0.002717428,0.0027683403,0.003907472,-0.0014133118,0.005071951,0.0021984205,0.0029060617,-0.00011757761,0.0019185543,0.0016100109,0.0022877492,-0.00017665327,0.0043121576,0.0024300963,-0.0016129278,0.00017030537,0.9917106,0.99616086,0.9982028,0.99550194,0.9949158,0.99562526,0.9980227,0.99600226,0.9890082,0.9941258,0.99480045,0.998446,0.99733174,0.9861912,0.99683595,0.99507153,0.99401975,0.99341077,0.9970777,0.9978286
2.0,0.001731813,0.009612173,0.003170874,0.003329683,0.0026574843,0.0043604635,0.0039244574,-0.00093851984,0.004623674,0.0025121942,0.000240786,-0.0014126524,0.00023590773,0.004806921,0.0011498239,-0.00087537616,0.00671174,0.0014410242,-5.3282827e-05,0.0013187379,0.9927671,0.9987923,0.99676657,0.99432325,0.9950982,0.99760234,0.9975288,0.99643284,0.9897822,0.99416786,0.99633837,0.9989566,0.99683607,0.98643404,0.9969785,0.9945246,0.9941931,0.99432206,0.9948888,0.9972427
2.0,0.0017967261,0.010098636,0.002907645,0.0032168701,0.0027334616,0.004905792,0.0041667093,-0.0010058619,0.0046858946,0.0027257428,-1.5832484e-06,-0.0016976818,0.00020524114,0.0049859434,0.0010387991,-0.0009511858,0.0068122707,0.0012875721,0.0001524426,0.0014654994,0.99312586,0.99906015,0.9966642,0.99414134,0.99515015,0.9978014,0.99750185,0.9967366,0.9898553,0.99416965,0.9964117,0.99905396,0.9968081,0.9862291,0.9969275,0.99471354,0.9942154,0.99432665,0.99483645,0.9972066
2.0,0.0013984106,0.008676738,0.0032852776,0.0031051748,0.0026958324,0.003836979,0.0039025974,-0.0011227913,0.0047564576,0.002299644,0.0010766797,-0.00092610717,0.0007478446,0.0037620738,0.0015073717,-0.00058084726,0.005975429,0.0018624589,-0.0006101765,0.0009492412,0.9924293,0.998123,0.9972606,0.9947109,0.9950401,0.9969305,0.9977676,0.9963046,0.9895948,0.994151,0.9958713,0.9987893,0.9970204,0.98629695,0.99693984,0.9945736,0.9941089,0.99408835,0.99559945,0.9974177
2.0,0.0024418049,0.012188658,0.0024045967,0.002468817,0.0030303784,0.0070680883,0.00511368,-0.001726903,0.004709051,0.0031301305,-0.0010905713,-0.0026449934,-8.79243e-05,0.0055710003,0.0006441083,-0.0006962195,0.0073131137,0.0012270585,0.0007497296,0.0021098778,0.994582,1.0012301,0.99650604,0.9933567,0.99544865,0.99819124,0.99787813,0.9980069,0.99046296,0.99414396,0.99665767,0.99960834,0.9968339,0.9849512,0.9968195,0.9949212,0.9941742,0.99481803,0.9947235,0.99698853
2.0,0.0010572337,0.008593589,0.0024669655,0.0015641339,0.003280688,0.0054198904,0.005142126,-0.0024592355,0.005331035,0.002445288,0.002086265,-0.00087899715,0.0019182563,0.0014897808,0.0020278841,0.00041224062,0.0043772794,0.0027710423,-0.0012443624,0.00058633834,0.99351305,0.9985949,0.9984462,0.9947573,0.9952578,0.9957791,0.99873394,0.9975646,0.98973393,0.9940049,0.99478924,0.99894196,0.9974492,0.98434037,0.9966978,0.99525017,0.9938564,0.9937801,0.99746186,0.9977063
2.0,0.002627015,0.01238177,0.0027020164,0.004146129,0.0024464019,0.0057436014,0.0039492603,-0.00029355288,0.0042085885,0.0033175051,-0.0021788105,-0.0029836074,-0.0012462363,0.007946514,0.000105144456,-0.0018572509,0.00885446,-7.905066e-06,0.0016997866,0.0024674237,0.99362,1.000426,0.9952097,0.9931509,0.9952385,0.9996323,0.99663305,0.9967914,0.99019605,0.99426603,0.9976556,0.9994765,0.9962619,0.98699546,0.9970546,0.99459237,0.9945081,0.9949537,0.99271095,0.99671584
2.0,0.0009807795,0.007770844,0.0033095926,0.0035512298,0.0025313273,0.0028849307,0.0035064146,-0.0005981177,0.004796512,0.0023423955,0.0015646704,-0.0006581843,0.00093794614,0.0036026984,0.0016475469,-0.00095020235,0.005735915,0.0016047433,-0.0007775575,0.00074103475,0.99180645,0.9967335,0.99716175,0.9950393,0.9948668,0.99692285,0.9973496,0.995759,0.98919004,0.99418855,0.9958042,0.9985092,0.9970235,0.98704684,0.9969563,0.99474585,0.9942098,0.99370927,0.9956011,0.99752235
2.0,0.0010847896,0.008050188,0.0032754801,0.003554009,0.0025441572,0.0030889318,0.0035534725,-0.0006043501,0.0047730883,0.0023865104,0.0013473313,-0.0007858202,0.0008197874,0.003832236,0.0015590936,-0.0009849444,0.0059062354,0.0015373603,-0.00064511225,0.00083616376,0.9919388,0.9969876,0.9970666,0.99493074,0.99489295,0.99706995,0.99733627,0.99584216,0.9892634,0.9941883,0.9959104,0.9985656,0.99698377,0.9870073,0.9969588,0.99472755,0.9942184,0.99378484,0.9954576,0.9974788
2.0,0.0004354529,0.00686875,0.002601266,0.0012369715,0.00329661,0.004482842,0.005070731,-0.0027410612,0.0054970146,0.0021301806,0.0035347715,-7.5764954e-05,0.0027934313,-0.00032069534,0.0026729368,0.0009325072,0.0030939244,0.003439203,-0.0021429881,-5.2072108e-05,0.992903,0.9973357,0.9992919,0.99537706,0.995175,0.99464065,0.99903595,0.997236,0.9893443,0.9939653,0.9939247,0.99866176,0.99776155,0.9841522,0.9966635,0.9953552,0.99374926,0.99338126,0.99863625,0.99796313
2.0,0.0011461489,0.008103356,0.0033558905,0.003558278,0.0025345907,0.003079383,0.0035397448,-0.000579156,0.004736731,0.0023495927,0.0012654122,-0.0007923171,0.00076744705,0.0039276853,0.0015283078,-0.0009961873,0.0059893057,0.0015386418,-0.0006328821,0.0008916855,0.991949,0.99707294,0.99701923,0.99491256,0.9948938,0.99710816,0.99732864,0.9958299,0.98928475,0.99418974,0.9959812,0.9985685,0.99700034,0.98702824,0.99696547,0.994661,0.99422467,0.993839,0.99540097,0.9974472
2.0,-0.000373248,0.0044433326,0.0033552237,0.0025562756,0.002614461,0.0013707976,0.0036804136,-0.0015581399,0.005222487,0.0018810853,0.0047836453,0.0008742362,0.0029989928,-0.00059533864,0.003071934,0.0003458932,0.00278081,0.003089629,-0.0027402826,-0.0005790889,0.9908008,0.9943594,0.99915034,0.99627316,0.9947745,0.9942172,0.9982112,0.99549884,0.98844206,0.99414146,0.99371016,0.9980927,0.9977686,0.9861292,0.9968031,0.9952694,0.99393946,0.9928581,0.9984405,0.99809915
2.0,-6.4793974e-05,0.004890755,0.0036768503,0.003369946,0.0023660995,0.0008454707,0.0030765291,-0.00077785924,0.0049934955,0.0018644035,0.0039252844,0.0006707981,0.002250895,0.00093382597,0.0026475992,-0.00033298135,0.0038443655,0.0024684072,-0.002247192,-0.0002752021,0.9904664,0.994373,0.99834394,0.99612504,0.99464893,0.9951215,0.9976526,0.995007,0.9884861,0.9942072,0.99448466,0.9980464,0.99749494,0.9871511,0.9969433,0.9949285,0.9940709,0.9930201,0.9972569,0.9979591
2.0,0.0004858598,0.00662522,0.003202416,0.0027643181,0.0027352348,0.0028002004,0.0038824473,-0.0013336502,0.005092685,0.0021311864,0.002902519,-5.221367e-05,0.0019206777,0.0015761554,0.0022641812,-0.00017798692,0.0043501295,0.0024543628,-0.0016560555,0.00016525388,0.9917563,0.99621975,0.9981967,0.9954935,0.9949041,0.99566025,0.9979977,0.996,0.98903614,0.9941279,0.9948299,0.99841136,0.9973785,0.9861639,0.9968473,0.9949844,0.9940129,0.993389,0.9970622,0.99779415
2.0,0.00031301752,0.0061802194,0.003235966,0.0027163997,0.0027195327,0.0025163393,0.0038430505,-0.0013783127,0.005128901,0.0020710975,0.0032818355,0.00014483929,0.0021406487,0.0011360124,0.0024262182,-7.3798e-05,0.004031781,0.0025912896,-0.0018808432,8.001924e-06,0.99156827,0.99584574,0.99839157,0.995658,0.99487567,0.99537325,0.9980484,0.9959007,0.9889208,0.9941279,0.9946109,0.99834025,0.9974554,0.9861565,0.9968376,0.99503386,0.9939939,0.9932765,0.9973446,0.9978613
2.0,-0.0022043064,-0.0003632158,0.0036158077,0.0045370236,-0.002024904,-0.006338644,0.0012241174,-0.0007743351,-0.00069944747,0.005486816,0.0112240575,-0.0014434233,0.0050098523,-0.008541867,0.00558945,0.001389388,-0.00093273073,-4.8600137e-05,-0.004667498,0.00090970844,0.9850276,0.9878301,1.0024673,0.99451023,0.9954679,0.9877089,0.99544996,0.9928955,0.98465985,0.995414,0.9861582,0.99971485,1.0011832,0.9862852,0.9976187,1.0005189,0.9965692,0.9931919,1.0014797,0.99537313
2.0,-0.0003501065,0.004501149,0.0033515915,0.0025608577,0.002619207,0.0014099784,0.003686091,-0.0015520416,0.0052207867,0.0018861443,0.0047330502,0.0008511245,0.0029704273,-0.0005372837,0.0030500703,0.0003315583,0.002822671,0.0030740872,-0.0027121827,-0.00056032836,0.99082726,0.9944096,0.99912506,0.99625343,0.9947776,0.9942567,0.99820673,0.99551266,0.98845875,0.9941406,0.9937416,0.9981001,0.99775773,0.9861302,0.99680406,0.99526036,0.9939406,0.9928714,0.9984042,0.998092
2.0,0.000376869,0.006344244,0.0032237433,0.002733767,0.0027258024,0.0026213897,0.0038576704,-0.0013617836,0.0051160743,0.0020927265,0.0031418,7.264316e-05,0.0020595714,0.0012983754,0.0023663417,-0.000112339854,0.0041492097,0.0025412068,-0.0017981939,6.566942e-05,0.991638,0.99598384,0.99831975,0.99559754,0.99488616,0.99547946,0.99803007,0.9959374,0.9889636,0.9941278,0.9946921,0.99836606,0.997427,0.98615915,0.9968412,0.99501514,0.9940006,0.9933177,0.99724054,0.99783695
2.0,0.0018126778,0.0101419315,0.0029036663,0.003223285,0.002732221,0.0049309516,0.0041700304,-0.0010020174,0.004679698,0.002734378,-3.7269667e-05,-0.0017191991,0.00018390268,0.0050282925,0.0010239054,-0.0009604171,0.006842766,0.0012721047,0.00017552078,0.0014823973,0.9931419,0.9990948,0.9966449,0.9941239,0.99515337,0.9978272,0.9974947,0.9967454,0.98986465,0.9941706,0.9964303,0.9990629,0.9968013,0.9862301,0.99692845,0.9947113,0.9942184,0.9943389,0.9948084,0.99719876
2.0,-0.0023132674,-0.00034623593,0.0026633553,0.00054498017,0.0022112392,-0.000824817,0.004434945,-0.004436154,0.00469657,0.0019130111,0.010486893,0.002128847,0.006483525,-0.008768022,0.0058406424,0.0037673675,-0.0029669665,0.005466379,-0.0053856894,-0.002146095,0.98896253,0.9913756,1.0031854,0.9970925,0.99511445,0.9886535,0.9996074,0.9955833,0.98689103,0.99410164,0.98861736,0.9984117,0.9992951,0.98317266,0.9966756,0.9970665,0.9938381,0.9923911,1.0035583,0.99847794
2.0,0.0006890297,0.007152185,0.003161326,0.0028243177,0.002748616,0.0031317917,0.0039281175,-0.0012814924,0.005044373,0.002207622,0.0024558026,-0.0002901256,0.0016601682,0.0020959899,0.0020739213,-0.00029976666,0.0047261305,0.002288036,-0.0013876855,0.00035458803,0.991975,0.9966596,0.99796563,0.9952957,0.99493885,0.99599594,0.9979334,0.996116,0.9891693,0.9941297,0.9950837,0.9984992,0.99728876,0.9861727,0.996859,0.9949306,0.99403787,0.9935249,0.99672717,0.9977119
2.0,0.0013029128,0.008769631,0.0030262507,0.0030286647,0.0027574413,0.0041214516,0.004062092,-0.0011280552,0.0048635076,0.0024746433,0.0010985155,-0.0010486543,0.0008614361,0.0036854595,0.0015002564,-0.0006633252,0.0058742315,0.0017525256,-0.0005500242,0.00095412135,0.99262065,0.99798864,0.99725354,0.9946713,0.99505216,0.9970008,0.9977107,0.9964619,0.9895574,0.9941454,0.99583024,0.99879193,0.9970209,0.986202,0.99689686,0.9947957,0.9941276,0.9939574,0.9956932,0.997443
2.0,0.0010066703,0.012565285,0.0005898401,0.006608799,0.0018926822,0.003578564,0.00345999,-1.783669e-05,0.0044241585,0.005243048,-0.0009211451,-0.0039941818,-0.0016399175,0.008862443,0.00032866,-0.0029980019,0.007945489,-0.0018801615,0.0030459203,0.0019107312,0.99135274,0.99670243,0.9946935,0.99347883,0.99490577,0.9998416,0.9957402,0.99598575,0.9889489,0.9944426,0.9968019,0.99945194,0.9948134,0.9893795,0.99664,0.9971146,0.9951046,0.9940513,0.99197394,0.9976379
2.0,0.0018078014,0.0101284385,0.0029047206,0.0032212809,0.0027324073,0.0049232403,0.0041688364,-0.0010037571,0.004681286,0.0027317032,-2.6600435e-05,-0.0017128065,0.00019074231,0.005015403,0.0010286085,-0.0009576231,0.0068332963,0.0012770221,0.00016836077,0.0014769733,0.9931369,0.999084,0.996651,0.99412936,0.99515265,0.9978192,0.99749684,0.99674255,0.9898618,0.9941701,0.9964247,0.9990604,0.9968032,0.98622984,0.99692845,0.994712,0.9942172,0.99433535,0.9948172,0.99720114
2.0,0.00067918375,0.007126592,0.0031633414,0.0028213263,0.0027480945,0.0031157664,0.0039259326,-0.0012840219,0.0050468575,0.00220377,0.0024774782,-0.0002784431,0.0016728342,0.0020707399,0.0020831376,-0.00029387325,0.0047078617,0.0022962168,-0.0014007837,0.0003453046,0.99196446,0.9966381,0.99797696,0.9953055,0.9949372,0.9959798,0.9979366,0.99611044,0.98916286,0.9941296,0.9950714,0.998495,0.9972932,0.9861722,0.9968584,0.9949331,0.99403656,0.9935182,0.9967435,0.99771595
2.0,0.0025555342,0.0121887475,0.0027075894,0.0035453588,0.0026451237,0.006093546,0.0043223817,-0.0008270517,0.0043619517,0.003170766,-0.0017125215,-0.002759941,-0.0008241981,0.007028714,0.0003301408,-0.0013860166,0.008279182,0.00051971525,0.0012805238,0.0022969693,0.9938787,1.0007104,0.9957295,0.99328434,0.9953129,0.9990219,0.9971337,0.99715316,0.99029094,0.99422455,0.9972778,0.99950284,0.99648166,0.9862785,0.9969758,0.99462897,0.99437326,0.9949312,0.9934773,0.9968129
2.0,0.00023688003,0.0059851855,0.003250301,0.002696231,0.0027113184,0.0023907612,0.0038255118,-0.0013981052,0.0051433584,0.0020460933,0.0034487396,0.00022999197,0.002237074,0.00094273686,0.0024976507,-2.770871e-05,0.0038919821,0.0026502088,-0.0019788146,-6.0126185e-05,0.9914848,0.9956809,0.99847686,0.99572927,0.99486357,0.99524635,0.9980695,0.99585664,0.98886937,0.9941283,0.9945136,0.99830997,0.99748945,0.9861535,0.99683344,0.9950569,0.9939861,0.9932278,0.9974682,0.9978902
2.0,0.0010357127,0.008061044,0.0030871108,0.0029355586,0.002759356,0.0036928144,0.004004538,-0.0011937097,0.0049485257,0.0023519322,0.00169098,-0.0007112622,0.0012110993,0.0029899105,0.0017496943,-0.0005058497,0.0053723007,0.001991406,-0.0009194836,0.0006883517,0.9923423,0.99741006,0.99756604,0.99494785,0.99500126,0.996565,0.99781275,0.9963122,0.989391,0.99413687,0.99550885,0.9986595,0.99713707,0.98618877,0.9968799,0.99484956,0.99408597,0.993765,0.99614716,0.99756354
2.0,-0.00026691705,0.004709333,0.0033382885,0.0025777817,0.0026355274,0.001550454,0.0037063416,-0.0015300624,0.0052137533,0.0019051433,0.0045511816,0.0007670969,0.002867587,-0.00032847375,0.002971556,0.0002802089,0.002973359,0.0030174702,-0.0026106723,-0.00049224496,0.99092203,0.99458987,0.99903417,0.996182,0.9947889,0.99439836,0.99819016,0.995562,0.9885186,0.99413794,0.9938535,0.9981273,0.99771905,0.98613334,0.996808,0.9952285,0.9939455,0.99291974,0.9982733,0.9980656
2.0,6.0521066e-05,0.0055355877,0.0032824986,0.0026517548,0.0026891083,0.0020984986,0.0037844423,-0.001444079,0.0051731337,0.0019918159,0.0038349982,0.0004233569,0.0024593174,0.0004962608,0.002663292,7.946789e-05,0.0035691485,0.0027833655,-0.0022032857,-0.00021517277,0.99129,0.99529916,0.9986734,0.99589163,0.9948362,0.9949512,0.9981157,0.99575436,0.98874855,0.9941303,0.99428576,0.99824244,0.997569,0.9861463,0.99682415,0.995113,0.99396974,0.99311703,0.99775237,0.9979546
2.0,0.000930205,0.00778313,0.0031102523,0.0029005297,0.0027576797,0.0035226683,0.003981447,-0.001220189,0.0049794414,0.0023061857,0.001924146,-0.0005810857,0.0013483688,0.0027168468,0.0018483102,-0.00044336915,0.0051750354,0.0020833388,-0.0010633431,0.00058538467,0.99223125,0.9971816,0.9976884,0.99505514,0.9949819,0.9963923,0.99785084,0.9962527,0.9893243,0.9941341,0.9953804,0.9986093,0.99718314,0.98618364,0.99687344,0.99487287,0.99407065,0.9936908,0.9963247,0.9976096
2.0,0.0012253895,0.0085633695,0.0030444972,0.0030009747,0.0027591214,0.0039973734,0.004045602,-0.0011460856,0.0048895436,0.0024378896,0.0012710933,-0.0009492636,0.00096294284,0.0034828112,0.0015724115,-0.00061774254,0.0057283863,0.0018225536,-0.0006579794,0.00087646395,0.9925405,0.997821,0.9973445,0.99475217,0.99503684,0.99687463,0.99774104,0.9964187,0.98950946,0.9941429,0.99573755,0.9987524,0.9970547,0.9861981,0.99689144,0.9948104,0.99411535,0.9939006,0.99582523,0.9974784
2.0,-5.8725476e-05,0.005233407,0.0033034198,0.0026234873,0.0026715025,0.0018997609,0.0037562884,-0.0014753155,0.005190231,0.0019581094,0.004095953,0.00055091083,0.0026086718,0.00019530952,0.0027754474,0.00015229732,0.0033516325,0.002870649,-0.0023530796,-0.00031773746,0.9911569,0.99504083,0.9988054,0.99599904,0.9948185,0.9947506,0.9981445,0.9956846,0.9886657,0.99413246,0.99412984,0.998199,0.9976233,0.9861416,0.996818,0.99515337,0.99395984,0.9930439,0.99794316,0.9979963
2.0,-0.0008263178,-0.0059895143,0.004758872,-0.006315239,0.0019887052,-0.0002496508,0.005913535,-0.008505579,0.0025650123,-0.0016203001,0.014046069,0.0040442646,0.010316208,-0.019607082,0.008286009,0.010400064,-0.0071198735,0.011256523,-0.009473249,-0.0020343587,0.99031174,0.99490076,1.0095499,0.99588186,0.99675024,0.9832556,1.0020307,0.9965409,0.9858521,0.9933644,0.98317724,0.99884427,1.0029438,0.97615516,0.9965704,0.9946228,0.99327105,0.99462473,1.008838,0.99585164
2.0,0.00054454803,0.004727274,0.0045418777,0.0018355027,0.0026890747,0.0013811358,0.0036096368,-0.0018890649,0.00498917,0.0008401871,0.0042340085,0.001264736,0.00281436,-0.00071067363,0.0029955339,0.0010256767,0.0031697713,0.0040649697,-0.0032439902,-0.00028011203,0.99103457,0.9961979,0.9993366,0.9961987,0.9948025,0.993926,0.99885094,0.9957557,0.9890295,0.9940722,0.99404126,0.9981767,0.9982218,0.9853987,0.996936,0.99408215,0.9936882,0.9935929,0.9984907,0.9978866
2.0,-0.0005278215,0.004171528,0.0032525621,0.0023622997,0.0026575364,0.0013771423,0.0038101915,-0.0017861016,0.005278693,0.0018910393,0.005152451,0.00097100437,0.0032606572,-0.0011484623,0.0032503996,0.0005656779,0.002374269,0.003276758,-0.0029229745,-0.00071852654,0.99078774,0.99419856,0.99943036,0.9963558,0.99479735,0.99387205,0.99835974,0.9955764,0.98837614,0.9941248,0.99340063,0.998095,0.99785,0.9858765,0.9967704,0.9954062,0.9939071,0.9927799,0.99883366,0.9981667
2.0,0.00019153953,0.0059811696,0.0032179467,0.0030574948,0.0026036724,0.0021201184,0.003603503,-0.0010843351,0.00509401,0.002147995,0.0033073872,0.00015200675,0.0020546466,0.001365073,0.0024077296,-0.00031639636,0.0041225515,0.0023487285,-0.0018013455,-2.7164817e-05,0.9912883,0.9953623,0.998218,0.9957171,0.9948055,0.9955286,0.99779236,0.9956216,0.9887828,0.9941517,0.99467796,0.9982645,0.99736995,0.9865969,0.9968758,0.99509495,0.99406135,0.9931673,0.99711293,0.99788576
2.0,-8.370355e-05,0.0044329837,0.0038561337,0.0024689808,0.0025589503,0.0010270651,0.0034998078,-0.0016331337,0.0050996984,0.0014989004,0.0046973936,0.0010740608,0.0029126108,-0.00060585886,0.0030676536,0.000560306,0.0029199906,0.0034035593,-0.0029373989,-0.0005197525,0.99060154,0.9948038,0.99921054,0.99632305,0.99474573,0.9940483,0.9984153,0.9954679,0.98858297,0.99416155,0.99379015,0.9981198,0.9978687,0.9860545,0.99684536,0.99485606,0.99385387,0.9931139,0.99839765,0.99805295
2.0,0.00018102676,0.005970545,0.0032133833,0.003089238,0.0025935136,0.0020871435,0.003584845,-0.0010615401,0.005090451,0.002158232,0.00330811,0.00014847517,0.0020452887,0.0013889521,0.0024056789,-0.00033785403,0.004130617,0.0023252666,-0.0017906912,-2.8654933e-05,0.99126375,0.99532115,0.99820185,0.9957209,0.99479985,0.99554265,0.99777097,0.9955993,0.9887706,0.994154,0.9946837,0.9982597,0.99736005,0.9866357,0.9968781,0.99510425,0.994068,0.9931591,0.99709153,0.99788874
2.0,-0.00011958927,0.005394995,0.0026265904,0.00073262304,0.00335012,0.0038513301,0.005184712,-0.0032792054,0.005638337,0.0018831715,0.004959721,0.0005918443,0.0036943033,-0.0022589937,0.003332546,0.001638107,0.0017369017,0.0041862726,-0.002987638,-0.00063332915,0.99246174,0.99641955,1.0002489,0.9958743,0.99516404,0.9933946,0.9994677,0.99713165,0.9890184,0.9939253,0.9929328,0.9985053,0.9980883,0.9836454,0.99659485,0.9955373,0.99362534,0.99309164,0.9999242,0.998186
2.0,0.0006503798,0.0026022047,0.0056027733,0.00228535,0.0020781495,-0.0021067075,0.0021407884,-0.001107499,0.0045983056,-0.00026869774,0.005229054,0.0019451231,0.0032648295,-0.0023317188,0.0037665535,0.0013722032,0.0018930696,0.004620604,-0.004320599,-0.00042583048,0.9889406,0.9945981,0.99948794,0.9966689,0.994127,0.9930137,0.99838454,0.9948416,0.9886345,0.99395984,0.9933626,0.9978342,0.99909204,0.98617977,0.9975064,0.9937002,0.99369687,0.99358565,0.9987662,0.9984225
2.0,1.0818243e-05,0.0054094717,0.0032912977,0.0026397854,0.0026820377,0.0020157762,0.0037727505,-0.0014570691,0.0051805726,0.0019774958,0.0039437767,0.0004768297,0.002521649,0.0003707409,0.002710022,0.000109799206,0.003478419,0.0028200299,-0.0022659078,-0.00025814772,0.99123466,0.9951915,0.9987286,0.9959367,0.9948287,0.99486774,0.9981279,0.99572533,0.98871416,0.99413115,0.994221,0.9982241,0.9975915,0.98614436,0.9968215,0.9951296,0.99396545,0.9930864,0.99783206,0.9979721
2.0,0.00086950883,0.007623762,0.003123328,0.0028808527,0.0027560666,0.0034245427,0.0039681066,-0.0012355708,0.00499652,0.0022805855,0.002058139,-0.0005069673,0.001427114,0.002560161,0.0019050725,-0.00040730834,0.0050617643,0.0021355823,-0.0011455677,0.00052666664,0.992167,0.9970502,0.99775845,0.99511623,0.9949708,0.9962927,0.9978723,0.99621844,0.9892856,0.9941328,0.9953062,0.99858105,0.9972096,0.98618084,0.99686974,0.99488676,0.99406195,0.9936485,0.9964266,0.9976358
2.0,-0.002355881,0.002224937,0.0029224344,0.007313654,-0.0030837022,-0.007103324,0.00059794076,0.00089119,-0.002019763,0.00784792,0.010085788,-0.0037135258,0.0029818416,-0.0054358467,0.0047454163,-0.0008953437,0.00083356723,-0.0033390373,-0.0031014197,0.0020995736,0.98444647,0.9870545,1.0008131,0.9936324,0.9953797,0.98884207,0.99389833,0.9921289,0.9847132,0.995741,0.98672426,0.9999939,1.0009644,0.9886191,0.99791586,1.0024647,0.9978505,0.99322504,0.999786,0.99492514
2.0,0.0003105402,0.0061738268,0.0032364242,0.0027157515,0.0027192794,0.0025122522,0.0038424917,-0.0013789609,0.0051293955,0.0020702407,0.0032872707,0.00014761835,0.0021438077,0.0011297166,0.0024285465,-7.228553e-05,0.00402721,0.0025932342,-0.0018840544,5.7667494e-06,0.9915656,0.9958404,0.9983944,0.99566025,0.9948753,0.9953691,0.998049,0.99589926,0.988919,0.9941279,0.9946078,0.9983393,0.9974565,0.9861564,0.9968375,0.9950347,0.99399364,0.9932748,0.99734867,0.9978623
2.0,0.00024178252,0.0059977025,0.0032493956,0.00269752,0.0027118698,0.0023988502,0.003826648,-0.0013968125,0.005142449,0.0020477027,0.0034380015,0.00022453815,0.0022308677,0.000955157,0.002493063,-3.068149e-05,0.0039009638,0.0026464537,-0.0019725226,-5.5752695e-05,0.9914902,0.99569154,0.9984715,0.99572474,0.9948644,0.9952546,0.9980682,0.9958595,0.98887265,0.9941283,0.9945198,0.9983119,0.99748737,0.9861536,0.9968337,0.9950554,0.9939866,0.9932309,0.9974602,0.99788827
2.0,0.00032537058,0.006347619,0.003161095,0.002824653,0.0027046502,0.0025448904,0.0038360003,-0.0013457127,0.005115049,0.0021608248,0.0031807143,3.5978854e-05,0.0020450875,0.0013355315,0.0023740977,-0.00015351921,0.004125599,0.0024702176,-0.0017483756,4.9613416e-05,0.9915551,0.9958539,0.998297,0.99560434,0.9948745,0.9954896,0.9979915,0.99590695,0.98892033,0.99413794,0.9946661,0.99837,0.99737614,0.9862444,0.9968294,0.9950996,0.9940207,0.99329025,0.99720997,0.99786335
2.0,0.00012904406,0.0057099015,0.0032701716,0.0026686527,0.0026982687,0.0022123002,0.0038004667,-0.0014261641,0.0051621925,0.0020123124,0.0036849733,0.00034888834,0.0023731366,0.0006695688,0.0025988948,3.7752092e-05,0.0036944337,0.0027322099,-0.0021164827,-0.00015539676,0.9913659,0.99544746,0.99859726,0.99582905,0.9948467,0.99506605,0.9980982,0.9957942,0.98879576,0.99412936,0.9943747,0.9982683,0.99753803,0.9861491,0.9968277,0.99509066,0.9939758,0.9931597,0.9976422,0.9979298
2.0,-0.0003440678,0.0035200864,0.00031452626,-0.006991759,0.005939584,0.009816199,0.010098278,-0.010623682,0.0070461137,0.0003675744,0.009214871,0.0012834817,0.008255228,-0.014164861,0.0062550716,0.008771505,-0.0060739964,0.010396279,-0.0061433613,-0.0023498535,0.99674016,1.0014277,1.007075,0.9952334,0.9963971,0.9873682,1.0043871,1.0017037,0.9897618,0.9926766,0.9870343,0.9993093,1.0004711,0.9738646,0.9961102,0.9961254,0.9923679,0.9938063,1.0082972,0.9989285
2.0,0.00031837076,0.006193951,0.0032349266,0.0027178414,0.002720084,0.0025251575,0.003844278,-0.0013769232,0.005127854,0.0020728856,0.0032701176,0.00013879687,0.0021338463,0.0011496246,0.0024211984,-7.70092e-05,0.004041616,0.0025871247,-0.0018739402,1.2807548e-05,0.9915741,0.99585724,0.9983856,0.99565285,0.9948766,0.9953822,0.9980469,0.9959038,0.9889243,0.9941279,0.9946178,0.9983424,0.99745303,0.98615676,0.996838,0.9950323,0.9939945,0.99327993,0.9973359,0.9978593
2.0,-7.928535e-05,0.0051815063,0.0033069775,0.0026187636,0.002668254,0.0018654165,0.0037514064,-0.0014807135,0.005192911,0.0019525364,0.004140893,0.0005726367,0.0026343316,0.00014353544,0.0027947742,0.00016488135,0.0033142231,0.0028854609,-0.002378717,-0.00033523142,0.99113387,0.99499637,0.99882805,0.9960175,0.9948154,0.994716,0.9981493,0.99567264,0.98865134,0.99413294,0.9941027,0.9981917,0.99763274,0.98614067,0.99681705,0.99516046,0.99395835,0.9930315,0.9979759,0.9980034
2.0,6.617978e-05,0.0055499673,0.0032814816,0.0026531257,0.0026898906,0.0021079073,0.0037857667,-0.0014426224,0.0051722773,0.0019935071,0.0038226042,0.00041725487,0.0024522021,0.00051059574,0.0026579797,7.6018274e-05,0.0035794936,0.0027791634,-0.0021961294,-0.00021025538,0.99129623,0.9953114,0.99866706,0.9958864,0.99483705,0.9949607,0.9981143,0.9957576,0.9887525,0.9941302,0.99429315,0.9982446,0.9975665,0.9861465,0.9968244,0.9951111,0.9939702,0.9931205,0.9977433,0.9979526
2.0,0.0021427162,0.011044592,0.0028185323,0.0033609606,0.0027002804,0.0054499498,0.0042382777,-0.0009244606,0.004544688,0.0029203221,-0.0007792376,-0.002173327,-0.0002606064,0.005910933,0.0007159747,-0.0011506081,0.007477004,0.0009454563,0.0006596483,0.0018376932,0.9934723,0.99981165,0.9962427,0.9937569,0.99522316,0.9983589,0.99734104,0.99692714,0.99005705,0.99419177,0.9968105,0.99925244,0.996659,0.9862504,0.99695,0.9946693,0.9942836,0.9945975,0.9942235,0.9970316
2.0,3.945455e-05,0.0054984987,0.0032797754,0.0026532114,0.0026850514,0.002065691,0.0037844982,-0.0014577918,0.005173788,0.0019944534,0.0038752314,0.0004350543,0.0024809837,0.0004548058,0.0026826635,9.1053545e-05,0.003532093,0.0027936473,-0.002220653,-0.00022932887,0.99126524,0.9952547,0.9986939,0.9959084,0.9948348,0.99491674,0.9981236,0.9957452,0.9887331,0.9941307,0.99425894,0.9982397,0.9975719,0.9861481,0.9968207,0.9951291,0.99396926,0.99310875,0.997783,0.9979647
2.0,0.0007613376,0.0073405877,0.0031460933,0.002846606,0.0027519464,0.0032492767,0.003944099,-0.0012634918,0.0050254962,0.0022362843,0.0022963807,-0.0003765896,0.00156717,0.0022817776,0.0020063557,-0.00034294277,0.004860319,0.002227597,-0.0012911335,0.00042292476,0.9920521,0.99681586,0.997883,0.99522436,0.99495167,0.9961149,0.9979093,0.99615705,0.9892161,0.9941307,0.9951732,0.99853176,0.9972569,0.98617595,0.99686354,0.9949127,0.9940471,0.99357426,0.9966072,0.9976818
2.0,0.0004836917,0.006619625,0.0032028407,0.0027637072,0.0027350634,0.0027966502,0.0038819704,-0.0013341978,0.0050931782,0.0021303818,0.0029072873,-4.9717724e-05,0.0019234195,0.0015705824,0.0022662133,-0.00017667562,0.004346125,0.0024561211,-0.0016589016,0.00016325712,0.99175394,0.9962151,0.9981992,0.9954956,0.99490374,0.99565667,0.9979983,0.9959988,0.9890346,0.9941279,0.9948272,0.9984105,0.9973795,0.9861637,0.99684715,0.994985,0.99401265,0.9933877,0.9970658,0.997795
2.0,0.00025063753,0.006020345,0.0032477304,0.002699837,0.0027128533,0.0024134803,0.0038286932,-0.0013945028,0.0051408233,0.0020505488,0.003418589,0.00021465123,0.0022196472,0.0009776503,0.0024847444,-3.606826e-05,0.003917221,0.0026396364,-0.001961168,-4.786998e-05,0.9914999,0.9957107,0.9984615,0.9957164,0.9948657,0.9952693,0.9980657,0.9958646,0.9888786,0.99412817,0.9945313,0.99831545,0.9974833,0.98615396,0.9968343,0.99505264,0.99398744,0.9932366,0.99744576,0.9978849
2.0,0.00079618767,0.007431641,0.0031388775,0.0028574988,0.0027534962,0.003305792,0.0039518494,-0.0012542866,0.005016424,0.002250351,0.0022197794,-0.0004182905,0.0015220642,0.0023712888,0.00197367,-0.000363715,0.00492518,0.0021980777,-0.0012443997,0.00045622885,0.9920893,0.99689144,0.9978429,0.9951896,0.99495775,0.9961723,0.99789757,0.9961768,0.9892385,0.9941314,0.99521613,0.9985475,0.99724174,0.9861775,0.99686545,0.9949041,0.9940519,0.993598,0.996549,0.997667
2.0,0.00012942404,0.00571084,0.0032701045,0.0026687495,0.0026983172,0.0022129046,0.0038005505,-0.0014260784,0.0051621282,0.0020124242,0.0036841668,0.000348486,0.0023726746,0.00067046285,0.0025985632,3.7521124e-05,0.0036951043,0.0027319193,-0.0021160133,-0.00015507638,0.99136627,0.9954483,0.9985968,0.9958287,0.9948468,0.99506664,0.9980981,0.9957944,0.98879606,0.99412936,0.99437517,0.9982684,0.9975378,0.9861491,0.9968277,0.99509054,0.9939758,0.99315995,0.9976416,0.9979297
2.0,0.00016839802,0.0058102086,0.0032629706,0.0026785769,0.0027032085,0.002277483,0.0038096327,-0.0014159307,0.0051555466,0.0020244047,0.0035988204,0.00030576438,0.0023235604,0.0007691607,0.0025619436,1.3843179e-05,0.0037664436,0.002702497,-0.0020664074,-0.000120803714,0.99140936,0.99553263,0.99855345,0.99579275,0.99485284,0.99513197,0.99808794,0.99581707,0.98882264,0.9941289,0.9944255,0.99828327,0.9975203,0.9861506,0.99682975,0.9950782,0.99397945,0.99318445,0.9975789,0.9979155
2.0,0.00010928884,0.005659573,0.003273733,0.0026637241,0.002695687,0.0021794972,0.003795853,-0.001431331,0.005165438,0.0020063221,0.0037282389,0.00037045032,0.002398014,0.0006195307,0.0026174728,4.977733e-05,0.0036582798,0.0027470216,-0.0021415688,-0.00017270446,0.9913441,0.99540466,0.9986192,0.9958471,0.9948437,0.995033,0.9981033,0.9957827,0.9887822,0.9941296,0.9943491,0.9982608,0.997547,0.98614824,0.99682665,0.9950971,0.99397403,0.9931474,0.99767405,0.9979371
2.0,0.0003283359,0.0062195137,0.0032330342,0.0027205497,0.0027210936,0.0025415595,0.0038465615,-0.0013743676,0.0051258756,0.0020762086,0.0032482632,0.00012757629,0.002121225,0.0011749491,0.0024118498,-8.303672e-05,0.004059922,0.0025793388,-0.0018610694,2.1778047e-05,0.991585,0.99587876,0.9983744,0.9956435,0.9948782,0.9953987,0.998044,0.99590945,0.988931,0.9941278,0.9946304,0.9983464,0.9974485,0.98615724,0.99683845,0.99502933,0.99399555,0.9932864,0.9973197,0.9978555
2.0,-0.00014134869,0.0050249174,0.0033175051,0.0026047789,0.0026580393,0.0017615107,0.0037365984,-0.0014970154,0.0052005555,0.0019361898,0.0042766407,0.00063770264,0.0027116835,-1.2777746e-05,0.0028532166,0.00020296127,0.0032013059,0.0029297695,-0.0024558865,-0.00038769096,0.9910641,0.994862,0.9988964,0.9960725,0.99480647,0.99461114,0.99816334,0.9956361,0.9886077,0.99413437,0.9940208,0.9981699,0.99766105,0.98613834,0.99681395,0.9951824,0.9939538,0.9929941,0.99807465,0.99802434
2.0,0.00050514564,0.0066750646,0.0031985976,0.0027698465,0.0027367324,0.0028317717,0.0038868226,-0.0013286695,0.0050883573,0.0021381974,0.0028601624,-7.4476004e-05,0.0018960238,0.0016253591,0.0022461135,-0.00018959492,0.004385736,0.002438821,-0.0016307794,0.00018303096,0.99177724,0.99626154,0.9981749,0.99547493,0.99490744,0.99569225,0.99799174,0.9960111,0.98904884,0.99412805,0.99485415,0.9984195,0.99736995,0.98616457,0.99684846,0.994979,0.99401516,0.9934018,0.99703056,0.9977866
2.0,0.0011025518,0.0082376,0.0030722953,0.0029582381,0.0027597845,0.003800322,0.004019061,-0.0011767894,0.004928299,0.0023816526,0.0015431698,-0.00079446286,0.0011238083,0.0031632558,0.001687184,-0.00054534525,0.0054975934,0.0019324049,-0.00082777813,0.0007542148,0.9924123,0.99755484,0.99748814,0.99487925,0.99501365,0.9966743,0.9977879,0.9963498,0.989433,0.9941388,0.99558973,0.99869174,0.99710804,0.9861919,0.9968839,0.99483526,0.9940961,0.9938124,0.996034,0.9975338
2.0,0.00096153095,0.007865511,0.0031034388,0.0029108375,0.0027583279,0.0035732465,0.0039883237,-0.001212284,0.0049704295,0.0023195967,0.0018549673,-0.0006195307,0.0013076589,0.002797857,0.0018190127,-0.00046192855,0.0052335523,0.002056174,-0.0010207519,0.0006158352,0.9922643,0.9972495,0.9976521,0.99502337,0.9949876,0.99644357,0.9978397,0.9962704,0.9893442,0.99413496,0.99541867,0.9986241,0.9971695,0.9861852,0.9968752,0.9948657,0.9940752,0.99371266,0.9962721,0.997596
2.0,5.7309866e-05,0.005527459,0.003283061,0.0026509762,0.0026886575,0.0020931705,0.0037836824,-0.0014448948,0.005173643,0.001990892,0.0038420018,0.0004268363,0.002463296,0.00048816204,0.002666302,8.1419945e-05,0.003563311,0.0027857423,-0.0022073202,-0.00021794438,0.9912864,0.9952921,0.99867696,0.9958945,0.99483573,0.9949458,0.99811643,0.99575245,0.9887464,0.9941303,0.99428165,0.99824125,0.99757046,0.98614615,0.9968239,0.99511397,0.9939695,0.99311507,0.9977575,0.9979557
2.0,7.691607e-05,0.0055772737,0.0032795705,0.0026557595,0.0026913658,0.0021257533,0.0037882943,-0.0014397688,0.0051706093,0.0019966662,0.0037991088,0.00040563196,0.0024386868,0.0005377233,0.002647888,6.9484115e-05,0.003599111,0.0027711913,-0.0021825545,-0.00020092726,0.9913081,0.9953346,0.9986552,0.9958766,0.9948387,0.99497867,0.99811155,0.99576384,0.98875993,0.9941301,0.99430704,0.99824864,0.99756163,0.986147,0.996825,0.9951076,0.99397117,0.9931273,0.9977261,0.99794865
2.0,0.00040171295,0.0064082444,0.0032189228,0.0027406365,0.0027281009,0.0026622426,0.0038633496,-0.0013553612,0.0051108957,0.0021013469,0.0030872356,4.4338405e-05,0.002027899,0.0013616756,0.0023430325,-0.00012732297,0.0041949935,0.0025215596,-0.0017658882,8.825958e-05,0.99166507,0.9960377,0.99829173,0.995574,0.9948902,0.9955207,0.9980228,0.9959517,0.9889802,0.9941278,0.9947236,0.9983763,0.9974159,0.9861602,0.9968426,0.99500805,0.99400336,0.9933339,0.99719995,0.9978273
2.0,0.00019058585,0.005866833,0.0032589026,0.0026842505,0.002705913,0.0023142213,0.0038147848,-0.0014101416,0.0051516807,0.002031356,0.0035501942,0.00028130412,0.0022955462,0.0008253455,0.0025411174,3.7252903e-07,0.0038070902,0.0026856437,-0.002038084,-0.00010120869,0.9914338,0.9955807,0.99852866,0.9957723,0.9948563,0.99516904,0.998082,0.9958299,0.98883784,0.99412864,0.9944541,0.99829185,0.9975103,0.9861516,0.99683094,0.9950712,0.9939816,0.99319845,0.99754304,0.9979073
2.0,0.00037652627,0.006343402,0.003223773,0.0027336776,0.00272578,0.0026208332,0.003857609,-0.001361873,0.0051161465,0.0020926297,0.00314253,7.301569e-05,0.0020599663,0.0012975335,0.0023666583,-0.00011216104,0.004148595,0.002541475,-0.001798626,6.5371394e-05,0.99163765,0.9959831,0.9983202,0.9955979,0.99488604,0.99547887,0.9980302,0.9959373,0.98896337,0.9941278,0.9946917,0.99836594,0.9974271,0.98615915,0.9968412,0.99501526,0.9940006,0.9933175,0.99724114,0.99783707
2.0,-0.0027121566,-0.0024683177,0.0025720894,0.0016691387,-0.0002242364,-0.0032951222,0.00327475,-0.0037701465,0.00029636454,0.0040589124,0.0125287585,-8.5391104e-05,0.0062438324,-0.011850201,0.006751474,0.004466884,-0.003705535,0.0031299815,-0.0050521307,-0.00074748695,0.98692524,0.9896087,1.0048797,0.9946727,0.9961274,0.9864325,0.99736005,0.9932944,0.98483056,0.9944138,0.9848634,0.9995405,1.0007056,0.98320127,0.9974115,0.99924994,0.99562776,0.9936122,1.0038735,0.99588186
2.0,-0.0030569062,-0.0019685328,0.0041981526,0.004199922,-0.000178013,-0.0062128548,0.0014808364,-0.0007462725,0.002995451,0.0030453652,0.010963351,0.0018224195,0.005609669,-0.0066577047,0.0055185463,0.0009914935,-0.001122769,0.0022934154,-0.00541839,-0.0011423752,0.98556614,0.98671716,1.001192,0.99750006,0.9944794,0.98905677,0.9965952,0.9927555,0.98532605,0.99500114,0.9890946,0.99807525,0.99979174,0.98765904,0.99704224,0.99797446,0.9949505,0.991924,1.0014255,0.9976853
2.0,0.00088125095,0.0076545775,0.003120806,0.0028846338,0.0027564205,0.0034435468,0.003970694,-0.0012325794,0.0049932604,0.0022855103,0.0020322148,-0.0005212724,0.0014118925,0.0025904775,0.0018940959,-0.00041428953,0.005083669,0.002125509,-0.0011296906,0.000537999,0.9921795,0.9970757,0.997745,0.9951045,0.99497294,0.99631196,0.9978681,0.9962251,0.98929304,0.99413306,0.99532056,0.99858654,0.9972045,0.9861814,0.99687046,0.994884,0.9940636,0.9936567,0.9964068,0.99763083
2.0,0.0023982078,0.011948928,0.0026749708,0.0035460666,0.0026460811,0.005878401,0.004345827,-0.00097149983,0.0043945787,0.0031845495,-0.0014395975,-0.0026730374,-0.0006666109,0.006746486,0.00047688186,-0.0013100803,0.0079973675,0.00061873347,0.0011541396,0.0021792352,0.99371195,1.0003891,0.995889,0.9934357,0.9953043,0.9987781,0.99724436,0.9971029,0.9901881,0.99421066,0.9971089,0.99947447,0.9964706,0.98629695,0.99694234,0.9947525,0.9943541,0.99486727,0.9937198,0.9969238
2.0,-0.0024777278,-0.0037898496,0.0043779574,0.00107852,-0.0003502369,-0.004739592,0.0025233887,-0.0028750636,0.0014044037,0.002419345,0.012493249,0.001847513,0.0071071014,-0.011730246,0.0066603012,0.004095342,-0.0029875152,0.004241526,-0.0066582747,-0.0008682832,0.9867052,0.98889923,1.0043291,0.9961856,0.99559474,0.9865379,0.9976336,0.99343556,0.98493654,0.99469554,0.9860117,0.998768,1.0013311,0.9837971,0.997136,0.9977226,0.9949688,0.99298483,1.0038403,0.99611175
