label,mu_1,mu_2,mu_3,mu_4,mu_5,mu_6,mu_7,mu_8,mu_9,mu_10,mu_11,mu_12,mu_13,mu_14,mu_15,mu_16,mu_17,mu_18,mu_19,mu_20,var_1,var_2,var_3,var_4,var_5,var_6,var_7,var_8,var_9,var_10,var_11,var_12,var_13,var_14,var_15,var_16,var_17,var_18,var_19,var_20
2.0,0.30470946,-0.24726284,-0.31963757,0.6048848,-0.18982384,-0.38656834,-0.43833414,-0.5410076,-0.019818325,0.54619867,0.004985675,-0.2157357,-0.24080358,-0.29988465,0.17140977,-0.071434766,0.1948718,0.6865217,-0.30905414,-0.16552755,0.6609985,0.7863789,0.70691067,0.50899595,0.7887989,0.7295779,0.6111961,0.5564965,0.82441235,0.55033624,0.8033498,0.76807475,0.84237415,0.7865208,0.80802727,0.82315195,0.8158637,0.4766204,0.7481235,0.8035802
2.0,0.30381075,-0.24723297,-0.32016534,0.60627025,-0.18937205,-0.3876513,-0.44046322,-0.54297453,-0.01972438,0.54548466,0.004830811,-0.21611229,-0.24248312,-0.3007643,0.17097762,-0.07210036,0.19493465,0.6858643,-0.31085873,-0.16472788,0.66018337,0.785661,0.7056976,0.507721,0.78892714,0.7279451,0.6106924,0.55477905,0.8237772,0.5495478,0.80183613,0.7677128,0.8420489,0.78655887,0.8056819,0.82364523,0.8145529,0.47541556,0.7467642,0.80349207
2.0,0.30544633,-0.2462489,-0.31840524,0.60087323,-0.18984121,-0.38344178,-0.4337453,-0.5364191,-0.019130845,0.54512596,0.0047870167,-0.21466836,-0.23730643,-0.29815537,0.17167354,-0.070221834,0.19383933,0.68526316,-0.30524975,-0.16599733,0.6634517,0.7882682,0.70941514,0.51187074,0.78872514,0.7328668,0.6130497,0.5600928,0.82593197,0.5527472,0.80625916,0.7696773,0.84357995,0.7873204,0.8119057,0.8232016,0.8182732,0.479565,0.7508483,0.80433327
2.0,0.30531985,-0.24585834,-0.31818974,0.59975517,-0.18930762,-0.38230512,-0.43255985,-0.5351041,-0.018679094,0.54413784,0.004530318,-0.21407472,-0.23665293,-0.2977352,0.17161769,-0.070355564,0.1934159,0.68408483,-0.30435127,-0.1655962,0.66452086,0.7888277,0.7101425,0.51269794,0.78871256,0.73363334,0.61388123,0.5610062,0.8265677,0.5536541,0.8069069,0.77043873,0.8440216,0.7878657,0.81267077,0.8236844,0.8188834,0.48053738,0.75160176,0.8046984
3.0,0.30611593,-0.24380782,-0.31673884,0.59368324,-0.18813266,-0.37709397,-0.4259105,-0.52822423,-0.016926337,0.54127496,0.004041452,-0.21207199,-0.23171724,-0.29551157,0.17188856,-0.06894112,0.19156085,0.68077075,-0.2988165,-0.16549587,0.6688064,0.79173386,0.71388966,0.5169229,0.7882677,0.7381643,0.6171567,0.56618774,0.8292423,0.55768806,0.8109365,0.7734292,0.84606916,0.7893672,0.8177139,0.82441604,0.82226425,0.48509806,0.7555991,0.80605805
3.0,0.30620226,-0.2424705,-0.31565383,0.58975416,-0.18769544,-0.3740177,-0.42191947,-0.52404594,-0.015999917,0.5392033,0.003612738,-0.21096766,-0.22878073,-0.29400235,0.17182232,-0.068111286,0.1902601,0.67845285,-0.2955922,-0.16530642,0.67137176,0.7935226,0.71606654,0.5195294,0.78831774,0.7409413,0.61915445,0.5693237,0.83069104,0.5601472,0.813333,0.7752131,0.847354,0.79046917,0.8206077,0.82496554,0.82422054,0.4878805,0.75790197,0.8069668
3.0,0.3070073,-0.24398613,-0.31597847,0.59239566,-0.18945333,-0.37660342,-0.42406625,-0.52661186,-0.017546449,0.5425587,0.0042227358,-0.21214925,-0.23006828,-0.2944823,0.17225638,-0.06795007,0.19161384,0.6821368,-0.29729116,-0.16675895,0.6690637,0.7922879,0.7148543,0.5180602,0.7884803,0.73979414,0.6172114,0.56778765,0.8294487,0.55806917,0.8124137,0.7733358,0.84626395,0.7891015,0.8200664,0.8234882,0.8234561,0.4859911,0.7567093,0.8059978
3.0,0.30637,-0.24461049,-0.31676936,0.59497994,-0.18931828,-0.37856585,-0.4270613,-0.5295997,-0.017869953,0.54300755,0.0043173246,-0.212806,-0.2324046,-0.29566655,0.17201841,-0.06882487,0.19221441,0.68271327,-0.29977554,-0.16627812,0.6674872,0.7910773,0.71318376,0.51615596,0.7885474,0.7375894,0.6160745,0.56537086,0.8284432,0.55654234,0.81043863,0.772353,0.84548014,0.7887045,0.81739336,0.8236239,0.82182455,0.48407435,0.75489867,0.8055598
3.0,0.30498356,-0.24548683,-0.3182093,0.59959686,-0.18908557,-0.38227686,-0.43281028,-0.53528315,-0.018398907,0.5434535,0.0044837445,-0.21418487,-0.23672809,-0.29795906,0.17141859,-0.070233375,0.19317292,0.6834613,-0.30451018,-0.16529435,0.66444504,0.7888398,0.70990884,0.5125162,0.788706,0.7333627,0.61392057,0.560748,0.8264315,0.5536795,0.80663276,0.77053285,0.84408754,0.78798616,0.8120443,0.8239047,0.81855357,0.48038477,0.7513352,0.8047971
1.0,0.3046353,-0.24802989,-0.32027903,0.6070889,-0.18998452,-0.38823366,-0.44055074,-0.5432809,-0.02037144,0.5473125,0.005163256,-0.2162478,-0.24251495,-0.30064768,0.17144601,-0.07206881,0.19559051,0.6877035,-0.31090218,-0.16556337,0.65973574,0.7853824,0.7057633,0.50760823,0.788797,0.7280515,0.61016643,0.5548074,0.8237042,0.5490421,0.8020378,0.7671479,0.84169525,0.7859551,0.8064547,0.8229053,0.81483644,0.47516456,0.7468829,0.8030974
2.0,0.3075444,-0.24432763,-0.3158521,0.5924663,-0.19011892,-0.37687734,-0.42382413,-0.5265252,-0.0180162,0.54364103,0.0044503957,-0.21234357,-0.22971697,-0.2942549,0.17248991,-0.06756717,0.19192643,0.6833,-0.29704636,-0.1674616,0.66876805,0.79226094,0.71499443,0.5181814,0.7884725,0.7401412,0.61688966,0.568064,0.8293587,0.55783135,0.81277436,0.77299196,0.846141,0.7887188,0.820801,0.8228831,0.82371557,0.48595452,0.7569051,0.805793
2.0,0.3078998,-0.24410364,-0.31550157,0.591443,-0.19030541,-0.37614816,-0.42260605,-0.5253322,-0.017946813,0.5436419,0.0044354163,-0.21214604,-0.2287106,-0.29375765,0.17263511,-0.06711528,0.19171785,0.6832721,-0.29602784,-0.16780347,0.66932005,0.7927301,0.7156635,0.5189441,0.78845555,0.7410592,0.6172731,0.5690607,0.82971895,0.55839264,0.81360716,0.7733176,0.84643567,0.7887959,0.82195425,0.8227093,0.82440954,0.48669583,0.757636,0.80593014
3.0,0.30479452,-0.24598545,-0.31860015,0.6011824,-0.18941866,-0.38368836,-0.43458945,-0.5371274,-0.018871602,0.54421604,0.0046354756,-0.21476449,-0.2379895,-0.29856667,0.17133331,-0.07052241,0.19365208,0.68437785,-0.3059669,-0.16536528,0.66326654,0.78806955,0.70889246,0.51137483,0.78879875,0.7321535,0.6130229,0.5593649,0.8256999,0.55259186,0.8055642,0.7697169,0.8435586,0.7875442,0.8106762,0.82366884,0.81762326,0.4791471,0.7502482,0.80443
3.0,0.30543274,-0.24415705,-0.3171485,0.5953812,-0.18833882,-0.37866926,-0.42816418,-0.53046775,-0.017277252,0.5414455,0.0040768124,-0.21275315,-0.23337604,-0.29631686,0.17155324,-0.06939672,0.19188888,0.681129,-0.30070215,-0.16517738,0.6674615,0.7908584,0.71253157,0.51549774,0.78851366,0.7365585,0.61622655,0.564371,0.82829064,0.5564957,0.80944926,0.7726041,0.84551334,0.7891229,0.8156056,0.82448304,0.8209376,0.48360404,0.75412947,0.80576557
2.0,0.30518088,-0.24678579,-0.31898588,0.602835,-0.18997638,-0.38505518,-0.43596554,-0.53868,-0.019555878,0.5458469,0.0049629025,-0.21527098,-0.23892288,-0.29898703,0.17156574,-0.07067393,0.19439735,0.68612415,-0.30705535,-0.16591176,0.66213787,0.787339,0.70818233,0.5104555,0.78873837,0.73130566,0.6120502,0.55835587,0.82513446,0.55149436,0.804889,0.7688006,0.84296143,0.7868342,0.81010437,0.8230411,0.8170913,0.47807607,0.74951935,0.80392057
2.0,0.30472237,-0.24768603,-0.3200255,0.6061896,-0.19004703,-0.38770154,-0.4397255,-0.54247457,-0.020219456,0.54697305,0.0052078627,-0.21618663,-0.2417333,-0.30039558,0.1714006,-0.071581736,0.1953324,0.687427,-0.3101436,-0.16567373,0.66005206,0.78576905,0.70614237,0.5080887,0.78874016,0.7286432,0.6104466,0.5554298,0.82388186,0.5494479,0.80255735,0.76740617,0.8419449,0.78606033,0.8070382,0.8228582,0.8151299,0.4756214,0.747305,0.8032467
3.0,0.30820557,-0.24217811,-0.3141705,0.5857176,-0.18886817,-0.37102354,-0.41639557,-0.5187486,-0.016261827,0.5403386,0.0036068112,-0.20990416,-0.224521,-0.29147512,0.17273265,-0.06652408,0.18982013,0.679296,-0.2910995,-0.16716728,0.6739156,0.79547507,0.71932733,0.52311164,0.78831095,0.74528784,0.6207347,0.57400286,0.832495,0.5624807,0.81731707,0.77645475,0.8484824,0.79062116,0.82657516,0.82386845,0.8277078,0.49131432,0.7614772,0.8073704
3.0,0.30607527,-0.24461535,-0.31666172,0.5951863,-0.1898609,-0.3792002,-0.4276617,-0.53023785,-0.018162038,0.54310715,0.0043905564,-0.21328841,-0.23264273,-0.29579508,0.17179802,-0.06856306,0.1922281,0.6830119,-0.3002478,-0.16640031,0.66681457,0.79086727,0.7126845,0.5157496,0.7887832,0.737247,0.61563087,0.5648887,0.8279026,0.55608034,0.8100796,0.77192736,0.84532285,0.788577,0.81680137,0.8234467,0.8213497,0.48354235,0.75437725,0.8054676
3.0,0.30731812,-0.24388441,-0.315737,0.59158033,-0.18946598,-0.3758863,-0.42296383,-0.5255189,-0.01747908,0.542549,0.004173767,-0.2118244,-0.22929354,-0.29401514,0.17240438,-0.067776695,0.19147925,0.6820283,-0.29640812,-0.16694936,0.6697102,0.7927011,0.7155288,0.51878667,0.78844506,0.74061716,0.61764604,0.5687007,0.82989615,0.5586285,0.81316507,0.7737026,0.8465264,0.78923523,0.82116395,0.82343245,0.8241357,0.48673624,0.7574382,0.80613256
2.0,0.3047887,-0.24600857,-0.3187675,0.6013154,-0.18895611,-0.38345236,-0.43458548,-0.5370547,-0.018669318,0.5439939,0.0045396425,-0.21447793,-0.23818423,-0.29862654,0.17139211,-0.07088673,0.19366331,0.68401784,-0.30600452,-0.16509476,0.6635917,0.7880779,0.70900446,0.5114175,0.7886847,0.7320839,0.6132441,0.55936444,0.82595474,0.55276424,0.80551755,0.76994556,0.84360194,0.7876769,0.8106406,0.8239218,0.81770337,0.47929037,0.75034785,0.8044871
1.0,0.30446726,-0.24957985,-0.32167095,0.6120253,-0.1908362,-0.39249256,-0.44589624,-0.5488502,-0.021825824,0.55003345,0.0058178753,-0.21792859,-0.24620892,-0.3025309,0.17138232,-0.07283862,0.19720788,0.690832,-0.31520385,-0.16596042,0.6562558,0.7830369,0.70281655,0.5041813,0.78877807,0.724428,0.6074077,0.5507321,0.82166374,0.5457422,0.79892623,0.76467705,0.84006745,0.7843566,0.80254763,0.8219444,0.81210065,0.47143605,0.7437211,0.8018819
1.0,0.30342668,-0.24774912,-0.321,0.6084374,-0.18880317,-0.38895074,-0.44281113,-0.5452088,-0.019855503,0.54572266,0.004797604,-0.21629977,-0.24450256,-0.30169278,0.1709019,-0.07314775,0.19547395,0.68601954,-0.31286484,-0.16416308,0.6593582,0.784718,0.70456386,0.50632936,0.7888325,0.726204,0.61002445,0.55296654,0.82333237,0.54854226,0.8003132,0.7671925,0.8415201,0.78631836,0.80366266,0.8239222,0.81341726,0.4740996,0.7454971,0.80319035
1.0,0.30421573,-0.24876985,-0.3211348,0.61003286,-0.19035213,-0.3908276,-0.44402543,-0.54682505,-0.021103133,0.5484457,0.005461246,-0.21731003,-0.24493597,-0.30191708,0.17123309,-0.0725896,0.19641589,0.6891023,-0.3137123,-0.16552639,0.65760267,0.7839417,0.70380205,0.50540155,0.7888537,0.7256425,0.60854,0.55212283,0.82238036,0.5470521,0.79992324,0.76572126,0.84075147,0.7851319,0.8036209,0.8225438,0.8129461,0.472807,0.74476373,0.8024425
1.0,0.30458373,-0.24674886,-0.3195474,0.60386103,-0.18906869,-0.385444,-0.43733683,-0.5398602,-0.019207235,0.54504454,0.004771214,-0.21517016,-0.240218,-0.2996644,0.17134243,-0.07150528,0.19443257,0.6852073,-0.30824322,-0.16503648,0.66199946,0.78690195,0.7075211,0.509668,0.7886419,0.7301522,0.612001,0.5572293,0.82503396,0.5512043,0.803842,0.7688603,0.842817,0.78702295,0.8084989,0.8236859,0.8163013,0.47745594,0.7487484,0.80394286
1.0,0.30563277,-0.24617809,-0.31842917,0.6004279,-0.18924654,-0.38260505,-0.43293744,-0.53553283,-0.01877996,0.54477835,0.004630264,-0.21408097,-0.23697858,-0.29791453,0.17184468,-0.07054423,0.1937234,0.6846791,-0.3046474,-0.16576418,0.66431826,0.7885853,0.7100282,0.5124368,0.78855723,0.7333565,0.6136542,0.5607338,0.8265587,0.55337816,0.806724,0.77024037,0.8438239,0.7876047,0.8126086,0.8235099,0.8188491,0.48027778,0.75148684,0.8045144
1.0,0.30445144,-0.24715543,-0.3197762,0.60488874,-0.18921672,-0.38621712,-0.4383628,-0.54089767,-0.019490253,0.5455356,0.004765574,-0.21538608,-0.24109416,-0.2999493,0.17134908,-0.07192684,0.1947401,0.68568826,-0.30916363,-0.16500813,0.66145146,0.78642595,0.70699406,0.5090567,0.78877246,0.7294541,0.6115527,0.55645615,0.8246856,0.55061996,0.8032196,0.76843745,0.8424875,0.78684306,0.8077816,0.82363063,0.8158821,0.4768233,0.7481772,0.80373704
1.0,0.30444744,-0.24688861,-0.3196237,0.6043461,-0.18929039,-0.38597998,-0.43796614,-0.540515,-0.019410957,0.5452657,0.00481192,-0.21543561,-0.24063508,-0.2998487,0.17126301,-0.07155219,0.19455747,0.6855088,-0.3087679,-0.16507715,0.66153455,0.78663814,0.70713013,0.50926685,0.7887435,0.7297383,0.61166215,0.5567404,0.82470906,0.5508063,0.80346215,0.7685433,0.8426386,0.7868823,0.80798054,0.8235907,0.8159461,0.4770053,0.7483294,0.8038249
2.0,0.30521473,-0.24563175,-0.3180656,0.59935963,-0.1891862,-0.38195845,-0.43223304,-0.5347291,-0.018458288,0.5437274,0.0044054836,-0.21397205,-0.23643227,-0.29764527,0.17159076,-0.0703226,0.19319336,0.68363345,-0.30410916,-0.16547078,0.6647887,0.78899103,0.7102975,0.51290745,0.7887673,0.73380804,0.6141198,0.5612383,0.8266774,0.55392927,0.80703884,0.77066433,0.84415597,0.78804433,0.8127662,0.82384765,0.8190425,0.48079747,0.75175893,0.8048217
2.0,0.30514532,-0.24719396,-0.31936413,0.6039781,-0.18978794,-0.38567394,-0.43698305,-0.5396822,-0.019678254,0.54627293,0.0049507543,-0.21531813,-0.23986985,-0.29936105,0.17165491,-0.07125089,0.1947404,0.68646944,-0.30795544,-0.16576456,0.6617656,0.7868658,0.7077302,0.509847,0.7887101,0.7305526,0.61171496,0.5575787,0.8249626,0.5510028,0.80424553,0.7685104,0.8426509,0.78666925,0.8093819,0.82309216,0.8167167,0.47750568,0.7490195,0.80372477
2.0,0.30686623,-0.24537829,-0.31700304,0.59612095,-0.18973924,-0.3793496,-0.42769343,-0.530385,-0.018427122,0.5444638,0.004513439,-0.21297118,-0.23294641,-0.29576436,0.1723373,-0.069082536,0.1928436,0.68415153,-0.30032682,-0.16678903,0.666928,0.790625,0.71296483,0.51575863,0.7885152,0.7372636,0.61550945,0.5649637,0.8282544,0.5558996,0.81022924,0.77178705,0.8450711,0.78821725,0.8175213,0.82312536,0.8217902,0.48358256,0.7546962,0.8051871
2.0,0.30452862,-0.24720773,-0.3197189,0.6050276,-0.18967558,-0.3866547,-0.43861553,-0.5412451,-0.01974592,0.5459521,0.0049335994,-0.21575116,-0.24104573,-0.300017,0.17131865,-0.07155987,0.19483684,0.6862747,-0.3092957,-0.16533503,0.660948,0.7863027,0.70675117,0.50883394,0.7888121,0.7293448,0.61118436,0.5562607,0.8243564,0.5502799,0.80312765,0.7680843,0.84236145,0.7865809,0.80765325,0.8232956,0.8156697,0.4764874,0.7479391,0.80360204
2.0,0.30509746,-0.24545994,-0.3180534,0.59908867,-0.1889449,-0.38167432,-0.4320357,-0.5344765,-0.018274661,0.54330146,0.0043328814,-0.21382697,-0.2363335,-0.29761466,0.17152286,-0.07037105,0.19304638,0.68316865,-0.30395377,-0.16526514,0.66505,0.78912145,0.71041507,0.5130505,0.7887393,0.73390365,0.6143432,0.56137395,0.8268225,0.5541572,0.8071108,0.77088594,0.8442804,0.78821343,0.8127739,0.8240451,0.8190926,0.480992,0.7518714,0.8049368
2.0,0.30479395,-0.24639025,-0.31901848,0.60237193,-0.18924363,-0.38438702,-0.4356808,-0.53822005,-0.019027833,0.5446954,0.004685402,-0.2148651,-0.23893379,-0.29899347,0.17140752,-0.07101929,0.19403277,0.6848186,-0.30688858,-0.1652616,0.66280204,0.7875754,0.7083881,0.5107022,0.7887133,0.73135793,0.6126201,0.5585259,0.82549,0.5520331,0.80489254,0.7693729,0.843235,0.78731287,0.80989707,0.82366395,0.8171676,0.47849414,0.74969554,0.8042092
2.0,0.30339083,-0.24781466,-0.32074016,0.60867167,-0.19016561,-0.39018664,-0.44354415,-0.5461927,-0.020568322,0.5466038,0.005189631,-0.21736158,-0.24440448,-0.30183005,0.1706704,-0.07216312,0.19561036,0.6873754,-0.31330657,-0.16494286,0.6579634,0.78439415,0.70383996,0.5057326,0.7891063,0.725878,0.60905,0.5523976,0.8223315,0.54762447,0.8000099,0.76623875,0.8411963,0.7857153,0.8031516,0.82308567,0.8127575,0.47319248,0.7447781,0.8028775
2.0,0.30743438,-0.24278763,-0.31522742,0.588888,-0.18851112,-0.37342602,-0.4201761,-0.52253,-0.016458232,0.54071987,0.0038476586,-0.2107897,-0.22731613,-0.29315534,0.17241883,-0.06739113,0.1905119,0.6799267,-0.2941094,-0.16652575,0.6718352,0.7939964,0.7171429,0.5206022,0.7881943,0.74242634,0.61929214,0.57086134,0.8311928,0.5605619,0.81476796,0.77524376,0.8475193,0.790071,0.8230097,0.8240655,0.82550335,0.48879668,0.7591216,0.8068405
2.0,0.30663678,-0.24551025,-0.31711406,0.59696513,-0.19031967,-0.38050884,-0.42898396,-0.531757,-0.01880886,0.54492193,0.0047328286,-0.21370503,-0.2335818,-0.29623458,0.17215258,-0.068787396,0.19306217,0.6848952,-0.30129057,-0.16700543,0.6657517,0.7901203,0.71206003,0.5148569,0.7886359,0.7364167,0.614682,0.5639239,0.82744074,0.55500025,0.80945116,0.7710424,0.8447004,0.7878143,0.8163756,0.82278657,0.82092804,0.482517,0.75374675,0.8049228
3.0,0.3066129,-0.24288726,-0.31575114,0.5902847,-0.18790914,-0.37429094,-0.4220438,-0.52426666,-0.016249325,0.54009074,0.0036977641,-0.21098176,-0.22893439,-0.2939905,0.17210057,-0.068233326,0.19059755,0.67928386,-0.29571462,-0.1656658,0.67120403,0.7933364,0.7160975,0.5194476,0.78827083,0.7409096,0.6189278,0.56928426,0.83069485,0.55990386,0.8133639,0.7749797,0.8471597,0.79019046,0.8209255,0.8246547,0.82439613,0.4877659,0.75795823,0.8067661
3.0,0.30503443,-0.24409252,-0.31728578,0.595765,-0.18815486,-0.37896812,-0.42884684,-0.53108245,-0.017174017,0.54104704,0.003992919,-0.21286607,-0.23393317,-0.2966121,0.17137375,-0.06963779,0.19184093,0.68074113,-0.30129415,-0.16482201,0.6672236,0.790645,0.71212006,0.51508725,0.78859556,0.7360068,0.61610836,0.56379735,0.82806504,0.55628,0.8089223,0.7725301,0.8454151,0.7892129,0.8147626,0.82472724,0.82048875,0.48322958,0.753669,0.80577254
1.0,0.30368844,-0.25075337,-0.32311493,0.6166952,-0.19104333,-0.3963319,-0.45133388,-0.55428046,-0.022875022,0.5515085,0.0060847364,-0.21928656,-0.2502569,-0.30444428,0.17105371,-0.07413356,0.19845761,0.69253844,-0.3197282,-0.16560015,0.6533322,0.7807914,0.69988024,0.50083905,0.7889057,0.72063285,0.60512847,0.5465859,0.8198493,0.5428458,0.7955883,0.76269084,0.838679,0.7832742,0.7980835,0.8216736,0.8092692,0.46796146,0.7405008,0.8009503
1.0,0.3040392,-0.24981269,-0.3221862,0.61347467,-0.1906431,-0.39360166,-0.44771865,-0.5506043,-0.021981966,0.55008584,0.0058119,-0.21828465,-0.2476228,-0.30323094,0.17119202,-0.07337071,0.19750048,0.69093084,-0.31672937,-0.1655924,0.6554397,0.7823386,0.7018353,0.5030786,0.7888069,0.72310126,0.60680264,0.54931694,0.82113653,0.5449116,0.79773915,0.7641845,0.8396874,0.7841502,0.8008628,0.82207876,0.8111006,0.47034383,0.74263114,0.8016642
1.0,0.3039764,-0.24688211,-0.32007763,0.60519564,-0.1885632,-0.38629296,-0.43908247,-0.5414686,-0.019138116,0.54464763,0.0046440996,-0.21533617,-0.24170567,-0.30038205,0.17110139,-0.07225323,0.1946042,0.68477505,-0.3097493,-0.16437393,0.66144156,0.7862768,0.7066068,0.5086419,0.7886771,0.7288098,0.6116247,0.55583864,0.82464033,0.5505714,0.8026208,0.76859725,0.8425136,0.7870384,0.8067072,0.82410663,0.8153301,0.47651356,0.7477191,0.80383897
1.0,0.30415043,-0.24794483,-0.3206878,0.6078539,-0.18940315,-0.38864374,-0.44169706,-0.5442882,-0.020149548,0.5466983,0.005048588,-0.21629223,-0.2434886,-0.30120063,0.17122757,-0.072561964,0.1956055,0.6870587,-0.31186402,-0.16494858,0.65948945,0.78502584,0.70516413,0.5069364,0.7887407,0.72712207,0.6100346,0.5538754,0.82352287,0.54873705,0.8011896,0.7671159,0.8415754,0.78604627,0.8051167,0.8233274,0.81412745,0.47458625,0.7461966,0.80309665
1.0,0.3040475,-0.24659327,-0.31962356,0.6041776,-0.18903974,-0.3858828,-0.43814704,-0.54060084,-0.019171353,0.54452664,0.0046750866,-0.21543448,-0.24078478,-0.2999737,0.17104316,-0.07162258,0.19431762,0.68477654,-0.30893505,-0.16469827,0.66160446,0.7866674,0.7069786,0.50917864,0.7888154,0.72953564,0.6117983,0.55655617,0.8246583,0.550908,0.80323577,0.7687055,0.84273326,0.7871079,0.8074576,0.8239067,0.8157076,0.47697204,0.7481426,0.80396074
2.0,0.30398497,-0.2475644,-0.32037455,0.606904,-0.18936191,-0.38799408,-0.44088188,-0.5434237,-0.019902546,0.5460177,0.0049046353,-0.21612161,-0.24287556,-0.30089504,0.17111227,-0.07234791,0.19522385,0.68635863,-0.31121594,-0.16482052,0.65998125,0.78542346,0.7055504,0.50746393,0.78884995,0.7276731,0.6104711,0.55448323,0.82373494,0.5492652,0.80163187,0.76750517,0.841866,0.7863709,0.80556655,0.82352906,0.81446147,0.47515044,0.7466075,0.8033378
2.0,0.30490163,-0.24527007,-0.31812465,0.59891796,-0.18849519,-0.38134825,-0.43195307,-0.5343006,-0.01798876,0.5427004,0.004208263,-0.21359813,-0.23639406,-0.29766023,0.17143948,-0.07058714,0.19288312,0.6824819,-0.30391264,-0.16489393,0.6653933,0.78922284,0.7105012,0.5131401,0.78868324,0.73387617,0.6146341,0.56141055,0.8270208,0.5544177,0.8070733,0.77118593,0.8444103,0.78845066,0.8126097,0.8243828,0.81909,0.48117763,0.7519393,0.8050789
2.0,0.3056686,-0.24566096,-0.31792805,0.59901345,-0.18956326,-0.38188612,-0.43171123,-0.53432465,-0.018647272,0.5442913,0.0046425685,-0.21407808,-0.23580469,-0.2974484,0.17174228,-0.06978277,0.19329043,0.684299,-0.3035643,-0.16598412,0.6647211,0.78915375,0.71055114,0.5131669,0.7886306,0.7342741,0.6140229,0.56167805,0.8267162,0.553951,0.80750054,0.7705574,0.8441889,0.787788,0.81347877,0.82340723,0.819303,0.48094505,0.75206727,0.80474246
2.0,0.3049697,-0.2457175,-0.31833398,0.60012335,-0.18914257,-0.3826362,-0.43327403,-0.53575975,-0.018544015,0.5437533,0.004480522,-0.21426685,-0.23714332,-0.2980893,0.17144808,-0.07045609,0.19334792,0.6837558,-0.30492628,-0.16530824,0.6641981,0.7886088,0.70968306,0.5122346,0.78874856,0.7330475,0.61370933,0.56039786,0.8262947,0.55340385,0.80635744,0.7703287,0.8439275,0.7878845,0.81176025,0.823868,0.81838834,0.4800996,0.7510912,0.8046883
2.0,0.3064795,-0.24305648,-0.3157141,0.5904717,-0.18807818,-0.37447828,-0.4222185,-0.5244475,-0.01641814,0.5401971,0.0036254302,-0.21101576,-0.22917412,-0.29393533,0.17205174,-0.06843124,0.19065692,0.6793703,-0.2959426,-0.16563755,0.6711102,0.79323775,0.71601087,0.5193862,0.7884523,0.74082893,0.61884916,0.5691687,0.83059794,0.5597858,0.8132637,0.7748721,0.84708166,0.7902397,0.8208583,0.8246754,0.82435846,0.48769042,0.7578668,0.8067364
2.0,0.3065296,-0.24509788,-0.317227,0.59631556,-0.18924241,-0.37941056,-0.4282291,-0.53082687,-0.018093023,0.5437844,0.004478406,-0.21300115,-0.23331825,-0.29615724,0.1721599,-0.06919587,0.19270025,0.6834998,-0.3007077,-0.16634315,0.6668442,0.79052365,0.71262777,0.51539236,0.78838325,0.7367482,0.61552894,0.56446475,0.8281656,0.5558455,0.80975556,0.7718796,0.84508324,0.78831494,0.81664234,0.8234528,0.8213304,0.48329562,0.75430703,0.8052567
2.0,0.3064018,-0.24524653,-0.31729734,0.5970295,-0.18986465,-0.3804706,-0.4293136,-0.53200984,-0.018504526,0.5443225,0.004715264,-0.21369125,-0.23379,-0.2965311,0.17201144,-0.06884269,0.19292341,0.6843187,-0.30150056,-0.16664368,0.6657549,0.7900884,0.7118529,0.514626,0.7884878,0.7360683,0.6147537,0.56360096,0.82742953,0.5550217,0.8091384,0.7711723,0.84475243,0.7879035,0.81574315,0.8230562,0.82059616,0.48235506,0.75350267,0.80499935
2.0,0.30705604,-0.24450597,-0.3162195,0.5935934,-0.18983574,-0.37762368,-0.42520425,-0.5278449,-0.017985981,0.54346013,0.0043611787,-0.21254575,-0.23089443,-0.29482916,0.17231545,-0.06815387,0.19206388,0.6831291,-0.29823607,-0.16699305,0.6682086,0.79173017,0.71422595,0.5173193,0.78855586,0.7390548,0.6165264,0.5669173,0.8289541,0.5572637,0.81177676,0.77269024,0.8458356,0.7887108,0.81938696,0.8231856,0.8229563,0.48515892,0.75605404,0.8056777
2.0,0.30629957,-0.24260917,-0.31565994,0.5898425,-0.18770437,-0.37398115,-0.42182973,-0.5239716,-0.016058225,0.5393943,0.0035739243,-0.21087252,-0.22881354,-0.2939209,0.17190611,-0.06826104,0.19033085,0.6785816,-0.29556632,-0.16535869,0.67147285,0.79351157,0.7161742,0.5196111,0.78834176,0.7410174,0.61919445,0.5694177,0.83078116,0.5601789,0.8134124,0.775229,0.8473357,0.79046834,0.82081616,0.8249478,0.82437795,0.48798016,0.7580179,0.8069444
1.0,0.30319834,-0.24807093,-0.32154155,0.60997,-0.18868706,-0.3901169,-0.44459692,-0.5469735,-0.020081352,0.54607904,0.004887793,-0.2166888,-0.24582948,-0.30239907,0.17080605,-0.073573045,0.19587485,0.6864466,-0.31432116,-0.16397502,0.65845585,0.78400177,0.70361084,0.5052187,0.78877735,0.7249228,0.6093294,0.5515854,0.82280505,0.5476403,0.79919505,0.76661813,0.84109616,0.78597844,0.8021372,0.82389873,0.81246215,0.472967,0.74445194,0.8029048
1.0,0.30537677,-0.2491957,-0.3207009,0.609351,-0.19125424,-0.39042318,-0.44244435,-0.54553306,-0.02157678,0.5501025,0.0058166124,-0.21725817,-0.24353267,-0.30117932,0.17180493,-0.07183713,0.19670285,0.6908007,-0.31232864,-0.16675407,0.6577929,0.7843294,0.70469755,0.50627726,0.78872705,0.7269559,0.60852075,0.5534378,0.8226781,0.5472896,0.80120105,0.7655756,0.8407705,0.78469,0.8058241,0.8216185,0.8140582,0.47350824,0.7458089,0.8022604
1.0,0.30452886,-0.24734586,-0.32009807,0.60566485,-0.18910868,-0.38674933,-0.4391428,-0.54169965,-0.01959541,0.54588753,0.00489771,-0.2155522,-0.2416258,-0.30031693,0.17138427,-0.07205025,0.19500454,0.6860924,-0.30974644,-0.16502625,0.66101354,0.7860956,0.70659494,0.5085345,0.78860945,0.7288873,0.61119807,0.55584514,0.824493,0.5501819,0.80275697,0.7681487,0.8422792,0.7865782,0.80718523,0.8235279,0.81546926,0.47628483,0.747745,0.8035617
1.0,0.3047123,-0.24768656,-0.3201329,0.60616475,-0.18946424,-0.38719487,-0.43946597,-0.5421041,-0.019897614,0.54660964,0.004992161,-0.21572946,-0.24185328,-0.30034354,0.17151725,-0.07208855,0.19526477,0.68683434,-0.31003022,-0.16531852,0.66064936,0.7858691,0.70643175,0.5083188,0.7886714,0.7287268,0.6108656,0.55563146,0.8242964,0.54982805,0.8026366,0.7678089,0.8420595,0.78633285,0.8072058,0.8232422,0.81542957,0.47600138,0.7475884,0.80337423
1.0,0.30463958,-0.24647096,-0.31925428,0.6029214,-0.18902399,-0.3847084,-0.43632808,-0.5388283,-0.019006025,0.5446305,0.004670281,-0.21491423,-0.23947842,-0.29928023,0.1713515,-0.071293205,0.19413646,0.6847438,-0.3074298,-0.16504875,0.66258866,0.7873341,0.70806146,0.51030934,0.7886719,0.73085654,0.61246645,0.5580079,0.82536817,0.55178404,0.80444974,0.7692642,0.8431124,0.78727657,0.8092667,0.8237907,0.8168161,0.47813386,0.7493288,0.8041507
1.0,0.30472484,-0.24640766,-0.31907094,0.60234034,-0.18884759,-0.38402262,-0.43549356,-0.5379484,-0.018813167,0.5443941,0.0044983104,-0.21451972,-0.23905702,-0.29892254,0.17146695,-0.07144481,0.19396834,0.68433297,-0.30683547,-0.1649684,0.66326076,0.7876474,0.7086023,0.5108896,0.7887188,0.7314239,0.61294544,0.55867785,0.82578343,0.55231965,0.80494696,0.76967585,0.84331554,0.78755337,0.81001467,0.8239724,0.8173947,0.478795,0.749905,0.8043153
1.0,0.30517423,-0.24673435,-0.318811,0.60243714,-0.1900179,-0.38472316,-0.43548563,-0.5381843,-0.019513424,0.545712,0.0048625246,-0.21512091,-0.23864616,-0.29874304,0.17158562,-0.07068963,0.19427507,0.6859264,-0.30671978,-0.16591093,0.6624461,0.7875225,0.70845693,0.5107866,0.7888395,0.7316566,0.61227983,0.55874145,0.8252927,0.5517675,0.80518055,0.7689819,0.84307826,0.786994,0.8105236,0.82311076,0.81739724,0.47842816,0.74981284,0.80401665
2.0,0.30504113,-0.24671346,-0.31917775,0.602938,-0.1893588,-0.38475046,-0.43602487,-0.5386269,-0.019236613,0.545345,0.0048027895,-0.21494369,-0.23920004,-0.2991013,0.17156467,-0.07111873,0.19432701,0.6854659,-0.3071574,-0.16547206,0.662532,0.7873559,0.7082568,0.5104705,0.7886339,0.7311531,0.61234885,0.55828905,0.8254089,0.5517254,0.8047539,0.7691158,0.8430419,0.7870627,0.80988336,0.8234408,0.81710553,0.47822624,0.74956775,0.80403054
2.0,0.30504984,-0.24848011,-0.32028994,0.60775995,-0.1908803,-0.38919607,-0.44110557,-0.5440587,-0.021024134,0.5486897,0.005546976,-0.21683994,-0.24259068,-0.30074584,0.17158365,-0.07159878,0.19603898,0.68931544,-0.3112498,-0.16633898,0.65877587,0.78502744,0.7053708,0.50716096,0.7888055,0.72782713,0.609376,0.5544257,0.82316494,0.5482743,0.8018954,0.7663731,0.8413214,0.7853176,0.8064661,0.8221245,0.8145719,0.47449845,0.74651366,0.8027195
2.0,0.3033932,-0.24803752,-0.321185,0.6095224,-0.18959962,-0.3904149,-0.44426182,-0.54683155,-0.020476427,0.54665416,0.005156141,-0.21718158,-0.24516438,-0.30218458,0.17075503,-0.07274426,0.1958618,0.6872965,-0.3139245,-0.1646251,0.65794724,0.7840979,0.70359826,0.505323,0.7889062,0.7252992,0.6089788,0.55184793,0.8224315,0.54742247,0.79952943,0.7662301,0.8410528,0.7856728,0.8025801,0.82330686,0.81248784,0.4728751,0.7444884,0.8027919
2.0,0.3026709,-0.24872988,-0.32224387,0.61282355,-0.18955085,-0.39307266,-0.4482561,-0.55076605,-0.021047588,0.5473221,0.0052465573,-0.21811704,-0.2481726,-0.30365136,0.17044517,-0.07374102,0.19665198,0.68811107,-0.3172595,-0.1641613,0.6559208,0.7824972,0.70143485,0.5028848,0.7890119,0.7224592,0.60743916,0.5487786,0.82114893,0.5454153,0.7970124,0.7649287,0.84010935,0.7850188,0.799119,0.8232973,0.8103661,0.47038224,0.7421103,0.8021936
2.0,0.30511585,-0.24596992,-0.31839705,0.6005963,-0.189489,-0.38314822,-0.433694,-0.53626424,-0.01883817,0.54437447,0.0046276376,-0.21452597,-0.23735406,-0.2981962,0.17151175,-0.07036397,0.19358961,0.68446165,-0.30524004,-0.16559343,0.66372687,0.7883791,0.70943046,0.5119376,0.788761,0.7328195,0.6133207,0.5600937,0.8260324,0.55299586,0.8061764,0.76995593,0.84372264,0.7876033,0.81162137,0.8235656,0.8182038,0.47971508,0.75083977,0.80450255
2.0,0.30650914,-0.2433007,-0.31573385,0.59114474,-0.18880746,-0.37548348,-0.42310834,-0.52545846,-0.01691236,0.5409762,0.0038774982,-0.21167004,-0.22952117,-0.2941994,0.17199486,-0.068046175,0.19094832,0.6804182,-0.29657966,-0.16608752,0.6700633,0.7928413,0.7153607,0.5187338,0.7885579,0.7403259,0.61807394,0.568473,0.8299257,0.5589929,0.81280756,0.7741473,0.8467563,0.7897874,0.8202723,0.82418483,0.823794,0.48684305,0.75720286,0.80645484
3.0,0.30640268,-0.24468353,-0.31668037,0.5950595,-0.1897462,-0.37890917,-0.42723563,-0.5298384,-0.018116105,0.543349,0.0044293925,-0.21308386,-0.23237254,-0.29566464,0.17199114,-0.06856072,0.19229649,0.6831719,-0.29988533,-0.1665411,0.66710216,0.79098964,0.7130068,0.51601565,0.7886352,0.73754734,0.61578774,0.56524897,0.8281749,0.55627865,0.8103932,0.772071,0.8453805,0.7885311,0.8173444,0.8233632,0.82168806,0.48383063,0.7547289,0.8054621
1.0,0.30460238,-0.24809697,-0.32061183,0.6076794,-0.18962228,-0.3885071,-0.44119018,-0.5438813,-0.020295452,0.5472885,0.0052111223,-0.21625191,-0.2430269,-0.30099794,0.17143877,-0.0723044,0.1957442,0.68766475,-0.3113885,-0.16535527,0.65955955,0.78515047,0.7054704,0.50720733,0.78861296,0.72754306,0.6100218,0.5542985,0.8236645,0.548807,0.8016145,0.7670723,0.84158134,0.7858592,0.8058574,0.8230049,0.8144766,0.47480133,0.746554,0.8030206
1.0,0.30491364,-0.2478213,-0.32009286,0.6062538,-0.18982857,-0.38746276,-0.43949434,-0.54222715,-0.020151567,0.5471167,0.0051604956,-0.21593216,-0.24172102,-0.30031306,0.17156687,-0.07182156,0.19541006,0.6874458,-0.3099953,-0.16565743,0.66034937,0.7858129,0.70637554,0.5082556,0.78865457,0.7287839,0.6106151,0.55562794,0.8241407,0.54961216,0.80271,0.7675549,0.8419677,0.7861,0.80737567,0.82292074,0.81540155,0.47584555,0.7475502,0.80325353
1.0,0.30497345,-0.24850693,-0.32049367,0.60803556,-0.19039467,-0.3890607,-0.4413004,-0.5441648,-0.020808142,0.5484299,0.0054234527,-0.21659711,-0.24294557,-0.30088368,0.17162544,-0.072025895,0.19605573,0.6889175,-0.31146175,-0.16600776,0.6590145,0.7849615,0.7053661,0.5070813,0.78871953,0.7276044,0.6095398,0.5542657,0.8233537,0.54836786,0.80170304,0.7665573,0.8413275,0.78545094,0.8062216,0.8224172,0.81454945,0.4745231,0.7464834,0.80276155
2.0,0.30544063,-0.2469258,-0.3191774,0.6028634,-0.1893195,-0.3844666,-0.43551943,-0.53816396,-0.019292746,0.54578805,0.0048458986,-0.21468988,-0.23892717,-0.29888,0.17180789,-0.07119865,0.19447012,0.6858015,-0.30676013,-0.16568315,0.66285145,0.78747445,0.70865136,0.5107993,0.7885142,0.7315417,0.61250335,0.5587263,0.8257201,0.5519185,0.8051508,0.76922977,0.84307593,0.78700954,0.81062204,0.8233152,0.8175491,0.47856826,0.750002,0.8040033
2.0,0.3045097,-0.2475372,-0.3198517,0.60588306,-0.1901568,-0.38758796,-0.439578,-0.5422993,-0.020166982,0.54666024,0.0050986223,-0.2162173,-0.24162616,-0.30029252,0.171295,-0.071531296,0.19514917,0.6871213,-0.31006706,-0.1655916,0.6601209,0.7858583,0.7061638,0.50819945,0.78891295,0.7287446,0.6105438,0.55553365,0.82382864,0.5495643,0.80260277,0.76748043,0.8420163,0.78621453,0.8070202,0.8229588,0.8151678,0.47573584,0.7473246,0.80333596
2.0,0.30527127,-0.24758193,-0.31953308,0.60499704,-0.19050168,-0.386913,-0.43814147,-0.5410056,-0.020272415,0.5473346,0.005285479,-0.21601179,-0.24040882,-0.29972902,0.17163861,-0.07095379,0.19517402,0.6877967,-0.30880404,-0.16627532,0.66058636,0.7863285,0.7069825,0.50903237,0.78873736,0.72985756,0.6108065,0.5566971,0.8242488,0.55003583,0.8036621,0.7676617,0.8422188,0.7860666,0.80866957,0.8224946,0.81604683,0.4764972,0.74824935,0.80334634
2.0,0.30471233,-0.2479561,-0.32027465,0.606889,-0.1898349,-0.38798442,-0.44028556,-0.54300153,-0.020254698,0.5471977,0.0051571056,-0.2161206,-0.24233438,-0.30059516,0.17148486,-0.072042,0.19554193,0.6875553,-0.31066668,-0.1655297,0.659947,0.7854987,0.70593345,0.5077723,0.78871435,0.7282169,0.61032,0.5550095,0.8238654,0.5492205,0.8021952,0.76730025,0.8417771,0.7860092,0.80666417,0.8229543,0.81497586,0.47535482,0.7470656,0.8031484
2.0,0.3057741,-0.24616012,-0.3181849,0.6001327,-0.18986233,-0.38279015,-0.43272033,-0.5354183,-0.0190514,0.5451707,0.004781965,-0.21439607,-0.23655145,-0.29775524,0.17183016,-0.06999939,0.19372924,0.6852418,-0.30439913,-0.16620873,0.66399515,0.7886486,0.71002156,0.5125146,0.78865486,0.7336219,0.6134182,0.56091994,0.82632244,0.5532378,0.8069522,0.7699874,0.84380364,0.78741056,0.81292504,0.8231193,0.81888676,0.4802187,0.75151205,0.80444264
2.0,0.3040718,-0.24722621,-0.31992176,0.60574865,-0.1897253,-0.38742068,-0.43978968,-0.5423848,-0.019857515,0.54577756,0.0049312226,-0.21612489,-0.24185957,-0.3004545,0.17105891,-0.071719974,0.1949036,0.6862116,-0.31026483,-0.16508625,0.660294,0.7858929,0.7060281,0.5081084,0.7889386,0.728499,0.6107564,0.5553216,0.8238597,0.5497212,0.80233943,0.76772577,0.84214,0.78649753,0.8064302,0.82338375,0.81491,0.4757338,0.74714565,0.8035024
2.0,0.3058214,-0.24470204,-0.31706238,0.5959533,-0.18922602,-0.3794124,-0.42846593,-0.53095216,-0.017930452,0.5427851,0.004290037,-0.21315001,-0.23347233,-0.2962215,0.17175272,-0.069183506,0.1923197,0.6825799,-0.30095077,-0.1658852,0.6667818,0.7905739,0.712341,0.5152753,0.7886667,0.73653764,0.61561984,0.5642167,0.8279139,0.55590886,0.809458,0.7719723,0.84519243,0.7886595,0.8159262,0.8238329,0.820953,0.48319757,0.7539739,0.8054477
2.0,0.30631077,-0.24555644,-0.3174088,0.5975931,-0.1898951,-0.38079077,-0.42976075,-0.5324547,-0.01866595,0.5445904,0.004647255,-0.21368062,-0.23432057,-0.29660115,0.17203861,-0.069259994,0.19311102,0.68451023,-0.3019656,-0.16655588,0.6656135,0.7898515,0.7116747,0.5143969,0.78860915,0.73576933,0.6146084,0.5632774,0.82734203,0.5547884,0.8088619,0.7710153,0.84457684,0.7878964,0.8155101,0.8231084,0.8204924,0.4821416,0.75330526,0.8049086
2.0,0.3035881,-0.2469995,-0.32055587,0.6063661,-0.18818936,-0.38708112,-0.44058117,-0.5428794,-0.019120935,0.5444753,0.0046115257,-0.21554525,-0.2428935,-0.3010266,0.17093432,-0.072747275,0.19480337,0.6846194,-0.31099474,-0.16394344,0.66086745,0.78572965,0.70581144,0.50773156,0.7886328,0.7276714,0.6112194,0.55464923,0.8242788,0.54996717,0.80160546,0.76830286,0.84224004,0.78693485,0.8052227,0.82433975,0.8144817,0.47564754,0.746831,0.8037043
3.0,0.30428424,-0.24703935,-0.31946653,0.60502,-0.19076441,-0.38766745,-0.43931848,-0.5421095,-0.020243052,0.54625815,0.005235646,-0.21671684,-0.24092607,-0.30019778,0.17096153,-0.07060331,0.1947941,0.68704134,-0.3097161,-0.16585603,0.6597365,0.7860778,0.706028,0.50828254,0.7890646,0.72899306,0.61040103,0.55568933,0.82342887,0.5495392,0.80278283,0.76734066,0.84217155,0.78616476,0.80691415,0.8227029,0.81492716,0.4756703,0.7472084,0.8034235
2.0,0.30590203,-0.24609151,-0.31826806,0.60000336,-0.18946567,-0.382395,-0.4324217,-0.53507775,-0.018800948,0.5449892,0.0047312267,-0.2141154,-0.236436,-0.29773778,0.1719433,-0.07014357,0.19368456,0.68494225,-0.30415416,-0.16607057,0.6643894,0.78877133,0.7102735,0.5127127,0.78849334,0.73375994,0.61369294,0.56114745,0.8266297,0.5535182,0.8071043,0.77026683,0.84390384,0.787506,0.8131505,0.82327235,0.81911016,0.4805007,0.7517727,0.80451375
3.0,0.30504858,-0.24611235,-0.31861866,0.6010295,-0.18912807,-0.38319564,-0.4340268,-0.536542,-0.018756103,0.5443057,0.0045473203,-0.21435042,-0.23780449,-0.2983442,0.1715425,-0.0708103,0.19369172,0.68428016,-0.30556977,-0.1653341,0.6638276,0.7882377,0.7093509,0.5117744,0.78870195,0.7325309,0.6133712,0.5598358,0.8261376,0.552957,0.8059312,0.7700205,0.8436613,0.7876688,0.8113398,0.8237777,0.8181162,0.47963154,0.75073457,0.80449206
1.0,0.30477238,-0.24638593,-0.3191293,0.6023966,-0.188834,-0.38410527,-0.43558615,-0.5380568,-0.018829,0.54443777,0.0045736767,-0.21458296,-0.23904942,-0.29900104,0.17145376,-0.07134247,0.19400443,0.68442845,-0.30685973,-0.16501012,0.66315436,0.78762245,0.7085364,0.51080483,0.78863615,0.7313602,0.6128691,0.5585971,0.82574445,0.55224586,0.8049033,0.76961946,0.843304,0.78747183,0.8099274,0.82391334,0.81729084,0.47869197,0.7498359,0.80428624
2.0,0.3054316,-0.24483606,-0.31724066,0.59681916,-0.18945234,-0.38033974,-0.42972133,-0.5322142,-0.018150795,0.5428809,0.0043348037,-0.21362339,-0.23430862,-0.2966685,0.17153856,-0.06929546,0.19246428,0.682829,-0.30198056,-0.16578227,0.6659424,0.7900959,0.71154207,0.5144632,0.7888236,0.73565376,0.61505026,0.56320053,0.8273039,0.5552112,0.80863655,0.77146304,0.84489226,0.7884838,0.81471527,0.8238065,0.82017624,0.4823234,0.75311244,0.8052823
1.0,0.30480435,-0.24846202,-0.32053137,0.60801834,-0.19017649,-0.38894168,-0.4413346,-0.54413515,-0.020705346,0.54810506,0.005317468,-0.21646564,-0.24309154,-0.30089238,0.17155747,-0.07224615,0.19598709,0.688532,-0.31153738,-0.16576803,0.6591887,0.78498083,0.70537966,0.5071023,0.78875005,0.7275508,0.6096851,0.55423236,0.8234423,0.54847765,0.80163556,0.7666983,0.8413833,0.7856133,0.8060856,0.82263917,0.8145289,0.47459823,0.7464804,0.80283964
2.0,0.30601507,-0.24538344,-0.31751317,0.5976639,-0.18956299,-0.38076222,-0.4300481,-0.5326623,-0.018442538,0.5440522,0.004553236,-0.2136403,-0.23459126,-0.2967905,0.17190173,-0.069440305,0.19297935,0.6839503,-0.30221218,-0.16619378,0.66565746,0.7898088,0.71150434,0.5142293,0.7886018,0.7354785,0.61469674,0.56300867,0.82732147,0.55482066,0.8085784,0.7711335,0.84460676,0.788051,0.81498104,0.8233989,0.82025313,0.4820419,0.7530999,0.8049888
3.0,0.30549896,-0.24594587,-0.31806952,0.59990853,-0.1899764,-0.38284242,-0.43280965,-0.5354839,-0.01901104,0.54479647,0.0047494434,-0.21455282,-0.23651798,-0.29778412,0.17165104,-0.06983478,0.19355173,0.6849433,-0.30446666,-0.1661079,0.66387045,0.7886797,0.7098704,0.5124541,0.7887804,0.733554,0.61339366,0.5608233,0.8261409,0.55322194,0.8068476,0.7699716,0.8438446,0.787499,0.8126227,0.82318807,0.8186993,0.48013288,0.7513471,0.80450714
3.0,0.30721527,-0.24339476,-0.31556553,0.5904514,-0.18885896,-0.3747459,-0.42182124,-0.5242461,-0.016946089,0.5415049,0.0039512366,-0.21126863,-0.22860177,-0.29367253,0.17235294,-0.06782235,0.1910169,0.6808113,-0.2955051,-0.1665414,0.6707599,0.79325736,0.71622187,0.519566,0.7883591,0.74131995,0.6184676,0.5695756,0.8305228,0.5595349,0.8137714,0.77447397,0.846974,0.7897301,0.8218239,0.82389593,0.82469046,0.48767093,0.75814986,0.806491
3.0,0.3056682,-0.2462126,-0.31859973,0.6007102,-0.18908994,-0.38275665,-0.4332323,-0.53582567,-0.018759806,0.5448287,0.0046992786,-0.21410652,-0.23717444,-0.29809606,0.17185065,-0.07059081,0.19381832,0.6847474,-0.30484372,-0.16571671,0.66419506,0.78847796,0.70988655,0.5122338,0.78842545,0.73312515,0.61355597,0.5604937,0.8265314,0.5532433,0.80654144,0.7701783,0.8437662,0.78751236,0.8123477,0.82350945,0.8186648,0.4800816,0.7513314,0.8044631
1.0,0.30482385,-0.24740177,-0.3197197,0.6051794,-0.18990359,-0.38679433,-0.43855637,-0.54126596,-0.019925606,0.5465207,0.005060546,-0.21582003,-0.24093847,-0.29996774,0.17147431,-0.07143766,0.19501312,0.68686473,-0.30921698,-0.16564716,0.66080475,0.7862545,0.706801,0.5088387,0.7887554,0.7294378,0.6110239,0.55633414,0.82432956,0.55014735,0.80324733,0.76791614,0.842269,0.78637165,0.807955,0.8230198,0.8157844,0.4764368,0.7480129,0.8034822
1.0,0.30476177,-0.24638313,-0.31892166,0.6022981,-0.18942955,-0.38444024,-0.4356496,-0.5382051,-0.019084606,0.5447475,0.00467477,-0.2149531,-0.23887242,-0.29894063,0.17139077,-0.07092859,0.19400226,0.68489945,-0.30687308,-0.16533835,0.662722,0.78757834,0.7083654,0.51071703,0.78880584,0.7314018,0.612569,0.55855346,0.82540196,0.552,0.8049165,0.76931053,0.84322023,0.787305,0.80993223,0.82360196,0.81718266,0.47848225,0.7496783,0.80420154
2.0,0.3043576,-0.2462303,-0.3190594,0.60246027,-0.18904416,-0.38446516,-0.4360814,-0.538528,-0.018874321,0.5441026,0.004527744,-0.2148918,-0.23930879,-0.29915506,0.17119932,-0.071241274,0.1938744,0.68421435,-0.30727315,-0.16487385,0.66276824,0.78749067,0.70813257,0.510491,0.7888432,0.7310113,0.6126633,0.5581797,0.8253691,0.55200636,0.80453366,0.7694371,0.8432456,0.78751445,0.80925,0.8239785,0.8168681,0.4783382,0.74939585,0.8042973
2.0,0.3042565,-0.24659508,-0.31926346,0.60379004,-0.18992102,-0.38613796,-0.43782598,-0.5404386,-0.019532759,0.5451264,0.0048752315,-0.21587206,-0.24018885,-0.29974097,0.17105605,-0.07089801,0.19431375,0.6855916,-0.30859244,-0.16533132,0.66116005,0.78674364,0.7069842,0.5092976,0.78897935,0.72989994,0.61147785,0.55682594,0.82432103,0.5507137,0.8035558,0.76834923,0.842681,0.7868349,0.8079201,0.8233527,0.81580746,0.47690856,0.7481986,0.8038508
2.0,0.30604884,-0.24487945,-0.31704617,0.59614944,-0.18956642,-0.37969854,-0.4285605,-0.53112984,-0.018168662,0.5433511,0.0044271015,-0.21333389,-0.23342513,-0.296214,0.17185059,-0.068989106,0.19249703,0.68321776,-0.3009885,-0.16622241,0.6664821,0.7904764,0.71226907,0.5151797,0.78865665,0.73654294,0.6153573,0.56416994,0.8277666,0.5556698,0.80948794,0.7717136,0.8450742,0.7884189,0.8160713,0.82351977,0.8209453,0.4830182,0.75391966,0.8053103
2.0,0.30606654,-0.24459285,-0.3166957,0.5952061,-0.18973477,-0.37912533,-0.42765623,-0.5302148,-0.01807766,0.5430219,0.004356973,-0.21322446,-0.2326817,-0.2958224,0.1718173,-0.06864307,0.1922066,0.68289155,-0.30025327,-0.16632544,0.6668968,0.790871,0.71270776,0.5157563,0.7887588,0.7372177,0.6156935,0.5648855,0.82795924,0.5561338,0.8100568,0.77199423,0.84533465,0.78861433,0.8167683,0.82351875,0.82137215,0.48358026,0.7543963,0.8054854
3.0,0.306129,-0.24629503,-0.3181254,0.60003227,-0.18999755,-0.38264516,-0.43232363,-0.5350831,-0.019136366,0.5456247,0.0048481785,-0.21431689,-0.23624434,-0.29758152,0.17202929,-0.06989116,0.19383298,0.6856627,-0.30406308,-0.16650467,0.66411597,0.7887332,0.71028817,0.5127477,0.7885865,0.73394126,0.6134484,0.5612636,0.8264709,0.55332494,0.8072766,0.7699924,0.8438099,0.78729296,0.8135153,0.8229039,0.8192196,0.48042855,0.7518154,0.80438995
2.0,0.30596173,-0.24571642,-0.31761605,0.5984945,-0.19005787,-0.3816731,-0.43098846,-0.5336864,-0.018858131,0.5447191,0.0046873465,-0.21409939,-0.23517545,-0.29704848,0.17186594,-0.069429666,0.19327699,0.68475837,-0.30297732,-0.16643393,0.6648374,0.78937393,0.7109181,0.51360834,0.7887378,0.7348953,0.6140706,0.5622892,0.8267883,0.5541195,0.8080562,0.7705388,0.84426934,0.78772384,0.8143543,0.8230954,0.8197639,0.4813054,0.752489,0.804738
2.0,0.30718738,-0.24268615,-0.3148281,0.5882609,-0.18898718,-0.37325716,-0.419704,-0.5220452,-0.016629342,0.5405046,0.0036997013,-0.21084854,-0.22698043,-0.29276258,0.17226434,-0.06723545,0.19029777,0.6797353,-0.2938257,-0.16658646,0.671955,0.7941993,0.71731156,0.5209611,0.7885718,0.7428652,0.61940765,0.5712653,0.8311203,0.56075156,0.8150719,0.77528447,0.847639,0.7902981,0.82339704,0.8240682,0.8257214,0.48909408,0.75930876,0.806955
3.0,0.3055203,-0.2462079,-0.3186716,0.600933,-0.18898232,-0.38287264,-0.43353814,-0.53609645,-0.018690955,0.54469234,0.0046329126,-0.21413073,-0.23745377,-0.29822978,0.17181218,-0.07075207,0.19380595,0.68458974,-0.30512244,-0.16556151,0.6641189,0.7883668,0.7097184,0.5120525,0.7884654,0.73286724,0.6135159,0.56024057,0.8264551,0.5531569,0.80629945,0.7701567,0.84371245,0.78755057,0.8119903,0.8236264,0.8185104,0.479932,0.7511415,0.8044585
1.0,0.30518684,-0.24591509,-0.31848344,0.6004561,-0.1890117,-0.38268015,-0.43335932,-0.53586316,-0.018567894,0.5440893,0.0045131706,-0.21416251,-0.23728989,-0.29814303,0.17160721,-0.07063984,0.19352256,0.6840244,-0.30500215,-0.16537097,0.6642299,0.7885181,0.70972484,0.5121812,0.7886307,0.73297614,0.6136774,0.5603494,0.82640177,0.55334467,0.8063356,0.77030253,0.84385335,0.7877801,0.8118599,0.82381696,0.8184695,0.48007143,0.75113684,0.80460954
1.0,0.3061899,-0.24494424,-0.31720936,0.59632444,-0.18931311,-0.37964433,-0.42859897,-0.5311653,-0.018099952,0.5434292,0.0044750944,-0.21320583,-0.23350294,-0.29629886,0.17193434,-0.06910844,0.19259499,0.68324625,-0.30099225,-0.166176,0.6665808,0.7904527,0.712322,0.5151535,0.78848326,0.73648566,0.6154008,0.56414217,0.82790965,0.55568916,0.80947465,0.77177584,0.8450643,0.78837043,0.8160955,0.82354593,0.82096124,0.4830269,0.75397265,0.8052866
2.0,0.30446953,-0.24758199,-0.31978732,0.60597587,-0.19051898,-0.38793653,-0.4398078,-0.5425854,-0.020381834,0.5468858,0.0051875897,-0.21648628,-0.24165036,-0.30032033,0.17121908,-0.071320035,0.19519769,0.68746674,-0.3102274,-0.1657781,0.6597537,0.78575987,0.7059582,0.50803053,0.78900456,0.72864336,0.6102846,0.55535936,0.82356,0.5493103,0.8025042,0.767223,0.8419279,0.78607357,0.8068625,0.82275987,0.81498027,0.47548625,0.7471168,0.8032579
3.0,0.3067827,-0.24445838,-0.31648412,0.5941753,-0.1896636,-0.37815213,-0.4261235,-0.52873975,-0.017944615,0.54326814,0.0044595227,-0.2128028,-0.23147143,-0.29529595,0.17214397,-0.0682033,0.19212963,0.68304706,-0.29891407,-0.1667577,0.6677027,0.7914354,0.7136536,0.5166969,0.7884627,0.73834467,0.6162082,0.56613946,0.82861865,0.55684465,0.8111403,0.77245337,0.84567326,0.78859884,0.8183642,0.8232746,0.8222956,0.48452717,0.75543123,0.8056003
3.0,0.30503815,-0.24600306,-0.3185931,0.6009278,-0.18917522,-0.38321698,-0.4340305,-0.5365543,-0.018729236,0.54423654,0.0045892373,-0.2144455,-0.2377003,-0.29838553,0.1715025,-0.07062831,0.19364072,0.68427396,-0.30552602,-0.16537428,0.66373736,0.7882599,0.7092988,0.51174134,0.788677,0.7325234,0.61332756,0.55981696,0.826069,0.55293536,0.8059228,0.7699921,0.8436804,0.7876302,0.8112626,0.82373136,0.8180397,0.47957754,0.7506821,0.8044956
2.0,0.304527,-0.2474275,-0.32005775,0.60578066,-0.18936883,-0.38699704,-0.43930033,-0.5418996,-0.019759405,0.5461194,0.0049553476,-0.21571888,-0.24167491,-0.3003233,0.17136514,-0.07195077,0.19506942,0.6863847,-0.30986822,-0.16516286,0.6607703,0.7860129,0.7064688,0.5084239,0.78868175,0.728822,0.611013,0.5557327,0.82432145,0.5499981,0.80269355,0.7679616,0.84219503,0.7864764,0.80712503,0.82338136,0.8153748,0.476119,0.74762005,0.8034922
1.0,0.304754,-0.24633417,-0.31899953,0.6024278,-0.1894131,-0.38460508,-0.43588558,-0.53845215,-0.019084748,0.5447428,0.004744932,-0.21507348,-0.23894586,-0.29908672,0.17134967,-0.07082391,0.19402333,0.68496454,-0.30701363,-0.16535369,0.66252875,0.7875059,0.7082029,0.510537,0.7887369,0.73122215,0.6124441,0.5583515,0.8252921,0.55186397,0.8047674,0.7692171,0.84318686,0.7872106,0.809666,0.82355523,0.8169834,0.47828355,0.7495038,0.80416393
2.0,0.3029956,-0.24711421,-0.32082194,0.607571,-0.188527,-0.38844934,-0.44244674,-0.5447443,-0.019444544,0.5445343,0.0046599917,-0.21626511,-0.24411352,-0.30167773,0.17058145,-0.072862834,0.19498329,0.68489945,-0.31252664,-0.16377942,0.6596613,0.78503346,0.7046433,0.5065596,0.7888743,0.72636974,0.61039376,0.5531785,0.82339525,0.5489608,0.8004021,0.7675824,0.84182924,0.786667,0.8034111,0.8242791,0.81331396,0.47438127,0.745561,0.8034689
2.0,0.30405244,-0.24580806,-0.3192189,0.6020397,-0.18802914,-0.38366088,-0.4357788,-0.5380252,-0.018217716,0.54286295,0.004270278,-0.21434945,-0.2393352,-0.299234,0.17108753,-0.07166217,0.1935362,0.68277407,-0.30706763,-0.16413292,0.66358024,0.78774923,0.70840424,0.51075304,0.788661,0.73103607,0.61332995,0.55836105,0.8258729,0.55262846,0.80454177,0.7701308,0.8435516,0.7880001,0.8090383,0.8246743,0.816956,0.47881052,0.74963695,0.8046038
2.0,0.30434445,-0.24788234,-0.32044,0.6072373,-0.18960541,-0.388246,-0.44092664,-0.54356414,-0.020170223,0.5467785,0.005074151,-0.21619166,-0.24286802,-0.30086717,0.1712982,-0.07228927,0.19550608,0.6871405,-0.31121838,-0.1651726,0.6597749,0.7853118,0.7055695,0.50740516,0.78876054,0.727714,0.6102375,0.55448693,0.82370365,0.54904264,0.80171734,0.7672629,0.8417202,0.7860989,0.8058802,0.82320213,0.81454813,0.47502685,0.74665046,0.80316824
1.0,0.30446112,-0.24520141,-0.31837958,0.5996074,-0.18834361,-0.38198286,-0.4330918,-0.53538203,-0.017942157,0.5423709,0.0042041205,-0.21390887,-0.23717694,-0.29817283,0.17120141,-0.07074623,0.19290791,0.6822538,-0.30482346,-0.16456065,0.6648183,0.7888461,0.70979774,0.51241004,0.78871423,0.73300046,0.6142802,0.56046766,0.82659286,0.5539365,0.8062653,0.7709206,0.84422183,0.78839624,0.8113253,0.8245549,0.8183241,0.4804516,0.7511637,0.8050091
2.0,0.3049779,-0.24731237,-0.31960607,0.604636,-0.18969254,-0.38617492,-0.43778858,-0.54046965,-0.019751552,0.54632324,0.004979931,-0.21548004,-0.24047951,-0.29968867,0.1715717,-0.0714659,0.19488807,0.6865579,-0.30861205,-0.16561624,0.6613775,0.7865577,0.70729035,0.5093438,0.78869087,0.72996294,0.6114327,0.55693954,0.82472473,0.55061954,0.8037227,0.7682785,0.8424763,0.78656065,0.80864,0.8231401,0.8162567,0.4770031,0.7485348,0.8036214
2.0,0.30448046,-0.24700263,-0.31976783,0.6046628,-0.18908587,-0.38601923,-0.43816993,-0.5406924,-0.019358855,0.54533726,0.0047750957,-0.21533428,-0.24090193,-0.29994828,0.17134076,-0.07181069,0.19465093,0.6855009,-0.30896562,-0.16497566,0.661578,0.786534,0.7070885,0.5091579,0.78868765,0.7295593,0.6116659,0.556588,0.8247755,0.55076224,0.8033191,0.76856065,0.8425771,0.78687745,0.807851,0.82367283,0.81592834,0.47694102,0.74827635,0.80379164
1.0,0.3047846,-0.24567828,-0.3186031,0.6004861,-0.18860266,-0.3826329,-0.43370304,-0.53609765,-0.01830716,0.5433527,0.0043912865,-0.21410762,-0.23761223,-0.2983583,0.17139676,-0.07084933,0.193348,0.6832697,-0.30529952,-0.16490167,0.6643016,0.7884853,0.7095197,0.5119955,0.7886307,0.7326398,0.61380297,0.56003374,0.82638323,0.55340105,0.8060006,0.7704667,0.84391516,0.7879971,0.81120324,0.82419294,0.8181525,0.47996324,0.75088674,0.80472815
2.0,0.3058426,-0.24573836,-0.31776142,0.5987456,-0.18984182,-0.38176975,-0.4312928,-0.53395545,-0.01880246,0.5445706,0.004667405,-0.21406204,-0.2354713,-0.29719856,0.17181405,-0.069631055,0.19331078,0.68458617,-0.30323452,-0.16623679,0.6648095,0.78927606,0.71078014,0.51343286,0.7886937,0.7346444,0.6140575,0.5620381,0.8267807,0.55404747,0.8078325,0.7705466,0.8442326,0.787758,0.8140198,0.8232348,0.81958205,0.48116603,0.75232786,0.80473757
2.0,0.30504283,-0.24507478,-0.31797868,0.5983684,-0.18855168,-0.38101986,-0.43140432,-0.5337719,-0.017919082,0.54259914,0.004269846,-0.21356419,-0.23585556,-0.2974936,0.17145208,-0.07023844,0.19275568,0.68242717,-0.3033948,-0.1650339,0.6655817,0.7894663,0.71076274,0.51345,0.788607,0.73427933,0.6147863,0.56183374,0.8271497,0.554662,0.80743873,0.771326,0.8445643,0.78846294,0.81305194,0.8242944,0.8193045,0.48146296,0.7522294,0.80515146
2.0,0.30437392,-0.24683726,-0.31976706,0.60447097,-0.18890822,-0.38584468,-0.43808597,-0.5405663,-0.01920477,0.5449847,0.0047306567,-0.2152698,-0.24084054,-0.29996946,0.17127126,-0.07179853,0.19453065,0.6851411,-0.30888528,-0.16481827,0.66171646,0.78661644,0.70712423,0.5092158,0.788658,0.72958016,0.61180013,0.5566335,0.82484394,0.5509,0.8033266,0.7687057,0.84266466,0.78698665,0.8077676,0.82381314,0.8159052,0.4770314,0.74830586,0.80387306
1.0,0.30477828,-0.24665532,-0.31945843,0.60323215,-0.18859635,-0.38452092,-0.43633646,-0.5387878,-0.01887114,0.5447045,0.0045917295,-0.21458821,-0.23972915,-0.2993169,0.17152248,-0.07174741,0.1942635,0.6846355,-0.30749655,-0.16487432,0.66291153,0.78728896,0.7082148,0.510353,0.78853923,0.7307951,0.612645,0.55802155,0.8256615,0.5519043,0.80443186,0.7694429,0.8430936,0.78734016,0.80937713,0.82396346,0.8169914,0.47827455,0.7494808,0.8041487
1.0,0.3045315,-0.24804917,-0.32039696,0.60740405,-0.18994203,-0.38849747,-0.44098526,-0.5437042,-0.020383928,0.54729927,0.005181391,-0.21636,-0.24281885,-0.30083808,0.17139289,-0.072134785,0.19564526,0.68771803,-0.31124675,-0.16547889,0.6595129,0.7852242,0.70551324,0.50733316,0.7887877,0.72772837,0.61000973,0.55446154,0.82355833,0.54883784,0.8017487,0.7670263,0.84160405,0.78589517,0.8060271,0.82292473,0.8145716,0.47488546,0.74660975,0.8030451
1.0,0.3043377,-0.24683195,-0.3196473,0.604394,-0.18922332,-0.3860129,-0.4381073,-0.5406307,-0.019348439,0.5451088,0.0047756545,-0.21545613,-0.24074887,-0.29992115,0.17121714,-0.07159842,0.19451566,0.68534875,-0.30889165,-0.16497202,0.661505,0.78660285,0.70704085,0.50918376,0.7887651,0.72961295,0.61165917,0.5566195,0.8246651,0.55078405,0.8033396,0.7685544,0.84263104,0.7869212,0.80776775,0.82366884,0.8158473,0.47693706,0.7482276,0.8038406
2.0,0.30520716,-0.24504787,-0.3179248,0.59806794,-0.18842511,-0.38064033,-0.4309115,-0.5332735,-0.017824177,0.54257345,0.0042342544,-0.21334496,-0.23555578,-0.29731667,0.17155379,-0.07025446,0.19270752,0.6823242,-0.30300343,-0.16506433,0.6659427,0.78964597,0.7110906,0.51377153,0.78854233,0.73461807,0.6150302,0.56223094,0.8274147,0.5549483,0.8077575,0.77154064,0.8446826,0.7885404,0.8135343,0.8243272,0.81963515,0.4818231,0.75258034,0.8052178
2.0,0.3047449,-0.24714574,-0.3195089,0.6045286,-0.18992795,-0.38640073,-0.4380089,-0.5406992,-0.01980782,0.546118,0.0050022528,-0.21574742,-0.2404799,-0.2997607,0.17138526,-0.07121843,0.19477277,0.68648463,-0.30876076,-0.16562116,0.6610802,0.78652334,0.70704746,0.50918204,0.78880966,0.72982496,0.61127585,0.5567437,0.824447,0.5504701,0.803564,0.7681369,0.8424675,0.7865463,0.80827373,0.82310027,0.81598306,0.4767865,0.74827677,0.8036308
2.0,0.30472675,-0.24593058,-0.31870162,0.6010719,-0.18883997,-0.38318676,-0.43432194,-0.5367537,-0.01856025,0.5437482,0.004443951,-0.21433091,-0.23807074,-0.29851675,0.17137918,-0.07096941,0.19355308,0.68371284,-0.30582803,-0.16498148,0.66385365,0.7881973,0.7091688,0.51161045,0.7887221,0.73224914,0.61344886,0.5595678,0.8260964,0.5529805,0.8056504,0.7701279,0.84369886,0.7878306,0.8108022,0.8240613,0.8178612,0.4795261,0.75051606,0.8045779
2.0,0.30364904,-0.24742079,-0.32076827,0.6073785,-0.18859102,-0.38803667,-0.44159395,-0.5439833,-0.019566294,0.5453061,0.0047822483,-0.21595402,-0.2435637,-0.3013229,0.17096353,-0.0728278,0.1951953,0.68556285,-0.3118114,-0.16420485,0.66006577,0.78524417,0.7052394,0.5070689,0.7886809,0.7270356,0.61057156,0.5538912,0.82381064,0.5492294,0.8010637,0.76769125,0.8418743,0.78653485,0.80462027,0.82400304,0.8140027,0.4748835,0.7462284,0.80340993
2.0,0.3047011,-0.24628538,-0.31902426,0.60219723,-0.18902521,-0.38415655,-0.43553734,-0.5380275,-0.018882971,0.54436916,0.0046155117,-0.21471888,-0.23889951,-0.29896668,0.17136574,-0.07111724,0.19393466,0.68444,-0.30678874,-0.16507572,0.66303587,0.787669,0.7084912,0.5108185,0.7886936,0.7314249,0.61280996,0.5586284,0.82562715,0.5522174,0.80494213,0.76956004,0.8433262,0.7874603,0.8099123,0.82384044,0.81722134,0.47865775,0.74979496,0.8042992
1.0,0.30462864,-0.24614948,-0.3191256,0.60221946,-0.1886987,-0.38401604,-0.4356168,-0.5380503,-0.018652637,0.54404634,0.0045534186,-0.21462272,-0.23899563,-0.2990977,0.17135489,-0.07122245,0.19385459,0.6840756,-0.30684578,-0.1648676,0.66316426,0.7876738,0.70846695,0.51076686,0.78860575,0.73128754,0.612928,0.5585394,0.82571304,0.5523131,0.8048239,0.7697075,0.84337175,0.787539,0.8096775,0.8240232,0.8171594,0.47867095,0.7497546,0.8043533
2.0,0.30514607,-0.247735,-0.31974858,0.6054767,-0.19019344,-0.38704404,-0.4385711,-0.5413731,-0.020233441,0.54726213,0.0052000135,-0.21588346,-0.24092875,-0.29988986,0.17163536,-0.07140831,0.19528227,0.6876279,-0.3092196,-0.16600397,0.66061574,0.7861527,0.70683515,0.5088116,0.7887184,0.72951365,0.61080694,0.5563657,0.82429403,0.5499404,0.8033563,0.7676768,0.8421387,0.78613156,0.80829763,0.8227089,0.815894,0.4763445,0.7480684,0.8033285
2.0,0.3051442,-0.24736041,-0.3195693,0.60453767,-0.18977681,-0.38610628,-0.43757203,-0.5402893,-0.019809898,0.5465268,0.005041264,-0.21545663,-0.24028675,-0.29959756,0.17164494,-0.07136271,0.19493367,0.6867652,-0.30841404,-0.16576782,0.6614216,0.7866189,0.7074213,0.5094665,0.7886451,0.73014396,0.61144143,0.55712175,0.8247873,0.55066174,0.80390215,0.7682747,0.8424899,0.78649914,0.8089389,0.82302153,0.8163971,0.47710255,0.7486854,0.80360067
1.0,0.30373234,-0.24787617,-0.32066146,0.6082496,-0.18988723,-0.38946182,-0.4426357,-0.54526144,-0.020387392,0.54667115,0.0051005036,-0.21688274,-0.24394606,-0.30149755,0.17093807,-0.07233293,0.1955875,0.6872525,-0.3126092,-0.16497673,0.65866846,0.7846977,0.7044676,0.5063202,0.7889885,0.72649693,0.60950583,0.55312335,0.8228631,0.54815114,0.80058366,0.7666341,0.84137005,0.7858812,0.80411506,0.8231866,0.8134393,0.47386417,0.74545234,0.8029814
2.0,0.30513072,-0.24679977,-0.31920832,0.6030871,-0.18944402,-0.38488355,-0.4361204,-0.53875315,-0.019320589,0.5455724,0.0048574097,-0.21500362,-0.23924024,-0.29913026,0.17161028,-0.071090445,0.19441287,0.6857126,-0.30722278,-0.16558072,0.6624091,0.7872923,0.708207,0.51039594,0.7886124,0.7311028,0.61223996,0.55822253,0.82535493,0.5516144,0.8047237,0.76901144,0.84298235,0.78696173,0.80988616,0.8233353,0.81707925,0.47812808,0.7495204,0.8039687
2.0,0.30575073,-0.2455455,-0.31776553,0.5985219,-0.18955371,-0.38147062,-0.43112308,-0.5337278,-0.01855464,0.54414815,0.0045785755,-0.21391684,-0.23539211,-0.2972106,0.17178771,-0.06969147,0.1931508,0.6841098,-0.30310172,-0.16602938,0.6650701,0.7893873,0.71088344,0.5135458,0.78865075,0.7346904,0.6142825,0.5621437,0.82692564,0.5542773,0.8078662,0.770778,0.8443449,0.7879123,0.81397814,0.8234407,0.8196445,0.48134598,0.7524241,0.8048441
2.0,0.30472463,-0.24606338,-0.31888926,0.6016653,-0.18890311,-0.38369888,-0.43499586,-0.53745747,-0.018679213,0.54404,0.0045483783,-0.21456486,-0.2384908,-0.2988071,0.17137554,-0.07098909,0.19373567,0.6840776,-0.30633813,-0.16503233,0.66338944,0.78791386,0.70877904,0.5111538,0.78867096,0.73177195,0.6130967,0.5590357,0.8258311,0.5525684,0.8052437,0.7698276,0.84350365,0.78761053,0.8102605,0.82393855,0.817485,0.47903103,0.75010127,0.8044277
2.0,0.30466977,-0.24597174,-0.3185606,0.60127056,-0.18957731,-0.3838907,-0.4348135,-0.53735715,-0.01893248,0.5442098,0.0046242326,-0.21492073,-0.23810457,-0.29862165,0.17126518,-0.070475996,0.19363092,0.68442196,-0.30616063,-0.16537899,0.6630563,0.7879859,0.7087148,0.5112274,0.78890175,0.7320032,0.61289114,0.55918264,0.82551533,0.5524482,0.8054111,0.7695905,0.843503,0.7875195,0.81042844,0.82364035,0.8174723,0.4789731,0.7500587,0.8044052
2.0,0.30455023,-0.24645671,-0.3192643,0.60294664,-0.18893553,-0.38466623,-0.43637475,-0.5388437,-0.018940497,0.5444958,0.004605077,-0.21486226,-0.23958065,-0.29929549,0.17133637,-0.071414605,0.19410275,0.684566,-0.30750006,-0.16492996,0.6626573,0.78732324,0.7080502,0.51030177,0.7887078,0.73080134,0.612523,0.5579697,0.8253911,0.5518212,0.8043893,0.76932144,0.8431144,0.78735375,0.80917794,0.8238945,0.8168107,0.4781543,0.74931073,0.8041785
2.0,0.3044742,-0.24557984,-0.3190989,0.6010625,-0.18754157,-0.3825156,-0.4343822,-0.5365945,-0.017831963,0.5425611,0.0042202733,-0.21374607,-0.23840152,-0.29881996,0.17131516,-0.071572416,0.19333394,0.6822984,-0.30589432,-0.164139,0.6645994,0.7883101,0.7092982,0.51163596,0.78837866,0.7319676,0.6140495,0.55945635,0.8266241,0.5534771,0.8054192,0.7707946,0.843934,0.78823304,0.81027323,0.82481474,0.81778073,0.4798022,0.750595,0.80482954
1.0,0.30428368,-0.24600327,-0.3189128,0.60186714,-0.1888807,-0.38396052,-0.43551522,-0.5379128,-0.018673595,0.5436332,0.004429277,-0.2146819,-0.23893617,-0.29895622,0.17115226,-0.071195215,0.1936482,0.68368894,-0.3068282,-0.1647301,0.66320145,0.7877645,0.7084451,0.51087165,0.7888578,0.731384,0.61301565,0.55861,0.82560533,0.5524089,0.8048444,0.7697603,0.8434513,0.78775126,0.80959165,0.82416064,0.817126,0.4787654,0.74972355,0.8044662
1.0,0.3042159,-0.2482847,-0.32069212,0.6086626,-0.19045596,-0.3899848,-0.44276625,-0.5455702,-0.020873304,0.5478206,0.0054226294,-0.21715921,-0.24385007,-0.30146846,0.17113574,-0.072029546,0.19597684,0.688522,-0.31263065,-0.16560006,0.65816355,0.7845251,0.70439154,0.5061699,0.7888968,0.72654027,0.60903716,0.55307215,0.822653,0.5477166,0.80068827,0.7661584,0.8411372,0.78541005,0.8044829,0.8225878,0.813445,0.47356516,0.74541175,0.8027101
2.0,0.30497825,-0.2470876,-0.31934446,0.6040255,-0.18999328,-0.38599184,-0.4373195,-0.5400392,-0.019772004,0.54619175,0.0050218813,-0.21560067,-0.23994313,-0.2994944,0.1714933,-0.07101802,0.19470252,0.68653286,-0.3081782,-0.16580293,0.66139585,0.78677636,0.7074388,0.5096021,0.7887643,0.730336,0.6114904,0.5572941,0.8246747,0.5507734,0.8040331,0.76831234,0.84260535,0.7865824,0.80896324,0.8230089,0.8163852,0.47720012,0.74870986,0.80369246
2.0,0.30667254,-0.2437101,-0.3161319,0.5922702,-0.1887758,-0.37624186,-0.42411324,-0.52652943,-0.017125536,0.5416768,0.004069619,-0.21187559,-0.23026018,-0.294639,0.17210501,-0.06827479,0.19138621,0.6811594,-0.2973475,-0.16617957,0.6694556,0.79237413,0.7148684,0.5180633,0.7883785,0.73961645,0.6175669,0.56769025,0.8296655,0.558362,0.81223565,0.77371085,0.8464119,0.7894142,0.8196384,0.8239904,0.82333034,0.48613796,0.75668615,0.80618316
3.0,0.30325735,-0.24775392,-0.32114607,0.60876745,-0.18864903,-0.38916582,-0.44327715,-0.54563224,-0.01982684,0.54557025,0.0047606565,-0.21634535,-0.24488692,-0.3018901,0.17082316,-0.07332985,0.19550495,0.68586445,-0.31326294,-0.16397938,0.6592167,0.78456026,0.7043179,0.5060568,0.7888334,0.7258445,0.60993356,0.5525959,0.8232321,0.5483852,0.79998696,0.7671358,0.8414574,0.7863255,0.80316186,0.824043,0.81314397,0.4738508,0.7452174,0.803172
1.0,0.30623797,-0.2449989,-0.31694302,0.5960637,-0.18977877,-0.37964153,-0.4282905,-0.53090405,-0.018286366,0.54368705,0.0044375546,-0.21331155,-0.23323645,-0.29604208,0.17196915,-0.068931006,0.19255845,0.6835275,-0.30079174,-0.16644308,0.66653734,0.7905246,0.7124395,0.515355,0.78870505,0.7367835,0.6153569,0.56441563,0.82781965,0.5557094,0.80971277,0.7716833,0.845064,0.7883627,0.81649613,0.8233616,0.821192,0.4831647,0.75411624,0.8052733
2.0,0.3044177,-0.24764282,-0.3201585,0.6065719,-0.18993983,-0.38803217,-0.44037145,-0.54307115,-0.020179551,0.546716,0.005151458,-0.21632789,-0.24222754,-0.3006621,0.17125514,-0.07175411,0.19531973,0.687194,-0.31069326,-0.16542807,0.6597872,0.7855564,0.705758,0.5076997,0.7888057,0.72814405,0.61029017,0.5549053,0.8236596,0.54920954,0.8020884,0.76729304,0.84184897,0.7860814,0.80629545,0.8230097,0.81472194,0.47525004,0.7468755,0.8032266
1.0,0.30458263,-0.2477181,-0.3202371,0.6065363,-0.18960458,-0.38767144,-0.44005552,-0.5427158,-0.020036217,0.5467035,0.0050858855,-0.2160021,-0.24217491,-0.30057275,0.17140262,-0.07201251,0.19535606,0.687039,-0.3104692,-0.16532788,0.66019934,0.78565556,0.7060483,0.50792736,0.788685,0.7283309,0.61054987,0.5551641,0.82399523,0.54946697,0.802279,0.76753587,0.8419217,0.78618264,0.8066576,0.8231483,0.81501603,0.47555506,0.74717844,0.80327636
1.0,0.30356303,-0.24801806,-0.32108656,0.6092123,-0.18958785,-0.39009404,-0.44377506,-0.54635787,-0.0204163,0.54670525,0.0051492304,-0.21703672,-0.24482484,-0.3020065,0.17085926,-0.07267194,0.19581808,0.6873046,-0.3135242,-0.16472057,0.6582093,0.78426915,0.70388705,0.5056186,0.7888675,0.7256441,0.60915613,0.5522305,0.822622,0.547655,0.7998458,0.7663773,0.8411424,0.7857177,0.80306876,0.82328033,0.8127998,0.47318298,0.7448068,0.8028372
2.0,0.3053804,-0.24660781,-0.31862962,0.60179186,-0.18997702,-0.38415053,-0.43465552,-0.5373585,-0.019392613,0.5456172,0.0048374683,-0.2148846,-0.23804222,-0.2984356,0.17168646,-0.070524015,0.1941398,0.68577087,-0.30603445,-0.1660137,0.6629196,0.7878475,0.7089409,0.5113096,0.78878784,0.73224956,0.6126176,0.5594008,0.8256138,0.5522008,0.8057183,0.76927596,0.84327877,0.78711176,0.81128323,0.82310385,0.81787336,0.47897112,0.75033927,0.8041321
2.0,0.30407158,-0.2473366,-0.32014814,0.6062242,-0.18942904,-0.387545,-0.44018948,-0.54274476,-0.01977722,0.54580957,0.0048935637,-0.21604294,-0.24227507,-0.30065918,0.1711232,-0.07203635,0.1950197,0.6861686,-0.31061643,-0.16492358,0.66027135,0.7857198,0.70588344,0.5078726,0.78884894,0.72816074,0.61071455,0.55500877,0.82389367,0.5496079,0.8020576,0.76771706,0.8420511,0.7864714,0.8060918,0.82350385,0.8147773,0.47555465,0.7469759,0.80345243
1.0,0.3044298,-0.24608138,-0.31896454,0.60197383,-0.1888892,-0.3840045,-0.43551874,-0.53794336,-0.018718619,0.5438528,0.004491642,-0.21468195,-0.23891939,-0.29897353,0.17122602,-0.07116954,0.19373839,0.6839125,-0.3068055,-0.16483197,0.6631628,0.7877379,0.70846546,0.51085305,0.7887818,0.7313921,0.6129604,0.5586159,0.825629,0.55235875,0.80487466,0.76971066,0.8434181,0.7876556,0.809688,0.8240666,0.81715554,0.4787352,0.7497512,0.80441517
1.0,0.30448315,-0.24682164,-0.3194859,0.60390866,-0.1891652,-0.3854914,-0.43737543,-0.5398883,-0.019269612,0.54505354,0.004686307,-0.21516572,-0.2403283,-0.29959774,0.17132445,-0.07164472,0.1944211,0.68518513,-0.3083439,-0.16500899,0.66200405,0.7868676,0.7075024,0.50967383,0.788782,0.73013896,0.6120044,0.5572089,0.82499295,0.5511903,0.80380845,0.7688375,0.8427937,0.7870896,0.8084849,0.8237332,0.81633824,0.47746944,0.7487241,0.8039513
2.0,0.30407247,-0.24839932,-0.3208866,0.60912275,-0.19010787,-0.39004663,-0.44317198,-0.5458904,-0.0207587,0.54768157,0.0052744336,-0.21700376,-0.2443813,-0.3016278,0.17116311,-0.07252367,0.19604085,0.68825376,-0.31304908,-0.16529411,0.65825117,0.78435564,0.70425856,0.50596815,0.78890747,0.72619087,0.60908234,0.552759,0.8227191,0.5476704,0.80036926,0.7662203,0.8410674,0.78551525,0.80409765,0.82285154,0.8133441,0.47345164,0.7452435,0.80270964
2.0,0.30628997,-0.24407202,-0.31634822,0.5936139,-0.18928699,-0.377634,-0.42583412,-0.52830786,-0.01755948,0.5422115,0.0041754544,-0.21257442,-0.23141865,-0.29520896,0.17192228,-0.06841284,0.19171591,0.6818986,-0.29876697,-0.16621971,0.6681879,0.7916576,0.713783,0.51693887,0.7886253,0.73844373,0.61666065,0.566316,0.8287821,0.55729127,0.811152,0.77287984,0.8459009,0.78906935,0.81817156,0.82379323,0.8223516,0.484889,0.7555348,0.8058682
2.0,0.30349362,-0.24738863,-0.3206037,0.60738516,-0.18911205,-0.38845235,-0.44186082,-0.54431474,-0.019785326,0.5454525,0.004842002,-0.21634495,-0.24356745,-0.3013447,0.17083053,-0.07251902,0.19516043,0.6858653,-0.31201202,-0.16440088,0.6595896,0.78513885,0.704954,0.5068681,0.7888874,0.7269065,0.6102613,0.5536786,0.8234121,0.54893684,0.8009156,0.76738024,0.8417725,0.7864119,0.8043553,0.82378817,0.81376255,0.47458205,0.7459378,0.803338
2.0,0.30512857,-0.2465533,-0.31891382,0.60219836,-0.18942846,-0.38420346,-0.43518764,-0.53779006,-0.019152503,0.5451542,0.0047409385,-0.21475695,-0.2385871,-0.29874536,0.17159668,-0.07093379,0.19413035,0.6852333,-0.30649096,-0.16555595,0.66297424,0.78769505,0.7087098,0.5110081,0.7886862,0.73176557,0.61268425,0.55895096,0.82565993,0.55215895,0.8052851,0.76939315,0.84325427,0.7872355,0.8106002,0.82345784,0.81755924,0.47877207,0.75005984,0.8041725
1.0,0.30471092,-0.24645329,-0.31912014,0.602648,-0.18915379,-0.38453966,-0.43598595,-0.53850454,-0.019025642,0.54468244,0.0046610087,-0.21487705,-0.23921658,-0.29911295,0.1713885,-0.07118661,0.19408731,0.68478614,-0.30715847,-0.165153,0.6627138,0.7874542,0.7082404,0.510525,0.7887184,0.7311241,0.6125523,0.55828613,0.8254352,0.55191654,0.80468273,0.7693216,0.8431669,0.7873099,0.8096171,0.8237321,0.8170221,0.47833508,0.7495298,0.8041804
2.0,0.30420458,-0.24724007,-0.32003367,0.6058872,-0.1896032,-0.38744244,-0.43986553,-0.54247147,-0.019814063,0.54588443,0.004996959,-0.21611474,-0.24188085,-0.30055562,0.17112462,-0.07169515,0.19497328,0.6863228,-0.31028122,-0.16511929,0.66026133,0.78585637,0.70601,0.5080358,0.7888015,0.72842276,0.6107165,0.5552578,0.8238971,0.54967785,0.8023014,0.76771194,0.84211594,0.786403,0.80639386,0.8233369,0.814873,0.47566628,0.74712855,0.8034596
1.0,0.30597633,-0.24745497,-0.31891227,0.60315967,-0.19054775,-0.38519588,-0.43551242,-0.5384086,-0.020065825,0.5473832,0.005145237,-0.21521391,-0.23864041,-0.29862553,0.17204288,-0.070657305,0.19487403,0.68758965,-0.30672324,-0.1666898,0.66208774,0.78728133,0.7085659,0.51072687,0.7887104,0.73178333,0.611833,0.558818,0.82527316,0.5513436,0.8054021,0.76850724,0.8427684,0.7864445,0.8112921,0.8224291,0.81770855,0.47824892,0.7499753,0.80365986
2.0,0.30553427,-0.24631551,-0.31845105,0.60093296,-0.18976673,-0.38339227,-0.43369365,-0.53636926,-0.019130047,0.5452173,0.0047904626,-0.21458916,-0.23731492,-0.2981404,0.17173088,-0.07029843,0.1938924,0.68532157,-0.3052119,-0.16600841,0.66352993,0.7882702,0.70948476,0.5119086,0.7886744,0.73290163,0.6130856,0.56014144,0.82601917,0.5527781,0.8063051,0.76970845,0.84357977,0.7873085,0.81201845,0.8232024,0.81834716,0.47961873,0.75092226,0.8043227
2.0,0.30544382,-0.24469611,-0.31725574,0.59671474,-0.18936667,-0.38027334,-0.429701,-0.532187,-0.018029567,0.54274195,0.0043741614,-0.2136556,-0.23420618,-0.29674238,0.17152923,-0.06915088,0.19239958,0.6827191,-0.3019114,-0.16575891,0.6659337,0.79013383,0.7115254,0.5144471,0.7887434,0.735633,0.61506593,0.56319624,0.8273014,0.5552449,0.80862695,0.7715061,0.8449227,0.78846645,0.814632,0.8238077,0.8201209,0.48230734,0.7530968,0.8052994
3.0,0.3043198,-0.24573264,-0.31869477,0.6010376,-0.1887029,-0.3832263,-0.43461207,-0.53696525,-0.018418271,0.5431628,0.0043119863,-0.21438079,-0.23831506,-0.2986372,0.17116682,-0.07108437,0.19336899,0.6831403,-0.3061055,-0.16465434,0.6638203,0.7881603,0.70895356,0.51145625,0.7888491,0.73199046,0.6134981,0.55930537,0.8259713,0.552983,0.80537057,0.7701938,0.8437348,0.7880197,0.81024694,0.82432956,0.81759566,0.4794112,0.75026345,0.80467415
2.0,0.30685034,-0.24338618,-0.31529558,0.59037006,-0.18945459,-0.37511882,-0.42206544,-0.5244998,-0.017220613,0.5414641,0.003877595,-0.21161477,-0.22869982,-0.29357788,0.1721364,-0.067665964,0.19092299,0.68089473,-0.2957741,-0.16661793,0.6703552,0.7931755,0.71593153,0.5194301,0.7887554,0.74124354,0.6182196,0.5693877,0.8301004,0.5592958,0.813614,0.7741966,0.8469021,0.7897847,0.8215474,0.82382125,0.82447666,0.48743454,0.75784874,0.80648226
2.0,0.30426005,-0.24820223,-0.32071602,0.60844594,-0.19008766,-0.3895393,-0.44240528,-0.54514587,-0.020634208,0.5475324,0.0053130984,-0.21685843,-0.24372835,-0.30138963,0.171208,-0.07221269,0.19588722,0.6881151,-0.31236422,-0.16541806,0.65860385,0.7846804,0.7046632,0.506419,0.788811,0.72673416,0.6093568,0.55334437,0.8229638,0.5480467,0.80086464,0.7664667,0.8412706,0.78558767,0.804735,0.82280755,0.81369734,0.4739009,0.7456897,0.80281913
2.0,0.30362964,-0.24695885,-0.32004297,0.60580355,-0.18929824,-0.3873864,-0.44020012,-0.54267126,-0.019565817,0.5449752,0.0047684386,-0.21608308,-0.24223776,-0.3006962,0.1708378,-0.07195461,0.19470473,0.68538296,-0.3106317,-0.16458555,0.6603556,0.78583753,0.7057861,0.50789034,0.7889672,0.72810405,0.6108822,0.55495644,0.8238227,0.5497705,0.80194867,0.76789844,0.8422034,0.78672993,0.8056788,0.8237898,0.8145667,0.47560182,0.74685186,0.8036272
2.0,0.30648398,-0.24423316,-0.3164692,0.59383607,-0.18920285,-0.37767202,-0.42586347,-0.52836436,-0.01761518,0.54249907,0.004239343,-0.21249293,-0.23148696,-0.2952338,0.17203233,-0.0685136,0.19187276,0.68214744,-0.29877895,-0.16629253,0.6682125,0.79160774,0.7138401,0.5169226,0.7885062,0.73843277,0.6166319,0.5663134,0.8288799,0.55724466,0.81117994,0.7728551,0.8458534,0.78897005,0.81830865,0.8237216,0.8224105,0.48487863,0.7555996,0.8058046
2.0,0.30608943,-0.24641281,-0.318249,0.60043794,-0.19006456,-0.38302264,-0.43279767,-0.5355776,-0.019264799,0.54581434,0.004922729,-0.21447434,-0.23655595,-0.29775852,0.17199309,-0.069931164,0.19396804,0.68590844,-0.3044309,-0.16652328,0.6637926,0.7885392,0.7100145,0.5124375,0.7885723,0.7336222,0.613204,0.5608923,0.8262804,0.55303156,0.8069992,0.7697753,0.84367764,0.78716093,0.81314355,0.82283145,0.81894135,0.48008606,0.7515232,0.80429316
2.0,0.30511272,-0.24688566,-0.3191412,0.6031837,-0.18973045,-0.38511807,-0.43625543,-0.5389266,-0.019487608,0.5457987,0.004890535,-0.21516569,-0.23928683,-0.29911187,0.17159367,-0.07100718,0.19446515,0.68599033,-0.3073421,-0.1657188,0.66218054,0.7872143,0.7080909,0.5103051,0.7887187,0.73105574,0.6120665,0.5581297,0.8251805,0.5514436,0.8046705,0.7688299,0.8429004,0.78687966,0.80984634,0.82319826,0.8170122,0.4779835,0.7494066,0.8039061
1.0,0.30419368,-0.24666724,-0.31956485,0.60396683,-0.18891387,-0.38550022,-0.43766424,-0.5401014,-0.019101296,0.544566,0.004592508,-0.21515192,-0.24058889,-0.29975662,0.17118016,-0.07179491,0.19430692,0.6846838,-0.30859852,-0.16469193,0.6620182,0.78682077,0.70733047,0.50951767,0.788805,0.72987366,0.61206377,0.5569556,0.82495105,0.5511981,0.8035454,0.768927,0.8428193,0.7872308,0.8079931,0.82398236,0.8161025,0.47736278,0.74851954,0.80402285
1.0,0.30514932,-0.2458672,-0.31840485,0.60033315,-0.18920916,-0.38277513,-0.4333508,-0.5358798,-0.01866075,0.54410636,0.004569929,-0.21429585,-0.23717912,-0.2981145,0.17153654,-0.07044305,0.1934983,0.68412,-0.30496496,-0.16546148,0.6640879,0.7885384,0.70966995,0.5121705,0.7886741,0.73302186,0.6135893,0.56035495,0.8262852,0.55328065,0.80636376,0.7702135,0.8438561,0.78774023,0.81185377,0.8237212,0.81839514,0.4800089,0.7510857,0.80460227
2.0,0.30617234,-0.24426758,-0.316459,0.5941886,-0.1894802,-0.3781983,-0.42651218,-0.52901477,-0.017772432,0.5424873,0.0042270944,-0.21282385,-0.23189463,-0.2954192,0.17185912,-0.06850729,0.1918868,0.68224967,-0.2993291,-0.16625142,0.66770303,0.79136753,0.7133757,0.5165037,0.7887056,0.7379952,0.61630225,0.56578326,0.8284627,0.5568606,0.81074345,0.7725448,0.8456975,0.78891945,0.8176418,0.8237039,0.8219812,0.4844057,0.7551023,0.80573446
3.0,0.30452934,-0.24782875,-0.3203411,0.6069662,-0.18970644,-0.388071,-0.44056118,-0.5432396,-0.02015708,0.546905,0.005128149,-0.21618497,-0.24251224,-0.30075228,0.17137836,-0.07206301,0.19547306,0.6872898,-0.3108797,-0.16535921,0.6598551,0.7854391,0.70575136,0.50759864,0.7887118,0.7279817,0.61029094,0.55477095,0.82377464,0.54916006,0.80197126,0.76730317,0.84177655,0.7860475,0.8062485,0.8230714,0.814747,0.4751986,0.74685943,0.8031728
1.0,0.3053198,-0.24819022,-0.31998926,0.6064921,-0.19041955,-0.3877914,-0.43941918,-0.54229444,-0.020544033,0.5481226,0.0053265058,-0.21612732,-0.24156676,-0.30015948,0.17179137,-0.07161644,0.19568436,0.6885029,-0.30992538,-0.1662245,0.6600262,0.78570515,0.70641387,0.50826156,0.7887086,0.7289508,0.610291,0.55574036,0.8239916,0.54933685,0.8028976,0.76719636,0.84178036,0.78577405,0.80788237,0.8224293,0.8156003,0.4757384,0.7476288,0.8030466
1.0,0.30497038,-0.24521607,-0.31804848,0.59889007,-0.1888818,-0.38165992,-0.432091,-0.5345115,-0.018162977,0.54295504,0.0043741316,-0.21393755,-0.23622523,-0.29772028,0.17138651,-0.07013813,0.19291334,0.68292034,-0.30392456,-0.16518554,0.6649635,0.78917307,0.71030545,0.5129788,0.7886827,0.73383653,0.61433667,0.5612926,0.8267394,0.55416816,0.8070399,0.77091086,0.8443507,0.788228,0.81250834,0.82408905,0.8188918,0.4809089,0.75174963,0.8049899
2.0,0.30646214,-0.24305731,-0.3158679,0.59095067,-0.18830612,-0.3751532,-0.42299366,-0.52527606,-0.016583253,0.54046786,0.003880024,-0.21147949,-0.22943933,-0.29432017,0.17195483,-0.06807181,0.19081776,0.6798712,-0.29642218,-0.16580346,0.6703535,0.7929651,0.7154539,0.51879466,0.7883347,0.74030983,0.61832064,0.5685233,0.83014095,0.559232,0.81281173,0.774428,0.8468888,0.7899037,0.82014257,0.82441807,0.8237541,0.48698345,0.7572855,0.80656725
3.0,0.30629522,-0.24518362,-0.31689253,0.5962791,-0.19009353,-0.37991256,-0.4284441,-0.53110677,-0.018503543,0.5440833,0.004461728,-0.2134515,-0.23333563,-0.29600674,0.1720151,-0.06891953,0.19267847,0.6839497,-0.30094868,-0.16664197,0.66630167,0.7904072,0.7123408,0.51525885,0.78882015,0.73673356,0.615156,0.56432134,0.82766044,0.5555045,0.8096657,0.7714683,0.8449476,0.788246,0.8165288,0.82318634,0.8211831,0.48301512,0.75402296,0.8051768
3.0,0.30483127,-0.24735856,-0.31987005,0.6052656,-0.18955703,-0.3866668,-0.4386133,-0.5412783,-0.019766983,0.54632777,0.0050430857,-0.21567357,-0.24104606,-0.3000744,0.17148879,-0.07158725,0.19501753,0.68661964,-0.3092487,-0.16546896,0.6609594,0.7862573,0.7068254,0.5088109,0.78861517,0.7293431,0.6111358,0.5562772,0.8244748,0.55023074,0.8031802,0.7680526,0.84230685,0.78641975,0.8078369,0.8231682,0.81574917,0.47646594,0.74802613,0.8035148
1.0,0.30323917,-0.24834508,-0.32139838,0.6105008,-0.18998004,-0.3914493,-0.44546947,-0.5481035,-0.020881835,0.5472055,0.00531077,-0.21765736,-0.2459514,-0.30255437,0.1706509,-0.07281796,0.19617335,0.68797123,-0.314905,-0.16473135,0.65708053,0.7835871,0.7028909,0.50456583,0.7890088,0.72451633,0.608317,0.5509358,0.8218625,0.54664403,0.79883885,0.76562583,0.8406881,0.78533554,0.80166537,0.82304996,0.81181705,0.47201303,0.7437335,0.80253345
3.0,0.30516464,-0.24669409,-0.31877753,0.60247445,-0.19029053,-0.38501552,-0.4356946,-0.5384439,-0.019652013,0.5458513,0.004980229,-0.21539079,-0.23860218,-0.29882336,0.17151001,-0.07039491,0.19429494,0.68620515,-0.3068251,-0.1660864,0.66208863,0.7874534,0.70825154,0.51060975,0.788854,0.7315484,0.61203927,0.55856913,0.8250459,0.5515434,0.805084,0.7687612,0.84302145,0.7868364,0.81032413,0.8229186,0.81717867,0.47817415,0.74960524,0.8039505
3.0,0.3051189,-0.24502856,-0.31781894,0.5979204,-0.18849495,-0.38054663,-0.43077537,-0.5331227,-0.01781879,0.5424726,0.004149545,-0.21331163,-0.23550908,-0.29720908,0.17153141,-0.070302896,0.1926304,0.682192,-0.3029443,-0.16502991,0.66604,0.7896968,0.7111575,0.51388234,0.7886625,0.73471946,0.6151114,0.56234276,0.82742685,0.55503815,0.8078247,0.77159643,0.844714,0.78864217,0.81362873,0.82438433,0.81973594,0.48194405,0.75265026,0.8052629
2.0,0.3050117,-0.24666983,-0.31901544,0.60280186,-0.1898655,-0.38506427,-0.43609813,-0.5387782,-0.01948176,0.54554886,0.004938416,-0.21528926,-0.23900948,-0.2990669,0.17145495,-0.070689395,0.1943192,0.68584627,-0.30715698,-0.1657528,0.6621241,0.78733665,0.7080854,0.5103792,0.78874207,0.7311877,0.612076,0.5582326,0.8250948,0.5514993,0.80476785,0.7688421,0.842994,0.7869051,0.809837,0.8231606,0.8169356,0.47801417,0.7494053,0.80396765
2.0,0.30492353,-0.24611497,-0.31864792,0.6013043,-0.18933383,-0.38361266,-0.43451023,-0.53704894,-0.018869381,0.54439557,0.0046085753,-0.21463464,-0.23803596,-0.29852542,0.1714499,-0.07068947,0.19373395,0.6844801,-0.30593383,-0.16538584,0.6633976,0.788057,0.7090043,0.5114392,0.7887641,0.73220336,0.61307955,0.559444,0.82582647,0.55263954,0.8056266,0.76976085,0.8435379,0.7875386,0.8108671,0.8236751,0.8177798,0.47924143,0.75036734,0.80440813
2.0,0.3058448,-0.24632749,-0.31859082,0.6008656,-0.18935208,-0.382991,-0.43332717,-0.53598917,-0.018922437,0.54525965,0.004815664,-0.21427391,-0.23713027,-0.29811686,0.17192617,-0.07040602,0.19394533,0.6852448,-0.3048784,-0.16598053,0.66393465,0.7883961,0.70980823,0.51213574,0.78840685,0.7331034,0.61333644,0.5604343,0.826397,0.55304486,0.8065434,0.7699677,0.84366703,0.7873107,0.8124209,0.8232563,0.81863534,0.4799184,0.7512663,0.8043507
3.0,0.30144876,-0.24759474,-0.3225089,0.61173666,-0.18708329,-0.391125,-0.44780055,-0.5496716,-0.019416992,0.5436925,0.004304711,-0.2167753,-0.24860151,-0.3038036,0.16996175,-0.075039774,0.19567545,0.6839319,-0.31715226,-0.16204956,0.6579505,0.7830857,0.7019256,0.50347155,0.78890187,0.7223516,0.6091531,0.54902756,0.8222756,0.54696566,0.79679894,0.7667254,0.8409278,0.7865212,0.7981604,0.82531995,0.81043476,0.47149998,0.7424897,0.8030799
3.0,0.30145353,-0.24786568,-0.32274336,0.61254686,-0.1872069,-0.39179146,-0.4486406,-0.5505405,-0.019661944,0.5441657,0.0043962337,-0.21701564,-0.24920724,-0.3040875,0.16997683,-0.07519789,0.1959549,0.68445075,-0.317837,-0.16212052,0.65742934,0.7827096,0.701482,0.50294346,0.7888955,0.72179234,0.60872376,0.54840076,0.8219843,0.54644996,0.7963207,0.7663406,0.8406727,0.78626347,0.79758525,0.82516533,0.81003517,0.47092682,0.74201214,0.8028817
3.0,0.30145153,-0.2476455,-0.3225508,0.61188257,-0.1871065,-0.39124432,-0.4479492,-0.54982585,-0.019462328,0.54378134,0.0043219253,-0.21681753,-0.24870946,-0.3038533,0.1699659,-0.07506876,0.19572698,0.68402827,-0.31727368,-0.16206376,0.6578577,0.7830185,0.70184755,0.50337815,0.7889005,0.722253,0.609076,0.548917,0.82222426,0.5468732,0.79671496,0.7666561,0.8408816,0.78647447,0.79806125,0.82529104,0.8103651,0.47139823,0.7424059,0.8030438
3.0,0.30145344,-0.24792528,-0.32279614,0.61272854,-0.18723404,-0.3919411,-0.4488304,-0.55073625,-0.019716304,0.5442697,0.004416339,-0.21707001,-0.24934377,-0.30415183,0.16997936,-0.07523315,0.1960168,0.6845653,-0.3179916,-0.16213557,0.657312,0.782625,0.70138144,0.5028242,0.7888941,0.72166574,0.6086275,0.5482591,0.8219185,0.54633415,0.7962122,0.76625454,0.84061575,0.7862059,0.797454,0.8251313,0.8099443,0.4707976,0.7419038,0.8028376
3.0,0.30144522,-0.24734384,-0.32229173,0.61098444,-0.18696858,-0.3905064,-0.44701996,-0.5488638,-0.019191135,0.54325515,0.0042201467,-0.21655133,-0.24803899,-0.30353856,0.16994825,-0.07489398,0.19541653,0.6834512,-0.31651658,-0.1619842,0.658436,0.78343505,0.7023386,0.50396293,0.78890777,0.72287166,0.609552,0.54961103,0.82254714,0.54744506,0.7972441,0.7670827,0.8411648,0.78676015,0.79869616,0.8254627,0.8108069,0.47203335,0.74293405,0.80326355
3.0,0.30145198,-0.24770796,-0.32260555,0.61207145,-0.18713504,-0.39139998,-0.448146,-0.55002934,-0.019518908,0.5438903,0.0043429956,-0.21687394,-0.2488509,-0.30392006,0.16996883,-0.0751054,0.19579168,0.6841482,-0.317434,-0.16207978,0.6577357,0.7829307,0.7017433,0.50325435,0.7888991,0.72212183,0.60897595,0.54876995,0.82215595,0.54675287,0.7966026,0.76656634,0.8408221,0.7864146,0.7979256,0.82525545,0.8102711,0.47126395,0.74229383,0.80299777
3.0,0.3014555,-0.24791151,-0.32278183,0.6126805,-0.18722777,-0.3919008,-0.44877762,-0.5506822,-0.019703206,0.5442457,0.0044117495,-0.21705447,-0.24930628,-0.3041333,0.16998011,-0.07522442,0.1960016,0.6845378,-0.31794888,-0.16213298,0.6573443,0.782648,0.70141,0.50285757,0.78889424,0.7217015,0.60865337,0.54829884,0.8219371,0.5463652,0.79624313,0.76627725,0.8406305,0.7862208,0.7974932,0.8251392,0.8099707,0.47083324,0.7419347,0.80284894
3.0,0.30145562,-0.24798581,-0.32284766,0.6129066,-0.18726157,-0.3920872,-0.44901383,-0.5509262,-0.019770999,0.54437566,0.0044368543,-0.2171222,-0.24947621,-0.3042133,0.16998331,-0.07526836,0.19607885,0.6846807,-0.3181414,-0.16215183,0.6571984,0.7825425,0.701285,0.50270903,0.7888926,0.72154385,0.6085333,0.54812247,0.8218551,0.546221,0.79610825,0.7661699,0.84055954,0.786149,0.7973299,0.82509667,0.8098576,0.47067246,0.74180007,0.80279386
3.0,0.3014624,-0.2485258,-0.32332098,0.6145323,-0.18750662,-0.3934261,-0.45070463,-0.5526723,-0.020264741,0.54532015,0.0046194457,-0.21760409,-0.25069454,-0.3047816,0.17001063,-0.07558822,0.19663729,0.6857158,-0.31952143,-0.16229135,0.6561563,0.7817864,0.7003936,0.50164884,0.7888803,0.72041845,0.6076729,0.54686373,0.8212719,0.54518753,0.7951463,0.765399,0.8400492,0.7856313,0.79616964,0.824787,0.80905235,0.46952245,0.7408387,0.80239695
3.0,0.3014457,-0.24737656,-0.32231998,0.611082,-0.1869835,-0.39058658,-0.4471209,-0.5489687,-0.019220438,0.5433121,0.004231151,-0.21658036,-0.24811189,-0.3035729,0.1699501,-0.07491289,0.19545014,0.6835137,-0.3165989,-0.16199276,0.6583731,0.7833898,0.70228505,0.50389934,0.78890705,0.72280437,0.6095002,0.5495354,0.8225119,0.54738283,0.7971865,0.7670362,0.841134,0.78672916,0.79862684,0.8254442,0.81075865,0.47196415,0.74287647,0.8032397
3.0,0.3014527,-0.24780878,-0.32269388,0.61237633,-0.18718097,-0.39165106,-0.44846368,-0.5503575,-0.019610379,0.5440663,0.0043770187,-0.21696496,-0.2490796,-0.30402774,0.16997373,-0.07516458,0.19589616,0.68434167,-0.3176927,-0.16210565,0.65753907,0.7827888,0.70157534,0.5030546,0.78889686,0.7219101,0.60881406,0.54853284,0.8220457,0.54655844,0.7964214,0.7664216,0.8407263,0.7863178,0.79770666,0.8251978,0.8101194,0.47104752,0.74211276,0.8029235
3.0,0.30145288,-0.24775916,-0.32264972,0.61222446,-0.18715833,-0.3915258,-0.44830456,-0.5501932,-0.019565184,0.5439797,0.004360292,-0.21691929,-0.24896534,-0.3039736,0.16997172,-0.07513528,0.19584446,0.6842461,-0.31756324,-0.16209319,0.65763736,0.7828597,0.7016596,0.50315464,0.78889793,0.7220164,0.6088948,0.5486516,0.82210094,0.54665554,0.79651237,0.76649374,0.840774,0.78636605,0.79781705,0.8252263,0.81019574,0.47115585,0.74220365,0.80296034
3.0,0.3014573,-0.24812746,-0.32297152,0.61333305,-0.18732598,-0.39243853,-0.44945723,-0.55138427,-0.019900043,0.5446232,0.0044847094,-0.21724881,-0.24979575,-0.3043628,0.16999048,-0.07535194,0.19622533,0.6849523,-0.3185032,-0.16218847,0.6569244,0.7823442,0.70105094,0.5024307,0.78888935,0.72124857,0.6083074,0.54779196,0.8217019,0.5459497,0.79585564,0.7659676,0.84042555,0.7860134,0.79702526,0.82501554,0.80964625,0.47037047,0.74154764,0.8026898
3.0,0.3014494,-0.24758556,-0.32250023,0.6117069,-0.18707913,-0.3911004,-0.44776875,-0.5496388,-0.019408535,0.5436767,0.0043016747,-0.21676606,-0.24857886,-0.3037926,0.16996178,-0.07503422,0.19566564,0.68391407,-0.31712645,-0.1620475,0.6579701,0.7830999,0.70194256,0.5034915,0.78890204,0.7223729,0.6091689,0.54905146,0.8222867,0.54698473,0.79681736,0.76673955,0.8409371,0.7865306,0.7981832,0.8253252,0.8104503,0.4715216,0.7425081,0.80308694
3.0,0.30145675,-0.2481443,-0.322987,0.6133858,-0.1873336,-0.39248207,-0.449513,-0.5514418,-0.01991557,0.5446524,0.004490353,-0.21726486,-0.24983574,-0.30438182,0.16999091,-0.07536203,0.19624303,0.68498486,-0.31854856,-0.16219248,0.6568901,0.78231955,0.7010212,0.50239563,0.78888905,0.7212112,0.60827947,0.54775035,0.82168245,0.54591596,0.79582375,0.76594263,0.84040904,0.78599674,0.796986,0.82500595,0.80961937,0.47033262,0.7415157,0.802677
3.0,0.30145407,-0.24787977,-0.32275528,0.6125881,-0.18721332,-0.39182535,-0.44868317,-0.55058444,-0.019674625,0.54419017,0.0044009835,-0.2170277,-0.24923794,-0.30410177,0.1699777,-0.07520606,0.19596924,0.68447745,-0.31787175,-0.16212428,0.6574029,0.7826904,0.7014595,0.50291675,0.7888952,0.72176397,0.6087019,0.54836917,0.82196957,0.5464237,0.79629654,0.766321,0.8406597,0.7862503,0.7975564,0.8251573,0.8100151,0.4708977,0.741988,0.8028716
3.0,0.30145133,-0.24766287,-0.32256633,0.6119362,-0.1871144,-0.39128882,-0.44800556,-0.5498839,-0.019478153,0.54381156,0.0043278113,-0.21683368,-0.24874978,-0.3038725,0.16996647,-0.07507904,0.19574516,0.68406177,-0.31731945,-0.16206807,0.6578229,0.78299356,0.7018177,0.50334275,0.78890014,0.7222154,0.6090476,0.54887486,0.8222047,0.546839,0.7966827,0.76663065,0.8408647,0.78645754,0.798022,0.8252811,0.8103381,0.47135985,0.74237376,0.8030307
3.0,0.30145252,-0.24773756,-0.3226312,0.6121602,-0.1871485,-0.391473,-0.4482382,-0.5501244,-0.019545656,0.543942,0.004353024,-0.21690032,-0.24891745,-0.30395123,0.16997051,-0.07512267,0.19582225,0.6842048,-0.31750906,-0.1620875,0.65767854,0.7828894,0.7016948,0.5031964,0.78889847,0.72206056,0.6089288,0.5487012,0.82212394,0.54669636,0.79655015,0.7665242,0.8407942,0.78638643,0.7978624,0.8252385,0.81022733,0.47120118,0.7422413,0.8029761
3.0,0.30145246,-0.24780083,-0.3226871,0.6123528,-0.18717735,-0.39163175,-0.44843927,-0.55033225,-0.019603174,0.54405236,0.0043742917,-0.21695809,-0.24906202,-0.3040195,0.16997322,-0.075159945,0.19588797,0.6843265,-0.3176728,-0.16210356,0.65755403,0.7827998,0.70158815,0.50306994,0.7888971,0.72192633,0.60882676,0.54855096,0.822054,0.54657334,0.79643524,0.7664329,0.84073377,0.78632534,0.7977232,0.82520247,0.81013095,0.47106412,0.74212664,0.8029293
3.0,0.30145022,-0.24768338,-0.32258564,0.612002,-0.18712373,-0.39134312,-0.44807577,-0.54995614,-0.019496974,0.54384714,0.0043346435,-0.21685416,-0.24879993,-0.30389675,0.16996662,-0.07509138,0.19576682,0.6841016,-0.31737655,-0.1620727,0.65777975,0.7829625,0.7017801,0.50329834,0.78889984,0.7221682,0.6090124,0.5488221,0.82218003,0.54679674,0.79664207,0.7665994,0.8408443,0.786437,0.79797167,0.8252695,0.81030375,0.47131214,0.7423332,0.80301505
3.0,0.30145228,-0.2477369,-0.32263076,0.6121586,-0.18714818,-0.39147174,-0.44823655,-0.5501229,-0.01954512,0.5439408,0.0043527707,-0.2168999,-0.24891628,-0.30395067,0.16997042,-0.07512234,0.19582163,0.68420374,-0.31750774,-0.16208728,0.6576796,0.78289014,0.70169556,0.50319743,0.78889847,0.7220616,0.60892963,0.5487023,0.8221245,0.5466973,0.7965509,0.7665249,0.84079474,0.78638685,0.7978633,0.8252389,0.810228,0.47120222,0.74224216,0.8029765
3.0,0.30145812,-0.24821725,-0.32305053,0.61360407,-0.18736675,-0.39266184,-0.44973978,-0.5516761,-0.019982059,0.54478,0.0045150146,-0.21732949,-0.24999915,-0.3044579,0.16999486,-0.07540509,0.19631825,0.6851245,-0.31873357,-0.16221151,0.6567503,0.782218,0.7009019,0.5022535,0.7888874,0.72106045,0.6081638,0.54758155,0.82160425,0.54577714,0.7956949,0.76583904,0.84034044,0.78592706,0.7968311,0.82496417,0.80951154,0.47017837,0.741387,0.80262357
3.0,0.3014518,-0.24776709,-0.32265788,0.6122519,-0.18716194,-0.39154875,-0.4483347,-0.55022407,-0.01957265,0.54399335,0.004362911,-0.21692817,-0.24898662,-0.30398425,0.16997129,-0.07514021,0.19585313,0.6842619,-0.31758755,-0.16209471,0.657619,0.78284657,0.70164335,0.5031356,0.7888978,0.72199583,0.60888004,0.548629,0.8220903,0.54663765,0.7964947,0.7664807,0.8407655,0.78635734,0.7977947,0.82522166,0.81018066,0.47113538,0.742186,0.80295384
3.0,0.3014566,-0.2481131,-0.32295954,0.61329156,-0.18731943,-0.39240456,-0.44941482,-0.55134034,-0.019887086,0.54459786,0.0044798143,-0.21723685,-0.24976502,-0.3043487,0.16998938,-0.07534361,0.1962107,0.6849251,-0.3184684,-0.16218448,0.65695065,0.7823634,0.70107317,0.50245726,0.78888977,0.7212767,0.60832936,0.54782355,0.8217165,0.54597604,0.7958797,0.7659874,0.84043866,0.7860266,0.7970537,0.8250239,0.8096662,0.4703995,0.74157166,0.80270004
3.0,0.30145988,-0.24821177,-0.32304385,0.6135824,-0.18736434,-0.39264324,-0.44971457,-0.5516507,-0.019976657,0.5447707,0.00451329,-0.21732193,-0.24998163,-0.30444875,0.16999584,-0.07540129,0.19631188,0.6851133,-0.3187133,-0.16221093,0.65676534,0.78222877,0.7009157,0.5022694,0.7888874,0.7210778,0.6081757,0.5476006,0.8216132,0.5457915,0.79570997,0.7658494,0.8403471,0.78593373,0.79685074,0.8249674,0.80952466,0.4701952,0.7414021,0.8026286
3.0,0.30145216,-0.24771667,-0.322613,0.6120973,-0.18713899,-0.39142114,-0.44817284,-0.5500568,-0.019526739,0.5439055,0.004345931,-0.21688162,-0.24887018,-0.30392906,0.16996938,-0.07511038,0.19580062,0.68416476,-0.31745577,-0.1620821,0.6577191,0.78291863,0.7017293,0.50323755,0.7888989,0.72210413,0.6089622,0.54875,0.82214665,0.54673636,0.7965875,0.76655406,0.840814,0.7864063,0.79790723,0.82525045,0.81025845,0.47124577,0.74227864,0.80299145
3.0,0.3014542,-0.24784154,-0.32272136,0.61247164,-0.18719594,-0.3917289,-0.44856104,-0.5504585,-0.019639801,0.5441236,0.004388131,-0.21699266,-0.24915026,-0.30406025,0.16997617,-0.07518348,0.19592954,0.684404,-0.31777227,-0.16211465,0.65747845,0.7827448,0.70152414,0.5029934,0.7888959,0.7218455,0.60876375,0.54846025,0.82201207,0.5464981,0.79636633,0.76637644,0.84069616,0.78628725,0.79764116,0.82517916,0.81007355,0.4709809,0.7420578,0.8029
3.0,0.3014528,-0.2477226,-0.32261753,0.6121131,-0.18714169,-0.39143398,-0.44818836,-0.5500733,-0.019531954,0.543916,0.0043479986,-0.21688592,-0.24888186,-0.30393416,0.16997015,-0.0751137,0.19580646,0.68417585,-0.31746858,-0.16208392,0.6577092,0.7829115,0.70172125,0.5032277,0.7888987,0.7220939,0.6089539,0.5487385,0.82214123,0.5467264,0.79657876,0.76654655,0.84080887,0.7864011,0.79789746,0.8252471,0.81025136,0.47123498,0.74227,0.8029874
3.0,0.3014483,-0.24750832,-0.32243323,0.61147505,-0.18704379,-0.3909098,-0.447528,-0.5493899,-0.01933888,0.54354185,0.004275594,-0.216697,-0.24840544,-0.30371094,0.16995761,-0.07498922,0.19558589,0.683766,-0.31693047,-0.16202742,0.6581197,0.7832075,0.70206976,0.50364304,0.7889039,0.7225333,0.6092919,0.5492313,0.8223704,0.5471324,0.7969545,0.7668495,0.84101003,0.7866042,0.79834837,0.82536924,0.81056505,0.4716859,0.742645,0.80314356
3.0,0.3014531,-0.24782881,-0.3227111,0.6124357,-0.18719004,-0.39169982,-0.44852504,-0.5504208,-0.019628432,0.54410124,0.0043837503,-0.21698248,-0.24912395,-0.30404848,0.1699749,-0.0751762,0.19591667,0.6843799,-0.31774282,-0.16211092,0.65750086,0.7827614,0.701543,0.50301605,0.7888964,0.7218693,0.6087828,0.548487,0.8220244,0.54652077,0.79638654,0.7663934,0.84070766,0.7862989,0.7976648,0.82518655,0.8100903,0.47100553,0.74207795,0.8029089
3.0,0.3014585,-0.24829781,-0.32312173,0.6138487,-0.1874033,-0.3928633,-0.4499947,-0.5519392,-0.020055931,0.54492104,0.0045422204,-0.2174022,-0.2501826,-0.30454385,0.16999853,-0.075453,0.19640188,0.68527925,-0.31894165,-0.16223207,0.6565932,0.78210425,0.7007673,0.5020935,0.78888553,0.7208905,0.6080344,0.54739165,0.8215163,0.54562175,0.7955495,0.76572317,0.84026384,0.7858494,0.7966552,0.8249179,0.8093898,0.470005,0.74124175,0.8025641
3.0,0.30145416,-0.24789965,-0.32277274,0.6126482,-0.18722233,-0.3918747,-0.44874585,-0.5506491,-0.019692723,0.544225,0.0044077225,-0.2170456,-0.24928303,-0.30412298,0.16997866,-0.07521777,0.19598983,0.68451566,-0.31792277,-0.1621294,0.6573643,0.78266245,0.70142627,0.50287735,0.78889465,0.72172236,0.6086701,0.5483224,0.821948,0.54638547,0.7962608,0.76629263,0.8406408,0.7862312,0.7975133,0.82514596,0.80998516,0.4708551,0.74195236,0.802857
3.0,0.30145037,-0.24764135,-0.3225484,0.6118737,-0.18710458,-0.39123747,-0.44794142,-0.54981756,-0.019458827,0.54377395,0.0043204837,-0.21681549,-0.24870346,-0.303851,0.16996488,-0.075066656,0.19572316,0.68402076,-0.31726724,-0.16206214,0.65786284,0.78302246,0.70185137,0.5033829,0.7889007,0.7222579,0.6090807,0.5489226,0.82222676,0.54687864,0.7967189,0.7666603,0.8408846,0.78647757,0.79806495,0.8252934,0.81036824,0.47140363,0.7424099,0.8030462
3.0,0.3014561,-0.24807867,-0.32292938,0.61318785,-0.18730377,-0.3923192,-0.44930702,-0.55122906,-0.019855682,0.5445377,0.0044681802,-0.21720608,-0.24968736,-0.30431235,0.16998765,-0.07532324,0.19617511,0.6848589,-0.31838053,-0.16217555,0.65701735,0.7824116,0.70113,0.5025249,0.78889054,0.7213485,0.60838425,0.5479038,0.8217537,0.5460421,0.79594094,0.76603657,0.84047127,0.7860597,0.79712754,0.8250435,0.8097175,0.47047284,0.74163294,0.8027254
3.0,0.3014384,-0.24701846,-0.32201338,0.610016,-0.18681942,-0.3897111,-0.44601816,-0.5478263,-0.01890025,0.54268837,0.004110452,-0.21626359,-0.24731655,-0.30319786,0.16992909,-0.07470673,0.19508167,0.6828286,-0.3157013,-0.16189826,0.65906155,0.78388405,0.7028687,0.50459427,0.78891563,0.7235387,0.61006576,0.5503604,0.8228963,0.5480624,0.79781514,0.76754284,0.8414708,0.7870678,0.799381,0.8256473,0.81128323,0.47271895,0.7435036,0.8035004
3.0,0.3014541,-0.24783671,-0.32271722,0.61245716,-0.18719369,-0.39171705,-0.4485462,-0.55044305,-0.019635428,0.544115,0.0043865107,-0.21698834,-0.2491393,-0.3040553,0.16997588,-0.07518064,0.19592454,0.6843947,-0.31776005,-0.16211338,0.65748763,0.7827517,0.7015321,0.5030028,0.78889614,0.7218555,0.6087715,0.5484714,0.82201725,0.5465073,0.79637486,0.7663833,0.84070075,0.7862919,0.7976514,0.825182,0.81008077,0.47099105,0.74206626,0.80290353
3.0,0.30145693,-0.24807763,-0.3229277,0.6131824,-0.1873034,-0.3923143,-0.44930014,-0.5512222,-0.019854527,0.54453593,0.0044678673,-0.21720393,-0.24968265,-0.30430976,0.16998813,-0.07532241,0.19617368,0.68485665,-0.31837493,-0.16217569,0.6570214,0.78241444,0.7011339,0.5025292,0.78889054,0.72135335,0.6083873,0.54790914,0.8217562,0.5460457,0.7959453,0.76603913,0.8404729,0.7860613,0.7971335,0.82504416,0.80972135,0.4704774,0.7416373,0.80272657
3.0,0.30145994,-0.24830282,-0.32312465,0.6138593,-0.18740559,-0.3928718,-0.45000413,-0.55194926,-0.020060118,0.5449298,0.004544001,-0.21740465,-0.25018984,-0.3045465,0.16999972,-0.07545552,0.19640641,0.6852882,-0.31894952,-0.162234,0.6565871,0.7820995,0.7007627,0.50208783,0.78888535,0.72088474,0.6080288,0.547385,0.8215131,0.54561514,0.79554486,0.7657179,0.8402602,0.7858457,0.7966507,0.82491523,0.8093862,0.46999845,0.74123704,0.8025612
3.0,0.3014504,-0.24763882,-0.3225462,0.61186594,-0.18710344,-0.39123124,-0.4479335,-0.54980916,-0.019456584,0.5437696,0.004319653,-0.21681322,-0.24869765,-0.30384836,0.16996479,-0.07506526,0.19572057,0.684016,-0.31726068,-0.16206153,0.6578677,0.7830259,0.7018555,0.503388,0.7889008,0.72226334,0.6090846,0.54892844,0.8222297,0.5468835,0.7967235,0.76666397,0.8408869,0.78648,0.7980705,0.82529485,0.810372,0.4714091,0.7424144,0.8030481
3.0,0.30144817,-0.24754596,-0.32246643,0.61158955,-0.18706094,-0.39100394,-0.44764778,-0.5495136,-0.019372884,0.5436074,0.004288256,-0.21673146,-0.24849148,-0.30375174,0.16995925,-0.07501127,0.19562499,0.6838382,-0.31702787,-0.16203693,0.6580455,0.7831541,0.70200634,0.50356764,0.788903,0.72245336,0.60923105,0.54914176,0.8223287,0.5470593,0.7968861,0.76679516,0.84097403,0.7865679,0.7982654,0.8253478,0.8105077,0.47160426,0.7425767,0.8031158
3.0,0.30145556,-0.24795482,-0.32282013,0.61281204,-0.18724747,-0.39200926,-0.44891503,-0.5508243,-0.019742686,0.54432124,0.00442639,-0.21709384,-0.24940513,-0.30417973,0.16998205,-0.07524997,0.1960466,0.6846211,-0.31806082,-0.16214399,0.6572592,0.78258663,0.70133734,0.5027712,0.7888933,0.72160995,0.60858345,0.5481963,0.8218895,0.5462814,0.79616475,0.76621485,0.84058917,0.786179,0.7973983,0.82511455,0.809905,0.47073975,0.74185646,0.8028169
3.0,0.30145594,-0.24809909,-0.32294768,0.6132504,-0.18731302,-0.39237082,-0.44937265,-0.55129653,-0.019874338,0.54457325,0.00447502,-0.21722485,-0.24973445,-0.30433464,0.16998842,-0.0753354,0.1961963,0.68489814,-0.31843394,-0.16218062,0.6569769,0.7823825,0.7010952,0.50248367,0.7888901,0.72130466,0.6083511,0.5478549,0.821731,0.5460021,0.7959035,0.7660068,0.84045166,0.7860398,0.797082,0.8250318,0.80968606,0.4704283,0.7415955,0.8027101
3.0,0.30145067,-0.24769229,-0.32259303,0.6120277,-0.1871278,-0.39136425,-0.44810194,-0.5499833,-0.019504998,0.5438628,0.0043376684,-0.21686152,-0.24881892,-0.3039055,0.1699673,-0.0750965,0.19577588,0.6841185,-0.3173979,-0.16207519,0.6577634,0.7829508,0.7017664,0.50328195,0.78889954,0.7221509,0.6089989,0.5488026,0.8221711,0.54678047,0.7966274,0.76658726,0.8408361,0.7864287,0.7979543,0.8252644,0.81029147,0.47129422,0.7423184,0.80300874
3.0,0.3014484,-0.24750549,-0.32243085,0.6114666,-0.18704253,-0.39090267,-0.44751924,-0.54938054,-0.019336369,0.5435372,0.0042746514,-0.21669446,-0.24839915,-0.3037079,0.16995756,-0.0749876,0.195583,0.68376064,-0.31692326,-0.16202673,0.65812516,0.78321135,0.7020746,0.5036486,0.78890395,0.72253925,0.60929644,0.5492379,0.8223735,0.54713786,0.79695964,0.76685363,0.8410127,0.78660685,0.79835457,0.8253708,0.81056935,0.47169197,0.74265015,0.8031456
3.0,0.301457,-0.24807715,-0.32292715,0.61318076,-0.1873031,-0.39231265,-0.4492982,-0.5512201,-0.019854043,0.54453504,0.0044676587,-0.21720341,-0.24968116,-0.304309,0.16998816,-0.075322054,0.19617306,0.68485564,-0.31837344,-0.16217557,0.6570226,0.7824153,0.701135,0.50253046,0.78889054,0.7213546,0.6083883,0.5479106,0.8217568,0.546047,0.7959465,0.76603997,0.8404734,0.7860618,0.7971349,0.82504445,0.8097222,0.4704787,0.7416384,0.802727
3.0,0.30145547,-0.24793741,-0.3228049,0.6127595,-0.18723957,-0.391966,-0.4488602,-0.5507676,-0.01972681,0.544291,0.0044204965,-0.21707822,-0.24936567,-0.3041613,0.16998115,-0.075239785,0.19602855,0.68458766,-0.31801623,-0.16213953,0.65729326,0.7826111,0.70136625,0.5028056,0.7888938,0.7216464,0.60861135,0.5482372,0.8219084,0.54631495,0.7961959,0.7662398,0.8406057,0.78619576,0.79743594,0.8251245,0.8099311,0.47077698,0.74188757,0.80282974
3.0,0.3014535,-0.2479111,-0.32278356,0.61268526,-0.18722755,-0.3919055,-0.4487852,-0.5506896,-0.01970334,0.5442448,0.004411552,-0.2170571,-0.2493112,-0.30413654,0.16997874,-0.075224765,0.19600208,0.684538,-0.31795484,-0.16213194,0.65734005,0.78264505,0.7014053,0.5028525,0.78889453,0.72169584,0.6086504,0.5482928,0.82193416,0.54636174,0.79623795,0.766275,0.8406293,0.7862197,0.79748523,0.82513946,0.80996585,0.47082826,0.7419296,0.8028482
3.0,0.30144918,-0.24764186,-0.32255,0.61187863,-0.18710482,-0.39124206,-0.44794813,-0.54982406,-0.019459601,0.54377484,0.0043206178,-0.21681754,-0.24870788,-0.30385372,0.1699641,-0.0750673,0.1957242,0.68402225,-0.31727248,-0.16206178,0.65785897,0.7830198,0.7018474,0.50337857,0.7889008,0.72225314,0.6090777,0.54891723,0.8222244,0.54687524,0.79671466,0.766658,0.8408831,0.7864762,0.7980587,0.8252931,0.81036425,0.47139922,0.7424056,0.80304515
3.0,0.3014501,-0.24770445,-0.3226043,0.61206645,-0.18713336,-0.3913965,-0.44814315,-0.55002564,-0.019516218,0.54388416,0.00434177,-0.21687345,-0.24884827,-0.30391967,0.16996747,-0.075103864,0.1957889,0.6841423,-0.3174314,-0.16207805,0.6577379,0.7829327,0.7017443,0.50325596,0.7888993,0.72212327,0.6089783,0.5487718,0.82215667,0.5467556,0.79660356,0.7665688,0.84082407,0.7864165,0.79792506,0.82525736,0.81027144,0.47126624,0.74229467,0.8029994
3.0,0.30145144,-0.24775183,-0.3226449,0.61220664,-0.18715502,-0.39151162,-0.44828802,-0.5501757,-0.019558903,0.5439668,0.0043578036,-0.21691479,-0.24895306,-0.30396846,0.16997048,-0.07513138,0.19583751,0.68423283,-0.31754947,-0.16209066,0.65764797,0.7828675,0.701668,0.5031649,0.7888983,0.72202694,0.60890394,0.5486638,0.82210654,0.5466663,0.7965213,0.76650214,0.8407798,0.7863717,0.7978265,0.8252304,0.8102027,0.4711673,0.7422125,0.8029649
3.0,0.30144885,-0.24757671,-0.32249287,0.6116814,-0.18707506,-0.39107928,-0.44774252,-0.54961175,-0.019400675,0.54366124,0.004298676,-0.2167586,-0.24855988,-0.30378377,0.16996111,-0.07502914,0.19565667,0.6838972,-0.31710505,-0.16204509,0.65798646,0.7831117,0.70195633,0.5035081,0.7889023,0.72239023,0.6091826,0.549071,0.8222958,0.547001,0.79683214,0.7667517,0.8409452,0.7865388,0.7982007,0.82533026,0.81046265,0.47153953,0.7425229,0.80309325
3.0,0.3014536,-0.24785432,-0.32273313,0.6125119,-0.18720166,-0.39176255,-0.4486038,-0.55050254,-0.019651499,0.54414564,0.0043923818,-0.21700504,-0.24918081,-0.30407494,0.16997635,-0.07519111,0.19594292,0.68442863,-0.31780708,-0.16211762,0.65745205,0.78272605,0.7015014,0.50296664,0.7888957,0.72181684,0.6087425,0.54842824,0.82199717,0.5464723,0.7963417,0.7663574,0.8406837,0.7862747,0.7976108,0.82517195,0.8100529,0.47095186,0.7420332,0.8028903
3.0,0.3014588,-0.24821097,-0.3230442,0.61358315,-0.18736397,-0.3926442,-0.44971684,-0.5516527,-0.01997618,0.54476917,0.0045129545,-0.21732281,-0.24998288,-0.30445,0.16999501,-0.07540117,0.19631149,0.68511224,-0.31871498,-0.16221026,0.6567642,0.782228,0.7009142,0.5022678,0.78888744,0.72107595,0.60817516,0.5475988,0.82161236,0.54579073,0.7957083,0.765849,0.8403469,0.7859336,0.79684776,0.8249678,0.8095229,0.4701938,0.74140036,0.8026286
3.0,0.30144635,-0.24742103,-0.32235834,0.6112154,-0.18700385,-0.39069635,-0.4472593,-0.54911184,-0.019260418,0.5433895,0.0042461045,-0.21662003,-0.24821164,-0.30361995,0.16995251,-0.07493869,0.19549601,0.68359894,-0.3167116,-0.16200434,0.65828687,0.78332794,0.70221186,0.50381213,0.788906,0.72271216,0.60942954,0.549432,0.8224638,0.54729784,0.7971075,0.76697296,0.841092,0.7866868,0.79853183,0.82541883,0.8106928,0.47186962,0.7427977,0.80320716
3.0,0.30145997,-0.24832898,-0.323148,0.61393905,-0.18741743,-0.39293766,-0.4500876,-0.55203533,-0.020084117,0.5449755,0.0045528114,-0.21742854,-0.25024986,-0.30457464,0.17000082,-0.075471155,0.19643365,0.6853385,-0.3190176,-0.16224056,0.65653574,0.7820623,0.7007186,0.5020354,0.7888847,0.72082907,0.6079866,0.5473228,0.8214844,0.54556423,0.7954971,0.7656802,0.8402352,0.7858203,0.79659295,0.82490015,0.80934614,0.46994174,0.7411894,0.8025418
3.0,0.30145997,-0.24833617,-0.32315433,0.613961,-0.1874207,-0.39295566,-0.45011038,-0.55205894,-0.02009077,0.54498804,0.004555244,-0.21743499,-0.25026637,-0.3045823,0.17000115,-0.07547543,0.19644113,0.6853523,-0.31903613,-0.16224241,0.65652174,0.78205216,0.7007066,0.50202113,0.7888846,0.72081393,0.6079751,0.5473057,0.8214765,0.5455504,0.7954841,0.76566976,0.84022844,0.7858133,0.79657716,0.8248959,0.80933535,0.4699262,0.74117637,0.8025364
3.0,0.301458,-0.2482341,-0.32306564,0.6136559,-0.1873744,-0.39270464,-0.44979405,-0.55173206,-0.01999757,0.5448094,0.004520692,-0.21734504,-0.25003803,-0.30447635,0.16999549,-0.075415134,0.19633584,0.68515694,-0.3187778,-0.16221571,0.6567169,0.78219384,0.7008731,0.50221944,0.788887,0.7210242,0.60813636,0.5475412,0.82158554,0.5457441,0.79566395,0.76581454,0.84032434,0.78591055,0.7967933,0.8249545,0.8094856,0.4701415,0.741356,0.8026111
3.0,0.30145803,-0.24814245,-0.32298407,0.6133765,-0.18733281,-0.39247403,-0.4495017,-0.55143046,-0.019913573,0.5446493,0.0044898055,-0.21726139,-0.2498279,-0.30437753,0.16999167,-0.07536058,0.19624059,0.68498075,-0.31853938,-0.16219255,0.65689695,0.78232425,0.7010277,0.50240296,0.78888905,0.72121924,0.6082845,0.54775906,0.82168657,0.5459223,0.79583067,0.76594704,0.8404118,0.7859995,0.7969956,0.825007,0.80962545,0.47034022,0.7415227,0.802679
3.0,0.30145448,-0.24791208,-0.32278332,0.6126849,-0.18722798,-0.39190492,-0.44878355,-0.5506883,-0.019703884,0.5442466,0.0044118874,-0.2170564,-0.24931036,-0.30413568,0.16997948,-0.075225055,0.19600259,0.6845393,-0.3179536,-0.16213271,0.6573407,0.78264546,0.70140654,0.5028536,0.7888945,0.7216972,0.60865074,0.5482943,0.8219349,0.54636216,0.79623944,0.76627517,0.84062916,0.78621954,0.79748774,0.8251389,0.8099672,0.47082934,0.741931,0.802848
3.0,0.30144402,-0.24731383,-0.32226658,0.61089665,-0.18695477,-0.3904346,-0.44692984,-0.5487705,-0.019164298,0.5432027,0.004209943,-0.21652555,-0.24797384,-0.30350822,0.16994609,-0.07487681,0.19538583,0.68339396,-0.3164432,-0.16197601,0.6584922,0.7834756,0.70238596,0.5040197,0.78890854,0.72293144,0.6095985,0.5496782,0.82257843,0.5475008,0.7972951,0.76712424,0.8411926,0.78678817,0.7987568,0.82547975,0.81084925,0.47209492,0.742985,0.8032851
3.0,0.30144858,-0.2475506,-0.32247025,0.611603,-0.18706317,-0.39101502,-0.44766107,-0.5495273,-0.019377109,0.54361576,0.004289888,-0.21673529,-0.2485012,-0.30375612,0.16995972,-0.075013995,0.19562976,0.6838473,-0.31703877,-0.16203831,0.65803707,0.783148,0.70199937,0.50355935,0.78890294,0.72244453,0.6092241,0.5491318,0.82232416,0.547051,0.79687864,0.7667888,0.84096986,0.7865637,0.79825675,0.8253451,0.8105015,0.4715951,0.7425692,0.8031124
3.0,0.30144325,-0.24728364,-0.3222409,0.61080706,-0.186941,-0.390361,-0.44683734,-0.5486748,-0.019137312,0.5431502,0.004199788,-0.21649905,-0.24790718,-0.3034769,0.16994426,-0.074859425,0.1953548,0.6833363,-0.31636792,-0.161968,0.6585501,0.78351706,0.70243484,0.5040778,0.78890926,0.72299296,0.6096459,0.54974735,0.8226105,0.5475578,0.7973478,0.76716685,0.8412209,0.78681654,0.7988199,0.8254969,0.8108932,0.47215816,0.7430374,0.80330706
3.0,0.30144835,-0.24752173,-0.3224451,0.611516,-0.18704991,-0.39094356,-0.44757068,-0.54943395,-0.019351024,0.5435653,0.004280135,-0.21670935,-0.24843623,-0.30372557,0.16995823,-0.07499707,0.19559987,0.68379176,-0.31696528,-0.16203083,0.65809304,0.7831884,0.7020471,0.5036162,0.78890353,0.7225046,0.6092701,0.5491993,0.8223555,0.5471064,0.79693,0.76683015,0.8409972,0.7865913,0.79831874,0.82536155,0.81054455,0.47165674,0.74262065,0.8031336
3.0,0.30144995,-0.24762154,-0.32253128,0.61181426,-0.18709554,-0.39118856,-0.44788012,-0.549754,-0.019440953,0.5437393,0.0043137707,-0.2167979,-0.24865918,-0.3038303,0.16996372,-0.07505512,0.19570272,0.68398273,-0.31721717,-0.16205692,0.6579009,0.78304994,0.70188373,0.5034215,0.7889012,0.72229874,0.60911196,0.5489683,0.82224804,0.54691637,0.7967538,0.76668847,0.8409032,0.78649646,0.79810685,0.8253048,0.81039727,0.47144556,0.7424447,0.80306077
3.0,0.30145127,-0.24770442,-0.32260323,0.612063,-0.1871334,-0.39139318,-0.44813803,-0.55002093,-0.01951592,0.54388416,0.0043417886,-0.21687177,-0.24884509,-0.30391753,0.16996828,-0.07510352,0.19578834,0.68414176,-0.3174274,-0.16207854,0.65774083,0.7829345,0.7017473,0.50325924,0.7888993,0.7221269,0.60898024,0.5487757,0.8221585,0.54675806,0.79660684,0.76657045,0.84082496,0.7864174,0.79793006,0.8252575,0.81027454,0.4712695,0.74229807,0.803
3.0,0.3014493,-0.24759069,-0.32250488,0.6117229,-0.18708141,-0.39111343,-0.44778547,-0.54965603,-0.019413192,0.54368556,0.004303366,-0.21677089,-0.24859087,-0.30379835,0.16996187,-0.075037256,0.19567104,0.6839239,-0.3171401,-0.1620488,0.6579598,0.7830924,0.7019337,0.503481,0.788902,0.72236174,0.6091604,0.54903907,0.8222809,0.5469746,0.79680765,0.7667319,0.8409321,0.78652567,0.79817134,0.82532233,0.81044227,0.4715102,0.74249846,0.8030831
3.0,0.30145437,-0.24794483,-0.3228126,0.6127857,-0.18724288,-0.39198792,-0.44888893,-0.550797,-0.01973388,0.5443038,0.0044229403,-0.21708664,-0.24938606,-0.30417144,0.1699807,-0.07524448,0.19603677,0.6846025,-0.31803954,-0.1621409,0.65727574,0.7825987,0.7013507,0.5027874,0.7888937,0.72162676,0.6085973,0.5482154,0.8218983,0.54629797,0.796179,0.76622736,0.84059757,0.7861877,0.7974144,0.8251201,0.8099167,0.4707576,0.74187076,0.80282366
3.0,0.30144808,-0.24750763,-0.32243294,0.6114737,-0.18704346,-0.39090878,-0.4475272,-0.5493888,-0.019338299,0.5435407,0.0042753704,-0.21669678,-0.24840458,-0.3037108,0.16995741,-0.07498889,0.19558524,0.6837647,-0.31692964,-0.16202709,0.65812033,0.7832079,0.7020703,0.50364363,0.7889039,0.72253376,0.60929245,0.54923195,0.8223707,0.54713327,0.79695505,0.7668502,0.8410106,0.78660476,0.79834867,0.82536966,0.81056535,0.47168663,0.74264556,0.803144
3.0,0.30144525,-0.24738246,-0.3223258,0.6111017,-0.18698618,-0.39060318,-0.44714245,-0.5489905,-0.019225921,0.54332244,0.004233148,-0.21658662,-0.2481272,-0.30358037,0.16995,-0.07491653,0.19545655,0.6835254,-0.31661624,-0.16199398,0.6583598,0.7833804,0.7022735,0.50388575,0.78890693,0.72278976,0.6094896,0.5495193,0.82250446,0.54737014,0.797174,0.7670269,0.841128,0.78672296,0.7986113,0.8254407,0.81074804,0.47194955,0.74286395,0.803235
3.0,0.3014562,-0.24797767,-0.3228398,0.61288005,-0.18725795,-0.3920651,-0.44898513,-0.5508969,-0.019763399,0.5443614,0.0044341423,-0.21711388,-0.24945588,-0.3042034,0.16998342,-0.07526336,0.19607012,0.68466485,-0.3181181,-0.16215006,0.65721583,0.7825551,0.7013004,0.50272703,0.78889275,0.7215633,0.6085475,0.5481441,0.8218652,0.5462383,0.7961249,0.7661826,0.84056777,0.78615737,0.79735047,0.8251013,0.8098717,0.47069183,0.74181664,0.80280024
3.0,0.30145675,-0.2480663,-0.32291782,0.6131482,-0.18729821,-0.3922863,-0.44926488,-0.5511854,-0.01984423,0.54451627,0.004464064,-0.21719387,-0.24965711,-0.3042979,0.16998756,-0.07531572,0.196162,0.6848349,-0.3183462,-0.16217276,0.65704316,0.78243023,0.70115256,0.5025515,0.7888907,0.7213768,0.60840523,0.54793537,0.82176834,0.54606736,0.79596543,0.7660552,0.8404836,0.7860721,0.79715776,0.82505065,0.8097381,0.47050145,0.74165726,0.80273485
3.0,0.30145466,-0.24786979,-0.3227457,0.61255586,-0.18720876,-0.39179838,-0.44864842,-0.5505486,-0.019665357,0.5441728,0.004397653,-0.21701759,-0.24921323,-0.30408967,0.16997775,-0.07519995,0.1959586,0.68445796,-0.31784356,-0.16212204,0.65742433,0.7827058,0.7014781,0.50293875,0.7888953,0.7217874,0.6087192,0.5483952,0.8219818,0.54644465,0.7963166,0.76633644,0.8406697,0.78626055,0.79758143,0.8251632,0.810032,0.47092128,0.74200815,0.8028794
3.0,0.301456,-0.2479943,-0.32285476,0.61293125,-0.18726547,-0.3921074,-0.44903898,-0.5509521,-0.019778628,0.5443903,0.004439704,-0.21712933,-0.24949442,-0.3042216,0.16998395,-0.075273275,0.19608746,0.68469685,-0.3181619,-0.1621542,0.6571828,0.78253126,0.70127183,0.50269336,0.78889245,0.72152734,0.60852027,0.5481038,0.8218465,0.5462056,0.7960941,0.76615834,0.8405517,0.78614116,0.7973131,0.8250919,0.8098459,0.47065526,0.7417858,0.8027877
3.0,0.30144623,-0.2474193,-0.32235706,0.61121064,-0.1870031,-0.3906924,-0.44725463,-0.5491067,-0.01925895,0.5433867,0.0042455643,-0.21661878,-0.24820818,-0.3036184,0.1699523,-0.07493769,0.19549437,0.6835958,-0.31670773,-0.16200384,0.65828985,0.78332996,0.70221424,0.5038151,0.7889061,0.7227151,0.60943204,0.54943544,0.8224653,0.54730093,0.7971102,0.7669751,0.84109354,0.7866884,0.79853487,0.82541984,0.81069493,0.47187284,0.74280035,0.8032083
3.0,0.30145055,-0.24771032,-0.32260904,0.6120828,-0.18713604,-0.39140987,-0.44815964,-0.5500428,-0.01952136,0.5438943,0.0043437295,-0.21687816,-0.2488604,-0.30392513,0.16996804,-0.07510714,0.19579472,0.68415326,-0.31744486,-0.16207975,0.65772766,0.78292495,0.70173573,0.5032457,0.78889924,0.7221124,0.6089695,0.5487596,0.82215095,0.5467453,0.7965943,0.76656103,0.8408188,0.7864113,0.79791415,0.82525414,0.8102638,0.47125486,0.74228543,0.80299526
3.0,0.301447,-0.24743807,-0.32237273,0.6112654,-0.18701167,-0.39073732,-0.44731072,-0.54916483,-0.019275706,0.5434195,0.0042519458,-0.2166347,-0.24824883,-0.30363724,0.16995372,-0.07494849,0.19551356,0.68363154,-0.31675345,-0.16200902,0.658255,0.78330475,0.70218474,0.50377977,0.78890544,0.72267807,0.6094031,0.5493937,0.822446,0.54726607,0.7970784,0.7669491,0.84107625,0.7866709,0.7984972,0.8254091,0.8106685,0.47183442,0.7427686,0.8031948
3.0,0.30145168,-0.24770886,-0.32260656,0.6120751,-0.18713534,-0.3914029,-0.44815013,-0.5500334,-0.01951975,0.54389167,0.0043432787,-0.21687518,-0.2488539,-0.3039216,0.16996866,-0.07510598,0.19579266,0.68414986,-0.3174373,-0.16207984,0.65773314,0.782929,0.7017411,0.50325173,0.7888991,0.7221191,0.60897386,0.54876685,0.8221544,0.54675037,0.79660016,0.76656467,0.8408211,0.7864136,0.79792225,0.82525486,0.81026894,0.47126123,0.7422913,0.802997
3.0,0.30145794,-0.24807212,-0.32292187,0.6131628,-0.18730089,-0.39229777,-0.44927847,-0.5512001,-0.019849304,0.5445266,0.004466079,-0.21719758,-0.24966748,-0.30430213,0.16998854,-0.07531892,0.1961676,0.6848458,-0.31835747,-0.16217476,0.65703446,0.7824238,0.70114565,0.502543,0.78889054,0.721368,0.6083977,0.5479255,0.8217638,0.5460584,0.795958,0.76604843,0.8404789,0.7860673,0.7971497,0.8250473,0.8097322,0.47049198,0.74164987,0.80273104
3.0,0.30144435,-0.2473028,-0.32225657,0.6108618,-0.18694976,-0.3904057,-0.44689307,-0.5487327,-0.019154277,0.54318357,0.0042062737,-0.21651497,-0.24794768,-0.3034955,0.16994587,-0.074870266,0.19537418,0.6833725,-0.3164134,-0.16197336,0.65851504,0.7834919,0.70240563,0.50404274,0.7889087,0.72295606,0.60961705,0.54970586,0.82259125,0.5475232,0.7973164,0.7671408,0.8412035,0.78679895,0.7987828,0.8254861,0.8108671,0.47212,0.74300605,0.80329347
3.0,0.3014401,-0.2471717,-0.32214588,0.61047626,-0.18688963,-0.39008984,-0.4464964,-0.54832125,-0.019037392,0.5429552,0.0041620433,-0.21640131,-0.24766098,-0.3033611,0.16993713,-0.074795194,0.19524004,0.6831226,-0.31609023,-0.16193807,0.658763,0.7836701,0.70261496,0.5042926,0.788912,0.7232199,0.6098212,0.5500023,0.82272935,0.54776835,0.79754186,0.767324,0.84132546,0.78692186,0.79905194,0.8255604,0.81105494,0.47239164,0.743231,0.8033881
3.0,0.30144578,-0.24743682,-0.322373,0.6112653,-0.18701108,-0.3907377,-0.4473123,-0.5491665,-0.019274916,0.5434172,0.0042514578,-0.21663545,-0.24824964,-0.30363825,0.16995275,-0.074948095,0.19551279,0.6836297,-0.31675464,-0.1620081,0.6582542,0.78330445,0.7021835,0.5037786,0.7889057,0.72267646,0.6094029,0.54939216,0.8224452,0.5472657,0.7970769,0.76694924,0.8410764,0.78667104,0.7984942,0.8254099,0.8106669,0.47183344,0.74276716,0.80319506
3.0,0.3014491,-0.24758425,-0.32249925,0.6117036,-0.18707849,-0.39109752,-0.44776535,-0.5496352,-0.019407365,0.5436741,0.0043011755,-0.21676515,-0.24857642,-0.30379158,0.16996157,-0.07503351,0.19566436,0.68391144,-0.3171237,-0.16204709,0.6579723,0.7831013,0.70194423,0.5034936,0.78890204,0.7223751,0.60917085,0.54905397,0.8222879,0.54698694,0.79681915,0.7667412,0.8409382,0.7865317,0.7981852,0.8253259,0.8104518,0.47152388,0.74250996,0.8030879
3.0,0.3014544,-0.24790984,-0.32278156,0.6126788,-0.18722701,-0.39189973,-0.44877735,-0.55068177,-0.019701976,0.5442428,0.004411176,-0.21705459,-0.24930583,-0.30413353,0.16997927,-0.07522378,0.19600041,0.6845352,-0.31794852,-0.16213205,0.65734464,0.7826483,0.7014098,0.50285757,0.7888945,0.7217014,0.608654,0.54829884,0.8219371,0.54636616,0.7962429,0.7662781,0.8406311,0.7862216,0.7974918,0.8251401,0.80997014,0.47083357,0.7419345,0.8028495
3.0,0.30145115,-0.24770424,-0.32260305,0.6120624,-0.1871333,-0.39139268,-0.44813752,-0.55002034,-0.01951572,0.5438838,0.0043417476,-0.21687163,-0.2488447,-0.3039174,0.16996819,-0.07510342,0.19578813,0.68414134,-0.31742692,-0.1620785,0.6577412,0.7829348,0.7017477,0.5032597,0.7888993,0.7221273,0.6089805,0.5487762,0.82215875,0.54675835,0.7966072,0.7665706,0.840825,0.7864177,0.79793036,0.8252576,0.8102747,0.4712699,0.74229836,0.8030001
3.0,0.30144534,-0.2473808,-0.32232398,0.6110956,-0.18698548,-0.39059815,-0.44713596,-0.54898375,-0.01922432,0.54331946,0.0042325445,-0.21658474,-0.24812259,-0.3035782,0.16995002,-0.07491544,0.19545467,0.6835219,-0.316611,-0.16199368,0.6583639,0.78338325,0.70227695,0.50388974,0.78890693,0.72279423,0.609493,0.54952437,0.8225067,0.54737395,0.7971778,0.76702976,0.8411297,0.78672487,0.79861605,0.8254417,0.8107514,0.471954,0.7428679,0.8032364
3.0,0.30145487,-0.24789912,-0.32277146,0.6126443,-0.18722208,-0.39187133,-0.44874063,-0.55064404,-0.01969197,0.54422385,0.0044075362,-0.21704403,-0.2492796,-0.3041209,0.16997916,-0.0752172,0.19598888,0.68451416,-0.31791866,-0.16212955,0.65736717,0.78266454,0.70142937,0.50288063,0.78889465,0.721726,0.6086723,0.54832625,0.82194984,0.54638827,0.7962641,0.76629436,0.840642,0.78623253,0.797518,0.8251464,0.809988,0.4708585,0.74195564,0.8028578
3.0,0.3014526,-0.24779856,-0.3226849,0.6123454,-0.18717624,-0.39162543,-0.44843128,-0.5503239,-0.019601043,0.54404825,0.0043735877,-0.2169557,-0.24905632,-0.3040168,0.16997325,-0.07515855,0.19588552,0.684322,-0.3176663,-0.16210303,0.65755916,0.78280324,0.7015925,0.5030751,0.7888971,0.7219318,0.60883063,0.54855686,0.82205695,0.54657835,0.79643995,0.7664364,0.8407361,0.7863278,0.797729,0.8252038,0.81013495,0.4710696,0.74213123,0.802931
3.0,0.30145505,-0.24803746,-0.32289392,0.61306566,-0.18728504,-0.39221868,-0.4491805,-0.55109817,-0.01981828,0.5444656,0.0044541843,-0.21717004,-0.24959604,-0.30427,0.16998515,-0.07529913,0.19613267,0.6847802,-0.31827718,-0.16216466,0.65709555,0.78246844,0.70119655,0.50260425,0.7888915,0.72143257,0.608449,0.547998,0.8217973,0.5461198,0.7960129,0.7660947,0.84050983,0.7860987,0.7972137,0.8250672,0.80977744,0.47055903,0.7417047,0.8027553
3.0,0.30144712,-0.24747801,-0.32240778,0.6113864,-0.18702994,-0.390837,-0.447437,-0.5492954,-0.019311752,0.54348904,0.0042653605,-0.2166711,-0.24833958,-0.30368027,0.1699555,-0.07497181,0.19555487,0.6837082,-0.31685627,-0.1620192,0.6581764,0.7832485,0.70211774,0.5037004,0.7889046,0.72259367,0.6093388,0.5492992,0.82240194,0.54718876,0.79700625,0.7668916,0.8410381,0.78663254,0.7984098,0.82538646,0.81060797,0.4717482,0.7426966,0.8031654
3.0,0.3014481,-0.24753326,-0.3224554,0.61155134,-0.18705522,-0.3909727,-0.44760796,-0.54947245,-0.019361477,0.54358536,0.004283998,-0.21672009,-0.24846302,-0.30373824,0.16995864,-0.07500387,0.19561188,0.683814,-0.3169955,-0.16203368,0.65807,0.7831719,0.7020273,0.50359267,0.78890336,0.72247976,0.6092513,0.54917145,0.8223425,0.5470836,0.79690874,0.7668132,0.8409861,0.7865801,0.79829276,0.82535493,0.8105266,0.47163138,0.7425993,0.80312496
3.0,0.30145064,-0.2476815,-0.32258356,0.61199504,-0.18712293,-0.3913374,-0.448068,-0.5499482,-0.01949526,0.5438441,0.0043340325,-0.21685179,-0.24879442,-0.30389395,0.16996685,-0.07509027,0.1957648,0.6840979,-0.31737018,-0.16207248,0.6577843,0.7829659,0.7017844,0.50330335,0.78889984,0.7221736,0.60901624,0.548828,0.82218283,0.54680127,0.7966468,0.7666027,0.84084636,0.78643906,0.79797775,0.8252705,0.8103078,0.47131747,0.74233776,0.80301666
3.0,0.30144957,-0.24762973,-0.3225389,0.6118406,-0.18709923,-0.3912106,-0.447908,-0.5497826,-0.019448485,0.5437536,0.0043165684,-0.21680601,-0.24867906,-0.3038399,0.1699638,-0.07506007,0.19571139,0.6839987,-0.31723988,-0.1620588,0.6578837,0.7830376,0.7018687,0.5034039,0.78890103,0.7222801,0.6090979,0.54894733,0.8222383,0.54689956,0.79673773,0.76667595,0.840895,0.7864881,0.798087,0.82530004,0.8103838,0.47142664,0.74242866,0.80305445
3.0,0.301445,-0.24735382,-0.32230064,0.611015,-0.18697311,-0.39053172,-0.44705185,-0.5488971,-0.019200105,0.54327255,0.004223492,-0.21656054,-0.24806209,-0.30354953,0.16994864,-0.07489984,0.1954269,0.68347037,-0.31654263,-0.16198671,0.6584162,0.7834208,0.7023215,0.5039428,0.7889076,0.72285026,0.6095358,0.549587,0.82253605,0.54742545,0.7972258,0.76706815,0.8411552,0.78675056,0.7986739,0.8254571,0.8107914,0.4720114,0.74291563,0.80325615
3.0,0.30145353,-0.24787295,-0.3227498,0.61256915,-0.18721022,-0.39180976,-0.4486638,-0.5505641,-0.019668605,0.54417825,0.0043986924,-0.21702228,-0.24922396,-0.30409536,0.16997711,-0.07520219,0.19596247,0.6844647,-0.31785595,-0.16212232,0.65741503,0.7826993,0.7014696,0.50292873,0.7888953,0.72177684,0.60871196,0.54838336,0.8219763,0.54643583,0.7963074,0.7663302,0.8406657,0.7862565,0.7975692,0.8251612,0.81002396,0.47091097,0.7419989,0.8028764
3.0,0.3014492,-0.24761236,-0.3225242,0.6117892,-0.18709134,-0.3911683,-0.44785506,-0.54972786,-0.019432906,0.5437234,0.004310649,-0.21679093,-0.24864085,-0.303822,0.16996273,-0.07505001,0.19569363,0.6839656,-0.31719673,-0.16205421,0.65791667,0.7830614,0.7018967,0.5034372,0.78890145,0.72231525,0.60912514,0.5489869,0.8222567,0.5469323,0.79676783,0.7667004,0.8409112,0.7865046,0.798123,0.8253099,0.8104089,0.47146273,0.7424587,0.80306697
3.0,0.30144298,-0.24726287,-0.32222283,0.61074466,-0.18693149,-0.39030972,-0.44677252,-0.5486074,-0.019118655,0.5431139,0.0041927807,-0.2164804,-0.24786042,-0.3034547,0.16994315,-0.074847355,0.19533332,0.68329644,-0.3163151,-0.1619626,0.6585903,0.78354615,0.70246917,0.50411874,0.7889098,0.7230363,0.60967916,0.5497959,0.8226332,0.5475977,0.7973849,0.7671965,0.8412406,0.7868364,0.79886454,0.8255088,0.8109242,0.47220257,0.7430745,0.8033223
3.0,0.30144855,-0.24755225,-0.32247174,0.6116082,-0.18706389,-0.39101925,-0.44766667,-0.54953295,-0.019378562,0.5436184,0.0042904206,-0.21673684,-0.24850516,-0.30375805,0.16995971,-0.075014904,0.19563143,0.6838503,-0.3170433,-0.16203867,0.6580336,0.78314555,0.7019964,0.5035557,0.78890294,0.72244084,0.6092213,0.54912764,0.8223222,0.54704773,0.7968754,0.7667864,0.84096825,0.786562,0.7982527,0.8253442,0.81049883,0.47159132,0.74256605,0.8031112
2.0,0.30145496,-0.24794832,-0.3228151,0.6127943,-0.18724453,-0.39199495,-0.44889733,-0.5508058,-0.01973692,0.54431003,0.0044241734,-0.21708895,-0.24939232,-0.3041741,0.1699813,-0.07524633,0.19604014,0.68460894,-0.3180464,-0.16214204,0.65727043,0.78259456,0.70134634,0.50278217,0.7888935,0.7216214,0.6085928,0.54820937,0.8218955,0.5462925,0.7961745,0.7662232,0.8405948,0.78618485,0.79740953,0.8251181,0.80991304,0.4707518,0.74186623,0.8028213
3.0,0.30144814,-0.24747282,-0.32240224,0.6113678,-0.18702757,-0.3908213,-0.4474163,-0.5492742,-0.01930679,0.54348004,0.0042636357,-0.21666493,-0.248325,-0.3036729,0.16995597,-0.074968554,0.19554906,0.68369776,-0.31683946,-0.16201828,0.658189,0.78325737,0.7021291,0.5037134,0.7889046,0.72260773,0.60934883,0.54931486,0.82240933,0.5472009,0.79701847,0.7669006,0.8410439,0.78663826,0.7984255,0.8253894,0.81061846,0.47176227,0.7427088,0.8031697
3.0,0.3014461,-0.24739856,-0.32233903,0.611148,-0.18699367,-0.39064103,-0.44718945,-0.54903936,-0.019240316,0.54335064,0.0042386055,-0.21660002,-0.24816139,-0.30359614,0.16995138,-0.07492567,0.19547297,0.6835561,-0.31665468,-0.16199857,0.6583304,0.78335917,0.7022488,0.50385606,0.7889065,0.72275865,0.60946524,0.5494843,0.8224881,0.5473408,0.79714745,0.7670049,0.8411132,0.78670806,0.79857993,0.8254315,0.81072617,0.4719173,0.74283755,0.8032235
3.0,0.30145684,-0.248225,-0.3230586,0.61363137,-0.18737023,-0.3926847,-0.44976962,-0.55170673,-0.019989464,0.54479355,0.004517585,-0.21733826,-0.2500203,-0.30446842,0.16999437,-0.07541003,0.19632684,0.6851399,-0.31875783,-0.16221294,0.65673214,0.7822051,0.70088565,0.5022346,0.78888726,0.7210401,0.6081493,0.547559,0.8215939,0.54575974,0.7956773,0.7658262,0.84033215,0.7859187,0.7968086,0.8249597,0.8094965,0.47015816,0.74136937,0.8026173
3.0,0.30144072,-0.24714985,-0.3221261,0.61040807,-0.18687965,-0.39003325,-0.44642448,-0.5482471,-0.019017603,0.5429172,0.004154723,-0.21638048,-0.24760945,-0.30333632,0.16993657,-0.07478232,0.19521706,0.68308026,-0.31603187,-0.16193277,0.65880764,0.783702,0.70265347,0.5043381,0.78891253,0.72326803,0.6098575,0.5500563,0.82275456,0.5478121,0.7975833,0.76735634,0.84134686,0.7869432,0.79910254,0.82557285,0.81108975,0.4724408,0.7432723,0.80340457
3.0,0.30144712,-0.24745163,-0.3223846,0.6113062,-0.18701786,-0.390771,-0.44735327,-0.549209,-0.019287888,0.5434429,0.0042564645,-0.21664697,-0.24827941,-0.30365166,0.16995439,-0.07495638,0.19552751,0.6836575,-0.31678808,-0.16201246,0.65822834,0.78328586,0.7021622,0.503753,0.78890526,0.72264963,0.6093813,0.5493618,0.82243115,0.54723996,0.7970541,0.7669298,0.8410634,0.7866578,0.79846776,0.82540154,0.8106481,0.47180536,0.7427444,0.8031849
3.0,0.30145103,-0.2477358,-0.32263103,0.612159,-0.18714768,-0.3914724,-0.44823858,-0.55012465,-0.019544441,0.54393876,0.0043523423,-0.21690077,-0.24891736,-0.3039519,0.16996941,-0.075122,0.19582097,0.6842021,-0.31750923,-0.1620864,0.65767854,0.7828896,0.7016941,0.5031961,0.7888986,0.72205985,0.6089292,0.54870063,0.8221236,0.5466967,0.79654944,0.7665249,0.84079474,0.786387,0.7978602,0.8252396,0.81022626,0.471201,0.74224055,0.8029767
3.0,0.30145147,-0.2477547,-0.3226472,0.6122148,-0.18715629,-0.3915182,-0.44829628,-0.5501845,-0.019561429,0.5439717,0.004358731,-0.21691717,-0.24895899,-0.30397126,0.16997063,-0.07513295,0.19584037,0.6842381,-0.31755632,-0.16209142,0.6576428,0.7828638,0.7016635,0.50315964,0.78889817,0.72202146,0.60889965,0.54865754,0.8221036,0.5466612,0.79651654,0.7664983,0.84077716,0.7863692,0.7978209,0.8252288,0.8101989,0.47116157,0.74220777,0.802963
3.0,0.3014524,-0.24773675,-0.32263052,0.61215764,-0.18714805,-0.3914707,-0.44823542,-0.55012184,-0.019544896,0.5439404,0.0043527037,-0.21689956,-0.24891551,-0.30395037,0.16997041,-0.075122185,0.19582136,0.6842032,-0.31750685,-0.16208726,0.6576802,0.7828907,0.7016961,0.50319815,0.78889847,0.72206235,0.6089303,0.5487032,0.8221248,0.546698,0.79655164,0.76652545,0.8407951,0.78638726,0.79786426,0.82523906,0.8102285,0.47120297,0.7422429,0.8029767
3.0,0.30145192,-0.24776426,-0.32265532,0.612243,-0.18716064,-0.39154133,-0.44832525,-0.5502145,-0.019570064,0.54398847,0.0043619797,-0.21692544,-0.24897985,-0.30398098,0.16997126,-0.07513855,0.19585018,0.6842563,-0.31757993,-0.16209403,0.6576249,0.7828508,0.7016484,0.50314164,0.7888978,0.7220022,0.60888475,0.54863596,0.82209367,0.5466435,0.79650015,0.766485,0.84076834,0.7863602,0.7978013,0.8252234,0.81018525,0.47114184,0.74219143,0.8029561
3.0,0.30144036,-0.24717182,-0.3221457,0.610476,-0.18688974,-0.39008942,-0.4464958,-0.54832083,-0.019037452,0.5429554,0.004162118,-0.21640109,-0.2476605,-0.30336088,0.16993728,-0.07479518,0.19523998,0.6831227,-0.3160897,-0.16193822,0.6587634,0.7836705,0.70261544,0.50429314,0.788912,0.72322035,0.6098214,0.5500028,0.8227296,0.5477686,0.7975424,0.7673242,0.84132546,0.78692186,0.7990528,0.8255604,0.81105536,0.47239214,0.74323153,0.80338824
3.0,0.30144587,-0.24743554,-0.3223716,0.6112609,-0.18701051,-0.39073396,-0.4473076,-0.54916126,-0.01927368,0.54341495,0.0042510256,-0.21663406,-0.24824612,-0.3036365,0.16995281,-0.0749473,0.19551133,0.6836271,-0.31675065,-0.16200784,0.6582572,0.78330654,0.70218617,0.5037817,0.7889057,0.7226798,0.6094052,0.54939586,0.82244694,0.54726857,0.79707974,0.7669513,0.8410778,0.7866724,0.7984979,0.8254105,0.81066936,0.4718368,0.7427701,0.80319613
3.0,0.30145445,-0.24791622,-0.32278723,0.6126982,-0.1872299,-0.39191586,-0.44879758,-0.5507026,-0.01970778,0.54425395,0.004413344,-0.21706043,-0.24932037,-0.3041404,0.16997951,-0.07522757,0.19600703,0.6845474,-0.31796497,-0.1621337,0.6573322,0.7826394,0.70139915,0.50284487,0.78889436,0.7216878,0.6086436,0.5482838,0.82193005,0.5463537,0.7962313,0.76626885,0.840625,0.78621536,0.79747796,0.82513654,0.8099606,0.47081983,0.741923,0.8028449
3.0,0.30145654,-0.24803773,-0.32289264,0.6130616,-0.1872852,-0.3922149,-0.44917473,-0.5510927,-0.019818153,0.5444662,0.004454378,-0.21716815,-0.2495922,-0.30426744,0.16998616,-0.075298846,0.19613232,0.68478,-0.31827265,-0.1621654,0.6570988,0.7824705,0.7012002,0.5026081,0.7888914,0.7214369,0.6084512,0.5480027,0.8217996,0.5461224,0.7960169,0.7660964,0.84051067,0.78609955,0.79721975,0.825067,0.8097812,0.47056288,0.74170864,0.8027559
3.0,0.30144477,-0.2473881,-0.32233107,0.61112016,-0.18698877,-0.39061865,-0.44716215,-0.5490109,-0.019231107,0.5433321,0.0042350143,-0.21659237,-0.24814133,-0.30358735,0.1699499,-0.07491995,0.1954626,0.6835364,-0.31663233,-0.1619952,0.6583476,0.78337175,0.702263,0.5038732,0.7889068,0.7227765,0.6094799,0.54950446,0.8224974,0.5473582,0.7971625,0.767018,0.84112215,0.78671736,0.798597,0.8254376,0.8107384,0.47193614,0.74285257,0.80323064
3.0,0.30144548,-0.247421,-0.3223592,0.61121774,-0.18700385,-0.39069858,-0.44726318,-0.5491154,-0.019260582,0.5433894,0.0042460673,-0.2166213,-0.24821402,-0.3036215,0.16995189,-0.07493893,0.19549637,0.68359923,-0.31671453,-0.1620039,0.6582847,0.7833265,0.70220953,0.5038097,0.7889061,0.7227093,0.6094281,0.549429,0.8224624,0.54729617,0.7971051,0.76697177,0.84109133,0.7866861,0.7985281,0.82541895,0.8106904,0.47186717,0.7427952,0.8032067
3.0,0.30144933,-0.2475898,-0.32250398,0.6117199,-0.18708104,-0.39111096,-0.44778216,-0.5496527,-0.01941238,0.54368395,0.00430312,-0.2167699,-0.24858852,-0.30379713,0.16996199,-0.0750367,0.19567011,0.6839222,-0.31713742,-0.16204861,0.6579617,0.78309375,0.70193535,0.50348306,0.788902,0.7223639,0.6091621,0.54904145,0.8222821,0.5469766,0.7968097,0.76673335,0.840933,0.7865265,0.7981738,0.8253228,0.8104439,0.4715124,0.74250036,0.80308384
3.0,0.30144414,-0.24729529,-0.32225007,0.6108396,-0.18694633,-0.3903875,-0.44687,-0.5487088,-0.019147616,0.54317063,0.0042037517,-0.21650839,-0.24793102,-0.30348757,0.16994545,-0.07486597,0.19536649,0.6833583,-0.31639463,-0.16197142,0.65852934,0.7835023,0.70241785,0.5040574,0.78890896,0.7229715,0.60962886,0.5497231,0.8225994,0.54753727,0.7973295,0.76715136,0.84121054,0.78680605,0.7987987,0.82549036,0.81087816,0.4721358,0.7430192,0.8032989
3.0,0.3014514,-0.24771571,-0.32261303,0.61209685,-0.18713857,-0.39142117,-0.44817322,-0.55005723,-0.01952612,0.5439038,0.004345607,-0.2168819,-0.24887045,-0.3039295,0.16996884,-0.075110145,0.19580002,0.68416333,-0.31745613,-0.16208148,0.65771896,0.78291863,0.7017287,0.5032371,0.788899,0.7221035,0.60896224,0.54874945,0.8221463,0.54673636,0.7965869,0.76655424,0.84081423,0.78640664,0.79790586,0.825251,0.8102577,0.47124544,0.7422779,0.8029916
3.0,0.30144787,-0.24754068,-0.32246214,0.61157477,-0.1870586,-0.39099184,-0.44763243,-0.5494976,-0.019368242,0.54359823,0.0042864718,-0.21672714,-0.24848045,-0.3037466,0.1699588,-0.07500826,0.19561966,0.6838283,-0.3170154,-0.16203547,0.6580548,0.7831609,0.7020143,0.50357723,0.78890324,0.72246337,0.60923886,0.54915315,0.822334,0.54706883,0.79689467,0.76680225,0.84097886,0.7865727,0.79827553,0.8253507,0.8105148,0.47161466,0.74258524,0.8031194
3.0,0.30145013,-0.2476772,-0.32258022,0.61198336,-0.18712091,-0.3913279,-0.44805646,-0.5499363,-0.01949143,0.5438364,0.004332565,-0.21684854,-0.24878596,-0.3038902,0.16996631,-0.07508781,0.1957605,0.6840898,-0.3173607,-0.16207117,0.65779173,0.78297126,0.7017902,0.5033107,0.78889996,0.7221812,0.6090224,0.5488367,0.8221868,0.54680866,0.79665315,0.76660824,0.84085006,0.78644276,0.7979851,0.82527286,0.81031305,0.4713254,0.74234414,0.8030195
3.0,0.30145684,-0.24801937,-0.3228761,0.61300516,-0.18727681,-0.3921681,-0.449115,-0.5510312,-0.019801293,0.54443413,0.0044481754,-0.21715097,-0.24954946,-0.30424717,0.16998556,-0.07528785,0.1961131,0.6847446,-0.31822407,-0.16216089,0.65713555,0.782497,0.7012318,0.5026455,0.7888919,0.7214767,0.60848135,0.54804724,0.82182026,0.5461587,0.7960509,0.76612324,0.8405285,0.78611773,0.79726136,0.8250776,0.80980986,0.47060335,0.74174273,0.8027697
3.0,0.30145478,-0.24790397,-0.32277596,0.61266,-0.18722433,-0.3918842,-0.44875714,-0.55066085,-0.019696552,0.5442326,0.004409205,-0.21704876,-0.24929135,-0.30412653,0.16997924,-0.07522021,0.19599412,0.68452376,-0.31793207,-0.16213076,0.65735716,0.78265727,0.7014206,0.50287026,0.78889453,0.721715,0.608664,0.5483141,0.8219441,0.5463782,0.7962545,0.7662871,0.840637,0.78622746,0.7975063,0.8251436,0.8099801,0.4708473,0.7419461,0.80285406
3.0,0.30144656,-0.24743024,-0.32236633,0.6112429,-0.1870081,-0.3907191,-0.44728807,-0.54914135,-0.019268747,0.5434058,0.0042492636,-0.21662834,-0.24823229,-0.30362967,0.16995296,-0.07494402,0.19550563,0.68361664,-0.31673497,-0.1620068,0.658269,0.783315,0.70219666,0.50379395,0.7889057,0.72269297,0.6094148,0.5494105,0.82245374,0.5472802,0.7970911,0.7669598,0.8410832,0.786678,0.7985122,0.82541376,0.810679,0.4718499,0.74278134,0.8032004
3.0,0.30144835,-0.24753985,-0.3224609,0.611571,-0.18705821,-0.3909886,-0.44762784,-0.54949284,-0.019367393,0.5435968,0.004286252,-0.21672578,-0.24847732,-0.303745,0.16995907,-0.075007685,0.19561861,0.68382657,-0.3170117,-0.16203544,0.6580577,0.78316295,0.70201695,0.50358015,0.7889031,0.7224667,0.609241,0.5491566,0.8223357,0.54707146,0.7968975,0.76680416,0.84097993,0.7865739,0.79827935,0.8253512,0.81051725,0.4716178,0.7425881,0.80312026
3.0,0.30145252,-0.24775416,-0.32264578,0.6122106,-0.18715605,-0.3915144,-0.4482906,-0.55017865,-0.019560758,0.543971,0.0043586195,-0.21691535,-0.24895515,-0.303969,0.16997123,-0.07513243,0.19583945,0.68423676,-0.3175518,-0.16209176,0.6576462,0.7828661,0.701667,0.50316346,0.78889805,0.7220256,0.6089021,0.548662,0.82210577,0.5466642,0.79652023,0.7665003,0.84077835,0.78637046,0.7978261,0.825229,0.8102022,0.47116542,0.74221146,0.8029638
3.0,0.3014523,-0.24776277,-0.3226537,0.6122375,-0.18715996,-0.39153677,-0.44831902,-0.5502083,-0.019568656,0.54398596,0.004361525,-0.21692364,-0.24897559,-0.3039787,0.16997145,-0.075137556,0.19584851,0.68425345,-0.31757492,-0.16209385,0.65762854,0.7828535,0.7016518,0.50314546,0.7888978,0.72200644,0.60888773,0.5486407,0.8220958,0.546647,0.7965039,0.76648754,0.84076995,0.7863619,0.7978062,0.8252241,0.81018835,0.47114602,0.7421951,0.80295724
3.0,0.3014437,-0.2472795,-0.3222369,0.6107934,-0.1869391,-0.3903497,-0.44682252,-0.5486593,-0.019133512,0.5431431,0.004198417,-0.21649477,-0.24789666,-0.30347162,0.16994435,-0.07485694,0.19535027,0.6833282,-0.31635588,-0.1619671,0.65855914,0.78352356,0.7024429,0.5040872,0.7889094,0.72300303,0.60965335,0.54975843,0.8226158,0.5475668,0.7973565,0.7671734,0.84122515,0.7868208,0.79883087,0.8254993,0.81090057,0.47216833,0.74304616,0.80331033
3.0,0.30145252,-0.24783063,-0.32271343,0.61244357,-0.18719092,-0.39170656,-0.448534,-0.5504299,-0.019630346,0.5441044,0.004384417,-0.21698518,-0.24913009,-0.3040516,0.16997457,-0.07517755,0.1959189,0.6843838,-0.31774998,-0.16211113,0.65749556,0.7827576,0.7015381,0.5030104,0.7888964,0.72186315,0.60877854,0.54848015,0.82202125,0.5465157,0.79638124,0.7663898,0.8407052,0.7862965,0.79765767,0.82518536,0.8100856,0.47099966,0.74207264,0.80290717
3.0,0.30145165,-0.24766147,-0.32256478,0.61193085,-0.18711375,-0.39128414,-0.44799957,-0.5498778,-0.019476768,0.5438092,0.004327312,-0.21683192,-0.24874558,-0.30387032,0.1699666,-0.07507813,0.19574349,0.6840589,-0.31731468,-0.1620678,0.65782654,0.7829962,0.7018209,0.50334644,0.78890014,0.72221947,0.60905045,0.54887944,0.82220674,0.5468424,0.79668623,0.76663315,0.8408664,0.78645927,0.7980265,0.825282,0.8103412,0.47136387,0.7423772,0.80303204
3.0,0.30144706,-0.24748078,-0.3224103,0.6113951,-0.18703115,-0.39084408,-0.44744608,-0.5493048,-0.019314285,0.5434938,0.004266303,-0.21667367,-0.24834602,-0.3036834,0.16995561,-0.07497348,0.19555782,0.68371356,-0.3168636,-0.16201985,0.6581709,0.7832444,0.7021129,0.50369453,0.7889046,0.7225876,0.60933423,0.5492924,0.82239884,0.5471834,0.7970009,0.76688755,0.8410355,0.7866298,0.79840344,0.82538486,0.8106037,0.47174206,0.74269134,0.80316335
2.0,0.30144647,-0.24747276,-0.3224038,0.6113725,-0.1870275,-0.39082563,-0.44742328,-0.5492811,-0.019307163,0.54347986,0.004263561,-0.21666725,-0.2483295,-0.3036758,0.1699549,-0.07496892,0.19554977,0.6836984,-0.31684488,-0.16201752,0.658185,0.78325474,0.70212495,0.50370896,0.78890485,0.72260267,0.60934603,0.5493094,0.8224067,0.5471976,0.79701376,0.7668983,0.8410426,0.78663707,0.79841846,0.8253894,0.81061417,0.4717577,0.7427042,0.8031689
3.0,0.30145136,-0.24771616,-0.32261336,0.61209804,-0.1871387,-0.39142218,-0.44817474,-0.5500587,-0.019526426,0.54390436,0.0043457337,-0.21688233,-0.24887137,-0.30392998,0.16996878,-0.075110346,0.19580038,0.68416405,-0.31745726,-0.16208151,0.65771806,0.7829181,0.7017279,0.5032363,0.7888989,0.7221026,0.6089616,0.5487485,0.8221459,0.54673576,0.79658604,0.7665537,0.8408139,0.7864063,0.7979048,0.82525074,0.810257,0.47124454,0.7422772,0.80299145
3.0,0.3014454,-0.24740937,-0.3223491,0.61118287,-0.18699855,-0.3906698,-0.44722673,-0.5490777,-0.01925024,0.5433694,0.0042421967,-0.21661077,-0.24818777,-0.30360904,0.1699514,-0.07493221,0.19548444,0.68357706,-0.31668478,-0.16200101,0.6583075,0.7833427,0.702229,0.50383264,0.78890634,0.72273374,0.60944664,0.5494564,0.8224751,0.5473184,0.79712594,0.7669884,0.8411023,0.78669727,0.79855335,0.82542545,0.81070787,0.47189206,0.7428161,0.80321527
3.0,0.30145547,-0.24797964,-0.32284212,0.61288786,-0.18725875,-0.39207166,-0.44899404,-0.55090594,-0.019765299,0.54436463,0.004434727,-0.21711656,-0.24946205,-0.3042066,0.16998303,-0.0752647,0.19607235,0.6846687,-0.31812537,-0.16215023,0.6572104,0.7825513,0.7012954,0.50272137,0.78889287,0.72155696,0.6085433,0.5481372,0.821862,0.5462331,0.7961195,0.76617885,0.84056544,0.78615505,0.7973433,0.82510024,0.809867,0.47068578,0.74181116,0.80279845
3.0,0.30145064,-0.24768507,-0.3225866,0.6120057,-0.18712454,-0.3913462,-0.44807887,-0.54995954,-0.019498419,0.54385024,0.0043352395,-0.21685492,-0.24880232,-0.30389768,0.16996703,-0.0750923,0.19576843,0.6841047,-0.31737912,-0.1620734,0.65777755,0.7829611,0.70177865,0.5032965,0.7888997,0.7221663,0.60901064,0.5488199,0.8221791,0.54679465,0.7966405,0.7665977,0.84084296,0.7864358,0.7979703,0.8252685,0.81030256,0.47130993,0.7423315,0.803014
3.0,0.30144,-0.24710271,-0.32208544,0.6102668,-0.18685798,-0.38991696,-0.44627765,-0.5480953,-0.018975314,0.5428348,0.0041388012,-0.21633826,-0.2475036,-0.30328637,0.16993394,-0.074755065,0.1951683,0.6829898,-0.3159125,-0.16192041,0.65889925,0.78376776,0.7027312,0.50443065,0.7889136,0.72336584,0.60993266,0.550166,0.8228057,0.54790235,0.797667,0.7674237,0.8413915,0.78698814,0.7992034,0.8255996,0.8111596,0.4725411,0.7433559,0.8034391
3.0,0.3014562,-0.24809748,-0.3229461,0.613245,-0.18731238,-0.3923661,-0.4493665,-0.5512906,-0.01987287,0.54457074,0.0044745356,-0.2172231,-0.24973015,-0.3043324,0.16998851,-0.07533436,0.1961946,0.6848951,-0.318429,-0.16218035,0.6569805,0.782385,0.70109856,0.50248754,0.7888901,0.7213088,0.60835403,0.5478595,0.8217331,0.5460057,0.79590714,0.7660095,0.8404533,0.7860415,0.7970866,0.8250328,0.80968904,0.47043237,0.74159896,0.8027115
3.0,0.3014502,-0.24769229,-0.32259348,0.61202925,-0.18712774,-0.39136565,-0.44810396,-0.54998523,-0.01950511,0.5438628,0.0043376684,-0.2168622,-0.24882014,-0.30390638,0.16996701,-0.07509665,0.19577612,0.68411875,-0.31739944,-0.162075,0.65776217,0.7829501,0.70176506,0.50328064,0.78889966,0.7221495,0.60899806,0.548801,0.8221703,0.5467796,0.79662603,0.7665866,0.84083575,0.7864284,0.7979523,0.8252644,0.8102903,0.4712929,0.742317,0.80300844
3.0,0.30144468,-0.24731964,-0.32227096,0.610912,-0.18695748,-0.39044714,-0.44694507,-0.5487863,-0.019169379,0.543213,0.004211966,-0.21652989,-0.24798508,-0.30351317,0.16994686,-0.07487995,0.19539152,0.6834048,-0.31645566,-0.16197781,0.65848273,0.7834687,0.7023783,0.5040101,0.7889083,0.72292143,0.60959035,0.549667,0.82257324,0.54749125,0.7972868,0.767117,0.84118766,0.7867831,0.7987473,0.82547647,0.8108424,0.47208446,0.74297655,0.8032812
3.0,0.30143902,-0.24709225,-0.3220774,0.61023813,-0.18685319,-0.3898942,-0.44624937,-0.5480658,-0.018966239,0.5428167,0.0041352473,-0.21633022,-0.247483,-0.303277,0.1699328,-0.074749365,0.19515793,0.6829702,-0.3158893,-0.1619173,0.65891725,0.78378075,0.70274585,0.5044485,0.7889139,0.7233844,0.6099476,0.55018723,0.82281554,0.5479203,0.7976828,0.76743716,0.84140056,0.7869974,0.7992215,0.82560545,0.8111726,0.4725607,0.7433716,0.80344623
3.0,0.3014455,-0.2474263,-0.32236388,0.6112339,-0.18700622,-0.39071196,-0.44727996,-0.5491326,-0.01926538,0.5433988,0.004247874,-0.21662617,-0.24822615,-0.30362725,0.16995211,-0.07494207,0.19550191,0.6836095,-0.31672817,-0.16200528,0.6582744,0.783319,0.70220065,0.503799,0.78890586,0.72269803,0.6094196,0.5494164,0.82245654,0.54728574,0.7970954,0.7669641,0.8410863,0.78668106,0.79851645,0.8254159,0.81068236,0.47185564,0.7427857,0.80320275
3.0,0.30145502,-0.2479831,-0.32284582,0.61290014,-0.18726031,-0.39208215,-0.44900772,-0.55091983,-0.019768674,0.54437083,0.004435908,-0.21712059,-0.24947162,-0.30421144,0.16998285,-0.07526691,0.19607632,0.6846758,-0.31813633,-0.16215092,0.6572023,0.7825455,0.701288,0.5027128,0.78889275,0.7215479,0.60853666,0.54812694,0.82185733,0.5462251,0.7961116,0.7661731,0.8405616,0.78615123,0.7973333,0.8250983,0.8098603,0.4706767,0.7418033,0.8027955
3.0,0.30145428,-0.24791774,-0.32278866,0.61270326,-0.18723059,-0.3919199,-0.44880292,-0.5507083,-0.01970921,0.5442566,0.004413821,-0.21706198,-0.2493241,-0.30414224,0.16997954,-0.07522847,0.1960087,0.6845505,-0.31796938,-0.16213405,0.65732884,0.78263706,0.7013962,0.50284153,0.78889424,0.7216843,0.60864097,0.54827976,0.8219282,0.5463505,0.7962281,0.7662665,0.8406235,0.7862138,0.797474,0.8251355,0.8099579,0.47081617,0.7419198,0.80284363
3.0,0.30145225,-0.24778265,-0.3226713,0.61229813,-0.18716905,-0.39158675,-0.44838238,-0.5502735,-0.019586723,0.5440206,0.0043682046,-0.21694177,-0.24902107,-0.3040003,0.1699723,-0.075149335,0.19586916,0.68429166,-0.31762654,-0.16209885,0.6575893,0.7828252,0.7016182,0.50310564,0.7888974,0.72196424,0.60885566,0.5485934,0.8220738,0.5466083,0.7964676,0.76645875,0.84075093,0.78634274,0.7977622,0.8252128,0.810158,0.4711028,0.7421589,0.80294263
3.0,0.3014505,-0.24771068,-0.32260942,0.6120844,-0.18713619,-0.39141083,-0.44816142,-0.5500447,-0.019521732,0.5438949,0.0043438263,-0.21687862,-0.24886157,-0.30392575,0.16996798,-0.07510736,0.19579516,0.68415403,-0.31744623,-0.16207975,0.6577266,0.78292423,0.70173484,0.50324464,0.78889924,0.7221112,0.60896885,0.5487582,0.8221504,0.5467442,0.79659337,0.7665603,0.8408184,0.78641075,0.7979129,0.8252539,0.8102629,0.47125378,0.74228436,0.80299497
3.0,0.30145273,-0.24781051,-0.3226955,0.61238176,-0.18718174,-0.39165542,-0.4484692,-0.55036324,-0.019611973,0.5440694,0.0043776073,-0.21696663,-0.2490836,-0.3040296,0.16997379,-0.075165644,0.19589792,0.684345,-0.31769723,-0.16210607,0.65753555,0.78278625,0.7015725,0.50305116,0.7888968,0.7219065,0.6088113,0.5485286,0.8220437,0.5465551,0.79641825,0.766419,0.8407247,0.7863161,0.7977028,0.82519686,0.8101168,0.47104374,0.7421096,0.8029221
3.0,0.30145183,-0.24774021,-0.32263407,0.6121699,-0.18714969,-0.39148116,-0.44824898,-0.5501357,-0.019548226,0.5439465,0.0043538585,-0.21690352,-0.24892513,-0.30395508,0.16997021,-0.0751244,0.19582523,0.6842102,-0.31751782,-0.16208792,0.65767205,0.7828848,0.70168877,0.50318956,0.78889847,0.7220532,0.60892355,0.548693,0.82212013,0.5466899,0.7965438,0.7665196,0.8407913,0.78638345,0.7978541,0.82523704,0.81022173,0.47119382,0.742235,0.8029738
3.0,0.3014411,-0.2472279,-0.32219416,0.61064446,-0.18691544,-0.3902277,-0.44667035,-0.5485014,-0.019087728,0.5430531,0.0041809827,-0.21645132,-0.24778627,-0.30342042,0.16994032,-0.074827634,0.19529797,0.68323016,-0.31623185,-0.16195282,0.65865445,0.7835923,0.70252293,0.504183,0.78891075,0.7231039,0.6097321,0.54987204,0.8226687,0.5476613,0.7974426,0.7672442,0.8412724,0.78686845,0.7989328,0.82552844,0.8109721,0.4722726,0.74313194,0.8033471
3.0,0.3014565,-0.2481052,-0.3229526,0.61326766,-0.18731582,-0.39238477,-0.44938996,-0.5513147,-0.019879837,0.544584,0.004477132,-0.21722972,-0.24974708,-0.30434027,0.16998905,-0.075338915,0.1962025,0.6849098,-0.31844813,-0.16218245,0.65696615,0.78237444,0.70108634,0.5024728,0.7888899,0.72129333,0.60834205,0.5478421,0.821725,0.54599136,0.79589397,0.76599866,0.84044623,0.78603435,0.7970708,0.82502836,0.80967814,0.47041643,0.74158585,0.8027058
3.0,0.30145,-0.24760082,-0.32251298,0.61175126,-0.18708608,-0.3911367,-0.4478142,-0.5496858,-0.019422162,0.5437032,0.004306808,-0.216779,-0.2486118,-0.30380777,0.16996287,-0.07504298,0.19568123,0.6839429,-0.31716347,-0.16205168,0.6579418,0.78307927,0.70191866,0.50346303,0.78890175,0.7223428,0.6091455,0.54901767,0.82227105,0.54695666,0.7967917,0.76671845,0.8409231,0.78651637,0.7981526,0.8253165,0.81042904,0.47149056,0.7424824,0.803076
3.0,0.30144754,-0.24750936,-0.32243496,0.61148065,-0.18704425,-0.39091456,-0.44753507,-0.5493967,-0.01934002,0.54354364,0.0042759366,-0.21669921,-0.24841018,-0.3037136,0.16995719,-0.07499008,0.19558738,0.68376833,-0.31693596,-0.1620273,0.65811557,0.7832046,0.702066,0.50363857,0.7889039,0.7225284,0.6092888,0.549226,0.8223679,0.5471286,0.79695034,0.76684695,0.8410085,0.78660274,0.7983425,0.8253686,0.8105613,0.4716814,0.7426408,0.80314237
3.0,0.30145222,-0.2477363,-0.32263032,0.6121571,-0.1871479,-0.39147022,-0.44823483,-0.5501212,-0.01954459,0.54393977,0.004352592,-0.21689944,-0.24891506,-0.30395013,0.1699703,-0.075122,0.19582103,0.6842025,-0.31750643,-0.16208708,0.6576806,0.782891,0.7016964,0.5031984,0.78889847,0.72206265,0.6089305,0.5487035,0.822125,0.5466983,0.79655194,0.76652575,0.84079534,0.7863875,0.7978643,0.8252393,0.8102287,0.4712034,0.7422431,0.8029769
2.0,0.30145252,-0.24782571,-0.32270905,0.61242825,-0.18718867,-0.39169398,-0.44851795,-0.5504136,-0.019625831,0.54409575,0.0043827333,-0.21698064,-0.24911876,-0.30404624,0.16997436,-0.07517463,0.19591378,0.6843743,-0.31773698,-0.16210988,0.65750533,0.7827647,0.7015465,0.5030204,0.78889644,0.72187364,0.6087865,0.5484921,0.8220268,0.5465253,0.79639024,0.766397,0.84071004,0.7863013,0.79766864,0.8251883,0.81009316,0.47101036,0.74208164,0.8029109
3.0,0.30145535,-0.2480143,-0.32287318,0.6129942,-0.1872745,-0.39215955,-0.44910568,-0.55102086,-0.019797038,0.54442525,0.0044464394,-0.2171485,-0.24954222,-0.3042444,0.16998434,-0.075285316,0.1961085,0.6847356,-0.31821615,-0.16215894,0.6571417,0.78250176,0.7012363,0.50265133,0.78889203,0.72148263,0.60848683,0.548054,0.82182336,0.5461653,0.79605573,0.7661285,0.8405321,0.7861212,0.79726595,0.82508045,0.8098135,0.47060996,0.74174756,0.8027726
3.0,0.30144495,-0.24733168,-0.3222812,0.61094785,-0.18696305,-0.3904764,-0.44698203,-0.5488251,-0.01918025,0.54323393,0.0042160302,-0.2165404,-0.24801175,-0.3035257,0.16994762,-0.07488696,0.19540395,0.6834278,-0.31648582,-0.16198108,0.6584596,0.78345203,0.7023586,0.50398684,0.7889081,0.7228969,0.60957134,0.54963934,0.82256037,0.54746825,0.7972657,0.7670999,0.8411763,0.7867717,0.79872215,0.8254697,0.8108249,0.47205913,0.7429556,0.8032724
3.0,0.30144995,-0.24758321,-0.32249755,0.611698,-0.18707803,-0.39109278,-0.44775856,-0.5496285,-0.01940627,0.54367256,0.0043008886,-0.21676308,-0.2485718,-0.30378887,0.16996205,-0.07503265,0.19566296,0.6839092,-0.31711835,-0.16204718,0.6579762,0.78310406,0.7019481,0.50349796,0.78890204,0.72237986,0.6091737,0.5490593,0.8222904,0.5469905,0.79682326,0.7667437,0.8409398,0.78653324,0.79819095,0.82532656,0.81045556,0.47152838,0.74251413,0.80308896
3.0,0.3014483,-0.24748528,-0.3224131,0.6114054,-0.18703333,-0.3908523,-0.44745544,-0.5493147,-0.019318108,0.5435019,0.00426786,-0.21667615,-0.24835317,-0.3036861,0.1699566,-0.07497576,0.19556205,0.6837218,-0.3168713,-0.16202158,0.6581649,0.78323996,0.70210844,0.5036888,0.7889044,0.7225817,0.6093289,0.5492857,0.8223957,0.54717696,0.7969961,0.76688266,0.84103197,0.7866262,0.7983987,0.82538235,0.8105998,0.4717355,0.7426865,0.80316055
3.0,0.30144984,-0.24755573,-0.32247335,0.61161447,-0.1870655,-0.39102414,-0.4476716,-0.54953855,-0.019381378,0.54362476,0.00429165,-0.21673803,-0.2485091,-0.3037593,0.1699608,-0.07501656,0.19563441,0.68385637,-0.31704748,-0.16204019,0.6580303,0.783143,0.7019943,0.50355273,0.7889027,0.7224379,0.6092181,0.5491243,0.8223207,0.547044,0.7968731,0.76678324,0.84096605,0.7865597,0.79825115,0.8253422,0.8104972,0.4715878,0.7425638,0.8031094
3.0,0.3014536,-0.24786693,-0.32274437,0.6125507,-0.18720745,-0.3917944,-0.44864437,-0.5505443,-0.019663107,0.54416794,0.004396666,-0.21701664,-0.2492099,-0.30408868,0.16997689,-0.07519866,0.19595613,0.6844531,-0.3178401,-0.16212082,0.65742713,0.7827079,0.70148,0.5029411,0.7888955,0.7217898,0.6087219,0.548398,0.821983,0.54644763,0.79631853,0.76633894,0.8406715,0.78626233,0.7975828,0.82516456,0.81003344,0.47092423,0.74201,0.8028809
3.0,0.30145416,-0.24786589,-0.3227428,0.6125455,-0.18720698,-0.39178997,-0.44863826,-0.5505381,-0.019661967,0.5441661,0.0043963157,-0.21701485,-0.24920578,-0.3040865,0.16997728,-0.07519781,0.19595478,0.68445075,-0.3178352,-0.16212085,0.6574306,0.78271055,0.70148337,0.5029449,0.7888954,0.72179407,0.6087247,0.5484026,0.82198524,0.546451,0.79632217,0.7663413,0.840673,0.7862638,0.7975878,0.82516533,0.81003666,0.4709283,0.74201375,0.80288196
3.0,0.30145556,-0.24792627,-0.32279497,0.6127254,-0.1872345,-0.39193797,-0.4488246,-0.5507312,-0.019716684,0.5442717,0.00441676,-0.21706803,-0.24934022,-0.3041492,0.16998073,-0.07523315,0.19601701,0.6845663,-0.3179872,-0.16213676,0.6573152,0.7826269,0.70138514,0.5028279,0.788894,0.7216701,0.60862947,0.54826367,0.82192075,0.5463365,0.79621625,0.76625586,0.8406164,0.7862065,0.7974606,0.82513076,0.80994815,0.47080126,0.7419079,0.80283797
3.0,0.30144823,-0.24760759,-0.3225208,0.6117776,-0.18708917,-0.391159,-0.44784397,-0.5497161,-0.019428816,0.54371494,0.0043090656,-0.21678796,-0.2486326,-0.30381858,0.1699619,-0.07504749,0.19568907,0.6839569,-0.3171876,-0.1620526,0.65792376,0.78306663,0.7019024,0.50344414,0.78890175,0.72232234,0.6091313,0.54899496,0.82226044,0.5469395,0.7967739,0.76670593,0.840915,0.78650844,0.7981295,0.8253126,0.8104136,0.47147042,0.74246466,0.80307007
3.0,0.30144635,-0.2474736,-0.32240474,0.61137563,-0.18702795,-0.3908284,-0.4474267,-0.54928476,-0.019308027,0.54348135,0.0042638443,-0.2166682,-0.24833192,-0.303677,0.1699548,-0.07496945,0.19555075,0.6837002,-0.31684768,-0.16201769,0.658183,0.78325325,0.70212305,0.50370675,0.78890485,0.72260034,0.60934436,0.54930687,0.8224054,0.5471956,0.79701173,0.76689684,0.8410416,0.7866361,0.7984159,0.82538897,0.8106125,0.47175533,0.7427021,0.8031681
3.0,0.30144635,-0.24742857,-0.32236505,0.6112385,-0.18700732,-0.39071533,-0.44728357,-0.54913676,-0.019267302,0.5434028,0.0042486787,-0.21662705,-0.24822904,-0.3036282,0.16995282,-0.07494312,0.19550394,0.6836136,-0.3167312,-0.16200626,0.65827185,0.7833171,0.7021989,0.50379694,0.7889058,0.72269595,0.60941726,0.54941386,0.82245535,0.5472831,0.7970937,0.7669619,0.8410848,0.7866795,0.7985151,0.82541454,0.81068105,0.47185308,0.7427839,0.8032015
3.0,0.30145386,-0.24791807,-0.32278937,0.6127054,-0.18723066,-0.39192206,-0.44880575,-0.5507108,-0.019709606,0.5442569,0.00441391,-0.21706289,-0.24932598,-0.30414337,0.16997923,-0.075228766,0.19600914,0.6845512,-0.31797165,-0.1621339,0.6573272,0.78263575,0.70139456,0.5028396,0.78889424,0.72168213,0.6086398,0.54827756,0.82192713,0.546349,0.79622644,0.76626545,0.84062284,0.78621316,0.79747146,0.82513547,0.8099562,0.4708143,0.74191797,0.80284315
3.0,0.30145484,-0.24792477,-0.32279438,0.61272305,-0.18723384,-0.39193612,-0.44882298,-0.550729,-0.0197155,0.54426885,0.0044162385,-0.2170676,-0.24933873,-0.30414882,0.16998023,-0.075232446,0.1960157,0.68456376,-0.3179857,-0.16213606,0.65731645,0.78262794,0.70138586,0.5028289,0.788894,0.7216711,0.6086306,0.5482649,0.8219213,0.54633796,0.7962171,0.7662571,0.84061724,0.7862074,0.7974609,0.82513165,0.80994856,0.4708025,0.7419086,0.8028387
3.0,0.30145204,-0.2476874,-0.32258737,0.6120091,-0.18712564,-0.39134842,-0.4480808,-0.5499619,-0.019500252,0.54385453,0.0043360665,-0.21685521,-0.24880414,-0.3038978,0.169968,-0.07509328,0.19577037,0.68410873,-0.31738085,-0.16207457,0.6577761,0.78295976,0.70177794,0.50329536,0.78889954,0.72216547,0.60900897,0.54881865,0.82217854,0.5467925,0.79664,0.766596,0.84084177,0.7864343,0.7979707,0.82526714,0.81030244,0.47130847,0.742331,0.8030129
3.0,0.30145475,-0.24798483,-0.32284755,0.612906,-0.1872611,-0.3920871,-0.44901413,-0.55092645,-0.019770298,0.54437387,0.004436519,-0.2171225,-0.2494763,-0.3042136,0.16998276,-0.075268045,0.19607814,0.68467927,-0.31814158,-0.16215128,0.65719825,0.7825425,0.7012846,0.50270873,0.78889275,0.7215435,0.6085334,0.5481221,0.82185507,0.5462213,0.7961078,0.7661703,0.8405598,0.7861493,0.79732853,0.8250972,0.8098571,0.47067228,0.7417995,0.80279416
3.0,0.301452,-0.247767,-0.3226576,0.6122509,-0.18716192,-0.3915477,-0.44833305,-0.5502225,-0.019572522,0.54399306,0.0043629184,-0.21692775,-0.24898563,-0.3039837,0.1699715,-0.07514007,0.19585292,0.6842616,-0.31758636,-0.1620948,0.6576198,0.7828472,0.70164424,0.5031366,0.7888978,0.72199696,0.6088806,0.54863006,0.82209086,0.5466384,0.7964957,0.7664812,0.8407658,0.78635764,0.7977961,0.8252217,0.8101815,0.47113636,0.742187,0.80295414
3.0,0.30145338,-0.24780679,-0.32269132,0.6123677,-0.18718004,-0.39164367,-0.4484537,-0.55034727,-0.019608345,0.5440628,0.004376389,-0.21696195,-0.2490729,-0.30402407,0.1699741,-0.075163215,0.19589369,0.6843375,-0.31768477,-0.1621055,0.65754485,0.78279305,0.7015808,0.5030609,0.7888968,0.72191703,0.6088188,0.54854023,0.82204914,0.54656404,0.79642737,0.76642567,0.8407289,0.7863203,0.7977144,0.8251991,0.8101245,0.47105405,0.7421187,0.80292535
3.0,0.30143768,-0.24700546,-0.3220028,0.6099785,-0.18681335,-0.38968074,-0.44598046,-0.5477871,-0.018888753,0.5426657,0.00410603,-0.21625283,-0.24728905,-0.3031852,0.16992792,-0.07469942,0.1950685,0.68280405,-0.3156705,-0.16189457,0.6590853,0.78390115,0.7028886,0.5046181,0.78891593,0.7235638,0.6100854,0.5503885,0.8229095,0.5480859,0.7978364,0.7675605,0.84148246,0.7870795,0.7994062,0.8256546,0.81130093,0.47274485,0.74352485,0.8035097
3.0,0.30144873,-0.24757963,-0.32249567,0.6116909,-0.18707637,-0.3910873,-0.4477529,-0.54962236,-0.019403305,0.54366624,0.0042996258,-0.2167616,-0.24856724,-0.30378738,0.169961,-0.07503097,0.19565977,0.68390286,-0.31711346,-0.16204569,0.6579801,0.78310704,0.7019507,0.5035015,0.7889023,0.7223832,0.6091775,0.54906327,0.82229215,0.54699486,0.7968262,0.76674706,0.8409422,0.7865358,0.7981932,0.82532865,0.8104576,0.47153246,0.7425168,0.803091
3.0,0.3014515,-0.24765769,-0.3225618,0.6119202,-0.18711206,-0.39127547,-0.4479887,-0.5498667,-0.019473445,0.5438026,0.0043260753,-0.2168289,-0.24873771,-0.3038667,0.16996634,-0.07507597,0.19573973,0.68405175,-0.3173058,-0.16206677,0.6578332,0.783001,0.7018266,0.50335324,0.78890026,0.7222268,0.6090561,0.5488874,0.82221055,0.54684913,0.79669243,0.76663816,0.8408697,0.78646266,0.7980338,0.825284,0.8103462,0.47137132,0.74238336,0.8030347
3.0,0.30145025,-0.24762323,-0.32253265,0.6118191,-0.18709631,-0.39119267,-0.4478849,-0.54975903,-0.01944254,0.5437425,0.0043144263,-0.21679926,-0.24866267,-0.30383185,0.16996402,-0.07505614,0.1957045,0.6839862,-0.3172211,-0.16205749,0.6578979,0.7830477,0.70188123,0.5034185,0.7889012,0.7222957,0.6091095,0.54896486,0.8222465,0.5469132,0.79675126,0.7666862,0.8409017,0.7864948,0.7981039,0.82530373,0.8103951,0.47144228,0.74244213,0.8030595
3.0,0.30144885,-0.24752289,-0.3224455,0.61151767,-0.18705046,-0.39094448,-0.44757164,-0.54943514,-0.019351896,0.54356724,0.0042805225,-0.21670946,-0.24843706,-0.3037257,0.16995868,-0.074997574,0.19560076,0.68379366,-0.31696606,-0.16203138,0.6580925,0.78318775,0.7020468,0.5036156,0.7889035,0.7225043,0.6092694,0.54919875,0.8223553,0.5471055,0.79692984,0.7668293,0.8409967,0.7865906,0.798319,0.8253609,0.81054443,0.47165602,0.74262035,0.8031331
3.0,0.30145139,-0.24765882,-0.32256284,0.61192393,-0.18711255,-0.39127845,-0.44799262,-0.54987055,-0.01947445,0.5438045,0.004326418,-0.21683004,-0.2487406,-0.30386814,0.16996628,-0.07507664,0.19574086,0.684054,-0.31730908,-0.16206703,0.65783083,0.7829992,0.70182437,0.5033508,0.78890026,0.72222394,0.6090541,0.5488844,0.8222091,0.54684675,0.79669,0.7666364,0.84086865,0.7864616,0.7980308,0.82528347,0.81034416,0.4713686,0.74238104,0.80303377
3.0,0.30145302,-0.24789986,-0.3227741,0.6126525,-0.18722238,-0.3918787,-0.44875166,-0.55065465,-0.01969317,0.54422516,0.00440773,-0.21704754,-0.24928693,-0.3041253,0.16997789,-0.07521823,0.19599058,0.68451655,-0.31792736,-0.16212887,0.6573608,0.78266025,0.701423,0.50287354,0.7888948,0.7217181,0.6086677,0.54831773,0.8219457,0.54638255,0.79625696,0.7662906,0.84063953,0.7862302,0.79750776,0.82514596,0.8099817,0.47085133,0.74194854,0.8028562
3.0,0.3014535,-0.24781474,-0.3226984,0.6123922,-0.18718371,-0.39166364,-0.44847894,-0.5503735,-0.019615624,0.5440766,0.0043790787,-0.21696919,-0.24909095,-0.3040327,0.1699745,-0.07516791,0.19590198,0.6843529,-0.31770533,-0.16210756,0.65752935,0.7827817,0.7015675,0.503045,0.7888967,0.7219001,0.6088059,0.5485215,0.8220404,0.54654866,0.796413,0.7664141,0.8407212,0.78631264,0.79769707,0.8251945,0.81011254,0.47103688,0.74210435,0.80291945
3.0,0.30144548,-0.24714386,-0.32211637,0.6103762,-0.18687704,-0.39000565,-0.44638526,-0.5482078,-0.019011188,0.5429073,0.0041529126,-0.21636826,-0.24758275,-0.30332142,0.16993946,-0.07477762,0.19520895,0.6830669,-0.31600064,-0.16193342,0.65883106,0.78371817,0.7026757,0.5043631,0.7889121,0.72329557,0.6098752,0.5500865,0.8227688,0.54783356,0.7976074,0.7673715,0.84135616,0.7869524,0.79913616,0.82557625,0.8111112,0.47246695,0.7432967,0.8034113
3.0,0.30145946,-0.24816784,-0.3230052,0.61344945,-0.18734442,-0.39253375,-0.44957626,-0.5515078,-0.019936468,0.544694,0.004498452,-0.21728244,-0.24988197,-0.30440226,0.1699937,-0.07537528,0.19626637,0.68502903,-0.31860042,-0.16219963,0.6568506,0.7822905,0.70098865,0.50235605,0.7888884,0.7211699,0.60824597,0.5477037,0.82166094,0.5458761,0.79578865,0.7659124,0.8403887,0.785976,0.796946,0.82499254,0.8095906,0.4702893,0.7414808,0.80266094
3.0,0.3014528,-0.24777028,-0.32265967,0.61225843,-0.18716341,-0.3915537,-0.44834015,-0.55022997,-0.019575264,0.543999,0.004364021,-0.21692955,-0.24899085,-0.3039857,0.16997218,-0.07514179,0.19585596,0.68426746,-0.3175922,-0.16209602,0.6576153,0.7828438,0.7016407,0.50313234,0.78889775,0.72199255,0.6088767,0.5486251,0.8220885,0.5466338,0.79649204,0.7664775,0.8407634,0.78635514,0.79779226,0.8252199,0.8101786,0.47113162,0.7421833,0.8029521
3.0,0.30144927,-0.24757248,-0.32248873,0.6116672,-0.1870731,-0.39106783,-0.4477274,-0.5495961,-0.019396704,0.54365385,0.0042972453,-0.21675414,-0.24854915,-0.30377853,0.16996112,-0.07502659,0.19565208,0.6838888,-0.31709284,-0.16204417,0.6579957,0.78311825,0.70196444,0.50351757,0.7889024,0.72240055,0.6091899,0.5490824,0.8223011,0.5470101,0.79684097,0.7667583,0.84094954,0.7865431,0.7982117,0.82533264,0.81047016,0.47154984,0.7425317,0.80309665
3.0,0.30145442,-0.24790385,-0.32277626,0.61266047,-0.18722427,-0.39188462,-0.44875804,-0.55066204,-0.0196965,0.54423237,0.004409138,-0.21704905,-0.24929185,-0.304127,0.16997907,-0.075220205,0.1959941,0.68452364,-0.31793278,-0.16213056,0.65735656,0.78265697,0.70142007,0.5028697,0.78889453,0.72171414,0.6086637,0.5483134,0.82194376,0.5463778,0.79625386,0.76628685,0.8406369,0.78622735,0.7975052,0.8251436,0.80997944,0.47084674,0.7419455,0.80285394
2.0,0.30144167,-0.24721423,-0.32218152,0.61060077,-0.1869092,-0.3901916,-0.44662404,-0.5484536,-0.019075211,0.5430292,0.004176356,-0.21643794,-0.24775337,-0.30340442,0.16994011,-0.07481946,0.19528343,0.6832036,-0.3161943,-0.1619496,0.6586831,0.7836127,0.7025476,0.5042122,0.788911,0.7231349,0.6097554,0.54990685,0.8226849,0.5476893,0.7974693,0.76726496,0.84128606,0.78688216,0.7989655,0.8255364,0.8109946,0.47230414,0.74315864,0.80335754
3.0,0.30145442,-0.2479355,-0.3228043,0.61275697,-0.18723868,-0.3919642,-0.44885883,-0.55076593,-0.01972543,0.54428774,0.0044198222,-0.21707803,-0.24936436,-0.3041611,0.16998044,-0.07523898,0.19602709,0.6845847,-0.31801492,-0.16213863,0.65729433,0.782612,0.70136666,0.50280637,0.7888938,0.721647,0.6086124,0.548238,0.8219088,0.5463164,0.79619634,0.76624095,0.8406066,0.78619665,0.7974356,0.82512546,0.80993116,0.47077805,0.741888,0.80283046
3.0,0.30145004,-0.24766907,-0.32257318,0.61195904,-0.18711726,-0.39130783,-0.448031,-0.5499099,-0.019484151,0.54382235,0.004329819,-0.2168413,-0.24876781,-0.30388162,0.1699659,-0.07508315,0.19575216,0.68407434,-0.31734014,-0.16206905,0.6578073,0.7829826,0.70180374,0.5033266,0.78890014,0.722198,0.6090352,0.5488555,0.8221956,0.546824,0.79666764,0.7666197,0.84085774,0.7864505,0.7980025,0.8252776,0.8103251,0.47134265,0.7423585,0.80302554
2.0,0.301449,-0.24753246,-0.3224538,0.6115464,-0.18705483,-0.3909682,-0.4476016,-0.54946613,-0.01936059,0.5435841,0.004283786,-0.21671808,-0.24845858,-0.3037358,0.16995919,-0.07500321,0.19561069,0.6838121,-0.31699044,-0.1620339,0.6580738,0.78317446,0.702031,0.50359666,0.78890324,0.72248435,0.609254,0.5491764,0.8223449,0.5470871,0.79691267,0.7668156,0.8409876,0.7865816,0.7982984,0.8253554,0.81053025,0.47163564,0.7426033,0.80312604
3.0,0.30143917,-0.24709868,-0.32208276,0.6102571,-0.1868561,-0.38990948,-0.4462688,-0.54808545,-0.018971939,0.54282784,0.004137419,-0.21633582,-0.24749695,-0.3032835,0.16993326,-0.074753,0.19516449,0.68298244,-0.3159051,-0.16191903,0.65890515,0.783772,0.70273566,0.50443614,0.7889137,0.7233716,0.6099377,0.5501726,0.82280874,0.5479083,0.79767185,0.7674282,0.84139454,0.78699124,0.7992084,0.8256019,0.8111635,0.4725474,0.7433607,0.80344164
3.0,0.3014484,-0.24752185,-0.32244503,0.611516,-0.18704998,-0.3909431,-0.44757038,-0.5494338,-0.019351099,0.5435655,0.0042801835,-0.21670915,-0.24843602,-0.3037253,0.16995832,-0.074997105,0.1955999,0.6837919,-0.31696492,-0.1620309,0.65809333,0.7831886,0.7020474,0.5036164,0.78890353,0.72250503,0.60927033,0.5491997,0.8223557,0.54710656,0.79693043,0.7668303,0.84099734,0.7865913,0.7983193,0.82536155,0.81054485,0.47165698,0.742621,0.8031336
3.0,0.30145234,-0.24774286,-0.3226359,0.6121765,-0.18715093,-0.39148638,-0.448255,-0.55014205,-0.019550513,0.5439512,0.0043547824,-0.21690519,-0.24892952,-0.30395702,0.16997066,-0.0751258,0.19582777,0.68421507,-0.31752282,-0.16208881,0.6576681,0.78288186,0.70168567,0.5031858,0.7888983,0.7220492,0.6089202,0.54868853,0.822118,0.54668593,0.7965405,0.76651657,0.8407892,0.78638124,0.7978506,0.8252355,0.81021917,0.47118956,0.74223167,0.80297214
3.0,0.30144793,-0.24752682,-0.32244992,0.61153257,-0.18705226,-0.39095724,-0.44758847,-0.54945207,-0.019355733,0.5435742,0.0042818375,-0.21671446,-0.2484489,-0.30373168,0.16995822,-0.07500021,0.19560535,0.6838018,-0.3169796,-0.16203195,0.65808225,0.7831806,0.70203775,0.5036049,0.78890353,0.7224929,0.6092613,0.5491861,0.8223493,0.54709584,0.7969198,0.7668223,0.8409921,0.78658605,0.7983061,0.8253586,0.81053597,0.4716448,0.7426104,0.8031297
3.0,0.30144703,-0.24745867,-0.32239082,0.6113277,-0.18702108,-0.39078856,-0.4473757,-0.5492321,-0.019294214,0.54345524,0.0042588264,-0.21665342,-0.24829553,-0.30365947,0.16995463,-0.074960515,0.19553481,0.683671,-0.31680632,-0.16201425,0.6582145,0.7832757,0.7021503,0.5037389,0.78890514,0.72263473,0.60937,0.54934514,0.8224234,0.5472263,0.79704124,0.7669195,0.8410566,0.78665113,0.79845226,0.8253975,0.81063735,0.47179005,0.7427315,0.8031797
3.0,0.30144095,-0.24719691,-0.32216722,0.6105507,-0.18690121,-0.3901508,-0.44657314,-0.5484008,-0.01905984,0.54299897,0.0041705184,-0.21642333,-0.24771641,-0.30338725,0.16993874,-0.07480963,0.19526578,0.68317056,-0.3161527,-0.16194478,0.658715,0.78363585,0.7025745,0.50424427,0.7889114,0.7231687,0.6097818,0.5499449,0.8227025,0.54772097,0.79749817,0.7672887,0.8413018,0.78689814,0.7989997,0.8255461,0.8110185,0.47233912,0.7431874,0.8033699
3.0,0.3014548,-0.24799001,-0.3228521,0.61292166,-0.18726343,-0.3920999,-0.44903058,-0.5509431,-0.019775007,0.5443827,0.00443824,-0.21712714,-0.24948807,-0.30421928,0.16998298,-0.07527109,0.1960835,0.68468904,-0.31815493,-0.16215256,0.6571882,0.78253525,0.70127594,0.5026985,0.7888926,0.72153246,0.6085252,0.5481098,0.8218493,0.54621124,0.79609835,0.76616293,0.84055483,0.7861444,0.7973172,0.8250944,0.80984914,0.47066107,0.7417901,0.8027904
3.0,0.30144373,-0.24733928,-0.3222891,0.6109743,-0.18696643,-0.39049873,-0.44701123,-0.5488546,-0.01918723,0.543247,0.0042184927,-0.21654907,-0.24803232,-0.3035361,0.16994709,-0.07489167,0.19541226,0.6834429,-0.31650937,-0.16198239,0.65844184,0.7834394,0.7023427,0.5039683,0.788908,0.7228769,0.60955715,0.54961723,0.82255,0.547451,0.7972485,0.76708746,0.8411682,0.7867634,0.7987002,0.8254653,0.8108102,0.4720394,0.74293834,0.80326635
3.0,0.30144748,-0.24749595,-0.3224232,0.61144,-0.18703818,-0.39088088,-0.4474924,-0.5493528,-0.01932792,0.54352033,0.0042714253,-0.21668693,-0.24837963,-0.30369908,0.1699566,-0.07498223,0.19557343,0.6837426,-0.31690133,-0.16202393,0.658142,0.7832235,0.7020885,0.50366545,0.7889042,0.7225569,0.6093103,0.5492579,0.82238275,0.5471547,0.7969746,0.76686627,0.84102124,0.7866155,0.79837203,0.82537615,0.8105817,0.47171038,0.74266505,0.8031522
3.0,0.30144975,-0.24763483,-0.32254338,0.6118559,-0.18710162,-0.39122316,-0.44792393,-0.5497991,-0.019453112,0.5437625,0.004318271,-0.21681063,-0.24869065,-0.30384535,0.16996408,-0.075063065,0.19571672,0.6840086,-0.31725287,-0.16206014,0.65787387,0.78303045,0.70186025,0.5033939,0.7889009,0.72226936,0.6090899,0.54893553,0.8222328,0.54688984,0.7967287,0.76666874,0.84089017,0.78648335,0.79807615,0.8252971,0.81037617,0.47141567,0.74241954,0.80305076
3.0,0.30145407,-0.24784234,-0.32272202,0.61247385,-0.18719627,-0.39173076,-0.44856352,-0.550461,-0.019640494,0.54412484,0.0043883584,-0.21699333,-0.24915187,-0.30406106,0.16997617,-0.07518395,0.19593029,0.68440545,-0.31777424,-0.16211483,0.6574769,0.78274375,0.70152295,0.502992,0.7888959,0.721844,0.6087626,0.5484584,0.82201123,0.5464966,0.79636496,0.76637536,0.8406955,0.78628665,0.7976395,0.82517874,0.81007236,0.47097927,0.74205637,0.8028995
3.0,0.30145502,-0.2479758,-0.32283932,0.6128778,-0.187257,-0.39206368,-0.44898418,-0.55089545,-0.019761946,0.544358,0.004433438,-0.21711385,-0.2494549,-0.30420345,0.16998254,-0.075262606,0.19606857,0.6846616,-0.31811726,-0.16214904,0.6572167,0.78255594,0.7013004,0.50272745,0.788893,0.72156346,0.60854864,0.54814446,0.82186544,0.54623944,0.7961249,0.7661838,0.8405686,0.7861583,0.79734945,0.8251024,0.80987144,0.47069257,0.74181664,0.802801
3.0,0.30144942,-0.24759537,-0.32250887,0.61173666,-0.18708359,-0.3911249,-0.44779965,-0.54967076,-0.019417424,0.5436938,0.0043049753,-0.21677496,-0.24860115,-0.30380312,0.16996221,-0.07503997,0.19567586,0.6839328,-0.31715167,-0.16205004,0.6579509,0.78308594,0.7019262,0.50347215,0.78890187,0.7223523,0.60915315,0.54902834,0.82227606,0.54696584,0.79679966,0.7667254,0.84092766,0.7865212,0.79816175,0.8253195,0.8104356,0.47150046,0.7424904,0.80307966
3.0,0.30145144,-0.24777919,-0.3226691,0.61229,-0.18716745,-0.39158043,-0.4483752,-0.55026555,-0.019583758,0.5440144,0.004366953,-0.21693985,-0.24901561,-0.30399808,0.16997154,-0.07514748,0.19586594,0.6842853,-0.31762046,-0.16209751,0.657594,0.7828287,0.7016218,0.5031101,0.78889763,0.7219689,0.6088598,0.54859865,0.82207614,0.54661316,0.7964714,0.7664626,0.84075356,0.7863453,0.7977661,0.8252148,0.810161,0.47110796,0.7421627,0.80294466
3.0,0.30145702,-0.24812159,-0.32296658,0.6133159,-0.18732326,-0.39242437,-0.44943976,-0.55136615,-0.01989467,0.5446127,0.004482694,-0.2172439,-0.24978302,-0.30435696,0.16999006,-0.075348504,0.19621928,0.68494105,-0.31848884,-0.1621868,0.6569352,0.7823521,0.7010601,0.50244164,0.7888896,0.7212603,0.6083165,0.54780495,0.82170784,0.54596055,0.79586554,0.76597583,0.8404309,0.7860189,0.797037,0.82501906,0.80965453,0.4703824,0.7415576,0.80269396
3.0,0.30145007,-0.24763241,-0.32254082,0.61184734,-0.18710047,-0.39121583,-0.44791454,-0.5497897,-0.019450787,0.5437582,0.004317481,-0.21680777,-0.24868397,-0.30384195,0.16996425,-0.075061515,0.19571398,0.68400365,-0.3172452,-0.16205972,0.65787965,0.7830347,0.70186555,0.50339997,0.78890103,0.7222758,0.60909456,0.5489427,0.8222361,0.5468954,0.79673433,0.76667285,0.8408929,0.7864859,0.7980832,0.82529855,0.810381,0.47142214,0.7424252,0.80305266
3.0,0.3014512,-0.24768928,-0.3225898,0.6120168,-0.18712647,-0.39135507,-0.4480898,-0.54997087,-0.019502092,0.5438576,0.0043366626,-0.21685794,-0.24881034,-0.30390117,0.1699675,-0.07509457,0.19577254,0.6841125,-0.31738812,-0.16207471,0.6577707,0.782956,0.701773,0.50328964,0.78889966,0.7221592,0.60900486,0.5488118,0.82217526,0.5467876,0.79663455,0.7665923,0.84083945,0.78643185,0.7979635,0.8252661,0.8102976,0.4713024,0.74232554,0.8030112
3.0,0.30145258,-0.24770069,-0.3225985,0.6120476,-0.18713169,-0.39138013,-0.4481203,-0.5500027,-0.019512165,0.5438777,0.0043406,-0.21686643,-0.24883272,-0.30391106,0.169969,-0.07510095,0.1957839,0.684134,-0.3174131,-0.16207823,0.6577516,0.78294206,0.7017572,0.5032705,0.78889924,0.72213936,0.6089886,0.5487894,0.8221649,0.5467682,0.7966176,0.7665777,0.8408296,0.7864221,0.7979442,0.82525957,0.81028384,0.47128144,0.74230874,0.8030035
3.0,0.30145296,-0.24779543,-0.32268184,0.61233497,-0.18717487,-0.39161676,-0.44841993,-0.55031216,-0.01959813,0.54404294,0.0043725558,-0.21695244,-0.24904837,-0.3040128,0.16997334,-0.07515663,0.1958821,0.68431586,-0.3176571,-0.1621024,0.6575659,0.7828082,0.7015986,0.5030821,0.7888971,0.7219394,0.60883623,0.54856545,0.8220608,0.546585,0.7964465,0.76644135,0.84073937,0.78633094,0.7977372,0.8252055,0.8101405,0.4710772,0.74213785,0.8029336
3.0,0.3014467,-0.24747765,-0.3224079,0.61138684,-0.18702975,-0.3908375,-0.44743794,-0.54929626,-0.019311544,0.5434884,0.0042652152,-0.2166714,-0.24834009,-0.30368078,0.16995522,-0.074971735,0.19555478,0.6837077,-0.31685686,-0.16201888,0.65817595,0.7832482,0.70211715,0.5036996,0.7889047,0.72259307,0.6093386,0.5492985,0.82240164,0.54718846,0.7970055,0.7668916,0.8410381,0.7866324,0.7984087,0.8253866,0.8106073,0.4717477,0.74269587,0.8031654
3.0,0.30145416,-0.24793431,-0.32280344,0.6127543,-0.18723808,-0.39196202,-0.44885647,-0.5507633,-0.019724313,0.54428554,0.0044193827,-0.2170774,-0.24936254,-0.30416048,0.16998014,-0.0752383,0.1960259,0.68458235,-0.3180129,-0.16213813,0.65729594,0.7826132,0.7013678,0.50280786,0.78889394,0.7216485,0.6086139,0.54823977,0.8219096,0.54631793,0.7961976,0.7662423,0.8406075,0.7861977,0.7974368,0.82512623,0.8099322,0.47077975,0.74188924,0.80283123
3.0,0.3014538,-0.2478199,-0.3227026,0.6124068,-0.18718606,-0.39167574,-0.4484937,-0.5503887,-0.019620243,0.54408586,0.004380822,-0.21697345,-0.24910165,-0.30403757,0.16997498,-0.07517085,0.19590716,0.68436265,-0.31771743,-0.16210903,0.6575201,0.782775,0.7015598,0.50303584,0.78889644,0.7218904,0.60879815,0.54851043,0.8220353,0.54653937,0.7964046,0.7664072,0.8407166,0.786308,0.79768735,0.82519156,0.8101056,0.47102672,0.742096,0.8029158
3.0,0.30145952,-0.2482048,-0.32303798,0.6135621,-0.18736115,-0.39262655,-0.4496939,-0.5516288,-0.019970316,0.54475844,0.0045109056,-0.21731606,-0.2499666,-0.30444187,0.1699953,-0.07539728,0.19630472,0.6851,-0.31869638,-0.162209,0.6567781,0.7822381,0.70092654,0.5022825,0.78888756,0.72109157,0.60818636,0.54761606,0.82162035,0.54580426,0.7957216,0.765859,0.8403534,0.7859403,0.7968647,0.8249714,0.8095344,0.47020933,0.7414138,0.80263364
3.0,0.30145514,-0.24797362,-0.32283723,0.6128706,-0.18725601,-0.3920577,-0.44897673,-0.5508878,-0.019759897,0.5443541,0.0044326745,-0.21711169,-0.2494495,-0.30420086,0.1699825,-0.07526126,0.19606628,0.6846574,-0.31811118,-0.16214852,0.6572213,0.7825591,0.7013045,0.5027324,0.788893,0.7215685,0.6085523,0.54815006,0.821868,0.5462439,0.7961292,0.766187,0.8405708,0.7861605,0.7973548,0.8251037,0.8098751,0.47069764,0.74182093,0.8028027
3.0,0.30144966,-0.2476311,-0.32254004,0.6118444,-0.18709987,-0.39121354,-0.4479118,-0.5497866,-0.019449722,0.5437562,0.0043170042,-0.21680711,-0.24868195,-0.30384117,0.16996394,-0.07506083,0.19571282,0.6840013,-0.31724304,-0.16205925,0.65788126,0.78303576,0.70186675,0.5034016,0.78890103,0.7222775,0.60909593,0.54894453,0.822237,0.54689705,0.7967355,0.7666743,0.8408938,0.78648686,0.79808444,0.82529926,0.81038195,0.47142392,0.74242646,0.8030534
3.0,0.30145383,-0.24785623,-0.32273465,0.6125173,-0.18720259,-0.39176667,-0.4486092,-0.550508,-0.019653235,0.5441491,0.0043930747,-0.21700649,-0.24918465,-0.3040767,0.16997656,-0.07519223,0.19594489,0.68443227,-0.31781143,-0.1621182,0.65744877,0.7827235,0.7014987,0.50296324,0.7888957,0.7218134,0.60873955,0.54842424,0.8219953,0.546469,0.79633874,0.7663548,0.84068197,0.786273,0.7976074,0.8251709,0.81005037,0.4709482,0.7420302,0.8028889
1.0,0.3060265,-0.24394417,-0.31649727,0.5938057,-0.18900634,-0.37775254,-0.4262614,-0.5286782,-0.017408427,0.5417957,0.004156079,-0.21260945,-0.23173736,-0.29545793,0.1717766,-0.06853872,0.19165032,0.6815042,-0.29909945,-0.16591679,0.66808563,0.79155886,0.7135239,0.51666623,0.78857833,0.7380692,0.616639,0.5659356,0.82868737,0.5572046,0.81080484,0.77289915,0.84588563,0.78913945,0.8175531,0.824009,0.8220066,0.48465613,0.75523853,0.80590385
2.0,0.30480215,-0.2463449,-0.31895107,0.6022608,-0.18940945,-0.38444948,-0.43564415,-0.5382114,-0.019090038,0.544743,0.0047415607,-0.2149774,-0.23880522,-0.2989712,0.17137393,-0.07082832,0.19401284,0.6849302,-0.30682683,-0.16536644,0.6626871,0.78759813,0.7083593,0.51070464,0.7887334,0.73141086,0.61254746,0.5585529,0.82540065,0.5519869,0.8049358,0.7693015,0.8432362,0.7872603,0.8099247,0.82356083,0.81713074,0.4784534,0.74967355,0.80419654
2.0,0.3047854,-0.24544668,-0.31803018,0.59941816,-0.18934481,-0.38232943,-0.43276694,-0.53523344,-0.018495705,0.5433301,0.004391242,-0.21428967,-0.23668872,-0.29783723,0.17130053,-0.07018914,0.19306193,0.68338466,-0.30452853,-0.16530879,0.6643796,0.7888637,0.70986307,0.51255935,0.7889263,0.73342985,0.6139066,0.56077987,0.8262979,0.5536782,0.80664605,0.7704822,0.8441137,0.7880802,0.8120182,0.8239271,0.8185497,0.4804065,0.7512839,0.8048413
2.0,0.3046364,-0.24547413,-0.31829825,0.60001796,-0.18918139,-0.3828007,-0.43357444,-0.53602815,-0.018490944,0.5432962,0.004475832,-0.21447723,-0.23722868,-0.2982332,0.17120884,-0.07029034,0.19318192,0.68341327,-0.30514073,-0.16514628,0.6639659,0.7885798,0.70940435,0.5120317,0.788829,0.73281497,0.61362225,0.5601219,0.8260536,0.55330193,0.80611104,0.7702721,0.8439525,0.787945,0.81120807,0.8239643,0.81802773,0.47987205,0.750783,0.8047428
3.0,0.3058054,-0.24482808,-0.3172995,0.5964737,-0.18894972,-0.3795975,-0.42892587,-0.5313899,-0.017860595,0.5428399,0.0042812787,-0.21310182,-0.23391809,-0.29645956,0.1718015,-0.06948836,0.19244932,0.6825743,-0.3013404,-0.16572076,0.66669804,0.7903764,0.71215516,0.51499313,0.7885723,0.7361516,0.615541,0.563847,0.8279066,0.5557479,0.80913746,0.77192897,0.8450746,0.78861296,0.81553,0.82393694,0.8207692,0.4829669,0.7537642,0.80538297
2.0,0.3044531,-0.24735844,-0.32002866,0.6057635,-0.18946128,-0.38710114,-0.43941045,-0.5420168,-0.019769806,0.54606336,0.0049715973,-0.21583979,-0.24168007,-0.30037364,0.17130509,-0.071835704,0.19503058,0.68638384,-0.30993795,-0.16517684,0.66063,0.78598666,0.7063581,0.50833863,0.7887164,0.7287452,0.6109326,0.5556363,0.82420164,0.54992193,0.8026145,0.7678933,0.8421793,0.7864501,0.8069625,0.82334924,0.8152573,0.47601134,0.747504,0.8034844
1.0,0.30412966,-0.24749321,-0.32019794,0.6066236,-0.18988042,-0.3881972,-0.4407286,-0.5433885,-0.020126488,0.54634106,0.005123537,-0.21645266,-0.2424431,-0.30082157,0.1710676,-0.071751095,0.1952251,0.68687475,-0.31097746,-0.16522577,0.6596236,0.7854838,0.7055066,0.5074859,0.78885865,0.7278675,0.61022574,0.55460244,0.8234927,0.5491044,0.8018148,0.76726025,0.8418463,0.7861413,0.8057669,0.82313627,0.8144003,0.47503722,0.7465932,0.8032622
3.0,0.30449593,-0.24602905,-0.31898195,0.6017555,-0.18856674,-0.3835817,-0.43514067,-0.5375167,-0.018520955,0.54363126,0.004403051,-0.2143856,-0.23877795,-0.29886976,0.17130245,-0.07134363,0.19366734,0.68356943,-0.30652773,-0.16468623,0.6635989,0.78789294,0.70875466,0.5111214,0.78869987,0.73161143,0.61326945,0.55891246,0.8259365,0.55267686,0.8050813,0.77000266,0.8435413,0.787813,0.8099915,0.8242458,0.8174244,0.47908178,0.75005096,0.80451345
1.0,0.3052543,-0.24465322,-0.31748956,0.5966118,-0.18820056,-0.37934044,-0.42926544,-0.5315489,-0.017440174,0.5418301,0.0039753504,-0.21277265,-0.23450063,-0.29665515,0.17160496,-0.07016972,0.19222985,0.6813853,-0.3017459,-0.16493818,0.66710204,0.7903384,0.71204734,0.5148786,0.788625,0.73574996,0.6159083,0.5635317,0.82808065,0.5559821,0.80873424,0.7723093,0.8451612,0.7890531,0.8148175,0.8246204,0.8205674,0.4830389,0.7535974,0.8055808
1.0,0.3049411,-0.24739704,-0.31956047,0.6048461,-0.19010812,-0.38663533,-0.43814155,-0.54088974,-0.0200078,0.5466445,0.005090665,-0.21580493,-0.24058424,-0.2997586,0.17150603,-0.07125328,0.19497941,0.6870092,-0.3088712,-0.16583067,0.66090655,0.78640103,0.7070101,0.5090913,0.78879225,0.7297808,0.6110904,0.55667156,0.8243907,0.5502753,0.80355185,0.7679465,0.8423371,0.7863726,0.80840313,0.8228999,0.8160103,0.47665438,0.7482495,0.8035059
2.0,0.30603266,-0.24517602,-0.31731522,0.59697515,-0.189417,-0.38012362,-0.4292696,-0.53183746,-0.018230159,0.54365754,0.0044079423,-0.21335985,-0.23409809,-0.29648983,0.17192478,-0.06941328,0.19273649,0.68346465,-0.30161703,-0.16611665,0.6662243,0.79013735,0.7119563,0.5147486,0.7886358,0.73600227,0.61513,0.5636176,0.8276509,0.555328,0.80902845,0.7715156,0.844848,0.7883045,0.81556356,0.82356465,0.8206967,0.48262557,0.75357616,0.80516976
2.0,0.30473095,-0.24737945,-0.31970808,0.6053127,-0.19016102,-0.38715738,-0.43890035,-0.5416497,-0.020069223,0.5466121,0.005149819,-0.2161025,-0.24103077,-0.30008537,0.17136672,-0.07122877,0.19503583,0.6870848,-0.30945438,-0.16575173,0.6604112,0.78613496,0.7065248,0.5085921,0.78880984,0.7292282,0.61076105,0.55605704,0.8240434,0.54987764,0.8030519,0.76767594,0.8421839,0.78623873,0.8076163,0.82287467,0.8154964,0.47612065,0.7477252,0.8034127
2.0,0.30633384,-0.24549791,-0.31732523,0.59756273,-0.19029725,-0.38112727,-0.42994156,-0.5327024,-0.018853549,0.5448059,0.0048111007,-0.21402785,-0.234179,-0.29666147,0.171963,-0.0688217,0.19313212,0.6849041,-0.30202442,-0.16682953,0.6651691,0.78979695,0.71145135,0.5142222,0.78863126,0.7357065,0.6143056,0.5631296,0.82703197,0.5545248,0.80880475,0.7707369,0.8445149,0.78769,0.8153526,0.8228259,0.8202631,0.4818528,0.7530871,0.8048274
2.0,0.30457196,-0.24739978,-0.3198364,0.6054629,-0.1897155,-0.38694403,-0.4389794,-0.5416268,-0.01986396,0.5462543,0.0049655214,-0.21581537,-0.24135302,-0.30012992,0.17137259,-0.07170975,0.1950001,0.6865673,-0.30961055,-0.16537827,0.66074413,0.7861176,0.7065821,0.5086084,0.7888091,0.7290989,0.6110013,0.55599153,0.8242564,0.5500504,0.8029234,0.76791364,0.8422245,0.7864636,0.80745673,0.8232279,0.81554615,0.4762511,0.747758,0.8034997
1.0,0.30482486,-0.24663675,-0.31897226,0.60289454,-0.18999296,-0.38525465,-0.43635482,-0.539026,-0.01951078,0.54545695,0.004890267,-0.21543363,-0.2391767,-0.29913163,0.17136937,-0.07069567,0.19426863,0.6857892,-0.30739558,-0.16570553,0.66193527,0.7872461,0.7078898,0.5102211,0.78887635,0.73100233,0.61196774,0.55802214,0.8249056,0.5513698,0.8045744,0.76873904,0.84294033,0.7869223,0.8095224,0.8231866,0.8167714,0.47784224,0.74919295,0.8039586
2.0,0.3069888,-0.2457209,-0.31696242,0.5968508,-0.19067267,-0.3804407,-0.42855576,-0.53141034,-0.019023854,0.545528,0.0047787763,-0.21367773,-0.23325963,-0.29596218,0.17235716,-0.06866717,0.19318934,0.6854686,-0.30097044,-0.16740623,0.66581464,0.79019105,0.7123353,0.51512957,0.78868693,0.7368049,0.6146573,0.56431717,0.82752454,0.5550423,0.8098249,0.7709731,0.84467894,0.7876863,0.81707877,0.82249224,0.8213205,0.48273414,0.7540642,0.80484855
3.0,0.30428213,-0.24748799,-0.32015055,0.6063273,-0.18962185,-0.387677,-0.44015253,-0.5427724,-0.01994666,0.54623723,0.0050081387,-0.21611021,-0.24218763,-0.3006173,0.17121238,-0.07192311,0.19516061,0.6866326,-0.31055355,-0.16516268,0.66014075,0.78568655,0.7059108,0.5078708,0.78880256,0.72823846,0.61057836,0.5550579,0.82386184,0.54949236,0.8021531,0.7675728,0.8419856,0.7863088,0.8063172,0.82328606,0.8148345,0.47550252,0.7470207,0.8033621
1.0,0.30431953,-0.24660254,-0.31933486,0.6035751,-0.18933421,-0.38547653,-0.43729275,-0.5398068,-0.019242223,0.54477954,0.0046862736,-0.21532097,-0.24012788,-0.29957026,0.17118417,-0.07136901,0.19425039,0.68500483,-0.308245,-0.16501372,0.6619112,0.7869524,0.7074441,0.5097043,0.7888727,0.73020405,0.611994,0.5572506,0.82485545,0.5512189,0.80383384,0.76882976,0.84285825,0.7871366,0.80838424,0.82372195,0.81624585,0.4774637,0.74866515,0.80400896
2.0,0.30541426,-0.24497762,-0.31749597,0.5973154,-0.18907797,-0.380424,-0.4301034,-0.53255683,-0.018044513,0.5428792,0.0042951256,-0.21347803,-0.23476724,-0.2968748,0.17159885,-0.06969653,0.19259425,0.68272364,-0.3023228,-0.16554672,0.66598797,0.78992873,0.71143323,0.51425016,0.78871554,0.7353165,0.61505604,0.5628986,0.82739115,0.5551292,0.8083587,0.77149844,0.84479713,0.7884947,0.81440187,0.82397586,0.820057,0.48218524,0.75298125,0.80524164
2.0,0.30526856,-0.24711871,-0.3192213,0.6035174,-0.18983352,-0.38533726,-0.43642518,-0.53913915,-0.019662436,0.54623145,0.004958626,-0.21519603,-0.23943831,-0.2991319,0.17168814,-0.07109564,0.19465648,0.68641716,-0.30748957,-0.16586855,0.66203505,0.78708917,0.7080403,0.5101969,0.78869224,0.7309735,0.61191076,0.5580223,0.8251424,0.55126566,0.80462337,0.7686701,0.84278905,0.78673613,0.8099019,0.8230567,0.8170079,0.47784966,0.7493582,0.8038001
1.0,0.30643004,-0.24379921,-0.3161415,0.59269047,-0.18905997,-0.3767848,-0.424761,-0.5271918,-0.01730701,0.5417846,0.0040765256,-0.21219335,-0.23067944,-0.29482353,0.17197944,-0.068288125,0.19144924,0.6813675,-0.29789823,-0.16618344,0.6689386,0.7921163,0.71442187,0.51764226,0.78855705,0.739183,0.61721647,0.56716686,0.8292638,0.55795705,0.8118132,0.7733806,0.8462318,0.78932685,0.81903064,0.8239343,0.8229339,0.4856589,0.7562109,0.8060864
2.0,0.30453068,-0.2470797,-0.3195758,0.60448265,-0.18950212,-0.38610002,-0.4379652,-0.5405492,-0.019571748,0.54561424,0.004816562,-0.21545906,-0.24068289,-0.29975846,0.17134199,-0.07161748,0.19466327,0.6858313,-0.30880982,-0.16521892,0.6614675,0.7865801,0.70715094,0.5092814,0.78882974,0.7297863,0.6115745,0.5567708,0.824669,0.5507172,0.8035063,0.7684298,0.8425568,0.78682476,0.8081628,0.8234741,0.8160486,0.47699246,0.74836165,0.80376035
1.0,0.3042436,-0.24605644,-0.31908184,0.6021987,-0.18865378,-0.3840655,-0.4358395,-0.5382051,-0.018605378,0.5435924,0.0044064596,-0.21463905,-0.23924847,-0.29912597,0.1711642,-0.071408994,0.19371633,0.68360853,-0.30710286,-0.1645833,0.66316575,0.78763837,0.70831156,0.5106782,0.78879046,0.7311113,0.61298156,0.55835027,0.8256109,0.5523183,0.8046133,0.76975447,0.8433922,0.7877416,0.8092813,0.82426465,0.81698126,0.4786129,0.7495688,0.8044391
2.0,0.3049239,-0.24566019,-0.3183826,0.60000145,-0.18878599,-0.38229844,-0.43306693,-0.53548807,-0.018344376,0.5434318,0.0043633133,-0.21399556,-0.23715173,-0.29804397,0.17146727,-0.0707091,0.19326662,0.68331635,-0.30480433,-0.16507292,0.66457945,0.7887097,0.7098725,0.512406,0.78870124,0.73313564,0.6139914,0.5605544,0.82654715,0.553668,0.80643666,0.77059925,0.84403133,0.7880708,0.81185853,0.82411265,0.81854665,0.48035917,0.7512763,0.80479115
1.0,0.30340484,-0.24822101,-0.32135823,0.6099401,-0.18935528,-0.39047047,-0.44452208,-0.54704523,-0.020452265,0.5467477,0.005082071,-0.2170268,-0.2455471,-0.30227283,0.17084487,-0.07314094,0.19599204,0.68727565,-0.3142016,-0.16447932,0.6580285,0.7839625,0.7035531,0.5051985,0.78887224,0.72508794,0.60899466,0.5516617,0.8225261,0.54737264,0.7993518,0.7662521,0.8409793,0.78569776,0.80243754,0.82343966,0.81248367,0.47280952,0.74442434,0.80275846
1.0,0.30475357,-0.24684343,-0.31944925,0.60378134,-0.18928187,-0.38541883,-0.43710643,-0.5396786,-0.01931544,0.54535735,0.004802782,-0.21518432,-0.24002634,-0.2995259,0.17144263,-0.07140967,0.19447984,0.68551964,-0.3080622,-0.1652556,0.6620033,0.78694236,0.7076482,0.5097997,0.78867656,0.7303543,0.6119754,0.55742836,0.8250487,0.55121845,0.80403215,0.7688069,0.842802,0.7869522,0.8088505,0.8235258,0.81649715,0.4775561,0.7488985,0.80390406
1.0,0.30533123,-0.24603808,-0.31834915,0.6005043,-0.18964797,-0.3831246,-0.4334715,-0.53609425,-0.018944208,0.5446782,0.0047162734,-0.21454364,-0.23712145,-0.2980951,0.17159775,-0.07019685,0.19366048,0.68479264,-0.30502355,-0.16582176,0.6637167,0.78843373,0.7095562,0.51205534,0.78871053,0.73302245,0.613283,0.5602862,0.8260698,0.5530015,0.8063798,0.7699054,0.8437257,0.78749365,0.8119661,0.82337946,0.8183482,0.4797918,0.75098944,0.80445963
2.0,0.305602,-0.24580973,-0.31802255,0.5994008,-0.18955632,-0.38212532,-0.43207783,-0.53468615,-0.018709559,0.5444218,0.004612837,-0.2141154,-0.23615755,-0.2975584,0.17175186,-0.069999166,0.19339292,0.68440175,-0.30390632,-0.16592306,0.66457206,0.78898203,0.71037525,0.5129543,0.78868014,0.73400897,0.6138982,0.56139743,0.8266204,0.55376893,0.80726194,0.77044064,0.8440715,0.7877562,0.8132088,0.8234363,0.8191692,0.48074242,0.7518746,0.804679
2.0,0.30477536,-0.24601325,-0.31858972,0.60122395,-0.18945484,-0.38372496,-0.4346267,-0.5371644,-0.0188925,0.5442459,0.0046167187,-0.21477756,-0.23803385,-0.29856175,0.17133425,-0.070554204,0.19365965,0.6844032,-0.3060122,-0.16536814,0.66324353,0.7880461,0.7088709,0.5113562,0.7888341,0.732131,0.6130038,0.5593386,0.8256761,0.55256724,0.80553925,0.7696933,0.8435403,0.7875472,0.8106572,0.8236689,0.81762207,0.47912854,0.7502251,0.8044222
2.0,0.30488533,-0.24602014,-0.31853747,0.6010336,-0.189404,-0.3834791,-0.43429053,-0.5368261,-0.018845428,0.54426706,0.004587274,-0.21463132,-0.23784386,-0.2984264,0.17141405,-0.07057929,0.19363795,0.6843637,-0.30575478,-0.16539803,0.663481,0.78816086,0.7090947,0.51157856,0.78881335,0.7323683,0.6131588,0.5596131,0.82584596,0.55275136,0.80575806,0.7698254,0.84360504,0.7876025,0.811009,0.8236824,0.8178627,0.47937232,0.7504669,0.8044604
2.0,0.30589953,-0.24439651,-0.31701493,0.59509933,-0.18838696,-0.3781638,-0.42730278,-0.52965397,-0.017324489,0.54195106,0.004012212,-0.21238112,-0.23293622,-0.29589316,0.17188436,-0.06954036,0.19198002,0.6814394,-0.30008286,-0.16545343,0.6680224,0.7910757,0.71316034,0.5160883,0.7885018,0.737211,0.6165343,0.56511956,0.82873166,0.5568729,0.81007516,0.7728323,0.8455954,0.78914994,0.81674004,0.82435316,0.82169706,0.4842318,0.75481826,0.80577266
2.0,0.30720967,-0.24397802,-0.31617808,0.5925409,-0.1891385,-0.37653103,-0.42410564,-0.5266535,-0.017409544,0.54261535,0.0043239854,-0.2120489,-0.2300661,-0.29463395,0.17235312,-0.06795163,0.19169791,0.68217456,-0.2972421,-0.16674107,0.66913456,0.79227865,0.7148928,0.51800275,0.78821015,0.73971486,0.6172439,0.567745,0.8295946,0.5580881,0.8123991,0.7734071,0.84626997,0.7889964,0.82004553,0.82348,0.82343256,0.48596892,0.7567491,0.805971
3.0,0.30424905,-0.24810037,-0.32052043,0.6080425,-0.1902863,-0.38937372,-0.44204226,-0.54480326,-0.020645823,0.5474612,0.0053046755,-0.21688434,-0.2433968,-0.3012138,0.17117888,-0.07200535,0.19576724,0.68807256,-0.31206584,-0.16551507,0.65868616,0.78483236,0.7048108,0.506641,0.78889996,0.7270186,0.609439,0.553627,0.82296735,0.54818577,0.8010989,0.7665199,0.8413495,0.7856461,0.8050264,0.82275236,0.8138555,0.47409412,0.7458589,0.802875
2.0,0.30590993,-0.24454072,-0.31679863,0.595337,-0.18948899,-0.3791224,-0.42786822,-0.5303798,-0.017947111,0.5427463,0.004300978,-0.21316637,-0.23291011,-0.2959518,0.17175719,-0.06882593,0.19216661,0.6825815,-0.30044186,-0.16608943,0.6669384,0.79081947,0.712608,0.5156372,0.78873605,0.7370105,0.61574715,0.5646966,0.8279728,0.55613977,0.80986434,0.77206564,0.8453324,0.78870153,0.816449,0.8237051,0.82123256,0.48351187,0.75427467,0.80552036
2.0,0.30692267,-0.24510941,-0.31670427,0.5955916,-0.19037293,-0.37950957,-0.42748517,-0.53025854,-0.01859853,0.54458266,0.0046977736,-0.21341676,-0.23235305,-0.29567647,0.17223608,-0.06825674,0.19270717,0.6845271,-0.30002254,-0.16723673,0.6665069,0.79074997,0.7128622,0.5157902,0.7885854,0.7375055,0.6152515,0.5651132,0.82790947,0.55577356,0.8104235,0.7715445,0.84511954,0.78801703,0.8176294,0.8227299,0.821691,0.48345244,0.7546173,0.8051622
3.0,0.30429593,-0.24703383,-0.3198691,0.6050117,-0.18914874,-0.38641807,-0.4387265,-0.5412464,-0.019455109,0.5453229,0.0048129484,-0.21553238,-0.24126555,-0.3001521,0.17121755,-0.07184385,0.19471385,0.68555665,-0.30940938,-0.1648978,0.66123015,0.7863382,0.7067432,0.50880885,0.78872883,0.72917485,0.61142844,0.55614656,0.8245283,0.55046755,0.802964,0.76835793,0.842462,0.7868047,0.80730605,0.8236686,0.815554,0.47656187,0.7479011,0.80372804
3.0,0.30594444,-0.24491584,-0.3171654,0.5965158,-0.18954185,-0.38000533,-0.42904118,-0.5316078,-0.018187176,0.5433704,0.0044516064,-0.21347314,-0.23375215,-0.29642785,0.17180216,-0.0690561,0.19255783,0.6832787,-0.30137008,-0.16615674,0.66620487,0.79029375,0.71198124,0.51486087,0.7886531,0.7361786,0.61516887,0.5637744,0.8275829,0.5554288,0.8091632,0.7715585,0.84496427,0.7883418,0.81559384,0.823532,0.8206572,0.4826943,0.7536072,0.8052466
2.0,0.30775517,-0.24171752,-0.31409526,0.5850762,-0.18838005,-0.37045714,-0.41606137,-0.5182747,-0.015839573,0.5392111,0.0034140907,-0.20966351,-0.22435965,-0.29143065,0.17248611,-0.06662754,0.18939678,0.67811465,-0.29085255,-0.16661781,0.67442244,0.79574805,0.7194728,0.5233556,0.78833854,0.7454093,0.62120825,0.5742004,0.83270025,0.562959,0.81736565,0.7769127,0.8487521,0.7910562,0.8263725,0.8243773,0.82770544,0.4916761,0.76159567,0.8076528
2.0,0.30621743,-0.24503323,-0.3170991,0.5964149,-0.18972701,-0.37993887,-0.42873496,-0.5313592,-0.018311832,0.5437671,0.0045288987,-0.21344703,-0.23349328,-0.29627168,0.17193832,-0.0689218,0.19265585,0.68366694,-0.30110323,-0.16642177,0.66625524,0.7903619,0.7121785,0.51504546,0.78861505,0.73645294,0.6151558,0.5640504,0.8276676,0.55546516,0.80943453,0.77152556,0.8449622,0.7882325,0.81608146,0.82332027,0.8208977,0.48283795,0.7538366,0.80519605
2.0,0.30622795,-0.24573937,-0.31736726,0.5981453,-0.19065523,-0.38175422,-0.4306071,-0.5334133,-0.019139882,0.5452178,0.0048470534,-0.21433389,-0.23464058,-0.29681665,0.17192298,-0.06889188,0.19331239,0.6853943,-0.30260175,-0.16695318,0.66462386,0.78948486,0.71103716,0.51379776,0.78879535,0.7352884,0.61389387,0.56262046,0.82665074,0.55405205,0.80841696,0.7703355,0.84427786,0.7875151,0.8148886,0.8226665,0.8199404,0.48136064,0.7526515,0.80466837
3.0,0.30793828,-0.242603,-0.3145024,0.58704394,-0.18899484,-0.3720908,-0.41785675,-0.52024645,-0.016544785,0.5407844,0.003674131,-0.21028876,-0.2256582,-0.2920044,0.1726384,-0.066923566,0.19018166,0.679831,-0.2923227,-0.16705422,0.6730284,0.79485023,0.71849483,0.52217245,0.7884082,0.7442485,0.62008625,0.5728233,0.8319322,0.56164443,0.81637937,0.7758636,0.84804386,0.79038185,0.8253751,0.8238387,0.8269384,0.49033424,0.76059103,0.8071112
3.0,0.3062648,-0.2449244,-0.3169669,0.5959098,-0.18956977,-0.37940273,-0.4280877,-0.53067416,-0.0181549,0.5435055,0.004407916,-0.21316205,-0.233133,-0.29601035,0.17198667,-0.06898087,0.19250132,0.6832987,-0.3006214,-0.16634603,0.6667696,0.7906223,0.7125867,0.5154908,0.7886284,0.73689383,0.6155295,0.5645683,0.8279881,0.55589,0.8098195,0.7718533,0.8451478,0.78844315,0.8166225,0.8234648,0.8213004,0.48334378,0.7542667,0.80533516
2.0,0.30686003,-0.2424179,-0.31517717,0.5883874,-0.18788621,-0.37279698,-0.41990495,-0.5220829,-0.015979674,0.5394783,0.0035064109,-0.21040255,-0.2274016,-0.29309002,0.17217818,-0.06784121,0.19008406,0.67851865,-0.29401517,-0.16578628,0.672506,0.7942215,0.71731925,0.520868,0.7883262,0.7424699,0.61987984,0.57101953,0.83147746,0.5611028,0.8147343,0.7757972,0.84776425,0.7906504,0.82275283,0.8247553,0.8255682,0.48924258,0.7592639,0.8071518
2.0,0.307268,-0.24465099,-0.3161732,0.59361804,-0.190056,-0.3776836,-0.42507336,-0.5277697,-0.018147502,0.54386985,0.004433293,-0.21257502,-0.23076744,-0.29472417,0.17242414,-0.06805933,0.19218467,0.6835401,-0.29812574,-0.16723801,0.66815424,0.7917292,0.71431863,0.5173993,0.78855526,0.73920816,0.61644065,0.5670571,0.82895833,0.55720717,0.81193465,0.7725923,0.84579,0.7885867,0.8197129,0.8229773,0.8230993,0.48518932,0.75616974,0.8056057
3.0,0.3029404,-0.24781764,-0.32128528,0.60966843,-0.18931998,-0.39053386,-0.44479308,-0.54725516,-0.020278323,0.54597414,0.0049964637,-0.21723612,-0.24560504,-0.30243212,0.17052174,-0.07294903,0.1956972,0.6866201,-0.31439924,-0.16419952,0.6578716,0.78397983,0.703273,0.505031,0.78899515,0.72484535,0.60899955,0.5514006,0.8222957,0.5473625,0.7990824,0.766297,0.8410711,0.7858516,0.8017659,0.82364047,0.81209075,0.47264403,0.74410844,0.80287856
2.0,0.30643517,-0.24280828,-0.31576222,0.59035814,-0.18801798,-0.37455544,-0.42237318,-0.5245936,-0.016312528,0.5399667,0.0037616752,-0.21119605,-0.22905259,-0.29412708,0.17194858,-0.068082824,0.1905766,0.6792792,-0.29593658,-0.16563028,0.6708959,0.79325557,0.71582687,0.5192117,0.7882995,0.7406928,0.61874366,0.56899923,0.83046216,0.5597063,0.8131456,0.7748219,0.84711987,0.79014826,0.82051855,0.8246377,0.8240731,0.4874799,0.7576685,0.8067485
3.0,0.3064502,-0.2449955,-0.31695735,0.59600174,-0.18980919,-0.3796024,-0.42814678,-0.53079695,-0.018299352,0.5438853,0.0045378953,-0.21332805,-0.23303227,-0.2960328,0.17205057,-0.06874531,0.19260897,0.6837584,-0.30061108,-0.16661468,0.666523,0.7905685,0.7125212,0.5154098,0.7885818,0.7368973,0.6153272,0.5645334,0.8278663,0.5557165,0.809847,0.77166474,0.8450776,0.7882412,0.8167,0.8232123,0.82126456,0.48319468,0.75421447,0.8052377
3.0,0.30570364,-0.24443573,-0.31708086,0.5956578,-0.18888262,-0.3790848,-0.42829043,-0.53070974,-0.017642673,0.54224557,0.0042234547,-0.21301515,-0.23334534,-0.29626307,0.1716837,-0.069178924,0.19212355,0.68201613,-0.3007843,-0.16564369,0.66704464,0.79071295,0.71243113,0.515381,0.7885804,0.73657876,0.6158619,0.5643149,0.82806206,0.5561604,0.8094883,0.7722295,0.84533805,0.7888213,0.81582594,0.82406116,0.82095957,0.4833712,0.75405353,0.8055766
2.0,0.30500984,-0.24608189,-0.31850988,0.60100514,-0.18947197,-0.38343897,-0.43414915,-0.53670967,-0.018893328,0.5444488,0.0046099834,-0.2146062,-0.23773958,-0.29835486,0.1714859,-0.07054865,0.19367997,0.6845337,-0.30563986,-0.16551217,0.6635173,0.78818774,0.7091889,0.51166224,0.78880066,0.73248684,0.6131631,0.5597366,0.825892,0.55277586,0.805876,0.76981694,0.8436031,0.7875599,0.811229,0.8236012,0.8179868,0.47944546,0.7505742,0.8044388
2.0,0.30668065,-0.2444315,-0.3163312,0.59388345,-0.18968078,-0.37788072,-0.42577833,-0.5283612,-0.017907124,0.54307276,0.0043038167,-0.21265207,-0.23135374,-0.29507995,0.17212981,-0.06834018,0.19200684,0.68276966,-0.29872316,-0.16666993,0.6679963,0.791564,0.7138636,0.5169661,0.7886227,0.7385935,0.61642736,0.56642425,0.828749,0.5570827,0.811328,0.7726233,0.8457638,0.78880024,0.8186475,0.82340986,0.82254475,0.48483324,0.75564873,0.8056953
3.0,0.30340064,-0.24793938,-0.32101482,0.6088648,-0.18920153,-0.38951874,-0.44331744,-0.5457832,-0.020157833,0.5461657,0.0048897564,-0.21661697,-0.2447777,-0.30179852,0.17086592,-0.073075965,0.1956337,0.686569,-0.3132754,-0.16437042,0.6588442,0.78447527,0.70422894,0.5059901,0.78894645,0.72591144,0.60963315,0.5525868,0.8229852,0.548121,0.8000502,0.76680726,0.8413281,0.7861011,0.80334836,0.82368743,0.8131473,0.47367847,0.74514747,0.80303717
1.0,0.3047109,-0.24653777,-0.31924605,0.60287815,-0.18892014,-0.38451377,-0.43611816,-0.53860223,-0.01895662,0.5446588,0.0046053566,-0.2147417,-0.23944275,-0.2991802,0.17143793,-0.071455374,0.19414462,0.6846801,-0.30730397,-0.16501585,0.6628224,0.78738993,0.708239,0.510469,0.7886716,0.73099464,0.61261284,0.55818653,0.8255353,0.55193096,0.8045791,0.76938784,0.84314305,0.787351,0.8095193,0.823856,0.8170271,0.47833294,0.7495169,0.8041787
1.0,0.30477098,-0.2473326,-0.31972662,0.60493654,-0.18952577,-0.3863366,-0.43820032,-0.54083055,-0.019706484,0.5461314,0.004908979,-0.21548073,-0.24087442,-0.29984838,0.17149508,-0.0717172,0.19489934,0.6863344,-0.30898976,-0.16538666,0.6613019,0.7864174,0.7070816,0.509116,0.788728,0.7296368,0.6113914,0.5566094,0.8246517,0.5505074,0.8034171,0.76825833,0.84241843,0.7866227,0.8081835,0.82330966,0.81603366,0.4768116,0.7482944,0.80362254
1.0,0.30439228,-0.24887225,-0.32113904,0.61008024,-0.19042061,-0.39083079,-0.44392398,-0.54675984,-0.021169368,0.54872566,0.005518932,-0.21729593,-0.24484907,-0.3018713,0.17133209,-0.07255174,0.19650294,0.6893761,-0.31361604,-0.16567421,0.65759736,0.78394264,0.7038798,0.5054498,0.7888052,0.7257336,0.6085035,0.5522148,0.82241935,0.54703355,0.80002654,0.76567656,0.840721,0.7850436,0.8038439,0.8224229,0.8130553,0.47283828,0.7448566,0.8023927
1.0,0.30570945,-0.2452352,-0.3174647,0.597573,-0.1894928,-0.3807404,-0.4301737,-0.5327295,-0.01833627,0.5436143,0.0044320635,-0.2136615,-0.23472284,-0.29683042,0.17175272,-0.069528595,0.19281791,0.6835139,-0.30235767,-0.16596034,0.6656755,0.78980994,0.71138895,0.5141716,0.7887298,0.735352,0.6147652,0.5628827,0.82724404,0.5548648,0.8084209,0.7712006,0.84464675,0.7882194,0.814651,0.82360584,0.8201195,0.48201656,0.752961,0.80507284
3.0,0.30414188,-0.24735972,-0.32025486,0.60630804,-0.18920393,-0.38744396,-0.44018105,-0.5427146,-0.019695159,0.54578304,0.0048926584,-0.21591334,-0.24233188,-0.30070314,0.17117769,-0.072160274,0.19506119,0.68608844,-0.31060505,-0.16484502,0.6604026,0.7857236,0.7059448,0.50788534,0.78874063,0.72813827,0.6107933,0.55501574,0.82402545,0.54967034,0.802057,0.7678071,0.8420668,0.7864844,0.80611306,0.82357424,0.81481326,0.47560406,0.74703515,0.8034597
1.0,0.30424294,-0.24747789,-0.3202777,0.606518,-0.18949682,-0.38780656,-0.4404222,-0.54303163,-0.01992431,0.5461831,0.005056899,-0.21614407,-0.24236597,-0.30076918,0.17117473,-0.071955316,0.19520901,0.68659294,-0.31074345,-0.16507545,0.66003567,0.7856051,0.7057711,0.50769985,0.7887217,0.72803175,0.61050403,0.55484134,0.8238165,0.5493847,0.8019793,0.76753336,0.8419462,0.7862643,0.80603945,0.8233119,0.81464005,0.47533196,0.74686635,0.8033358
1.0,0.3055443,-0.24584216,-0.31819624,0.5996609,-0.18917333,-0.3820522,-0.43226713,-0.53481686,-0.018543009,0.5442373,0.004517015,-0.21393947,-0.2364553,-0.29768768,0.17177981,-0.07034341,0.19340925,0.6841208,-0.3041004,-0.16567568,0.6647317,0.7889096,0.71034944,0.51286143,0.7886084,0.73379827,0.61401194,0.5612353,0.82675123,0.5538199,0.8070855,0.77056754,0.8440665,0.78784317,0.8129763,0.8236601,0.81913316,0.48073986,0.7518265,0.804704
1.0,0.3045225,-0.24697,-0.31965578,0.60430264,-0.18902084,-0.38565192,-0.43768603,-0.54018945,-0.019289423,0.5452066,0.0047013164,-0.2151287,-0.24063511,-0.29973084,0.1713779,-0.0718593,0.19456185,0.685295,-0.30860907,-0.16494638,0.661935,0.7867227,0.7073922,0.509492,0.78871226,0.7299053,0.6119224,0.556976,0.82499814,0.55105376,0.803621,0.7687762,0.8427008,0.78702813,0.80829144,0.8237574,0.81623363,0.477308,0.74860084,0.80388665
1.0,0.30488786,-0.24789357,-0.32018638,0.60660493,-0.18993594,-0.3878285,-0.43993592,-0.54269475,-0.020258855,0.54730475,0.005232867,-0.21612513,-0.24197198,-0.30048776,0.17153907,-0.071789086,0.1955141,0.68770057,-0.3103286,-0.1657125,0.6600099,0.78563064,0.7061033,0.50795686,0.78864986,0.7284822,0.61036295,0.55528164,0.82392925,0.5493264,0.80244803,0.76733345,0.8418404,0.78595114,0.80701315,0.8228166,0.81513786,0.4755099,0.7472615,0.8031549
1.0,0.30459148,-0.2467744,-0.31928653,0.6035525,-0.18950622,-0.38543472,-0.43701917,-0.53959334,-0.019384798,0.54522437,0.004758768,-0.21527696,-0.23992802,-0.29941714,0.17133391,-0.071307234,0.19437374,0.6854305,-0.3080178,-0.16526711,0.66195834,0.7869955,0.70763206,0.5098669,0.788841,0.7304513,0.61197376,0.557496,0.82494175,0.5512367,0.80408067,0.76878077,0.8428346,0.78703004,0.8088643,0.82352656,0.81649077,0.4775931,0.7488834,0.8039482
2.0,0.303671,-0.2471548,-0.32052538,0.60669076,-0.18871208,-0.3876578,-0.44098097,-0.54338795,-0.019451048,0.54505,0.0047860965,-0.2159456,-0.24298386,-0.3011181,0.17092872,-0.07246032,0.19496898,0.6853518,-0.3112681,-0.16429573,0.6602709,0.7855232,0.70550084,0.50742346,0.7887071,0.72746867,0.6107673,0.5543494,0.8238928,0.54952246,0.80143267,0.7678632,0.8420444,0.7866287,0.8050337,0.82396704,0.81423455,0.4752175,0.7465213,0.80352116
1.0,0.3034573,-0.24870276,-0.32163635,0.61118734,-0.1898817,-0.39172605,-0.44584948,-0.5484941,-0.02102508,0.54775447,0.0053348355,-0.21759741,-0.24636884,-0.3026771,0.1708349,-0.073158845,0.1964712,0.6884594,-0.3152477,-0.16481477,0.65696037,0.7833478,0.7027863,0.50432736,0.7889128,0.7242548,0.6081435,0.5506673,0.82189256,0.5464104,0.79864484,0.76545614,0.84052175,0.7851641,0.8015987,0.8229851,0.8117988,0.4717984,0.7436151,0.80238503
1.0,0.30363676,-0.24801344,-0.32111973,0.6091549,-0.18939988,-0.38988388,-0.4436007,-0.5461584,-0.020308565,0.54664516,0.0051122904,-0.21687701,-0.24477129,-0.30197337,0.17092942,-0.07277132,0.19581,0.68717766,-0.31339133,-0.16465901,0.6584239,0.78433365,0.7040313,0.5057362,0.78879875,0.72573936,0.60929924,0.55236644,0.82279,0.5478029,0.7999407,0.76651686,0.8411918,0.78577656,0.80323035,0.823362,0.81294274,0.47334197,0.74495745,0.80287266
1.0,0.30391285,-0.24658027,-0.31982902,0.6044158,-0.18853171,-0.3857453,-0.4383683,-0.5407255,-0.018940512,0.5441668,0.0045515075,-0.21519342,-0.24114947,-0.30012572,0.17104179,-0.07204128,0.19431026,0.68428314,-0.3091675,-0.16432276,0.6618476,0.7866108,0.70695317,0.50909156,0.7887312,0.72929347,0.6119759,0.5563743,0.82483435,0.5510088,0.8030226,0.76891005,0.84275156,0.78726685,0.8071457,0.824229,0.81563765,0.47698966,0.7480893,0.8040221
1.0,0.3066875,-0.24320272,-0.31559557,0.590603,-0.18873739,-0.3749693,-0.4223902,-0.52473366,-0.01680855,0.5408882,0.0038353056,-0.21142586,-0.22903366,-0.29391795,0.1720901,-0.067963675,0.19083853,0.6802466,-0.29600352,-0.16614896,0.67053235,0.7931198,0.7158072,0.51920974,0.78851557,0.7408423,0.61839604,0.56906265,0.83024424,0.5593911,0.81327945,0.77443075,0.8469347,0.7899023,0.8209505,0.8241957,0.8242319,0.48734698,0.75768304,0.80655783
2.0,0.30647668,-0.24361092,-0.31614715,0.59242135,-0.18891123,-0.37658116,-0.42456585,-0.52698237,-0.017154347,0.5415712,0.0041388087,-0.21215151,-0.23043911,-0.29484326,0.17196983,-0.068100125,0.19135885,0.6811703,-0.29766798,-0.16614935,0.6690581,0.7922427,0.7145139,0.5177399,0.78841925,0.7392922,0.6173236,0.5673031,0.8293538,0.5580985,0.8119253,0.773511,0.8463257,0.78933764,0.81909096,0.82395047,0.82294875,0.48576117,0.7563101,0.8061426
2.0,0.30461162,-0.24686423,-0.319718,0.6042145,-0.18889575,-0.38557512,-0.43762538,-0.5401338,-0.019205716,0.5451373,0.004779309,-0.2151276,-0.24049918,-0.29980084,0.17137814,-0.07170295,0.19455118,0.6852677,-0.30848247,-0.16495937,0.66194963,0.78677464,0.7074171,0.5094958,0.78856033,0.7299286,0.6119402,0.5570074,0.82505155,0.5510921,0.80366224,0.76882017,0.8427476,0.78697395,0.80829453,0.8237298,0.8161906,0.4773108,0.7486293,0.8038935
1.0,0.3057847,-0.24557108,-0.31804568,0.59875506,-0.18889962,-0.38120773,-0.43118584,-0.53371274,-0.018278997,0.5438858,0.0045067146,-0.21356608,-0.23565365,-0.29735562,0.17186183,-0.07012226,0.19319518,0.6836939,-0.30316764,-0.16568428,0.6654433,0.78937757,0.710994,0.5135427,0.7884245,0.7345435,0.6145347,0.56208307,0.8272544,0.5544588,0.8077712,0.77105296,0.8443907,0.7880301,0.8138704,0.82374173,0.8196812,0.48147213,0.7525182,0.8048985
2.0,0.3043372,-0.24756062,-0.32014748,0.60630304,-0.1895109,-0.387494,-0.4399668,-0.5425656,-0.019903746,0.5462544,0.004939258,-0.21593541,-0.24217783,-0.30052173,0.17129248,-0.07210614,0.19517152,0.686557,-0.31045228,-0.1651175,0.6603684,0.78573513,0.70607436,0.50801575,0.7888072,0.72836,0.61072147,0.5552158,0.82402265,0.5496321,0.8022648,0.76769286,0.84201545,0.7863898,0.8065425,0.8233659,0.8150315,0.47568792,0.7471913,0.8033924
2.0,0.30423415,-0.24685764,-0.31959385,0.6044437,-0.18938835,-0.386167,-0.4382405,-0.5407714,-0.019437764,0.54513496,0.00475879,-0.21556143,-0.24083306,-0.2999163,0.17116007,-0.07158919,0.19450997,0.68540543,-0.30902326,-0.16499111,0.6613652,0.78654754,0.70693266,0.50910693,0.7888746,0.7295426,0.6115674,0.55651873,0.8245329,0.55068284,0.8032576,0.7684549,0.84258896,0.7869186,0.80764604,0.8236431,0.815765,0.47683606,0.74811274,0.80382437
2.0,0.30577326,-0.24417865,-0.31673795,0.59471476,-0.18912107,-0.37857598,-0.42738768,-0.5298181,-0.017629128,0.54202247,0.0042211115,-0.21294749,-0.23255296,-0.2958643,0.17164227,-0.06874778,0.19188021,0.6818321,-0.30002087,-0.1658208,0.6673912,0.79110837,0.7128618,0.5159476,0.7886471,0.73728263,0.61614,0.5650358,0.82823175,0.5565735,0.810091,0.7724531,0.84559053,0.7889566,0.81657296,0.8239797,0.821355,0.4838938,0.7545271,0.8057277
2.0,0.30714133,-0.24279642,-0.31534263,0.5890073,-0.18807644,-0.37324575,-0.42029184,-0.52255875,-0.016267318,0.54023606,0.003659863,-0.21051638,-0.22768451,-0.2931985,0.172333,-0.06791432,0.19043522,0.67929244,-0.294313,-0.16605793,0.6721599,0.793979,0.7171687,0.5206127,0.7882466,0.7422625,0.61954963,0.5707574,0.831366,0.56072825,0.8145986,0.77548295,0.8475494,0.7903542,0.8227611,0.82447135,0.82548046,0.4889247,0.7591237,0.80694544
3.0,0.3050981,-0.24565929,-0.31835675,0.59969234,-0.18852426,-0.3817922,-0.43248957,-0.53488404,-0.018190991,0.54334563,0.004286956,-0.21364939,-0.236874,-0.2978364,0.17159934,-0.070859864,0.19321792,0.68309003,-0.30437058,-0.16502109,0.6651015,0.78891945,0.7102931,0.51280516,0.7886164,0.73351806,0.61434376,0.56102335,0.8269282,0.55405,0.8067993,0.7709148,0.84417427,0.7882149,0.8124269,0.82422847,0.8189648,0.48083004,0.75172305,0.80488586
1.0,0.30565655,-0.24690256,-0.31890965,0.6025195,-0.18995969,-0.38460198,-0.43520108,-0.5379669,-0.01954725,0.5462534,0.005013138,-0.2149987,-0.23840676,-0.29869637,0.17184259,-0.07060184,0.19447325,0.6864306,-0.3064214,-0.1661922,0.6625527,0.78756386,0.70870084,0.5109274,0.7885939,0.7318711,0.61228,0.55899084,0.8255054,0.55180836,0.8054457,0.768987,0.84305704,0.7867876,0.8110488,0.82287693,0.81766194,0.47855812,0.75009215,0.80392265
2.0,0.30450615,-0.24713859,-0.31974405,0.6048919,-0.18939158,-0.38635427,-0.4384141,-0.5409907,-0.019565482,0.5456857,0.004842583,-0.21553467,-0.24101354,-0.29997706,0.17134695,-0.07172993,0.19475944,0.68591255,-0.3091638,-0.16515741,0.66126186,0.78639996,0.70691645,0.50898796,0.7887685,0.72943753,0.6114183,0.55641174,0.8245628,0.55050826,0.8032099,0.76831216,0.8424523,0.7867296,0.8077546,0.8234853,0.81581414,0.47670853,0.74810374,0.8036883
1.0,0.3047811,-0.24727136,-0.31972706,0.6049522,-0.18965685,-0.38650745,-0.4383375,-0.54100156,-0.0197577,0.5461939,0.0050035194,-0.21565664,-0.24082933,-0.29993364,0.17145038,-0.07149275,0.19490726,0.68649143,-0.30903953,-0.16548806,0.6610719,0.78637904,0.706946,0.5089907,0.7886972,0.729553,0.6112383,0.5564911,0.82450217,0.5503692,0.8033467,0.76812917,0.8423852,0.78650737,0.8080322,0.8231842,0.8158732,0.4766386,0.7481575,0.80357856
2.0,0.30658802,-0.24455774,-0.3165628,0.5945091,-0.18958494,-0.37833196,-0.42649212,-0.52907777,-0.017949078,0.54319334,0.0043678954,-0.21280198,-0.23187788,-0.29540357,0.17209533,-0.06850453,0.19216414,0.6829262,-0.29928482,-0.16656774,0.6676213,0.79128146,0.7134717,0.51649815,0.78856295,0.7380566,0.6161545,0.5658441,0.8285341,0.55672044,0.81086195,0.77240056,0.8455818,0.7886666,0.818006,0.8234214,0.82214135,0.4843633,0.75522465,0.8055826
3.0,0.30522212,-0.2472145,-0.3193221,0.6039194,-0.18996371,-0.38575804,-0.4369303,-0.53967094,-0.019796368,0.54643977,0.0050336905,-0.21541204,-0.2397377,-0.29932112,0.17164622,-0.07107636,0.1947773,0.6867025,-0.30787575,-0.16592114,0.66164976,0.7868805,0.70772874,0.5098584,0.78870016,0.7306333,0.6116254,0.5576258,0.82490027,0.55093896,0.8043241,0.7684158,0.842644,0.7865801,0.8094916,0.82294965,0.8167061,0.47746944,0.7490275,0.8036916
1.0,0.3044167,-0.24675566,-0.31949353,0.6038831,-0.18911421,-0.38548118,-0.4374237,-0.5399208,-0.01921552,0.54492027,0.0046745725,-0.21517654,-0.24035348,-0.2996386,0.1712881,-0.07163612,0.19437914,0.685056,-0.30837804,-0.16494152,0.66200083,0.7868698,0.7074632,0.50964355,0.78878105,0.7300881,0.6120178,0.55716205,0.8249753,0.5511989,0.80375636,0.76886195,0.84280515,0.78711826,0.80837065,0.82378167,0.816279,0.47744572,0.748679,0.8039709
2.0,0.304067,-0.24594969,-0.3190872,0.60210294,-0.18846941,-0.3839321,-0.4358425,-0.53815186,-0.018474724,0.5432284,0.0043129288,-0.21454816,-0.23932166,-0.2991406,0.17108504,-0.07153774,0.19360767,0.6832031,-0.30713886,-0.16436659,0.6633144,0.78767824,0.7083169,0.5107062,0.78882277,0.7310705,0.61312044,0.5583341,0.8256671,0.55243564,0.80455714,0.76989496,0.8434547,0.7878947,0.8091302,0.8244617,0.81694937,0.4786867,0.7495601,0.8045225
2.0,0.30410165,-0.2460571,-0.31918073,0.6024535,-0.18858182,-0.38427073,-0.43622202,-0.53856534,-0.0185971,0.54349387,0.004398279,-0.21471514,-0.23953702,-0.29928917,0.17109306,-0.07150706,0.19373976,0.68352616,-0.30741924,-0.16445862,0.6630016,0.78750855,0.7080919,0.510444,0.7887998,0.7308203,0.61287665,0.5580409,0.8254912,0.55216455,0.80434674,0.7696776,0.8433277,0.78773135,0.8088701,0.82433325,0.8167406,0.4783847,0.7493249,0.80441517
1.0,0.30450413,-0.24725044,-0.31984216,0.60524446,-0.1894584,-0.38666037,-0.4387915,-0.5413863,-0.01967014,0.54589105,0.0048920214,-0.21566123,-0.24126749,-0.30011415,0.17134443,-0.071771726,0.19487743,0.68615466,-0.309462,-0.16519776,0.66100323,0.7862326,0.706705,0.50874066,0.7887626,0.7291822,0.6112153,0.5561211,0.8244145,0.55026865,0.80299115,0.76812994,0.8423364,0.78660876,0.8074817,0.82340974,0.81561935,0.4764386,0.74787796,0.8035992
1.0,0.30453455,-0.24743441,-0.32000664,0.60570145,-0.18943562,-0.38696492,-0.43920463,-0.5418113,-0.01978774,0.5461445,0.0049497224,-0.21571605,-0.24160497,-0.3002617,0.17136762,-0.07192558,0.19505636,0.68640995,-0.3097992,-0.1651997,0.66079545,0.7860446,0.7065158,0.50848687,0.7887149,0.7289037,0.6110304,0.555812,0.8243276,0.5500277,0.8027618,0.76796633,0.84220785,0.7864897,0.80722934,0.82336116,0.81543356,0.47617403,0.7476729,0.80350053
2.0,0.30582008,-0.24661648,-0.31856447,0.6013754,-0.18985416,-0.38360748,-0.43385452,-0.5365885,-0.019284409,0.54583687,0.004872769,-0.2145946,-0.23747472,-0.29817826,0.17192934,-0.07040913,0.19414736,0.68590057,-0.30534858,-0.1662241,0.66339195,0.7881143,0.7094691,0.5117981,0.78860396,0.73281395,0.612909,0.56005025,0.82601887,0.552582,0.8062733,0.76953536,0.84342426,0.7871026,0.8121664,0.8230003,0.8184186,0.47948837,0.75091857,0.8041727
2.0,0.3045234,-0.24627796,-0.31913826,0.6025447,-0.18900844,-0.38449508,-0.43608108,-0.5385559,-0.018899795,0.5442936,0.0046250634,-0.21489106,-0.23926069,-0.2991991,0.17126486,-0.07116892,0.19396739,0.684422,-0.3072216,-0.16496848,0.6627291,0.7874784,0.7081542,0.5104675,0.78871435,0.731019,0.61261,0.55818486,0.82540715,0.551961,0.80457056,0.7693995,0.84322405,0.78740275,0.8093348,0.823877,0.81686676,0.47829896,0.74942595,0.804248
2.0,0.30372223,-0.24766052,-0.32066742,0.60771674,-0.1892789,-0.3886752,-0.44197053,-0.5444849,-0.01999076,0.5460192,0.004937645,-0.21638528,-0.2436622,-0.30133638,0.17097005,-0.07256447,0.1953827,0.6864268,-0.31209904,-0.16462314,0.6594328,0.7850198,0.7049364,0.50678766,0.7888506,0.72688025,0.610081,0.55362445,0.82337826,0.5487487,0.80092263,0.76719093,0.8416427,0.7862284,0.8045269,0.8235806,0.8138136,0.47446388,0.74593216,0.8032079
2.0,0.30394173,-0.24748385,-0.32036752,0.6069621,-0.18958046,-0.38829488,-0.4411509,-0.543739,-0.019998144,0.54608047,0.005018063,-0.21640202,-0.24287184,-0.30102438,0.17101641,-0.072057486,0.19522487,0.68656373,-0.31136358,-0.16494575,0.65961164,0.78534055,0.7053097,0.5072477,0.7888517,0.7275031,0.61023104,0.55425733,0.8234785,0.54903436,0.8014805,0.7672955,0.8418075,0.78621846,0.8052686,0.82336545,0.81419003,0.47486567,0.7463593,0.8032746
2.0,0.30541655,-0.24574637,-0.3181194,0.599588,-0.18948257,-0.3823442,-0.4324732,-0.5350585,-0.018697124,0.5442255,0.004630413,-0.2142347,-0.23640235,-0.29774582,0.17161974,-0.070014134,0.1933818,0.6842702,-0.30420333,-0.16578412,0.6643648,0.788872,0.71011776,0.5126962,0.78866905,0.7337092,0.6137817,0.5610621,0.8264679,0.5536086,0.8069828,0.77035576,0.8440337,0.78774625,0.8127237,0.82351184,0.8188524,0.4804822,0.7515888,0.8046719
2.0,0.30723295,-0.24464098,-0.316315,0.5939706,-0.19010422,-0.3780971,-0.42561686,-0.5283374,-0.018202666,0.5439734,0.00457827,-0.2128361,-0.23099594,-0.29500908,0.17235708,-0.06789695,0.19227608,0.6837725,-0.29847676,-0.16728084,0.6677079,0.7915417,0.7139511,0.51699716,0.7884565,0.7388177,0.61613476,0.56660104,0.8286905,0.556868,0.8116005,0.7723439,0.84566826,0.7883918,0.8191766,0.8228647,0.8226916,0.48473796,0.75578207,0.8055073
3.0,0.3062177,-0.24399278,-0.3164674,0.5936061,-0.18890499,-0.37743297,-0.4258212,-0.5282402,-0.017366465,0.54188013,0.004121296,-0.21238615,-0.23150836,-0.2952785,0.1718975,-0.06861101,0.1916597,0.6814996,-0.2987615,-0.16596699,0.66842633,0.7916996,0.7138444,0.5169662,0.7885208,0.73838586,0.6168493,0.5663061,0.8289546,0.5574465,0.81110734,0.7730776,0.8459713,0.789192,0.8180589,0.82401615,0.8223421,0.48499262,0.7555824,0.8059426
2.0,0.30429447,-0.24586928,-0.318938,0.6018626,-0.18896611,-0.384138,-0.43569663,-0.5381248,-0.018675167,0.54362273,0.0045536347,-0.21489793,-0.23886098,-0.29910433,0.17108737,-0.070885934,0.19363068,0.68380654,-0.30688024,-0.16482282,0.6629245,0.7877281,0.7082656,0.5106994,0.78877723,0.731252,0.6128441,0.5584437,0.825433,0.5522569,0.80473715,0.7696303,0.8434315,0.7876108,0.8093407,0.8240317,0.8168924,0.47854105,0.7495393,0.8044248
2.0,0.3052237,-0.24571714,-0.31810656,0.59991896,-0.18992189,-0.38302207,-0.43318683,-0.53582597,-0.018908348,0.5443849,0.004758589,-0.21475102,-0.23665924,-0.29800203,0.17145243,-0.069693655,0.19342093,0.68464077,-0.3047226,-0.16593659,0.6636261,0.788613,0.70956546,0.51219004,0.7887892,0.73324436,0.6132893,0.5604819,0.8259222,0.5530921,0.8065483,0.7699122,0.8438473,0.78751796,0.8120123,0.82328314,0.81831396,0.47986016,0.7510127,0.8045389
3.0,0.30388296,-0.2457985,-0.31900766,0.6021862,-0.18894908,-0.38451007,-0.43637076,-0.5387442,-0.018658828,0.5432788,0.0044665188,-0.21509689,-0.23936243,-0.2993495,0.17087415,-0.07103331,0.19356911,0.6835151,-0.30746782,-0.16455773,0.662606,0.78751415,0.7078307,0.510296,0.7889263,0.73074037,0.6126701,0.5578896,0.8251371,0.55200034,0.8042387,0.76949126,0.84333867,0.78767294,0.8085236,0.82420415,0.8164369,0.47814623,0.74905515,0.80442405
2.0,0.30426908,-0.24742308,-0.31996095,0.60609955,-0.19005367,-0.38783392,-0.44007048,-0.5427565,-0.020106155,0.54637593,0.0050907806,-0.2163648,-0.241935,-0.3005329,0.17114305,-0.07155291,0.1951067,0.6868971,-0.31044817,-0.16540307,0.65988564,0.78572017,0.7058469,0.5078865,0.78891784,0.72835755,0.610417,0.5551219,0.8236409,0.5493845,0.8022433,0.7673998,0.8419704,0.7862133,0.80639386,0.8230627,0.8147913,0.47542837,0.7469725,0.80333203
2.0,0.3045598,-0.24599108,-0.31889543,0.6016074,-0.18876392,-0.38361502,-0.43502566,-0.5374408,-0.018591452,0.5437444,0.0044704266,-0.2144955,-0.23858045,-0.29881868,0.17129841,-0.07111279,0.19365458,0.6837491,-0.3063944,-0.16484377,0.6634977,0.7879361,0.7087686,0.51116383,0.78871024,0.73172504,0.6131998,0.5590028,0.82586586,0.5526486,0.80518204,0.7699299,0.84354746,0.78774065,0.81011873,0.8241051,0.817442,0.47907633,0.7500777,0.80449384
2.0,0.30625623,-0.24484953,-0.31677005,0.5955513,-0.18982391,-0.37929887,-0.4277777,-0.5303806,-0.018226009,0.54349077,0.0043930896,-0.21321726,-0.23283555,-0.29582506,0.17195353,-0.068774626,0.19240515,0.6833236,-0.3003757,-0.16647899,0.66680515,0.79074824,0.7127029,0.51568604,0.78874284,0.7371625,0.6155679,0.5648217,0.82796174,0.5559865,0.81003547,0.7718619,0.8452182,0.78848135,0.8168977,0.8233828,0.8214401,0.48349795,0.75439984,0.80537623
2.0,0.3053009,-0.2471335,-0.31944197,0.6038697,-0.18954976,-0.3854481,-0.43677467,-0.5394665,-0.019551355,0.54621667,0.0049927644,-0.2151779,-0.23970874,-0.29937062,0.17172132,-0.07121935,0.19474085,0.6863869,-0.30773687,-0.16574919,0.6619591,0.7869601,0.7078877,0.5099616,0.78853184,0.73066765,0.6118466,0.55773383,0.8251521,0.55115294,0.80437934,0.76865447,0.8427267,0.78666234,0.8095573,0.82311726,0.8168198,0.4776511,0.7491866,0.8037531
1.0,0.305901,-0.24563983,-0.31771025,0.59850794,-0.18978976,-0.38156456,-0.43103245,-0.5336898,-0.018715333,0.5444701,0.00465779,-0.21399945,-0.23525329,-0.2971309,0.1718364,-0.069537595,0.19323464,0.68447936,-0.3030042,-0.16625568,0.664959,0.7893891,0.71092,0.51358587,0.788655,0.73481417,0.61417466,0.5622355,0.8268802,0.55420035,0.80798805,0.7706582,0.8443139,0.7877946,0.8142078,0.82324606,0.81971025,0.4813321,0.75247806,0.8047851
2.0,0.30533847,-0.24563852,-0.31791472,0.599206,-0.18968256,-0.3821967,-0.43216625,-0.53475314,-0.01871274,0.5440917,0.0045775548,-0.21426237,-0.23613988,-0.2975674,0.17156723,-0.06986442,0.19324134,0.68415457,-0.3039778,-0.16583762,0.6644473,0.78900564,0.7102323,0.5128974,0.78880924,0.7339543,0.6138675,0.5613046,0.82645047,0.5537434,0.8071696,0.7704099,0.8441136,0.78784126,0.8129403,0.8235011,0.81898946,0.48066086,0.7517164,0.80473894
3.0,0.304631,-0.24662226,-0.319229,0.60321337,-0.18939707,-0.38514537,-0.43668047,-0.5392405,-0.019253153,0.5450134,0.004750259,-0.21517971,-0.23964967,-0.29933843,0.17133488,-0.07119183,0.19426142,0.6852114,-0.30771393,-0.16524222,0.6621734,0.7871576,0.7078137,0.5100705,0.78878033,0.73066926,0.6121488,0.55774844,0.82508206,0.5514533,0.8042768,0.76895136,0.84295344,0.7871046,0.80908024,0.8235758,0.81663024,0.4778154,0.74907774,0.8040261
2.0,0.30443656,-0.24587768,-0.3187363,0.6013585,-0.18899152,-0.38363445,-0.43493754,-0.5373627,-0.018635396,0.5436217,0.004455343,-0.21462704,-0.23842601,-0.29874215,0.17120123,-0.07092159,0.19353752,0.6836945,-0.306323,-0.16489619,0.6634101,0.7879933,0.70873576,0.5112105,0.788839,0.7318123,0.61317307,0.55906284,0.82573825,0.5526545,0.8052291,0.7698894,0.8435826,0.7877772,0.81011015,0.8240674,0.81741554,0.4790849,0.750047,0.8045282
2.0,0.30442148,-0.24649397,-0.31911463,0.6030544,-0.18959053,-0.38526127,-0.43676913,-0.53932726,-0.019297253,0.544808,0.0047363825,-0.215352,-0.23961829,-0.2993371,0.171179,-0.07102957,0.19414608,0.68509257,-0.30778182,-0.16522475,0.66200876,0.7871639,0.7076744,0.51001006,0.7889102,0.73062617,0.6120775,0.55766416,0.8248958,0.5513907,0.804203,0.7688788,0.8429699,0.7871435,0.8088666,0.8235761,0.81647104,0.47771832,0.7489287,0.8040583
2.0,0.30652964,-0.24479213,-0.31655782,0.59508157,-0.19019237,-0.3791556,-0.42724344,-0.5299179,-0.018363554,0.5437855,0.004514329,-0.21330436,-0.23224442,-0.29558378,0.17202789,-0.06830921,0.1923844,0.6837001,-0.2998746,-0.16687402,0.66681397,0.7909406,0.7129433,0.5159833,0.7887277,0.737627,0.6155558,0.56526786,0.82798344,0.5560871,0.81046456,0.77182776,0.8453027,0.7883587,0.8175044,0.8230749,0.8217013,0.48370567,0.7546829,0.8053668
3.0,0.3036433,-0.24840328,-0.3214524,0.6102526,-0.18952292,-0.3907587,-0.44471216,-0.5473113,-0.020637412,0.54727393,0.0052498467,-0.21716268,-0.24559106,-0.3023521,0.17094496,-0.073021665,0.19620015,0.6878606,-0.31429702,-0.16473022,0.6577527,0.78383607,0.70345545,0.5050382,0.7887681,0.7249957,0.6087443,0.55153084,0.82242465,0.54712445,0.79930943,0.7660186,0.8408491,0.7854446,0.8024768,0.8231749,0.8124075,0.47258937,0.7443363,0.8026125
1.0,0.3052554,-0.24593914,-0.3183167,0.6002144,-0.18929486,-0.38263482,-0.433075,-0.5356178,-0.018694524,0.5442552,0.0045284852,-0.21421172,-0.23703258,-0.29795703,0.17162204,-0.070472404,0.19350351,0.68422073,-0.30477715,-0.16555956,0.6642349,0.7886066,0.7098493,0.5123574,0.7887244,0.7332369,0.61367226,0.56059057,0.82638323,0.5533902,0.8065573,0.7702633,0.84387964,0.7877659,0.81220335,0.82367986,0.81863445,0.48020127,0.75128347,0.8046099
2.0,0.3054214,-0.2467928,-0.31893474,0.60255307,-0.18985054,-0.3846476,-0.43542147,-0.53813815,-0.01945291,0.54591805,0.0049388856,-0.21503198,-0.23859124,-0.2988004,0.17172259,-0.07068338,0.19437955,0.68610454,-0.30661678,-0.16598493,0.6625162,0.7875219,0.7085499,0.5108016,0.78864914,0.731679,0.6122936,0.55879563,0.8254302,0.55178833,0.8052465,0.7690157,0.8430662,0.78688675,0.8106813,0.8230401,0.8174803,0.47845984,0.7499182,0.8039698
1.0,0.3050892,-0.24607423,-0.31847015,0.60101146,-0.18979649,-0.3837277,-0.43427938,-0.5369111,-0.019079167,0.5447117,0.0047809444,-0.21487966,-0.23760892,-0.2984019,0.17144024,-0.07018333,0.1937417,0.6849475,-0.30565912,-0.16576803,0.66315216,0.78814083,0.70903176,0.51152736,0.78877807,0.73245686,0.6129022,0.55963486,0.8256652,0.5525469,0.8058595,0.7695747,0.84354395,0.7873548,0.8111666,0.8233317,0.81780887,0.4792119,0.7504253,0.80435294
2.0,0.30677348,-0.24447274,-0.3165645,0.5940702,-0.18913293,-0.3776275,-0.4257601,-0.5282956,-0.017670576,0.5429273,0.0042604357,-0.21233572,-0.23152386,-0.29518205,0.17223337,-0.06869596,0.19205697,0.6824801,-0.2987185,-0.16641921,0.6683423,0.7915688,0.71400994,0.5170036,0.7884118,0.73851395,0.6166553,0.56643146,0.829058,0.55725694,0.81129974,0.7728659,0.84579724,0.78887653,0.8186527,0.82362956,0.82263774,0.4849824,0.7557878,0.8057303
2.0,0.3046957,-0.24573275,-0.31838506,0.60043794,-0.18922316,-0.38300905,-0.43382323,-0.53629094,-0.018617865,0.5436438,0.004454121,-0.21445692,-0.23753895,-0.29826558,0.1713033,-0.07055049,0.19335698,0.6836991,-0.30540127,-0.16518012,0.6638775,0.7884171,0.7093297,0.51190007,0.78887033,0.7326573,0.6135074,0.55995476,0.82602656,0.55313885,0.8059797,0.7701488,0.84381974,0.7878798,0.81117326,0.8239287,0.8180337,0.47974786,0.75070393,0.8046519
2.0,0.3053111,-0.2461626,-0.31844854,0.6008121,-0.1895681,-0.38325346,-0.43371707,-0.5363286,-0.01896428,0.5447718,0.004682854,-0.21451719,-0.23739411,-0.29817656,0.17162791,-0.070411906,0.19374709,0.68484426,-0.3052597,-0.16575527,0.6636685,0.7883123,0.7094626,0.51191765,0.78871775,0.7328343,0.6132293,0.5600995,0.82605493,0.5529011,0.8062172,0.7698566,0.8436497,0.7874804,0.8117988,0.82342845,0.81828403,0.47967875,0.7508823,0.80441827
2.0,0.305367,-0.24711749,-0.31915468,0.6034902,-0.19011952,-0.385516,-0.4364475,-0.53922373,-0.019787561,0.54648805,0.005073238,-0.215398,-0.23928945,-0.29913613,0.1716967,-0.07080307,0.19469516,0.68677145,-0.30745012,-0.16610307,0.661784,0.7870667,0.70796305,0.5101387,0.7886952,0.73099995,0.6117249,0.558008,0.82498103,0.55111766,0.8046549,0.76849395,0.84273654,0.78657705,0.80994505,0.82282645,0.81694925,0.47771856,0.7492941,0.803729
2.0,0.30487657,-0.24598613,-0.31843624,0.60085344,-0.1895217,-0.38341436,-0.43412423,-0.5366697,-0.018873673,0.54425377,0.004575599,-0.21464561,-0.23769884,-0.29832876,0.17140314,-0.07049712,0.19358538,0.68435943,-0.30563015,-0.16545528,0.6635151,0.78822666,0.7091629,0.5116849,0.7888757,0.7325053,0.61319137,0.55974716,0.82583946,0.5528105,0.80586886,0.7698405,0.8436392,0.7876309,0.81115246,0.8236524,0.81794614,0.47946206,0.7505437,0.8044841
2.0,0.30446398,-0.24731326,-0.31992754,0.60556054,-0.18964627,-0.3871039,-0.43926284,-0.54190075,-0.019848894,0.5460948,0.0050227344,-0.21592116,-0.24148063,-0.30029082,0.17126274,-0.071638905,0.19499524,0.68647575,-0.30979204,-0.16529134,0.6605752,0.7860538,0.70639336,0.50841737,0.78874993,0.7288879,0.61090434,0.55575264,0.8241475,0.5499289,0.8027351,0.7678531,0.8422094,0.78642535,0.8070975,0.8232505,0.8152777,0.4760467,0.74755067,0.8034915
2.0,0.30437022,-0.24659878,-0.31926367,0.6033879,-0.18932566,-0.38527846,-0.43701178,-0.5395217,-0.019212428,0.54476315,0.0046463236,-0.21521331,-0.239969,-0.29944173,0.17122927,-0.07138897,0.1942106,0.6849428,-0.30803984,-0.16503084,0.66210014,0.78705204,0.7076193,0.50989336,0.7888917,0.73040587,0.6121245,0.55747783,0.8249739,0.5513734,0.8040117,0.76893556,0.8429165,0.78720325,0.8086596,0.8237453,0.8164407,0.47766814,0.74885416,0.8040506
2.0,0.30448967,-0.24558797,-0.3185363,0.60043114,-0.18866116,-0.38271993,-0.43387598,-0.53623354,-0.018306348,0.54303885,0.0043084845,-0.21418813,-0.23775361,-0.29837644,0.17123328,-0.07089486,0.19323505,0.6829811,-0.30548197,-0.1647389,0.664226,0.7884602,0.7093711,0.51191336,0.78878665,0.7325162,0.61379385,0.55988497,0.8262461,0.5533674,0.80584645,0.77045393,0.8439233,0.78812045,0.8108952,0.824322,0.817986,0.479881,0.7507175,0.8047824
2.0,0.30533826,-0.24495864,-0.3174316,0.5973654,-0.18937473,-0.38071844,-0.43033308,-0.5328213,-0.018187854,0.54298484,0.0043656677,-0.21373664,-0.23478813,-0.29693016,0.171514,-0.06947608,0.19260128,0.68294495,-0.3024779,-0.16567594,0.665645,0.7898478,0.7112165,0.51407576,0.7887982,0.7351963,0.6148269,0.5627129,0.8271302,0.55490905,0.8082357,0.7712815,0.8447289,0.7883886,0.81418175,0.82382935,0.81985056,0.48193786,0.7527593,0.80518633
3.0,0.30513105,-0.24563798,-0.31806642,0.59984,-0.19001272,-0.3831014,-0.43325782,-0.53590167,-0.018932823,0.54428285,0.004788723,-0.21485643,-0.2366289,-0.2980262,0.17136805,-0.069567904,0.19337063,0.68459445,-0.3047613,-0.16593683,0.6635107,0.7886157,0.70947653,0.51213884,0.7888232,0.7332058,0.6132327,0.5604178,0.8258139,0.55303955,0.8065025,0.76986396,0.8438532,0.7875131,0.8118741,0.82326055,0.81819457,0.4797784,0.7509201,0.80454826
2.0,0.3079537,-0.24298272,-0.31492546,0.5883475,-0.1890507,-0.37312442,-0.4192288,-0.5216885,-0.016788032,0.54143953,0.0039146245,-0.21069033,-0.22657923,-0.29260883,0.17265409,-0.06707278,0.19062339,0.6806142,-0.29335707,-0.16711648,0.67210764,0.7942643,0.7177231,0.52123237,0.78825897,0.7432713,0.6193874,0.57171625,0.8314366,0.5607969,0.8155507,0.7752617,0.8476183,0.78995407,0.8243181,0.8236338,0.8261853,0.48932722,0.75977767,0.8068031
3.0,0.3064977,-0.24526814,-0.31711745,0.5965934,-0.18986124,-0.3799977,-0.42863634,-0.5313178,-0.01846775,0.54428345,0.004580751,-0.21341099,-0.2334555,-0.29618514,0.1721077,-0.0689593,0.19283538,0.68415076,-0.30103487,-0.16666391,0.66624415,0.7903194,0.71229434,0.5151063,0.78858095,0.73656744,0.61508286,0.56416535,0.82773286,0.55540365,0.8095716,0.77143395,0.84489316,0.7880921,0.816437,0.82313097,0.8210892,0.4828776,0.75397307,0.80510163
2.0,0.30472413,-0.24618876,-0.31902283,0.60200423,-0.18878967,-0.3838449,-0.43527538,-0.53772634,-0.018701572,0.5441421,0.004540339,-0.21453659,-0.23877542,-0.29891548,0.17140622,-0.07119686,0.19384207,0.6841428,-0.30658907,-0.1649659,0.66332805,0.787785,0.70867246,0.51099247,0.7886395,0.73156035,0.6130309,0.5588228,0.8258216,0.5524515,0.8050673,0.76977414,0.84342676,0.7875756,0.81006575,0.8239797,0.81739044,0.4788916,0.74998003,0.8043797
2.0,0.3035634,-0.248021,-0.32092905,0.6091083,-0.19003911,-0.3903374,-0.44378695,-0.54644614,-0.02061968,0.54694253,0.005242564,-0.21730734,-0.24465658,-0.30194533,0.17080139,-0.07235135,0.1958137,0.6876662,-0.31350118,-0.16497576,0.65790045,0.7842507,0.7037833,0.50557774,0.7889849,0.725702,0.6089454,0.55222577,0.82237655,0.5474821,0.7998875,0.76615334,0.8410871,0.7855888,0.803107,0.823034,0.8127279,0.47305086,0.74471647,0.8027772
2.0,0.30726194,-0.2431908,-0.31547976,0.5900408,-0.1887672,-0.37442398,-0.4214367,-0.52384144,-0.016788017,0.5412674,0.003938008,-0.21118644,-0.22825791,-0.29358086,0.17236179,-0.06765099,0.19086562,0.6805687,-0.29515797,-0.16654019,0.670989,0.7934419,0.7164161,0.5197914,0.7883012,0.7415652,0.6186553,0.569865,0.83065814,0.5597801,0.8139928,0.7746588,0.8471125,0.7898,0.8220515,0.82393193,0.82485384,0.4879163,0.7583543,0.8065799
2.0,0.3053784,-0.24595615,-0.31813923,0.60003835,-0.1898122,-0.38284612,-0.43296152,-0.53559595,-0.01895145,0.54462945,0.0046769194,-0.21448563,-0.23672594,-0.29784548,0.17161134,-0.07003794,0.1935407,0.68473727,-0.30462557,-0.16593537,0.66392493,0.788631,0.7098128,0.51238185,0.7887963,0.7334159,0.6134417,0.5606959,0.82616687,0.5532291,0.80671436,0.77002144,0.843841,0.7875806,0.8124264,0.8233395,0.81863016,0.48010397,0.7512715,0.8045331
2.0,0.30622688,-0.24576241,-0.3175646,0.5983614,-0.19025427,-0.38166282,-0.430742,-0.53350425,-0.01898228,0.5450656,0.0048185885,-0.2141529,-0.23486583,-0.29695043,0.17195383,-0.069160886,0.19335605,0.6851617,-0.30271333,-0.16672702,0.66478777,0.7894429,0.7110449,0.513728,0.7886517,0.7351264,0.6140033,0.56250226,0.8268119,0.5541096,0.80829334,0.770466,0.8442811,0.7875675,0.81472915,0.8228486,0.8198959,0.48136625,0.75264347,0.8046857
3.0,0.3058267,-0.24605733,-0.31798905,0.5996333,-0.18997243,-0.38246432,-0.4321759,-0.53487927,-0.019032743,0.54507506,0.0047477,-0.21430549,-0.23613544,-0.29750586,0.17184272,-0.06984417,0.19360219,0.68513036,-0.3039676,-0.1662958,0.66425025,0.7888685,0.7103062,0.5128661,0.78871274,0.7340351,0.6136112,0.5613567,0.8264566,0.55350065,0.80730724,0.770141,0.84393805,0.7875117,0.8134035,0.8231004,0.8191774,0.48056135,0.7518231,0.8045291
1.0,0.3046928,-0.24533373,-0.31835184,0.5995239,-0.18832006,-0.3817533,-0.43271768,-0.53502727,-0.01796009,0.5426214,0.0041886903,-0.21371722,-0.23700131,-0.29799798,0.1713638,-0.0708396,0.19297422,0.6824118,-0.30454868,-0.16467416,0.6650809,0.78893745,0.71008325,0.5126632,0.78867465,0.73328215,0.61442065,0.56079066,0.8268134,0.5541022,0.8065406,0.7710262,0.84425366,0.78840166,0.8118385,0.82450575,0.8186623,0.48072648,0.7514764,0.8050074
2.0,0.3044638,-0.24643701,-0.31947032,0.60320514,-0.18852842,-0.38463953,-0.43665028,-0.53905445,-0.01877125,0.5442431,0.004551079,-0.2147269,-0.2398914,-0.2994815,0.1713224,-0.071691304,0.19411938,0.684246,-0.30773646,-0.16466053,0.66275555,0.7872441,0.7079619,0.5101503,0.7885954,0.73053485,0.6125998,0.55773854,0.8254852,0.551833,0.8041634,0.76943153,0.84311336,0.7874201,0.80882925,0.824113,0.8166688,0.47807622,0.74919546,0.80420357
1.0,0.30474606,-0.2471047,-0.3197841,0.6047802,-0.1892834,-0.38617674,-0.43816665,-0.5407662,-0.019489076,0.5457998,0.004920479,-0.2154605,-0.2407702,-0.29996607,0.17145497,-0.0715917,0.19478627,0.68602836,-0.30889696,-0.16527066,0.66137576,0.7864874,0.7070767,0.5091065,0.78859556,0.72959626,0.6114826,0.5566013,0.82470775,0.5506122,0.80338854,0.7683867,0.8425015,0.7866502,0.808023,0.8234002,0.8159528,0.47683227,0.74828357,0.8036794
2.0,0.30569622,-0.24627995,-0.31841713,0.6006346,-0.18957624,-0.3829753,-0.43319654,-0.5358574,-0.018998642,0.54514915,0.00475147,-0.21433616,-0.23703013,-0.297977,0.17183805,-0.07034394,0.19384287,0.6851595,-0.30481642,-0.16599716,0.66392976,0.7884565,0.7098264,0.51223624,0.7885883,0.7332326,0.61335766,0.56053996,0.82631564,0.5530884,0.80661863,0.76995647,0.8437034,0.787404,0.8124931,0.8232666,0.81867963,0.47999388,0.75128657,0.80439764
1.0,0.30562136,-0.24670312,-0.31850165,0.6017476,-0.1904736,-0.38438767,-0.43456528,-0.5373753,-0.019655455,0.5461726,0.005004365,-0.21514049,-0.23776303,-0.29834846,0.17175525,-0.07012051,0.19424869,0.6864528,-0.3058954,-0.16645545,0.66259855,0.78783154,0.7089195,0.5113103,0.78880847,0.7324056,0.61235505,0.5594943,0.82542753,0.5520042,0.805876,0.7690063,0.8432014,0.7868596,0.8115669,0.82270825,0.8179128,0.4788572,0.75034785,0.80401224
3.0,0.30495992,-0.24670035,-0.3192511,0.60301125,-0.18913318,-0.38466287,-0.43609217,-0.5386478,-0.019125436,0.5451512,0.00472996,-0.21482421,-0.23935257,-0.29914933,0.17155677,-0.07132107,0.19430356,0.6852062,-0.30724484,-0.1652888,0.66266716,0.7873433,0.70826155,0.5104551,0.78861654,0.73106456,0.6124519,0.5582308,0.8254952,0.55179477,0.8046721,0.7692245,0.8430601,0.7871584,0.809759,0.82360464,0.8170942,0.47826287,0.7495601,0.80407053
1.0,0.30494222,-0.24714112,-0.3195932,0.6044225,-0.1896291,-0.38607994,-0.43770346,-0.54037714,-0.01966009,0.54609895,0.00501832,-0.21550651,-0.240324,-0.29972082,0.17150536,-0.071289845,0.19479792,0.68638057,-0.308487,-0.16557667,0.6613985,0.7866398,0.707299,0.5093767,0.78862566,0.7300073,0.61147845,0.55698663,0.82473105,0.5506885,0.80376065,0.768343,0.84254616,0.7865779,0.8085919,0.8231587,0.8161949,0.47702977,0.7485448,0.80366695
1.0,0.3075195,-0.24364382,-0.31541404,0.5907135,-0.18977188,-0.37545034,-0.4221062,-0.5246908,-0.01749133,0.54252106,0.004224729,-0.21182126,-0.22846515,-0.29365435,0.17243633,-0.06723645,0.19129334,0.682057,-0.29565102,-0.16726077,0.6699592,0.79306096,0.7159325,0.5193051,0.7884617,0.7413007,0.61783165,0.5694001,0.8300297,0.5589675,0.8137683,0.7738556,0.846743,0.78925544,0.8219379,0.82322603,0.8245329,0.4871854,0.75788915,0.8062298
3.0,0.30594176,-0.24476647,-0.3171252,0.5959876,-0.18906969,-0.37927476,-0.4283383,-0.5308212,-0.017885003,0.54285276,0.004281696,-0.21299887,-0.23345856,-0.29619086,0.1718398,-0.06930812,0.19236903,0.682579,-0.30085748,-0.16586863,0.66695935,0.79060346,0.71247923,0.515369,0.78858614,0.73661286,0.61572176,0.5643276,0.8280764,0.5560052,0.80954766,0.77206784,0.84521204,0.78866976,0.81611043,0.8238642,0.8210912,0.48332596,0.75411934,0.8054512
2.0,0.30457056,-0.24754238,-0.320023,0.60592264,-0.1895482,-0.38714102,-0.43938187,-0.5420095,-0.01986229,0.54637474,0.00495911,-0.21579123,-0.24174027,-0.30030245,0.17142108,-0.07196584,0.19513534,0.68663615,-0.30996078,-0.16527742,0.66064817,0.78593826,0.7064196,0.50837094,0.7887551,0.72878736,0.6109032,0.55568427,0.82423353,0.5498863,0.80266255,0.7678421,0.8421137,0.78640896,0.8071559,0.8232811,0.81539977,0.47604218,0.7475754,0.8034314
2.0,0.30604547,-0.24258691,-0.316135,0.59035695,-0.18653609,-0.37365112,-0.42224476,-0.5242247,-0.015502673,0.53863263,0.0033487752,-0.21032724,-0.22953333,-0.29427814,0.17190757,-0.069171295,0.19029407,0.67754126,-0.2959954,-0.16455321,0.6720326,0.7934,0.71616083,0.5194358,0.78809357,0.74048793,0.619624,0.56904274,0.83118874,0.5604249,0.8129778,0.77569634,0.8473675,0.7907846,0.82015836,0.8256408,0.82424915,0.48806626,0.7579519,0.8070773
2.0,0.30503854,-0.24668726,-0.31902808,0.60276914,-0.18968692,-0.3848514,-0.43593633,-0.53858376,-0.019372392,0.5454692,0.0048507154,-0.21511108,-0.23901583,-0.29901147,0.17152503,-0.070874885,0.19429545,0.685672,-0.3070699,-0.16565704,0.66236764,0.78738564,0.70823175,0.51050484,0.78873396,0.7312678,0.6122412,0.55836266,0.8252613,0.5516593,0.8048413,0.76899326,0.84303415,0.78700346,0.80998516,0.8232815,0.8171073,0.4781951,0.74955416,0.8040106
2.0,0.3042542,-0.24779445,-0.32033104,0.60710263,-0.18978381,-0.38830182,-0.4409195,-0.5435702,-0.020194996,0.54671025,0.005062837,-0.2163191,-0.24278416,-0.30084366,0.17123446,-0.07214065,0.19542174,0.68712825,-0.3112107,-0.16522406,0.6596648,0.7853267,0.7055069,0.5073953,0.7888576,0.72772837,0.6101871,0.5544825,0.823577,0.54901296,0.80170923,0.76720744,0.8417269,0.7861022,0.8058135,0.8231612,0.81450385,0.4749897,0.7465873,0.80317944
1.0,0.3070041,-0.24206507,-0.31464255,0.5871184,-0.18850607,-0.3723181,-0.4187812,-0.52099854,-0.016119134,0.5393927,0.0035714395,-0.21052028,-0.22626089,-0.2925441,0.17211655,-0.06701435,0.18979107,0.6785773,-0.2930295,-0.16623469,0.67271256,0.7947122,0.71778286,0.52154726,0.78846884,0.7434167,0.62005305,0.57193863,0.8315283,0.5614992,0.81553453,0.77591145,0.84806514,0.7907003,0.8237396,0.8244487,0.8260198,0.48978296,0.7597833,0.80729246
2.0,0.30553025,-0.24539027,-0.31783357,0.59845525,-0.18919015,-0.38126907,-0.43116805,-0.5336889,-0.018313836,0.5436267,0.004457291,-0.21376461,-0.23553409,-0.29729047,0.17169818,-0.069901116,0.19301237,0.68352365,-0.3031659,-0.16568561,0.6652939,0.7894269,0.71088094,0.5135472,0.7886339,0.73457986,0.6144852,0.5620795,0.82703704,0.5544426,0.80774814,0.77099246,0.8444249,0.7881125,0.8137181,0.8237423,0.81957895,0.4814302,0.7523995,0.8049535
2.0,0.3053992,-0.24625868,-0.3182792,0.60078937,-0.19016938,-0.38361138,-0.43376172,-0.5364721,-0.019297231,0.5452492,0.004822701,-0.21484591,-0.23722066,-0.29808724,0.1716095,-0.07003645,0.19383098,0.6854695,-0.3052591,-0.16615018,0.66324973,0.7882577,0.70933664,0.5118502,0.78884476,0.7329158,0.6129129,0.56008786,0.82575774,0.5526337,0.8062828,0.76952577,0.8435528,0.78726757,0.8119226,0.82306385,0.81822,0.47947973,0.7507753,0.8043066
2.0,0.3053574,-0.24565732,-0.31784225,0.5991484,-0.18989365,-0.38229576,-0.43214455,-0.5347624,-0.01882964,0.5442242,0.0046240017,-0.2143683,-0.2360503,-0.29751697,0.17154686,-0.06972192,0.19325693,0.68434095,-0.30394655,-0.16596812,0.6643237,0.7890077,0.7102064,0.51290023,0.78885716,0.73401386,0.6137764,0.5613304,0.82635766,0.55367297,0.8072175,0.77031076,0.8440966,0.7877834,0.8130075,0.8233828,0.81897587,0.48061672,0.75169796,0.80471295
2.0,0.30566853,-0.24524295,-0.31758216,0.59779006,-0.18936758,-0.3808634,-0.4304387,-0.53298235,-0.01830079,0.54357547,0.0044539347,-0.21368824,-0.23491825,-0.29697827,0.17173085,-0.06959832,0.19285972,0.68348485,-0.30255508,-0.16587451,0.6655774,0.7897181,0.71125007,0.5139969,0.78866756,0.73513734,0.6146984,0.5626621,0.82719904,0.55476224,0.80823785,0.77116024,0.8446008,0.7881847,0.8143758,0.8236491,0.81995267,0.48185477,0.75280666,0.805047
2.0,0.3056127,-0.24380347,-0.31650615,0.5936884,-0.188622,-0.37748617,-0.4262813,-0.528581,-0.017163549,0.5410695,0.0039088465,-0.21237798,-0.23199011,-0.2954559,0.17161372,-0.068955995,0.19143908,0.6806606,-0.29922682,-0.165416,0.668435,0.79161304,0.71354556,0.51673037,0.78870684,0.73796993,0.6169488,0.5658911,0.8288199,0.5574519,0.8106641,0.77318776,0.84598905,0.7895037,0.8172581,0.8244711,0.8219795,0.48483837,0.7552279,0.80607444
2.0,0.30465832,-0.24516177,-0.31800961,0.5988272,-0.18867518,-0.3814755,-0.4320968,-0.53442985,-0.018013414,0.5424881,0.0041514672,-0.2137599,-0.23644523,-0.29767045,0.17129952,-0.070504494,0.19276439,0.68233097,-0.30405253,-0.16484243,0.66523045,0.7891976,0.7103355,0.5130504,0.7888522,0.7337807,0.61456305,0.56128126,0.82682157,0.55434626,0.8069452,0.77111244,0.84440494,0.78851366,0.81233954,0.82442147,0.8189366,0.48106435,0.75175864,0.8051091
2.0,0.30451477,-0.24721691,-0.3198759,0.6053041,-0.18955442,-0.3868481,-0.43896338,-0.54158956,-0.01973715,0.5459597,0.004998397,-0.21581689,-0.24126415,-0.30021024,0.17129262,-0.07158562,0.19491254,0.6863129,-0.30953974,-0.16527593,0.66077936,0.7861832,0.7065655,0.508602,0.7887117,0.72907907,0.61106145,0.55597967,0.8242818,0.5501185,0.8029076,0.7680015,0.84229887,0.7864932,0.8073173,0.8232952,0.81543654,0.47625324,0.7477357,0.8035516
2.0,0.30630085,-0.24345735,-0.31626087,0.5920337,-0.18788376,-0.37556157,-0.42389503,-0.52613693,-0.016573552,0.54060817,0.003751941,-0.21133283,-0.23046319,-0.29466036,0.17200838,-0.06891048,0.19108607,0.67984384,-0.29728973,-0.16543187,0.67024094,0.7925465,0.71511567,0.5182985,0.78833866,0.7395839,0.6182001,0.5678156,0.83011574,0.5589156,0.81218433,0.7743275,0.8466306,0.789923,0.8194342,0.8246942,0.82346964,0.48660088,0.7569003,0.80645347
2.0,0.30590054,-0.24501052,-0.31724113,0.596846,-0.18967351,-0.38036746,-0.42946115,-0.5320543,-0.018317323,0.54355866,0.004528612,-0.2136556,-0.23400049,-0.29657707,0.1717644,-0.06903531,0.19266923,0.6835293,-0.3016922,-0.16620338,0.6658719,0.79012275,0.71172094,0.51458263,0.78866553,0.7359046,0.61492246,0.5634458,0.8273713,0.55514604,0.8089207,0.7713378,0.84483606,0.7882137,0.815265,0.8234342,0.82040083,0.48237085,0.7533345,0.80515426
2.0,0.30496386,-0.24654001,-0.3190577,0.6024891,-0.18921384,-0.38433766,-0.43558535,-0.53813976,-0.019059453,0.5449552,0.0046911426,-0.21476083,-0.23894082,-0.29894137,0.17153588,-0.07113313,0.19413795,0.6850144,-0.3068295,-0.16533491,0.66289794,0.7875637,0.708505,0.51077193,0.78866905,0.7314337,0.6126448,0.55862296,0.8256029,0.55205584,0.8049829,0.76938546,0.8432023,0.7872726,0.81013966,0.82361495,0.81732905,0.47857675,0.749826,0.8041697
1.0,0.3057731,-0.24588293,-0.31788927,0.59922326,-0.18983944,-0.3821003,-0.43178472,-0.5344487,-0.018870708,0.5447265,0.004662063,-0.21415766,-0.23588027,-0.29737604,0.17181507,-0.06981997,0.1934296,0.68474114,-0.3036626,-0.16618901,0.6645611,0.7890571,0.71052104,0.5131264,0.7887246,0.7342829,0.61386585,0.5616511,0.82662505,0.5537909,0.80751246,0.7703753,0.8440877,0.7876803,0.81362134,0.82324076,0.819363,0.4808627,0.7520457,0.8046504
2.0,0.30399966,-0.2459426,-0.31925184,0.6024136,-0.18831687,-0.3841399,-0.4362555,-0.5385471,-0.018438455,0.5431664,0.004346166,-0.21461871,-0.23960318,-0.29936248,0.17103925,-0.071603924,0.19366418,0.6831709,-0.30744582,-0.16425937,0.6631358,0.7875379,0.70809025,0.5104346,0.7887422,0.7307455,0.6129992,0.5579951,0.8255747,0.55226624,0.80427724,0.7698166,0.8433901,0.78783154,0.80869746,0.82450825,0.8166797,0.4784248,0.7493082,0.80448127
2.0,0.30725244,-0.24357086,-0.31553662,0.5910022,-0.1897132,-0.3757994,-0.42269418,-0.52525383,-0.017479587,0.54229105,0.0042717755,-0.21202381,-0.22881465,-0.29393348,0.17225978,-0.067231506,0.19128583,0.6819279,-0.29608685,-0.16708207,0.6696079,0.7928912,0.7155328,0.51890665,0.78845215,0.740856,0.61762786,0.5688931,0.8297678,0.5587018,0.8133512,0.7736957,0.8466605,0.78922576,0.8212287,0.82331204,0.82406557,0.4867725,0.7574539,0.80620706
2.0,0.30499545,-0.24653792,-0.3188984,0.6022485,-0.18946743,-0.384295,-0.43533513,-0.53792316,-0.01916441,0.5450576,0.0047029965,-0.21481188,-0.23870747,-0.29877758,0.1715332,-0.07097697,0.19410007,0.6851462,-0.3066343,-0.16548818,0.6628987,0.7876489,0.70860595,0.5109266,0.7887637,0.73165995,0.612646,0.5588309,0.8255719,0.5521021,0.8051716,0.76935613,0.8432318,0.78727245,0.81041384,0.8235064,0.8174614,0.47868943,0.7499445,0.80417943
1.0,0.30412382,-0.24682474,-0.31977376,0.6046763,-0.18904538,-0.3861767,-0.4385302,-0.54100156,-0.019292247,0.5448818,0.0047129616,-0.21547073,-0.24113072,-0.30009744,0.17112373,-0.07181685,0.19451751,0.68510437,-0.3092662,-0.16473737,0.6614159,0.7864668,0.7068188,0.508945,0.788788,0.72927684,0.6116136,0.5562775,0.82458514,0.55066985,0.80302584,0.7685357,0.8425816,0.78697884,0.80728054,0.82383794,0.815596,0.47673273,0.7479723,0.80384564
2.0,0.3069069,-0.24533722,-0.31688875,0.5961578,-0.19031058,-0.3798408,-0.42797998,-0.5307613,-0.018695343,0.5448272,0.00471453,-0.2134497,-0.2328131,-0.29585275,0.17226511,-0.06852955,0.19289725,0.68474627,-0.3004536,-0.16717803,0.6662994,0.7905174,0.71264046,0.51549107,0.7885695,0.73714906,0.6150697,0.56473213,0.82781565,0.5555124,0.8101195,0.7713798,0.84495825,0.78792644,0.8173,0.82273734,0.8214941,0.4831636,0.7543757,0.80505854
2.0,0.3044175,-0.24628794,-0.31908703,0.6026475,-0.18920021,-0.38470522,-0.4362943,-0.5387805,-0.018972341,0.54434305,0.004610829,-0.21505049,-0.23937549,-0.2992408,0.17121819,-0.07112636,0.1939585,0.6845137,-0.30741233,-0.16500536,0.6625148,0.78738815,0.7079856,0.5103282,0.78883135,0.7308808,0.61246806,0.5580163,0.8252197,0.55180955,0.8044279,0.76926047,0.843154,0.7873689,0.8091256,0.82382816,0.8167431,0.4781304,0.749249,0.80421215
2.0,0.3042435,-0.24599403,-0.31904274,0.6021267,-0.18878081,-0.38414887,-0.43586147,-0.5382513,-0.01864643,0.54361296,0.0044680163,-0.21476342,-0.23915331,-0.29914638,0.17112319,-0.07121785,0.1936967,0.6837015,-0.3070792,-0.16466764,0.66302556,0.78764355,0.7082477,0.51063675,0.78878933,0.73111165,0.6128948,0.55832505,0.82551056,0.55225277,0.80461156,0.7696773,0.84338903,0.78767866,0.80923355,0.8241737,0.81689984,0.4785325,0.749507,0.80442256
2.0,0.3045221,-0.24672917,-0.31965595,0.60388666,-0.18868695,-0.3852119,-0.43729767,-0.5397514,-0.019032475,0.5447559,0.0046707503,-0.21492581,-0.24035244,-0.29968727,0.17135201,-0.07180154,0.1943992,0.68480814,-0.30825466,-0.16477916,0.66229963,0.78693867,0.70762354,0.5097354,0.7885763,0.7301239,0.61221945,0.55725515,0.8252458,0.55138373,0.80381995,0.7690799,0.84288406,0.78717864,0.8084595,0.8239326,0.81636465,0.47760686,0.7488391,0.80402035
3.0,0.30145714,-0.24812019,-0.3229652,0.6133111,-0.18732265,-0.39242044,-0.4494346,-0.55136085,-0.019893337,0.54461026,0.0044821985,-0.21724236,-0.2497793,-0.3043551,0.16999012,-0.07534759,0.19621776,0.6849382,-0.3184846,-0.16218653,0.65693843,0.7823544,0.7010629,0.502445,0.7888896,0.72126377,0.60831904,0.54780895,0.8217097,0.5459637,0.79586864,0.76597804,0.84043247,0.7860204,0.7970408,0.8250198,0.8096571,0.4703859,0.7415607,0.80269516
3.0,0.3014506,-0.2476533,-0.3225587,0.6119093,-0.18711005,-0.3912666,-0.4479784,-0.5498558,-0.019469667,0.5437949,0.004324522,-0.21682608,-0.24873014,-0.30386353,0.16996561,-0.07507368,0.19573553,0.6840437,-0.31729734,-0.16206531,0.6578399,0.7830059,0.70183176,0.50335974,0.7889005,0.72223336,0.6090617,0.548895,0.822214,0.546856,0.7966979,0.7666434,0.84087324,0.78646624,0.79803973,0.8252866,0.8103506,0.47137845,0.74238896,0.80303746
3.0,0.30145362,-0.24788547,-0.32276082,0.6126071,-0.18721586,-0.39184076,-0.44870332,-0.5506052,-0.019679967,0.5442001,0.0044029057,-0.21703358,-0.24925233,-0.3041087,0.16997764,-0.075209565,0.19597538,0.68448865,-0.31788808,-0.16212553,0.6573906,0.78268164,0.70144874,0.50290406,0.7888951,0.72175044,0.60869193,0.54835397,0.8219626,0.5464117,0.79628485,0.7663121,0.8406538,0.78624445,0.797542,0.82515407,0.8100051,0.47088405,0.7419764,0.8028671
3.0,0.30144635,-0.24742535,-0.3223622,0.61122864,-0.18700585,-0.39070708,-0.44727325,-0.54912615,-0.019264344,0.5433971,0.004247602,-0.21662405,-0.24822153,-0.30362466,0.16995268,-0.074941196,0.1955006,0.6836072,-0.3167228,-0.16200545,0.65827835,0.78332174,0.70220435,0.5038034,0.78890586,0.7227028,0.60942256,0.54942155,0.8224589,0.54728943,0.7970996,0.7669667,0.8410878,0.78668267,0.79852223,0.8254164,0.8106861,0.47186014,0.7427898,0.80320394
3.0,0.30144098,-0.2471731,-0.3221463,0.6104781,-0.18689033,-0.39009088,-0.44649708,-0.54832226,-0.019038457,0.5429578,0.004162561,-0.21640138,-0.24766178,-0.30336118,0.16993779,-0.074795775,0.19524108,0.68312496,-0.31609094,-0.16193885,0.65876245,0.78366953,0.70261484,0.5042922,0.78891194,0.7232196,0.6098204,0.5500018,0.82272923,0.54776734,0.79754174,0.76732314,0.8413248,0.7869211,0.7990526,0.8255597,0.81105506,0.47239107,0.74323094,0.80338746
3.0,0.30145565,-0.2479651,-0.32282928,0.6128435,-0.18725216,-0.39203513,-0.44894776,-0.5508583,-0.019752044,0.5443394,0.004429862,-0.21710324,-0.24942882,-0.30419087,0.16998243,-0.07525612,0.19605725,0.68464094,-0.31808758,-0.1621466,0.6572392,0.782572,0.70131993,0.50275064,0.78889316,0.72158796,0.60856676,0.5481718,0.8218781,0.54626137,0.7961459,0.76619995,0.84057933,0.7861691,0.79737556,0.8251086,0.80988926,0.47071734,0.7418377,0.80280924
3.0,0.30144876,-0.24762297,-0.32253385,0.6118228,-0.18709616,-0.391196,-0.44789037,-0.54976434,-0.019442607,0.5437418,0.004314229,-0.21680118,-0.24866624,-0.30383423,0.16996297,-0.07505633,0.19570483,0.68398625,-0.3172254,-0.16205671,0.65789473,0.78304577,0.70187783,0.503415,0.7889012,0.7222915,0.6091073,0.54896045,0.82224435,0.54691076,0.79674745,0.76668453,0.8409008,0.786494,0.79809797,0.82530385,0.8103917,0.47143868,0.7424383,0.803059
