label,mu_1,mu_2,mu_3,mu_4,mu_5,mu_6,mu_7,mu_8,mu_9,mu_10,mu_11,mu_12,mu_13,mu_14,mu_15,mu_16,mu_17,mu_18,mu_19,mu_20,var_1,var_2,var_3,var_4,var_5,var_6,var_7,var_8,var_9,var_10,var_11,var_12,var_13,var_14,var_15,var_16,var_17,var_18,var_19,var_20
1.0,-0.31594273,0.012907255,-0.1183653,0.29526195,0.11862161,0.0063184584,0.2853158,-0.18326132,0.3728146,-0.12166551,0.14797354,-0.10025766,-0.28136727,0.70092905,-0.1896785,0.19419035,0.35139927,-0.31543455,0.0058621615,0.17511532,0.7394311,0.90713596,0.89647704,0.7836504,0.88536555,0.90600187,0.74166137,0.8532788,0.7033887,0.8358871,0.8610203,0.87840074,0.75848836,0.41247213,0.86584306,0.8273301,0.7130949,0.78508055,0.899025,0.8439284
0.0,-0.3163002,0.019751517,-0.121051356,0.3014502,0.12195628,0.002405784,0.28990102,-0.19089523,0.3789394,-0.1292903,0.15340318,-0.10507481,-0.28399545,0.70473474,-0.18889117,0.20442605,0.35052982,-0.31410623,0.0069207773,0.18435487,0.7419953,0.9062937,0.89736533,0.79012537,0.8827299,0.91633564,0.74582076,0.8494872,0.70708996,0.8280234,0.8623124,0.87652785,0.76266414,0.41673836,0.86624897,0.82788885,0.7208375,0.78691435,0.9022042,0.8470188
0.0,-0.31568912,0.023897702,-0.1225601,0.3048162,0.12385594,-0.00012837164,0.29213524,-0.19516544,0.382358,-0.13377783,0.15633003,-0.10808058,-0.28509536,0.7057205,-0.18801954,0.21055326,0.3488594,-0.31257647,0.0075036213,0.18998586,0.7438152,0.90584695,0.89791864,0.794505,0.8813726,0.9231184,0.7490097,0.8471113,0.70976454,0.8234946,0.8632198,0.87572056,0.7657659,0.42014736,0.8668408,0.8286457,0.7261208,0.78841203,0.9041762,0.84924996
1.0,-0.3155528,0.014005509,-0.11830517,0.29577607,0.11948336,0.005834181,0.28494743,-0.183946,0.37345105,-0.12251563,0.1476712,-0.10018206,-0.28149924,0.7002689,-0.18924816,0.1959069,0.34966758,-0.3142264,0.0061677843,0.17616121,0.7402519,0.90742373,0.89677835,0.78457195,0.8856152,0.90758157,0.74325085,0.85231423,0.7038029,0.8357206,0.86142725,0.8788023,0.75949377,0.41398987,0.8665682,0.82778984,0.7145212,0.78582686,0.89924014,0.8449245
0.0,-0.3184392,0.017782457,-0.118668914,0.30019116,0.124830656,0.004775361,0.2871675,-0.18915865,0.3784771,-0.12682267,0.14906982,-0.099761724,-0.28548613,0.70607346,-0.18997884,0.20277661,0.3505136,-0.3144662,0.007821821,0.18028371,0.74105024,0.9074058,0.89750314,0.78493166,0.8850489,0.9111,0.7450371,0.84883595,0.7033032,0.8338532,0.8616439,0.87795913,0.76008844,0.41499498,0.8671123,0.82720554,0.71683884,0.7862226,0.89911497,0.84626275
1.0,-0.31344968,0.013746948,-0.11839416,0.2941503,0.11722738,0.0055289594,0.2838434,-0.18217753,0.37143135,-0.121613026,0.14721413,-0.1010914,-0.2794613,0.6964246,-0.18820594,0.1944584,0.34733796,-0.31267744,0.00547,0.17582968,0.74104464,0.90774876,0.89671785,0.7861711,0.8857931,0.90808266,0.7441295,0.8531887,0.70501256,0.835648,0.86184704,0.87939686,0.7605611,0.41545227,0.8670241,0.8287197,0.7155182,0.78653264,0.9001448,0.845321
0.0,-0.31934616,0.023498133,-0.121353686,0.30656868,0.12834069,0.0012023514,0.29195958,-0.19680858,0.38501972,-0.1339086,0.15460867,-0.1042867,-0.2884564,0.7110651,-0.18979341,0.21221432,0.35128084,-0.3144778,0.009059787,0.18867362,0.7424858,0.9060138,0.89815587,0.7899883,0.882399,0.9202958,0.7479761,0.845513,0.7063716,0.8264031,0.8625381,0.8758524,0.76345336,0.4177353,0.8669009,0.8271886,0.7231771,0.78741765,0.90140325,0.84879553
0.0,-0.31585565,0.017265987,-0.11996219,0.2988264,0.1204369,0.0038632397,0.28779548,-0.18769093,0.37624466,-0.12627102,0.15104789,-0.10318729,-0.28270155,0.70256114,-0.18896809,0.20047635,0.3501859,-0.31414515,0.0064421296,0.18078199,0.7413064,0.9068188,0.8970862,0.78792983,0.8838642,0.9124853,0.7446083,0.850947,0.70578784,0.83115107,0.8619474,0.87745553,0.7612852,0.41554317,0.86633307,0.82788104,0.71814245,0.78642553,0.9011534,0.84601414
0.0,-0.31090215,0.01089264,-0.1190444,0.29050097,0.11123436,0.0060131988,0.28352153,-0.1779769,0.36685586,-0.11843057,0.14792818,-0.10335888,-0.2758357,0.69207156,-0.18757726,0.1881578,0.34813508,-0.31330338,0.0035438314,0.17321518,0.7403572,0.9074146,0.89585346,0.78698975,0.8851446,0.9055542,0.741535,0.8569897,0.7063548,0.8351319,0.86149484,0.87909806,0.7600068,0.4140778,0.86573046,0.8290708,0.71394163,0.7857823,0.9014292,0.8434939
0.0,-0.314131,0.014426719,-0.119265154,0.2954562,0.11725444,0.004983348,0.28568557,-0.18370393,0.37259054,-0.12287456,0.1492195,-0.10253937,-0.28015924,0.6985465,-0.18855979,0.19548336,0.349309,-0.31384134,0.005458802,0.17727506,0.74074745,0.9071245,0.8966273,0.786879,0.88471407,0.9091996,0.7433868,0.8531918,0.70552903,0.8335184,0.86172,0.8783442,0.7605199,0.4147608,0.866221,0.8282631,0.7159928,0.7861251,0.900769,0.8450286
0.0,-0.30800837,0.0032442259,-0.11639715,0.28169408,0.10493512,0.00990108,0.2774679,-0.16742654,0.35777593,-0.108980566,0.14162938,-0.09943383,-0.27076286,0.6834314,-0.18721318,0.17513454,0.34647337,-0.31300902,0.0014546663,0.16291544,0.738501,0.90875906,0.8947632,0.7817863,0.88804674,0.8947638,0.73783547,0.8623231,0.7039155,0.8434664,0.8603369,0.8817102,0.7566931,0.41118407,0.86580104,0.8296308,0.7067269,0.784541,0.899052,0.8402602
1.0,-0.31882435,0.025170159,-0.122025065,0.30747986,0.12842107,0.00019518612,0.29279703,-0.19803227,0.3857565,-0.1354627,0.15580072,-0.105746865,-0.2885189,0.71082294,-0.18927322,0.21417528,0.35038444,-0.31365758,0.009012353,0.190837,0.74342215,0.90598255,0.8983529,0.79209214,0.8817582,0.9228686,0.7492209,0.844889,0.7076588,0.8244521,0.8629272,0.8755317,0.7647457,0.41928247,0.8671678,0.8276497,0.7254018,0.78806305,0.9025454,0.84952724
1.0,-0.31700093,0.018846741,-0.1199877,0.30095038,0.12323878,0.003345023,0.28844866,-0.19015314,0.37883157,-0.12819758,0.15135525,-0.10270737,-0.28449836,0.70494044,-0.18927859,0.20387441,0.35011944,-0.31407285,0.007398352,0.1825746,0.7415911,0.90673524,0.89746064,0.7879208,0.88387346,0.9143003,0.7457872,0.8491301,0.7055029,0.8306461,0.8621181,0.8773324,0.7617729,0.41618654,0.86673754,0.8276721,0.7192363,0.7867681,0.9007423,0.84694594
1.0,-0.31712744,0.02462548,-0.122148946,0.3060557,0.12625837,4.5948662e-05,0.29209358,-0.19647214,0.3839723,-0.13455097,0.15568416,-0.10663238,-0.2867439,0.7078673,-0.1885354,0.21250781,0.34905282,-0.31276459,0.00831154,0.19032437,0.7437912,0.90607595,0.89820886,0.79329634,0.8817729,0.9230242,0.74949276,0.8458579,0.70864815,0.8242746,0.8631591,0.8758589,0.76539844,0.42005193,0.8672586,0.8282784,0.7258921,0.7884155,0.9032915,0.8495823
0.0,-0.31333527,0.014861977,-0.11991292,0.29545712,0.116126515,0.004366751,0.2863566,-0.18383971,0.37230462,-0.12337309,0.15034702,-0.104127765,-0.2794965,0.6977774,-0.1881485,0.19551715,0.349193,-0.31363252,0.0050951615,0.17826965,0.74109757,0.90689427,0.8965264,0.78839993,0.88408357,0.9104506,0.74349815,0.85358244,0.70667064,0.831986,0.86191106,0.8779398,0.7612032,0.41529083,0.86599946,0.82854325,0.7170926,0.78632236,0.9017667,0.84515864
1.0,-0.31485662,0.0142157655,-0.119156495,0.29575548,0.11780519,0.0052561546,0.28593606,-0.18398383,0.37301248,-0.12285119,0.14923055,-0.102077425,-0.2807361,0.69975275,-0.18896769,0.19549921,0.3502472,-0.31449565,0.005624149,0.17698959,0.74033946,0.90702826,0.8966002,0.78607726,0.88471377,0.9085719,0.74283856,0.8531016,0.70497143,0.83379006,0.8614986,0.87818676,0.7599493,0.41401097,0.8659886,0.8278948,0.7152884,0.78576696,0.90035677,0.84470206
0.0,-0.31767824,0.023836512,-0.12179857,0.30579525,0.12655824,0.0005614776,0.29180986,-0.19608235,0.38383263,-0.13391285,0.15510134,-0.10582738,-0.28699836,0.708478,-0.18890636,0.21171454,0.3497804,-0.31335205,0.008446634,0.18935424,0.74325144,0.9060654,0.89810437,0.7920145,0.88206977,0.92165136,0.7487456,0.84608024,0.70784277,0.8253045,0.86293143,0.87591636,0.7646025,0.41911095,0.86711216,0.8279472,0.724695,0.7880278,0.9026038,0.8491895
1.0,-0.3174784,0.022530524,-0.12118092,0.3043904,0.12572983,0.0013948558,0.29065195,-0.19434644,0.3824085,-0.13225247,0.15380391,-0.10468547,-0.28630245,0.70730066,-0.18897863,0.20965207,0.34951872,-0.31333873,0.008187085,0.18735978,0.7429146,0.90638816,0.89799786,0.7908429,0.88272166,0.91957283,0.74816513,0.8467931,0.7071011,0.82700247,0.8627466,0.87648475,0.76387936,0.41849026,0.8671554,0.8279304,0.7231878,0.78777176,0.9020314,0.8486532
1.0,-0.31523737,0.020097468,-0.12060484,0.30118427,0.12242421,0.0021600015,0.28844443,-0.19059394,0.37887198,-0.12922426,0.15213372,-0.10441325,-0.28344658,0.7025965,-0.18825905,0.20523366,0.34784693,-0.3124733,0.007206939,0.18437798,0.74270296,0.9066877,0.89763,0.7906127,0.8835498,0.9172995,0.7476519,0.84880257,0.7073375,0.8289136,0.862771,0.877505,0.7637533,0.41843495,0.8672354,0.82857275,0.72185636,0.78783417,0.90197426,0.8481626
0.0,-0.31136376,0.01048522,-0.117953435,0.29002947,0.112657286,0.006752464,0.28195,-0.17734174,0.3667568,-0.117620245,0.14577487,-0.10110074,-0.2762791,0.69176716,-0.18770367,0.18812439,0.3469132,-0.3126346,0.003971003,0.17191549,0.7404005,0.9080331,0.89607733,0.78539586,0.88631284,0.9042026,0.74218005,0.8563255,0.70507544,0.8376264,0.8614746,0.88006455,0.7595718,0.414295,0.8665458,0.8291281,0.7130471,0.78598094,0.90022296,0.8437313
1.0,-0.31644782,0.019935476,-0.12044508,0.30166623,0.12337481,0.0025505852,0.28886625,-0.19108193,0.3794912,-0.1293113,0.15210648,-0.10372859,-0.28443447,0.7045426,-0.18885776,0.20538294,0.34924686,-0.3133968,0.0074730776,0.18410549,0.7422054,0.9066297,0.8976034,0.7894152,0.8835292,0.91633385,0.74684864,0.84862214,0.70646286,0.82934123,0.862469,0.8772136,0.7628546,0.41737548,0.8669753,0.8280333,0.72089165,0.7873223,0.90142196,0.84769464
1.0,-0.3166337,0.020647086,-0.120458096,0.30218652,0.12406523,0.002345549,0.28897044,-0.19170523,0.3800795,-0.12991354,0.15214388,-0.10362737,-0.28485608,0.70488673,-0.18881105,0.20648852,0.3488211,-0.3130684,0.007677745,0.18474665,0.7425499,0.90676045,0.8977721,0.78971606,0.883537,0.9170425,0.7474672,0.848037,0.706514,0.8291081,0.86258537,0.8772566,0.763175,0.41792,0.86723906,0.8281161,0.72149056,0.787561,0.901508,0.8480383
1.0,-0.31417182,0.021873698,-0.12149511,0.302099,0.12212763,0.00081335194,0.2894025,-0.19190264,0.37956226,-0.13100053,0.15369117,-0.10655509,-0.28311628,0.70174205,-0.18748023,0.20729041,0.3466138,-0.31143105,0.007080205,0.18699023,0.74378204,0.9064852,0.8977837,0.7934064,0.88275516,0.92063135,0.7491416,0.8482652,0.7091971,0.826419,0.8633228,0.8771131,0.7655184,0.42037937,0.8674779,0.82922035,0.7246807,0.78868335,0.9034361,0.8491534
0.0,-0.31045514,0.005067543,-0.11628876,0.28498542,0.10924702,0.009534033,0.27878612,-0.17118855,0.36172354,-0.11166257,0.14224683,-0.09833701,-0.27378792,0.6882413,-0.1881424,0.1796517,0.3477752,-0.3137436,0.0028300956,0.1650345,0.73833597,0.908444,0.8952215,0.7810153,0.88795036,0.8965864,0.7386934,0.85975105,0.70291525,0.8429687,0.86034936,0.881255,0.7566132,0.41105497,0.8659792,0.8288685,0.70739925,0.7845184,0.8981566,0.84111977
1.0,-0.31298363,0.012080758,-0.11835272,0.29247114,0.115073495,0.006192725,0.28352204,-0.18017082,0.36944002,-0.119834155,0.14702874,-0.1012669,-0.27830216,0.695284,-0.18827283,0.19132158,0.3482888,-0.31338778,0.0047363937,0.17398947,0.74038535,0.9076857,0.8963211,0.7854824,0.88573617,0.90589315,0.74249923,0.8548601,0.70485115,0.8362511,0.86148024,0.8793213,0.75963145,0.4141676,0.8664075,0.8285865,0.71391654,0.7858927,0.9001661,0.844163
1.0,-0.31296048,0.009897234,-0.117448285,0.29060075,0.11433726,0.007448256,0.28209335,-0.17786902,0.36770606,-0.11747722,0.1452401,-0.09963719,-0.27764374,0.6942759,-0.18857887,0.18820637,0.3486039,-0.3138398,0.0044860914,0.17111677,0.7395134,0.90792,0.89603436,0.78327256,0.8866188,0.90263224,0.74119467,0.85593116,0.70361835,0.83888173,0.8610294,0.8799097,0.75828975,0.4128057,0.8663141,0.8283926,0.7114433,0.7853094,0.89900035,0.84320563
1.0,-0.31273326,0.012830969,-0.11886901,0.2932036,0.11507272,0.005549649,0.28424314,-0.18109159,0.37011015,-0.1208006,0.1480274,-0.102331325,-0.27834097,0.6954737,-0.18809195,0.1924237,0.34824553,-0.31328127,0.0047768913,0.1752736,0.7406568,0.90741044,0.89636296,0.78661174,0.8852569,0.9074516,0.7429356,0.8545963,0.7056255,0.8348922,0.86168736,0.8789818,0.7603197,0.41469845,0.8663123,0.8286984,0.71503997,0.78613484,0.90074086,0.8445771
1.0,-0.3174563,0.022868425,-0.12146182,0.30492723,0.12590805,0.0010651136,0.29109642,-0.19498731,0.38296908,-0.13281867,0.15438986,-0.10520239,-0.28645974,0.7076926,-0.18896677,0.21030581,0.34972778,-0.3134448,0.008273721,0.18802887,0.7429095,0.9061578,0.89800566,0.79128313,0.882452,0.92038524,0.7482961,0.8466128,0.70743024,0.82629246,0.8627967,0.87626314,0.76416516,0.41860062,0.86703545,0.82790273,0.7236792,0.78782266,0.90220886,0.84885067
1.0,-0.3154179,0.020750342,-0.1208826,0.30174136,0.12271083,0.0018313183,0.28902006,-0.19130467,0.37937063,-0.12995641,0.15272358,-0.10492422,-0.28378266,0.703187,-0.18822962,0.20608225,0.34803498,-0.3124864,0.007258177,0.1852659,0.74292386,0.9066222,0.89768034,0.7911549,0.88321275,0.91809374,0.7478405,0.8485321,0.7076362,0.8281307,0.8628411,0.8772067,0.7639855,0.41869363,0.8672194,0.8285742,0.7225054,0.7879163,0.90233195,0.8482993
1.0,-0.31558016,0.018136118,-0.11955422,0.29934964,0.12194825,0.0035619913,0.2869387,-0.18832557,0.3771298,-0.12689981,0.15009803,-0.10237513,-0.28303042,0.7018866,-0.18863592,0.20233965,0.3480883,-0.31284577,0.0070232227,0.18143353,0.7420062,0.9071571,0.897439,0.78821737,0.8845396,0.91376966,0.7464294,0.84968525,0.7057961,0.8317816,0.86234623,0.87817204,0.7622353,0.4170836,0.8672694,0.82832277,0.7192543,0.7872475,0.90079445,0.84718275
1.0,-0.31693244,0.018744918,-0.119864374,0.3008217,0.123269044,0.003439907,0.2881905,-0.18998271,0.37874562,-0.12802109,0.15109353,-0.10244323,-0.28442928,0.70471585,-0.18926479,0.20377523,0.3498843,-0.31395,0.007421516,0.18232867,0.7415918,0.90680695,0.8974851,0.78778267,0.88403416,0.9141463,0.7458913,0.8490944,0.7053951,0.83093685,0.8621158,0.8774977,0.7617683,0.41623667,0.8668218,0.8277065,0.71911836,0.78680074,0.9006158,0.8469834
1.0,-0.3146457,0.02173875,-0.1212953,0.30211237,0.12249876,0.0010920409,0.28930208,-0.19186375,0.3796265,-0.13082807,0.15336755,-0.10598872,-0.28345674,0.7023007,-0.18770294,0.20720702,0.3469375,-0.31166065,0.0071826726,0.18661574,0.74363166,0.9065963,0.897804,0.7927684,0.88290215,0.9199809,0.7489017,0.84819245,0.7086948,0.8269168,0.8632042,0.8771534,0.76510054,0.4200069,0.8674893,0.8290425,0.72415274,0.7885074,0.9031256,0.8489622
1.0,-0.31524342,0.018976506,-0.12051767,0.30036923,0.121489055,0.002627994,0.28834635,-0.18960692,0.3779512,-0.12822863,0.15200901,-0.10435034,-0.28299868,0.7024411,-0.18846072,0.20344052,0.3487862,-0.31314945,0.0068979226,0.18323813,0.7421153,0.9065553,0.89737,0.7898659,0.8835446,0.9158353,0.74648535,0.8497055,0.7070248,0.82943445,0.8625044,0.8773909,0.76299924,0.4173657,0.8667913,0.8283413,0.7206585,0.78733486,0.9017646,0.8474466
1.0,-0.3156566,0.019745661,-0.12059003,0.3010956,0.12232802,0.0024155565,0.28867188,-0.19046175,0.3787489,-0.12897998,0.15222429,-0.10429068,-0.28362364,0.70324737,-0.18852052,0.20469612,0.34871578,-0.31303743,0.0071398467,0.18399635,0.7423714,0.9066208,0.8975341,0.79008627,0.8834492,0.9165509,0.74695456,0.84907967,0.7070092,0.829056,0.86257577,0.8773037,0.7632072,0.41772136,0.8669559,0.82831085,0.7211949,0.7874769,0.90183455,0.8477189
0.0,-0.30986583,0.010757086,-0.11854504,0.28977793,0.11122953,0.006005496,0.2820729,-0.17717417,0.3662699,-0.11789836,0.14661199,-0.1027073,-0.27506492,0.6898402,-0.18702066,0.18806076,0.34588233,-0.31192225,0.003612101,0.17275184,0.7408588,0.9077835,0.89600444,0.7872315,0.8859258,0.9058331,0.74281096,0.85672617,0.70650095,0.8362628,0.861832,0.88001835,0.7607339,0.41531566,0.8665132,0.82967204,0.7144328,0.7864709,0.9011807,0.84424853
0.0,-0.31311768,0.012407731,-0.11915468,0.2933961,0.11468927,0.0056579383,0.28496552,-0.18124305,0.3702656,-0.1207169,0.14881627,-0.102720246,-0.27848786,0.69649255,-0.18846606,0.19188306,0.34975606,-0.31430402,0.004663296,0.17508078,0.7400565,0.907023,0.8961875,0.7862954,0.8848353,0.90700835,0.7419002,0.8550378,0.70554376,0.83434767,0.8614017,0.8785032,0.75981015,0.41364118,0.8656443,0.828293,0.7143668,0.78559655,0.9007269,0.84399474
1.0,-0.31634602,0.018918665,-0.120326884,0.30051544,0.12206174,0.0030928291,0.28866735,-0.1897294,0.37810457,-0.12813096,0.1518746,-0.10366391,-0.28379214,0.7039723,-0.18894425,0.2033149,0.34991777,-0.31384212,0.006971717,0.18284634,0.74185264,0.9067095,0.89737135,0.78887457,0.8835172,0.9146937,0.7457415,0.84965736,0.7062111,0.82987845,0.8622199,0.8771622,0.76210284,0.4165059,0.86661625,0.8279186,0.71974736,0.7868694,0.9014586,0.8468495
1.0,-0.3182905,0.026814539,-0.1224077,0.30879727,0.12952864,-0.000840005,0.29305238,-0.19963294,0.3872503,-0.1371244,0.15636571,-0.10648115,-0.2888784,0.710575,-0.18879497,0.2169387,0.34880427,-0.3125878,0.009456642,0.19290912,0.7442563,0.9059147,0.89866877,0.7936845,0.88161814,0.92574143,0.75111,0.8436672,0.7086327,0.82317,0.8634059,0.87562084,0.7663006,0.42111418,0.86775404,0.8281247,0.72765374,0.78895044,0.90299934,0.85082734
1.0,-0.31759924,0.023429526,-0.12164639,0.3051533,0.12590826,0.0009101443,0.29151586,-0.19530591,0.38308328,-0.13324253,0.15479085,-0.10552609,-0.2866445,0.70799893,-0.1889249,0.21077025,0.3497911,-0.31336126,0.008183531,0.1885845,0.7432023,0.9062501,0.898068,0.79177684,0.8821849,0.92080605,0.7484272,0.8464692,0.70764923,0.8257139,0.8628281,0.8760664,0.7642892,0.41885757,0.8670459,0.8279452,0.7241239,0.78786963,0.9026223,0.8488135
1.0,-0.31518698,0.020854013,-0.12078864,0.30140072,0.12243541,0.0018808953,0.2887322,-0.19092503,0.37894654,-0.12975688,0.1524509,-0.104813494,-0.28353631,0.7025449,-0.18805994,0.20591444,0.34746316,-0.31208688,0.0071278736,0.18512636,0.743203,0.90685433,0.89773715,0.7913685,0.8833247,0.9180276,0.7481117,0.8485653,0.7077066,0.82829237,0.86291105,0.8773929,0.76411694,0.41906565,0.8674165,0.8287591,0.7226429,0.78806543,0.90249646,0.8483273
1.0,-0.31766576,0.019981096,-0.12064357,0.3025171,0.1241113,0.0026826803,0.2899338,-0.19202116,0.38042998,-0.1298034,0.15288329,-0.1037398,-0.2854659,0.70691675,-0.18949588,0.2057921,0.3511931,-0.31463802,0.0076637194,0.18437192,0.74163234,0.9063042,0.8975299,0.7887014,0.8830949,0.9159517,0.74584854,0.8485082,0.7059678,0.82887805,0.86214924,0.8765781,0.7620973,0.4161887,0.86639744,0.82740474,0.7202209,0.78671765,0.9011864,0.8471565
0.0,-0.30808812,0.008740352,-0.11731289,0.2868798,0.10976776,0.007013385,0.2790674,-0.17376593,0.3635152,-0.11500658,0.1436832,-0.100919716,-0.27302966,0.68544537,-0.18639416,0.1847929,0.34309042,-0.31038442,0.0032065995,0.16965692,0.74092406,0.9085133,0.8959058,0.7861985,0.88750386,0.9034847,0.7432669,0.85764116,0.7060176,0.83955055,0.8618752,0.88167244,0.7606899,0.41588798,0.8673219,0.83041894,0.71310425,0.786857,0.90030056,0.8442471
0.0,-0.31377962,0.015255442,-0.119736835,0.2965677,0.11785693,0.004164935,0.2862967,-0.18506885,0.3738402,-0.12415649,0.15015061,-0.10352248,-0.28034773,0.69882107,-0.18835792,0.1971874,0.34898898,-0.31359786,0.0057778507,0.17883864,0.74096173,0.9067021,0.89669347,0.7879956,0.88437706,0.91130185,0.74419636,0.8525535,0.7063489,0.8322334,0.86200464,0.8781049,0.7614795,0.41550705,0.86625206,0.8284123,0.71740556,0.78652954,0.90109,0.8458443
0.0,-0.31507853,0.021364767,-0.12119037,0.30206442,0.12260512,0.0013811113,0.28937,-0.1917556,0.37962067,-0.13055503,0.1532716,-0.10564616,-0.28368488,0.702923,-0.18798067,0.2067959,0.34763142,-0.31214607,0.007208772,0.18615314,0.743291,0.90655464,0.8977422,0.79210836,0.88293403,0.91922784,0.74834317,0.84834117,0.7082655,0.82726246,0.8630244,0.8770709,0.76458603,0.4193467,0.8672889,0.8287858,0.7234493,0.78819835,0.9028314,0.84862125
0.0,-0.30758044,0.0010213088,-0.1153251,0.27923343,0.10389388,0.011261264,0.2755254,-0.16447018,0.3554328,-0.10620642,0.13934004,-0.09761612,-0.2697543,0.6814156,-0.18727154,0.17157358,0.34599006,-0.3129092,0.0010279007,0.15972972,0.7378953,0.9092823,0.8945132,0.77970463,0.8891328,0.89129627,0.73682964,0.8635149,0.70276946,0.8465347,0.8598953,0.88261116,0.7554937,0.4102759,0.8659939,0.82971525,0.7043526,0.7841395,0.89794666,0.8392956
0.0,-0.30723828,0.002249985,-0.116739154,0.28058845,0.10287762,0.010057388,0.27754977,-0.16610847,0.35636395,-0.107930005,0.14211088,-0.10029216,-0.26964632,0.6822871,-0.18710741,0.17298627,0.3471351,-0.31352836,0.0008442998,0.16201305,0.7381091,0.9085527,0.89442265,0.7819268,0.887714,0.89380187,0.7367028,0.86370474,0.7043305,0.8430929,0.86010987,0.8814649,0.7563916,0.410454,0.86520314,0.82964605,0.70604914,0.7841433,0.8994598,0.83950204
0.0,-0.30976,-0.004640147,-0.11332056,0.2747946,0.10215363,0.015286615,0.27374727,-0.15877883,0.35111415,-0.09995909,0.1361214,-0.09333275,-0.2698367,0.68271184,-0.1892138,0.16253418,0.35092518,-0.31664747,-2.7120113e-06,0.15175992,0.73459285,0.9098217,0.89353764,0.7723406,0.89032066,0.8805585,0.7307132,0.867043,0.6984898,0.85259795,0.85753727,0.88277006,0.7498944,0.4042809,0.86457866,0.82815874,0.696098,0.7810731,0.894913,0.8344655
0.0,-0.30777693,0.006066405,-0.117969245,0.2842866,0.105332635,0.0079797935,0.2799161,-0.17067555,0.360084,-0.11235258,0.14477816,-0.10245752,-0.27133548,0.68482226,-0.1867704,0.17910936,0.3465701,-0.31272858,0.0016803704,0.16710028,0.7395508,0.9081259,0.8949953,0.7852253,0.88651305,0.8995258,0.739218,0.8611962,0.7060246,0.8391495,0.8609858,0.88055164,0.7586063,0.4127861,0.8655561,0.8298364,0.71022797,0.7852169,0.90098435,0.84150857
1.0,-0.31415167,0.015414717,-0.11974712,0.2965182,0.11777391,0.004310102,0.286521,-0.18500765,0.3736816,-0.124123424,0.15022594,-0.10344363,-0.2805544,0.6992233,-0.18846582,0.19710326,0.3493208,-0.31375846,0.005653888,0.17879781,0.74104464,0.906857,0.8967306,0.7879152,0.8842498,0.9109471,0.7439623,0.8526189,0.7061868,0.83215666,0.861924,0.87798214,0.761213,0.41533902,0.8661872,0.828314,0.7172108,0.78638846,0.901236,0.84553736
1.0,-0.31262434,0.01205113,-0.118646026,0.29249668,0.114457585,0.0060100304,0.2837812,-0.18018422,0.3693794,-0.11987524,0.14759752,-0.10184568,-0.27796,0.69501275,-0.18820225,0.19115931,0.34845757,-0.31350303,0.004572414,0.17412847,0.7403108,0.9074805,0.89627075,0.7859902,0.88546973,0.90629846,0.7423927,0.85510385,0.70526755,0.8355874,0.86147505,0.87919056,0.75985235,0.4141314,0.86614794,0.82861334,0.714105,0.7858505,0.90046674,0.84412247
0.0,-0.3101379,0.0029989555,-0.11598246,0.28302678,0.107311256,0.010503475,0.2781315,-0.16879494,0.35958403,-0.10940917,0.14155434,-0.09793827,-0.27274713,0.68712324,-0.18835308,0.17606354,0.34879133,-0.3146051,0.0021671206,0.1625767,0.7374536,0.9084568,0.89478606,0.77959764,0.88815683,0.89362246,0.7368349,0.8614991,0.702341,0.8443022,0.8598217,0.8813247,0.755358,0.40949264,0.8654173,0.82867175,0.7052125,0.78375244,0.8977331,0.83974814
1.0,-0.31394613,0.010373268,-0.118071645,0.29206645,0.11492922,0.0071190866,0.2836868,-0.1794956,0.36919796,-0.118600205,0.14687794,-0.10041596,-0.2786413,0.69682163,-0.1891474,0.18935892,0.35068712,-0.31517676,0.004705429,0.17216273,0.7389748,0.90728927,0.89598334,0.7833343,0.8858038,0.9033747,0.74043334,0.85569227,0.70367134,0.8373108,0.8608156,0.87902415,0.75802547,0.41184708,0.8655449,0.8277856,0.7114612,0.78480595,0.8991336,0.842925
0.0,-0.30456227,-0.0029456522,-0.11553341,0.27425545,0.09738182,0.012330031,0.27400672,-0.15860254,0.34966534,-0.10147801,0.13871478,-0.0989849,-0.2656044,0.67568904,-0.1866035,0.16350797,0.346225,-0.31346852,-0.00094383955,0.15546224,0.73691493,0.90925485,0.8934683,0.7792288,0.8891452,0.8868577,0.73379457,0.86805856,0.70354265,0.8476633,0.85927606,0.88280636,0.754459,0.40858597,0.864942,0.83022165,0.7016188,0.78327656,0.8985108,0.83704734
0.0,-0.30831772,-0.0011942293,-0.11482961,0.2779614,0.10312896,0.012566708,0.2752376,-0.16274728,0.35424525,-0.104099676,0.13870768,-0.09643419,-0.26973608,0.6821916,-0.18810607,0.16840091,0.3482697,-0.31467038,0.0007117316,0.15700954,0.73640627,0.9091098,0.894097,0.777149,0.8893618,0.88773376,0.7344065,0.8648613,0.701405,0.84823287,0.8590231,0.88248605,0.75355774,0.40779367,0.8651701,0.8290228,0.70132506,0.78291714,0.8968224,0.8375714
1.0,-0.31715223,0.020342615,-0.12071809,0.30241397,0.12384742,0.0024416363,0.28973794,-0.19194685,0.3802464,-0.12995479,0.15286945,-0.10401422,-0.2851255,0.7060568,-0.18917224,0.20606944,0.35033217,-0.31402928,0.0075742602,0.18471181,0.7420417,0.9064341,0.89760995,0.78940266,0.88310736,0.9166066,0.74646205,0.84841096,0.7063944,0.8286144,0.8623375,0.8767408,0.7626199,0.41692162,0.86665076,0.82771295,0.72090584,0.78705287,0.90152967,0.8474821
0.0,-0.30620313,0.00019719079,-0.11615745,0.27803013,0.10084154,0.010993872,0.27599302,-0.1630907,0.35367298,-0.105352476,0.14054003,-0.09961003,-0.2680693,0.6795954,-0.18688163,0.16926888,0.34658682,-0.3133681,0.00016836822,0.15937963,0.7377,0.9089067,0.8940671,0.78077763,0.8883913,0.89099026,0.735667,0.8653521,0.7039345,0.84513414,0.8598217,0.8820815,0.7556198,0.40981394,0.8652217,0.8299081,0.7043023,0.78386307,0.89901686,0.83860445
1.0,-0.3174441,0.017562186,-0.11976838,0.30018312,0.122525565,0.004087058,0.2883764,-0.1891526,0.37801373,-0.12701021,0.15111569,-0.10218249,-0.28434768,0.70539373,-0.18973812,0.20193696,0.3515502,-0.31510472,0.00713259,0.18102723,0.7407726,0.9066342,0.897212,0.78662217,0.88392746,0.9122559,0.74429053,0.8500094,0.70476496,0.8314605,0.861684,0.8772122,0.760616,0.41465563,0.8661643,0.8272229,0.7174682,0.7860245,0.90027237,0.84594274
0.0,-0.31657282,0.027925085,-0.12291906,0.30829704,0.12805885,-0.0017278013,0.2930598,-0.19931221,0.3862871,-0.1376816,0.15700167,-0.10818572,-0.2876081,0.70795786,-0.18772459,0.21728453,0.34675953,-0.31100494,0.008855902,0.19429263,0.7455181,0.9061421,0.8987499,0.79633826,0.881195,0.92785555,0.75250334,0.84380835,0.7103922,0.8216621,0.86393666,0.8756622,0.76785684,0.42323834,0.86824226,0.8290971,0.72997195,0.78984076,0.9045656,0.8514634
1.0,-0.31909326,0.024241418,-0.12142578,0.30686635,0.12861314,0.0008906638,0.2918939,-0.19718465,0.38531935,-0.13441744,0.15464504,-0.104403384,-0.288501,0.71068114,-0.18954316,0.21318188,0.35037407,-0.31383103,0.009136062,0.18933803,0.74299806,0.9061853,0.8983326,0.79069495,0.8824126,0.9212631,0.7488461,0.84503704,0.7067178,0.8260325,0.8627396,0.8760071,0.7640625,0.41862947,0.8672485,0.82746416,0.72406477,0.7878165,0.9016962,0.849256
1.0,-0.31459033,0.015437992,-0.11914131,0.2963544,0.11872577,0.0047270637,0.28572124,-0.18478048,0.37368077,-0.12382889,0.14902876,-0.102110654,-0.2809884,0.69930434,-0.18855196,0.19731951,0.3486595,-0.31335476,0.0059220195,0.17820671,0.7412003,0.90732026,0.8968962,0.78703254,0.88487273,0.9101798,0.74437106,0.8521366,0.7053932,0.8334993,0.86191314,0.87847066,0.7609148,0.41552573,0.8667107,0.8283332,0.71679294,0.78650016,0.9006508,0.84565586
1.0,-0.32066625,0.026235094,-0.12199364,0.309582,0.13133648,8.496316e-05,0.29370025,-0.20037837,0.38838005,-0.13701251,0.15612032,-0.10488027,-0.29073167,0.714296,-0.19003959,0.21695212,0.35155058,-0.3144591,0.010003213,0.19198991,0.7431629,0.9058104,0.89861,0.7910698,0.88172156,0.9235161,0.7494175,0.8433706,0.70675457,0.8243052,0.8627727,0.8751801,0.76442,0.41884005,0.8671877,0.82701266,0.7254074,0.787873,0.90173256,0.84984934
1.0,-0.31526008,0.01643287,-0.119837776,0.2980328,0.11955055,0.00408391,0.2872571,-0.18673089,0.37543124,-0.12540302,0.15069604,-0.10312635,-0.28193873,0.7014214,-0.18885744,0.1992144,0.34995186,-0.31410807,0.006213352,0.17988518,0.7410594,0.90676284,0.8969548,0.7877394,0.8840734,0.91184396,0.7443284,0.8515308,0.70583177,0.83164114,0.8618993,0.8777095,0.7612112,0.4153208,0.8662248,0.82797563,0.7176188,0.78636044,0.9010073,0.8458424
0.0,-0.31335694,0.012131497,-0.11873236,0.29288006,0.11487868,0.006074055,0.28439608,-0.18063487,0.36976087,-0.120167404,0.14793804,-0.10190649,-0.27856264,0.69630635,-0.18851465,0.19135687,0.3494872,-0.31413835,0.0046604313,0.17437553,0.7401026,0.9073737,0.89621186,0.78558266,0.88522667,0.90599585,0.74182606,0.8550829,0.704986,0.83539015,0.8613403,0.8787774,0.75939363,0.41355526,0.86591285,0.82830054,0.7138039,0.7855607,0.9003985,0.8438095
1.0,-0.31622836,0.016373064,-0.1188584,0.29826143,0.12170308,0.0047540097,0.28620693,-0.18689606,0.37620014,-0.12514311,0.14897005,-0.1008109,-0.28300652,0.7022896,-0.1892582,0.20001751,0.34929943,-0.3138339,0.0069239065,0.1790153,0.7409905,0.90723884,0.8972233,0.7859887,0.88511217,0.9108213,0.7449005,0.8504335,0.7044156,0.833771,0.8617973,0.8784415,0.7607101,0.41530928,0.86687773,0.8278036,0.71674424,0.78642595,0.8996859,0.84611434
1.0,-0.3120062,0.013783455,-0.118875936,0.29323298,0.11519443,0.0050591184,0.283818,-0.18125273,0.37006927,-0.12135324,0.14775912,-0.1026067,-0.27801758,0.69413584,-0.18748102,0.19348606,0.34638306,-0.311962,0.004808929,0.17617291,0.74159294,0.90775865,0.8965851,0.7878213,0.88541067,0.9088418,0.7443729,0.8540598,0.70627743,0.83461785,0.8621299,0.8793454,0.76134634,0.4163006,0.8670053,0.8292892,0.71650845,0.7868977,0.90126103,0.8454044
1.0,-0.31932485,0.026152814,-0.12190573,0.30845973,0.12999937,-3.1266827e-05,0.29279605,-0.1991436,0.38699573,-0.13637336,0.15558396,-0.105182715,-0.28944305,0.7116883,-0.18934086,0.21608728,0.34977546,-0.3132695,0.009555396,0.1916672,0.7437901,0.90616024,0.8986289,0.7920601,0.88196397,0.92376554,0.7501879,0.84379864,0.7074297,0.82448334,0.8630626,0.8756872,0.7651191,0.41996983,0.8676367,0.827679,0.72607654,0.788401,0.9022898,0.8501385
0.0,-0.30828413,0.004044001,-0.11606449,0.2824306,0.10651364,0.009726411,0.2771271,-0.1683313,0.3588034,-0.1097524,0.14106523,-0.09870982,-0.27141446,0.68377596,-0.18713991,0.17685246,0.34540743,-0.31225353,0.0019536316,0.16359746,0.73894507,0.9089791,0.89505637,0.78186935,0.8884487,0.8957406,0.7390542,0.8611503,0.70372534,0.84388775,0.8605914,0.8820968,0.7571796,0.41209117,0.86642206,0.8297808,0.7074723,0.7850217,0.89874053,0.8410664
0.0,-0.31076247,0.012439584,-0.119216315,0.2919948,0.11285543,0.0051320223,0.28372583,-0.17980143,0.36861372,-0.12014674,0.14826667,-0.10365605,-0.27646342,0.69235885,-0.1872662,0.19108996,0.34676602,-0.3123355,0.0041453764,0.17516384,0.74107385,0.90733856,0.89621115,0.7882108,0.88515353,0.9082266,0.7433793,0.8555105,0.7069766,0.8342435,0.8619909,0.8792517,0.7613304,0.41566437,0.86633307,0.82939833,0.7159096,0.7866018,0.9016104,0.84484965
0.0,-0.31167966,0.009898339,-0.118357256,0.29017335,0.112006746,0.0068242084,0.28281605,-0.17743427,0.36680633,-0.11748904,0.14676781,-0.10175435,-0.27631718,0.6928047,-0.18809639,0.18731898,0.34872714,-0.31386507,0.0037915632,0.1717127,0.7396693,0.907524,0.89581794,0.7850878,0.88576883,0.90367806,0.7408803,0.856999,0.7050831,0.8369069,0.8611568,0.8794402,0.7589929,0.41303557,0.8657346,0.82868356,0.71229994,0.78535175,0.9002711,0.8430416
0.0,-0.30730066,0.03317902,-0.123174205,0.30421293,0.123092555,-0.005209408,0.28956142,-0.1958466,0.38051003,-0.13883856,0.15574427,-0.112817824,-0.28106463,0.6919539,-0.1819032,0.21895829,0.33204034,-0.3008392,0.0069065727,0.19902746,0.7528568,0.90859586,0.8993255,0.80742985,0.88176435,0.9365746,0.76170915,0.84310114,0.71761954,0.8189203,0.86704636,0.87783784,0.77593374,0.43610954,0.87284887,0.8349521,0.74107426,0.7954466,0.9105177,0.8556011
0.0,-0.3069787,0.001595485,-0.116589114,0.27987048,0.10228548,0.01033346,0.27716538,-0.16525578,0.3556131,-0.107179925,0.14171067,-0.10013233,-0.2692126,0.68161315,-0.18708146,0.17186254,0.3471217,-0.31358626,0.00065511465,0.16124332,0.7379246,0.9086067,0.89429414,0.7815345,0.88788193,0.8929387,0.73630065,0.86421996,0.7042016,0.8436612,0.8600075,0.8815892,0.7561184,0.41016665,0.86515516,0.82968473,0.7054789,0.7840189,0.8993067,0.8392022
0.0,-0.31113353,0.008843289,-0.11812799,0.2888943,0.11082227,0.0072611226,0.28213573,-0.17593531,0.3654073,-0.11622971,0.14612868,-0.101567134,-0.2754482,0.6914711,-0.18797725,0.18538186,0.34858176,-0.31385535,0.0034090765,0.17043284,0.73944473,0.9076489,0.89561146,0.78461474,0.8860297,0.90231043,0.74027145,0.8579066,0.7049539,0.83776975,0.8610274,0.879677,0.7585975,0.4126451,0.8656624,0.8287936,0.7114413,0.7851796,0.9001482,0.8425654
0.0,-0.30896816,0.0061199097,-0.117656715,0.28521803,0.106960975,0.008270515,0.28008714,-0.1716149,0.36134148,-0.11270076,0.14457342,-0.101380095,-0.27253646,0.6868084,-0.18737487,0.18006355,0.34747458,-0.3133851,0.0021912642,0.16698343,0.7390621,0.90801543,0.895124,0.7840632,0.8866973,0.8991741,0.73905194,0.8604554,0.7050965,0.83971024,0.86076164,0.8805351,0.7580488,0.4120941,0.8654944,0.82935107,0.7095451,0.7849179,0.9001446,0.84145063
0.0,-0.31554773,0.017931115,-0.12029797,0.2995775,0.12075887,0.0032922216,0.2881683,-0.18859327,0.3770815,-0.12712911,0.15169202,-0.10383862,-0.28277925,0.70257854,-0.18879321,0.20172682,0.3497741,-0.31386563,0.006615214,0.18185225,0.74153656,0.9065772,0.89719033,0.7888412,0.88363564,0.9140468,0.7453181,0.8504676,0.706411,0.8301932,0.86215854,0.87737334,0.7620574,0.41619983,0.8663812,0.8280271,0.71918756,0.7867555,0.9014327,0.8465977
0.0,-0.31511277,0.013161573,-0.11879845,0.2949529,0.11740766,0.0059091058,0.28552204,-0.18297292,0.37221402,-0.121758536,0.14859627,-0.1013706,-0.28058118,0.6997483,-0.18924773,0.19392753,0.35091433,-0.3150336,0.0054686517,0.17561224,0.73980826,0.90709513,0.8964308,0.7848934,0.884986,0.9068014,0.74188286,0.8537191,0.7042807,0.83488303,0.8612033,0.8782813,0.7590782,0.41303962,0.8657741,0.8276563,0.7139045,0.78531283,0.8998431,0.8440261
0.0,-0.31201747,0.009858485,-0.11820823,0.29028004,0.11241057,0.0069821775,0.28276548,-0.17752984,0.36699682,-0.11745979,0.14655834,-0.10134919,-0.27661484,0.6932508,-0.18825112,0.18742931,0.3489053,-0.31399935,0.0039055347,0.17154491,0.7395681,0.90757203,0.8958498,0.7846728,0.8858829,0.90337944,0.7408082,0.8568425,0.7047558,0.8372288,0.8610865,0.8794828,0.75876766,0.4128423,0.86575985,0.82856333,0.71201605,0.7852651,0.9000193,0.8429724
0.0,-0.31133306,0.008000704,-0.117814586,0.28825343,0.110533856,0.007815766,0.28173116,-0.17510346,0.36479145,-0.11530858,0.14556785,-0.10089268,-0.27533716,0.6914386,-0.18821093,0.18414184,0.34905753,-0.31426105,0.0032914057,0.16924934,0.73900545,0.90772533,0.8955,0.7836257,0.88628286,0.90086985,0.7395574,0.85836715,0.7043598,0.83870053,0.86076283,0.87981576,0.75790477,0.41188014,0.8655083,0.8286063,0.7102958,0.7848151,0.89968747,0.84201825
0.0,-0.31724215,0.017490545,-0.119662255,0.29958874,0.122009434,0.0042355573,0.2881012,-0.18850292,0.37725604,-0.12661974,0.15080804,-0.10212512,-0.28401694,0.704716,-0.18957578,0.20131409,0.35119605,-0.3148117,0.0068932734,0.18070653,0.74100375,0.9069037,0.89719516,0.78671354,0.8840009,0.9118033,0.7442599,0.85029274,0.7047788,0.8317281,0.8616978,0.8773182,0.7605322,0.41482735,0.866301,0.8273837,0.7174064,0.786067,0.9004902,0.8457669
0.0,-0.31284276,0.0077897003,-0.11694253,0.28882897,0.11289223,0.008556872,0.28124037,-0.17565821,0.36589742,-0.11522682,0.14428996,-0.09871113,-0.27681714,0.6934414,-0.18891862,0.18488699,0.34955904,-0.3146832,0.00398767,0.16845566,0.7385321,0.90795094,0.8956829,0.78154546,0.8870353,0.89961386,0.7394953,0.85735345,0.70275486,0.84058666,0.8604805,0.8801696,0.7569695,0.41117704,0.86581266,0.8281149,0.70905083,0.7845284,0.89826787,0.8419433
1.0,-0.31256792,0.019523587,-0.12082192,0.29992586,0.12026436,0.0015698252,0.28735176,-0.18922722,0.37748492,-0.12849095,0.15207595,-0.10566107,-0.2811482,0.69850856,-0.18719126,0.20402679,0.34547856,-0.31104198,0.006705858,0.18416834,0.7431044,0.90649605,0.89749277,0.79243624,0.88375485,0.9186673,0.7487046,0.84953904,0.7089362,0.82850343,0.8632242,0.8781447,0.7652923,0.41989696,0.867455,0.82950175,0.72307825,0.7886073,0.90264,0.84894395
1.0,-0.3153116,0.019705573,-0.120656475,0.30092144,0.12197072,0.0023197168,0.2885991,-0.19027936,0.3785289,-0.12890443,0.15228583,-0.1045419,-0.28331077,0.7027133,-0.18837228,0.20452604,0.34843868,-0.31286085,0.0070360824,0.18402815,0.74245346,0.9065967,0.8975149,0.7903988,0.883424,0.916756,0.7470684,0.8492105,0.7072667,0.82891095,0.862641,0.87734747,0.76341695,0.41792387,0.8669664,0.82843786,0.7213922,0.78757614,0.9019908,0.847792
1.0,-0.3199545,0.030129483,-0.123183355,0.31264287,0.13347381,-0.0022349413,0.2951445,-0.20415643,0.391599,-0.14100021,0.15816309,-0.10712813,-0.29181942,0.7147264,-0.18914214,0.22289214,0.34920707,-0.31265593,0.010738447,0.19699289,0.7449678,0.90560067,0.89920324,0.79479605,0.8808337,0.92969304,0.75287366,0.84097666,0.7090154,0.8206937,0.8636504,0.87478864,0.7674614,0.42240468,0.86812663,0.82786673,0.7303589,0.78949195,0.9032192,0.8521762
1.0,-0.3167877,0.020364102,-0.12034738,0.30237976,0.12446693,0.0024502948,0.28883654,-0.19186589,0.38044053,-0.12985049,0.15197805,-0.10326913,-0.28503972,0.70525396,-0.18898758,0.20655018,0.34905297,-0.31330764,0.007884838,0.1844818,0.74223334,0.90662533,0.89775264,0.78920907,0.88370365,0.9168484,0.7473584,0.8479156,0.70622736,0.82944703,0.8625122,0.8773305,0.7630214,0.41759485,0.8671797,0.82796097,0.7211296,0.7874523,0.9010848,0.84809566
1.0,-0.3158633,0.018715106,-0.120350346,0.3005492,0.12198114,0.0029364927,0.28840986,-0.18973735,0.37825847,-0.12808396,0.15184763,-0.1037752,-0.28347057,0.70338404,-0.18882287,0.20337525,0.3494911,-0.31366432,0.0070560724,0.18282098,0.7417507,0.9065206,0.8973624,0.7890501,0.88364303,0.91514766,0.74604106,0.8496206,0.7064484,0.8298667,0.86230993,0.8773489,0.7624728,0.41670805,0.8666346,0.8280275,0.7199327,0.7870295,0.9013185,0.84717494
1.0,-0.31664696,0.022029493,-0.12123205,0.3036567,0.1246408,0.0013610721,0.29029348,-0.19352496,0.38154292,-0.13168651,0.1537351,-0.10511494,-0.28539538,0.7058898,-0.18867157,0.2086389,0.34903905,-0.31306,0.0078691095,0.18696171,0.7429284,0.9063362,0.89787644,0.79124886,0.88275206,0.9194983,0.74812305,0.8473704,0.7075315,0.82701105,0.8628252,0.876633,0.7641114,0.41865653,0.86710906,0.82817554,0.7232302,0.7878737,0.9022615,0.84863585
1.0,-0.31670463,0.021579338,-0.12095782,0.30319452,0.12449282,0.0017202226,0.2898516,-0.1929363,0.3810926,-0.13108641,0.15318839,-0.104541935,-0.2852653,0.70563495,-0.18875198,0.207955,0.3489963,-0.31308782,0.007816374,0.1861847,0.74279,0.9064919,0.8978574,0.79068494,0.88302636,0.91863567,0.74789995,0.8475612,0.7071376,0.82773644,0.8627306,0.87685424,0.7637679,0.41837835,0.86714673,0.82813084,0.7225941,0.78774995,0.9019806,0.848417
1.0,-0.31663108,0.019580163,-0.12006958,0.3010984,0.12333735,0.0030018538,0.28833687,-0.19039209,0.37890542,-0.12867256,0.15135805,-0.10295782,-0.2844021,0.70432305,-0.1889308,0.20467812,0.34911177,-0.31332216,0.007409256,0.1832662,0.7421846,0.90694696,0.89760953,0.78874695,0.883867,0.9152508,0.7466522,0.8487667,0.7059326,0.83027726,0.862363,0.8774693,0.76240194,0.4171631,0.8671307,0.8280135,0.72021955,0.7872073,0.9011515,0.847417
1.0,-0.31627488,0.025469415,-0.12229706,0.30617005,0.12620327,-0.0005314206,0.29186115,-0.19670412,0.38403118,-0.13511984,0.15573466,-0.1071845,-0.2863521,0.7065651,-0.18795893,0.21349281,0.34745064,-0.3116678,0.008303944,0.19128075,0.7445584,0.90622866,0.8983742,0.79459393,0.8817873,0.924573,0.7507815,0.8454424,0.70946807,0.8236933,0.86354536,0.87609744,0.76648873,0.42153203,0.86777335,0.82883906,0.7273755,0.78911215,0.90383476,0.850336
1.0,-0.31525886,0.017512757,-0.11995496,0.29906902,0.120763935,0.003497664,0.28742898,-0.18799363,0.3766554,-0.12659682,0.1508876,-0.10330042,-0.28247806,0.7017631,-0.18867487,0.20124018,0.34909418,-0.31350452,0.0066644624,0.18124166,0.74154675,0.9067401,0.897182,0.78844196,0.8840818,0.9135527,0.74551994,0.8505266,0.706186,0.83108974,0.8622102,0.87776256,0.76203746,0.4163595,0.86666113,0.82817644,0.71892345,0.78689486,0.9010922,0.846732
0.0,-0.31822556,0.02278018,-0.12156363,0.30525392,0.12613723,0.0012531038,0.29174554,-0.19533928,0.383303,-0.13293572,0.15483549,-0.10517939,-0.28700775,0.7090877,-0.18937887,0.21023634,0.35103032,-0.3142601,0.008288499,0.18799663,0.7425387,0.90600675,0.8979372,0.79078496,0.8821715,0.9198681,0.7475091,0.84669346,0.7070782,0.82607967,0.8625556,0.87586516,0.76356566,0.41774446,0.8666269,0.8274981,0.7230813,0.787373,0.90210706,0.8483564
0.0,-0.31122792,0.010009341,-0.11813684,0.29000187,0.11223058,0.0067360736,0.2821955,-0.1772712,0.3667311,-0.11744672,0.1461781,-0.10147834,-0.27606943,0.6918686,-0.18782039,0.187597,0.34756795,-0.3131289,0.0038982593,0.17173548,0.7399879,0.90769887,0.89591956,0.7852971,0.8861342,0.90406007,0.74164426,0.85670465,0.7051976,0.8373661,0.8613674,0.879855,0.759443,0.41376916,0.8661754,0.828991,0.7127308,0.7857527,0.9001709,0.8435328
0.0,-0.30963144,0.006216516,-0.11758728,0.2858247,0.10787092,0.008316232,0.28038204,-0.1722844,0.36210573,-0.11308363,0.1446342,-0.101055056,-0.27323094,0.6880441,-0.18769081,0.18068624,0.34811544,-0.31381088,0.0024874508,0.16718793,0.73881286,0.90788496,0.8951432,0.78353065,0.8866944,0.8991336,0.73889434,0.8600747,0.7047026,0.8398164,0.8606775,0.880368,0.75776947,0.4117174,0.8654332,0.8290807,0.7093302,0.78476435,0.8997825,0.841455
1.0,-0.31452578,0.019617956,-0.12081796,0.30011156,0.12067557,0.0022175368,0.28846908,-0.18944275,0.3774131,-0.1285283,0.15240023,-0.10523285,-0.2824243,0.7012915,-0.1879582,0.20360234,0.3478965,-0.3124145,0.006555848,0.18395841,0.7428009,0.90673286,0.89742225,0.7912068,0.88326406,0.9167874,0.7470789,0.8498187,0.70786726,0.82858545,0.8627549,0.87735337,0.7636831,0.41834804,0.8669936,0.8287809,0.72176224,0.7877266,0.90264565,0.84766906
0.0,-0.31541649,0.015637651,-0.11964604,0.2977139,0.11944618,0.004442611,0.28705096,-0.18628958,0.37520194,-0.1247908,0.15040006,-0.102720164,-0.2818811,0.7015974,-0.18910062,0.1983265,0.3505424,-0.31460646,0.0062226653,0.17904891,0.74054104,0.9066317,0.89681524,0.78689677,0.88424635,0.9108607,0.74367267,0.8518738,0.7053982,0.83228755,0.8617035,0.87774044,0.7606864,0.41455874,0.8659975,0.8277544,0.7166943,0.7860386,0.90053016,0.8455004
1.0,-0.3125719,0.010771258,-0.11856367,0.2917083,0.11359704,0.0064481646,0.28369945,-0.17920665,0.36857504,-0.11883251,0.14747423,-0.10182986,-0.27751186,0.6948488,-0.1884405,0.18933165,0.34944662,-0.31429076,0.004333727,0.17297733,0.7395994,0.90722877,0.89596,0.78511053,0.8854951,0.9048399,0.7411686,0.85603315,0.70497787,0.83615416,0.86119455,0.8790475,0.7591329,0.41300157,0.86566615,0.82837194,0.7128507,0.7853526,0.9001084,0.84343016
0.0,-0.31876558,0.019629437,-0.1204269,0.30294955,0.12502879,0.0031251833,0.2902296,-0.19241537,0.3810838,-0.1297155,0.15278342,-0.10293437,-0.28635296,0.70869595,-0.19012652,0.20582658,0.3525147,-0.31558895,0.007954709,0.1838764,0.74102104,0.9061798,0.8975038,0.78740454,0.8831741,0.914952,0.7450596,0.84832644,0.70507264,0.8294309,0.8618342,0.87639326,0.76124555,0.415081,0.8660859,0.8268548,0.7191014,0.78619796,0.900484,0.8467067
0.0,-0.30734,0.0029727453,-0.11680496,0.28135997,0.1037676,0.009657903,0.2777622,-0.16706942,0.35726452,-0.10882108,0.14227854,-0.10043186,-0.27005336,0.6826794,-0.187022,0.17442095,0.3466563,-0.3131555,0.0011552684,0.16301492,0.73843175,0.9084969,0.8945753,0.7824224,0.8877021,0.89500767,0.73748535,0.8629695,0.7045602,0.84270144,0.8603651,0.8814594,0.75692624,0.41111022,0.8654713,0.8297413,0.7069266,0.7844997,0.89952445,0.84013194
0.0,-0.3157256,0.010504251,-0.11805391,0.29305997,0.11625897,0.0074560437,0.28473932,-0.1805756,0.3703044,-0.119127184,0.14736393,-0.099900484,-0.2801722,0.69992656,-0.18997554,0.18995136,0.35293636,-0.31661093,0.0050418414,0.17228115,0.7383535,0.9071085,0.8959429,0.78204614,0.88548154,0.90250415,0.73929465,0.8553789,0.7026853,0.8372651,0.8604069,0.87834746,0.7568858,0.41044223,0.8650531,0.8269982,0.71047467,0.78407943,0.8986536,0.8422372
1.0,-0.31742546,0.022583496,-0.12142691,0.30461565,0.12555367,0.0012116367,0.29105446,-0.19462049,0.3826086,-0.13249062,0.15433173,-0.10518733,-0.2862813,0.70752215,-0.18899733,0.20975566,0.3498905,-0.31356406,0.008137692,0.18769446,0.74281543,0.9061689,0.8979479,0.791147,0.8824548,0.91996306,0.7480085,0.84688014,0.7073757,0.82643515,0.8627384,0.87625647,0.76398367,0.4183768,0.8669326,0.82787365,0.7233663,0.7877095,0.9022095,0.84862894
0.0,-0.30947927,0.003904081,-0.11573808,0.28289923,0.10771181,0.010188779,0.27733254,-0.16878912,0.35948586,-0.10978675,0.1407966,-0.097712845,-0.2724633,0.68560994,-0.1877284,0.17711791,0.3465279,-0.31300193,0.0022605993,0.16320333,0.7384788,0.90899456,0.89509124,0.7805874,0.88858366,0.89480376,0.7384841,0.86077344,0.70275754,0.8445833,0.8602817,0.88196796,0.75633734,0.41120633,0.8662947,0.8292953,0.7065247,0.78458357,0.8980505,0.8406707
1.0,-0.31652054,0.020270582,-0.12055735,0.30190092,0.12350083,0.002407332,0.28911355,-0.19138019,0.37971002,-0.12962669,0.15235162,-0.10393152,-0.28458145,0.704747,-0.18883713,0.20580408,0.34923664,-0.3133487,0.0074874535,0.18451142,0.7423532,0.9066292,0.89764905,0.7897002,0.88339436,0.9167235,0.7469974,0.848466,0.7066119,0.8289883,0.8625137,0.8771121,0.7630025,0.4175611,0.8669891,0.82805556,0.721209,0.787389,0.90159684,0.84776556
1.0,-0.3157289,0.021470733,-0.12103416,0.30258468,0.12356774,0.0015069479,0.28943545,-0.19229484,0.38032776,-0.13080259,0.15309303,-0.10506305,-0.28437588,0.70399255,-0.18828209,0.20742089,0.348018,-0.31244022,0.007543806,0.18616915,0.7430994,0.90654474,0.89781284,0.7914554,0.8830689,0.91904545,0.7483088,0.84791005,0.7077514,0.8275981,0.8629344,0.8770625,0.76430786,0.41904345,0.8673231,0.82854176,0.7231434,0.7880791,0.9023778,0.84866023
0.0,-0.312408,0.010370362,-0.118342265,0.29060328,0.11268871,0.0068550296,0.28320983,-0.17796096,0.36720836,-0.11795147,0.14684755,-0.10158211,-0.27701432,0.69392866,-0.18828453,0.18794543,0.3492033,-0.31407273,0.0039273277,0.1721209,0.73978037,0.9076595,0.89587873,0.78485274,0.88564926,0.9035911,0.74077916,0.85669196,0.70477057,0.8368333,0.86111593,0.8791959,0.7586973,0.41291362,0.8657909,0.82850474,0.712326,0.7852552,0.90029097,0.8429343
0.0,-0.31522417,0.017505119,-0.119652316,0.29874533,0.120941155,0.003684545,0.28688928,-0.18761845,0.37635303,-0.12631676,0.15020871,-0.10273509,-0.2824389,0.70130384,-0.18858404,0.20113948,0.34845307,-0.31309244,0.006698694,0.18089351,0.74175453,0.9070427,0.89725864,0.78819853,0.8844202,0.913187,0.745829,0.8504022,0.70593286,0.83177334,0.8622589,0.87807673,0.76200926,0.41665393,0.86699474,0.828313,0.7188338,0.78704137,0.9009331,0.8468218
0.0,-0.31401604,0.016860513,-0.12012136,0.2976477,0.11856916,0.0035404647,0.2870347,-0.18640754,0.3748514,-0.12556727,0.15093498,-0.104109764,-0.28096828,0.6994846,-0.18817702,0.19930366,0.34848732,-0.31308645,0.0059168413,0.18053734,0.74173194,0.90683174,0.89699465,0.7892689,0.8839574,0.9131418,0.74523836,0.8516684,0.70691264,0.8308908,0.86226743,0.8778923,0.7622574,0.41658217,0.8665133,0.82857776,0.7189178,0.78695333,0.90179074,0.84638214
0.0,-0.31425667,0.013670769,-0.118161514,0.29460782,0.11819119,0.0058397558,0.28397444,-0.18262625,0.3721509,-0.12166691,0.14706269,-0.100298464,-0.28021544,0.6977202,-0.18865755,0.19485754,0.34801033,-0.31318778,0.00577344,0.17555206,0.7406925,0.90770674,0.8967859,0.78529257,0.8859468,0.9076154,0.7438672,0.85277045,0.7043494,0.83609515,0.8616344,0.87940186,0.76009333,0.41486636,0.8668994,0.8283642,0.7148511,0.78625417,0.89956707,0.8451386
0.0,-0.30912283,0.0036500655,-0.11680725,0.2830846,0.10584481,0.0097098,0.27880147,-0.16896027,0.3592388,-0.11000876,0.14286852,-0.09979824,-0.27188596,0.68602484,-0.1878137,0.17627805,0.3484147,-0.31425542,0.0017732829,0.16375318,0.73796755,0.90824777,0.8947254,0.78150403,0.8874394,0.8952003,0.73713994,0.8619602,0.70369714,0.8423795,0.86011595,0.8809389,0.7562868,0.4102343,0.8652003,0.82902783,0.70659137,0.7840591,0.89897674,0.84001905
0.0,-0.3098117,0.00789568,-0.117961064,0.28730717,0.10909237,0.007486389,0.2810911,-0.17411305,0.36364716,-0.11486915,0.1454253,-0.101680085,-0.27395707,0.6888514,-0.18748559,0.18338838,0.34743646,-0.31319976,0.002885908,0.16924298,0.7395461,0.9078438,0.8954596,0.7848674,0.88636726,0.9015434,0.74024653,0.85886425,0.70533395,0.83845687,0.8610847,0.8801888,0.7587944,0.4129524,0.8657816,0.8292524,0.7111479,0.7853436,0.9003182,0.8424222
0.0,-0.311908,0.012807825,-0.11904139,0.2928206,0.11422791,0.0053163627,0.2840508,-0.1806914,0.36961126,-0.12065598,0.14818363,-0.102898985,-0.27760288,0.69420964,-0.18772884,0.19209146,0.34754464,-0.31282213,0.004540894,0.175357,0.7408863,0.907385,0.89633656,0.787394,0.885196,0.9079741,0.74325776,0.85487217,0.70623326,0.8345124,0.86183864,0.87911046,0.76083434,0.4152091,0.8663512,0.8290067,0.7155418,0.78637576,0.9011423,0.84477067
0.0,-0.31141657,0.01205509,-0.11872414,0.29181337,0.1135337,0.0056638084,0.28325745,-0.17951016,0.36856854,-0.11966546,0.14738888,-0.102505356,-0.2769281,0.69293225,-0.18757331,0.19078153,0.34698567,-0.31254053,0.0043248683,0.17433703,0.7408315,0.907576,0.8962446,0.78701216,0.88558275,0.9070112,0.7431072,0.85538155,0.7060807,0.8354516,0.86181563,0.879485,0.7606635,0.4151721,0.8664881,0.8291815,0.7149793,0.7863903,0.9009393,0.84459555
0.0,-0.31787172,0.01985457,-0.12093852,0.3027314,0.12381112,0.002622053,0.29059452,-0.19226506,0.38058627,-0.1299397,0.15361096,-0.10428407,-0.28554723,0.7076023,-0.18968298,0.20558235,0.35219625,-0.31526965,0.007554181,0.18454349,0.7413243,0.90600777,0.89740825,0.7887692,0.8826913,0.9159572,0.7452148,0.84878796,0.70610416,0.82823944,0.8620131,0.87616235,0.761884,0.41561002,0.8659393,0.8271728,0.72002906,0.78641295,0.90134704,0.84682596
0.0,-0.3180597,0.016519817,-0.11926527,0.29984367,0.12299549,0.004770698,0.28794858,-0.18865661,0.3779058,-0.12616791,0.1503164,-0.1010517,-0.2846598,0.70609504,-0.19021343,0.20095465,0.35236898,-0.3158058,0.0073172078,0.17972201,0.7400588,0.9065979,0.8970872,0.784973,0.8843756,0.91056764,0.7434381,0.8501976,0.70375687,0.83285415,0.8613749,0.8773503,0.7596677,0.4135387,0.8659976,0.8268285,0.715948,0.7855511,0.89931893,0.8454672
0.0,-0.31437615,0.01828835,-0.12035619,0.29912633,0.12015743,0.0028578034,0.28758767,-0.18819334,0.37649912,-0.12720174,0.15145059,-0.10438627,-0.28191462,0.7006024,-0.18810588,0.20185158,0.34805474,-0.31268847,0.0064600185,0.1823014,0.7422207,0.90676874,0.897247,0.79000807,0.8837733,0.9150822,0.7463699,0.8504661,0.7072183,0.8299927,0.86253965,0.8777249,0.76300263,0.41752374,0.8668873,0.8286574,0.7203786,0.7874104,0.9019588,0.84724844
0.0,-0.31669533,0.01878581,-0.1207879,0.3010094,0.121754535,0.002977984,0.28967807,-0.19027075,0.37855756,-0.12843768,0.15302253,-0.10441828,-0.2840032,0.70515597,-0.18926664,0.2032165,0.3514506,-0.31482375,0.0068755,0.18314806,0.74134564,0.90622413,0.89721775,0.7889619,0.8829177,0.91483617,0.74486434,0.84996,0.7063916,0.8288581,0.86200434,0.8765588,0.76182246,0.41562524,0.8659117,0.8275334,0.71947825,0.78640735,0.90164006,0.84641826
1.0,-0.31482995,0.02146493,-0.121630356,0.3020934,0.12183037,0.001133333,0.29002824,-0.19185671,0.37946397,-0.13078132,0.15418069,-0.10662323,-0.2833962,0.7029276,-0.18790407,0.2065554,0.34817633,-0.31239688,0.006910514,0.1865943,0.7432764,0.9063222,0.8976347,0.79284334,0.88241494,0.91969347,0.74799097,0.8487123,0.70884365,0.8262413,0.8629974,0.87666804,0.76471895,0.41923144,0.86691374,0.8287834,0.72377235,0.78807503,0.9034122,0.8484102
1.0,-0.31579694,0.016850585,-0.119566694,0.29876533,0.121039905,0.0040695732,0.2871023,-0.18755017,0.37647986,-0.12592962,0.15026763,-0.102357045,-0.282738,0.7022888,-0.1890374,0.20051128,0.3496565,-0.31396955,0.00674117,0.18021521,0.74110734,0.906827,0.8971357,0.78725433,0.88440454,0.9122027,0.7449164,0.85065407,0.70538455,0.832115,0.8619589,0.8779053,0.7612909,0.4155626,0.8665589,0.82788676,0.7177602,0.78653044,0.9004626,0.8462965
0.0,-0.31494766,0.014134675,-0.11916068,0.29576638,0.117822774,0.0052904515,0.28600416,-0.18399289,0.37302583,-0.12282881,0.14926325,-0.10207805,-0.28079155,0.69992363,-0.18902656,0.19541368,0.35045367,-0.31463468,0.0056292787,0.17694542,0.74025387,0.9069903,0.89656997,0.7859541,0.8846886,0.90844,0.74268407,0.8531537,0.7049097,0.8338114,0.86146307,0.87812376,0.7598409,0.41385514,0.86592793,0.827835,0.7151656,0.7856948,0.9003119,0.84462637
1.0,-0.31832933,0.020584075,-0.12082399,0.3037641,0.12536123,0.002412619,0.29057306,-0.19341904,0.38192886,-0.130784,0.15344518,-0.103721485,-0.286401,0.70852435,-0.18980817,0.20736769,0.35178134,-0.3150415,0.008123651,0.18523201,0.7414695,0.90602636,0.8976497,0.7886229,0.88291323,0.9168474,0.7460607,0.8477511,0.7058525,0.8283025,0.86212575,0.8763329,0.7622172,0.4160734,0.86628413,0.82711935,0.72053206,0.7866763,0.9009457,0.84745467
0.0,-0.3103443,0.01049049,-0.118412025,0.290079,0.1118257,0.006190613,0.28214642,-0.17745148,0.3667472,-0.11788301,0.14652216,-0.10226472,-0.2755064,0.6907081,-0.18734469,0.18815479,0.34649852,-0.3123932,0.0038339905,0.17250812,0.7404601,0.9076349,0.89597845,0.7865239,0.88602275,0.9054423,0.74248725,0.85656905,0.70605654,0.83661354,0.8616827,0.87996674,0.7603715,0.41476586,0.86637837,0.82940406,0.7138955,0.7862421,0.90069985,0.84413594
1.0,-0.31530973,0.015261688,-0.11917044,0.29677474,0.119141765,0.004931325,0.28618264,-0.18519364,0.37419492,-0.12391013,0.1493365,-0.10187223,-0.28155836,0.700664,-0.18899097,0.1973711,0.34983897,-0.3141543,0.006047182,0.17804077,0.7407284,0.9071244,0.8968517,0.78637636,0.8847244,0.90970516,0.74371463,0.85210204,0.7049496,0.833455,0.8616668,0.8781986,0.7603661,0.4146738,0.8663394,0.82791686,0.716132,0.7860773,0.9003453,0.8452803
0.0,-0.31547797,0.014525915,-0.11927007,0.2965377,0.118544616,0.005192348,0.2864741,-0.184843,0.37391704,-0.12340146,0.14967525,-0.102008596,-0.28142232,0.70107865,-0.18928027,0.19632798,0.35098705,-0.3149782,0.0058672912,0.17740127,0.7401325,0.90684396,0.8966569,0.78587276,0.88452905,0.9088686,0.7427102,0.8527045,0.7047708,0.8334156,0.8614013,0.8779397,0.7598104,0.41367155,0.8657946,0.8276074,0.7152429,0.7855904,0.9001991,0.8446864
1.0,-0.31823567,0.023925344,-0.12140849,0.30598474,0.12748292,0.0008794721,0.2914117,-0.19621436,0.38423282,-0.13382874,0.15440056,-0.10474226,-0.28755915,0.70903087,-0.18913898,0.21219492,0.3495698,-0.3132916,0.008756567,0.1889644,0.7432457,0.9063233,0.89826155,0.79122865,0.88249034,0.9211545,0.7489946,0.8455703,0.70715064,0.82613426,0.8628677,0.8762304,0.764341,0.41906095,0.867372,0.8278206,0.72425497,0.7880211,0.9020589,0.84925383
0.0,-0.31477007,0.015950218,-0.119592026,0.29674557,0.11843852,0.0044339392,0.28659502,-0.18529373,0.3738771,-0.12441705,0.14998299,-0.10297337,-0.28115585,0.69995344,-0.18857034,0.19768658,0.34933323,-0.3136584,0.0057626255,0.17900313,0.74132323,0.90718615,0.8968621,0.78769106,0.8842987,0.91074765,0.7441164,0.852233,0.70580584,0.8323674,0.86190605,0.8779598,0.76098025,0.415466,0.8664268,0.8282519,0.7172523,0.7863931,0.9012466,0.8454795
0.0,-0.31266275,0.005179476,-0.11640904,0.28621536,0.11053891,0.009945152,0.28029206,-0.17247987,0.36299682,-0.11226329,0.14315668,-0.09792116,-0.2756171,0.6921662,-0.18921623,0.18020028,0.3508928,-0.3157532,0.0031224638,0.16514379,0.73746544,0.9081397,0.8951483,0.77951145,0.8873743,0.89546424,0.7370527,0.85957164,0.70177543,0.8425848,0.8597787,0.88028723,0.75513947,0.40912008,0.8651814,0.82782745,0.7060898,0.78350174,0.8976985,0.84008
0.0,-0.31575996,0.016901363,-0.11908014,0.29840127,0.121522315,0.004334352,0.2862668,-0.18712623,0.37622887,-0.12559518,0.14922525,-0.10140501,-0.28276494,0.7016729,-0.18891934,0.20057973,0.34860227,-0.31330404,0.006876573,0.17974353,0.74141985,0.90726817,0.8972829,0.78687465,0.8849676,0.9118007,0.7455104,0.85030425,0.70498663,0.83317316,0.8620355,0.8784317,0.7613204,0.41607088,0.8670914,0.8280922,0.7176781,0.7867861,0.90014344,0.84652627
1.0,-0.315455,0.017415512,-0.12022644,0.29904684,0.12021526,0.0035183989,0.28803828,-0.18797588,0.37648213,-0.12658356,0.15153553,-0.10381548,-0.28246695,0.7022513,-0.18881865,0.20079318,0.35001144,-0.31405026,0.0064264126,0.18129206,0.741361,0.90658325,0.8970709,0.78856087,0.8836708,0.9133326,0.74484485,0.85092807,0.7063111,0.8304978,0.86206454,0.8773689,0.7617536,0.41583094,0.8662394,0.82799137,0.71868384,0.7865832,0.90138876,0.8462683
1.0,-0.31517267,0.01905867,-0.12022062,0.30007315,0.121649526,0.002797055,0.28779584,-0.18925415,0.3776912,-0.12796941,0.15134954,-0.10376318,-0.28294036,0.7018991,-0.18835145,0.2034604,0.34800267,-0.31265825,0.006926909,0.18292207,0.74238783,0.90688145,0.8974864,0.78973126,0.8838918,0.9155969,0.7469255,0.84951144,0.70681655,0.8300446,0.86257166,0.87776256,0.76306564,0.4177703,0.86714095,0.8285049,0.72064286,0.7875278,0.90164053,0.8475729
0.0,-0.31435677,0.015138773,-0.11957216,0.29640937,0.11794207,0.0045310203,0.2863385,-0.18484494,0.37363452,-0.12386595,0.14992386,-0.10303292,-0.2806649,0.6994194,-0.18859933,0.19684023,0.34950548,-0.3139199,0.005712431,0.17838472,0.7408615,0.9068911,0.8967108,0.7874057,0.8844088,0.9104136,0.74375546,0.85265046,0.7058456,0.8326226,0.8618318,0.878061,0.7609195,0.41503662,0.86617774,0.82820517,0.7167599,0.78626084,0.9009462,0.84540254
0.0,-0.30512154,-0.0004986562,-0.1152007,0.27646205,0.100711465,0.011494072,0.2738602,-0.16133136,0.35234332,-0.10395412,0.13830957,-0.09818329,-0.26706356,0.6766921,-0.18631427,0.16815615,0.34391698,-0.311707,8.2138926e-05,0.15794301,0.73818123,0.9095938,0.89421356,0.7804227,0.889595,0.8902048,0.7368132,0.8652738,0.70367974,0.8474298,0.86003315,0.8834141,0.75599515,0.41095316,0.8661885,0.8305856,0.7040963,0.7844875,0.8984199,0.8390824
1.0,-0.3107351,0.008485681,-0.11821513,0.28826237,0.10985742,0.0073515233,0.28204945,-0.17520954,0.3646021,-0.115712136,0.14617983,-0.10188916,-0.27488127,0.6907084,-0.18784714,0.1844056,0.34858605,-0.31386232,0.0030839741,0.17002666,0.7394361,0.90768594,0.8954994,0.7847828,0.88594186,0.90188086,0.7399236,0.85849416,0.7051599,0.83771193,0.8609826,0.8796515,0.75852364,0.41252732,0.86551917,0.8288855,0.7112369,0.7850927,0.9004078,0.84226954
0.0,-0.3110385,0.009843655,-0.11857525,0.28970358,0.11107165,0.0066361492,0.28282455,-0.17696524,0.3661455,-0.117333576,0.14700055,-0.1024562,-0.2756608,0.6918002,-0.1877846,0.1867697,0.34837595,-0.3135945,0.0034967214,0.17183056,0.7398865,0.9075225,0.8957228,0.7857546,0.8856001,0.9039072,0.7408862,0.85744894,0.7056331,0.83649164,0.8612674,0.8793785,0.7592844,0.41334248,0.8657051,0.82892555,0.7126775,0.7854828,0.9007579,0.84304035
0.0,-0.30876663,0.0059356466,-0.117765315,0.28483954,0.10638405,0.008262646,0.28017053,-0.17122304,0.36082911,-0.112495154,0.14466372,-0.10176218,-0.27222902,0.6864447,-0.18727909,0.1794776,0.3475829,-0.31343275,0.0019970536,0.166922,0.7390941,0.90802145,0.8950038,0.78418523,0.88658166,0.89891833,0.7387519,0.8608708,0.7052739,0.8395986,0.86076695,0.88038903,0.757974,0.41201833,0.8654157,0.82940733,0.70951045,0.7848734,0.90037304,0.84126943
0.0,-0.31264052,0.013650837,-0.1196852,0.29416856,0.11476756,0.004831437,0.2855752,-0.1822761,0.37093157,-0.12197001,0.14975539,-0.103881836,-0.27846405,0.69625324,-0.18804619,0.19347951,0.34900188,-0.3136503,0.0046932697,0.17677526,0.7407544,0.9069368,0.8963406,0.78796256,0.8843809,0.9091433,0.74291986,0.8545131,0.7065732,0.83281946,0.8617647,0.8782883,0.7608856,0.41483304,0.86582863,0.8286346,0.71611476,0.78612554,0.9015787,0.84470433
1.0,-0.31840342,0.024785029,-0.12202284,0.30703357,0.12777895,0.00024963915,0.29256076,-0.19750993,0.38524497,-0.13504674,0.1557242,-0.10588573,-0.28800768,0.710084,-0.18915054,0.21348825,0.35021424,-0.31357813,0.008826356,0.19045413,0.74335057,0.905948,0.8982787,0.79219663,0.8818013,0.9226696,0.7491068,0.84525007,0.7078134,0.82454157,0.8629338,0.8756361,0.76478565,0.41924626,0.8670963,0.8277392,0.72526,0.7880581,0.90260947,0.84945375
0.0,-0.31591234,0.016006347,-0.11889995,0.29762706,0.12082363,0.0048534386,0.28606853,-0.18618235,0.3753438,-0.12466,0.14891194,-0.10108508,-0.282492,0.7016079,-0.18911658,0.19902638,0.34934917,-0.31382662,0.0066012405,0.17862178,0.74098223,0.90730435,0.8971002,0.7860748,0.8850377,0.9102933,0.7445332,0.8510294,0.7045379,0.83383673,0.86177325,0.8783977,0.7605478,0.41517016,0.8668007,0.8278887,0.71654063,0.7863419,0.8999262,0.8458306
1.0,-0.3188256,0.024237098,-0.12141915,0.30654857,0.1282135,0.00089204963,0.29174742,-0.19684012,0.38490236,-0.13423952,0.1545619,-0.10450964,-0.28820038,0.71011114,-0.18939053,0.21288684,0.35004583,-0.31358582,0.008976676,0.18925074,0.74316573,0.9062962,0.89833033,0.79094535,0.8824227,0.92123264,0.7489413,0.8451934,0.7068738,0.82603586,0.8627888,0.87608093,0.764166,0.41885146,0.8673251,0.8276111,0.7241848,0.7879037,0.9018942,0.8492346
1.0,-0.31954998,0.027296443,-0.122374915,0.3097376,0.13088095,-0.0006999746,0.29368848,-0.2006755,0.38837332,-0.13776788,0.15657523,-0.10593365,-0.2901321,0.71273285,-0.18932825,0.21802384,0.34986934,-0.3132462,0.0098443255,0.19329172,0.7440673,0.90591186,0.89877385,0.79294693,0.88150465,0.92554873,0.7508177,0.84304947,0.7079679,0.82314754,0.8632077,0.8753152,0.76577294,0.42054355,0.86764145,0.827677,0.7272993,0.7886447,0.90264225,0.8506431
1.0,-0.31351048,0.013272371,-0.119336754,0.29440784,0.1156751,0.005276894,0.28547868,-0.182445,0.37138152,-0.12175536,0.14928664,-0.10289646,-0.27917555,0.6974956,-0.18852587,0.19346407,0.34978917,-0.31425217,0.0049859583,0.17616035,0.7402689,0.9069322,0.8963439,0.78669196,0.884644,0.90814435,0.7424373,0.854301,0.70567495,0.8336835,0.8615239,0.87832004,0.76016265,0.41402403,0.8657507,0.8282385,0.715128,0.7857737,0.9008258,0.8444228
0.0,-0.31745204,0.02606011,-0.12206846,0.30729073,0.12818813,-0.0004755454,0.29205507,-0.19792521,0.38547873,-0.13589184,0.15545118,-0.106254816,-0.2877442,0.70850635,-0.18840557,0.21512464,0.34784493,-0.31197044,0.00898426,0.19175294,0.7444722,0.90629405,0.8985585,0.7936735,0.881996,0.9246404,0.75103384,0.84445274,0.70867246,0.824119,0.86347854,0.87605536,0.7662038,0.421363,0.86801046,0.82850605,0.7272588,0.7890699,0.90315604,0.8505969
0.0,-0.31864014,0.023452988,-0.12141125,0.3060435,0.12754959,0.001074383,0.2916931,-0.19624871,0.38435864,-0.13364697,0.15456118,-0.10468167,-0.28777307,0.70979375,-0.18944696,0.21176037,0.35053128,-0.3139744,0.008793466,0.18864927,0.74277264,0.9060972,0.89813805,0.79062486,0.8824061,0.9205614,0.7482714,0.84579605,0.70684993,0.8262583,0.86268413,0.8760095,0.7638512,0.41825724,0.8670214,0.82750916,0.7235742,0.78766197,0.90176743,0.848905
1.0,-0.31772348,0.024087332,-0.12167127,0.3059673,0.12702608,0.00053099403,0.29159516,-0.19626676,0.384111,-0.13406333,0.15481606,-0.105500326,-0.2871826,0.7084416,-0.18887536,0.21225268,0.349289,-0.31306762,0.008618422,0.18947613,0.7434234,0.9061852,0.898215,0.79197735,0.882264,0.9218814,0.7491983,0.845717,0.7077487,0.8255146,0.8630116,0.87611014,0.7647863,0.41946158,0.8673563,0.82802236,0.72489417,0.788213,0.9024611,0.84944814
1.0,-0.31759128,0.01857221,-0.11979227,0.3011878,0.12384934,0.003647915,0.28845268,-0.19034661,0.37924695,-0.1280761,0.15115125,-0.10205653,-0.28499156,0.7058847,-0.18964817,0.20389903,0.35076088,-0.31456578,0.0076133013,0.18214238,0.7411974,0.90667623,0.89746314,0.7870641,0.8840271,0.91367865,0.74541557,0.84896433,0.7049094,0.8311391,0.8619273,0.87733686,0.761289,0.41555676,0.8666015,0.8273599,0.7185183,0.786482,0.9002178,0.84674454
0.0,-0.31571424,0.018269679,-0.12023097,0.29974285,0.1211729,0.003244007,0.28815845,-0.18881622,0.37727135,-0.12737648,0.15155013,-0.103692815,-0.2830277,0.7027479,-0.1887645,0.20220864,0.34951815,-0.31366146,0.006722238,0.18212962,0.74175596,0.90671515,0.89727014,0.78887707,0.883695,0.91422933,0.74560726,0.8501834,0.70634866,0.83025783,0.8622267,0.8774068,0.7621354,0.41648105,0.8665839,0.8280792,0.7194364,0.78688675,0.90144354,0.8467441
0.0,-0.30853206,0.0054382132,-0.11726081,0.28425953,0.10653204,0.008621477,0.27920023,-0.17050394,0.3604102,-0.11176795,0.14360222,-0.10083297,-0.2719741,0.68555826,-0.18721077,0.17894351,0.34673962,-0.31298286,0.0020475239,0.16602091,0.73906475,0.90825903,0.8950666,0.7836057,0.8871775,0.89825475,0.7390618,0.8608139,0.70487815,0.840822,0.86076474,0.88098305,0.75791246,0.412184,0.86575454,0.82955444,0.7090453,0.78500515,0.89984375,0.8413718
1.0,-0.31580755,0.01862136,-0.12028222,0.30021217,0.121705554,0.003046102,0.28827778,-0.18936715,0.377833,-0.12783934,0.15166762,-0.10372328,-0.283314,0.7030831,-0.18876445,0.20297766,0.3493856,-0.31357133,0.006925352,0.18260556,0.7418384,0.90665466,0.8973423,0.78902054,0.8836817,0.9148073,0.74595076,0.8498047,0.7064123,0.83005416,0.8623042,0.877388,0.7623665,0.41672543,0.8666872,0.82808626,0.71981853,0.7870204,0.901402,0.8470381
0.0,-0.3109219,0.007771765,-0.11766801,0.28767225,0.11010047,0.007914937,0.28125376,-0.17445374,0.36416137,-0.11485684,0.14512055,-0.100783,-0.2748862,0.69047093,-0.18800448,0.18357247,0.3484299,-0.3138665,0.003142584,0.16886868,0.7391639,0.9079029,0.89548737,0.78368175,0.8864922,0.90058887,0.7397085,0.8585893,0.70442724,0.83911484,0.8608262,0.880069,0.75799465,0.41215017,0.865693,0.8288137,0.71026415,0.784954,0.89971995,0.8420407
1.0,-0.31518555,0.018069597,-0.119661905,0.29906017,0.12134845,0.0034806142,0.28688368,-0.1880109,0.3767193,-0.1267467,0.15021263,-0.102721415,-0.28260872,0.7012454,-0.18845795,0.20197588,0.34786513,-0.3126797,0.0068245456,0.18140694,0.74210376,0.90715754,0.89740163,0.78860533,0.8844543,0.9138835,0.7464544,0.8499547,0.706096,0.83156204,0.8623984,0.87818587,0.76240444,0.41724813,0.86724174,0.82846045,0.7194271,0.787314,0.9010608,0.84716606
0.0,-0.30931428,0.0065289848,-0.11757752,0.28568956,0.10775567,0.008173388,0.28016567,-0.17218485,0.3619122,-0.1131766,0.14447016,-0.10115909,-0.2730131,0.68737304,-0.1874291,0.1809189,0.34734553,-0.3132617,0.0024317652,0.16743389,0.739206,0.9080685,0.8952297,0.7840086,0.88676697,0.89954954,0.7394124,0.8599593,0.70495623,0.8397622,0.8608512,0.8805396,0.75813603,0.41233143,0.86569977,0.8293234,0.7098341,0.7850529,0.90002334,0.8417209
1.0,-0.31669056,0.022309022,-0.12160665,0.30385888,0.12420251,0.001169933,0.2909879,-0.19380438,0.38158768,-0.13202636,0.15455636,-0.105843745,-0.28539467,0.70627636,-0.18868874,0.20870107,0.34963554,-0.31333506,0.0076539963,0.18745634,0.74295866,0.9061907,0.89783204,0.7918236,0.88226783,0.91989774,0.74783516,0.84754497,0.7079164,0.82608193,0.8627798,0.87624073,0.76415426,0.41853482,0.86680007,0.82811135,0.72350365,0.78773725,0.9027613,0.8484133
1.0,-0.32003593,0.02648278,-0.122739546,0.31002384,0.13043976,-0.0005737394,0.29463905,-0.20094337,0.38868147,-0.13764317,0.15761068,-0.10653265,-0.29027325,0.71413046,-0.18984129,0.2171877,0.352015,-0.31468692,0.009728346,0.19301361,0.74309045,0.90524244,0.8984946,0.79244334,0.8809694,0.925016,0.74933124,0.8436761,0.7078698,0.8225293,0.86285335,0.8746815,0.7650723,0.4189625,0.8666716,0.82706904,0.7263041,0.7878976,0.90247494,0.84995055
0.0,-0.3084166,0.005213323,-0.117182076,0.28395608,0.106322825,0.008724377,0.27900204,-0.17015672,0.36008525,-0.11148928,0.14338265,-0.10074885,-0.2717961,0.68523943,-0.18717061,0.17852768,0.3466463,-0.3129338,0.00197649,0.16573861,0.7390404,0.90831614,0.89502233,0.78346837,0.8872692,0.8979249,0.7389606,0.86099577,0.7048246,0.84109014,0.8607473,0.8810549,0.7578198,0.41213572,0.8657874,0.82959485,0.70886916,0.78498954,0.8997966,0.84128976
1.0,-0.31381133,0.012166964,-0.11816858,0.29312703,0.116230406,0.006368663,0.28373158,-0.18086642,0.37035453,-0.120132476,0.14694169,-0.10059855,-0.27915654,0.69669634,-0.18868962,0.1920439,0.34891108,-0.31384677,0.0051111057,0.17400822,0.7400928,0.9076064,0.89640164,0.78471756,0.88584995,0.9057098,0.74237794,0.85432327,0.70426106,0.836572,0.86133826,0.87926704,0.7592778,0.4137208,0.8663512,0.8282532,0.71349317,0.78569764,0.89961916,0.8441344
0.0,-0.31253904,0.009884525,-0.117855445,0.29029724,0.113163464,0.0072620735,0.28246555,-0.17754158,0.36709625,-0.11739406,0.1459143,-0.10055639,-0.27709532,0.6937673,-0.18840033,0.18758515,0.34889016,-0.31396222,0.0040925816,0.17126602,0.7395775,0.90782464,0.8959145,0.7839674,0.88617986,0.9027719,0.74083346,0.8565558,0.70415646,0.83803153,0.8610264,0.8796234,0.75838673,0.41274107,0.8660179,0.82846934,0.7116624,0.7852223,0.89963675,0.84293485
1.0,-0.30878338,0.0057906434,-0.116188444,0.28422883,0.10856943,0.008996172,0.27764943,-0.17050004,0.36086112,-0.11169419,0.14150439,-0.09872964,-0.2725465,0.6850671,-0.18707599,0.18007892,0.34462112,-0.31160343,0.0026482008,0.16560718,0.7396175,0.9089735,0.89544845,0.7827811,0.88837814,0.89814156,0.74064785,0.8594667,0.7039929,0.8429975,0.86099255,0.882079,0.75813913,0.41333282,0.8669329,0.8298716,0.7091747,0.78563553,0.8988751,0.8422309
1.0,-0.3075786,0.004777923,-0.1173141,0.28312755,0.10504681,0.008702448,0.27872664,-0.16923241,0.35907662,-0.11088185,0.1434055,-0.10127725,-0.27086538,0.6838116,-0.18685605,0.17739257,0.34623665,-0.31269205,0.00159695,0.16533312,0.7391129,0.9083248,0.8948835,0.78392184,0.88722473,0.8977249,0.738801,0.86169124,0.70529187,0.84098107,0.8607821,0.8811404,0.7580029,0.41227043,0.8657011,0.82984847,0.70888793,0.7850425,0.9001526,0.84114856
0.0,-0.3094171,0.010154253,-0.118561774,0.28891248,0.11007451,0.0062257135,0.28184348,-0.17616796,0.365228,-0.11710784,0.14652574,-0.10290432,-0.27436453,0.6889036,-0.18690686,0.18669194,0.34592578,-0.3119796,0.0032219775,0.17201835,0.7407563,0.9078352,0.89585876,0.78723025,0.885905,0.905072,0.742308,0.8574716,0.7066186,0.83642066,0.8617331,0.8800612,0.760529,0.41504315,0.86632586,0.8297475,0.7139667,0.7863105,0.90136164,0.84382665
0.0,-0.31438044,0.016425561,-0.119894244,0.29743394,0.1186799,0.003913845,0.28684676,-0.186095,0.37467873,-0.12512535,0.15056401,-0.103539556,-0.28113067,0.69985545,-0.18841419,0.1987643,0.3489345,-0.3134237,0.0059381574,0.17986181,0.74143517,0.9068946,0.8969515,0.7884965,0.8841294,0.9122052,0.7447778,0.85181385,0.70638627,0.83152497,0.8620927,0.8779457,0.76172686,0.41601667,0.8664305,0.8283795,0.71814394,0.7866876,0.9014211,0.8460571
1.0,-0.31337127,0.013028212,-0.119163886,0.29403874,0.115541,0.005425091,0.28511783,-0.18201427,0.37101567,-0.12139523,0.14887574,-0.10264063,-0.27898183,0.69702834,-0.18846759,0.19305438,0.34948394,-0.3140846,0.0049397796,0.17578056,0.7402888,0.9070496,0.8963315,0.7864912,0.8848473,0.90776247,0.7424566,0.8544194,0.7055591,0.83414763,0.86153245,0.87850153,0.7600978,0.4140714,0.86587256,0.8283167,0.7149278,0.7858137,0.9007035,0.84439737
0.0,-0.3184287,0.020963741,-0.11981401,0.30355424,0.12707874,0.0028396323,0.2889443,-0.19314183,0.38216043,-0.13049704,0.15136312,-0.101563334,-0.2868482,0.70774275,-0.18968396,0.2083529,0.34951556,-0.3136904,0.008718286,0.1845949,0.7421021,0.9068417,0.8980365,0.7877507,0.88416386,0.91649747,0.7476043,0.8465445,0.70496684,0.830408,0.8623134,0.8774564,0.7624669,0.4172549,0.8674429,0.82749116,0.7205534,0.7872946,0.90005696,0.84821576
0.0,-0.311763,0.012214888,-0.11828104,0.2916534,0.11417193,0.005980172,0.28271377,-0.17930886,0.36850095,-0.11946352,0.14654055,-0.10153566,-0.27724946,0.69294614,-0.18760689,0.19098538,0.34640396,-0.3121524,0.0044616684,0.17395425,0.7410681,0.908,0.89640325,0.78650695,0.88600606,0.90649825,0.74347633,0.85499626,0.7055386,0.83635277,0.8618112,0.8798589,0.76047826,0.41541722,0.8668906,0.8292245,0.7147484,0.7864956,0.9006269,0.8446388
1.0,-0.317955,0.021596901,-0.120967865,0.30413374,0.12571454,0.0018951772,0.29058802,-0.19395415,0.38226205,-0.13157192,0.15355156,-0.104135945,-0.28643292,0.70797336,-0.18940005,0.20864236,0.3505858,-0.31415558,0.008216683,0.18635195,0.74221486,0.9062206,0.8978396,0.7896768,0.88286304,0.9182448,0.74718225,0.84718513,0.70643586,0.82772714,0.86245584,0.8764291,0.76306355,0.4173288,0.86677396,0.82752734,0.7218922,0.78725994,0.90142804,0.8481165
0.0,-0.31408054,0.01439556,-0.11961794,0.2956224,0.116808854,0.0047969017,0.2862786,-0.18391615,0.37266648,-0.1230789,0.14997494,-0.10326584,-0.2800639,0.69885707,-0.1886061,0.19534487,0.3499978,-0.31426394,0.005328063,0.17759861,0.7405739,0.9068389,0.89650786,0.78722286,0.88430643,0.90947616,0.7429589,0.85347986,0.7058687,0.83274454,0.861664,0.8779666,0.7605217,0.41444647,0.86584437,0.8281554,0.7160851,0.78595245,0.901065,0.84484494
1.0,-0.31087756,0.010878215,-0.11858985,0.2901067,0.11159737,0.0062671816,0.28270802,-0.17751554,0.3665197,-0.118062586,0.14691103,-0.10250124,-0.275821,0.69145256,-0.18745266,0.18810841,0.3471879,-0.3126965,0.003623996,0.17273763,0.7406255,0.9078244,0.8959806,0.7866097,0.8856574,0.90509707,0.74204016,0.8567552,0.7059661,0.83615404,0.86157703,0.87959045,0.759985,0.4145081,0.8662288,0.8292527,0.7138252,0.7860129,0.90113074,0.8436753
1.0,-0.31330442,0.0157538,-0.12024237,0.29626706,0.11659623,0.003836196,0.2869051,-0.18484633,0.37314415,-0.12437488,0.15102404,-0.10473985,-0.2798008,0.69815904,-0.18802026,0.19691125,0.3489399,-0.31338456,0.0052512437,0.17949045,0.7414521,0.90677065,0.8966552,0.7892955,0.88378286,0.91190875,0.74414647,0.85302776,0.7071985,0.8309812,0.8621068,0.87774825,0.7618372,0.41594055,0.8660808,0.82864994,0.71816343,0.7866126,0.9021578,0.84563446
1.0,-0.31149235,0.009909553,-0.11839494,0.2899315,0.11166478,0.006803263,0.2827625,-0.17718387,0.3664642,-0.1173867,0.14675352,-0.10192448,-0.2760976,0.6924186,-0.18797393,0.18707237,0.3485516,-0.3137172,0.0036618486,0.17169994,0.7398021,0.9076052,0.89579684,0.7852874,0.8857344,0.9036386,0.740887,0.85717136,0.7052205,0.8368505,0.8611935,0.8794403,0.75904423,0.4131712,0.8657744,0.82878244,0.7124055,0.7854001,0.90046346,0.8430047
0.0,-0.3176699,0.015702736,-0.119388536,0.29891485,0.12144796,0.005040274,0.28793186,-0.18754448,0.37669313,-0.12524915,0.15051405,-0.101460636,-0.28385773,0.70533603,-0.1901849,0.19916919,0.35295478,-0.3161964,0.0067784414,0.1788361,0.7397497,0.9065283,0.8968603,0.78495026,0.8841655,0.90957236,0.74251807,0.85124034,0.70388436,0.8327961,0.8611873,0.8772236,0.75925756,0.4128799,0.86556035,0.8267872,0.7152336,0.78519213,0.89959294,0.8447781
0.0,-0.31314373,0.011844568,-0.11837982,0.2924835,0.115032755,0.0062735537,0.28369254,-0.18016107,0.36947483,-0.11972906,0.14715461,-0.10129788,-0.2783737,0.6956113,-0.18841913,0.19107813,0.34876582,-0.31373405,0.0047301576,0.17384747,0.74015516,0.90756065,0.8962538,0.78523046,0.88566935,0.9056224,0.7421339,0.85500443,0.70474976,0.83625084,0.8613902,0.87919,0.75941795,0.41378865,0.86621904,0.828447,0.7136021,0.78571963,0.9000561,0.84397393
0.0,-0.30835003,0.0045287646,-0.11728137,0.28310224,0.10504203,0.009097049,0.27909362,-0.1691172,0.3589756,-0.11060232,0.14352636,-0.100961424,-0.27132007,0.6849339,-0.18726291,0.17687318,0.3474393,-0.31348026,0.0015136674,0.16483882,0.738747,0.908358,0.89481705,0.78315073,0.88706595,0.89664483,0.7379015,0.86197245,0.7047284,0.8411213,0.8604688,0.8808497,0.7572041,0.41134575,0.8653601,0.8294569,0.7079837,0.78453386,0.89999485,0.84045494
1.0,-0.31497797,0.018431166,-0.12042619,0.29970047,0.12074398,0.0028777486,0.28805184,-0.18881647,0.37718558,-0.12755662,0.15177484,-0.10427873,-0.28250918,0.70178115,-0.1884172,0.20238015,0.348803,-0.3131895,0.006643966,0.18253231,0.7419873,0.90661514,0.8972719,0.7896885,0.88362914,0.9151169,0.74611706,0.8502105,0.7069714,0.8297787,0.86242294,0.8775001,0.762768,0.41710028,0.8666842,0.82837063,0.72016907,0.7872013,0.90176946,0.84713775
0.0,-0.30889013,0.0066441773,-0.117670685,0.28548643,0.107362345,0.008009436,0.2800768,-0.17200214,0.36162925,-0.11318493,0.1445129,-0.101501554,-0.2726509,0.6866722,-0.18718871,0.18085948,0.34684554,-0.31290963,0.0023144782,0.16761923,0.739452,0.908118,0.8952302,0.7845045,0.886737,0.8999001,0.73967654,0.8600588,0.7053118,0.8395468,0.86098194,0.88059705,0.75845647,0.41274005,0.8658004,0.8295296,0.7102369,0.785247,0.9003054,0.84187967
1.0,-0.31468612,0.018604087,-0.120470695,0.29947346,0.120418735,0.0027741026,0.28798825,-0.18860607,0.3768584,-0.1275488,0.15176506,-0.10452128,-0.28224778,0.7011967,-0.18821083,0.20232123,0.34834442,-0.31284875,0.006505266,0.18269855,0.7422747,0.90673286,0.8972916,0.7901172,0.88359845,0.91534007,0.7463545,0.8502815,0.70724416,0.82963187,0.86253124,0.8775432,0.76300627,0.41750512,0.86681515,0.82856625,0.72052187,0.78737557,0.90205646,0.8472145
1.0,-0.31483838,0.015555935,-0.11888468,0.29653963,0.119459085,0.0048340345,0.28543335,-0.1849765,0.37403333,-0.12390852,0.14856645,-0.10149525,-0.28133306,0.6995581,-0.18862572,0.19778872,0.3483513,-0.31318378,0.0061709657,0.17813304,0.7412466,0.9074529,0.8969968,0.78665197,0.885163,0.9101192,0.7446921,0.85171145,0.7050523,0.8340221,0.8619273,0.87868744,0.76088667,0.41566482,0.8669547,0.8283181,0.7167295,0.786591,0.9003037,0.84585375
1.0,-0.31484717,0.016280161,-0.11976135,0.29748952,0.11900862,0.0041431496,0.28688622,-0.18612726,0.37477487,-0.12502559,0.15040053,-0.103145935,-0.281474,0.7005118,-0.18864153,0.1986568,0.34942803,-0.31375164,0.006020203,0.17958876,0.7412388,0.9069307,0.89693457,0.7879186,0.88418806,0.911628,0.74443597,0.8517935,0.7059621,0.8318721,0.8619598,0.87788606,0.7613021,0.4155806,0.8663667,0.8281791,0.7176585,0.7864758,0.9011631,0.84582853
0.0,-0.31014246,0.0089320345,-0.11805538,0.28830376,0.11025002,0.0070518777,0.2814483,-0.17533514,0.36476034,-0.11600211,0.14567363,-0.10177304,-0.27463722,0.6896176,-0.18743534,0.18521759,0.34701887,-0.3128327,0.0032553375,0.17047702,0.7399754,0.90786654,0.89567226,0.78539217,0.8862921,0.9028742,0.7411178,0.8579518,0.70550084,0.8379247,0.86132777,0.88012093,0.7593131,0.41368136,0.86609834,0.829313,0.7121614,0.78570515,0.9004423,0.84305394
0.0,-0.3114663,0.011020521,-0.118659995,0.29114026,0.11270536,0.006133167,0.28318453,-0.1786423,0.36783934,-0.11871749,0.14733285,-0.102348216,-0.27658582,0.692919,-0.18782815,0.18917546,0.34795293,-0.3132664,0.0040617585,0.17319006,0.7402071,0.90743357,0.8960205,0.7862361,0.88557094,0.90562314,0.7420002,0.8561844,0.70573384,0.83589125,0.8614951,0.87939525,0.759939,0.4140962,0.86601746,0.8289217,0.7137712,0.7858685,0.9006802,0.84387034
0.0,-0.3029743,0.0019788146,-0.11613156,0.27759564,0.100420676,0.009520173,0.27413327,-0.16300006,0.35324818,-0.10632549,0.13962846,-0.10061894,-0.26601487,0.67416686,-0.18488546,0.17140886,0.34057721,-0.30927587,0.00019696727,0.16133288,0.74005854,0.9095086,0.89457947,0.7845614,0.88912743,0.89531624,0.7399327,0.8641165,0.70627797,0.844634,0.86123097,0.8835898,0.75905293,0.4144281,0.86701447,0.8317926,0.7083752,0.7861822,0.9002822,0.84136295
1.0,-0.3179518,0.026200358,-0.12240652,0.3077002,0.12806308,-0.00050425204,0.2929469,-0.19841239,0.3858075,-0.13624114,0.15633337,-0.106742844,-0.28809187,0.70968974,-0.18868314,0.21519065,0.34909156,-0.3126715,0.008859355,0.19209194,0.7442283,0.90606767,0.8984942,0.79378176,0.8814816,0.9246773,0.75037384,0.8445844,0.7087303,0.82330567,0.8632895,0.8755489,0.7658806,0.42072794,0.8675227,0.8281951,0.7270905,0.7886906,0.9034214,0.8501665
0.0,-0.31195045,0.011634421,-0.1187542,0.29185075,0.11348925,0.005940522,0.28361285,-0.17949052,0.36860156,-0.119443774,0.14762118,-0.102383494,-0.27721033,0.6938897,-0.18793823,0.19024783,0.34817383,-0.31333837,0.0042915866,0.17391527,0.7403413,0.90741736,0.89612055,0.78634477,0.8854232,0.9061959,0.74223447,0.85568094,0.7056849,0.83550805,0.8615445,0.87920123,0.7600114,0.41423154,0.8660833,0.8288178,0.71417356,0.78592134,0.90072525,0.84406024
1.0,-0.31258777,0.010315735,-0.117867395,0.29080686,0.113742344,0.0070741186,0.2825204,-0.17812875,0.36774772,-0.11785999,0.14600554,-0.100467995,-0.277359,0.6939909,-0.18839188,0.1885162,0.3485385,-0.31374347,0.004306946,0.17172866,0.7397245,0.9077919,0.89605546,0.78422153,0.8862234,0.90351725,0.74138075,0.85602975,0.704247,0.83781993,0.86112964,0.8797262,0.7587457,0.4131256,0.86615044,0.82850975,0.71210265,0.78541774,0.89958787,0.8433053
1.0,-0.31844246,0.022234898,-0.12091723,0.30505306,0.1269814,0.0017496953,0.29072824,-0.19497196,0.38345128,-0.13229449,0.15356699,-0.10369025,-0.2872166,0.70895547,-0.1895786,0.21013847,0.35044572,-0.31410107,0.008673243,0.18692756,0.7422957,0.9062143,0.898039,0.78954715,0.8829746,0.9189553,0.747769,0.84632504,0.70621234,0.8276456,0.8624942,0.87650675,0.76327884,0.41759208,0.8669568,0.8274196,0.7222274,0.78739893,0.9011238,0.8485299
1.0,-0.31511137,0.017596437,-0.120104045,0.2989175,0.12028461,0.0034367163,0.28759435,-0.18784468,0.3763607,-0.12658222,0.15115248,-0.10365312,-0.2822716,0.7015401,-0.1885852,0.20101866,0.3491474,-0.31348193,0.006466493,0.18133578,0.7416539,0.90676063,0.8971588,0.78880095,0.88389283,0.9136278,0.7454265,0.850741,0.7064181,0.8307326,0.8622145,0.87765586,0.7620889,0.41641435,0.8665741,0.82823324,0.71906507,0.78687793,0.9014171,0.84660316
1.0,-0.31554976,0.017278196,-0.11946789,0.2985326,0.12102676,0.0039749974,0.2867881,-0.187352,0.3761453,-0.12600918,0.14991397,-0.10231592,-0.2825943,0.7015836,-0.18873946,0.2007499,0.34874007,-0.31328744,0.0066822246,0.18045047,0.7416356,0.9071618,0.8972392,0.7876742,0.8845321,0.9124615,0.74550164,0.8504972,0.7055455,0.83224165,0.8621377,0.8780991,0.7615986,0.4163039,0.8669713,0.82818913,0.7183078,0.7868623,0.90073395,0.84654075
1.0,-0.31621265,0.021635743,-0.12093414,0.30285394,0.12412197,0.0016192123,0.2895383,-0.19258444,0.38067305,-0.13095865,0.15299271,-0.10469321,-0.28484234,0.7047018,-0.18846926,0.2077949,0.34826937,-0.31259927,0.007697873,0.18620452,0.7430709,0.90661865,0.8978729,0.7910954,0.88311696,0.9188592,0.7482681,0.8476466,0.7074202,0.8277741,0.86286974,0.87703115,0.76408845,0.4188859,0.8673582,0.82839763,0.7229615,0.7879952,0.9021899,0.8486018
1.0,-0.31765088,0.022817649,-0.121604055,0.30495763,0.12574556,0.0010625198,0.2915213,-0.19505551,0.38294,-0.13288072,0.15475826,-0.10552636,-0.28654668,0.70811635,-0.18907231,0.21010524,0.3503264,-0.31379646,0.00817766,0.18816334,0.7427991,0.9060444,0.89792466,0.79129416,0.8822106,0.9202631,0.7478676,0.84680486,0.70748675,0.8259905,0.86272323,0.87597984,0.7639725,0.41827837,0.8668065,0.8277835,0.72355974,0.7876465,0.9023428,0.84859467
0.0,-0.31684494,0.018360626,-0.12037394,0.30057523,0.12195871,0.0033754427,0.28904316,-0.18971847,0.37819052,-0.12785248,0.15217414,-0.103575274,-0.28401855,0.7049424,-0.189348,0.20269227,0.35121718,-0.31474057,0.0069414377,0.18234423,0.74124455,0.9064561,0.89722896,0.78817683,0.8833505,0.913888,0.7447863,0.84999794,0.7058297,0.82991356,0.8619365,0.8768764,0.7614505,0.41544235,0.8661163,0.8275093,0.71883583,0.7863535,0.9011831,0.84630823
0.0,-0.3134328,0.016190626,-0.1202101,0.29692602,0.117468946,0.0036162483,0.28689638,-0.18558449,0.37399673,-0.124925256,0.15100698,-0.10454708,-0.28021055,0.69853747,-0.1880396,0.19804364,0.34857515,-0.31318143,0.005586453,0.18000741,0.74154407,0.90670776,0.89680374,0.7893867,0.8838926,0.91269565,0.74476093,0.8523928,0.70719254,0.83089936,0.86222494,0.87786406,0.76219577,0.4163273,0.8662805,0.8286661,0.7186157,0.78683954,0.9019519,0.84611315
0.0,-0.3136119,0.01463783,-0.119590044,0.2951996,0.11633884,0.0047318386,0.28593504,-0.18347906,0.3720981,-0.12294562,0.14973046,-0.103360265,-0.27963516,0.6978299,-0.18827748,0.19522062,0.34910727,-0.31361762,0.0051310323,0.17762573,0.7410307,0.9071245,0.8965808,0.78776574,0.8843897,0.90967107,0.74343264,0.85354143,0.70615214,0.83275115,0.8618154,0.87818915,0.76085275,0.41510013,0.8661293,0.82846826,0.7165245,0.78622985,0.9014241,0.84499174
0.0,-0.30866715,0.003623263,-0.116521955,0.28230992,0.105461,0.009867389,0.27804035,-0.16811362,0.35838562,-0.109480545,0.14206508,-0.099447355,-0.27140194,0.68468463,-0.18747588,0.1757836,0.34723565,-0.31345633,0.0015856698,0.16332603,0.73841363,0.90869033,0.8948096,0.78165084,0.88780016,0.894888,0.7376176,0.86206675,0.7037179,0.8430535,0.8602471,0.8813955,0.7564623,0.4108683,0.8656334,0.8293689,0.7067013,0.78435224,0.89907306,0.8401251
1.0,-0.31297866,0.011918761,-0.11871349,0.29252076,0.11444136,0.006089827,0.2841291,-0.1802229,0.36934537,-0.11987829,0.14779377,-0.101983234,-0.27816626,0.69562465,-0.18836811,0.19090477,0.34917793,-0.3139486,0.0045370758,0.17412838,0.7401322,0.90740544,0.89617145,0.7857049,0.8852976,0.9058924,0.741858,0.8553133,0.7051198,0.83551264,0.86137027,0.87889934,0.7594835,0.41366604,0.86595213,0.8284306,0.71380216,0.7856203,0.9004656,0.84382117
1.0,-0.3174904,0.025073707,-0.12223277,0.30695224,0.12729761,-0.00021434156,0.2924112,-0.19747812,0.38511074,-0.13527028,0.15593655,-0.10659312,-0.28739712,0.7087918,-0.18869264,0.21377894,0.34916073,-0.31289458,0.008715432,0.19101883,0.7437352,0.9058806,0.89831305,0.79325134,0.8817441,0.9238226,0.74984926,0.8452298,0.70861065,0.82397836,0.8632078,0.8757739,0.7656397,0.4201721,0.8672959,0.8281517,0.7262561,0.7885166,0.90303355,0.84996176
1.0,-0.31747562,0.016456705,-0.11948302,0.29928127,0.12186345,0.0046478296,0.2879749,-0.18805489,0.37707096,-0.12590468,0.15058522,-0.1017368,-0.28396732,0.70507985,-0.18991607,0.20022812,0.3521196,-0.3155736,0.0069097765,0.17972419,0.74027514,0.9066445,0.89700514,0.78566813,0.8841448,0.9106456,0.7433499,0.8507513,0.7042737,0.8323991,0.8614435,0.87728417,0.75986856,0.41376847,0.86592174,0.8270526,0.71622914,0.78562295,0.89988685,0.84531724
0.0,-0.31011868,0.0030924985,-0.116289616,0.2831178,0.10680095,0.010374134,0.27858165,-0.16887903,0.35951543,-0.109520435,0.14217141,-0.09849259,-0.27265546,0.6873039,-0.18837401,0.17594501,0.3492867,-0.31491548,0.002009023,0.16278309,0.7374016,0.9083244,0.8947325,0.77993244,0.8878004,0.89377147,0.73651403,0.8617809,0.7025901,0.84360325,0.8597706,0.88103956,0.7553503,0.40928417,0.8651274,0.8285977,0.7052836,0.7836112,0.8980748,0.83953416
0.0,-0.30955622,0.007686503,-0.11809458,0.2870519,0.10852468,0.0074634245,0.28117302,-0.17382844,0.36330593,-0.11467825,0.14563636,-0.10202973,-0.27363083,0.6885158,-0.18742251,0.18289274,0.3475792,-0.31329998,0.0027179047,0.16913125,0.7394805,0.90776247,0.89536566,0.7850373,0.88623947,0.9014468,0.7399939,0.85921395,0.7055393,0.8382403,0.8610565,0.8800959,0.7587902,0.41282707,0.8656199,0.8292798,0.7110924,0.78527313,0.90049434,0.842272
0.0,-0.31265223,0.0146392565,-0.11954375,0.29469597,0.11578756,0.004517561,0.2853132,-0.1829516,0.37155926,-0.122719705,0.14937605,-0.10359129,-0.2788579,0.6961198,-0.18779562,0.19504476,0.3477364,-0.3127538,0.005003296,0.17763838,0.7414311,0.90724397,0.89662087,0.7884639,0.88461787,0.91023505,0.7441767,0.85360974,0.70668036,0.8328506,0.86207885,0.87858576,0.7615327,0.4159949,0.86647636,0.8289299,0.7171601,0.7866962,0.901649,0.84544766
1.0,-0.31346086,0.016104264,-0.12030366,0.2969492,0.117323615,0.003604874,0.28707454,-0.18561676,0.37399042,-0.1249399,0.15122962,-0.10472807,-0.28019255,0.69871217,-0.18808444,0.19789138,0.34891438,-0.31338948,0.0055430382,0.18001425,0.7414248,0.9066098,0.8967456,0.7893911,0.88376665,0.9126476,0.74452055,0.85252917,0.7072338,0.83071876,0.8621685,0.8777332,0.7621,0.41610926,0.8661266,0.8285956,0.71853346,0.78672695,0.9020059,0.84599376
0.0,-0.31752172,0.022759208,-0.12142143,0.3047438,0.1257236,0.0011963155,0.2910811,-0.1947664,0.3827454,-0.132621,0.15433393,-0.10510677,-0.2864135,0.7076756,-0.18901081,0.21000782,0.34984306,-0.31351388,0.008180682,0.18780091,0.74288595,0.9062196,0.8979938,0.79117584,0.8824552,0.92006296,0.74812543,0.8467388,0.7073388,0.82639605,0.8627439,0.87626773,0.7640093,0.41846088,0.86698484,0.8278707,0.72345376,0.7877356,0.9022247,0.84867144
0.0,-0.3174267,0.015676608,-0.119118646,0.29838282,0.121331565,0.005195413,0.28735322,-0.18696558,0.37613273,-0.12488347,0.14985391,-0.10106647,-0.2835992,0.70449215,-0.1899825,0.1988624,0.35213095,-0.3156432,0.006700702,0.17849302,0.7400556,0.90686285,0.89691913,0.784922,0.8844794,0.9092561,0.74286014,0.85124505,0.70379794,0.83340585,0.8612668,0.8775606,0.75931954,0.41330576,0.8659071,0.8270186,0.71526,0.78539544,0.8995861,0.844856
0.0,-0.31513476,0.018335447,-0.12032531,0.29969165,0.120923586,0.0029848386,0.28798276,-0.1887835,0.3772261,-0.12745956,0.15160501,-0.10404324,-0.28263167,0.7019412,-0.18850389,0.20234334,0.34887174,-0.31326452,0.0067010894,0.18237537,0.7419181,0.90664136,0.8972796,0.7894129,0.883722,0.91487664,0.7460485,0.85016805,0.70678216,0.8300296,0.8623912,0.8775363,0.7626374,0.41698104,0.8667024,0.828313,0.7199565,0.7871561,0.90159976,0.84709316
1.0,-0.31873062,0.026010143,-0.12225775,0.30822247,0.12899745,-0.0002853605,0.2931031,-0.19892758,0.3865826,-0.1363425,0.15622659,-0.10613008,-0.28881857,0.71102065,-0.18912616,0.21556565,0.34988955,-0.31329572,0.009219561,0.19189215,0.7437757,0.90592015,0.8985034,0.79283285,0.88160306,0.924226,0.750001,0.84428644,0.70809144,0.8237047,0.8631117,0.87548316,0.7654026,0.42002088,0.8673584,0.827799,0.72641903,0.78840494,0.9027891,0.8500577
0.0,-0.3105553,0.009835647,-0.11808227,0.28954393,0.111719005,0.0066881645,0.2816986,-0.17676018,0.36624354,-0.117122024,0.14590506,-0.101542026,-0.2754657,0.69068605,-0.18753208,0.18719605,0.3467785,-0.31263617,0.0037728697,0.17148656,0.74014217,0.9077726,0.89591295,0.78563094,0.886309,0.90419257,0.7419826,0.8568691,0.7054723,0.8375422,0.8614725,0.88015026,0.75977224,0.41418588,0.8663382,0.8292638,0.71294147,0.78596836,0.9002702,0.84372634
1.0,-0.31749344,0.024385428,-0.121761024,0.30611628,0.1270777,0.00030755624,0.2916071,-0.1964677,0.38425475,-0.13433667,0.15492739,-0.105737925,-0.2871196,0.7081748,-0.18871737,0.21266899,0.34888482,-0.31278402,0.008648362,0.18987232,0.74362993,0.90618384,0.89826286,0.7923998,0.88222516,0.92246443,0.7495846,0.8455562,0.7080246,0.82523614,0.86312866,0.87613523,0.7651387,0.41988832,0.86748385,0.82816917,0.7253966,0.78841734,0.90262866,0.84970725
0.0,-0.3179099,0.021803364,-0.12111679,0.30422696,0.1256218,0.0017354535,0.29083863,-0.19411075,0.38228267,-0.1318079,0.15383807,-0.104508884,-0.28642905,0.7080189,-0.18933019,0.2087887,0.3506505,-0.31413954,0.008162577,0.18671858,0.7423258,0.9061817,0.89782196,0.7900034,0.88267994,0.91855437,0.7471935,0.8472098,0.7066624,0.82735103,0.86249757,0.8762697,0.7631773,0.4174512,0.8667464,0.8275715,0.72219783,0.78730047,0.9016679,0.8481358
0.0,-0.30824885,0.0022681085,-0.115946144,0.28088415,0.10477555,0.01056716,0.2768849,-0.16640759,0.3570245,-0.10789882,0.14077652,-0.098543316,-0.27068967,0.6833363,-0.18745533,0.17369705,0.34688342,-0.3133641,0.0013491921,0.1615445,0.73803854,0.9089136,0.89463043,0.78053737,0.888426,0.89301914,0.73707443,0.8628044,0.70316994,0.8447759,0.86004,0.88190943,0.7558721,0.4103958,0.86574954,0.829464,0.70543146,0.7841711,0.8984447,0.83966905
0.0,-0.31347358,0.02364545,-0.12229726,0.3033016,0.12227901,-0.00037997868,0.29040736,-0.19348474,0.3806594,-0.13282889,0.1552338,-0.10827632,-0.28315744,0.7015691,-0.18692932,0.20958316,0.3457558,-0.31065083,0.007088721,0.18941545,0.7446484,0.90625465,0.89798623,0.7958059,0.8820146,0.9237832,0.75052226,0.84750086,0.7107292,0.82407445,0.8637343,0.8767353,0.7670595,0.4220149,0.8676272,0.8296744,0.7271758,0.7893588,0.90463257,0.85005003
1.0,-0.32093176,0.026591014,-0.122451186,0.31015214,0.13125116,-0.00020988844,0.29466915,-0.2010891,0.38886195,-0.13764863,0.15718001,-0.105735734,-0.29100776,0.71525335,-0.19016133,0.21736214,0.35251865,-0.31497544,0.009918358,0.1927759,0.74305546,0.90550107,0.89854705,0.79157543,0.8811235,0.92414045,0.74903446,0.8434188,0.7071223,0.82317686,0.86270255,0.8746319,0.76443106,0.41854978,0.86677796,0.826827,0.72573376,0.787677,0.9021423,0.84966594
0.0,-0.31344256,0.007448869,-0.11695812,0.28891692,0.112974785,0.008796612,0.281648,-0.1757107,0.36597657,-0.11508547,0.14450596,-0.09862079,-0.2771892,0.69448143,-0.18927878,0.18447176,0.35073134,-0.31547424,0.0039857253,0.16815975,0.7380929,0.9078012,0.89556116,0.7808738,0.88686967,0.89884734,0.7386568,0.8576034,0.7023592,0.84064144,0.86024165,0.8798363,0.75633365,0.4103086,0.8654542,0.8277593,0.7083263,0.7840974,0.89805764,0.8414349
1.0,-0.31543982,0.018348705,-0.120358236,0.29989457,0.121110715,0.0030359942,0.2881968,-0.18899952,0.37743807,-0.12756744,0.15175766,-0.103989124,-0.28288814,0.70252436,-0.1886597,0.20243397,0.34934106,-0.31355605,0.0067498013,0.18239392,0.7417743,0.906584,0.8972671,0.78920853,0.88363135,0.9147399,0.74581116,0.85013694,0.7066232,0.82995784,0.86230266,0.87740105,0.7624269,0.4166817,0.86657745,0.8281571,0.7197702,0.78699934,0.9015324,0.84695923
0.0,-0.30841056,0.009356899,-0.1189002,0.28735748,0.10762415,0.00634141,0.2818598,-0.1744726,0.36318266,-0.116037354,0.1468414,-0.10404177,-0.27295476,0.68713325,-0.18653283,0.1842736,0.34610906,-0.31203532,0.0023912229,0.17131105,0.7408066,0.9078956,0.89550155,0.78779906,0.8855552,0.9041049,0.7413219,0.85900986,0.7072789,0.83606064,0.86165804,0.8797947,0.76032835,0.4147624,0.86595464,0.8299943,0.7136595,0.7860914,0.90219593,0.84309185
0.0,-0.31726223,0.025747407,-0.122422576,0.3071024,0.12720591,-0.0005219742,0.2926094,-0.19773798,0.38512284,-0.13575311,0.15624006,-0.10704832,-0.28734502,0.70851505,-0.18843716,0.21435806,0.34867728,-0.31244683,0.008618131,0.19172162,0.74421,0.9060093,0.89839846,0.79407215,0.8815392,0.92461425,0.7503527,0.84504116,0.70906097,0.8233671,0.86335516,0.8757005,0.76607513,0.420853,0.86748433,0.8283889,0.72709364,0.78877705,0.90355724,0.8501736
0.0,-0.31406978,0.017836371,-0.12058787,0.2982466,0.11859804,0.0030382965,0.28787664,-0.18722136,0.37527418,-0.12654601,0.15186122,-0.10505348,-0.28121433,0.69997007,-0.18802771,0.20031962,0.348605,-0.31296766,0.0058462173,0.18183035,0.74218506,0.90679777,0.8970554,0.79033,0.8834104,0.9143318,0.74552995,0.8514219,0.7075289,0.82960665,0.86240834,0.8774474,0.7626852,0.41709775,0.8664902,0.828673,0.71997815,0.78711265,0.90254027,0.84654415
0.0,-0.31691778,0.020652873,-0.12108982,0.30276093,0.12364135,0.002043523,0.2902672,-0.19240569,0.38054425,-0.13045968,0.15360391,-0.10484948,-0.28503886,0.70610297,-0.18905808,0.20648417,0.35046977,-0.3140721,0.0075212494,0.18545836,0.742119,0.9061837,0.89757645,0.79012686,0.88273704,0.9175106,0.74654865,0.8484159,0.70696014,0.82769734,0.8624272,0.8764609,0.7630088,0.41712716,0.8664845,0.82776976,0.7215326,0.7871416,0.90191764,0.8476342
1.0,-0.31284353,0.01158591,-0.11849782,0.29243824,0.114682816,0.0062032137,0.2837067,-0.18008433,0.36943966,-0.11962098,0.14737421,-0.10155314,-0.2780891,0.69534683,-0.18839578,0.19081166,0.34887218,-0.31385306,0.0046782754,0.17374569,0.73996645,0.9073607,0.89618206,0.7853537,0.8856039,0.9057475,0.7420148,0.85519767,0.7049431,0.8360556,0.8613709,0.87917346,0.7595183,0.4136576,0.866048,0.82844895,0.7135646,0.7856745,0.90006304,0.84398097
1.0,-0.31439605,0.014868036,-0.11930525,0.29598588,0.11786047,0.004839409,0.2858933,-0.18431923,0.37320763,-0.123372674,0.14937271,-0.1024804,-0.2805726,0.69911414,-0.1886231,0.19633487,0.34929612,-0.31381017,0.005655274,0.177753,0.740848,0.9071093,0.89673036,0.7869818,0.88467205,0.9097113,0.7436919,0.852753,0.70550936,0.8332853,0.8617659,0.878302,0.7606685,0.41494462,0.86629826,0.828218,0.71630913,0.78620976,0.90074456,0.8452424
0.0,-0.31270114,0.02503457,-0.123494774,0.30378804,0.120990105,-0.0014104694,0.2923496,-0.19443105,0.38071442,-0.13434209,0.1577034,-0.11105898,-0.2827177,0.7015283,-0.18643744,0.21033558,0.34620136,-0.310496,0.006432932,0.19175953,0.7454025,0.90590316,0.8978887,0.79862696,0.88062507,0.9262497,0.7506312,0.84768534,0.7127089,0.8209677,0.8639144,0.87566566,0.76808447,0.4229364,0.86715215,0.8300318,0.72930855,0.78952914,0.9066106,0.8500252
1.0,-0.31541294,0.021148654,-0.12121786,0.30191958,0.12238703,0.0015855748,0.28964615,-0.19158545,0.3793972,-0.13036042,0.15342183,-0.10565418,-0.28379178,0.7034104,-0.18817109,0.20629314,0.34834853,-0.31257895,0.0070774816,0.18590482,0.7431045,0.9065431,0.89766014,0.7918058,0.88278687,0.9186122,0.74774104,0.84861994,0.7080691,0.82727,0.8628708,0.8768549,0.76414275,0.41880974,0.8670511,0.8285996,0.72296584,0.7879058,0.9028544,0.84819335
1.0,-0.3184818,0.021548469,-0.12059392,0.30411407,0.12639698,0.0022577,0.2902458,-0.1938844,0.38236618,-0.13136709,0.15289657,-0.103199184,-0.28688255,0.70846474,-0.18961124,0.20872593,0.35057655,-0.3141806,0.008412503,0.1858746,0.742175,0.90647656,0.89792466,0.78888357,0.8832076,0.91751325,0.74717444,0.8469,0.7057719,0.8285708,0.8623551,0.8766385,0.76265895,0.41713923,0.8669681,0.8274008,0.7213578,0.78716975,0.9009816,0.8480198
1.0,-0.3163588,0.015265238,-0.119139485,0.29751346,0.12014567,0.0051135486,0.2867551,-0.18598592,0.37510747,-0.12426676,0.14959173,-0.10146669,-0.28252408,0.7025878,-0.1895326,0.19788936,0.35115212,-0.31503558,0.0063605495,0.17810786,0.7402536,0.9069255,0.89684075,0.78550684,0.8846072,0.9093071,0.7431158,0.851792,0.7043287,0.8335054,0.86142844,0.8778593,0.75974935,0.4138056,0.8660435,0.82742023,0.7155119,0.7856615,0.8998827,0.8449958
0.0,-0.31392306,0.01391853,-0.119479775,0.29531676,0.116608106,0.0049752668,0.28596452,-0.18351299,0.37242526,-0.122623354,0.14969562,-0.10301888,-0.2798287,0.69850385,-0.18864208,0.19479474,0.34996217,-0.31433064,0.0053036176,0.17705019,0.74035454,0.90679437,0.8964568,0.78689194,0.8844884,0.9090451,0.74279726,0.8536721,0.70572966,0.8331659,0.86160374,0.8781304,0.76040244,0.4142253,0.8657914,0.82813793,0.7156654,0.78588015,0.9008094,0.8447597
1.0,-0.31837243,0.036421716,-0.12616457,0.31691587,0.13436279,-0.006240654,0.2998079,-0.20992322,0.3954954,-0.14764473,0.16416141,-0.11357796,-0.2927904,0.7157565,-0.18760642,0.23054996,0.34782472,-0.3107807,0.010507453,0.20596507,0.74777716,0.90468144,0.89971215,0.8028079,0.8776773,0.9400431,0.7566228,0.8385358,0.7142832,0.8122007,0.86465865,0.8726811,0.77212137,0.4274593,0.8683309,0.8292165,0.7387899,0.7913651,0.90753806,0.85435784
1.0,-0.3152165,0.021605978,-0.12146214,0.30290544,0.12307375,0.001092148,0.2898706,-0.1926743,0.38063407,-0.13117047,0.15396182,-0.10595512,-0.28404146,0.7037441,-0.1881472,0.20767906,0.34811106,-0.3124991,0.007438112,0.18671027,0.7430294,0.9061725,0.8977759,0.79231125,0.88269997,0.9201032,0.74841815,0.8479928,0.7084452,0.82654774,0.8629915,0.8768811,0.76482695,0.41919503,0.86702085,0.82859826,0.72371113,0.7881389,0.9027501,0.8488387
1.0,-0.31582877,0.020469123,-0.12068142,0.3018516,0.12318013,0.002084924,0.28890827,-0.19135655,0.37963963,-0.12977135,0.15243526,-0.10434851,-0.28411424,0.70375943,-0.18849748,0.2060487,0.34838748,-0.3128035,0.0074385554,0.18485412,0.74262726,0.9065956,0.89768815,0.7904381,0.88340646,0.91756153,0.7476058,0.84841144,0.70715314,0.82864547,0.8627167,0.87728137,0.76363736,0.4182482,0.86716115,0.8283585,0.7219142,0.7877358,0.901861,0.8481847
0.0,-0.3131009,0.012411178,-0.11898504,0.29333267,0.11495077,0.00571022,0.284668,-0.18117262,0.37026,-0.12065619,0.1484388,-0.102410346,-0.2785238,0.6963069,-0.18842377,0.19198456,0.34937984,-0.3140728,0.004751228,0.17498396,0.7401405,0.90713406,0.8962332,0.78614455,0.885045,0.90694284,0.7421404,0.8548835,0.70541304,0.83473414,0.8614538,0.87868243,0.7598504,0.4138332,0.8658505,0.8283642,0.714382,0.785712,0.90056705,0.8441426
1.0,-0.3141071,0.015796322,-0.11959121,0.2968897,0.118551545,0.0041576102,0.28619447,-0.18544044,0.37421727,-0.12449327,0.14987054,-0.10308325,-0.28078872,0.6991475,-0.18836541,0.19802225,0.34856436,-0.31328416,0.0059546344,0.17912644,0.74126816,0.9069481,0.89687973,0.78797936,0.8845186,0.9115478,0.74471855,0.8520281,0.7061448,0.8323961,0.8620834,0.8782545,0.76158655,0.41591612,0.86656445,0.8284512,0.7176796,0.78670764,0.90103006,0.8460691
1.0,-0.31558105,0.014381122,-0.119061366,0.29634407,0.1187162,0.0053736307,0.2861893,-0.18461324,0.37376082,-0.12317188,0.14925137,-0.10160266,-0.28147742,0.7010144,-0.18931016,0.19614312,0.35084647,-0.3149023,0.0059073195,0.17708354,0.7401278,0.90697986,0.89666927,0.78551126,0.88473696,0.9084433,0.7427065,0.8526801,0.7045029,0.8339309,0.8613782,0.8780812,0.7596389,0.41363513,0.86592746,0.8276079,0.7149892,0.785585,0.89999473,0.84464794
0.0,-0.31029874,0.0040225126,-0.11625926,0.28385767,0.10784084,0.010037392,0.27864203,-0.16981146,0.36037666,-0.11042377,0.14213684,-0.09838292,-0.27315396,0.6876486,-0.1882464,0.17754811,0.34852934,-0.31432393,0.0023302734,0.1637576,0.73790175,0.9084618,0.8949729,0.7804367,0.88787866,0.8949493,0.73750633,0.8608939,0.7027159,0.8433642,0.8600339,0.8811631,0.75589156,0.4101288,0.8655439,0.8287386,0.70622265,0.7840305,0.8981621,0.84019715
1.0,-0.3173482,0.021086536,-0.12091723,0.3033317,0.12474046,0.0020099906,0.29016826,-0.19304284,0.3813004,-0.13091248,0.15330343,-0.104300156,-0.28567106,0.7067818,-0.18916808,0.207526,0.35023227,-0.31393188,0.007902816,0.18577199,0.742225,0.90628874,0.8977272,0.7898207,0.88294786,0.9177933,0.74701875,0.8477605,0.706627,0.8279828,0.8624757,0.8765839,0.7630652,0.41736054,0.86676866,0.82771724,0.72171384,0.78727955,0.9015906,0.8479672
1.0,-0.31535777,0.015453871,-0.119218,0.29700097,0.119399466,0.004795174,0.28630206,-0.18548119,0.37444884,-0.124184445,0.14942588,-0.10199286,-0.2816997,0.700836,-0.18896988,0.19775122,0.3497937,-0.31410974,0.006141737,0.17837568,0.74079853,0.9070844,0.89686924,0.7864898,0.8846839,0.9100251,0.7438607,0.8519413,0.7050265,0.83331203,0.86172956,0.87813306,0.76048857,0.41481692,0.8663981,0.82793355,0.71638596,0.78616124,0.90036833,0.8454347
0.0,-0.31593975,0.015912164,-0.11907091,0.29757008,0.12039096,0.0048544593,0.2863833,-0.18610966,0.37518638,-0.124596536,0.14930087,-0.10142072,-0.28239566,0.7017494,-0.18917604,0.19870025,0.34982586,-0.31412232,0.006436277,0.17860788,0.74086773,0.9071988,0.8970345,0.7861958,0.8848002,0.91019017,0.7441585,0.8513108,0.7046562,0.83346295,0.86169577,0.87819797,0.7604252,0.41488203,0.86654115,0.82780135,0.71640754,0.78617376,0.90011597,0.8455651
0.0,-0.31628615,0.018777728,-0.12039187,0.30070722,0.12213253,0.0030219154,0.288735,-0.18991785,0.37838584,-0.12818962,0.15203647,-0.10375331,-0.28379074,0.7040868,-0.18900548,0.20340896,0.35007566,-0.31400812,0.007054854,0.1828736,0.7416531,0.90650934,0.897346,0.7888378,0.8834976,0.914892,0.7457009,0.84963155,0.7062659,0.82976246,0.86220735,0.87714136,0.76217705,0.41636842,0.86649233,0.8278522,0.71970904,0.7868357,0.90132177,0.8469327
1.0,-0.3202182,0.034598097,-0.1252311,0.31671897,0.13557339,-0.004875157,0.2989174,-0.20929347,0.39570177,-0.14614072,0.16247526,-0.11098171,-0.29379755,0.7178047,-0.18873538,0.22923258,0.3495944,-0.31232595,0.011154491,0.20339778,0.74636835,0.90475506,0.89960855,0.7991807,0.8786043,0.93653154,0.75496215,0.83877355,0.71180844,0.81494147,0.86412966,0.87305975,0.77004737,0.42491052,0.8680173,0.82817566,0.73550165,0.7903941,0.9054786,0.8535912
1.0,-0.31655744,0.023468379,-0.121558644,0.30471912,0.12552479,0.0006278539,0.290759,-0.19484591,0.38264406,-0.13308053,0.15431744,-0.105706125,-0.285881,0.70616674,-0.18838912,0.21077839,0.34819272,-0.31238577,0.008144584,0.18866587,0.74363166,0.906365,0.89812326,0.7924621,0.8824966,0.92152286,0.7493627,0.8464406,0.7081843,0.82589847,0.86314404,0.8765267,0.7650878,0.41991574,0.8675044,0.8284594,0.72489923,0.78843814,0.902766,0.8494316
0.0,-0.314499,0.016369415,-0.1197243,0.29744962,0.1190675,0.003984757,0.28665376,-0.18611258,0.37479448,-0.1250907,0.15022895,-0.103221014,-0.28128007,0.69992256,-0.18845004,0.19888577,0.3487694,-0.31335405,0.006080702,0.17977926,0.7414287,0.90694547,0.89697194,0.7881951,0.8843222,0.9120655,0.7448873,0.8516527,0.70618457,0.8319248,0.86211467,0.8780554,0.7616767,0.4160539,0.86657363,0.82837635,0.71805,0.7867436,0.9011732,0.8461587
1.0,-0.3176496,0.02672363,-0.122389615,0.30820894,0.12878197,-0.00088290125,0.2926754,-0.19899635,0.38650304,-0.13678774,0.15617116,-0.10670041,-0.2882257,0.7093496,-0.18846585,0.21638733,0.34808263,-0.3120887,0.009195965,0.19272639,0.7445251,0.90606153,0.8986492,0.7941641,0.8816857,0.92578524,0.7513615,0.8439599,0.70897186,0.8232137,0.8635263,0.87580925,0.7665774,0.4215739,0.8679149,0.8284254,0.7279267,0.7891548,0.90330964,0.85089236
1.0,-0.31410724,0.014666064,-0.11950047,0.29566622,0.117089786,0.004793957,0.28607878,-0.18397184,0.3727358,-0.12316926,0.14970563,-0.10300493,-0.28016904,0.69872195,-0.18853639,0.19571543,0.34951565,-0.31393296,0.0053946003,0.1776922,0.74081,0.9070204,0.8966193,0.7872871,0.8844508,0.90962785,0.74335825,0.85321176,0.70580983,0.8329212,0.86174405,0.8781372,0.76066536,0.41481045,0.86608535,0.8282556,0.7162912,0.7861217,0.90105236,0.8450222
1.0,-0.31705147,0.023634238,-0.12187724,0.30538535,0.12579471,0.00048562558,0.29159796,-0.19561161,0.38334846,-0.1336078,0.15514903,-0.10614997,-0.2863694,0.70745087,-0.18867815,0.21122614,0.34931216,-0.3130761,0.008216854,0.1891791,0.74332905,0.90603316,0.8980737,0.7924795,0.88206863,0.9218428,0.7488865,0.84637284,0.7082336,0.8251424,0.8630089,0.87606007,0.7649117,0.41937178,0.8670841,0.8281447,0.7248602,0.788152,0.9028285,0.84924084
0.0,-0.31300485,0.015345064,-0.11996707,0.2955148,0.11611461,0.0041291676,0.28623864,-0.18395855,0.37231964,-0.12366006,0.15033606,-0.10430792,-0.27934855,0.69721013,-0.18788165,0.19604582,0.3483962,-0.3130603,0.0050783604,0.17871648,0.74152607,0.9070382,0.8966416,0.7890355,0.8841001,0.91115713,0.7441531,0.85333574,0.70701295,0.8317217,0.86210096,0.87808526,0.7616949,0.41601482,0.86626893,0.82879937,0.71778625,0.7866526,0.90206164,0.84550893
1.0,-0.3142454,0.014608763,-0.11879443,0.29544953,0.11812865,0.0051735844,0.28494626,-0.18367583,0.3727908,-0.122796685,0.14826687,-0.10151987,-0.28042233,0.69831336,-0.18851863,0.19601822,0.34833512,-0.313245,0.005743243,0.17700796,0.7409956,0.90747416,0.8968191,0.78646076,0.885275,0.90908545,0.7441123,0.85259354,0.70508516,0.83448344,0.8618053,0.87886566,0.76061445,0.41526374,0.8667464,0.82839733,0.71599865,0.7863972,0.9003236,0.8453955
0.0,-0.31489086,0.020284325,-0.120799705,0.30092335,0.121793576,0.0019870708,0.28860456,-0.19037777,0.3784011,-0.12928338,0.15242113,-0.10500401,-0.28308585,0.7020506,-0.18802059,0.20499665,0.34765998,-0.3122517,0.006945528,0.18467066,0.7429769,0.90674263,0.8975885,0.7912511,0.8833201,0.917568,0.7476866,0.8490686,0.70777375,0.8284442,0.86285675,0.8773746,0.76395553,0.41874254,0.8672401,0.828758,0.7222889,0.78793484,0.9024845,0.84811795
0.0,-0.31678286,0.028021362,-0.12274954,0.308866,0.12899005,-0.0017382558,0.29274932,-0.19984055,0.3871436,-0.13789113,0.15667753,-0.107538626,-0.2880441,0.7083842,-0.18787782,0.21814853,0.34649011,-0.31097198,0.009287935,0.1942498,0.7453582,0.9060923,0.89888114,0.7958811,0.8815134,0.92812765,0.75294775,0.84324354,0.71004105,0.8220204,0.86394626,0.8759372,0.76798713,0.42329326,0.86839366,0.82898605,0.72990346,0.7899337,0.90400684,0.85186017
1.0,-0.3146765,0.016057156,-0.11976497,0.29728553,0.11872571,0.004177156,0.28680357,-0.18588875,0.37455428,-0.1248212,0.15037906,-0.10321825,-0.28125557,0.70022774,-0.18860793,0.19830161,0.34942672,-0.31377494,0.0059449673,0.1793971,0.7411645,0.90688914,0.8968828,0.7879104,0.88420165,0.91148806,0.74431914,0.85198355,0.7060165,0.83192515,0.8619461,0.87791085,0.76128453,0.4154995,0.86630666,0.82819974,0.7175439,0.7864471,0.9011621,0.84576845
0.0,-0.30992648,0.004504322,-0.117197216,0.2842668,0.10664222,0.009345574,0.27992693,-0.17035061,0.3604021,-0.1111795,0.14387046,-0.10033105,-0.27279145,0.68784434,-0.18807961,0.17770824,0.34940794,-0.31479698,0.002012238,0.16497603,0.7379988,0.90802217,0.89478683,0.78181225,0.88690764,0.8960946,0.73705256,0.8614663,0.70378125,0.84124386,0.86013,0.88032794,0.756293,0.410072,0.864962,0.8287273,0.7071063,0.78394485,0.8992515,0.8400804
0.0,-0.31418592,0.011094041,-0.117564276,0.29204476,0.116004474,0.007239149,0.28298986,-0.17954731,0.36928546,-0.118805155,0.14581583,-0.09941857,-0.27907705,0.69655937,-0.18895662,0.19028273,0.34931114,-0.31417805,0.004947126,0.17231023,0.7396777,0.9079305,0.896273,0.7832379,0.8863388,0.9034754,0.7414838,0.85488373,0.7032926,0.83822435,0.86100584,0.87953705,0.7582245,0.41282767,0.86633974,0.8280622,0.7119154,0.7852597,0.8989842,0.8433804
1.0,-0.31122094,0.012815461,-0.11928883,0.2925643,0.11343626,0.0050514834,0.2840925,-0.18044773,0.36923522,-0.120630756,0.14854021,-0.10360898,-0.2769868,0.6932678,-0.18743427,0.19181955,0.34714773,-0.3125497,0.004315011,0.17558053,0.741055,0.90728515,0.89628214,0.78816456,0.8850208,0.9085255,0.7434163,0.8551635,0.7068538,0.83395845,0.86196107,0.879088,0.7612789,0.41557676,0.8662877,0.8292404,0.7160283,0.7865428,0.90157646,0.8448924
0.0,-0.3120588,0.009972186,-0.11788426,0.29006848,0.11278693,0.007146227,0.28223628,-0.1772981,0.36683267,-0.11730406,0.14585842,-0.100726336,-0.27669394,0.6929164,-0.1881633,0.18754342,0.3482118,-0.31352794,0.0039836243,0.1713118,0.73981994,0.9078972,0.8959619,0.7844482,0.88623464,0.90313655,0.7412245,0.85658383,0.7044803,0.8379198,0.8611493,0.8798159,0.75876975,0.41321272,0.8661459,0.8286977,0.7120156,0.7854451,0.89984185,0.8431262
1.0,-0.31710637,0.026352324,-0.12242928,0.30757886,0.12785384,-0.00084907,0.29248714,-0.19830067,0.38572294,-0.13631204,0.1561653,-0.1070347,-0.28755012,0.70836496,-0.1882605,0.21548706,0.34785858,-0.31193525,0.00887835,0.1923795,0.74455214,0.9060621,0.89855295,0.7944748,0.88165355,0.9255846,0.7512073,0.8444606,0.7092707,0.8231923,0.8635551,0.8758684,0.7666504,0.42162275,0.8678354,0.8285869,0.72787845,0.7891706,0.9035619,0.85074645
1.0,-0.31119308,0.0075149946,-0.117440045,0.28771275,0.11055241,0.008131682,0.2810544,-0.17445397,0.364349,-0.11468147,0.14477,-0.10024184,-0.27512863,0.69082075,-0.18818747,0.18352342,0.3485906,-0.31402892,0.0032959431,0.16850094,0.7389358,0.90789753,0.8954937,0.78308403,0.8867099,0.9001612,0.7395995,0.8584509,0.7040294,0.8396675,0.860734,0.88018423,0.7577374,0.41187188,0.86571795,0.82868737,0.7098238,0.78484935,0.8992939,0.8419916
0.0,-0.31597176,0.01927334,-0.12126508,0.30152822,0.12149716,0.0023038872,0.29008648,-0.19092074,0.37909132,-0.1291561,0.15391214,-0.10550822,-0.28366402,0.70463216,-0.18895456,0.20404744,0.35099193,-0.3145157,0.0068760514,0.18419403,0.74154127,0.9058626,0.8972415,0.7902282,0.88256353,0.9165632,0.74547416,0.8497781,0.707354,0.82761836,0.86222756,0.8764305,0.76275516,0.41631144,0.8658258,0.8277699,0.7206369,0.7867446,0.9021255,0.8469691
1.0,-0.31414646,0.01521293,-0.11958572,0.29638994,0.11780911,0.004489648,0.28620148,-0.18480082,0.3736092,-0.123844445,0.14992276,-0.103021175,-0.2805123,0.6990919,-0.18851706,0.19691214,0.34920403,-0.31372932,0.005680166,0.17835483,0.74093705,0.90692073,0.8967621,0.7876216,0.88444185,0.9106277,0.7439838,0.8525996,0.7059582,0.8325463,0.86186343,0.8781897,0.76110625,0.4152363,0.8662215,0.82828796,0.71689993,0.78634316,0.9010131,0.8455049
1.0,-0.31619665,0.024318693,-0.12201449,0.30535027,0.12554738,-6.4591877e-06,0.29133338,-0.19566953,0.38321644,-0.13402054,0.15517823,-0.10668411,-0.28588444,0.70611525,-0.18811963,0.21190083,0.3478627,-0.31206262,0.008142654,0.18993428,0.7440202,0.9061926,0.8981994,0.79368424,0.88207436,0.92313653,0.7499873,0.8461151,0.7089961,0.8246348,0.86334795,0.8762868,0.7658595,0.42067498,0.86753196,0.8286694,0.7261569,0.78875905,0.9033779,0.84987146
0.0,-0.31373733,0.016755175,-0.119614765,0.29724354,0.118990354,0.0037415577,0.28599584,-0.18591742,0.3745979,-0.12515096,0.14978074,-0.103178486,-0.28080627,0.69851005,-0.18798475,0.1993275,0.34718648,-0.31231952,0.006092403,0.1799984,0.74198985,0.9071938,0.89712673,0.78891104,0.88461655,0.9128686,0.7459737,0.85134697,0.7065908,0.8320403,0.8624059,0.87853426,0.76243806,0.41718397,0.8670896,0.82884353,0.7188907,0.78730077,0.901369,0.8467745
1.0,-0.31665304,0.022207778,-0.12123805,0.30375206,0.124741755,0.0013174135,0.29027826,-0.1936335,0.38162822,-0.13180777,0.15373333,-0.10508164,-0.2854567,0.7059057,-0.1886424,0.20886815,0.34890214,-0.31294858,0.00789367,0.18707764,0.74302447,0.9063894,0.8979218,0.7913521,0.88275415,0.9196548,0.7482889,0.84725064,0.7075502,0.82695293,0.86285156,0.87666076,0.76419413,0.41880834,0.8671833,0.82821006,0.72338045,0.78793156,0.90231186,0.8487147
1.0,-0.3139102,0.01622922,-0.11941133,0.29644647,0.11840204,0.004195229,0.28576833,-0.18499552,0.37361687,-0.12438977,0.1493487,-0.10286488,-0.2806046,0.6983173,-0.18805937,0.19805512,0.34755564,-0.3125231,0.005807411,0.17915198,0.74188644,0.9074386,0.89700866,0.78833824,0.8846974,0.91151595,0.74527985,0.8519318,0.7062005,0.832688,0.8622371,0.8785197,0.7617845,0.4166708,0.86702573,0.8287716,0.7180913,0.7870168,0.9013468,0.8461834
1.0,-0.318973,0.026141183,-0.12225747,0.308716,0.12964562,-0.00037520984,0.2931837,-0.19946158,0.38722384,-0.13667448,0.15626012,-0.10598198,-0.28920797,0.7116061,-0.18925016,0.21618897,0.35002947,-0.31343418,0.009491805,0.19213228,0.74364907,0.90580213,0.8985444,0.7926107,0.8816463,0.92450297,0.75012344,0.8439608,0.7079479,0.8237072,0.8631106,0.8754571,0.76543665,0.41996047,0.8673784,0.8276835,0.72647196,0.7884122,0.90252614,0.8502639
1.0,-0.31372494,0.01682788,-0.11983402,0.29730526,0.118706144,0.0036095195,0.2863694,-0.18602784,0.37455148,-0.12532213,0.1502145,-0.103670165,-0.2807606,0.6986722,-0.18796974,0.19925764,0.34755343,-0.31250462,0.0059805363,0.18028584,0.7419798,0.9070816,0.8970588,0.78918564,0.88434535,0.9130346,0.74574065,0.85153466,0.70681846,0.8315584,0.8623985,0.8782767,0.7624344,0.41707772,0.86692125,0.82881355,0.7190413,0.7872285,0.90163475,0.84666073
1.0,-0.31764498,0.021755205,-0.12112837,0.30395237,0.12521869,0.0017374987,0.29069984,-0.19380215,0.38192266,-0.13162915,0.1537899,-0.10461281,-0.28613138,0.7075005,-0.18920158,0.20849526,0.35039234,-0.31395304,0.008016005,0.18659997,0.7424316,0.9062525,0.897816,0.79022,0.8826838,0.91852885,0.74725705,0.8473746,0.7068065,0.82733285,0.8625315,0.87634283,0.7632702,0.41760588,0.8667827,0.82768655,0.7222707,0.7873592,0.9018299,0.8481153
1.0,-0.32023838,0.02509186,-0.121560685,0.30835757,0.13041481,0.0006653457,0.29273048,-0.19889621,0.38709366,-0.13565807,0.15516286,-0.104202434,-0.28992498,0.71302456,-0.18998724,0.21512592,0.3512552,-0.31437966,0.00973713,0.19041643,0.74288267,0.9059979,0.8984759,0.7903297,0.88220644,0.9220009,0.7489636,0.8440762,0.70634574,0.82555133,0.8626662,0.8756238,0.76395196,0.41840443,0.86719877,0.82706743,0.724334,0.7877084,0.90137464,0.84948736
0.0,-0.30885023,0.0068782913,-0.117920294,0.2857794,0.10726601,0.007784971,0.28047082,-0.17236131,0.36187214,-0.11354208,0.14503491,-0.10197844,-0.27267772,0.68690354,-0.18717323,0.18116942,0.34708238,-0.313032,0.0023020543,0.16806987,0.73947364,0.9079664,0.89521414,0.78489965,0.8864767,0.9004015,0.73965937,0.860045,0.70559496,0.8389254,0.86101097,0.8803794,0.75862336,0.41276908,0.8656542,0.82951003,0.71055984,0.78524345,0.9005556,0.84193045
1.0,-0.31162593,0.0083008,-0.11792374,0.2886952,0.11089311,0.0077005243,0.28208733,-0.17561343,0.3652529,-0.11571489,0.14587846,-0.101005875,-0.27568677,0.69208974,-0.18831813,0.1846909,0.34936848,-0.31443447,0.0034001805,0.1696556,0.7390046,0.90764767,0.8955378,0.78369725,0.88612866,0.90119433,0.7395681,0.8581418,0.7043603,0.8383587,0.8607627,0.8796369,0.7579185,0.41183713,0.86544347,0.8285013,0.71046156,0.78478265,0.89973193,0.8420629
1.0,-0.31581414,0.017257659,-0.11979261,0.2989626,0.12090229,0.003865772,0.28748804,-0.18782118,0.37655926,-0.12629138,0.1507141,-0.10281257,-0.2827934,0.7024462,-0.1889679,0.20084047,0.34975,-0.31394416,0.00664977,0.18072832,0.7413052,0.9068224,0.89716053,0.7877544,0.8841262,0.91266024,0.74498236,0.8506313,0.7056692,0.83150166,0.8620069,0.877702,0.76145214,0.41574937,0.8665091,0.8279242,0.7181817,0.7865747,0.90084416,0.8462963
0.0,-0.31587672,0.016890679,-0.11975754,0.29873478,0.120677345,0.0040215338,0.28748432,-0.18754037,0.3763054,-0.12598903,0.1506647,-0.102777526,-0.28271246,0.7025012,-0.18906,0.20028651,0.3501207,-0.31420904,0.006574828,0.18037735,0.74109274,0.9067711,0.8970699,0.787444,0.8841238,0.91215056,0.7445679,0.85091126,0.70552945,0.8316979,0.861915,0.8776331,0.7611717,0.41536605,0.86636615,0.8278282,0.7177679,0.7863987,0.90074176,0.84605646
1.0,-0.31206724,0.008670725,-0.117725655,0.28906876,0.11173368,0.0077734785,0.28198478,-0.17603755,0.36573988,-0.11601171,0.14557953,-0.10043214,-0.276215,0.692679,-0.18842436,0.18543008,0.34921047,-0.31429714,0.0036324337,0.16979158,0.73912454,0.9078189,0.89568657,0.7834326,0.8863034,0.9012694,0.73991346,0.8576123,0.7040098,0.8386643,0.86077034,0.8797717,0.757861,0.41199055,0.86567336,0.8284407,0.7105134,0.78484905,0.8995086,0.8422247
1.0,-0.31572574,0.020553373,-0.12103751,0.30207455,0.122850664,0.0018148376,0.28949213,-0.19166452,0.37977666,-0.13010177,0.15317357,-0.10514767,-0.2840393,0.7039989,-0.18847896,0.2060872,0.348909,-0.31308994,0.0073301643,0.18536687,0.7425432,0.9063188,0.89758974,0.7909108,0.8830025,0.91805536,0.7473361,0.8486108,0.7075775,0.8278432,0.8627187,0.8769108,0.7637587,0.41811708,0.86687243,0.82831365,0.72221726,0.78765774,0.9021939,0.8481209
1.0,-0.31676626,0.017818036,-0.119939886,0.30012628,0.12213706,0.0037366813,0.28824952,-0.1891361,0.37789226,-0.12720494,0.15126833,-0.102707654,-0.28387567,0.7044275,-0.1893806,0.20217708,0.35074374,-0.31455538,0.0070485994,0.1814635,0.7410941,0.9066156,0.8972435,0.787444,0.88387805,0.9131149,0.7448673,0.84999484,0.70535356,0.83102137,0.86189854,0.8773247,0.7612449,0.41535446,0.8663332,0.82753617,0.7182369,0.7863715,0.90063006,0.8463414
0.0,-0.31870627,0.020089582,-0.12040495,0.30316544,0.1253446,0.0029973118,0.29009655,-0.19267559,0.3813212,-0.13002218,0.15268129,-0.10280459,-0.2864681,0.7085763,-0.19000736,0.2064788,0.35195607,-0.3151834,0.008050457,0.1841909,0.741317,0.9063331,0.89763594,0.7876945,0.8832527,0.91543734,0.7456189,0.84795856,0.70514613,0.82935804,0.86193806,0.8765475,0.7615421,0.41558582,0.86634064,0.8269911,0.71955717,0.78642213,0.9005755,0.8470007
1.0,-0.31581122,0.014114336,-0.11868892,0.29614654,0.11919663,0.0056778146,0.2857169,-0.18436322,0.37369525,-0.122843385,0.14853829,-0.10083856,-0.28166205,0.70106936,-0.18941242,0.19596511,0.35066807,-0.31483525,0.0060585737,0.1765569,0.74004245,0.9071512,0.8966946,0.78480524,0.88511944,0.9077843,0.74271655,0.85253906,0.7039981,0.8348384,0.8613248,0.8783299,0.7593486,0.4135171,0.8661338,0.8275661,0.71452355,0.7855613,0.89953417,0.8446341
1.0,-0.31992897,0.026186882,-0.122424245,0.30927885,0.13005134,-0.00021757558,0.29405636,-0.20008121,0.38783145,-0.13697413,0.15690267,-0.105995595,-0.2899549,0.7134002,-0.18975563,0.21638227,0.35156065,-0.31438562,0.009549264,0.19227105,0.74324346,0.9055969,0.8985011,0.7921297,0.88127387,0.9241266,0.74929875,0.8439216,0.70758367,0.8233021,0.86284006,0.8749716,0.7648203,0.41902006,0.86688894,0.82719815,0.7258898,0.7879108,0.90242827,0.84974474
0.0,-0.31810755,0.03113838,-0.124379545,0.31210092,0.1306799,-0.0033231506,0.29650235,-0.2039375,0.39030236,-0.14178653,0.16043973,-0.11039522,-0.29018196,0.71262044,-0.1881404,0.22240734,0.34873918,-0.3118521,0.00951542,0.19888645,0.7459577,0.90535396,0.8990383,0.7984241,0.87944347,0.9321523,0.75319386,0.84186226,0.7115829,0.81757283,0.86397153,0.8740079,0.76886654,0.4238544,0.8677601,0.8286649,0.7327854,0.7899088,0.9056886,0.85209554
1.0,-0.31465253,0.017965442,-0.120069355,0.2988464,0.120300286,0.0032147812,0.2872621,-0.18781492,0.37627625,-0.12675026,0.15092051,-0.10373383,-0.28202564,0.700696,-0.18826103,0.20143926,0.34811693,-0.31278598,0.006484408,0.18166718,0.7420903,0.9069288,0.8972599,0.78935087,0.8840348,0.9142635,0.7461672,0.8505075,0.70673645,0.83071005,0.86243516,0.87790096,0.7626202,0.41722763,0.8669416,0.8285557,0.719751,0.7872772,0.9016136,0.8470357
0.0,-0.30454084,-0.001069868,-0.11583959,0.27555555,0.09851728,0.011411676,0.27450004,-0.16030627,0.3509484,-0.10333954,0.13923138,-0.09967303,-0.26611498,0.6759422,-0.18617095,0.1663315,0.3448815,-0.3123517,-0.0005858466,0.1577171,0.73802,0.9094006,0.8938321,0.78091127,0.88894105,0.88950545,0.735545,0.8667673,0.7043243,0.84640455,0.8599095,0.88276505,0.75571877,0.4103086,0.8655499,0.83057505,0.70381004,0.7841142,0.8992521,0.8382868
1.0,-0.3156842,0.01758249,-0.11975919,0.29904446,0.121103875,0.0037408564,0.28733137,-0.1879428,0.376643,-0.12649736,0.15056859,-0.10277228,-0.2828058,0.70218205,-0.1888181,0.20127285,0.34920302,-0.3135538,0.006712988,0.18099335,0.7415769,0.90695137,0.897246,0.7880158,0.88420916,0.9130445,0.74544513,0.8503881,0.7057746,0.8315006,0.86212695,0.87782645,0.76172304,0.41621968,0.8667554,0.8280804,0.71859694,0.78679883,0.9009334,0.8465652
1.0,-0.31727377,0.022842145,-0.12071209,0.30430397,0.12652978,0.0014520288,0.2896961,-0.19423017,0.38251334,-0.13220836,0.15271856,-0.10374385,-0.28637105,0.70652276,-0.18875325,0.21032834,0.34798568,-0.31240886,0.008504927,0.18721405,0.7433672,0.90680945,0.898209,0.7906657,0.88337296,0.9197322,0.74924105,0.84615034,0.7068335,0.8279623,0.862948,0.8771223,0.76426065,0.41940096,0.8678693,0.82824564,0.7235293,0.7882542,0.90167314,0.8492567
1.0,-0.31625906,0.01978927,-0.12051238,0.30124575,0.12270204,0.0026169326,0.28891125,-0.19061884,0.3789171,-0.12901548,0.15221113,-0.103982896,-0.28409234,0.7041143,-0.18877739,0.20475745,0.3493015,-0.31339544,0.007200435,0.18391217,0.7422633,0.90668595,0.8975443,0.7896219,0.8834105,0.91606754,0.7466052,0.84899783,0.706622,0.8292149,0.8624437,0.8771558,0.762786,0.4173199,0.86686933,0.8280942,0.7207976,0.7872576,0.90169245,0.84743917
1.0,-0.31807667,0.020737786,-0.120266095,0.30305696,0.12556532,0.0027015647,0.28948525,-0.19262628,0.3812291,-0.13028288,0.15215173,-0.102727175,-0.28619328,0.70729655,-0.18951452,0.20725393,0.35020933,-0.3140081,0.008135103,0.1846818,0.7420641,0.90668756,0.8978328,0.78844386,0.8835641,0.91635984,0.7468777,0.84747636,0.7055337,0.82949775,0.8622793,0.876998,0.76235133,0.41693178,0.8670155,0.82751155,0.720615,0.7870826,0.90081054,0.84770715
0.0,-0.31754196,0.0144426925,-0.11831224,0.29759008,0.12170478,0.006047898,0.2861701,-0.18591383,0.37570512,-0.123550415,0.14840317,-0.09937355,-0.28350574,0.70408404,-0.1902928,0.19763887,0.3519049,-0.31574625,0.0068731606,0.17663005,0.7394928,0.9070278,0.89689744,0.78326684,0.88536924,0.9074979,0.7425499,0.85129696,0.7027708,0.8354513,0.86101335,0.8782451,0.7586545,0.41265956,0.86602634,0.82687974,0.7136983,0.7851566,0.8984258,0.84459424
1.0,-0.3119211,0.010278901,-0.11811392,0.29063964,0.11306959,0.0067773787,0.2825419,-0.1779741,0.36748105,-0.11788422,0.14633113,-0.101166114,-0.27678794,0.69313365,-0.18811905,0.18831915,0.3481826,-0.31351197,0.004150212,0.17198768,0.7398308,0.9076399,0.89598536,0.784902,0.88607156,0.90408856,0.74153996,0.856296,0.7048301,0.8373166,0.86126834,0.87969154,0.75918597,0.41345268,0.8661053,0.82872427,0.7125848,0.7855925,0.89993423,0.84349805
0.0,-0.30580664,0.0026685605,-0.1167291,0.2800791,0.10232718,0.009556798,0.27671522,-0.16568151,0.355816,-0.1080011,0.14165765,-0.10076478,-0.26859546,0.6797947,-0.18628512,0.1733042,0.34478292,-0.3119492,0.0007300675,0.16252008,0.7389756,0.90879416,0.8945576,0.78333586,0.88802314,0.8951785,0.7381808,0.863514,0.70528126,0.84302634,0.8606361,0.88206697,0.7576545,0.41215822,0.86586636,0.83041924,0.7074616,0.7850124,0.89996624,0.8404507
1.0,-0.3156922,0.023510918,-0.1217449,0.3042744,0.12458644,0.0003663851,0.2906117,-0.19440438,0.3820278,-0.13296737,0.15451203,-0.106384486,-0.28509668,0.7048193,-0.18796977,0.2104064,0.34745708,-0.3118645,0.007837214,0.18883428,0.74393946,0.90636873,0.8980896,0.7933813,0.88238424,0.9220975,0.7497041,0.8467529,0.7088733,0.82544017,0.8633153,0.8766132,0.7656274,0.42052135,0.86756736,0.8288122,0.7255193,0.7887074,0.90328836,0.8495986
0.0,-0.31197095,0.011408472,-0.11874971,0.29153404,0.113121055,0.0060764784,0.2836329,-0.17912516,0.36819595,-0.119151324,0.14759366,-0.10243139,-0.27707753,0.6937962,-0.18796381,0.18968928,0.34840897,-0.31348604,0.004141003,0.17364109,0.74028,0.9074594,0.8960498,0.7862065,0.88537866,0.9057234,0.74188685,0.8559926,0.70562667,0.8356034,0.86147493,0.87912667,0.7597823,0.4139961,0.86598593,0.8287834,0.7138847,0.78579086,0.9007831,0.8437915
0.0,-0.31681395,0.020910153,-0.12087695,0.30289388,0.124217816,0.0019891001,0.28981033,-0.1925457,0.38081944,-0.13058613,0.15309726,-0.104395926,-0.28514954,0.7057737,-0.18894266,0.2071133,0.34960845,-0.31356138,0.0077524707,0.18555257,0.742362,0.90635026,0.8977185,0.79010564,0.88307184,0.91784716,0.7472479,0.8479535,0.70687133,0.82809985,0.8625705,0.8768008,0.7633253,0.41769093,0.8668767,0.8279355,0.7218465,0.7874512,0.9017004,0.8480706
1.0,-0.31875986,0.031510033,-0.12435268,0.31287524,0.13187793,-0.003436499,0.29678795,-0.20481548,0.39128745,-0.14238748,0.16047736,-0.11014484,-0.2910185,0.7138112,-0.18837576,0.22347489,0.34906477,-0.31211412,0.009944249,0.19942872,0.74587625,0.90526164,0.8991136,0.79800034,0.8794579,0.93244684,0.75330514,0.8413144,0.7112711,0.81760055,0.8639559,0.87387997,0.7687959,0.42375982,0.86783856,0.82847285,0.732883,0.7899154,0.90531844,0.85229737
0.0,-0.31496266,0.014705002,-0.1189424,0.29611742,0.11871093,0.005167107,0.28562492,-0.1844143,0.37354082,-0.123229295,0.14878821,-0.10158061,-0.2810985,0.6997994,-0.18889877,0.1964961,0.34946027,-0.31397948,0.005926229,0.17732608,0.74065053,0.9072209,0.8967895,0.7860844,0.88500935,0.9090757,0.7436216,0.8524262,0.70483816,0.83412087,0.86165273,0.87846786,0.7602645,0.41463014,0.8664228,0.82802767,0.7157285,0.78608876,0.9001558,0.84519047
1.0,-0.31663162,0.025308661,-0.12226745,0.30654192,0.126724,-0.00048186537,0.29198045,-0.1970749,0.38455862,-0.13522884,0.15576997,-0.10696893,-0.28672686,0.70730287,-0.1882001,0.2137303,0.34794995,-0.31206554,0.008533157,0.1912378,0.74422824,0.90604746,0.8983562,0.79410255,0.8818238,0.9244631,0.7505586,0.8452972,0.7091855,0.82382864,0.86345595,0.87602514,0.7662847,0.4211086,0.86763906,0.82861,0.72705203,0.78895545,0.90345776,0.85034
0.0,-0.31836736,0.022917792,-0.12099223,0.30495504,0.1268861,0.0015608994,0.29083714,-0.19497558,0.38313204,-0.13263817,0.15361062,-0.10400161,-0.28721797,0.7086457,-0.1893046,0.21048382,0.34991953,-0.31357968,0.008521594,0.18752311,0.7429003,0.9065313,0.8981158,0.7902041,0.8828238,0.91933304,0.7481679,0.8462261,0.7065024,0.8273248,0.8626437,0.8764245,0.76352006,0.41827735,0.8672666,0.82768625,0.72295475,0.7876541,0.901683,0.84861535
0.0,-0.31645092,0.021899479,-0.12125637,0.30338088,0.12424768,0.001379435,0.29022968,-0.19322778,0.3811708,-0.13150734,0.15373416,-0.1052683,-0.2851362,0.70552766,-0.18858269,0.20823473,0.3489972,-0.313007,0.007726729,0.18683094,0.7429542,0.9063608,0.8978248,0.79136586,0.882717,0.9193552,0.74801457,0.8476073,0.70763767,0.8270035,0.8628281,0.8766234,0.7640939,0.41865793,0.8670869,0.8282409,0.72321314,0.78786194,0.9023998,0.8485467
1.0,-0.31636858,0.01712452,-0.1192579,0.29908478,0.122078694,0.0042523826,0.28690174,-0.18790096,0.37697005,-0.12611887,0.14975184,-0.10153772,-0.28338307,0.70299965,-0.18921305,0.20118389,0.34952775,-0.3138844,0.007053308,0.18018425,0.741182,0.90704983,0.8972742,0.7866775,0.8846961,0.91198194,0.74518526,0.850093,0.7048372,0.832726,0.8619301,0.87806904,0.7610931,0.41561833,0.8668386,0.8277909,0.7176066,0.78656,0.9000669,0.8464202
0.0,-0.31362247,0.014784972,-0.119310625,0.29555264,0.11728639,0.004685563,0.2854492,-0.18385446,0.37271786,-0.12314755,0.14917631,-0.102733135,-0.27990726,0.6977927,-0.18826163,0.19604003,0.3483766,-0.31322753,0.00551394,0.17769772,0.74109143,0.9071657,0.8967264,0.787517,0.884801,0.91006994,0.74413997,0.8529148,0.7059348,0.83330494,0.86193806,0.8785651,0.76113945,0.4155228,0.8664952,0.82854986,0.7167298,0.78651,0.90094846,0.84552604
1.0,-0.31156373,0.012086786,-0.11909226,0.29197937,0.11308517,0.0055416534,0.28397188,-0.17972383,0.36858642,-0.11988294,0.14819038,-0.10320656,-0.2769615,0.6935132,-0.18768248,0.19059777,0.34791103,-0.31308332,0.0041578,0.17465186,0.74066764,0.9073516,0.8961228,0.78726363,0.88510835,0.90708274,0.74251384,0.855716,0.7063186,0.8346497,0.8617107,0.8790115,0.7604946,0.41472602,0.86607546,0.8290108,0.7149662,0.7861284,0.9012927,0.8442628
0.0,-0.3166375,0.018691944,-0.11963016,0.30047306,0.12327238,0.00352168,0.28765073,-0.18958482,0.37844497,-0.1277393,0.15053625,-0.1020881,-0.28419235,0.7039365,-0.18909632,0.20365733,0.34907362,-0.31345916,0.0074330196,0.18205819,0.7418043,0.90701586,0.8975473,0.78776973,0.88435197,0.9140593,0.7463009,0.8490061,0.70536196,0.83145463,0.8622102,0.87783813,0.7619491,0.41665778,0.86712027,0.82791597,0.7191878,0.7870221,0.9005145,0.8471739
1.0,-0.31675088,0.021321233,-0.1209984,0.30295,0.124108754,0.0018363688,0.28997293,-0.1926617,0.3807547,-0.13085157,0.15329516,-0.10467388,-0.28514245,0.7056805,-0.18880858,0.20738918,0.34941503,-0.31333816,0.00765983,0.18595015,0.74265414,0.9064586,0.8977664,0.7905716,0.8829159,0.91821116,0.74746215,0.84789157,0.7071042,0.8277252,0.86264306,0.87671936,0.7635091,0.41803432,0.86696863,0.82805353,0.7222891,0.7875677,0.90205336,0.8481242
0.0,-0.31080365,0.009444457,-0.11841424,0.28911397,0.11064351,0.006841683,0.2824214,-0.17628117,0.3655048,-0.116781235,0.14657661,-0.10226525,-0.27530196,0.69113606,-0.18770057,0.18599051,0.3481327,-0.31346357,0.0033484772,0.1712687,0.7398705,0.9076541,0.89566165,0.7855348,0.8857833,0.90330034,0.7407399,0.8577775,0.70553637,0.8369933,0.86124015,0.87954795,0.7591357,0.4132906,0.86577386,0.82901436,0.71234965,0.7854657,0.9006879,0.84288746
1.0,-0.3145533,0.017561931,-0.11994988,0.298357,0.119850226,0.003461076,0.28699714,-0.18722352,0.37572104,-0.12622459,0.15065534,-0.10353225,-0.28174704,0.7003175,-0.18826911,0.2006605,0.34816277,-0.31283396,0.0063208714,0.18106356,0.74198145,0.9070181,0.89720005,0.7890878,0.88413966,0.9135973,0.7458736,0.85084563,0.70658106,0.8310889,0.8623498,0.8780028,0.76236624,0.4169825,0.8668884,0.82854956,0.7192944,0.787149,0.9015553,0.846777
1.0,-0.31301785,0.019197522,-0.1210448,0.29834178,0.11799919,0.0022347337,0.28808534,-0.18754332,0.37507874,-0.12747242,0.15247296,-0.10629947,-0.28062388,0.69849956,-0.18725367,0.20143437,0.34695402,-0.31165236,0.005577579,0.18336667,0.7433469,0.9070445,0.8972292,0.79250246,0.8830592,0.9164095,0.74691063,0.8511006,0.7088528,0.82820725,0.8628847,0.8774416,0.7640131,0.4189361,0.86696666,0.82937604,0.72206813,0.7878819,0.903796,0.8472604
1.0,-0.31597626,0.019401588,-0.12031734,0.30092493,0.12262713,0.002729632,0.28840497,-0.19022171,0.3786654,-0.12862909,0.15173629,-0.10368487,-0.28381404,0.7035122,-0.18870203,0.20436811,0.34889814,-0.31321448,0.007238321,0.18345547,0.7421755,0.9067105,0.8975169,0.7893588,0.8836997,0.91578513,0.7467013,0.84908926,0.7065143,0.8297691,0.86247176,0.87741756,0.762804,0.41735938,0.86699474,0.82817775,0.72058725,0.78733,0.9014279,0.84755284
1.0,-0.312443,0.009469891,-0.11790907,0.2901508,0.11279548,0.00735629,0.28251705,-0.17732377,0.36696923,-0.11709264,0.1460702,-0.10064043,-0.27690092,0.6937172,-0.18849958,0.1870692,0.34926775,-0.31428432,0.004008461,0.17091662,0.73927915,0.9076471,0.89582694,0.7838065,0.8861281,0.9024934,0.7404589,0.8568414,0.70416045,0.8380011,0.8609186,0.87957907,0.7582515,0.4123475,0.8657601,0.8283716,0.71128374,0.78504103,0.89954096,0.84272486
1.0,-0.31533742,0.01625167,-0.119709,0.29785672,0.11959826,0.0042206086,0.28709695,-0.1865253,0.3752647,-0.1252026,0.15043521,-0.10290173,-0.28195086,0.7014009,-0.1888934,0.19895637,0.34997228,-0.31413615,0.0062223375,0.1796302,0.74100554,0.906825,0.8969286,0.7874452,0.8841902,0.9114598,0.74420714,0.8515992,0.7056439,0.8319947,0.8618672,0.8777605,0.7610336,0.4152002,0.8662704,0.82795393,0.7173756,0.7863147,0.90086484,0.84576154
1.0,-0.31103587,0.010710742,-0.117517315,0.289945,0.11342079,0.0067303013,0.28105667,-0.17728092,0.36688256,-0.1176434,0.14478177,-0.10036984,-0.27623907,0.69090086,-0.18742801,0.188739,0.34540227,-0.31167215,0.004257612,0.17190027,0.7408122,0.90834355,0.8962485,0.7853786,0.88691425,0.90456885,0.7432492,0.8557042,0.70496434,0.8385186,0.8617168,0.8806645,0.7600381,0.4152247,0.86722463,0.8294695,0.7135048,0.78649,0.89989555,0.8444092
1.0,-0.31479934,0.016882176,-0.12001481,0.29817,0.11942915,0.0037175976,0.28727937,-0.18695025,0.3755176,-0.12579148,0.15091926,-0.10360794,-0.2817075,0.7008281,-0.18856171,0.19974554,0.3492702,-0.31361413,0.006191328,0.18050125,0.7414233,0.9067668,0.8970204,0.78853536,0.8839797,0.91278017,0.7449234,0.8513619,0.7063542,0.8311289,0.86210525,0.8777498,0.7618012,0.416021,0.8664053,0.82823914,0.718445,0.78669226,0.9013715,0.8462389
0.0,-0.31699765,0.026834436,-0.12307143,0.3080623,0.12740147,-0.0013548564,0.29363927,-0.19899753,0.38604248,-0.1371005,0.15755817,-0.10844655,-0.2875481,0.70890236,-0.18819588,0.2158511,0.3486628,-0.31228346,0.008645158,0.19352064,0.7446008,0.9056795,0.89845216,0.7955544,0.8808744,0.92668605,0.7509199,0.8446218,0.7100947,0.8216141,0.86355895,0.87520534,0.7669501,0.42162135,0.8673976,0.8285611,0.7286551,0.78908485,0.90431976,0.8506348
0.0,-0.31183878,0.008791864,-0.11788372,0.28935575,0.11184018,0.0074777976,0.28216866,-0.17640299,0.36609322,-0.11635797,0.14586486,-0.100855574,-0.27615553,0.6925943,-0.18833862,0.18585652,0.349063,-0.31422234,0.0037347078,0.17029203,0.73915565,0.90760857,0.8956692,0.783804,0.88621545,0.9019676,0.74015003,0.85747844,0.70435244,0.83828014,0.8609052,0.87968594,0.758229,0.41223437,0.8656696,0.828516,0.7109656,0.7850128,0.8995793,0.8425366
1.0,-0.3181739,0.027689096,-0.122668505,0.30920818,0.12968358,-0.0012577246,0.29344675,-0.20020254,0.38755995,-0.13787064,0.1568406,-0.10704544,-0.2890235,0.7105909,-0.1885711,0.21789488,0.34839752,-0.3121852,0.009434976,0.19392201,0.74476033,0.9059879,0.8987771,0.79459465,0.88133264,0.926817,0.7516912,0.84332234,0.7091414,0.82235104,0.8635697,0.87545776,0.76682097,0.4218629,0.86793995,0.8283411,0.7286764,0.7892417,0.90354294,0.8511113
0.0,-0.3046004,-0.0033172406,-0.11542943,0.27394146,0.097187944,0.012546657,0.27386105,-0.15820463,0.349352,-0.10106936,0.13851112,-0.09878096,-0.26552233,0.6756167,-0.18668401,0.16291675,0.3464386,-0.31364942,-0.0010188892,0.1549795,0.7367288,0.90927756,0.89340097,0.77883935,0.8892233,0.88624346,0.7334576,0.8683126,0.7033397,0.84801584,0.85915536,0.88283515,0.75417536,0.4082688,0.864868,0.8301604,0.70115733,0.7831218,0.89834607,0.8367893
0.0,-0.3044893,-0.0022458695,-0.11572908,0.27484566,0.09774702,0.011922156,0.27428207,-0.15935048,0.35025507,-0.102246255,0.13909942,-0.09936986,-0.26575944,0.6758246,-0.18645164,0.16461995,0.34582373,-0.31312907,-0.0008031577,0.15637074,0.7372645,0.9092115,0.8935946,0.7799617,0.8889969,0.888014,0.73442864,0.8675808,0.7039262,0.8469983,0.8595016,0.8827513,0.75499374,0.40918413,0.8650812,0.8303379,0.7024885,0.7835676,0.89882076,0.8375309
1.0,-0.30437803,-0.001283342,-0.11599581,0.27564663,0.09824391,0.011360725,0.27465406,-0.16036761,0.35105485,-0.103296325,0.13962291,-0.09990123,-0.26596624,0.6759912,-0.18623683,0.1661407,0.34525838,-0.31265408,-0.0006129928,0.15761724,0.7377496,0.90915513,0.89376783,0.78097373,0.8887947,0.8896042,0.73530555,0.86692715,0.7044589,0.84608793,0.8598112,0.8826779,0.7557339,0.41001803,0.86527777,0.8305044,0.70369077,0.7839718,0.89924914,0.83819455
0.0,-0.30446237,-0.001999382,-0.11579779,0.27505243,0.09787518,0.011778455,0.27437863,-0.15961282,0.3504616,-0.10251616,0.13923453,-0.09950576,-0.2658136,0.67587066,-0.18639752,0.16501066,0.34568134,-0.3130089,-0.0007539876,0.15669043,0.73738796,0.9091966,0.89363915,0.78022015,0.8889446,0.8884213,0.7346523,0.86741304,0.7040618,0.8467644,0.8595808,0.88273185,0.75518245,0.40939593,0.8651306,0.8303795,0.70279545,0.78367037,0.8989302,0.8377009
1.0,-0.3043982,-0.0014571957,-0.11594763,0.275502,0.09815409,0.011462115,0.27458662,-0.16018403,0.35091037,-0.10310684,0.13952807,-0.09980509,-0.2659288,0.675961,-0.18627563,0.1658662,0.3453602,-0.31273958,-0.00064723194,0.15739217,0.73766214,0.9091655,0.89373666,0.7807911,0.8888314,0.8893169,0.73514736,0.8670451,0.7043624,0.8462525,0.8597556,0.88269144,0.7556001,0.4098672,0.8652424,0.8304742,0.70347345,0.78389883,0.8991718,0.83807516
0.0,-0.30444103,-0.0018225182,-0.11584656,0.27519864,0.097965784,0.011675229,0.27444577,-0.15979868,0.35060745,-0.10270868,0.13932964,-0.09960331,-0.26585057,0.6758988,-0.18635742,0.16528949,0.34557554,-0.31292027,-0.0007192753,0.15691924,0.7374777,0.9091867,0.8936709,0.78040665,0.888908,0.88871336,0.73481417,0.867293,0.7041599,0.8465979,0.8596381,0.882719,0.75531894,0.4095501,0.86516744,0.83041066,0.7030168,0.78374517,0.89900917,0.83782333
0.0,-0.30440187,-0.0014701281,-0.115944594,0.27549338,0.0981488,0.011469793,0.27458382,-0.16017263,0.35090226,-0.10309377,0.139523,-0.09979798,-0.26592782,0.6759631,-0.18627983,0.16584721,0.34537154,-0.31274855,-0.00064929575,0.1573759,0.73765427,0.90916526,0.8937343,0.7807763,0.8888333,0.8892956,0.73513407,0.86705345,0.70435464,0.8462633,0.8597508,0.8826912,0.75558925,0.4098537,0.8652383,0.83047074,0.70345616,0.78389233,0.8991655,0.8380654
1.0,-0.30425403,-0.0003380049,-0.116254404,0.27641842,0.0987243,0.010808762,0.2750092,-0.16135067,0.351825,-0.10431874,0.14012861,-0.10042496,-0.2661601,0.6761269,-0.18601783,0.16762275,0.34468403,-0.31217572,-0.00043055788,0.15883717,0.7382322,0.9091046,0.89393705,0.7819734,0.888599,0.89116514,0.736174,0.8662894,0.70498896,0.8452004,0.860115,0.88261,0.75646716,0.41085202,0.8654778,0.83067685,0.7048796,0.7843742,0.8996727,0.83884525
1.0,-0.30441248,-0.0015653167,-0.115918145,0.27541393,0.09809945,0.011525298,0.2745466,-0.16007172,0.3508227,-0.10298987,0.13947083,-0.09974536,-0.265907,0.6759462,-0.18630084,0.16569674,0.34542683,-0.312795,-0.0006681308,0.15725261,0.7376065,0.90917104,0.8937173,0.78067636,0.8888534,0.8891383,0.7350477,0.86711806,0.704302,0.84635365,0.8597204,0.8826987,0.7555162,0.40977165,0.8652191,0.83045447,0.7033375,0.7838525,0.89912325,0.8380001
0.0,-0.3045052,-0.0024065115,-0.11568395,0.27470922,0.097662546,0.012015762,0.27421767,-0.15917787,0.3501184,-0.10206959,0.13901004,-0.09928137,-0.2657229,0.6757913,-0.18648586,0.16436419,0.34591404,-0.31320566,-0.00083563104,0.15616204,0.737185,0.909222,0.8935658,0.779794,0.8890313,0.8877485,0.7342838,0.86769074,0.70383835,0.84715176,0.85945034,0.88276446,0.7548714,0.40904772,0.8650499,0.83031183,0.7022892,0.7835013,0.8987499,0.8374205
1.0,-0.30439946,-0.0014762543,-0.115942135,0.27548525,0.09814365,0.011473162,0.27457827,-0.16016293,0.35089338,-0.10308565,0.13951682,-0.09979455,-0.2659238,0.67595583,-0.18627928,0.16583547,0.34536973,-0.31274778,-0.00065122545,0.15736733,0.7376532,0.9091671,0.89373326,0.7807715,0.8888357,0.88928545,0.73513067,0.8670582,0.7043522,0.8462713,0.85974973,0.88269335,0.7555859,0.4098518,0.8652391,0.8304715,0.70345026,0.7838914,0.8991636,0.8380624
1.0,-0.30424324,-0.00025036559,-0.116278544,0.27649063,0.098769374,0.010757592,0.27504307,-0.16144253,0.3518973,-0.10441384,0.14017642,-0.10047366,-0.26617888,0.6761412,-0.18599795,0.16776061,0.34463218,-0.31213245,-0.00041351467,0.15895042,0.73827636,0.90909946,0.8939527,0.78206563,0.8885804,0.89130986,0.7362541,0.86623013,0.705038,0.84511745,0.8601428,0.88260317,0.756535,0.41092873,0.8654959,0.83069247,0.70498943,0.78441113,0.89971167,0.8389051
1.0,-0.30428082,-0.0005451329,-0.11619764,0.2762489,0.09861865,0.010929644,0.27493066,-0.16113491,0.3516556,-0.10409467,0.14001708,-0.10031003,-0.26611704,0.676096,-0.1860655,0.16729799,0.3448087,-0.31227964,-0.00047051162,0.15856984,0.73812693,0.9091159,0.89390004,0.7817547,0.8886421,0.89082307,0.7359844,0.8664291,0.70487285,0.8453954,0.86004895,0.88262534,0.7563067,0.41066962,0.86543447,0.83063924,0.7046193,0.7842864,0.89958006,0.83870333
1.0,-0.30432454,-0.0008422099,-0.11611758,0.27601123,0.0984707,0.0111033525,0.2748238,-0.16083115,0.35141945,-0.103775844,0.13986245,-0.10014547,-0.2660602,0.67606366,-0.1861373,0.16683552,0.3449974,-0.31243554,-0.0005267188,0.15818769,0.73797226,0.9091297,0.89384687,0.7814382,0.8887019,0.8903327,0.73570806,0.86662835,0.7047045,0.84567106,0.8599522,0.8826444,0.7560741,0.41040254,0.8653685,0.8305823,0.70424306,0.78415745,0.89944565,0.83849734
0.0,-0.30460393,-0.0033588428,-0.1154176,0.27390546,0.0971657,0.012570864,0.27384388,-0.15815917,0.349316,-0.1010232,0.13848759,-0.09875813,-0.26551244,0.67560685,-0.18669254,0.16285002,0.34646103,-0.31366867,-0.0010275021,0.15492529,0.7367085,0.90928054,0.8933934,0.77879626,0.8892324,0.8861747,0.73342055,0.8683412,0.7033173,0.8480559,0.8591421,0.8828387,0.7541439,0.4082341,0.86486024,0.830154,0.70110613,0.783105,0.8983278,0.83676064
0.0,-0.30452964,-0.0026004668,-0.115630776,0.27455005,0.097564064,0.012129024,0.27414578,-0.15897515,0.3499602,-0.10185875,0.13890734,-0.09917466,-0.2656836,0.67576313,-0.18653066,0.1640589,0.34603277,-0.31330493,-0.00087357685,0.15591116,0.7370853,0.90923196,0.89353067,0.7795885,0.88907075,0.88742805,0.73410505,0.8678221,0.7037306,0.8473331,0.8593867,0.8827776,0.7547212,0.40887734,0.86500865,0.83027697,0.7020459,0.7834185,0.8986628,0.83728504
0.0,-0.30436927,-0.0011404064,-0.11603747,0.27577376,0.098323055,0.011277799,0.27471808,-0.16052727,0.35118377,-0.10345608,0.13970865,-0.09998054,-0.2660044,0.67603344,-0.18621,0.16637188,0.345189,-0.31259376,-0.0005829483,0.15780425,0.73781604,0.90914285,0.89379346,0.78111976,0.888761,0.88984054,0.73542994,0.86682814,0.7045354,0.8459466,0.8598545,0.88266265,0.7558401,0.4101333,0.8653015,0.8305244,0.70386505,0.7840274,0.8993104,0.8382895
1.0,-0.30441397,-0.0015912782,-0.11591053,0.27539074,0.09808501,0.011540325,0.274535,-0.16004266,0.35079932,-0.102960765,0.13945526,-0.09973099,-0.26590014,0.6759384,-0.18630566,0.1656546,0.34543929,-0.3128059,-0.0006736219,0.15721864,0.7375944,0.90917325,0.8937125,0.78064996,0.88885957,0.88909537,0.7350251,0.86713606,0.7042882,0.8463793,0.8597125,0.8827015,0.7554969,0.40975076,0.8652149,0.83045083,0.7033058,0.7838424,0.89911205,0.83798283
0.0,-0.30443326,-0.0017510783,-0.11586647,0.2752586,0.098003015,0.011633586,0.27447397,-0.15987468,0.35066736,-0.10278691,0.13936895,-0.09964276,-0.26586634,0.6759123,-0.18634184,0.16540277,0.34553444,-0.3128856,-0.00070500374,0.15701193,0.7375135,0.9091823,0.8936838,0.7804815,0.8888928,0.88883144,0.7348791,0.86724436,0.7041994,0.8465299,0.859661,0.8827134,0.7553737,0.4096115,0.86518174,0.8304227,0.70310587,0.783775,0.8990408,0.83787245
1.0,-0.30435047,-0.0010724012,-0.11605354,0.27581888,0.09835102,0.01123753,0.274733,-0.1605871,0.3512267,-0.103524685,0.13973542,-0.100017905,-0.26600936,0.6760214,-0.18618797,0.16647166,0.34512988,-0.31254703,-0.0005721748,0.15788954,0.7378575,0.909144,0.89380574,0.7811969,0.8887512,0.8899524,0.7354996,0.86678475,0.704577,0.8458901,0.8598794,0.882663,0.75589746,0.41020408,0.8653225,0.83054274,0.7039559,0.7840616,0.89934367,0.8383403
1.0,-0.30435035,-0.0010595433,-0.116057485,0.27583113,0.09835862,0.01123013,0.27473956,-0.16060232,0.35123926,-0.10353942,0.13974383,-0.10002509,-0.2660135,0.67602694,-0.186186,0.16649297,0.345125,-0.3125425,-0.00056929886,0.15790655,0.73786294,0.90914255,0.893808,0.78120965,0.88874775,0.8899738,0.73551023,0.86677563,0.70458364,0.8458769,0.859883,0.88266134,0.75590664,0.41021353,0.86532414,0.8305442,0.7039712,0.78406626,0.899349,0.83834857
1.0,-0.30435276,-0.0011002515,-0.11604556,0.2757948,0.09833602,0.011253729,0.27472124,-0.16055669,0.35120243,-0.103493825,0.13971934,-0.10000246,-0.26600248,0.6760145,-0.1861936,0.16642705,0.34514454,-0.31255955,-0.00057786703,0.15785325,0.7378441,0.9091462,0.8938007,0.78116804,0.8887574,0.88990647,0.73547494,0.8668038,0.7045618,0.8459172,0.8598708,0.8826657,0.7558765,0.41018072,0.86531746,0.8305385,0.7039217,0.7840504,0.89933157,0.8383215
0.0,-0.30450344,-0.0023959596,-0.115686715,0.27471742,0.09766758,0.012009552,0.27422118,-0.15918837,0.35012645,-0.10208078,0.13901515,-0.09928714,-0.26572463,0.675792,-0.18648316,0.16438043,0.34590676,-0.31319973,-0.0008336827,0.15617552,0.7371907,0.90922177,0.8935676,0.77980536,0.8890294,0.8877659,0.73429394,0.8676837,0.70384437,0.8471422,0.85945386,0.88276404,0.7548797,0.40905732,0.86505246,0.830314,0.70230275,0.78350604,0.8987548,0.83742803
0.0,-0.3045339,-0.0026901346,-0.1156044,0.27446914,0.09751391,0.012180977,0.27410504,-0.15887372,0.3498782,-0.101757765,0.13885316,-0.09912527,-0.26565915,0.67573464,-0.18654682,0.16391289,0.34607497,-0.31334203,-0.0008928552,0.15579362,0.73704386,0.90924007,0.8935145,0.77949744,0.8890919,0.88727987,0.7340275,0.8678845,0.70368326,0.84742194,0.85935915,0.88278735,0.75465506,0.40880623,0.86499417,0.8302652,0.7019374,0.78338385,0.8986245,0.837225
1.0,-0.30434856,-0.001043627,-0.11606189,0.2758444,0.098366916,0.011220815,0.2747458,-0.16061912,0.35125256,-0.10355678,0.13975264,-0.10003391,-0.2660169,0.67602974,-0.18618244,0.16651815,0.34511575,-0.31253472,-0.0005661696,0.1579272,0.73787093,0.9091416,0.8938108,0.7812264,0.8887445,0.8900001,0.7355247,0.8667648,0.70459247,0.84586173,0.85988814,0.88266,0.7559189,0.41022727,0.86532736,0.8305469,0.7039911,0.78407294,0.8993561,0.83835936
1.0,-0.3044043,-0.0014984291,-0.11593656,0.2754691,0.09813367,0.011486251,0.274572,-0.16014189,0.35087776,-0.10306251,0.13950683,-0.09978229,-0.26592106,0.67595667,-0.18628564,0.165802,0.34538677,-0.3127615,-0.00065506995,0.1573391,0.7376405,0.9091673,0.8937292,0.78074694,0.8888394,0.8892488,0.7351089,0.86707276,0.7043392,0.8462907,0.859742,0.8826938,0.7555678,0.40983012,0.86523306,0.8304664,0.7034213,0.78388083,0.89915305,0.83804625
0.0,-0.30466396,-0.0039431173,-0.115254305,0.2734121,0.09686159,0.012911523,0.27361673,-0.15753381,0.34882444,-0.10038024,0.1381695,-0.09843832,-0.26538485,0.67549473,-0.18681963,0.16191998,0.34679934,-0.3139553,-0.0011456534,0.15416607,0.7364148,0.9093154,0.89328724,0.7781832,0.88935435,0.8852092,0.7328893,0.86874074,0.7029987,0.84860885,0.85895085,0.8828828,0.75369763,0.40773505,0.8647428,0.83005756,0.70038044,0.78286093,0.89806825,0.83635265
0.0,-0.30457255,-0.003025392,-0.11551159,0.27419016,0.09734156,0.012376662,0.27397755,-0.15851937,0.34960067,-0.1013913,0.13867292,-0.09894107,-0.26558858,0.67567796,-0.18662205,0.1633825,0.34627447,-0.31350985,-0.00095944107,0.15535907,0.73687357,0.9092587,0.8934538,0.77914405,0.8891611,0.8867259,0.7337208,0.8681125,0.70349836,0.8477375,0.85924965,0.8828115,0.7543971,0.40851557,0.86492485,0.8302073,0.70151854,0.7832423,0.8984749,0.8369912
0.0,-0.30459273,-0.003205184,-0.11546178,0.27404028,0.097248964,0.0124815535,0.2739091,-0.15832895,0.34945142,-0.10119462,0.13857625,-0.09884247,-0.2655506,0.67564726,-0.18666221,0.1630978,0.34638116,-0.3135997,-0.0009953044,0.155126,0.7367823,0.9092689,0.89342123,0.7789547,0.88919824,0.8864288,0.7335564,0.86823505,0.7033995,0.8479067,0.85919064,0.8828244,0.754259,0.4083603,0.8648877,0.8301765,0.7012943,0.7831664,0.89839464,0.83686566
0.0,-0.30453247,-0.0026661921,-0.11561138,0.27449045,0.09752714,0.012167098,0.2741157,-0.15890054,0.3498999,-0.10178463,0.13886744,-0.09913845,-0.26566553,0.67574155,-0.1865424,0.16395167,0.3460633,-0.31333187,-0.0008877516,0.15582491,0.7370551,0.90923804,0.8935188,0.77952176,0.88908637,0.8873194,0.73404837,0.86786795,0.70369583,0.84739846,0.85936654,0.88278484,0.75467277,0.40882552,0.8649982,0.83026844,0.7019664,0.78339314,0.89863473,0.83724105
1.0,-0.30436194,-0.0011769626,-0.116024375,0.27573133,0.09829654,0.011298457,0.27469167,-0.16047612,0.35113895,-0.10341045,0.13967763,-0.099960014,-0.2659861,0.6760016,-0.18621081,0.16630617,0.3451898,-0.31259745,-0.0005928837,0.15775406,0.73780537,0.9091506,0.8937869,0.7810874,0.88877356,0.8897797,0.735405,0.8668558,0.7045192,0.8459897,0.85984623,0.88267154,0.75581735,0.410114,0.8653016,0.83052504,0.70382565,0.7840181,0.8992974,0.8382689
1.0,-0.30443457,-0.0017760489,-0.11585914,0.27523613,0.09798904,0.011648068,0.27446255,-0.15984659,0.35064465,-0.10275881,0.13935383,-0.099628955,-0.26585957,0.6759045,-0.18634634,0.16536221,0.34554628,-0.31289595,-0.0007103458,0.15697917,0.7375019,0.9091846,0.8936794,0.78045607,0.8888988,0.8887902,0.7348575,0.8672617,0.70418614,0.8465547,0.8596535,0.88271606,0.7553553,0.4095916,0.86517775,0.83041936,0.70307547,0.7837653,0.8990301,0.8378558
1.0,-0.30434015,-0.0010035541,-0.11607205,0.2758739,0.09838521,0.011197258,0.27475756,-0.16065742,0.35128123,-0.10359855,0.13977106,-0.10005598,-0.26602235,0.67602843,-0.18617125,0.16657877,0.34508586,-0.31251064,-0.00055916235,0.1579781,0.7378935,0.90914094,0.893818,0.7812703,0.8887374,0.890066,0.7355638,0.86673856,0.70461595,0.84582645,0.85990185,0.8826587,0.75595146,0.41026598,0.86533785,0.83055615,0.7040431,0.7840916,0.89937484,0.8383882
1.0,-0.30442417,-0.0016678255,-0.115889624,0.27532822,0.09804625,0.011585051,0.27450654,-0.15996318,0.35073715,-0.102877915,0.13941467,-0.09968871,-0.26588467,0.67592776,-0.18632354,0.16553456,0.3454863,-0.31284505,-0.00068846345,0.15711978,0.73755515,0.9091772,0.89369875,0.78056896,0.88887507,0.888969,0.7349545,0.8671878,0.7042454,0.8464508,0.8596876,0.8827068,0.75543755,0.40968323,0.8651985,0.83043694,0.70320964,0.78380966,0.89907765,0.8379296
0.0,-0.30459836,-0.0032804254,-0.1154402,0.27397433,0.097208284,0.012525268,0.27387726,-0.15824594,0.34938526,-0.10111074,0.13853294,-0.09880118,-0.26553202,0.6756277,-0.18667713,0.16297656,0.34642047,-0.31363356,-0.0010110289,0.15502775,0.7367461,0.9092745,0.8934076,0.778877,0.8892149,0.88630444,0.7334898,0.8682869,0.7033592,0.8479796,0.85916686,0.88283134,0.7542026,0.40829837,0.8648742,0.8301654,0.70120215,0.78313625,0.89836186,0.8368142
1.0,-0.30432528,-0.0008821003,-0.11610553,0.27597412,0.09844754,0.0111264065,0.27480415,-0.16078486,0.35138142,-0.103730395,0.1398369,-0.100123264,-0.26604807,0.67604816,-0.18614379,0.16676992,0.34501377,-0.3124503,-0.0005354434,0.15813512,0.73795485,0.90913403,0.8938398,0.78139824,0.88871187,0.89026666,0.7356746,0.86665636,0.7046837,0.84571177,0.85994077,0.88264954,0.7560452,0.41037214,0.86536294,0.8305776,0.7041953,0.7841428,0.899429,0.8384716
1.0,-0.30434582,-0.0010582227,-0.116056696,0.27582756,0.09835639,0.011229122,0.27473545,-0.16059889,0.3512348,-0.10353869,0.13974041,-0.1000257,-0.26600975,0.6760174,-0.18618289,0.16649202,0.34511638,-0.3125364,-0.0005701035,0.15790717,0.7378666,0.9091446,0.8938083,0.78121334,0.8887494,0.8899757,0.73551464,0.8667759,0.70458597,0.84587884,0.8598847,0.8826634,0.7559098,0.4102195,0.86532736,0.8305471,0.70397526,0.7840691,0.8993509,0.8383511
1.0,-0.30430302,-0.00070644356,-0.11615376,0.2761183,0.09853731,0.011023877,0.274871,-0.16096832,0.35152543,-0.1039208,0.13993159,-0.10022059,-0.2660848,0.67607504,-0.18610351,0.16704583,0.3449084,-0.31236234,-0.0005013868,0.15836197,0.73804396,0.90912426,0.8938712,0.7815837,0.8886753,0.89055675,0.7358355,0.8665377,0.7047819,0.84554625,0.8599969,0.88263655,0.7561811,0.4105262,0.86539966,0.83060926,0.70441586,0.78421724,0.8995076,0.83859223
1.0,-0.30431038,-0.0007337928,-0.11614724,0.2760999,0.09852586,0.011040049,0.27486464,-0.16094401,0.35150778,-0.10389309,0.13992052,-0.10020554,-0.26608253,0.6760792,-0.1861122,0.16700554,0.34493163,-0.31238076,-0.00050578266,0.15832761,0.7380275,0.9091239,0.89386624,0.78155273,0.8886795,0.8905118,0.73580754,0.8665552,0.70476526,0.84556925,0.8599871,0.88263655,0.7561581,0.410498,0.86539143,0.830602,0.70437944,0.7842036,0.89949423,0.8385719
1.0,-0.30434692,-0.0010533463,-0.11605848,0.27583334,0.09836005,0.011226358,0.2747391,-0.16060586,0.35124105,-0.10354477,0.13974462,-0.100028455,-0.2660124,0.6760218,-0.18618289,0.16650084,0.3451165,-0.31253606,-0.00056874007,0.1579139,0.73786795,0.90914345,0.8938091,0.7812176,0.88874763,0.88998395,0.7355178,0.8667721,0.70458806,0.845873,0.8598858,0.88266224,0.7559128,0.41022187,0.86532724,0.8305469,0.7039805,0.78407025,0.8993525,0.8383538
1.0,-0.30432096,-0.0008422304,-0.11611662,0.2760075,0.09846837,0.011103146,0.27482003,-0.16082722,0.35141504,-0.10377398,0.13985899,-0.10014537,-0.26605698,0.6760557,-0.18613498,0.16683295,0.34499103,-0.31243116,-0.00052757934,0.15818676,0.73797464,0.9091315,0.893847,0.7814401,0.88870335,0.8903326,0.7357108,0.86662924,0.7047057,0.84567374,0.8599532,0.8826463,0.75607574,0.41040635,0.8653708,0.83058435,0.7042451,0.78415936,0.89944667,0.83849865
1.0,-0.30437827,-0.0013018139,-0.11599024,0.2756292,0.09823308,0.011371369,0.27464488,-0.16034605,0.35103726,-0.103275254,0.139611,-0.09989099,-0.26596054,0.6759838,-0.18623969,0.16611025,0.3452658,-0.3126608,-0.00061707944,0.15759288,0.7377416,0.9091572,0.8937645,0.7809553,0.8887993,0.88957363,0.7352901,0.86694014,0.70444936,0.84610677,0.8598059,0.88268036,0.75572056,0.41000405,0.8652752,0.83050245,0.7036688,0.78396505,0.89924145,0.8381827
1.0,-0.3043058,-0.0007216446,-0.11614978,0.27610663,0.09853005,0.0110327955,0.27486604,-0.1609533,0.35151398,-0.10390471,0.13992412,-0.1002122,-0.26608235,0.6760745,-0.18610747,0.16702247,0.34491888,-0.3123709,-0.000504151,0.15834254,0.7380358,0.9091247,0.8938685,0.7815672,0.8886781,0.8905317,0.73582107,0.8665478,0.7047732,0.84556,0.8599918,0.88263726,0.7561689,0.41051197,0.86539596,0.830606,0.7043963,0.7842103,0.8995005,0.8385815
1.0,-0.30438432,-0.0013715196,-0.115970425,0.27556923,0.09819585,0.0114119295,0.27461585,-0.16027036,0.35097694,-0.10319838,0.13957115,-0.09985237,-0.26594383,0.67596745,-0.18625408,0.16599888,0.34530327,-0.31269273,-0.0006312579,0.15750219,0.7377078,0.9091623,0.8937521,0.78088313,0.88881475,0.88945836,0.7352282,0.8669879,0.7044113,0.84617424,0.8597841,0.88268673,0.7556678,0.40994567,0.86526227,0.8304915,0.70358264,0.78393674,0.89921105,0.8381354
1.0,-0.30448547,-0.0022279397,-0.1157336,0.27485868,0.09775507,0.011911588,0.27428705,-0.15936753,0.35026765,-0.102264985,0.13910738,-0.09937972,-0.26576164,0.67582387,-0.18644647,0.16464704,0.34580997,-0.31311795,-0.0008000508,0.15639356,0.73727477,0.9092114,0.8935979,0.7799815,0.88899386,0.8880436,0.73444635,0.86756915,0.7039367,0.8469827,0.859508,0.8827508,0.75500834,0.40920153,0.86508614,0.8303421,0.70251185,0.783576,0.8988292,0.837544
1.0,-0.30439827,-0.0014812071,-0.11594032,0.2754792,0.098139904,0.011475965,0.27457443,-0.16015574,0.35088718,-0.10307932,0.13951237,-0.09979178,-0.26592115,0.675951,-0.18627928,0.16582647,0.3453695,-0.31274807,-0.00065261126,0.15736045,0.7376519,0.90916824,0.89373237,0.78076726,0.8888375,0.88927716,0.7351275,0.86706203,0.7043501,0.8462773,0.8597487,0.8826946,0.7555829,0.4098493,0.86523926,0.8304717,0.70344496,0.7838902,0.8991619,0.83805966
1.0,-0.30431816,-0.0008262694,-0.11612081,0.27601975,0.09847597,0.011093803,0.2748252,-0.16084304,0.35142702,-0.10379085,0.13986683,-0.10015419,-0.2660596,0.67605644,-0.18613084,0.16685751,0.3449799,-0.31242207,-0.0005246699,0.15820721,0.7379832,0.90913093,0.8938498,0.78145725,0.8887004,0.8903589,0.73572594,0.8666186,0.704715,0.84565926,0.85995865,0.88264555,0.7560885,0.41042107,0.8653747,0.83058774,0.7042656,0.7841665,0.8994541,0.83851004
1.0,-0.30439997,-0.0014612153,-0.11594686,0.27550006,0.098152876,0.011464557,0.2745864,-0.16018116,0.3509087,-0.1031031,0.13952713,-0.09980288,-0.26592907,0.67596334,-0.18627733,0.16586077,0.3453649,-0.31274316,-0.0006477162,0.15738729,0.7376593,0.90916514,0.89373595,0.7807862,0.8888317,0.8893103,0.7351428,0.86704755,0.7043599,0.84625536,0.8597538,0.882691,0.7555965,0.4098623,0.86524075,0.8304728,0.7034678,0.78389645,0.8991697,0.8380719
0.0,-0.30455068,-0.0027969014,-0.115575984,0.27438498,0.09746193,0.012243556,0.2740691,-0.1587658,0.34979546,-0.101643324,0.1388,-0.09906669,-0.2656407,0.6757264,-0.18657361,0.1637471,0.34614646,-0.31340098,-0.0009129569,0.15565628,0.73698676,0.9092438,0.89349514,0.7793825,0.8891121,0.88710356,0.7339266,0.86795604,0.70362276,0.84751916,0.859323,0.8827927,0.7545709,0.4087088,0.8649691,0.830244,0.7018014,0.7833364,0.89857554,0.8371489
0.0,-0.30458724,-0.0032028798,-0.115461096,0.27403656,0.09724663,0.0124798715,0.27390426,-0.1583255,0.3494466,-0.1011945,0.13857234,-0.098843664,-0.2655462,0.67563576,-0.1866583,0.16309774,0.34637007,-0.31359178,-0.0009961352,0.15512778,0.7367871,0.9092713,0.8934217,0.77896005,0.88920003,0.88643247,0.7335626,0.8682347,0.7034027,0.8479085,0.85919297,0.8828271,0.75426334,0.408368,0.8648918,0.83018017,0.7013002,0.7831702,0.8983971,0.83686936
0.0,-0.30458242,-0.0031402912,-0.115479015,0.27409118,0.0972804,0.012443528,0.27393058,-0.15839437,0.34950143,-0.10126409,0.13860819,-0.098878026,-0.26556155,0.67565167,-0.1866458,0.16319847,0.34633723,-0.3135635,-0.0009831078,0.15520942,0.7368173,0.90926665,0.89343303,0.7790248,0.8891861,0.88653594,0.7336179,0.8681915,0.7034362,0.8478479,0.8592128,0.8828214,0.75431025,0.4084195,0.8649031,0.8301895,0.701377,0.78319544,0.89842445,0.83691216
0.0,-0.3045859,-0.0032034237,-0.115460604,0.27403468,0.09724544,0.012480106,0.27390265,-0.15832344,0.34944445,-0.10119325,0.13857074,-0.09884335,-0.26554492,0.6756327,-0.18665753,0.16309595,0.346368,-0.31359038,-0.0009965822,0.15512675,0.73678774,0.909272,0.8934217,0.77896017,0.8892007,0.8864316,0.733563,0.86823535,0.70340276,0.8479099,0.85919327,0.8828279,0.7542636,0.40836897,0.8648926,0.8301808,0.70130026,0.78317076,0.8983973,0.8368696
0.0,-0.30452085,-0.0025638975,-0.11563974,0.27457577,0.09757989,0.012107406,0.2741549,-0.15900882,0.34998488,-0.101896465,0.13892274,-0.09919472,-0.26568732,0.67575926,-0.1865195,0.16411364,0.34600285,-0.313281,-0.0008674376,0.15595755,0.7371069,0.9092321,0.8935373,0.7796295,0.88906515,0.8874885,0.73414195,0.8677983,0.7037523,0.8473019,0.8593999,0.88277733,0.7547515,0.40891394,0.8650192,0.8302861,0.70209414,0.7834363,0.8986804,0.8373122
0.0,-0.30444494,-0.0018400382,-0.11584216,0.27518603,0.097958,0.011685558,0.27444103,-0.15978217,0.35059524,-0.1026905,0.13932197,-0.09959367,-0.2658486,0.67590016,-0.18636262,0.16526312,0.34558925,-0.3129313,-0.0007222444,0.15689704,0.7374677,0.90918684,0.89366776,0.7803873,0.88891083,0.8886846,0.7347969,0.86730456,0.70414966,0.84661305,0.859632,0.88271934,0.75530463,0.40953293,0.8651627,0.83040655,0.7029939,0.7837368,0.8990008,0.8378106
1.0,-0.30440357,-0.0015210118,-0.11592945,0.27544686,0.09811978,0.011499217,0.2745597,-0.16011441,0.3508548,-0.103036195,0.13949133,-0.099769786,-0.26591322,0.6759455,-0.18628854,0.1657641,0.34539396,-0.31276843,-0.00066031516,0.15730909,0.73763144,0.90917027,0.8937253,0.78072506,0.8888456,0.8892115,0.7350908,0.86708885,0.7043279,0.8463145,0.8597358,0.8826974,0.7555522,0.4098141,0.86523074,0.8304644,0.703395,0.7838731,0.89914405,0.83803207
1.0,-0.30438906,-0.001376044,-0.115970194,0.2755698,0.09819618,0.011414798,0.2746184,-0.16026996,0.3509782,-0.103195384,0.13957258,-0.09984997,-0.2659465,0.6759756,-0.18625768,0.1659945,0.34531316,-0.31269997,-0.0006311834,0.15749729,0.7377028,0.9091606,0.8937512,0.7808761,0.88881415,0.88945097,0.735221,0.86699,0.70440745,0.84617555,0.85978144,0.88268495,0.7556625,0.4099372,0.8652587,0.8304882,0.7035748,0.78393275,0.8992079,0.8381307
1.0,-0.30444032,-0.0018048789,-0.115851745,0.2752146,0.09797577,0.011665026,0.274454,-0.15981872,0.3506238,-0.102728546,0.13934045,-0.099613056,-0.2658556,0.6759048,-0.18635437,0.16531822,0.3455675,-0.3129132,-0.00071544945,0.1569424,0.7374858,0.90918505,0.8936741,0.78042454,0.88890374,0.88874257,0.73482937,0.8672808,0.7041692,0.8465802,0.8596434,0.882717,0.7553319,0.40956405,0.86517024,0.8304129,0.7030381,0.78375196,0.8990166,0.837835
1.0,-0.30432555,-0.00087872334,-0.11610663,0.27597752,0.09844972,0.011124454,0.27480608,-0.16078909,0.35138506,-0.103734404,0.1398393,-0.10012518,-0.26604933,0.6760502,-0.18614337,0.16677567,0.34501287,-0.31244937,-0.00053462386,0.15813968,0.7379561,0.90913355,0.89384043,0.78140163,0.888711,0.89027244,0.7356773,0.8666539,0.7046854,0.845708,0.8599416,0.882649,0.75604755,0.41037434,0.86536324,0.83057785,0.70419925,0.7841439,0.8994304,0.8384737
1.0,-0.30431837,-0.0008191876,-0.11612307,0.27602693,0.09848041,0.011089753,0.27482924,-0.16085173,0.35143453,-0.103799134,0.13987184,-0.100158155,-0.2660622,0.67606026,-0.18613003,0.16686949,0.34497795,-0.31242013,-0.0005229898,0.15821661,0.737986,0.90913004,0.89385104,0.7814641,0.8886984,0.8903706,0.7357315,0.8666135,0.7047184,0.8456517,0.85996056,0.8826443,0.7560933,0.41042605,0.86537534,0.8305883,0.7042737,0.78416884,0.89945686,0.8385144
1.0,-0.30427685,-0.0004884992,-0.11621399,0.27629876,0.09864974,0.010896785,0.27495566,-0.16119759,0.35170615,-0.10415764,0.14005072,-0.1003415,-0.26613182,0.6761119,-0.18605456,0.16738907,0.34478053,-0.3122553,-0.00045878813,0.1586438,0.73815346,0.90911126,0.8939101,0.78181285,0.88862896,0.8909168,0.73603386,0.8663901,0.70490336,0.8453397,0.860066,0.88261944,0.7563491,0.410716,0.8654441,0.8306476,0.7046886,0.7843086,0.8996045,0.838741
1.0,-0.3044334,-0.0017743111,-0.11585936,0.27523658,0.09798928,0.011646999,0.27446222,-0.15984732,0.35064483,-0.102760226,0.13935389,-0.09962988,-0.26585904,0.67590266,-0.18634537,0.1653642,0.34554347,-0.31289387,-0.00071021914,0.1569812,0.73750347,0.90918493,0.8936796,0.78045857,0.8888988,0.88879305,0.73485965,0.8672608,0.70418745,0.8465538,0.85965425,0.88271654,0.755357,0.40959412,0.86517876,0.8304203,0.70307827,0.7837666,0.8990312,0.83785737
1.0,-0.3043747,-0.0012531951,-0.116004206,0.2756719,0.09825966,0.011343135,0.27466604,-0.16039968,0.35108024,-0.10332924,0.1396396,-0.099917926,-0.265973,0.6759969,-0.18623026,0.16618848,0.34524116,-0.31263956,-0.00060699135,0.15765633,0.73776454,0.90915334,0.89377326,0.7810054,0.8887881,0.889654,0.73533297,0.8669066,0.7044756,0.8460592,0.8598208,0.8826755,0.75575703,0.4100439,0.8652838,0.83050954,0.70372826,0.78398424,0.8992625,0.8382152
1.0,-0.30441836,-0.0016721934,-0.11588688,0.27531824,0.09803995,0.011587262,0.27449837,-0.15995173,0.35072583,-0.10287,0.13940641,-0.099686205,-0.2658782,0.67591345,-0.18632054,0.16552338,0.34547785,-0.31283957,-0.0006908141,0.15711267,0.7375571,0.9091805,0.8936981,0.7805676,0.8888786,0.8889616,0.7349551,0.8671922,0.7042451,0.84645957,0.85968804,0.8827104,0.755437,0.40968612,0.8652017,0.83043987,0.70320755,0.78381115,0.89907753,0.83792907
1.0,-0.3044186,-0.0016275551,-0.11590059,0.27536097,0.09806654,0.011561522,0.27452132,-0.1600048,0.3507697,-0.10292144,0.13943586,-0.09971097,-0.26589257,0.67593306,-0.18631402,0.16559762,0.34546122,-0.3128242,-0.0006807111,0.15717182,0.737576,0.9091753,0.89370596,0.7806117,0.88886696,0.8890356,0.73499185,0.86716056,0.704268,0.8464133,0.85970074,0.8827041,0.75546885,0.40971893,0.86520725,0.83044434,0.7032604,0.78382707,0.8990959,0.83795774
1.0,-0.3043518,-0.0010709148,-0.11605431,0.27582166,0.09835277,0.011236744,0.27473512,-0.16059026,0.3512298,-0.103526965,0.13973764,-0.10001877,-0.26601097,0.67602485,-0.18618852,0.16647497,0.3451316,-0.31254804,-0.0005715415,0.15789187,0.73785716,0.9091433,0.893806,0.7811977,0.8887503,0.88995504,0.7354999,0.8667834,0.7045773,0.8458876,0.8598794,0.8826621,0.75589794,0.41020375,0.8653218,0.8305422,0.70395696,0.7840615,0.899344,0.8383407
1.0,-0.3043504,-0.0010669343,-0.116055205,0.27582407,0.098354265,0.011234377,0.27473584,-0.16059357,0.351232,-0.10353093,0.139739,-0.10002096,-0.26601112,0.6760237,-0.18618712,0.16648072,0.3451278,-0.31254503,-0.0005709678,0.15789679,0.73785985,0.90914345,0.89380664,0.7812024,0.8887498,0.8899614,0.7355041,0.8667809,0.70457983,0.84588456,0.8598809,0.88266236,0.7559014,0.4102081,0.86532325,0.8305434,0.7039625,0.78406364,0.89934593,0.8383438
0.0,-0.30470327,-0.0044698976,-0.11510357,0.27295202,0.09657836,0.013217784,0.2733982,-0.15695381,0.34836382,-0.09979281,0.1378704,-0.09815064,-0.26525775,0.6753626,-0.18692508,0.161071,0.34707996,-0.31419715,-0.0012560785,0.15347815,0.73615867,0.90935326,0.8931914,0.77763796,0.88946927,0.8843384,0.7324202,0.86910486,0.7027173,0.8491167,0.8587814,0.88292915,0.75330216,0.40730104,0.864646,0.82997954,0.6997346,0.7826482,0.8978381,0.8359887
0.0,-0.30460662,-0.0033797454,-0.11541192,0.27388853,0.09715526,0.012583064,0.27383646,-0.15813756,0.34929925,-0.10100056,0.13847685,-0.09874669,-0.26550844,0.67560434,-0.1866975,0.16281721,0.34647438,-0.31367975,-0.0010315478,0.1548983,0.73669755,0.90928143,0.8933896,0.77877396,0.88923657,0.8861402,0.73340106,0.86835533,0.7033056,0.8480752,0.85913503,0.88284,0.7541276,0.40821558,0.8648555,0.8301502,0.7010798,0.78309584,0.89831835,0.8367458
0.0,-0.3045392,-0.0027077217,-0.11560037,0.27445793,0.097507,0.012191428,0.27410188,-0.15885876,0.34986782,-0.10174018,0.13884683,-0.09911567,-0.2656584,0.67573863,-0.18655287,0.16388732,0.34609133,-0.3133549,-0.00089555234,0.15577155,0.7370328,0.90923935,0.89351124,0.7794772,0.8890941,0.88725084,0.73400915,0.8678956,0.70367235,0.8474361,0.8593525,0.88278687,0.75464004,0.4087874,0.8649884,0.8302602,0.7019135,0.78337467,0.8986158,0.83721143
0.0,-0.30466315,-0.003987305,-0.11524066,0.27336916,0.0968351,0.012936939,0.273594,-0.15748058,0.34878057,-0.10032895,0.13814037,-0.09841417,-0.26537046,0.6754746,-0.18682575,0.16184601,0.34681532,-0.31397027,-0.0011559501,0.1541075,0.7363962,0.90932065,0.89327925,0.77813995,0.88936573,0.88513607,0.7328532,0.86877227,0.7029765,0.8486545,0.8589379,0.8828889,0.7536665,0.40770322,0.8647375,0.8300535,0.70032877,0.78284544,0.89805025,0.836324
0.0,-0.3045912,-0.0033012126,-0.11543213,0.27394724,0.09719139,0.012536829,0.2738594,-0.15821369,0.34935623,-0.1010834,0.1385128,-0.0987897,-0.26551914,0.67560333,-0.18667576,0.16293725,0.34641597,-0.31363225,-0.0010174476,0.15499867,0.73674184,0.9092802,0.893404,0.7788602,0.88922304,0.88627,0.7334778,0.86830336,0.7033511,0.84800607,0.8591628,0.88283783,0.7541911,0.4082906,0.86487615,0.8301676,0.7011814,0.78313243,0.8983553,0.8368034
0.0,-0.3045794,-0.0031620879,-0.11547162,0.27406728,0.09726558,0.012455892,0.2739165,-0.15836534,0.34947658,-0.101237565,0.13859126,-0.098865986,-0.2655521,0.67563593,-0.18664712,0.1631602,0.34634036,-0.31356755,-0.0009887516,0.15517992,0.7368099,0.9092705,0.8934291,0.77900463,0.8891928,0.8864998,0.733602,0.8682077,0.7034262,0.8478724,0.85920733,0.88282585,0.75429606,0.40840662,0.86490226,0.83018905,0.7013528,0.7831891,0.8984162,0.83689916
0.0,-0.30461782,-0.0035145655,-0.11537361,0.27377188,0.097083285,0.012661472,0.27378106,-0.15799038,0.34918237,-0.100850955,0.13840073,-0.098672815,-0.26547652,0.67557234,-0.18672502,0.16260085,0.34654734,-0.31374234,-0.0010594353,0.15472251,0.7366317,0.90929085,0.89336514,0.77863395,0.8892658,0.88591737,0.7332806,0.8684481,0.703233,0.8482049,0.85909194,0.8828517,0.754026,0.4081034,0.8648304,0.83012956,0.7009139,0.7830411,0.8982593,0.83665305
0.0,-0.30446205,-0.001994675,-0.1157991,0.27505654,0.0978777,0.0117756985,0.27438056,-0.15961798,0.35046577,-0.102521405,0.13923724,-0.099508375,-0.26581466,0.6758717,-0.18639661,0.16501826,0.34567878,-0.31300676,-0.0007529855,0.15669659,0.7373902,0.9091962,0.8936399,0.780225,0.8889436,0.88842905,0.7346566,0.8674097,0.7040643,0.8467598,0.85958236,0.88273156,0.7551861,0.4093999,0.8651316,0.83038026,0.7028012,0.7836723,0.8989322,0.83770406
1.0,-0.30440837,-0.0015447233,-0.115923375,0.27542913,0.09810884,0.011513187,0.2745526,-0.16009158,0.35083765,-0.103011385,0.13948035,-0.09975669,-0.26590985,0.6759459,-0.18629512,0.16572797,0.34541148,-0.31278262,-0.0006645173,0.1572788,0.7376181,0.90917075,0.89372087,0.780699,0.8888498,0.8891724,0.7350677,0.86710453,0.7043141,0.8463354,0.8597275,0.8826982,0.75553286,0.40979135,0.86522454,0.8304591,0.7033642,0.7838621,0.89913285,0.83801496
1.0,-0.30441397,-0.0015816074,-0.11591352,0.27539995,0.09809072,0.011534752,0.2745399,-0.1600541,0.35080868,-0.1029719,0.13946159,-0.09973633,-0.26590317,0.6759425,-0.18630423,0.16567066,0.34543565,-0.31280252,-0.00067145005,0.15723142,0.73759866,0.9091722,0.8937143,0.78065956,0.88885707,0.88911146,0.73503304,0.86712927,0.7042932,0.8463693,0.85971534,0.8827002,0.75550383,0.409758,0.865216,0.83045185,0.7033173,0.78384584,0.8991161,0.8379891
1.0,-0.3043519,-0.001077529,-0.116052315,0.27581543,0.09834887,0.011240568,0.27473184,-0.16058259,0.3512234,-0.10351947,0.13973339,-0.100015104,-0.26600894,0.6760221,-0.18618956,0.16646409,0.34513426,-0.31255043,-0.0005730018,0.15788311,0.7378543,0.909144,0.8938047,0.7811911,0.8887519,0.889944,0.7354945,0.86678797,0.7045738,0.8458944,0.8598775,0.882663,0.7558932,0.41019872,0.86532104,0.83054143,0.7039491,0.7840591,0.8993413,0.83833647
1.0,-0.3043916,-0.0013938583,-0.11596537,0.2755553,0.09818722,0.011425229,0.27461186,-0.16025168,0.35096383,-0.10317616,0.13956326,-0.099840105,-0.26594296,0.6759734,-0.18626195,0.1659666,0.3453243,-0.31270927,-0.00063459575,0.15747431,0.73769355,0.9091615,0.89374804,0.78085726,0.8888177,0.88942146,0.73520446,0.86700195,0.7043973,0.8461921,0.8597756,0.8826862,0.7556485,0.4099214,0.8652548,0.83048487,0.70355225,0.78392506,0.8991998,0.8381184
0.0,-0.30442157,-0.0016541686,-0.11589316,0.2753386,0.098052636,0.011577027,0.2745108,-0.15997644,0.35074723,-0.102892265,0.13942116,-0.09969623,-0.26588675,0.67592794,-0.18631987,0.16555542,0.34547654,-0.31283715,-0.0006860085,0.15713722,0.7375627,0.9091769,0.89370126,0.7805837,0.8888727,0.88899153,0.73496765,0.8671788,0.7042532,0.84643877,0.8596923,0.8827062,0.7554484,0.40969613,0.86520195,0.83043987,0.70322716,0.7838159,0.8990841,0.83793944
1.0,-0.30445072,-0.0019167624,-0.11582011,0.27511886,0.09791632,0.011730146,0.27440813,-0.15969776,0.35052758,-0.10260525,0.13927728,-0.09955126,-0.26582924,0.67588,-0.18637775,0.16513968,0.34562877,-0.31296533,-0.0007381514,0.15679687,0.73743105,0.9091928,0.89365405,0.7803082,0.88892835,0.8885576,0.7347292,0.86735743,0.7041083,0.846688,0.8596081,0.88272685,0.7552471,0.40946984,0.865149,0.8303951,0.70289975,0.78370625,0.89896744,0.8377587
1.0,-0.30433786,-0.0009866767,-0.11607665,0.2758875,0.0983937,0.011187419,0.2747637,-0.1606749,0.35129493,-0.10361679,0.13977991,-0.10006532,-0.26602572,0.67603076,-0.18616724,0.1666052,0.34507537,-0.3125019,-0.0005559288,0.15799987,0.73790216,0.90914017,0.89382106,0.7812883,0.88873404,0.8900939,0.7355793,0.8667271,0.7046255,0.84581065,0.8599073,0.88265765,0.75596464,0.41028103,0.86534154,0.83055925,0.7040645,0.78409886,0.89938253,0.8383999
1.0,-0.30430505,-0.00072376616,-0.11614896,0.27610382,0.09852831,0.011033971,0.27486417,-0.16095,0.35151094,-0.10390189,0.13992201,-0.100210994,-0.26608092,0.67607194,-0.18610734,0.16701847,0.34491834,-0.31237072,-0.0005048141,0.15833955,0.73803526,0.90912527,0.893868,0.7815655,0.88867897,0.8905282,0.7358198,0.8665495,0.7047723,0.84556276,0.8599915,0.8826379,0.7561679,0.41051129,0.8653962,0.8306062,0.7043942,0.78421,0.8994999,0.8385803
1.0,-0.3044467,-0.001887951,-0.11582795,0.27514222,0.097930804,0.011713283,0.2744186,-0.15972753,0.3505507,-0.10263638,0.13929231,-0.09956716,-0.26583484,0.6758835,-0.18637088,0.16518483,0.34561068,-0.3129503,-0.0007326156,0.15683405,0.737446,0.9091914,0.89365923,0.7803388,0.8889225,0.88860524,0.734756,0.867338,0.70412445,0.8466611,0.85961765,0.88272494,0.75526947,0.40949547,0.86515534,0.8304006,0.7029362,0.7837187,0.8989805,0.8377789
0.0,-0.30444086,-0.0018265378,-0.11584522,0.27519456,0.097963214,0.011677543,0.27444345,-0.15979366,0.35060322,-0.102703914,0.13932681,-0.09960104,-0.26584908,0.6758966,-0.18635789,0.16528264,0.34557658,-0.31292138,-0.0007202178,0.15691385,0.7374762,0.9091873,0.89367026,0.78040284,0.8889091,0.88870674,0.7348112,0.86729604,0.704158,0.84660214,0.8596371,0.8827198,0.7553162,0.4095475,0.8651672,0.8304104,0.7030122,0.7837439,0.8990076,0.83782095
1.0,-0.3042611,-0.00038518943,-0.11624169,0.2763808,0.098700814,0.010836314,0.27499226,-0.16130254,0.35178763,-0.10426818,0.14010407,-0.1003988,-0.26615116,0.67612183,-0.18602923,0.16754943,0.344714,-0.3122005,-0.00043944642,0.15877654,0.7382075,0.90910673,0.8939286,0.781923,0.8886084,0.8910873,0.73613024,0.86632097,0.70496225,0.84524417,0.86009973,0.88261306,0.75643027,0.41080946,0.8654674,0.83066773,0.7048198,0.78435373,0.8996514,0.83881277
1.0,-0.30446094,-0.002018964,-0.11579144,0.2750323,0.097862646,0.011789655,0.27436712,-0.15958808,0.35044086,-0.10249297,0.1392204,-0.09949488,-0.26580608,0.67585915,-0.18639961,0.16497722,0.34568632,-0.31301406,-0.000758715,0.15666416,0.7373805,0.9091995,0.8936357,0.78020155,0.88895035,0.8883887,0.7346371,0.8674271,0.7040524,0.84678555,0.8595756,0.8827354,0.7551692,0.40938288,0.8651292,0.8303784,0.702773,0.78366405,0.8989224,0.8376887
1.0,-0.30451882,-0.0025045928,-0.11565736,0.27463007,0.09761354,0.012073066,0.27418262,-0.15907672,0.35004002,-0.101963624,0.13895929,-0.09922741,-0.26570418,0.6757799,-0.18650931,0.16421062,0.34597626,-0.3132574,-0.00085451826,0.15603547,0.7371337,0.9092264,0.893548,0.77968943,0.88905084,0.88758653,0.73419267,0.8677568,0.70378333,0.84724253,0.85941774,0.8827704,0.7547949,0.4089602,0.86502826,0.83029336,0.7021655,0.78345877,0.8987055,0.83735144
1.0,-0.3044055,-0.0015170556,-0.11593117,0.2754526,0.09812342,0.011497039,0.27456382,-0.16012125,0.35086113,-0.10304178,0.1394958,-0.09977201,-0.26591623,0.6759515,-0.18628925,0.16577199,0.34539592,-0.31276944,-0.0006589405,0.1573148,0.7376318,0.9091689,0.89372593,0.780728,0.88884383,0.8892181,0.73509276,0.86708564,0.7043292,0.8463089,0.8597363,0.8826958,0.755554,0.409815,0.86522985,0.83046365,0.7033986,0.7838735,0.8991452,0.8380338
1.0,-0.30434015,-0.0009854231,-0.116077565,0.27589098,0.09839583,0.0111868065,0.27476665,-0.16067868,0.35129875,-0.10361929,0.13978283,-0.100066066,-0.26602802,0.676036,-0.18616842,0.16660875,0.34507874,-0.3125041,-0.00055512786,0.15800208,0.73790133,0.9091389,0.8938213,0.78128844,0.8887328,0.8900962,0.73557884,0.8667257,0.70462537,0.8458078,0.85990715,0.8826563,0.7559645,0.41027957,0.8653403,0.83055806,0.7040647,0.78409827,0.8993825,0.8383999
1.0,-0.30436113,-0.0011654738,-0.11602765,0.27574125,0.09830271,0.011291798,0.27469647,-0.16048855,0.35114902,-0.10342316,0.13968426,-0.09996638,-0.2659889,0.6760046,-0.18620849,0.16632459,0.34518376,-0.31259227,-0.0005905479,0.15776904,0.7378109,0.9091497,0.89378905,0.7810992,0.888771,0.8897987,0.73541516,0.8668479,0.70452553,0.8459785,0.85984975,0.8826704,0.75582606,0.41012362,0.8653038,0.83052677,0.7038398,0.78402275,0.8993024,0.8382766
1.0,-0.30442172,-0.001650732,-0.11589429,0.2753421,0.09805482,0.011575075,0.27451277,-0.15998068,0.35075086,-0.10289632,0.13942364,-0.099698156,-0.26588798,0.67592984,-0.18631944,0.16556126,0.3454756,-0.31283623,-0.000685174,0.15714183,0.73756397,0.9091764,0.8937018,0.7805871,0.8888717,0.88899726,0.7349704,0.86717623,0.70425487,0.846435,0.8596932,0.8827057,0.7554508,0.4096985,0.8652021,0.8304401,0.70323116,0.78381705,0.89908546,0.8379416
1.0,-0.30440643,-0.0015525036,-0.115920454,0.27541962,0.09810288,0.011517556,0.27454653,-0.16008015,0.35082746,-0.103001446,0.13947326,-0.099752344,-0.26590556,0.675938,-0.18629499,0.16571361,0.34541082,-0.31278285,-0.00066676736,0.15726805,0.7376162,0.90917253,0.8937195,0.7806925,0.8888527,0.8891593,0.7350628,0.8671105,0.7043108,0.84634495,0.85972583,0.8827003,0.7555282,0.40978792,0.8652249,0.83045954,0.70335597,0.78386045,0.8991302,0.83801067
1.0,-0.30441847,-0.0016287081,-0.115900226,0.27535975,0.09806578,0.0115622,0.2745206,-0.16000333,0.35076833,-0.102920026,0.13943501,-0.0997103,-0.26589218,0.6759323,-0.18631415,0.16559562,0.34546158,-0.3128246,-0.0006809756,0.1571702,0.73757553,0.9091754,0.8937059,0.78061056,0.8888673,0.88903356,0.73499095,0.86716145,0.7042674,0.8464146,0.85970044,0.8827043,0.75546813,0.40971816,0.86520714,0.8304442,0.70325905,0.78382665,0.8990954,0.83795696
0.0,-0.30442733,-0.0017535016,-0.11586423,0.27525008,0.097997695,0.011634648,0.27446645,-0.15986536,0.3506577,-0.10278113,0.13936175,-0.099641286,-0.26586035,0.6758984,-0.18633841,0.16539466,0.34552482,-0.31287917,-0.0007069707,0.15700728,0.73751646,0.9091854,0.89368343,0.7804823,0.88889575,0.8888273,0.7348813,0.8672476,0.70420015,0.8465368,0.85966194,0.8827168,0.75537467,0.40961608,0.8651853,0.8304261,0.70310616,0.7837772,0.89904153,0.83787316
0.0,-0.30449647,-0.0022855084,-0.115718745,0.27481538,0.097728275,0.011945454,0.27426952,-0.15931144,0.35022533,-0.10220425,0.13908038,-0.099348076,-0.2657533,0.67582345,-0.18646209,0.164559,0.34585172,-0.31315196,-0.0008104071,0.15631998,0.7372427,0.90921265,0.8935875,0.7799185,0.8890041,0.8879485,0.7343907,0.86760724,0.70390326,0.84703386,0.859488,0.88275284,0.754962,0.40914693,0.8650714,0.83032954,0.7024375,0.78354955,0.89880234,0.8375024
0.0,-0.30438298,-0.0013693422,-0.11597073,0.27556986,0.09819618,0.011410592,0.27461544,-0.16027132,0.3509773,-0.10320005,0.13957122,-0.09985355,-0.26594326,0.67596525,-0.18625283,0.16600147,0.34529987,-0.31269023,-0.0006311089,0.15750468,0.73770964,0.90916276,0.8937524,0.780886,0.8888148,0.8894619,0.73523104,0.86698675,0.70441294,0.84617305,0.8597851,0.8826872,0.7556701,0.4099487,0.86526346,0.83049244,0.703586,0.78393835,0.8992123,0.8381374
1.0,-0.3043401,-0.0009792428,-0.11607945,0.27589685,0.09839953,0.011183232,0.27476975,-0.16068599,0.35130483,-0.10362637,0.13978687,-0.10006954,-0.26603004,0.67603856,-0.18616748,0.16661897,0.34507635,-0.3125019,-0.0005537495,0.15801026,0.7379039,0.9091382,0.89382243,0.7812946,0.88873124,0.8901064,0.73558396,0.8667214,0.7046286,0.8458014,0.8599089,0.8826555,0.755969,0.41028416,0.865341,0.8305586,0.7040721,0.7841005,0.8993849,0.83840394
1.0,-0.30429944,-0.000665294,-0.11616548,0.2761538,0.09855947,0.010999959,0.27488843,-0.16101314,0.3515613,-0.10396622,0.1399554,-0.10024345,-0.2660949,0.6760852,-0.18609518,0.16711164,0.3448867,-0.31234384,-0.0004930049,0.15841551,0.73806375,0.90912104,0.8938785,0.7816261,0.8886659,0.8906247,0.73587185,0.8665094,0.7048044,0.8455062,0.8600096,0.88263255,0.7562121,0.4105604,0.86540705,0.8306156,0.7044666,0.7842338,0.89952546,0.8386197
1.0,-0.30442768,-0.0017207991,-0.115874335,0.27528167,0.09801727,0.011615809,0.2744835,-0.15990444,0.35068995,-0.10281891,0.1393835,-0.09965943,-0.26587105,0.67591304,-0.18633379,0.16544914,0.34551302,-0.31286815,-0.0006995201,0.15705064,0.73753005,0.90918154,0.89368933,0.7805145,0.88888735,0.8888814,0.73490816,0.8672243,0.7042168,0.8465028,0.85967135,0.8827122,0.755398,0.4096399,0.86518925,0.83042926,0.7031448,0.7837888,0.8990548,0.83789414
1.0,-0.30433655,-0.0009757206,-0.11607964,0.27589646,0.098399274,0.011181012,0.27476788,-0.16068625,0.35130376,-0.10362868,0.13978584,-0.10007142,-0.266028,0.67603236,-0.1861647,0.16662237,0.34506875,-0.31249633,-0.00055381656,0.15801403,0.73790777,0.90913945,0.89382297,0.7812998,0.88873166,0.89011216,0.73558944,0.86671984,0.70463157,0.84580034,0.8599109,0.8826568,0.7559731,0.41029072,0.86534387,0.8305612,0.7040782,0.7841035,0.8993874,0.8384075
1.0,-0.3042766,-0.00048313662,-0.11621559,0.27630362,0.09865276,0.010893641,0.27495813,-0.16120364,0.35171098,-0.10416362,0.14005405,-0.10034451,-0.2661333,0.6761134,-0.1860536,0.1673978,0.34477803,-0.31225312,-0.00045767426,0.15865082,0.738156,0.90911084,0.8939111,0.7818183,0.8886276,0.8909256,0.7360384,0.86638635,0.7049063,0.84533435,0.86006767,0.8826189,0.756353,0.41072014,0.8654449,0.83064824,0.7046951,0.78431076,0.89960676,0.8387445
1.0,-0.30440223,-0.0015070718,-0.11593337,0.27545866,0.09812715,0.011491101,0.27456543,-0.16012938,0.35086668,-0.10305159,0.13949919,-0.09977749,-0.2659164,0.6759484,-0.18628563,0.16578624,0.3453863,-0.3127619,-0.0006575063,0.15732718,0.7376382,0.9091694,0.8937277,0.7807396,0.8888426,0.88923454,0.7351033,0.86707944,0.7043355,0.84630114,0.85974014,0.88269615,0.7555626,0.40982598,0.8652333,0.83046675,0.7034122,0.7838788,0.89915013,0.83804154
0.0,-0.30441034,-0.0015924592,-0.11590928,0.27538574,0.098081864,0.011540782,0.27453047,-0.16003726,0.35079354,-0.10295762,0.13945094,-0.09973027,-0.26589638,0.6759297,-0.18630348,0.1656501,0.34543315,-0.31280172,-0.00067478046,0.15721619,0.7375965,0.90917516,0.8937124,0.7806508,0.88886136,0.88909334,0.73502684,0.86713785,0.7042888,0.8463833,0.85971326,0.88270366,0.7554979,0.4097539,0.8652171,0.83045304,0.7033065,0.783844,0.8991127,0.8379835
0.0,-0.30435282,-0.0011017919,-0.11604515,0.2757935,0.09833517,0.01125459,0.27472052,-0.16055499,0.351201,-0.103492156,0.1397184,-0.10000164,-0.26600206,0.67601407,-0.1861939,0.1664246,0.3451452,-0.3125601,-0.0005782023,0.15785131,0.73784333,0.9091463,0.89380044,0.7811667,0.8887578,0.88990384,0.73547375,0.86680484,0.7045611,0.8459188,0.8598703,0.8826658,0.75587535,0.41017964,0.8653172,0.83053833,0.70391977,0.78404987,0.89933103,0.83832055
1.0,-0.30433583,-0.0009786822,-0.116078556,0.27589297,0.09839705,0.011182694,0.27476567,-0.16068196,0.35130006,-0.103624865,0.13978319,-0.10006974,-0.26602632,0.6760295,-0.18616472,0.16661695,0.34506866,-0.31249657,-0.0005546361,0.1580099,0.7379069,0.9091403,0.8938225,0.7812973,0.8887328,0.8901071,0.7355874,0.86672205,0.70463026,0.845804,0.85991025,0.88265765,0.75597125,0.41028905,0.865344,0.83056134,0.70407504,0.7841028,0.8993864,0.8384058
1.0,-0.30443397,-0.001736369,-0.11587109,0.27527308,0.09801205,0.0116251465,0.27448192,-0.15989271,0.35068244,-0.10280399,0.13937908,-0.0996509,-0.2658715,0.6759197,-0.18633994,0.16542745,0.34552974,-0.3128811,-0.00070155784,0.15703148,0.7375194,0.9091804,0.89368635,0.7804959,0.8888888,0.8888559,0.7348909,0.8672339,0.70420676,0.8465144,0.85966504,0.88271105,0.75538397,0.40962172,0.8651833,0.8304239,0.703123,0.78378004,0.8990467,0.8378817
1.0,-0.30442348,-0.0016686693,-0.115889244,0.2753269,0.0980454,0.011585519,0.27450556,-0.1599615,0.35073566,-0.10287662,0.13941363,-0.09968827,-0.26588395,0.67592615,-0.18632329,0.16553274,0.34548566,-0.31284472,-0.0006887987,0.15711856,0.73755515,0.90917766,0.8936987,0.7805683,0.88887554,0.8889676,0.73495436,0.8671886,0.7042451,0.8464521,0.8596875,0.88270724,0.75543714,0.40968314,0.86519873,0.8304372,0.70320886,0.78380966,0.89907753,0.83792925
1.0,-0.30450693,-0.0024254844,-0.11567858,0.2746931,0.09765251,0.012026772,0.27421007,-0.15915743,0.35010225,-0.10204868,0.1389994,-0.09927092,-0.26571852,0.6757874,-0.1864899,0.16433394,0.3459246,-0.31321463,-0.0008394681,0.15613738,0.7371756,0.90922326,0.8935623,0.7797742,0.88903546,0.8877171,0.7342668,0.86770374,0.703828,0.8471699,0.85944426,0.88276607,0.7548569,0.40903172,0.8650464,0.8303087,0.7022658,0.7834935,0.89874154,0.8374075
1.0,-0.30433357,-0.00093529,-0.1160913,0.27593195,0.09842133,0.01115755,0.27478552,-0.16073084,0.35133976,-0.10367355,0.13980967,-0.10009385,-0.26603833,0.67604333,-0.18615681,0.16668743,0.34504828,-0.31247872,-0.0005454309,0.15806681,0.73792684,0.9091363,0.8938303,0.7813414,0.8887225,0.8901789,0.7356249,0.86669195,0.7046535,0.84576076,0.85992324,0.8826527,0.7560034,0.4103238,0.86535084,0.8305672,0.70412785,0.78411955,0.89940494,0.83843446
1.0,-0.30429807,-0.00066154636,-0.11616629,0.27615592,0.09856073,0.0109977275,0.27488884,-0.161016,0.35156322,-0.10396981,0.13995649,-0.10024552,-0.26609486,0.67608356,-0.18609369,0.16711685,0.3448827,-0.31234074,-0.00049252063,0.15842015,0.7380663,0.9091213,0.89387923,0.78163064,0.8886656,0.890631,0.7358761,0.8665072,0.7048069,0.8455034,0.86001104,0.88263285,0.7562156,0.41056484,0.86540854,0.83061683,0.70447177,0.7842359,0.8995274,0.8386227
1.0,-0.30442837,-0.0017150603,-0.11587624,0.27528778,0.0980211,0.0116125345,0.27448705,-0.15991193,0.35069638,-0.10282573,0.13938783,-0.09966263,-0.26587343,0.6759169,-0.18633333,0.1654591,0.34551194,-0.31286696,-0.00069806725,0.15705834,0.7375322,0.90918064,0.89369035,0.7805198,0.8888855,0.8888909,0.7349124,0.8672201,0.7042196,0.84649646,0.8596728,0.88271105,0.7554017,0.40964356,0.8651896,0.83042943,0.70315117,0.78379047,0.899057,0.83789754
1.0,-0.30435237,-0.0010940358,-0.11604738,0.2758003,0.09833946,0.011250099,0.27472398,-0.16056362,0.35120797,-0.10350083,0.13972303,-0.10000594,-0.2660041,0.67601633,-0.18619241,0.16643715,0.34514144,-0.31255683,-0.00057657063,0.15786146,0.73784703,0.9091456,0.8938018,0.78117454,0.8887559,0.88991666,0.7354805,0.8667995,0.7045652,0.8459111,0.85987264,0.88266504,0.7558812,0.4101859,0.8653186,0.8305394,0.7039293,0.78405285,0.8993343,0.83832574
1.0,-0.3044007,-0.0014667548,-0.11594537,0.27549565,0.098150164,0.01146776,0.27458453,-0.1601756,0.3509044,-0.103097126,0.13952433,-0.09979983,-0.26592803,0.6759626,-0.18627867,0.16585219,0.34536853,-0.31274617,-0.00064878166,0.15738016,0.7376563,0.9091654,0.89373493,0.78078026,0.8888327,0.8893012,0.7351375,0.86705124,0.70435673,0.84626055,0.85975206,0.8826913,0.75559217,0.40985736,0.8652394,0.8304717,0.70346075,0.783894,0.89916706,0.83806795
1.0,-0.30450094,-0.0023642313,-0.115695775,0.2747451,0.09768471,0.0119910855,0.27423456,-0.15922326,0.35015434,-0.10211605,0.13903342,-0.09930463,-0.26573238,0.6758001,-0.18647684,0.16443145,0.34589005,-0.3131854,-0.0008270815,0.15621692,0.737206,0.9092194,0.89357334,0.7798381,0.8890224,0.88781834,0.734322,0.86766183,0.7038615,0.8471114,0.8594638,0.882761,0.7549036,0.40908372,0.86505824,0.83031875,0.7023417,0.78351885,0.89876854,0.83744967
1.0,-0.30441055,-0.0015623607,-0.11591853,0.2754146,0.09809979,0.011523459,0.27454603,-0.16007303,0.35082304,-0.10299216,0.1394708,-0.09974697,-0.26590613,0.6759429,-0.18629913,0.1657002,0.345422,-0.31279144,-0.00066797435,0.15725605,0.7376092,0.90917176,0.8937177,0.78068036,0.8888535,0.88914317,0.7350516,0.8671165,0.7043042,0.8463521,0.8597219,0.88269943,0.7555193,0.409776,0.8652209,0.83045596,0.7033421,0.7838546,0.89912504,0.8380028
1.0,-0.30440357,-0.0015184507,-0.115930244,0.27544925,0.0981213,0.011497725,0.27456108,-0.16011749,0.35085726,-0.103039175,0.13949303,-0.099771194,-0.265914,0.67594653,-0.18628815,0.16576836,0.34539303,-0.31276757,-0.00065974146,0.15731245,0.73763245,0.9091699,0.8937256,0.78072757,0.88884497,0.88921577,0.7350929,0.86708707,0.7043292,0.84631187,0.85973644,0.88269705,0.7555539,0.409816,0.8652311,0.8304648,0.703398,0.78387403,0.89914507,0.83803374
1.0,-0.30440095,-0.0014955029,-0.115936585,0.27546823,0.09813312,0.011484373,0.27456987,-0.16014166,0.35087627,-0.10306421,0.13950545,-0.09978387,-0.26591882,0.6759506,-0.186283,0.1658045,0.34537947,-0.31275618,-0.00065521896,0.15734217,0.73764414,0.90916866,0.89372975,0.7807518,0.88884014,0.8892536,0.7351138,0.86707157,0.704342,0.8462902,0.8597439,0.88269526,0.75557154,0.4098359,0.86523575,0.83046865,0.7034266,0.78388363,0.8991553,0.83804953
1.0,-0.30444232,-0.0018472206,-0.11583929,0.27517638,0.09795198,0.011689542,0.2744345,-0.15977071,0.35058486,-0.10268094,0.13931467,-0.09958965,-0.26584384,0.675891,-0.18636191,0.16524938,0.3455871,-0.31293043,-0.00072450936,0.1568869,0.73746645,0.9091889,0.89366657,0.7803816,0.88891387,0.88867253,0.734793,0.8673102,0.7041469,0.84662235,0.8596307,0.8827218,0.7553007,0.4095305,0.86516356,0.8304074,0.70298696,0.7837357,0.8989987,0.83780694
1.0,-0.30430424,-0.0006959401,-0.11615728,0.27612945,0.098544285,0.011017874,0.2748776,-0.16098198,0.3515371,-0.10393344,0.1399396,-0.10022648,-0.26608923,0.6760821,-0.18610266,0.16706407,0.34490642,-0.31236014,-0.00049877167,0.15837617,0.73804766,0.9091224,0.89387304,0.78159344,0.888672,0.8905742,0.73584324,0.86652994,0.7047869,0.8455345,0.85999954,0.88263446,0.7561881,0.41053283,0.8654002,0.8306097,0.7044278,0.7842204,0.8995116,0.83859843
1.0,-0.3044018,-0.0014950931,-0.11593695,0.27546972,0.09813405,0.01148417,0.27457115,-0.16014321,0.35087806,-0.10306516,0.13950673,-0.099784106,-0.26591992,0.67595285,-0.1862836,0.16580588,0.34538114,-0.3127573,-0.0006548986,0.15734293,0.7376436,0.9091681,0.89372987,0.7807517,0.88883966,0.88925433,0.7351134,0.867071,0.7043418,0.8462889,0.85974365,0.8826947,0.7555714,0.40983522,0.8652351,0.8304681,0.7034266,0.78388333,0.8991552,0.8380493
1.0,-0.3043388,-0.00097533315,-0.11608034,0.27589926,0.09840101,0.011180909,0.27477056,-0.1606893,0.35130715,-0.103630245,0.13978828,-0.10007168,-0.26603016,0.6760376,-0.18616617,0.1666246,0.34507272,-0.31249908,-0.0005531609,0.15801513,0.73790646,0.9091383,0.8938231,0.781299,0.88873076,0.8901128,0.73558813,0.86671895,0.7046311,0.84579825,0.85991037,0.8826555,0.75597227,0.41028845,0.86534244,0.83055985,0.7040774,0.78410244,0.89938694,0.83840686
0.0,-0.30444297,-0.0018514749,-0.11583814,0.2751729,0.097949855,0.011692019,0.27443293,-0.15976642,0.35058147,-0.10267633,0.13931243,-0.0995873,-0.26584297,0.6758905,-0.18636294,0.16524273,0.3455898,-0.31293267,-0.0007253438,0.1568814,0.73746425,0.90918916,0.89366573,0.78037715,0.88891476,0.8886656,0.73478913,0.8673131,0.70414454,0.8466263,0.8596293,0.882722,0.7552975,0.40952674,0.86516255,0.83040667,0.70298153,0.7837339,0.8989968,0.837804
0.0,-0.30457765,-0.0030618273,-0.11550179,0.27416095,0.09732348,0.012397967,0.2739648,-0.15848191,0.34957176,-0.101352006,0.13865443,-0.098921165,-0.26558185,0.67567414,-0.18663089,0.16332555,0.346298,-0.3135294,-0.00096645206,0.15531212,0.7368543,0.9092603,0.8934473,0.7791051,0.8891682,0.8866657,0.73368686,0.86813706,0.703478,0.8477709,0.8592374,0.8828135,0.75436866,0.40848297,0.8649165,0.8302004,0.7014726,0.7832264,0.89845824,0.8369653
1.0,-0.3043428,-0.0010112859,-0.11607034,0.27586925,0.09838231,0.011201873,0.27475637,-0.16065113,0.35127693,-0.103590965,0.13976845,-0.10005176,-0.2660222,0.676031,-0.18617405,0.16656777,0.34509337,-0.31251648,-0.00056027994,0.15796852,0.7378885,0.9091406,0.89381665,0.7812614,0.8887384,0.89005345,0.7355555,0.8667433,0.70461106,0.84583247,0.8598989,0.88265854,0.7559447,0.41025752,0.8653352,0.83055365,0.7040326,0.7840875,0.899371,0.8383823
1.0,-0.30427858,-0.0005035233,-0.11620982,0.27628615,0.09864193,0.010905512,0.2749497,-0.1611817,0.35169357,-0.10414128,0.14004241,-0.10033318,-0.2661285,0.67610914,-0.18605793,0.16736537,0.34478918,-0.31226254,-0.000461746,0.15862434,0.738146,0.9091122,0.8939075,0.78179705,0.88863224,0.89089197,0.73602015,0.86640024,0.7048951,0.84535396,0.86006135,0.8826207,0.75633746,0.41070285,0.86544114,0.830645,0.7046699,0.7843024,0.8995978,0.83873075
1.0,-0.304309,-0.0007320009,-0.11614743,0.27610016,0.09852604,0.011038939,0.27486414,-0.16094461,0.35150784,-0.10389447,0.13992037,-0.10020651,-0.26608184,0.6760771,-0.18611105,0.16700757,0.34492853,-0.31237844,-0.00050570443,0.15832965,0.73802924,0.9091244,0.8938666,0.7815553,0.8886794,0.89051473,0.7358101,0.86655426,0.70476675,0.84556836,0.8599879,0.882637,0.7561601,0.41050082,0.86539257,0.83060294,0.70438224,0.78420496,0.89949536,0.83857363
1.0,-0.30438924,-0.0013731178,-0.11597115,0.2755728,0.09819806,0.011413131,0.27462018,-0.16027376,0.35098135,-0.10319893,0.13957475,-0.09985159,-0.26594767,0.6759773,-0.1862574,0.16599953,0.34531248,-0.31269926,-0.0006304905,0.15750122,0.7377039,0.90916014,0.89375174,0.78087896,0.88881326,0.8894559,0.7352233,0.8669879,0.70440894,0.8461724,0.8597822,0.8826845,0.75566447,0.40993926,0.86525893,0.8304883,0.70357805,0.7839337,0.899209,0.83813256
1.0,-0.30437234,-0.0012345407,-0.116009355,0.27568722,0.09826917,0.011332249,0.2746731,-0.16041917,0.35109556,-0.10334954,0.13964961,-0.09992823,-0.26597688,0.6759998,-0.18622597,0.1662178,0.34522995,-0.31263024,-0.000603348,0.15768044,0.737774,0.9091523,0.89377654,0.78102493,0.8887843,0.8896848,0.73534995,0.86689395,0.704486,0.8460417,0.85982674,0.8826741,0.7557714,0.41006017,0.86528766,0.8305129,0.7037517,0.7839922,0.8992708,0.8382281
1.0,-0.304325,-0.0008625798,-0.116111435,0.27599242,0.09845899,0.011115126,0.27481392,-0.16080767,0.35140026,-0.10375275,0.13984953,-0.10013412,-0.26605418,0.676056,-0.18614067,0.16680214,0.34500596,-0.31244326,-0.000531137,0.1581609,0.73796326,0.9091318,0.89384323,0.7814177,0.8887069,0.8902991,0.7356909,0.8666427,0.7046938,0.8456917,0.85994625,0.882647,0.7560592,0.4103867,0.8653656,0.8305798,0.7042187,0.78414994,0.8994372,0.83848417
1.0,-0.3043301,-0.00091792457,-0.11609572,0.2759448,0.09842932,0.011147322,0.2747907,-0.16074762,0.35135233,-0.10369173,0.13981776,-0.10010344,-0.2660408,0.67604303,-0.18615197,0.16671377,0.34503546,-0.31246835,-0.000542365,0.1580889,0.73793656,0.90913594,0.89383334,0.78136045,0.8887193,0.8902075,0.7356417,0.8666805,0.7046636,0.8457453,0.85992914,0.88265216,0.75601745,0.41034052,0.8653554,0.8305711,0.7041503,0.7841276,0.899413,0.8384469
0.0,-0.30432636,-0.0008864403,-0.11610447,0.275971,0.098445654,0.0111289695,0.27480304,-0.16078083,0.35137844,-0.10372603,0.13983497,-0.10012089,-0.26604757,0.67604864,-0.186145,0.16676342,0.34501716,-0.312453,-0.0005361922,0.15812963,0.7379524,0.90913403,0.893839,0.7813935,0.8887127,0.8902595,0.73567045,0.8666591,0.7046811,0.84571546,0.8599392,0.88264966,0.75604165,0.4103678,0.8653617,0.83057666,0.70418966,0.78414077,0.899427,0.83846843
0.0,-0.30449358,-0.0023289826,-0.11570474,0.27477095,0.097700685,0.011970343,0.2742446,-0.15925692,0.35017943,-0.102152914,0.1390494,-0.09932401,-0.26573697,0.6757987,-0.18646686,0.16448489,0.34586343,-0.31316376,-0.0008209199,0.1562618,0.737226,0.9092189,0.8935798,0.77987707,0.88901633,0.8878765,0.7343565,0.86763865,0.7038821,0.8470806,0.85947627,0.8827601,0.75493234,0.4091178,0.86506766,0.8303268,0.7023876,0.7835354,0.8987853,0.83747536
1.0,-0.30434686,-0.0010646004,-0.116055,0.27582252,0.09835327,0.011232866,0.27473322,-0.16059239,0.35122985,-0.10353175,0.1397371,-0.10002215,-0.26600865,0.6760167,-0.18618444,0.16648206,0.34512058,-0.31253988,-0.00057128817,0.15789893,0.7378631,0.9091448,0.89380705,0.7812065,0.8887507,0.8899651,0.73550856,0.8667801,0.7045822,0.84588474,0.8598826,0.8826639,0.7559047,0.41021368,0.86532587,0.8305458,0.7039671,0.7840664,0.89934796,0.8383466
0.0,-0.3045391,-0.0027334783,-0.115592495,0.2744334,0.09749184,0.012206279,0.27408895,-0.1588283,0.3498428,-0.10171059,0.13883017,-0.0991015,-0.26565033,0.67572784,-0.18655674,0.16384459,0.34610128,-0.31336415,-0.00090137124,0.15573752,0.73702174,0.9092422,0.89350665,0.77945155,0.8891007,0.8872082,0.7339878,0.86791396,0.70365924,0.84746253,0.8593449,0.8827903,0.7546216,0.40876836,0.86498505,0.8302575,0.701883,0.7833654,0.89860517,0.83719474
1.0,-0.30444303,-0.0018282533,-0.11584526,0.27519527,0.097963706,0.011678623,0.27444503,-0.15979409,0.35060441,-0.102703124,0.13932782,-0.099600166,-0.26585057,0.6759008,-0.18635957,0.16528141,0.3455813,-0.3129248,-0.000720039,0.15691215,0.73747396,0.9091864,0.8936699,0.7803999,0.8889087,0.888704,0.734808,0.8672966,0.70415646,0.84660226,0.8596359,0.8827188,0.75531393,0.4095437,0.8651655,0.8304088,0.70300895,0.78374213,0.89900625,0.83781886
0.0,-0.304498,-0.0023217686,-0.11570805,0.2747824,0.097707845,0.011966437,0.27425286,-0.15927021,0.35019195,-0.10216333,0.13905825,-0.099328056,-0.2657432,0.6758114,-0.18646848,0.16449985,0.3458685,-0.31316668,-0.0008182302,0.15627237,0.7372261,0.909216,0.89358103,0.7798818,0.88901275,0.88788855,0.7343595,0.86763245,0.70388424,0.84707004,0.85947704,0.8827568,0.75493544,0.40911832,0.86506575,0.8303248,0.70239365,0.7835356,0.89878696,0.83747834
1.0,-0.3043846,-0.0013570245,-0.11597488,0.27558324,0.098204546,0.011403568,0.27462342,-0.16028762,0.35099125,-0.10321504,0.13958083,-0.099860445,-0.26594856,0.67597395,-0.18625203,0.16602299,0.34529796,-0.3126878,-0.000628002,0.15752137,0.7377138,0.9091605,0.89375466,0.7808974,0.888811,0.8894823,0.73524004,0.8669775,0.7044187,0.8461592,0.8597882,0.8826847,0.7556782,0.4099562,0.865264,0.8304929,0.70359975,0.7839419,0.89921695,0.8381447
1.0,-0.30434594,-0.0010458995,-0.116060495,0.27583948,0.09836384,0.011222014,0.27474186,-0.16061354,0.351247,-0.1035528,0.13974859,-0.10003254,-0.2660138,0.67602295,-0.18618113,0.16651243,0.34511197,-0.31253225,-0.00056727603,0.1579235,0.7378717,0.9091431,0.89381045,0.78122556,0.88874614,0.8899962,0.7355247,0.8667671,0.70459217,0.845866,0.85988814,0.88266164,0.75591856,0.41022843,0.8653288,0.8305483,0.7039898,0.7840734,0.8993559,0.83835894
1.0,-0.30436936,-0.0012411103,-0.116006576,0.27567777,0.09826326,0.011335902,0.2746665,-0.16040814,0.35108542,-0.10334049,0.13964245,-0.099924505,-0.26597208,0.6759903,-0.18622506,0.16620478,0.34522706,-0.31262875,-0.00060557947,0.15767099,0.7377733,0.9091545,0.8937754,0.7810201,0.88878727,0.88967377,0.7353467,0.8668994,0.7044837,0.8460507,0.8598258,0.88267654,0.7557681,0.4100587,0.86528873,0.83051395,0.70374554,0.7839914,0.8992689,0.8382249
1.0,-0.3044159,-0.0016006976,-0.115908146,0.27538374,0.09808066,0.011545854,0.2745321,-0.16003363,0.35079247,-0.102950916,0.1394509,-0.09972583,-0.26589876,0.6759384,-0.18630828,0.16564032,0.3454462,-0.3128115,-0.0006753206,0.15720665,0.73758924,0.9091734,0.89371085,0.78063965,0.88886124,0.88908,0.735016,0.86714226,0.7042826,0.8463876,0.85970926,0.8827019,0.75548935,0.40974182,0.8652123,0.8304488,0.70329374,0.78383803,0.89910775,0.8379761
0.0,-0.3045011,-0.0023578368,-0.11569778,0.2747513,0.09768862,0.011987401,0.27423802,-0.15923107,0.35016072,-0.102123514,0.1390378,-0.099308185,-0.26573464,0.67580324,-0.18647593,0.16444215,0.34588802,-0.31318337,-0.00082559884,0.15622544,0.7372086,0.9092185,0.8935745,0.7798444,0.8890206,0.8878289,0.7343272,0.8676573,0.7038647,0.8471047,0.85946566,0.8827601,0.7549081,0.40908822,0.865059,0.8303192,0.7023492,0.78352094,0.89877117,0.83745366
1.0,-0.30431092,-0.0007569138,-0.11614026,0.27607834,0.09851242,0.011053406,0.2748532,-0.16091713,0.3514858,-0.1038668,0.13990566,-0.10019267,-0.26607546,0.67607015,-0.18611592,0.16696748,0.34494102,-0.31238925,-0.0005108267,0.15829715,0.73801756,0.9091264,0.8938622,0.78152966,0.8886852,0.89047354,0.7357882,0.8665713,0.7047533,0.8455928,0.8599804,0.8826396,0.7561414,0.4104805,0.8653882,0.83059937,0.7043517,0.7841951,0.89948463,0.83855706
1.0,-0.30438286,-0.0013370253,-0.11598058,0.27560043,0.09821524,0.011391941,0.2746317,-0.1603094,0.35100853,-0.10323714,0.13959225,-0.09987153,-0.26595342,0.67597866,-0.1862479,0.166055,0.3452873,-0.3126787,-0.0006239079,0.15754741,0.7377236,0.9091591,0.8937583,0.7809181,0.8888065,0.88951546,0.7352578,0.86696386,0.7044296,0.8461398,0.8597945,0.8826828,0.75569326,0.409973,0.8652678,0.83049595,0.7036245,0.78395003,0.89922565,0.83815825
1.0,-0.30435845,-0.0011346042,-0.11603647,0.27576792,0.09831935,0.011273855,0.2747096,-0.16052224,0.3511759,-0.10345723,0.13970208,-0.09998348,-0.26599646,0.67601204,-0.18620227,0.16637394,0.34516755,-0.31257835,-0.0005842224,0.15780923,0.73782575,0.90914744,0.8937946,0.78113127,0.888764,0.8898498,0.7354425,0.86682683,0.7045422,0.8459486,0.8598594,0.8826675,0.75584936,0.41014934,0.86530936,0.8305316,0.70387775,0.7840352,0.89931583,0.83829737
0.0,-0.3045487,-0.0028280485,-0.115565985,0.2743532,0.09744231,0.012261389,0.27405146,-0.15872687,0.34976274,-0.10160661,0.13877794,-0.09904949,-0.2656292,0.6757089,-0.18657708,0.16369408,0.34615505,-0.31340963,-0.000920482,0.15561467,0.73697454,0.90924823,0.8934896,0.7793527,0.88912076,0.887052,0.7339022,0.86797845,0.70360756,0.84755254,0.8593145,0.88279784,0.75454956,0.40868795,0.86496645,0.830242,0.70176566,0.78332627,0.8985632,0.83712935
1.0,-0.30436105,-0.0011666119,-0.11602732,0.2757401,0.09830202,0.011292458,0.27469587,-0.16048712,0.35114777,-0.10342179,0.13968349,-0.099965736,-0.2659885,0.6760038,-0.18620864,0.16632262,0.34518412,-0.3125926,-0.0005908124,0.1577675,0.7378105,0.90914994,0.8937888,0.7810983,0.88877136,0.8897968,0.7354142,0.86684877,0.70452493,0.8459798,0.85984945,0.88267064,0.7558252,0.41012284,0.8653037,0.83052677,0.70383847,0.78402245,0.89930195,0.8382759
0.0,-0.3045403,-0.002731394,-0.11559339,0.27443644,0.0974937,0.0122051705,0.27409104,-0.15883188,0.34984612,-0.10171348,0.13883246,-0.09910262,-0.26565194,0.6757311,-0.18655716,0.16384867,0.34610233,-0.31336462,-0.00090066344,0.15574047,0.7370219,0.90924156,0.89350706,0.77945304,0.8890998,0.8872117,0.7339888,0.8679122,0.70365983,0.8474597,0.8593452,0.88278943,0.75462264,0.4087687,0.86498463,0.83025706,0.7018849,0.7833656,0.8986056,0.8371956
0.0,-0.30458066,-0.0031326413,-0.1154809,0.27409655,0.097283706,0.01243897,0.2739325,-0.1584014,0.34950668,-0.10127202,0.13861147,-0.09888221,-0.26556233,0.6756509,-0.18664347,0.16320989,0.346331,-0.3135585,-0.0009817705,0.15521914,0.7368218,0.90926677,0.8934344,0.7790333,0.88918483,0.8865485,0.7336257,0.8681865,0.7034408,0.8478413,0.85921574,0.88282126,0.7543167,0.40842712,0.86490536,0.8301914,0.70138705,0.78319913,0.8984281,0.83691794
0.0,-0.3045071,-0.0024128277,-0.11568244,0.2747051,0.09766,0.012019489,0.27421644,-0.15917239,0.35011464,-0.10206321,0.13900764,-0.09927789,-0.26572254,0.6757926,-0.186488,0.16435492,0.34591976,-0.31321016,-0.00083661824,0.15615408,0.7371811,0.9092219,0.8935646,0.7797867,0.8890323,0.88773817,0.73427737,0.86769474,0.7038345,0.84715694,0.8594479,0.88276434,0.754866,0.40904102,0.86504793,0.83031,0.70228076,0.78349805,0.8987467,0.8374157
1.0,-0.30438858,-0.0013767239,-0.11596988,0.27556872,0.09819553,0.011415143,0.2746176,-0.16026875,0.35097706,-0.103194445,0.13957176,-0.09984958,-0.26594594,0.6759744,-0.18625747,0.16599318,0.34531268,-0.31269968,-0.0006314665,0.15749633,0.7377028,0.90916085,0.8937511,0.7808757,0.8888145,0.88944983,0.7352209,0.8669905,0.7044072,0.8461765,0.85978144,0.8826853,0.7556622,0.4099372,0.86525893,0.8304883,0.70357424,0.78393275,0.89920765,0.83813053
1.0,-0.30421478,-4.0650368e-05,-0.116335735,0.27666098,0.098875634,0.010635158,0.27512175,-0.16165966,0.35206735,-0.1046399,0.14028849,-0.100590125,-0.26622167,0.67617005,-0.18594901,0.16808844,0.3445042,-0.31202617,-0.0003734231,0.15922064,0.7383834,0.9090882,0.89399,0.7822875,0.8885368,0.8916561,0.7364467,0.866089,0.7051562,0.84492064,0.8602097,0.8825881,0.7566979,0.4111145,0.8655404,0.8307313,0.7052536,0.7845005,0.8998058,0.8390488
0.0,-0.3044479,-0.0019029193,-0.11582363,0.27512914,0.09792266,0.011722002,0.27441216,-0.159711,0.35053754,-0.10261974,0.13928364,-0.09955889,-0.2658311,0.67587966,-0.18637384,0.16516078,0.3456184,-0.31295696,-0.0007357225,0.15681452,0.7374389,0.9091927,0.8936565,0.78032345,0.88892597,0.8885805,0.73474276,0.8673483,0.70411634,0.84667563,0.859613,0.8827265,0.7552583,0.4094831,0.8651527,0.83039826,0.70291775,0.7837127,0.898974,0.8377688
1.0,-0.30429178,-0.0006099213,-0.11618054,0.2761986,0.09858733,0.010967571,0.27490884,-0.16107023,0.3516059,-0.1040259,0.13998465,-0.10027416,-0.26610595,0.67609215,-0.18608204,0.16719815,0.3448523,-0.31231526,-0.00048244,0.15848692,0.7380923,0.9091183,0.8938885,0.781685,0.8886547,0.8907163,0.735923,0.8664721,0.70483565,0.84545445,0.86002743,0.88262874,0.7562554,0.41060996,0.86541915,0.830626,0.7045365,0.78425753,0.8995503,0.83865803
1.0,-0.30432072,-0.0008210074,-0.11612308,0.27602747,0.098480806,0.011090923,0.27483064,-0.160852,0.35143536,-0.10379818,0.13987271,-0.10015718,-0.26606363,0.67606425,-0.18613163,0.16686797,0.34498253,-0.31242344,-0.00052287057,0.15821475,0.7379839,0.90912914,0.8938507,0.7814612,0.88869786,0.8903677,0.73572844,0.8666143,0.70471674,0.845652,0.8599593,0.8826435,0.75609106,0.4104223,0.8653738,0.8305868,0.70427036,0.78416705,0.8994555,0.8385124
0.0,-0.30428755,-0.0006019641,-0.116181925,0.2762018,0.0985893,0.010962781,0.2749085,-0.1610751,0.35160846,-0.10403292,0.13998589,-0.10027848,-0.26610467,0.67608637,-0.18607824,0.16720846,0.34484193,-0.31230742,-0.00048165396,0.15849638,0.73809856,0.90911937,0.8938899,0.781695,0.88865423,0.89072925,0.7359327,0.8664676,0.70484126,0.8454493,0.86003095,0.8826299,0.75626296,0.41062036,0.86542284,0.83062935,0.70454824,0.7842626,0.89955485,0.8386647
1.0,-0.30432558,-0.0008744281,-0.11610798,0.27598163,0.098452285,0.011122022,0.27480844,-0.1607942,0.3513894,-0.10373941,0.13984218,-0.10012754,-0.26605076,0.67605215,-0.18614273,0.16678286,0.34501132,-0.31244797,-0.00053367764,0.15814537,0.73795795,0.90913296,0.8938411,0.78140575,0.88870984,0.8902795,0.7356809,0.86665076,0.7046876,0.84570354,0.85994285,0.88264835,0.7560505,0.41037747,0.86536384,0.83057827,0.7042044,0.7841454,0.8994322,0.8384764
0.0,-0.30438024,-0.001309026,-0.11598853,0.2756245,0.0982302,0.011375636,0.27464336,-0.16033974,0.35103273,-0.10326798,0.13960825,-0.09988699,-0.26596013,0.6759852,-0.18624212,0.16609976,0.3452722,-0.31266585,-0.0006182194,0.15758385,0.73773706,0.9091571,0.89376324,0.7809472,0.8888003,0.8895617,0.7352828,0.8669447,0.70444494,0.8461127,0.85980314,0.88268024,0.7557144,0.4099965,0.8652729,0.8305004,0.70365906,0.78396136,0.899238,0.8381772
1.0,-0.30433,-0.0008953251,-0.11610265,0.27596632,0.09844276,0.01113428,0.2748022,-0.16077422,0.35137427,-0.10371761,0.13983257,-0.100116,-0.26604798,0.67605275,-0.18614861,0.1667512,0.3450269,-0.31246054,-0.0005372986,0.15811878,0.73794615,0.9091333,0.8938374,0.78138286,0.8887135,0.89024496,0.73566043,0.8666645,0.7046753,0.8457221,0.85993564,0.882649,0.75603366,0.41035724,0.8653583,0.8305735,0.70417714,0.7841357,0.89942235,0.83846134
0.0,-0.30438387,-0.0013363529,-0.115981095,0.2756023,0.0982164,0.0113916285,0.27463326,-0.1603114,0.35101062,-0.10323842,0.1395938,-0.09987192,-0.26595473,0.6759815,-0.18624857,0.1660569,0.34528908,-0.3126799,-0.00062347203,0.15754858,0.73772305,0.90915847,0.8937584,0.7809181,0.8888059,0.8895165,0.7352575,0.8669631,0.70442957,0.84613824,0.8597944,0.88268214,0.7556932,0.40997222,0.8652671,0.8304954,0.70362467,0.7839496,0.89922565,0.83815825
1.0,-0.30432656,-0.000861194,-0.11611228,0.27599534,0.09846081,0.011114413,0.2748162,-0.16081095,0.35140336,-0.10375506,0.13985187,-0.10013494,-0.26605594,0.67605996,-0.18614139,0.1668055,0.34500816,-0.31244463,-0.00053046644,0.15816309,0.73796284,0.90913093,0.8938435,0.7814184,0.8887059,0.8903014,0.735691,0.8666412,0.70469403,0.8456892,0.85994625,0.88264596,0.7560595,0.41038612,0.86536473,0.83057904,0.70421946,0.78414965,0.89943725,0.83848447
0.0,-0.3046229,-0.003589293,-0.11535207,0.27370602,0.09704265,0.012704918,0.27374923,-0.15790756,0.34911633,-0.10076748,0.13835754,-0.09863183,-0.26545787,0.67555255,-0.18673964,0.16248015,0.34658596,-0.31377572,-0.0010751933,0.15462483,0.73659587,0.9092966,0.8933516,0.77855706,0.8892825,0.88579386,0.7332144,0.8684999,0.7031931,0.84827745,0.85906833,0.8828587,0.7539701,0.4080424,0.8648171,0.8301187,0.7008225,0.78301126,0.89822686,0.8366019
1.0,-0.30433506,-0.0009586513,-0.116084516,0.27591124,0.09840844,0.011171084,0.27477512,-0.16070488,0.35131866,-0.10364744,0.13979569,-0.10008088,-0.26603204,0.6760367,-0.18616126,0.16664967,0.34505972,-0.31248868,-0.0005503446,0.15803623,0.737916,0.9091382,0.893826,0.78131753,0.88872784,0.89014024,0.73560447,0.86670804,0.7046408,0.84578377,0.8599161,0.88265514,0.75598586,0.41030484,0.86534697,0.83056384,0.70409924,0.78411037,0.89939487,0.83841896
1.0,-0.304365,-0.0011926051,-0.11602034,0.2757195,0.0982892,0.011307662,0.27468672,-0.16046073,0.3511274,-0.10339394,0.13967012,-0.09995137,-0.26598367,0.67600125,-0.18621503,0.1662823,0.34520093,-0.31260645,-0.000595741,0.15773413,0.7377968,0.90915096,0.8937842,0.78107035,0.8887765,0.88975394,0.73539,0.86686623,0.7045102,0.8460037,0.8598409,0.8826722,0.7558049,0.41009924,0.86529785,0.8305217,0.70380545,0.78401107,0.8992902,0.8382578
1.0,-0.30435556,-0.0011130366,-0.11604235,0.27578548,0.09833021,0.011261251,0.27471754,-0.16054459,0.35119337,-0.10348056,0.13971356,-0.099995404,-0.26600084,0.676015,-0.18619722,0.1664077,0.34515426,-0.31256732,-0.0005801022,0.15783703,0.73783684,0.9091463,0.8937984,0.7811541,0.8887597,0.8898853,0.7354625,0.86681217,0.70455444,0.8459284,0.85986626,0.88266605,0.75586617,0.41016835,0.865314,0.8305355,0.703905,0.7840444,0.89932555,0.8383123
0.0,-0.30442464,-0.0016867816,-0.11588397,0.27531078,0.09803539,0.011596039,0.27449748,-0.1599413,0.35071927,-0.10285638,0.13940279,-0.09967825,-0.26587915,0.67592096,-0.18632668,0.16550347,0.34549454,-0.31285244,-0.0006925911,0.15709487,0.73754674,0.90917915,0.8936954,0.78054976,0.8888798,0.88893765,0.7349385,0.867201,0.7042354,0.84647,0.85968196,0.88270915,0.75542367,0.40966856,0.86519563,0.8304347,0.70318687,0.78380257,0.8990698,0.83791727
1.0,-0.30442178,-0.0016704965,-0.11588824,0.27532333,0.09804312,0.011586472,0.27450272,-0.15995741,0.3507316,-0.10287367,0.1394107,-0.0996872,-0.26588172,0.6759214,-0.18632245,0.1655285,0.34548318,-0.31284314,-0.00068961084,0.15711571,0.73755556,0.9091787,0.89369833,0.78056747,0.88887674,0.88896453,0.73495406,0.86719024,0.7042448,0.84645534,0.8596875,0.8827084,0.7554367,0.40968376,0.8651997,0.830438,0.70320773,0.78380996,0.89907736,0.83792883
1.0,-0.3043555,-0.0010985751,-0.116046764,0.2757992,0.09833878,0.011252901,0.27472484,-0.1605616,0.35120738,-0.10349715,0.13972297,-0.10000347,-0.26600543,0.67602116,-0.18619506,0.1664317,0.34514865,-0.31256223,-0.00057686865,0.15785615,0.737843,0.9091447,0.893801,0.78116846,0.8887559,0.88990927,0.73547435,0.8668019,0.7045618,0.84591347,0.85987043,0.882664,0.7558764,0.4101791,0.8653159,0.83053714,0.70392215,0.7840497,0.89933157,0.8383216
0.0,-0.30443937,-0.0018219426,-0.11584628,0.27519733,0.097964995,0.011674816,0.27444428,-0.15979749,0.35060585,-0.10270849,0.13932839,-0.09960359,-0.2658493,0.6758954,-0.18635629,0.16528925,0.34557232,-0.312918,-0.0007195249,0.15691957,0.7374791,0.90918744,0.89367104,0.78040814,0.88890857,0.8887144,0.7348159,0.8672931,0.7041608,0.84659857,0.85963887,0.8827199,0.75532013,0.40955237,0.86516863,0.83041173,0.7030184,0.78374624,0.8990099,0.8378244
0.0,-0.30447647,-0.002139965,-0.11575824,0.2749332,0.09780118,0.011860337,0.274322,-0.15946174,0.35034215,-0.102361605,0.13915607,-0.09942821,-0.26578143,0.6758414,-0.18642747,0.1647869,0.34576014,-0.31307572,-0.0007823445,0.15650776,0.7373186,0.90920573,0.8936138,0.78007346,0.88897496,0.88818896,0.73452574,0.86750907,0.7039849,0.8468988,0.85953605,0.88274366,0.75507545,0.40927655,0.86510336,0.83035654,0.70262104,0.78361243,0.89886814,0.8376046
1.0,-0.30437896,-0.0013114251,-0.115987435,0.27562085,0.0982279,0.011376968,0.2746408,-0.16033547,0.3510288,-0.103264555,0.13960545,-0.09988563,-0.26595822,0.6759813,-0.18624169,0.16609478,0.34527084,-0.3126651,-0.0006190613,0.15758029,0.737737,0.9091579,0.89376277,0.7809454,0.8888016,0.88955766,0.73528165,0.86694676,0.70444417,0.84611624,0.8598029,0.88268125,0.7557133,0.40999603,0.86527354,0.83050096,0.70365685,0.7839611,0.8992373,0.83817613
1.0,-0.30427065,-0.00046192482,-0.11622059,0.27631766,0.09866151,0.010881085,0.27496287,-0.16122231,0.35172445,-0.104185,0.14006247,-0.10035622,-0.26613486,0.67610973,-0.1860467,0.16742891,0.34475964,-0.3122386,-0.00045429915,0.15867743,0.73816884,0.909111,0.89391494,0.7818423,0.88862455,0.8909606,0.73606014,0.8663728,0.7049193,0.8453166,0.8600754,0.8826189,0.75637096,0.41074222,0.86545146,0.830654,0.70472354,0.7843214,0.89961714,0.83876026
0.0,-0.30435476,-0.001110781,-0.116042815,0.27578673,0.09833102,0.0112598855,0.2747178,-0.16054635,0.35119444,-0.10348272,0.13971418,-0.09999664,-0.26600078,0.676014,-0.18619633,0.1664109,0.34515187,-0.31256545,-0.00057978183,0.15783983,0.73783845,0.9091464,0.8937988,0.7811568,0.88875943,0.889889,0.73546493,0.8668108,0.7045558,0.84592664,0.8598672,0.8826661,0.75586814,0.41017094,0.8653149,0.83053637,0.7039082,0.7840457,0.8993267,0.83831406
1.0,-0.3043485,-0.0010726806,-0.116052985,0.27581674,0.09834963,0.01123761,0.274731,-0.16058475,0.35122412,-0.10352343,0.13973352,-0.10001774,-0.2660076,0.67601717,-0.18618686,0.16646993,0.34512678,-0.31254482,-0.0005726777,0.15788874,0.73785853,0.90914494,0.8938056,0.7811976,0.888752,0.889952,0.7355007,0.8667853,0.70457757,0.8458918,0.85987985,0.882664,0.7558982,0.41020575,0.86532366,0.83054394,0.7039566,0.78406245,0.89934415,0.8383408
0.0,-0.30451587,-0.0024963561,-0.115659125,0.27463475,0.097616434,0.012068175,0.27418363,-0.1590832,0.35004437,-0.10197158,0.13896172,-0.09923191,-0.26570398,0.6757768,-0.18650614,0.16422227,0.34596768,-0.3132507,-0.0008533858,0.15604568,0.73713934,0.909227,0.89354944,0.77969927,0.88904995,0.8876001,0.73420155,0.8677517,0.70378864,0.8472363,0.859421,0.88277096,0.7548021,0.40896973,0.8650313,0.83029604,0.702177,0.7834633,0.8987098,0.8373581
1.0,-0.30442986,-0.0017442536,-0.11586769,0.2752615,0.09800475,0.011629447,0.27447373,-0.15987898,0.35066974,-0.10279299,0.13937013,-0.09964648,-0.26586542,0.67590755,-0.18633857,0.16541168,0.34552565,-0.31287894,-0.0007043034,0.15702012,0.73751867,0.9091832,0.89368504,0.7804903,0.8888925,0.8888427,0.7348871,0.86724037,0.70420414,0.8465254,0.85966396,0.8827143,0.7553803,0.40962043,0.86518496,0.83042556,0.7031159,0.78377914,0.8990446,0.8378782
1.0,-0.30426383,-0.00041950494,-0.11623183,0.27635092,0.09868218,0.010856297,0.27497742,-0.16126493,0.35175717,-0.10423018,0.14008391,-0.10037969,-0.2661424,0.676113,-0.186036,0.16749439,0.34473154,-0.3122156,-0.00044645742,0.15873179,0.73819137,0.90910935,0.8939225,0.7818877,0.88861626,0.89103043,0.7361,0.8663445,0.7049436,0.8452778,0.8600893,0.8826165,0.75640446,0.4107811,0.8654613,0.8306626,0.7047776,0.7843401,0.8996365,0.8387898
1.0,-0.30431098,-0.0007479824,-0.11614305,0.276087,0.09851787,0.011048252,0.27485803,-0.16092786,0.35149485,-0.10387722,0.13991176,-0.10019767,-0.26607853,0.6760748,-0.18611468,0.16698247,0.34493807,-0.31238642,-0.00050878525,0.15830904,0.73802114,0.90912527,0.8938638,0.78153855,0.8886829,0.89048827,0.7357955,0.866565,0.70475775,0.8455834,0.85998285,0.8826383,0.75614774,0.41048685,0.8653892,0.83060014,0.7043622,0.7841982,0.8994883,0.8385626
1.0,-0.30438986,-0.0014015697,-0.11596259,0.27554625,0.098181576,0.011429565,0.27460608,-0.16024072,0.35095423,-0.103166506,0.13955659,-0.09983582,-0.26593903,0.6759664,-0.18626195,0.16595274,0.3453242,-0.31270978,-0.0006367266,0.15746374,0.7376914,0.9091631,0.8937467,0.78085047,0.88882047,0.88940877,0.73519933,0.86700785,0.70439404,0.8462013,0.85977393,0.8826881,0.75564384,0.4099176,0.86525494,0.8304851,0.7035441,0.78392315,0.89919716,0.83811414
1.0,-0.30439493,-0.00140124,-0.11596396,0.27555177,0.09818508,0.011429654,0.2746117,-0.1602466,0.35096085,-0.10316944,0.1395616,-0.09983607,-0.26594368,0.6759776,-0.18626516,0.16595674,0.34533313,-0.31271598,-0.0006354749,0.15746537,0.7376881,0.90916073,0.8937467,0.78084826,0.8888182,0.8894095,0.735196,0.8670064,0.70439243,0.84619725,0.8597725,0.8826854,0.7556417,0.40991223,0.8652516,0.83048207,0.70354164,0.7839206,0.8991958,0.8381124
1.0,-0.30433634,-0.00096357055,-0.11608334,0.27590796,0.0984064,0.011174016,0.27477404,-0.16070046,0.35131544,-0.10364248,0.1397937,-0.10007814,-0.26603177,0.6760374,-0.18616287,0.1666424,0.345064,-0.312492,-0.00055108964,0.15803006,0.7379129,0.9091381,0.89382523,0.7813119,0.8887286,0.8901321,0.7355996,0.86671126,0.7046379,0.84578794,0.8599144,0.88265514,0.7559818,0.41029975,0.8653454,0.83056253,0.7040926,0.7841079,0.8993925,0.83841527
0.0,-0.3044979,-0.0023366418,-0.11570347,0.27476817,0.097699,0.011975011,0.2742453,-0.15925254,0.35017735,-0.10214627,0.13904852,-0.099319845,-0.26573843,0.6758051,-0.18647072,0.16447523,0.345874,-0.31317186,-0.0008215979,0.15625271,0.7372198,0.90921766,0.8935783,0.7798671,0.88901657,0.88786393,0.7343472,0.867643,0.7038767,0.8470853,0.85947275,0.882759,0.7549248,0.4091075,0.8650638,0.83032334,0.7023762,0.78353035,0.8987809,0.83746874
0.0,-0.30457574,-0.0030593313,-0.115502074,0.2741614,0.09732372,0.012396397,0.27396402,-0.15848285,0.34957176,-0.10135394,0.13865413,-0.098922506,-0.2655809,0.67567086,-0.18662934,0.16332841,0.34629354,-0.31352606,-0.00096634775,0.15531503,0.7368567,0.90926087,0.8934477,0.77910864,0.8891683,0.8866699,0.7336902,0.86813587,0.70347995,0.84776986,0.8592387,0.8828142,0.75437146,0.40848693,0.8649182,0.83020186,0.7014766,0.7832283,0.89845985,0.83696777
1.0,-0.3042342,-0.00018095039,-0.11629756,0.27654746,0.09880481,0.010717116,0.2750696,-0.16151483,0.3519541,-0.10448885,0.1402139,-0.10051216,-0.26619336,0.6761517,-0.18598202,0.16786942,0.3445906,-0.3120978,-0.00040014088,0.15903994,0.7383115,0.90909547,0.893965,0.7821388,0.8885658,0.8914245,0.7363174,0.8661833,0.70507693,0.84505206,0.86016494,0.88259804,0.7565887,0.41098955,0.86551034,0.8307051,0.70507663,0.7844405,0.89974266,0.8389525
1.0,-0.3043867,-0.0013588537,-0.11597487,0.2755837,0.098204836,0.011404762,0.27462468,-0.1602878,0.35099208,-0.103213966,0.13958165,-0.09985949,-0.26594988,0.6759778,-0.18625365,0.16602144,0.34530243,-0.3126911,-0.0006278828,0.15751947,0.73771167,0.9091597,0.89375436,0.7808944,0.8888107,0.8894794,0.735237,0.8669784,0.70441705,0.8461595,0.8597871,0.8826838,0.75567585,0.40995252,0.86526245,0.83049136,0.7035965,0.78394014,0.8992156,0.83814275
0.0,-0.3045151,-0.0024771504,-0.115664795,0.27465227,0.09762728,0.01205704,0.27419248,-0.15910506,0.35006207,-0.10199329,0.13897347,-0.09924249,-0.26570937,0.67578316,-0.1865028,0.16425362,0.34595892,-0.31324297,-0.00084919855,0.15607089,0.73714805,0.9092253,0.89355296,0.7797187,0.88904536,0.8876319,0.734218,0.86773837,0.70379865,0.8472171,0.8594269,0.88276875,0.75481623,0.40898466,0.8650343,0.83029854,0.7022002,0.78347063,0.89871794,0.8373709
1.0,-0.30436268,-0.0011685323,-0.11602716,0.2757401,0.09830203,0.011293657,0.2746968,-0.16048682,0.35114807,-0.10342044,0.13968389,-0.09996468,-0.26598942,0.6760071,-0.1862101,0.16632062,0.345188,-0.3125955,-0.00059083104,0.15776536,0.73780847,0.9091492,0.89378846,0.7810953,0.8887711,0.88979363,0.73541135,0.86684966,0.7045233,0.84598047,0.8598483,0.8826699,0.755823,0.4101194,0.86530226,0.8305255,0.7038352,0.7840208,0.8993007,0.838274
1.0,-0.30446538,-0.0020272676,-0.115789995,0.27502897,0.09786062,0.011794696,0.27436763,-0.15958306,0.35043824,-0.10248561,0.13921912,-0.09949039,-0.2658073,0.67586523,-0.1864036,0.16496646,0.34569725,-0.31302238,-0.0007595308,0.15665425,0.73737407,0.90919834,0.8936341,0.780191,0.8889506,0.8883752,0.73462707,0.867432,0.7040465,0.84679085,0.859572,0.8827341,0.7551611,0.40937206,0.8651252,0.8303749,0.70276076,0.78365874,0.89891773,0.8376817
0.0,-0.30439085,-0.001404414,-0.11596198,0.27554464,0.09818053,0.011431247,0.2746058,-0.16023843,0.35095268,-0.10316378,0.1395557,-0.09983425,-0.26593906,0.67596745,-0.18626308,0.16594878,0.34532714,-0.31271207,-0.0006371513,0.15746026,0.73768955,0.909163,0.89374614,0.78084713,0.88882065,0.88940406,0.7351963,0.86700964,0.70439225,0.8462035,0.8597728,0.882688,0.75564134,0.40991437,0.8652539,0.8304842,0.70354015,0.78392166,0.8991957,0.8381119
1.0,-0.3044711,-0.0020867735,-0.115773216,0.27497822,0.0978291,0.011829324,0.27434337,-0.15951882,0.35038722,-0.10242006,0.13918574,-0.09945756,-0.26579356,0.6758523,-0.18641613,0.16487157,0.3457301,-0.31305027,-0.00077162683,0.1565769,0.73734486,0.90920234,0.8936234,0.7801291,0.88896364,0.8882768,0.7345737,0.86747265,0.7040139,0.846848,0.8595531,0.88273925,0.755116,0.4093217,0.8651138,0.83036524,0.7026871,0.78363436,0.8988916,0.837641
1.0,-0.3042998,-0.0006805528,-0.116160884,0.27613953,0.09855055,0.011008775,0.27488083,-0.16099538,0.3515467,-0.10394889,0.13994554,-0.100234956,-0.26609015,0.67607903,-0.18609755,0.16708648,0.34489286,-0.31234938,-0.00049636513,0.15839544,0.7380571,0.90912277,0.89387584,0.781611,0.88866985,0.89059955,0.7358592,0.86652005,0.7047964,0.84552187,0.8600052,0.88263464,0.75620115,0.410549,0.8654051,0.8306139,0.70444834,0.7842282,0.89951915,0.83861
1.0,-0.3043161,-0.00080887787,-0.11612564,0.27603427,0.098485,0.011083668,0.274832,-0.16086136,0.35144156,-0.10380982,0.13987638,-0.100163825,-0.2660634,0.6760595,-0.186127,0.16688502,0.34496984,-0.31241366,-0.0005212426,0.15822971,0.73799205,0.9091299,0.89385295,0.7814755,0.88869673,0.8903877,0.73574173,0.86660683,0.7047247,0.8456428,0.8599642,0.88264406,0.75610197,0.41043627,0.86537826,0.8305908,0.7042873,0.78417385,0.8994618,0.8385219
1.0,-0.30442485,-0.0016605593,-0.11589207,0.2753361,0.0980511,0.011580918,0.27451113,-0.15997264,0.35074526,-0.10288663,0.1394202,-0.09969278,-0.26588777,0.67593265,-0.18632297,0.16554713,0.345485,-0.3128435,-0.00068662316,0.15712962,0.7375577,0.90917605,0.8937001,0.7805756,0.8888729,0.88898104,0.7349599,0.86718243,0.7042488,0.8464428,0.8596895,0.88270533,0.7554423,0.40968773,0.8651988,0.8304372,0.70321774,0.78381187,0.8990805,0.83793396
1.0,-0.3043392,-0.000987893,-0.1160766,0.2758877,0.09839385,0.011188174,0.2747645,-0.16067484,0.3512954,-0.10361603,0.13978042,-0.100064695,-0.2660265,0.6760331,-0.18616821,0.16660413,0.3450782,-0.3125039,-0.0005558729,0.15799859,0.7379008,0.9091396,0.8938208,0.7812865,0.8887338,0.890092,0.7355774,0.8667277,0.70462435,0.84581095,0.85990655,0.88265705,0.75596315,0.41027874,0.86534053,0.8305583,0.7040623,0.78409773,0.89938164,0.8383987
1.0,-0.30437356,-0.0012494791,-0.11600508,0.27567425,0.098261125,0.01134094,0.27466676,-0.1604029,0.35108244,-0.103333,0.13964102,-0.099919945,-0.2659732,0.6759962,-0.18622898,0.16619387,0.34523788,-0.3126369,-0.00060643256,0.15766099,0.73776686,0.90915346,0.893774,0.78100955,0.8887876,0.88965994,0.73533684,0.86690426,0.7044779,0.8460561,0.85982215,0.8826755,0.75576013,0.4100478,0.865285,0.8305106,0.7037334,0.78398615,0.89926434,0.8382179
1.0,-0.30430314,-0.0006973203,-0.11615659,0.2761271,0.0985428,0.011018634,0.27487582,-0.1609792,0.35153455,-0.10393131,0.13993771,-0.10022566,-0.26608783,0.6760793,-0.18610224,0.167061,0.34490517,-0.31235933,-0.00049933046,0.15837406,0.7380478,0.9091231,0.8938728,0.78159267,0.88867277,0.89057183,0.7358428,0.86653113,0.7047866,0.8455368,0.8599994,0.88263524,0.75618756,0.41053283,0.86540073,0.83061004,0.7044265,0.7842204,0.8995112,0.8385979
1.0,-0.30438334,-0.0013493858,-0.115976945,0.27558923,0.09820826,0.011399126,0.27462596,-0.16029535,0.3509972,-0.10322322,0.13958469,-0.09986465,-0.26594996,0.67597467,-0.18625008,0.16603488,0.34529293,-0.3126837,-0.0006265491,0.15753117,0.7377179,0.90916026,0.89375603,0.7809056,0.88880956,0.8894949,0.7352472,0.86697257,0.7044231,0.8461522,0.85979074,0.8826843,0.75568414,0.40996313,0.8652658,0.8304944,0.70360947,0.7839453,0.89922047,0.83815
1.0,-0.30437422,-0.0012733042,-0.11599793,0.2756521,0.09824734,0.0113547165,0.27465516,-0.16037534,0.35105997,-0.103305966,0.13962589,-0.09990673,-0.26596612,0.6759871,-0.18623292,0.16615474,0.3452478,-0.3126459,-0.00061164796,0.15762962,0.7377563,0.90915585,0.8937697,0.7809858,0.8887936,0.8896206,0.7353167,0.86692095,0.7044654,0.84608036,0.8598153,0.88267857,0.7557428,0.41002956,0.8652815,0.83050776,0.7037048,0.7839774,0.8992544,0.8382024
1.0,-0.3043592,-0.0011419281,-0.11603442,0.27576187,0.09831556,0.011278104,0.27470666,-0.16051447,0.35116976,-0.103449285,0.1396981,-0.09997944,-0.2659949,0.6760108,-0.18620385,0.16636238,0.34517175,-0.31258196,-0.00058567524,0.15779975,0.73782206,0.90914786,0.8937932,0.7811236,0.88876563,0.8898376,0.7354359,0.86683166,0.7045382,0.8459555,0.85985696,0.882668,0.75584364,0.41014293,0.8653079,0.8305304,0.7038687,0.78403217,0.89931256,0.83829236
1.0,-0.30439314,-0.0014218725,-0.1159572,0.27553028,0.09817172,0.011441493,0.27459928,-0.16022024,0.35093862,-0.103144825,0.1395464,-0.09982459,-0.26593548,0.6759651,-0.18626711,0.16592133,0.34533784,-0.31272095,-0.0006405264,0.15743765,0.73768055,0.9091639,0.893743,0.7808287,0.8888244,0.88937515,0.7351803,0.8670214,0.7043824,0.84621984,0.8597672,0.88268924,0.7556278,0.40989888,0.8652502,0.83048105,0.70351815,0.78391415,0.8991878,0.8380997
1.0,-0.30429366,-0.0006302241,-0.1161748,0.2761813,0.09857654,0.010979412,0.2749004,-0.16104835,0.35158843,-0.10400361,0.13997312,-0.10026288,-0.2661011,0.6760876,-0.18608634,0.16716579,0.34486338,-0.31232473,-0.00048651546,0.15846053,0.7380824,0.90911967,0.89388484,0.78166384,0.8886592,0.8906827,0.73590493,0.866486,0.7048245,0.8454741,0.8600211,0.88263065,0.75623995,0.4105927,0.8654153,0.83062273,0.7045113,0.7842493,0.8995415,0.83864427
1.0,-0.30427623,-0.00046773627,-0.11622026,0.27631798,0.098661736,0.010884769,0.27496573,-0.16122155,0.3517257,-0.1041812,0.14006394,-0.100353114,-0.26613802,0.67611986,-0.1860511,0.16742313,0.34477177,-0.31224746,-0.0004542768,0.15867114,0.7381627,0.9091091,0.8939138,0.78183365,0.8886238,0.89095116,0.7360514,0.86637545,0.7049143,0.84531856,0.8600721,0.8826169,0.7563642,0.41073182,0.865447,0.83065,0.7047135,0.78431636,0.8996132,0.8387544
1.0,-0.30436856,-0.0012032501,-0.11601797,0.27571306,0.09828522,0.011313995,0.27468508,-0.16045208,0.35112143,-0.103383526,0.13966653,-0.09994554,-0.26598352,0.6760049,-0.18621892,0.16626707,0.3452114,-0.31261462,-0.0005972348,0.1577209,0.7377899,0.9091505,0.8937822,0.78105795,0.88877773,0.8897364,0.73537856,0.8668727,0.7045035,0.84601206,0.8598368,0.8826717,0.75579554,0.4100875,0.8652941,0.8305183,0.70379084,0.78400534,0.8992848,0.83824944
0.0,-0.3043854,-0.0013571512,-0.11597508,0.27558398,0.098205,0.0114037115,0.27462423,-0.1602884,0.35099214,-0.10321528,0.13958149,-0.09986037,-0.26594925,0.67597586,-0.18625256,0.16602337,0.34529957,-0.31268898,-0.0006278008,0.1575214,0.7377132,0.90916014,0.89375454,0.78089684,0.8888107,0.8894821,0.7352393,0.8669774,0.70441836,0.8461587,0.859788,0.8826843,0.75567764,0.4099552,0.86526346,0.83049226,0.70359915,0.7839414,0.8992167,0.83814436
1.0,-0.304397,-0.0014493354,-0.115949735,0.2755082,0.09815791,0.011457508,0.2745893,-0.16019192,0.3509165,-0.103115246,0.13953206,-0.09980944,-0.26593012,0.6759615,-0.18627365,0.16587839,0.34535503,-0.31273526,-0.000645794,0.15740226,0.73766625,0.90916514,0.893738,0.7807995,0.8888299,0.88932985,0.7351548,0.8670398,0.70436704,0.8462454,0.85975826,0.882691,0.75560635,0.40987447,0.86524415,0.83047587,0.7034836,0.78390235,0.89917547,0.83808064
1.0,-0.30434397,-0.0010110997,-0.11607067,0.27587053,0.09838317,0.011201825,0.27475765,-0.1606526,0.3512786,-0.103591755,0.13976964,-0.10005185,-0.26602325,0.6760335,-0.18617472,0.16656885,0.3450953,-0.31251776,-0.000559967,0.15796906,0.7378878,0.90914005,0.89381665,0.78126097,0.88873786,0.89005375,0.7355548,0.866743,0.7046109,0.84583145,0.8598986,0.8826578,0.7559443,0.4102564,0.8653346,0.8305531,0.7040322,0.78408694,0.8993708,0.838382
1.0,-0.30433002,-0.00091127306,-0.11609776,0.27595115,0.098433316,0.011143487,0.27479413,-0.16075544,0.35135883,-0.10369927,0.13982211,-0.10010713,-0.26604292,0.67604595,-0.18615104,0.16672477,0.34503302,-0.31246614,-0.0005408786,0.15809762,0.7379393,0.90913516,0.8938346,0.78136694,0.8887176,0.89021856,0.73564714,0.86667573,0.704667,0.84573853,0.8599311,0.88265115,0.7560222,0.41034526,0.86535627,0.83057165,0.7041581,0.7841299,0.8994158,0.8384511
1.0,-0.30441943,-0.0016369671,-0.11589791,0.2753528,0.09806144,0.011566989,0.27451736,-0.15999441,0.35076135,-0.102910966,0.13943045,-0.09970575,-0.2658903,0.67593056,-0.18631591,0.16558254,0.34546623,-0.3128285,-0.00068262964,0.1571595,0.73757154,0.90917593,0.8937043,0.7806019,0.8888691,0.88901997,0.7349834,0.8671671,0.7042628,0.8464225,0.8596979,0.882705,0.7554618,0.4097112,0.86520547,0.8304429,0.70324874,0.7838233,0.8990918,0.8379513
1.0,-0.30442357,-0.0016864687,-0.11588381,0.27530995,0.09803485,0.011595776,0.27449656,-0.15994047,0.35071832,-0.10285622,0.13940202,-0.09967837,-0.2658783,0.67591864,-0.186326,0.16550323,0.3454925,-0.31285098,-0.00069276243,0.15709502,0.73754746,0.90917957,0.89369553,0.7805507,0.88888025,0.8889381,0.7349396,0.8672011,0.704236,0.8464704,0.85968244,0.8827096,0.7554244,0.40966988,0.8651964,0.83043534,0.70318776,0.7838032,0.8990702,0.8379178
0.0,-0.30444652,-0.0018786732,-0.11583072,0.2751509,0.097936176,0.011707922,0.27442315,-0.15973824,0.3505594,-0.10264693,0.1392982,-0.099572316,-0.26583767,0.67588705,-0.18636934,0.16520011,0.34560677,-0.3129468,-0.0007305816,0.15684628,0.7374501,0.9091905,0.8936609,0.7803481,0.88892025,0.8886206,0.7347638,0.86733145,0.7041292,0.8466516,0.8596204,0.8827238,0.7552762,0.40950257,0.8651567,0.83040154,0.70294726,0.78372216,0.89898443,0.837785
1.0,-0.30434045,-0.0009725094,-0.11608164,0.2759038,0.09840386,0.01117936,0.2747738,-0.16069455,0.35131204,-0.1036343,0.1397918,-0.10007326,-0.26603264,0.67604274,-0.18616678,0.1666305,0.34507477,-0.31250027,-0.0005521104,0.15801927,0.73790646,0.9091372,0.89382356,0.7813009,0.88872933,0.8901175,0.73558915,0.8667165,0.70463187,0.8457941,0.85991055,0.88265425,0.7559735,0.4102886,0.86534166,0.8305591,0.7040798,0.78410256,0.89938766,0.83840793
0.0,-0.30456814,-0.0029922407,-0.115520656,0.27421722,0.09735825,0.012357274,0.27398968,-0.15855385,0.34962744,-0.10142733,0.13869023,-0.098959304,-0.2655951,0.67568237,-0.18661432,0.16343462,0.34625378,-0.3134926,-0.00095298886,0.15540199,0.73689085,0.9092571,0.89345986,0.77917933,0.8891545,0.8867807,0.7337515,0.8680902,0.7035168,0.8477066,0.85926056,0.8828094,0.7544229,0.408545,0.86493206,0.8302134,0.70156026,0.78325653,0.8984898,0.83701456
1.0,-0.30441114,-0.0015751608,-0.11591476,0.27540308,0.09809266,0.011530882,0.27454007,-0.16005857,0.35081136,-0.10297787,0.13946307,-0.099739894,-0.26590264,0.67593896,-0.1863014,0.1656794,0.34542805,-0.3127967,-0.0006706901,0.15723929,0.73760325,0.9091729,0.89371544,0.78066754,0.88885653,0.889122,0.73504055,0.8671254,0.70429736,0.84636486,0.859718,0.88270086,0.7555098,0.40976578,0.86521876,0.83045435,0.7033265,0.7838498,0.8991196,0.83799434
1.0,-0.30453467,-0.002683444,-0.115606636,0.27447632,0.09751837,0.012177179,0.27410933,-0.15888248,0.34988582,-0.101765856,0.13885829,-0.09912898,-0.26566195,0.67573917,-0.18654634,0.16392452,0.34607378,-0.31334066,-0.0008911118,0.15580262,0.7370463,0.90923893,0.89351577,0.7795037,0.8890899,0.88729095,0.73403263,0.8678796,0.70368636,0.8474146,0.85936093,0.8827861,0.75465953,0.40881035,0.8649946,0.83026534,0.7019448,0.7833859,0.89862704,0.8372291
1.0,-0.304274,-0.00047310628,-0.116218016,0.2763105,0.09865705,0.010887748,0.27496064,-0.16121268,0.3517176,-0.104173854,0.14005823,-0.10035006,-0.26613426,0.67611235,-0.1860505,0.16741267,0.34476975,-0.3122465,-0.00045602396,0.15866348,0.73816186,0.90911084,0.8939129,0.78182954,0.88862616,0.8909422,0.7360485,0.8663799,0.70491236,0.8453258,0.8600712,0.8826188,0.7563613,0.41073045,0.8654479,0.83065087,0.70470846,0.7843156,0.8996116,0.83875185
1.0,-0.30437338,-0.0012615323,-0.11600135,0.27566263,0.09825388,0.011347858,0.27466047,-0.16038842,0.35107052,-0.10331909,0.13963291,-0.099913254,-0.2659692,0.6759905,-0.18623067,0.16617376,0.34524205,-0.31264088,-0.0006091818,0.15764499,0.73776186,0.90915495,0.8937718,0.78099775,0.8887909,0.88964003,0.73532695,0.86691284,0.70447165,0.84606874,0.8598187,0.8826773,0.7557516,0.410039,0.86528355,0.8305094,0.70371914,0.7839819,0.89925945,0.8382103
1.0,-0.30433106,-0.000912359,-0.11609769,0.27595118,0.09843332,0.011144152,0.27479467,-0.1607553,0.351359,-0.1036986,0.13982238,-0.10010655,-0.26604348,0.6760475,-0.18615183,0.16672373,0.3450352,-0.31246772,-0.0005408935,0.15809655,0.73793817,0.9091348,0.89383435,0.7813655,0.88871753,0.8902168,0.7356456,0.86667633,0.7046662,0.8457388,0.85993046,0.8826508,0.75602096,0.4103435,0.8653554,0.830571,0.70415634,0.7841291,0.899415,0.8384501
1.0,-0.3044972,-0.0023338832,-0.11570419,0.27477023,0.09770028,0.011973385,0.2742461,-0.1592551,0.35017943,-0.10214913,0.13904975,-0.09932134,-0.2657388,0.67580503,-0.18646994,0.16447932,0.345872,-0.3131702,-0.0008210987,0.15625617,0.7372214,0.90921766,0.8935789,0.7798702,0.88901615,0.8878686,0.7343498,0.8676412,0.70387816,0.84708285,0.85947376,0.88275886,0.75492704,0.4091101,0.86506456,0.830324,0.70237964,0.7835316,0.89878213,0.8374707
1.0,-0.30443898,-0.0018184241,-0.11584726,0.27520034,0.09796685,0.01167275,0.27444574,-0.15980124,0.3506089,-0.10271235,0.13933034,-0.09960553,-0.26585,0.6758959,-0.18635553,0.16529486,0.34557024,-0.31291625,-0.0007188171,0.15692416,0.737481,0.9091872,0.89367175,0.7804119,0.8889079,0.8887202,0.7348193,0.8672907,0.70416296,0.84659517,0.85963994,0.8827196,0.7553229,0.4095555,0.8651694,0.8304124,0.7030229,0.78374785,0.89901143,0.8378268
1.0,-0.30431664,-0.0007769652,-0.11613555,0.27606517,0.09850427,0.011065289,0.27484897,-0.16089962,0.3514732,-0.10384667,0.1398979,-0.10018163,-0.26607412,0.6760742,-0.18612252,0.16693822,0.34495872,-0.3124032,-0.0005139746,0.15827204,0.73800516,0.90912604,0.8938586,0.7815069,0.88868815,0.89044046,0.7357678,0.8665842,0.70474094,0.84560937,0.859973,0.88263935,0.75612444,0.41045943,0.8653819,0.8305937,0.7043248,0.784185,0.8994748,0.8385421
1.0,-0.3043457,-0.0010513831,-0.11605873,0.2758339,0.098360315,0.011225143,0.27473873,-0.1606067,0.3512413,-0.10354635,0.13974467,-0.1000295,-0.26601177,0.6760197,-0.18618177,0.16650319,0.34511337,-0.31253374,-0.0005686097,0.15791617,0.73786956,0.9091439,0.89380944,0.78122026,0.88874775,0.88998705,0.7355204,0.866771,0.70458955,0.8458719,0.8598867,0.88266265,0.75591475,0.41022477,0.8653283,0.83054787,0.7039835,0.78407174,0.89935374,0.83835554
0.0,-0.304658,-0.0038998853,-0.11526601,0.273447,0.096883096,0.012886174,0.2736319,-0.15757841,0.3488589,-0.100427136,0.13819155,-0.098461926,-0.2653929,0.6754996,-0.18680921,0.16198781,0.3467715,-0.31393215,-0.0011372864,0.15422195,0.7364376,0.9093136,0.89329517,0.7782294,0.88934606,0.8852806,0.7329299,0.86871153,0.7030227,0.848569,0.8589656,0.8828804,0.7537314,0.40777355,0.8647526,0.83006555,0.70043504,0.7828798,0.89808786,0.83638364
1.0,-0.3043417,-0.0009859819,-0.11607784,0.2758922,0.098396584,0.011187214,0.27476814,-0.1606798,0.35130036,-0.10361944,0.13978405,-0.10006578,-0.2660293,0.6760394,-0.1861696,0.16660899,0.34508196,-0.31250638,-0.00055485964,0.15800172,0.7378999,0.9091382,0.8938212,0.78128695,0.88873225,0.8900953,0.73557717,0.8667258,0.7046246,0.84580725,0.8599065,0.8826555,0.75596327,0.41027737,0.8653391,0.830557,0.70406324,0.7840971,0.89938164,0.8383989
1.0,-0.30434358,-0.0010082107,-0.116071515,0.27587295,0.098384686,0.011200121,0.27475876,-0.16065566,0.35128105,-0.10359493,0.1397712,-0.10005349,-0.2660239,0.676034,-0.1861741,0.16657346,0.34509364,-0.3125164,-0.0005594082,0.15797283,0.73788923,0.90913993,0.8938171,0.7812639,0.88873726,0.8900586,0.73555744,0.866741,0.70461243,0.8458287,0.8598995,0.88265765,0.7559466,0.41025883,0.8653351,0.83055353,0.7040358,0.7840882,0.89937204,0.8383839
1.0,-0.30430675,-0.00072690286,-0.11614844,0.27610275,0.09852764,0.011035867,0.2748644,-0.16094825,0.35151017,-0.10389927,0.13992168,-0.10020931,-0.2660815,0.6760746,-0.1861089,0.16701457,0.3449227,-0.312374,-0.00050504506,0.15833586,0.73803294,0.9091248,0.8938676,0.7815615,0.8886791,0.890523,0.73581594,0.86655116,0.7047701,0.84556466,0.85999006,0.88263744,0.7561648,0.410507,0.86539465,0.8306049,0.7043895,0.784208,0.8994981,0.8385777
1.0,-0.30439276,-0.001415439,-0.11595909,0.27553618,0.098175354,0.0114377495,0.2746023,-0.16022755,0.35094458,-0.10315211,0.13955037,-0.09982811,-0.2659373,0.67596704,-0.186266,0.16593185,0.34533498,-0.31271845,-0.0006391406,0.15744609,0.7376834,0.90916324,0.8937442,0.7808351,0.8888227,0.8893858,0.73518574,0.8670169,0.7043858,0.8462134,0.85976905,0.8826884,0.7556326,0.4099039,0.8652512,0.8304818,0.70352596,0.7839166,0.8991905,0.838104
1.0,-0.3043091,-0.0007453449,-0.11614336,0.27608752,0.09851818,0.011046633,0.2748573,-0.16092889,0.35149497,-0.103879154,0.13991164,-0.10019903,-0.2660776,0.6760715,-0.18611307,0.16698548,0.34493366,-0.31238315,-0.00050866604,0.15831201,0.7380236,0.9091258,0.8938642,0.7815421,0.8886829,0.89049256,0.73579895,0.8665637,0.7047599,0.84558207,0.85998416,0.88263893,0.7561505,0.4104909,0.8653908,0.8306015,0.70436645,0.7842002,0.8994898,0.83856505
1.0,-0.30439314,-0.0014179777,-0.11595836,0.27553394,0.098173946,0.011439195,0.27460116,-0.1602248,0.3509423,-0.103149325,0.13954887,-0.09982675,-0.2659367,0.6759665,-0.18626648,0.16592774,0.3453362,-0.31271955,-0.00063966215,0.15744281,0.7376822,0.90916353,0.89374363,0.7808326,0.8888233,0.8893817,0.73518354,0.8670186,0.7043845,0.8462159,0.8597683,0.88268864,0.7556307,0.40990195,0.8652507,0.8304814,0.70352286,0.78391564,0.8991895,0.83810234
1.0,-0.30434078,-0.001003746,-0.11607216,0.27587435,0.09838549,0.011197409,0.2747581,-0.16065784,0.35128188,-0.10359867,0.13977149,-0.10005592,-0.26602286,0.6760299,-0.18617167,0.16657898,0.34508696,-0.31251138,-0.00055905804,0.15797804,0.7378929,0.9091407,0.893818,0.7812699,0.8887372,0.8900659,0.73556316,0.86673844,0.70461565,0.8458261,0.8599017,0.88265854,0.75595105,0.41026524,0.86533743,0.8305557,0.7040426,0.7840913,0.8993748,0.83838785
1.0,-0.30436745,-0.0012130067,-0.116014734,0.27570271,0.0982788,0.011319526,0.27467906,-0.1604394,0.35111064,-0.10337187,0.13965924,-0.09994009,-0.26597944,0.6759984,-0.1862197,0.1662502,0.3452132,-0.3126167,-0.00059971586,0.15770778,0.7377864,0.9091521,0.89378047,0.7810489,0.88878065,0.8897202,0.7353713,0.86687994,0.70449877,0.8460229,0.8598343,0.8826736,0.75578904,0.4100814,0.8652935,0.830518,0.70377994,0.7840024,0.899281,0.83824366
1.0,-0.30432674,-0.0008836631,-0.11610543,0.27597415,0.09844759,0.011127371,0.27480486,-0.16078459,0.35138172,-0.10372943,0.13983725,-0.10012245,-0.26604888,0.6760507,-0.18614484,0.16676837,0.34501693,-0.31245255,-0.0005354583,0.15813342,0.73795325,0.90913343,0.89383954,0.78139603,0.88871175,0.8902642,0.7356723,0.86665714,0.7046824,0.8457123,0.8599399,0.882649,0.7560434,0.41036946,0.8653617,0.83057654,0.70419276,0.78414154,0.899428,0.83847004
1.0,-0.30440247,-0.0014782231,-0.1159423,0.27548647,0.09814448,0.011474477,0.27458042,-0.16016397,0.3508953,-0.10308486,0.13951841,-0.099793494,-0.26592588,0.67596173,-0.1862815,0.16583431,0.34537593,-0.31275225,-0.0006509572,0.1573654,0.73765033,0.90916586,0.8937328,0.7807679,0.88883495,0.8892822,0.7351269,0.8670589,0.70435023,0.84627116,0.8597483,0.882692,0.7555831,0.409847,0.8652369,0.8304694,0.70344615,0.78388906,0.899162,0.8380599
1.0,-0.304449,-0.0019012745,-0.11582443,0.27513188,0.097924344,0.011721093,0.27441418,-0.15971415,0.35054058,-0.10262218,0.13928573,-0.09955983,-0.26583266,0.6758828,-0.18637428,0.1651642,0.3456197,-0.3129577,-0.0007351041,0.15681696,0.7374389,0.90919185,0.89365673,0.7803245,0.88892496,0.88858324,0.73474336,0.8673469,0.7041168,0.84667325,0.8596131,0.8827256,0.7552589,0.4094832,0.8651521,0.8303977,0.7029192,0.7837127,0.89897436,0.83776945
1.0,-0.30438027,-0.0013425034,-0.11597828,0.27559263,0.09821036,0.011394959,0.27462634,-0.1603002,0.35100007,-0.10322961,0.13958633,-0.09986842,-0.26594943,0.6759708,-0.1862471,0.16604424,0.34528488,-0.3126775,-0.00062572584,0.15753958,0.73772293,0.909161,0.8937573,0.7809141,0.88880885,0.8895063,0.7352552,0.86696833,0.7044278,0.84614724,0.8597936,0.88268495,0.7556906,0.40997162,0.86526877,0.8304969,0.70361936,0.7839493,0.89922416,0.83815575
1.0,-0.30437392,-0.0012723897,-0.115998164,0.27565277,0.09824776,0.01135418,0.2746554,-0.16037615,0.35106063,-0.10330689,0.13962628,-0.099907234,-0.26596618,0.675987,-0.18623263,0.16615605,0.3452471,-0.31264532,-0.0006114952,0.15763074,0.73775697,0.90915596,0.8937698,0.7809867,0.88879347,0.8896221,0.73531765,0.86692035,0.70446587,0.8460796,0.8598155,0.88267857,0.75574356,0.4100304,0.86528176,0.830508,0.70370597,0.7839778,0.8992548,0.8382031
1.0,-0.3042843,-0.00054715574,-0.116197884,0.27625054,0.09861968,0.010930989,0.27493316,-0.1611362,0.35165787,-0.10409409,0.14001891,-0.10030897,-0.2661194,0.6761024,-0.1860679,0.16729698,0.3448154,-0.3122844,-0.00047016144,0.15856805,0.73812383,0.90911466,0.8938996,0.7817509,0.8886413,0.8908199,0.73598015,0.86642975,0.7048706,0.8453951,0.8600474,0.8826239,0.75630367,0.41066444,0.8654319,0.8306371,0.70461506,0.78428394,0.8995783,0.83870083
0.0,-0.30451763,-0.0024949592,-0.11566001,0.27463803,0.09761844,0.012067445,0.27418622,-0.15908687,0.350048,-0.10197407,0.13896438,-0.09923273,-0.26570612,0.6757812,-0.18650709,0.16422585,0.34597036,-0.31325248,-0.0008526072,0.15604794,0.73713875,0.90922594,0.8935497,0.7796997,0.88904893,0.88760245,0.7342015,0.8677502,0.70378864,0.84723353,0.8594209,0.8827698,0.75480235,0.40896866,0.8650303,0.8302951,0.70217764,0.7834628,0.8987098,0.83735824
1.0,-0.30427417,-0.000479592,-0.11621603,0.2763043,0.098653205,0.01089149,0.2749573,-0.16120507,0.3517114,-0.10416646,0.14005396,-0.10034643,-0.2661322,0.6761096,-0.18605147,0.16740191,0.3447723,-0.31224883,-0.00045744702,0.15865487,0.7381591,0.9091116,0.8939118,0.781823,0.8886278,0.8909313,0.7360431,0.86638445,0.70490897,0.8453325,0.8600694,0.8826197,0.75635666,0.41072547,0.865447,0.8306501,0.7047007,0.78431326,0.8996089,0.8387477
1.0,-0.304237,-0.00021287985,-0.1162885,0.27651998,0.098787636,0.010735672,0.27505594,-0.16148014,0.35192627,-0.10445371,0.14019535,-0.1004944,-0.26618555,0.6761439,-0.18598849,0.16781843,0.34460732,-0.31211206,-0.00040661544,0.15899846,0.7382962,0.90909797,0.89395934,0.7821058,0.8885731,0.8913718,0.73628926,0.86620516,0.7050594,0.84508306,0.8601551,0.8826011,0.75656456,0.41096312,0.86550456,0.8307002,0.7050373,0.7844277,0.8997289,0.8389312
1.0,-0.30435175,-0.0010776576,-0.116052255,0.27581525,0.09834878,0.011240657,0.27473167,-0.16058236,0.3512233,-0.10351926,0.13973321,-0.100015,-0.2660088,0.676022,-0.1861896,0.16646382,0.34513426,-0.31255043,-0.0005730465,0.15788291,0.7378543,0.909144,0.8938047,0.7811911,0.888752,0.8899438,0.7354944,0.8667882,0.7045738,0.84589463,0.8598775,0.88266313,0.7558931,0.41019872,0.86532104,0.83054143,0.703949,0.7840591,0.89934117,0.83833635
1.0,-0.30439022,-0.0013896972,-0.115966305,0.275558,0.09818885,0.011422737,0.27461264,-0.16025512,0.35096627,-0.103180334,0.13956477,-0.099842384,-0.26594314,0.67597246,-0.18626048,0.16597271,0.34532043,-0.3127062,-0.00063397735,0.15747954,0.7376961,0.9091616,0.8937488,0.7808621,0.8888172,0.88942844,0.73520887,0.8669994,0.70439994,0.84618884,0.8597773,0.8826862,0.7556521,0.4099259,0.86525613,0.83048594,0.70355797,0.78392714,0.8992019,0.83812153
1.0,-0.30442593,-0.0016976763,-0.11588097,0.2753018,0.098029815,0.0116024,0.2744934,-0.1599299,0.35071027,-0.10284455,0.13939694,-0.09967223,-0.26587686,0.675919,-0.18632919,0.16548628,0.34550104,-0.31285787,-0.0006947443,0.15708077,0.73754114,0.9091797,0.8936935,0.7805384,0.88888204,0.8889196,0.7349285,0.8672084,0.70422924,0.8464803,0.85967845,0.8827099,0.75541526,0.40965903,0.86519337,0.8304327,0.70317316,0.783798,0.8990649,0.83790964
0.0,-0.30458322,-0.0031389985,-0.11547956,0.27409315,0.09728161,0.012442797,0.27393192,-0.15839668,0.34950364,-0.10126597,0.1386097,-0.098878756,-0.26556262,0.6756537,-0.18664601,0.1632011,0.3463379,-0.31356388,-0.0009826161,0.15521131,0.7368175,0.90926623,0.8934333,0.7790256,0.8891854,0.8865381,0.73361856,0.8681904,0.7034367,0.84784603,0.85921305,0.8828208,0.7543109,0.40841973,0.8649028,0.83018905,0.70137805,0.78319556,0.8984248,0.8369128
0.0,-0.30451617,-0.0025215447,-0.11565152,0.2746112,0.097601786,0.012082705,0.2741713,-0.15905385,0.35002023,-0.10194285,0.13894576,-0.09921804,-0.2656964,0.67576694,-0.18651018,0.16418073,0.34597808,-0.31326008,-0.00085898116,0.15601245,0.7371282,0.9092296,0.893545,0.779674,0.88905627,0.88755846,0.73418045,0.8677695,0.7037756,0.84726185,0.8594136,0.8827741,0.754784,0.4089505,0.86502784,0.83029324,0.7021469,0.78345406,0.8986993,0.83734155
1.0,-0.3043243,-0.00085957535,-0.11611219,0.27599454,0.09846028,0.011113362,0.27481464,-0.16081038,0.35140222,-0.10375577,0.13985078,-0.10013579,-0.26605442,0.67605567,-0.18613969,0.16680664,0.34500352,-0.31244123,-0.0005306527,0.15816468,0.7379651,0.9091318,0.8938438,0.7814211,0.8887065,0.890304,0.73569393,0.8666407,0.7046957,0.8456892,0.8599474,0.882647,0.75606173,0.41038978,0.86536646,0.8305806,0.70422256,0.78415143,0.8994386,0.8384863
1.0,-0.30431125,-0.000754606,-0.116141096,0.27608094,0.09851409,0.011052091,0.27485487,-0.16092034,0.35148847,-0.10386968,0.13990767,-0.10019398,-0.2660766,0.6760722,-0.18611582,0.16697168,0.34494096,-0.31238902,-0.00051023066,0.15830034,0.73801816,0.9091259,0.89386266,0.78153175,0.88868445,0.89047736,0.7357899,0.86656964,0.70475435,0.84559005,0.8599809,0.88263905,0.7561429,0.4104818,0.8653882,0.83059937,0.7043542,0.7841958,0.8994854,0.8385584
1.0,-0.30447847,-0.0021568593,-0.11575359,0.27491906,0.097792484,0.011870187,0.2743156,-0.1594439,0.35032815,-0.10234319,0.13914698,-0.09941891,-0.2657779,0.67583853,-0.18643127,0.16476023,0.34577003,-0.31308413,-0.0007856861,0.15648592,0.7373099,0.90920675,0.8936108,0.7800557,0.8889785,0.88816106,0.73451036,0.8675205,0.70397556,0.8469147,0.8595307,0.88274485,0.7550625,0.409262,0.8650999,0.83035374,0.7026,0.78360534,0.8988607,0.8375929
1.0,-0.3043742,-0.0012823548,-0.115995154,0.2756436,0.098242015,0.011359936,0.27465063,-0.16036473,0.3510512,-0.103295594,0.13961999,-0.099901706,-0.2659632,0.6759832,-0.18623428,0.16613978,0.34525135,-0.3126491,-0.0006136745,0.15761766,0.73775256,0.90915686,0.8937681,0.78097683,0.888796,0.88960564,0.7353091,0.8669274,0.7044608,0.84608966,0.8598126,0.8826798,0.7557363,0.41002268,0.86528033,0.8305068,0.703694,0.7839741,0.8992506,0.83819664
1.0,-0.30435508,-0.0011062268,-0.11604433,0.27579144,0.09833396,0.0112573095,0.27472055,-0.16055216,0.3511994,-0.10348815,0.13971753,-0.099999204,-0.26600263,0.676017,-0.18619591,0.16641867,0.34515086,-0.31256437,-0.00057867914,0.15784594,0.73784,0.9091457,0.89379966,0.78116107,0.88875806,0.88989663,0.7354683,0.8668075,0.704558,0.8459217,0.85986835,0.88266534,0.75587124,0.41017398,0.86531514,0.8305365,0.7039133,0.7840471,0.89932853,0.8383168
1.0,-0.30436343,-0.0011754334,-0.11602521,0.2757342,0.098298356,0.011297673,0.27469385,-0.1604793,0.35114205,-0.10341285,0.13967997,-0.09996089,-0.26598787,0.67600536,-0.18621148,0.16630965,0.34519166,-0.31259862,-0.0005922355,0.15775642,0.7378052,0.9091497,0.89378726,0.7810883,0.88877267,0.8897823,0.7354052,0.8668544,0.7045195,0.84598714,0.85984623,0.88267064,0.75581783,0.41011375,0.86530095,0.8305244,0.70382667,0.78401804,0.89929765,0.83826935
1.0,-0.30434513,-0.0010213628,-0.116067834,0.27586198,0.09837784,0.011207813,0.27475357,-0.16064173,0.35127002,-0.10358058,0.13976397,-0.100046195,-0.266021,0.67603165,-0.186177,0.16655263,0.3451013,-0.3125228,-0.00056197494,0.15795577,0.7378827,0.9091407,0.89381474,0.78125024,0.8887401,0.89003676,0.7355455,0.8667499,0.70460516,0.8458412,0.8598954,0.8826587,0.75593644,0.41024745,0.8653324,0.83055127,0.70401937,0.7840827,0.89936614,0.838375
1.0,-0.30436462,-0.0011856239,-0.11602242,0.2757258,0.098293155,0.011303609,0.27469006,-0.16046868,0.35113376,-0.103401855,0.13967447,-0.099955276,-0.2659857,0.67600375,-0.1862138,0.16629365,0.34519777,-0.31260368,-0.00059422106,0.15774328,0.73779994,0.90915036,0.8937854,0.7810775,0.8887747,0.88976544,0.7353959,0.8668612,0.7045138,0.8459967,0.8598429,0.8826714,0.75580996,0.4101048,0.86529887,0.83052254,0.70381397,0.7840137,0.8992931,0.8382624
1.0,-0.30431485,-0.0007763393,-0.11613533,0.27606404,0.09850358,0.011064842,0.27484757,-0.16089857,0.35147196,-0.103846595,0.13989675,-0.10018194,-0.2660729,0.676071,-0.1861214,0.1669381,0.34495565,-0.31240097,-0.0005142018,0.15827245,0.7380066,0.90912676,0.8938587,0.78150827,0.8886886,0.8904415,0.7357694,0.86658406,0.7047418,0.8456099,0.85997367,0.8826402,0.75612557,0.41046163,0.865383,0.8305948,0.7043265,0.78418607,0.8994755,0.8385431
1.0,-0.30437502,-0.0012652762,-0.11600062,0.27566078,0.0982527,0.011350121,0.27466023,-0.16038583,0.35106897,-0.10331562,0.139632,-0.0999112,-0.26596946,0.67599237,-0.18623231,0.16616866,0.3452464,-0.31264418,-0.00060962886,0.15764044,0.7377592,0.9091545,0.8937711,0.78099316,0.88879114,0.8896339,0.73532265,0.86691505,0.70446926,0.84607136,0.85981715,0.8826769,0.7557481,0.41003436,0.865282,0.830508,0.7037138,0.7839797,0.8992574,0.83820724
1.0,-0.3044166,-0.0015942752,-0.11591029,0.2753906,0.098084934,0.011542201,0.27453616,-0.16004197,0.35079956,-0.10295862,0.13945574,-0.09972939,-0.26590148,0.6759428,-0.18630777,0.16565147,0.345445,-0.31281012,-0.0006736927,0.15721531,0.73759156,0.9091724,0.893712,0.7806456,0.8888592,0.88909054,0.7350207,0.8671376,0.7042857,0.84638053,0.85971093,0.8827006,0.7554936,0.40974578,0.8652128,0.8304491,0.7033009,0.78383994,0.89911014,0.8379799
1.0,-0.30443606,-0.0017766375,-0.1158593,0.27523702,0.09798962,0.011648482,0.2744638,-0.15984741,0.35064584,-0.102758855,0.13935481,-0.09962861,-0.26586062,0.67590725,-0.1863474,0.16536215,0.345549,-0.31289792,-0.0007101111,0.15697873,0.73750067,0.9091839,0.89367914,0.7804548,0.8888983,0.88878924,0.73485583,0.8672618,0.70418537,0.84655434,0.8596528,0.8827154,0.75535417,0.40958962,0.8651766,0.83041847,0.703074,0.7837644,0.89902943,0.83785486
0.0,-0.30457312,-0.0030552112,-0.11550264,0.27416232,0.09732432,0.012393862,0.27396315,-0.15848467,0.34957236,-0.101357296,0.13865414,-0.098924726,-0.26557976,0.6756666,-0.18662691,0.16333339,0.34628707,-0.31352115,-0.0009660758,0.15531978,0.73686033,0.90926176,0.8934485,0.7791142,0.88916856,0.8866766,0.73369575,0.8681335,0.703483,0.84776765,0.8592407,0.88281524,0.7543757,0.408493,0.8649205,0.83020395,0.701483,0.7832312,0.8984623,0.83697146
1.0,-0.3043855,-0.0013113003,-0.11598916,0.2756279,0.09823233,0.0113772545,0.27464786,-0.16034292,0.3510372,-0.10326807,0.13961184,-0.09988585,-0.26596418,0.6759958,-0.18624586,0.16609958,0.34528258,-0.31267324,-0.0006174445,0.15758212,0.7377326,0.90915483,0.89376277,0.78094214,0.8887988,0.8895581,0.73527694,0.866945,0.70444185,0.8461112,0.859801,0.8826778,0.7557103,0.40998903,0.8652691,0.8304969,0.70365334,0.7839577,0.8992355,0.83817375
1.0,-0.30436698,-0.0011907648,-0.11602144,0.27572343,0.09829166,0.011306707,0.2746899,-0.1604652,0.35113186,-0.10339713,0.13967334,-0.09995246,-0.26598617,0.6760068,-0.18621607,0.16628677,0.34520397,-0.31260842,-0.0005948208,0.15773705,0.7377962,0.9091498,0.8937844,0.78107107,0.88877517,0.889757,0.7353899,0.8668643,0.7045103,0.8460003,0.8598408,0.8826708,0.7558052,0.41009834,0.8652966,0.83052063,0.7038066,0.78401065,0.8992903,0.8382581
0.0,-0.30444288,-0.0018347986,-0.11584322,0.2751889,0.097959705,0.011682423,0.2744415,-0.15978615,0.3505978,-0.102695495,0.13932338,-0.09959652,-0.2658483,0.6758978,-0.18636046,0.16527039,0.34558353,-0.31292686,-0.00072158873,0.15690345,0.7374713,0.9091873,0.8936688,0.7803935,0.88891035,0.8886931,0.73480284,0.86730134,0.70415306,0.8466092,0.8596341,0.8827198,0.7553093,0.4095391,0.8651647,0.8304083,0.7030012,0.7837398,0.8990035,0.8378147
1.0,-0.30429995,-0.0006817058,-0.11616059,0.27613872,0.098550014,0.0110094175,0.27488044,-0.16099417,0.3515458,-0.1039477,0.13994502,-0.10023433,-0.26609,0.6760789,-0.18609786,0.16708478,0.3448936,-0.31235,-0.0004965849,0.15839401,0.7380565,0.9091229,0.8938756,0.7816098,0.8886701,0.89059776,0.73585796,0.86652094,0.7047958,0.8455229,0.86000484,0.88263464,0.7562002,0.41054788,0.86540484,0.83061373,0.704447,0.78422767,0.89951867,0.83860916
1.0,-0.3044493,-0.0019155387,-0.115820155,0.2751187,0.09791619,0.011729343,0.27440736,-0.15969773,0.35052717,-0.10260597,0.13927677,-0.09955194,-0.26582843,0.6758774,-0.18637666,0.16514084,0.34562585,-0.3129632,-0.000738211,0.15679818,0.7374325,0.90919334,0.8936543,0.7803102,0.8889286,0.88855964,0.7347313,0.86735684,0.70410943,0.8466876,0.8596089,0.8827274,0.75524855,0.40947214,0.86515015,0.8303961,0.7029021,0.7837074,0.8989685,0.83776015
1.0,-0.3043829,-0.0013422295,-0.115979,0.27559558,0.098212235,0.011394959,0.27462912,-0.16030332,0.35100353,-0.10323118,0.13958892,-0.09986863,-0.2659518,0.67597663,-0.1862487,0.16604644,0.34528944,-0.3126806,-0.00062504783,0.15754054,0.7377212,0.9091597,0.8937573,0.780913,0.8888079,0.8895068,0.73525345,0.86696756,0.70442694,0.84614515,0.85979295,0.8826835,0.75568956,0.40996903,0.86526704,0.8304953,0.7036183,0.78394806,0.8992235,0.83815485
1.0,-0.30430022,-0.0006837379,-0.11615998,0.27613693,0.09854897,0.01101063,0.27487966,-0.1609921,0.35154414,-0.10394542,0.13994387,-0.10023319,-0.2660896,0.6760786,-0.18609834,0.1670815,0.3448948,-0.31235102,-0.0004969537,0.1583913,0.73805547,0.9091229,0.89387524,0.78160757,0.8886705,0.89059424,0.73585624,0.86652225,0.7047946,0.84552485,0.8600042,0.88263476,0.75619864,0.41054603,0.8654044,0.83061326,0.70444435,0.78422683,0.89951766,0.8386077
1.0,-0.3043069,-0.0007115919,-0.11615315,0.2761174,0.098536775,0.011027064,0.27487233,-0.16096643,0.3515253,-0.103916794,0.13993184,-0.10021779,-0.26608652,0.67608124,-0.18610668,0.16703987,0.34491712,-0.3123688,-0.00050162524,0.15835612,0.73803926,0.909123,0.8938703,0.7815766,0.88867503,0.89054835,0.7358285,0.8665404,0.70477796,0.84554875,0.85999435,0.88263524,0.75617564,0.41051817,0.86539656,0.8306064,0.70440763,0.7842134,0.8995043,0.8385874
1.0,-0.30431157,-0.0007574111,-0.11614029,0.27607858,0.0985126,0.011053767,0.2748537,-0.16091727,0.3514862,-0.10386655,0.13990602,-0.10019241,-0.26607597,0.67607176,-0.18611643,0.16696715,0.34494254,-0.31239033,-0.000510782,0.15829664,0.73801684,0.90912604,0.89386207,0.78152895,0.88868517,0.89047265,0.73578733,0.86657166,0.70475274,0.8455928,0.85998,0.8826392,0.7561407,0.41047928,0.8653877,0.83059883,0.7043507,0.78419465,0.8994842,0.8385564
1.0,-0.30438602,-0.0013410058,-0.11598019,0.27560008,0.09821501,0.01139443,0.2746331,-0.16030827,0.35100877,-0.10323419,0.13959278,-0.099869356,-0.26595506,0.6759844,-0.1862506,0.16605061,0.34529468,-0.31268418,-0.0006240308,0.15754291,0.73771966,0.909158,0.8937575,0.78091246,0.8888063,0.88950884,0.7352521,0.8669659,0.70442647,0.8461416,0.8597924,0.8826817,0.75568885,0.4099666,0.865265,0.83049357,0.7036179,0.78394675,0.899223,0.83815444
1.0,-0.3043544,-0.0011002831,-0.11604593,0.27579635,0.098336995,0.011253851,0.27472284,-0.16055836,0.35120422,-0.1034946,0.13972077,-0.10000247,-0.26600385,0.6760179,-0.18619451,0.166428,0.34514728,-0.31256136,-0.0005775243,0.1578536,0.73784304,0.90914536,0.8938007,0.78116727,0.8887568,0.88990635,0.73547375,0.86680347,0.70456135,0.8459161,0.8598703,0.8826649,0.75587577,0.4101791,0.86531645,0.8305377,0.7039208,0.7840497,0.8993311,0.838321
1.0,-0.30419788,6.801449e-05,-0.11636478,0.27674705,0.0989293,0.01057159,0.2751603,-0.16176972,0.35215282,-0.10475597,0.1403447,-0.100650445,-0.2662419,0.6761802,-0.18592225,0.16825685,0.34443417,-0.31196856,-0.00035314262,0.15936017,0.73844033,0.9090834,0.8940094,0.7824036,0.8885151,0.89183545,0.7365483,0.8660163,0.7052182,0.84482014,0.860245,0.88258123,0.7567834,0.41121313,0.865565,0.8307527,0.70539176,0.784548,0.8998551,0.83912396
1.0,-0.30439577,-0.0014429167,-0.11595144,0.27551317,0.098161034,0.011453744,0.2745914,-0.16019838,0.35092145,-0.10312207,0.13953522,-0.09981297,-0.26593125,0.67596203,-0.186272,0.16588834,0.34535065,-0.3127317,-0.00064459443,0.15741053,0.7376698,0.9091649,0.8937392,0.7808065,0.8888285,0.8893405,0.73516095,0.86703557,0.70437074,0.8462395,0.85976034,0.88269067,0.7556114,0.4098805,0.8652457,0.8304771,0.70349175,0.7839052,0.8991784,0.83808523
1.0,-0.304418,-0.0016412735,-0.11589624,0.27534726,0.09805798,0.011569396,0.27451366,-0.15998787,0.35075545,-0.10290535,0.1394263,-0.09970333,-0.2658877,0.67592585,-0.18631577,0.16557437,0.34546545,-0.31282836,-0.00068392605,0.15715344,0.7375705,0.90917706,0.89370364,0.78059834,0.8888708,0.88901275,0.7349808,0.86717045,0.70426106,0.8464279,0.859697,0.88270634,0.7554593,0.4097094,0.8652058,0.83044326,0.7032443,0.7838224,0.89909035,0.83794904
1.0,-0.30442324,-0.001684038,-0.11588446,0.27531198,0.09803609,0.011594348,0.27449742,-0.15994304,0.35072023,-0.10285887,0.13940324,-0.09967974,-0.2658787,0.6759189,-0.18632539,0.16550705,0.3454909,-0.3128497,-0.0006923154,0.15709814,0.73754877,0.90917945,0.89369595,0.7805533,0.88887966,0.8889422,0.7349418,0.8671994,0.70423734,0.84646827,0.8596832,0.8827095,0.75542635,0.40967217,0.86519694,0.83043575,0.70319086,0.7838044,0.8990712,0.8379196
1.0,-0.3043479,-0.0010636412,-0.11605553,0.27582452,0.09835447,0.011232359,0.27473474,-0.16059457,0.351232,-0.10353339,0.13973872,-0.10002272,-0.26600975,0.67601925,-0.18618497,0.16648439,0.3451219,-0.31254068,-0.00057082996,0.15790051,0.73786294,0.9091442,0.8938073,0.781207,0.88874996,0.88996685,0.7355088,0.8667792,0.70458245,0.845883,0.8598826,0.88266325,0.7559049,0.41021323,0.86532533,0.83054537,0.7039678,0.78406614,0.8993481,0.83834696
1.0,-0.3044019,-0.0014721025,-0.11594404,0.27549168,0.09814771,0.011470918,0.2745829,-0.16017045,0.35090053,-0.10309164,0.13952187,-0.099796906,-0.26592734,0.6759628,-0.18628013,0.16584408,0.3453725,-0.3127494,-0.0006496981,0.15737337,0.7376533,0.9091655,0.8937339,0.78077435,0.8888337,0.8892923,0.73513234,0.8670547,0.7043535,0.84626526,0.8597503,0.88269144,0.7555878,0.40985218,0.86523795,0.8304704,0.7034538,0.78389156,0.8991646,0.83806413
1.0,-0.3043384,-0.0009953715,-0.1160741,0.27587974,0.098388866,0.011192441,0.27475974,-0.16066507,0.35128707,-0.103607014,0.13977467,-0.10006052,-0.26602328,0.676028,-0.18616877,0.16659111,0.34507942,-0.31250542,-0.0005577579,0.15798855,0.73789823,0.9091408,0.89381945,0.7812795,0.88873607,0.8900796,0.73557186,0.86673325,0.70462084,0.8458193,0.8599048,0.88265866,0.7559582,0.4102741,0.8653401,0.83055806,0.7040539,0.7840955,0.89937884,0.8383942
1.0,-0.30436483,-0.0011875909,-0.11602183,0.27572408,0.098292045,0.011304783,0.27468914,-0.16046652,0.35113198,-0.103399634,0.13967331,-0.09995417,-0.26598516,0.6760033,-0.1862142,0.16629043,0.34519884,-0.3126046,-0.00059461594,0.1577407,0.73779905,0.9091505,0.893785,0.7810754,0.8887753,0.88976216,0.7353942,0.86686265,0.7045127,0.8459987,0.85984236,0.88267154,0.7558084,0.410103,0.8652985,0.83052224,0.70381147,0.784013,0.89929223,0.83826107
1.0,-0.3043007,-0.0006931983,-0.11615723,0.27612844,0.09854364,0.011016104,0.2748753,-0.16098143,0.35153544,-0.103934824,0.13993806,-0.10022794,-0.26608694,0.6760755,-0.18609999,0.16706616,0.34489915,-0.31235483,-0.0004989505,0.15837893,0.73805124,0.9091239,0.8938736,0.7815981,0.88867277,0.89057875,0.7358481,0.8665288,0.7047896,0.84553427,0.8600013,0.8826359,0.75619173,0.41053864,0.8654029,0.83061194,0.70443285,0.7842232,0.8995137,0.8386016
1.0,-0.3043821,-0.0013442673,-0.115978196,0.27559283,0.09821049,0.0113960765,0.27462733,-0.16030014,0.3510006,-0.103228465,0.13958687,-0.09986746,-0.2659505,0.6759742,-0.18624857,0.16604254,0.34528884,-0.31268042,-0.0006256886,0.15753767,0.7377209,0.90916026,0.8937569,0.78091127,0.8888088,0.8895034,0.7352523,0.8669692,0.7044262,0.8461478,0.8597926,0.8826842,0.7556884,0.40996835,0.8652672,0.8304956,0.70361626,0.7839477,0.8992229,0.83815384
1.0,-0.30434102,-0.0009840652,-0.11607827,0.27589333,0.0983973,0.011186058,0.2747684,-0.16068134,0.35130137,-0.10362132,0.13978465,-0.100066856,-0.26602933,0.6760386,-0.18616885,0.16661164,0.34508,-0.31250483,-0.00055461004,0.1580041,0.7379011,0.9091383,0.8938215,0.7812892,0.88873214,0.8900984,0.73557913,0.8667246,0.7046258,0.8458057,0.85990727,0.8826556,0.755965,0.41027957,0.86533976,0.8305575,0.7040658,0.78409815,0.89938265,0.8384004
1.0,-0.30431175,-0.0007678587,-0.11613712,0.2760688,0.09850652,0.011059759,0.27484852,-0.16090514,0.35147625,-0.103854716,0.13989933,-0.10018657,-0.26607272,0.6760677,-0.18611814,0.16694999,0.34494674,-0.31239417,-0.00051308423,0.15828288,0.73801225,0.9091272,0.8938603,0.7815184,0.88868773,0.8904554,0.7357786,0.8665789,0.7047474,0.84560347,0.859977,0.8826406,0.75613326,0.41047135,0.8653863,0.83059764,0.7043382,0.78419083,0.8994799,0.83854973
1.0,-0.30438712,-0.0013776142,-0.115969196,0.27556616,0.098193936,0.011415595,0.27461547,-0.160266,0.35097414,-0.10319258,0.13956964,-0.09984902,-0.26594424,0.67597073,-0.18625665,0.1659905,0.34531027,-0.3126981,-0.0006319992,0.1574947,0.7377034,0.90916175,0.89375097,0.7808757,0.8888153,0.8894482,0.7352212,0.86699164,0.7044072,0.8461786,0.85978156,0.8826863,0.7556623,0.40993834,0.8652598,0.8304892,0.70357394,0.78393316,0.8992078,0.83813053
1.0,-0.30427843,-0.0004924629,-0.1162132,0.27629662,0.09864845,0.010899125,0.2749553,-0.16119465,0.35170424,-0.10415396,0.14004964,-0.10033935,-0.26613197,0.6761136,-0.18605615,0.16738364,0.34478483,-0.31225863,-0.00045932084,0.15863895,0.7381507,0.90911096,0.8939094,0.781808,0.8886294,0.89091027,0.7360294,0.86639243,0.7049008,0.8453426,0.86006457,0.8826192,0.75634545,0.41071126,0.8654426,0.8306462,0.704683,0.7843064,0.8996025,0.83873785
1.0,-0.3044182,-0.0016530622,-0.11589268,0.27533624,0.098051146,0.011576209,0.27450788,-0.15997414,0.35074425,-0.10289191,0.13941872,-0.099696785,-0.26588407,0.67592126,-0.18631758,0.165555,0.34547022,-0.31283265,-0.0006865114,0.1571379,0.7375654,0.9091783,0.8937015,0.78058654,0.8888737,0.8889933,0.73497105,0.8671788,0.704255,0.84643996,0.8596936,0.8827078,0.7554508,0.40970054,0.8652043,0.8304421,0.7032303,0.7838181,0.89908546,0.8379414
0.0,-0.3043728,-0.001246931,-0.11600565,0.2756758,0.09826211,0.011339376,0.27466723,-0.16040498,0.35108393,-0.10333556,0.13964188,-0.09992138,-0.2659732,0.67599523,-0.18622807,0.16619751,0.3452353,-0.31263494,-0.00060604885,0.15766418,0.7377686,0.9091536,0.8937744,0.78101265,0.88878727,0.88966435,0.7353395,0.8669026,0.70447946,0.84605414,0.8598231,0.88267565,0.7557624,0.4100507,0.86528575,0.8305114,0.70373684,0.7839875,0.89926565,0.83822
1.0,-0.30432314,-0.0008307956,-0.116120726,0.27602074,0.09847663,0.011096716,0.27482823,-0.16084318,0.35142887,-0.10378827,0.13986866,-0.100151785,-0.26606268,0.6760655,-0.18613477,0.16685349,0.3449907,-0.31242996,-0.0005244799,0.15820244,0.73797804,0.909129,0.8938489,0.7814501,0.8886994,0.8903516,0.7357185,0.8666206,0.70471084,0.8456602,0.8599559,0.8826435,0.7560829,0.41041237,0.8653708,0.83058417,0.70425737,0.78416234,0.8994507,0.8385051
0.0,-0.3043672,-0.0011914875,-0.11602124,0.27572277,0.09829131,0.011307158,0.27468964,-0.16046444,0.35113126,-0.103396386,0.13967298,-0.09995204,-0.265986,0.6760068,-0.18621625,0.16628563,0.3452045,-0.31260887,-0.00059494376,0.1577361,0.7377958,0.9091498,0.89378434,0.78107023,0.8887753,0.88975585,0.7353893,0.86686486,0.7045098,0.84600097,0.8598406,0.8826708,0.7558046,0.41009772,0.8652965,0.8305204,0.70380557,0.7840103,0.89928997,0.83825755
0.0,-0.30442545,-0.0016811378,-0.11588594,0.27531713,0.09803933,0.011592796,0.27450132,-0.15994899,0.350726,-0.10286336,0.13940738,-0.0996814,-0.26588172,0.6759252,-0.18632646,0.16551355,0.345494,-0.31285155,-0.00069108605,0.15710258,0.7375486,0.90917814,0.8936964,0.78055495,0.888878,0.888947,0.73494244,0.86719674,0.70423794,0.84646356,0.8596834,0.8827078,0.7554273,0.4096717,0.8651958,0.8304347,0.70319307,0.7838042,0.8990718,0.83792055
1.0,-0.30433962,-0.0009763371,-0.116080225,0.2758991,0.098400906,0.011181528,0.2747708,-0.16068892,0.35130703,-0.103629455,0.13978828,-0.10007116,-0.26603052,0.6760388,-0.18616675,0.16662341,0.34507436,-0.3125003,-0.0005532466,0.15801397,0.7379055,0.9091381,0.89382285,0.78129774,0.88873065,0.89011115,0.7355868,0.8667195,0.70463026,0.8457988,0.8599099,0.88265526,0.75597125,0.410287,0.8653418,0.8305594,0.7040758,0.7841017,0.8993863,0.8384059
1.0,-0.30427203,-0.0004389137,-0.11622801,0.27634093,0.098676056,0.010867907,0.27497607,-0.16125093,0.35174865,-0.10421209,0.14007889,-0.10036907,-0.26614347,0.6761226,-0.18604408,0.16746792,0.3447534,-0.31223232,-0.00044886395,0.15870817,0.73817766,0.90910774,0.893919,0.7818643,0.88861805,0.8909987,0.73607814,0.86635625,0.7049307,0.84529185,0.8600815,0.882615,0.7563867,0.41075796,0.8654534,0.8306555,0.70475006,0.7843289,0.8996262,0.83877444
1.0,-0.3043732,-0.0012667514,-0.11599973,0.2756575,0.098250695,0.011350913,0.2746576,-0.16038214,0.35106528,-0.10331303,0.13962933,-0.099910356,-0.26596743,0.67598796,-0.18623142,0.16616505,0.34524384,-0.3126425,-0.0006103888,0.15763806,0.7377597,0.9091555,0.89377093,0.7809926,0.8887922,0.8896314,0.7353227,0.8669165,0.7044691,0.8460742,0.85981727,0.8826781,0.7557479,0.41003534,0.8652829,0.830509,0.70371294,0.78398013,0.8992573,0.838207
1.0,-0.30440718,-0.0015571807,-0.11591929,0.27541608,0.09810076,0.011520276,0.27454516,-0.16007562,0.35082406,-0.10299654,0.13947113,-0.099749774,-0.2659049,0.675938,-0.18629636,0.16570655,0.3454142,-0.31278563,-0.0006675869,0.1572621,0.7376135,0.90917265,0.8937187,0.78068733,0.8888535,0.8891517,0.7350582,0.86711365,0.704308,0.8463491,0.8597243,0.8827004,0.75552446,0.40978333,0.86522365,0.83045846,0.70335,0.78385824,0.8991281,0.8380074
0.0,-0.30434334,-0.0009908974,-0.11607672,0.2758892,0.09839475,0.0111901425,0.27476734,-0.16067584,0.35129762,-0.10361466,0.13978235,-0.10006313,-0.26602918,0.67604077,-0.18617132,0.16660193,0.34508663,-0.31251004,-0.00055557117,0.15799566,0.7378968,0.90913796,0.8938203,0.7812813,0.8887329,0.8900872,0.73557186,0.8667288,0.7046215,0.84581107,0.8599046,0.8826554,0.7559591,0.41027194,0.86533743,0.83055556,0.7040565,0.7840946,0.89937925,0.8383952
0.0,-0.3044366,-0.0017952714,-0.115853764,0.27521992,0.09797901,0.011659246,0.27445495,-0.15982603,0.35062832,-0.10273777,0.1393432,-0.099618316,-0.26585528,0.6759008,-0.18635054,0.16533169,0.34555718,-0.3129052,-0.00071419403,0.15695423,0.7374924,0.9091858,0.8936759,0.78043604,0.88890284,0.8887584,0.7348401,0.86727494,0.70417553,0.846573,0.8596473,0.88271767,0.7553406,0.4095751,0.865174,0.8304162,0.7030516,0.7837573,0.8990216,0.83784264
1.0,-0.30436337,-0.0011785254,-0.11602425,0.27573124,0.09829648,0.011299487,0.2746923,-0.16047567,0.35113907,-0.10340926,0.13967788,-0.09995917,-0.26598677,0.6760039,-0.18621194,0.16630453,0.34519285,-0.31259972,-0.0005929433,0.15775234,0.7378038,0.9091501,0.89378667,0.7810852,0.8887734,0.8897771,0.7354027,0.86685663,0.7045179,0.84599036,0.85984534,0.88267106,0.75581557,0.4101114,0.8653006,0.8305241,0.7038231,0.78401685,0.8992964,0.8382674
1.0,-0.30431256,-0.0007661488,-0.116137855,0.2760713,0.09850806,0.011058832,0.27485025,-0.16090804,0.35147882,-0.10385707,0.13990119,-0.10018754,-0.266074,0.6760701,-0.18611836,0.16695338,0.3449476,-0.31239456,-0.00051252544,0.15828533,0.73801243,0.90912664,0.8938605,0.78151965,0.88868695,0.8904582,0.73577946,0.86657757,0.70474786,0.84560114,0.8599773,0.88263994,0.756134,0.4104717,0.8653859,0.8305973,0.7043398,0.78419095,0.89948034,0.8385505
1.0,-0.30433205,-0.0009310879,-0.116092175,0.27593434,0.098422825,0.011155006,0.27478606,-0.16073418,0.35134184,-0.103677586,0.13981093,-0.10009614,-0.26603827,0.67604166,-0.18615523,0.1666933,0.34504396,-0.31247538,-0.00054487213,0.15807195,0.7379297,0.90913653,0.89383096,0.78134644,0.8887219,0.89018583,0.73562956,0.8666894,0.7046562,0.8457576,0.8599249,0.88265294,0.7560071,0.4103286,0.8653525,0.8305685,0.7041336,0.7841219,0.8994071,0.83843774
1.0,-0.3043952,-0.0014035348,-0.11596334,0.27554998,0.09818392,0.011430994,0.27461082,-0.16024432,0.35095912,-0.10316692,0.13956045,-0.099834844,-0.2659432,0.67597735,-0.18626572,0.16595319,0.34533456,-0.31271717,-0.0006359145,0.15746245,0.737687,0.90916085,0.8937462,0.7808459,0.88881874,0.8894057,0.73519385,0.867008,0.7043911,0.84619945,0.85977185,0.88268554,0.7556399,0.40991026,0.86525106,0.8304816,0.7035388,0.78391963,0.8991948,0.83811074
0.0,-0.30453128,-0.0026301593,-0.11562206,0.2745235,0.09754757,0.012146227,0.2741325,-0.15894176,0.34993333,-0.1018254,0.1388896,-0.09915832,-0.26567575,0.6757541,-0.18653612,0.1640107,0.346047,-0.31331745,-0.000879921,0.1558723,0.73707145,0.9092346,0.89352536,0.7795583,0.8890777,0.887379,0.7340794,0.86784273,0.70371467,0.84736234,0.8593775,0.88278073,0.7546992,0.40885356,0.86500365,0.8302729,0.70200974,0.78340685,0.8986501,0.8372651
1.0,-0.30431557,-0.00078876317,-0.1161317,0.27605298,0.09849666,0.011072043,0.27484185,-0.1608847,0.35146058,-0.10383266,0.13988926,-0.10017505,-0.26606947,0.67606723,-0.1861237,0.16691801,0.34496155,-0.31240615,-0.0005168468,0.1582562,0.73800075,0.9091278,0.89385647,0.78149575,0.88869154,0.8904209,0.7357586,0.86659276,0.70473516,0.8456222,0.85997003,0.8826415,0.75611633,0.41045156,0.8653811,0.83059317,0.7043114,0.78418124,0.89947015,0.8385349
1.0,-0.3043718,-0.0012431704,-0.11600655,0.27567834,0.09826364,0.011337191,0.27466807,-0.16040832,0.35108638,-0.10333933,0.13964336,-0.09992342,-0.26597357,0.6759945,-0.1862269,0.16620302,0.3452321,-0.31263244,-0.0006054528,0.15766886,0.73777074,0.9091536,0.89377505,0.7810168,0.88878673,0.88967043,0.7353433,0.86690027,0.70448166,0.846051,0.8598244,0.88267565,0.7557655,0.41005445,0.8652869,0.83051234,0.7037418,0.7839894,0.8992675,0.83822274
1.0,-0.30438676,-0.0013570264,-0.11597547,0.27558556,0.098206,0.011403702,0.27462572,-0.1602901,0.35099393,-0.10321616,0.13958296,-0.09986049,-0.26595053,0.6759789,-0.1862534,0.1660246,0.34530202,-0.3126906,-0.0006274432,0.15752195,0.7377124,0.9091595,0.89375454,0.78089625,0.8888101,0.88948244,0.73523843,0.8669771,0.70441794,0.84615755,0.8597875,0.8826835,0.7556771,0.40995383,0.86526257,0.8304915,0.70359856,0.78394073,0.89921623,0.83814394
1.0,-0.31645736,0.022815239,-0.12176238,0.30424824,0.12447538,0.00079848105,0.29110146,-0.19430754,0.3819971,-0.1325874,0.1547984,-0.106209874,-0.28544343,0.70614445,-0.18849538,0.20950899,0.3491703,-0.31299245,0.0077688657,0.18817532,0.74322647,0.90613973,0.8979027,0.79241276,0.8821775,0.92085725,0.74839497,0.8472198,0.7082984,0.82560915,0.86294615,0.8762226,0.76465786,0.41911706,0.86697197,0.82828146,0.72428834,0.7880211,0.9029718,0.84883374
0.0,-0.3155219,0.017443513,-0.12060347,0.29960734,0.12011965,0.0032863775,0.28870648,-0.18858458,0.37706733,-0.12698679,0.15244742,-0.104422696,-0.2825847,0.7029701,-0.18898273,0.20106548,0.35086682,-0.3146171,0.006447606,0.18168631,0.7410165,0.9061571,0.8969984,0.78883505,0.88325655,0.91389036,0.7444969,0.85097504,0.70658606,0.82961065,0.86196405,0.87700886,0.76181227,0.41540715,0.8657766,0.8277743,0.71875656,0.78636336,0.901509,0.8461954
1.0,-0.31729165,0.025064208,-0.12244521,0.30699524,0.12697753,-0.00038666464,0.29269683,-0.19756925,0.38509917,-0.13540563,0.15637115,-0.10712324,-0.28722152,0.70872647,-0.18862736,0.21368542,0.3493798,-0.31300324,0.008613583,0.1912764,0.74368614,0.90570277,0.8982414,0.7936131,0.8815126,0.92415637,0.7497124,0.8454024,0.7089368,0.8234991,0.8632154,0.8755897,0.7657646,0.420136,0.86711884,0.82816565,0.7264694,0.7884911,0.9032603,0.849939
0.0,-0.31276026,0.0127393445,-0.1190763,0.2929547,0.114395104,0.0055903383,0.28461874,-0.18082644,0.36966455,-0.1206615,0.14843865,-0.102781326,-0.2781718,0.69555175,-0.1881159,0.19183603,0.34881106,-0.3135888,0.004502561,0.17522535,0.7406144,0.90738916,0.8962551,0.78676957,0.88495046,0.9071323,0.7423968,0.85505426,0.7057648,0.8344816,0.86158955,0.87869316,0.7600866,0.41437033,0.86604,0.82862616,0.7148744,0.7859182,0.9010893,0.8441677
1.0,-0.31879717,0.02344185,-0.121412314,0.30610782,0.12756753,0.0011576619,0.2917471,-0.19628738,0.38441432,-0.13361995,0.15460609,-0.104557164,-0.28787762,0.71005815,-0.18954617,0.21174288,0.3507627,-0.314116,0.00878397,0.18852784,0.74268866,0.9061058,0.8981523,0.79049736,0.88238,0.92040133,0.7481478,0.84579235,0.7067223,0.8262576,0.86261684,0.8759861,0.76371497,0.41807678,0.866947,0.82741904,0.7233909,0.7875533,0.9017331,0.8487939
1.0,-0.3149878,0.01107574,-0.11762235,0.29283342,0.11679647,0.0073382463,0.28358048,-0.18037365,0.37027675,-0.119161054,0.14627406,-0.09916546,-0.27984726,0.69822925,-0.18945974,0.19084373,0.35050884,-0.31502694,0.005227249,0.17239818,0.7391686,0.9076187,0.8962782,0.7826272,0.88617986,0.9034004,0.7410104,0.85457075,0.7028787,0.8380167,0.86078274,0.87925506,0.757825,0.41204402,0.86595523,0.8276078,0.7114127,0.78488404,0.89858073,0.84316885
0.0,-0.31671214,0.024093192,-0.12169369,0.3053059,0.12608758,0.0003488604,0.29106328,-0.19555338,0.38328683,-0.13374168,0.15461053,-0.105879664,-0.2862667,0.7066301,-0.18836647,0.211799,0.34805417,-0.3122494,0.008320734,0.1894106,0.74385476,0.9063469,0.8982298,0.7928266,0.8823687,0.92232007,0.7497935,0.8459802,0.70835197,0.8254288,0.86323553,0.87642795,0.765398,0.42030355,0.8676214,0.82849216,0.72550255,0.78860795,0.90289766,0.84971976
1.0,-0.31554973,0.014115768,-0.11817455,0.2958735,0.119812615,0.005874647,0.28472298,-0.18404096,0.37366492,-0.12254959,0.14744079,-0.09982732,-0.2815903,0.7002128,-0.1892482,0.19622591,0.34930876,-0.3140167,0.0062898174,0.17610095,0.7403206,0.90750545,0.89686763,0.78450894,0.88579947,0.9077098,0.74357843,0.8520237,0.7036983,0.83594257,0.8614456,0.8790129,0.75960857,0.41418856,0.8667116,0.82783103,0.7145691,0.7859243,0.89908594,0.84509355
0.0,-0.32001662,0.032516718,-0.12470965,0.31470993,0.13366526,-0.0037811615,0.29801616,-0.20688263,0.39343858,-0.14387499,0.16147514,-0.11022483,-0.29259956,0.71658224,-0.18892334,0.22571683,0.35031813,-0.31289527,0.010523122,0.20078363,0.7456529,0.90491563,0.8992736,0.79783976,0.8790138,0.933539,0.7533358,0.8403078,0.7110469,0.816591,0.8638172,0.87334067,0.76876026,0.42340013,0.8675747,0.82796466,0.73323363,0.7897164,0.90509105,0.85246927
0.0,-0.30837288,0.0030285781,-0.115428045,0.28168216,0.106735185,0.010421963,0.27623993,-0.16738652,0.35832483,-0.108652666,0.13992855,-0.09745319,-0.27132314,0.68343264,-0.18736029,0.17568502,0.34531632,-0.3123318,0.0020060167,0.162131,0.73849857,0.9091288,0.8949977,0.78058255,0.8890861,0.89424986,0.7387021,0.86128515,0.70295024,0.8455246,0.86033756,0.88258505,0.7565838,0.4115513,0.86651397,0.829694,0.70623666,0.7847973,0.8978754,0.8407462
1.0,-0.31759903,0.020286508,-0.120291054,0.30255643,0.124827825,0.0027326392,0.28927147,-0.19204795,0.3806492,-0.12983125,0.15210527,-0.10297349,-0.28561616,0.7064748,-0.18937348,0.20646033,0.35006323,-0.31395453,0.007923901,0.18431225,0.7419741,0.9066166,0.8977298,0.7885709,0.88358116,0.91615117,0.7467069,0.84792185,0.70574385,0.82956,0.86229444,0.87707037,0.76240057,0.4168776,0.8669219,0.827614,0.7204778,0.7870788,0.90089166,0.8476192
1.0,-0.31811866,0.024169754,-0.12156829,0.30627298,0.12756935,0.0006437907,0.2916039,-0.19656599,0.38453704,-0.13417295,0.15469895,-0.10506785,-0.28758916,0.70907056,-0.18907118,0.21263611,0.34948966,-0.31322873,0.008806452,0.18940648,0.74331516,0.9062097,0.898282,0.79158664,0.8823628,0.92174715,0.74920744,0.8454343,0.7074129,0.8257162,0.86293936,0.876152,0.76461774,0.41927814,0.86736554,0.82786715,0.7246628,0.78812814,0.90219015,0.84944946
0.0,-0.31120527,0.0069057606,-0.11760543,0.28705218,0.10941208,0.008400341,0.28132206,-0.17365886,0.36343235,-0.114015505,0.1450729,-0.10061984,-0.2747561,0.6907693,-0.18829906,0.18207073,0.34955478,-0.31466112,0.0028850064,0.16785122,0.7386176,0.9078472,0.8952639,0.7828257,0.88641876,0.8990744,0.73851615,0.8593717,0.703987,0.8395317,0.8604864,0.87985724,0.7571419,0.4110558,0.86525995,0.8285168,0.7090696,0.78439856,0.8995207,0.8412174
1.0,-0.319941,0.027407812,-0.12232711,0.31031656,0.13176751,-0.00075087463,0.29377136,-0.20130713,0.3891561,-0.138139,0.15652876,-0.10564887,-0.2906784,0.7135586,-0.18952051,0.21874511,0.35010394,-0.31346524,0.010209788,0.19352087,0.74388766,0.90578943,0.89881206,0.7925185,0.88160014,0.9257258,0.7508976,0.8426462,0.7076907,0.82328254,0.86318713,0.8752815,0.7657173,0.42039102,0.8676754,0.82750255,0.72725475,0.78862077,0.902247,0.8508584
0.0,-0.311257,0.008179725,-0.11757477,0.28792152,0.110645734,0.007908734,0.28127772,-0.17476796,0.36442357,-0.11516568,0.14496443,-0.100529455,-0.27527454,0.690887,-0.18802574,0.18414995,0.34829074,-0.31370777,0.0032671914,0.16914591,0.73937654,0.9080805,0.8955908,0.783635,0.88654506,0.9007075,0.7399674,0.8582405,0.7042526,0.83920985,0.8608718,0.88008535,0.7579756,0.41236204,0.8658963,0.82880545,0.71045476,0.7850401,0.89971256,0.84215283
1.0,-0.31820497,0.02509769,-0.12177796,0.3071711,0.12845391,0.00014264043,0.29198205,-0.1976553,0.38555104,-0.13520566,0.1550998,-0.10539866,-0.28809935,0.7095772,-0.18897018,0.21424809,0.34909186,-0.31292447,0.009119205,0.19060805,0.7436698,0.90614504,0.8984359,0.79220057,0.88221294,0.9231205,0.7499842,0.8447152,0.7077528,0.82501924,0.8631284,0.87604344,0.76521885,0.41999036,0.86759824,0.8279743,0.7257079,0.7884703,0.90235865,0.8500222
0.0,-0.3120691,0.01566238,-0.12043408,0.29586092,0.11562679,0.0034712646,0.2865307,-0.18441927,0.37268966,-0.12421082,0.15119688,-0.10543575,-0.27878132,0.69635254,-0.18751493,0.19662562,0.3478299,-0.3127069,0.0050287694,0.17959444,0.74168634,0.906643,0.8966396,0.79035217,0.8837886,0.9128501,0.7447516,0.8532646,0.7080536,0.8305249,0.86233056,0.87802523,0.7626796,0.4167031,0.8661457,0.8290826,0.7188993,0.7870011,0.90255284,0.8460605
1.0,-0.31641287,0.02124153,-0.12107948,0.30262092,0.12353248,0.0017955285,0.28993744,-0.19231248,0.3803032,-0.13067427,0.15338123,-0.10498279,-0.28475454,0.7050984,-0.18865141,0.20696902,0.3492429,-0.31319427,0.00745219,0.18589565,0.74275595,0.9064831,0.8977211,0.79090375,0.8828357,0.91822577,0.7474302,0.848168,0.70736295,0.82756305,0.86268014,0.8767129,0.7636162,0.41816357,0.8669421,0.82818055,0.7224088,0.78761,0.90231526,0.84805834
1.0,-0.3177523,0.016775446,-0.11933262,0.29966623,0.1226714,0.004635687,0.2878756,-0.18849543,0.37761617,-0.12621689,0.15033826,-0.101303086,-0.28440294,0.7054955,-0.18998569,0.20099458,0.35185388,-0.3154117,0.0071802326,0.17993969,0.7403811,0.9067335,0.89713025,0.7854824,0.8843292,0.91088974,0.7437505,0.850233,0.7040538,0.8326378,0.8614894,0.87741476,0.75995296,0.41399848,0.86614513,0.82703817,0.71637875,0.78574836,0.8996469,0.8455813
0.0,-0.3132617,0.015475953,-0.11996069,0.29608384,0.1167841,0.0040471647,0.28635943,-0.18456368,0.37307608,-0.12400152,0.15044838,-0.104116306,-0.279746,0.697845,-0.18804564,0.19674799,0.34855935,-0.31322697,0.005348284,0.17894162,0.74135786,0.9068703,0.89671093,0.7888647,0.88413405,0.91154075,0.7443201,0.8529336,0.70688456,0.83165526,0.86208844,0.8780943,0.76177377,0.4159387,0.86623377,0.82866424,0.71782094,0.7866517,0.9017741,0.84571415
1.0,-0.31591493,0.018867929,-0.12002634,0.30046052,0.12250083,0.0030680858,0.28786457,-0.18962668,0.37826002,-0.12800176,0.15114015,-0.10309461,-0.28361246,0.7031224,-0.18875648,0.20367607,0.3487552,-0.31320107,0.0072218776,0.18263379,0.7419882,0.90681934,0.8974879,0.78878224,0.8840302,0.91499466,0.7465425,0.8492649,0.7061483,0.8305555,0.8623862,0.8776988,0.76252705,0.41710946,0.8670451,0.8281554,0.7199671,0.7872371,0.9010724,0.8474147
1.0,-0.32024682,0.026842326,-0.12213978,0.30952668,0.1310542,-0.00021010544,0.29372704,-0.20039506,0.38817364,-0.13733003,0.15628746,-0.105321236,-0.29048523,0.71359205,-0.18969896,0.21735635,0.3507724,-0.3138365,0.009846963,0.19258042,0.7437132,0.90599525,0.8986993,0.79197407,0.8815911,0.9242797,0.7500256,0.8432505,0.7072725,0.8237979,0.8629583,0.87521505,0.7649493,0.4196696,0.86744523,0.82734793,0.7262783,0.7882144,0.9022853,0.85009277
1.0,-0.31830066,0.025722327,-0.12199019,0.30759528,0.12866831,-0.00012854952,0.29239726,-0.19819573,0.38591993,-0.13579522,0.1555398,-0.10577501,-0.28834993,0.7099262,-0.1889098,0.21499765,0.34907106,-0.31281263,0.009135414,0.19134262,0.7439387,0.9061537,0.89851224,0.792737,0.88195753,0.9238297,0.750265,0.84444535,0.70802975,0.8243789,0.86319906,0.8758551,0.76548314,0.42034382,0.86764485,0.8280313,0.72631896,0.7885891,0.9026985,0.8501559
1.0,-0.31534582,0.022286268,-0.12143517,0.30319074,0.12365896,0.0008862298,0.28989747,-0.19308245,0.3808961,-0.13170266,0.15382734,-0.10594419,-0.28436986,0.7038553,-0.1880011,0.20855325,0.34756503,-0.31205893,0.007583536,0.1873834,0.74349535,0.906392,0.89789677,0.792608,0.88272506,0.92062724,0.7489976,0.8475519,0.7085183,0.8264714,0.8631612,0.87688524,0.76509625,0.41984454,0.8674079,0.82877016,0.72438323,0.7884366,0.9029173,0.8491603
0.0,-0.31287885,0.014737113,-0.11949479,0.29512542,0.11640758,0.004467494,0.28536302,-0.18341877,0.37215257,-0.12298922,0.14936744,-0.10337752,-0.27920282,0.6966228,-0.18792173,0.19561449,0.3478112,-0.31284857,0.0052462257,0.17781654,0.74131966,0.90713805,0.89667255,0.78826267,0.8846928,0.91049,0.74433404,0.8532608,0.70653665,0.8329079,0.8620825,0.8786089,0.76157755,0.41596353,0.86650217,0.82883465,0.7171863,0.78671753,0.9013803,0.8456361
0.0,-0.31353247,0.011416225,-0.11865993,0.29268137,0.11466416,0.0063791806,0.28440058,-0.18031682,0.36963218,-0.11964674,0.1479248,-0.101676784,-0.2785255,0.69663393,-0.1887932,0.19054341,0.3502749,-0.31476265,0.004625961,0.17365298,0.7395504,0.9071707,0.89607507,0.7848916,0.8852553,0.9051668,0.7411023,0.8554477,0.704655,0.8357233,0.8611085,0.87871313,0.75890243,0.41273087,0.86556077,0.82804114,0.7129277,0.78518534,0.90002775,0.8433969
1.0,-0.31441313,0.01885466,-0.12040882,0.29943916,0.12050026,0.0026556747,0.28769368,-0.18858832,0.37681442,-0.12764744,0.15153106,-0.10446383,-0.28212106,0.70066625,-0.18800478,0.2026251,0.3476375,-0.3123698,0.0065418035,0.18285754,0.7425574,0.90687555,0.8973725,0.7904079,0.8837332,0.9157035,0.7468734,0.85009253,0.7073821,0.82970893,0.8626685,0.87774086,0.76332694,0.4180407,0.8670944,0.8287736,0.72094035,0.78763634,0.90214115,0.84751314
1.0,-0.31861407,0.023984214,-0.121462874,0.30637184,0.12789652,0.00087115075,0.29171574,-0.19664538,0.38470137,-0.13407893,0.15461373,-0.10471286,-0.28794655,0.7098163,-0.18933597,0.21252751,0.35009122,-0.3136403,0.008899938,0.18913862,0.7430645,0.9061936,0.89825755,0.7909922,0.8823952,0.921185,0.7487994,0.84542215,0.7069954,0.82600814,0.8627945,0.87606317,0.7641803,0.4187571,0.8672354,0.8276291,0.72412604,0.78788257,0.90191174,0.8492036
0.0,-0.31732938,0.019075532,-0.12007283,0.30142835,0.12370438,0.003255493,0.28878403,-0.1906945,0.37938923,-0.12857749,0.15162659,-0.102741405,-0.28489935,0.7056711,-0.18943053,0.20443565,0.35047713,-0.314305,0.0075552687,0.18292478,0.7415151,0.9066215,0.89749455,0.7878665,0.8837589,0.91458076,0.7457702,0.8488746,0.70544565,0.8303886,0.86209285,0.8771753,0.7617581,0.4160715,0.8666551,0.82753444,0.7193124,0.7867126,0.90067315,0.8469928
0.0,-0.3108171,0.010790663,-0.11875415,0.29037395,0.11161398,0.0061117653,0.28298223,-0.17781824,0.3668555,-0.11825211,0.14729822,-0.1028288,-0.27582663,0.69168293,-0.18751386,0.18824732,0.34751087,-0.31294945,0.0036888085,0.1729604,0.7404244,0.9075475,0.89592147,0.7867123,0.8855132,0.9054408,0.7419194,0.85676414,0.7061439,0.8357974,0.86156917,0.87943816,0.76008826,0.41434395,0.8660301,0.8291796,0.71389914,0.78596354,0.9011036,0.84373784
0.0,-0.30952755,0.008515806,-0.11742044,0.28721118,0.110043325,0.0074483315,0.28002098,-0.17407453,0.36372322,-0.1150161,0.1441732,-0.10074963,-0.2739984,0.6877814,-0.18708202,0.18438795,0.34536085,-0.3118057,0.0031649843,0.16940139,0.74031854,0.90841365,0.8957696,0.78506505,0.8870699,0.90210396,0.7417701,0.85799134,0.70521027,0.83944774,0.8614372,0.88096505,0.7594189,0.4143461,0.86673415,0.8297244,0.7119148,0.78605497,0.9001143,0.8432534
1.0,-0.3190307,0.02517832,-0.122278005,0.30777568,0.12830254,0.00011406187,0.29336938,-0.19837026,0.3860302,-0.1356854,0.15642779,-0.10616848,-0.28866875,0.7114777,-0.18943653,0.21421194,0.35116133,-0.3141334,0.008953083,0.19108269,0.7432013,0.90574235,0.8982911,0.79220414,0.8814237,0.9230247,0.7488084,0.84499997,0.7077824,0.82387257,0.8628274,0.87520546,0.76463187,0.4188801,0.8668168,0.8274583,0.72532946,0.7878418,0.90267676,0.8493181
1.0,-0.3158102,0.023930693,-0.121603586,0.30441192,0.12506405,0.00034719845,0.29041088,-0.19456671,0.38219076,-0.13317172,0.1541915,-0.106037796,-0.28533742,0.70482314,-0.1879059,0.21098188,0.34692493,-0.31149158,0.007970441,0.1890246,0.74424666,0.90660876,0.8982193,0.79340833,0.8825473,0.92227,0.7501891,0.84637207,0.70875293,0.82564795,0.86340255,0.87677306,0.765768,0.42096776,0.8678926,0.82892406,0.7258051,0.78890693,0.90326875,0.8498167
1.0,-0.317901,0.02208433,-0.12102741,0.30449376,0.12612501,0.0016463017,0.29064718,-0.19440359,0.38267535,-0.13204233,0.15363108,-0.1042456,-0.2866055,0.70799315,-0.18928628,0.2094397,0.35014668,-0.31384552,0.008363277,0.1869216,0.7424786,0.90625036,0.89793664,0.7900443,0.882855,0.9189567,0.747705,0.84680134,0.70662946,0.827466,0.8625886,0.8764607,0.7634361,0.41783115,0.8669753,0.8276496,0.72248363,0.787504,0.9015298,0.84846634
1.0,-0.31282473,0.011330675,-0.11720361,0.29118335,0.11564911,0.0070498884,0.28160772,-0.17865296,0.36844486,-0.11844683,0.14466363,-0.099161014,-0.2780531,0.6937944,-0.18814784,0.1903013,0.3465726,-0.31238315,0.00487734,0.17221725,0.74057317,0.9084499,0.8964484,0.78413653,0.8869988,0.9041996,0.74306226,0.8546332,0.70383066,0.8389682,0.86145633,0.8804369,0.75927657,0.41456857,0.86724997,0.8288828,0.7129553,0.7861396,0.89919,0.8442607
1.0,-0.31505218,0.02068326,-0.1208725,0.30159852,0.1225223,0.0017484911,0.28879347,-0.19114147,0.3792416,-0.12986074,0.15262131,-0.10500714,-0.28349575,0.70259213,-0.18807894,0.20601317,0.3475907,-0.31223318,0.007235218,0.18523505,0.74299455,0.9066098,0.89768463,0.7913633,0.8833025,0.9183155,0.74808383,0.8485615,0.7078231,0.8281623,0.86292565,0.8773513,0.7642381,0.4189598,0.8673065,0.8287159,0.72269034,0.78806645,0.9023558,0.84847665
1.0,-0.31532675,0.017939247,-0.12010591,0.2995578,0.12112085,0.003255358,0.28769106,-0.18857369,0.37717193,-0.12712233,0.15121055,-0.10351616,-0.2827232,0.7021354,-0.18866166,0.20198092,0.3490899,-0.31346047,0.0067937598,0.18180725,0.74164754,0.9066618,0.89724225,0.7887568,0.88394403,0.9142139,0.7457922,0.85021996,0.7063529,0.8306435,0.8622735,0.8776561,0.7622781,0.41658124,0.8666893,0.82817966,0.71937937,0.78699154,0.9012083,0.84696186
0.0,-0.31651053,0.015579739,-0.11899166,0.2975371,0.12054389,0.0051343925,0.28659424,-0.18605182,0.3751338,-0.12440996,0.14927049,-0.10118103,-0.28273976,0.7026214,-0.18947105,0.19824418,0.35076898,-0.31472853,0.0064440556,0.17824817,0.7405224,0.90716064,0.8969276,0.7854749,0.8847429,0.9093199,0.7434267,0.8515263,0.70419115,0.8337661,0.86149275,0.87796134,0.7597738,0.41412812,0.8663231,0.8275051,0.7157058,0.78580385,0.89988166,0.84512526
1.0,-0.31523743,0.020244725,-0.12095778,0.3014086,0.12210389,0.0019245455,0.28909183,-0.19090815,0.37899584,-0.12956631,0.15289298,-0.10517697,-0.283438,0.7029495,-0.18826966,0.20529237,0.34843048,-0.3127887,0.007076226,0.18489921,0.74265313,0.90645194,0.89754707,0.7910753,0.8831192,0.91772985,0.7473489,0.8489874,0.707723,0.82808703,0.8627538,0.87711424,0.76381916,0.4182799,0.86693555,0.8285053,0.7221249,0.78772944,0.90234107,0.84802955
1.0,-0.31622696,0.020636829,-0.12067182,0.30206084,0.123467185,0.002167683,0.28910545,-0.19158393,0.37984866,-0.12991466,0.15250652,-0.10417482,-0.2844635,0.7043884,-0.18865244,0.20627311,0.34874108,-0.3129957,0.007488109,0.18490936,0.742603,0.90664876,0.89772505,0.7902477,0.88334316,0.9174067,0.7474729,0.8482803,0.7069388,0.8286203,0.86263907,0.8771796,0.76342493,0.41806075,0.86711794,0.82822514,0.7217733,0.7876142,0.9018298,0.84804845
0.0,-0.3136035,0.014279269,-0.1195265,0.29539576,0.11664418,0.0047448706,0.28584734,-0.18364637,0.37249547,-0.1228787,0.14968361,-0.1031958,-0.27969208,0.6980012,-0.18841425,0.19526106,0.34927508,-0.3138528,0.005324602,0.17744856,0.7406783,0.90686864,0.8965431,0.7874128,0.88451946,0.9096999,0.7433632,0.853454,0.7060383,0.8329617,0.8617769,0.8782569,0.7608533,0.41483504,0.86601865,0.8283581,0.71626806,0.78617555,0.9010098,0.8451104
1.0,-0.316115,0.018237595,-0.11994301,0.29995793,0.12201754,0.0034158342,0.2878874,-0.1890296,0.37767154,-0.12740412,0.15103905,-0.102986574,-0.28348026,0.7032584,-0.18893278,0.20257622,0.34947458,-0.31368747,0.0070245937,0.18194339,0.7416548,0.9067985,0.89733183,0.7882157,0.8840036,0.9139256,0.7457268,0.8498111,0.7058497,0.8309227,0.86219347,0.87757003,0.7619283,0.4163796,0.86677486,0.82796925,0.7191518,0.7868813,0.90095073,0.84686816
0.0,-0.31237456,0.0078016995,-0.117330536,0.28848293,0.11173455,0.00833812,0.28156996,-0.17529467,0.36525565,-0.115145296,0.14488834,-0.099656865,-0.27623653,0.6927914,-0.1886908,0.18430492,0.34967414,-0.3147077,0.0036096126,0.16866717,0.73867106,0.9078807,0.89556766,0.7822841,0.88663316,0.89980996,0.7392261,0.8579629,0.7033332,0.8397749,0.8605266,0.87991023,0.7571391,0.411232,0.8655802,0.8282376,0.7093536,0.784515,0.8989103,0.84174
1.0,-0.31641886,0.020506185,-0.1206425,0.30202222,0.12352861,0.0022497652,0.28919822,-0.19155051,0.37980872,-0.1298539,0.15248607,-0.104141414,-0.28457206,0.7046612,-0.18874109,0.2060957,0.3490506,-0.31319672,0.007495269,0.1848325,0.74250144,0.90662754,0.89767534,0.7900044,0.8833229,0.91711205,0.7472091,0.84837025,0.7068028,0.82873845,0.86258703,0.87708086,0.7632081,0.4178162,0.86705333,0.8281368,0.72155607,0.787506,0.9017511,0.84790695
1.0,-0.31524256,0.019154755,-0.12035385,0.3002042,0.12158727,0.002715475,0.28806487,-0.18942077,0.37777507,-0.128134,0.15163933,-0.1040214,-0.28300327,0.7021427,-0.18837802,0.20353755,0.3482765,-0.31280276,0.006890621,0.18313853,0.74237037,0.9068069,0.89746374,0.7898718,0.8837191,0.9157367,0.74679875,0.8495564,0.70692086,0.82973164,0.8625578,0.877595,0.76305604,0.41768977,0.86703324,0.8284595,0.72073305,0.787473,0.90177554,0.84751135
0.0,-0.31818074,0.026223991,-0.12228376,0.3082143,0.1289801,-0.0005728719,0.2928197,-0.19895232,0.38659418,-0.13651024,0.1561115,-0.10636458,-0.28852308,0.710179,-0.18881723,0.21592644,0.34899876,-0.31274277,0.009271558,0.19224001,0.74405915,0.90593433,0.8985525,0.7933451,0.8817103,0.9249467,0.75064254,0.8441335,0.7084793,0.8236013,0.86332124,0.87567014,0.7659681,0.42072254,0.867634,0.8280897,0.72708297,0.7887768,0.90290886,0.85051787
1.0,-0.30791628,0.0055406345,-0.117314614,0.28383228,0.10594945,0.008463558,0.27891597,-0.1700825,0.35985738,-0.11164917,0.14347757,-0.101172194,-0.2714189,0.68442833,-0.18684885,0.17871386,0.34592286,-0.3124107,0.0018624924,0.16612028,0.73943377,0.90840787,0.8950709,0.78420645,0.88721615,0.8985622,0.7394433,0.86099046,0.7052969,0.8407226,0.86094135,0.88114226,0.7583061,0.41277507,0.86596066,0.82986957,0.7095269,0.7852842,0.9002,0.84157073
1.0,-0.3164083,0.021178285,-0.120966785,0.30265298,0.123790644,0.0018170783,0.2897336,-0.19233452,0.38041997,-0.13064459,0.15313953,-0.10475705,-0.2848066,0.70504266,-0.1886541,0.20708263,0.34904462,-0.31311274,0.007573493,0.18581566,0.74272925,0.9064914,0.89774066,0.79071826,0.88299656,0.9182084,0.74757195,0.8480443,0.70725006,0.82783866,0.8627067,0.8768357,0.7636466,0.41822362,0.86704814,0.8281942,0.722373,0.787674,0.90211326,0.848194
0.0,-0.3092257,0.002959787,-0.11640774,0.2825047,0.10585725,0.010183476,0.2782385,-0.16823629,0.35876566,-0.109224856,0.14210293,-0.099030405,-0.2718086,0.6857887,-0.18795078,0.17537367,0.3484318,-0.31435394,0.0017499477,0.16276118,0.7376884,0.90837896,0.8946686,0.7806215,0.8878234,0.8940613,0.7368043,0.86217755,0.703163,0.8434524,0.8599519,0.88120955,0.7558126,0.40982807,0.86525637,0.82896,0.7057288,0.7838888,0.89845973,0.83972454
0.0,-0.31217536,0.0077597303,-0.1175407,0.28833386,0.11115385,0.008244423,0.28179204,-0.17513019,0.36496317,-0.11509313,0.14524263,-0.1001437,-0.27597365,0.6925709,-0.18862173,0.18396786,0.34986934,-0.31481567,0.0034228452,0.16874602,0.7386767,0.9078087,0.8954929,0.78259736,0.88640755,0.8998556,0.7389957,0.8582936,0.7036034,0.839351,0.8605232,0.8797342,0.75717676,0.4111638,0.8654122,0.82826334,0.70943254,0.7844582,0.8992095,0.84159446
0.0,-0.3127291,0.014641182,-0.11949853,0.2950167,0.116268985,0.0044519883,0.28527558,-0.1833018,0.3720259,-0.12291503,0.14933245,-0.10343991,-0.2790592,0.69639826,-0.187865,0.19545484,0.3477331,-0.3127994,0.005217299,0.17775428,0.74130654,0.90712136,0.8966413,0.7882995,0.88471174,0.9104738,0.7443281,0.853352,0.70659554,0.8329439,0.8620961,0.8786337,0.7616088,0.41598552,0.8665114,0.8288777,0.7172027,0.78673667,0.90139514,0.84565926
0.0,-0.31090942,0.0070607215,-0.11773381,0.28701815,0.1091503,0.00822152,0.28136256,-0.1736543,0.36333525,-0.11413233,0.14523791,-0.10096971,-0.2745318,0.6903641,-0.18813516,0.18215328,0.3492611,-0.31444347,0.0028136969,0.1681143,0.7387925,0.9078387,0.8952675,0.78327173,0.88633406,0.8994749,0.73871577,0.85941184,0.7043032,0.83922136,0.86058867,0.8798435,0.7574203,0.41135716,0.86530006,0.82865435,0.7094443,0.7845389,0.89976966,0.8413602
1.0,-0.3121802,0.010962557,-0.11852845,0.29135558,0.11324171,0.0063871117,0.2833823,-0.17884763,0.36811006,-0.11872536,0.14723486,-0.1018968,-0.277159,0.69397634,-0.18815611,0.18923947,0.34867516,-0.31373668,0.0041860193,0.17300439,0.73997927,0.90746576,0.89602125,0.7855422,0.8855825,0.90500665,0.74157864,0.85607874,0.7052039,0.8361994,0.8613289,0.87924993,0.75941235,0.4135541,0.8659202,0.82863605,0.7132236,0.78559697,0.9003821,0.8435777
1.0,-0.31225738,0.008985987,-0.118127756,0.2895045,0.11158321,0.0074931188,0.2827807,-0.17657237,0.36604953,-0.11653803,0.14643563,-0.10121003,-0.27640328,0.6933848,-0.18849672,0.18576172,0.3499516,-0.31471446,0.003580369,0.17048162,0.7390975,0.90759075,0.89561707,0.7838544,0.8858154,0.9017482,0.7395923,0.85771304,0.7043285,0.8377079,0.86076504,0.8792733,0.7578882,0.41179827,0.8653706,0.8283098,0.7108254,0.7847236,0.89989984,0.84211105
1.0,-0.31213757,0.009433622,-0.117728606,0.28972033,0.11259591,0.007447621,0.28203124,-0.1768397,0.36650878,-0.116774544,0.145593,-0.10039368,-0.27660328,0.6929031,-0.18830943,0.18679833,0.3485474,-0.31380948,0.0039201826,0.17063212,0.7395141,0.90788627,0.8958801,0.78388345,0.8863629,0.90233976,0.7407718,0.85687274,0.70416945,0.8384179,0.86099267,0.8798723,0.75838226,0.41272727,0.8660167,0.82858044,0.7113446,0.78521925,0.89956343,0.8428172
0.0,-0.31710646,0.024472905,-0.12231938,0.30608404,0.12594712,8.903444e-06,0.29239744,-0.19650504,0.38396317,-0.134547,0.15608422,-0.10698354,-0.28665546,0.7080402,-0.18859869,0.21225825,0.34953287,-0.3130671,0.008206025,0.19035122,0.74360585,0.9058924,0.8981324,0.79340166,0.88156015,0.92305005,0.749151,0.84607685,0.7087922,0.8239237,0.86309075,0.8756654,0.7653291,0.4197536,0.8669901,0.82818216,0.7257884,0.78825897,0.9034002,0.8494127
1.0,-0.31378,0.017268429,-0.12023411,0.29768917,0.11849909,0.003299852,0.28709972,-0.18653148,0.37480795,-0.12587486,0.15105857,-0.104463086,-0.28086263,0.69913393,-0.18795303,0.1996628,0.34802803,-0.3127104,0.005871728,0.18103836,0.7420829,0.9069163,0.8970363,0.7898323,0.8838656,0.91370475,0.74562275,0.8515651,0.70725405,0.8305482,0.8624189,0.87786686,0.76260316,0.4171099,0.86668885,0.8287773,0.71953714,0.78718865,0.902128,0.8466042
1.0,-0.3108433,0.012166261,-0.11900228,0.29150018,0.112610795,0.0054487307,0.28339472,-0.17920671,0.3680573,-0.1196298,0.14780742,-0.10323049,-0.2763499,0.69209427,-0.18729156,0.19044477,0.34670046,-0.31230295,0.0040139295,0.17455223,0.74107325,0.90756613,0.8962027,0.78782296,0.8853302,0.9074255,0.7431739,0.8557366,0.7066697,0.83480287,0.8619063,0.8794085,0.761006,0.4154976,0.8663971,0.82939047,0.7154259,0.78650093,0.9015066,0.84457463
1.0,-0.31074148,0.011582941,-0.118700445,0.29113865,0.11265456,0.005733517,0.28282312,-0.17872386,0.36781687,-0.11905827,0.1472012,-0.102641515,-0.27618554,0.69172835,-0.18735425,0.18985614,0.34654132,-0.31230074,0.0040748008,0.17378771,0.7408093,0.9075885,0.8961644,0.78720033,0.8856911,0.9067625,0.7430671,0.8558459,0.7063189,0.8356351,0.8618279,0.8797034,0.7607927,0.4152583,0.8664626,0.8293743,0.71485126,0.7864379,0.9010366,0.844533
0.0,-0.3130432,0.014172677,-0.11904438,0.2944487,0.11640743,0.0049735243,0.2846937,-0.18260086,0.37148994,-0.1222097,0.14843398,-0.10251335,-0.27913386,0.69632494,-0.18800181,0.19470987,0.34768152,-0.3128072,0.0052114017,0.17681591,0.7412018,0.9074327,0.896636,0.78737485,0.88512117,0.90919983,0.7440554,0.8534841,0.7059143,0.8340993,0.8619638,0.878906,0.76103836,0.41565475,0.86668265,0.8288038,0.7163649,0.7865872,0.9009549,0.8453529
1.0,-0.31734356,0.023868572,-0.12210496,0.3053643,0.12549415,0.00045883702,0.29225832,-0.19569018,0.38312274,-0.13383111,0.1556978,-0.10667856,-0.28650817,0.70801693,-0.18873431,0.21102732,0.35003486,-0.31337827,0.007991236,0.18955272,0.7434269,0.9060495,0.8979878,0.7927419,0.88164836,0.9217159,0.74838597,0.84661424,0.70838106,0.82458967,0.86292684,0.87560886,0.7646495,0.41913712,0.86687565,0.82806695,0.72493464,0.78795236,0.9032921,0.8488421
1.0,-0.31274727,0.01426606,-0.11852205,0.29394498,0.11676925,0.0051714526,0.28366104,-0.18203111,0.37108874,-0.121822655,0.14725506,-0.10160628,-0.27895015,0.6952006,-0.18772817,0.19477388,0.34616622,-0.31184527,0.005314216,0.17637232,0.7416663,0.90793175,0.8968074,0.7872207,0.8857589,0.9089917,0.7449169,0.85312164,0.7056639,0.83520377,0.8621293,0.87956935,0.7612828,0.41647074,0.86734366,0.8291517,0.71649885,0.7870019,0.9007026,0.8457306
0.0,-0.31484672,0.015309779,-0.118911594,0.29606542,0.118878,0.004972223,0.28550956,-0.18446101,0.37336504,-0.12356883,0.14857659,-0.101701185,-0.28112137,0.6993928,-0.18860447,0.19698232,0.348686,-0.31334633,0.0059171207,0.17786871,0.74122876,0.9075314,0.89687926,0.78657526,0.8850376,0.9095012,0.7441903,0.8521988,0.70503783,0.8340767,0.86185735,0.8785202,0.7605695,0.41539073,0.8668436,0.8283044,0.7164479,0.7864299,0.9005024,0.8454756
1.0,-0.3139093,0.018850408,-0.12056884,0.29928547,0.11992595,0.0024993923,0.28766304,-0.1884178,0.376584,-0.12759282,0.15177964,-0.10486899,-0.2816739,0.69999266,-0.18781523,0.20244384,0.3473455,-0.3121713,0.006374486,0.18291242,0.74263626,0.90680665,0.89735913,0.7909468,0.8836299,0.9161009,0.74702317,0.8502666,0.7077884,0.82932514,0.86272943,0.877782,0.76364684,0.41828206,0.8670316,0.82892436,0.7212349,0.78773314,0.9024208,0.8475957
1.0,-0.31757367,0.020530691,-0.12042483,0.3027475,0.12489992,0.0025363462,0.28948584,-0.19231325,0.3807991,-0.13014807,0.15233667,-0.10330331,-0.28568047,0.7065741,-0.1893015,0.20677575,0.3500611,-0.3139067,0.007943131,0.18475136,0.7420883,0.9065676,0.8977258,0.7888581,0.8834384,0.91654795,0.74681044,0.8478582,0.7059455,0.82922786,0.8623653,0.87692946,0.76255715,0.41705355,0.866949,0.82765925,0.7208434,0.787162,0.9010661,0.847738
1.0,-0.3090652,0.005808276,-0.11672382,0.28496867,0.10839116,0.008732831,0.2786743,-0.17129424,0.36155486,-0.11220598,0.14275369,-0.09955393,-0.27281028,0.68627226,-0.1873868,0.1803672,0.34604025,-0.31256145,0.0026563667,0.16613144,0.7391361,0.9084158,0.89533216,0.78297436,0.88777274,0.8986086,0.7399795,0.85963994,0.7042506,0.8417901,0.86084944,0.88146895,0.7580415,0.41260466,0.8662816,0.82952243,0.7091365,0.7852733,0.89905757,0.84199005
0.0,-0.31719428,0.022958834,-0.12156631,0.3046724,0.12538028,0.0010078354,0.2911504,-0.19473049,0.3825754,-0.1327462,0.15454556,-0.10551694,-0.28615674,0.70722026,-0.18881582,0.21005356,0.3495449,-0.31326583,0.0080514215,0.18809387,0.74309826,0.90622926,0.8979974,0.79171723,0.8823255,0.9204938,0.7483328,0.8468063,0.70770776,0.82601506,0.86283785,0.87623465,0.76429963,0.4188094,0.86702627,0.82803476,0.72389174,0.78787935,0.9025552,0.848774
1.0,-0.3175002,0.02045776,-0.120634995,0.30264404,0.12435632,0.0024864776,0.2898107,-0.19221316,0.38055342,-0.13011937,0.15277041,-0.103774555,-0.2854938,0.7065893,-0.18929496,0.20639998,0.3504928,-0.31413624,0.007732354,0.18481182,0.7420184,0.90646124,0.8976417,0.7891168,0.88315856,0.9165267,0.74645424,0.84819084,0.7061629,0.82877755,0.86231303,0.8767021,0.7624834,0.41683462,0.86670494,0.8276177,0.7208267,0.787022,0.9013545,0.8474979
0.0,-0.31669396,0.01545639,-0.1189383,0.29757875,0.12067015,0.005244813,0.28662512,-0.18607211,0.37522882,-0.12432769,0.14923997,-0.10100238,-0.28286988,0.7029076,-0.18959865,0.19817796,0.3510191,-0.31492138,0.006484676,0.17807916,0.74037856,0.9071286,0.8969213,0.78520775,0.8847725,0.9090902,0.74325806,0.8515154,0.7040162,0.8338977,0.86141926,0.8779497,0.7596056,0.41389042,0.86624247,0.82739824,0.7154386,0.78569245,0.8997269,0.8450154
1.0,-0.3164861,0.024119515,-0.12189498,0.3052517,0.12562433,0.00022032857,0.29128286,-0.19552296,0.383121,-0.13380371,0.15499426,-0.10635401,-0.28602788,0.70644337,-0.188276,0.21162006,0.34819242,-0.31228313,0.008150555,0.18957701,0.7438712,0.906253,0.8981794,0.7932376,0.8821442,0.92256266,0.749687,0.8461911,0.70866513,0.8249666,0.8632416,0.8762841,0.76550716,0.42031637,0.867476,0.8285336,0.72569966,0.7885833,0.90320057,0.84965277
0.0,-0.31201807,0.010081265,-0.11793049,0.29020664,0.11289843,0.007033199,0.28230593,-0.17747404,0.3669951,-0.11747478,0.1459406,-0.10085201,-0.27672327,0.6929308,-0.18812957,0.18778586,0.34812525,-0.31347042,0.004036553,0.17154127,0.7398696,0.9078481,0.89597285,0.7845877,0.88620824,0.90341854,0.74135673,0.856486,0.70458746,0.8377871,0.86120826,0.8797882,0.7589097,0.41334394,0.8661768,0.8287289,0.71221864,0.7855233,0.8998721,0.843259
0.0,-0.31647256,0.0150878215,-0.11931248,0.29768455,0.12002502,0.0050628018,0.28713533,-0.18616758,0.37527424,-0.124338955,0.15001456,-0.101794824,-0.28257868,0.70303684,-0.18966974,0.1977539,0.3518138,-0.31548896,0.0063478276,0.17818868,0.73998004,0.9066761,0.8967421,0.7854468,0.8843893,0.90929896,0.74269456,0.8519725,0.70438784,0.8331705,0.8613489,0.87759805,0.7596123,0.41338715,0.8657489,0.82725626,0.7153456,0.78546876,0.899883,0.8448329
0.0,-0.3091412,0.0050862217,-0.11711703,0.28437692,0.10691842,0.008938322,0.27932107,-0.17056285,0.36061376,-0.11157757,0.14350739,-0.10035284,-0.272419,0.68652827,-0.18758236,0.1786862,0.34762466,-0.3136044,0.0021521226,0.16556859,0.73862743,0.9081827,0.89500755,0.78275317,0.8872132,0.89745593,0.7384582,0.860855,0.7043168,0.84122735,0.86052686,0.8808573,0.75730485,0.41142276,0.8655476,0.8292295,0.7082697,0.7846409,0.8994207,0.8409971
0.0,-0.31178102,0.006435777,-0.11702259,0.2874756,0.11095748,0.008781545,0.28079626,-0.17404658,0.36436814,-0.113876864,0.14421405,-0.09924271,-0.2754486,0.6916486,-0.18872428,0.18253347,0.34963006,-0.31488198,0.0034487173,0.16724297,0.73809856,0.9077352,0.89534074,0.7815044,0.887046,0.8985892,0.7386559,0.85866165,0.7031153,0.8408433,0.8603575,0.8802427,0.7568151,0.4106555,0.86542827,0.8282622,0.708299,0.7843104,0.8983509,0.8414395
1.0,-0.31760293,0.020724833,-0.12095689,0.3032565,0.12448909,0.0022121193,0.29038903,-0.19290791,0.3812005,-0.1306558,0.1535023,-0.10427597,-0.28571415,0.70724285,-0.18939371,0.20699841,0.3510052,-0.31445503,0.0078038946,0.18539149,0.74188244,0.90616614,0.8976411,0.7894659,0.8828245,0.9172373,0.746404,0.8480481,0.70642924,0.8279741,0.8622965,0.87642205,0.7626595,0.41671434,0.86644125,0.8274851,0.7211272,0.7869511,0.9014989,0.8475724
0.0,-0.3161252,0.0138651,-0.11891367,0.29625133,0.118840255,0.0057559228,0.28628466,-0.1844414,0.37371826,-0.122788504,0.14913623,-0.10117229,-0.28176668,0.70181656,-0.18966891,0.19553965,0.3517912,-0.31557286,0.005927421,0.17645043,0.73966,0.9069092,0.8965685,0.78462833,0.88476926,0.907426,0.74193704,0.85290486,0.7039494,0.83438796,0.86112434,0.87794906,0.7589508,0.4127641,0.86565137,0.8272761,0.7140594,0.7851658,0.899607,0.8441588
1.0,-0.31966677,0.027334824,-0.12257846,0.31004676,0.13090596,-0.00083253905,0.29410785,-0.20104401,0.3886931,-0.13803919,0.15705131,-0.10630166,-0.2902659,0.7132263,-0.18941893,0.21819443,0.35039088,-0.31356874,0.009858638,0.19359505,0.7439027,0.90569085,0.8987249,0.79306287,0.8812626,0.92582387,0.7505915,0.8430771,0.70810187,0.822686,0.8631629,0.87507385,0.76575905,0.42030433,0.86741024,0.82754797,0.727362,0.7885275,0.902712,0.85059
0.0,-0.30793026,0.0022260118,-0.116715625,0.2808977,0.10334795,0.010206902,0.2779357,-0.166432,0.35670042,-0.10807061,0.14222446,-0.10010183,-0.27021638,0.6834399,-0.18742917,0.17310756,0.348013,-0.3140919,0.000957638,0.1620256,0.73785955,0.90849316,0.8943827,0.78135747,0.8876084,0.8933507,0.73621255,0.8636522,0.7039273,0.8431555,0.85996294,0.88118136,0.7559104,0.40989232,0.8650393,0.8293475,0.705624,0.7838672,0.8992553,0.8392173
0.0,-0.3171099,0.020097505,-0.12032008,0.30233625,0.12443266,0.0026488304,0.28901172,-0.19178353,0.38041198,-0.12964948,0.15204771,-0.10313937,-0.28518432,0.7057348,-0.18920292,0.20619848,0.34966215,-0.31373155,0.007849593,0.18418539,0.74197906,0.9065593,0.8977004,0.78881365,0.883649,0.91633534,0.7468761,0.84807545,0.70598406,0.8295541,0.86236763,0.8772131,0.76265097,0.4170764,0.866955,0.82775986,0.72061616,0.7871979,0.90094066,0.84777284
0.0,-0.31275833,0.009248449,-0.11802158,0.29002598,0.11243268,0.007516331,0.28289357,-0.1771558,0.36671823,-0.11690493,0.14637342,-0.100812286,-0.27698317,0.6942434,-0.18868947,0.18650258,0.35014173,-0.31483704,0.0038461238,0.17069697,0.7390462,0.9075878,0.89571345,0.7835415,0.8858862,0.90188426,0.7397409,0.85723823,0.7040181,0.8378303,0.8607394,0.8792703,0.75779253,0.41173288,0.8654398,0.8281574,0.710804,0.7847033,0.89962995,0.8422284
0.0,-0.31656033,0.01748621,-0.120106,0.29978597,0.121382646,0.00375037,0.28844714,-0.18875663,0.3774075,-0.12692934,0.1515834,-0.10317813,-0.28350505,0.7041639,-0.18935326,0.20141974,0.35114858,-0.31480846,0.0067905597,0.18129018,0.740949,0.90648884,0.89710385,0.78759116,0.8836595,0.9128582,0.74438083,0.85051084,0.70556504,0.8307482,0.861836,0.8771331,0.7611189,0.41504744,0.8660632,0.8275135,0.71805143,0.786208,0.9008559,0.8460422
1.0,-0.31343397,0.016901296,-0.12012924,0.29742455,0.11826403,0.0033733062,0.2867008,-0.18618266,0.37460107,-0.1255132,0.15079777,-0.10429679,-0.28052384,0.69853187,-0.18788673,0.19927534,0.34771958,-0.3125915,0.0058567114,0.18060789,0.7419542,0.9068747,0.8970136,0.7897268,0.8840606,0.91356593,0.7456902,0.85169023,0.70725346,0.8308646,0.8624214,0.8781002,0.7626814,0.41711137,0.86670506,0.8288441,0.7193548,0.78722495,0.9019472,0.8466795
1.0,-0.31548613,0.017308267,-0.11998093,0.29896724,0.12053808,0.0036704438,0.2876023,-0.1878431,0.3764944,-0.1263932,0.1510218,-0.10326843,-0.2825292,0.70210576,-0.1888349,0.20082301,0.34965947,-0.31386688,0.006553136,0.18095739,0.7413523,0.90671265,0.89713037,0.78819835,0.88397217,0.91307276,0.74505424,0.85075766,0.7060229,0.8310801,0.8620702,0.87763023,0.76170343,0.4159081,0.86644137,0.8280172,0.71849465,0.78664684,0.90108526,0.8463875
0.0,-0.31896523,0.024954058,-0.12228074,0.3079273,0.12843966,7.819757e-05,0.2933117,-0.19850443,0.38630527,-0.13567258,0.15644793,-0.10614266,-0.28865957,0.7115353,-0.18949328,0.21426347,0.35124874,-0.31427866,0.009080537,0.19100127,0.74296796,0.9055544,0.8982621,0.7920378,0.88148874,0.9231342,0.74878204,0.84497136,0.7077596,0.82392263,0.8628149,0.87525076,0.7646767,0.41871846,0.86672467,0.827384,0.7252144,0.78781694,0.90243506,0.84943366
1.0,-0.31363744,0.011913778,-0.11874486,0.29306847,0.11502912,0.0061827665,0.28456998,-0.18079522,0.3700099,-0.12013216,0.14809084,-0.101785,-0.27877438,0.6969124,-0.18874146,0.19126981,0.3501118,-0.31458682,0.004728757,0.1741873,0.73977184,0.90721536,0.896166,0.7852034,0.8851703,0.90572673,0.741451,0.85511965,0.7047658,0.8354071,0.8611998,0.87865937,0.75911814,0.4130578,0.86568886,0.82808495,0.7134014,0.7853254,0.900183,0.8436253
0.0,-0.3183453,0.013318408,-0.118273795,0.29722184,0.12129117,0.00661127,0.28663346,-0.18542188,0.37523615,-0.12281394,0.14857274,-0.099262014,-0.28373283,0.70539093,-0.19084907,0.19601378,0.35403797,-0.31719562,0.006696306,0.17560375,0.7385639,0.90674394,0.8965553,0.78191394,0.8851375,0.9055984,0.7407329,0.85219187,0.7020515,0.8358652,0.8605599,0.87770426,0.75733536,0.4108762,0.8653157,0.82626945,0.71206856,0.78429765,0.898025,0.8435166
0.0,-0.31163025,0.014951987,-0.12026973,0.294315,0.11403044,0.0039704815,0.28603098,-0.18267392,0.37077832,-0.12295474,0.15062578,-0.10540362,-0.27786422,0.6949417,-0.187313,0.19452587,0.3476411,-0.31253195,0.0043947026,0.17843762,0.7418394,0.90706706,0.8964677,0.79019904,0.88389236,0.9112768,0.74408734,0.85431343,0.7079954,0.8311738,0.8622358,0.87813586,0.76218504,0.41649628,0.8661447,0.82926816,0.7181769,0.7868249,0.90290487,0.8453564
1.0,-0.31342393,0.010143384,-0.11764213,0.29142845,0.114927255,0.0073164254,0.28267258,-0.17876828,0.36866271,-0.11803958,0.14584997,-0.09972057,-0.27820086,0.69548976,-0.18887791,0.1890176,0.34937003,-0.31436476,0.004714839,0.17155224,0.7392367,0.9076238,0.89607406,0.7832009,0.8863852,0.9031089,0.7410718,0.8555773,0.70355046,0.83832717,0.8609397,0.87965274,0.75825685,0.41245183,0.86603683,0.8281149,0.71145296,0.7851339,0.89887375,0.8432311
0.0,-0.31944054,0.02700988,-0.123157114,0.30997613,0.12965968,-0.00101517,0.29508263,-0.20101653,0.3883949,-0.13805884,0.15836182,-0.107616484,-0.28981176,0.71344835,-0.18947123,0.21733019,0.35168713,-0.31430498,0.0093874,0.19382292,0.7435248,0.9052031,0.89848447,0.79374254,0.8805133,0.92604125,0.74962837,0.8438396,0.7087487,0.82141894,0.8630046,0.8744514,0.7656518,0.41960943,0.86663526,0.8273686,0.72729623,0.7881233,0.90332156,0.85004914
1.0,-0.31705678,0.02423796,-0.12171801,0.3059941,0.12687549,0.0002665012,0.29121912,-0.19627854,0.38417566,-0.13415736,0.15475184,-0.105655946,-0.28677866,0.7075028,-0.18858346,0.2125864,0.34837684,-0.31251514,0.008654639,0.18964495,0.7436159,0.9061625,0.89828557,0.7925316,0.88239366,0.92266124,0.7498864,0.8455592,0.7081438,0.82535505,0.863188,0.87638915,0.7654016,0.42011222,0.8675618,0.828291,0.7254802,0.7885486,0.90255624,0.8499276
1.0,-0.31747174,0.025515135,-0.122059226,0.30693865,0.12764308,-0.0002285093,0.29206613,-0.1974791,0.38508296,-0.13539737,0.1554987,-0.10622502,-0.28750196,0.70848835,-0.18853779,0.21426395,0.34838298,-0.31234738,0.008799475,0.19115314,0.74414885,0.9062045,0.8984545,0.79337245,0.8819551,0.9239796,0.7504497,0.84488374,0.7085343,0.8242538,0.8633268,0.87601274,0.7658397,0.42077366,0.86770827,0.82835066,0.72662175,0.7887851,0.9030836,0.8502106
0.0,-0.31643188,0.02023585,-0.1208927,0.3021183,0.12311784,0.0022086054,0.2896335,-0.19164227,0.37986153,-0.12984774,0.15307076,-0.10460457,-0.28448024,0.7050207,-0.18887271,0.20574105,0.34985027,-0.31372195,0.007378977,0.18482186,0.7421569,0.9063267,0.89755225,0.7900546,0.883021,0.91709214,0.7466604,0.84869504,0.70695,0.8282466,0.86246556,0.8767947,0.7630543,0.41728354,0.8666337,0.8279534,0.7213284,0.7872406,0.9018435,0.84765
0.0,-0.31501183,0.01829565,-0.12053506,0.29938704,0.12015196,0.0029799938,0.2882878,-0.18847488,0.3767022,-0.12733261,0.1520067,-0.104551874,-0.28233832,0.7017692,-0.18843971,0.20176396,0.34922895,-0.31340906,0.0063825697,0.18237308,0.7419616,0.9066425,0.8971901,0.7897624,0.88341916,0.9147137,0.74565595,0.8506107,0.7070335,0.82957834,0.86233497,0.87730557,0.76252604,0.41682094,0.86648357,0.8283229,0.7199454,0.7870152,0.90203404,0.84675604
1.0,-0.31105378,0.011055188,-0.1185414,0.29086,0.112584434,0.0060875164,0.28274342,-0.17834839,0.367562,-0.11857788,0.14695847,-0.10225483,-0.27626526,0.69206905,-0.18758821,0.1891405,0.3471364,-0.3127389,0.0040363595,0.17312509,0.74045855,0.9075845,0.89606965,0.78647184,0.8857828,0.90579987,0.7424596,0.85613036,0.70587903,0.83614904,0.86163104,0.87967557,0.76023805,0.4146001,0.8662899,0.82916445,0.71405226,0.7861288,0.90072125,0.84412587
1.0,-0.31928045,0.02678664,-0.12237774,0.30924976,0.13018152,-0.00056626135,0.29356003,-0.20010692,0.38778198,-0.13728097,0.15655376,-0.1060832,-0.28967395,0.71223676,-0.18928772,0.21711227,0.35004866,-0.31337455,0.0096185915,0.19280502,0.7438826,0.9058487,0.8986549,0.79289067,0.8814855,0.9250833,0.7504228,0.8435366,0.7080226,0.8232676,0.86315256,0.8753142,0.76560444,0.4202434,0.8674661,0.8276754,0.72694236,0.788507,0.9026901,0.8504036
0.0,-0.314872,0.016488079,-0.11993282,0.29782945,0.11914625,0.0039379504,0.28720993,-0.18654104,0.37514383,-0.125388,0.15077661,-0.10348162,-0.28159493,0.7007984,-0.18864937,0.19908068,0.3495812,-0.3138426,0.006083861,0.18003872,0.7412424,0.9067772,0.89693606,0.7881801,0.88401645,0.91213083,0.74449944,0.851671,0.70616686,0.83142483,0.8620006,0.8777287,0.7614749,0.41563922,0.8662827,0.8281536,0.71795624,0.78651065,0.9012669,0.8459444
0.0,-0.3134626,0.009024276,-0.11721558,0.28999865,0.11387285,0.0081599895,0.28198656,-0.17704198,0.36706108,-0.1164781,0.14498833,-0.098939195,-0.27769175,0.69478875,-0.18900968,0.18673226,0.34974632,-0.31465602,0.0042548142,0.16973726,0.7389011,0.90797806,0.8959058,0.7821307,0.8866866,0.90083563,0.74003077,0.8565378,0.7028744,0.8396037,0.8605839,0.87988025,0.7572726,0.4115888,0.86588824,0.8280164,0.70993006,0.78465927,0.8986106,0.84226745
1.0,-0.31859156,0.023400359,-0.12173254,0.30622116,0.12708843,0.00094121136,0.2921957,-0.19644533,0.38445032,-0.13379411,0.15526944,-0.10527289,-0.28766483,0.7100927,-0.1895112,0.21161261,0.3511988,-0.31437016,0.0086384155,0.18883836,0.7425579,0.9058301,0.8980549,0.79095095,0.88203,0.9208163,0.74789023,0.84605044,0.7071335,0.8255382,0.8626024,0.87571484,0.7638404,0.41791677,0.86663735,0.82738024,0.7235891,0.7874646,0.9020244,0.8487133
1.0,-0.3187626,0.032685563,-0.1244552,0.3139014,0.1330626,-0.003972497,0.29683745,-0.20597975,0.39252174,-0.1434632,0.16057001,-0.1101165,-0.29161608,0.71405154,-0.18821354,0.22558782,0.3480257,-0.31146988,0.010377839,0.20063093,0.7464013,0.9053358,0.89940155,0.79862833,0.879521,0.9340702,0.7546261,0.84027684,0.7115512,0.8170749,0.8642118,0.87404513,0.769663,0.42490235,0.86831903,0.82868856,0.7341255,0.79046714,0.9053526,0.85311943
1.0,-0.31424347,0.013998853,-0.11855328,0.2950132,0.11798116,0.005500597,0.28459403,-0.18312466,0.37243772,-0.12217873,0.14783646,-0.10107484,-0.28025842,0.6980841,-0.18863171,0.19524905,0.34843418,-0.31340843,0.005712025,0.17624629,0.7407197,0.9074812,0.8967498,0.78586495,0.8855193,0.9082924,0.74377745,0.85283333,0.7047663,0.83515495,0.8616837,0.8790391,0.7602929,0.4148719,0.8666783,0.82832247,0.71531457,0.7862391,0.8999598,0.8451647
1.0,-0.31909344,0.03139584,-0.124207884,0.31312528,0.1323753,-0.0032937059,0.29662663,-0.20499939,0.39170045,-0.14233367,0.1602123,-0.109611586,-0.29134136,0.7142742,-0.18858202,0.22374377,0.3491811,-0.3122955,0.01017189,0.19916463,0.74566734,0.90524936,0.89917195,0.79744744,0.8796582,0.9322037,0.75331074,0.8410934,0.7108667,0.81796956,0.86389774,0.8740199,0.7686293,0.42350385,0.86784256,0.82829565,0.7324962,0.78984034,0.90488803,0.8523491
0.0,-0.30443993,-0.0018306393,-0.11584376,0.27518964,0.09796024,0.01167986,0.2744405,-0.15978776,0.3505981,-0.10269879,0.13932328,-0.099598765,-0.26584706,0.675893,-0.18635799,0.16527528,0.3455766,-0.31292173,-0.00072135404,0.15690824,0.7374751,0.9091881,0.8936696,0.78039926,0.8889106,0.8886999,0.7348082,0.86729914,0.7041562,0.84660697,0.8596361,0.88272077,0.75531375,0.40954536,0.8651672,0.83041054,0.7030078,0.78374285,0.8990061,0.8378185
0.0,-0.32064283,0.024937954,-0.1215,0.30866066,0.13085043,0.0008141794,0.29285207,-0.19917606,0.38756013,-0.13566363,0.15518592,-0.103852965,-0.29029122,0.71377116,-0.1902757,0.21529225,0.35176232,-0.31478822,0.009913109,0.19022322,0.7425719,0.9058753,0.89848685,0.78981745,0.88226223,0.921762,0.7487215,0.84391713,0.70601,0.8257087,0.86253965,0.87559843,0.7636985,0.41795006,0.86702895,0.82681984,0.723881,0.7875072,0.90101486,0.84938544
0.0,-0.30972758,0.007050072,-0.117888734,0.2866147,0.10832072,0.007857478,0.28093323,-0.17325455,0.36289036,-0.11402601,0.14527674,-0.1015816,-0.2735718,0.6885696,-0.18761446,0.18198246,0.34801915,-0.3136604,0.0026403107,0.16829325,0.73912317,0.90778404,0.89526707,0.7842926,0.8863969,0.9003898,0.7394144,0.8595702,0.70510787,0.83888274,0.8608537,0.8801554,0.75826216,0.41221192,0.8654755,0.8291208,0.7102379,0.78498405,0.90014946,0.8418555
0.0,-0.3101027,0.009455768,-0.11847745,0.28853196,0.10982417,0.0067289174,0.2821147,-0.17567387,0.36476076,-0.11651495,0.14646722,-0.10264191,-0.2746161,0.68983215,-0.18732324,0.18551803,0.34732458,-0.3129031,0.0030762851,0.17123255,0.7402282,0.90781516,0.8956488,0.7861668,0.8858047,0.9034877,0.7410391,0.8580827,0.70599085,0.8368851,0.8613915,0.8797148,0.75950426,0.41384295,0.865935,0.8293455,0.7127514,0.7857121,0.90109783,0.8429928
0.0,-0.31126562,0.005841284,-0.11668579,0.28587422,0.109654255,0.009280402,0.27988127,-0.17222968,0.3624705,-0.112575084,0.14322606,-0.098890126,-0.27457035,0.6898846,-0.18838929,0.18064818,0.34885758,-0.31433737,0.0028983727,0.16601768,0.73839253,0.9083216,0.8952676,0.7812965,0.8873654,0.8971074,0.7383901,0.8595284,0.7029616,0.8418542,0.8603016,0.8806338,0.7564571,0.41077697,0.8656839,0.82856387,0.7077242,0.78431666,0.8985526,0.84093183
1.0,-0.31464723,0.011994692,-0.1182161,0.2933154,0.11637736,0.0066556176,0.2842902,-0.18103403,0.37048137,-0.120095,0.1472623,-0.10045701,-0.27971378,0.6981017,-0.18912113,0.19173437,0.35031715,-0.314731,0.0050834715,0.17376617,0.73968554,0.907529,0.89631057,0.7840248,0.88559526,0.9048532,0.7414413,0.85453236,0.70376575,0.8365216,0.8610467,0.87885463,0.75850224,0.41274834,0.8659537,0.82782334,0.71271914,0.78517807,0.89949405,0.8435038
1.0,-0.31452477,0.015219751,-0.1194721,0.29665035,0.11839313,0.0045635626,0.28624836,-0.18508747,0.37399095,-0.123973355,0.1497828,-0.10270777,-0.28090668,0.6996961,-0.18868765,0.19722113,0.34943405,-0.31390855,0.0058774203,0.17838058,0.7408197,0.90689653,0.8967814,0.787208,0.884534,0.9104912,0.7439342,0.85236716,0.7056661,0.83279926,0.86182535,0.8781663,0.7609322,0.41505787,0.866251,0.828153,0.7167164,0.78628486,0.90072453,0.84552747
1.0,-0.3167299,0.021039722,-0.12055643,0.30248708,0.12433658,0.0021664482,0.28919476,-0.19209132,0.38037062,-0.13032025,0.15234128,-0.10381406,-0.28506747,0.70514756,-0.18877274,0.20703685,0.34876585,-0.31298083,0.0077478923,0.18524165,0.7427233,0.9067684,0.8978194,0.78997946,0.8834224,0.9174898,0.74767953,0.8478172,0.7066442,0.8287946,0.86265194,0.8771498,0.76333827,0.41816065,0.86731523,0.82814974,0.7218878,0.7876631,0.9016573,0.84818184
0.0,-0.30814287,0.001692079,-0.116132915,0.2803714,0.10374984,0.010749396,0.27712032,-0.16576411,0.3563457,-0.10731283,0.1411241,-0.09892895,-0.2703019,0.68318963,-0.18755285,0.17250079,0.34766138,-0.3139378,0.0010248423,0.16099006,0.7377055,0.90877825,0.8944358,0.7803715,0.88817704,0.89224064,0.73619884,0.86358696,0.7032203,0.8445549,0.8598292,0.8816608,0.7554787,0.4097088,0.86530274,0.82932353,0.7048068,0.7838047,0.8985946,0.83905697
1.0,-0.3144008,0.01487913,-0.119235136,0.29585344,0.11784614,0.0049036928,0.2857561,-0.18417653,0.37303442,-0.12329538,0.14919522,-0.10235228,-0.2805517,0.69901305,-0.18858597,0.19622606,0.34918562,-0.31370515,0.005632125,0.17764494,0.74091786,0.90722454,0.8967325,0.7869172,0.8847348,0.90952826,0.7437105,0.8527764,0.70542574,0.833462,0.8617636,0.87835246,0.7605949,0.41498938,0.86638844,0.8282525,0.7162773,0.7862204,0.9007587,0.8452173
1.0,-0.31750816,0.018306877,-0.12001018,0.30079702,0.122953765,0.0036828034,0.2888075,-0.18992792,0.3786142,-0.12781726,0.15158217,-0.10264282,-0.2846586,0.7057774,-0.1896337,0.20302221,0.35138887,-0.3149081,0.0072609745,0.18201633,0.7410904,0.90659446,0.8973046,0.7872558,0.88368595,0.91328555,0.7447564,0.84959483,0.70511585,0.830738,0.86183465,0.8770237,0.7610335,0.41515604,0.86627793,0.8273048,0.7183076,0.7862461,0.900593,0.84628606
1.0,-0.31717062,0.022406606,-0.12106201,0.30408558,0.12552941,0.0014422135,0.2902692,-0.19398285,0.3821007,-0.13198245,0.15347943,-0.104532786,-0.28601316,0.7066295,-0.1888447,0.20941308,0.3489946,-0.3130315,0.008139752,0.18710238,0.7430154,0.9064939,0.8980168,0.7908868,0.8829094,0.9194946,0.7483858,0.8468457,0.70713675,0.82729346,0.86280805,0.87671,0.7640148,0.41873536,0.8673074,0.82807976,0.72320557,0.78790224,0.9020021,0.8487555
1.0,-0.3134425,0.012923735,-0.11817038,0.29351383,0.116778634,0.005958515,0.2835076,-0.18138252,0.3708226,-0.12077081,0.14680915,-0.10068321,-0.27918056,0.696154,-0.1883555,0.19326109,0.3476787,-0.31299537,0.0053251013,0.1748235,0.74065924,0.90774626,0.89659274,0.78546554,0.88599277,0.9069555,0.74351263,0.85367,0.7046515,0.83635527,0.8616553,0.8795197,0.76006496,0.41482475,0.86684036,0.8285972,0.7145848,0.7862491,0.8998038,0.84488636
0.0,-0.31379303,0.016322486,-0.11952676,0.2967142,0.118481226,0.004030698,0.28588092,-0.18529598,0.37394434,-0.124615505,0.14959225,-0.103053875,-0.28060225,0.698362,-0.18804455,0.19839114,0.34753186,-0.31253195,0.0058790185,0.179398,0.74184424,0.90728766,0.8970252,0.7885563,0.88463056,0.9119877,0.7454375,0.8518066,0.70637834,0.8323847,0.86227477,0.8785026,0.76200575,0.41675776,0.86696774,0.8287743,0.71831894,0.78707325,0.9013608,0.8463555
1.0,-0.31666872,0.020006528,-0.12074445,0.30202648,0.123268254,0.0024163378,0.28951228,-0.19150357,0.37980437,-0.12962832,0.15282081,-0.10424592,-0.28461412,0.7052726,-0.18901053,0.20549542,0.35008362,-0.31390208,0.007424958,0.18446414,0.74199754,0.9063686,0.8975318,0.7895805,0.8831411,0.91656667,0.746425,0.8487371,0.70662373,0.8286509,0.8623776,0.87682956,0.76275086,0.41697794,0.86661494,0.8278391,0.7209008,0.78710353,0.9016036,0.8474975
1.0,-0.31543228,0.01883798,-0.12040486,0.30008915,0.12135687,0.0028477442,0.28827697,-0.18928015,0.3776049,-0.1279485,0.15180142,-0.10412072,-0.28301957,0.70249844,-0.18852763,0.20302361,0.34894925,-0.31323513,0.006799314,0.18290466,0.74210805,0.90670127,0.8973523,0.78958577,0.8835889,0.9152464,0.746227,0.84986794,0.70679426,0.82972956,0.8624283,0.8773926,0.7626953,0.4171608,0.86678654,0.8282911,0.72030675,0.7872129,0.9017417,0.8471847
1.0,-0.3139985,0.014441799,-0.1191735,0.29546577,0.11742181,0.0049628373,0.2854451,-0.18370967,0.37267232,-0.12286988,0.14900249,-0.10236558,-0.28011483,0.6982953,-0.18849584,0.19564858,0.34892863,-0.31362152,0.005542606,0.17724636,0.7408036,0.9071574,0.896671,0.78688115,0.8848702,0.9093457,0.7436698,0.85303766,0.7055225,0.8337092,0.8617779,0.8785165,0.76067233,0.41497478,0.86636215,0.8283421,0.7160984,0.78625184,0.90065664,0.8452238
1.0,-0.315884,0.018798495,-0.12051398,0.30057427,0.12171558,0.0028701574,0.2887078,-0.18978924,0.37818843,-0.12818445,0.15219566,-0.104112074,-0.28343987,0.70352304,-0.18882424,0.2032974,0.34978783,-0.31380716,0.006936144,0.18299428,0.74175936,0.90646726,0.8973273,0.78927886,0.8834216,0.9152331,0.7458525,0.84976494,0.70660585,0.8294783,0.8622833,0.8771639,0.7624473,0.4166153,0.8664882,0.82799625,0.72001123,0.78695136,0.9015537,0.84703404
1.0,-0.31686535,0.021826614,-0.121083364,0.30350587,0.12468793,0.0015965393,0.29015696,-0.19331211,0.38140458,-0.1314163,0.15348516,-0.104734935,-0.28548396,0.70606226,-0.1887993,0.20834452,0.34922287,-0.3131994,0.007866722,0.18655215,0.742811,0.9064223,0.8978737,0.79083085,0.8828675,0.91894305,0.7479057,0.84743005,0.70721555,0.8273939,0.8627319,0.8766954,0.7638136,0.4183798,0.8670882,0.8280765,0.72279036,0.7877356,0.90207636,0.84844524
1.0,-0.31252572,0.009334885,-0.11792213,0.29021493,0.11284009,0.007383614,0.28260574,-0.17737919,0.36706924,-0.117068216,0.14614685,-0.100644104,-0.27695966,0.69393116,-0.18858938,0.18699962,0.34953117,-0.3144853,0.0040397644,0.17085698,0.73912483,0.90754735,0.8957905,0.7836537,0.8861021,0.9024002,0.7402849,0.85688055,0.70410293,0.83800226,0.860871,0.8795133,0.7581568,0.41213787,0.86565614,0.8282889,0.7111237,0.7849521,0.89944124,0.8426597
0.0,-0.31365815,0.014143383,-0.11910612,0.29520747,0.11719649,0.0049812635,0.2851576,-0.18340155,0.37245923,-0.122593194,0.14880319,-0.1023446,-0.27979317,0.6977123,-0.18840578,0.19531107,0.34862092,-0.3134843,0.0055185035,0.17698933,0.74074346,0.90711224,0.89663225,0.7868663,0.88501525,0.9092912,0.7437365,0.8531654,0.70560354,0.8339375,0.8618141,0.87867326,0.76078755,0.41504544,0.8663961,0.8284368,0.7160348,0.786323,0.9005519,0.84531146
1.0,-0.31728405,0.020184318,-0.12033944,0.30243483,0.124582686,0.002634163,0.28917313,-0.19191788,0.38050967,-0.12976967,0.15211824,-0.10318701,-0.28534886,0.7060211,-0.1892504,0.20631918,0.34983262,-0.3138236,0.007878039,0.18433726,0.74199295,0.9065551,0.89769626,0.7887708,0.8835887,0.916331,0.7467996,0.8480346,0.70594954,0.8294954,0.8623621,0.8771081,0.7625837,0.41702506,0.8669416,0.8277155,0.720634,0.7871713,0.9009544,0.8477333
1.0,-0.31245276,0.011529902,-0.11853655,0.29209772,0.114179276,0.0061554667,0.28354985,-0.17971237,0.36900806,-0.11942141,0.14733915,-0.101773985,-0.2776896,0.694623,-0.18820818,0.19047067,0.34848794,-0.31359613,0.0045121983,0.17367452,0.74011713,0.90742165,0.89616555,0.7856778,0.88560367,0.90580803,0.7421197,0.85541004,0.70519227,0.8359936,0.86143875,0.8792544,0.7597022,0.41390315,0.8660976,0.8286176,0.7137259,0.78578407,0.90027285,0.84400296
1.0,-0.3105188,0.022538943,-0.12154259,0.30124402,0.12079995,-0.00043554,0.28745565,-0.191074,0.37872624,-0.13106366,0.15306982,-0.107681036,-0.2806305,0.6960591,-0.185695,0.20798737,0.3415864,-0.3082798,0.006935641,0.1878032,0.74521405,0.90664226,0.89799106,0.796476,0.88342375,0.9240602,0.7524087,0.8478964,0.711449,0.82592535,0.8643165,0.8784329,0.7685583,0.4240338,0.8686782,0.83088523,0.7278018,0.7905173,0.9043376,0.8512631
0.0,-0.31125912,0.005698452,-0.116226554,0.28589237,0.110519655,0.009473514,0.27919877,-0.1722345,0.36281306,-0.1124192,0.1423934,-0.09795796,-0.274732,0.6896653,-0.18841726,0.18098891,0.3481002,-0.31391716,0.003205102,0.1656538,0.73838466,0.908443,0.8953912,0.7808028,0.88792413,0.897055,0.7389593,0.858974,0.7025924,0.84283787,0.8603455,0.8811328,0.7565663,0.4110701,0.8660524,0.8286494,0.70758325,0.7845158,0.8979433,0.8413065
1.0,-0.3195053,0.0251325,-0.12173228,0.30809158,0.12974459,0.00038275914,0.29262817,-0.19863102,0.38672572,-0.13562931,0.15534206,-0.104814194,-0.289312,0.71191454,-0.18964586,0.21496445,0.35059208,-0.313945,0.00953982,0.1906698,0.7431189,0.9059421,0.89845496,0.79110265,0.8821227,0.9226323,0.74931866,0.844278,0.70695794,0.825142,0.8628438,0.87569356,0.7644911,0.4189574,0.86726826,0.827367,0.7249225,0.78798234,0.90174747,0.84972167
1.0,-0.31859964,0.024755927,-0.12167385,0.30701312,0.128393,0.00046380237,0.29202873,-0.19742852,0.38537169,-0.13487224,0.15500382,-0.10506359,-0.28824803,0.7100837,-0.18921523,0.2137135,0.34974888,-0.31335232,0.009061955,0.19008276,0.74339306,0.90616876,0.89838153,0.7916292,0.8822225,0.92229694,0.7494163,0.8449225,0.7073452,0.82534313,0.8629454,0.87596965,0.7646865,0.4193656,0.86740327,0.827747,0.7250051,0.78815186,0.9021726,0.84961814
1.0,-0.31508562,0.014511521,-0.119054936,0.29638186,0.11882267,0.00511551,0.2858969,-0.18469721,0.3738727,-0.12334804,0.1490889,-0.1017558,-0.28122333,0.70029396,-0.18905213,0.19652027,0.35002503,-0.31439096,0.006015297,0.17739716,0.7403413,0.90695477,0.8967069,0.7859115,0.8848899,0.90912104,0.7433147,0.85247576,0.7048254,0.8339324,0.86158645,0.8782796,0.7601577,0.4142449,0.86619216,0.82786024,0.7155648,0.78593296,0.90001386,0.845144
1.0,-0.31151122,0.008495968,-0.117801815,0.2886979,0.11113889,0.007659237,0.28180826,-0.17564204,0.36530674,-0.115796,0.14557962,-0.1007939,-0.27567947,0.691771,-0.18819287,0.18501621,0.34877262,-0.31403401,0.0034767054,0.16974756,0.73922557,0.907786,0.8956278,0.7838159,0.88630754,0.9014378,0.7400248,0.8578873,0.7043718,0.8385652,0.8608692,0.87985456,0.7581353,0.41225043,0.8656991,0.82864034,0.710728,0.78499407,0.8996988,0.8423215
0.0,-0.31487638,0.0242265,-0.121966325,0.3043567,0.124382116,-0.00020882953,0.2905561,-0.19462013,0.38201565,-0.13351955,0.1547433,-0.10713308,-0.2846779,0.7036708,-0.18743573,0.21116006,0.34620205,-0.31097692,0.007775709,0.18979219,0.7445926,0.90642774,0.898182,0.79465353,0.8822829,0.92353433,0.7507098,0.8465059,0.7097285,0.8247411,0.86365867,0.87670374,0.7665952,0.42177448,0.86794007,0.82930714,0.72689676,0.78929186,0.90387964,0.8502204
1.0,-0.31383333,0.016702421,-0.11941984,0.29672024,0.11875988,0.003994385,0.2857382,-0.18534169,0.3739354,-0.12477401,0.14933677,-0.10288146,-0.28072256,0.69821566,-0.18792738,0.1987837,0.34700823,-0.31213975,0.005927317,0.17961775,0.74218786,0.90752333,0.89712447,0.7887074,0.8847366,0.91215986,0.74584687,0.8515465,0.7063646,0.83251524,0.8623767,0.8786176,0.7621549,0.41721225,0.8672563,0.8289148,0.71864337,0.7872749,0.9014522,0.8465233
0.0,-0.31359184,0.01388451,-0.118965,0.29481384,0.11694544,0.0051770946,0.28487888,-0.18293363,0.37202704,-0.122192904,0.1484855,-0.10210663,-0.27961066,0.6973661,-0.18838772,0.19478172,0.34851274,-0.31342757,0.005415611,0.17653802,0.7407238,0.90723634,0.8966095,0.7866448,0.88514996,0.90878063,0.74360853,0.85336435,0.7054542,0.83432853,0.861769,0.87880075,0.76061696,0.41495612,0.8664362,0.8284651,0.71572745,0.786275,0.9004824,0.8451564
0.0,-0.30804178,0.0069610644,-0.118287496,0.28503862,0.10573099,0.007589101,0.28059524,-0.17160942,0.3607629,-0.11329277,0.14546676,-0.10298477,-0.271773,0.6855734,-0.18674417,0.18031847,0.34669045,-0.31267747,0.0017744377,0.16819453,0.7398898,0.9080986,0.8951087,0.78592676,0.8861454,0.9005718,0.7395699,0.8607561,0.70635206,0.8381794,0.86111844,0.88023466,0.758936,0.4131716,0.8655659,0.82982403,0.711042,0.7853493,0.90143913,0.8417506
1.0,-0.31607723,0.014651457,-0.11912395,0.29691294,0.119368754,0.0052980166,0.2866091,-0.18527262,0.37442553,-0.12363914,0.14952484,-0.10158897,-0.2820326,0.7020148,-0.18951641,0.1968087,0.35134554,-0.31521773,0.0061162673,0.1775026,0.74003613,0.90686303,0.8966984,0.78534985,0.8846119,0.9086768,0.74263185,0.85236174,0.70436025,0.8337025,0.86134106,0.87786597,0.7595382,0.4134487,0.86584264,0.8274181,0.71503234,0.7854985,0.89988154,0.84467226
1.0,-0.31740794,0.01928296,-0.12068696,0.3020543,0.12332445,0.002855922,0.28987622,-0.19143909,0.37990946,-0.12921347,0.15297964,-0.103906795,-0.28499013,0.70653737,-0.18954737,0.20472667,0.3516299,-0.31498957,0.007440582,0.18373573,0.7412575,0.9061236,0.8973716,0.7885126,0.8830443,0.91537976,0.7452568,0.849089,0.7059947,0.8289538,0.8620223,0.8765405,0.7618558,0.41564652,0.86606723,0.8273171,0.71964955,0.7864698,0.90113664,0.8468187
1.0,-0.31647778,0.020820376,-0.12082304,0.30241317,0.12368492,0.0020524906,0.28951722,-0.19200894,0.3802045,-0.13025962,0.15287945,-0.10442114,-0.2847417,0.70500636,-0.1887545,0.20661259,0.34919003,-0.31325465,0.0075472146,0.18528919,0.74254125,0.90652204,0.89771026,0.79030657,0.88313645,0.9176416,0.74732673,0.848197,0.7069853,0.82824713,0.86261296,0.8769384,0.7633827,0.41791162,0.86698765,0.8281099,0.7218832,0.78753394,0.9018965,0.84801495
1.0,-0.31472346,0.014423322,-0.11884782,0.2958425,0.118518226,0.0052392744,0.28533593,-0.18408792,0.37329215,-0.122937515,0.14854418,-0.10147339,-0.28084084,0.69932836,-0.1888352,0.19613212,0.3492245,-0.31387252,0.005894169,0.17701682,0.740595,0.90722454,0.8967559,0.7859858,0.88515717,0.9088859,0.7436359,0.8525566,0.7048314,0.8344102,0.86166227,0.8786182,0.7602831,0.41464335,0.866464,0.82809365,0.7155908,0.7861213,0.90004516,0.84521556
1.0,-0.3105011,0.006570098,-0.11659518,0.285871,0.10985274,0.008890873,0.27928063,-0.17232643,0.36251175,-0.11295943,0.14281477,-0.098923825,-0.27419218,0.68847424,-0.18783772,0.18160334,0.34694344,-0.31302536,0.0029856935,0.1666492,0.73918754,0.9086214,0.8955038,0.7823292,0.88765675,0.89840674,0.7398338,0.85893697,0.70350975,0.8418261,0.86071134,0.8811528,0.75746465,0.4122554,0.8663372,0.82911617,0.7089637,0.7850459,0.8988587,0.84179854
0.0,-0.31584117,0.022517309,-0.12159014,0.3037047,0.12407232,0.00082190614,0.2904584,-0.1936806,0.38145328,-0.13213134,0.15428236,-0.10609146,-0.28486577,0.7049036,-0.18822584,0.20903161,0.34828815,-0.3124916,0.0076920837,0.18778443,0.7433591,0.90624636,0.8978955,0.79251975,0.88247925,0.92079014,0.74873865,0.8473828,0.7084373,0.8260666,0.86307317,0.87658066,0.76492524,0.41952026,0.86720574,0.82854724,0.72436446,0.78826237,0.902917,0.84904367
1.0,-0.31556243,0.021210913,-0.12103814,0.3023043,0.12317083,0.0015773512,0.2893689,-0.19196674,0.38000602,-0.13052447,0.15308379,-0.10514609,-0.284116,0.7036721,-0.1882556,0.20694125,0.34805816,-0.3124857,0.0074146725,0.18591148,0.74302405,0.90651876,0.8977575,0.79145324,0.8830647,0.91881806,0.7481262,0.84816307,0.70780534,0.8276476,0.86290795,0.87707895,0.7642515,0.41892144,0.8672315,0.8285557,0.7229646,0.7880221,0.9024115,0.84853065
1.0,-0.31540355,0.018748716,-0.120442316,0.30026224,0.121445425,0.0028090477,0.28830594,-0.18944469,0.37785643,-0.12799585,0.15191258,-0.10412719,-0.28304082,0.7026173,-0.1885867,0.20313504,0.34906211,-0.31335577,0.0068750232,0.18289533,0.7419497,0.9065604,0.89734703,0.7895401,0.883589,0.91539824,0.74622077,0.8498124,0.706806,0.82965463,0.862407,0.87740093,0.7627471,0.41705132,0.86669385,0.828231,0.7202597,0.78718,0.90161955,0.84725153
0.0,-0.3138271,0.017202862,-0.11970692,0.29763192,0.11937288,0.0035259677,0.28620112,-0.1864015,0.37500376,-0.12563285,0.14996694,-0.10334139,-0.28105196,0.6987877,-0.18794003,0.20003399,0.34705052,-0.31218696,0.006212838,0.18056265,0.7421801,0.9071908,0.897194,0.78919953,0.88452697,0.9134439,0.74628997,0.85103697,0.70672953,0.8317188,0.8624988,0.8784538,0.7626676,0.41749364,0.8671989,0.8288861,0.71936196,0.78744465,0.90149,0.84700435
1.0,-0.31722805,0.023819737,-0.12149529,0.30540442,0.12653449,0.00065510627,0.29098535,-0.19558983,0.3835042,-0.13354443,0.15433095,-0.10526043,-0.2866499,0.7073546,-0.18867046,0.21169737,0.34856102,-0.3126362,0.008480329,0.1889405,0.7435427,0.9063592,0.89823043,0.79203624,0.8825329,0.92162913,0.7494462,0.84590155,0.7077863,0.8259557,0.86307424,0.876462,0.7649248,0.4197455,0.86753696,0.8282323,0.72481686,0.78835845,0.9024524,0.84951746
1.0,-0.316848,0.02411497,-0.12203655,0.3055095,0.12571687,0.00022877939,0.2917683,-0.195823,0.38338804,-0.13397923,0.15540752,-0.10654621,-0.28630883,0.7072144,-0.1884815,0.21166983,0.3489418,-0.3127498,0.008151937,0.1897398,0.74367094,0.9060939,0.89812994,0.7931186,0.8819103,0.92249614,0.74926674,0.84623677,0.70861155,0.82465094,0.86313194,0.87599933,0.7652753,0.41988647,0.8672083,0.8283243,0.7255093,0.78836006,0.90321255,0.8494242
0.0,-0.31560883,0.020301666,-0.12092826,0.3016636,0.122510366,0.001980519,0.2892488,-0.19118565,0.3793081,-0.12971456,0.15291266,-0.10500066,-0.28379723,0.70358616,-0.18843646,0.20553884,0.34878615,-0.31301963,0.0072012953,0.18496081,0.7425465,0.9064281,0.89755905,0.790779,0.8831066,0.9176044,0.7472129,0.8488406,0.707495,0.8281528,0.8626939,0.87701946,0.7636268,0.4180558,0.86689764,0.82835937,0.7219625,0.7876247,0.90218395,0.84797335
1.0,-0.3186094,0.024036873,-0.121628225,0.3063266,0.12756717,0.000803391,0.29202268,-0.19663616,0.38452572,-0.1341585,0.15495984,-0.10511498,-0.2878742,0.70990884,-0.18931396,0.21233457,0.35041863,-0.31377837,0.008743875,0.18931884,0.7430815,0.9061435,0.89819694,0.79124093,0.8821511,0.9212197,0.7485537,0.8456321,0.7071776,0.8256335,0.86277086,0.8758418,0.764126,0.41865662,0.867094,0.827616,0.72421575,0.787798,0.9021885,0.8490331
1.0,-0.3219765,0.034844294,-0.1246786,0.31738198,0.13754666,-0.0042418046,0.2988173,-0.20990217,0.39665592,-0.14625467,0.16155393,-0.10915452,-0.2953876,0.7201013,-0.18946841,0.23016459,0.35032713,-0.31287938,0.011801142,0.20294404,0.7461853,0.90516394,0.89980114,0.7973131,0.8790742,0.93513596,0.7547109,0.83796406,0.7102482,0.81624985,0.8638806,0.8731512,0.76902443,0.42416182,0.86827415,0.8276524,0.7343642,0.79005873,0.90449655,0.853356
1.0,-0.31681278,0.017826786,-0.11959289,0.29983634,0.12247326,0.00394517,0.28770664,-0.1888064,0.3776598,-0.12694757,0.15052766,-0.102054805,-0.28393176,0.70407164,-0.18931983,0.20214987,0.3501031,-0.31414914,0.0071299523,0.18112853,0.74130404,0.90693194,0.89733,0.78710985,0.884255,0.91271794,0.7451872,0.8497999,0.705037,0.8317959,0.8619438,0.87764406,0.7611883,0.41564652,0.86669564,0.8276598,0.718122,0.78652215,0.900406,0.8464426
0.0,-0.31486258,0.0229946,-0.12239078,0.303338,0.12219364,0.00025284244,0.29142427,-0.19347627,0.38060528,-0.1325023,0.15579204,-0.108105466,-0.28389215,0.7038774,-0.18772788,0.20850024,0.34839198,-0.31227908,0.006932758,0.18876487,0.7438377,0.9060776,0.8977472,0.79453397,0.88156587,0.9219643,0.7485872,0.8480971,0.70989066,0.8241092,0.8631914,0.87599725,0.76556045,0.42005163,0.8668096,0.8288991,0.7255321,0.78834164,0.90441805,0.84881496
0.0,-0.31767768,0.020354671,-0.12043589,0.30266577,0.12469702,0.002669813,0.2895555,-0.19218406,0.3806935,-0.12996437,0.15242308,-0.103240445,-0.28566098,0.7067362,-0.18941131,0.20646638,0.35040662,-0.3141389,0.007860176,0.18448257,0.74193114,0.9065384,0.89769876,0.7887042,0.88338685,0.91623515,0.7465223,0.8480118,0.7058388,0.82922626,0.86226225,0.87689036,0.7623528,0.41673997,0.8667804,0.827551,0.7205194,0.78699017,0.90104294,0.8475103
1.0,-0.315614,0.023549037,-0.121929884,0.3042118,0.12419426,0.0002848939,0.29092005,-0.19437928,0.38184643,-0.13303706,0.15489337,-0.10682964,-0.28496498,0.7048257,-0.18793161,0.21019736,0.34774187,-0.31198105,0.0076664574,0.18901494,0.74395883,0.90630054,0.89802825,0.79369223,0.88213784,0.92219436,0.74948233,0.8469706,0.7091133,0.82502043,0.86329687,0.8764044,0.76562333,0.42044994,0.86740994,0.8288163,0.7256365,0.78863466,0.9035859,0.8494443
1.0,-0.31770453,0.019467615,-0.11987463,0.30184126,0.124652736,0.0032795323,0.28864816,-0.1911655,0.37997246,-0.12891747,0.15129222,-0.102170646,-0.2854363,0.7061943,-0.18951772,0.2052947,0.3501843,-0.31411812,0.007866584,0.18312773,0.7416592,0.9067761,0.8976397,0.78759485,0.8839827,0.91475475,0.7462083,0.8482811,0.7051292,0.8307182,0.8621252,0.8773297,0.76179254,0.416317,0.8669319,0.8275098,0.71944207,0.7868382,0.9003994,0.84725416
1.0,-0.31565964,0.020055836,-0.12050743,0.30119237,0.12266987,0.002338157,0.28854913,-0.19060324,0.37888724,-0.12917429,0.15202305,-0.10415455,-0.28374642,0.70313877,-0.18842746,0.20515534,0.34823427,-0.31271195,0.007243015,0.18424618,0.74262726,0.9067582,0.89761937,0.7902078,0.8835618,0.9168279,0.7473676,0.8487942,0.7070237,0.82915026,0.8626792,0.87741816,0.76340455,0.41813213,0.86720234,0.82842934,0.72151864,0.7876796,0.90184325,0.8479453
1.0,-0.31757632,0.01864504,-0.12006143,0.30136362,0.123591505,0.0034574252,0.28892028,-0.19057557,0.37934256,-0.12831329,0.15171176,-0.10264656,-0.28496557,0.7061242,-0.18965559,0.20392862,0.35120043,-0.31482017,0.0075255856,0.18252158,0.74113464,0.9064771,0.8973941,0.7873918,0.883708,0.91399974,0.74518126,0.8491289,0.70519745,0.83052486,0.8619263,0.8770434,0.7613473,0.41542467,0.86637235,0.82730484,0.7187071,0.7864083,0.9004692,0.8466623
1.0,-0.31568897,0.019953737,-0.12056899,0.30124214,0.12256939,0.002355001,0.2886458,-0.19063665,0.3789295,-0.12914874,0.15217464,-0.10421789,-0.28374013,0.70329344,-0.18849294,0.20504838,0.34850693,-0.31289363,0.007218819,0.18417363,0.74248713,0.90667146,0.89759165,0.79016244,0.8834896,0.9167732,0.747193,0.8488791,0.7070148,0.8290429,0.86262405,0.8773527,0.7633267,0.41792625,0.86706865,0.8283521,0.7213872,0.78757507,0.9018318,0.8478591
1.0,-0.31418228,0.015038725,-0.119720384,0.2963928,0.11759972,0.0044559613,0.28648198,-0.18481857,0.3735726,-0.12384866,0.1502216,-0.103345215,-0.28047818,0.6993141,-0.1885799,0.19664839,0.3496941,-0.31404677,0.0056216866,0.17840445,0.74076265,0.90675586,0.89665633,0.78760177,0.8842634,0.91053796,0.7436035,0.8528331,0.7060387,0.83231544,0.86180824,0.87796617,0.7609744,0.41492647,0.8660089,0.8281943,0.71678275,0.7861991,0.9010725,0.84534234
1.0,-0.31612322,0.020766493,-0.120356984,0.3019646,0.123991586,0.0022146506,0.28851375,-0.19147636,0.3798768,-0.12985645,0.15178508,-0.10360116,-0.28451303,0.703912,-0.18851757,0.20662045,0.3478211,-0.31244236,0.0076901987,0.18481448,0.74286693,0.9068994,0.89783597,0.79007167,0.8837607,0.91743386,0.7480849,0.8479133,0.7067535,0.8292943,0.8627719,0.8775542,0.7636239,0.41859373,0.8675684,0.82841736,0.72194844,0.7879114,0.9015719,0.8484113
1.0,-0.31959364,0.02965555,-0.12310484,0.3116902,0.13233152,-0.001959438,0.29489198,-0.20309941,0.3903767,-0.14024809,0.15797345,-0.10722635,-0.29112074,0.713786,-0.18899101,0.22151488,0.3491664,-0.31255022,0.010272749,0.196293,0.7450249,0.9057833,0.899089,0.7949069,0.8808195,0.92887104,0.7524537,0.84165055,0.7090907,0.8209408,0.8636006,0.8748413,0.76720035,0.42225614,0.86804765,0.82799643,0.72997826,0.78937024,0.9035374,0.8517333
0.0,-0.3133921,0.01102067,-0.11861117,0.29222178,0.11419875,0.00653332,0.28425577,-0.17978601,0.36909902,-0.11921187,0.14776988,-0.10169777,-0.27823845,0.6962704,-0.18877225,0.18978065,0.35038742,-0.31485084,0.004468389,0.17322779,0.7394438,0.90719545,0.8959711,0.7847028,0.8852895,0.9046126,0.74075764,0.85584015,0.70460886,0.83597493,0.8610485,0.87870926,0.7586918,0.41250268,0.86548924,0.8280507,0.71258986,0.78507805,0.9000222,0.8431628
0.0,-0.31160912,0.008632982,-0.11733179,0.2893378,0.11277791,0.0076541435,0.2811748,-0.17634535,0.36647218,-0.116134435,0.14479136,-0.099729896,-0.2761858,0.69197315,-0.18828303,0.18631819,0.3478255,-0.31354052,0.0041136965,0.16982922,0.7392064,0.9077657,0.89584035,0.7833437,0.8869615,0.90206957,0.74104965,0.8567903,0.7039999,0.83945835,0.8610141,0.88041294,0.7585376,0.41277292,0.86618054,0.82869965,0.71091986,0.7853549,0.89885706,0.84312445
1.0,-0.31899908,0.024109777,-0.12144006,0.30684632,0.12855601,0.00086566946,0.2918628,-0.1971604,0.3853194,-0.13437665,0.15465584,-0.10447346,-0.28841317,0.71059144,-0.18952836,0.21308652,0.3503951,-0.31386998,0.00914941,0.18930086,0.74291706,0.9061081,0.8982975,0.7906733,0.8824228,0.9212848,0.74880433,0.84510213,0.7067568,0.8260422,0.8627453,0.87600887,0.76408255,0.41857392,0.867211,0.82745886,0.72403985,0.787813,0.9016457,0.84928983
1.0,-0.31728446,0.025442328,-0.122815445,0.30725586,0.12661693,-0.0006178343,0.2933635,-0.19792737,0.38522756,-0.13583036,0.15719137,-0.107837185,-0.28722668,0.7090632,-0.188607,0.21390799,0.34983218,-0.3131715,0.008418877,0.19185236,0.74377394,0.90557003,0.8982257,0.7942932,0.8810438,0.92472994,0.74957716,0.845473,0.70937157,0.82253355,0.86318886,0.8752427,0.76590616,0.42014658,0.86685765,0.8281392,0.7268733,0.78841084,0.9037792,0.8497996
0.0,-0.31672233,0.016762845,-0.11978911,0.29930094,0.12128585,0.0042088926,0.28802556,-0.18812157,0.3769958,-0.126182,0.15101238,-0.10251491,-0.28342408,0.70411503,-0.18954979,0.20050102,0.3514223,-0.31509048,0.0067693666,0.18029921,0.74058384,0.90654135,0.8970281,0.7867144,0.8839593,0.91171896,0.74389124,0.850794,0.7050313,0.8316361,0.8616601,0.8773154,0.76058936,0.41445613,0.8659805,0.8273603,0.7171024,0.7859539,0.9003794,0.8456996
1.0,-0.31746367,0.022576246,-0.121346906,0.30459455,0.12566298,0.0012688115,0.290925,-0.19458443,0.38261318,-0.13243955,0.15416862,-0.1049944,-0.28631905,0.707507,-0.18900676,0.20978373,0.34978503,-0.31350666,0.0081781335,0.18758932,0.7428279,0.90622735,0.89797163,0.79102874,0.88254756,0.91986495,0.74807614,0.8468164,0.7072682,0.8266129,0.8627351,0.87634003,0.7639526,0.41839895,0.8669981,0.82787573,0.7233019,0.7877248,0.9021236,0.8486533
1.0,-0.31171316,0.013667676,-0.11957592,0.2938108,0.114487715,0.004619495,0.28484592,-0.18190077,0.37062013,-0.12181327,0.14930634,-0.103918225,-0.2777887,0.6946488,-0.18759562,0.19352224,0.3475551,-0.31275392,0.004679423,0.17676608,0.7411034,0.90703654,0.89641196,0.78855205,0.8847041,0.9097941,0.74379647,0.8544102,0.70701,0.8330403,0.8620257,0.87877494,0.7615964,0.41574597,0.86622345,0.82907665,0.7167477,0.7866157,0.90165275,0.8452754
1.0,-0.31870478,0.025057659,-0.12161842,0.30717212,0.12874839,0.00041926838,0.2919786,-0.19762227,0.38555402,-0.13507976,0.15487753,-0.10490446,-0.28845197,0.71019423,-0.18918818,0.21415144,0.34948847,-0.31315836,0.009164169,0.19029075,0.74357504,0.9062902,0.89845824,0.79166526,0.8822871,0.92247313,0.74970174,0.844661,0.70729077,0.8254,0.862996,0.8760229,0.7647799,0.41962928,0.86758727,0.8278022,0.7252252,0.7882682,0.902172,0.84976375
0.0,-0.31088778,0.013369492,-0.11909255,0.29241508,0.11367088,0.0049193064,0.28353995,-0.18034232,0.36905003,-0.12078267,0.14795633,-0.10335762,-0.2768538,0.6923657,-0.18706691,0.19238272,0.34578398,-0.31159627,0.004357524,0.17585856,0.74169844,0.90768534,0.8964634,0.7886314,0.8853097,0.90901774,0.74438334,0.85476875,0.70699733,0.8342478,0.86222446,0.8794753,0.7617739,0.41660917,0.86687964,0.8296216,0.7167489,0.78703237,0.9017529,0.8453747
1.0,-0.31706265,0.02033057,-0.12064314,0.30240944,0.12398832,0.0024248725,0.28956002,-0.19193532,0.3803,-0.12993476,0.15268588,-0.10389329,-0.28510186,0.70586485,-0.18912892,0.20617649,0.35004902,-0.3138802,0.007647179,0.18469432,0.7420788,0.90645295,0.8976363,0.7893678,0.88323295,0.9166898,0.7466547,0.84830993,0.70638245,0.82878685,0.8623879,0.87685734,0.76272905,0.4170764,0.8667621,0.8277716,0.7209701,0.7871531,0.9014235,0.84762937
0.0,-0.31439847,0.017506266,-0.11977409,0.29825467,0.12004391,0.003492768,0.28662458,-0.18709572,0.37571615,-0.12609974,0.15026063,-0.10323195,-0.2816709,0.6999165,-0.1881926,0.20073915,0.34763166,-0.31254557,0.006417908,0.18091795,0.74205893,0.9070976,0.8972488,0.78899103,0.8843923,0.91362256,0.74619657,0.850691,0.70651627,0.8314782,0.8624202,0.87825155,0.7625125,0.41724056,0.8670913,0.82865673,0.719332,0.78730935,0.90136546,0.84698415
1.0,-0.31121486,0.00471991,-0.11589667,0.2847722,0.10968513,0.010134172,0.27862984,-0.17086773,0.36160952,-0.11113961,0.14174037,-0.09734473,-0.27429083,0.6890574,-0.18853112,0.17914185,0.34840888,-0.31419182,0.0028614216,0.1641626,0.7380324,0.90865237,0.89524585,0.7799241,0.88817424,0.89529896,0.7381256,0.8597451,0.7020852,0.8438515,0.8600325,0.88134307,0.75582135,0.4103448,0.8658919,0.8285677,0.70633996,0.7841277,0.8976566,0.8405505
0.0,-0.3180156,0.027003964,-0.12252304,0.3086334,0.12912413,-0.00096497964,0.2931163,-0.19949642,0.38694668,-0.13717982,0.15653591,-0.10683854,-0.28862378,0.7101335,-0.18861179,0.21685362,0.348559,-0.3123507,0.009275053,0.19312009,0.7444878,0.90597963,0.89866865,0.7941854,0.88148206,0.92600477,0.7512442,0.84378403,0.70894915,0.8228511,0.86347586,0.8755758,0.7665011,0.4214243,0.86779946,0.82828677,0.7280161,0.7890575,0.9033636,0.8508356
1.0,-0.31385407,0.013938968,-0.1192708,0.29502282,0.11665244,0.005099183,0.28555602,-0.1831848,0.37211245,-0.12240885,0.1491924,-0.1026553,-0.2797503,0.6980638,-0.18853699,0.19468105,0.34942967,-0.31397152,0.0052860007,0.17681763,0.7405578,0.9070445,0.8965158,0.78678745,0.88472307,0.9087891,0.7430473,0.8536181,0.7055873,0.8336417,0.86165726,0.8783652,0.76040393,0.41449964,0.8660586,0.8282684,0.7156528,0.78601056,0.90075564,0.8448231
1.0,-0.3145474,0.021586481,-0.121092536,0.30172482,0.12234674,0.0012835097,0.28889206,-0.1913962,0.37921226,-0.13044776,0.15290582,-0.10561575,-0.28327867,0.7018223,-0.18764272,0.20683858,0.34655234,-0.31142822,0.0071184635,0.18617699,0.7437237,0.90680254,0.89782965,0.7925866,0.8831255,0.91954607,0.7489867,0.8482682,0.70852506,0.82740235,0.8632096,0.8773823,0.76502156,0.42010626,0.8676491,0.82912964,0.72394145,0.78855175,0.9030456,0.8489145
0.0,-0.31783018,0.027044334,-0.122845545,0.3089586,0.12899932,-0.0012908601,0.29361877,-0.19992262,0.38729823,-0.13756153,0.15721992,-0.10759687,-0.28856495,0.7103092,-0.18858066,0.2170659,0.3489249,-0.31258687,0.00926828,0.19368245,0.74435073,0.9056211,0.89858174,0.79463196,0.88116175,0.9267104,0.7511222,0.8438595,0.7094048,0.8221156,0.8635038,0.87528867,0.7667534,0.42136958,0.8675383,0.82825434,0.7283879,0.78904885,0.9035469,0.8509261
1.0,-0.31766683,0.021338793,-0.12098643,0.30369383,0.12500736,0.002012412,0.2904371,-0.19342156,0.3816948,-0.13115777,0.15354787,-0.104215115,-0.28600353,0.7074022,-0.18932548,0.20795396,0.35054186,-0.31411588,0.007962614,0.18593451,0.7421903,0.90627104,0.8977972,0.7898061,0.8828381,0.91793156,0.7470048,0.8475467,0.7065314,0.82773215,0.862411,0.87649703,0.76301056,0.41724518,0.8666733,0.8275858,0.7216895,0.7871859,0.90159476,0.84790725
0.0,-0.31531256,0.015331864,-0.11956383,0.29739937,0.11912165,0.0046175392,0.2868429,-0.18588494,0.3748656,-0.12439458,0.15023401,-0.102549314,-0.28166655,0.7012991,-0.18911989,0.197801,0.35055184,-0.31464863,0.0061152205,0.17858082,0.7404295,0.9066675,0.8967884,0.7867186,0.8843319,0.91044164,0.743498,0.8520894,0.70529765,0.8325374,0.861634,0.8778477,0.7605478,0.414383,0.86593616,0.8277458,0.71635103,0.78594756,0.90045494,0.8453325
1.0,-0.3143355,0.019581314,-0.12033236,0.2998737,0.12125937,0.0023742225,0.28751987,-0.18912818,0.37737173,-0.12822372,0.15132019,-0.10430666,-0.28238037,0.7005049,-0.1878094,0.20384708,0.3466482,-0.31171387,0.006806206,0.18353575,0.7430372,0.90704596,0.8975699,0.7908302,0.88390625,0.91664445,0.7478498,0.8493995,0.70753473,0.8296505,0.8628994,0.8779681,0.7638998,0.41893974,0.8675469,0.82900774,0.72176975,0.78808236,0.9021735,0.8481066
0.0,-0.3139194,0.01525434,-0.119683124,0.29618135,0.11746549,0.0043712975,0.28627217,-0.18462858,0.3732918,-0.12385869,0.1500172,-0.103412256,-0.28027827,0.6987071,-0.18835552,0.19671422,0.34905759,-0.31358778,0.005552124,0.17855334,0.7411004,0.90694106,0.89670587,0.78793937,0.88433903,0.9107442,0.7439793,0.85279536,0.7062206,0.8323575,0.8619435,0.87809616,0.76122195,0.4154257,0.8662564,0.8284138,0.71716064,0.78643197,0.90127516,0.8455131
1.0,-0.31604943,0.018286789,-0.11972143,0.29976714,0.1221749,0.003536541,0.28746727,-0.18879773,0.37752342,-0.12722446,0.15055518,-0.10253778,-0.28344586,0.70287275,-0.18885835,0.20261246,0.34890097,-0.3133285,0.0070650503,0.18170348,0.7418312,0.9070228,0.8974182,0.7881026,0.88427013,0.91377515,0.7460602,0.84964657,0.7056929,0.8313856,0.86223686,0.8778511,0.7619874,0.41667056,0.86703056,0.82808703,0.71913934,0.7870206,0.90083325,0.84698325
1.0,-0.31671575,0.022570966,-0.12118335,0.30405623,0.12527916,0.0011913162,0.2902165,-0.19399247,0.38203382,-0.13213198,0.15361032,-0.10492776,-0.2857018,0.7060018,-0.18860044,0.20957467,0.3484858,-0.31268963,0.008085556,0.18742695,0.7432196,0.90645725,0.8980264,0.7914429,0.88286,0.9200959,0.74875474,0.84684426,0.7075511,0.82697237,0.8629503,0.87676233,0.7644389,0.41919717,0.8674057,0.82828504,0.7237384,0.78813356,0.9022416,0.84901553
1.0,-0.3165276,0.022346051,-0.120999835,0.30370286,0.12514064,0.0013339762,0.28979123,-0.19356765,0.38168877,-0.13177237,0.15317819,-0.10462458,-0.28547278,0.70546424,-0.18852322,0.2092143,0.3480899,-0.31247053,0.008056752,0.18701586,0.7432529,0.9065859,0.8980299,0.7912725,0.8830927,0.91976684,0.7488529,0.84692633,0.70743644,0.8274385,0.86296874,0.8769938,0.76441854,0.41928965,0.86754507,0.8283775,0.72356397,0.78819555,0.9021161,0.8490377
0.0,-0.31561285,0.016869375,-0.12003108,0.29867816,0.120125,0.0038269395,0.2878198,-0.18752168,0.37612444,-0.12608519,0.15117308,-0.103459924,-0.28242984,0.702315,-0.18895876,0.20004222,0.35036793,-0.31432915,0.0063998178,0.18064861,0.7410802,0.9066012,0.8969669,0.78790146,0.8838279,0.9124368,0.7443539,0.8512202,0.70593345,0.83110994,0.8619342,0.8773947,0.76129264,0.41532642,0.8661611,0.8278649,0.7180045,0.7863653,0.90108705,0.84597695
1.0,-0.3171897,0.021156684,-0.120696835,0.30321002,0.124967955,0.0020714728,0.2896631,-0.19288029,0.38124937,-0.13078882,0.15277822,-0.103840806,-0.28561103,0.7062935,-0.18905771,0.2077047,0.34949937,-0.31349167,0.007999755,0.18558237,0.7424104,0.90648925,0.89782715,0.7897446,0.8832633,0.91779906,0.74749935,0.84752643,0.7065065,0.8284522,0.86255956,0.87692076,0.7632356,0.41775787,0.8670793,0.8278681,0.7218035,0.7874871,0.9014304,0.848215
1.0,-0.31553906,0.018430475,-0.12043854,0.29983577,0.120902784,0.0030579176,0.28840077,-0.18895325,0.3772853,-0.12758327,0.15193795,-0.10414338,-0.28289935,0.70266575,-0.18867563,0.20230457,0.3495749,-0.31365222,0.0066317506,0.18244806,0.7418235,0.9066258,0.8972496,0.78931147,0.8834837,0.9146335,0.7456306,0.85025895,0.70666,0.82975507,0.8622638,0.8772702,0.7623177,0.41659117,0.8664926,0.8281263,0.7197519,0.78691685,0.9017238,0.846777
1.0,-0.3166462,0.020136498,-0.120582774,0.30200544,0.123558275,0.0024454435,0.289218,-0.19147798,0.37984854,-0.12962337,0.1524557,-0.1039163,-0.28467047,0.705056,-0.1889477,0.20574975,0.34957996,-0.31359345,0.0075247698,0.18443489,0.74216604,0.9065225,0.89761394,0.78951865,0.8833545,0.9166124,0.7467881,0.848504,0.7065214,0.8289694,0.8624469,0.87704045,0.7628673,0.417286,0.86685663,0.82793736,0.72101015,0.78726554,0.90148807,0.84768426
0.0,-0.3115606,0.010286348,-0.11849405,0.2905305,0.1122111,0.0065505467,0.2829806,-0.17788091,0.36719555,-0.11793904,0.1470293,-0.10203348,-0.27637658,0.69281197,-0.1879937,0.18798435,0.34845373,-0.31366298,0.0038826093,0.17227064,0.7398501,0.9074555,0.89588344,0.7855524,0.88567716,0.9044422,0.741282,0.8567201,0.70536923,0.8364748,0.8612841,0.87941474,0.7593714,0.41341782,0.8658066,0.82877165,0.7128523,0.7855418,0.9004331,0.84334964
0.0,-0.3172824,0.02361035,-0.12126075,0.30523822,0.12677747,0.0008223704,0.29062942,-0.1953789,0.38343185,-0.13329852,0.15385102,-0.10480678,-0.28668022,0.7072272,-0.18869998,0.21155927,0.3483322,-0.31255123,0.0085919015,0.1885942,0.7435014,0.9064546,0.8982378,0.7916168,0.88280636,0.9212492,0.7494981,0.8458387,0.70750785,0.82653767,0.8630694,0.8766579,0.76480305,0.4197157,0.8676797,0.82823414,0.7245485,0.7883843,0.9021503,0.8495607
0.0,-0.31405222,0.012789581,-0.118936285,0.29422134,0.1161808,0.005750251,0.28513223,-0.18215892,0.37132967,-0.121271595,0.14860347,-0.101977065,-0.27953097,0.69802654,-0.18882798,0.19303301,0.3501563,-0.3145676,0.005130414,0.1753743,0.7399455,0.90705127,0.8963267,0.7855881,0.8849881,0.907019,0.74204296,0.85428476,0.7049138,0.83470803,0.8613425,0.8784662,0.75953346,0.41344863,0.8657865,0.8280119,0.7142124,0.78552765,0.9002086,0.84414095
1.0,-0.31758326,0.022424232,-0.12091552,0.30449033,0.12632406,0.001523898,0.29023725,-0.19440429,0.38271433,-0.13215293,0.15328306,-0.10404774,-0.2864957,0.70733905,-0.18905747,0.20992929,0.3491691,-0.31321543,0.008449361,0.18708532,0.7428418,0.90644896,0.8980707,0.7903619,0.8830819,0.9194322,0.748441,0.8464712,0.7067602,0.82761574,0.862756,0.87677085,0.7638729,0.41854277,0.8673482,0.82790786,0.72298145,0.7878512,0.9015699,0.84887046
1.0,-0.3163478,0.02155254,-0.12107121,0.3030389,0.12406648,0.0015976271,0.2898581,-0.19277847,0.38087457,-0.13103957,0.15335234,-0.104893506,-0.2849344,0.70512384,-0.1886034,0.20777509,0.348789,-0.31294847,0.0076848045,0.18626858,0.74286425,0.90643805,0.8978293,0.79106915,0.88294345,0.9188962,0.74797547,0.8477242,0.70745087,0.8274773,0.862792,0.8768531,0.7639901,0.41856128,0.86711276,0.8282512,0.722821,0.7878344,0.90219086,0.8484662
1.0,-0.31681797,0.020623576,-0.12097166,0.30253783,0.12355321,0.002134204,0.2899863,-0.1921405,0.38029468,-0.1302677,0.15331228,-0.1046281,-0.2849158,0.7057494,-0.1889865,0.2063294,0.35014078,-0.3138558,0.0074814707,0.18523566,0.7422237,0.9063332,0.89760894,0.79008555,0.8828778,0.91732585,0.7466865,0.8484296,0.7068867,0.82796824,0.8624481,0.87662375,0.7630118,0.41727245,0.866621,0.8278531,0.72148895,0.78720593,0.9019034,0.8476505
1.0,-0.3176616,0.028392404,-0.12310889,0.30964652,0.1295208,-0.0018809736,0.29395136,-0.20081773,0.38792378,-0.13865884,0.1576469,-0.10810539,-0.2888652,0.7102559,-0.18824916,0.21874556,0.34799024,-0.31182754,0.009363495,0.19509819,0.74513733,0.90579975,0.89881444,0.79583746,0.88092834,0.92834836,0.7522625,0.84313375,0.71002614,0.8211622,0.86378074,0.87523144,0.76761127,0.42264372,0.86796635,0.82860464,0.7299093,0.78957826,0.9041654,0.85151565
0.0,-0.31936473,0.02489433,-0.12199134,0.30747366,0.12852952,0.0004336238,0.293094,-0.19802152,0.38572222,-0.13533258,0.15588598,-0.10562016,-0.2888337,0.71168685,-0.18955421,0.21375588,0.35133246,-0.31424603,0.0090045,0.19057834,0.7431128,0.9059247,0.89825,0.7915105,0.88164544,0.9221265,0.7484982,0.84509486,0.70728135,0.8246258,0.8627385,0.8752646,0.76415056,0.41855842,0.8669189,0.8273695,0.72478193,0.78770256,0.9023916,0.84910125
0.0,-0.31673032,0.021649351,-0.12085773,0.30354127,0.1251637,0.0016175956,0.28968462,-0.19332235,0.38164073,-0.13132894,0.15297441,-0.10430375,-0.2854955,0.70578957,-0.18877007,0.20855495,0.3487061,-0.31297502,0.008123744,0.18637148,0.7427529,0.90641683,0.89790285,0.79049736,0.8832308,0.9189817,0.7482541,0.84718174,0.70704466,0.82795924,0.8628064,0.87698346,0.7639521,0.41855618,0.8673132,0.8281353,0.7227565,0.78790116,0.901654,0.84878445
1.0,-0.31528172,0.015966065,-0.11949264,0.2977487,0.11978196,0.004392936,0.2866807,-0.18633537,0.37528592,-0.12490015,0.1500121,-0.10240297,-0.2819096,0.7011999,-0.1889494,0.19881487,0.3497369,-0.31406748,0.00632748,0.1791653,0.7408595,0.90685135,0.8969573,0.787056,0.884479,0.9111782,0.7443041,0.8515123,0.7053942,0.83253753,0.8618362,0.8780224,0.76098347,0.41513845,0.86635375,0.8279464,0.7170566,0.7863191,0.9005071,0.845835
0.0,-0.31296197,0.011473032,-0.11830212,0.29215598,0.11469082,0.0064291283,0.28345475,-0.17974548,0.36915392,-0.11931354,0.14698993,-0.101156905,-0.27810335,0.69522816,-0.18842371,0.1905202,0.34874216,-0.31377447,0.004635539,0.17336598,0.7400077,0.9075512,0.89621085,0.7850573,0.88577086,0.9052467,0.74197054,0.8552349,0.704688,0.83650833,0.86132324,0.8793179,0.75931895,0.41361406,0.866146,0.8284504,0.71326673,0.7856408,0.8999461,0.8438379
1.0,-0.31567,0.016292153,-0.11947372,0.29806525,0.120297916,0.0043649822,0.28687978,-0.18673007,0.37563425,-0.12524267,0.15003657,-0.102287345,-0.28233355,0.7018163,-0.18903373,0.19934154,0.34988102,-0.31411764,0.006460719,0.17948814,0.74095577,0.9069145,0.8970123,0.78696316,0.8844424,0.9112812,0.74437827,0.8512359,0.7052468,0.8324947,0.86183995,0.8779263,0.76090556,0.41516948,0.8664304,0.8278706,0.7171727,0.7863245,0.9004835,0.8458705
0.0,-0.30636162,-7.422641e-05,-0.11539173,0.27782238,0.10198971,0.0114187095,0.2749171,-0.1628258,0.3538366,-0.10492174,0.13912952,-0.09811348,-0.2683332,0.6792733,-0.18693227,0.1694372,0.34556726,-0.31276155,0.0004886277,0.15864667,0.7377178,0.90922356,0.8942469,0.7798936,0.8892108,0.8904852,0.73633265,0.8647007,0.70323104,0.8468034,0.8598421,0.88281983,0.7555462,0.4101417,0.8658,0.8300141,0.7038944,0.78408873,0.89814395,0.83894145
0.0,-0.31117994,0.008439935,-0.117904805,0.2885634,0.110776715,0.0075442623,0.28179753,-0.17550589,0.3651334,-0.115749896,0.14570782,-0.10110441,-0.27537683,0.69131017,-0.18806297,0.18485427,0.348585,-0.31392092,0.0033879057,0.1698143,0.739274,0.90772283,0.8955916,0.78412175,0.88625145,0.90165657,0.7400846,0.8580373,0.7046432,0.83836025,0.8609283,0.8798569,0.7583341,0.41239473,0.86567,0.82874507,0.7109145,0.7850716,0.89985484,0.8423889
1.0,-0.30444402,-0.0018435605,-0.1158408,0.27518153,0.09795518,0.011687551,0.27443805,-0.15977687,0.3505904,-0.1026859,0.1393186,-0.09959171,-0.26584646,0.6758963,-0.1863624,0.16525656,0.3455886,-0.31293115,-0.00072331354,0.15689209,0.7374669,0.9091878,0.8936671,0.78038436,0.88891226,0.8886786,0.73479486,0.86730736,0.70414823,0.8466174,0.85963124,0.8827205,0.75530267,0.40953156,0.8651629,0.83040684,0.70299035,0.7837362,0.8989997,0.8378087
1.0,-0.30434418,-0.0010255892,-0.11606629,0.275857,0.09837471,0.011210185,0.2747504,-0.16063568,0.35126466,-0.103575215,0.1397603,-0.10004384,-0.26601878,0.6760278,-0.18617705,0.16654494,0.34510118,-0.31252307,-0.00056316704,0.15794995,0.7378815,0.9091416,0.8938141,0.78124654,0.8887417,0.8900298,0.7355427,0.8667531,0.7046034,0.8458463,0.8598944,0.88265973,0.75593394,0.4102453,0.86533254,0.83055145,0.7040149,0.7840817,0.8993648,0.8383726
0.0,-0.3044279,-0.0016990956,-0.115881,0.27530235,0.09803016,0.011603288,0.2744946,-0.1599302,0.35071123,-0.102843836,0.13939776,-0.09967149,-0.26587805,0.6759225,-0.18633054,0.1654852,0.34550485,-0.3128606,-0.0006946176,0.15707937,0.73753935,0.90917903,0.89369315,0.780536,0.8888817,0.8889173,0.734926,0.86720896,0.704228,0.8464804,0.85967755,0.88270915,0.7554134,0.409656,0.86519194,0.8304314,0.7031705,0.7837965,0.89906377,0.8379081
0.0,-0.30445787,-0.0019370485,-0.11581567,0.27510703,0.09790902,0.011742227,0.27440533,-0.15968144,0.35051662,-0.10258551,0.1392708,-0.09954019,-0.26582924,0.6758868,-0.18638521,0.16511098,0.34564915,-0.31298125,-0.00074103475,0.15677175,0.73741764,0.9091917,0.8936503,0.7802844,0.8889306,0.88852423,0.7347073,0.86736995,0.7040954,0.8467035,0.8596003,0.88272583,0.7552292,0.4094471,0.8651418,0.8303887,0.7028719,0.7836953,0.8989572,0.8377429
1.0,-0.3042554,-0.00032250583,-0.11625951,0.27643457,0.098734416,0.010799881,0.27501863,-0.16137049,0.35184175,-0.104337186,0.14014018,-0.10043364,-0.2661663,0.67613655,-0.18601643,0.16764939,0.34468064,-0.3121721,-0.00042677298,0.158858,0.73823786,0.9091021,0.89393973,0.78198797,0.8885943,0.8911908,0.73618597,0.86627805,0.7049966,0.8451833,0.8601189,0.8826071,0.75647765,0.41086194,0.86547893,0.8306777,0.70489717,0.78437907,0.89967865,0.8388547
1.0,-0.304396,-0.001441991,-0.11595175,0.2755142,0.09816165,0.011453217,0.27459204,-0.16019957,0.35092247,-0.10312319,0.13953593,-0.09981349,-0.26593158,0.6759627,-0.18627197,0.16588992,0.34535053,-0.31273156,-0.00064434484,0.15741174,0.7376701,0.9091648,0.89373934,0.7808072,0.88882834,0.889342,0.73516154,0.8670349,0.70437104,0.8462385,0.85976064,0.8826904,0.755612,0.40988088,0.8652457,0.8304771,0.70349276,0.7839054,0.89917874,0.8380858
1.0,-0.3044532,-0.0019389782,-0.11581396,0.27510038,0.09790482,0.011743102,0.27439946,-0.15967417,0.3505091,-0.10258098,0.13926515,-0.09953901,-0.26582444,0.6758759,-0.18638262,0.1651046,0.3456417,-0.31297624,-0.00074258447,0.15676814,0.7374199,0.9091941,0.8936501,0.78028494,0.88893306,0.88852096,0.7347089,0.8673725,0.704096,0.8467089,0.8596011,0.8827285,0.75523,0.40945053,0.8651445,0.83039135,0.7028721,0.78369695,0.8989576,0.83774346
1.0,-0.30438069,-0.0013053883,-0.11598974,0.27562833,0.098232575,0.011373587,0.2746456,-0.16034447,0.35103673,-0.10327232,0.13961096,-0.09988903,-0.26596165,0.67598754,-0.18624182,0.16610596,0.34527153,-0.31266505,-0.00061731786,0.15758872,0.73773843,0.9091565,0.8937639,0.78095055,0.8887992,0.8895677,0.7352854,0.8669421,0.7044467,0.8461088,0.8598041,0.8826796,0.7557168,0.40999863,0.86527324,0.8305006,0.7036632,0.7839625,0.8992393,0.8381794
1.0,-0.3043156,-0.00079487264,-0.11612981,0.27604705,0.098492965,0.011075562,0.2748386,-0.16087735,0.35145456,-0.103825614,0.1398851,-0.100171655,-0.26606745,0.6760642,-0.18612452,0.16690785,0.34496364,-0.31240812,-0.0005182326,0.1582481,0.7379983,0.90912855,0.89385533,0.78148973,0.8886932,0.8904109,0.73575366,0.86659706,0.70473206,0.8456287,0.85996825,0.8826425,0.7561121,0.41044727,0.86538035,0.8305925,0.7043042,0.7841791,0.8994677,0.8385311
1.0,-0.30430114,-0.00067144074,-0.116164014,0.27614972,0.0985569,0.0110036135,0.274887,-0.16100766,0.3515573,-0.10395999,0.13995294,-0.10024004,-0.26609445,0.6760862,-0.18609713,0.16710258,0.344892,-0.312348,-0.00049398467,0.1584078,0.7380602,0.90912104,0.8938774,0.78161925,0.8886669,0.8906146,0.73586553,0.86651343,0.7048007,0.8455115,0.8600074,0.8826327,0.75620705,0.41055405,0.8654053,0.83061403,0.70445836,0.7842307,0.8995224,0.83861524
0.0,-0.30453002,-0.0026358236,-0.11562005,0.2745168,0.09754344,0.012149451,0.27412832,-0.15893377,0.3499263,-0.10181828,0.13888474,-0.09915517,-0.26567283,0.67574906,-0.18653622,0.16400045,0.34604704,-0.31331795,-0.00088150054,0.15586454,0.73706985,0.90923584,0.89352435,0.77955335,0.88907963,0.8873696,0.73407555,0.86784697,0.7037123,0.8473691,0.85937613,0.88278216,0.7546958,0.40885073,0.8650039,0.83027315,0.7020038,0.7834055,0.8986481,0.8372618
1.0,-0.30437332,-0.0012628231,-0.116000935,0.27566126,0.09825302,0.011348598,0.2746597,-0.1603868,0.35106915,-0.10331753,0.139632,-0.099912524,-0.26596868,0.6759896,-0.18623081,0.16617155,0.34524235,-0.3126412,-0.0006095171,0.15764326,0.73776144,0.909155,0.8937716,0.7809965,0.8887913,0.88963795,0.735326,0.86691374,0.70447105,0.8460702,0.85981834,0.88267756,0.7557507,0.41003826,0.8652834,0.8305093,0.70371765,0.7839815,0.89925885,0.8382095
1.0,-0.3043808,-0.0013240576,-0.11598406,0.27561066,0.09822158,0.011384357,0.2746362,-0.1603225,0.3510186,-0.103250995,0.13959882,-0.09987867,-0.2659557,0.67597973,-0.18624467,0.16607505,0.34527868,-0.31267166,-0.00062150136,0.15756407,0.73773044,0.9091586,0.89376056,0.780932,0.888804,0.88953686,0.7352699,0.8669552,0.70443696,0.8461279,0.8597988,0.88268214,0.75570345,0.40998483,0.8652708,0.8304986,0.70364094,0.78395575,0.8992316,0.83816737
1.0,-0.30436194,-0.001164021,-0.11602835,0.2757435,0.09830419,0.0112910215,0.2746982,-0.1604913,0.3511516,-0.10342525,0.1396861,-0.0999672,-0.2659902,0.6760072,-0.18620889,0.1663276,0.3451849,-0.31259292,-0.0005899966,0.15777117,0.7378109,0.9091491,0.8937893,0.7811003,0.8887702,0.8898012,0.7354156,0.8668467,0.7045259,0.8459764,0.8598499,0.8826698,0.75582665,0.41012362,0.8653034,0.8305265,0.703841,0.78402287,0.8993027,0.8382772
0.0,-0.30453017,-0.0026256945,-0.11562316,0.27452657,0.09754949,0.012143604,0.2741336,-0.15894586,0.34993643,-0.10183002,0.13889141,-0.09916075,-0.2656762,0.6757536,-0.18653479,0.16401735,0.34604338,-0.3133145,-0.0008791685,0.15587793,0.737074,0.9092346,0.89352614,0.77956337,0.88907707,0.8873864,0.73408383,0.86783975,0.70371735,0.84735864,0.8593792,0.88278073,0.754703,0.40885797,0.865005,0.830274,0.70201576,0.7834091,0.89865226,0.83726835
0.0,-0.3045838,-0.003140539,-0.115479276,0.27409238,0.09728111,0.012443727,0.27393183,-0.15839551,0.34950286,-0.10126446,0.1386093,-0.09887791,-0.2655627,0.67565435,-0.18664667,0.16319892,0.3463397,-0.31356525,-0.000982821,0.1552094,0.7368163,0.9092661,0.893433,0.7790236,0.88918555,0.8865355,0.7336168,0.86819136,0.7034356,0.8478471,0.8592124,0.8828207,0.7543094,0.4084179,0.86490226,0.83018863,0.70137584,0.7831946,0.8984239,0.8369115
1.0,-0.30445033,-0.001916986,-0.11581996,0.2751184,0.09791602,0.011730237,0.27440768,-0.15969716,0.350527,-0.102604866,0.13927682,-0.099551156,-0.26582888,0.67587924,-0.18637753,0.16513917,0.34562826,-0.31296498,-0.0007382892,0.15679653,0.7374313,0.909193,0.89365405,0.7803083,0.8889286,0.8885574,0.73472923,0.8673576,0.7041083,0.8466883,0.85960823,0.8827271,0.755247,0.40947,0.86514926,0.83039534,0.70289975,0.78370637,0.89896756,0.8377587
1.0,-0.30433688,-0.00095774047,-0.11608526,0.27591404,0.09841021,0.011170652,0.27477744,-0.16070798,0.35132194,-0.10364947,0.13979803,-0.10008143,-0.26603413,0.6760408,-0.18616232,0.16665247,0.34506267,-0.3124906,-0.0005496666,0.15803793,0.73791516,0.9091373,0.89382625,0.7813174,0.88872695,0.89014184,0.73560387,0.86670697,0.7046407,0.8457815,0.85991585,0.88265413,0.75598574,0.41030365,0.86534584,0.8305629,0.7040993,0.7841098,0.89939475,0.83841884
1.0,-0.30433127,-0.00090336986,-0.116100535,0.27596,0.09843883,0.011138963,0.2747995,-0.16076617,0.3513682,-0.10370906,0.13982853,-0.100111544,-0.26604655,0.67605203,-0.1861506,0.16673878,0.34503224,-0.3124649,-0.0005388111,0.15810844,0.73794186,0.9091337,0.89383596,0.7813742,0.888715,0.89023167,0.73565286,0.8666699,0.7046707,0.8457294,0.8599329,0.8826494,0.7560272,0.41035,0.8653564,0.8305719,0.70416695,0.7841321,0.8994186,0.83845574
0.0,-0.30432963,-0.0012899786,-0.115981564,0.2755898,0.09820822,0.01136185,0.2745998,-0.16030708,0.35098827,-0.103264615,0.1395726,-0.099896595,-0.26592085,0.6758824,-0.18620713,0.16609651,0.34517488,-0.31259665,-0.0006260127,0.1575967,0.73777896,0.9091789,0.8937672,0.7809927,0.8888162,0.88959146,0.73533523,0.86694354,0.70447236,0.84612995,0.85982347,0.8827041,0.7557517,0.4100652,0.8653088,0.8305331,0.7037095,0.7839947,0.8992602,0.838209
0.0,-0.3043442,-0.0010098908,-0.11607112,0.275872,0.09838404,0.011201132,0.2747585,-0.1606543,0.3512801,-0.103593305,0.13977066,-0.10005258,-0.26602384,0.67603457,-0.18617468,0.16657105,0.34509525,-0.31251764,-0.00055963546,0.15797076,0.7378882,0.9091398,0.8938169,0.78126204,0.8887375,0.8900558,0.7355557,0.866742,0.70461124,0.84583,0.8598989,0.88265765,0.75594515,0.41025722,0.8653346,0.8305531,0.7040335,0.78408724,0.89937127,0.8383827
1.0,-0.30436918,-0.0012160186,-0.11601422,0.2757015,0.09827801,0.011321414,0.2746791,-0.16043751,0.35110962,-0.10336916,0.13965869,-0.09993848,-0.2659799,0.6760005,-0.18622115,0.16624627,0.34521717,-0.31261975,-0.00059999526,0.15770416,0.7377841,0.90915173,0.89377993,0.7810451,0.8887808,0.88971525,0.7353676,0.8668817,0.7044967,0.8460249,0.85983294,0.8826733,0.7557861,0.41007742,0.8652921,0.8305167,0.70377547,0.7840005,0.89927936,0.83824116
0.0,-0.3045883,-0.0032007378,-0.11546199,0.27403975,0.097248636,0.012478713,0.2739064,-0.15832928,0.34944993,-0.10119748,0.13857475,-0.09884484,-0.2655479,0.6756391,-0.18665865,0.16310206,0.34637126,-0.31359243,-0.0009953901,0.15513083,0.7367874,0.9092705,0.8934221,0.77896154,0.8891989,0.88643605,0.7335635,0.8682329,0.7034034,0.8479054,0.85919327,0.8828263,0.7542644,0.40836838,0.86489135,0.83017975,0.7013021,0.78317046,0.8983977,0.8368704
0.0,-0.30464944,-0.0037597213,-0.1153066,0.2735715,0.09695982,0.01280483,0.27369243,-0.15773474,0.34898394,-0.10058428,0.13827325,-0.09853865,-0.26542866,0.6755393,-0.18678239,0.1622149,0.34670064,-0.31387052,-0.0011074878,0.15440539,0.7365042,0.9093026,0.8933206,0.7783734,0.8893145,0.88551235,0.7330531,0.8686143,0.703097,0.8484323,0.85900974,0.88286686,0.75383574,0.40788716,0.86477697,0.8300851,0.7006058,0.78293544,0.89814854,0.83647937
0.0,-0.30450016,-0.0023654457,-0.11569528,0.2747433,0.09768359,0.0119917635,0.27423334,-0.15922113,0.35015243,-0.102114365,0.13903207,-0.09930396,-0.26573154,0.6757982,-0.18647657,0.16442898,0.34588948,-0.31318504,-0.0008275099,0.1562152,0.73720586,0.90921974,0.8935731,0.77983725,0.889023,0.8878164,0.7343215,0.8676627,0.70386106,0.8471131,0.8594637,0.88276154,0.754903,0.4090835,0.8650584,0.830319,0.7023407,0.78351873,0.89876825,0.8374491
0.0,-0.30452958,-0.002616791,-0.11562574,0.2745345,0.09755439,0.012138441,0.2741375,-0.15895578,0.34994435,-0.101839975,0.13889672,-0.099165656,-0.2656785,0.6757562,-0.1865331,0.16403171,0.346039,-0.3133107,-0.0008772388,0.15588956,0.73707825,0.9092338,0.8935277,0.7795724,0.88907504,0.887401,0.73409146,0.8678337,0.7037222,0.8473498,0.8593818,0.88277984,0.75470954,0.4088653,0.86500657,0.8302753,0.70202655,0.7834126,0.898656,0.8372743
0.0,-0.3043715,-0.0012066364,-0.116017714,0.27571297,0.0982852,0.011316139,0.27468652,-0.16045134,0.35112184,-0.10338113,0.1396672,-0.09994372,-0.26598516,0.67601,-0.18622129,0.16626352,0.34521803,-0.31261954,-0.0005972944,0.15771714,0.7377864,0.90914947,0.8937816,0.78105307,0.88877743,0.88973093,0.7353736,0.8668744,0.7045006,0.8460135,0.85983497,0.88267064,0.7557917,0.41008168,0.86529166,0.8305163,0.70378524,0.7840026,0.8992825,0.8382462
0.0,-0.3044528,-0.0019316636,-0.11581612,0.27510685,0.0979089,0.011738833,0.27440277,-0.15968247,0.35051578,-0.102589205,0.13926953,-0.09954308,-0.26582646,0.67587817,-0.18638128,0.16511646,0.34563822,-0.31297317,-0.0007410124,0.15677771,0.73742336,0.90919346,0.8936513,0.7802924,0.8889313,0.8885331,0.73471546,0.8673674,0.7040999,0.8467017,0.8596033,0.88272774,0.75523543,0.40945655,0.8651457,0.8303923,0.702881,0.7836998,0.8989608,0.83774835
0.0,-0.30444336,-0.0018526837,-0.115837865,0.27517232,0.09794944,0.0116927605,0.27443296,-0.1597655,0.3505808,-0.102675214,0.13931215,-0.099586606,-0.2658431,0.6758912,-0.18636346,0.165241,0.34559113,-0.3129337,-0.0007254854,0.1568799,0.7374634,0.90918905,0.89366555,0.7803756,0.8889149,0.8886636,0.7347877,0.86731386,0.7041437,0.8466273,0.8596288,0.8827219,0.75529635,0.40952536,0.86516213,0.8304062,0.70297986,0.7837331,0.89899606,0.837803
1.0,-0.30440074,-0.0014695618,-0.11594449,0.2754929,0.09814848,0.011469381,0.27458304,-0.16017221,0.3509016,-0.10309394,0.13952243,-0.09979828,-0.2659271,0.6759614,-0.18627913,0.16584751,0.34536955,-0.31274712,-0.00064938515,0.15737644,0.73765516,0.90916574,0.8937344,0.7807774,0.88883346,0.8892966,0.73513526,0.8670532,0.70435524,0.84626347,0.8597513,0.8826917,0.7555902,0.40985522,0.8652391,0.8304714,0.7034575,0.78389305,0.899166,0.8380662
1.0,-0.30444488,-0.0018616784,-0.11583552,0.2751653,0.09794517,0.011698037,0.27443,-0.15975657,0.35057408,-0.1026656,0.13930772,-0.099581674,-0.26584157,0.67589074,-0.18636572,0.16522714,0.3455974,-0.3129388,-0.0007271357,0.15686834,0.7374585,0.90918934,0.89366394,0.7803658,0.88891655,0.88864875,0.7347791,0.86731976,0.70413846,0.8466354,0.8596257,0.8827224,0.7552892,0.409517,0.8651599,0.83040434,0.70296836,0.783729,0.8989919,0.83779657
0.0,-0.30443045,-0.0017388742,-0.115869485,0.27526727,0.09800834,0.0116264075,0.27447712,-0.15988606,0.35067576,-0.102799445,0.13937426,-0.09964945,-0.26586774,0.6759114,-0.18633819,0.16542104,0.3455248,-0.3128779,-0.0007029623,0.15702733,0.7375205,0.9091823,0.89368606,0.7804951,0.8888908,0.8888516,0.73489124,0.8672365,0.70420665,0.8465195,0.8596654,0.8827132,0.7553837,0.40962356,0.8651852,0.8304257,0.7031218,0.78378075,0.8990466,0.8378814
1.0,-0.3044672,-0.002055861,-0.1157817,0.2750037,0.09784491,0.011811312,0.27435502,-0.1595513,0.35041255,-0.102453694,0.13920224,-0.09947458,-0.2657999,0.675857,-0.1864091,0.16492024,0.3457115,-0.3130347,-0.00076556206,0.15661687,0.73736066,0.9092007,0.893629,0.78016174,0.8889572,0.8883279,0.73460215,0.8674518,0.7040312,0.8468189,0.8595632,0.88273704,0.7551399,0.40934893,0.8651203,0.8303708,0.7027259,0.7836476,0.8989054,0.8376625
1.0,-0.30440396,-0.001511151,-0.11593255,0.27545655,0.09812584,0.011493571,0.2745651,-0.16012645,0.35086483,-0.10304776,0.13949811,-0.09977524,-0.26591665,0.67595047,-0.18628728,0.16578066,0.3453909,-0.31276545,-0.0006580055,0.1573222,0.73763543,0.909169,0.89372694,0.78073466,0.88884294,0.8892278,0.73509866,0.8670819,0.7043327,0.84630406,0.85973847,0.8826958,0.7555589,0.40982112,0.86523175,0.8304652,0.7034064,0.7838765,0.899148,0.83803827
0.0,-0.30459687,-0.0032665096,-0.115444064,0.2739861,0.097215496,0.012517158,0.27388263,-0.15826078,0.34939688,-0.101125985,0.1385405,-0.098808825,-0.26553506,0.6756303,-0.18667406,0.16299859,0.3464124,-0.31362677,-0.0010082275,0.15504579,0.7367531,0.9092737,0.8934102,0.77889156,0.8892121,0.88632745,0.73350245,0.8682775,0.7033668,0.84796655,0.8591714,0.8828303,0.7542133,0.40831032,0.8648769,0.8301678,0.70121944,0.78314215,0.89836806,0.8368239
1.0,-0.30441418,-0.0015760195,-0.11591527,0.2754054,0.09809417,0.011531513,0.27454287,-0.16006094,0.35081452,-0.10297838,0.1394654,-0.09973946,-0.2659051,0.6759453,-0.18630357,0.16568008,0.3454338,-0.31280082,-0.0006701574,0.15723884,0.7376009,0.9091715,0.8937153,0.780665,0.8888555,0.88912064,0.73503757,0.8671253,0.7042959,0.8463634,0.8597168,0.88269943,0.7555077,0.4097619,0.8652167,0.8304524,0.7033238,0.78384775,0.89911836,0.83799255
1.0,-0.30442145,-0.0016733333,-0.1158873,0.27532026,0.09804122,0.011588085,0.27450097,-0.15995368,0.35072833,-0.102870256,0.13940853,-0.09968561,-0.26588053,0.6759196,-0.18632261,0.16552356,0.34548363,-0.31284368,-0.0006903559,0.15711187,0.73755455,0.90917915,0.89369786,0.7805647,0.88887763,0.8889598,0.7349519,0.8671923,0.70424336,0.8464585,0.85968685,0.8827089,0.7554349,0.40968207,0.8651995,0.830438,0.7032045,0.7838091,0.8990762,0.8379271
0.0,-0.30430532,-0.0007184781,-0.11615065,0.27610922,0.09853171,0.011030935,0.2748672,-0.16095656,0.3515165,-0.10390815,0.13992585,-0.100213975,-0.26608294,0.6760749,-0.18610674,0.1670275,0.3449169,-0.3123693,-0.00050354004,0.15834665,0.7380374,0.90912443,0.89386904,0.78157055,0.8886775,0.89053696,0.7358239,0.86654556,0.704775,0.8455571,0.8599928,0.882637,0.7561715,0.41051495,0.8653966,0.8306065,0.70440036,0.7842117,0.8995019,0.8385837
1.0,-0.30444068,-0.0018208697,-0.11584696,0.27519986,0.09796655,0.011674279,0.27444634,-0.15980026,0.3506086,-0.102710456,0.13933042,-0.099604204,-0.2658509,0.675899,-0.186357,0.165292,0.3455744,-0.31291935,-0.0007189512,0.15692136,0.7374788,0.9091867,0.8936713,0.78040844,0.8889077,0.88871616,0.7348159,0.86729205,0.7041609,0.84659636,0.85963863,0.882719,0.75532025,0.40955168,0.86516786,0.830411,0.7030189,0.78374594,0.8990099,0.8378245
0.0,-0.30456057,-0.00292187,-0.115540266,0.27427644,0.09739478,0.012316229,0.27401695,-0.15862885,0.34968638,-0.10150461,0.1387286,-0.098997965,-0.26561043,0.6756957,-0.18659887,0.16354635,0.3462129,-0.31345806,-0.00093884766,0.15549332,0.73692614,0.9092529,0.8934726,0.7792532,0.88913965,0.88689697,0.7338157,0.8680421,0.70355535,0.84764,0.85928345,0.88280404,0.75447685,0.40860534,0.86494625,0.8302251,0.7016478,0.783286,0.89852107,0.8370635
1.0,-0.30424318,-0.00023126975,-0.1162844,0.27650887,0.09878073,0.010746617,0.27505293,-0.16146512,0.35191596,-0.1044357,0.14018905,-0.10048428,-0.26618508,0.6761495,-0.18599515,0.16779214,0.34462515,-0.31212592,-0.0004092604,0.15897565,0.73828435,0.9090972,0.89395607,0.7820844,0.8885754,0.8913415,0.7362697,0.8662166,0.7050479,0.8450976,0.86014813,0.8826005,0.7565486,0.4109427,0.86549824,0.83069444,0.7050121,0.7844179,0.8997196,0.83891726
1.0,-0.30437365,-0.0012753382,-0.11599719,0.27564976,0.09824587,0.011355843,0.27465364,-0.16037238,0.35105747,-0.10330337,0.1396241,-0.09990561,-0.265965,0.675985,-0.18623285,0.16615108,0.3452477,-0.31264594,-0.00061221793,0.15762681,0.73775584,0.9091564,0.8937693,0.7809841,0.88879424,0.8896173,0.7353154,0.8669225,0.70446455,0.8460828,0.8598147,0.8826791,0.7557416,0.41002855,0.8652815,0.8305079,0.7037026,0.78397685,0.89925367,0.83820134
1.0,-0.3043888,-0.0013869125,-0.1159668,0.27555907,0.09818956,0.011421042,0.27461252,-0.16025688,0.35096717,-0.10318281,0.13956515,-0.09984393,-0.26594278,0.67597044,-0.18625912,0.16597629,0.34531677,-0.3127034,-0.0006336868,0.15748283,0.73769826,0.909162,0.89374924,0.78086555,0.8888171,0.88943297,0.73521227,0.8669977,0.7044019,0.84618694,0.85977846,0.8826866,0.7556548,0.40992957,0.8652575,0.83048725,0.7035621,0.78392893,0.8992035,0.838124
0.0,-0.30456224,-0.002946673,-0.1155331,0.27425447,0.097381264,0.012330629,0.27400628,-0.15860128,0.34966433,-0.10147682,0.13871412,-0.098984316,-0.26560405,0.6756887,-0.18660368,0.16350627,0.34622553,-0.31346896,-0.00094407797,0.15546086,0.7369144,0.90925497,0.8934681,0.7792276,0.8891454,0.8868559,0.73379374,0.86805934,0.7035422,0.84766424,0.8592757,0.8828065,0.7544582,0.40858513,0.8649419,0.83022153,0.7016176,0.78327614,0.89851034,0.8370466
0.0,-0.30447292,-0.0021230076,-0.11576261,0.27494568,0.097808965,0.0118503645,0.27432707,-0.15947807,0.35035437,-0.10237941,0.13916391,-0.099437535,-0.26578376,0.6758412,-0.18642281,0.16481274,0.34574747,-0.3130655,-0.000779368,0.15652943,0.737328,0.9092055,0.89361686,0.7800921,0.88897204,0.8882169,0.73454237,0.86749786,0.7039948,0.8468838,0.8595421,0.8827432,0.7550892,0.40929282,0.8651078,0.8303605,0.70264316,0.78362036,0.89887613,0.8376168
1.0,-0.3042897,-0.00059750304,-0.116183825,0.2762082,0.098593295,0.010960314,0.27491292,-0.16108257,0.35161525,-0.10403904,0.13999082,-0.100281045,-0.26610804,0.67609286,-0.18607886,0.16721717,0.3448439,-0.31230843,-0.00048013031,0.15850279,0.738099,0.9091179,0.8938907,0.7816983,0.8886523,0.8907367,0.73593485,0.8664639,0.7048428,0.8454433,0.8600316,0.88262814,0.7562652,0.41062135,0.8654221,0.8306286,0.70455235,0.784263,0.8995561,0.8386668
0.0,-0.30446532,-0.002041012,-0.11578575,0.27501577,0.09785239,0.011802642,0.2743605,-0.15956663,0.35042465,-0.10246977,0.13921006,-0.09948273,-0.26580286,0.6758592,-0.18640561,0.16494355,0.34570235,-0.3130271,-0.0007626936,0.15663603,0.7373683,0.90919995,0.89363164,0.7801774,0.8889542,0.8883524,0.7346158,0.8674418,0.7040395,0.8468051,0.859568,0.882736,0.7551515,0.4093619,0.8651234,0.8303735,0.7027445,0.7836539,0.8989121,0.8376728
1.0,-0.30429518,-0.0006260816,-0.11617641,0.27618665,0.098579906,0.010977119,0.274904,-0.16105469,0.3515942,-0.10400899,0.13997717,-0.10026522,-0.26610366,0.6760926,-0.18608657,0.16717356,0.3448643,-0.31232503,-0.00048527494,0.15846631,0.7380832,0.90911865,0.8938855,0.78166723,0.8886575,0.89068955,0.73590726,0.8664828,0.7048261,0.8454688,0.860022,0.8826294,0.7562421,0.4105943,0.86541486,0.8306223,0.7045154,0.78425,0.89954275,0.83864635
0.0,-0.30453038,-0.0026060417,-0.115629196,0.27454546,0.097561225,0.01213228,0.27414364,-0.15896928,0.34995562,-0.10185273,0.13890435,-0.09917161,-0.26568246,0.67576224,-0.1865319,0.16405007,0.34603605,-0.3133077,-0.0008746721,0.155904,0.73708254,0.9092323,0.89352965,0.77958274,0.8890719,0.88741887,0.73410004,0.86782587,0.7037275,0.8473383,0.8593848,0.88277805,0.7547169,0.40887246,0.86500746,0.83027595,0.70203894,0.78341603,0.8986603,0.8372811
0.0,-0.3043466,-0.0010298211,-0.11606559,0.27585548,0.09837379,0.011212768,0.27475083,-0.16063331,0.35126352,-0.10357161,0.13975975,-0.1000415,-0.2660196,0.67603123,-0.18617915,0.16653961,0.345107,-0.31252748,-0.000563547,0.15794492,0.7378781,0.90914094,0.89381325,0.78124106,0.8887417,0.8900228,0.73553765,0.86675555,0.7046003,0.8458489,0.85989255,0.8826591,0.75592977,0.41023964,0.86533046,0.8305495,0.7040086,0.7840789,0.8993623,0.838369
0.0,-0.30444345,-0.0018397421,-0.115841866,0.27518475,0.09795718,0.01168528,0.2744396,-0.15978092,0.3505937,-0.1026901,0.13932069,-0.09959381,-0.26584727,0.6758969,-0.18636157,0.16526261,0.3455864,-0.31292933,-0.00072253495,0.15689705,0.73746884,0.90918756,0.8936679,0.78038836,0.8889115,0.88868505,0.7347982,0.8673047,0.7041503,0.8466138,0.85963243,0.8827201,0.7553055,0.40953484,0.8651637,0.8304075,0.7029951,0.7837378,0.89900136,0.8378113
1.0,-0.30445653,-0.001964528,-0.11580697,0.2750795,0.09789192,0.011758018,0.2743901,-0.1596476,0.3504883,-0.10255331,0.13925165,-0.09952494,-0.26581934,0.67587245,-0.18638858,0.16506445,0.34565744,-0.31298935,-0.0007475391,0.15673509,0.7374068,0.9091955,0.89364535,0.78025776,0.8889381,0.8884788,0.73468554,0.86738974,0.70408183,0.8467328,0.8595927,0.8827303,0.75521016,0.40942803,0.86513907,0.83038664,0.70284003,0.783686,0.8989461,0.83772564
0.0,-0.30454755,-0.0028076787,-0.11557189,0.27437136,0.09745347,0.012249606,0.2740603,-0.1587496,0.34978092,-0.10162935,0.13878995,-0.0990607,-0.26563445,0.67571485,-0.18657325,0.16372699,0.34614488,-0.31340086,-0.00091619045,0.15564129,0.7369842,0.90924656,0.89349324,0.7793736,0.88911617,0.8870856,0.7339202,0.86796445,0.70361835,0.8475326,0.8593208,0.8827958,0.75456464,0.4087043,0.86496985,0.8302449,0.70179045,0.7833342,0.898572,0.8371431
1.0,-0.30440637,-0.0015338641,-0.115926184,0.27543736,0.09811397,0.011506777,0.27455604,-0.16010217,0.35084575,-0.10302286,0.13948551,-0.09976269,-0.26591152,0.67594606,-0.18629217,0.16574463,0.34540376,-0.3127763,-0.00066256523,0.15729272,0.73762405,0.9091704,0.8937229,0.78071094,0.8888479,0.88919026,0.7350782,0.8670973,0.7043203,0.84632576,0.85973126,0.8826977,0.75554156,0.4098018,0.8652272,0.8304614,0.7033782,0.78386706,0.8991379,0.83802277
1.0,-0.30442238,-0.0016856678,-0.11588377,0.27530956,0.09803463,0.011595236,0.27449578,-0.15994024,0.35071772,-0.10285658,0.13940147,-0.099678785,-0.26587752,0.6759165,-0.18632519,0.16550383,0.34549022,-0.31284934,-0.00069289654,0.1570958,0.7375486,0.90918005,0.8936956,0.7805521,0.8888805,0.8889394,0.734941,0.8672008,0.7042367,0.8464704,0.859683,0.88271004,0.7554255,0.40967178,0.86519724,0.8304361,0.7031894,0.7838042,0.8990708,0.8379188
0.0,-0.30441108,-0.0015782062,-0.11591379,0.2754,0.09809076,0.011532642,0.27453846,-0.16005488,0.35080826,-0.102974296,0.1394609,-0.099738196,-0.2659015,0.67593724,-0.1863018,0.1656743,0.3454289,-0.3127976,-0.00067140907,0.15723519,0.73760206,0.90917325,0.8937149,0.78066456,0.8888573,0.88911694,0.7350381,0.8671276,0.7042959,0.846368,0.85971713,0.8827013,0.7555077,0.40976372,0.86521846,0.8304541,0.703323,0.7838487,0.89911836,0.83799237
0.0,-0.30435038,-0.0010461863,-0.11606158,0.2758439,0.0983666,0.011222407,0.2747465,-0.16061814,0.35125232,-0.103554755,0.13975267,-0.10003251,-0.2660178,0.6760327,-0.18618403,0.16651514,0.34511998,-0.3125379,-0.00056627765,0.15792426,0.73786855,0.90914106,0.89381033,0.7812228,0.88874435,0.8899959,0.73552126,0.8667662,0.70459056,0.84586304,0.85988677,0.8826593,0.7559163,0.41022345,0.86532587,0.8305456,0.70398706,0.784071,0.8993545,0.8383571
0.0,-0.30456147,-0.0029308945,-0.1155377,0.27426848,0.09738993,0.012321467,0.27401316,-0.15861899,0.34967852,-0.101494506,0.13872342,-0.09899299,-0.2656082,0.6756933,-0.18660067,0.16353184,0.3462177,-0.31346214,-0.000940755,0.15548152,0.7369218,0.9092536,0.89347094,0.7792437,0.8891418,0.88688207,0.73380756,0.8680483,0.70355046,0.8476488,0.8592806,0.88280493,0.75447,0.40859795,0.8649446,0.8302238,0.70163673,0.7832824,0.89851713,0.8370573
0.0,-0.30447587,-0.0021131597,-0.11576632,0.27495804,0.097816646,0.011844849,0.27433512,-0.15949285,0.3503675,-0.10239209,0.13917306,-0.09944305,-0.26578942,0.6758515,-0.18642312,0.16483101,0.3457488,-0.3130656,-0.0007764362,0.1565431,0.7373303,0.909203,0.89361864,0.78010035,0.88896835,0.8882332,0.7345483,0.8674902,0.7039988,0.8468717,0.85954404,0.88274026,0.7550948,0.409297,0.86510724,0.8303597,0.7026532,0.78362244,0.8988794,0.8376221
1.0,-0.30442104,-0.0016383994,-0.115897864,0.2753531,0.098061614,0.011567937,0.27451828,-0.15999447,0.35076195,-0.102910146,0.139431,-0.09970498,-0.2658913,0.67593336,-0.18631718,0.1655812,0.34546962,-0.312831,-0.00068258494,0.15715796,0.7375697,0.9091754,0.89370406,0.7805997,0.88886875,0.8890176,0.7349811,0.8671677,0.7042615,0.84642285,0.859697,0.8827043,0.7554599,0.40970832,0.8652043,0.83044183,0.7032461,0.7838218,0.89909065,0.8379498
0.0,-0.30449837,-0.002352124,-0.11569886,0.27475387,0.097690165,0.011983959,0.274238,-0.15923476,0.35016298,-0.10212873,0.13903889,-0.09931128,-0.265734,0.67579955,-0.18647332,0.16444975,0.3458809,-0.31317794,-0.0008249879,0.15623233,0.73721284,0.90921915,0.8935756,0.77985144,0.8890204,0.88783836,0.73433405,0.86765385,0.70386857,0.84710085,0.8594681,0.88276076,0.75491345,0.40909538,0.8650615,0.8303215,0.7023575,0.7835245,0.8987743,0.8374585
0.0,-0.3044307,-0.0017280579,-0.115872845,0.27527782,0.09801491,0.011620134,0.27448288,-0.15989904,0.35068655,-0.10281196,0.13938156,-0.09965545,-0.26587135,0.6759164,-0.18633674,0.16543916,0.34552097,-0.31287432,-0.0007004738,0.15704173,0.73752505,0.90918094,0.89368796,0.7805058,0.888888,0.88886946,0.7349,0.86722875,0.70421207,0.84650815,0.8596684,0.8827116,0.75539136,0.4096315,0.8651864,0.83042675,0.7031346,0.7837846,0.899051,0.83788824
1.0,-0.30432028,-0.0008288566,-0.11612055,0.27601948,0.098475814,0.0110954195,0.27482608,-0.16084224,0.3514272,-0.10378896,0.1398671,-0.10015279,-0.2660606,0.6760596,-0.1861325,0.16685468,0.34498468,-0.31242558,-0.000524763,0.15820429,0.7379809,0.9091303,0.8938494,0.78145367,0.8887002,0.89035463,0.7357222,0.86661994,0.7047129,0.84566045,0.85995734,0.8826448,0.7560857,0.41041705,0.865373,0.8305862,0.7042613,0.78416455,0.89945245,0.83850753
1.0,-0.3044219,-0.0016698167,-0.11588849,0.27532414,0.09804364,0.011586068,0.27450326,-0.15995842,0.35073245,-0.10287455,0.13941129,-0.09968759,-0.2658821,0.6759219,-0.18632239,0.16552979,0.3454832,-0.31284308,-0.0006894134,0.15711667,0.73755574,0.90917844,0.89369845,0.7805681,0.88887656,0.88896567,0.7349545,0.86718965,0.7042451,0.84645456,0.85968775,0.88270825,0.75543714,0.40968406,0.86519957,0.830438,0.70320845,0.7838102,0.8990775,0.8379292
1.0,-0.30444625,-0.0018663388,-0.11583443,0.27516225,0.09794323,0.01170082,0.27442908,-0.15975252,0.35057116,-0.10266097,0.13930593,-0.099579096,-0.26584125,0.6758916,-0.18636729,0.16522041,0.34560153,-0.3129421,-0.0007279068,0.15686253,0.7374556,0.9091892,0.89366305,0.7803605,0.8889172,0.888641,0.73477423,0.86732274,0.7041357,0.8466392,0.859624,0.8827224,0.75528526,0.4095121,0.86515844,0.83040303,0.70296204,0.7837267,0.8989896,0.8377931
0.0,-0.30431715,-0.0008233655,-0.1161215,0.2760216,0.09847711,0.0110920835,0.27482572,-0.16084549,0.35142875,-0.103793755,0.1398679,-0.1001558,-0.26605976,0.67605567,-0.18612982,0.16686174,0.3449773,-0.31241998,-0.0005242154,0.15821081,0.7379851,0.90913105,0.8938504,0.78146076,0.88869995,0.89036363,0.7357289,0.86661685,0.70471674,0.84565693,0.8599598,0.88264555,0.75609094,0.41042438,0.8653757,0.83058864,0.70426947,0.7841681,0.8994555,0.8385122
1.0,-0.3043616,-0.0011641067,-0.11602822,0.27574313,0.098303884,0.011291051,0.27469784,-0.16049084,0.35115105,-0.10342498,0.1396857,-0.09996715,-0.26598987,0.6760065,-0.18620867,0.16632718,0.34518436,-0.31259257,-0.0005901009,0.15777096,0.7378111,0.9091492,0.8937893,0.7811003,0.88877046,0.88980097,0.7354159,0.8668468,0.704526,0.84597677,0.85985,0.8826699,0.7558268,0.41012397,0.8653035,0.8305267,0.7038411,0.784023,0.89930284,0.8382773
1.0,-0.30439097,-0.0013975296,-0.11596407,0.2755513,0.09818473,0.0114273,0.27460942,-0.16024673,0.35095966,-0.10317168,0.13956031,-0.09983803,-0.26594132,0.67597073,-0.18626206,0.16596022,0.34532472,-0.31270987,-0.0006355494,0.15746933,0.73769236,0.9091622,0.8937473,0.78085387,0.88881886,0.88941544,0.7352019,0.86700475,0.70439565,0.84619635,0.8597747,0.882687,0.7556462,0.40991932,0.8652546,0.83048475,0.70354825,0.783924,0.8991984,0.8381162
1.0,-0.3043883,-0.0013708118,-0.11597158,0.27557385,0.09819872,0.011411762,0.27462018,-0.16027527,0.3509823,-0.10320097,0.13957521,-0.09985283,-0.26594743,0.67597604,-0.18625638,0.16600263,0.3453097,-0.31269714,-0.0006301999,0.15750402,0.7377055,0.9091604,0.8937521,0.78088176,0.88881314,0.8894596,0.7352259,0.8669865,0.70441043,0.8461707,0.85978323,0.8826847,0.7556667,0.409942,0.86525995,0.8304892,0.70358133,0.78393507,0.8992103,0.83813447
1.0,-0.30442595,-0.001708759,-0.11587757,0.2752912,0.09802326,0.011608768,0.27448773,-0.15991673,0.35069954,-0.102831796,0.13938966,-0.09966605,-0.26587334,0.67591435,-0.18633084,0.16546792,0.34550527,-0.31286177,-0.00069724023,0.15706614,0.73753643,0.90918094,0.8936915,0.78052735,0.88888496,0.88890123,0.7349194,0.8672163,0.70422363,0.8464917,0.85967535,0.8827114,0.7554074,0.4096508,0.86519194,0.8304315,0.70316005,0.7837939,0.89906037,0.83790255
1.0,-0.30427667,-0.00048110634,-0.11621623,0.27630565,0.09865403,0.010892486,0.27495927,-0.16120617,0.35171324,-0.104166016,0.14005542,-0.10034564,-0.26613405,0.6761148,-0.18605337,0.16740122,0.3447774,-0.31225252,-0.00045720488,0.15865353,0.73815674,0.9091105,0.8939114,0.7818201,0.8886272,0.8909291,0.7360401,0.8663849,0.7049073,0.84533215,0.8600682,0.88261855,0.7563544,0.41072157,0.86544514,0.83064836,0.70469755,0.78431135,0.89960754,0.8387457
0.0,-0.30441877,-0.001659913,-0.11589074,0.27533036,0.09804751,0.0115801785,0.27450514,-0.1599668,0.35073835,-0.1028844,0.13941492,-0.099693015,-0.2658825,0.6759196,-0.18631902,0.1655441,0.34547397,-0.31283584,-0.0006879419,0.15712902,0.737562,0.9091788,0.89370024,0.7805795,0.8888752,0.88898194,0.7349649,0.86718345,0.70425117,0.8464465,0.8596915,0.8827085,0.7554456,0.40969473,0.8652029,0.8304409,0.70322186,0.78381526,0.89908254,0.8379368
1.0,-0.3042658,-0.00039426237,-0.116240114,0.27637702,0.09869851,0.010841817,0.27499253,-0.16129692,0.35178447,-0.1042601,0.14010249,-0.10039382,-0.26615235,0.67612827,-0.18603356,0.16753766,0.3447257,-0.31220937,-0.00044035167,0.15876567,0.73820066,0.9091056,0.893927,0.7819116,0.8886088,0.89107245,0.7361194,0.8663262,0.70495594,0.8452502,0.86009586,0.88261193,0.75642157,0.4107977,0.8654631,0.83066404,0.7048065,0.78434813,0.89964634,0.8388051
0.0,-0.3044669,-0.0020774323,-0.11577502,0.2749828,0.09783193,0.011823719,0.27434382,-0.15952544,0.35039133,-0.102428764,0.13918787,-0.099462636,-0.26579282,0.6758471,-0.18641214,0.16488424,0.34571925,-0.31304196,-0.0007705167,0.15658829,0.73735154,0.90920323,0.8936251,0.78014046,0.88896286,0.8882922,0.73458445,0.8674671,0.7040203,0.8468413,0.859557,0.88274014,0.7551247,0.40933314,0.86511767,0.8303688,0.7027005,0.78363997,0.89889663,0.83764863
0.0,-0.30438972,-0.001372762,-0.11597138,0.27557358,0.098198585,0.0114129465,0.27462077,-0.16027464,0.3509823,-0.10319956,0.1395754,-0.0998518,-0.26594818,0.67597854,-0.18625762,0.16600046,0.34531316,-0.31269965,-0.0006302893,0.15750182,0.7377037,0.9091599,0.89375174,0.78087914,0.8888129,0.88945645,0.73522335,0.8669875,0.7044088,0.8461716,0.8597822,0.8826842,0.75566447,0.40993902,0.8652586,0.83048815,0.70357823,0.7839336,0.899209,0.8381327
0.0,-0.30445853,-0.001955662,-0.115810156,0.27508992,0.09789844,0.01175301,0.27439657,-0.1596602,0.35049933,-0.102564454,0.13925931,-0.09952986,-0.2658239,0.6758805,-0.18638851,0.16508055,0.3456575,-0.31298864,-0.00074505806,0.15674733,0.73740935,0.9091936,0.89364696,0.78026557,0.8889351,0.88849354,0.73469144,0.86738306,0.7040856,0.8467223,0.85959464,0.8827281,0.75521564,0.40943262,0.86513895,0.83038634,0.7028495,0.7836882,0.89894927,0.8377307
