label,mu_1,mu_2,mu_3,mu_4,mu_5,mu_6,mu_7,mu_8,mu_9,mu_10,mu_11,mu_12,mu_13,mu_14,mu_15,mu_16,mu_17,mu_18,mu_19,mu_20,var_1,var_2,var_3,var_4,var_5,var_6,var_7,var_8,var_9,var_10,var_11,var_12,var_13,var_14,var_15,var_16,var_17,var_18,var_19,var_20
7.0,-0.13163334,-0.12334935,-0.215583,0.23556545,-0.20769747,0.0168333,0.1697382,-0.06881577,0.22265887,0.23031591,-0.07223918,-0.31150866,0.062379,-0.06515466,-0.13285743,0.044464067,-0.09487589,-0.064906046,-0.12215395,0.30905482,0.87051874,0.9112255,0.8342522,0.89480716,0.88147444,0.9149441,0.9462509,0.9393333,0.8660708,0.7927821,0.98418826,0.83928466,0.94775206,0.83976996,0.87788785,0.92874366,0.93076867,0.92796385,0.90853566,0.7907165
5.0,-0.17317177,-0.16941145,-0.27719337,0.26667696,-0.22925155,0.01991553,0.2058717,-0.07125546,0.27464917,0.30531308,-0.088364184,-0.38097376,0.08884767,-0.11173923,-0.15861359,0.033949576,-0.12139342,-0.076249704,-0.15307002,0.38262004,0.895707,0.90374786,0.83858293,0.92162687,0.88135993,0.9020049,0.9484311,0.9360577,0.85841244,0.8192879,0.9870381,0.88377714,0.958608,0.8348156,0.8816629,0.9111355,0.91879874,0.92302716,0.9324675,0.8108588
9.0,-0.13827622,-0.13240114,-0.22433785,0.24138352,-0.22477171,0.021770041,0.17210725,-0.079851516,0.23683271,0.25122297,-0.07569293,-0.33152598,0.07580286,-0.09275615,-0.14392771,0.038410697,-0.095614165,-0.07055766,-0.12982364,0.34064502,0.86008996,0.9090708,0.85038924,0.89198923,0.87755346,0.92596614,0.943865,0.939298,0.8780935,0.7942608,0.9879101,0.8375196,0.9460532,0.83935314,0.88452417,0.93005484,0.9379214,0.9295182,0.9000164,0.78783876
2.0,0.42880204,0.30454388,0.68757254,-0.40393704,0.27988207,-0.130008,-0.18711561,0.048587047,-0.5035287,-0.9919871,0.15419048,0.8602355,-0.2266468,0.6315794,0.49706566,0.1526161,0.20878164,0.090904325,0.38440335,-0.93407667,0.72609353,0.86472166,0.48495525,0.6543619,0.762936,0.8253006,0.81584793,0.84114414,0.66277117,0.4200545,0.8349929,0.42079738,0.783715,0.7046856,0.6062401,0.8488933,0.7945223,0.88682425,0.6630767,0.48579648
2.0,0.4021375,0.29197475,0.6419896,-0.363022,0.25367996,-0.12254904,-0.17275211,0.0427061,-0.47072116,-0.9262833,0.14325593,0.8004724,-0.22062187,0.6094093,0.4579202,0.14852998,0.19502802,0.08396953,0.35717708,-0.8754113,0.7342406,0.8738404,0.5019342,0.6649706,0.77384025,0.8335998,0.8270183,0.8518088,0.67563653,0.4382279,0.84584486,0.43645144,0.7931549,0.7153676,0.6210514,0.8621192,0.8059951,0.88953483,0.67773026,0.503092
2.0,0.18955813,0.15493572,0.26953772,-0.07195338,0.053067893,-0.07033669,-0.048982672,0.013753229,-0.20504066,-0.42710498,0.056238845,0.33133566,-0.14511037,0.3857961,0.18975507,0.13292314,0.08249903,0.03465257,0.14705645,-0.40781492,0.7984562,0.9166213,0.64334154,0.75131154,0.85022116,0.88553154,0.90561664,0.9149813,0.77406925,0.58759,0.90881044,0.5895667,0.8692317,0.7966641,0.7375583,0.9290772,0.8825165,0.9169734,0.79285145,0.63820416
9.0,-0.12884551,-0.116456546,-0.2147145,0.23538294,-0.1908757,0.011723993,0.17002401,-0.056738514,0.21200876,0.21490362,-0.0711896,-0.29781964,0.04996099,-0.039351482,-0.12386227,0.050041456,-0.096794024,-0.05985099,-0.1174992,0.28075427,0.88545626,0.9118351,0.81672186,0.90011746,0.88598484,0.89979255,0.94961995,0.9392366,0.8503866,0.7948642,0.9786985,0.8467821,0.9508569,0.83893144,0.8700969,0.9248876,0.91958714,0.9255697,0.9218571,0.79650027
2.0,0.33987013,0.25243676,0.5241455,-0.27017814,0.18860188,-0.10942282,-0.13861439,0.0354869,-0.3914969,-0.7711345,0.11787051,0.65635854,-0.20255604,0.54844606,0.37531948,0.14779222,0.16325432,0.07016729,0.2914163,-0.73665774,0.75590616,0.88809437,0.5428159,0.68826354,0.79989094,0.8486708,0.85464114,0.87257814,0.70567435,0.48127767,0.86441225,0.47996604,0.81620026,0.7420515,0.65531385,0.8843433,0.8291997,0.8979078,0.71355146,0.5428895
8.0,-0.36409587,-0.48244467,-0.5405002,0.37713733,-0.49923125,0.03989504,0.37631133,-0.1835294,0.588502,0.7804065,-0.17207356,-0.7529774,0.3275369,-0.5492465,-0.29902735,-0.039868012,-0.22371423,-0.18635866,-0.31678694,0.94137204,0.8888436,0.83313924,0.98262167,0.96350765,0.82152146,0.9533286,0.90704346,0.90120476,0.92946815,0.87520146,1.026055,1.0019162,0.9588516,0.7730952,0.90902364,0.79490316,0.9292207,0.8948411,0.8929574,0.81022644
5.0,-0.022716105,-0.014576711,-0.063330024,0.1450175,-0.10864197,-0.01442881,0.09201076,-0.026216548,0.06951083,0.007292006,-0.030600809,-0.09554884,-0.025066422,0.11415545,-0.027524175,0.086024456,-0.037099604,-0.02377668,-0.03371453,0.04844352,0.8587266,0.9209044,0.7634062,0.8502902,0.88655406,0.8995983,0.9460988,0.9381842,0.83129257,0.7300149,0.9560062,0.76089776,0.9290533,0.837307,0.8326392,0.93993294,0.9145263,0.92692006,0.8887262,0.7527484
9.0,-0.20550144,-0.23578578,-0.32756582,0.28033757,-0.33410504,0.039951522,0.21909034,-0.12797461,0.35519215,0.42151588,-0.110478945,-0.48127764,0.17742299,-0.2742512,-0.20017864,0.002068229,-0.12392208,-0.106959514,-0.1970477,0.55481875,0.83963335,0.88138694,0.92851996,0.9077467,0.8565928,0.9689573,0.93748415,0.9279185,0.92705035,0.8187601,0.9932944,0.8774362,0.947904,0.8216037,0.9045907,0.9033636,0.94548076,0.92789346,0.8854991,0.7879435
5.0,-0.17124973,-0.1684053,-0.27184346,0.26564205,-0.23829722,0.023198087,0.2017827,-0.07893994,0.2760301,0.3079626,-0.087447226,-0.38351947,0.09283253,-0.12321657,-0.1629194,0.032211855,-0.11726102,-0.07862777,-0.15274806,0.3939582,0.88332134,0.90393895,0.84960955,0.91331166,0.8781363,0.91171396,0.9460728,0.93678224,0.8687293,0.81468576,0.9904968,0.87306076,0.95471466,0.8361746,0.8868085,0.914878,0.9279804,0.92531455,0.9201104,0.80415934
8.0,0.1563007,0.13144091,0.21693131,-0.033614732,0.025906704,-0.060776208,-0.028274238,0.007250431,-0.16283649,-0.35547015,0.042808644,0.26226246,-0.12863252,0.34510747,0.1516549,0.12692466,0.06418079,0.026002489,0.11747351,-0.3348198,0.8061775,0.92069894,0.66546607,0.76643693,0.8587172,0.89277977,0.91392195,0.92175937,0.78767073,0.61076903,0.91821206,0.6147363,0.88005537,0.8063206,0.7551487,0.93643093,0.8923408,0.9201958,0.8084875,0.6581381
6.0,-0.1037181,-0.093142904,-0.17750806,0.2126539,-0.17759165,0.008184689,0.15021095,-0.05421741,0.18154061,0.17025788,-0.061371125,-0.25419357,0.03664201,-0.012281615,-0.104870334,0.056085873,-0.08135246,-0.052761458,-0.09892447,0.23595826,0.87194276,0.9151862,0.81214166,0.8865452,0.8854159,0.90779835,0.94780904,0.9396774,0.8541698,0.7784618,0.9761198,0.82231313,0.9448736,0.84026414,0.8654564,0.9328645,0.9244404,0.92750734,0.90866965,0.7842927
10.0,0.25281322,0.20037556,0.3782659,-0.15010548,0.10847512,-0.08582474,-0.08749061,0.021421045,-0.28475744,-0.56870574,0.0826629,0.46729314,-0.17280407,0.45894367,0.26240304,0.13789694,0.1168388,0.0491848,0.20704544,-0.5461345,0.7798281,0.9093333,0.60215515,0.7247538,0.8310195,0.8735911,0.8846607,0.9010883,0.7481352,0.5433412,0.8931371,0.54056305,0.8478153,0.7748242,0.7042771,0.91610366,0.8640538,0.9098559,0.759585,0.5993623
6.0,-0.20062606,-0.20082527,-0.31393063,0.28975374,-0.2551915,0.025915995,0.22715962,-0.08307427,0.31274518,0.36156064,-0.098486826,-0.43307298,0.111024424,-0.15726922,-0.18274471,0.024532955,-0.13551915,-0.08785594,-0.17446972,0.44762057,0.8994331,0.8985884,0.8537504,0.93015206,0.8765207,0.90333164,0.946207,0.9349439,0.8638181,0.8329448,0.9938253,0.9027272,0.96117157,0.8322396,0.88996816,0.9022429,0.9211712,0.9219291,0.9342585,0.81713104
7.0,-0.21814632,-0.22669935,-0.337555,0.3000857,-0.278298,0.029818585,0.24131393,-0.093626164,0.34083712,0.4030476,-0.10555448,-0.46878844,0.1322575,-0.19690496,-0.19745721,0.016929377,-0.14356028,-0.096668355,-0.18946756,0.49871063,0.89702433,0.8935552,0.8686741,0.9342869,0.87152195,0.90975505,0.9434895,0.93260396,0.87259156,0.8391661,0.9984984,0.9124768,0.9614964,0.82929385,0.895677,0.89520466,0.92442447,0.9211433,0.93066525,0.8177023
9.0,-0.3084156,-0.39063817,-0.4686353,0.33842406,-0.4312965,0.040159628,0.32113877,-0.15546452,0.5044892,0.6480841,-0.15051258,-0.655387,0.2699118,-0.43919414,-0.2603525,-0.023408905,-0.19127432,-0.15362713,-0.27613762,0.79372543,0.87950695,0.85369456,0.9576658,0.9565635,0.8398057,0.95571584,0.92527777,0.91056025,0.92554253,0.8621312,1.0117466,0.9673887,0.9614313,0.79423183,0.9092586,0.8362961,0.93152946,0.9062919,0.9038815,0.81202567
2.0,0.55153406,0.40286627,0.9939885,-0.61072946,0.45398977,-0.1393216,-0.23256767,0.062374808,-0.68564475,-1.3471543,0.20113973,1.1948332,-0.264475,0.765812,0.6665227,0.12293593,0.2617808,0.114600055,0.54324466,-1.2333523,0.6688559,0.85128576,0.406838,0.61981183,0.6930346,0.81509966,0.7364111,0.8119606,0.61065775,0.34175253,0.811024,0.33199987,0.7418127,0.6418153,0.53809667,0.81386846,0.77068144,0.8751021,0.584545,0.413956
1.0,-0.14042097,-0.13339338,-0.22797516,0.24223885,-0.21574263,0.018727012,0.17645448,-0.072011076,0.23508558,0.24838541,-0.07568772,-0.32839322,0.06998704,-0.079938814,-0.14024477,0.041364264,-0.09950045,-0.06825486,-0.12920542,0.32981902,0.87191117,0.90960217,0.83923805,0.89825726,0.8804738,0.91557014,0.946063,0.93884444,0.8680662,0.7973877,0.98593295,0.8458851,0.94902873,0.8391676,0.8805897,0.92624086,0.93115467,0.927665,0.9099542,0.7931705
7.0,-0.35171232,-0.45770702,-0.52608967,0.37043285,-0.46615052,0.038631674,0.3683585,-0.16831568,0.5627179,0.7395826,-0.16501355,-0.72484267,0.30198666,-0.49993575,-0.28630283,-0.033737853,-0.21992593,-0.17434871,-0.30567256,0.8865964,0.90288043,0.84244025,0.9591536,0.9744314,0.83089817,0.9407926,0.9134048,0.90367544,0.915062,0.8806344,1.0238991,1.0060139,0.96325046,0.7813583,0.9066597,0.80525386,0.92143977,0.8958019,0.9114424,0.8208885
8.0,-0.13208923,-0.121895105,-0.21803275,0.2364642,-0.19864848,0.013944676,0.17195252,-0.061499953,0.2189529,0.22485799,-0.072279,-0.30671376,0.056362968,-0.05199286,-0.12861398,0.047215756,-0.0974108,-0.06235951,-0.12085152,0.29594213,0.88086724,0.91139084,0.82386726,0.899614,0.88427025,0.90526456,0.9483643,0.9390675,0.8564867,0.79527617,0.98118657,0.84605974,0.9501882,0.83920705,0.8735096,0.9256578,0.9235895,0.9263251,0.9177534,0.79521036
3.0,-0.14130269,-0.1332252,-0.22945338,0.24358585,-0.21319792,0.01801391,0.17764622,-0.069998845,0.23470616,0.2478558,-0.0758442,-0.32809517,0.06797113,-0.076247096,-0.13980962,0.04220075,-0.10073583,-0.067743786,-0.12919612,0.32690936,0.8753625,0.90976083,0.8361375,0.89982355,0.8813164,0.9122505,0.94668806,0.9389026,0.86489314,0.79860944,0.985422,0.84834445,0.94986004,0.83910704,0.87961537,0.92520905,0.9292206,0.927154,0.91287833,0.79487735
8.0,-0.17985822,-0.1832754,-0.2834742,0.26889414,-0.25440294,0.025711985,0.20794213,-0.08707482,0.29296646,0.3322026,-0.09160913,-0.4035135,0.108069085,-0.15054561,-0.17078386,0.02745223,-0.120441884,-0.083969966,-0.16144305,0.4257728,0.8773503,0.9003733,0.862179,0.9140351,0.874398,0.92042494,0.9445596,0.9349794,0.877715,0.81656086,0.99312264,0.8758638,0.9545755,0.8342048,0.8908247,0.9117849,0.93199503,0.925301,0.9149246,0.8025399
1.0,-0.24402174,-0.25614792,-0.37379465,0.32322803,-0.2927763,0.03127937,0.26451883,-0.09819294,0.37307298,0.45017728,-0.11497195,-0.5113276,0.14708179,-0.22548738,-0.21454296,0.010823909,-0.16004737,-0.10555782,-0.2084375,0.54423684,0.91221327,0.888183,0.8704679,0.9487973,0.8688246,0.90153795,0.9424696,0.9308526,0.86608565,0.85545355,1.0019655,0.9394002,0.96698105,0.8245812,0.89694273,0.8821974,0.9178306,0.91737413,0.94283813,0.8290971
5.0,-0.12005973,-0.1100699,-0.2009583,0.2258197,-0.18950507,0.011193493,0.1628541,-0.058134075,0.2032636,0.20179616,-0.06774575,-0.28420562,0.048321575,-0.03518055,-0.118028656,0.051169004,-0.09072587,-0.05812651,-0.111571565,0.27025193,0.87725526,0.9128317,0.8186807,0.89438725,0.88483554,0.9065049,0.9483715,0.9391272,0.85537803,0.7880876,0.9788675,0.83626884,0.9481809,0.83954036,0.869873,0.92844236,0.92371136,0.926709,0.9142139,0.79067266
9.0,-0.1533188,-0.14772764,-0.25047058,0.24984169,-0.21062014,0.014939652,0.19082177,-0.062820196,0.24718907,0.26482895,-0.08111449,-0.34274057,0.07322311,-0.07916768,-0.1403333,0.041192174,-0.11113084,-0.06800928,-0.13738953,0.33541375,0.8931231,0.90668315,0.8270195,0.91480637,0.88414556,0.90073645,0.9497396,0.9364213,0.853739,0.80879897,0.98188657,0.86991745,0.9565011,0.8359561,0.8748364,0.91613424,0.9166172,0.9234619,0.93057305,0.80554634
7.0,-0.21612372,-0.23030406,-0.3338836,0.29552436,-0.29485708,0.033119958,0.23638237,-0.104503885,0.3466023,0.41187078,-0.10636686,-0.47481495,0.14459229,-0.22096676,-0.20113032,0.013612423,-0.13812721,-0.100467615,-0.1911284,0.5200997,0.8787127,0.8908684,0.88668424,0.9238294,0.8664829,0.9258602,0.94069797,0.93165284,0.88866615,0.83217394,1.0006334,0.8993388,0.95675623,0.828582,0.900842,0.89735925,0.93466485,0.92336947,0.9137838,0.80741775
4.0,0.09493469,0.0790402,0.111137204,0.029914357,-0.020998321,-0.047771353,0.012402907,0.0027706372,-0.084155165,-0.2271684,0.016186124,0.13575628,-0.09462526,0.26902428,0.09286359,0.11965351,0.030193154,0.012114707,0.062764704,-0.20516808,0.82881767,0.91894823,0.6976813,0.79432476,0.8720955,0.89317393,0.93109787,0.9273871,0.80246085,0.65167135,0.9272341,0.66784817,0.8989148,0.8214376,0.7805764,0.93603927,0.8982411,0.9233538,0.84148616,0.69217503
1.0,-0.20507509,-0.21286839,-0.3212005,0.30183426,-0.32114673,0.042614225,0.21290386,-0.13155472,0.34606132,0.41140506,-0.10846242,-0.4819662,0.15722942,-0.25841293,-0.2129437,0.007435087,-0.1210037,-0.10690195,-0.18919468,0.54365456,0.83599925,0.88673276,0.92454445,0.89178747,0.85744655,0.9559768,0.93411094,0.93463445,0.916026,0.8198428,1.0031599,0.8633873,0.9449948,0.82808375,0.91219777,0.909395,0.95551586,0.9301008,0.87749934,0.7857246
7.0,-0.1256315,-0.11233964,-0.20592065,0.2356669,-0.20145634,0.016259007,0.16389,-0.06799982,0.21294846,0.21693347,-0.069650814,-0.30020297,0.05316308,-0.05230898,-0.1306285,0.047717847,-0.09160346,-0.06321926,-0.11664754,0.29351333,0.86866385,0.9133334,0.83098,0.88958734,0.88212067,0.91303766,0.94608605,0.94091,0.8633197,0.7899779,0.9845025,0.83245635,0.9460961,0.840925,0.8775464,0.9314243,0.9325444,0.92844844,0.90592706,0.78895533
7.0,-0.37463593,-0.50925225,-0.55845654,0.37765238,-0.5201633,0.037671328,0.39061108,-0.18948099,0.61051756,0.8145194,-0.17797701,-0.7727196,0.3452076,-0.57755065,-0.3020606,-0.044145323,-0.23402151,-0.19536826,-0.32850212,0.97755677,0.892953,0.82821524,0.9880417,0.9729269,0.8193288,0.95635086,0.90369886,0.89643747,0.93241507,0.8790014,1.026592,1.0152975,0.9599168,0.7654746,0.9055606,0.78313977,0.9249832,0.8886566,0.89412427,0.8124948
4.0,-0.029870283,-0.01780188,-0.06724956,0.1541821,-0.12618996,-0.005735126,0.09397915,-0.04128699,0.083829686,0.028319485,-0.03233386,-0.117171235,-0.014908084,0.08818651,-0.046191785,0.0765412,-0.03905979,-0.030948639,-0.041151144,0.08323689,0.84524304,0.92501,0.78311497,0.8492847,0.8840624,0.9151915,0.9417646,0.94191223,0.8480196,0.7341836,0.96573627,0.7570494,0.9280625,0.8397673,0.844815,0.95033634,0.9286513,0.93000364,0.87903523,0.753121
6.0,-0.07394921,-0.06201584,-0.13521999,0.18925822,-0.1521077,0.0007825397,0.12814628,-0.044289302,0.14001155,0.11021498,-0.049918372,-0.19653273,0.012562778,0.035276063,-0.07833086,0.066935785,-0.065192744,-0.04214517,-0.07498173,0.16713813,0.86655354,0.9187241,0.7951633,0.87314206,0.8867901,0.9054272,0.94744027,0.94019693,0.8467223,0.761318,0.9696829,0.7990835,0.93930626,0.8403731,0.8548244,0.937843,0.922337,0.9278327,0.90151066,0.7736219
1.0,-0.13220643,-0.124491096,-0.21548465,0.23961613,-0.22675529,0.023251345,0.16484724,-0.08454244,0.2312485,0.24335961,-0.07413813,-0.3255638,0.07484647,-0.09363976,-0.14392374,0.037843075,-0.09046329,-0.07067788,-0.12652732,0.3369658,0.8506935,0.9097469,0.8558519,0.8849409,0.87608004,0.9325329,0.942194,0.9403977,0.883402,0.79019403,0.988656,0.8276781,0.94315916,0.839779,0.886263,0.9346615,0.9426838,0.9310112,0.8921607,0.783075
6.0,-0.16605972,-0.16037938,-0.26544178,0.2626861,-0.22770531,0.020621195,0.19861269,-0.07293045,0.2660479,0.29328775,-0.0853056,-0.3704195,0.08411683,-0.10591176,-0.15647236,0.035618745,-0.1159507,-0.07505857,-0.14764704,0.3730771,0.8883333,0.90543616,0.84065,0.9141564,0.8806105,0.9059386,0.9475353,0.93727094,0.8620049,0.81375283,0.98793745,0.87297654,0.9555718,0.83650637,0.8829941,0.9154321,0.9239105,0.924689,0.9248971,0.80577123
3.0,-0.12213111,-0.118859105,-0.20271996,0.22359145,-0.20953739,0.016940327,0.16169024,-0.07146599,0.21511701,0.21818228,-0.069347106,-0.2989413,0.06541392,-0.06651044,-0.12618081,0.043343686,-0.0878039,-0.06344598,-0.11749121,0.30176252,0.8601714,0.91091657,0.83927464,0.8898754,0.87953424,0.92539436,0.94472456,0.93845683,0.87451226,0.785684,0.982508,0.8293763,0.945054,0.83941126,0.87694496,0.9329406,0.93388325,0.9293981,0.90057814,0.7841259
6.0,0.01234888,0.0155652035,-0.010583617,0.112658836,-0.08364581,-0.02322789,0.06729797,-0.018880082,0.02378086,-0.060899597,-0.01658295,-0.027906783,-0.04676751,0.16031076,0.0054158904,0.09610445,-0.01691337,-0.013243724,-0.0055089593,-0.025328487,0.84772253,0.92241645,0.7465396,0.83321625,0.8834903,0.9010402,0.9422686,0.9365922,0.82567555,0.70720583,0.94921607,0.73153716,0.9204577,0.83428746,0.8194357,0.94237864,0.913015,0.92678386,0.874053,0.7356465
9.0,-0.008486796,-0.0023547907,-0.042922158,0.13210511,-0.09746963,-0.018639669,0.08206774,-0.022030365,0.05047441,-0.020835627,-0.025187172,-0.06767306,-0.03448444,0.13434325,-0.013242416,0.090994686,-0.029064031,-0.019024175,-0.022278685,0.016778447,0.8556237,0.92100877,0.7552237,0.8435042,0.88567024,0.8986941,0.9452334,0.9372534,0.8275252,0.72085714,0.95236766,0.7498047,0.9257944,0.8359877,0.8264864,0.9399232,0.9126313,0.9266069,0.8839874,0.746125
11.0,0.7165354,0.5070327,1.4070833,-0.8994763,0.6905614,-0.15002422,-0.24681613,0.11349737,-0.91687447,-1.8223299,0.25172013,1.6459072,-0.33798823,0.9371427,0.91731405,0.095325164,0.29786748,0.15916827,0.7660416,-1.6543304,0.5964721,0.8328565,0.31762818,0.571416,0.59653616,0.79340154,0.6210036,0.7788037,0.55840844,0.25855374,0.7668113,0.24560091,0.6889161,0.55816734,0.45530352,0.7482543,0.7591977,0.8770364,0.48610264,0.3371404
2.0,0.084918715,0.07606213,0.1021057,0.042623878,-0.030287292,-0.041812427,0.017858047,-0.005163539,-0.070805825,-0.20610781,0.013084581,0.11573058,-0.09010906,0.2549701,0.076234475,0.113860056,0.024328921,0.007217787,0.054867033,-0.17995204,0.8259517,0.9236069,0.7082476,0.7987013,0.8734902,0.90008384,0.9304633,0.931262,0.8098326,0.65933716,0.9345736,0.671648,0.9010826,0.8233917,0.7892666,0.94305736,0.90602195,0.92480844,0.84196246,0.6981924
7.0,-0.14153005,-0.13278595,-0.22994593,0.24422786,-0.21172826,0.017666837,0.17803745,-0.06891647,0.23415074,0.24710281,-0.07585189,-0.3275864,0.06671513,-0.073988065,-0.13949126,0.04265694,-0.10122503,-0.06741234,-0.12903151,0.32492167,0.87708306,0.9098987,0.8344753,0.9005018,0.88178295,0.91050136,0.94700366,0.9389858,0.86324435,0.79915786,0.9850909,0.8494244,0.950224,0.8391104,0.8790775,0.9248126,0.9282063,0.9269276,0.9143472,0.7956983
10.0,0.4715754,0.34144846,0.79375815,-0.47342122,0.3381564,-0.13226418,-0.20501599,0.050247468,-0.5661475,-1.1131591,0.17115203,0.9746609,-0.2404496,0.6801566,0.5515106,0.13968368,0.22854449,0.09795549,0.43851537,-1.036415,0.70601165,0.86223567,0.4573088,0.6424999,0.7395464,0.8220982,0.7883395,0.832089,0.6445089,0.39230752,0.82882553,0.38705185,0.7685855,0.6826715,0.5827865,0.8399841,0.78624076,0.8816701,0.6352163,0.460423
8.0,-0.24215132,-0.2640382,-0.37026083,0.31383857,-0.31247455,0.034414038,0.2608785,-0.10903523,0.38056657,0.46211094,-0.115870826,-0.5179451,0.16332746,-0.25439736,-0.21695627,0.006728716,-0.15453036,-0.10965205,-0.21039608,0.57115227,0.8925352,0.8852342,0.8902976,0.93852115,0.8636792,0.9193984,0.9392053,0.9286977,0.88500285,0.84644556,1.0043176,0.92499995,0.96137404,0.8236515,0.9023993,0.8835278,0.9286327,0.9194192,0.92396814,0.81691456
3.0,-0.24182498,-0.27156302,-0.37141755,0.31023878,-0.33706105,0.039307855,0.25577587,-0.12336324,0.39075372,0.4785269,-0.11913561,-0.53115535,0.18277033,-0.2905304,-0.2231604,0.00055206567,-0.14857122,-0.115575545,-0.21520966,0.60431224,0.8704647,0.8803371,0.91536206,0.9268153,0.8574367,0.9395803,0.9361141,0.9274285,0.90611285,0.83944297,1.0048025,0.9115181,0.9555165,0.82120824,0.9083803,0.88489956,0.93884444,0.922029,0.9045861,0.8048014
10.0,0.4402851,0.3150909,0.7156633,-0.4226529,0.29540163,-0.13083492,-0.19266406,0.048134264,-0.5197582,-1.024293,0.15833348,0.89087605,-0.23016429,0.6445594,0.5113423,0.14976573,0.21357025,0.09290434,0.3982733,-0.96142733,0.7205331,0.8635828,0.4773164,0.65080297,0.7567402,0.82403153,0.80916774,0.83787507,0.6568328,0.41249296,0.8332794,0.41141504,0.77901393,0.6984334,0.60017985,0.8460899,0.79133105,0.88495374,0.6555974,0.47890455
11.0,0.35228056,0.2627104,0.55061775,-0.28804955,0.20237762,-0.11092036,-0.14536059,0.035387848,-0.4079813,-0.802688,0.12296693,0.6862385,-0.20698051,0.56228906,0.38967878,0.14567497,0.16943964,0.07228576,0.30512053,-0.76466906,0.7507691,0.8871417,0.5347643,0.6840484,0.79450554,0.84688354,0.8482834,0.86965644,0.7000706,0.47287977,0.8623735,0.46979606,0.81150365,0.7362454,0.6488183,0.88206506,0.8258089,0.89610744,0.70586795,0.5352625
4.0,-0.09128453,-0.078832395,-0.16343687,0.20364776,-0.15784973,0.0012872053,0.1424514,-0.042323235,0.16033636,0.13962997,-0.05735662,-0.224998,0.021576038,0.019804012,-0.0880934,0.06414677,-0.076627955,-0.045424096,-0.08773209,0.19320768,0.87984025,0.9151911,0.79453707,0.8847708,0.8885048,0.89681923,0.9504113,0.9388823,0.8405695,0.7731883,0.9688025,0.8193686,0.9449915,0.8388628,0.85542554,0.93020153,0.9148588,0.9256462,0.91502416,0.7835814
11.0,0.6661226,0.48356172,1.2967539,-0.8159397,0.6307726,-0.14669786,-0.24733248,0.09351775,-0.85610116,-1.6900941,0.23800649,1.5214025,-0.31213453,0.8911804,0.8422062,0.09950547,0.2907556,0.1441487,0.7030038,-1.5295936,0.6150907,0.8390938,0.34122705,0.58793277,0.62234527,0.8055438,0.6553489,0.787901,0.5710624,0.27963543,0.78331685,0.2662169,0.7049198,0.5822584,0.4775697,0.7715953,0.76183474,0.8736025,0.5138352,0.3572892
3.0,-0.2728965,-0.31108215,-0.41281486,0.33303663,-0.34930623,0.03767788,0.28827015,-0.12401486,0.42805666,0.5333077,-0.12866238,-0.57599044,0.19745864,-0.31667584,-0.23874626,-0.004308481,-0.17098975,-0.12510657,-0.2358252,0.6529371,0.8954488,0.875014,0.9087984,0.94777304,0.8553483,0.9238664,0.93401563,0.9236755,0.8925128,0.85777575,1.0102746,0.9465678,0.96272624,0.81526864,0.90674967,0.8658169,0.92828083,0.91535443,0.9222437,0.8195533
11.0,0.7163446,0.5083821,1.4105717,-0.90002203,0.69266677,-0.1494705,-0.24555159,0.11409302,-0.9179072,-1.824126,0.25212985,1.6472181,-0.33949262,0.9392869,0.91749203,0.09305526,0.29732203,0.15859225,0.7679942,-1.6545593,0.5965279,0.833521,0.31720033,0.5719035,0.59496605,0.7942244,0.6204276,0.77974313,0.5590432,0.2584398,0.7677733,0.24497624,0.6889952,0.55831313,0.45482996,0.7493679,0.7606898,0.8766578,0.48595777,0.3373525
11.0,0.6950523,0.50136006,1.3720691,-0.8670384,0.67276084,-0.14693365,-0.24457768,0.1043933,-0.89497614,-1.7726419,0.24595265,1.600041,-0.3295008,0.92358696,0.8855265,0.09206794,0.29339087,0.15214506,0.7439132,-1.6047188,0.60276574,0.83751553,0.32656878,0.57983214,0.6042645,0.8010779,0.63413733,0.78409964,0.56400985,0.26697442,0.7762439,0.25236017,0.6953662,0.56783086,0.46338138,0.7613297,0.7629712,0.8737831,0.49730194,0.34610018
6.0,-0.17128812,-0.16572607,-0.2723014,0.26767334,-0.23259078,0.021919249,0.2023782,-0.07538001,0.27324626,0.30386493,-0.08716612,-0.38048375,0.08788509,-0.11441375,-0.16150437,0.03394086,-0.11855967,-0.077299334,-0.1516598,0.3853922,0.88874245,0.90457225,0.84376127,0.9153421,0.8796877,0.9061766,0.9471234,0.9372257,0.8630515,0.8163629,0.9893967,0.8762098,0.9560112,0.836209,0.8848688,0.91401917,0.92476386,0.92460316,0.92494774,0.80692166
11.0,0.64213187,0.45730254,1.2103742,-0.76878434,0.5797479,-0.15010267,-0.25266245,0.08715489,-0.81459934,-1.607436,0.23173235,1.4408743,-0.2945112,0.85205567,0.80782664,0.1175397,0.29011023,0.13949233,0.659706,-1.4606334,0.62872344,0.8348344,0.3558967,0.5918423,0.64352095,0.8023313,0.67690057,0.7872445,0.57657325,0.29156867,0.7830758,0.28311053,0.71224874,0.5958545,0.49161685,0.7722771,0.7552522,0.87629324,0.5296382,0.36639914
9.0,-0.23427704,-0.25028184,-0.35801178,0.31166872,-0.30492687,0.03438798,0.25244898,-0.1076606,0.36864698,0.4444209,-0.11234312,-0.5042237,0.15398376,-0.24065271,-0.21370296,0.009870283,-0.14921165,-0.10659943,-0.20338193,0.55259967,0.8884469,0.88759035,0.8880883,0.9317619,0.86439556,0.9193671,0.93955225,0.9306071,0.88431853,0.8420998,1.0040393,0.9156406,0.95971686,0.8261229,0.9027242,0.8885168,0.9317297,0.92114955,0.9200903,0.8138856
8.0,-0.019117963,-0.0138375545,-0.05917383,0.1393542,-0.10480112,-0.016793558,0.09013594,-0.023705442,0.06518848,0.00012749806,-0.029398287,-0.08775313,-0.025606379,0.11849834,-0.021251995,0.087672114,-0.035165552,-0.021801796,-0.030691653,0.039401032,0.85906994,0.91956395,0.7599753,0.84973615,0.886253,0.8991569,0.94638103,0.9368343,0.8294848,0.7272153,0.95370376,0.7596861,0.92903215,0.83640075,0.82950264,0.9382006,0.91215724,0.92636067,0.8887744,0.7509516
8.0,-0.25892666,-0.2919734,-0.3949954,0.32136303,-0.33201355,0.035498958,0.2772172,-0.115529515,0.40700787,0.5016294,-0.12336139,-0.54911,0.18347527,-0.28793097,-0.22670357,0.00025653467,-0.16465488,-0.11765274,-0.22512043,0.6151558,0.8965504,0.87974405,0.89891684,0.94769615,0.86035997,0.9216229,0.9372072,0.9251334,0.8886626,0.8539232,1.006467,0.94020003,0.96324134,0.8185481,0.90355587,0.8732718,0.9258679,0.91636616,0.9265744,0.82032156
9.0,-0.23641853,-0.2556102,-0.36233518,0.31008565,-0.30546397,0.03351067,0.25605506,-0.10604054,0.3717426,0.44890162,-0.11350745,-0.50676155,0.15692325,-0.2424675,-0.21252157,0.0089421235,-0.15168752,-0.106805615,-0.205621,0.5555434,0.89242107,0.8870526,0.8863591,0.9370445,0.8652516,0.9182684,0.94011956,0.9294963,0.88316536,0.84432304,1.0031348,0.9213039,0.9612023,0.82496524,0.90119076,0.8864289,0.9283448,0.9199402,0.9245606,0.81652546
4.0,-0.09282678,-0.077595845,-0.16387644,0.20806773,-0.16086566,0.003327203,0.14237756,-0.04539307,0.16222101,0.1430823,-0.057550482,-0.229135,0.02063885,0.017307144,-0.09299348,0.06355584,-0.076978,-0.047100417,-0.08892125,0.19874965,0.8774991,0.91636896,0.79789215,0.8828273,0.8880066,0.8980525,0.94978476,0.94017553,0.84255654,0.7740575,0.97121114,0.81755894,0.9440392,0.8398187,0.858392,0.93201554,0.9183951,0.9264084,0.9124284,0.78347754
4.0,0.07969321,0.071098566,0.092677884,0.04763014,-0.03362428,-0.041152578,0.021485586,-0.004965465,-0.0641984,-0.19564848,0.010676557,0.10543004,-0.0872526,0.2489235,0.072199106,0.11372627,0.021370683,0.006231025,0.050327454,-0.16987889,0.8286111,0.9227555,0.7100314,0.8010905,0.87448674,0.8989425,0.9321434,0.9311826,0.80988187,0.66267276,0.93469816,0.6766725,0.90258753,0.8242827,0.7907669,0.9417756,0.9054374,0.92477006,0.8451731,0.70092225
4.0,-0.06485901,-0.05276501,-0.1223581,0.18206745,-0.1442689,-0.0016409802,0.1215335,-0.041154,0.12727176,0.09181062,-0.0464492,-0.17874323,0.0052126707,0.04990216,-0.06994562,0.0703401,-0.06026308,-0.038915,-0.06764564,0.14590314,0.8651386,0.9195814,0.789669,0.86900496,0.88705313,0.90433985,0.9472683,0.9402027,0.84407437,0.75601155,0.96754086,0.79211026,0.9375101,0.84016395,0.85128516,0.938877,0.9213516,0.92781043,0.8993428,0.7702325
4.0,-0.07449213,-0.06219136,-0.13694447,0.18997405,-0.15018676,-5.5832206e-05,0.12894073,-0.042334102,0.13961278,0.10975224,-0.050312385,-0.19620556,0.011443065,0.03788897,-0.077334605,0.067784086,-0.0659942,-0.041573323,-0.075064935,0.16461876,0.8694398,0.9182958,0.7926036,0.8742257,0.8874355,0.9025693,0.9481914,0.939944,0.8439921,0.7620635,0.968585,0.8011718,0.93992275,0.8400609,0.85357064,0.9364139,0.92009753,0.9273225,0.90402883,0.77471745
4.0,-0.14804912,-0.13718015,-0.24226052,0.2505609,-0.20467931,0.014937844,0.18536377,-0.06131571,0.2375795,0.2518589,-0.07864398,-0.33271447,0.06414554,-0.06632118,-0.13872515,0.04389338,-0.10794848,-0.06625312,-0.13241068,0.3206296,0.89229727,0.9087244,0.8237164,0.9100788,0.8849381,0.89802665,0.94985855,0.9383441,0.85124624,0.80640966,0.9816339,0.8641093,0.95487624,0.83740085,0.8744646,0.9190169,0.9178307,0.92431456,0.92887896,0.80417055
7.0,-0.21380706,-0.22355911,-0.32992643,0.2968153,-0.28718436,0.032368887,0.23455116,-0.10120032,0.3402241,0.4026186,-0.10462603,-0.46800882,0.13680896,-0.20853812,-0.19949505,0.015938979,-0.13758694,-0.09839194,-0.18773195,0.50709176,0.8821357,0.8927801,0.88070345,0.923487,0.8680722,0.9208653,0.9413823,0.9328871,0.8836484,0.8323998,1.0004883,0.89882267,0.9571548,0.8299979,0.8999201,0.8987965,0.9335492,0.92348987,0.916449,0.8089341
6.0,-0.1484524,-0.14299351,-0.24092844,0.24685487,-0.21883811,0.019338094,0.18415718,-0.07050844,0.24415758,0.26178056,-0.07881256,-0.3413473,0.075150214,-0.08730252,-0.14414085,0.03881551,-0.104850754,-0.06976906,-0.13510147,0.34272948,0.8791384,0.90844667,0.83838385,0.9052437,0.88133276,0.9112787,0.94679534,0.9381018,0.8659313,0.8029766,0.98547006,0.85619056,0.9513688,0.8385115,0.8806132,0.9228595,0.9269106,0.9266808,0.9168121,0.797872
7.0,-0.21361034,-0.22146627,-0.3309633,0.29643968,-0.27622533,0.029631179,0.23706937,-0.093376815,0.33541465,0.3950685,-0.103883974,-0.4615376,0.12972327,-0.19247296,-0.19478162,0.018049065,-0.14052989,-0.09533433,-0.186171,0.4912364,0.8937276,0.8943618,0.8688523,0.9311366,0.8716562,0.9116361,0.9434917,0.93295085,0.8740035,0.8361242,0.9981144,0.90725654,0.96037656,0.8300508,0.89561,0.897452,0.9260818,0.92185175,0.92780745,0.81535333
3.0,0.23678792,0.18147206,0.33966908,-0.13184577,0.09339444,-0.08661979,-0.07858267,0.02488191,-0.26255453,-0.53000677,0.07465717,0.4296528,-0.16400051,0.4378192,0.25151175,0.14564905,0.108665094,0.048123963,0.18933013,-0.5121904,0.78845626,0.9036992,0.60973054,0.7294252,0.83666074,0.8710912,0.8953783,0.8995654,0.7501574,0.5527948,0.89081496,0.55744946,0.8530161,0.7814304,0.7099955,0.9103711,0.8622683,0.91069996,0.77108216,0.60769147
2.0,0.15264957,0.12799114,0.20971951,-0.029669158,0.023160234,-0.060446125,-0.025967963,0.007513116,-0.158155,-0.3476169,0.04099916,0.25456995,-0.1268969,0.34093007,0.14868686,0.12753339,0.06214961,0.025436807,0.11394328,-0.32753748,0.8079875,0.92001987,0.6669669,0.76777077,0.85965145,0.89213413,0.91562444,0.9217231,0.78786975,0.6131051,0.9182533,0.61816293,0.88106227,0.8073156,0.7564667,0.9354941,0.89214045,0.92026925,0.810803,0.6601001
1.0,-0.2666485,-0.30298766,-0.40377378,0.3285653,-0.34868523,0.038246892,0.28099388,-0.12515919,0.42144647,0.52339727,-0.12679389,-0.5676952,0.19542898,-0.31408066,-0.23639162,-0.003223475,-0.16589573,-0.12367854,-0.2316658,0.64564204,0.8879171,0.8756654,0.91231483,0.941322,0.8549533,0.92862266,0.9341174,0.924424,0.89680004,0.85285014,1.0096335,0.93724716,0.96076924,0.8164247,0.90784425,0.8696968,0.9322914,0.9170113,0.9160067,0.814994
5.0,-0.11855206,-0.10787961,-0.19904326,0.22517368,-0.1871219,0.01059488,0.1617808,-0.056901358,0.2006178,0.19798855,-0.0671231,-0.2807836,0.046076868,-0.031081144,-0.11646885,0.05207413,-0.09011763,-0.057322524,-0.11017844,0.2651174,0.8780362,0.9131033,0.8167347,0.8940194,0.88526046,0.9051786,0.9485708,0.93923473,0.8538636,0.78754866,0.97823614,0.8356943,0.94812137,0.8395649,0.8689403,0.92852503,0.9229164,0.9266002,0.9148057,0.79065835
10.0,0.324187,0.24367899,0.49815643,-0.24780473,0.17418575,-0.10502466,-0.12962231,0.032651864,-0.37246904,-0.73418975,0.11156432,0.62237495,-0.1977594,0.5332993,0.35426193,0.14595565,0.15501298,0.06636631,0.27616775,-0.702621,0.760114,0.8924925,0.5534006,0.6948628,0.80585515,0.8535526,0.86033785,0.87812626,0.7133878,0.49234128,0.86999404,0.49036428,0.821916,0.7479953,0.66413933,0.8907684,0.83574903,0.89999235,0.721924,0.553154
11.0,0.692756,0.5029851,1.3749348,-0.8651294,0.67484355,-0.14541319,-0.24252069,0.10344345,-0.89454687,-1.770767,0.24545668,1.5985498,-0.33040377,0.92533594,0.8822023,0.088619,0.29179698,0.15087879,0.7443511,-1.6010567,0.60260266,0.8390084,0.32703143,0.58161575,0.6029508,0.8031886,0.6346383,0.78570896,0.56495804,0.26770303,0.778638,0.2520707,0.69580823,0.56858504,0.46346596,0.76438797,0.7651566,0.8725335,0.4982922,0.34749508
10.0,0.22620137,0.17420906,0.3216829,-0.118620925,0.08431189,-0.084116235,-0.072127216,0.023655176,-0.24944577,-0.5063796,0.07014992,0.40710193,-0.15962549,0.42606097,0.23925385,0.14474188,0.102851346,0.045724563,0.17930812,-0.48934376,0.7916914,0.90508956,0.6164297,0.73383325,0.83986133,0.8731482,0.89893943,0.90206957,0.7543619,0.56017387,0.89352864,0.5655018,0.856646,0.78504103,0.7154943,0.912618,0.8654348,0.91190374,0.776728,0.6142157
6.0,-0.0072166305,-0.0027348448,-0.04004629,0.12903592,-0.097786136,-0.01871542,0.081283495,-0.022907294,0.050030794,-0.022280354,-0.024351282,-0.06562357,-0.033004474,0.13289487,-0.01197201,0.09034847,-0.028076265,-0.01888644,-0.021249756,0.01657904,0.85338044,0.92109525,0.7563297,0.84326136,0.8850328,0.90161574,0.94450676,0.93703264,0.82966506,0.71948284,0.9528014,0.7482078,0.9256984,0.8359315,0.826555,0.9408235,0.9138851,0.9268552,0.88212055,0.74489
2.0,0.6385356,0.47372416,1.2431073,-0.7697534,0.6010678,-0.1415567,-0.24288455,0.08316626,-0.823262,-1.6193575,0.22954549,1.4544743,-0.30203202,0.87020427,0.7981353,0.09498133,0.28449267,0.13441095,0.6721149,-1.4629757,0.6248941,0.84582335,0.35458532,0.5981921,0.6339462,0.81351393,0.6717705,0.79681593,0.5802843,0.29249156,0.79483336,0.27671272,0.7141839,0.5952669,0.4895565,0.788219,0.76768386,0.87113905,0.5291861,0.37032282
5.0,-0.2834637,-0.335995,-0.4293921,0.33276722,-0.37465134,0.038522057,0.29822442,-0.13367757,0.45168748,0.56866336,-0.13534565,-0.60015845,0.2209279,-0.35548362,-0.24488665,-0.010370247,-0.17667745,-0.13356867,-0.24813181,0.6969456,0.8893731,0.86846155,0.92458296,0.9505646,0.85057724,0.9348391,0.9314646,0.9193065,0.903806,0.8586649,1.01104,0.95216626,0.9622621,0.8090144,0.907899,0.85712856,0.92976177,0.91274303,0.91607505,0.81666595
8.0,-0.20242186,-0.20172137,-0.31240663,0.29529744,-0.26922733,0.030309215,0.22417015,-0.0948645,0.31989402,0.3725925,-0.098964065,-0.4437377,0.11711011,-0.17724052,-0.19240217,0.022725923,-0.13228993,-0.092657596,-0.17636162,0.46969324,0.8838054,0.8973508,0.86927706,0.91765416,0.8711487,0.9139761,0.9428402,0.9358123,0.8751903,0.8285362,0.99933326,0.8901738,0.95652735,0.83339953,0.8976033,0.904504,0.9337513,0.9244647,0.9174048,0.80859613
3.0,-0.05536852,-0.045208927,-0.1043038,0.17395711,-0.15658207,0.0040211184,0.11040586,-0.055817515,0.123471454,0.08506515,-0.042792447,-0.173112,0.013049784,0.03410124,-0.07346268,0.06288664,-0.0510084,-0.041862555,-0.06429113,0.15465689,0.841388,0.92189217,0.8079631,0.85883963,0.88155335,0.9272284,0.94103837,0.9421179,0.86443245,0.7482307,0.9723408,0.7735764,0.9321144,0.84078044,0.8576429,0.9514743,0.93534577,0.9317336,0.880234,0.7603326
4.0,0.25018033,0.19186628,0.36405358,-0.14853337,0.10511175,-0.089239344,-0.08662801,0.025719158,-0.27947557,-0.56056815,0.08043329,0.45876616,-0.16993058,0.45323196,0.2660721,0.14556424,0.115765065,0.050800204,0.20233586,-0.5410836,0.7839614,0.90290475,0.6014598,0.7240163,0.8323557,0.8690262,0.8901061,0.8970126,0.74517566,0.54367685,0.8882558,0.5465832,0.84831214,0.7766146,0.7034216,0.90852064,0.8590338,0.9092817,0.76348263,0.59957343
11.0,0.7227026,0.50912815,1.4188384,-0.90930367,0.69668293,-0.15043272,-0.24686298,0.11563128,-0.9232914,-1.8370534,0.25298178,1.6601105,-0.34067026,0.94166714,0.92602026,0.09577668,0.2984536,0.16132933,0.77264607,-1.6693268,0.5940771,0.83182263,0.315162,0.5692974,0.5941086,0.7913806,0.6171547,0.7773673,0.55662495,0.25627968,0.76438934,0.24354024,0.68682086,0.5551221,0.4529041,0.74497586,0.758285,0.87748146,0.48296046,0.3348901
8.0,-0.030441023,-0.021150727,-0.07438639,0.15217257,-0.114592046,-0.012229046,0.097395495,-0.028493237,0.079775795,0.022461288,-0.033569552,-0.11055892,-0.020124767,0.10339548,-0.03520619,0.08347702,-0.041479178,-0.026371375,-0.03988996,0.06538614,0.86049116,0.9207359,0.767668,0.85384566,0.8869474,0.899851,0.9465913,0.9386303,0.83302784,0.7349699,0.9579284,0.7669101,0.93074936,0.8378983,0.8358884,0.9396774,0.91542757,0.92702395,0.89127374,0.7562908
5.0,-0.093332365,-0.08080945,-0.16372293,0.20562771,-0.16522035,0.0045625623,0.14283872,-0.048040893,0.16519663,0.14689058,-0.05751743,-0.23222241,0.025320211,0.009776156,-0.094277896,0.061287135,-0.07646504,-0.048090152,-0.08997582,0.20650476,0.8737732,0.9164168,0.80238074,0.8828735,0.88700634,0.90293765,0.94865584,0.93991894,0.8476595,0.7733187,0.9726192,0.8162053,0.9436254,0.8401681,0.8602013,0.9334366,0.92108697,0.9270619,0.90939945,0.78208154
9.0,-0.12949137,-0.12417067,-0.21239772,0.23179373,-0.21238853,0.017734058,0.16727465,-0.07249694,0.22343025,0.23080394,-0.07189522,-0.31106684,0.0670115,-0.072421744,-0.13249612,0.042866252,-0.0923914,-0.065652676,-0.12214652,0.31367654,0.8638426,0.91044277,0.8400384,0.8923313,0.87968606,0.9220688,0.9451701,0.93878275,0.87223154,0.7901875,0.9845061,0.8350569,0.94648725,0.83937323,0.8789534,0.93038017,0.9338357,0.9287724,0.90329677,0.78741205
10.0,0.2008235,0.15794265,0.28100252,-0.08700628,0.063336164,-0.07694486,-0.05659125,0.019145526,-0.21809995,-0.4507141,0.059483953,0.3541177,-0.14914732,0.39793974,0.20878524,0.1410819,0.08880493,0.039351374,0.15596922,-0.43469018,0.7983271,0.9092479,0.6329121,0.7448318,0.84719205,0.8785675,0.9064776,0.9082809,0.7644684,0.5782484,0.90100175,0.5841099,0.8649612,0.79293716,0.72911096,0.91891986,0.87350726,0.9145774,0.7895195,0.63005835
8.0,-0.2229336,-0.23055148,-0.34441277,0.30544797,-0.27807826,0.029671168,0.24578726,-0.09281514,0.34533453,0.4095839,-0.10713088,-0.47528648,0.1325385,-0.19782549,-0.20015,0.016480006,-0.14719084,-0.09762636,-0.19244565,0.50291353,0.9023769,0.89304876,0.86628604,0.93808544,0.8718547,0.9056931,0.94384545,0.93263596,0.86881495,0.8431797,0.99870044,0.91900915,0.9631922,0.8286264,0.8951924,0.89278406,0.92178273,0.92022556,0.9353806,0.8213163
11.0,0.28068414,0.21930128,0.42723948,-0.18700051,0.13422915,-0.09247355,-0.103875436,0.024821308,-0.31975323,-0.63317907,0.09425322,0.52837694,-0.1835482,0.4896364,0.296131,0.1391972,0.13183895,0.055423312,0.23442343,-0.60734534,0.77154094,0.9049276,0.5835216,0.71349055,0.8214295,0.8673654,0.87440336,0.89381653,0.7357602,0.5236631,0.88566506,0.5196639,0.8380575,0.76435715,0.68901384,0.90881455,0.8547686,0.90630186,0.74451274,0.58173317
5.0,-0.41106987,-0.6138395,-0.6186431,0.3785651,-0.64070475,0.02974065,0.43012106,-0.23266535,0.706608,0.96259993,-0.20453914,-0.8570814,0.43434078,-0.73385924,-0.32270607,-0.06430434,-0.2667573,-0.24116349,-0.37741667,1.1553069,0.87361264,0.7995922,1.0496914,0.9807471,0.800184,0.99792314,0.88677394,0.8807714,0.9726107,0.8747163,1.021668,1.0439622,0.95665014,0.72729295,0.89477557,0.7373456,0.92797637,0.86846066,0.8639576,0.8025677
3.0,-0.09527378,-0.08357164,-0.16514185,0.20674518,-0.17110959,0.0066643767,0.1435462,-0.052259747,0.16983597,0.15354513,-0.058080524,-0.23848215,0.02962061,0.0005940981,-0.09845698,0.058926012,-0.07657455,-0.050076015,-0.092204474,0.21754596,0.8693845,0.9165978,0.80840635,0.88204587,0.8857242,0.907847,0.9475106,0.94022626,0.8529421,0.7735964,0.9749252,0.8147889,0.9429883,0.8406623,0.8633021,0.93513155,0.92496073,0.92789197,0.90571797,0.781065
9.0,-0.13522284,-0.12690806,-0.220945,0.23843879,-0.20868412,0.01694132,0.17293543,-0.06834715,0.22665077,0.23611706,-0.07354335,-0.31701595,0.063807175,-0.06773232,-0.13485633,0.043913282,-0.09731224,-0.06562788,-0.12458463,0.31413683,0.87351805,0.91073215,0.83374006,0.89728576,0.88176465,0.91286737,0.9466573,0.9391245,0.8646099,0.7951871,0.9842881,0.84341913,0.9488096,0.8394946,0.8780192,0.9271162,0.92936045,0.9274894,0.911219,0.7927596
2.0,0.12425283,0.102437,0.15767524,0.00022848696,0.002421677,-0.056294374,-0.0076322854,0.007198005,-0.121785454,-0.28759173,0.027768726,0.19600202,-0.11175391,0.30675486,0.123900324,0.12789448,0.046455424,0.02001952,0.08788186,-0.26975763,0.81998324,0.9167138,0.68006885,0.77961576,0.86613417,0.89005286,0.92608637,0.9227106,0.7917182,0.6315429,0.92026836,0.6439257,0.8896206,0.81417465,0.7670004,0.9316729,0.8924097,0.92114145,0.82748723,0.67555434
7.0,-0.27767476,-0.32210648,-0.41976005,0.33370933,-0.36414647,0.039207745,0.29130298,-0.13096039,0.43960884,0.5510426,-0.13190295,-0.5891161,0.21007721,-0.3394153,-0.2435665,-0.0077780746,-0.17197752,-0.12979597,-0.2414873,0.6777891,0.88840276,0.8714258,0.9201874,0.9452356,0.8518518,0.9315047,0.93210346,0.92205215,0.9008325,0.85649526,1.0112203,0.9453014,0.9610559,0.8125509,0.9089059,0.8625709,0.9316594,0.9151405,0.91504604,0.81549513
8.0,-0.09367076,-0.08012188,-0.16529033,0.206869,-0.16239384,0.0035478189,0.14341855,-0.04568156,0.16411312,0.14549813,-0.057861283,-0.23116755,0.023261325,0.013898715,-0.09310449,0.06244023,-0.07731107,-0.047341794,-0.08980657,0.20232007,0.8772623,0.91605645,0.79902107,0.8839947,0.88784814,0.89926535,0.9495393,0.93978304,0.8440231,0.77426255,0.9712623,0.8185357,0.94435346,0.8397608,0.85859203,0.9319474,0.91835,0.92644554,0.9125163,0.783507
9.0,-0.07755384,-0.0654209,-0.13963051,0.19254279,-0.1571254,0.0026976215,0.13029936,-0.047311738,0.1457167,0.118591905,-0.05119334,-0.2048327,0.0162278,0.027094636,-0.08324912,0.06476719,-0.06672145,-0.04411441,-0.07817948,0.17844293,0.86494523,0.918808,0.79963017,0.8738259,0.8862068,0.90778977,0.94689125,0.9405801,0.8498777,0.7632174,0.97154766,0.8003506,0.93945336,0.84078723,0.85752875,0.93865913,0.9245884,0.9282943,0.90044385,0.7743027
8.0,-0.26934966,-0.30404234,-0.40819082,0.33167318,-0.34027046,0.03665556,0.2859315,-0.1195837,0.42045355,0.5217671,-0.12673806,-0.5671532,0.19000418,-0.30261353,-0.23513895,-0.0022605993,-0.17013752,-0.12210534,-0.23223463,0.6370083,0.89954716,0.87719905,0.9020147,0.9496031,0.8577347,0.91963905,0.9353923,0.9246038,0.88778937,0.8584149,1.0091906,0.94728035,0.9637793,0.8167618,0.90515333,0.8679828,0.9258652,0.9154306,0.9268869,0.8220526
1.0,-0.2596059,-0.28762707,-0.40346953,0.35014758,-0.41324276,0.05502148,0.2453771,-0.17976141,0.442932,0.5509714,-0.14047273,-0.60629106,0.2356431,-0.41219336,-0.26283196,-0.017925292,-0.14075573,-0.14097387,-0.23946089,0.7189604,0.8109385,0.85987705,0.99301285,0.8833489,0.83591294,0.98553133,0.9220571,0.927001,0.9471378,0.8342821,1.0094653,0.8800972,0.94134504,0.8084237,0.9255938,0.88078225,0.96552217,0.92788523,0.8504477,0.77464086
7.0,-0.25528914,-0.29519904,-0.39098045,0.31519553,-0.35516542,0.039581668,0.26865768,-0.12927595,0.41363147,0.5120203,-0.12546444,-0.55612487,0.20062654,-0.3201907,-0.23038036,-0.004259199,-0.15691634,-0.12259414,-0.22756845,0.641723,0.8720935,0.8749636,0.9240819,0.9333271,0.85403955,0.94346297,0.9346526,0.924012,0.91039693,0.8441979,1.0059983,0.92299485,0.957212,0.8161248,0.9088557,0.8756148,0.9374451,0.9192495,0.90511745,0.8065676
11.0,0.6638523,0.4845285,1.2966222,-0.8129759,0.6310539,-0.1455195,-0.24591807,0.09249241,-0.8548133,-1.6866304,0.23726411,1.5182878,-0.31226906,0.8917033,0.83832276,0.09681679,0.2897488,0.14293772,0.702341,-1.525271,0.61540884,0.84061736,0.3419589,0.58929265,0.62204003,0.8072407,0.6559967,0.7894678,0.57212967,0.28059506,0.78527546,0.26631454,0.7057135,0.58311605,0.47807583,0.7743655,0.7635068,0.872816,0.5148664,0.3586102
10.0,0.20804267,0.16870168,0.30162197,-0.09413911,0.06917736,-0.074807,-0.060493834,0.015724055,-0.2284632,-0.46798986,0.06410162,0.37108088,-0.15358157,0.4075533,0.21042612,0.13455021,0.09258899,0.03894388,0.1645737,-0.44826984,0.7926164,0.91503876,0.6316589,0.74357814,0.8449886,0.88290817,0.8996643,0.911355,0.7670184,0.574666,0.9046362,0.5748909,0.8631706,0.7904847,0.72813,0.92611146,0.87775886,0.9150521,0.78307825,0.6270546
3.0,-0.23971345,-0.26003504,-0.36622036,0.31330788,-0.31231874,0.034981083,0.25762707,-0.11013882,0.37769753,0.4579895,-0.11492354,-0.5149404,0.1618116,-0.25333256,-0.21691723,0.007288594,-0.15217952,-0.10928624,-0.20845677,0.5684913,0.8888728,0.8856035,0.89205056,0.9346622,0.86315775,0.9211764,0.93889976,0.92932415,0.88674474,0.84423584,1.0046126,0.92023224,0.96015203,0.8244077,0.90336144,0.88535523,0.9310974,0.92034864,0.92037296,0.81455696
6.0,-0.1112702,-0.10531155,-0.18721458,0.21559554,-0.19315968,0.012287463,0.15479425,-0.06309837,0.19696923,0.19193974,-0.06460654,-0.27370578,0.05119385,-0.038862493,-0.11407597,0.049926113,-0.08355969,-0.057720043,-0.107064515,0.26694322,0.8644077,0.91325504,0.8260896,0.8875798,0.88220924,0.9184817,0.94607663,0.93891704,0.8655734,0.7807439,0.9794989,0.82408303,0.94476014,0.8399367,0.87111354,0.9335991,0.9300961,0.9286266,0.9032546,0.78318995
3.0,-0.008161122,-0.00074442336,-0.03839687,0.13226508,-0.10278479,-0.0152239725,0.08075966,-0.028070666,0.05227338,-0.018511694,-0.024090583,-0.07021977,-0.03224404,0.12774305,-0.018636245,0.08715284,-0.028029617,-0.02123554,-0.022519574,0.025142252,0.84840584,0.9239232,0.7625584,0.84205973,0.8844979,0.9065112,0.94251126,0.9391766,0.835373,0.7205355,0.95675075,0.7450587,0.9246819,0.83717453,0.83102876,0.9459352,0.91961616,0.9281947,0.8781181,0.7448808
10.0,0.62167233,0.4442633,1.1597258,-0.73360014,0.5509019,-0.14855428,-0.25062156,0.08059601,-0.7854572,-1.5484302,0.22517921,1.3852857,-0.2856066,0.83095497,0.7768001,0.121473595,0.28472745,0.13441649,0.63202196,-1.408773,0.637288,0.8367016,0.36706692,0.5979656,0.6555414,0.8046215,0.6917516,0.7908037,0.582562,0.30189994,0.78840005,0.29396608,0.7182842,0.60613376,0.5019049,0.7803221,0.75618726,0.8753228,0.54215664,0.37619475
6.0,-0.11315127,-0.10223352,-0.19145125,0.22074857,-0.18278567,0.009447694,0.15769067,-0.055199537,0.19320235,0.1872898,-0.06507465,-0.2706203,0.0420088,-0.022908945,-0.111844316,0.05384837,-0.08712508,-0.055398233,-0.10592842,0.25317168,0.87677974,0.91386974,0.8140875,0.8916337,0.8856129,0.9051658,0.94854975,0.93939984,0.8530478,0.7844442,0.97714263,0.83136004,0.9471319,0.8397912,0.86727923,0.9298213,0.9227826,0.92679095,0.9134242,0.7887261
9.0,-0.24612606,-0.28230798,-0.38607654,0.32363617,-0.395286,0.051217556,0.24226302,-0.16238053,0.42047757,0.5194907,-0.1321371,-0.5730994,0.22487651,-0.37675276,-0.24337316,-0.015470102,-0.13767725,-0.13135108,-0.23103206,0.6784596,0.82293093,0.8655852,0.97482646,0.89871716,0.84249604,0.9829251,0.92851263,0.9261555,0.9459093,0.83133996,1.0021751,0.88658077,0.9436825,0.81098366,0.9186974,0.88612086,0.9558411,0.9274321,0.86564416,0.7814359
5.0,-0.18490584,-0.18962476,-0.29050854,0.27279466,-0.2605964,0.027141372,0.21163237,-0.08994852,0.30053335,0.34358853,-0.0936808,-0.41399592,0.11342285,-0.16115391,-0.17555733,0.025224846,-0.12266518,-0.08639663,-0.16569696,0.4398231,0.8768627,0.89915454,0.86641365,0.91507584,0.8732421,0.9217189,0.94396263,0.93466944,0.8799978,0.81871957,0.9943419,0.8786726,0.95468575,0.8336396,0.8927062,0.9102617,0.93284816,0.925265,0.91426194,0.80301964
11.0,0.6999999,0.4989734,1.3701116,-0.872205,0.67076075,-0.14941938,-0.2480892,0.10649051,-0.8972731,-1.7790157,0.24731706,1.6052907,-0.32846865,0.92133415,0.8931007,0.09780608,0.2963108,0.15444067,0.7447313,-1.6133908,0.60243344,0.834463,0.32526866,0.57666224,0.6055391,0.7973894,0.6325759,0.78110766,0.56202346,0.26514286,0.77189106,0.2523509,0.6940967,0.5660218,0.46261168,0.7553499,0.75925463,0.8761046,0.4950881,0.3432768
4.0,0.43512002,0.31924158,0.7169799,-0.41517693,0.29505593,-0.12642154,-0.18891972,0.043608926,-0.5162227,-1.0158582,0.15581071,0.8845383,-0.2306281,0.6450752,0.49978703,0.14228502,0.20997898,0.08997971,0.3957395,-0.9520533,0.71993834,0.869553,0.48018476,0.65421325,0.75695956,0.8288065,0.80872995,0.8425852,0.65955865,0.41619208,0.8394696,0.41082296,0.7805875,0.6989093,0.60321605,0.8532882,0.7965027,0.8847282,0.6570407,0.48287737
1.0,-0.25903907,-0.28688997,-0.39272976,0.32695797,-0.33009464,0.03645535,0.27521315,-0.1167714,0.405058,0.4986146,-0.12230388,-0.5489894,0.17888217,-0.28478628,-0.22987562,0.0014883094,-0.16336465,-0.117592685,-0.22338912,0.61253434,0.8948599,0.8802623,0.8989467,0.9424546,0.85920364,0.91997606,0.9365054,0.9267731,0.8873166,0.85303414,1.0081025,0.9362494,0.9622181,0.8199549,0.9052885,0.87460625,0.9290116,0.91765326,0.92326444,0.8187646
10.0,0.5615916,0.41472542,1.0279347,-0.630137,0.47456887,-0.13888904,-0.23441872,0.06292342,-0.703571,-1.3818774,0.2041992,1.2284867,-0.26842508,0.7800572,0.68075573,0.11738627,0.2640956,0.11636429,0.55944043,-1.2609133,0.6625012,0.8515053,0.40002254,0.61785674,0.684867,0.8165061,0.72844774,0.8103404,0.6060818,0.33529374,0.8106375,0.32363003,0.73838013,0.635575,0.53207624,0.812529,0.77041906,0.8735449,0.5775181,0.40859786
8.0,-0.15241252,-0.15263814,-0.24628106,0.24701336,-0.23514587,0.023198895,0.18536645,-0.08021141,0.25595683,0.27873215,-0.081270106,-0.35614944,0.089396544,-0.11342202,-0.1510345,0.03318914,-0.104096204,-0.074327566,-0.14124894,0.37026954,0.8680089,0.9058825,0.85369396,0.9026248,0.87725437,0.9239272,0.94456375,0.93707085,0.87901765,0.8021987,0.98783237,0.8532448,0.9493809,0.83764964,0.8856363,0.9238037,0.93328273,0.92812777,0.90769774,0.79352856
3.0,0.07507018,0.06979039,0.088825636,0.0533436,-0.03928499,-0.037607137,0.024048373,-0.009460084,-0.057637133,-0.18548961,0.009487016,0.095161766,-0.084131345,0.24064341,0.06340462,0.10943653,0.0188394,0.0035199393,0.046529707,-0.15604441,0.82634014,0.9255815,0.7163482,0.8032657,0.8749075,0.90346956,0.9309236,0.93353134,0.8152231,0.6663418,0.93871826,0.6779819,0.9036644,0.82554555,0.79544467,0.94664025,0.9101307,0.92584646,0.8446664,0.70363605
8.0,-0.037576452,-0.027163507,-0.08220645,0.15857467,-0.12442137,-0.007950544,0.101644166,-0.03484237,0.09113774,0.038967296,-0.0357538,-0.12693828,-0.013149448,0.08753895,-0.045791134,0.07860089,-0.044730768,-0.030343242,-0.046090223,0.08801322,0.856904,0.9220182,0.77705616,0.85591006,0.88624245,0.9056635,0.94529474,0.939996,0.8403027,0.73910064,0.9625204,0.76925784,0.93142813,0.83923566,0.8420109,0.94294995,0.92099476,0.9281986,0.8892477,0.75830066
3.0,-0.3242281,-0.39965987,-0.48335272,0.36188635,-0.4243494,0.040873207,0.33578885,-0.15490693,0.51369715,0.6636553,-0.15153159,-0.6744684,0.26379308,-0.4371332,-0.27416998,-0.023323946,-0.19879887,-0.15603665,-0.27948704,0.8049512,0.8937708,0.8536898,0.9464903,0.95676136,0.8372634,0.93691945,0.92078704,0.9127578,0.9099919,0.8702406,1.0203726,0.97744006,0.9615788,0.7956583,0.91091657,0.82991236,0.929608,0.9062129,0.90898716,0.8164955
4.0,0.02217168,0.02406319,0.003960885,0.10382446,-0.07610579,-0.025959933,0.060477033,-0.016442358,0.0106842965,-0.0804663,-0.012758909,-0.008559115,-0.053302016,0.17406715,0.015064206,0.09925811,-0.011356495,-0.010219589,0.002481807,-0.0469739,0.84533185,0.92250943,0.740972,0.8283816,0.8825504,0.90031683,0.94128215,0.9359163,0.82300204,0.70086896,0.9469156,0.72365,0.9179317,0.83309233,0.8152497,0.9422606,0.9117916,0.92650926,0.8703239,0.73086643
10.0,0.3196535,0.24098355,0.4905305,-0.24152493,0.17013752,-0.10388355,-0.1271162,0.03188319,-0.36692244,-0.72359395,0.10971594,0.6126339,-0.19626099,0.5287207,0.34847492,0.14572984,0.15258099,0.06535509,0.27176476,-0.69286186,0.76129556,0.89349073,0.5564101,0.69672626,0.8075653,0.85487986,0.8620964,0.8794809,0.71541804,0.49544656,0.8714438,0.49346426,0.8235153,0.74967045,0.6666637,0.8923268,0.8374143,0.90055543,0.72435623,0.55604714
10.0,0.098511286,0.08697832,0.12394736,0.028651364,-0.02007427,-0.045200292,0.008906066,-0.002944184,-0.08834722,-0.2339644,0.018827839,0.14317533,-0.09760307,0.27210858,0.08988951,0.116313025,0.032003243,0.010796186,0.066574275,-0.20889013,0.82181054,0.9236156,0.7007816,0.792546,0.87102723,0.89960617,0.9274471,0.92995536,0.80657125,0.6502275,0.931825,0.6605419,0.89729637,0.8206613,0.7832334,0.9428063,0.9042556,0.92422575,0.8355676,0.69083124
8.0,-0.1577664,-0.15162528,-0.25361934,0.255737,-0.22247376,0.019522266,0.19179696,-0.071415156,0.25552908,0.27793103,-0.08215812,-0.3559704,0.07884877,-0.0956496,-0.1503618,0.037880212,-0.11098778,-0.072386496,-0.1414665,0.35714585,0.8845318,0.9068192,0.83867335,0.909889,0.88104784,0.9077952,0.9474356,0.9376508,0.8627125,0.80873275,0.9868037,0.8652417,0.9538806,0.8373278,0.88154966,0.9185013,0.9251844,0.9254156,0.921473,0.8023443
6.0,0.107913174,0.093750134,0.13736826,0.018793367,-0.012620471,-0.048363123,0.0029594824,0.00011585746,-0.100803845,-0.2535841,0.022420155,0.16215397,-0.10317341,0.28495517,0.10070284,0.1191672,0.03724512,0.0137464665,0.07440701,-0.23010693,0.82062036,0.92255867,0.6941486,0.788031,0.86937475,0.89710814,0.92611814,0.92839307,0.80264324,0.64379174,0.92871124,0.6537372,0.8945241,0.8187081,0.7781525,0.940713,0.90139616,0.92353916,0.832132,0.6855819
5.0,-0.115489736,-0.10534563,-0.19514903,0.22187263,-0.1845144,0.009778288,0.15975481,-0.05541911,0.19646713,0.19189084,-0.06602965,-0.27492684,0.044347342,-0.026580494,-0.113231674,0.05286984,-0.08850352,-0.056034125,-0.10784517,0.25824177,0.87787265,0.9133828,0.8148683,0.89335394,0.885602,0.9050069,0.9486274,0.9390994,0.85333824,0.7858496,0.977205,0.8338988,0.9477652,0.8395882,0.86759615,0.9290442,0.9221568,0.92660975,0.91466683,0.78973126
11.0,0.64473397,0.46299744,1.2256923,-0.7751212,0.5891737,-0.14870974,-0.2508831,0.08737702,-0.82108045,-1.6196711,0.23224826,1.4532243,-0.2976206,0.8595254,0.81106806,0.11245341,0.28938076,0.13956818,0.66679245,-1.469726,0.6265109,0.8368057,0.35375136,0.59213,0.6396335,0.8042856,0.6735437,0.78838897,0.5762297,0.2900998,0.7846988,0.28003296,0.7115636,0.593998,0.48961613,0.77422553,0.757599,0.8752359,0.52747315,0.36566558
6.0,-0.022798974,-0.01810287,-0.061730154,0.14098391,-0.11378409,-0.012370986,0.092241414,-0.029798016,0.07298001,0.01067061,-0.029823031,-0.09845442,-0.01869461,0.10462983,-0.029082295,0.081921116,-0.036156606,-0.025012717,-0.03450095,0.057480376,0.85350424,0.9215592,0.7693899,0.8511809,0.8852311,0.9070076,0.94391704,0.938165,0.8389251,0.72911763,0.95785683,0.7593555,0.9290805,0.8379644,0.8347483,0.9434604,0.9182988,0.92800885,0.88499916,0.751247
1.0,-0.2368534,-0.24431178,-0.36578873,0.31935352,-0.2799131,0.029244892,0.2591283,-0.09139968,0.3601407,0.4311513,-0.11254693,-0.4958372,0.13688329,-0.20484349,-0.20746323,0.013950553,-0.1577202,-0.100985505,-0.20251554,0.5186487,0.9169917,0.89072394,0.8612996,0.9506378,0.8725722,0.8962744,0.94475585,0.9320831,0.85977834,0.85532224,0.9986057,0.93930936,0.9683564,0.8257466,0.8933472,0.8852562,0.9133097,0.9172675,0.9493576,0.83193624
10.0,0.22775891,0.17801064,0.32792267,-0.11971123,0.086021364,-0.082941696,-0.073083885,0.021799047,-0.25195894,-0.5106102,0.07111639,0.41152513,-0.1612501,0.429009,0.23840117,0.14249632,0.10341762,0.045248605,0.18143052,-0.49257916,0.7897825,0.9072778,0.6163535,0.7336403,0.8392964,0.8745654,0.89704126,0.9031777,0.7548585,0.5596749,0.89525014,0.56265676,0.8559189,0.7840856,0.71576566,0.91506135,0.8669579,0.91193426,0.7748906,0.61379486
4.0,0.35582855,0.26581705,0.5586491,-0.29306987,0.206359,-0.11111026,-0.14705136,0.035346616,-0.41288057,-0.8118152,0.124525174,0.69487375,-0.20831516,0.5664487,0.39349952,0.1444625,0.17132534,0.07274938,0.3092373,-0.7726476,0.749278,0.887296,0.5325634,0.68301624,0.79290134,0.84662575,0.8461164,0.86923623,0.6988658,0.4706018,0.8620456,0.4667914,0.81033516,0.73462063,0.64695036,0.88188165,0.82528174,0.89569956,0.7035965,0.533172
5.0,-0.2203817,-0.24169025,-0.34073848,0.29304284,-0.30219567,0.031904303,0.24161062,-0.106070034,0.35653812,0.42504835,-0.10898851,-0.4820764,0.15408202,-0.23352626,-0.20057197,0.012138069,-0.14173426,-0.102702774,-0.1962778,0.53359437,0.8791575,0.88799584,0.8900981,0.9285021,0.86522955,0.9299165,0.940921,0.92888004,0.89128053,0.8334723,0.999982,0.9050992,0.95856756,0.82560885,0.899588,0.8927903,0.93309706,0.92159575,0.9149746,0.8082967
7.0,-0.14941037,-0.1417121,-0.24119705,0.25014547,-0.21766275,0.018908063,0.18441728,-0.07081123,0.24475646,0.26245293,-0.078881,-0.34186822,0.0727685,-0.08540486,-0.14539833,0.040207885,-0.105719835,-0.07007063,-0.13512602,0.34162053,0.8797563,0.9084659,0.8374299,0.90436006,0.8811967,0.90983725,0.9470392,0.9384752,0.8637183,0.8035938,0.9862786,0.8563137,0.95171666,0.83841616,0.8808074,0.92211044,0.9275469,0.9263976,0.9168701,0.798506
11.0,0.63622504,0.46921855,1.2301859,-0.7644839,0.59320104,-0.14274263,-0.24426308,0.08289022,-0.8175594,-1.6087489,0.22897868,1.4441518,-0.29952815,0.8642816,0.79517263,0.099107414,0.2847742,0.13453346,0.66606516,-1.455057,0.6269213,0.8444809,0.35635984,0.59799963,0.6373923,0.8120566,0.67466897,0.79586536,0.58068067,0.2938671,0.79377705,0.27927077,0.7148422,0.5968887,0.49145588,0.786869,0.7658995,0.8719018,0.5309833,0.37107012
5.0,-0.20143265,-0.21760273,-0.31519693,0.27942425,-0.28664416,0.03074898,0.22490424,-0.100652486,0.32988125,0.38625464,-0.101741,-0.44960397,0.13911366,-0.20527345,-0.18796566,0.016579956,-0.13023321,-0.095196016,-0.18197739,0.49289864,0.87297857,0.8926248,0.88396364,0.9206438,0.8681925,0.9317392,0.9420632,0.9311715,0.89166266,0.824439,0.99643123,0.88943845,0.95551294,0.8292768,0.8971498,0.9027634,0.9344921,0.92422354,0.9111891,0.8032088
5.0,-0.16273034,-0.15420932,-0.26110724,0.2621551,-0.22157314,0.019545915,0.19596528,-0.06991628,0.25947854,0.28393394,-0.08389409,-0.36266214,0.07799058,-0.09520817,-0.15351361,0.037752137,-0.114736125,-0.073117666,-0.1443568,0.36044556,0.8905814,0.9065254,0.8358456,0.91341144,0.881918,0.9024145,0.948245,0.9379993,0.85817885,0.81302893,0.9866472,0.87183315,0.9556276,0.8369878,0.8812157,0.9163054,0.9222177,0.9246068,0.9268428,0.80632246
9.0,-0.26749724,-0.30393273,-0.4056228,0.3285174,-0.34450498,0.037179064,0.28346372,-0.12196651,0.4207523,0.522273,-0.12674709,-0.5664908,0.19322242,-0.30825126,-0.2347719,-0.0027583726,-0.1680268,-0.12272174,-0.23188746,0.64084375,0.8937988,0.87646633,0.90702665,0.94623065,0.8566313,0.9245783,0.934959,0.9242033,0.8926205,0.8554564,1.0090854,0.9425034,0.9624239,0.81642175,0.9061371,0.8687983,0.92866945,0.9159969,0.9218569,0.8186326
7.0,-0.11453309,-0.10306115,-0.19361705,0.22244625,-0.18297228,0.009599751,0.15877125,-0.05498474,0.19451028,0.1892861,-0.06558947,-0.27280238,0.042073783,-0.023417871,-0.112899005,0.053684108,-0.08806361,-0.055681676,-0.10684523,0.25477493,0.8780839,0.9137794,0.81377745,0.89245075,0.8858314,0.9039724,0.94872683,0.9394744,0.8522184,0.7855402,0.9771478,0.83295244,0.94750804,0.8397608,0.86737573,0.9293426,0.92218333,0.92664015,0.914607,0.7896615
5.0,-0.38924345,-0.5790408,-0.59691167,0.36713618,-0.6471242,0.03695657,0.3955364,-0.23993216,0.687079,0.9237461,-0.20397654,-0.8386184,0.43279943,-0.73193973,-0.31361982,-0.06644629,-0.24714713,-0.23419905,-0.37266183,1.128613,0.8448363,0.7992867,1.0769839,0.96752644,0.80016506,1.0284811,0.89625,0.8849245,0.9970493,0.8658646,1.0055581,1.0222071,0.9536997,0.7307129,0.8992764,0.75608814,0.9364004,0.87779236,0.85234886,0.7954602
3.0,0.074529484,0.06905864,0.08771246,0.053663723,-0.039672974,-0.03756758,0.024501186,-0.009274626,-0.056927525,-0.18442295,0.009263076,0.09405565,-0.083691984,0.23992814,0.0631434,0.10937101,0.018559668,0.0034586415,0.046052616,-0.15495785,0.8267407,0.92543143,0.71647894,0.80359894,0.875013,0.9032903,0.9310791,0.9334814,0.81528825,0.66665184,0.93862635,0.6786292,0.9038658,0.8256814,0.7955003,0.94646174,0.9099725,0.92585486,0.8450794,0.70389545
11.0,0.6831765,0.4891639,1.3285661,-0.8436441,0.64800847,-0.14944957,-0.24973023,0.09968983,-0.87558055,-1.7325001,0.24274676,1.5615181,-0.31819415,0.9031512,0.8685531,0.10234804,0.29439968,0.15006942,0.721333,-1.5705143,0.60893434,0.8351092,0.33352992,0.58155614,0.6155962,0.8003237,0.6450842,0.78271717,0.56547743,0.27217454,0.77608764,0.26009563,0.6992375,0.57404673,0.47051167,0.7612277,0.75824106,0.8755297,0.50455904,0.34960708
6.0,0.03508911,0.033425823,0.020881265,0.09104123,-0.0644559,-0.03131142,0.051998194,-0.010765606,-0.0069190487,-0.1069555,-0.008261019,0.017825134,-0.061558545,0.19333448,0.0309035,0.105022594,-0.004183624,-0.0052345917,0.0130243115,-0.07824506,0.84475815,0.9205514,0.7308483,0.82238793,0.88131416,0.8965537,0.941132,0.9336387,0.8165165,0.6921187,0.94158286,0.7152486,0.9149766,0.8308121,0.8075164,0.93883866,0.90692323,0.9254281,0.8674046,0.7244107
4.0,-0.061648376,-0.04850757,-0.11973569,0.18073437,-0.13704506,-0.0044792346,0.119684175,-0.03627156,0.12063059,0.08254515,-0.04573341,-0.16987532,-0.00055511127,0.06162365,-0.06426696,0.07395519,-0.05940901,-0.036423624,-0.064490065,0.1311097,0.8696643,0.9188472,0.78238165,0.8685467,0.88819885,0.8983582,0.94878995,0.9396383,0.83732617,0.7548876,0.964342,0.79257864,0.937698,0.8392661,0.8472107,0.93624663,0.9166512,0.9267681,0.90283024,0.77054036
8.0,-0.1375431,-0.1285881,-0.22474769,0.24062175,-0.20719983,0.016396895,0.17536005,-0.06647032,0.2282205,0.23839687,-0.07433842,-0.31933495,0.06315883,-0.06621055,-0.13526209,0.044208072,-0.099393696,-0.06552329,-0.12576896,0.31422263,0.87768793,0.9105226,0.83107364,0.89983416,0.8825755,0.9093566,0.9473654,0.9390022,0.8614911,0.79728144,0.9837356,0.8474499,0.9499988,0.8392235,0.8771668,0.92549324,0.9269411,0.92684203,0.91493297,0.7950718
11.0,0.68777406,0.49913183,1.358965,-0.8555081,0.66591036,-0.14604343,-0.24399915,0.101435915,-0.88718134,-1.7551677,0.24400918,1.5836368,-0.3264322,0.9183694,0.8746046,0.0912675,0.29199266,0.1497052,0.7360163,-1.5874411,0.60510564,0.8389502,0.32972527,0.58252734,0.60707885,0.8034782,0.6386448,0.7859026,0.5659686,0.26991066,0.77924174,0.25482523,0.69767314,0.571142,0.46626753,0.7655072,0.764089,0.87296426,0.501129,0.34912372
10.0,0.14681773,0.13407505,0.20905316,-0.017128237,0.015892424,-0.053764705,-0.023517638,-0.001841729,-0.15173712,-0.33519432,0.038914844,0.24191655,-0.1265733,0.33405432,0.13079944,0.118605755,0.057843532,0.020569686,0.108867034,-0.3099506,0.80356616,0.92811674,0.6761846,0.7698925,0.8604404,0.89924055,0.91270643,0.9280267,0.79485303,0.6197609,0.9267892,0.6163645,0.881808,0.808234,0.764972,0.94662446,0.90111274,0.922002,0.8094639,0.66527575
1.0,-0.25115845,-0.27002037,-0.38338566,0.34166545,-0.37178463,0.048707783,0.24729684,-0.15553167,0.41530415,0.5131606,-0.12850636,-0.57059616,0.2015658,-0.34904426,-0.25040966,-0.0049616545,-0.14289652,-0.12937057,-0.22368722,0.6616348,0.8349474,0.87136614,0.95527893,0.89299977,0.84448326,0.95891017,0.9266628,0.9296534,0.92356837,0.8352527,1.0131587,0.88594687,0.94676447,0.8182904,0.9223189,0.88456607,0.9609506,0.92643636,0.86831826,0.7856472
11.0,0.71931684,0.5047261,1.4027078,-0.9010582,0.6873385,-0.15190014,-0.2498436,0.11484385,-0.9175387,-1.8244742,0.2526724,1.6467829,-0.3365036,0.9340366,0.92145324,0.09964836,0.30045193,0.16026199,0.7654126,-1.6580426,0.5967659,0.8306148,0.31711516,0.5692322,0.5979455,0.79090047,0.6203164,0.77695745,0.5572847,0.2575073,0.7637842,0.2459624,0.6885148,0.5573295,0.4552059,0.7440496,0.75649893,0.8791945,0.4849002,0.33525792
3.0,0.022418292,0.029578716,0.012349665,0.10682035,-0.08615014,-0.018901324,0.05758477,-0.029382128,0.014128417,-0.07578015,-0.011230401,-0.014312647,-0.048892763,0.16105524,0.002643332,0.090104796,-0.010015171,-0.014974885,0.0015915744,-0.030666605,0.8312873,0.928697,0.7554718,0.8260932,0.8802937,0.91569626,0.93549055,0.9404555,0.83766073,0.70151633,0.95541924,0.7149834,0.91633976,0.83449286,0.82403636,0.95545876,0.9247578,0.92944264,0.860021,0.72969633
9.0,-0.21006481,-0.22394001,-0.32828414,0.29875353,-0.32273751,0.041594584,0.22028461,-0.1277215,0.35173523,0.4201169,-0.10950481,-0.48688966,0.16189294,-0.2612586,-0.21181658,0.0061853006,-0.12523957,-0.10724113,-0.19309075,0.55067647,0.8432862,0.88583356,0.9214527,0.89996,0.8580234,0.95345277,0.9353923,0.93298274,0.9151432,0.8224629,1.0019548,0.87277484,0.9470408,0.82693744,0.9103907,0.90534544,0.9511779,0.9288151,0.8839,0.78938645
9.0,-0.1461807,-0.14042273,-0.23694918,0.24578893,-0.2205386,0.020190326,0.18134174,-0.07286724,0.24241629,0.25948215,-0.07800549,-0.33937454,0.07512904,-0.08871977,-0.14455995,0.038654707,-0.102605075,-0.070069924,-0.13385026,0.34283644,0.8744396,0.908794,0.84148127,0.90179324,0.88041025,0.9147042,0.946024,0.9385431,0.8691001,0.8008531,0.98633933,0.851399,0.9498835,0.8389829,0.8819421,0.92478806,0.92995906,0.9275049,0.91243327,0.7953326
6.0,0.08616267,0.07386239,0.09927649,0.04015741,-0.026873566,-0.045185328,0.017498776,-0.0005852841,-0.07290297,-0.20927407,0.01250024,0.119075,-0.09089136,0.2586593,0.08274029,0.11826034,0.025001597,0.009346612,0.05554485,-0.18710335,0.829866,0.91963494,0.703085,0.79785913,0.87352437,0.89474195,0.9329835,0.92851686,0.8042408,0.65771353,0.93020403,0.67376316,0.900969,0.82251894,0.78533226,0.936856,0.9004912,0.92359835,0.8445979,0.69707775
3.0,-0.08253906,-0.06803634,-0.14515495,0.19956216,-0.16495474,0.0061832312,0.13239074,-0.053078286,0.15332988,0.13048276,-0.05303795,-0.21726924,0.020044956,0.015554469,-0.09222749,0.061790977,-0.06857412,-0.047493547,-0.08262704,0.19520216,0.86118054,0.91951704,0.80720514,0.87298054,0.88518924,0.9113921,0.94580394,0.94187164,0.854722,0.7660043,0.9751735,0.8002945,0.9389336,0.8417447,0.8626475,0.9408038,0.929347,0.929261,0.89736706,0.7749011
2.0,-0.12686846,-0.11692019,-0.20966281,0.23222107,-0.19848406,0.014272082,0.16709155,-0.06322982,0.21362773,0.21720827,-0.07023121,-0.29936218,0.054816157,-0.049868826,-0.12648481,0.047722254,-0.09352204,-0.06171087,-0.11740121,0.2905118,0.8750355,0.9122708,0.82603437,0.8951671,0.8834436,0.90951073,0.94739944,0.9394797,0.8599884,0.7913381,0.9817429,0.8388501,0.9481788,0.8398673,0.8741441,0.92851686,0.9269745,0.927304,0.9122872,0.7915115
2.0,0.21813084,0.17399141,0.31595233,-0.1070443,0.07778168,-0.07856717,-0.06677491,0.018579781,-0.24071795,-0.4899388,0.06790714,0.39197463,-0.15772016,0.41887996,0.22408545,0.13781248,0.098169014,0.04198297,0.17343917,-0.4708259,0.7909431,0.9118631,0.6241018,0.7387534,0.84212077,0.8792066,0.8978236,0.9077803,0.76145273,0.5671538,0.90040517,0.5682951,0.85961807,0.7872831,0.7220103,0.9214209,0.87296116,0.91362655,0.7786894,0.6204464
2.0,0.2774696,0.214968,0.417459,-0.1831134,0.13059083,-0.0933482,-0.10263435,0.025814325,-0.31463474,-0.6246839,0.092168145,0.5199828,-0.18196046,0.48517683,0.29453635,0.14269474,0.12990864,0.055556946,0.22993624,-0.60048646,0.77373713,0.902548,0.5846798,0.71365684,0.82277787,0.86564505,0.8778293,0.8924448,0.7349489,0.5254184,0.88435775,0.5234145,0.83851963,0.76575696,0.6902118,0.906036,0.8531697,0.9061734,0.7472132,0.5832286
3.0,-0.14128742,-0.1369716,-0.22916079,0.24289992,-0.2302951,0.023283755,0.17407402,-0.08227672,0.2420195,0.25894377,-0.07723091,-0.33909273,0.08095975,-0.101895735,-0.14713219,0.035947792,-0.09652385,-0.07221839,-0.13297085,0.35156414,0.8586548,0.9081377,0.8546446,0.8927151,0.87668455,0.92832124,0.94339544,0.93902695,0.88136667,0.7954655,0.98835206,0.8389758,0.9458699,0.8390555,0.8860911,0.92982155,0.9386088,0.9298178,0.899109,0.78771186
10.0,0.4622973,0.33579528,0.774109,-0.45796645,0.32658306,-0.13063881,-0.20047215,0.049030688,-0.5536724,-1.0879633,0.16763729,0.9511169,-0.23849922,0.6717786,0.5378021,0.13932283,0.22431655,0.09559571,0.42784545,-1.014594,0.7100062,0.8649768,0.4631971,0.64564556,0.74396116,0.8241157,0.79292446,0.83580625,0.64933574,0.3985009,0.8319505,0.39296162,0.7721623,0.6871893,0.5878875,0.84429145,0.7898895,0.88281703,0.6406872,0.46615925
6.0,-0.21386825,-0.21981996,-0.32840043,0.30629945,-0.30505508,0.03797934,0.22675309,-0.117953315,0.34767023,0.41416547,-0.10686857,-0.48131168,0.1453899,-0.23581842,-0.2115454,0.013304397,-0.13157351,-0.104511164,-0.18960005,0.53267545,0.8593264,0.8898771,0.9028784,0.90480983,0.86142457,0.93542516,0.93691933,0.9343368,0.8977751,0.8270436,1.0054866,0.8807282,0.95114106,0.83014476,0.90874046,0.90223724,0.9482348,0.9267107,0.89435816,0.7971512
2.0,0.11275399,0.08679955,0.12714466,0.011154458,-0.0025593862,-0.060020313,-0.00032533705,0.012449003,-0.10687391,-0.26299852,0.019609367,0.1721221,-0.102939285,0.2921433,0.12229872,0.13414398,0.040263835,0.020444792,0.07579622,-0.25161415,0.83021134,0.9068995,0.6791382,0.78306746,0.8679124,0.8814412,0.93510413,0.91772723,0.78422743,0.637664,0.91319805,0.6596535,0.89349055,0.81480664,0.7653624,0.91931254,0.8825415,0.91922307,0.83910877,0.68057394
4.0,-0.08772057,-0.07607766,-0.15556438,0.2001227,-0.16187401,0.003495317,0.13870052,-0.047049917,0.15830646,0.13668635,-0.055316135,-0.2221239,0.022521142,0.016110301,-0.089438275,0.06260659,-0.07311827,-0.046366952,-0.08576922,0.19593783,0.87136316,0.9169627,0.80072665,0.8803133,0.8868629,0.904315,0.9482292,0.9398223,0.84804505,0.76969594,0.9717173,0.8113195,0.9424409,0.8402206,0.8586509,0.9347768,0.9215046,0.9273294,0.90696794,0.7794702
2.0,0.034508456,0.03792849,0.02850274,0.09386884,-0.07317073,-0.024516378,0.050525628,-0.021879312,-0.0032830834,-0.10201751,-0.006589476,0.0121867135,-0.05836218,0.18274076,0.018943194,0.09651334,-0.0036822744,-0.009641841,0.012189854,-0.06304638,0.8331535,0.92727417,0.74353063,0.8215636,0.8799013,0.9099776,0.93572176,0.93826514,0.8299075,0.6933964,0.9501632,0.70819044,0.91392845,0.83260036,0.8159243,0.95134753,0.91924626,0.9281787,0.8587784,0.724237
3.0,-0.12473276,-0.12305772,-0.20703277,0.22398482,-0.21107258,0.016948758,0.1643795,-0.07092959,0.2186057,0.22313741,-0.07040463,-0.30315208,0.068142526,-0.070014894,-0.12685364,0.042467184,-0.08952053,-0.06390325,-0.11959682,0.3067416,0.8622389,0.9102279,0.8393749,0.89241314,0.87966514,0.92478096,0.9450865,0.93784475,0.87444746,0.7871933,0.98215556,0.8328449,0.9459294,0.83906746,0.87680733,0.931525,0.93246526,0.929032,0.9026409,0.7853794
9.0,-0.15537654,-0.15222853,-0.24853161,0.25351545,-0.23592533,0.023436448,0.1865699,-0.08240553,0.25944278,0.28368032,-0.082009,-0.3609076,0.08771586,-0.11496395,-0.15525709,0.034365345,-0.105812095,-0.075810656,-0.14253996,0.37435246,0.86760235,0.9057879,0.8546694,0.9007818,0.8765528,0.9228108,0.94433343,0.93777007,0.8772302,0.8036045,0.99012715,0.8532462,0.949659,0.83769447,0.8872855,0.92282444,0.9356444,0.92794114,0.90641934,0.7941683
2.0,0.698477,0.5039924,1.3826542,-0.8734928,0.6786554,-0.14675649,-0.24357754,0.106041305,-0.89999896,-1.7833049,0.24710996,1.6100135,-0.33238664,0.92834646,0.89091516,0.09034425,0.29324412,0.15290985,0.74961525,-1.6138577,0.60125935,0.837478,0.32465678,0.57906073,0.6013172,0.80078065,0.63137186,0.78396755,0.56338084,0.2654186,0.7757377,0.25047708,0.69415975,0.56612176,0.4614588,0.7604188,0.7637246,0.87365675,0.49527457,0.34487775
10.0,0.051557917,0.046621427,0.04670865,0.07456348,-0.053160854,-0.03518926,0.04081023,-0.008078317,-0.02791015,-0.139369,-0.0012935419,0.049900025,-0.07061511,0.21351792,0.046673853,0.10856168,0.005371634,-0.0007322412,0.026669536,-0.111940965,0.83901966,0.921075,0.72314554,0.8146645,0.8789932,0.8975516,0.9381528,0.9325647,0.8143043,0.6810946,0.93869025,0.70134723,0.91064286,0.82871777,0.80114,0.9397385,0.90620816,0.92523164,0.85951155,0.7157276
6.0,-0.03293041,-0.024450347,-0.08684092,0.1553153,-0.10615571,-0.018248588,0.10035665,-0.01889417,0.079294026,0.022494145,-0.037376754,-0.110522166,-0.021151612,0.110762596,-0.02769564,0.08872745,-0.044556614,-0.02310802,-0.041738387,0.05447884,0.87358576,0.9142672,0.7557223,0.85768145,0.8887286,0.8863013,0.95174026,0.9350971,0.8184606,0.73774916,0.9491359,0.77822405,0.93402547,0.83450735,0.827465,0.9287447,0.90117264,0.92370665,0.90387183,0.7601772
4.0,-0.07264284,-0.05918733,-0.13050842,0.19048832,-0.15942395,0.004546049,0.12487428,-0.052065812,0.14129268,0.11258431,-0.04920222,-0.19973557,0.015182505,0.026277877,-0.084321715,0.06371634,-0.062657095,-0.04474216,-0.07532021,0.17696942,0.8563839,0.92057186,0.80479234,0.8683117,0.88470143,0.9143343,0.94477254,0.9419152,0.85565835,0.7598082,0.97381777,0.79147744,0.9367821,0.84161115,0.86009806,0.9435669,0.9303903,0.9297563,0.89277595,0.7703621
5.0,-0.30705127,-0.37127054,-0.4610806,0.35010388,-0.3996565,0.039994415,0.32037666,-0.1439803,0.48564905,0.62096983,-0.14435795,-0.64221406,0.24312444,-0.39764878,-0.26147315,-0.017658755,-0.18991584,-0.14546484,-0.26589328,0.75501364,0.8949776,0.8610596,0.9341781,0.9567089,0.8442402,0.9334384,0.92615473,0.91599166,0.9050855,0.8672258,1.0163115,0.96908194,0.96262157,0.8022457,0.9095736,0.842213,0.9280372,0.90898854,0.9155276,0.8188736
3.0,-0.04007967,-0.030208573,-0.082917325,0.1601547,-0.13587683,-0.0030459478,0.101634726,-0.0441036,0.09894669,0.04959497,-0.036331244,-0.13778226,-0.0042965068,0.06959634,-0.054434158,0.072071366,-0.04430792,-0.034223013,-0.049913667,0.10836756,0.84688604,0.9233242,0.78987885,0.85485476,0.88379467,0.91746974,0.94223666,0.94132966,0.8523968,0.73979646,0.9670726,0.765882,0.9305062,0.84019214,0.84819007,0.94919527,0.92901367,0.9302345,0.8820836,0.75672877
5.0,-0.18479791,-0.18503869,-0.29102308,0.2752778,-0.24958035,0.025180845,0.21312505,-0.082830876,0.29471415,0.33524463,-0.0927334,-0.40818238,0.10427911,-0.14431573,-0.17280982,0.027745852,-0.12490302,-0.083616555,-0.16338828,0.42400563,0.8874292,0.90107304,0.8551062,0.9197453,0.876535,0.91115654,0.9456245,0.9355958,0.86995715,0.82191664,0.99264693,0.8846707,0.9568961,0.8343985,0.88949364,0.9095113,0.9268456,0.92418915,0.923626,0.8083516
2.0,0.17942373,0.1449027,0.24967673,-0.061207853,0.045452476,-0.06945834,-0.042839035,0.014206649,-0.19177985,-0.40476042,0.051488265,0.3099634,-0.13961612,0.3732486,0.18168256,0.13477573,0.077089965,0.03320954,0.13742465,-0.38720292,0.8026876,0.9147374,0.64817953,0.7552757,0.853043,0.8851171,0.9104157,0.91488415,0.77554303,0.5938369,0.9090109,0.59910345,0.8724491,0.79965734,0.74133486,0.92713207,0.88244206,0.91732824,0.7990975,0.64365715
3.0,-0.10912481,-0.096718706,-0.18294708,0.22027715,-0.18850406,0.012508129,0.15193269,-0.06258676,0.19110362,0.18482731,-0.06338159,-0.2690608,0.04247387,-0.028632972,-0.115565196,0.05242868,-0.08263256,-0.057187952,-0.1040722,0.25765863,0.8649728,0.91544884,0.82304955,0.883928,0.8832158,0.9141479,0.9460052,0.9409499,0.8616027,0.7806133,0.9807694,0.8204143,0.94360304,0.84119314,0.87191325,0.9353464,0.9314879,0.92888165,0.90251607,0.78343654
7.0,-0.07986933,-0.067921,-0.14463192,0.19395223,-0.15521817,0.0016259241,0.13293631,-0.044265866,0.14723632,0.12075992,-0.052319944,-0.20701644,0.016188119,0.028704774,-0.082425565,0.065336704,-0.06882545,-0.043555386,-0.07948961,0.17782502,0.8701703,0.9178858,0.7961522,0.87683123,0.88726425,0.90337026,0.94807726,0.9399603,0.8460395,0.76521677,0.969868,0.8053159,0.9409028,0.8402767,0.85576075,0.93607074,0.9207177,0.9274286,0.9052236,0.7766575
10.0,0.337597,0.25420615,0.5247766,-0.2662566,0.18733007,-0.107072115,-0.13650995,0.033542145,-0.38996726,-0.76697916,0.11724375,0.6528941,-0.20285478,0.54830295,0.36938125,0.14346594,0.16200592,0.06856869,0.29029828,-0.73185015,0.75565857,0.89187425,0.54484457,0.6900598,0.8002201,0.851326,0.8533984,0.87578434,0.70837826,0.48353788,0.86764777,0.4797411,0.81737924,0.7425293,0.65709376,0.88871956,0.8327728,0.8985415,0.71390396,0.5449695
5.0,0.09922372,0.081219964,0.1147935,0.02601403,-0.015036821,-0.051739566,0.008871995,0.005319353,-0.08992756,-0.23608623,0.016500702,0.14567341,-0.097765274,0.27616245,0.10103978,0.12528634,0.032371055,0.014516249,0.06595209,-0.2187504,0.8295687,0.9149417,0.6918644,0.79094386,0.8710686,0.8892259,0.9333198,0.9242162,0.79555994,0.64805907,0.92316604,0.6660101,0.89729136,0.8190722,0.7763375,0.92987996,0.8932375,0.9217994,0.84133273,0.6892699
10.0,-0.32645714,-0.4228201,-0.49634495,0.35178295,-0.4772399,0.047218442,0.3301076,-0.17822228,0.53725964,0.70453274,-0.16254848,-0.70368814,0.30709842,-0.51049256,-0.2827419,-0.037244774,-0.19351222,-0.16958123,-0.29396698,0.8735209,0.86067235,0.8421969,0.99417764,0.94568163,0.8294884,0.9730304,0.9188462,0.9097153,0.9486606,0.86087525,1.0125124,0.9646119,0.95347947,0.7848984,0.9163352,0.826531,0.9382644,0.90746164,0.88362724,0.80027074
9.0,-0.2674138,-0.3053072,-0.4045488,0.33347055,-0.3750735,0.043675307,0.27297816,-0.14357589,0.43339473,0.5413259,-0.1310728,-0.5842811,0.21304566,-0.35363287,-0.2471497,-0.007881768,-0.15894149,-0.13125104,-0.2359708,0.68129593,0.8607728,0.8694105,0.9414649,0.9211234,0.84651977,0.9489235,0.9296836,0.92451006,0.9169587,0.8444987,1.0114871,0.91798455,0.95399135,0.813557,0.9153119,0.87068194,0.94683313,0.92046756,0.8904657,0.79969186
1.0,-0.16255257,-0.15724128,-0.25873196,0.2608493,-0.23463012,0.023368405,0.19333138,-0.07966503,0.26510063,0.29252064,-0.084137514,-0.37008357,0.086814895,-0.11435495,-0.1592054,0.034246217,-0.11124945,-0.07667513,-0.14629368,0.37982953,0.8765051,0.9057914,0.85021114,0.90613776,0.8779677,0.9149715,0.94538605,0.9380307,0.8711652,0.80913365,0.9905256,0.86224306,0.9519259,0.83769816,0.8871679,0.9195504,0.931858,0.92678934,0.91367763,0.7994574
6.0,-0.109445386,-0.09860396,-0.18443972,0.21836221,-0.18634596,0.011283704,0.15335204,-0.059730515,0.1908004,0.1840432,-0.0635286,-0.2677791,0.042685345,-0.026289392,-0.11298427,0.05282059,-0.08347847,-0.05619166,-0.10406202,0.2548209,0.86850363,0.91491,0.8199243,0.88653505,0.88397,0.9118577,0.94678664,0.9402104,0.8594047,0.78107786,0.9791964,0.8234712,0.9446357,0.8407192,0.86994123,0.93371373,0.92847025,0.9282677,0.9058369,0.7846319
10.0,0.5982413,0.42529958,1.0933189,-0.6912236,0.5122193,-0.14823171,-0.24827537,0.07501791,-0.7488274,-1.475978,0.21773766,1.3158568,-0.27537337,0.8031656,0.7419071,0.12923157,0.27876142,0.12902582,0.5977704,-1.3471128,0.6489456,0.83746624,0.38080484,0.6037975,0.67099005,0.8049353,0.7096427,0.79436517,0.590247,0.3146239,0.7924584,0.3086854,0.72549677,0.6187873,0.5144756,0.7871728,0.75638443,0.87568706,0.55719507,0.38765395
3.0,-0.109234825,-0.09828931,-0.18300654,0.2194216,-0.19325085,0.014057022,0.15131702,-0.06575982,0.19326748,0.1880108,-0.063694485,-0.27224648,0.046587422,-0.03598171,-0.11748175,0.05019713,-0.081624985,-0.058348574,-0.10523914,0.26485574,0.8606757,0.9151895,0.82806623,0.882773,0.88205284,0.9187967,0.9450086,0.94097835,0.86651903,0.77994275,0.98161644,0.81837314,0.942722,0.84129703,0.8736989,0.9369491,0.93390894,0.9296541,0.8991901,0.7817603
7.0,-0.1758808,-0.17874697,-0.27855945,0.2652067,-0.24917752,0.024691036,0.20537528,-0.08404631,0.2865618,0.3229219,-0.08999147,-0.3952554,0.10406989,-0.1417702,-0.16663784,0.028710764,-0.118726686,-0.08179613,-0.15817381,0.4144107,0.8787622,0.9014707,0.85824615,0.91425496,0.87572265,0.9187292,0.9451038,0.9351855,0.8758107,0.8152231,0.99166185,0.87457526,0.9545381,0.83473164,0.8890413,0.9130869,0.9302889,0.92532784,0.9165436,0.8026081
1.0,-0.2493329,-0.2750864,-0.37839732,0.3225904,-0.34125003,0.04014832,0.26008815,-0.12780665,0.3999265,0.49123362,-0.121035755,-0.54375947,0.1833932,-0.29897696,-0.2316244,0.0009940006,-0.15191162,-0.11902421,-0.21860716,0.6179392,0.8700271,0.8787585,0.91788584,0.92258936,0.85454273,0.9368822,0.9340466,0.9280307,0.90345424,0.8414978,1.0088819,0.91209006,0.95555115,0.8208895,0.9109945,0.88153374,0.94265085,0.9218907,0.9009026,0.8042671
11.0,0.41010088,0.30282182,0.66692317,-0.37501034,0.26589474,-0.120982885,-0.17544016,0.040832628,-0.48376063,-0.9501091,0.14649102,0.82354844,-0.22448927,0.6214909,0.4644305,0.14124638,0.19870605,0.08396367,0.36848807,-0.8948349,0.7295441,0.8768587,0.49685153,0.6636387,0.768747,0.8350358,0.81997806,0.8527088,0.6733304,0.43349913,0.84759545,0.42775777,0.79052967,0.71061975,0.61694527,0.86435896,0.8069961,0.88842475,0.67165375,0.4988848
4.0,0.028020378,0.029607981,0.013896324,0.09855397,-0.0730822,-0.026513932,0.056256384,-0.016540624,0.0033427328,-0.091556355,-0.010118634,0.0021964386,-0.056558874,0.18055359,0.019163746,0.09966071,-0.007887252,-0.009059312,0.0071855746,-0.05744669,0.8421792,0.92363286,0.7395934,0.825439,0.8817415,0.9019482,0.93972915,0.9362168,0.8236993,0.69716924,0.94684243,0.7178312,0.9162262,0.83274126,0.8140113,0.9441583,0.9129615,0.92682886,0.8666998,0.727856
1.0,-0.29362476,-0.3420481,-0.44242162,0.34721482,-0.36566815,0.037817523,0.30961704,-0.12918063,0.4565453,0.576229,-0.13653475,-0.61055106,0.21430555,-0.34586865,-0.25036508,-0.010192409,-0.18479483,-0.13384753,-0.25192693,0.69612324,0.90709305,0.8696024,0.91122276,0.96035004,0.8521981,0.9192699,0.93113685,0.92035055,0.8892703,0.869126,1.0136158,0.9684258,0.96570665,0.80957013,0.90617126,0.85251904,0.92210186,0.9109556,0.9298708,0.8267226
7.0,-0.102336116,-0.096272476,-0.17467985,0.20838472,-0.18959405,0.012184096,0.14739347,-0.06268718,0.18572205,0.175846,-0.061227374,-0.25952098,0.04684389,-0.030204605,-0.108630314,0.050504796,-0.07771157,-0.05549267,-0.100896,0.2523694,0.85939926,0.914826,0.8253992,0.8828443,0.88205755,0.92133456,0.9449227,0.9396142,0.86799115,0.7754948,0.97832054,0.81544256,0.9422126,0.84069955,0.86991704,0.937836,0.93159723,0.9297579,0.898724,0.77902466
10.0,0.1666866,0.14155567,0.23662028,-0.044286124,0.03397259,-0.06212911,-0.0349425,0.0068756724,-0.17638934,-0.37794727,0.0474542,0.28412807,-0.13426973,0.3578997,0.16035792,0.12606463,0.06974937,0.027759418,0.12716055,-0.35634392,0.8017797,0.9220387,0.6603561,0.7621058,0.85601485,0.8931752,0.90974003,0.92146003,0.7855908,0.60419476,0.917573,0.6051131,0.87676907,0.80320287,0.7511449,0.93781716,0.8919425,0.91968954,0.8023454,0.6525257
9.0,-0.022088783,-0.014353504,-0.061254423,0.14377543,-0.11049132,-0.0133115705,0.09140859,-0.027983032,0.06970084,0.007274531,-0.029954867,-0.09569154,-0.023847986,0.11177726,-0.028587552,0.08448767,-0.03633899,-0.02432242,-0.033459496,0.050918315,0.85609174,0.9218316,0.7658866,0.84984815,0.8860877,0.9025565,0.9449788,0.93867624,0.8344813,0.72942376,0.95726454,0.7590303,0.92859924,0.83781064,0.8339251,0.9421,0.91681695,0.92753994,0.88649815,0.75191987
2.0,0.49736115,0.37014103,0.8715949,-0.51733464,0.38178128,-0.13028644,-0.21244863,0.04985847,-0.6090805,-1.1938586,0.18057813,1.051633,-0.25018308,0.7149149,0.58246785,0.12322167,0.23961832,0.100327484,0.47637028,-1.1019076,0.6916939,0.86485136,0.44015065,0.6373109,0.72144365,0.8244597,0.76783437,0.8304023,0.63464934,0.3758696,0.82882607,0.36406428,0.7604424,0.6678865,0.5676422,0.83908933,0.7858962,0.878221,0.617183,0.44592884
6.0,-0.10553497,-0.092391595,-0.17894515,0.21717133,-0.18005005,0.009683108,0.15046555,-0.056780472,0.18371141,0.17406465,-0.06191665,-0.25862205,0.036132123,-0.014990013,-0.109211445,0.055673916,-0.08197657,-0.054228224,-0.10023116,0.2412021,0.8703189,0.91580623,0.81479716,0.8849727,0.8849971,0.90833294,0.94738364,0.9406575,0.85519195,0.77954596,0.9780227,0.8213284,0.94429564,0.84086245,0.8678503,0.9338456,0.926988,0.9279594,0.90686876,0.784444
5.0,-0.25082678,-0.26782256,-0.38431174,0.3257705,-0.29994756,0.0316299,0.2715502,-0.10035876,0.38371795,0.46604884,-0.11814323,-0.52399147,0.1554445,-0.23857108,-0.21806781,0.007931374,-0.16437843,-0.10855604,-0.21459769,0.5614793,0.9147093,0.88614964,0.87330556,0.95389295,0.8679447,0.9021093,0.941762,0.9292999,0.86716,0.8592387,1.0027425,0.9467566,0.9680719,0.82254326,0.8971717,0.87812096,0.9158608,0.9160174,0.9452247,0.83131975
4.0,-0.18093574,-0.18357536,-0.2900591,0.26732576,-0.23511593,0.01880369,0.2143693,-0.07163124,0.28759378,0.32274863,-0.09230952,-0.3939197,0.09942836,-0.12567514,-0.15985264,0.031303205,-0.12722394,-0.07841389,-0.16021754,0.3993293,0.90035325,0.90067804,0.83989453,0.92994606,0.88100994,0.90251535,0.9489255,0.9331382,0.8580624,0.824156,0.986347,0.8947697,0.9618319,0.8319972,0.8804678,0.905512,0.9143751,0.9208438,0.93814963,0.81470007
11.0,0.66706866,0.476362,1.2811451,-0.81446385,0.62098885,-0.15028943,-0.2522828,0.09400037,-0.85181963,-1.6833568,0.23840977,1.5145134,-0.30729964,0.88181067,0.8451656,0.1100326,0.2931843,0.14631695,0.69606453,-1.5272334,0.61627185,0.8341544,0.34228152,0.58543247,0.62718743,0.80105215,0.65814596,0.78336656,0.5688096,0.27939892,0.7783301,0.26910925,0.704109,0.5822663,0.47889334,0.7646029,0.75567806,0.87593913,0.5143183,0.3556814
2.0,0.37863302,0.2784892,0.5982786,-0.3272973,0.2291494,-0.11725536,-0.16018221,0.038978934,-0.44082037,-0.8674707,0.13348548,0.74616724,-0.214398,0.5874992,0.42537105,0.1474638,0.18283352,0.0784616,0.33218843,-0.8230334,0.74219227,0.8799946,0.5171985,0.673684,0.7836935,0.8395914,0.8375538,0.8600337,0.68672365,0.45444566,0.8536388,0.4519387,0.80157316,0.72520906,0.63416547,0.8714543,0.81497806,0.89239067,0.6911069,0.5181929
8.0,-0.07442368,-0.061577354,-0.13836844,0.19048172,-0.14689156,-0.0014296331,0.12935984,-0.03942758,0.1379967,0.107570685,-0.050620776,-0.19428757,0.009409348,0.042553157,-0.07523534,0.06919773,-0.06662092,-0.04051756,-0.07462132,0.15931529,0.8732258,0.9176393,0.78868294,0.87533516,0.88831085,0.8985546,0.94921887,0.93955076,0.83997,0.76267886,0.9667172,0.80353814,0.9406481,0.8395069,0.8514224,0.9344944,0.9167551,0.9265954,0.9073816,0.7759396
7.0,-0.10259523,-0.0918702,-0.17402124,0.21289435,-0.1841779,0.010967785,0.14743835,-0.060567405,0.1830302,0.172724,-0.06095697,-0.2569534,0.039796002,-0.020940106,-0.10903359,0.05379212,-0.07894675,-0.05482827,-0.09933267,0.24466535,0.8631231,0.9158893,0.8204571,0.88207144,0.8833411,0.91556627,0.9458523,0.94060695,0.86182994,0.7765969,0.97902435,0.81585556,0.9426619,0.8410614,0.869455,0.9366857,0.93090194,0.9290609,0.90094644,0.7808781
7.0,-0.26744497,-0.30576882,-0.40547228,0.32773933,-0.3517071,0.03850131,0.28179306,-0.12620436,0.42368066,0.5269894,-0.12755361,-0.5701554,0.19850117,-0.3187051,-0.23680678,-0.004194591,-0.16618913,-0.12450629,-0.23299232,0.65058756,0.88693976,0.8749869,0.91445935,0.941821,0.85457724,0.9303138,0.93393594,0.9239278,0.89869094,0.85283566,1.0094488,0.93771315,0.9605699,0.81576705,0.90802443,0.8690515,0.932298,0.9168389,0.91534805,0.81456524
11.0,0.68152934,0.49680546,1.3464756,-0.8451518,0.6591954,-0.14521852,-0.24370137,0.098989256,-0.88004565,-1.7393845,0.24228622,1.5686667,-0.32360205,0.913315,0.8650109,0.09083796,0.29105812,0.14756918,0.7288352,-1.5722576,0.6073133,0.84012944,0.33258745,0.58476317,0.6098691,0.8053207,0.64255106,0.78751904,0.5677581,0.27252764,0.78166217,0.25712314,0.6997696,0.5741167,0.4689253,0.76894224,0.76495963,0.87246203,0.5045246,0.3517339
4.0,0.413288,0.29103112,0.64874256,-0.38067827,0.26084816,-0.13024332,-0.18173772,0.047339816,-0.48046455,-0.9494029,0.146705,0.8202623,-0.22006075,0.6122256,0.47967422,0.16025998,0.20028256,0.08918877,0.36416292,-0.8979584,0.7325991,0.86245316,0.4943862,0.657816,0.77071565,0.825439,0.8276803,0.84128237,0.66613925,0.42944008,0.8354946,0.43370754,0.7880176,0.7116255,0.61457276,0.84880024,0.7945065,0.8877815,0.6735525,0.4945011
8.0,-0.21057472,-0.22166073,-0.33623317,0.31373158,-0.35645372,0.04999319,0.20731407,-0.15609892,0.3678337,0.43960556,-0.11785836,-0.5127762,0.1844068,-0.31307966,-0.22645304,-0.004637249,-0.11682248,-0.116595455,-0.20141621,0.59083927,0.81091774,0.87738097,0.95918274,0.8792022,0.8491125,0.9809957,0.92900056,0.9332993,0.9373137,0.8188376,1.0013266,0.8537781,0.93902785,0.8208773,0.91739595,0.9099085,0.961943,0.93262833,0.8587617,0.77468264
8.0,-0.16757622,-0.1645149,-0.26682234,0.26274753,-0.2377895,0.023791164,0.19829926,-0.079369836,0.2715777,0.30194435,-0.08616477,-0.3786338,0.09157376,-0.12103623,-0.16145872,0.032176092,-0.114432916,-0.077874705,-0.1503569,0.38967782,0.8801434,0.9047411,0.85070914,0.9106582,0.87809944,0.9136628,0.9456159,0.93725216,0.8709964,0.81232345,0.9902491,0.86858696,0.9532625,0.8369648,0.88719594,0.9172863,0.9294463,0.9261765,0.917306,0.80194694
1.0,-0.18680719,-0.18627116,-0.29377797,0.27782795,-0.24957854,0.025261387,0.21479103,-0.08261528,0.2965318,0.33793613,-0.09332971,-0.41103363,0.10413096,-0.14471132,-0.17425963,0.027626287,-0.1263054,-0.084041394,-0.16455248,0.42593157,0.8893788,0.90094733,0.85435915,0.92087454,0.87666047,0.9094298,0.94575906,0.9357226,0.8685089,0.8234559,0.9928628,0.88694906,0.9574667,0.8342918,0.8895593,0.9086783,0.9260985,0.92393136,0.9252085,0.80967224
7.0,-0.23743594,-0.25809023,-0.36380878,0.3102487,-0.30956104,0.03432071,0.25639609,-0.10823263,0.3744564,0.45316574,-0.11418863,-0.51036775,0.1602747,-0.24879521,-0.21413861,0.0077811256,-0.15145291,-0.107978635,-0.20698786,0.5624043,0.8898691,0.88626313,0.8899623,0.9359021,0.86422765,0.9207787,0.9395105,0.9292267,0.8860605,0.8438109,1.0035678,0.9202857,0.96046466,0.8246152,0.9022567,0.8861677,0.9297479,0.9202275,0.92204916,0.8151065
6.0,-0.077381656,-0.06589654,-0.13821827,0.19209048,-0.16109192,0.004161157,0.12936659,-0.05088904,0.1474993,0.120994255,-0.051080383,-0.2070038,0.019091327,0.021120604,-0.0854482,0.06307321,-0.06575892,-0.04532531,-0.07880069,0.18441302,0.8601979,0.91907805,0.80442744,0.87226605,0.884997,0.9127238,0.9457842,0.94088817,0.8545099,0.7624337,0.97319347,0.7975956,0.9386319,0.84106076,0.859669,0.9406909,0.9280181,0.92906374,0.89657265,0.7727184
1.0,-0.1740714,-0.17280734,-0.27542832,0.26733923,-0.24434647,0.024597304,0.20340157,-0.082401544,0.28159636,0.3161815,-0.088736184,-0.3908093,0.09783742,-0.13309641,-0.16646798,0.030341532,-0.11791062,-0.080655016,-0.15560704,0.40563214,0.8803238,0.9029587,0.85477674,0.9126486,0.876687,0.91507435,0.94528055,0.93648416,0.87252516,0.8151315,0.9918107,0.872974,0.9542042,0.8358602,0.88886786,0.91447586,0.9302164,0.92564195,0.9173115,0.8031363
1.0,-0.25521135,-0.29008377,-0.38983253,0.32332015,-0.3647452,0.043664332,0.26234028,-0.13915566,0.41607612,0.51628786,-0.12683599,-0.5641543,0.20429996,-0.33514565,-0.23869053,-0.006109547,-0.15179172,-0.12575763,-0.22774509,0.6547878,0.85802656,0.87298554,0.93767065,0.91949433,0.84982836,0.95070887,0.93188584,0.9260012,0.9182675,0.84054154,1.0081545,0.9104083,0.95270926,0.8164007,0.91418463,0.8784034,0.9460842,0.9223188,0.891175,0.79848015
5.0,-0.3215175,-0.40798914,-0.48689058,0.34836674,-0.42657372,0.03705743,0.3397239,-0.1506903,0.5171396,0.66678685,-0.15315196,-0.6694002,0.2689839,-0.43601462,-0.26320583,-0.023577563,-0.20421135,-0.15598404,-0.28331184,0.80230916,0.9012681,0.8539498,0.941926,0.97323203,0.8418718,0.9395347,0.92373437,0.9081911,0.9096949,0.8743863,1.0157714,0.9900911,0.96632385,0.79254174,0.90515226,0.8265999,0.9209345,0.90087956,0.9204542,0.8239257
4.0,-0.0840933,-0.072626576,-0.15080974,0.19686562,-0.15781415,0.0019661174,0.13628101,-0.04493017,0.15299834,0.12891617,-0.05404108,-0.21441013,0.019449154,0.022905149,-0.085179016,0.06439042,-0.071377784,-0.044698104,-0.08272706,0.18610346,0.87178296,0.9170165,0.7974697,0.8791907,0.88719875,0.9031675,0.94854814,0.93958205,0.8460288,0.7676475,0.9703238,0.80930585,0.9420954,0.8399367,0.85657626,0.9345532,0.9201828,0.927081,0.9070807,0.7784406
10.0,0.06326935,0.06248767,0.073338725,0.06634927,-0.050815582,-0.032184582,0.031172559,-0.015772251,-0.041407086,-0.16038238,0.005159812,0.070016846,-0.07624914,0.22195826,0.047328714,0.10347457,0.01235741,-0.0013010167,0.036427375,-0.12608045,0.8256261,0.9279817,0.7271172,0.8084464,0.8761982,0.9086169,0.9310556,0.93630534,0.8224905,0.67469865,0.9440845,0.6850206,0.9065805,0.8279445,0.80333394,0.9515072,0.9156714,0.9271814,0.84706074,0.70991236
2.0,-0.078676,-0.065421924,-0.13915317,0.19537151,-0.16509274,0.0062562237,0.12913628,-0.05443645,0.14987978,0.1250642,-0.051584028,-0.21186316,0.020339198,0.015919764,-0.090038575,0.061391372,-0.06577168,-0.04700551,-0.08029077,0.19165516,0.8569268,0.9198322,0.80885667,0.87068874,0.88434845,0.9152735,0.9448236,0.9418746,0.8576904,0.763198,0.97522277,0.7958163,0.9377856,0.8417142,0.8625525,0.9428079,0.93118834,0.9298234,0.89379895,0.77232033
5.0,-0.30339774,-0.3634027,-0.4559185,0.34916934,-0.39042997,0.039465506,0.31747612,-0.14000048,0.47775295,0.6088246,-0.142168,-0.63363963,0.23535825,-0.3836974,-0.25847664,-0.015654817,-0.18844163,-0.14226928,-0.2620528,0.7391854,0.8981254,0.8634276,0.9280046,0.95762056,0.84636766,0.9296794,0.9274684,0.91714203,0.9009317,0.86765885,1.0157225,0.9687185,0.96338165,0.80434793,0.90878874,0.8450925,0.92657864,0.90957916,0.9192441,0.8208764
11.0,0.70969385,0.507192,1.4020175,-0.89083797,0.6885774,-0.14799747,-0.24434057,0.110723376,-0.9115401,-1.8095948,0.2500081,1.6345295,-0.3371177,0.936018,0.9074421,0.09149365,0.2953633,0.15659273,0.7616084,-1.6401516,0.59782565,0.8352971,0.31996024,0.57488745,0.59711945,0.796935,0.62441885,0.78139174,0.56056964,0.26108545,0.7710697,0.246851,0.6906962,0.56107086,0.4571471,0.753974,0.76206243,0.87502545,0.48948467,0.34038922
9.0,-0.22454928,-0.23810944,-0.34597853,0.30268693,-0.29097572,0.03170012,0.24603313,-0.09990118,0.3532316,0.42141023,-0.10854395,-0.48369384,0.14343548,-0.21764451,-0.20351031,0.0134485625,-0.14568692,-0.10096203,-0.19566737,0.5232291,0.89231825,0.89079463,0.87810946,0.9337245,0.86842155,0.9156286,0.9418155,0.9312445,0.87923086,0.8398627,1.0006591,0.91356194,0.96064186,0.82767767,0.89863205,0.89237475,0.92764914,0.9210744,0.92563695,0.81558424
8.0,-0.14622508,-0.14202917,-0.23736,0.25372484,-0.25704992,0.030812748,0.1702269,-0.10325233,0.2589731,0.282938,-0.08259488,-0.3645373,0.10000126,-0.14406566,-0.16289905,0.026902333,-0.09351684,-0.080699764,-0.14213242,0.39270866,0.8359365,0.9034556,0.88284117,0.8816223,0.8694889,0.9491394,0.938772,0.9394993,0.9005519,0.7949341,0.992115,0.82915294,0.941279,0.836608,0.8951609,0.9337713,0.9501939,0.9326828,0.88130945,0.7796784
2.0,0.22759745,0.16936949,0.31444383,-0.121988975,0.08629358,-0.089343354,-0.074731,0.027009629,-0.24914932,-0.507425,0.06843295,0.4082088,-0.15754272,0.4238881,0.24832657,0.1535404,0.103529796,0.048383623,0.17809165,-0.49409038,0.7937536,0.89625746,0.61227113,0.730646,0.839075,0.8675436,0.9042052,0.8953918,0.7467936,0.5571561,0.8866079,0.5682291,0.85523385,0.7837986,0.7118984,0.90220094,0.8571576,0.91004926,0.77861553,0.6114274
9.0,0.004897126,0.010253299,-0.019859672,0.12013635,-0.09149427,-0.019585432,0.071971714,-0.023305018,0.034377784,-0.04509264,-0.019116497,-0.043813683,-0.041381486,0.1476353,-0.0046020746,0.09209329,-0.020863246,-0.01657983,-0.0117555,-0.00554651,0.8467902,0.92373884,0.75366163,0.8362489,0.88378155,0.904344,0.9418574,0.93806285,0.8305936,0.71216905,0.9528789,0.7356127,0.9218325,0.835638,0.8245927,0.9450261,0.9167811,0.9276162,0.87461907,0.73898834
1.0,-0.24174044,-0.26407635,-0.36955628,0.31336406,-0.3144564,0.034864645,0.25998402,-0.11039067,0.3809864,0.46281543,-0.115903124,-0.5184766,0.16462427,-0.25717342,-0.2174485,0.006387256,-0.15366781,-0.11007466,-0.21042596,0.57350796,0.89007187,0.88491446,0.89260644,0.9368409,0.86302966,0.9213638,0.9388517,0.928666,0.8870296,0.8453916,1.0045375,0.9229936,0.960682,0.8236251,0.9030903,0.88390446,0.93003905,0.91978514,0.9216223,0.81544745
1.0,-0.24701819,-0.27421975,-0.37669566,0.31584936,-0.32888836,0.036926586,0.2628548,-0.11795582,0.3928321,0.48060936,-0.11904718,-0.5327449,0.17653514,-0.27985567,-0.22353376,0.0029312894,-0.15453023,-0.1147668,-0.21619438,0.5986471,0.8826234,0.8815128,0.9042988,0.9336645,0.8592504,0.9289547,0.93686384,0.9274102,0.8952297,0.8446155,1.0062046,0.9214242,0.95900965,0.8214995,0.90610105,0.8812394,0.93429196,0.91999114,0.91402906,0.81149054
4.0,-0.027449526,-0.020710994,-0.068066426,0.14663824,-0.11770487,-0.01059889,0.09513042,-0.03170064,0.07867037,0.01971529,-0.031662297,-0.10785031,-0.016867727,0.09887072,-0.034922324,0.080442175,-0.038778957,-0.026848283,-0.038250096,0.06788122,0.8542263,0.92204475,0.7723619,0.8525757,0.88556993,0.90697384,0.94415367,0.9390255,0.8400446,0.7323236,0.95963955,0.7621382,0.9296679,0.8385861,0.8374636,0.94391483,0.9196362,0.9282589,0.88602555,0.75344473
1.0,-0.27365756,-0.31535113,-0.41407928,0.3316034,-0.3586767,0.038904853,0.2875838,-0.12884316,0.43305603,0.5411256,-0.13009615,-0.5814383,0.20501412,-0.33046016,-0.24090303,-0.006251525,-0.1697498,-0.12756911,-0.23800878,0.6663498,0.88821447,0.8729587,0.9174584,0.94400704,0.8530308,0.9306045,0.9328792,0.92287713,0.89956695,0.85521203,1.0105611,0.9424869,0.96094906,0.8139464,0.9085329,0.8651957,0.9317884,0.9158276,0.915491,0.81534916
3.0,-0.13018596,-0.121216916,-0.21347213,0.23491693,-0.2058482,0.016445372,0.16860856,-0.068066515,0.22028384,0.22693372,-0.07162394,-0.30845857,0.060421884,-0.061781194,-0.13168919,0.04523298,-0.094205886,-0.064282596,-0.12083122,0.30483204,0.8706763,0.91160935,0.8329369,0.8941672,0.8817611,0.9142465,0.94634765,0.9395259,0.8651619,0.79213923,0.98392653,0.8382484,0.9475692,0.8399235,0.87738353,0.9291057,0.9305958,0.9279687,0.9085428,0.79049206
7.0,-0.18416233,-0.18365437,-0.28829995,0.28327668,-0.27916107,0.034314923,0.20256561,-0.10809618,0.30642834,0.35367092,-0.09563567,-0.42792213,0.12128277,-0.1882693,-0.18944968,0.020998476,-0.11576421,-0.09269355,-0.16770215,0.46559995,0.8528811,0.8973632,0.88997,0.8965859,0.8669476,0.93739074,0.93911254,0.93714494,0.8958181,0.8141907,0.999781,0.8598941,0.9478584,0.83449686,0.9027925,0.9164055,0.9481151,0.9291742,0.89207256,0.79178214
1.0,-0.20019977,-0.20592993,-0.31180072,0.2860079,-0.26962945,0.02901805,0.22466773,-0.09244448,0.31911212,0.37118918,-0.09903322,-0.44002163,0.12199209,-0.17868395,-0.1867585,0.021255268,-0.13173568,-0.09135873,-0.17651777,0.46839148,0.8847123,0.8967651,0.86878973,0.9224444,0.87220216,0.91673154,0.9435058,0.93404067,0.87761444,0.82764536,0.9967629,0.89263314,0.95723283,0.8321413,0.8950645,0.9040203,0.93029773,0.92382306,0.920213,0.8089449
1.0,-0.27800843,-0.3231384,-0.4195612,0.3386964,-0.38972262,0.044412564,0.28258562,-0.14885257,0.45058215,0.56739634,-0.13597156,-0.604375,0.22674902,-0.37747064,-0.25399467,-0.011976276,-0.1647035,-0.13706157,-0.24515043,0.7114247,0.8612236,0.86516535,0.9489893,0.9242114,0.84341794,0.9513764,0.92786396,0.922402,0.9205434,0.84759927,1.0126679,0.92534286,0.9543052,0.8096501,0.91608304,0.86365134,0.94629383,0.91876775,0.8893414,0.79993665
6.0,-0.26250738,-0.28915733,-0.3979812,0.33111998,-0.32581508,0.035552196,0.27965394,-0.113726586,0.4065699,0.50066113,-0.12297543,-0.5515704,0.1762639,-0.27942988,-0.23043326,0.001768332,-0.16709661,-0.11728486,-0.2250343,0.60993207,0.903109,0.88070595,0.89270127,0.9482632,0.8606236,0.91372305,0.93723863,0.9268924,0.8810448,0.8576438,1.0079049,0.944296,0.9644961,0.81970316,0.9035805,0.8725736,0.92453974,0.91643596,0.9308182,0.82392436
11.0,0.6635087,0.4716282,1.2665899,-0.8070384,0.61227095,-0.151018,-0.25365484,0.093094245,-0.84521854,-1.6702193,0.23758079,1.5015101,-0.30415136,0.8748993,0.84019667,0.11366553,0.2935789,0.14567241,0.6889056,-1.5165212,0.6184267,0.83302194,0.34460372,0.58583695,0.63082314,0.8001484,0.6616131,0.7829518,0.5694708,0.28112152,0.7778226,0.2718899,0.70515674,0.58438873,0.4810999,0.76406056,0.7541535,0.87664294,0.5167737,0.35686028
3.0,-0.0637234,-0.052222997,-0.11710984,0.18144283,-0.15595122,0.003369221,0.117963776,-0.052296028,0.13142635,0.09746353,-0.04579076,-0.18462917,0.012796142,0.033082053,-0.07733837,0.06455535,-0.057033554,-0.04262165,-0.06911217,0.16276556,0.85053664,0.9211646,0.8042407,0.86406386,0.88361335,0.91909266,0.943455,0.9417491,0.8582427,0.7538747,0.9726847,0.7831793,0.9347921,0.84120536,0.85801244,0.9464302,0.9319227,0.9303756,0.88762707,0.7656838
3.0,0.047013655,0.044634376,0.04505468,0.0785203,-0.062363178,-0.029454662,0.043315392,-0.0154468315,-0.019728452,-0.12796226,-0.0015025008,0.03787662,-0.06439413,0.19997273,0.03550094,0.10056937,0.0034635626,-0.0046770796,0.022702415,-0.092290536,0.83308876,0.9255197,0.7337611,0.8173383,0.8786081,0.9070129,0.93465275,0.935846,0.8253321,0.6845265,0.94474846,0.70103705,0.9116292,0.8307684,0.80780506,0.9486344,0.9143922,0.9273884,0.8561864,0.7177648
3.0,-0.09708322,-0.08930308,-0.16651633,0.20600778,-0.18718728,0.012154622,0.14250195,-0.06335504,0.17889103,0.16625547,-0.059222035,-0.25111476,0.04282693,-0.024249408,-0.106501475,0.05150953,-0.07431119,-0.054499842,-0.09697971,0.24325757,0.85568756,0.9160317,0.8252107,0.87881595,0.88180417,0.9229529,0.9441576,0.94048554,0.86880994,0.7724495,0.97847784,0.80924034,0.9405088,0.8411553,0.8698005,0.9405143,0.9335765,0.9304081,0.89515007,0.7765096
6.0,-0.02461619,-0.015295123,-0.063934125,0.14739144,-0.11295846,-0.012125445,0.09265174,-0.030036166,0.07312624,0.012603637,-0.030879097,-0.10087938,-0.022991437,0.10813213,-0.032473847,0.08376855,-0.037715342,-0.02564416,-0.035495505,0.05715944,0.8553778,0.92230403,0.7683247,0.8501003,0.8860278,0.9035273,0.9449834,0.9392843,0.8355613,0.7311205,0.95886326,0.7597978,0.9287703,0.8381111,0.8359831,0.94273907,0.9185277,0.9277525,0.8861617,0.7529521
1.0,-0.25137797,-0.2766724,-0.38172865,0.3217862,-0.32725602,0.036799025,0.26696122,-0.11705854,0.3959827,0.4851636,-0.11971996,-0.53781176,0.17477316,-0.2785125,-0.22645019,0.0031537004,-0.15766858,-0.11541622,-0.21793222,0.60091275,0.8878079,0.88157475,0.9008875,0.9358857,0.85931826,0.9239254,0.93669593,0.92776495,0.89068866,0.84781164,1.0073845,0.9262737,0.96016955,0.82158923,0.90605915,0.8792352,0.93276066,0.919386,0.9174792,0.81433964
6.0,-0.07696277,-0.06549352,-0.14000823,0.19113621,-0.15332116,0.0007346098,0.13071477,-0.044031765,0.1438406,0.115605496,-0.051208593,-0.20144172,0.014675625,0.031982355,-0.07971484,0.066484466,-0.06714918,-0.042691402,-0.07721145,0.17206454,0.86857873,0.917954,0.79526776,0.8752056,0.88695365,0.90448827,0.94800127,0.9397962,0.8459946,0.76314336,0.96956664,0.8025233,0.9403444,0.840061,0.85492605,0.93635595,0.9211972,0.92744476,0.9036112,0.77514005
5.0,-0.15136394,-0.14365694,-0.24622536,0.25056887,-0.21066844,0.015795264,0.18813288,-0.06436721,0.24441978,0.26130044,-0.07994584,-0.3401435,0.07043769,-0.07710549,-0.1413676,0.041914813,-0.10926842,-0.06812154,-0.13563034,0.333147,0.88989383,0.90765107,0.8284795,0.9110218,0.88358575,0.90202415,0.9492127,0.9374621,0.85516405,0.80701655,0.9831141,0.8652462,0.95500726,0.8369118,0.8762561,0.9180944,0.91975015,0.9243446,0.92684627,0.803617
11.0,0.6883293,0.49557284,1.3485172,-0.85354066,0.65946496,-0.14868104,-0.24712902,0.10277007,-0.8849089,-1.7512,0.24480005,1.578481,-0.324319,0.9133816,0.8762901,0.09654676,0.2940406,0.15033236,0.7323564,-1.585123,0.6068932,0.83661354,0.32999432,0.58063966,0.60948247,0.8010719,0.6396498,0.7840632,0.5654428,0.26961312,0.7766038,0.2561903,0.69806147,0.57162887,0.46715268,0.7618093,0.7613873,0.87516344,0.50097364,0.3477571
6.0,-0.07169595,-0.05966991,-0.12903206,0.18842578,-0.16020927,0.004537852,0.12415299,-0.052838556,0.14125922,0.111967705,-0.048853893,-0.19868293,0.016768094,0.024523113,-0.0834115,0.06319144,-0.061821714,-0.044713356,-0.074994445,0.17732191,0.85458046,0.92025095,0.8060092,0.86802167,0.88413125,0.91660374,0.94439393,0.9415683,0.8573739,0.7588376,0.97369885,0.7904903,0.93663144,0.84135115,0.85994285,0.9440033,0.93096864,0.92991894,0.8915047,0.7694008
4.0,0.04538371,0.041622236,0.03649293,0.08093225,-0.057005666,-0.03406615,0.044994384,-0.008610699,-0.020224497,-0.12732944,-0.004082268,0.038020447,-0.067505874,0.20651671,0.041196298,0.1077777,0.0017479248,-0.0022255592,0.021487113,-0.10003294,0.84171945,0.9205092,0.72545004,0.81745654,0.8799496,0.89643216,0.93964875,0.9327468,0.8143496,0.68522793,0.93932384,0.7068685,0.9122687,0.829405,0.8031693,0.93873733,0.90584683,0.925164,0.86292076,0.7190244
2.0,0.6253164,0.4561326,1.1887828,-0.7430584,0.5685656,-0.14473534,-0.246405,0.08038379,-0.7972946,-1.5695451,0.22589166,1.4063622,-0.29175127,0.84572774,0.77982515,0.10875525,0.28362617,0.1331341,0.6454142,-1.4232614,0.63351345,0.8421422,0.36337158,0.5994479,0.6477908,0.8097475,0.6850366,0.79496884,0.58318245,0.29973474,0.79314345,0.2877522,0.7179408,0.6032147,0.49833623,0.78641325,0.7624695,0.873209,0.53844196,0.3755318
10.0,0.17314896,0.13471389,0.23078388,-0.055491395,0.041341275,-0.0720739,-0.03925299,0.017905775,-0.18290344,-0.3900374,0.047035277,0.29554015,-0.13494252,0.36455455,0.1816771,0.14068744,0.07390578,0.033884577,0.13001168,-0.3763355,0.8084338,0.90841407,0.648164,0.7563803,0.8545596,0.8802275,0.91671205,0.9114434,0.77185625,0.5967013,0.9046176,0.6079594,0.874228,0.8011799,0.74098396,0.9192824,0.87713635,0.9165017,0.80540276,0.6460163
5.0,-0.3714118,-0.5531591,-0.5815862,0.35453182,-0.6285765,0.040186126,0.37797683,-0.23264602,0.6616249,0.8809441,-0.19831517,-0.81258506,0.41777396,-0.7004658,-0.29839638,-0.06543124,-0.23588632,-0.22197437,-0.36232403,1.0833778,0.8447349,0.80582505,1.0697865,0.9717513,0.80666554,1.0329916,0.9033501,0.88559574,0.998735,0.8663284,0.9982167,1.0159191,0.95393884,0.7385462,0.9008103,0.7702919,0.9319965,0.88182247,0.86025983,0.7980794
7.0,-0.2755209,-0.3169194,-0.4167043,0.33338913,-0.35609192,0.038292862,0.29031605,-0.12698995,0.433835,0.5421848,-0.13028409,-0.58252573,0.20348069,-0.327221,-0.24095908,-0.0060061216,-0.17188099,-0.12732255,-0.23874947,0.66481876,0.89293534,0.8733614,0.9136219,0.9473725,0.8538645,0.9269947,0.9331649,0.9228088,0.89599735,0.8576097,1.0107317,0.9468662,0.9621495,0.8139319,0.90759313,0.86401933,0.9293846,0.91507596,0.91961193,0.8181369
1.0,-0.26578856,-0.29917562,-0.40309176,0.32910502,-0.33833247,0.03670494,0.2822164,-0.11921022,0.41595244,0.51504344,-0.12545079,-0.56158906,0.18772861,-0.29880285,-0.23329282,-0.0013963133,-0.16762123,-0.12085887,-0.22960365,0.6307614,0.89687914,0.8779346,0.9023145,0.9470011,0.85800195,0.92103964,0.9356661,0.92508006,0.88895553,0.85614467,1.0087203,0.94306815,0.96302396,0.8176039,0.905361,0.87015444,0.9272707,0.91620606,0.9248176,0.82034403
9.0,-0.1671626,-0.16017646,-0.26476046,0.2666647,-0.23595735,0.023910698,0.19679737,-0.08014974,0.2699083,0.2996488,-0.0855791,-0.37735003,0.08718013,-0.11712819,-0.16315435,0.03391368,-0.114154115,-0.07802344,-0.14909045,0.3862481,0.8793908,0.90544164,0.8500211,0.90765166,0.8778979,0.91219527,0.9455262,0.9382945,0.8690712,0.81212735,0.99148,0.8661701,0.95282644,0.8376122,0.88806635,0.91790175,0.9313646,0.9263944,0.91573817,0.80165607
1.0,-0.20339745,-0.21092382,-0.31511462,0.28995058,-0.28370863,0.03233805,0.22406891,-0.102236815,0.32848746,0.38515964,-0.10120874,-0.4527306,0.13161919,-0.2004062,-0.19442229,0.018123943,-0.13032565,-0.09591586,-0.18067779,0.4914881,0.8730313,0.8942586,0.8827804,0.91533405,0.8678808,0.92645484,0.9410312,0.933878,0.88761604,0.8256867,0.99976087,0.886275,0.9544192,0.831435,0.90013397,0.90425175,0.9380009,0.92524415,0.9089061,0.80325425
11.0,0.670085,0.4785628,1.2896638,-0.8194053,0.6255287,-0.1497113,-0.25163648,0.09538377,-0.85613066,-1.6921881,0.2393804,1.5225235,-0.309699,0.8859198,0.84920335,0.107768625,0.29400277,0.14662787,0.70114714,-1.5350672,0.61525774,0.83471686,0.34065858,0.58481324,0.6250431,0.80097705,0.65537494,0.7839495,0.56882685,0.27815443,0.7781166,0.26740205,0.70346886,0.5810491,0.4773136,0.7643591,0.75678915,0.8760451,0.5125353,0.35464445
4.0,-0.02895742,-0.018677104,-0.0663361,0.15152484,-0.12556419,-0.006351107,0.09377004,-0.04037912,0.08307119,0.02661663,-0.031941235,-0.115175255,-0.014012797,0.088507205,-0.043986455,0.07655398,-0.03849317,-0.03035444,-0.040499352,0.08141105,0.84540856,0.9244564,0.78237265,0.84971625,0.8838704,0.91561586,0.94178414,0.9413332,0.84821486,0.7332653,0.9648387,0.7572005,0.92822653,0.83950925,0.843689,0.94987124,0.92780656,0.9299271,0.8792202,0.7525454
3.0,-0.067024484,-0.047994018,-0.11942132,0.19367921,-0.16591826,0.0086188875,0.116102114,-0.06366779,0.13780427,0.10862324,-0.047798455,-0.19799791,0.014913195,0.019152768,-0.0911077,0.060788378,-0.05732701,-0.047512278,-0.0728803,0.1814127,0.84041387,0.92316604,0.8166167,0.8583121,0.88185143,0.92612994,0.94084746,0.94475204,0.86518216,0.75652605,0.97881866,0.7771629,0.93266994,0.8422961,0.86634517,0.9522431,0.9409432,0.9319091,0.8795758,0.7649276
6.0,0.06391003,0.057184845,0.06661896,0.06264384,-0.04475872,-0.03783234,0.03235086,-0.0065046353,-0.043828063,-0.16394645,0.0039600823,0.07407558,-0.07782901,0.22897287,0.057946574,0.11089644,0.01244333,0.0024002679,0.036970932,-0.13720308,0.8345413,0.9218025,0.71746284,0.8087159,0.8771064,0.8982281,0.9356152,0.9319902,0.81258756,0.6729776,0.936868,0.6905826,0.90717155,0.82698077,0.79660356,0.94069797,0.9059265,0.9251053,0.85330313,0.7092341
2.0,0.34041637,0.24794996,0.5185548,-0.27178124,0.18770933,-0.1119631,-0.13980743,0.03804948,-0.39052823,-0.7704022,0.11792557,0.65512383,-0.20091115,0.54557586,0.3801625,0.15315792,0.16404209,0.071717426,0.29053587,-0.737302,0.75702745,0.88369626,0.5419986,0.6870958,0.8004886,0.8461074,0.8570514,0.8693984,0.70385766,0.48001203,0.8607318,0.48228964,0.81597275,0.7426212,0.6541524,0.8796996,0.82566005,0.8975989,0.7145266,0.54172987
2.0,0.5636371,0.41067106,1.0231252,-0.63218313,0.47128955,-0.14105314,-0.23639393,0.065116875,-0.70323217,-1.3824729,0.205445,1.228216,-0.2678248,0.7774527,0.6855379,0.122593045,0.26598954,0.11794373,0.55869955,-1.2635423,0.66327155,0.848543,0.3995865,0.6160717,0.68635875,0.8134312,0.7289723,0.8079616,0.60531694,0.3344001,0.80724937,0.324911,0.7376149,0.6356266,0.53162867,0.80826455,0.767709,0.8746031,0.5771382,0.4071136
1.0,-0.2079633,-0.22060198,-0.32339823,0.2926428,-0.3029869,0.03701108,0.22453812,-0.113225654,0.34077853,0.40447503,-0.10530864,-0.47081476,0.14774852,-0.23067153,-0.20281453,0.011569958,-0.12883438,-0.101404496,-0.18761303,0.52285296,0.8607728,0.8904345,0.90059876,0.9104705,0.86352265,0.93854,0.93856746,0.9331185,0.9013006,0.8248905,1.0008072,0.8822063,0.9511193,0.82955444,0.90520525,0.9042453,0.9433303,0.9268295,0.89856726,0.797516
3.0,-0.36441454,-0.4817594,-0.543701,0.37832406,-0.48330885,0.038050435,0.3823391,-0.17529598,0.58331764,0.77191216,-0.17022356,-0.7473601,0.31673637,-0.52679604,-0.29394808,-0.037830546,-0.22822776,-0.18251273,-0.3157313,0.92203397,0.90605736,0.8373113,0.96444494,0.9776573,0.82663167,0.94087726,0.9086011,0.90055746,0.9161435,0.88402563,1.0270298,1.0157682,0.96259314,0.7756444,0.90547293,0.7945608,0.91953486,0.8922814,0.90948665,0.8207829
5.0,-0.03954678,-0.030708944,-0.08398602,0.15845765,-0.1286827,-0.0067166244,0.102822766,-0.037822086,0.09579873,0.044953264,-0.036335826,-0.13209027,-0.008344381,0.07935558,-0.04832638,0.07642573,-0.04529719,-0.031704556,-0.048124798,0.09698415,0.85395616,0.92178756,0.7815236,0.8566765,0.88527346,0.9102312,0.9445971,0.93986845,0.8445134,0.73960966,0.9639644,0.76958936,0.931801,0.8393089,0.84389246,0.9440499,0.92336273,0.9286551,0.8874176,0.7580613
6.0,0.033556752,0.038297977,0.026243284,0.09672529,-0.07120984,-0.025485633,0.05101672,-0.02061228,-0.0032044575,-0.101095125,-0.007530693,0.011846088,-0.060951293,0.18590826,0.019070964,0.09931821,-0.004685737,-0.009325469,0.011680309,-0.0653625,0.8355775,0.9265098,0.74117935,0.82125306,0.8806143,0.9063357,0.9374033,0.9377437,0.8258518,0.69433254,0.94948053,0.7095511,0.91388875,0.83221745,0.8154231,0.94859827,0.91745955,0.9274068,0.8606325,0.7252128
4.0,-0.1265547,-0.116844915,-0.20887367,0.23192021,-0.19952825,0.014550481,0.16657089,-0.064260915,0.21388304,0.21752878,-0.0701388,-0.2995064,0.055458497,-0.05135377,-0.12684664,0.04752421,-0.09305477,-0.061997265,-0.11737275,0.29175472,0.8734228,0.91224563,0.8273874,0.89431655,0.8830175,0.9109883,0.94712615,0.93950474,0.8612501,0.79080975,0.9821769,0.83763546,0.94782764,0.8399058,0.87468415,0.9289432,0.92807466,0.92750823,0.9108458,0.7907753
10.0,-0.28634274,-0.34604907,-0.43501234,0.3330907,-0.4007844,0.0426757,0.29537952,-0.14771126,0.46504745,0.5898168,-0.14004791,-0.61755556,0.24081506,-0.39336297,-0.25273332,-0.016551316,-0.17306541,-0.14063495,-0.25493258,0.73356706,0.8702257,0.8623227,0.9491715,0.9396549,0.84408665,0.95257777,0.92853767,0.9182229,0.9224966,0.85296607,1.0104094,0.9420728,0.95725036,0.80497223,0.91264063,0.85571194,0.93821305,0.9146462,0.8985986,0.80594826
7.0,-0.23653331,-0.259762,-0.36305994,0.3069743,-0.31177777,0.033904653,0.25601378,-0.10886999,0.37543374,0.45422953,-0.11445794,-0.5095859,0.16308063,-0.25200057,-0.21255867,0.007514853,-0.15107714,-0.10821726,-0.20732644,0.5642912,0.8878861,0.8855955,0.89187145,0.93609446,0.8639137,0.9236971,0.93958104,0.9283469,0.88831353,0.8426823,1.0030497,0.9195428,0.9604457,0.8238313,0.9018528,0.8857951,0.9300415,0.91991925,0.920876,0.81410676
7.0,-0.30050054,-0.35705182,-0.4517351,0.34864965,-0.38349265,0.039128795,0.31495827,-0.13713506,0.4715735,0.5993328,-0.14045428,-0.6270316,0.22933531,-0.3731358,-0.25634003,-0.014097802,-0.18711191,-0.1398432,-0.25900766,0.72706926,0.9001613,0.86519027,0.92357534,0.9578247,0.8478705,0.92697424,0.9284259,0.9181215,0.89792633,0.8677759,1.0152661,0.9679999,0.9638491,0.8059776,0.9082882,0.8474023,0.9257266,0.91015136,0.9216717,0.8221555
3.0,-0.0546282,-0.04127312,-0.10329972,0.17587951,-0.14771427,0.0012281969,0.11103092,-0.04995711,0.11825972,0.07878473,-0.04218591,-0.16672032,0.003905231,0.048849963,-0.07023112,0.06815718,-0.052271977,-0.03971334,-0.0614639,0.14111364,0.84867257,0.9227935,0.79883456,0.8592912,0.8839485,0.91781676,0.94300956,0.9423539,0.85517615,0.7489078,0.97154963,0.77533096,0.932796,0.841134,0.8552515,0.9481302,0.93193775,0.93036455,0.8848895,0.7625542
7.0,-0.019664967,-0.010877416,-0.055100568,0.14267005,-0.11221063,-0.01183822,0.0886786,-0.031676464,0.06789136,0.004589122,-0.028572105,-0.09307269,-0.02426223,0.11071701,-0.03017215,0.08324258,-0.03439683,-0.025126196,-0.031911824,0.05129967,0.8505284,0.92356837,0.7695502,0.8472333,0.8850525,0.90754795,0.9432985,0.9397893,0.8386553,0.72778076,0.95963264,0.7538296,0.92720425,0.83823997,0.8360909,0.9457583,0.92126685,0.92847335,0.8816152,0.7499762
7.0,-0.35586703,-0.4641835,-0.53073245,0.37435886,-0.47222823,0.03922938,0.37152472,-0.17166755,0.56866294,0.74947554,-0.16650163,-0.7328899,0.30689177,-0.51023114,-0.29049274,-0.03531517,-0.22111635,-0.17694002,-0.30825087,0.8993406,0.9013975,0.84043944,0.9630517,0.9719915,0.82855564,0.94167995,0.9114434,0.90340054,0.9168187,0.8803131,1.0253055,1.0061083,0.96196216,0.7799653,0.9074648,0.8026161,0.92268276,0.8959111,0.9079423,0.81887585
7.0,-0.18940756,-0.19251212,-0.29674044,0.27811104,-0.2604106,0.02754995,0.21558145,-0.089122824,0.30421853,0.3493185,-0.09488694,-0.4204836,0.11298257,-0.16175582,-0.17886025,0.024663886,-0.12571079,-0.08721493,-0.16814348,0.44429642,0.8815921,0.8991992,0.8644291,0.91782796,0.8737596,0.91729206,0.9441052,0.9350293,0.87678355,0.8221752,0.99493206,0.8837441,0.95573306,0.833738,0.8930447,0.90867066,0.9310629,0.92478967,0.91795415,0.8059853
11.0,0.6319367,0.4621844,1.2096257,-0.75533813,0.5807905,-0.14435075,-0.24607915,0.08219149,-0.808164,-1.5910153,0.22788219,1.426903,-0.2955494,0.8548195,0.7895414,0.10520623,0.28484702,0.13442123,0.6561969,-1.4413515,0.6301078,0.84254056,0.35942692,0.59804314,0.6427215,0.81008345,0.6795209,0.79463315,0.5814461,0.29627433,0.7924802,0.2834289,0.71599925,0.5996467,0.4945763,0.78526425,0.76334965,0.8729132,0.5341686,0.3726009
3.0,-0.06930146,-0.056951027,-0.12998876,0.18586177,-0.14507097,-0.0017586342,0.125281,-0.03991402,0.1321016,0.09888634,-0.048409373,-0.18569848,0.006982181,0.04703162,-0.07202152,0.07002094,-0.06329821,-0.039493904,-0.07082048,0.15149194,0.86940765,0.9185662,0.7886807,0.87213004,0.88775176,0.90115994,0.9483245,0.93979645,0.84168,0.7591294,0.9669083,0.7977435,0.93907106,0.83980453,0.8510504,0.93652946,0.9187833,0.927147,0.90350014,0.7730053
8.0,-0.27708703,-0.3139428,-0.41956767,0.3378167,-0.34190667,0.035912443,0.29461852,-0.118986994,0.42943355,0.53484434,-0.12943839,-0.57797194,0.1930884,-0.3071261,-0.23826903,-0.0035657026,-0.1764508,-0.12428396,-0.23778021,0.6467724,0.90797293,0.87597054,0.8986066,0.957196,0.85790545,0.9146006,0.9352097,0.9235946,0.88278025,0.8646649,1.0099212,0.9586873,0.9663198,0.8148884,0.9037051,0.8629542,0.9211671,0.9132451,0.934139,0.82756567
9.0,-0.23725761,-0.25464675,-0.36220714,0.3132848,-0.30690312,0.034146555,0.25550842,-0.10799613,0.37289613,0.45032093,-0.11344356,-0.5088878,0.15633994,-0.24446222,-0.21498054,0.009213522,-0.15134229,-0.10760539,-0.20572905,0.55820364,0.89031,0.886762,0.88817984,0.9339289,0.8640418,0.9187696,0.9394178,0.9300124,0.8836564,0.843742,1.0043343,0.919072,0.96053123,0.8252785,0.9024787,0.88653475,0.93076104,0.92046344,0.9215948,0.81516296
10.0,0.28263175,0.22348744,0.4340452,-0.18866932,0.1365198,-0.09149394,-0.104804926,0.023114834,-0.32291195,-0.63843393,0.09506581,0.5336094,-0.18498683,0.49294475,0.29575005,0.13628457,0.13261385,0.054958954,0.23684984,-0.61143994,0.76984674,0.9069039,0.58284056,0.713126,0.82035017,0.8683713,0.87227607,0.89489925,0.7356925,0.5229135,0.8870685,0.5166085,0.8373129,0.7630359,0.6886685,0.91092885,0.8558693,0.90616375,0.7426848,0.5810231
9.0,-0.16095991,-0.15725142,-0.2571005,0.25737363,-0.23221599,0.022014564,0.1930592,-0.077568665,0.26318133,0.28919277,-0.083642356,-0.36593527,0.08647764,-0.111084044,-0.15575205,0.034938525,-0.11101304,-0.07548077,-0.14519687,0.3747248,0.8779686,0.90564096,0.8477941,0.9076896,0.8785518,0.9145998,0.94594425,0.9373664,0.8700263,0.8084818,0.9892567,0.8631149,0.95257926,0.8372005,0.88531023,0.9189497,0.92999667,0.92630315,0.9154598,0.7998099
11.0,0.654985,0.4803082,1.2769969,-0.79782677,0.6200483,-0.14439519,-0.24529013,0.08919224,-0.84350383,-1.6626401,0.23461692,1.4956036,-0.30835912,0.8836684,0.82447356,0.09696056,0.2880485,0.14015937,0.6912766,-1.5032623,0.6187713,0.84208566,0.3464068,0.5923002,0.62656194,0.80917794,0.6618017,0.7916538,0.5747603,0.28468785,0.7883362,0.2701079,0.7086027,0.5874258,0.48218757,0.77880436,0.7645252,0.8722609,0.5199308,0.36257416
3.0,-0.13001831,-0.11819589,-0.21159294,0.23966181,-0.21383236,0.020120012,0.1651729,-0.07634856,0.22275272,0.23147073,-0.07197911,-0.31451386,0.06282955,-0.072436795,-0.13889846,0.0430291,-0.091776714,-0.06729231,-0.121869326,0.3164434,0.86041385,0.91213447,0.8430674,0.88720685,0.8793408,0.9214209,0.94405615,0.941075,0.87254864,0.79089934,0.98756534,0.830394,0.94468576,0.84095407,0.88278925,0.9331336,0.9382733,0.9297418,0.89920837,0.7866448
5.0,-0.32981068,-0.4195988,-0.49695715,0.3557234,-0.4366769,0.038522758,0.3464074,-0.15583713,0.5280276,0.6853314,-0.15615039,-0.68527573,0.27719757,-0.45326096,-0.27131,-0.026705764,-0.20714542,-0.16070133,-0.2887132,0.8254056,0.90028596,0.8511473,0.9476745,0.9714822,0.8386965,0.93964607,0.9209339,0.908004,0.91181093,0.8756031,1.0184447,0.992245,0.96460354,0.79031557,0.9068678,0.8220882,0.92228264,0.9006051,0.9167361,0.8221625
3.0,-0.058919713,-0.047743473,-0.11070126,0.17684528,-0.14947006,0.0010950251,0.11523542,-0.048400804,0.12376967,0.08628126,-0.04382281,-0.17353755,0.007677729,0.044082068,-0.07109172,0.06729894,-0.054944567,-0.040116698,-0.06471683,0.14812768,0.8524843,0.9214647,0.7984795,0.86309886,0.8843726,0.9160618,0.943933,0.9413964,0.854493,0.7512526,0.9706843,0.78111964,0.9344051,0.8409512,0.8547971,0.945696,0.9295333,0.9299047,0.8885867,0.76464605
7.0,-0.20651755,-0.21442342,-0.32230547,0.2885491,-0.26755193,0.026962413,0.23267621,-0.08830193,0.32566306,0.38000593,-0.101515785,-0.44665855,0.12414837,-0.17849682,-0.18636267,0.02076459,-0.13803984,-0.09157813,-0.18090168,0.47165942,0.89548534,0.89571524,0.8625121,0.93224955,0.8739631,0.910329,0.94492793,0.9325914,0.8709173,0.8336988,0.9954024,0.9054498,0.96112823,0.8302281,0.8919962,0.89901066,0.9231055,0.9213492,0.93083775,0.81568235
9.0,-0.14455287,-0.14746964,-0.23612544,0.24363342,-0.25436014,0.028426655,0.17215991,-0.0974781,0.2572127,0.27901512,-0.081521824,-0.35758102,0.10233064,-0.1397108,-0.15486445,0.027246743,-0.093949094,-0.07838378,-0.14165883,0.3860063,0.84092253,0.90257394,0.87794536,0.88774806,0.8702764,0.94902885,0.94050175,0.9372325,0.90018827,0.7937225,0.98826677,0.83427274,0.94292784,0.8355524,0.89076424,0.9314869,0.9451195,0.9318916,0.8865218,0.7808978
9.0,-0.24005252,-0.27676713,-0.37718198,0.31604463,-0.3883818,0.048848256,0.23880476,-0.15822294,0.41296038,0.5067025,-0.12928006,-0.5592675,0.219697,-0.3638184,-0.23596191,-0.012485173,-0.13638902,-0.12831464,-0.22719553,0.6614967,0.8242068,0.86702305,0.9696874,0.90062827,0.84396434,0.98398393,0.9301325,0.925684,0.94451857,0.82892567,1.0003664,0.88601184,0.9450875,0.81143194,0.9158219,0.8878398,0.95488006,0.92709166,0.86818475,0.78257513
6.0,0.05780209,0.05129812,0.05486474,0.06869778,-0.047554966,-0.03781139,0.0365986,-0.005551775,-0.036436282,-0.15221258,0.00077288784,0.06267333,-0.07483003,0.22288513,0.05428483,0.11158428,0.008828845,0.0015730783,0.03170703,-0.12713754,0.8386734,0.9199006,0.7181683,0.81140786,0.8781985,0.89536023,0.93813026,0.93130076,0.8107212,0.676843,0.93605816,0.69713646,0.9089374,0.8274017,0.79741156,0.9376425,0.9036898,0.9246168,0.8578935,0.7124375
8.0,-0.052429248,-0.042008873,-0.1025922,0.17043532,-0.14121833,-0.0017701822,0.111600354,-0.04300647,0.11345155,0.07124247,-0.04125994,-0.15901329,0.0013124505,0.05828467,-0.06263116,0.07051803,-0.051981423,-0.036741562,-0.05897696,0.12895751,0.85523427,0.92172575,0.7908943,0.86189246,0.8853775,0.9118069,0.9444288,0.9408552,0.84974504,0.7477276,0.9676227,0.7785208,0.9337686,0.840626,0.8503252,0.94477844,0.9259127,0.92934746,0.8900126,0.76312935
4.0,-0.1733742,-0.17136243,-0.2746026,0.26710176,-0.24183299,0.024014533,0.20316729,-0.08086269,0.27973408,0.31342736,-0.0883467,-0.38843048,0.095792264,-0.1291087,-0.16526599,0.031082423,-0.11799021,-0.079895824,-0.15469927,0.4012615,0.8820647,0.9033382,0.85242844,0.91326815,0.87734133,0.91328245,0.9456567,0.936608,0.87062407,0.81530017,0.99130327,0.8735892,0.95456696,0.8359631,0.8880103,0.9144273,0.92907774,0.92543083,0.91889185,0.8038844
10.0,0.17193629,0.13796538,0.23476171,-0.052876525,0.039946206,-0.06899103,-0.038446777,0.014424927,-0.18208623,-0.38834956,0.047604382,0.29419708,-0.13589415,0.3643754,0.17563716,0.13640222,0.072889745,0.032116555,0.13004096,-0.37232053,0.80604255,0.91305965,0.65137,0.757809,0.854934,0.8841854,0.9142662,0.91460204,0.77575207,0.5985128,0.9089517,0.6060492,0.8745321,0.8015605,0.74404633,0.9250945,0.881914,0.9174331,0.8038407,0.6476331
11.0,0.71947163,0.50586116,1.4063814,-0.90244937,0.68964887,-0.15135038,-0.2489022,0.114487655,-0.91841096,-1.8263198,0.252394,1.6492822,-0.33731297,0.9358208,0.9215324,0.098614946,0.29948673,0.16047251,0.76651895,-1.6596678,0.595997,0.8311309,0.3169208,0.5696069,0.59720397,0.791328,0.6199832,0.77708536,0.5570836,0.25746787,0.7643235,0.24550235,0.688149,0.5569552,0.45486084,0.7448243,0.75701004,0.8784299,0.48477513,0.3355077
2.0,-0.03423873,-0.02621211,-0.073576465,0.1562057,-0.15660208,0.0048507177,0.09137258,-0.06261881,0.10163614,0.04988457,-0.03543044,-0.14198466,0.012186949,0.040533796,-0.06187031,0.05772554,-0.036623318,-0.03935974,-0.05227501,0.12849312,0.8225742,0.9228998,0.81325376,0.846841,0.87636,0.94388574,0.93503207,0.9425283,0.8758262,0.734406,0.96818805,0.7520363,0.9254663,0.8380348,0.85358024,0.96331483,0.93897885,0.93473905,0.8654752,0.74792784
9.0,-0.19310254,-0.19389594,-0.30295697,0.2821965,-0.25289655,0.025399044,0.22062388,-0.08304633,0.30459473,0.34953225,-0.09580312,-0.42120892,0.1084158,-0.15183812,-0.17771983,0.026095884,-0.13050832,-0.085874446,-0.16926989,0.4369678,0.893391,0.8996272,0.8546776,0.92524195,0.87644213,0.90755796,0.9459476,0.9350201,0.86706865,0.8274427,0.99332213,0.8939951,0.9591664,0.83313304,0.88971865,0.905485,0.92401886,0.9229168,0.9289193,0.812736
7.0,-0.18126157,-0.18128127,-0.28554145,0.27276832,-0.24988939,0.025582656,0.20940062,-0.08424539,0.29124904,0.33028418,-0.09146669,-0.40366155,0.103356,-0.14353815,-0.17172088,0.028170194,-0.12201814,-0.08321572,-0.16110696,0.42090422,0.88282967,0.90151316,0.8572772,0.9159954,0.8759177,0.9142953,0.9450883,0.9359327,0.87272584,0.81902224,0.99294436,0.87918264,0.9553934,0.83498,0.89022225,0.9115877,0.9295212,0.92503065,0.91936034,0.8054757
9.0,-0.2117096,-0.21979123,-0.3283423,0.29438454,-0.2755584,0.029417908,0.2354666,-0.093218826,0.33340842,0.39204925,-0.10327829,-0.45849454,0.12916836,-0.19104543,-0.19334209,0.018440805,-0.13935177,-0.0947833,-0.18493214,0.4883924,0.8923764,0.89458174,0.86898154,0.9301798,0.8717292,0.9126838,0.9435299,0.9329133,0.87473804,0.8348494,0.9978373,0.9053359,0.96000886,0.8301979,0.89540976,0.89820933,0.92657095,0.9220333,0.9267749,0.8144166
5.0,-0.060986586,-0.05264608,-0.120706454,0.17516822,-0.13395071,-0.0077684554,0.12070532,-0.033013508,0.12082084,0.08118974,-0.046056576,-0.16644329,0.0027142202,0.061577793,-0.057788283,0.07520424,-0.0595939,-0.03453267,-0.06381843,0.12670124,0.87217724,0.9160304,0.77868766,0.8710895,0.8880738,0.89783686,0.94999367,0.93712586,0.83468777,0.75374764,0.96120924,0.7957355,0.9394337,0.8374925,0.8433402,0.932298,0.9121658,0.9254915,0.90577334,0.7703531
5.0,-0.22513114,-0.24104938,-0.34647375,0.3021421,-0.29848102,0.033184513,0.24522254,-0.10448079,0.3571685,0.42744675,-0.10936523,-0.48847145,0.14914937,-0.2288925,-0.20600729,0.011762854,-0.14429964,-0.10296058,-0.19729665,0.5344113,0.88572204,0.8894424,0.8855339,0.9300811,0.8662622,0.9215376,0.94062173,0.9308195,0.88541704,0.83780915,1.0016649,0.9095259,0.95891726,0.8272037,0.90085614,0.89258265,0.9314624,0.9218382,0.91935074,0.8119179
4.0,0.045486514,0.04520842,0.042219467,0.08243901,-0.061174244,-0.030165438,0.043937717,-0.014804948,-0.019088872,-0.12579872,-0.0027844664,0.036198854,-0.0669329,0.20235899,0.034464616,0.10316251,0.002111148,-0.004644228,0.021629203,-0.09303604,0.8352148,0.92496276,0.73212326,0.8168964,0.87932426,0.9038114,0.9364304,0.9356851,0.82163566,0.6858557,0.9445905,0.70228934,0.91151375,0.83044577,0.8080074,0.9461793,0.9131818,0.92673206,0.8578676,0.7189762
4.0,-0.1400215,-0.13195506,-0.22804001,0.24210167,-0.21060695,0.017154386,0.17713353,-0.068197615,0.23236752,0.24435721,-0.075364195,-0.3246751,0.06633209,-0.072197005,-0.13764326,0.043011338,-0.100473545,-0.06675949,-0.12797885,0.32179582,0.87688816,0.9099369,0.8336939,0.9004182,0.8819268,0.9108378,0.9471054,0.9387796,0.86321956,0.79825616,0.98454,0.8486643,0.95015854,0.8390156,0.87834656,0.92497873,0.92781055,0.92688257,0.9143158,0.7952387
7.0,-0.24440885,-0.26895553,-0.3733382,0.31444907,-0.3197174,0.03551384,0.2620261,-0.11280626,0.3860831,0.47048908,-0.11728312,-0.5246016,0.16934627,-0.2656856,-0.21975769,0.0049345605,-0.15465756,-0.1118808,-0.21306783,0.583503,0.88847446,0.8836354,0.8963114,0.9368113,0.86181927,0.9235277,0.9381977,0.92805666,0.8895229,0.8457658,1.0051275,0.92379236,0.96038085,0.82271725,0.9039919,0.8824636,0.93090725,0.9196252,0.91989326,0.8146918
6.0,0.09769188,0.08361715,0.11887527,0.028387845,-0.018990494,-0.04730249,0.009828106,0.00030102208,-0.08754448,-0.23265271,0.017699929,0.14201796,-0.097113766,0.2724712,0.09314281,0.119417146,0.03157335,0.011957813,0.06555289,-0.21032028,0.82526636,0.9205577,0.6979577,0.7927006,0.8713874,0.8956956,0.92975813,0.9279932,0.80296326,0.65010935,0.9288891,0.66359216,0.89768,0.820491,0.78110313,0.9381034,0.9003957,0.923421,0.83829564,0.6908658
1.0,-0.2155535,-0.22724625,-0.33209133,0.29746476,-0.29295743,0.033006046,0.23526993,-0.104552835,0.3450733,0.4092951,-0.105739556,-0.47325754,0.14155947,-0.21773568,-0.20164861,0.014762022,-0.13775179,-0.1001975,-0.1899342,0.5167467,0.87843996,0.89133096,0.8856662,0.9219242,0.86636937,0.9247106,0.940541,0.9322631,0.8871534,0.8318109,1.0012972,0.8977471,0.95661944,0.82913226,0.9011234,0.8978569,0.93575233,0.9235836,0.9129295,0.8071469
2.0,0.4412011,0.327515,0.7386003,-0.424192,0.3055157,-0.12402977,-0.18956837,0.04272781,-0.52765405,-1.0350231,0.15884095,0.90317786,-0.23386437,0.6552329,0.50440526,0.13412075,0.21387555,0.08938207,0.4060123,-0.96752214,0.71613413,0.8734119,0.47658938,0.65420717,0.75263166,0.8311998,0.80177134,0.84520954,0.6595566,0.4128449,0.8416368,0.4040546,0.7795968,0.69544476,0.5995482,0.8566822,0.7993253,0.88437605,0.6521921,0.47992855
10.0,0.60815746,0.45083722,1.1573066,-0.71392304,0.55061316,-0.14032996,-0.2413666,0.074302904,-0.7766739,-1.525467,0.2200922,1.3647405,-0.2873275,0.8341887,0.7511158,0.1033082,0.2786607,0.12660316,0.62725466,-1.3824118,0.6397271,0.8480641,0.37208635,0.6061436,0.65436107,0.8151512,0.6941057,0.8022965,0.59019864,0.30864048,0.80132884,0.29427153,0.7240512,0.6112657,0.50599384,0.79824835,0.76824296,0.8719548,0.54799235,0.38458353
7.0,-0.3172854,-0.40914002,-0.48391396,0.34044185,-0.44291714,0.04007338,0.3318699,-0.15828633,0.51841587,0.6710555,-0.15481375,-0.6722997,0.28151834,-0.45727623,-0.26424167,-0.027713418,-0.19803138,-0.15858203,-0.2846168,0.81890774,0.884746,0.85103583,0.9602928,0.9649635,0.83923596,0.9554389,0.923836,0.90810436,0.9266513,0.8669974,1.0121994,0.9785193,0.9621399,0.79062104,0.9084286,0.82937586,0.92708373,0.9031983,0.9077258,0.8151495
11.0,0.5933919,0.43128142,1.0994803,-0.6848058,0.51592267,-0.14340267,-0.24287626,0.07237845,-0.7478879,-1.4709665,0.21582663,1.3119682,-0.27814642,0.8086786,0.7310771,0.11738788,0.2760575,0.12519553,0.599164,-1.339244,0.649385,0.84453017,0.3820517,0.6077524,0.66870165,0.81093836,0.7084445,0.80104995,0.5943225,0.31726104,0.799709,0.30709085,0.7281418,0.6203445,0.5155581,0.7968872,0.7639524,0.8740544,0.558585,0.3912405
6.0,-0.113672316,-0.10152766,-0.19243038,0.22234322,-0.18167746,0.009335107,0.15805843,-0.054399304,0.19287379,0.18706279,-0.065274976,-0.27088177,0.040574607,-0.020927604,-0.11221563,0.05428147,-0.0877013,-0.055282533,-0.10601534,0.25184792,0.8784197,0.91400635,0.8127449,0.8919843,0.8860545,0.90319717,0.9488679,0.9396511,0.8513516,0.78521913,0.9769061,0.83237493,0.9473752,0.8398326,0.86700106,0.92946607,0.9219233,0.92661434,0.9147735,0.7895999
4.0,0.22860307,0.18041342,0.3318787,-0.12019654,0.08669524,-0.08198072,-0.07335121,0.020710442,-0.25351,-0.5129749,0.071871884,0.4138527,-0.16215105,0.43066537,0.23735127,0.14031824,0.10379417,0.044802174,0.18275104,-0.49393427,0.78866374,0.9092062,0.6166418,0.73379,0.83896583,0.8758617,0.89541054,0.90444213,0.7559672,0.55957127,0.89665663,0.56090343,0.855785,0.78374416,0.71607673,0.9173686,0.8685391,0.9121955,0.77372426,0.6137097
11.0,0.6479896,0.47987357,1.2676699,-0.7867674,0.61527014,-0.1425648,-0.24320224,0.086607,-0.83681697,-1.6473162,0.23259585,1.4809874,-0.30694753,0.8806521,0.81314194,0.093498886,0.28590077,0.13712922,0.6853321,-1.4873682,0.6208374,0.84468937,0.34934035,0.5953036,0.6279173,0.812269,0.66511935,0.7947784,0.5773463,0.2877023,0.7922601,0.27186093,0.71108985,0.59050345,0.48471463,0.7843432,0.76727533,0.8712759,0.5234641,0.36594692
3.0,-0.2771642,-0.30986735,-0.41238686,0.3491583,-0.3759064,0.04241187,0.28029627,-0.14635508,0.44462562,0.5547418,-0.13249648,-0.5967136,0.21052432,-0.35811898,-0.25520614,-0.005013317,-0.1650685,-0.13462251,-0.23902759,0.6925295,0.8645823,0.8676563,0.9386203,0.91691273,0.8428992,0.94168836,0.9266536,0.9243893,0.9083792,0.84711665,1.0171939,0.9208346,0.95579195,0.8131961,0.9165349,0.86439884,0.9503756,0.9191433,0.88806325,0.8001759
3.0,-0.074050196,-0.06565613,-0.13394201,0.18627149,-0.16179314,0.0042381254,0.12716554,-0.051134884,0.14488156,0.1164753,-0.049831,-0.20247287,0.021322817,0.020048551,-0.08230829,0.06175476,-0.0632506,-0.044601202,-0.07715118,0.18219209,0.85725546,0.9189137,0.8057595,0.87164426,0.88427675,0.91632426,0.94488657,0.9403267,0.85795933,0.7598813,0.9721932,0.79498047,0.93789405,0.84097403,0.8588182,0.9422675,0.9283511,0.92960936,0.8944042,0.7704214
7.0,-0.35240585,-0.45716116,-0.52613986,0.37254733,-0.46492192,0.03892531,0.36858028,-0.16838801,0.56232303,0.73913115,-0.16475505,-0.7254915,0.30089024,-0.49902874,-0.2875045,-0.03362841,-0.21967116,-0.17415342,-0.30525133,0.8861242,0.90322006,0.84247416,0.95856744,0.9731594,0.8304421,0.9395813,0.9129839,0.90413874,0.9141297,0.88069665,1.0246048,1.0055449,0.9628886,0.7818117,0.90707135,0.80538255,0.92181045,0.89635414,0.9110159,0.8205795
7.0,-0.22265466,-0.23576489,-0.34350535,0.3009844,-0.28856435,0.031161787,0.24469784,-0.09864849,0.35043392,0.4171647,-0.10784023,-0.47977024,0.14156002,-0.2136246,-0.20159885,0.01421421,-0.14494358,-0.09997603,-0.194161,0.5178795,0.89265585,0.8913074,0.8764814,0.9337286,0.8690371,0.9151749,0.94218856,0.9313294,0.878413,0.83923006,1.0000949,0.91279817,0.9607502,0.82790935,0.8979049,0.8930447,0.9271426,0.9210569,0.9262669,0.8156446
11.0,0.62462574,0.4669382,1.211656,-0.7453611,0.58307385,-0.13944538,-0.24099237,0.07824872,-0.8049209,-1.5808984,0.22508605,1.4178962,-0.29638574,0.8574073,0.77576256,0.09452704,0.2814318,0.12981263,0.6546857,-1.4282078,0.6304173,0.8486104,0.36193317,0.6028456,0.64100236,0.8164318,0.6805297,0.8008949,0.5849836,0.29944378,0.79974973,0.2829535,0.71887785,0.60199565,0.49620733,0.7954147,0.76987725,0.87064356,0.5372307,0.3769885
4.0,-0.38663706,-0.5453658,-0.57787424,0.3760105,-0.571527,0.03576538,0.4004606,-0.20858803,0.647752,0.8705157,-0.18878914,-0.8044197,0.38286656,-0.6441491,-0.3103514,-0.051992126,-0.24338013,-0.21339625,-0.34708542,1.048755,0.876754,0.81578225,1.0199317,0.96983826,0.8101727,0.9791212,0.89803267,0.8907073,0.95429295,0.8734255,1.0231183,1.0188456,0.9580724,0.750341,0.9032505,0.767308,0.9307546,0.8825004,0.8760577,0.8044404
6.0,-0.0016795797,0.011774115,-0.02389872,0.13306808,-0.10329865,-0.01260934,0.073374875,-0.035503663,0.044956464,-0.028057743,-0.021354407,-0.061647937,-0.037480716,0.13133249,-0.02226739,0.08580444,-0.023869187,-0.022557087,-0.017954674,0.01981958,0.837786,0.9282552,0.76778245,0.8351247,0.8829634,0.9137536,0.93917096,0.9421558,0.8403146,0.71759754,0.9614018,0.7329529,0.9212477,0.837418,0.835091,0.9535771,0.9276528,0.9295634,0.86875373,0.7414571
2.0,0.19647622,0.15565503,0.27585328,-0.08180749,0.05947596,-0.0747592,-0.05345001,0.017870944,-0.21295261,-0.4415177,0.058383875,0.34525305,-0.14712569,0.3928929,0.20243078,0.13837844,0.08660531,0.037827343,0.15265575,-0.42446482,0.798791,0.9115751,0.63668364,0.7475509,0.84848034,0.88102156,0.90630156,0.91057765,0.768231,0.5816197,0.90347725,0.5868216,0.8669084,0.7945946,0.73191357,0.922296,0.8765861,0.91548926,0.79110235,0.63307667
9.0,-0.21119556,-0.23343557,-0.33929312,0.30277854,-0.36249813,0.04932596,0.21110597,-0.15277044,0.37083086,0.44326732,-0.11815361,-0.51193875,0.19308215,-0.31842282,-0.22038591,-0.0078807995,-0.11801775,-0.116181485,-0.20514186,0.5951296,0.81449693,0.87535834,0.9596783,0.8879754,0.84886605,0.9857657,0.9310676,0.930504,0.9428278,0.8184137,0.9959729,0.86149216,0.93980336,0.81815434,0.9137284,0.9072819,0.9561671,0.9320761,0.8638306,0.7762788
2.0,0.24615054,0.18086815,0.34517,-0.14535964,0.10080053,-0.09336563,-0.0851729,0.030342579,-0.2720735,-0.54843503,0.07711663,0.44645262,-0.16472869,0.44382507,0.26962945,0.15403321,0.114294976,0.052529335,0.19587073,-0.53272307,0.78871423,0.89469427,0.6013276,0.72359914,0.83385426,0.86420125,0.89692456,0.89214057,0.74174476,0.54457843,0.88209426,0.5547194,0.849701,0.77861375,0.70236856,0.89961016,0.852807,0.90852964,0.76878995,0.6002942
7.0,-0.21755502,-0.2311174,-0.33590212,0.2968547,-0.29235512,0.03252433,0.23841035,-0.10251315,0.34685233,0.41219178,-0.10649708,-0.4752825,0.14297406,-0.21764606,-0.20099206,0.014003579,-0.13982898,-0.100067206,-0.19150993,0.51812154,0.8827814,0.8912363,0.8833062,0.92644006,0.86734694,0.9225041,0.941155,0.9316779,0.8855067,0.8339669,1.0004891,0.90278494,0.9578154,0.82861733,0.89998645,0.89640415,0.9325815,0.92279536,0.91732746,0.8096967
8.0,-0.22436118,-0.24126533,-0.3456018,0.30029988,-0.29834187,0.03266366,0.24497086,-0.10411517,0.35687536,0.42672288,-0.109294996,-0.48689246,0.14964494,-0.22862858,-0.20461252,0.012016617,-0.14419246,-0.10271277,-0.19703841,0.5332636,0.8854902,0.8893047,0.8853779,0.93054795,0.8663859,0.9223174,0.940854,0.93041354,0.8856794,0.8373389,1.0012764,0.909468,0.95915496,0.8268687,0.9002785,0.89239854,0.93117654,0.9215741,0.9195111,0.81181395
5.0,-0.20054159,-0.23056865,-0.31796238,0.27019304,-0.30979857,0.03266596,0.22223404,-0.11180691,0.3423913,0.40166712,-0.10538299,-0.45791286,0.16146538,-0.23852655,-0.18651396,0.010839347,-0.12766637,-0.09989024,-0.18910146,0.5192457,0.8570039,0.88599515,0.90459865,0.9180318,0.8624821,0.954186,0.94112337,0.9267914,0.91072965,0.8195593,0.9923739,0.8857425,0.9536258,0.8241012,0.89771277,0.9011483,0.9380672,0.92472434,0.90007174,0.7957058
3.0,-0.20047492,-0.20457032,-0.3112802,0.2885882,-0.27192765,0.030261546,0.22349572,-0.0949991,0.31976175,0.37254453,-0.09906955,-0.44220775,0.12202096,-0.18165028,-0.18950543,0.02101897,-0.13082947,-0.09233541,-0.17657508,0.47195733,0.8814687,0.89677453,0.8718306,0.9190747,0.8711754,0.9181793,0.94277215,0.93471766,0.87945765,0.8269316,0.99802625,0.8895143,0.9560585,0.83268535,0.8969564,0.90497196,0.9331221,0.9245719,0.9166065,0.8072199
9.0,-0.22157302,-0.23372576,-0.34193987,0.30062625,-0.2863,0.030765137,0.24389711,-0.09758795,0.34834862,0.41401294,-0.107313864,-0.4770977,0.13951328,-0.20993319,-0.20055127,0.014952343,-0.14462751,-0.09924965,-0.19304296,0.51351637,0.8934272,0.8917725,0.87479264,0.93371737,0.86953336,0.91414374,0.94249195,0.9315558,0.87714696,0.8390723,0.9998089,0.9125264,0.96093154,0.82816654,0.8973918,0.89346385,0.9266927,0.9210328,0.9270538,0.8159877
9.0,-0.2378147,-0.27662292,-0.37408498,0.30834714,-0.37735167,0.047349803,0.24149999,-0.14854483,0.40444604,0.49669766,-0.12607196,-0.5494798,0.21308249,-0.34670198,-0.23019662,-0.0112220235,-0.13714518,-0.124197386,-0.22366157,0.64678603,0.83450526,0.8705627,0.9574563,0.9086944,0.8477974,0.9756252,0.93231857,0.9256787,0.93924457,0.83030367,0.9992322,0.8916125,0.9465542,0.8141025,0.9139476,0.88877225,0.94943464,0.92641777,0.8773213,0.7870843
4.0,-0.04974607,-0.035952512,-0.09816469,0.17202163,-0.13560855,-0.0034813401,0.10915102,-0.0413483,0.1079325,0.06405906,-0.040372755,-0.15178664,-0.005812192,0.068638094,-0.06047631,0.07443396,-0.051235955,-0.03554513,-0.055955943,0.11738055,0.8566104,0.92228353,0.78639245,0.8593594,0.8860461,0.90800565,0.9453681,0.94129,0.84451133,0.74677116,0.96728784,0.77620405,0.93315375,0.8402758,0.8490093,0.9436342,0.925163,0.92870295,0.8902964,0.76304454
3.0,-0.1989357,-0.21052834,-0.31077918,0.2817896,-0.28414345,0.031902224,0.22118777,-0.101386294,0.32481405,0.37971893,-0.10038398,-0.4463851,0.13417274,-0.20028293,-0.18944886,0.01731015,-0.12767053,-0.09457468,-0.17913674,0.4873016,0.8705291,0.89408875,0.88399816,0.9161103,0.868272,0.9307421,0.94146407,0.9329542,0.8914089,0.8231273,0.997443,0.88428456,0.95387363,0.8309333,0.89867127,0.9057006,0.936953,0.92548174,0.9082966,0.8016022
4.0,-0.10296764,-0.091536246,-0.17555088,0.21321265,-0.1794136,0.009283549,0.14881223,-0.05640272,0.181178,0.17008062,-0.061006904,-0.25446105,0.03657606,-0.013942879,-0.10655144,0.055566978,-0.08031212,-0.053430967,-0.09863709,0.23784949,0.8688225,0.9158072,0.8147627,0.8844267,0.88480914,0.91005456,0.94708765,0.9403117,0.8565426,0.77770644,0.9773551,0.8193999,0.9438522,0.8407893,0.867052,0.93455964,0.92702615,0.92814946,0.9057176,0.78303754
5.0,-0.30886328,-0.3732269,-0.46394363,0.35173786,-0.39667028,0.039203983,0.32352448,-0.1419693,0.48650756,0.62200767,-0.14453971,-0.64309585,0.24142201,-0.3937926,-0.261095,-0.01737389,-0.1923608,-0.1451813,-0.26677683,0.75288385,0.9004424,0.86155915,0.92960113,0.96102583,0.8452706,0.92957354,0.92640954,0.9157197,0.9010072,0.87014276,1.0165579,0.9743639,0.9640324,0.8021753,0.90829456,0.84085596,0.92505646,0.9079524,0.920449,0.82222164
7.0,-0.30998814,-0.39219403,-0.46987635,0.3409324,-0.43753636,0.041254975,0.32036293,-0.1594273,0.5080899,0.6535916,-0.15165897,-0.6606425,0.2738278,-0.4485206,-0.2638299,-0.024571419,-0.19027403,-0.15562919,-0.2776223,0.8031649,0.8742336,0.85195756,0.96395516,0.9518546,0.83751357,0.9592951,0.9241013,0.91086113,0.92935526,0.86035943,1.0122539,0.96379083,0.9599454,0.793258,0.9107317,0.8357618,0.9346887,0.9071283,0.89834094,0.80875266
6.0,-0.16965413,-0.17202449,-0.26991233,0.25976142,-0.24332695,0.02310972,0.20067844,-0.08154296,0.27820355,0.3103406,-0.08760839,-0.38312227,0.099208675,-0.13155903,-0.16089062,0.031016413,-0.11562611,-0.07922337,-0.15334569,0.39957255,0.8778064,0.90249646,0.8547747,0.9123989,0.8765756,0.91886705,0.9455845,0.9352815,0.87460566,0.8120223,0.9902146,0.8703867,0.95408636,0.83513427,0.8869849,0.91484296,0.92986995,0.9254892,0.9159867,0.80112225
5.0,-0.25647703,-0.28488576,-0.39046514,0.323115,-0.326467,0.03561432,0.27412787,-0.11409605,0.4012562,0.49304816,-0.12158242,-0.5437323,0.17708495,-0.27896947,-0.22637582,0.0019387044,-0.16285071,-0.115943946,-0.22190285,0.6050756,0.89686674,0.88119364,0.895975,0.9450206,0.86088675,0.9191243,0.937451,0.9266064,0.88616383,0.85312694,1.0066873,0.9373265,0.96287215,0.8201915,0.90380335,0.8755433,0.9267338,0.9173457,0.92635286,0.82013845
8.0,-0.062211476,-0.050414648,-0.11831692,0.17962396,-0.14292286,-0.0019988269,0.11952965,-0.04097116,0.12403344,0.087050006,-0.045375444,-0.17408983,0.0038841285,0.052691698,-0.06792985,0.07082213,-0.058637794,-0.038232196,-0.06565955,0.14122684,0.8637361,0.9199293,0.7891334,0.86763465,0.88687205,0.9051726,0.9469148,0.94025064,0.84446716,0.754292,0.9673012,0.78957117,0.93683684,0.8401961,0.850725,0.9396691,0.92181057,0.92798835,0.89789677,0.7689059
3.0,-0.13896541,-0.13072231,-0.22645271,0.24145749,-0.2103248,0.01723621,0.17613345,-0.068369,0.2310997,0.24257949,-0.0749399,-0.32313776,0.065735,-0.07134272,-0.13724086,0.04313363,-0.09971187,-0.0665668,-0.12724559,0.32032526,0.8759862,0.91016966,0.8338917,0.8995836,0.88186854,0.91133654,0.94694066,0.93892217,0.8636765,0.7975803,0.9845586,0.8473563,0.94977516,0.8391942,0.87841076,0.9255929,0.92830426,0.9270833,0.91346407,0.7946307
8.0,-0.10883751,-0.09671234,-0.18503484,0.21840353,-0.17957258,0.008968817,0.15405098,-0.05442942,0.18705267,0.17864913,-0.06333495,-0.26282257,0.0379027,-0.0160953,-0.109159335,0.05530233,-0.08459628,-0.054136127,-0.10247138,0.2438623,0.8752514,0.91482544,0.8124328,0.8889317,0.8858179,0.90506065,0.9483349,0.93992597,0.8525177,0.7820316,0.9767452,0.82714236,0.9459934,0.84023094,0.8665257,0.93136394,0.9234368,0.92713183,0.9116444,0.78706485
8.0,-0.041964673,-0.03190352,-0.09014767,0.16181266,-0.12475146,-0.008616517,0.10543859,-0.03305539,0.096019216,0.045995485,-0.037807204,-0.13349408,-0.011206892,0.08484954,-0.046947822,0.07892357,-0.047753993,-0.030607495,-0.04919588,0.09289214,0.8615062,0.9204882,0.7755444,0.8590553,0.8869768,0.90226865,0.94678724,0.939197,0.8373764,0.7419387,0.96143454,0.7751697,0.93316144,0.83876044,0.84131265,0.9398118,0.91792935,0.9273698,0.89370275,0.760954
11.0,0.677254,0.4974058,1.3443058,-0.8395513,0.6585101,-0.14349201,-0.24189842,0.09699275,-0.87704504,-1.7318903,0.24104045,1.561919,-0.32307678,0.9127819,0.85831344,0.08772827,0.28936034,0.14568958,0.726409,-1.5636146,0.607811,0.8419266,0.33414286,0.587143,0.60991466,0.80785906,0.64440286,0.78950775,0.56913215,0.27417517,0.7846167,0.25772676,0.7009367,0.5757461,0.47003263,0.77291346,0.76703686,0.871183,0.50664985,0.3539529
9.0,-0.21696989,-0.22708574,-0.33542445,0.29807854,-0.2823544,0.030629514,0.23953182,-0.09641501,0.34160933,0.4042614,-0.10540605,-0.4692046,0.13512027,-0.20258367,-0.19797936,0.016280275,-0.14170289,-0.097457215,-0.18933558,0.5033927,0.8916793,0.89304614,0.8733773,0.9310294,0.870186,0.91428286,0.9426988,0.93235093,0.87709814,0.8367143,0.99919564,0.9080839,0.96002656,0.82931274,0.897118,0.89608204,0.9275646,0.92183435,0.92560035,0.8145275
2.0,0.301825,0.23586655,0.46798223,-0.21508041,0.15486838,-0.09607208,-0.11582386,0.025691058,-0.34698492,-0.6836187,0.10297323,0.5761364,-0.19179744,0.51349634,0.3198969,0.13714676,0.14294194,0.059287682,0.25605103,-0.65381813,0.7641827,0.9032114,0.56979084,0.70551395,0.8133461,0.8636272,0.8650125,0.88933367,0.72674745,0.5092988,0.8815198,0.5026637,0.8304966,0.75558895,0.6778539,0.9050442,0.8489355,0.90354276,0.73227435,0.5687163
4.0,0.34050143,0.25200686,0.523829,-0.27147892,0.18926293,-0.11024774,-0.13956621,0.035704657,-0.3917421,-0.77239203,0.11778349,0.65752244,-0.2022846,0.5482481,0.37724912,0.14962688,0.16337211,0.07074026,0.29155904,-0.7382027,0.7557698,0.8864682,0.54208934,0.68756753,0.7997655,0.8476942,0.85544235,0.8710415,0.7041612,0.48049086,0.8632661,0.48002097,0.8155261,0.74165535,0.6548376,0.88251406,0.82752997,0.8974659,0.7134929,0.5422129
2.0,0.17258763,0.1424065,0.2421115,-0.052604176,0.03957603,-0.065983415,-0.038545698,0.010929092,-0.18349996,-0.390438,0.04928658,0.29625404,-0.13667822,0.36515215,0.17114905,0.13084233,0.073180124,0.030581035,0.1319494,-0.3711583,0.80265766,0.9180967,0.65422744,0.75893974,0.8547045,0.88899666,0.9104373,0.9180187,0.78048366,0.5991613,0.9131313,0.6027346,0.87482566,0.80161506,0.74622643,0.93203175,0.8870006,0.9184928,0.80112964,0.6482689
6.0,-0.3332992,-0.41989502,-0.4977188,0.3634818,-0.44139197,0.040656425,0.34577972,-0.16068393,0.5310397,0.69086725,-0.15656525,-0.6927394,0.2792796,-0.46263367,-0.2787866,-0.02764678,-0.20501694,-0.16268668,-0.28885224,0.83628464,0.89396375,0.84926975,0.95419776,0.961394,0.83461785,0.94090736,0.9183899,0.90966934,0.9146666,0.8725908,1.0210805,0.98525375,0.9615469,0.7904865,0.9102037,0.8219135,0.92800736,0.90317124,0.9076917,0.8165191
7.0,-0.19906959,-0.20542967,-0.31013745,0.28473255,-0.27128643,0.029403297,0.22326502,-0.093783244,0.3188069,0.3707679,-0.098834924,-0.43941933,0.12311897,-0.18086362,-0.18668541,0.020980638,-0.13049722,-0.09158222,-0.17615257,0.46960974,0.8818523,0.8965836,0.8710529,0.9207085,0.8716092,0.91916466,0.9431506,0.9339841,0.8798977,0.82630265,0.99693364,0.8901632,0.95647115,0.83216906,0.895657,0.9047494,0.931797,0.9242217,0.91770214,0.8073183
8.0,-0.14913787,-0.13808826,-0.24280843,0.25203985,-0.20767684,0.016128644,0.18557975,-0.06359741,0.23969075,0.25512823,-0.07881034,-0.3359509,0.06542867,-0.070416525,-0.14132278,0.043113194,-0.10790418,-0.06738227,-0.13337253,0.32611734,0.88998145,0.9088675,0.8267241,0.90874213,0.8841348,0.8999339,0.94923764,0.93866956,0.8536027,0.80633515,0.9830425,0.86274415,0.95418054,0.83784,0.87629193,0.919726,0.9202345,0.92483944,0.92638546,0.80330294
8.0,-0.09567642,-0.08357374,-0.16570148,0.20750824,-0.17124592,0.006828653,0.14377409,-0.052334145,0.17016569,0.15413222,-0.058206618,-0.23921567,0.029447217,0.00048764795,-0.09902186,0.0588708,-0.076812446,-0.05022282,-0.09246671,0.2181155,0.86963093,0.91667527,0.8084558,0.8821031,0.885794,0.90748537,0.9475171,0.94034547,0.8527678,0.7739388,0.9750467,0.8150661,0.9430088,0.8407361,0.8634912,0.9351441,0.9249754,0.92790425,0.905902,0.78131145
1.0,-0.2903902,-0.34379417,-0.43753403,0.34062493,-0.3831391,0.04032804,0.30267832,-0.13874063,0.46096498,0.5834901,-0.13776682,-0.6140957,0.22701555,-0.36999455,-0.25255397,-0.012768552,-0.17864051,-0.13738453,-0.2526021,0.7160741,0.8874386,0.86613894,0.93039113,0.94763136,0.84749514,0.93540514,0.9292084,0.91943085,0.90591496,0.8597452,1.0134541,0.9528681,0.9608624,0.80783373,0.9103454,0.85408205,0.93215746,0.9130936,0.91181993,0.81481975
3.0,-0.10303541,-0.090216525,-0.17437497,0.21539341,-0.18397707,0.011536811,0.14730948,-0.06086128,0.1826137,0.17279106,-0.061054505,-0.25787967,0.037976142,-0.019672517,-0.110746354,0.05398501,-0.07919643,-0.05513481,-0.09936178,0.24469481,0.8634369,0.91654384,0.8203532,0.8813019,0.883625,0.91424024,0.94578844,0.94131464,0.86108726,0.777245,0.97965974,0.8154192,0.9423376,0.8415566,0.8702803,0.93723714,0.9314432,0.9292161,0.9008787,0.78127897
8.0,-0.10016484,-0.08726199,-0.17156854,0.21228832,-0.17528422,0.008200799,0.14668854,-0.05459069,0.17632967,0.1632313,-0.05987341,-0.24810214,0.032218765,-0.0064754374,-0.10394901,0.05751298,-0.07914832,-0.052131914,-0.09598027,0.22864732,0.8697166,0.9163651,0.8114972,0.8831516,0.8853986,0.9079388,0.9474348,0.9405865,0.85387033,0.7765063,0.9765845,0.8176675,0.9435294,0.8408363,0.8656552,0.9346688,0.92617834,0.92796,0.90611064,0.78271645
6.0,-0.26869792,-0.31349143,-0.4115965,0.33322722,-0.39964128,0.04820465,0.26877654,-0.15708376,0.44486144,0.5588587,-0.13667767,-0.6004542,0.23305124,-0.38938296,-0.2528515,-0.0155869275,-0.1548107,-0.1372697,-0.2431215,0.71267784,0.84349644,0.8634925,0.9651536,0.9138395,0.8417515,0.96684563,0.9276503,0.923323,0.9348738,0.84136164,1.0083834,0.9107368,0.9494546,0.80894053,0.9184785,0.8706776,0.9510304,0.9222344,0.87751716,0.7912548
2.0,0.1627256,0.13733467,0.22851902,-0.040296458,0.030944906,-0.061896414,-0.032401763,0.0074315676,-0.1711947,-0.36931804,0.04557611,0.27571422,-0.13218561,0.35315698,0.15750334,0.12696525,0.06763153,0.027259413,0.123340696,-0.3483979,0.8038186,0.92111593,0.6619862,0.7636288,0.8570997,0.8925223,0.91168344,0.9212916,0.78595847,0.6066161,0.91744995,0.6090372,0.8779665,0.8044332,0.7524702,0.93665236,0.891658,0.9197985,0.8049242,0.65459156
5.0,-0.32785726,-0.40385583,-0.49144888,0.36512884,-0.41164935,0.038401697,0.34485412,-0.14697792,0.51308954,0.66245073,-0.15165032,-0.67403156,0.2564176,-0.4197336,-0.27078372,-0.022374831,-0.2060744,-0.153956,-0.28150705,0.79209447,0.91311765,0.85645974,0.929531,0.97351867,0.84223944,0.9239176,0.9224953,0.9120097,0.89613384,0.8809657,1.0202849,0.9960143,0.96644974,0.79609525,0.90616184,0.8269886,0.91795266,0.9027522,0.92799467,0.8291142
7.0,-0.15567735,-0.15001276,-0.24984202,0.25415075,-0.22552623,0.020706614,0.1890795,-0.07446237,0.25465676,0.27686185,-0.08143202,-0.35500348,0.080107756,-0.09924509,-0.15114726,0.037260137,-0.108563304,-0.07299313,-0.14057788,0.35959107,0.87882155,0.9070355,0.8430618,0.9061866,0.8798188,0.912339,0.9464188,0.93794644,0.8671892,0.8063094,0.98792404,0.85999656,0.95215327,0.837866,0.88334405,0.9205666,0.92890275,0.9264061,0.9161443,0.7992617
3.0,-0.12254965,-0.11325432,-0.20216608,0.22937354,-0.2046558,0.016824292,0.16150774,-0.069796085,0.21179634,0.21488339,-0.0689367,-0.2975868,0.057705782,-0.057349067,-0.12833834,0.04573925,-0.088758126,-0.06304982,-0.115856156,0.29529458,0.8635574,0.91283596,0.8349909,0.8884839,0.8810146,0.91913223,0.9451539,0.94025284,0.8690962,0.7871396,0.9839209,0.8289261,0.9449612,0.84065473,0.87763846,0.93325645,0.93401426,0.9292208,0.9022557,0.78593755
1.0,-0.2805117,-0.32377592,-0.42399558,0.33693144,-0.35753605,0.037906557,0.2960134,-0.12669869,0.43962556,0.5508182,-0.1319034,-0.58966017,0.2057685,-0.33063862,-0.24301817,-0.00703194,-0.17581362,-0.12874267,-0.2423026,0.6718803,0.8981968,0.8725999,0.91164815,0.9521151,0.85389423,0.92393947,0.932874,0.92210793,0.89319825,0.8613111,1.0113282,0.95391124,0.96353036,0.8128362,0.90682137,0.86080873,0.92653245,0.9137615,0.9238572,0.82135963
11.0,0.6950021,0.4988422,1.3645232,-0.8649726,0.6681446,-0.14823805,-0.24656495,0.104838915,-0.89299476,-1.7689028,0.24618308,1.5956732,-0.32766312,0.91989833,0.88563883,0.09511341,0.294917,0.1523377,0.7411564,-1.6022565,0.6040023,0.83626705,0.3270309,0.578902,0.6062316,0.7998062,0.63501555,0.783209,0.5639335,0.26707482,0.7748085,0.2534371,0.6957984,0.56832963,0.46415058,0.75939226,0.76132876,0.8750866,0.49753448,0.34555623
11.0,0.6629521,0.4836595,1.2944622,-0.8115127,0.6297381,-0.14499174,-0.24596366,0.091674425,-0.8532907,-1.6836381,0.2366962,1.5158923,-0.31150705,0.8904665,0.8366266,0.09716946,0.28961587,0.14287353,0.70082194,-1.5232786,0.61540574,0.84073037,0.34266195,0.58978677,0.6230477,0.80729717,0.65677685,0.7895675,0.5722157,0.28115875,0.7855192,0.26687047,0.70582557,0.58349603,0.47863516,0.77477264,0.7633597,0.8725607,0.51560086,0.35919318
7.0,-0.084565714,-0.073379636,-0.15130574,0.19699971,-0.1591831,0.0025433465,0.1365493,-0.04574543,0.1540646,0.1304093,-0.054151043,-0.21596278,0.020530539,0.02079292,-0.086138874,0.06365665,-0.0714244,-0.04512824,-0.08328035,0.18873195,0.8709846,0.9171253,0.79879165,0.87924165,0.88699365,0.90414757,0.94822854,0.9396608,0.8473044,0.7678027,0.97077745,0.8091977,0.9419819,0.840117,0.85724676,0.93505675,0.9209195,0.92729014,0.9064531,0.77831715
3.0,-0.16315049,-0.1597603,-0.25887427,0.26344725,-0.25205714,0.028256886,0.18919572,-0.09340191,0.2736102,0.3052481,-0.08609071,-0.3824517,0.098849915,-0.14099352,-0.16789569,0.029392416,-0.10718991,-0.08182708,-0.15010576,0.40545338,0.8583981,0.90347755,0.8696485,0.89638317,0.87274253,0.93072474,0.94197357,0.93826765,0.88641685,0.80579394,0.99419403,0.8513368,0.947761,0.8372339,0.8940858,0.9230074,0.94255656,0.9292122,0.89803725,0.791521
2.0,-0.07973493,-0.07089833,-0.15035993,0.1903534,-0.1469167,-0.0030310694,0.13545235,-0.03524881,0.14475782,0.11636726,-0.053590976,-0.2025034,0.016167793,0.036540143,-0.0737163,0.06747197,-0.07065228,-0.04004228,-0.078808576,0.16597909,0.8809286,0.91472703,0.7855996,0.8828261,0.88958734,0.8942361,0.95063794,0.93731725,0.83655,0.76659924,0.9633083,0.81421864,0.9441278,0.83805245,0.84842205,0.9298841,0.9093933,0.9249498,0.9158413,0.7799501
11.0,0.7023535,0.500016,1.3748202,-0.8760402,0.67334616,-0.14993106,-0.24819171,0.10752517,-0.9000732,-1.785115,0.24804462,1.6109604,-0.32962605,0.9232913,0.8968062,0.09801029,0.29653567,0.1552071,0.747443,-1.6190339,0.6016434,0.83397317,0.32413948,0.575732,0.6043009,0.7967034,0.63106453,0.78046143,0.5612999,0.2641059,0.7709606,0.25143406,0.69335663,0.56485057,0.46159136,0.753982,0.7589279,0.87639886,0.49371913,0.3422097
6.0,-0.05684419,-0.044724856,-0.109454185,0.17574993,-0.1408326,-0.0022546765,0.11501992,-0.041774675,0.11761992,0.07777879,-0.043148544,-0.16510442,0.0007718871,0.057861794,-0.06506053,0.07172255,-0.0552209,-0.037295356,-0.061675888,0.13264713,0.8596915,0.9210115,0.78909487,0.8640244,0.88627154,0.9076548,0.94593775,0.94072837,0.84586644,0.75084347,0.96759576,0.78339326,0.9351397,0.8403773,0.85042024,0.9419467,0.9239536,0.92852837,0.8938686,0.766023
2.0,0.19699419,0.15546495,0.27588055,-0.082604446,0.06015666,-0.075388536,-0.053940617,0.018291883,-0.21345338,-0.44253916,0.058365867,0.34633738,-0.14722948,0.39335313,0.20383576,0.13941766,0.08687353,0.038211085,0.15295859,-0.42600542,0.7989199,0.91065025,0.63591224,0.7470792,0.8483304,0.880314,0.9067621,0.9098102,0.76717955,0.58103925,0.9027058,0.5867827,0.86660653,0.79430014,0.73132104,0.9210698,0.8756012,0.91521585,0.79111475,0.6325755
3.0,-0.059691966,-0.051875483,-0.11512911,0.17344487,-0.14345914,-0.0023029693,0.11836028,-0.040865913,0.12276986,0.08400147,-0.04428938,-0.17050639,0.0070655877,0.05059673,-0.06447461,0.069546655,-0.056733623,-0.03749427,-0.0643498,0.14011148,0.8614916,0.9194112,0.7900919,0.86795145,0.8861668,0.90857136,0.94607574,0.9392799,0.8475327,0.75203145,0.9663322,0.7881583,0.9366761,0.8399843,0.8496198,0.94046164,0.9217689,0.92825854,0.89634794,0.7669724
10.0,0.5869516,0.41843632,1.0662625,-0.67125636,0.49631378,-0.14677368,-0.2452671,0.072389215,-0.7326143,-1.4433082,0.21400943,1.284737,-0.27226987,0.7928702,0.7241382,0.12925059,0.27525094,0.1257456,0.58361214,-1.318659,0.6543303,0.8398966,0.3871477,0.6072972,0.67702305,0.8065432,0.71681964,0.7979817,0.59507537,0.3210556,0.7961139,0.31486654,0.72941357,0.6247667,0.5202402,0.7927127,0.7589423,0.8756261,0.5640587,0.39374444
4.0,0.20834644,0.15419188,0.2793372,-0.09823912,0.069780484,-0.08532495,-0.062347434,0.02624615,-0.22510648,-0.46414995,0.059896216,0.36632,-0.1484217,0.40175214,0.22752526,0.15216875,0.0935182,0.044320323,0.15967089,-0.45269823,0.8009951,0.8973324,0.6236687,0.7387464,0.8447072,0.86949503,0.91108304,0.899318,0.75370044,0.57069355,0.88992983,0.5843943,0.86222714,0.79036856,0.7205812,0.9045778,0.8613244,0.9119036,0.78989357,0.62321794
8.0,-0.43871543,-0.6699074,-0.65641904,0.39912152,-0.65005326,0.021970466,0.47564077,-0.23600897,0.7422051,1.0205312,-0.20989403,-0.88924366,0.44669318,-0.75503355,-0.3303475,-0.06665891,-0.29144356,-0.2544088,-0.38941458,1.2017208,0.9088685,0.79565746,1.0224795,0.99734426,0.795521,0.9695595,0.86883116,0.8702196,0.9472602,0.88875794,1.0393207,1.0758508,0.955598,0.71833396,0.8842915,0.70947874,0.91037303,0.8550182,0.8744332,0.8086738
1.0,-0.2708922,-0.3101935,-0.40969077,0.33082432,-0.35547048,0.038799684,0.28456837,-0.12807086,0.4287973,0.53446794,-0.1288073,-0.57638806,0.20146878,-0.3250618,-0.23959891,-0.005016014,-0.16791779,-0.12626499,-0.23547776,0.6591,0.88697624,0.87382513,0.9163714,0.9418058,0.8533607,0.9304617,0.93315756,0.9235522,0.8990412,0.85380185,1.0104233,0.93937826,0.9606197,0.8149137,0.90860033,0.8670368,0.932828,0.91647476,0.91446894,0.81450146
4.0,0.23126651,0.18074968,0.3348445,-0.124098115,0.088896394,-0.083304554,-0.07489584,0.022085126,-0.25655663,-0.5186194,0.07299762,0.41912228,-0.16269612,0.4330054,0.24183327,0.14161322,0.10548335,0.045825228,0.18512733,-0.49978924,0.78849435,0.90778387,0.6145611,0.73262364,0.8382547,0.87469333,0.89505875,0.90315944,0.75459284,0.55739266,0.89499116,0.55973464,0.85508204,0.7830935,0.71412194,0.91560924,0.86690086,0.9118311,0.7727633,0.6118149
9.0,-0.091536924,-0.078934364,-0.160692,0.20433138,-0.16509219,0.004780149,0.14121002,-0.048665132,0.1632292,0.14410825,-0.05672294,-0.22963417,0.024524702,0.010810237,-0.0937157,0.061369706,-0.075157605,-0.04791493,-0.08873969,0.20452021,0.8718729,0.9169005,0.80303055,0.88140583,0.8867461,0.9042412,0.9482038,0.940168,0.84881556,0.772064,0.9729371,0.8137369,0.9428878,0.8404456,0.8604785,0.93457395,0.92230654,0.9274203,0.90754807,0.78090024
10.0,0.062996075,0.05933313,0.069897555,0.06469418,-0.04874552,-0.034337714,0.032216296,-0.01184887,-0.041567452,-0.16079633,0.004649099,0.070742264,-0.07631687,0.22399339,0.05146127,0.1062956,0.012148637,0.00012334809,0.036317002,-0.12938473,0.8294868,0.92549986,0.72346085,0.809107,0.8766833,0.9045836,0.932908,0.93453383,0.81893015,0.6742251,0.9412745,0.6878862,0.90708184,0.82778883,0.80073524,0.9471505,0.91185397,0.9264103,0.84983385,0.70985353
4.0,0.029061401,0.030519772,0.013133854,0.098699294,-0.0692458,-0.02896556,0.055509496,-0.013619022,0.00071198493,-0.094879776,-0.010665322,0.005963072,-0.059441548,0.18619072,0.022985447,0.10342242,-0.007746119,-0.0076252483,0.008041199,-0.06504865,0.8452518,0.9215249,0.7350211,0.82438034,0.88198364,0.8973726,0.9417728,0.9348195,0.81812835,0.6964774,0.9441489,0.71877116,0.9159808,0.8316444,0.81129855,0.9399208,0.9090973,0.9257766,0.86886996,0.72763085
11.0,0.6874941,0.49911544,1.3586652,-0.85509866,0.6657617,-0.14590682,-0.24392453,0.101283364,-0.88689667,-1.7545338,0.24389388,1.5830957,-0.3263791,0.91826797,0.87411666,0.09115216,0.29188266,0.14960754,0.73575664,-1.5868647,0.6051326,0.8390669,0.3298606,0.5826822,0.60717356,0.8035978,0.6387846,0.78601676,0.5660414,0.27003264,0.7794119,0.2548913,0.6977573,0.5712688,0.4663813,0.7657556,0.76419747,0.8728783,0.5012968,0.34927425
1.0,-0.24539751,-0.26708573,-0.37491,0.31711933,-0.31218606,0.034357123,0.264202,-0.10833566,0.38343886,0.46646208,-0.11679173,-0.52228606,0.16354737,-0.25484923,-0.21866098,0.0062562786,-0.15698913,-0.11023589,-0.21234709,0.5740751,0.8965249,0.88505185,0.8883611,0.9414168,0.8639745,0.91642857,0.93928874,0.9286778,0.8824398,0.84917253,1.0045815,0.9296095,0.96239316,0.82333183,0.9020722,0.88191503,0.9266662,0.9188163,0.92730826,0.8193995
7.0,-0.24624321,-0.26812536,-0.376128,0.31761,-0.3116712,0.033900682,0.2653738,-0.10775823,0.38437995,0.46756315,-0.117067195,-0.52290595,0.16349468,-0.2543706,-0.21851242,0.0064125806,-0.15800394,-0.11028672,-0.21289223,0.57403934,0.8981167,0.8849304,0.8871967,0.9428047,0.86418563,0.9154437,0.93946165,0.92845196,0.8811773,0.85005254,1.0045375,0.9314408,0.9630414,0.82300144,0.9015201,0.8811027,0.9257355,0.91834736,0.9288275,0.82044804
8.0,-0.14918494,-0.1408734,-0.24238357,0.2495425,-0.2112616,0.01659115,0.18570063,-0.0657004,0.24199939,0.25812426,-0.07892591,-0.33764753,0.06933556,-0.076517045,-0.14154263,0.041975476,-0.1073021,-0.06810975,-0.13410415,0.33183533,0.88663363,0.9083877,0.83025694,0.9081712,0.88311696,0.90400285,0.9485796,0.9380446,0.8573827,0.805152,0.9838652,0.86113685,0.95364624,0.8376904,0.8773425,0.91999686,0.9222217,0.92513156,0.92348945,0.8016222
10.0,0.07220621,0.05909188,0.07437367,0.05165013,-0.035484873,-0.04371782,0.02750796,-0.00019954145,-0.05447804,-0.18112126,0.0063495524,0.09173949,-0.08077076,0.23999558,0.07300809,0.116658255,0.017282192,0.0068704,0.04386143,-0.15941595,0.83632106,0.91686285,0.7081807,0.80532146,0.8758525,0.8932528,0.9368016,0.9279056,0.8053271,0.6662298,0.930223,0.6878213,0.90586567,0.8245186,0.7886736,0.93376404,0.8986259,0.92337203,0.8531581,0.704187
5.0,-0.30951297,-0.40039882,-0.47472915,0.33816347,-0.4668549,0.04524452,0.3137677,-0.17418271,0.5199003,0.67106014,-0.1573399,-0.67477304,0.29558492,-0.48728192,-0.2680258,-0.03183721,-0.18570659,-0.16255948,-0.28517634,0.83594817,0.85369015,0.8450494,0.9917536,0.9429451,0.83191913,0.9819584,0.9228977,0.9094978,0.95111173,0.8545813,1.0067613,0.95480084,0.95525706,0.7872778,0.9133032,0.8352088,0.9404415,0.90875965,0.8826379,0.7990292
11.0,0.688034,0.49781755,1.3554837,-0.8550055,0.66375077,-0.14676264,-0.24509037,0.101617835,-0.88630325,-1.7537373,0.2440746,1.5820916,-0.32550985,0.9165812,0.87505007,0.09316249,0.2926882,0.15006813,0.7346597,-1.5869724,0.60553056,0.83820486,0.32990777,0.5819393,0.6081695,0.8026194,0.6390347,0.7852056,0.56570154,0.26988757,0.7783118,0.25535104,0.69771546,0.5712215,0.46661353,0.7642828,0.763021,0.87356865,0.5011411,0.34875578
9.0,-0.23342742,-0.26737306,-0.36224246,0.29875737,-0.3380914,0.038279526,0.24872547,-0.12339589,0.38463148,0.46781695,-0.11759174,-0.519235,0.18475588,-0.28915516,-0.21517012,0.0007615872,-0.14396645,-0.11360674,-0.21228796,0.59497756,0.8641205,0.8798585,0.91857123,0.925654,0.8575607,0.9482881,0.93713117,0.92608553,0.912205,0.83452874,1.0009868,0.90619045,0.9548994,0.82027054,0.9061886,0.887648,0.9390436,0.9224026,0.9016991,0.8015998
7.0,-0.10758547,-0.0958346,-0.18284018,0.21712483,-0.18025284,0.009283028,0.15284166,-0.05538571,0.18613707,0.17730075,-0.06281146,-0.2614541,0.03814782,-0.016700115,-0.10893291,0.055081174,-0.08351712,-0.05417823,-0.10177304,0.24369837,0.87312835,0.91506976,0.8137298,0.88772076,0.88541174,0.90689826,0.9478859,0.9400265,0.8541853,0.78094393,0.9771413,0.82504135,0.94537205,0.8404305,0.8670004,0.93233126,0.92476493,0.9274864,0.9097157,0.78589886
4.0,0.6745572,0.49633625,1.3384727,-0.8349111,0.6553457,-0.14330356,-0.24184859,0.096061714,-0.87389624,-1.724939,0.24037148,1.5551813,-0.32184508,0.9104409,0.854223,0.087679476,0.28899232,0.14474085,0.72319275,-1.5568496,0.60889465,0.8423565,0.33537263,0.58800673,0.6111176,0.8085846,0.6461018,0.79017675,0.569927,0.2752898,0.78557837,0.2587551,0.7019006,0.57705635,0.4712096,0.7742708,0.7673619,0.87110454,0.5080827,0.35501605
4.0,-0.097139664,-0.08203744,-0.16468567,0.21410939,-0.18682304,0.013765114,0.14028944,-0.06655351,0.17715457,0.16564758,-0.059192188,-0.25257623,0.036772504,-0.021148626,-0.1122489,0.052787255,-0.07412346,-0.055807747,-0.09613077,0.24292414,0.85319334,0.9181486,0.82667947,0.8740317,0.88196594,0.92136997,0.94345707,0.94286996,0.86743826,0.77336097,0.981703,0.8047038,0.9390276,0.8424599,0.8732266,0.94289684,0.93764585,0.9309274,0.89194554,0.7764534
2.0,0.049275298,0.04680292,0.046063714,0.07783939,-0.056846775,-0.03260672,0.04183848,-0.011603257,-0.024479114,-0.13406895,-0.0016142987,0.044494838,-0.06932669,0.20887692,0.040871207,0.10576248,0.00416537,-0.0026162844,0.024808753,-0.10374391,0.83658355,0.9234111,0.7275877,0.81542903,0.8790596,0.9010777,0.9369604,0.93431246,0.8182709,0.68302923,0.94186944,0.7009052,0.9108248,0.8295839,0.80458486,0.94347847,0.91012883,0.9260859,0.85807353,0.7169886
9.0,-0.22354466,-0.24467137,-0.34929875,0.30844745,-0.34765127,0.04528613,0.2286681,-0.13985494,0.3764642,0.45611066,-0.117403276,-0.5185533,0.1838332,-0.3019927,-0.22402109,-0.0013998188,-0.12989904,-0.115726314,-0.20664185,0.5967984,0.8363881,0.8789483,0.93995047,0.89961696,0.8525678,0.9630779,0.9329384,0.93074197,0.9256619,0.8261506,1.0028819,0.8779516,0.94604385,0.82193035,0.91410995,0.89877206,0.9533764,0.92846876,0.87759244,0.78691095
11.0,0.7021078,0.5049124,1.3884758,-0.8788476,0.6815926,-0.14707492,-0.24390379,0.107889265,-0.9038001,-1.7917676,0.24824442,1.6174654,-0.3338821,0.9306936,0.896347,0.09037394,0.2944128,0.1538502,0.7537656,-1.6219784,0.6004893,0.83677864,0.32307228,0.57770646,0.5998981,0.79963845,0.6290138,0.7833937,0.5627878,0.2639842,0.77429056,0.24930213,0.6932092,0.56468004,0.46004912,0.75834167,0.763409,0.8743174,0.49341318,0.34338003
3.0,-0.117154956,-0.105894245,-0.1947701,0.22577995,-0.1936647,0.013456494,0.1585708,-0.06354187,0.20171693,0.19999763,-0.0664681,-0.2831391,0.048404172,-0.03924239,-0.120885044,0.050281703,-0.08739281,-0.05945193,-0.11019395,0.2734899,0.86858785,0.9139536,0.8252498,0.8884815,0.88305426,0.91289175,0.94652694,0.94029504,0.861535,0.78523064,0.9815341,0.8281314,0.9455285,0.8406283,0.8733041,0.93242,0.93018645,0.9282792,0.90608716,0.78671837
7.0,-0.19020772,-0.19364065,-0.2980102,0.27829605,-0.26005065,0.02721757,0.21664083,-0.08848539,0.30502883,0.35038123,-0.09518672,-0.421175,0.11323093,-0.16159005,-0.17868645,0.024691742,-0.1265431,-0.0872001,-0.16864859,0.44456244,0.8830289,0.8990579,0.8635152,0.9190928,0.8739934,0.9164378,0.94433886,0.93481755,0.87586415,0.82287717,0.9947494,0.88537127,0.9562613,0.83348614,0.89260846,0.9079633,0.9301425,0.9244506,0.9193368,0.8068332
9.0,-0.25297737,-0.29400635,-0.38911402,0.31527016,-0.36826614,0.042518064,0.26197156,-0.13854255,0.4168728,0.5164277,-0.12717174,-0.5610615,0.2092552,-0.3383914,-0.23370689,-0.0071502887,-0.15175287,-0.12551942,-0.22906831,0.65523934,0.8572452,0.871889,0.93949145,0.9235837,0.8501743,0.956098,0.9330144,0.9241104,0.9222057,0.83944166,1.0051268,0.91259325,0.95353615,0.8144905,0.9118483,0.8777402,0.9438516,0.9214148,0.89269435,0.7987857
1.0,-0.1273782,-0.11863932,-0.20919052,0.2326406,-0.20600885,0.016633505,0.16591783,-0.06917763,0.21761183,0.22303508,-0.07066502,-0.30473846,0.060028225,-0.06120452,-0.13054676,0.04532401,-0.09208922,-0.063985966,-0.11913532,0.3022282,0.86735564,0.91191566,0.8343752,0.8918488,0.8812497,0.91684014,0.94582146,0.93969554,0.86721855,0.7900917,0.9840711,0.8344946,0.94654864,0.84011674,0.8776479,0.9306433,0.93227804,0.9284729,0.90565,0.78851426
1.0,-0.21962439,-0.22738856,-0.33676237,0.30447245,-0.28831503,0.03257707,0.23915416,-0.10192094,0.3462739,0.4111344,-0.10608699,-0.47644424,0.13673817,-0.21140382,-0.20415887,0.015932474,-0.14130814,-0.10010538,-0.1908434,0.51427406,0.8858973,0.89211845,0.8796457,0.92484367,0.86740625,0.9170886,0.9411144,0.9331101,0.8801864,0.83577824,1.0020741,0.90351677,0.9583296,0.8296735,0.90064096,0.8961245,0.9331748,0.9228328,0.91851336,0.8113502
9.0,-0.21576644,-0.22556773,-0.33373994,0.29716474,-0.28134996,0.03047598,0.23849389,-0.09604977,0.33997858,0.40184402,-0.104953125,-0.4670444,0.13414755,-0.20075107,-0.19710727,0.016666181,-0.1410248,-0.09698843,-0.18840674,0.5007509,0.8912706,0.89332,0.8729514,0.9304968,0.8703691,0.9143995,0.94279253,0.932459,0.87705797,0.8360904,0.9989946,0.9070529,0.9598704,0.8295083,0.8969286,0.8966299,0.92769665,0.9219534,0.9253219,0.81418586
11.0,0.67102337,0.48176,1.297875,-0.8222055,0.63060176,-0.14879563,-0.25006247,0.09564502,-0.8592537,-1.6980311,0.2395749,1.5283386,-0.31184146,0.89030284,0.85025525,0.104322195,0.29322743,0.14638394,0.7050248,-1.5390586,0.6143311,0.8361413,0.33963767,0.5851856,0.6227122,0.80224824,0.65365505,0.7850188,0.56907415,0.2776258,0.7793617,0.265859,0.7032962,0.580353,0.47629413,0.76604813,0.7586196,0.87529427,0.51161075,0.35459298
6.0,0.18775894,0.14420798,0.25375473,-0.07305726,0.053188443,-0.07643112,-0.048561893,0.020484395,-0.2009235,-0.42131403,0.053112686,0.3257376,-0.14125359,0.38092062,0.19900987,0.14361149,0.08205715,0.03775169,0.14314204,-0.4077841,0.80438596,0.90604496,0.6389123,0.74981695,0.85072994,0.87767833,0.91303587,0.9079508,0.7662396,0.5862014,0.9003362,0.5970792,0.86954725,0.79694504,0.7333644,0.91586727,0.87276316,0.915047,0.79816616,0.6370046
2.0,0.552338,0.40347943,0.995924,-0.61237377,0.45530555,-0.13961978,-0.23303872,0.06243083,-0.6867693,-1.3496546,0.2013442,1.1972936,-0.26452312,0.76646,0.66797435,0.123344995,0.2618171,0.11498799,0.54413253,-1.2354053,0.6683725,0.8508255,0.40631032,0.61948377,0.69260144,0.814901,0.7361414,0.81131566,0.6099596,0.34117317,0.81064594,0.33153397,0.7413782,0.6413079,0.53770745,0.8132417,0.7701078,0.8749412,0.5840661,0.4134533
1.0,-0.3088893,-0.37305743,-0.46356738,0.3522858,-0.39859256,0.039855246,0.32259145,-0.14340119,0.486847,0.62285006,-0.14461033,-0.6443153,0.24251957,-0.39672825,-0.262334,-0.017797828,-0.191365,-0.14561617,-0.2667503,0.75568724,0.89798385,0.86113375,0.9320886,0.95857257,0.8444228,0.9310845,0.9259658,0.91599494,0.90288424,0.8689769,1.016808,0.9720351,0.96313417,0.8022493,0.9092369,0.8412343,0.92664605,0.9086273,0.9177655,0.82049984
8.0,-0.13630088,-0.12204463,-0.23074579,0.2430506,-0.18406706,0.007807804,0.17764781,-0.0490664,0.21748957,0.22247957,-0.0758436,-0.3051895,0.05014328,-0.03484733,-0.12246691,0.051345762,-0.10423243,-0.058777414,-0.12249923,0.27764887,0.9012153,0.90840703,0.8060173,0.910578,0.88889235,0.88720876,0.95336175,0.9376674,0.8367806,0.8033924,0.97328776,0.8641388,0.9567288,0.8354197,0.8639251,0.91685516,0.90646565,0.9220634,0.9384923,0.8058459
1.0,-0.15418023,-0.15035692,-0.24707648,0.25235784,-0.23206018,0.022493776,0.18635687,-0.07971341,0.25629604,0.27927998,-0.081366695,-0.35688084,0.08476195,-0.108695135,-0.15303887,0.0355052,-0.10587655,-0.07454509,-0.14097057,0.3676024,0.8704237,0.9064502,0.8508687,0.90186614,0.87764674,0.92000705,0.9449781,0.9379058,0.87447166,0.80361587,0.98934585,0.8540558,0.95011926,0.8379271,0.8859522,0.92268276,0.93382865,0.92759687,0.908846,0.7951704
7.0,-0.18828553,-0.19082633,-0.29526794,0.27732667,-0.25810683,0.027030455,0.2149413,-0.08782628,0.30208734,0.34614706,-0.09437188,-0.41763693,0.111117065,-0.15800875,-0.17748018,0.025363993,-0.12544648,-0.08642797,-0.16703427,0.43984532,0.8826504,0.8996166,0.8625102,0.9181192,0.87432396,0.9161475,0.9444201,0.9351413,0.87544215,0.821986,0.99448013,0.8837276,0.9559412,0.83389467,0.89231026,0.9089086,0.930291,0.924678,0.9189916,0.80637723
9.0,-0.12296623,-0.11705618,-0.20486361,0.22477135,-0.1971555,0.012797964,0.16500992,-0.062067553,0.21050254,0.21163756,-0.06903921,-0.2923625,0.056557264,-0.048682813,-0.12091018,0.048011504,-0.091336,-0.060202904,-0.11518927,0.28490877,0.87326014,0.9116012,0.8254323,0.8953069,0.8831503,0.91255784,0.9474131,0.9381851,0.86163104,0.7884204,0.98004925,0.8369853,0.9481145,0.8391663,0.87202615,0.928527,0.9260905,0.92716753,0.9113504,0.78954726
10.0,0.1478087,0.11546603,0.18810219,-0.026796766,0.022131853,-0.06646772,-0.023176588,0.015028263,-0.15109333,-0.33613613,0.035799228,0.24343581,-0.12233692,0.33463195,0.15542021,0.1379322,0.05981162,0.028066285,0.10711706,-0.32324857,0.8167835,0.9089966,0.6622259,0.76741076,0.86060727,0.88216054,0.92443776,0.9149476,0.7784871,0.6140165,0.90930885,0.6287396,0.8822718,0.8076227,0.75228935,0.9208692,0.881132,0.91811955,0.8189925,0.6607587
3.0,-0.032362346,-0.022665404,-0.073915206,0.15365636,-0.12175099,-0.008740294,0.097725995,-0.03476921,0.08490885,0.029603004,-0.03358539,-0.11758516,-0.015563576,0.09277043,-0.041739687,0.079460084,-0.04154969,-0.02909135,-0.04210311,0.07881298,0.8539111,0.92260367,0.77603424,0.8532321,0.8856461,0.9075946,0.9444342,0.94001776,0.8410588,0.73565227,0.9621393,0.76422936,0.93012726,0.8390414,0.84081507,0.94438106,0.92195284,0.92847234,0.8861846,0.75559276
1.0,-0.21208337,-0.216113,-0.32495037,0.30201635,-0.28599998,0.032799345,0.23051524,-0.10411272,0.3379225,0.398459,-0.103405684,-0.465828,0.13144524,-0.20569879,-0.20208271,0.018439338,-0.13567334,-0.098779015,-0.18517715,0.5033871,0.87735313,0.89329153,0.88218606,0.9159797,0.86661315,0.92128986,0.94041365,0.93427235,0.8828791,0.83028084,1.0027595,0.8918831,0.9558959,0.83117723,0.9019102,0.9003676,0.9386766,0.92437196,0.91048914,0.80613524
10.0,-0.023118585,-0.016895484,-0.056850955,0.14293292,-0.12647729,-0.006387589,0.08902184,-0.043174796,0.07917673,0.018649008,-0.029610906,-0.106406316,-0.010379791,0.08614301,-0.039259225,0.074676044,-0.034229126,-0.029801868,-0.03720933,0.07686105,0.8381618,0.92387235,0.7855658,0.84731936,0.881461,0.9237991,0.9398004,0.9404429,0.8539607,0.7285107,0.96393234,0.75152963,0.9270585,0.83846766,0.8423444,0.95277697,0.9297943,0.93076026,0.87378234,0.74816406
10.0,0.360977,0.27084723,0.57074213,-0.30050927,0.21250704,-0.11140831,-0.14968261,0.034945868,-0.42003974,-0.8253956,0.126581,0.7077798,-0.21031101,0.5726312,0.3989581,0.1427068,0.17377056,0.07341001,0.31519222,-0.784408,0.7469352,0.8874274,0.5292286,0.6814037,0.79039645,0.8462343,0.84306884,0.86840844,0.69663453,0.46720898,0.8616698,0.46218497,0.8083987,0.7320282,0.64430934,0.8814778,0.8242948,0.8949475,0.7002289,0.53009385
2.0,0.396137,0.29781494,0.6439707,-0.3546262,0.25391212,-0.117275134,-0.1695818,0.03540031,-0.46591136,-0.91683364,0.1394569,0.79374087,-0.22030899,0.6088519,0.44410014,0.14088959,0.18990634,0.08065605,0.35354412,-0.86476576,0.73226523,0.8798187,0.5054315,0.66852903,0.77410704,0.8387566,0.8272868,0.85575825,0.67684114,0.4426146,0.852876,0.43534186,0.79381585,0.71480453,0.6252015,0.869475,0.81033117,0.8886222,0.6792425,0.50779724
11.0,0.67624235,0.492275,1.3293674,-0.8351528,0.64948857,-0.1456933,-0.2451145,0.096785896,-0.87179476,-1.7223827,0.24064441,1.5526118,-0.3193602,0.90560824,0.85701406,0.09394172,0.29099965,0.14650032,0.7197792,-1.557748,0.609832,0.83983445,0.33561084,0.58587456,0.6143996,0.8054484,0.6470179,0.787551,0.5687653,0.27500224,0.7822295,0.2602559,0.70152295,0.5768274,0.47194842,0.7699122,0.76370186,0.8727656,0.50773156,0.35366252
10.0,0.3735764,0.28074843,0.5977813,-0.31898805,0.22672483,-0.11285192,-0.15597752,0.035435054,-0.43706813,-0.8577742,0.13184595,0.73821324,-0.21450868,0.58647126,0.41398913,0.14005107,0.18032666,0.07550491,0.32946956,-0.81286854,0.7419389,0.88646615,0.52109724,0.67735296,0.784656,0.84447813,0.83619446,0.8657359,0.6914094,0.45879114,0.8594262,0.4522573,0.80402297,0.72627985,0.6374181,0.87911683,0.82119095,0.8933072,0.69249207,0.52236664
4.0,0.09696609,0.0838063,0.11760228,0.029982485,-0.019501586,-0.04709397,0.010124758,0.0001010932,-0.08691562,-0.23124845,0.017160883,0.14054471,-0.09754536,0.27242395,0.091983914,0.11965632,0.031026047,0.011705987,0.06472917,-0.20917605,0.82570046,0.9206565,0.69814074,0.7926077,0.8715698,0.8951116,0.93018395,0.9281585,0.80251807,0.65079576,0.92906946,0.66395175,0.89757675,0.8205654,0.7815893,0.9379161,0.90038955,0.92341346,0.8387298,0.69135916
10.0,0.26115543,0.20459351,0.38986814,-0.1613116,0.11572942,-0.08907982,-0.092886455,0.02350166,-0.2945118,-0.58721733,0.085514136,0.4846161,-0.17593376,0.46770948,0.27414688,0.14103541,0.121148705,0.051692262,0.21421763,-0.56474113,0.7783553,0.90591276,0.5957297,0.7204749,0.8283259,0.8698504,0.88333005,0.89732224,0.7426413,0.5370592,0.88931346,0.5352275,0.84437495,0.7718194,0.6992672,0.91119194,0.85928696,0.90838295,0.75583005,0.59368175
2.0,-9.188522e-05,0.006978778,-0.023535244,0.12476757,-0.1058251,-0.012387858,0.07373054,-0.033780634,0.04492553,-0.030312236,-0.020159865,-0.0603614,-0.031187821,0.12638207,-0.018065125,0.08199316,-0.022016335,-0.021737907,-0.017729085,0.021559767,0.8373508,0.9270386,0.7687893,0.83736414,0.8819683,0.9169013,0.9377171,0.9409668,0.8451978,0.71540564,0.95890516,0.73408645,0.92167014,0.8376046,0.83279914,0.95478874,0.9260695,0.9303941,0.86876607,0.73960465
1.0,-0.27880046,-0.32114577,-0.4206643,0.3366268,-0.3607642,0.039061382,0.29252437,-0.12957673,0.43882895,0.5498613,-0.13154767,-0.5892141,0.20700166,-0.3349254,-0.24433228,-0.0071437396,-0.17298003,-0.1292828,-0.24113685,0.67457235,0.89173627,0.8721002,0.9167889,0.94621915,0.852323,0.9278963,0.9321732,0.9226073,0.89742893,0.85805774,1.0117917,0.9473318,0.9616324,0.81319183,0.9087009,0.86238575,0.93060386,0.91508275,0.9174594,0.817222
5.0,-0.34337536,-0.44263887,-0.5139027,0.3651791,-0.45793745,0.03905893,0.3585724,-0.16530874,0.5506533,0.720388,-0.16183539,-0.71073735,0.2942826,-0.4864171,-0.28190714,-0.031151295,-0.21401942,-0.16992968,-0.2991965,0.8668623,0.8980001,0.84494454,0.9584862,0.96966827,0.8325246,0.9428069,0.9159158,0.9055266,0.91643983,0.8767214,1.021934,0.99730957,0.9630097,0.78441536,0.9077356,0.8118596,0.9243903,0.89827794,0.9095077,0.81892043
5.0,-0.14181095,-0.13146731,-0.23205927,0.2449969,-0.2044544,0.015366018,0.17968062,-0.06308858,0.231119,0.24260177,-0.07599836,-0.32374603,0.06210668,-0.063526765,-0.1360388,0.044663887,-0.103248015,-0.06535532,-0.12809466,0.3142172,0.88541085,0.90995324,0.8262008,0.9046127,0.88405657,0.90290815,0.9487397,0.9387941,0.8555859,0.8013613,0.98244923,0.85515445,0.9523112,0.8385089,0.87540686,0.92245996,0.9221455,0.92558867,0.9220802,0.7995032
1.0,-0.23671666,-0.25383234,-0.3630923,0.3117648,-0.30044693,0.032817326,0.25701195,-0.10309434,0.36951768,0.44559616,-0.11313584,-0.504891,0.1529544,-0.23511076,-0.21170332,0.009771682,-0.1529164,-0.105623506,-0.20498006,0.5488276,0.8974837,0.8879875,0.8812884,0.9398163,0.86671203,0.9137178,0.94086504,0.9300016,0.8786679,0.8464176,1.0025425,0.92481774,0.9624321,0.82539505,0.8998982,0.886297,0.9255254,0.91951966,0.92932296,0.8194862
3.0,-0.101618625,-0.089676894,-0.17343348,0.21269462,-0.17908356,0.009518293,0.14750567,-0.056721177,0.17940533,0.16771922,-0.06044934,-0.2525339,0.035550084,-0.012637559,-0.10630082,0.05565591,-0.07934899,-0.053262793,-0.09767757,0.2359599,0.8676754,0.9162607,0.81502074,0.88326555,0.8847498,0.910544,0.9467865,0.94062626,0.8570928,0.77693224,0.977507,0.81760925,0.9432683,0.84106916,0.8672555,0.9355067,0.9277559,0.92843294,0.9045749,0.7823027
11.0,0.70544654,0.5061336,1.3957137,-0.8847493,0.6854472,-0.14714174,-0.24381846,0.10832476,-0.9071334,-1.7997417,0.2484741,1.6260489,-0.33522612,0.9333981,0.90081286,0.09101766,0.29413986,0.15545368,0.7569834,-1.6308513,0.5985844,0.8363279,0.32188192,0.5767103,0.5989053,0.7984794,0.6271328,0.7822417,0.5613797,0.26285917,0.7729734,0.24821931,0.69176894,0.5627742,0.45877385,0.756723,0.762581,0.87402284,0.49180567,0.34234452
4.0,0.32193193,0.23413077,0.4802208,-0.24602133,0.16907835,-0.10996538,-0.13053718,0.036703844,-0.36591926,-0.72469944,0.1090215,0.61207587,-0.1939376,0.5249785,0.3591394,0.15691122,0.15375519,0.068605885,0.26986325,-0.6966429,0.7639873,0.8836891,0.5531456,0.69269574,0.8075672,0.8480805,0.8675125,0.8720541,0.7093343,0.492198,0.8634123,0.4969476,0.8217691,0.7499342,0.66373473,0.8813117,0.82886446,0.89929813,0.72593844,0.5528072
1.0,-0.26721564,-0.30552328,-0.4051502,0.3338524,-0.37876663,0.044871204,0.2715812,-0.14603274,0.43437365,0.5433989,-0.13186164,-0.5867342,0.21593978,-0.3592816,-0.24859728,-0.009192515,-0.15760477,-0.13215435,-0.23660451,0.68610185,0.8571985,0.86868554,0.94577694,0.91892946,0.84577054,0.9517502,0.9292823,0.92467034,0.92022353,0.84377265,1.0111951,0.91561747,0.95279664,0.81320053,0.9164089,0.87133753,0.94801944,0.92110676,0.8876244,0.7978174
7.0,-0.15329053,-0.15410751,-0.24689159,0.24716192,-0.23449449,0.021982541,0.18644801,-0.07993829,0.257704,0.2804374,-0.08157251,-0.356148,0.0896266,-0.11336452,-0.15026096,0.034380894,-0.10527378,-0.07440462,-0.14167005,0.37005806,0.86884916,0.9051966,0.85276526,0.9033798,0.8770306,0.92388254,0.94503444,0.9364584,0.8775603,0.8024087,0.9879709,0.85461086,0.95037276,0.836888,0.8848539,0.92206717,0.9330219,0.9274255,0.9084287,0.79412603
5.0,-0.3965734,-0.55910486,-0.5937451,0.38696876,-0.550051,0.032950204,0.4216033,-0.19914746,0.64976585,0.87494016,-0.1874644,-0.8093322,0.37042353,-0.61962277,-0.30875078,-0.050408997,-0.254768,-0.21087542,-0.3482907,1.0370353,0.9091233,0.8204414,0.9876545,0.99082285,0.81505454,0.95240474,0.89452976,0.8876793,0.9281909,0.88955474,1.0316845,1.0439993,0.9614957,0.75328064,0.89797264,0.75993276,0.914199,0.8769479,0.8996643,0.8186651
6.0,-0.10088915,-0.08907832,-0.17381811,0.21134593,-0.17336333,0.007053314,0.1481988,-0.052008286,0.17650172,0.16320162,-0.060320035,-0.24777345,0.032507442,-0.0046930574,-0.10194214,0.057887513,-0.08019711,-0.0513189,-0.09627727,0.22656089,0.87325525,0.91567564,0.8085922,0.88558394,0.8861232,0.90542316,0.94823396,0.9399048,0.85142034,0.7772944,0.97505265,0.820903,0.9446109,0.84029716,0.86383593,0.93289673,0.9231301,0.92729646,0.90949005,0.784059
7.0,-0.16654605,-0.16468117,-0.2648573,0.26099262,-0.23881184,0.023294603,0.19733585,-0.08050372,0.2718944,0.30183837,-0.08596463,-0.37722498,0.092741944,-0.12278086,-0.16048566,0.032631118,-0.11370668,-0.078007065,-0.14997563,0.38996464,0.8776129,0.9042072,0.8522275,0.90941685,0.877345,0.9163588,0.9455007,0.936788,0.8724608,0.8109082,0.99052054,0.8666841,0.95308733,0.8364786,0.88717353,0.91710496,0.93079764,0.92611814,0.91516113,0.8005976
4.0,0.6643512,0.49147934,1.3148983,-0.81711394,0.64232635,-0.14239153,-0.24182528,0.09208813,-0.86103845,-1.6972555,0.23736598,1.5288501,-0.3166025,0.9006511,0.8382738,0.08823195,0.28761476,0.14146775,0.71009487,-1.5312151,0.61288255,0.84391075,0.34042394,0.5912618,0.6165878,0.81090283,0.6528543,0.792493,0.5727998,0.2798401,0.788917,0.26307723,0.7054193,0.5819742,0.47597104,0.779174,0.76809055,0.8707164,0.5137781,0.3592826
2.0,0.1482977,0.11330962,0.18410718,-0.027571358,0.023543857,-0.06908615,-0.023971193,0.017074373,-0.15121338,-0.33639762,0.034575984,0.24383454,-0.12137568,0.33429298,0.1596164,0.14165702,0.06018478,0.02933202,0.10641721,-0.3260824,0.81853956,0.9047184,0.65960264,0.7660312,0.8601026,0.87883776,0.92706597,0.91203797,0.7742368,0.612967,0.90558976,0.63052946,0.88195646,0.80669487,0.7498353,0.91559136,0.87665665,0.9170675,0.82063353,0.65974146
3.0,-0.14552456,-0.1448982,-0.23606053,0.24087262,-0.224235,0.019275874,0.18122113,-0.074847244,0.2456789,0.26261583,-0.07828238,-0.33922207,0.081085786,-0.09609032,-0.14213222,0.03812863,-0.10199261,-0.0705174,-0.13484111,0.34736332,0.870566,0.90685976,0.8451193,0.9020187,0.8787913,0.9208875,0.9458941,0.936715,0.8730807,0.7989585,0.9858186,0.85074943,0.9502184,0.837441,0.8812496,0.92354715,0.9308931,0.92721623,0.90988445,0.79335517
2.0,0.4445965,0.33328444,0.7519037,-0.42939818,0.31223047,-0.122533746,-0.18998432,0.041637138,-0.53439605,-1.0464408,0.16021332,0.9143256,-0.23569337,0.66134125,0.50658,0.12882975,0.21570714,0.08880612,0.4119253,-0.97640514,0.7136825,0.87576795,0.47442144,0.65417546,0.74967605,0.8328789,0.79773796,0.8467293,0.6591134,0.41087165,0.84320426,0.3997633,0.7789249,0.693163,0.5974647,0.85887605,0.8009792,0.88399345,0.6493375,0.47822946
4.0,-0.052593295,-0.04204486,-0.10869877,0.17098525,-0.12773113,-0.00868093,0.11400339,-0.030913267,0.10820278,0.063941434,-0.042727463,-0.15110032,-0.0059164306,0.07596002,-0.052419934,0.07790995,-0.054734323,-0.03218701,-0.05717633,0.108012676,0.8704213,0.91780925,0.77456677,0.86599046,0.8884358,0.89598244,0.9493477,0.9381789,0.8327676,0.7492285,0.96003103,0.7880574,0.9368179,0.8379883,0.8412479,0.9345657,0.9124286,0.9259581,0.90285903,0.7672116
4.0,0.01756871,0.017357975,-0.011801273,0.1083589,-0.0717303,-0.031197842,0.0643527,-0.008732729,0.014156245,-0.074310884,-0.0174077,-0.014110409,-0.05203318,0.1754067,0.020255428,0.10505362,-0.014844526,-0.007949879,-0.0016608126,-0.049912855,0.85656357,0.9151478,0.73243785,0.8309709,0.8837201,0.8885566,0.9471698,0.93182176,0.8107238,0.70364696,0.93914324,0.7345993,0.92049915,0.8307038,0.8090544,0.93055254,0.8996876,0.92370677,0.88087744,0.73390853
6.0,-0.29844883,-0.35871494,-0.4487411,0.34620142,-0.4073674,0.043576512,0.30592167,-0.15139778,0.47889012,0.61170053,-0.14338484,-0.63664025,0.24621323,-0.40733823,-0.2628845,-0.018309131,-0.17925817,-0.14553449,-0.26115766,0.7563746,0.8744622,0.8599152,0.9504358,0.9396052,0.84107584,0.9469162,0.9256118,0.9180617,0.9189666,0.8572828,1.0149091,0.9484102,0.957232,0.80333686,0.91449046,0.849229,0.93869793,0.91360855,0.8980608,0.8069782
11.0,0.6881737,0.49524716,1.3485965,-0.85351706,0.6594614,-0.14797592,-0.24700344,0.10195106,-0.8844225,-1.7504185,0.24422939,1.5784062,-0.32373887,0.9130388,0.8754556,0.09641896,0.29403016,0.15049279,0.7319945,-1.585214,0.6064754,0.8368512,0.33035478,0.5810263,0.6101419,0.8011981,0.6399015,0.78411704,0.5654061,0.2699508,0.77676904,0.25640973,0.69789743,0.5715565,0.4673062,0.76218975,0.7612281,0.874709,0.50134444,0.34821758
5.0,-0.04818717,-0.03750515,-0.10479989,0.16823468,-0.12114583,-0.011538793,0.111051254,-0.026715554,0.10084073,0.053577013,-0.04181153,-0.1411497,-0.01059096,0.08633745,-0.04595046,0.08120297,-0.052789282,-0.029629372,-0.05358056,0.09312846,0.87316513,0.9165847,0.7682743,0.86453706,0.88898486,0.89147747,0.9505282,0.93731505,0.82721096,0.74708253,0.95649797,0.78711736,0.9365498,0.83686286,0.83700186,0.93216884,0.90803325,0.9250429,0.9049444,0.7663426
4.0,-0.027684782,-0.01891504,-0.07018093,0.14943154,-0.11289023,-0.012818996,0.09544109,-0.02807074,0.07634613,0.017308239,-0.032438844,-0.10542743,-0.021540465,0.10657499,-0.032727096,0.08411131,-0.039845318,-0.02557696,-0.037720464,0.060060788,0.8593426,0.92093414,0.7666866,0.8525396,0.8867052,0.90041184,0.94624144,0.9385432,0.8330371,0.7331303,0.95752525,0.7644846,0.93010193,0.8377715,0.8350212,0.9401236,0.91558355,0.9270913,0.8899463,0.75490344
5.0,-0.3234176,-0.40185016,-0.4861108,0.35717195,-0.4168395,0.0384018,0.3400146,-0.14856988,0.5118539,0.6603869,-0.15149233,-0.6694774,0.2603975,-0.42511058,-0.26777178,-0.022496678,-0.20310962,-0.15405568,-0.28033972,0.79371834,0.9051918,0.8559042,0.93600416,0.97018814,0.8419885,0.9313224,0.92316306,0.9112026,0.90315217,0.8762118,1.018555,0.9892568,0.96543735,0.79543084,0.9067494,0.82868844,0.92119604,0.90302664,0.9222881,0.8249907
3.0,-0.3216198,-0.39071485,-0.48289192,0.36333394,-0.39892608,0.03826331,0.3387305,-0.14186808,0.50060767,0.6434849,-0.1484876,-0.6613231,0.2455896,-0.40047827,-0.2667574,-0.019772656,-0.20259038,-0.14910862,-0.27563053,0.76914454,0.91543484,0.85980487,0.92271656,0.9733507,0.8451778,0.9202114,0.9247484,0.91412306,0.89195263,0.88081276,1.0189167,0.9935424,0.9671412,0.79942775,0.90578526,0.8323152,0.91686773,0.9043832,0.9320007,0.8310982
6.0,-0.058473118,-0.046695065,-0.11255575,0.17663258,-0.14066094,-0.0026066634,0.11663027,-0.040643085,0.11926306,0.08010664,-0.04387847,-0.16730629,0.0014557093,0.05730507,-0.065133154,0.0718023,-0.05641868,-0.037248872,-0.06277169,0.13400501,0.86196095,0.9204358,0.78805226,0.86555135,0.8866639,0.90595,0.946517,0.94037056,0.84450847,0.751945,0.9669666,0.7859798,0.9358802,0.8401865,0.84987605,0.9406334,0.92237806,0.92816806,0.89597756,0.7671447
3.0,-0.1878016,-0.19190916,-0.29403272,0.2809547,-0.28076464,0.03348362,0.20767942,-0.10573556,0.31128198,0.36026865,-0.096735984,-0.43208492,0.12564002,-0.19168869,-0.18833423,0.019732038,-0.11875105,-0.0929101,-0.17088076,0.47115117,0.85776645,0.8962455,0.88834053,0.90263134,0.8672639,0.9363113,0.9399263,0.9356861,0.8953652,0.81618434,0.9984959,0.86696553,0.9495431,0.8333069,0.90110904,0.9133978,0.94460833,0.9282389,0.89679706,0.79433125
11.0,0.6541632,0.48061958,1.2767872,-0.7966081,0.6200125,-0.14390382,-0.24476668,0.08887961,-0.8430159,-1.6612858,0.23436837,1.4942765,-0.30842215,0.88380486,0.8229894,0.095867254,0.28780976,0.13962898,0.6910508,-1.5016166,0.6189527,0.84268546,0.34668693,0.59279644,0.62645644,0.80979645,0.6619674,0.7923421,0.57524014,0.28504956,0.7890622,0.27014166,0.7089549,0.5877746,0.4823745,0.7798384,0.7652188,0.8720513,0.52031094,0.36305103
5.0,-0.39009562,-0.5494936,-0.5840109,0.3796513,-0.5566981,0.0343575,0.41017115,-0.20168388,0.6453476,0.86800945,-0.1870837,-0.8034279,0.3738917,-0.6261821,-0.3080542,-0.050635777,-0.24844566,-0.21045035,-0.34608242,1.0369381,0.8944097,0.81946874,1.0009735,0.9817641,0.8140287,0.96421057,0.8972399,0.8894351,0.9399028,0.88182724,1.0273479,1.0313408,0.96018755,0.753058,0.9008362,0.7650762,0.92179507,0.87987703,0.88990533,0.81253254
2.0,0.51937586,0.37681144,0.90810156,-0.55427706,0.40401265,-0.13774842,-0.22356847,0.057124205,-0.6356594,-1.24993,0.1893637,1.1028663,-0.25391856,0.7295975,0.61993074,0.13207462,0.24917738,0.10815074,0.49877685,-1.1520518,0.6846249,0.8543184,0.42698142,0.6281413,0.7130191,0.8163751,0.7589172,0.81870425,0.62336576,0.36160627,0.8171857,0.354291,0.7521494,0.6587126,0.55626255,0.8233223,0.7748269,0.8773576,0.6052819,0.43201914
7.0,-0.11127617,-0.10103169,-0.1865961,0.21973473,-0.1905615,0.012582299,0.15417245,-0.06249661,0.19457634,0.1895087,-0.064313255,-0.2729512,0.046042874,-0.033177864,-0.1159321,0.05122989,-0.083848834,-0.05762709,-0.10604779,0.26299393,0.8659833,0.9145869,0.8239456,0.88616294,0.8830629,0.9147536,0.94618285,0.94025415,0.8625386,0.78159994,0.9803958,0.8232318,0.944356,0.8407717,0.87179196,0.9342567,0.9304877,0.92867875,0.9038342,0.78414583
2.0,-0.09929345,-0.0847788,-0.17507574,0.21240418,-0.1628239,0.003317183,0.14811519,-0.043997373,0.16985238,0.15398112,-0.06046527,-0.23972528,0.025052022,0.011116557,-0.09580947,0.061944246,-0.08133214,-0.048085354,-0.09381895,0.20839396,0.883227,0.9147599,0.79718673,0.8882537,0.8887682,0.8946423,0.95085055,0.93941545,0.84021497,0.77868503,0.97021025,0.82623404,0.9465229,0.8389761,0.85792017,0.92891526,0.9144646,0.9254445,0.9184912,0.78748727
1.0,-0.23604093,-0.24964425,-0.38103688,0.34993201,-0.4131745,0.06022228,0.213934,-0.19368593,0.4198504,0.5099939,-0.13814408,-0.5845724,0.22817975,-0.40715605,-0.25743833,-0.021860726,-0.12175943,-0.136242,-0.22785965,0.68642926,0.7851603,0.8614019,1.0084138,0.8637536,0.8363179,1.005237,0.9198567,0.9306065,0.95783174,0.82602894,1.0035129,0.8512327,0.9330317,0.80897415,0.92634827,0.8999975,0.96938705,0.9334241,0.83561826,0.7628706
11.0,0.6686051,0.4867829,1.3075153,-0.82123435,0.63710606,-0.14591074,-0.2461657,0.09407374,-0.8607842,-1.6994276,0.23854624,1.5306456,-0.31447342,0.8960881,0.84562355,0.09681689,0.29042727,0.14455098,0.7081765,-1.5373477,0.61336297,0.83987516,0.33967367,0.5877868,0.61970156,0.8061343,0.65289986,0.7882777,0.5705835,0.27845365,0.783677,0.26428398,0.7040472,0.58075315,0.47593516,0.7720511,0.7629746,0.8729839,0.5122193,0.3565761
4.0,-0.07787959,-0.06759421,-0.1395506,0.19110559,-0.15913007,0.002762924,0.13050206,-0.048853762,0.14782397,0.120979756,-0.051329486,-0.20606527,0.019190654,0.022737537,-0.083270706,0.064098254,-0.06658183,-0.04458373,-0.07883179,0.18207413,0.86278117,0.9181923,0.80189145,0.87388664,0.88536286,0.9109426,0.94662446,0.94005024,0.8521694,0.7626991,0.97197646,0.79998654,0.9395964,0.840428,0.85798,0.9386329,0.925734,0.92839843,0.8989315,0.77350855
7.0,-0.23552291,-0.25499848,-0.360772,0.30951887,-0.30805182,0.034218557,0.25436416,-0.108067535,0.37187263,0.44919506,-0.113372214,-0.5070722,0.15831746,-0.24595475,-0.21325916,0.008576553,-0.15017691,-0.10732191,-0.20537063,0.5582727,0.8885803,0.8867013,0.88968784,0.93417674,0.86427695,0.92113423,0.9395629,0.9295763,0.8860952,0.8426115,1.0035346,0.9178969,0.9600845,0.8250799,0.90229356,0.8872353,0.930652,0.9205887,0.9208505,0.8142238
1.0,-0.1761933,-0.17894855,-0.27966645,0.2749529,-0.2841823,0.035359327,0.19409186,-0.1125053,0.30134413,0.3450519,-0.094634324,-0.4202903,0.1260232,-0.19382206,-0.18516137,0.018558674,-0.109160654,-0.092072435,-0.1654278,0.46240014,0.84192264,0.8961423,0.8979939,0.8917558,0.8652886,0.94886684,0.9381293,0.93664545,0.90507597,0.80876523,0.99693,0.8512427,0.94509315,0.8331723,0.9021826,0.9207778,0.9502242,0.9307918,0.8850147,0.7860453
5.0,-0.25378802,-0.3035802,-0.39291945,0.3052742,-0.36186624,0.03785979,0.2698762,-0.12923256,0.4179546,0.5163891,-0.12675041,-0.5549902,0.20934626,-0.32818505,-0.22393216,-0.00600734,-0.15825655,-0.123077504,-0.23084617,0.64668083,0.871882,0.8727795,0.9269476,0.9398936,0.8541432,0.9506828,0.9357569,0.92045546,0.91540086,0.843713,1.0018789,0.92790574,0.9588162,0.81311464,0.90564626,0.8731376,0.93371683,0.9173252,0.9074076,0.80730444
2.0,0.057620227,0.05808141,0.0640802,0.07193273,-0.057049554,-0.02973539,0.035156775,-0.016958188,-0.034103476,-0.14880398,0.0030221362,0.057265103,-0.07236298,0.21338253,0.04039343,0.10032289,0.009349752,-0.0032573827,0.031122353,-0.111601785,0.8271509,0.92877686,0.73135257,0.8111308,0.87698114,0.9092204,0.9311839,0.9375131,0.82577443,0.67866474,0.9455589,0.6892795,0.907894,0.8296068,0.8064322,0.9532876,0.9170956,0.92801017,0.8492671,0.71281374
10.0,0.03355014,0.02995592,0.015612386,0.09128503,-0.06348546,-0.032922555,0.053589456,-0.00820935,-0.005131632,-0.10448752,-0.009522513,0.015602805,-0.05983296,0.19220185,0.03299311,0.106342375,-0.005140476,-0.004457867,0.011738647,-0.07802902,0.84807235,0.9180356,0.72858244,0.8237689,0.88166595,0.8935001,0.9427037,0.93209815,0.8135391,0.69276327,0.9390738,0.719049,0.9160772,0.8302478,0.80546737,0.93528074,0.90317065,0.9245818,0.8706289,0.7252132
2.0,-0.22236852,-0.22252482,-0.34622478,0.31093082,-0.26248002,0.026400061,0.24653244,-0.0837058,0.33778694,0.397957,-0.10700197,-0.46735853,0.12050445,-0.17475305,-0.19608437,0.020067118,-0.15053873,-0.0940065,-0.19043377,0.47866315,0.91674364,0.89445853,0.851228,0.9457795,0.8762561,0.8926737,0.9471473,0.9340349,0.8541821,0.8495711,0.99473006,0.92974144,0.96788204,0.8281544,0.88939124,0.8914554,0.9118856,0.9182377,0.95062864,0.8304941
3.0,-0.1736811,-0.1715219,-0.27434513,0.26887763,-0.24878041,0.026757829,0.20136878,-0.08628496,0.28220817,0.3179275,-0.08881018,-0.39365274,0.099503234,-0.13886404,-0.16977915,0.028996289,-0.11603359,-0.08200779,-0.15586366,0.41174763,0.87484765,0.90308726,0.8602274,0.90856737,0.8753825,0.91867876,0.9441182,0.93725246,0.87699646,0.8138745,0.9932274,0.86834055,0.9522398,0.8366202,0.8916401,0.91659266,0.9340296,0.9268634,0.912036,0.8004083
8.0,-0.15117349,-0.13692579,-0.24501556,0.25730348,-0.20718937,0.016455468,0.18636875,-0.06392829,0.2408408,0.25715184,-0.07936489,-0.33864784,0.06296888,-0.068980604,-0.14408603,0.043940574,-0.10926898,-0.068063416,-0.13426389,0.32670572,0.891536,0.90898603,0.82596785,0.9082158,0.88414073,0.897488,0.94963187,0.9394358,0.85124636,0.80802053,0.98365766,0.8639537,0.95449775,0.8379782,0.8769013,0.91918796,0.9204033,0.92471766,0.9273033,0.80460453
10.0,0.070801586,0.067661226,0.08377651,0.058192924,-0.044541474,-0.034850128,0.026635394,-0.0124666765,-0.051660337,-0.17619981,0.00816448,0.08538461,-0.08089092,0.23297381,0.05634224,0.10587621,0.016576167,0.0013714861,0.042738613,-0.14362445,0.82535666,0.92733604,0.7213809,0.8052811,0.8752993,0.90642613,0.93020266,0.93520904,0.8194425,0.66956955,0.9413571,0.6800063,0.90471196,0.8267449,0.7989816,0.95004517,0.9132187,0.926733,0.8449862,0.705991
10.0,0.3152802,0.23393142,0.475439,-0.23596993,0.16398929,-0.105622135,-0.12538022,0.03404183,-0.359637,-0.7109692,0.107246354,0.5998944,-0.19353797,0.52153957,0.34670517,0.15083574,0.1503436,0.06572079,0.2653084,-0.68254954,0.7647077,0.89007616,0.55843747,0.69695383,0.8096955,0.8528201,0.86676264,0.87785894,0.71540546,0.49778408,0.86917555,0.49921095,0.82480997,0.75226176,0.6682223,0.888839,0.8355535,0.9008424,0.7282355,0.55802035
9.0,-0.2413322,-0.2708427,-0.37023273,0.30807096,-0.32856727,0.036300126,0.25822163,-0.11746913,0.3879827,0.4730027,-0.117858864,-0.5244604,0.1771418,-0.27783993,-0.21842916,0.0032821782,-0.15133259,-0.113249294,-0.2137067,0.5918648,0.87863785,0.88168854,0.9058609,0.9327307,0.8597516,0.9337544,0.9375527,0.92677903,0.89886713,0.8413293,1.0041635,0.91737384,0.95845413,0.8213316,0.90501404,0.8833677,0.93464327,0.92030424,0.9121496,0.80936325
3.0,-0.062885486,-0.049683396,-0.11568631,0.18250284,-0.15511553,0.0036377045,0.11700538,-0.052369613,0.1295849,0.09538561,-0.045441136,-0.18329969,0.010573391,0.035574786,-0.077877864,0.064908855,-0.05659124,-0.042548083,-0.06830261,0.1605742,0.8503429,0.92193556,0.8037899,0.86296415,0.8838866,0.9181911,0.94325584,0.9423663,0.8576343,0.75377107,0.97307414,0.7817984,0.9342521,0.84156656,0.8584021,0.9472417,0.9324199,0.9305182,0.88714474,0.76558393
5.0,-0.21040577,-0.23742768,-0.3311884,0.28310135,-0.31942225,0.036955677,0.22790834,-0.11761205,0.35312286,0.42081693,-0.10902174,-0.47973025,0.16697714,-0.25539935,-0.19990112,0.0063036345,-0.13020416,-0.104519494,-0.19535838,0.54485136,0.85581434,0.88516444,0.9119553,0.9161549,0.8608668,0.95204484,0.9390155,0.92873144,0.9130764,0.8240415,0.99655426,0.88740605,0.9517727,0.82448965,0.9033197,0.90014356,0.9409935,0.9256742,0.89726293,0.7958053
6.0,-0.09865526,-0.08586463,-0.17134552,0.21031663,-0.16900176,0.0056848014,0.14680782,-0.049363382,0.17215705,0.15704247,-0.05956953,-0.24208389,0.028773915,0.0026080795,-0.09887829,0.05970318,-0.079516865,-0.04984624,-0.094086096,0.21753833,0.8754738,0.9158196,0.80457705,0.8853327,0.8869328,0.90243316,0.9488764,0.93989974,0.84804404,0.7765788,0.9735996,0.8206666,0.9447064,0.8400859,0.86181486,0.9322896,0.92100406,0.926878,0.91124505,0.78429216
9.0,-0.28962284,-0.34656784,-0.43723574,0.3382475,-0.39596748,0.041970104,0.29917422,-0.14566873,0.4660736,0.5912501,-0.13971685,-0.61920226,0.23671304,-0.38794658,-0.2547087,-0.015039019,-0.1757794,-0.14051047,-0.25478494,0.7314472,0.8756495,0.8631508,0.94350034,0.9409187,0.8443666,0.94603795,0.928106,0.9187087,0.9163651,0.85532564,1.0126913,0.9454031,0.95836323,0.8057147,0.9124663,0.8541054,0.9374001,0.91402566,0.90167946,0.8083983
11.0,0.6779579,0.48920968,1.3233491,-0.8360909,0.64552295,-0.1476699,-0.24777803,0.097644396,-0.8709295,-1.7218069,0.24120916,1.5516713,-0.31753126,0.9019607,0.8601588,0.09899095,0.29270282,0.14788532,0.71770954,-1.5592723,0.6103221,0.8374299,0.33554378,0.58410984,0.6164449,0.8029417,0.64749044,0.78525496,0.5676003,0.27442616,0.7793982,0.26121438,0.70099413,0.5764122,0.47220945,0.76596725,0.7607054,0.8742253,0.50722426,0.35231048
10.0,0.029252179,0.029183034,0.014093012,0.09645285,-0.07048263,-0.028309003,0.055815093,-0.014195223,0.0014554709,-0.0946061,-0.009987323,0.005552888,-0.05721,0.18344587,0.02297419,0.101521164,-0.0073104836,-0.0078089125,0.008315798,-0.06268722,0.84393585,0.9220601,0.7365873,0.8252767,0.88176525,0.8997413,0.94061136,0.9350271,0.8209665,0.6960497,0.9447788,0.71849245,0.91633886,0.83207977,0.8116888,0.94159615,0.91029954,0.92618924,0.86791694,0.72725147
1.0,-0.29933068,-0.35670057,-0.45010886,0.34684813,-0.38677752,0.03966879,0.31298178,-0.13894038,0.47176984,0.59982777,-0.14056422,-0.6269978,0.23166302,-0.3775052,-0.25650606,-0.014562584,-0.18549983,-0.14035395,-0.2588088,0.73024476,0.89584386,0.86459947,0.92755854,0.95499355,0.84703326,0.93045735,0.92815864,0.9180307,0.9015356,0.86558807,1.0150422,0.96433324,0.96279013,0.80574214,0.90916574,0.8480737,0.92786926,0.91071534,0.9178581,0.81957203
8.0,-0.2622188,-0.29514623,-0.3978919,0.326113,-0.33903268,0.037130944,0.27802122,-0.12037758,0.41268048,0.5101991,-0.124469385,-0.557261,0.18744686,-0.29883638,-0.23205616,-0.00097248703,-0.16454461,-0.120301105,-0.22739616,0.6280737,0.891726,0.87811047,0.90523905,0.9429003,0.8575088,0.9245684,0.9355558,0.9253623,0.8922642,0.85292274,1.0084485,0.9371861,0.9616556,0.81813383,0.9061748,0.8722945,0.9300017,0.91718316,0.9203987,0.8171803
10.0,0.35556662,0.25949073,0.5476761,-0.29372314,0.2034376,-0.11506461,-0.1488367,0.03836519,-0.40947625,-0.8079589,0.123510405,0.6902103,-0.20601553,0.56138897,0.3988306,0.15320772,0.17101379,0.07483546,0.30584073,-0.7710495,0.7514683,0.88055736,0.53180045,0.680882,0.7940508,0.8423133,0.85086125,0.86413354,0.69549054,0.4695589,0.8568501,0.47065806,0.80956584,0.73563415,0.6463042,0.8745981,0.81968814,0.8951265,0.7056338,0.53208023
10.0,0.335897,0.2508617,0.5191667,-0.26447436,0.18550646,-0.10769275,-0.13611999,0.034315057,-0.3871572,-0.7622716,0.116518185,0.6484955,-0.20147823,0.54510117,0.36938286,0.14622757,0.16131626,0.06896476,0.2881594,-0.7282907,0.7564964,0.89009434,0.5456932,0.6903877,0.8013608,0.85069245,0.85542876,0.8746253,0.7081878,0.48417315,0.8665168,0.48214766,0.817823,0.7434076,0.6576167,0.8870381,0.8316077,0.89851487,0.71539164,0.54565144
9.0,-0.21503304,-0.21875891,-0.33332244,0.31631577,-0.32596084,0.04445247,0.21950316,-0.1357076,0.35755724,0.42891034,-0.11175955,-0.49996638,0.15914664,-0.2695738,-0.2235079,0.0069618598,-0.12591086,-0.11095037,-0.19415629,0.5627831,0.8378893,0.88565797,0.9269834,0.8896623,0.8557761,0.9505796,0.9322575,0.9350808,0.9124848,0.8245739,1.0075425,0.8666184,0.9453398,0.8286508,0.9162195,0.9055698,0.957954,0.92958987,0.8759159,0.78670466
10.0,0.3688178,0.26947162,0.5749781,-0.3131595,0.217796,-0.11700716,-0.15591201,0.038991947,-0.42687407,-0.8415555,0.12906526,0.72172743,-0.21043998,0.5755073,0.41498697,0.15164046,0.17768785,0.07732278,0.32035643,-0.8007617,0.7463201,0.87897676,0.5232661,0.67632514,0.78836936,0.84001535,0.84416103,0.86069316,0.68964916,0.46059418,0.85410875,0.4604271,0.8046895,0.7297067,0.63927555,0.8714888,0.81581694,0.8933715,0.69758654,0.5238615
11.0,0.6836186,0.49570343,1.3453116,-0.8473237,0.6581578,-0.14639664,-0.24516147,0.1000684,-0.880904,-1.7419282,0.24294494,1.5706761,-0.32325968,0.9124172,0.86833125,0.09327796,0.29234472,0.14855501,0.7292038,-1.5757569,0.6073995,0.83883905,0.3319853,0.5833582,0.6104481,0.8037058,0.64192504,0.7862561,0.5670553,0.2717632,0.77978796,0.25717142,0.69929624,0.5734535,0.4686007,0.7663908,0.7634288,0.87344784,0.5035836,0.3505185
2.0,0.20271014,0.16194701,0.28986037,-0.08904981,0.064741656,-0.07474852,-0.057059683,0.016981255,-0.2211977,-0.45577037,0.061830558,0.3592447,-0.15004508,0.40022406,0.20717794,0.13609216,0.09007731,0.038497612,0.15940903,-0.4370814,0.79533094,0.9134873,0.6342099,0.74582714,0.8466785,0.8825901,0.9024178,0.91105276,0.7683276,0.5777188,0.90406495,0.58066756,0.86528844,0.7926141,0.729717,0.9247082,0.87748146,0.91539985,0.7867171,0.62977886
5.0,-0.20565379,-0.21459171,-0.31991568,0.2882418,-0.2756171,0.029625224,0.2296918,-0.094301164,0.32757536,0.38358206,-0.10142458,-0.4503191,0.12863433,-0.18952008,-0.19002512,0.018964842,-0.13481793,-0.09361497,-0.18130745,0.4824869,0.88588774,0.895114,0.8718326,0.92561287,0.8712955,0.9177156,0.9431734,0.9329971,0.8791944,0.83020884,0.9973265,0.89760286,0.9580378,0.830866,0.8957913,0.9012703,0.92951834,0.92314935,0.9213363,0.8102199
2.0,0.22818036,0.17629102,0.32608572,-0.12087219,0.08626087,-0.08415277,-0.07340718,0.023224413,-0.2520211,-0.51100874,0.07105276,0.4117362,-0.16068465,0.4285696,0.24088567,0.14440514,0.10386655,0.04596214,0.18138716,-0.49370122,0.7905889,0.90537757,0.61540025,0.73313415,0.83925587,0.8732281,0.8979922,0.9018708,0.75372374,0.5589254,0.89356154,0.5635431,0.85585934,0.7841628,0.71474457,0.9128377,0.86526304,0.9116634,0.7753926,0.61313456
4.0,-0.14088228,-0.13856766,-0.22939774,0.23821226,-0.21886931,0.018257692,0.17760044,-0.072696015,0.2384429,0.2521336,-0.0762828,-0.3299262,0.0756845,-0.08647652,-0.13845505,0.040085506,-0.09964825,-0.06854655,-0.1307787,0.33488363,0.87057036,0.90804577,0.84155047,0.9001447,0.8796115,0.9193729,0.94604045,0.9372559,0.8710058,0.7968116,0.984992,0.847388,0.9496088,0.8380172,0.8798008,0.92503536,0.93053174,0.9273808,0.9096581,0.79247123
8.0,-0.12486616,-0.11355989,-0.20483835,0.23393002,-0.20792565,0.018436551,0.16215423,-0.07257779,0.21487096,0.22003275,-0.069872916,-0.3034371,0.05855001,-0.06207418,-0.1328851,0.044778686,-0.08947178,-0.06467509,-0.117654234,0.30246425,0.8618275,0.9130345,0.8382183,0.88709784,0.88045925,0.919828,0.9445889,0.941007,0.8704942,0.78840834,0.98561954,0.8283461,0.944431,0.8411248,0.8800671,0.9339519,0.9362104,0.92964584,0.900469,0.78594965
5.0,-0.23276164,-0.25095344,-0.35826626,0.30596137,-0.2959088,0.030617923,0.25510108,-0.100055985,0.36522242,0.43822354,-0.11211332,-0.4959827,0.15079203,-0.2278632,-0.20587525,0.011690058,-0.15223277,-0.10359705,-0.20241135,0.537935,0.89854026,0.88847667,0.877653,0.941527,0.86814,0.9137604,0.9420595,0.9291483,0.8769158,0.84516644,1.0009015,0.9246065,0.96354073,0.8249398,0.89733326,0.8864842,0.9235727,0.9186507,0.9315899,0.82005554
4.0,-0.09160752,-0.081391566,-0.15949255,0.20236075,-0.1701189,0.0060579404,0.1407364,-0.052605692,0.16630802,0.14797674,-0.05667951,-0.2323752,0.02933284,0.0023824275,-0.09535375,0.059418716,-0.07417792,-0.049231477,-0.08974716,0.21252352,0.8663556,0.9166659,0.8087416,0.8801932,0.88512987,0.91067547,0.9470565,0.9399293,0.85461825,0.7708498,0.9746073,0.8111064,0.9421986,0.84050894,0.8626052,0.9361456,0.9260244,0.92817044,0.9030778,0.7788077
6.0,-0.035015844,-0.026667027,-0.078858495,0.15446158,-0.12169207,-0.009622383,0.10027906,-0.033303738,0.088250265,0.034018412,-0.034809597,-0.121182404,-0.013530113,0.09060218,-0.041386165,0.07985355,-0.043381095,-0.029003993,-0.043935843,0.08158817,0.85685074,0.9211665,0.7748223,0.85556835,0.88598067,0.905838,0.9455133,0.93904656,0.8392266,0.73707366,0.961083,0.76829636,0.93146783,0.8385361,0.8398662,0.94182616,0.919628,0.9278218,0.8891073,0.7570323
2.0,0.23924239,0.17808649,0.33518067,-0.1359733,0.09510532,-0.09102112,-0.081145085,0.028318781,-0.26384392,-0.5334517,0.07396846,0.43238854,-0.16294207,0.43756527,0.26006556,0.15260121,0.11008465,0.05050931,0.1893391,-0.51817226,0.7903094,0.89672405,0.6058144,0.7263171,0.835801,0.86595446,0.8989791,0.8943508,0.7443428,0.5497477,0.8849084,0.55892193,0.8515805,0.7805647,0.7065255,0.9020621,0.8555872,0.9092947,0.77206165,0.604801
6.0,-0.10410565,-0.09130356,-0.1766198,0.2157717,-0.1806489,0.010007994,0.14910978,-0.057685733,0.18253149,0.17236564,-0.061378583,-0.2570281,0.03634935,-0.015433658,-0.10887313,0.05538632,-0.08079104,-0.054213427,-0.09943701,0.24073294,0.86817986,0.91606855,0.8160458,0.8837432,0.88462293,0.9101595,0.9469121,0.94078386,0.8568715,0.77842027,0.9783208,0.81915325,0.94364566,0.84105384,0.86825794,0.9349167,0.9282132,0.9283254,0.90498036,0.7832543
5.0,-0.2028145,-0.20998356,-0.31680992,0.2859497,-0.26652128,0.02728615,0.22893846,-0.08864655,0.3211453,0.3736467,-0.10008483,-0.4412951,0.12221765,-0.17562588,-0.1848536,0.021370888,-0.13520324,-0.09069423,-0.17821763,0.46657616,0.89209855,0.89646,0.8634353,0.928997,0.87384653,0.9122298,0.94468874,0.9331058,0.87279844,0.83101,0.9953172,0.9004795,0.95978796,0.8310702,0.8924325,0.9012506,0.9250483,0.92222023,0.9276821,0.8133144
11.0,0.13601498,0.11915201,0.18781096,-0.009865463,0.00824286,-0.053083442,-0.015650302,0.000496733,-0.13681662,-0.31221515,0.035045564,0.21988691,-0.11798484,0.31868213,0.12549084,0.11972644,0.052844193,0.019417427,0.099785954,-0.28782922,0.8087372,0.92516184,0.68103635,0.77596104,0.8631217,0.89936537,0.9167336,0.92715293,0.7981932,0.6255128,0.9259909,0.6285364,0.8863768,0.81180114,0.76732284,0.9440566,0.900558,0.92255944,0.8162476,0.6704489
11.0,0.6495907,0.47174522,1.2511157,-0.78612906,0.6045439,-0.14636889,-0.2480649,0.087997146,-0.8320291,-1.6405563,0.2332683,1.4740435,-0.3028117,0.8715569,0.8172155,0.10448457,0.28865403,0.13981718,0.67879045,-1.4859416,0.6226608,0.83967966,0.35019138,0.59239763,0.6332921,0.80697435,0.66779965,0.7901511,0.57558376,0.2875395,0.7867978,0.27507958,0.7101877,0.59079635,0.48606348,0.77685374,0.76118416,0.87364775,0.5238164,0.36428255
11.0,0.6900945,0.50069624,1.3650721,-0.85937846,0.6692649,-0.1459728,-0.24358568,0.10294349,-0.8905312,-1.7620596,0.24501105,1.589557,-0.3282798,0.92123085,0.8782844,0.09002307,0.29247132,0.14996359,0.7398863,-1.5930641,0.6045232,0.83887774,0.3283911,0.58189493,0.60516304,0.8032656,0.6366742,0.78601754,0.5658325,0.26879963,0.77885,0.2535907,0.6971168,0.5702257,0.4650256,0.7647801,0.76472205,0.87323296,0.49975953,0.34816018
10.0,-0.033431336,-0.023426395,-0.08332427,0.1562927,-0.11058848,-0.015079575,0.100076675,-0.023315644,0.080966994,0.024927922,-0.036242098,-0.11310963,-0.021285357,0.1073025,-0.032885537,0.086503536,-0.04426284,-0.02507899,-0.042017486,0.06148795,0.8688206,0.91748095,0.7612126,0.85637754,0.8882424,0.8913376,0.9497938,0.9370552,0.82443345,0.7376952,0.9535782,0.77427715,0.9326875,0.83628374,0.8319572,0.9334536,0.90772957,0.9252211,0.89902955,0.75939125
4.0,0.26397455,0.2039457,0.39194888,-0.16580737,0.11791916,-0.09090502,-0.094563656,0.025552742,-0.2974935,-0.59303063,0.08672351,0.48989236,-0.17618954,0.46962547,0.2798359,0.14331451,0.12305051,0.05303105,0.21661147,-0.5709312,0.7784857,0.9036054,0.5933739,0.71911734,0.8276398,0.8681111,0.8833276,0.8954026,0.7409272,0.5345695,0.8868938,0.53455377,0.843638,0.7712795,0.69696945,0.90842104,0.856967,0.90796226,0.75501084,0.59148335
11.0,0.6970901,0.4946752,1.357305,-0.86678505,0.66371846,-0.15072379,-0.25063658,0.10405092,-0.8918188,-1.7678745,0.24598564,1.5957185,-0.3236983,0.9140282,0.8891896,0.103459,0.29638088,0.15493277,0.7368673,-1.6050075,0.6030683,0.83259505,0.32744423,0.57683694,0.60967004,0.79651165,0.6363568,0.77894354,0.5608301,0.2663584,0.770845,0.2548298,0.6943677,0.5669656,0.4647113,0.75373036,0.7559397,0.8765763,0.4970785,0.34387618
9.0,-0.2931776,-0.36824822,-0.44884562,0.32942322,-0.42594355,0.042333536,0.30245292,-0.15615873,0.48588532,0.619407,-0.14639312,-0.63512,0.26306877,-0.42774668,-0.25410035,-0.021797784,-0.17874706,-0.1483514,-0.26668,0.76942706,0.86496466,0.85570455,0.9642624,0.94470906,0.8403479,0.96598405,0.9275792,0.91331404,0.93427163,0.8534194,1.0074211,0.94921464,0.95800287,0.79751503,0.9111861,0.84741527,0.9374276,0.9112231,0.89485765,0.8046366
9.0,0.13948523,0.11756882,0.18769863,-0.015276141,0.012748718,-0.057277333,-0.017546803,0.005830028,-0.14128783,-0.31964058,0.03540437,0.2272739,-0.12004851,0.32471064,0.13503341,0.12591165,0.054874357,0.02227123,0.10213035,-0.2992586,0.81202716,0.9203733,0.6746959,0.77359235,0.8627303,0.8933377,0.91930133,0.92346585,0.7918689,0.62204045,0.9209233,0.62890655,0.88511443,0.8108314,0.7626393,0.9364927,0.89452547,0.92118496,0.8174521,0.6676172
3.0,-0.20398796,-0.23362869,-0.3238699,0.27467412,-0.31667918,0.035717748,0.22334975,-0.11551333,0.3465821,0.40956834,-0.10706189,-0.4685269,0.16582339,-0.24922779,-0.19268166,0.0069211833,-0.12717043,-0.102017514,-0.19220597,0.53286445,0.8544113,0.88541543,0.9103986,0.9166674,0.8614699,0.955464,0.9397739,0.92769426,0.91467357,0.82100326,0.99325806,0.8852535,0.9516793,0.8242924,0.90065247,0.9020485,0.93924594,0.92583627,0.8975752,0.7945855
9.0,-0.35170102,-0.45386234,-0.52522,0.37397084,-0.45817706,0.038761415,0.3686577,-0.16569562,0.55852616,0.7332571,-0.16365308,-0.7223239,0.29579774,-0.48991948,-0.28648403,-0.03262957,-0.21975033,-0.1722469,-0.30366302,0.87709117,0.90748173,0.8440227,0.9531796,0.97532153,0.83182704,0.935506,0.91360444,0.9047812,0.9099364,0.8827207,1.0248928,1.0077796,0.9636589,0.7833193,0.906571,0.8065437,0.91977507,0.8965765,0.9151644,0.8231222
8.0,-0.111746825,-0.101230145,-0.18567678,0.223907,-0.20706797,0.018345837,0.14969069,-0.07717811,0.20239517,0.20097817,-0.065777846,-0.2851771,0.05665616,-0.0580598,-0.12637278,0.04525973,-0.08024257,-0.06292381,-0.10989316,0.28742546,0.8479448,0.9137658,0.84327704,0.87772423,0.87824374,0.93113786,0.9423833,0.9414515,0.8779626,0.77968186,0.9850642,0.81297094,0.94063526,0.8407883,0.87956834,0.9402985,0.94177365,0.9313479,0.88931614,0.7779509
9.0,-0.25250837,-0.287115,-0.38554043,0.3174956,-0.35052934,0.040035326,0.26462272,-0.12921908,0.40810356,0.50373393,-0.123756945,-0.5512069,0.19458514,-0.31302357,-0.2308822,-0.002497021,-0.15431094,-0.12125256,-0.22400899,0.6330316,0.8700215,0.8762867,0.9228349,0.9284529,0.85402733,0.9419989,0.93434715,0.92562807,0.9088211,0.8426115,1.0069919,0.9177533,0.9562072,0.8179075,0.90988547,0.8783007,0.9399444,0.92053914,0.9025425,0.80499715
9.0,-0.23299798,-0.2678766,-0.36538216,0.3045937,-0.36347973,0.045254476,0.23953676,-0.14142615,0.3935377,0.48108009,-0.12222036,-0.5356248,0.20171088,-0.32570225,-0.22510894,-0.0070358887,-0.13624899,-0.11999243,-0.21745068,0.6252467,0.8401195,0.87425566,0.94642013,0.9101888,0.85077965,0.9685269,0.9335917,0.926783,0.9322172,0.8295957,0.99987507,0.8910417,0.9478595,0.8171176,0.9124328,0.89124143,0.9482478,0.92631304,0.88193315,0.78950113
10.0,0.38351578,0.26713955,0.5818936,-0.335885,0.22700527,-0.12774977,-0.16780466,0.045704883,-0.43957868,-0.87075734,0.13343406,0.7466038,-0.20912956,0.5786841,0.4442339,0.16744782,0.1853738,0.08427499,0.3292535,-0.83007544,0.74472195,0.8630426,0.5129452,0.6666739,0.7841785,0.82896626,0.8458976,0.8466324,0.676872,0.4485671,0.83960646,0.45731443,0.79837286,0.72507006,0.6299375,0.8534037,0.80011886,0.89080566,0.6926502,0.5121933
11.0,0.69018316,0.4840791,1.3234086,-0.85064137,0.6435219,-0.15382034,-0.255841,0.10257576,-0.87854296,-1.7406384,0.24506687,1.5676742,-0.31541368,0.8973626,0.88024765,0.113171004,0.29907346,0.1534855,0.7209132,-1.5821508,0.6081516,0.82900023,0.33192354,0.5766998,0.6177517,0.79415214,0.6436262,0.7771588,0.5616011,0.26921296,0.7686117,0.2606013,0.696877,0.5712258,0.4693332,0.75064534,0.7512817,0.8794762,0.50160503,0.3450575
7.0,-0.15642375,-0.1500631,-0.25130713,0.25505567,-0.22323492,0.020044358,0.19020383,-0.07254652,0.2543144,0.27633822,-0.08162023,-0.3546974,0.078613445,-0.096058935,-0.15054476,0.03781651,-0.109687,-0.07247638,-0.1406455,0.3569309,0.88207144,0.90712655,0.8402248,0.9079609,0.88062334,0.90946114,0.94699776,0.93793696,0.8644157,0.80750656,0.987273,0.86252904,0.9530033,0.83772284,0.88230264,0.919665,0.9268588,0.9259178,0.91908944,0.80092776
6.0,0.15291785,0.11059224,0.18288645,-0.034728162,0.028249644,-0.074583955,-0.026928015,0.022170391,-0.15591887,-0.34437284,0.034867354,0.25128406,-0.11936702,0.33557725,0.17148976,0.14683726,0.06347954,0.032726455,0.109123275,-0.33699322,0.8203818,0.89742947,0.6536847,0.7632079,0.8585767,0.87393826,0.92930037,0.9070308,0.76817745,0.60832286,0.89837736,0.63128537,0.8815303,0.80498266,0.7435989,0.9075063,0.8688778,0.9153468,0.82157195,0.6558346
5.0,-0.18998787,-0.19874859,-0.29851264,0.27384406,-0.26709467,0.027757302,0.21640185,-0.09178208,0.30909845,0.3558368,-0.09604602,-0.42404264,0.12095637,-0.17283167,-0.17821613,0.022629648,-0.12547372,-0.08851899,-0.17061535,0.4542153,0.87762195,0.89730537,0.8699808,0.9185463,0.8722966,0.9235955,0.94370115,0.93334574,0.88241047,0.8210109,0.9944351,0.8836857,0.95552915,0.83227855,0.8932567,0.90764356,0.9318929,0.9246537,0.91532356,0.80408067
11.0,0.30439642,0.23247686,0.46484667,-0.21981415,0.15569857,-0.09968249,-0.118176065,0.029243555,-0.34821835,-0.6876969,0.10340938,0.5791568,-0.19153494,0.5136916,0.32791838,0.14374532,0.14437257,0.06155082,0.25666058,-0.6593531,0.7656607,0.8976782,0.56678754,0.70295054,0.81310517,0.8592462,0.86747485,0.88488555,0.7229258,0.50648385,0.8767743,0.5037602,0.82901424,0.7554903,0.67537916,0.89831805,0.8438156,0.9026756,0.73248786,0.56608266
10.0,-0.036860112,-0.017439283,-0.07580738,0.16812313,-0.13029172,-0.0032210532,0.09697172,-0.045888875,0.09168764,0.041914888,-0.03553013,-0.13093592,-0.01651149,0.08258158,-0.057364743,0.076972805,-0.043489214,-0.034334123,-0.046241067,0.09670983,0.84540635,0.92634344,0.7872348,0.848613,0.88475883,0.91339517,0.94256866,0.9437003,0.8465273,0.7398168,0.9698386,0.75919294,0.92839354,0.8406305,0.8503236,0.95054287,0.93197423,0.9298363,0.8793997,0.7567917
8.0,-0.14283346,-0.13354379,-0.23261473,0.24532405,-0.208933,0.016693309,0.17986648,-0.066212356,0.23419309,0.24708979,-0.07632704,-0.32771146,0.06531138,-0.07038416,-0.13857217,0.043286934,-0.1029159,-0.06674782,-0.12943876,0.32202005,0.8817051,0.9097611,0.8307128,0.90321845,0.8828597,0.9066012,0.9478729,0.93879867,0.85951465,0.80089235,0.98397267,0.85333735,0.9514951,0.8387468,0.87750125,0.9232536,0.9250843,0.9261848,0.9186164,0.7980266
10.0,0.18584773,0.15081817,0.26060253,-0.06789344,0.050613657,-0.07099275,-0.04716053,0.014549931,-0.20006871,-0.41877022,0.053818807,0.32343876,-0.14352587,0.38166597,0.1879924,0.1357055,0.08026059,0.03457418,0.14293815,-0.4012648,0.8007793,0.9144051,0.64407015,0.7519303,0.8512302,0.88374656,0.9087603,0.9137733,0.7725398,0.58958554,0.9077735,0.59348094,0.86985654,0.79748446,0.738506,0.9260194,0.88085157,0.9166715,0.7957088,0.6398745
8.0,-0.08722076,-0.07825044,-0.1633299,0.19710308,-0.14714026,-0.004865494,0.14154151,-0.033831373,0.15403259,0.12913717,-0.0574914,-0.21348065,0.020277653,0.030431118,-0.0759393,0.06785586,-0.076109424,-0.04090997,-0.08439167,0.17409417,0.8874294,0.9113816,0.78338385,0.8882149,0.8900433,0.8898086,0.95288295,0.9355948,0.83069235,0.77200603,0.9614964,0.8245499,0.9476454,0.83571166,0.846796,0.9240387,0.90388477,0.9229285,0.92327005,0.7848031
10.0,0.26134852,0.20762819,0.39501303,-0.16079807,0.116483584,-0.08708804,-0.09242491,0.02147039,-0.29585963,-0.58868086,0.08634422,0.48642135,-0.17648804,0.46894425,0.2712212,0.13674857,0.12136489,0.05064355,0.21572447,-0.5647042,0.77664626,0.90933806,0.59691525,0.7215846,0.8280048,0.8726783,0.8807468,0.89983606,0.7450664,0.5376395,0.8919297,0.53331363,0.84490794,0.7714307,0.700042,0.9155252,0.86233526,0.90892315,0.75454366,0.59427357
9.0,-0.15848994,-0.15311655,-0.25393566,0.25628123,-0.22705154,0.020957481,0.19151151,-0.07468217,0.25815433,0.2819392,-0.08249267,-0.3597139,0.08186315,-0.10242291,-0.15295625,0.03655115,-0.11032381,-0.07378716,-0.14264162,0.364658,0.8804471,0.90655327,0.84341276,0.9078856,0.8797718,0.9114818,0.94653237,0.93774915,0.8667352,0.80804044,0.9881784,0.8628756,0.95282197,0.8375645,0.8836629,0.9194,0.92820424,0.926101,0.91761935,0.8005426
11.0,0.5901342,0.42508742,1.0826696,-0.678043,0.50604403,-0.14537655,-0.244147,0.07247951,-0.74019814,-1.4571403,0.21493176,1.2983323,-0.27527505,0.80087113,0.7276587,0.12345272,0.27543607,0.125518,0.5912754,-1.328746,0.65202004,0.8421828,0.384504,0.6073971,0.6727662,0.8087118,0.7126823,0.7993903,0.59461385,0.3191172,0.7979243,0.3109314,0.72879195,0.62257093,0.51796186,0.794741,0.7613832,0.87484854,0.56126034,0.39242998
9.0,-0.29050833,-0.36235252,-0.4447043,0.3276654,-0.41518977,0.041441746,0.30165794,-0.15074629,0.47805393,0.6081164,-0.14392336,-0.6270603,0.2549084,-0.4124553,-0.25097078,-0.019873478,-0.17814362,-0.1448288,-0.26278278,0.7540574,0.8705598,0.8586024,0.95550865,0.94745827,0.8430267,0.95987964,0.9286461,0.9141956,0.92848873,0.8544936,1.007682,0.95046604,0.9589528,0.8000806,0.9102859,0.84968954,0.93495774,0.9113828,0.90019715,0.80740386
7.0,-0.074581265,-0.061403107,-0.13403675,0.1915303,-0.15750861,0.0033715544,0.12711573,-0.049611054,0.14270505,0.11444752,-0.049950182,-0.20101526,0.014701395,0.028094668,-0.08342111,0.06485786,-0.06447393,-0.044272304,-0.07620087,0.17601487,0.8605275,0.9198037,0.80174,0.870556,0.88546103,0.9108724,0.9459134,0.94130677,0.85225064,0.7611977,0.9727739,0.7953025,0.9380037,0.8411819,0.8586984,0.94104666,0.9276891,0.9289726,0.8963299,0.7721666
11.0,0.6354216,0.46375257,1.2170948,-0.7609849,0.5848689,-0.14461707,-0.24644476,0.08361303,-0.8127207,-1.6003138,0.22909145,1.4354181,-0.29710358,0.85795873,0.79484695,0.10477726,0.28608495,0.1352379,0.66066474,-1.449842,0.62894946,0.8421072,0.35763314,0.59691507,0.6409531,0.8094058,0.6770465,0.7941089,0.5806631,0.29459885,0.7913576,0.2818369,0.7150506,0.5981196,0.49289325,0.7836779,0.76321363,0.87329066,0.5321575,0.37093106
4.0,0.21478154,0.16944718,0.3051237,-0.10315815,0.07504277,-0.08017525,-0.06567564,0.019862682,-0.23558441,-0.4816088,0.064891756,0.3838004,-0.15619203,0.41476166,0.22354391,0.14254427,0.09590551,0.04231742,0.16855407,-0.46500343,0.79384804,0.9080041,0.6240775,0.73827034,0.8429831,0.8759279,0.90230715,0.90528905,0.7583064,0.5687414,0.89804304,0.57248896,0.8595905,0.7880049,0.7225284,0.91630894,0.86967254,0.9129889,0.78194946,0.6216083
9.0,-0.18916182,-0.19205615,-0.2967378,0.27783367,-0.25926897,0.027487252,0.21563414,-0.0881943,0.30321866,0.34805822,-0.09475368,-0.41965723,0.11223705,-0.15994743,-0.17835933,0.024664663,-0.12575544,-0.08680757,-0.16783094,0.44251633,0.8827667,0.89950275,0.86326706,0.9185541,0.87425005,0.9162384,0.94429314,0.93513674,0.8760424,0.8224815,0.994548,0.88440555,0.95586663,0.8339092,0.8926901,0.90884405,0.9301884,0.92476285,0.9191138,0.80653095
3.0,-0.16523597,-0.15761262,-0.26461968,0.26359373,-0.22408831,0.019978134,0.19805294,-0.07090327,0.26326945,0.28936446,-0.08488309,-0.3674699,0.080642395,-0.09993103,-0.15537706,0.03675263,-0.116072804,-0.07410865,-0.14644217,0.3667304,0.8908854,0.90594536,0.8373559,0.9145999,0.881521,0.90290475,0.9481006,0.9376995,0.85893494,0.8142566,0.987144,0.8738228,0.9560162,0.8366599,0.8818656,0.91541433,0.9222685,0.9244492,0.9271788,0.80693924
8.0,-0.12435925,-0.11236613,-0.20788899,0.23121569,-0.18878694,0.011114801,0.16642421,-0.05653931,0.2067551,0.20718442,-0.069429144,-0.29012918,0.047731116,-0.034931447,-0.120574266,0.05118369,-0.093981,-0.058652833,-0.11418684,0.27319795,0.88261384,0.9124384,0.81625813,0.89743674,0.8857943,0.9016318,0.94929564,0.9393011,0.8513754,0.7917568,0.9784441,0.84203815,0.94970894,0.83922213,0.8694907,0.92636067,0.92085636,0.9259612,0.9190689,0.79411507
2.0,-0.11998837,-0.12293343,-0.20056495,0.21728736,-0.2173512,0.017745527,0.15918233,-0.07617845,0.2180418,0.22075357,-0.069726825,-0.29912478,0.07473044,-0.078963414,-0.12424791,0.040666908,-0.08524563,-0.06455768,-0.118903205,0.30941314,0.8520358,0.9084336,0.84746695,0.88830173,0.87668544,0.9363341,0.9440008,0.93668604,0.8833467,0.78250414,0.9810727,0.826226,0.94410163,0.8377227,0.8770397,0.9338233,0.9359599,0.9301706,0.89512414,0.78008044
1.0,-0.30720702,-0.367096,-0.46169695,0.3535138,-0.3865388,0.038662467,0.32278204,-0.13757858,0.47994423,0.6120074,-0.14279588,-0.6371365,0.23318286,-0.37921515,-0.259254,-0.015650399,-0.19236414,-0.14224789,-0.26403087,0.7380017,0.9066317,0.8639046,0.9215965,0.9638761,0.8475715,0.9234977,0.92759997,0.9169966,0.89467734,0.8726265,1.0162991,0.97725433,0.9653543,0.80419195,0.90718937,0.8427662,0.92205924,0.90823877,0.9266204,0.82604766
10.0,0.67905045,0.49473932,1.3384943,-0.84044904,0.6546823,-0.14545618,-0.24435836,0.097968414,-0.87621874,-1.731466,0.24152632,1.5611695,-0.32162997,0.9097565,0.8612521,0.092229515,0.29104424,0.14704502,0.7246334,-1.5654519,0.6085145,0.84002423,0.33398494,0.5852775,0.6119627,0.80541176,0.6446184,0.7875621,0.56825334,0.27367997,0.78195065,0.258569,0.7006203,0.57538915,0.47033253,0.76943594,0.7644013,0.8726088,0.506008,0.3526289
2.0,0.3428529,0.2577672,0.53404933,-0.27425388,0.1932014,-0.108629376,-0.14027652,0.03351853,-0.39612702,-0.77997214,0.11879367,0.66519475,-0.20431279,0.55329317,0.37674892,0.14507067,0.16415091,0.07002186,0.29527897,-0.7439502,0.7535839,0.8894629,0.5409268,0.68752176,0.79807335,0.84928745,0.85227484,0.8726756,0.7040916,0.47952652,0.865565,0.47593722,0.8146193,0.73980844,0.6542438,0.88548,0.8292843,0.89719653,0.7110478,0.54137343
1.0,-0.11250158,-0.111256815,-0.18958274,0.21918154,-0.22721422,0.022245545,0.14712481,-0.08904724,0.21371344,0.21412623,-0.068726964,-0.29662633,0.07751346,-0.08996603,-0.12901026,0.03656629,-0.07719844,-0.067097805,-0.116774075,0.3129151,0.83293414,0.908309,0.8625208,0.8755481,0.87244946,0.9514586,0.94019365,0.93896675,0.89565736,0.77689916,0.9825848,0.81005186,0.93859655,0.83698976,0.88134325,0.9424821,0.9451048,0.93332005,0.880087,0.7719006
8.0,0.09274512,0.083813615,0.119416215,0.034051977,-0.028050896,-0.04018347,0.012305394,-0.009347031,-0.07893977,-0.2207198,0.01775075,0.12986636,-0.09061418,0.25844783,0.07910743,0.10882339,0.029234301,0.0070903897,0.061847176,-0.189557,0.817741,0.9271019,0.71017927,0.7963627,0.8710317,0.90781814,0.92491025,0.9327666,0.8157343,0.6545544,0.93658656,0.6627577,0.8994971,0.8222575,0.7886355,0.95056707,0.9105448,0.9259355,0.83465064,0.69406277
9.0,-0.1945644,-0.1946573,-0.30523875,0.28406122,-0.25210756,0.025274692,0.22202218,-0.08227053,0.30554357,0.35095713,-0.096287124,-0.42290682,0.107923485,-0.15102004,-0.17840491,0.026076283,-0.13175474,-0.085961096,-0.17006843,0.43721133,0.89576375,0.89959294,0.8532529,0.9267407,0.8768333,0.9055613,0.94623077,0.9351221,0.8652663,0.8289439,0.99315566,0.8964477,0.9598488,0.83298767,0.8893646,0.9047547,0.9227146,0.9225889,0.93110126,0.81424856
9.0,-0.11478604,-0.10212476,-0.19418311,0.22378618,-0.18183199,0.009487057,0.15890363,-0.054232936,0.19388536,0.18864799,-0.065697275,-0.27264977,0.04057846,-0.021287743,-0.11311265,0.054147862,-0.088452525,-0.055519648,-0.10675654,0.25312042,0.879478,0.91395074,0.8125051,0.89261204,0.88623697,0.90220773,0.9490187,0.9397402,0.85068333,0.7861221,0.9769055,0.8336461,0.9476647,0.83982396,0.86709654,0.929112,0.92144275,0.9265079,0.9157318,0.79035896
1.0,-0.23484622,-0.24899107,-0.3606846,0.31210527,-0.29375762,0.031781092,0.25588107,-0.09969065,0.3645555,0.43804502,-0.11203047,-0.49911815,0.14718604,-0.22462931,-0.20941813,0.011498433,-0.15292655,-0.10368378,-0.20267674,0.5373177,0.90141356,0.88927627,0.8757238,0.94124216,0.86837345,0.90960836,0.94185716,0.9307167,0.8740992,0.8473036,1.0015916,0.9261967,0.96346307,0.8260621,0.89828163,0.8870874,0.9232206,0.9192856,0.9332962,0.8217149
9.0,-0.15046944,-0.1484288,-0.24227697,0.24759758,-0.23208658,0.022289837,0.18335053,-0.08006165,0.25296336,0.27421057,-0.08032025,-0.35156292,0.0854538,-0.1081046,-0.15007457,0.035416137,-0.103324234,-0.07373581,-0.13903321,0.3637653,0.86717445,0.90642595,0.8520997,0.9003158,0.87728226,0.92337203,0.94473845,0.9375919,0.87712806,0.80101144,0.98849976,0.85058427,0.94925183,0.8378194,0.88537645,0.9241043,0.9345604,0.9280306,0.90648776,0.7929683
7.0,-0.21419631,-0.24130613,-0.33855048,0.29177395,-0.33963647,0.042510565,0.22474152,-0.13171476,0.36429328,0.43745336,-0.113510095,-0.49850523,0.18047838,-0.28576174,-0.2107568,-0.00018337369,-0.12704149,-0.110541545,-0.20164216,0.57402104,0.84031713,0.88080394,0.93227553,0.9063215,0.8555702,0.9648507,0.9358816,0.9292961,0.92626923,0.8228632,0.99734604,0.87949187,0.94718313,0.82206255,0.90882283,0.90134555,0.9476679,0.9280839,0.8840116,0.7885527
9.0,-0.17475326,-0.16957349,-0.277932,0.2700622,-0.23298837,0.021732325,0.20583734,-0.07438779,0.27694276,0.3092199,-0.08860114,-0.38547593,0.08953595,-0.11636776,-0.16278666,0.033201963,-0.12120295,-0.07783327,-0.15413149,0.3894472,0.8926453,0.90397125,0.8424317,0.91884756,0.88017553,0.903733,0.94760895,0.9368799,0.86101127,0.81916195,0.98900473,0.881396,0.95739555,0.8355703,0.8843201,0.9121342,0.9222755,0.9238775,0.9287956,0.80952173
8.0,-0.1753301,-0.17502752,-0.27775362,0.26700842,-0.24334443,0.023794234,0.20534834,-0.08078954,0.28280655,0.31769112,-0.08929404,-0.39156473,0.09846361,-0.1324458,-0.1655342,0.030396068,-0.11940576,-0.080397315,-0.15643097,0.40545112,0.8833132,0.9026276,0.8527314,0.9153672,0.877276,0.9134068,0.9458553,0.93595666,0.8707048,0.81637865,0.9911243,0.8762679,0.955306,0.83531064,0.8877331,0.91306365,0.9280229,0.9249517,0.9203143,0.8047901
11.0,0.70093346,0.5018725,1.3786887,-0.87534004,0.67590535,-0.1485195,-0.24615654,0.10690852,-0.9002455,-1.7848675,0.247598,1.6111736,-0.33093998,0.9257734,0.89447737,0.09462614,0.29512447,0.1543378,0.74865097,-1.6175014,0.6013925,0.83558685,0.3242801,0.577085,0.60302186,0.7983899,0.63102376,0.7819752,0.56217605,0.26463613,0.7729619,0.25094438,0.69365317,0.56528497,0.46146947,0.7567775,0.7609945,0.8751498,0.49427497,0.3433229
11.0,0.5397738,0.39514807,0.9658468,-0.5902235,0.43744674,-0.13772917,-0.22883785,0.059661753,-0.6685105,-1.3130455,0.19680682,1.162814,-0.26105225,0.7542213,0.6484025,0.123865664,0.2572958,0.111634694,0.52813905,-1.2042872,0.67405427,0.8536648,0.4139826,0.6234163,0.699607,0.81664354,0.7438006,0.81546324,0.61557084,0.34894153,0.8144929,0.33908907,0.74572057,0.6476729,0.5444907,0.81891763,0.7732706,0.87559414,0.59178597,0.4206762
9.0,-0.24050893,-0.27918106,-0.37257445,0.3007855,-0.34282377,0.03751234,0.25689957,-0.12319478,0.39465657,0.48252368,-0.120270126,-0.5297167,0.19095522,-0.29789162,-0.21728396,-0.00075018406,-0.14964953,-0.11598273,-0.21790907,0.6087028,0.8697162,0.8782071,0.91807604,0.9322632,0.8573558,0.9463641,0.93717813,0.9242954,0.9107269,0.83848304,1.0014188,0.915316,0.9570158,0.8183135,0.9054104,0.8825434,0.9359795,0.9203427,0.9062575,0.8050917
6.0,-0.14742939,-0.1462844,-0.24001047,0.24249026,-0.2246042,0.020433014,0.18312365,-0.07358446,0.24637136,0.2645535,-0.07891242,-0.34301794,0.08142514,-0.09652211,-0.1439007,0.0364142,-0.10300575,-0.07063739,-0.13612717,0.35023904,0.87366915,0.9074712,0.84422266,0.90426874,0.87978655,0.91790175,0.94579965,0.9371663,0.8724685,0.8010108,0.9854182,0.8536564,0.9502822,0.8381416,0.8816665,0.9239492,0.929009,0.9273893,0.91264874,0.7950337
9.0,-0.18549234,-0.1857067,-0.29174554,0.2761331,-0.25077954,0.025514025,0.21343485,-0.083660275,0.2958825,0.336992,-0.0929725,-0.4098255,0.104978986,-0.1461898,-0.17383407,0.027479142,-0.12506883,-0.0841024,-0.163952,0.42641127,0.8867761,0.90090626,0.8561645,0.9193305,0.876175,0.9116773,0.9454284,0.935634,0.8705777,0.82203305,0.9930711,0.88450193,0.95674443,0.834391,0.89003867,0.90942764,0.92750746,0.92428637,0.92288077,0.8081161
3.0,-0.1588278,-0.15225491,-0.25225544,0.260864,-0.23990251,0.02546223,0.1874833,-0.08626711,0.26368955,0.2906586,-0.083302155,-0.3690892,0.088109754,-0.1208953,-0.16175315,0.033616815,-0.10687053,-0.07811409,-0.1447206,0.3837449,0.8653839,0.905866,0.85860366,0.89802575,0.87556195,0.9229127,0.9434568,0.9388852,0.87816703,0.805229,0.99269146,0.8521253,0.9488807,0.8383387,0.89057714,0.9232402,0.93889064,0.928444,0.90358365,0.79395634
5.0,-0.13014789,-0.11831533,-0.21630543,0.23602888,-0.19289114,0.012268938,0.17096043,-0.057822425,0.2142915,0.21816416,-0.07163843,-0.3007713,0.051761914,-0.04282299,-0.12528168,0.04924988,-0.09730099,-0.06055574,-0.11867337,0.2851686,0.8847838,0.91165227,0.81838316,0.90040994,0.88561904,0.9008505,0.9493695,0.93915516,0.8516675,0.79533005,0.9793025,0.84725326,0.9508746,0.8389463,0.87092423,0.92485,0.92032516,0.92568076,0.92128915,0.79650784
4.0,0.3031388,0.2241542,0.45066416,-0.21955466,0.1521744,-0.104109265,-0.11896133,0.03351375,-0.34367067,-0.68139136,0.101661116,0.5720224,-0.18857865,0.5076165,0.333491,0.15313175,0.14389403,0.0637139,0.25225228,-0.6560451,0.7691698,0.8899711,0.56585157,0.70100844,0.8143133,0.8542111,0.873251,0.87960523,0.71932167,0.50579906,0.8707815,0.5091963,0.8288534,0.7570746,0.6743032,0.8897779,0.837734,0.90203786,0.73569864,0.5652992
7.0,-0.099390745,-0.08858136,-0.17148955,0.20906344,-0.17263529,0.006380466,0.1472019,-0.05188514,0.17515364,0.1609326,-0.059829056,-0.24486156,0.032588962,-0.0038050972,-0.10004763,0.05843618,-0.07934637,-0.050817497,-0.09520603,0.22402972,0.87224144,0.91545755,0.80833656,0.88499916,0.8858492,0.9066317,0.9482826,0.9395578,0.8517604,0.7760399,0.97477233,0.8196108,0.9444843,0.84002817,0.8632498,0.93280566,0.9233037,0.92724735,0.90862477,0.7831275
7.0,-0.18636125,-0.1859577,-0.2931679,0.27729574,-0.24953584,0.025248697,0.21441886,-0.08264103,0.29609305,0.33729905,-0.093191884,-0.41038787,0.10411185,-0.14454941,-0.1739485,0.027658988,-0.12599674,-0.08393843,-0.16428185,0.42544544,0.88898253,0.9009909,0.8544883,0.92062724,0.8766475,0.9097622,0.9457329,0.9357084,0.868795,0.8231297,0.9928139,0.8864537,0.9573401,0.8343282,0.88954514,0.90887463,0.92625004,0.92399186,0.9248855,0.80939764
5.0,-0.14833021,-0.13747531,-0.24371833,0.25046116,-0.20218119,0.013700375,0.18621767,-0.05916827,0.23713532,0.25102487,-0.079107165,-0.33164278,0.063528895,-0.06354195,-0.13697481,0.044552103,-0.108913004,-0.06549645,-0.13244475,0.31716847,0.8954079,0.9082314,0.82074845,0.9121247,0.8857093,0.8956392,0.9506721,0.937922,0.84832203,0.80742407,0.9802853,0.8669145,0.9560072,0.8366825,0.8726978,0.91758746,0.9149847,0.923563,0.9322004,0.80574834
9.0,-0.1931427,-0.19332722,-0.2997665,0.2885894,-0.27665916,0.032989718,0.2128031,-0.10307135,0.31404907,0.36470625,-0.097322695,-0.43706107,0.120911814,-0.1864341,-0.19180384,0.021405503,-0.12317717,-0.09328047,-0.17219634,0.4714679,0.8655145,0.8971813,0.88237315,0.90532255,0.86833644,0.92781055,0.9404401,0.9363959,0.8880376,0.8202485,1.0002494,0.87276816,0.9513199,0.83421504,0.901387,0.9108849,0.9428982,0.927276,0.9018537,0.7984906
9.0,-0.14863776,-0.14253196,-0.23973271,0.24848273,-0.22144428,0.019886,0.18318929,-0.073596284,0.24586532,0.26405054,-0.078821085,-0.34296805,0.07583725,-0.091028124,-0.146218,0.039044976,-0.10428856,-0.07089657,-0.13542272,0.34650952,0.87519264,0.90816474,0.8417717,0.9023755,0.8800168,0.9142985,0.9462158,0.9383249,0.8680471,0.80206513,0.98708344,0.85324025,0.95064,0.8384754,0.88223857,0.9232643,0.93020993,0.92704356,0.91293085,0.7962529
1.0,-0.22781365,-0.2420303,-0.34846163,0.31260118,-0.3225115,0.039615214,0.23878682,-0.12394674,0.36978376,0.44634455,-0.11300327,-0.5081241,0.16297267,-0.26573575,-0.22040875,0.0074792095,-0.13860555,-0.11087043,-0.20183387,0.57050097,0.86031187,0.88471365,0.9124688,0.9101263,0.85785633,0.93899643,0.9354042,0.93174535,0.9028725,0.8319894,1.0066859,0.8913443,0.95224595,0.82625115,0.91045415,0.8945644,0.94744736,0.92538774,0.8944263,0.7983915
2.0,0.6577879,0.48090196,1.2816391,-0.8024066,0.62255204,-0.14500059,-0.24592412,0.09015826,-0.8465048,-1.6693091,0.23540519,1.5019883,-0.30908886,0.8853024,0.82894576,0.097895,0.28875968,0.14127928,0.6940103,-1.5098563,0.6178025,0.8412166,0.34516478,0.5911938,0.6257203,0.8081699,0.6603214,0.79054844,0.5737401,0.28345034,0.7869654,0.26923394,0.7076115,0.5861038,0.48107377,0.77684796,0.76363194,0.8725544,0.51845413,0.36126578
9.0,-0.19453907,-0.19092554,-0.3066628,0.28697336,-0.24428646,0.023705952,0.22267336,-0.07733849,0.30168283,0.34525168,-0.09619674,-0.41923636,0.10177853,-0.13933495,-0.17645648,0.02781005,-0.13350618,-0.08409401,-0.16902679,0.4254014,0.903538,0.9003133,0.8453878,0.93048334,0.8791377,0.89820355,0.94778,0.9358075,0.8576589,0.83199894,0.99101484,0.9018974,0.96199125,0.8328404,0.8863979,0.90388477,0.9174326,0.92162836,0.93883854,0.81870824
5.0,-0.099225335,-0.08671503,-0.17176916,0.21057686,-0.17113745,0.0065950984,0.1470003,-0.05076221,0.17353292,0.1591189,-0.059693262,-0.24423808,0.03022804,-0.00050485507,-0.10039909,0.05868856,-0.07944089,-0.050521135,-0.0948031,0.22142345,0.87396497,0.9160359,0.8067313,0.88504565,0.8865608,0.9040515,0.9483785,0.94008905,0.85009474,0.7766548,0.97439605,0.8200694,0.94437027,0.8404085,0.86297417,0.9331313,0.92236537,0.92726123,0.90993583,0.783892
11.0,0.6878349,0.4953613,1.3485712,-0.8531341,0.65951025,-0.14785424,-0.24681804,0.10179051,-0.8842233,-1.7499098,0.24412756,1.577987,-0.32374573,0.91310185,0.87494165,0.09613086,0.2938407,0.15035984,0.73185176,-1.5845858,0.6065042,0.8370218,0.3304568,0.58121574,0.6101053,0.80141735,0.6400392,0.7842734,0.56551015,0.2700778,0.77702606,0.2564354,0.69798255,0.57167226,0.46737963,0.7625434,0.76141477,0.87457246,0.5014946,0.3483955
1.0,-0.32101086,-0.3917179,-0.48107067,0.36125252,-0.40554357,0.039087348,0.33658206,-0.14523979,0.50260377,0.6467516,-0.14878651,-0.6629259,0.2501905,-0.40966806,-0.26803958,-0.02058544,-0.20051996,-0.15047634,-0.2757175,0.77733874,0.90820944,0.8584465,0.92968786,0.9678549,0.8431411,0.92566526,0.92384595,0.9138365,0.89790344,0.87676436,1.0191458,0.98725533,0.9652291,0.7988134,0.9074969,0.8325879,0.9210837,0.90524644,0.92465234,0.82621217
9.0,-0.35098153,-0.4543859,-0.523726,0.37199056,-0.46476874,0.039555274,0.3660628,-0.16887055,0.56014836,0.73624885,-0.16429086,-0.7240297,0.3004644,-0.49891645,-0.2878012,-0.0336357,-0.21771353,-0.17357835,-0.3040283,0.8847832,0.9004437,0.84255695,0.96051466,0.97035325,0.8301556,0.9410697,0.91316456,0.9048107,0.91592264,0.8790618,1.0243367,1.0021629,0.9620615,0.7824479,0.9080277,0.8069434,0.9234373,0.8974961,0.90869814,0.818879
5.0,-0.18462223,-0.18672863,-0.29141697,0.27284753,-0.2477055,0.023485731,0.21421611,-0.08087653,0.2949691,0.3348026,-0.09291346,-0.40604472,0.10484495,-0.14254798,-0.169853,0.028458295,-0.12589186,-0.08284762,-0.1634184,0.42098475,0.8898001,0.9005043,0.8526025,0.9224259,0.87710696,0.9104869,0.94637,0.9345657,0.86808807,0.8222895,0.9915073,0.8873218,0.9582309,0.8334126,0.8874842,0.9078797,0.92442745,0.92322963,0.92641157,0.8095787
3.0,-0.14543834,-0.14277041,-0.23578969,0.24391943,-0.23023875,0.022831032,0.17888892,-0.07973073,0.24621007,0.2649247,-0.078527935,-0.34427357,0.08290582,-0.10330555,-0.14759952,0.035280216,-0.099764794,-0.072375506,-0.13566893,0.35594368,0.8644002,0.90760404,0.8520568,0.8976478,0.8775803,0.924664,0.9441952,0.9382621,0.87889206,0.7983746,0.9876358,0.8456526,0.9475729,0.8387179,0.8851724,0.92723525,0.93525076,0.92898375,0.9042013,0.7907531
1.0,-0.2576948,-0.26178813,-0.4041149,0.38086405,-0.4143411,0.0584968,0.23054484,-0.19939919,0.44642964,0.55098444,-0.14559464,-0.6194774,0.22919932,-0.42648396,-0.2772718,-0.013998419,-0.13564268,-0.14553627,-0.23506078,0.7258899,0.79078037,0.85925186,1.0076796,0.85491174,0.8329659,0.9872111,0.9140607,0.9300778,0.94130814,0.834528,1.0186003,0.85619134,0.9381932,0.811384,0.9344498,0.88581866,0.9794253,0.9293768,0.82939285,0.76379186
8.0,-0.2245035,-0.23428905,-0.34665245,0.30508986,-0.28163195,0.02997879,0.24726471,-0.09432132,0.34883147,0.41467997,-0.10796132,-0.4790222,0.13616641,-0.20378482,-0.20117936,0.015426714,-0.14781295,-0.098702036,-0.1941751,0.50968105,0.90116495,0.8922517,0.8687901,0.93848014,0.8711227,0.90760493,0.9434105,0.931996,0.87083733,0.8432659,0.99916273,0.91954964,0.96304816,0.82804763,0.8957633,0.8918694,0.9223749,0.9200672,0.93423593,0.820768
9.0,-0.15059365,-0.13680255,-0.247828,0.25545463,-0.20050493,0.013831029,0.18766901,-0.05779699,0.23783141,0.2525426,-0.08007214,-0.33452427,0.06137375,-0.060879122,-0.13891168,0.04481162,-0.110750735,-0.06568078,-0.13372426,0.3164115,0.89947844,0.9081907,0.8183592,0.9137348,0.8865226,0.89134014,0.951395,0.93859214,0.8447145,0.810231,0.9795565,0.87074614,0.95701987,0.83654314,0.8721208,0.91669697,0.91263425,0.9231603,0.93605363,0.8084298
4.0,-0.014552122,-0.0062791295,-0.0501407,0.13867354,-0.10388932,-0.015564425,0.08576522,-0.025901988,0.058947958,-0.00807542,-0.027206674,-0.08052202,-0.03069852,0.12443106,-0.021722835,0.08795397,-0.03227493,-0.0218928,-0.027294941,0.03277234,0.8547128,0.922209,0.7610435,0.84555435,0.88580745,0.9011441,0.9448445,0.9385394,0.8313156,0.72489196,0.9556102,0.75273,0.92662525,0.83707744,0.83092207,0.9419931,0.91598094,0.9272982,0.8840623,0.74871635
1.0,-0.24633086,-0.266995,-0.38824338,0.3473888,-0.41028482,0.055377338,0.22907045,-0.18527882,0.43080306,0.5279515,-0.13848935,-0.5901133,0.22972152,-0.4045537,-0.2570197,-0.016583093,-0.13221143,-0.13810593,-0.23302095,0.6971257,0.7981673,0.8606799,0.99900687,0.87399554,0.836161,0.99674904,0.9216005,0.92820907,0.9512048,0.8288289,1.0067447,0.86642575,0.93920773,0.8084507,0.92441034,0.88946295,0.96900773,0.9300547,0.8434167,0.7697532
1.0,-0.25927952,-0.28745678,-0.3939628,0.32633173,-0.3272448,0.035675127,0.276631,-0.11443359,0.404282,0.4974195,-0.1223439,-0.5478458,0.17764173,-0.28078613,-0.22834964,0.0016416609,-0.16465509,-0.11680546,-0.22356242,0.6088673,0.898879,0.8807603,0.89542925,0.9461485,0.8605222,0.91748273,0.93719995,0.92657995,0.8846774,0.85482645,1.0073287,0.9400157,0.96340936,0.8198356,0.9038961,0.8740994,0.9261539,0.9169602,0.92759365,0.8213562
1.0,-0.38761675,-0.5388719,-0.5757411,0.38228437,-0.5539034,0.03699801,0.40208456,-0.20326312,0.63814354,0.8587003,-0.18578774,-0.8007495,0.3715147,-0.62578416,-0.3125256,-0.050464682,-0.24138477,-0.20835736,-0.3415348,1.0326345,0.88419557,0.81905043,1.0081724,0.96872,0.81176937,0.96716803,0.8975616,0.8930289,0.9444437,0.8760707,1.0276175,1.0182505,0.95708615,0.75547254,0.9048849,0.7703722,0.9285456,0.8852031,0.88107836,0.8058346
4.0,-0.009305589,-0.0015338366,-0.040172398,0.13357437,-0.10336998,-0.015024686,0.08154062,-0.028183907,0.053614136,-0.016415495,-0.02458803,-0.07229919,-0.031894725,0.12670201,-0.019678868,0.08707069,-0.028732225,-0.021539297,-0.02340734,0.02714046,0.8489728,0.92384744,0.7628491,0.8425174,0.88465333,0.90610296,0.9427498,0.93922484,0.83517313,0.72132146,0.9569178,0.74603975,0.9249276,0.83724546,0.8313996,0.94566447,0.919531,0.9281449,0.8787186,0.7454935
9.0,-0.19861169,-0.21228835,-0.31226197,0.28550464,-0.30690134,0.03793177,0.21394548,-0.11817332,0.33405566,0.39330593,-0.103836365,-0.4610566,0.1499388,-0.23394853,-0.1986796,0.010732539,-0.12133318,-0.10061752,-0.18397588,0.5166538,0.84796524,0.889559,0.9090298,0.9028353,0.86177754,0.9502356,0.93774754,0.93310213,0.9102136,0.81849045,0.9985159,0.87061095,0.9480765,0.8287957,0.905232,0.9092362,0.9473188,0.928683,0.8894948,0.7908212
5.0,-0.301659,-0.37993777,-0.45941743,0.3335143,-0.4182939,0.038297616,0.31668088,-0.14923923,0.49353608,0.6296448,-0.14701028,-0.6398872,0.2594941,-0.41870683,-0.2529894,-0.01973553,-0.18941039,-0.14865577,-0.27036673,0.7689891,0.8836996,0.8568856,0.9483906,0.9588594,0.84288496,0.95207685,0.9273804,0.91089755,0.92016727,0.8618881,1.0103768,0.96702546,0.96328413,0.7968869,0.90713215,0.83994305,0.92929566,0.90645576,0.9090932,0.8147006
9.0,-0.0752478,-0.065583125,-0.134822,0.18883562,-0.16357204,0.0050203796,0.12734017,-0.053117305,0.14674726,0.11948967,-0.050287537,-0.20538308,0.021686396,0.017443892,-0.08493711,0.06144605,-0.06369976,-0.045584083,-0.07814135,0.18603995,0.8557491,0.9191193,0.80787426,0.87081695,0.88389397,0.91747063,0.94466,0.9407991,0.8589386,0.76053053,0.9734608,0.7943917,0.9376959,0.8410929,0.86032695,0.94278187,0.93008035,0.9298264,0.8931241,0.77048486
7.0,-0.23938893,-0.25813958,-0.37551877,0.33671317,-0.3867612,0.053248726,0.22953871,-0.16903795,0.41049933,0.5033069,-0.1306677,-0.5674195,0.21173611,-0.3677591,-0.24868216,-0.011609942,-0.13087441,-0.13023359,-0.22281848,0.66357714,0.8120139,0.86814004,0.97720957,0.88149,0.8421417,0.9812723,0.9252586,0.9302045,0.9413417,0.82881063,1.0071168,0.8690452,0.94064903,0.8149991,0.92326206,0.8936438,0.9644933,0.9300337,0.8546724,0.77544004
6.0,-0.20409572,-0.21033058,-0.31739524,0.2890034,-0.2710444,0.029066436,0.22837713,-0.09233933,0.32363996,0.3777876,-0.10040245,-0.4459703,0.12389981,-0.18196009,-0.18887758,0.02045282,-0.13442111,-0.092364304,-0.1792294,0.47432315,0.88782936,0.8961415,0.868281,0.92525893,0.8722091,0.91481894,0.94361186,0.93372387,0.8761319,0.8302335,0.99705994,0.8971988,0.95828724,0.83155704,0.89505273,0.9020468,0.9287819,0.9231837,0.92288464,0.81106085
9.0,-0.24045885,-0.2940331,-0.3837706,0.301006,-0.39814854,0.047723223,0.24441272,-0.15452027,0.4182429,0.51354957,-0.1305178,-0.55944,0.23245108,-0.37307453,-0.22687863,-0.017427333,-0.13939016,-0.12830609,-0.23302224,0.66951025,0.83031595,0.8647195,0.9702341,0.91501164,0.8447149,0.9906609,0.93278885,0.9208384,0.9516329,0.83007157,0.99252886,0.89854085,0.9467103,0.80771494,0.9110719,0.88383555,0.9453062,0.9248607,0.8764994,0.7861007
10.0,0.032451116,0.035744835,0.024815515,0.09553466,-0.0741267,-0.024430899,0.052110866,-0.021481855,-0.000773862,-0.09818791,-0.0075049223,0.008474581,-0.057336528,0.18074353,0.017781425,0.09660573,-0.0048977137,-0.009934872,0.010546889,-0.059589818,0.8345791,0.926799,0.7437576,0.8226401,0.8802746,0.90907955,0.93639874,0.9380795,0.82949895,0.6946475,0.9500542,0.71038294,0.9145289,0.8328258,0.8162439,0.95042723,0.91866595,0.92805433,0.86021876,0.7252797
10.0,0.64499664,0.4731064,1.250509,-0.78069603,0.6050508,-0.14390321,-0.24582553,0.08466841,-0.82872653,-1.6328037,0.23108904,1.468289,-0.30198807,0.8715002,0.8092728,0.100903556,0.2859045,0.13828972,0.6761119,-1.477725,0.6223002,0.8421716,0.35213566,0.5952718,0.6337239,0.81001055,0.6698828,0.7921889,0.576611,0.28962842,0.79036444,0.27562416,0.71117336,0.59205276,0.48750702,0.78178084,0.7632789,0.8716377,0.52616525,0.36712635
3.0,-0.24162799,-0.26129493,-0.36916015,0.32512727,-0.34813562,0.0445966,0.24652952,-0.13782744,0.39405432,0.48350295,-0.12096675,-0.54178476,0.18465671,-0.30864584,-0.23556142,-0.00030115247,-0.14222535,-0.120186664,-0.21448854,0.61987996,0.8510329,0.8781875,0.93264955,0.9059946,0.8517373,0.9477544,0.9317926,0.93033916,0.91398597,0.8350852,1.0093887,0.89297485,0.94979614,0.8222317,0.91632116,0.88875806,0.95196366,0.92568004,0.8846633,0.79390717
2.0,0.27474007,0.20917141,0.40700415,-0.18042222,0.12715253,-0.094977476,-0.10146179,0.028094292,-0.30999133,-0.6169209,0.09055923,0.51210403,-0.17974591,0.4802255,0.29498875,0.14695945,0.12872352,0.05617881,0.22598505,-0.5945107,0.77634186,0.8992339,0.5854356,0.7137695,0.8240761,0.86364216,0.88126874,0.8906125,0.7343174,0.5265202,0.8819683,0.52779865,0.8393876,0.76742935,0.69055647,0.9024292,0.8510319,0.9061778,0.7500226,0.58416516
7.0,-0.14827164,-0.1389176,-0.23722127,0.2534967,-0.22822085,0.022950329,0.1795628,-0.08130017,0.247776,0.26761812,-0.07894976,-0.3477885,0.076982796,-0.099883795,-0.15277809,0.03797925,-0.10184552,-0.07363365,-0.13584293,0.35605592,0.865336,0.90849394,0.850852,0.8946929,0.8775395,0.9205869,0.94418055,0.93980616,0.8742074,0.80037576,0.9906794,0.84502125,0.94784653,0.8394745,0.8872254,0.92654115,0.937914,0.92866987,0.9034659,0.79217607
6.0,-0.19530033,-0.20342451,-0.30467245,0.2826912,-0.2831835,0.032560334,0.2162469,-0.10354109,0.32040286,0.37338924,-0.09910381,-0.44186032,0.130718,-0.19757321,-0.18990198,0.018533638,-0.124520704,-0.094281115,-0.17617081,0.48220634,0.86530674,0.8948174,0.8860437,0.91024745,0.86758965,0.93279773,0.94080085,0.93414575,0.8927699,0.82050514,0.9984005,0.8773421,0.95221305,0.8318744,0.9000081,0.90838397,0.94062936,0.92656285,0.9032583,0.7986754
5.0,-0.10905777,-0.09910554,-0.18325916,0.21770778,-0.1902388,0.012532841,0.1522358,-0.06295442,0.19225179,0.18611127,-0.06354881,-0.26963735,0.04558083,-0.032080147,-0.11465092,0.051397648,-0.08231958,-0.057244763,-0.10461454,0.260254,0.8639351,0.9148211,0.8244814,0.88469446,0.88276225,0.9164031,0.94586843,0.9403386,0.8637258,0.780056,0.98034835,0.82065684,0.9436922,0.8408478,0.87171525,0.9352617,0.93139786,0.92896885,0.90204865,0.7827906
10.0,0.27785856,0.2103019,0.4121664,-0.18495983,0.12993288,-0.09584162,-0.1030338,0.029141974,-0.3139358,-0.62405807,0.092277355,0.51881003,-0.18048467,0.4830762,0.29941583,0.1471147,0.1307741,0.057030506,0.22937077,-0.6011675,0.7755385,0.89867216,0.5835258,0.712864,0.82315606,0.8632353,0.87984055,0.8899206,0.733683,0.52418745,0.88090247,0.5259265,0.8387817,0.766612,0.6886255,0.90176064,0.8502132,0.906001,0.7483892,0.58213735
7.0,-0.33180642,-0.43276662,-0.5011413,0.3513951,-0.47001782,0.040612232,0.34300447,-0.17085008,0.54532,0.7109871,-0.16171297,-0.7007266,0.30173156,-0.49773037,-0.27653015,-0.03208694,-0.20505822,-0.16978481,-0.29682925,0.86687565,0.8778431,0.8430988,0.976633,0.95982486,0.83121884,0.96250063,0.9184604,0.9054758,0.9342816,0.86658645,1.0154393,0.9812841,0.9605748,0.78319025,0.90971494,0.81807995,0.93224007,0.9008695,0.8961756,0.8099708
10.0,0.64328986,0.4711265,1.2417591,-0.7759957,0.59961617,-0.1449681,-0.246144,0.085960545,-0.8255896,-1.6261787,0.23146282,1.4602779,-0.301711,0.8687486,0.8070365,0.101561375,0.2866531,0.13717386,0.6732082,-1.4713086,0.6249038,0.8420609,0.3528466,0.59492695,0.6346945,0.8095508,0.67084527,0.7929643,0.5781037,0.29036853,0.79024196,0.27683142,0.712536,0.5937302,0.48848167,0.78175807,0.7637091,0.87287706,0.5270028,0.36733702
7.0,-0.27965,-0.32604116,-0.42272303,0.33405694,-0.36692014,0.039051827,0.2935012,-0.13172828,0.44318917,0.5562941,-0.13289931,-0.5926185,0.2129217,-0.343843,-0.24430647,-0.008455075,-0.17344871,-0.1309179,-0.24339584,0.68335617,0.88889146,0.8706054,0.92123,0.9466231,0.8514283,0.93202615,0.9318589,0.921372,0.9013226,0.85726625,1.0113726,0.947341,0.9614029,0.8115993,0.9087084,0.86094123,0.93118805,0.91448224,0.91538626,0.81590265
8.0,0.0008933642,0.004442077,-0.030902907,0.122739814,-0.088526666,-0.022823863,0.075895175,-0.017521348,0.03767857,-0.03998105,-0.022005903,-0.048369344,-0.040381815,0.14858474,-0.0014312603,0.09541136,-0.023932826,-0.015124105,-0.014628075,-0.006465368,0.85545003,0.9195459,0.7476332,0.8394884,0.8850838,0.89617234,0.94547784,0.9356024,0.8226842,0.71457523,0.94827217,0.7440644,0.9240739,0.83439666,0.8206535,0.9375131,0.90888274,0.9257742,0.8824558,0.74176335
2.0,0.14606805,0.12593365,0.20130879,-0.020640165,0.01716692,-0.057366464,-0.02211254,0.004395894,-0.1501616,-0.33370477,0.038337767,0.24083538,-0.12464976,0.33339813,0.1384795,0.12461756,0.05816133,0.02289959,0.108041406,-0.31214428,0.8084166,0.9225598,0.67237467,0.7704722,0.86110705,0.89442253,0.91626734,0.92423445,0.79130054,0.61835206,0.9217391,0.62162596,0.88269055,0.80899346,0.7612602,0.9389692,0.895661,0.92115796,0.8129333,0.6643946
3.0,-0.2289653,-0.2586072,-0.35629383,0.29971817,-0.33769053,0.04058775,0.2420497,-0.12594196,0.3781544,0.4594553,-0.11636206,-0.5155168,0.18195735,-0.28757516,-0.21656394,0.00023591146,-0.1387701,-0.11285605,-0.20888212,0.5902245,0.8575388,0.8808497,0.9223268,0.91864085,0.85710174,0.95070106,0.936372,0.9280543,0.91552883,0.8317905,1.0010853,0.8975746,0.95191133,0.82193166,0.90848535,0.8923622,0.94239324,0.924718,0.8960165,0.7976715
9.0,-0.26532775,-0.29365313,-0.4171009,0.36251137,-0.4352632,0.06018145,0.24319288,-0.19538118,0.457982,0.5713855,-0.14784536,-0.6299228,0.25203106,-0.44782454,-0.27338153,-0.025686823,-0.1387556,-0.14767426,-0.24715094,0.7510096,0.79740036,0.85403216,1.0141647,0.8741406,0.8311506,0.99676144,0.91824234,0.9266029,0.9574106,0.8353345,1.0086285,0.87397623,0.93685794,0.80406123,0.92912155,0.8797051,0.96808565,0.92927355,0.838953,0.7673701
4.0,-0.06628376,-0.056187112,-0.1224502,0.18145454,-0.15307228,0.0016269656,0.12150392,-0.04772662,0.13297652,0.099519834,-0.046754513,-0.18607906,0.012577274,0.035943992,-0.075112395,0.06589092,-0.059486862,-0.041563913,-0.070233375,0.16109708,0.85729665,0.92005986,0.7992709,0.86792517,0.8849676,0.9136033,0.9451166,0.9406815,0.8535441,0.75567245,0.9706759,0.7891132,0.9365674,0.8408487,0.8556148,0.9427349,0.9273225,0.9293014,0.8933234,0.76819575
6.0,-0.14835438,-0.1501629,-0.23986813,0.24202266,-0.23154068,0.020675296,0.18265422,-0.079098165,0.25236657,0.27193514,-0.07985276,-0.34699708,0.0877061,-0.10814783,-0.14548582,0.03596222,-0.10261975,-0.07279555,-0.13832454,0.36046708,0.8665198,0.9053262,0.8516243,0.90151995,0.87692624,0.92607373,0.9451982,0.93605125,0.8780427,0.7992993,0.9867959,0.8508531,0.9499177,0.8366682,0.88320535,0.9230583,0.9332793,0.9275427,0.906707,0.79212755
5.0,-0.37309968,-0.5187552,-0.56196654,0.3680728,-0.5419313,0.036841553,0.38870263,-0.19623993,0.621118,0.8291527,-0.1818487,-0.77814204,0.36058983,-0.60149646,-0.29920253,-0.047271617,-0.23571582,-0.20092246,-0.33529764,0.9989576,0.8835581,0.8242133,1.0031902,0.97517663,0.81807303,0.97178733,0.9045456,0.89344424,0.9459034,0.8758617,1.0209264,1.0157464,0.9603836,0.75971407,0.90420395,0.7798933,0.926789,0.8857799,0.8883759,0.81032765
9.0,-0.3678144,-0.5405912,-0.5892638,0.3838956,-0.70424676,0.05576496,0.34079063,-0.28746283,0.69112206,0.8971696,-0.21862862,-0.8513277,0.45841345,-0.7940352,-0.31412917,-0.08377705,-0.21359403,-0.23849517,-0.38121045,1.1372644,0.77992177,0.7863282,1.1570054,0.92529964,0.78620005,1.0994719,0.8967815,0.88875765,1.0477601,0.8531827,0.9791541,0.9794541,0.9351729,0.7221308,0.9012204,0.7780892,0.9462385,0.8945677,0.8112498,0.76908314
8.0,0.10535378,0.0870425,0.12766322,0.019308008,-0.011871532,-0.051361524,0.005039312,0.0043320693,-0.09740002,-0.24849723,0.020191198,0.15772913,-0.10070299,0.28248253,0.10465239,0.12360066,0.035994004,0.015174624,0.071826845,-0.22902356,0.8254744,0.9174785,0.6910488,0.7889673,0.86997896,0.89217126,0.9299051,0.9252053,0.79782367,0.64425284,0.9244251,0.65949535,0.8957001,0.81851906,0.7754291,0.9335875,0.8957348,0.9222961,0.8365938,0.6861678
10.0,0.09218497,0.08372993,0.11594976,0.03610178,-0.026061784,-0.04215545,0.012734346,-0.00623726,-0.07999251,-0.22061847,0.016552405,0.1298579,-0.09406195,0.26303366,0.08079864,0.113089636,0.028422844,0.008229122,0.061197158,-0.19321357,0.82161695,0.9254758,0.70646,0.7954183,0.87201047,0.90235376,0.9275558,0.93185776,0.8105027,0.6549312,0.935009,0.664167,0.8989363,0.82213205,0.7876664,0.945945,0.90756166,0.92503214,0.8370597,0.6945253
6.0,0.018634116,0.01988898,-0.0044505,0.10693754,-0.0756163,-0.027481562,0.063329145,-0.013686001,0.014248997,-0.07479957,-0.015077643,-0.013899073,-0.052027036,0.17268406,0.015439328,0.10108204,-0.013747498,-0.009831335,-0.00037546456,-0.044538468,0.850318,0.9198931,0.73847294,0.8303467,0.8833173,0.89575654,0.94371456,0.9345462,0.8187273,0.7030168,0.9445165,0.7292289,0.91934264,0.83254087,0.81368566,0.9377903,0.90751594,0.9255135,0.8750554,0.73291814
4.0,-0.124504715,-0.11596185,-0.20513019,0.23000628,-0.20436832,0.016198792,0.16366386,-0.06873924,0.2140922,0.2178478,-0.069611795,-0.29973227,0.0585899,-0.058003377,-0.12826578,0.04593761,-0.090382755,-0.063110396,-0.11707957,0.2968909,0.86603355,0.91226363,0.8337232,0.89056814,0.88127387,0.9176942,0.94569963,0.9397359,0.86755806,0.7883606,0.9835866,0.8320093,0.9459906,0.84020853,0.87697285,0.9315772,0.93254167,0.928664,0.904515,0.7873114
3.0,-0.1612666,-0.16738278,-0.25916463,0.25041574,-0.2484823,0.024796277,0.19219363,-0.086034544,0.272204,0.30149373,-0.085559785,-0.37481493,0.10324448,-0.13693127,-0.1573334,0.029102858,-0.10832317,-0.078791134,-0.15000565,0.39786786,0.8655149,0.9021904,0.86322236,0.90578616,0.87447894,0.9303419,0.94409597,0.9350398,0.88527536,0.8052959,0.98900247,0.8592181,0.9504857,0.8353394,0.88804346,0.9198701,0.9345662,0.92758965,0.9062524,0.7939226
3.0,-0.11511641,-0.1052528,-0.19103296,0.22409137,-0.20103374,0.0159857,0.15504792,-0.07009618,0.20302078,0.2019642,-0.066216856,-0.28517926,0.05355828,-0.04985364,-0.1236649,0.047482103,-0.084163465,-0.061291367,-0.110537425,0.28234118,0.85862863,0.9138198,0.8344691,0.88385147,0.8806398,0.92219263,0.94452053,0.9406767,0.8703447,0.78257376,0.9834474,0.8212448,0.9432174,0.84086394,0.8766197,0.936066,0.93601626,0.9298343,0.89789236,0.7824235
4.0,0.092149474,0.076880336,0.10629629,0.03334523,-0.021277618,-0.048330225,0.013648398,0.002380046,-0.08067153,-0.2215951,0.014392221,0.13138236,-0.093848675,0.26662287,0.09148954,0.12153722,0.028416287,0.011834592,0.06040961,-0.20177339,0.8298811,0.91735816,0.6977776,0.7948683,0.8724478,0.89219445,0.9331608,0.9264527,0.80023646,0.65320075,0.92683285,0.67041564,0.89942515,0.8209502,0.78101116,0.93351007,0.897003,0.9227391,0.8432433,0.6934867
4.0,0.18894447,0.14261234,0.25116622,-0.07476155,0.05411315,-0.07869723,-0.04957164,0.022595786,-0.2018317,-0.4229596,0.052578807,0.32694924,-0.14078042,0.38121766,0.20320266,0.14672232,0.08282794,0.03896205,0.14305824,-0.41095155,0.8058327,0.9026274,0.6366292,0.7482865,0.8502351,0.8747368,0.9148433,0.9056094,0.7631726,0.5848308,0.897182,0.59799343,0.8690273,0.79649293,0.73126,0.91167104,0.8692578,0.9143448,0.7990348,0.6356678
8.0,-0.15097879,-0.15037072,-0.24397779,0.24693623,-0.23561856,0.023728345,0.18350479,-0.08138366,0.2543882,0.2767227,-0.080821015,-0.35477248,0.08874643,-0.11334698,-0.15138212,0.033167,-0.1027482,-0.07439377,-0.1403338,0.3693909,0.8656046,0.90619373,0.8550924,0.9005054,0.87689507,0.9253276,0.94417334,0.93752754,0.88035166,0.8011364,0.9882194,0.85046005,0.9485055,0.83797204,0.8863371,0.92507446,0.93479383,0.92862093,0.9054869,0.79224163
10.0,0.4031303,0.29739937,0.651714,-0.3643236,0.2576633,-0.12010908,-0.17211074,0.04038924,-0.47426406,-0.9316856,0.14371912,0.806354,-0.2223004,0.61400354,0.4556837,0.14261383,0.19528688,0.082742855,0.36047655,-0.87891066,0.7323055,0.87767166,0.50139844,0.6659259,0.7721819,0.83613974,0.82384443,0.8544194,0.6764224,0.43810716,0.84900755,0.43305364,0.79301256,0.71388966,0.6207715,0.86611354,0.8088379,0.8893274,0.6759448,0.5031614
3.0,-0.04181589,-0.029789444,-0.086730525,0.1636513,-0.1305862,-0.005183351,0.10371403,-0.03939935,0.0978532,0.049021695,-0.037209816,-0.137071,-0.009508146,0.07796832,-0.052962817,0.07586915,-0.046584617,-0.03299962,-0.04987906,0.10181148,0.854075,0.9228385,0.78319955,0.8563052,0.8856648,0.9092477,0.9444946,0.94102913,0.8445686,0.74166757,0.96556985,0.7699681,0.93153566,0.8399827,0.8461147,0.94507635,0.9248253,0.92893577,0.88742876,0.7593819
8.0,-0.37139428,-0.49766687,-0.5552163,0.38060498,-0.4938354,0.036758915,0.39182204,-0.17855743,0.5964852,0.7919712,-0.17366306,-0.7596014,0.32590717,-0.54169124,-0.29605845,-0.040054046,-0.23476797,-0.1876244,-0.32261062,0.94210833,0.9102766,0.8346064,0.9657172,0.9837136,0.82531834,0.9407663,0.9062254,0.89768213,0.91587883,0.8874706,1.0281547,1.024894,0.96336865,0.7715311,0.9032894,0.78727436,0.91629845,0.88856375,0.91127056,0.8228254
2.0,0.4418401,0.34394023,0.7638286,-0.4249605,0.31787786,-0.116943255,-0.18708873,0.034488637,-0.5360539,-1.0468394,0.15760049,0.91618586,-0.23632981,0.6656119,0.49500543,0.11568531,0.21304838,0.0845116,0.41325143,-0.9728062,0.7103704,0.88339347,0.47583526,0.65734977,0.7463971,0.8394615,0.79439205,0.85278744,0.66036326,0.41296348,0.8508673,0.3950951,0.7799793,0.69124305,0.59872174,0.86844355,0.8068978,0.88288015,0.64869004,0.48094133
8.0,-0.078309275,-0.06524997,-0.1425615,0.19390655,-0.15243351,0.00074100844,0.13169485,-0.043003157,0.14428604,0.116695166,-0.051798716,-0.20313658,0.013220682,0.033671036,-0.080756515,0.06689006,-0.06826247,-0.04274758,-0.07795949,0.17177144,0.8710885,0.9179818,0.79377365,0.8759576,0.8876093,0.90155643,0.94850224,0.9400501,0.84372616,0.76460075,0.9691814,0.8045171,0.94073564,0.8400864,0.85466474,0.93561983,0.9198192,0.92717016,0.90575,0.7765663
10.0,-0.011567317,-0.005178672,-0.04499907,0.13412584,-0.10334032,-0.015753629,0.08381214,-0.026403002,0.05631117,-0.012771931,-0.025668606,-0.07559654,-0.030093277,0.12494141,-0.019158404,0.08734839,-0.03021989,-0.021320876,-0.025040392,0.02947028,0.85197484,0.92250025,0.76157725,0.84462667,0.8851069,0.9040265,0.9437391,0.93834466,0.8335299,0.72254664,0.9556496,0.7498218,0.92607844,0.8370058,0.8303832,0.9433959,0.91711223,0.92762434,0.88159937,0.7467553
7.0,-0.16299118,-0.15719882,-0.26078784,0.26028088,-0.22716844,0.020788608,0.19572848,-0.07346266,0.26262018,0.288413,-0.08411004,-0.36598074,0.0828437,-0.10398883,-0.15509522,0.036047053,-0.11368873,-0.07447978,-0.14553575,0.3692789,0.8854031,0.9059931,0.84150946,0.9116342,0.88037,0.90782005,0.9471489,0.9375446,0.8636889,0.81151354,0.98801255,0.8689525,0.9544517,0.8370309,0.8832551,0.91710186,0.9255542,0.92528373,0.9221271,0.8037589
9.0,-0.14129137,-0.12938295,-0.23257786,0.24568662,-0.19956428,0.013902804,0.179836,-0.059603672,0.22830984,0.23855685,-0.07598957,-0.32039386,0.05863548,-0.056240026,-0.13371818,0.046154357,-0.10402518,-0.06396822,-0.12708965,0.3061716,0.890066,0.90995246,0.8210933,0.90644014,0.8854192,0.8982795,0.94983506,0.9388182,0.8507112,0.802459,0.98059905,0.857979,0.95344275,0.8380729,0.87299925,0.92124283,0.9184514,0.9248126,0.9265367,0.8015918
1.0,-0.22825953,-0.23772824,-0.35213447,0.30911037,-0.28231853,0.030116495,0.2506736,-0.09417935,0.35267022,0.42036933,-0.10923901,-0.48469698,0.13709706,-0.2057876,-0.20355968,0.01472269,-0.15042363,-0.099645235,-0.19671713,0.5142928,0.9047072,0.89175767,0.8677592,0.94120985,0.8711761,0.9051094,0.9435012,0.9319933,0.8687086,0.8462296,0.99939215,0.9243296,0.9641394,0.82753897,0.89564663,0.8901072,0.9206285,0.9194911,0.937319,0.8232316
7.0,-0.21825676,-0.23334152,-0.3368886,0.29685438,-0.29720667,0.03341538,0.23819807,-0.105402,0.34980193,0.41661102,-0.10725401,-0.47885835,0.14685744,-0.22506988,-0.2026697,0.012830529,-0.13925248,-0.1014247,-0.19289048,0.5255526,0.87898606,0.89023924,0.88794047,0.92459834,0.86602277,0.92612535,0.940479,0.931359,0.8891908,0.8330735,1.0009851,0.9009188,0.9569394,0.8281265,0.90123725,0.8963094,0.93461645,0.9231588,0.9138751,0.8077449
2.0,0.43184686,0.32511747,0.72568524,-0.40837055,0.29664952,-0.119807996,-0.18333572,0.039871193,-0.5175521,-1.012154,0.15546767,0.8824759,-0.23252684,0.64918107,0.4879262,0.12805481,0.21009178,0.0855428,0.39758113,-0.94670355,0.7186905,0.8797584,0.48300827,0.6588618,0.7558073,0.8361213,0.8034822,0.852082,0.666268,0.41974288,0.84747505,0.40819022,0.78406626,0.69916785,0.60455376,0.86491954,0.8064438,0.88598335,0.65675706,0.48632866
5.0,-0.19357516,-0.2068417,-0.30416593,0.27597353,-0.28490674,0.031915374,0.21614817,-0.10249937,0.32030192,0.37274343,-0.09915691,-0.4393798,0.1350244,-0.20005685,-0.1858548,0.017275665,-0.12387073,-0.09362086,-0.17665587,0.4822657,0.8650386,0.8939462,0.88686544,0.9131892,0.8677638,0.9361545,0.9413741,0.9326765,0.89568377,0.81948084,0.9960344,0.87881017,0.9525424,0.83076894,0.89821905,0.9080617,0.9384226,0.9262574,0.9044743,0.79837245
1.0,-0.24693471,-0.27498785,-0.391286,0.33987066,-0.41204223,0.05682281,0.23276126,-0.18038657,0.4286856,0.52838445,-0.13764033,-0.5899862,0.23347443,-0.40451634,-0.25477317,-0.020695806,-0.13185455,-0.13673556,-0.23407054,0.69889104,0.8036058,0.86123496,0.9963185,0.8815888,0.837492,0.9949324,0.9236494,0.92775774,0.95465213,0.82998496,1.0032927,0.871753,0.9380587,0.80853975,0.92376506,0.8894996,0.96316063,0.9303111,0.84907156,0.7715812
2.0,0.4414077,0.32430917,0.7334333,-0.42432916,0.3030553,-0.12581313,-0.19029582,0.044595372,-0.52625805,-1.0332172,0.15913905,0.9008206,-0.23331046,0.65309507,0.5067779,0.13790703,0.21423177,0.090342715,0.40463936,-0.9668561,0.7173632,0.8711189,0.47655612,0.6532727,0.7535905,0.8293291,0.803174,0.8435802,0.6592093,0.41256294,0.8394544,0.40575424,0.7795224,0.6962534,0.5994611,0.8540459,0.7975955,0.8847185,0.65278393,0.479433
9.0,-0.25155446,-0.26980597,-0.39679933,0.35693544,-0.41506207,0.05820486,0.23133788,-0.18950409,0.43654245,0.53852075,-0.14118631,-0.6034599,0.23305677,-0.41599548,-0.2649992,-0.019177355,-0.13263074,-0.14068782,-0.23517519,0.7118597,0.7966838,0.85985816,1.0032368,0.8701224,0.8351309,0.9934956,0.91964704,0.9290719,0.95102215,0.8315505,1.0091901,0.8646957,0.9373157,0.809086,0.928187,0.88854164,0.9701041,0.9304777,0.84008974,0.7677712
4.0,-0.07016899,-0.060541864,-0.13027316,0.18374899,-0.14863053,-0.0011564774,0.12600297,-0.04229067,0.13558762,0.10306543,-0.048568815,-0.18855825,0.011673334,0.039866563,-0.07277358,0.06835846,-0.06323536,-0.040350355,-0.072015494,0.1583561,0.86627495,0.9181048,0.7924462,0.8725922,0.8866694,0.9058683,0.9476468,0.9392438,0.84575766,0.7586459,0.967951,0.7973233,0.93922216,0.8397007,0.85227287,0.9371171,0.92084676,0.92749906,0.9012389,0.77199966
4.0,0.044934496,0.04242093,0.03728211,0.08187404,-0.059059262,-0.03241249,0.045176774,-0.010288845,-0.01945915,-0.12605292,-0.003808258,0.036174417,-0.06720812,0.2048786,0.03833885,0.10580756,0.0015996099,-0.0031543039,0.021031689,-0.096503064,0.8402633,0.92225707,0.72780323,0.8176274,0.8799739,0.8983272,0.938515,0.93397063,0.81708205,0.685892,0.9410942,0.7058919,0.91209155,0.8301413,0.80498224,0.9414781,0.90824,0.9258437,0.861738,0.71935064
5.0,-0.25613987,-0.28075346,-0.390542,0.32538196,-0.316966,0.034198917,0.27510905,-0.10889791,0.39657378,0.4857905,-0.120716095,-0.53892845,0.16964549,-0.26498532,-0.2242239,0.0037594438,-0.16465992,-0.11360719,-0.22028437,0.5913818,0.9052374,0.8829679,0.8869026,0.9497801,0.8635273,0.91168255,0.93891394,0.9274709,0.8782748,0.85660017,1.0056362,0.9429825,0.9651526,0.820977,0.90138143,0.8756787,0.9219944,0.91657966,0.93463683,0.82530427
9.0,-0.07599064,-0.063120104,-0.14015685,0.19176114,-0.14887105,-0.00070753426,0.13037013,-0.040623188,0.14044815,0.111108795,-0.051126458,-0.19767874,0.010885122,0.039268166,-0.077210285,0.068380885,-0.067347124,-0.041315563,-0.07593004,0.16394806,0.8726578,0.9177002,0.7904184,0.8757257,0.8880845,0.8995353,0.94902825,0.93969035,0.84119934,0.7634717,0.9675634,0.8041414,0.9407696,0.8396791,0.8525426,0.93475854,0.91772425,0.92675817,0.9069909,0.7762771
6.0,-0.09331323,-0.08564802,-0.16067788,0.20318124,-0.18638289,0.011934831,0.13903826,-0.064421885,0.17503154,0.16036807,-0.057901047,-0.24527894,0.041739967,-0.022153068,-0.104403496,0.051945947,-0.071789935,-0.05392436,-0.09453994,0.23803763,0.852104,0.91628695,0.826044,0.87617934,0.8811394,0.92579037,0.94358003,0.9406174,0.8704171,0.7699165,0.97834754,0.8049492,0.93948025,0.8410063,0.86945975,0.9421118,0.9350616,0.9308156,0.89213073,0.7743103
8.0,-0.1152637,-0.10215206,-0.19386409,0.224969,-0.18409953,0.010415169,0.15862036,-0.05640398,0.19525921,0.19075182,-0.06572803,-0.27467567,0.04130302,-0.024289485,-0.115208924,0.05366799,-0.0882255,-0.056437597,-0.107293785,0.2569493,0.87703496,0.9141983,0.81512743,0.89121413,0.88555455,0.9042232,0.9484891,0.9400947,0.8526983,0.7859292,0.9782369,0.8319946,0.9470624,0.8401562,0.86869705,0.92997736,0.9237777,0.9269405,0.9133514,0.78957146
8.0,-0.22903058,-0.24214867,-0.35226429,0.30734035,-0.2912869,0.031702936,0.2502819,-0.099407695,0.3576105,0.4278623,-0.109918185,-0.49001384,0.14409955,-0.2192702,-0.20614254,0.012838881,-0.1489196,-0.101950094,-0.19845401,0.52809435,0.89690286,0.89034957,0.8763051,0.93702435,0.86858475,0.91218585,0.9419255,0.93120974,0.87624866,0.8433078,1.0010738,0.919237,0.96196216,0.82716143,0.8984215,0.8901822,0.9255352,0.9203199,0.9294392,0.81856704
2.0,-0.101489,-0.08247818,-0.1745445,0.21965912,-0.16771328,0.0061086435,0.14744172,-0.04988683,0.17316335,0.15965924,-0.060656734,-0.24563657,0.023327924,0.006637074,-0.10350918,0.061940603,-0.08170103,-0.050931945,-0.095386446,0.2170854,0.878019,0.91630006,0.8030585,0.88383937,0.8873536,0.89780325,0.94994706,0.94122803,0.8433702,0.77938735,0.9745865,0.82199347,0.94485563,0.8402838,0.86297494,0.9313501,0.9212323,0.9265461,0.9127982,0.7865429
11.0,0.013392258,0.012227863,-0.021207653,0.111523926,-0.07272332,-0.031953465,0.067708895,-0.0069954423,0.019336537,-0.06658138,-0.019893201,-0.021818958,-0.048287433,0.17032804,0.019298341,0.10488318,-0.017374188,-0.008069314,-0.005214356,-0.043710098,0.86053073,0.91270375,0.73173237,0.83386284,0.884333,0.8856331,0.9487728,0.93065524,0.8083931,0.70638484,0.9371585,0.7407331,0.92246795,0.8302264,0.8080419,0.92742825,0.8959497,0.9228589,0.88546616,0.73632765
5.0,0.09342912,0.08117224,0.113077246,0.033305146,-0.02261927,-0.0455827,0.012501292,-0.0013143886,-0.08208812,-0.22385733,0.016076514,0.13330919,-0.095045805,0.26703194,0.0876033,0.117829196,0.02911872,0.01044878,0.061936926,-0.20052503,0.8257671,0.9214877,0.7011264,0.794619,0.8721524,0.8967753,0.9301744,0.92903364,0.8048935,0.6532169,0.9306426,0.6663592,0.8987665,0.8214429,0.78372806,0.9394897,0.9020477,0.9238368,0.8397079,0.69334537
6.0,-0.17548348,-0.17199501,-0.275587,0.27378184,-0.25619787,0.028995037,0.20021805,-0.09294951,0.28720564,0.32545927,-0.08994886,-0.40122557,0.10312468,-0.15027776,-0.17573096,0.027754236,-0.115164354,-0.0848946,-0.15787074,0.42425108,0.8672976,0.9021427,0.8685044,0.90306044,0.87284064,0.92395973,0.9425239,0.937793,0.882042,0.8131287,0.99597347,0.86346966,0.95049316,0.83667475,0.8954836,0.91747063,0.9397278,0.92781365,0.9046801,0.79723614
7.0,-0.2960099,-0.35661688,-0.446554,0.3404291,-0.39260808,0.03954469,0.3094495,-0.1411541,0.47226766,0.6000064,-0.14092241,-0.62430525,0.2364885,-0.38425422,-0.2539624,-0.014912143,-0.1833744,-0.14104202,-0.25871238,0.7335383,0.88887,0.86346614,0.933844,0.95255727,0.84630704,0.93775964,0.92848366,0.9169513,0.9079472,0.86191535,1.0134927,0.9594909,0.9620496,0.8044824,0.90924996,0.8487556,0.9303541,0.9106707,0.9129519,0.8161169
8.0,-0.10929458,-0.09385413,-0.18541098,0.22222863,-0.1784197,0.009483633,0.15369685,-0.054280654,0.18588437,0.17782901,-0.06343688,-0.26318836,0.034476086,-0.012669411,-0.11106646,0.05613767,-0.08502649,-0.054356344,-0.102325484,0.24203871,0.8764343,0.91560423,0.81139576,0.8878789,0.8862942,0.9024519,0.948584,0.9408994,0.85053885,0.7830008,0.97715,0.8269425,0.9456874,0.8407677,0.8671169,0.9317749,0.92359346,0.9272388,0.91220385,0.7878647
1.0,-0.22097361,-0.23387402,-0.3395605,0.3017375,-0.2972518,0.033729833,0.23993737,-0.106066614,0.35217014,0.42001987,-0.10773881,-0.4828089,0.14566779,-0.2256231,-0.2056446,0.013156302,-0.14075911,-0.102273844,-0.19392021,0.5283908,0.8803483,0.89017355,0.88742,0.92406654,0.8655773,0.92382705,0.94014,0.93185383,0.8871606,0.83453137,1.0022663,0.90213966,0.95721525,0.82833093,0.9020459,0.8953847,0.93521315,0.92307144,0.91408366,0.8085796
11.0,0.24481763,0.19503486,0.36470926,-0.13976884,0.10133961,-0.08377295,-0.0827262,0.020275272,-0.2747814,-0.5505417,0.079374865,0.45005333,-0.16958594,0.4500139,0.25274488,0.13720584,0.11251031,0.047319435,0.19940701,-0.5286155,0.7820275,0.91066116,0.6075447,0.7281062,0.83363,0.8755009,0.88734734,0.90317416,0.7517113,0.5489969,0.8953959,0.5465062,0.85060304,0.7776923,0.70866734,0.91828334,0.8667804,0.91085535,0.7637675,0.6044064
5.0,-0.2865765,-0.33607045,-0.43205386,0.33925745,-0.37396735,0.039576855,0.29985046,-0.13462934,0.45301306,0.5712893,-0.13549677,-0.60500073,0.21922079,-0.35588193,-0.24922965,-0.010606553,-0.17726171,-0.13423109,-0.24861139,0.70004857,0.8906235,0.86850375,0.9240072,0.9485156,0.84963363,0.931597,0.9304539,0.9204718,0.9016774,0.8599073,1.0128565,0.95238614,0.9616166,0.8098003,0.9093409,0.8567728,0.9306915,0.91351545,0.9154181,0.81670254
3.0,-0.0679012,-0.0561872,-0.12597175,0.1841713,-0.14908382,0.00012779277,0.12340968,-0.04402194,0.13250233,0.099305965,-0.04748167,-0.18604997,0.009178481,0.041848652,-0.07411323,0.068070784,-0.061459724,-0.040658586,-0.070464656,0.15646964,0.8632372,0.9196661,0.79408276,0.8697802,0.88643426,0.90724534,0.946639,0.9404673,0.8476205,0.75748444,0.96925664,0.79307973,0.9376783,0.8405603,0.85375327,0.9398824,0.9235885,0.92830276,0.8981103,0.77064395
8.0,-0.30586204,-0.36940473,-0.48939362,0.39146763,-0.54760396,0.068450235,0.26391932,-0.24932632,0.5513052,0.6940309,-0.1821628,-0.73361,0.3398487,-0.6071916,-0.30155545,-0.055679798,-0.1537185,-0.1823675,-0.29941258,0.90960217,0.76620185,0.8227255,1.0946361,0.8698978,0.80867743,1.0503764,0.90700495,0.9148282,1.0004587,0.84111047,0.9970002,0.8896466,0.9293933,0.7719438,0.9255223,0.85022634,0.96624887,0.9252397,0.8116089,0.75289756
2.0,0.22521117,0.1705333,0.3164112,-0.11846029,0.08388105,-0.085656404,-0.07190219,0.025176276,-0.24743071,-0.50342673,0.06921124,0.4043727,-0.15780286,0.4232481,0.24138388,0.14780678,0.10259697,0.046492286,0.17782037,-0.48787045,0.79296416,0.9019948,0.615921,0.73372066,0.8402152,0.8715667,0.90117115,0.900012,0.7526909,0.5600217,0.8912462,0.56803066,0.8569971,0.7853151,0.714714,0.9092007,0.86291325,0.91142213,0.7782968,0.6141416
1.0,-0.26574594,-0.29426816,-0.40386716,0.33245918,-0.32575274,0.034918103,0.28400007,-0.11235694,0.41018188,0.5060711,-0.12441632,-0.55593324,0.17804638,-0.28047377,-0.23068127,0.000823576,-0.17031585,-0.11784666,-0.22783148,0.61314213,0.9084794,0.8803084,0.89012384,0.9539685,0.8615452,0.91102684,0.93761396,0.92620564,0.87834954,0.861289,1.0074338,0.95137,0.96619195,0.81866693,0.9021865,0.87024283,0.920711,0.9151388,0.9363501,0.8276483
1.0,-0.293265,-0.34628972,-0.44153973,0.34354502,-0.37889057,0.03943211,0.307039,-0.13593207,0.46203756,0.5849835,-0.13792442,-0.6157558,0.22440918,-0.36468443,-0.25269488,-0.012395017,-0.1819083,-0.13696906,-0.25367,0.71354115,0.89492023,0.8668642,0.9241683,0.952886,0.8487537,0.92965627,0.92949754,0.9193255,0.90023667,0.863549,1.0139661,0.9596986,0.962621,0.8079534,0.9089438,0.85231376,0.9284305,0.911952,0.9181994,0.81915957
11.0,0.69253254,0.48811635,1.3353548,-0.8561913,0.65075386,-0.15292133,-0.25398824,0.10323166,-0.88334686,-1.7503289,0.24549301,1.5775365,-0.3184058,0.9034507,0.88339096,0.10952782,0.29807916,0.15389639,0.72665274,-1.5899063,0.60655314,0.830366,0.33024296,0.57670945,0.6147225,0.7951694,0.6410264,0.77786654,0.56142604,0.26817602,0.7695262,0.25848112,0.69616246,0.5697577,0.46769932,0.7518563,0.75306475,0.8785014,0.499929,0.34457988
5.0,-0.22032933,-0.23789251,-0.34044784,0.2953813,-0.29498506,0.031387556,0.24226773,-0.102187686,0.35224658,0.4193479,-0.10802171,-0.47900218,0.14763929,-0.2228137,-0.20011623,0.013382819,-0.14259566,-0.10097465,-0.1944054,0.5241677,0.8850358,0.88984954,0.8833709,0.930617,0.86723953,0.92323375,0.94158703,0.9300409,0.88542545,0.83549356,0.9999722,0.9076806,0.9594014,0.8268993,0.8986882,0.89340365,0.9304623,0.92142236,0.919946,0.81133497
8.0,-0.02380437,-0.015070825,-0.06645312,0.14694342,-0.10697494,-0.015530027,0.092886925,-0.024359439,0.06979695,0.008089829,-0.031576347,-0.09629498,-0.026080906,0.11616494,-0.026780888,0.08753427,-0.038148224,-0.02331639,-0.034431692,0.046586335,0.8618039,0.9197509,0.7608804,0.85092247,0.88705605,0.8962152,0.9474109,0.9376401,0.8277728,0.7309988,0.9545148,0.76338756,0.92963684,0.83671963,0.8312836,0.9374876,0.9118198,0.926231,0.89146566,0.7538769
4.0,-0.19013886,-0.19146359,-0.29825532,0.27951992,-0.2548187,0.026206432,0.21730468,-0.08515824,0.30235803,0.3464533,-0.09476508,-0.4183461,0.108945936,-0.15363039,-0.17730156,0.025939843,-0.12764373,-0.08588942,-0.16760974,0.43692148,0.88801897,0.89987814,0.8581804,0.9213634,0.8755131,0.9115868,0.945181,0.9352208,0.87107676,0.8244328,0.9938725,0.8883386,0.95741326,0.8337424,0.89098185,0.90753865,0.9272386,0.92390645,0.9238499,0.809421
3.0,-0.13164863,-0.122837305,-0.21415403,0.23857531,-0.21807402,0.02044253,0.16645187,-0.07835897,0.22729427,0.23721777,-0.07292837,-0.31880713,0.06819446,-0.08043115,-0.13961616,0.041462496,-0.09220432,-0.06833536,-0.12413572,0.32420933,0.8583529,0.91071874,0.84668565,0.88808864,0.8781956,0.9251467,0.9437547,0.9401459,0.87573206,0.79096377,0.98755985,0.83150387,0.9449827,0.8400406,0.88313705,0.932335,0.9388703,0.9297517,0.8980646,0.7860581
3.0,-0.13066612,-0.121222965,-0.2148861,0.23515677,-0.20234877,0.015272686,0.16987547,-0.06498929,0.21918458,0.22527061,-0.07170517,-0.30693626,0.058310892,-0.056821045,-0.12998708,0.046237025,-0.095427334,-0.06328281,-0.12051736,0.30010438,0.87513465,0.9116344,0.8287039,0.89646184,0.882914,0.9102646,0.9472255,0.93933016,0.8613228,0.79327446,0.98270637,0.8413897,0.9486461,0.83969176,0.8755977,0.9276996,0.92755926,0.92727464,0.91249406,0.7924349
8.0,-0.20736316,-0.21516788,-0.3214694,0.2914296,-0.2776459,0.030388955,0.23024908,-0.09610954,0.32983172,0.3869636,-0.10188048,-0.4539941,0.12909338,-0.19263512,-0.19279535,0.018711168,-0.1352269,-0.0946897,-0.18230455,0.48700762,0.8847213,0.89482474,0.87367314,0.9240441,0.8704401,0.91796637,0.94265676,0.9333616,0.87971467,0.83056796,0.9984468,0.89699084,0.9576458,0.83098936,0.89707303,0.9010562,0.93114305,0.923419,0.91960734,0.809729
2.0,0.64030004,0.4613382,1.2175647,-0.7686087,0.5850718,-0.14811997,-0.25041434,0.08505243,-0.81565917,-1.6085215,0.23050143,1.4435617,-0.29537246,0.85580367,0.8044133,0.113072336,0.2875043,0.13876465,0.6612764,-1.4595362,0.6274214,0.83728546,0.35601372,0.5937813,0.6418445,0.80538,0.6768311,0.78873456,0.57678056,0.29212934,0.78624266,0.28190747,0.7124966,0.5956786,0.49169016,0.77631664,0.7575367,0.8743857,0.5300609,0.3678212
8.0,-0.0805048,-0.067723386,-0.142363,0.19620101,-0.1656034,0.0063431645,0.1309432,-0.053602487,0.15186274,0.12791985,-0.05225896,-0.21472399,0.021427296,0.014564678,-0.09064443,0.060921386,-0.066966355,-0.047166027,-0.08162523,0.19425394,0.85894036,0.9195022,0.8083986,0.8723771,0.8846938,0.91390836,0.9451422,0.9416303,0.8570825,0.7644183,0.97483987,0.7983707,0.9383933,0.8417128,0.86237735,0.9419544,0.9299617,0.92964286,0.8956623,0.7734146
3.0,-0.08179988,-0.068091154,-0.14501752,0.19790062,-0.16048038,0.0039630192,0.1328535,-0.049511764,0.15132615,0.12697713,-0.052779317,-0.21306476,0.017951114,0.021432377,-0.088255435,0.06391079,-0.06904696,-0.045934074,-0.08140189,0.18768445,0.8651061,0.9187044,0.80227846,0.8745499,0.88598716,0.9078643,0.9469741,0.94098735,0.8503739,0.76582843,0.9731914,0.8026558,0.9399603,0.8409419,0.8597319,0.9382819,0.9259066,0.92830485,0.90071934,0.775872
9.0,-0.1399773,-0.13390967,-0.22684363,0.24306023,-0.22637096,0.022419773,0.17329958,-0.080461465,0.23891842,0.2544193,-0.07634626,-0.33505562,0.076924555,-0.09538445,-0.1457356,0.037608277,-0.096395895,-0.07122444,-0.13113384,0.34470296,0.860455,0.90894896,0.85132796,0.8924606,0.8774694,0.9256632,0.9437066,0.93938947,0.878436,0.7952566,0.9882651,0.8386441,0.9460885,0.8394553,0.88524294,0.929876,0.9379946,0.92958283,0.90026796,0.7883067
8.0,-0.13497281,-0.12182195,-0.22540233,0.24106681,-0.19016336,0.01082445,0.1756145,-0.054225907,0.21808651,0.223581,-0.074055105,-0.3062607,0.05172197,-0.041159723,-0.12588035,0.04963502,-0.101619616,-0.060414188,-0.12175448,0.28562462,0.89316815,0.9102661,0.81332886,0.90591186,0.8871179,0.8941058,0.9511341,0.9386373,0.8449916,0.80013305,0.97718585,0.8564478,0.9537807,0.83753353,0.86847365,0.9209467,0.9142286,0.92405945,0.92969006,0.80156195
1.0,-0.17739631,-0.17244542,-0.28058332,0.27291676,-0.23789996,0.02313885,0.20709172,-0.07770012,0.28159043,0.31607834,-0.08942892,-0.39189476,0.092518575,-0.12397878,-0.16673611,0.03199426,-0.12180047,-0.07972927,-0.15635717,0.39921188,0.8899204,0.9034403,0.8467608,0.91739714,0.87877214,0.9061183,0.9467806,0.9369789,0.86385345,0.819531,0.990762,0.8806691,0.9567576,0.83566445,0.8865912,0.91201437,0.92504805,0.92431456,0.92575276,0.80854386
11.0,0.3948613,0.2635297,0.5850968,-0.35055456,0.23081174,-0.13553573,-0.17484781,0.053261172,-0.44987193,-0.89073485,0.1381864,0.76213574,-0.20810544,0.5803736,0.46497995,0.1762163,0.19352885,0.08882529,0.33648214,-0.85015523,0.7449073,0.8535552,0.5067053,0.66022146,0.78148997,0.82111144,0.8447877,0.84016055,0.67189443,0.44072542,0.82908285,0.45578098,0.7962189,0.72336805,0.6225881,0.84273183,0.79164964,0.8904686,0.689107,0.5040806
1.0,-0.23376772,-0.2520683,-0.3586075,0.30835295,-0.30380717,0.03350547,0.25343361,-0.10569935,0.36824024,0.44376007,-0.11248734,-0.5025461,0.15498976,-0.23923895,-0.21111125,0.00956716,-0.14987917,-0.10588049,-0.20364657,0.55059254,0.89081925,0.88764334,0.88621116,0.9353026,0.8654753,0.9190047,0.9402111,0.9298651,0.88373405,0.84278065,1.002804,0.91845703,0.96061814,0.8255723,0.9011913,0.88796484,0.92913866,0.9204614,0.9232624,0.81540835
5.0,-0.22345059,-0.23166677,-0.34845936,0.30414015,-0.2705336,0.026621632,0.2489891,-0.086542785,0.3441018,0.40696388,-0.10820243,-0.47215748,0.13044074,-0.18858543,-0.19519445,0.017350852,-0.1507085,-0.095587365,-0.19310246,0.49258685,0.9125267,0.8930746,0.85726196,0.94730115,0.8751524,0.89915717,0.9459213,0.9316252,0.8608193,0.8479087,0.9954792,0.9292462,0.96705407,0.8270081,0.8903094,0.8901203,0.9131653,0.9178413,0.9471472,0.82801294
6.0,-0.08812604,-0.07431348,-0.15431167,0.2031058,-0.165492,0.0055958945,0.13758415,-0.05103388,0.15957272,0.13919502,-0.055246234,-0.22519916,0.022499759,0.012326114,-0.093866974,0.061625183,-0.072536774,-0.04802341,-0.08640282,0.20160249,0.86700237,0.9181136,0.8053021,0.8775198,0.88597864,0.90746516,0.9471727,0.94103926,0.8515068,0.7696473,0.9743309,0.80783063,0.9411215,0.8411145,0.8618848,0.9372924,0.925905,0.92827266,0.9028125,0.77836466
1.0,-0.3151837,-0.38118994,-0.47280762,0.358046,-0.39764208,0.038995165,0.3306129,-0.14211763,0.49304533,0.63207966,-0.14624864,-0.6521373,0.2430683,-0.39703017,-0.2644714,-0.018524572,-0.19695355,-0.14700636,-0.27076334,0.7609227,0.9072594,0.8607301,0.9265316,0.9659092,0.8449313,0.92491233,0.9254338,0.91521686,0.89673734,0.87490237,1.0179721,0.98275435,0.96522045,0.801137,0.90751445,0.83698195,0.92171323,0.90660846,0.925218,0.8259794
7.0,-0.10397471,-0.09038727,-0.18029258,0.2153712,-0.16957228,0.0055772075,0.15131804,-0.047916632,0.17764562,0.16510744,-0.061880127,-0.25016397,0.030428905,-0.00012379512,-0.10155281,0.059163146,-0.08329143,-0.05060985,-0.09780802,0.22356884,0.8809242,0.9147706,0.8030024,0.88930917,0.88776565,0.8982543,0.94997454,0.9395919,0.8447218,0.780647,0.9728741,0.8277008,0.9466491,0.839469,0.8613855,0.9295843,0.9176852,0.9260024,0.91657466,0.7879382
9.0,-0.10103991,-0.08633479,-0.17833874,0.21400467,-0.16259444,0.0029659988,0.14965384,-0.04317627,0.17159772,0.15649855,-0.06138978,-0.24217834,0.025679084,0.0104971565,-0.09625157,0.06192806,-0.08268631,-0.048180625,-0.09506738,0.2097484,0.88544977,0.91414326,0.7961909,0.8898203,0.88909775,0.89296067,0.9514107,0.93916684,0.8385773,0.78013414,0.9696013,0.8290152,0.9473835,0.83853394,0.8573675,0.92763245,0.9127768,0.92498523,0.9207915,0.7888822
5.0,-0.19694814,-0.204238,-0.3071086,0.28265893,-0.27429962,0.030164193,0.22053447,-0.09632309,0.31814083,0.3698571,-0.09851372,-0.4383341,0.12509097,-0.18479343,-0.18664879,0.020455843,-0.12817113,-0.092005216,-0.17548287,0.4716751,0.87655026,0.8962325,0.8752701,0.9174296,0.8705208,0.9236286,0.9425126,0.93395215,0.88404995,0.8239137,0.99717873,0.8856056,0.9550669,0.8321947,0.89674056,0.9061682,0.93450814,0.92497987,0.9131247,0.80436736
9.0,-0.3757266,-0.51163846,-0.58273077,0.416148,-0.6836928,0.05962808,0.33212653,-0.29392615,0.6868492,0.89739776,-0.2219657,-0.86421454,0.4482566,-0.7949012,-0.33995792,-0.07643401,-0.20465268,-0.23916587,-0.37305546,1.1386894,0.76191115,0.785486,1.1668917,0.88781554,0.7818452,1.0846059,0.891853,0.8991524,1.0349144,0.84918535,0.9940037,0.94762707,0.9326569,0.72784257,0.91142124,0.78483754,0.96494466,0.9044404,0.7922827,0.75405693
11.0,0.19336987,0.1612122,0.2809877,-0.07537683,0.056489274,-0.06913726,-0.051452674,0.0110391965,-0.2104547,-0.43612373,0.058527663,0.34054327,-0.14725615,0.39044598,0.19025932,0.12939715,0.08440201,0.034324385,0.15164879,-0.4149757,0.7946628,0.9196429,0.64297223,0.7505355,0.84893954,0.88845915,0.90208066,0.91648835,0.7752064,0.5856684,0.9109176,0.58434206,0.8682055,0.79496866,0.73724014,0.93311226,0.88480437,0.9171052,0.7891826,0.6366278
8.0,-0.13378155,-0.12381455,-0.21974581,0.23806778,-0.20221671,0.015106506,0.17271507,-0.063932,0.22215506,0.22960114,-0.07286112,-0.3112051,0.058730546,-0.057549704,-0.131428,0.046079967,-0.09776803,-0.06367192,-0.122469254,0.30296564,0.87872297,0.91123253,0.8272266,0.8989477,0.8834467,0.9074338,0.94780195,0.9392026,0.85898036,0.79566926,0.9824802,0.84558076,0.9497987,0.8393821,0.8752878,0.9260523,0.92563426,0.92670834,0.91574365,0.7946956
7.0,-0.21979502,-0.22951797,-0.33969685,0.3008331,-0.28129667,0.030260205,0.24255863,-0.09510989,0.34391594,0.40757856,-0.10627869,-0.47249532,0.13489968,-0.2018542,-0.19897477,0.016099375,-0.14415759,-0.097708404,-0.19100885,0.5046581,0.8960234,0.89290005,0.8708548,0.9342385,0.8707817,0.9110662,0.9430882,0.9322784,0.8740829,0.83941954,0.99905884,0.9128751,0.9613351,0.82891524,0.8963914,0.8944814,0.92517227,0.92111105,0.929553,0.81728065
5.0,-0.2027184,-0.21371514,-0.31640577,0.28365803,-0.27659917,0.029506868,0.22731975,-0.094773285,0.3255587,0.3805085,-0.100855105,-0.4465683,0.13019057,-0.19047627,-0.1875594,0.018786112,-0.13279684,-0.093116485,-0.18008411,0.48087847,0.8827047,0.89496094,0.87368184,0.92444706,0.8710714,0.92116743,0.94313496,0.9325131,0.88214016,0.8279367,0.9965646,0.89464974,0.9573167,0.83070594,0.8955349,0.9023274,0.9303134,0.9234444,0.91912556,0.8082349
3.0,0.022060279,0.023889579,0.0036609098,0.10384703,-0.07614192,-0.025995564,0.060594644,-0.01629299,0.010771148,-0.08030273,-0.012822827,-0.008757226,-0.053222336,0.17399819,0.015094381,0.09925246,-0.011429306,-0.010194492,0.002383899,-0.046835825,0.8455368,0.92244905,0.7408949,0.828475,0.88258517,0.9001631,0.94133466,0.935893,0.82293826,0.70092756,0.94682735,0.72383994,0.9179824,0.83311516,0.815199,0.9421581,0.91164964,0.9265041,0.87049407,0.7309207
2.0,0.16986144,0.12543258,0.21542555,-0.053675987,0.040180422,-0.07623765,-0.03756409,0.022299439,-0.1774272,-0.38111,0.043588564,0.28688282,-0.12954025,0.35696366,0.18618166,0.14679182,0.0727541,0.03563179,0.12526298,-0.37145424,0.81315523,0.9003463,0.6461503,0.75641495,0.8549608,0.87503093,0.9223497,0.90664953,0.76667315,0.597181,0.8982456,0.6154193,0.87577486,0.80138147,0.7381428,0.91014934,0.86980075,0.9150786,0.81070733,0.6464021
11.0,0.49850154,0.3672809,0.8680379,-0.5190207,0.38005176,-0.13221753,-0.2139366,0.051517826,-0.6085885,-1.1942571,0.18125424,1.0515188,-0.24964072,0.7131343,0.5861804,0.12764692,0.24028338,0.10173305,0.47574496,-1.1033763,0.692302,0.8621624,0.4397017,0.6360351,0.72239125,0.8222302,0.7689164,0.8280557,0.63364494,0.37507895,0.82625896,0.36522073,0.75976413,0.6680844,0.56733364,0.83577204,0.78344846,0.8784917,0.6171831,0.44493106
11.0,0.6640277,0.4814723,1.2896174,-0.8119043,0.6266023,-0.14685214,-0.24781328,0.09279227,-0.8526285,-1.6830797,0.23740293,1.5146749,-0.3105118,0.88792115,0.8390944,0.10084991,0.2907517,0.14372069,0.6993459,-1.5237017,0.61617583,0.8388578,0.34248173,0.58836347,0.6241875,0.80543786,0.65717006,0.7879144,0.5715338,0.28066543,0.78344,0.2675818,0.7055719,0.58339345,0.47878164,0.7718261,0.7613261,0.8737672,0.5151861,0.35810146
2.0,0.5759146,0.417622,1.0517943,-0.6529135,0.48759106,-0.14215153,-0.2393089,0.068634704,-0.720829,-1.4171268,0.21007556,1.2605016,-0.27192655,0.789244,0.70422536,0.1209661,0.27118343,0.120766275,0.5746641,-1.2938309,0.6582073,0.8466833,0.39258704,0.61248344,0.6797843,0.81182253,0.720628,0.8053441,0.6013728,0.32747975,0.8036585,0.3180677,0.7339858,0.6298153,0.5250436,0.80321354,0.76613283,0.87483126,0.56969035,0.40046093
1.0,-0.19312233,-0.19443342,-0.2996063,0.28663942,-0.27397722,0.031418536,0.21409866,-0.10057633,0.31367388,0.36336008,-0.09697891,-0.4344955,0.11990975,-0.18259412,-0.18926772,0.022434488,-0.12433395,-0.09238472,-0.17193873,0.467368,0.8686804,0.897163,0.87896615,0.9080148,0.86901444,0.9262155,0.9411806,0.9357954,0.88564736,0.8206133,0.9995318,0.8755086,0.9526181,0.8337055,0.89954907,0.90955895,0.9409357,0.92649317,0.9048717,0.8000856
4.0,0.014679392,0.016193269,-0.008501157,0.10948441,-0.08054767,-0.02506021,0.06609651,-0.016565297,0.02053599,-0.06600316,-0.015933499,-0.022594765,-0.047866985,0.16426328,0.009916674,0.097797185,-0.015694868,-0.011778884,-0.003510762,-0.03236714,0.84885573,0.921164,0.74337417,0.83264726,0.88339627,0.89930487,0.94276255,0.9355301,0.8232855,0.70543635,0.94716793,0.7311376,0.9203342,0.8335927,0.8169021,0.94041526,0.9106146,0.9262443,0.8746466,0.73453826
6.0,-0.105950385,-0.095483564,-0.17905971,0.21528107,-0.18564719,0.01114687,0.15031424,-0.06042958,0.18712267,0.17861436,-0.062252544,-0.2624267,0.041708678,-0.024293076,-0.11096205,0.053221945,-0.08109759,-0.055578746,-0.10173702,0.25026244,0.86532646,0.91530985,0.8206274,0.8841775,0.8834994,0.91431934,0.9462753,0.94033724,0.8610875,0.7786438,0.97918844,0.8194023,0.9436034,0.8408468,0.86979884,0.93523693,0.9299561,0.9286992,0.9030031,0.7825207
2.0,-0.109785095,-0.09891725,-0.18499166,0.2186389,-0.18634139,0.011270507,0.1536708,-0.05958694,0.1911234,0.1845223,-0.06365286,-0.26825285,0.042752717,-0.026384603,-0.11312494,0.052794214,-0.08372736,-0.056223907,-0.10427897,0.25515562,0.86890954,0.9148669,0.81976575,0.8868202,0.8840412,0.91153836,0.9468548,0.9401892,0.8591705,0.78133196,0.9791563,0.8239372,0.94475794,0.84069943,0.86990625,0.93353564,0.92824525,0.9282128,0.9062019,0.78487206
4.0,0.10046445,0.08139759,0.11548754,0.024554648,-0.013810925,-0.05260681,0.008137703,0.006340444,-0.09147666,-0.2385443,0.01676126,0.14803158,-0.098122194,0.27765757,0.10329765,0.12620452,0.03315458,0.015163891,0.066825345,-0.22192107,0.82997,0.9139881,0.6904566,0.7903151,0.8708462,0.8881105,0.93357354,0.9234901,0.79431766,0.64709806,0.9219455,0.6657314,0.89701873,0.8187028,0.77505744,0.9286266,0.89188236,0.92150426,0.8414152,0.68848884
7.0,-0.10862178,-0.09810078,-0.18235996,0.21839967,-0.1929335,0.013971533,0.15100247,-0.0653739,0.19248977,0.1868398,-0.06347161,-0.27116776,0.046597898,-0.035387766,-0.116720945,0.05010348,-0.08125965,-0.05806581,-0.10486385,0.26375288,0.8607028,0.9152193,0.8277728,0.88287526,0.8821219,0.9188719,0.94498295,0.9408947,0.86667866,0.7795984,0.9812684,0.81818473,0.94264334,0.841304,0.8733653,0.93712103,0.9335963,0.9296975,0.89927405,0.78156275
2.0,0.0032729679,0.011032615,-0.018870562,0.123183906,-0.09775338,-0.01589399,0.07175055,-0.029733099,0.038410325,-0.03917579,-0.019179238,-0.050165094,-0.038219724,0.13891684,-0.011961482,0.087773755,-0.021083057,-0.019327957,-0.013716299,0.006121166,0.8405567,0.9262636,0.76150477,0.8355975,0.88280964,0.91141534,0.9395652,0.940081,0.8377759,0.7134432,0.95712996,0.7328199,0.9213027,0.8365815,0.82948774,0.9506608,0.9230339,0.92901534,0.87020856,0.73901004
11.0,0.6163503,0.45294365,1.171264,-0.72828406,0.55887437,-0.14323229,-0.24447563,0.0770198,-0.786085,-1.5462604,0.22278032,1.3847189,-0.2887563,0.83888155,0.7655153,0.10772182,0.2805215,0.13037524,0.63509923,-1.4017311,0.6366342,0.8443126,0.36792052,0.6026491,0.6516371,0.81210256,0.69054914,0.79758775,0.58604276,0.30423117,0.7968097,0.29147047,0.72076017,0.6072737,0.50251347,0.7916341,0.76426405,0.8723506,0.5435095,0.38009924
10.0,0.63971394,0.47708476,1.2514709,-0.7726147,0.6063024,-0.14093782,-0.24174365,0.08361577,-0.8270844,-1.6261595,0.23007146,1.4606677,-0.30393276,0.87432027,0.7997416,0.09171769,0.28415862,0.1339263,0.6762046,-1.4671739,0.6238858,0.8468385,0.35335606,0.5983649,0.6311884,0.8148078,0.66982955,0.79771984,0.5803053,0.29157364,0.7958127,0.2749409,0.7140234,0.59439874,0.48826483,0.78944546,0.76924795,0.8707436,0.52802366,0.36986026
10.0,0.23284921,0.18541807,0.34219733,-0.124967776,0.09074563,-0.081731245,-0.07580102,0.019641656,-0.25935534,-0.5231249,0.074044965,0.4238531,-0.16438653,0.4361064,0.24019065,0.13830745,0.1060074,0.045093156,0.18750231,-0.5028942,0.7861615,0.91072124,0.6147714,0.7326106,0.8375488,0.87676704,0.89258826,0.90484065,0.75554085,0.5570463,0.8973204,0.5563947,0.8544592,0.7819829,0.71461445,0.91904247,0.86907434,0.91196215,0.7706318,0.61153567
6.0,-0.09038827,-0.076054275,-0.15679589,0.20584112,-0.17034985,0.0077054324,0.1384463,-0.054431938,0.16360241,0.14532971,-0.056060366,-0.23172182,0.02541339,0.0050653145,-0.09843859,0.05949924,-0.07305495,-0.049856156,-0.088692494,0.21125272,0.86419374,0.91844994,0.81007326,0.8769364,0.88522375,0.91026706,0.9462661,0.9416163,0.85516304,0.7707192,0.9762119,0.80730915,0.94062096,0.84168994,0.86468905,0.9388345,0.92871904,0.9289645,0.9005163,0.7781639
7.0,-0.20404524,-0.22509634,-0.32020274,0.27986348,-0.30158764,0.03371397,0.22472525,-0.10889044,0.33909592,0.39990544,-0.104540385,-0.46143275,0.15155727,-0.2278012,-0.19286644,0.012073319,-0.12904873,-0.09921665,-0.18717863,0.51523805,0.8632459,0.8893779,0.8975943,0.9172045,0.86460793,0.9424269,0.94050246,0.9301628,0.90260404,0.8230943,0.99658316,0.8864079,0.9533367,0.827371,0.90023327,0.9024915,0.9385699,0.92524326,0.9032198,0.7987352
3.0,-0.044038106,-0.03295836,-0.08921839,0.16448775,-0.13552144,-0.0034285458,0.10490984,-0.042586684,0.10258501,0.05545241,-0.0379595,-0.14331228,-0.0048044794,0.06938063,-0.0564658,0.07317057,-0.04718197,-0.034598883,-0.05229281,0.11182926,0.8511814,0.9228329,0.78812295,0.85694337,0.8848038,0.9134438,0.9436157,0.9412095,0.8490497,0.74255925,0.9670822,0.77030826,0.93169826,0.8402564,0.84836066,0.9466605,0.927251,0.92955124,0.8856532,0.7593173
10.0,-0.0046830485,-0.002132879,-0.03323829,0.12434378,-0.10233043,-0.016030874,0.0789388,-0.02797249,0.05021257,-0.023620073,-0.022353144,-0.0642343,-0.028748916,0.12610185,-0.013539616,0.08600205,-0.025505167,-0.020210497,-0.020123817,0.02176603,0.84545314,0.9229791,0.7630549,0.842084,0.88321096,0.91076887,0.941329,0.9378503,0.83851755,0.71726716,0.95542353,0.74307704,0.92468303,0.83663875,0.82907265,0.94664776,0.91953623,0.9284378,0.87589717,0.7421638
3.0,-0.07268224,-0.055855654,-0.13017152,0.19403997,-0.15733157,0.004467833,0.12437527,-0.051598147,0.13956693,0.111068785,-0.049238242,-0.1988646,0.010928081,0.031025304,-0.08554597,0.06537828,-0.063140124,-0.04472155,-0.074712425,0.17357074,0.8577628,0.9214132,0.8029596,0.86708766,0.8853644,0.9113062,0.9452237,0.94271094,0.85274523,0.7605604,0.9743261,0.7909214,0.9364921,0.84198534,0.8604949,0.94345415,0.93042815,0.9295717,0.89337254,0.77115786
6.0,0.028759956,0.03207142,0.015709825,0.09960762,-0.07299698,-0.02604316,0.055295765,-0.017359976,0.0019564256,-0.0930219,-0.009908105,0.003332086,-0.05838202,0.18237141,0.018156823,0.09978733,-0.0075754,-0.00930213,0.007654179,-0.058689177,0.84135264,0.92453736,0.7398635,0.8242973,0.88171095,0.9020041,0.9394783,0.93686867,0.8236911,0.69711226,0.9475739,0.7161675,0.91552323,0.8328299,0.81473035,0.9451103,0.913956,0.9270176,0.86575055,0.7276715
8.0,-0.07263796,-0.059829544,-0.1385377,0.18920636,-0.14083585,-0.0043329224,0.1287649,-0.034688342,0.13384466,0.10156274,-0.05072172,-0.18836784,0.0064064995,0.05064155,-0.069920376,0.07185772,-0.06656917,-0.038286105,-0.07284337,0.14813389,0.8781564,0.9160958,0.7821523,0.8763622,0.88935417,0.8931889,0.9508503,0.93851143,0.8337063,0.762419,0.96311754,0.8060501,0.9416426,0.8381914,0.84718734,0.9312598,0.9112025,0.92533267,0.91194093,0.7769007
3.0,-0.10450594,-0.09444722,-0.17792948,0.21316803,-0.1816825,0.009721939,0.15014428,-0.057187796,0.18404078,0.17395377,-0.061647743,-0.25787005,0.039458178,-0.018354934,-0.10753523,0.054415863,-0.08097817,-0.05405117,-0.100180894,0.2429374,0.8685084,0.91529846,0.8164463,0.8854988,0.88446975,0.9113179,0.946935,0.9399359,0.85804504,0.77832794,0.9775063,0.8207402,0.94416654,0.84061843,0.8675215,0.93426603,0.9271271,0.9281802,0.90576494,0.78323066
10.0,-0.007820686,-0.0017674295,-0.037910044,0.13055149,-0.102937594,-0.015412243,0.08073565,-0.028075587,0.052517463,-0.018739697,-0.023847617,-0.06966067,-0.030903963,0.12655842,-0.01764036,0.0867714,-0.027695298,-0.021077331,-0.022300508,0.02532883,0.8478629,0.92355967,0.7628473,0.8424166,0.88421404,0.9075953,0.9423023,0.9387839,0.8361943,0.7199971,0.95647264,0.7451019,0.9248799,0.8370318,0.8306284,0.9459256,0.91954094,0.92821103,0.87782264,0.74443907
2.0,0.13183486,0.11842843,0.1810022,-0.0028775781,0.005206771,-0.052018665,-0.013645537,-0.00082640257,-0.13214496,-0.30349407,0.03244944,0.21133079,-0.11829563,0.31585622,0.11963241,0.12041107,0.04991438,0.018192563,0.095497206,-0.27989745,0.8101716,0.9255704,0.6829185,0.77647567,0.86420304,0.89811724,0.9187113,0.92781204,0.79727113,0.6289225,0.92734,0.63080347,0.8865216,0.8124353,0.77014977,0.94355917,0.9010633,0.92249143,0.8182964,0.6730935
6.0,-0.1782904,-0.17370623,-0.2818324,0.2733522,-0.23846173,0.023051394,0.20794564,-0.07781859,0.2829128,0.31789857,-0.08979902,-0.39329803,0.09331912,-0.12523633,-0.16710488,0.03183409,-0.1224155,-0.079999134,-0.15705404,0.40090072,0.8903436,0.90316284,0.84689903,0.9180141,0.87867975,0.90608376,0.94683254,0.93679196,0.86372346,0.82001066,0.99084896,0.8816291,0.9570479,0.83541447,0.88657737,0.9114454,0.9248166,0.9241267,0.92617583,0.80891424
4.0,0.36384395,0.2670719,0.56502295,-0.30625498,0.21314713,-0.11649378,-0.15418902,0.037301075,-0.4198124,-0.82935894,0.12601304,0.7104636,-0.20864508,0.57024294,0.40869287,0.1530363,0.17413218,0.07641789,0.31424946,-0.7899678,0.74774003,0.87865984,0.5260089,0.67734796,0.790104,0.84034306,0.84766555,0.8605954,0.6897946,0.46377617,0.8550212,0.4637209,0.8054263,0.7311123,0.642201,0.8716078,0.8158494,0.89330393,0.7005495,0.526777
9.0,-0.1508285,-0.14174166,-0.24092466,0.25533953,-0.22937979,0.023175638,0.181841,-0.081214055,0.25075397,0.2720326,-0.07983315,-0.35187566,0.07836184,-0.10234481,-0.15431558,0.03741194,-0.10344343,-0.07425436,-0.13763157,0.3603465,0.8670812,0.90812176,0.8509149,0.8963008,0.8775786,0.91950136,0.94435763,0.9396409,0.8736784,0.8019243,0.9908517,0.8476924,0.9484405,0.8393055,0.8874795,0.925462,0.93717295,0.9284226,0.9049527,0.793364
2.0,0.07631949,0.06766647,0.08769869,0.0499532,-0.037266638,-0.03958868,0.0240817,-0.0058689932,-0.05932813,-0.18851034,0.009742433,0.09795523,-0.08389169,0.24279946,0.06834769,0.111283876,0.019700583,0.0050514042,0.047494765,-0.16071938,0.82898486,0.9233928,0.71305496,0.80336666,0.87494063,0.90051264,0.93181795,0.9319275,0.81287354,0.66489816,0.93583786,0.67942,0.903876,0.82537335,0.7925471,0.943454,0.9067769,0.92532283,0.8462818,0.7026782
3.0,-0.23272505,-0.24782187,-0.357577,0.30930862,-0.2952398,0.032044187,0.2536917,-0.10081568,0.3632562,0.4361695,-0.11146738,-0.49688494,0.14817907,-0.22628501,-0.20849392,0.011452537,-0.15103467,-0.103579156,-0.20159265,0.5374042,0.89772505,0.8892408,0.878169,0.93887293,0.8678564,0.9126059,0.9415327,0.9305618,0.8769843,0.84501,1.0016434,0.9224375,0.9624115,0.82624805,0.89886653,0.888183,0.9251245,0.91980517,0.9299899,0.8193626
2.0,0.41962624,0.31824532,0.70156664,-0.38930497,0.28309157,-0.117496796,-0.17785451,0.037199643,-0.5012143,-0.9805875,0.15023215,0.85347193,-0.22910099,0.637329,0.47059953,0.12868804,0.20347227,0.08293204,0.38366428,-0.91896975,0.72267324,0.88237506,0.4908906,0.663003,0.7614771,0.8387145,0.80993116,0.85555786,0.67114407,0.42791224,0.8512989,0.4159919,0.7879058,0.70417994,0.6116343,0.86944443,0.80995166,0.8870112,0.6638487,0.49407083
10.0,0.07474117,0.06485117,0.08182437,0.051547218,-0.035586253,-0.041898042,0.02518244,-0.0029478804,-0.058067046,-0.18606296,0.007964162,0.09615429,-0.08418928,0.243773,0.07080603,0.11510761,0.018556084,0.0060869046,0.0459779,-0.16224812,0.83288985,0.9201923,0.7097949,0.80345416,0.87545955,0.8958536,0.93477917,0.9299456,0.8077657,0.6654401,0.9330121,0.6828907,0.9042792,0.824728,0.79058576,0.9379902,0.9025063,0.92420304,0.8496137,0.7033105
4.0,-0.11308911,-0.100793526,-0.19121829,0.22213244,-0.18217735,0.0096587,0.15734416,-0.055137992,0.19242452,0.18647882,-0.06497985,-0.27039033,0.040436115,-0.021245275,-0.112507656,0.054197922,-0.08712563,-0.05542463,-0.105669305,0.25200605,0.8771067,0.91425073,0.8136341,0.89106476,0.88580596,0.9041562,0.94857854,0.9398362,0.85229266,0.7846829,0.97732526,0.8310174,0.9469355,0.8400432,0.867499,0.9301268,0.9229441,0.9268691,0.9134945,0.7889476
11.0,0.6943377,0.50100505,1.3696829,-0.8654975,0.67146146,-0.14742759,-0.24480247,0.104720764,-0.894254,-1.7708371,0.24621017,1.5977056,-0.32930747,0.92279106,0.88492084,0.092274174,0.29355067,0.15172702,0.74308044,-1.6023718,0.60351896,0.8373731,0.32670873,0.57977915,0.60433096,0.8011675,0.6345552,0.784236,0.5643413,0.26708776,0.7763223,0.25261164,0.69580454,0.5683286,0.46365854,0.7613226,0.7630671,0.8741888,0.4975042,0.3460705
1.0,-0.21245378,-0.22502902,-0.32878652,0.29533994,-0.2993723,0.0356124,0.23036966,-0.109456465,0.3438119,0.40880096,-0.10585282,-0.47389287,0.14589106,-0.22645354,-0.20323953,0.012528792,-0.13330914,-0.10125262,-0.18933877,0.52282566,0.86911523,0.89082396,0.89431727,0.9160446,0.8647828,0.9319739,0.93940103,0.93275684,0.8952839,0.8284701,1.0013087,0.88987494,0.95350146,0.82947767,0.90385735,0.9011148,0.93990636,0.92540604,0.9051727,0.80202186
6.0,-0.14852326,-0.13917732,-0.23760083,0.25502506,-0.23417163,0.025099436,0.17805111,-0.08608503,0.2503065,0.2717479,-0.07966987,-0.35255414,0.08083087,-0.10886221,-0.15640579,0.03582864,-0.100393355,-0.0754256,-0.13717908,0.3650319,0.859307,0.9080568,0.8575562,0.8914355,0.87598854,0.9255361,0.9428612,0.94018453,0.8794724,0.7996585,0.99200267,0.8413082,0.9462622,0.8396259,0.8899496,0.92837214,0.9414517,0.92965513,0.89837295,0.789699
1.0,-0.2166377,-0.22399563,-0.33406752,0.31148058,-0.32121074,0.041686714,0.22451225,-0.1294795,0.35777083,0.42876175,-0.11072893,-0.49628985,0.15764236,-0.26183414,-0.21927136,0.008644309,-0.12935266,-0.10945187,-0.19461553,0.55750215,0.84611106,0.8861304,0.9194407,0.8970285,0.8571866,0.9464997,0.9340365,0.9340056,0.9084183,0.82571715,1.0066986,0.8742158,0.9480796,0.828182,0.91307676,0.9025629,0.9542086,0.92813647,0.88305616,0.790899
2.0,0.063083656,0.061930634,0.07208616,0.066532746,-0.049825445,-0.03298357,0.03146365,-0.014439562,-0.041631185,-0.1604753,0.0048197154,0.07028876,-0.077051915,0.22344932,0.048457216,0.10494763,0.012116771,-0.00082322024,0.03633118,-0.12764892,0.8271592,0.9272053,0.72558767,0.80841595,0.876496,0.9066956,0.9319589,0.93575853,0.8206076,0.6747264,0.9432409,0.6858906,0.9065932,0.82783884,0.80260456,0.94972193,0.9143192,0.926816,0.8481168,0.7100519
6.0,-0.12932366,-0.11911844,-0.21377736,0.23418647,-0.19727471,0.013554208,0.1696349,-0.061452053,0.21567899,0.22005525,-0.07121175,-0.30194432,0.05478618,-0.04909954,-0.12669827,0.04803267,-0.09569138,-0.061645158,-0.11879468,0.29110342,0.8790622,0.91176176,0.8235789,0.8978264,0.88413906,0.906375,0.9482065,0.9391639,0.8569724,0.79340136,0.9810647,0.84307045,0.9495012,0.83936834,0.87316066,0.9265743,0.92444324,0.92655903,0.91600865,0.7937754
8.0,-0.18715413,-0.18500546,-0.2951593,0.27891037,-0.24426907,0.023806242,0.2160412,-0.07885219,0.29456976,0.33488604,-0.09341216,-0.40859127,0.10061207,-0.13711561,-0.17234048,0.028871946,-0.1279783,-0.082720496,-0.16403258,0.41836846,0.8952519,0.9013141,0.84855974,0.9242169,0.87833256,0.90433544,0.9469295,0.9358123,0.86309475,0.8255552,0.991418,0.8913229,0.9591685,0.83397067,0.88725144,0.90749025,0.9221037,0.92299324,0.9309638,0.8129042
3.0,-0.0735536,-0.061017532,-0.13299988,0.189859,-0.15706792,0.0033190711,0.12661,-0.048905212,0.14127427,0.11239402,-0.04955911,-0.19931257,0.014677357,0.029101077,-0.08224328,0.06456861,-0.0638262,-0.04381588,-0.0755345,0.17428994,0.8606372,0.919924,0.8012447,0.8706402,0.8855853,0.9108237,0.9457594,0.9412507,0.85258126,0.7606065,0.9722267,0.7948962,0.93780816,0.8412981,0.8581889,0.941434,0.9271932,0.9290964,0.8964125,0.771773
5.0,0.18579392,0.1438016,0.25134596,-0.07017001,0.051591054,-0.07547086,-0.047460325,0.019510418,-0.1986014,-0.41718516,0.052228466,0.32185113,-0.14092013,0.37923142,0.19588593,0.14297234,0.08081749,0.036995187,0.14132668,-0.40359032,0.8045962,0.9068466,0.6403455,0.75056994,0.8512297,0.878187,0.9134413,0.9086585,0.7669551,0.5878197,0.9013796,0.59806526,0.869914,0.7973597,0.73475134,0.9167714,0.8737059,0.9152503,0.79891276,0.6383491
1.0,-0.29923618,-0.3579604,-0.4499848,0.34591368,-0.39129573,0.040236607,0.31199223,-0.14128067,0.4736401,0.6028026,-0.14115101,-0.62890685,0.2350719,-0.38390028,-0.25739315,-0.015340149,-0.1845397,-0.14145896,-0.2594991,0.73606133,0.89175177,0.8636006,0.9320489,0.952486,0.84588116,0.93397385,0.92767185,0.917763,0.90519017,0.86385334,1.014988,0.9615401,0.9618153,0.8050983,0.9100384,0.8479984,0.92988837,0.91105914,0.91406804,0.81714344
9.0,-0.24279255,-0.26713365,-0.36999106,0.3153216,-0.3293059,0.037876893,0.25686613,-0.12053548,0.38848627,0.47398707,-0.11777045,-0.5281823,0.1745189,-0.27929536,-0.2236167,0.0037905648,-0.15038991,-0.11436858,-0.21314907,0.5947879,0.8755103,0.8817868,0.908157,0.92660254,0.8581414,0.9327404,0.93620855,0.92841095,0.8984817,0.84084505,1.0065957,0.9129757,0.9569746,0.8224942,0.90771127,0.88430005,0.9387101,0.92156106,0.90741825,0.8072227
10.0,0.49589598,0.35388663,0.8407308,-0.51365733,0.36596385,-0.13831954,-0.21696845,0.0554732,-0.59775096,-1.1775765,0.18055163,1.0340018,-0.24530312,0.6999772,0.5891825,0.14341317,0.2394721,0.104765065,0.4651047,-1.0925572,0.696852,0.8536968,0.44223058,0.6333841,0.72846055,0.81557304,0.77676195,0.82164043,0.6321961,0.37627372,0.8189868,0.37319675,0.75961566,0.67159414,0.5696834,0.82672876,0.7761159,0.8797486,0.6212384,0.44515285
5.0,-0.28828913,-0.3641473,-0.44363588,0.32395723,-0.42392373,0.041630954,0.29853272,-0.15482825,0.4812893,0.61095107,-0.14510003,-0.62707365,0.2614112,-0.42249373,-0.24900761,-0.020965718,-0.17682143,-0.14644775,-0.2646329,0.7600205,0.8638193,0.85628057,0.96357095,0.9454257,0.84123784,0.9689743,0.9287379,0.91270727,0.9356469,0.85182804,1.0050465,0.9478137,0.9584161,0.7977982,0.9098427,0.8493675,0.9366816,0.9113294,0.89541143,0.8045265
9.0,-0.0997019,-0.08674365,-0.17619437,0.21106206,-0.16263166,0.002578572,0.14896896,-0.04334965,0.17091887,0.15500419,-0.060781993,-0.24004357,0.026719175,0.009834345,-0.094569534,0.061822243,-0.08176805,-0.047809392,-0.09419671,0.20889023,0.8839836,0.91401535,0.7966324,0.88955235,0.88877326,0.89477885,0.9510754,0.9386946,0.8398476,0.77879804,0.9695738,0.8276963,0.94718397,0.8384277,0.85709065,0.927859,0.91327715,0.9250458,0.9195341,0.7877853
6.0,-0.44702947,-0.68343395,-0.6460489,0.40192705,-0.69182146,0.015873922,0.47373807,-0.25071552,0.768654,1.0508032,-0.21455438,-0.90059286,0.47027567,-0.80595815,-0.3415518,-0.06519919,-0.29348144,-0.26865527,-0.39553878,1.2490362,0.8789363,0.7818484,1.0554041,0.96358806,0.77703637,0.9904128,0.85936224,0.86984307,0.96661264,0.8648399,1.0388619,1.0543538,0.9533819,0.70604825,0.88281935,0.6986331,0.93298274,0.8562324,0.8367982,0.78827995
4.0,0.031902485,0.031755235,0.01716967,0.09475595,-0.06745644,-0.029729396,0.053913787,-0.012636872,-0.0026557818,-0.10037759,-0.00933387,0.011307865,-0.05999726,0.1888324,0.02635305,0.10357073,-0.005984165,-0.0066532493,0.010420296,-0.070401356,0.8445137,0.9214129,0.733678,0.8236297,0.8816328,0.89774007,0.94108784,0.9344626,0.8182852,0.6944008,0.9433239,0.71688306,0.91554856,0.83142453,0.80983806,0.9401077,0.9086586,0.9257803,0.8677952,0.7260676
8.0,-0.09854366,-0.08689915,-0.17194888,0.20889801,-0.16808891,0.0050013033,0.14728369,-0.04811314,0.17201714,0.15653567,-0.05966229,-0.24130827,0.029441008,0.0031079836,-0.097290136,0.05974469,-0.07970224,-0.04930959,-0.09400941,0.2162539,0.876778,0.9153462,0.8033158,0.8865216,0.88719565,0.90175664,0.94915557,0.9393751,0.8472502,0.7765982,0.9726615,0.82198095,0.9452189,0.83972543,0.86071604,0.93148494,0.91945076,0.9265526,0.91264987,0.7846333
4.0,-0.08455402,-0.07168431,-0.14871582,0.19937268,-0.16497159,0.0054737027,0.1346791,-0.051808245,0.15605094,0.13380657,-0.053831883,-0.21976563,0.022036629,0.013792459,-0.09162569,0.0617093,-0.07007001,-0.047414146,-0.08404892,0.19739336,0.8636509,0.91850454,0.806147,0.87542605,0.8854009,0.91030306,0.94643855,0.9410477,0.8535783,0.76709074,0.97435486,0.8038172,0.94010025,0.84118754,0.8616698,0.93888426,0.9274154,0.9287137,0.89984035,0.7761343
9.0,0.008905786,0.017327739,-0.0060027987,0.11942009,-0.11688294,-0.0071387715,0.06200837,-0.050128724,0.041108374,-0.039919067,-0.017139226,-0.053167406,-0.021974389,0.1108525,-0.021715473,0.07049769,-0.014566254,-0.025348388,-0.015075039,0.026151538,0.8156422,0.9285041,0.78480715,0.82939905,0.87517434,0.93958426,0.93025696,0.94273406,0.8620485,0.7088539,0.9606809,0.7189923,0.91753536,0.8344153,0.8356393,0.9688289,0.93520254,0.93372923,0.8536521,0.7317857
10.0,0.24636221,0.18953204,0.35838315,-0.14382121,0.102384254,-0.0881615,-0.08451126,0.024778679,-0.2748131,-0.552234,0.078881,0.45122236,-0.1683452,0.4490217,0.2615765,0.14526862,0.11365518,0.049921013,0.19901514,-0.53317064,0.7845653,0.9035076,0.6039682,0.7257541,0.833574,0.8702515,0.89137435,0.8978178,0.7465915,0.54623073,0.8894733,0.5492253,0.8495655,0.7776744,0.70550334,0.9095452,0.8602353,0.90960896,0.7653246,0.6019425
5.0,-0.22055879,-0.23160854,-0.34053272,0.30066514,-0.28460366,0.030785944,0.24288163,-0.09695311,0.346277,0.41108015,-0.10675685,-0.47513586,0.13764285,-0.20700672,-0.20011874,0.015337575,-0.1440157,-0.09866236,-0.19203353,0.5101608,0.8937177,0.8922751,0.8737785,0.93324757,0.86987865,0.9133552,0.94259,0.9319563,0.8764755,0.8388419,0.9996204,0.91183704,0.9607909,0.82862645,0.897283,0.89421904,0.92659885,0.9212761,0.9272812,0.81602883
4.0,-0.010547096,-0.005434568,-0.04810545,0.13312706,-0.09670131,-0.01982607,0.08406209,-0.019861812,0.05263079,-0.017779876,-0.026518205,-0.070494205,-0.033090185,0.13340439,-0.012243472,0.091745704,-0.030541617,-0.018569976,-0.023813274,0.01774726,0.8591174,0.919214,0.75317985,0.84538114,0.88616145,0.8957766,0.946544,0.9362029,0.8247396,0.72212195,0.95050555,0.75381297,0.9270035,0.8354074,0.824926,0.9370241,0.90933204,0.92583936,0.88741416,0.74748576
3.0,-0.14406312,-0.1440604,-0.23377293,0.24201629,-0.23735815,0.023985343,0.17608678,-0.08545476,0.2492072,0.26815295,-0.07894504,-0.34627149,0.08904672,-0.11431223,-0.14858148,0.03348344,-0.097397,-0.074027896,-0.13683529,0.36392802,0.85580873,0.9058741,0.8603078,0.894005,0.87492746,0.9336849,0.94300354,0.937575,0.88605845,0.7958514,0.9879968,0.84101075,0.9461939,0.83757544,0.88661546,0.92844486,0.9391645,0.9298042,0.8975632,0.78693706
4.0,-0.018439285,-0.009185161,-0.052518453,0.14209333,-0.1126685,-0.01130345,0.08742835,-0.032907486,0.06670505,0.0029044524,-0.027976766,-0.09160803,-0.024618907,0.11077257,-0.030549616,0.08272633,-0.033490155,-0.025324814,-0.031128045,0.050793946,0.8484931,0.9242562,0.7707298,0.8461387,0.88469243,0.90923446,0.9426041,0.94024086,0.8401314,0.7270483,0.96035796,0.75170356,0.9266016,0.8383943,0.8367484,0.9472387,0.92275995,0.92883325,0.87981486,0.7491645
3.0,-0.09794527,-0.08788417,-0.16677366,0.20939097,-0.1875006,0.012553477,0.14235583,-0.06489658,0.17981952,0.16791561,-0.059488587,-0.25289065,0.04143514,-0.024517443,-0.10890421,0.05209385,-0.07476708,-0.055250518,-0.09730458,0.24470823,0.85474664,0.91639125,0.8261463,0.87745106,0.88163406,0.92279524,0.94400877,0.94110614,0.86828744,0.7730768,0.9798287,0.808364,0.9403318,0.8413226,0.87103635,0.94074106,0.9351937,0.9304373,0.8940652,0.77673006
11.0,0.6889615,0.492361,1.3420839,-0.85329294,0.65542865,-0.1498005,-0.24950147,0.1021298,-0.88300604,-1.7483134,0.24445151,1.576244,-0.32151276,0.90903836,0.8772016,0.101249546,0.2952373,0.15158913,0.7290819,-1.5849739,0.6068495,0.83465946,0.3306507,0.5796976,0.6122285,0.79920155,0.6408781,0.78195274,0.5641867,0.26966152,0.77444804,0.25748372,0.697528,0.57130986,0.46782747,0.7588811,0.7583398,0.87594444,0.5012321,0.34723356
8.0,-0.12163527,-0.10882449,-0.19945136,0.23310709,-0.2051764,0.017667465,0.15909478,-0.07286245,0.21093151,0.21397603,-0.068561316,-0.29746515,0.055050824,-0.057126734,-0.13114314,0.04660108,-0.087754875,-0.06393833,-0.1149735,0.29521915,0.85979927,0.91358995,0.8372923,0.884429,0.8803319,0.9204154,0.94439274,0.9413173,0.86962974,0.7865708,0.9858675,0.8247343,0.94386435,0.84118253,0.8796296,0.93485457,0.9375171,0.92968446,0.8984572,0.7846966
7.0,-0.11844455,-0.10652919,-0.1951912,0.22934753,-0.203549,0.017140014,0.15683053,-0.07207278,0.20706856,0.208279,-0.06745319,-0.29188704,0.0541488,-0.053949375,-0.12817036,0.046941295,-0.08586481,-0.06285759,-0.11281645,0.28951895,0.8586092,0.91385615,0.8364949,0.8835785,0.8803947,0.921544,0.94430715,0.9412295,0.87029374,0.78462124,0.98503155,0.82240826,0.94332194,0.84116143,0.8786252,0.93581307,0.9373587,0.929878,0.89758724,0.7834146
2.0,0.57324016,0.41933602,1.0515828,-0.64947444,0.4879131,-0.14080194,-0.23782825,0.066894926,-0.71905774,-1.4129496,0.20877206,1.2572097,-0.2717964,0.7895627,0.6993267,0.11820151,0.26929566,0.11961185,0.5732911,-1.2888316,0.65828097,0.8485772,0.39359978,0.6139726,0.6796287,0.81384844,0.7213888,0.80689895,0.6021384,0.32875362,0.8060952,0.31807584,0.7347817,0.6304311,0.5260706,0.80629975,0.7678098,0.8740518,0.57078576,0.4021055
8.0,-0.093129575,-0.0787254,-0.16007909,0.2085371,-0.17474264,0.009164056,0.13985498,-0.057403035,0.16832313,0.15223937,-0.057152413,-0.23842038,0.02868267,-0.002290424,-0.10240779,0.057858534,-0.07405546,-0.05156172,-0.09121885,0.22071512,0.86211133,0.91824466,0.8141752,0.87688404,0.8844505,0.9127599,0.9457514,0.94183266,0.8579376,0.77195066,0.97779506,0.80773896,0.94058615,0.8418415,0.86695653,0.93932915,0.93086076,0.929317,0.8989416,0.7782755
3.0,-0.07765417,-0.0639052,-0.13873324,0.19457054,-0.15865116,0.0037060985,0.12951215,-0.049482714,0.14614147,0.119598776,-0.051152676,-0.20613828,0.015680064,0.025709912,-0.08566246,0.06451096,-0.06643817,-0.044977732,-0.0783737,0.18075013,0.8626465,0.9194742,0.8018322,0.87215674,0.8857866,0.90924543,0.94638103,0.94129336,0.85127145,0.76326036,0.97298676,0.79837257,0.93876725,0.8411854,0.85921836,0.9399678,0.92692465,0.928717,0.89827913,0.773823
6.0,-0.112115085,-0.098828286,-0.18850231,0.2228179,-0.18410188,0.010721324,0.15558386,-0.05783292,0.19206399,0.18620749,-0.064435944,-0.2703061,0.04009714,-0.023013111,-0.114309855,0.054016426,-0.085869916,-0.05620099,-0.10516293,0.2538439,0.87317204,0.91488016,0.8166577,0.88823414,0.8849592,0.90695035,0.9477768,0.94047225,0.8548789,0.7835642,0.9789112,0.8272844,0.9457427,0.8405968,0.8693464,0.9318678,0.9262566,0.92756003,0.90966356,0.78728145
3.0,-0.19273104,-0.19717476,-0.3012735,0.2803419,-0.26511168,0.028418021,0.21800625,-0.09141065,0.30969107,0.3573606,-0.09631804,-0.4275586,0.11715654,-0.16976781,-0.18191884,0.023179352,-0.1271145,-0.08897183,-0.17107414,0.4543779,0.88067394,0.89815986,0.8677586,0.91827023,0.8727247,0.9188344,0.9436137,0.93464595,0.87873906,0.8233155,0.995805,0.88530743,0.95575297,0.83318067,0.8943001,0.9074674,0.9319306,0.92472893,0.9169584,0.8059461
3.0,-0.14277892,-0.13726524,-0.23271552,0.24174076,-0.21229371,0.016716922,0.18022773,-0.067697465,0.23669556,0.25007796,-0.07660806,-0.32899797,0.07017145,-0.07673794,-0.13767423,0.042014785,-0.1024403,-0.06720964,-0.13039485,0.3272332,0.8790064,0.90880257,0.8338008,0.9036811,0.8819171,0.9108104,0.9474687,0.9377335,0.8631417,0.7998228,0.9839586,0.85288024,0.95141906,0.8381462,0.877699,0.9229961,0.9259192,0.9262436,0.9167487,0.79663503
5.0,-0.15286577,-0.14657393,-0.24498641,0.2528885,-0.22584936,0.02093775,0.18591912,-0.07625271,0.2520864,0.27315417,-0.08041379,-0.35135734,0.07901115,-0.09869285,-0.15067494,0.03793271,-0.106307864,-0.072925225,-0.1386958,0.3571478,0.874535,0.9073784,0.8450769,0.9026024,0.87905324,0.91523856,0.9458872,0.9383156,0.8692775,0.8039521,0.9886451,0.8550841,0.9509203,0.83820397,0.8841449,0.9221609,0.9316855,0.92700994,0.91210157,0.7968349
2.0,0.02163295,0.025083764,0.0062592924,0.10483896,-0.07998536,-0.023288323,0.06016069,-0.020756101,0.012672931,-0.077738196,-0.012234706,-0.01154571,-0.051519588,0.1690541,0.010340054,0.095935926,-0.011248987,-0.011989746,0.0018323474,-0.040005073,0.8408129,0.9249182,0.74621654,0.8281546,0.88195944,0.90568894,0.93927103,0.9375895,0.8285184,0.7014109,0.9502362,0.72116363,0.91756815,0.8339223,0.81865096,0.9469334,0.9166367,0.92762065,0.86695,0.73075813
3.0,-0.15125208,-0.14579636,-0.24413201,0.24944425,-0.21979266,0.018731164,0.18642485,-0.07115111,0.24819332,0.26708764,-0.079824276,-0.34516048,0.07627704,-0.08998057,-0.145569,0.039348133,-0.106879026,-0.070628114,-0.13692309,0.34670576,0.8801628,0.9075653,0.83850956,0.9062025,0.8808799,0.91095936,0.947169,0.93768,0.86463207,0.804316,0.9861612,0.85854113,0.95238525,0.837734,0.8806982,0.92082995,0.9269126,0.9260292,0.917625,0.7989637
2.0,0.20749864,0.16263351,0.2929968,-0.09528429,0.06824912,-0.07796408,-0.060095392,0.020204887,-0.22663307,-0.46543235,0.06298344,0.3679009,-0.1518253,0.40535453,0.21558988,0.14003345,0.09277201,0.04064942,0.16258527,-0.44810623,0.79628325,0.90985376,0.6294686,0.7427011,0.84540474,0.87849426,0.90315807,0.90807676,0.7640025,0.5738404,0.9001213,0.57885265,0.8634011,0.79141515,0.725933,0.91961354,0.87314576,0.91443425,0.7857682,0.6262575
3.0,-0.07525135,-0.06349926,-0.13493249,0.19069204,-0.16010499,0.00406943,0.12757042,-0.05098995,0.14480928,0.11716026,-0.05022811,-0.20346378,0.01771357,0.023442008,-0.0842931,0.06341078,-0.06441822,-0.044880934,-0.07723396,0.18075243,0.8588728,0.91951317,0.8042185,0.8709204,0.8848847,0.91336906,0.9454448,0.9411036,0.85487163,0.76117116,0.9731451,0.7953276,0.93799347,0.8411749,0.85944945,0.94162,0.9286125,0.9292769,0.89526707,0.771702
6.0,-0.090766825,-0.07931622,-0.15977609,0.20244375,-0.16415203,0.0039433446,0.14098625,-0.047974702,0.1625807,0.14277813,-0.05652672,-0.22767982,0.02488975,0.011535302,-0.091829404,0.061839044,-0.07487191,-0.047372453,-0.08813898,0.2024656,0.872016,0.9164448,0.8021638,0.88168377,0.8866765,0.90455943,0.94843656,0.9396586,0.8484293,0.7713843,0.97233504,0.81376916,0.9431378,0.84004146,0.85955817,0.9339153,0.92161894,0.92717284,0.9077912,0.78058076
10.0,0.17269212,0.14110744,0.24029404,-0.053114034,0.0398191,-0.06691384,-0.038586453,0.012204911,-0.18344444,-0.39043328,0.048993066,0.29616475,-0.13655105,0.36526915,0.17286035,0.1324639,0.073324606,0.031124681,0.13166255,-0.3720566,0.8037103,0.9166271,0.65320325,0.7585654,0.8547539,0.8874542,0.9114236,0.91700894,0.779148,0.5987801,0.9117898,0.60359174,0.8747095,0.8016359,0.7453857,0.9299884,0.88545597,0.9181953,0.8018438,0.64792466
5.0,-0.15369108,-0.14606008,-0.24856848,0.25309876,-0.21613151,0.018018177,0.18903017,-0.067918874,0.2484872,0.26771232,-0.080581225,-0.34683976,0.07350863,-0.08497113,-0.14594096,0.0399412,-0.109439686,-0.070077576,-0.13781941,0.34364796,0.88669336,0.90773934,0.8336014,0.90963066,0.882424,0.9048325,0.9481462,0.93794924,0.85923463,0.80743736,0.9850777,0.8640422,0.953984,0.83757424,0.8791848,0.9191863,0.9229874,0.9251991,0.92352515,0.80258834
11.0,0.08020706,0.07611576,0.09956654,0.049311817,-0.037102878,-0.03713239,0.020098954,-0.011628873,-0.063870244,-0.19531198,0.012054788,0.10465251,-0.08656044,0.24522428,0.06518097,0.10780695,0.021772977,0.0037459508,0.05093657,-0.16397785,0.8218826,0.9276799,0.71648675,0.8008326,0.8736904,0.9067156,0.9282626,0.93454444,0.8170762,0.6634217,0.93992805,0.67186207,0.9021178,0.82470584,0.79517806,0.9502701,0.9125123,0.9262824,0.8403402,0.7011242
5.0,-0.124210775,-0.115004,-0.20416108,0.23177728,-0.21080923,0.018911682,0.16137797,-0.07441145,0.21604645,0.22121052,-0.06993021,-0.3041215,0.06191325,-0.066935554,-0.13267824,0.043483544,-0.0884276,-0.0651158,-0.118154675,0.3059414,0.858718,0.9123547,0.84135497,0.8865272,0.87951744,0.92362803,0.944026,0.9405393,0.87385666,0.7873636,0.98550344,0.82703716,0.9439834,0.8407001,0.8803993,0.93457174,0.93728656,0.93000364,0.8982945,0.78449476
2.0,0.6990139,0.50040734,1.3728861,-0.8717756,0.6726723,-0.14868857,-0.2466985,0.10614497,-0.8975484,-1.7790766,0.2470993,1.6056033,-0.32942808,0.9231502,0.8916675,0.095552474,0.2952294,0.15384883,0.74559563,-1.6123039,0.60229206,0.8355117,0.32528165,0.5775093,0.6044825,0.79857653,0.63255095,0.7820504,0.5625518,0.26543707,0.77324826,0.25195777,0.6943125,0.56627023,0.46248293,0.7571974,0.7606375,0.8752965,0.49537072,0.3439442
1.0,-0.3185008,-0.39069384,-0.4771641,0.35711822,-0.41300932,0.040145792,0.33207172,-0.1490706,0.5031425,0.6479317,-0.14901397,-0.6626398,0.25534347,-0.41948676,-0.26847637,-0.021439098,-0.19699822,-0.15163308,-0.2751369,0.7845124,0.8983177,0.8570716,0.9387243,0.9610711,0.841214,0.93336296,0.9233544,0.91368777,0.90595543,0.87145305,1.0185573,0.9786033,0.96294814,0.798188,0.9094756,0.83399004,0.9262086,0.90649176,0.91579795,0.8202043
10.0,0.31081396,0.23462296,0.47282887,-0.22909835,0.16099446,-0.102494314,-0.122287236,0.031259533,-0.35531592,-0.70192504,0.105680674,0.5920594,-0.19316451,0.51917654,0.33786646,0.14665031,0.14774783,0.06363945,0.26210034,-0.67321414,0.7646501,0.8942551,0.5620023,0.69965166,0.8109392,0.8560566,0.8664618,0.88141435,0.71877253,0.50159794,0.8732113,0.50033766,0.82643867,0.7533152,0.6714343,0.893839,0.8396946,0.9015874,0.7296401,0.5615601
5.0,-0.2802707,-0.3258312,-0.42351675,0.33532724,-0.36487535,0.0389511,0.29438248,-0.13070324,0.44264618,0.55560774,-0.13272533,-0.59270096,0.21131931,-0.34114924,-0.24452095,-0.008278314,-0.17408891,-0.1305266,-0.24331215,0.681466,0.89122075,0.8710575,0.9190605,0.9478224,0.85190994,0.9298719,0.93197167,0.92163026,0.8993638,0.85838264,1.011548,0.9490143,0.96179205,0.8119637,0.90846497,0.8608418,0.9301394,0.914397,0.9173079,0.8171859
10.0,0.14402004,0.12980345,0.20333618,-0.015461795,0.014064133,-0.053763494,-0.021421619,-0.00086747017,-0.14791971,-0.32927224,0.03800288,0.23632012,-0.124367714,0.33017436,0.12988381,0.11924296,0.056632254,0.020425662,0.10659447,-0.3044772,0.8050997,0.92714596,0.67726576,0.7715418,0.86123484,0.89912957,0.91389185,0.9276738,0.7956517,0.6211352,0.9263844,0.6197657,0.8830657,0.8092292,0.7653963,0.94567007,0.9008044,0.92213255,0.81134546,0.66657716
1.0,-0.23025836,-0.24917382,-0.35299996,0.3059727,-0.31042016,0.03514255,0.24784482,-0.111261785,0.36771992,0.44301626,-0.11205675,-0.50163287,0.15852517,-0.24793714,-0.21221091,0.00897868,-0.14531769,-0.107083894,-0.202391,0.5560643,0.87953794,0.8866621,0.89536065,0.9270645,0.86290437,0.92750275,0.93885726,0.930021,0.89179635,0.83767056,1.0036234,0.90834093,0.9576325,0.82568073,0.9038632,0.8904272,0.93555224,0.92213047,0.9128774,0.80886805
6.0,-0.14675589,-0.13739842,-0.2395531,0.2481359,-0.20688933,0.015402726,0.18411645,-0.06319366,0.23756787,0.25169948,-0.078065656,-0.33183348,0.06579508,-0.06935038,-0.13855809,0.043477274,-0.10652967,-0.06658196,-0.13185364,0.32281423,0.8885235,0.9088044,0.8265625,0.9082034,0.884054,0.9016387,0.9491819,0.9381677,0.8545649,0.80451506,0.9825535,0.8608331,0.9538818,0.8376624,0.8755415,0.9200444,0.9203651,0.92484266,0.92528003,0.8020096
6.0,0.016661903,0.019902173,-0.003148079,0.10908519,-0.081413515,-0.023609638,0.06404856,-0.019169396,0.018385082,-0.068978995,-0.014671894,-0.019999094,-0.04938209,0.1651792,0.00823069,0.096599996,-0.014355104,-0.012440555,-0.0020581037,-0.033067092,0.84517837,0.9232837,0.74566156,0.83084893,0.8828981,0.90237767,0.9412203,0.93685704,0.8261558,0.7044983,0.94929874,0.72705317,0.91914237,0.8340404,0.8186871,0.943815,0.9140937,0.92701864,0.8712283,0.7334411
10.0,0.6653055,0.48484135,1.2986596,-0.8151455,0.6320847,-0.14599317,-0.24628904,0.09330008,-0.85634696,-1.6899878,0.23784079,1.5212551,-0.3129008,0.8925618,0.8407384,0.09734599,0.29014954,0.14342663,0.7037255,-1.5284795,0.6151155,0.8401351,0.34126398,0.5886105,0.6214863,0.80662173,0.6551414,0.78897387,0.57168263,0.2798895,0.7845242,0.26583588,0.7053128,0.58254683,0.47752348,0.77327466,0.7631754,0.87316245,0.51404536,0.35781154
8.0,-0.19662704,-0.19324794,-0.30685613,0.2898845,-0.25254524,0.026313081,0.22241357,-0.08361359,0.30675942,0.35307696,-0.09649619,-0.42640352,0.10566087,-0.15094891,-0.18222992,0.026445637,-0.13249631,-0.08693317,-0.1707325,0.43942678,0.8959243,0.899844,0.8537237,0.9248049,0.8762434,0.90383124,0.94598514,0.93620694,0.8641062,0.8300533,0.9944358,0.89618397,0.9595608,0.83363634,0.8908575,0.90490985,0.9242812,0.9229929,0.9301982,0.8145549
3.0,-0.3128354,-0.37871653,-0.4693776,0.35529292,-0.39900616,0.039279718,0.32763064,-0.1429094,0.49131903,0.62948257,-0.14578699,-0.6494716,0.24372797,-0.3982763,-0.26359725,-0.018367209,-0.19487113,-0.14674264,-0.26946968,0.7602452,0.9031143,0.86067843,0.9293659,0.9629835,0.84458756,0.9279129,0.9255784,0.91530883,0.8997207,0.8723313,1.0174892,0.9783902,0.9643602,0.80130935,0.9081887,0.8383873,0.9238423,0.90725714,0.9218489,0.8235349
10.0,0.011208514,0.014453292,-0.012553662,0.11365892,-0.08395183,-0.023365892,0.06811141,-0.018736176,0.025159828,-0.058846686,-0.017176533,-0.02977778,-0.0462228,0.15930352,0.004911978,0.09632656,-0.017649382,-0.013379902,-0.0063743815,-0.023733765,0.84849674,0.92199653,0.74650306,0.8337429,0.8836048,0.9005659,0.94274646,0.93641055,0.82513535,0.7078733,0.949094,0.7327615,0.9208264,0.83421355,0.81950563,0.9416313,0.9125661,0.9266178,0.8748747,0.736219
7.0,-0.2633813,-0.30799305,-0.40206814,0.31820044,-0.35749257,0.03740312,0.27895504,-0.12764223,0.42460474,0.52696216,-0.12794979,-0.5657772,0.20484129,-0.32530808,-0.23148471,-0.0046772733,-0.1646071,-0.124761395,-0.23347405,0.6525543,0.8812843,0.8734199,0.91977507,0.94233215,0.85415477,0.9389367,0.93462783,0.9217018,0.90524894,0.84949553,1.0068331,0.9353463,0.9606712,0.81372243,0.90652776,0.8689204,0.93282145,0.91609377,0.9124465,0.8120885
4.0,-0.17287314,-0.16802105,-0.27500036,0.2681944,-0.23313989,0.021846075,0.20408258,-0.07496399,0.27517256,0.30665568,-0.087887086,-0.38292414,0.089276455,-0.11600195,-0.16191107,0.03338716,-0.11974001,-0.07756275,-0.1529169,0.3878628,0.8903796,0.90421844,0.84342414,0.9171682,0.87988955,0.90543413,0.94731843,0.9369312,0.86252916,0.81756246,0.9891541,0.878656,0.95663625,0.83585703,0.8846045,0.91312665,0.92356735,0.92426515,0.9266622,0.80801463
2.0,0.6245787,0.46427336,1.2058338,-0.744207,0.5792649,-0.14026785,-0.24197266,0.0788077,-0.80285084,-1.5774305,0.22522563,1.4142874,-0.29545474,0.8546842,0.77606195,0.09715852,0.28224838,0.13027078,0.6524946,-1.4265016,0.6313997,0.8475342,0.36240995,0.6022357,0.6427136,0.8150397,0.6814293,0.80009234,0.5850495,0.29972547,0.7985036,0.28411683,0.71892345,0.6025316,0.49679935,0.79378,0.7687032,0.8713627,0.5376506,0.37681884
11.0,0.6906721,0.5003417,1.3649255,-0.8601706,0.6690775,-0.14620773,-0.24400318,0.10278766,-0.89057374,-1.7625686,0.24488439,1.5904319,-0.3279932,0.92091465,0.878966,0.091027774,0.2925449,0.15049705,0.7396355,-1.5944204,0.6042014,0.8385597,0.32836747,0.5815587,0.6056261,0.80271524,0.6366439,0.785458,0.56535983,0.26869008,0.7782685,0.25367564,0.6968211,0.569881,0.4650178,0.7641096,0.7640246,0.8732607,0.4995702,0.34793788
1.0,-0.2121308,-0.22312734,-0.32763964,0.2989413,-0.30619508,0.037285045,0.22689578,-0.11619909,0.34690133,0.4128025,-0.106741294,-0.4783345,0.1490894,-0.23682362,-0.20734954,0.011894908,-0.13097319,-0.10358522,-0.19005573,0.5316884,0.85984653,0.8893405,0.9029929,0.9086091,0.86200154,0.93829674,0.9376959,0.93316585,0.9004999,0.8261648,1.0030411,0.88279325,0.9514747,0.82905364,0.90671426,0.9021728,0.94567686,0.9264897,0.8964888,0.7974327
6.0,-0.14721613,-0.14191666,-0.2376081,0.2533784,-0.24923627,0.028916713,0.17346843,-0.09691646,0.2561071,0.2796561,-0.081502005,-0.36068124,0.093801126,-0.13220567,-0.16063936,0.029857738,-0.09595233,-0.078845225,-0.14048459,0.38406402,0.8442493,0.90521556,0.8740199,0.8854536,0.8718368,0.9408384,0.94021446,0.93969494,0.89367265,0.79656345,0.99231535,0.83355093,0.943017,0.83794326,0.8936122,0.9318641,0.9473104,0.9316665,0.88726515,0.78315073
7.0,-0.107626714,-0.09415767,-0.18297943,0.21884482,-0.17892703,0.009311747,0.15267903,-0.05469622,0.18500897,0.17610043,-0.06279101,-0.2609691,0.035952333,-0.013857465,-0.10938312,0.055685576,-0.08376192,-0.0540232,-0.10145468,0.24149723,0.8744117,0.91548276,0.812401,0.8874675,0.885876,0.9048785,0.9481228,0.9404849,0.8525385,0.78146803,0.9770475,0.8252678,0.94532996,0.84066886,0.86690193,0.93237,0.92427534,0.9274388,0.91060096,0.7865172
1.0,-0.045828052,-0.03462743,-0.09187904,0.16606016,-0.13685134,-0.0030010743,0.10620242,-0.042995945,0.10495019,0.058941383,-0.038664933,-0.14674577,-0.0036299413,0.066909775,-0.058074627,0.07265666,-0.04818583,-0.03516213,-0.053716633,0.11566111,0.85170925,0.92267454,0.7889748,0.8577562,0.8848685,0.9133319,0.94375914,0.9412264,0.84930795,0.74366117,0.9674154,0.7717732,0.9320729,0.84034723,0.84899634,0.9463901,0.92729795,0.9295372,0.88628834,0.7600817
1.0,-0.2903466,-0.34035766,-0.4374655,0.342564,-0.37209192,0.038912762,0.30476454,-0.13290538,0.45602986,0.5757673,-0.13628156,-0.6089769,0.21862563,-0.35419485,-0.25022033,-0.010826621,-0.18080814,-0.1346088,-0.25071836,0.70149827,0.897206,0.86860275,0.91955304,0.9535316,0.8503732,0.9269281,0.9304857,0.92014563,0.8971627,0.8637053,1.0133934,0.9593303,0.96319675,0.80939496,0.9081889,0.8543982,0.927296,0.9123042,0.9209233,0.82059044
5.0,-0.18559015,-0.1849604,-0.29255155,0.2763806,-0.2469776,0.024477812,0.21433651,-0.08084545,0.29432207,0.33461338,-0.09294417,-0.40782446,0.1026025,-0.1407409,-0.17222178,0.028291501,-0.12617421,-0.0830747,-0.16348448,0.42095232,0.8909731,0.90124017,0.85199034,0.9218443,0.87742764,0.90812916,0.94624096,0.93563974,0.8669032,0.8233938,0.9920121,0.8875606,0.95790637,0.8342261,0.8883742,0.9086584,0.92461795,0.9236409,0.9269778,0.8103429
1.0,-0.30971467,-0.37469557,-0.46500286,0.35249922,-0.39914382,0.039741077,0.32373148,-0.14338359,0.48801562,0.6246816,-0.1449716,-0.64561546,0.24328586,-0.39768666,-0.26249325,-0.018088974,-0.19213524,-0.14594227,-0.26751617,0.7572886,0.89895004,0.8609676,0.93182206,0.9597533,0.84450024,0.93074346,0.9259085,0.9157448,0.9025752,0.8696714,1.0168376,0.97350043,0.963376,0.8019398,0.90898865,0.8405649,0.9259514,0.9082766,0.91863877,0.8211284
3.0,-0.33111677,-0.4138579,-0.49533227,0.3635796,-0.42878813,0.03957881,0.34596783,-0.15459919,0.5237243,0.6793236,-0.15446167,-0.6847663,0.26984388,-0.44446146,-0.27506617,-0.025431491,-0.20580453,-0.15900773,-0.28584304,0.8178635,0.9025849,0.85243154,0.9432823,0.9672536,0.8380196,0.9334967,0.92013264,0.91040623,0.90669185,0.8762818,1.0208615,0.9903187,0.96370983,0.79283124,0.90837103,0.82384455,0.92344624,0.90273654,0.9167138,0.8220778
8.0,-0.41114601,-0.592079,-0.61359537,0.39478123,-0.5761075,0.031109396,0.43889782,-0.20996165,0.6761587,0.91779506,-0.19395845,-0.8358131,0.39179206,-0.6586504,-0.31789714,-0.055707745,-0.26475108,-0.22284213,-0.3597826,1.0856713,0.90989846,0.81292707,0.9969645,0.9907647,0.80848885,0.9547319,0.88630265,0.88321847,0.9322831,0.8901514,1.0357969,1.0526831,0.95866925,0.74435455,0.8952619,0.7453838,0.9129295,0.8721143,0.89217746,0.8149451
8.0,-0.14050761,-0.13208458,-0.22889537,0.24277976,-0.21012491,0.017110888,0.17762157,-0.067692935,0.23251101,0.24463081,-0.075495884,-0.32515496,0.065924115,-0.07152766,-0.13783015,0.043041978,-0.100911535,-0.06670592,-0.12819387,0.32156575,0.8779685,0.90998566,0.8329737,0.90098566,0.88218474,0.909798,0.9472386,0.9388355,0.8624105,0.79880536,0.98438615,0.849596,0.95039004,0.8390336,0.87816525,0.9247379,0.9271938,0.9267767,0.91526103,0.79583067
11.0,0.5920071,0.42716593,1.0894794,-0.68192977,0.5102323,-0.14507914,-0.24437329,0.07238835,-0.7435678,-1.4637522,0.21537243,1.3050303,-0.27588102,0.80346435,0.730401,0.12258557,0.2757032,0.12602925,0.5943444,-1.334204,0.65054995,0.8421666,0.38334116,0.60716605,0.67138356,0.8090193,0.7112807,0.7989502,0.5936482,0.31798756,0.7978341,0.30947417,0.72801334,0.62128156,0.5168745,0.7944101,0.76124066,0.8744655,0.56002194,0.39155793
9.0,-0.20984183,-0.22035918,-0.32529837,0.29148525,-0.28234777,0.030858558,0.23245904,-0.09792745,0.33476123,0.3941877,-0.10323213,-0.45957625,0.13407415,-0.20061591,-0.19435978,0.017157588,-0.13633223,-0.09614947,-0.18498106,0.49618828,0.8837059,0.8936341,0.87687355,0.9251015,0.8695607,0.92021585,0.94229305,0.9325671,0.88216007,0.83119506,0.9987342,0.89858246,0.957712,0.83009815,0.8976827,0.89970887,0.9314034,0.9231735,0.9188529,0.8094835
8.0,-0.12969981,-0.11594207,-0.21297124,0.2385337,-0.19758806,0.014492871,0.16861808,-0.063210756,0.215292,0.22021438,-0.071106605,-0.3030271,0.051818244,-0.04792541,-0.12978972,0.04883186,-0.09561563,-0.062468596,-0.11859776,0.29148877,0.8776552,0.91257185,0.82461995,0.8950823,0.88383555,0.9058665,0.94798,0.9403265,0.85659134,0.7936761,0.98263466,0.8408284,0.94869953,0.8400809,0.8749258,0.92756885,0.92683583,0.9269846,0.9140116,0.79349875
2.0,0.6265541,0.45462105,1.186662,-0.74396497,0.56684864,-0.14570647,-0.24734151,0.08161154,-0.79744655,-1.5703094,0.22662444,1.4063492,-0.29171184,0.84469265,0.78208464,0.110608436,0.28485546,0.1335909,0.64537793,-1.4248071,0.63403577,0.84106076,0.3630266,0.5984348,0.64823806,0.80835336,0.68473846,0.7942435,0.58304644,0.2992583,0.7916623,0.2880609,0.71773225,0.60315025,0.49807978,0.7844899,0.7615506,0.87407464,0.5379719,0.374674
4.0,-0.026706778,-0.017154004,-0.06516314,0.14899442,-0.11831794,-0.009630067,0.09348725,-0.03422242,0.07761093,0.018903308,-0.031288415,-0.10722861,-0.019119004,0.09976384,-0.037421532,0.08063954,-0.038224082,-0.027641848,-0.037697054,0.06783336,0.8514428,0.9233635,0.77419955,0.8502859,0.8852339,0.9085409,0.9436122,0.9401753,0.8410124,0.73215705,0.9615456,0.75898546,0.9286515,0.83885795,0.83934355,0.94577986,0.92252845,0.9286916,0.8833993,0.75294
3.0,0.0747348,0.06869828,0.087324776,0.05323007,-0.038869005,-0.038227297,0.02445437,-0.008408974,-0.057341717,-0.1850412,0.00916834,0.09482367,-0.08401711,0.24086244,0.064370945,0.11032852,0.018633965,0.0038713403,0.046241704,-0.15648578,0.8275032,0.9247484,0.71542054,0.8034671,0.87506497,0.9022659,0.9315955,0.9329826,0.8141244,0.6663611,0.9378964,0.6790049,0.9038458,0.8255016,0.794794,0.9452458,0.90898526,0.9256024,0.8455768,0.70372546
11.0,0.6956579,0.49539563,1.3572248,-0.8645243,0.66359603,-0.14968194,-0.24930134,0.10423275,-0.8909505,-1.7657121,0.24590237,1.593077,-0.32465902,0.9151097,0.8866743,0.10041928,0.2962163,0.15367505,0.7374255,-1.6019207,0.6040209,0.8340736,0.32770807,0.57776445,0.60914963,0.7977144,0.6363303,0.78086334,0.56249803,0.2670482,0.77241176,0.25479996,0.6952825,0.5680107,0.4649235,0.7561076,0.7579873,0.876106,0.4977227,0.3448436
8.0,-0.05771759,-0.045877907,-0.118512824,0.17679825,-0.12815382,-0.008913743,0.11797215,-0.029171713,0.113343894,0.07186941,-0.045416363,-0.15936087,-0.00442292,0.073417634,-0.055039626,0.07778872,-0.058282074,-0.032790713,-0.06108761,0.113511406,0.87597066,0.91628397,0.7729296,0.86939085,0.8894145,0.89116716,0.9509045,0.9377674,0.8288983,0.7533262,0.9585936,0.79509056,0.9387244,0.8373216,0.84053105,0.9315571,0.9084756,0.9250249,0.9085537,0.77083755
3.0,-0.062340297,-0.050011817,-0.115560666,0.18083304,-0.1507936,0.0015109831,0.11766256,-0.048768565,0.12767476,0.09227548,-0.045167983,-0.17934126,0.008334618,0.04143721,-0.074083395,0.06725989,-0.057113703,-0.041055627,-0.06707161,0.15359297,0.8542523,0.9212538,0.7989681,0.86433804,0.88469917,0.9145619,0.9444858,0.9415343,0.8534454,0.75351626,0.9714048,0.78392506,0.93513906,0.8410376,0.8558266,0.9446071,0.9293815,0.9296404,0.8901765,0.76639676
7.0,-0.22546962,-0.23684758,-0.3475957,0.30503175,-0.2860861,0.030872934,0.24754065,-0.09688106,0.35174063,0.41912463,-0.1084601,-0.4825912,0.13961431,-0.21059611,-0.20295385,0.014344219,-0.14743237,-0.099968806,-0.19541645,0.5171253,0.89792216,0.89153755,0.8728292,0.93681663,0.86986965,0.91062075,0.94263965,0.93169135,0.8742162,0.84235126,1.0000293,0.9177952,0.96211916,0.82786584,0.89717823,0.8917472,0.9245283,0.92045134,0.93086815,0.8188966
7.0,-0.1007025,-0.089529395,-0.17008698,0.21375407,-0.19348639,0.014686803,0.14290178,-0.06966575,0.18498427,0.17577094,-0.060915023,-0.26102215,0.04509266,-0.033976834,-0.11448777,0.05002607,-0.075352035,-0.057611965,-0.100165516,0.2562792,0.8507069,0.9161102,0.83225834,0.87587464,0.8803889,0.92651385,0.9431163,0.9417027,0.87214017,0.7742647,0.98192906,0.8073375,0.9397384,0.8414104,0.87423414,0.941906,0.9385179,0.93104863,0.89087397,0.77621526
1.0,-0.21777627,-0.23486826,-0.33907655,0.30253392,-0.3283723,0.04229364,0.22775331,-0.12824441,0.36139414,0.4349984,-0.11215665,-0.4996153,0.168088,-0.2715594,-0.21616322,0.0038329698,-0.12969652,-0.109707974,-0.19865899,0.5667155,0.8474856,0.884284,0.9226744,0.9043972,0.8573389,0.9513329,0.9351724,0.9320121,0.9150123,0.82613814,1.0026327,0.880114,0.9480183,0.8258974,0.9111504,0.9013237,0.9493149,0.92796993,0.8866967,0.7916609
9.0,-0.19709596,-0.20341405,-0.30796027,0.28220713,-0.26702207,0.028182419,0.22262138,-0.09088328,0.31524464,0.36533418,-0.09802108,-0.43412703,0.12049578,-0.17424673,-0.1834079,0.022041034,-0.13032143,-0.08998399,-0.174415,0.46154916,0.8844923,0.8972287,0.867163,0.92246705,0.8728753,0.91715574,0.9439119,0.93385196,0.8774446,0.8262034,0.99571913,0.89120835,0.95720416,0.832228,0.8938546,0.90487874,0.92957246,0.92379993,0.9205635,0.8084816
7.0,-0.24035372,-0.2601556,-0.36836433,0.31289998,-0.30441594,0.03266907,0.26077828,-0.10426005,0.37559053,0.45429036,-0.11482115,-0.51122653,0.15746342,-0.24219894,-0.21328034,0.008626986,-0.15539235,-0.1072684,-0.20821391,0.55789006,0.8985314,0.88669235,0.8828282,0.9422625,0.8660568,0.9143157,0.9406058,0.9289815,0.8791567,0.84809947,1.0029808,0.92848,0.9631925,0.8240787,0.8998458,0.88376594,0.9247538,0.9186127,0.930256,0.8204582
8.0,-0.19819275,-0.20084006,-0.30916423,0.28653327,-0.26432478,0.028857175,0.2230339,-0.089812756,0.31373462,0.36390516,-0.09789546,-0.43500566,0.11663322,-0.16964377,-0.18546318,0.022432271,-0.13102016,-0.08977859,-0.17404756,0.45888644,0.8873752,0.89825916,0.8646395,0.9224285,0.8736337,0.912982,0.94406205,0.9350716,0.8744395,0.82787454,0.9960739,0.8923592,0.9572523,0.83323115,0.89433664,0.9054713,0.9288881,0.9240716,0.9225225,0.8100416
9.0,-0.17890385,-0.18889162,-0.2835649,0.26412717,-0.26766267,0.028301904,0.20540842,-0.09465329,0.29864004,0.34017593,-0.09291342,-0.4094798,0.120257035,-0.17052612,-0.17242272,0.023099365,-0.11716224,-0.0866807,-0.16455398,0.4429205,0.8656887,0.8977053,0.8755645,0.91036814,0.870962,0.9335119,0.9429062,0.93358827,0.89045477,0.813194,0.9928128,0.8704805,0.95209277,0.8328105,0.8933419,0.91325206,0.9365529,0.9266973,0.9058812,0.79681647
5.0,-0.41606027,-0.65003544,-0.6379501,0.37279117,-0.6938777,0.02457727,0.43818215,-0.25156263,0.74370325,1.0078858,-0.21409598,-0.87999415,0.4659339,-0.78915226,-0.31816423,-0.070890285,-0.27952492,-0.25787312,-0.39770743,1.2107881,0.8669435,0.78865856,1.0741038,0.9901952,0.7930497,1.0239893,0.88102436,0.87134075,0.99135727,0.87400365,1.0122738,1.0624028,0.95722085,0.71177375,0.88546854,0.7213926,0.9269399,0.8582418,0.85385394,0.803241
1.0,-0.28400895,-0.32878652,-0.42855617,0.33963376,-0.36124104,0.038143184,0.29916853,-0.12831727,0.44476795,0.5585165,-0.13322054,-0.59586805,0.20899068,-0.33690402,-0.24552946,-0.008008871,-0.17774896,-0.13049206,-0.24493307,0.6803947,0.89880323,0.8714737,0.9132117,0.95285153,0.8528644,0.9239177,0.9321502,0.9216169,0.8934476,0.86254793,1.0121593,0.9562628,0.96365684,0.81187505,0.9071668,0.85865587,0.92651224,0.91324556,0.92361146,0.82163763
8.0,-0.11954652,-0.1072118,-0.19880323,0.22840258,-0.1915246,0.012737203,0.16105294,-0.06112192,0.2029424,0.20186086,-0.06728124,-0.28517497,0.04697324,-0.03653277,-0.12115278,0.050985526,-0.08963248,-0.059184007,-0.11126413,0.27253753,0.8734991,0.91374964,0.82182944,0.891039,0.8840783,0.9084361,0.9474697,0.94021124,0.8575725,0.78745884,0.9807707,0.8324518,0.9467906,0.8403942,0.8722215,0.93051314,0.927356,0.9275469,0.9103289,0.7892726
8.0,-0.30109838,-0.34405297,-0.45521992,0.3609749,-0.35121277,0.03565411,0.31943378,-0.12160834,0.45788693,0.5773894,-0.13822651,-0.61563796,0.20431337,-0.32708168,-0.25171238,-0.008921426,-0.19385771,-0.132702,-0.25582287,0.6828497,0.92954147,0.87117666,0.89329517,0.97640425,0.8563118,0.90229815,0.93327606,0.92154104,0.87084633,0.88357604,1.0128448,0.99107325,0.972269,0.8091762,0.90109694,0.84829384,0.90929407,0.90787596,0.95189226,0.8422433
2.0,0.10713153,0.09430612,0.13833815,0.019914597,-0.013593823,-0.047169395,0.003167972,-0.0019803667,-0.09949788,-0.25176498,0.02249802,0.16071267,-0.10243813,0.28295335,0.09818603,0.117555454,0.03680264,0.0128989555,0.07410097,-0.2271324,0.81886894,0.9238601,0.69622236,0.78860724,0.8693411,0.8995516,0.9252906,0.92926574,0.80458903,0.6445084,0.93040067,0.65321124,0.89479643,0.81877416,0.77961737,0.94292796,0.90340406,0.9238582,0.83122355,0.6861604
11.0,0.64940524,0.4710399,1.2500484,-0.78590333,0.60390556,-0.14629094,-0.24836066,0.08759426,-0.83140814,-1.6394926,0.23304658,1.4733386,-0.30224255,0.8706699,0.81697536,0.10534562,0.2886349,0.14006335,0.6779686,-1.4855229,0.6224745,0.8393535,0.35049173,0.59247816,0.6339143,0.8067263,0.66826296,0.78977025,0.57529944,0.28767318,0.78657365,0.2754041,0.71000123,0.59082055,0.48629865,0.77652586,0.7606659,0.8735891,0.5240881,0.36439604
5.0,-0.4062587,-0.58159745,-0.6037069,0.39028695,-0.57977915,0.032595947,0.42839158,-0.21164156,0.6711071,0.9101136,-0.19320464,-0.8307105,0.39317033,-0.662749,-0.31908503,-0.055540062,-0.25852412,-0.22184768,-0.35694027,1.084157,0.89633733,0.8120608,1.0084921,0.9803209,0.80705315,0.9636922,0.8886448,0.8858175,0.94152063,0.882596,1.0327467,1.0397301,0.9573525,0.74483544,0.8985324,0.7505016,0.92091423,0.8757672,0.88270533,0.8088183
5.0,-0.06146767,-0.04959762,-0.11446397,0.17959078,-0.1503722,0.0013612635,0.11714512,-0.04841147,0.1265976,0.090634495,-0.044825427,-0.17779839,0.008227378,0.042243965,-0.0731195,0.06722564,-0.056577496,-0.040729493,-0.06646917,0.1520569,0.8540793,0.9212798,0.7986358,0.8642055,0.88468057,0.9147474,0.9443792,0.9414573,0.85364,0.75294495,0.97107136,0.78340876,0.9349908,0.8410308,0.85542655,0.9448138,0.9291805,0.9296971,0.89000505,0.76599586
11.0,0.089537404,0.08290901,0.11332976,0.039476857,-0.029060833,-0.040374152,0.014188707,-0.008516435,-0.07632842,-0.21483575,0.015729358,0.12403092,-0.09232197,0.2585184,0.07607588,0.11092238,0.026949052,0.0068163313,0.05896168,-0.18571816,0.82065934,0.9268042,0.7097117,0.79662144,0.87228876,0.90452725,0.9271043,0.9330428,0.81306666,0.6570219,0.93696016,0.6651582,0.8996012,0.822761,0.7900612,0.94831383,0.9097846,0.92554814,0.8371007,0.69610965
1.0,-0.28625816,-0.3353848,-0.43157747,0.33918783,-0.37320724,0.039523643,0.29958528,-0.13430676,0.45233148,0.57023734,-0.13529822,-0.6042537,0.21854116,-0.3547036,-0.24898101,-0.010426216,-0.1771252,-0.13396719,-0.24826583,0.69870937,0.8908616,0.86869675,0.92349106,0.94852686,0.84979284,0.9312817,0.93054384,0.9205737,0.9013269,0.85989887,1.0128133,0.9522985,0.96166474,0.80997723,0.909272,0.8570099,0.9305997,0.9135697,0.91567063,0.8168305
8.0,-0.24159631,-0.28300795,-0.3745823,0.29917368,-0.34364602,0.036377657,0.2592129,-0.12236818,0.39739588,0.48577648,-0.12090361,-0.53021765,0.19300956,-0.29919738,-0.21563432,-0.00052818283,-0.15170951,-0.116320126,-0.2193504,0.6102767,0.8718872,0.87755895,0.9170784,0.9354355,0.8575577,0.9465493,0.93767446,0.923041,0.9100928,0.83936256,1.0007993,0.9188203,0.9583701,0.81724864,0.9040864,0.8805354,0.93430233,0.9191751,0.9085023,0.80653924
11.0,0.708625,0.5061902,1.3975382,-0.8882889,0.68604195,-0.14839932,-0.24499956,0.11073223,-0.9099818,-1.8060503,0.250016,1.630568,-0.336201,0.9341628,0.9060279,0.092166625,0.29590538,0.15611377,0.7597949,-1.6366452,0.5988031,0.8351331,0.32044864,0.5748909,0.5979901,0.7969453,0.62522036,0.78152335,0.56098306,0.26144162,0.77107936,0.24746038,0.6913392,0.561824,0.4577918,0.7539674,0.7618743,0.8755356,0.49002126,0.34051165
8.0,-0.32887447,-0.41034913,-0.49210933,0.36186743,-0.4277282,0.039786287,0.34322223,-0.15435722,0.52086586,0.6749599,-0.15374187,-0.6814903,0.26860273,-0.44239616,-0.2740935,-0.024990238,-0.20401636,-0.15811014,-0.28426424,0.81412715,0.9004277,0.8528683,0.94406796,0.96543205,0.8382196,0.93476975,0.9205929,0.9108393,0.90787494,0.8747729,1.0203427,0.9873637,0.9633244,0.7934681,0.90879166,0.82551783,0.92460257,0.9034404,0.91530013,0.820945
5.0,-0.19101994,-0.19212022,-0.2996889,0.28034455,-0.25406134,0.025962241,0.21832323,-0.08438641,0.30289447,0.3472119,-0.09504963,-0.41911978,0.108637296,-0.15280317,-0.17739187,0.025993638,-0.12852347,-0.08582964,-0.16806765,0.43668818,0.8898293,0.89985573,0.8569457,0.92262596,0.8758634,0.91018444,0.9454337,0.9351876,0.86974126,0.82539403,0.9936668,0.8901453,0.95796007,0.83359814,0.89056295,0.90694594,0.92615515,0.92361075,0.925544,0.8105074
6.0,0.022464214,0.02047014,-0.0072711706,0.103824474,-0.06687888,-0.033906944,0.061074905,-0.005674376,0.0073702037,-0.08421466,-0.01631583,-0.004468195,-0.054617472,0.18256609,0.02721892,0.10780599,-0.012079205,-0.0056847334,0.0019131266,-0.062431738,0.85732555,0.9131769,0.7277183,0.8285743,0.88320446,0.88577414,0.9478014,0.93031704,0.8069294,0.70041,0.935719,0.7324193,0.9195718,0.829497,0.80509454,0.9278898,0.8960642,0.92296404,0.88089156,0.731497
7.0,-0.28286454,-0.35467872,-0.43942314,0.32826966,-0.44304812,0.048520237,0.28289512,-0.17048043,0.4811784,0.6107595,-0.14808807,-0.6342325,0.27238294,-0.44877654,-0.25625995,-0.0268488,-0.16489625,-0.14995646,-0.26514906,0.7756289,0.837907,0.85186625,0.9905567,0.9258128,0.8355517,0.9888917,0.92681485,0.9154453,0.9550553,0.84413886,1.001679,0.9271777,0.9504992,0.79578155,0.9154152,0.8562612,0.946375,0.9171915,0.875015,0.79102445
10.0,-0.2972349,-0.3494617,-0.44751078,0.34822628,-0.37308803,0.03826812,0.31286004,-0.13230327,0.46362126,0.5870966,-0.1384102,-0.6184147,0.22085239,-0.357451,-0.25301528,-0.011989795,-0.18645453,-0.13650575,-0.25544104,0.70983565,0.90532845,0.86772406,0.9157766,0.96040726,0.85052854,0.9218555,0.92999655,0.9192721,0.8922784,0.8693174,1.0143882,0.969656,0.96521,0.8079253,0.90684533,0.8498849,0.922931,0.91035175,0.9274688,0.8255381
3.0,-0.12324299,-0.11014859,-0.2019024,0.23395029,-0.20142338,0.016022809,0.16152184,-0.06937784,0.21117061,0.21398273,-0.06883159,-0.29683,0.052790172,-0.052044403,-0.12955798,0.048305433,-0.089919135,-0.063066825,-0.11514652,0.2911781,0.86533797,0.9133792,0.83231944,0.88730794,0.8814468,0.9157346,0.9456487,0.9408915,0.8647918,0.78808975,0.98492366,0.8290315,0.9454184,0.8408056,0.8777232,0.93232596,0.9343999,0.9286831,0.9030338,0.7871856
7.0,-0.117623195,-0.10485793,-0.19936617,0.22604725,-0.1811364,0.008911519,0.1616666,-0.052530907,0.19656071,0.19241898,-0.067004815,-0.27631727,0.041357018,-0.021679979,-0.11360778,0.054052807,-0.09075546,-0.05557122,-0.10865414,0.25488886,0.8836154,0.9131689,0.81043005,0.89560086,0.88693535,0.8990933,0.94984204,0.93933725,0.8478582,0.7885332,0.97593105,0.8384764,0.9491164,0.83919865,0.8660647,0.9270695,0.9185027,0.92574805,0.91981953,0.79280555
7.0,-0.08026007,-0.06831048,-0.14307484,0.19470388,-0.16081268,0.0039449935,0.13199331,-0.049437154,0.15010476,0.1249312,-0.052203,-0.21096145,0.0192656,0.020796139,-0.08658306,0.063203074,-0.06788743,-0.045513295,-0.08059879,0.186825,0.8638477,0.9186533,0.8028407,0.87447846,0.88572395,0.9095913,0.94655687,0.9407018,0.8521321,0.76457477,0.97275156,0.80150783,0.9396609,0.84095603,0.859326,0.9389865,0.9260174,0.92855924,0.8997873,0.7747841
3.0,-0.17745012,-0.1738939,-0.28127646,0.271317,-0.237914,0.022791417,0.2077347,-0.077014685,0.28195447,0.3165398,-0.08967793,-0.39180815,0.09381639,-0.12457284,-0.16567208,0.031626366,-0.12207985,-0.07950757,-0.15666443,0.3994714,0.89069766,0.903205,0.8463632,0.91883475,0.8790502,0.90624535,0.9469663,0.93652534,0.8639371,0.8197201,0.9902021,0.8818782,0.95712835,0.83532196,0.88597363,0.9115713,0.92394763,0.9240497,0.926869,0.8089388
6.0,-0.16635442,-0.16698724,-0.26530212,0.25802734,-0.23788276,0.021981368,0.19832745,-0.07891317,0.27238578,0.30180472,-0.08608727,-0.37562448,0.0942169,-0.122417346,-0.1577043,0.032858692,-0.114338584,-0.077356525,-0.1501708,0.38838744,0.8793094,0.9035373,0.85063845,0.9118493,0.8776648,0.9164572,0.9460604,0.93571025,0.8717196,0.8109376,0.9893171,0.86896086,0.95411605,0.8356234,0.885442,0.91572297,0.92871755,0.9254271,0.91726524,0.8012982
11.0,0.71631074,0.50878024,1.4122641,-0.9006547,0.69369805,-0.14902529,-0.24507031,0.11352243,-0.918022,-1.8245305,0.251722,1.648332,-0.33967194,0.939946,0.91713387,0.09274031,0.29667056,0.15881708,0.76814777,-1.6553332,0.5959201,0.8338109,0.31729013,0.57221985,0.5948957,0.7944067,0.62044,0.77970934,0.5588109,0.25855732,0.7680413,0.24486987,0.68871665,0.5580836,0.45474675,0.74983585,0.7607702,0.8760812,0.48606107,0.33764672
9.0,-0.2177631,-0.23136127,-0.33619198,0.29699957,-0.29239488,0.032508116,0.23862773,-0.10248152,0.3470858,0.41252765,-0.10656512,-0.4755652,0.14305414,-0.21776655,-0.20107909,0.013977144,-0.13998859,-0.1001137,-0.19164585,0.5183867,0.88298583,0.89120704,0.88323045,0.92661494,0.86735463,0.9223726,0.94116396,0.9316549,0.8853891,0.83410877,1.000506,0.9030525,0.9578828,0.82858145,0.89996666,0.8962815,0.93248224,0.92274874,0.9174994,0.80982584
5.0,-0.3956415,-0.55818295,-0.5891957,0.3845986,-0.56328624,0.034235653,0.4152256,-0.20503797,0.6528428,0.88057154,-0.18877995,-0.8123663,0.3794335,-0.63788164,-0.31313217,-0.052064687,-0.25068867,-0.2139054,-0.34874123,1.0518928,0.8935847,0.81695217,1.0041994,0.9784545,0.81103146,0.9636911,0.8942266,0.88902694,0.940518,0.88104963,1.0296624,1.031678,0.9586946,0.75081444,0.9009145,0.76100683,0.9229234,0.8795465,0.8858515,0.81001014
5.0,-0.20164712,-0.20473099,-0.3159359,0.28796726,-0.2587407,0.02642903,0.22840223,-0.08427058,0.31560692,0.36590934,-0.09923869,-0.43631268,0.11531854,-0.16338131,-0.18317598,0.022967404,-0.13574281,-0.08865136,-0.17604853,0.4542296,0.898161,0.8979851,0.85641694,0.93111795,0.87608093,0.905672,0.94579095,0.93423283,0.8666031,0.8329091,0.993943,0.90330017,0.9609286,0.8318509,0.89052504,0.9018562,0.9213957,0.92193,0.9334088,0.81654215
5.0,-0.23713957,-0.25977555,-0.3650184,0.30668303,-0.30363834,0.031342484,0.25915805,-0.10301747,0.3735116,0.45048273,-0.11430225,-0.50560296,0.15850686,-0.2406894,-0.20871173,0.009164289,-0.15438516,-0.10616336,-0.20696388,0.5533243,0.897523,0.8865949,0.8824221,0.9434685,0.86672556,0.9167239,0.9412168,0.92783535,0.8803361,0.8464471,1.0015186,0.9276649,0.9636028,0.8234674,0.89823157,0.88395673,0.9237785,0.9180652,0.9305659,0.8198978
2.0,0.26000515,0.20381808,0.38742244,-0.15978256,0.11457753,-0.08904716,-0.09232666,0.02346351,-0.29298025,-0.58450735,0.084856205,0.4819559,-0.17559512,0.46647796,0.27291483,0.14137655,0.12037937,0.051505335,0.2128545,-0.5622586,0.77888316,0.90578276,0.5963132,0.7206897,0.8286628,0.8697557,0.884028,0.89737695,0.74273944,0.53780824,0.8894226,0.5361248,0.84461766,0.7722262,0.6998809,0.9110247,0.8593563,0.90846694,0.75654006,0.5943193
9.0,-0.15273865,-0.14630732,-0.24437162,0.25361958,-0.22885215,0.022051098,0.1848568,-0.07891907,0.25316575,0.27484834,-0.08050506,-0.3533092,0.08051707,-0.10293242,-0.15259588,0.037118834,-0.10535972,-0.07387438,-0.13910556,0.3614332,0.8709407,0.907285,0.84866124,0.9003762,0.87809867,0.91804385,0.9451157,0.93858314,0.8721533,0.80321634,0.9896317,0.85251254,0.9499508,0.83843046,0.88573045,0.92324454,0.9341652,0.9276078,0.90881455,0.7952597
7.0,-0.092161335,-0.08000109,-0.1607584,0.20460537,-0.16821118,0.0059280638,0.14120986,-0.051085923,0.16529167,0.14705145,-0.056857407,-0.2323892,0.026703123,0.0060715936,-0.09579555,0.060120583,-0.07492163,-0.048933864,-0.08965571,0.20997865,0.8690602,0.91708064,0.8064157,0.8806445,0.88598806,0.90722793,0.9474943,0.9403738,0.8519093,0.7719253,0.97423416,0.81242865,0.9424032,0.840744,0.86218476,0.93572766,0.9246475,0.92793345,0.90516067,0.78009075
7.0,-0.34297734,-0.43663016,-0.511684,0.36974546,-0.4485324,0.039718278,0.3576304,-0.1627473,0.5444858,0.71154773,-0.1599113,-0.7076827,0.28655565,-0.4748677,-0.283004,-0.029982366,-0.21256287,-0.16715649,-0.2960927,0.85569024,0.9017082,0.846811,0.9526293,0.9684462,0.8332277,0.9370924,0.91596645,0.90742904,0.9112657,0.8780477,1.0232912,0.9970044,0.9627278,0.7872426,0.90844786,0.81423455,0.9236929,0.9000425,0.9120271,0.8202212
5.0,-0.39594513,-0.5820469,-0.60030144,0.3710692,-0.6173918,0.03385423,0.41126323,-0.22472844,0.67950106,0.9201359,-0.19887607,-0.83351654,0.41644818,-0.7006767,-0.31441987,-0.061359197,-0.25404093,-0.22894683,-0.36599827,1.1108179,0.8692975,0.8061034,1.0449662,0.9782729,0.80585843,0.9991943,0.8947008,0.88500386,0.9729267,0.87356406,1.0170412,1.0320572,0.9570953,0.7366567,0.89912957,0.7530871,0.9291119,0.8749998,0.86877084,0.8034043
2.0,-0.017653273,-0.007517121,-0.04902437,0.14229184,-0.1171478,-0.008881677,0.08551843,-0.038320698,0.06796597,0.004415825,-0.027421476,-0.093385786,-0.021919217,0.10433725,-0.03436444,0.07962489,-0.032184124,-0.02705516,-0.03137247,0.057161834,0.8418214,0.9256624,0.7770369,0.8442553,0.88326216,0.9161191,0.9405206,0.94140023,0.84632653,0.7264123,0.9630728,0.7475614,0.925616,0.8387113,0.8398507,0.95168084,0.9277341,0.9299727,0.8747953,0.747655
4.0,0.38842237,0.2797748,0.6075048,-0.34267873,0.23661911,-0.12293839,-0.16738084,0.04244849,-0.45038888,-0.8889512,0.13661397,0.76497746,-0.2151977,0.5925167,0.44291747,0.15507868,0.18736194,0.082414754,0.33944795,-0.8435119,0.7405645,0.87199306,0.5102257,0.6679083,0.7804208,0.83349216,0.83706135,0.8522907,0.67905813,0.44681242,0.84623116,0.44821453,0.79717004,0.72176206,0.6284286,0.86176085,0.8065137,0.89073455,0.68697596,0.5108796
5.0,-0.30829826,-0.3714898,-0.46482635,0.35125276,-0.3862209,0.03648545,0.32650784,-0.13560295,0.48351637,0.6156876,-0.1438682,-0.63689107,0.23444219,-0.3781829,-0.25597495,-0.015063569,-0.19612005,-0.14265159,-0.26615825,0.73725283,0.9115939,0.86360747,0.9178765,0.9707778,0.8489637,0.9220372,0.9283688,0.9150559,0.8915836,0.8755859,1.0154653,0.9841986,0.9680155,0.8024502,0.9043083,0.8398423,0.91809934,0.905542,0.9323361,0.8299663
8.0,-0.17589924,-0.17120829,-0.2799304,0.2704465,-0.23279332,0.021307554,0.20719883,-0.07374153,0.27831176,0.31101498,-0.08914373,-0.3868131,0.090259776,-0.116824746,-0.16266559,0.03309352,-0.1222761,-0.07788228,-0.15499018,0.39030266,0.8943378,0.9036039,0.8415509,0.9204988,0.88041353,0.9028375,0.9479002,0.93654907,0.85994804,0.8201727,0.9886645,0.88363093,0.958128,0.83511597,0.88373816,0.9111354,0.92098737,0.92343146,0.93057853,0.8106141
1.0,-0.2579967,-0.28598225,-0.39151576,0.32566598,-0.32955202,0.036340855,0.27439657,-0.11643501,0.40386868,0.49686322,-0.122021556,-0.5473219,0.17856589,-0.28374255,-0.22896947,0.0016219988,-0.162809,-0.11719606,-0.2227931,0.6107583,0.8944601,0.8804596,0.8988355,0.94238615,0.85945773,0.9203977,0.9366664,0.9267555,0.88763684,0.85255724,1.0077852,0.9355949,0.96214,0.8200607,0.9051065,0.87508994,0.92896825,0.9177247,0.92319846,0.8185525
8.0,-0.0753976,-0.06067394,-0.13717024,0.19354871,-0.15104564,0.0007344136,0.1287342,-0.04404055,0.1404953,0.11150159,-0.050541874,-0.19815221,0.009893518,0.0376492,-0.08017861,0.06817609,-0.066426516,-0.042485707,-0.07563704,0.16648045,0.8684285,0.918884,0.793868,0.8728741,0.8872565,0.9025994,0.94811386,0.9406864,0.8439098,0.7628065,0.9699383,0.80024505,0.9395084,0.8403508,0.8550827,0.9370028,0.92187226,0.9275123,0.90288836,0.7749864
5.0,-0.27996188,-0.32673198,-0.43208352,0.3530988,-0.4397759,0.055306043,0.26664314,-0.18410632,0.47400674,0.5997149,-0.14890599,-0.6407128,0.26244205,-0.4528407,-0.27189294,-0.025809586,-0.15297079,-0.15072131,-0.25734618,0.7731556,0.81742483,0.8521816,1.0034884,0.89549595,0.8313381,0.98838335,0.9211106,0.92248905,0.95437866,0.84020495,1.0087744,0.89950985,0.94296837,0.8005395,0.9248629,0.86583793,0.96070534,0.92423385,0.85378706,0.7777696
1.0,-0.2580913,-0.28839126,-0.39241517,0.32361263,-0.3319351,0.036338057,0.27486703,-0.11699966,0.4053646,0.49921778,-0.12256145,-0.5484459,0.18142582,-0.28737226,-0.22845118,0.0007991865,-0.16288587,-0.11764931,-0.22373378,0.6142005,0.8935541,0.8799419,0.90052205,0.9432706,0.8593532,0.92225194,0.93662417,0.92611754,0.8895087,0.8523131,1.0073907,0.93597543,0.962057,0.81944984,0.90498424,0.8746479,0.92872435,0.91748506,0.9228594,0.8181891
3.0,-0.09900132,-0.086530626,-0.1745587,0.20995542,-0.1632693,0.002752306,0.14834677,-0.044137526,0.17060742,0.15444258,-0.060392894,-0.23920856,0.02704499,0.009139225,-0.09442187,0.061735664,-0.08113956,-0.047893852,-0.093745105,0.20920889,0.88239336,0.91422284,0.79763937,0.8887464,0.88841015,0.8963459,0.95076823,0.93871653,0.84117234,0.77795726,0.9701013,0.8261596,0.9467625,0.8385991,0.85757864,0.928449,0.91450447,0.92529416,0.9179707,0.78690124
11.0,0.5136592,0.37629208,0.901193,-0.5447992,0.3995611,-0.13494864,-0.22013944,0.054798447,-0.6296514,-1.2364587,0.18710262,1.0907973,-0.25341654,0.7271267,0.6094408,0.1278561,0.24681853,0.10567156,0.49397522,-1.1396229,0.6860796,0.8581229,0.43026963,0.6310043,0.7146788,0.81932384,0.76049936,0.82266665,0.6266966,0.36533335,0.82115686,0.3561164,0.7544614,0.66090614,0.5590263,0.82866913,0.77871555,0.87740654,0.60812217,0.43578637
10.0,0.22725841,0.1786356,0.32914445,-0.1189392,0.08567847,-0.08187189,-0.07247343,0.02095782,-0.25170577,-0.5098875,0.071431406,0.410973,-0.1611401,0.42869386,0.23652709,0.14060189,0.10326578,0.04468765,0.18161985,-0.49110472,0.789157,0.9089317,0.61743194,0.7345169,0.83946294,0.8760916,0.895991,0.9044537,0.7565583,0.56033003,0.8966036,0.56236297,0.8564444,0.78430337,0.71649176,0.9172754,0.8686413,0.91231257,0.77457845,0.61444265
10.0,0.29387268,0.22780126,0.44848716,-0.20489684,0.14643538,-0.09644752,-0.11229434,0.026405305,-0.33545035,-0.6636014,0.09877452,0.5568555,-0.18845849,0.5035793,0.31315792,0.1419681,0.13826738,0.05872255,0.2463777,-0.6365503,0.76802325,0.90076417,0.57393175,0.70715994,0.8166397,0.8624468,0.871051,0.88846344,0.7274481,0.51414037,0.8809317,0.5102199,0.832354,0.7589395,0.68170303,0.9025829,0.8481503,0.903899,0.7377731,0.57304066
5.0,-0.2843834,-0.31489068,-0.45273146,0.39317077,-0.486941,0.06715402,0.2449717,-0.23089266,0.5031672,0.62905306,-0.16697767,-0.6881335,0.29079184,-0.53139275,-0.2961084,-0.039236553,-0.14163218,-0.1655477,-0.2691315,0.8300997,0.77153623,0.8386559,1.060277,0.8562776,0.8191529,1.0216224,0.9086991,0.92342,0.97458035,0.83862835,1.0084997,0.8674691,0.9309958,0.79104453,0.93292254,0.8699266,0.97436064,0.9295001,0.8151625,0.7537967
1.0,-0.28540516,-0.32929683,-0.4306642,0.3417377,-0.35822612,0.03768763,0.30120853,-0.12657522,0.4447861,0.55846107,-0.13330013,-0.59643394,0.20691396,-0.33295622,-0.24561058,-0.0077078864,-0.17945391,-0.13008985,-0.24537227,0.6777358,0.9032135,0.8719675,0.90946174,0.95579964,0.8537221,0.9204154,0.9324862,0.92177886,0.8899013,0.86492753,1.0122076,0.9602122,0.964758,0.81200707,0.9062993,0.85791993,0.924205,0.91269994,0.9276148,0.8243603
1.0,-0.18107532,-0.17991483,-0.28417513,0.2747704,-0.25337434,0.02697219,0.20763189,-0.0878483,0.2922449,0.33201328,-0.09144385,-0.40583032,0.1041635,-0.14813568,-0.17459954,0.027808422,-0.12064042,-0.08448428,-0.161194,0.42568684,0.87783915,0.90141267,0.8617782,0.91183406,0.8744853,0.9174382,0.9441159,0.9365161,0.87591,0.8177075,0.99455494,0.8748445,0.95391184,0.8354421,0.8925248,0.9128618,0.93340296,0.92589533,0.91429305,0.8029954
1.0,-0.14641847,-0.14746729,-0.23765296,0.24634135,-0.25146988,0.027739832,0.1742146,-0.095892385,0.25782865,0.28046855,-0.08161337,-0.35865074,0.09946729,-0.13607606,-0.15597086,0.028889159,-0.0958038,-0.07831948,-0.14161979,0.38500345,0.84414357,0.9032919,0.87492657,0.88867176,0.8711071,0.9450534,0.940938,0.93764955,0.89661217,0.79519176,0.9895863,0.8361522,0.94386905,0.8361587,0.8910114,0.9302503,0.94500625,0.931314,0.88848567,0.7826864
8.0,-0.096367374,-0.08195904,-0.17060766,0.2099178,-0.16095445,0.002699837,0.14583719,-0.04359535,0.16617282,0.14858812,-0.059302017,-0.23433094,0.02311172,0.014808234,-0.09343639,0.06296313,-0.07960277,-0.047216274,-0.09153827,0.20260033,0.8818549,0.91507936,0.7962677,0.8865503,0.888662,0.8952705,0.95071673,0.93942934,0.8401747,0.7767264,0.9699099,0.82337177,0.9458179,0.83902764,0.85724175,0.92953396,0.9149425,0.9255751,0.9169893,0.7860651
4.0,0.32043463,0.24082142,0.4902407,-0.24257791,0.17026412,-0.10463481,-0.1277284,0.032445196,-0.3674072,-0.72488177,0.109765336,0.6135373,-0.19639806,0.5291069,0.34999242,0.14679751,0.1528918,0.065743074,0.27190804,-0.69430137,0.7615931,0.89248186,0.5556812,0.6959643,0.80732256,0.853845,0.86246526,0.87865305,0.71451724,0.4948556,0.8705271,0.49337342,0.8230541,0.74953103,0.6661409,0.8910333,0.83639264,0.9003569,0.7242438,0.5554176
9.0,-0.28472355,-0.3583416,-0.44595262,0.33527115,-0.46592823,0.05250677,0.27747557,-0.1854026,0.4931599,0.6256142,-0.15376435,-0.64972067,0.28787497,-0.48062474,-0.26295155,-0.03270463,-0.1615255,-0.15621263,-0.27182466,0.8013152,0.8212985,0.8457192,1.013337,0.91551113,0.8299042,1.0053903,0.9243214,0.91506463,0.9690798,0.84149176,0.9988502,0.9192313,0.94625,0.7905498,0.9174307,0.8557009,0.95109457,0.91905004,0.8616225,0.783139
10.0,0.343543,0.25796452,0.5364617,-0.275231,0.19415101,-0.10824005,-0.14013156,0.033877,-0.3976096,-0.78192323,0.11971612,0.6672015,-0.20450188,0.5541672,0.3774967,0.14399122,0.16511238,0.07002017,0.29681826,-0.7455734,0.7531413,0.890258,0.54083055,0.68795043,0.79792994,0.85004276,0.8510672,0.87341344,0.70507365,0.47912747,0.8658364,0.47542557,0.8150131,0.7397404,0.6537291,0.8864603,0.8301358,0.8974852,0.7104651,0.5410701
6.0,-0.16673054,-0.16191766,-0.26627883,0.26252618,-0.22938015,0.020873334,0.1991399,-0.07378436,0.2676311,0.29552972,-0.0856483,-0.37215465,0.08581368,-0.10876529,-0.15707327,0.035103112,-0.116133615,-0.075546436,-0.14839889,0.376257,0.8874813,0.90512747,0.84203064,0.9141915,0.88022,0.9071159,0.9473524,0.9370472,0.86318225,0.8137492,0.98826116,0.87299734,0.9554957,0.83635634,0.883452,0.9152398,0.92446506,0.92471975,0.9241659,0.8054476
6.0,-0.07393188,-0.06174109,-0.13439213,0.18964332,-0.15480673,0.002208705,0.12755352,-0.04661318,0.14088635,0.111634575,-0.049757857,-0.19834326,0.013772045,0.03189777,-0.08051394,0.06556196,-0.06458593,-0.043053843,-0.07541545,0.17124195,0.86368114,0.9193891,0.7983387,0.87205154,0.8862246,0.90807176,0.94653183,0.94074625,0.84981054,0.76109785,0.970999,0.79717505,0.9385627,0.84092057,0.856603,0.9397396,0.9247857,0.9285055,0.89903516,0.7727871
2.0,0.06253421,0.054461226,0.060301818,0.06420089,-0.042946734,-0.040268984,0.033399936,-0.0031481842,-0.042935215,-0.16199656,0.0020927023,0.0724504,-0.077941954,0.23014936,0.06078307,0.11446322,0.011436794,0.0035452563,0.035409342,-0.13928574,0.8389438,0.9183151,0.7137701,0.8088172,0.87753314,0.8929489,0.9385463,0.92989534,0.80712116,0.6735222,0.9333921,0.69439477,0.9076502,0.8261812,0.7940524,0.93507147,0.9008947,0.92394346,0.8571177,0.7098531
6.0,-0.04455936,-0.032072812,-0.092905246,0.16644597,-0.12801698,-0.0065923776,0.10653806,-0.03556367,0.09928255,0.05142094,-0.038657494,-0.13953397,-0.010841077,0.081100315,-0.052127715,0.07761727,-0.049005352,-0.03230486,-0.051407,0.1001852,0.8605141,0.9215544,0.7786945,0.8588839,0.8869879,0.90296245,0.9463614,0.94029194,0.8390843,0.7439364,0.96344644,0.77544266,0.9329194,0.8395174,0.84404457,0.941385,0.92025256,0.9278861,0.892935,0.7619981
11.0,0.40104106,0.29026306,0.63741904,-0.36105657,0.25119784,-0.123130314,-0.17225367,0.04338655,-0.46860227,-0.92242974,0.14272375,0.7964074,-0.2202093,0.6076629,0.45695913,0.149611,0.19449346,0.08393925,0.35519406,-0.87225807,0.7354612,0.873378,0.5026226,0.6648795,0.774502,0.8330411,0.82807446,0.8518409,0.6761512,0.43903756,0.84541327,0.43788257,0.7936595,0.7163021,0.6216323,0.8616601,0.8059511,0.88983494,0.67869586,0.5036754
6.0,-0.14235489,-0.13486221,-0.23124343,0.2437158,-0.21323498,0.017753035,0.17886935,-0.06940895,0.23595008,0.24953143,-0.07629165,-0.3294076,0.06879113,-0.07691078,-0.13973612,0.042037457,-0.101603284,-0.06777962,-0.12995243,0.32804787,0.8767508,0.90944684,0.83553827,0.90117544,0.8814955,0.91155815,0.9469489,0.9386091,0.8642468,0.7993466,0.9851315,0.8501583,0.9504101,0.83882904,0.8792285,0.9243911,0.9282262,0.92685616,0.914257,0.79566586
9.0,-0.11364391,-0.1026221,-0.19098118,0.2218068,-0.18742031,0.011449742,0.15702322,-0.05899025,0.19537959,0.19074486,-0.06512721,-0.27431697,0.04430772,-0.029176746,-0.11531939,0.05217682,-0.086318016,-0.05695515,-0.10694811,0.2606356,0.87217957,0.9143232,0.8192799,0.88948154,0.8844562,0.9092264,0.9473827,0.9399892,0.85763276,0.78397304,0.97913206,0.82843006,0.94591075,0.84047025,0.870067,0.931872,0.92663246,0.9277434,0.90922016,0.7871175
2.0,0.35148588,0.26821315,0.5590351,-0.2859289,0.20452145,-0.1070699,-0.14351794,0.031782307,-0.4098281,-0.80377364,0.12318766,0.6884055,-0.2082282,0.5653121,0.3833913,0.13761902,0.16910951,0.070084,0.3070919,-0.76389015,0.7485791,0.8931833,0.5362008,0.6863315,0.7936538,0.85132843,0.8445649,0.8743051,0.7030796,0.47442257,0.8673079,0.46682853,0.81248045,0.7353231,0.64993703,0.8889794,0.83090645,0.8965896,0.70455474,0.53682727
1.0,-0.32332277,-0.40175542,-0.48375115,0.35817355,-0.42865503,0.041121177,0.33503947,-0.15610468,0.5148818,0.66618186,-0.15237832,-0.6752748,0.2678988,-0.44260412,-0.27331015,-0.024535537,-0.19827975,-0.1568279,-0.28058556,0.8096317,0.8910783,0.8530668,0.9502574,0.9574097,0.8374264,0.94065875,0.92114043,0.9121386,0.91389424,0.8693315,1.0191685,0.9767447,0.9611622,0.79470795,0.91097313,0.82993513,0.92971075,0.9059562,0.9077845,0.81557465
8.0,-0.27133504,-0.30263385,-0.4117631,0.33621565,-0.33127093,0.03531111,0.289321,-0.1144818,0.41832966,0.5182965,-0.12666008,-0.5659752,0.18342583,-0.29008695,-0.23430915,-0.0010208078,-0.17363642,-0.12042809,-0.23235711,0.626392,0.9102691,0.8786747,0.8921981,0.95655835,0.86036587,0.91088086,0.9367779,0.92533976,0.8786426,0.8639697,1.0084416,0.95633197,0.96673125,0.81718343,0.90257585,0.86694044,0.9198657,0.9142212,0.93728316,0.82892394
8.0,-0.2888611,-0.33297414,-0.43605682,0.3451713,-0.35630548,0.037003092,0.30565012,-0.12494402,0.4476402,0.5625537,-0.13429654,-0.6001912,0.20632492,-0.33113554,-0.2464177,-0.007912386,-0.18290448,-0.13048017,-0.24757707,0.6784853,0.9096093,0.87196094,0.9052428,0.9609852,0.85457385,0.9160504,0.9327308,0.92151344,0.8853926,0.86901444,1.0123498,0.96736795,0.9665401,0.8113947,0.9049359,0.8556625,0.92055607,0.91144013,0.93348277,0.82851774
6.0,-0.07301094,-0.062177267,-0.13168481,0.18802613,-0.16038775,0.004309421,0.12577578,-0.051588833,0.14274536,0.113924816,-0.04935762,-0.20048231,0.018123165,0.023494717,-0.083005786,0.06280767,-0.062740654,-0.044575542,-0.075976446,0.1789265,0.8566205,0.9197423,0.80519384,0.8698414,0.8844469,0.91547614,0.94477355,0.94109815,0.856833,0.75961107,0.9729624,0.79296184,0.93728846,0.8412501,0.8593209,0.9429809,0.9294219,0.92968893,0.8934165,0.7702358
5.0,-0.33753276,-0.45216438,-0.5136331,0.35000864,-0.5003905,0.04194869,0.34607416,-0.18333234,0.5648879,0.7407403,-0.1685065,-0.72086334,0.32517084,-0.5382069,-0.2814066,-0.03884162,-0.20768346,-0.17896622,-0.30809158,0.90813434,0.8663073,0.83584654,0.9983713,0.958463,0.82622796,0.9790481,0.91637516,0.9023873,0.95038354,0.8643681,1.0118666,0.98231643,0.95841074,0.7754742,0.9100434,0.81140226,0.93465656,0.89897853,0.88611925,0.80485255
5.0,-0.15163785,-0.13810551,-0.24172923,0.26803604,-0.25284696,0.030466115,0.1731007,-0.10482688,0.26312932,0.28984252,-0.08383914,-0.3720786,0.09193175,-0.14010218,-0.17087437,0.031476088,-0.097979695,-0.08268875,-0.14260527,0.39573908,0.83886087,0.9052295,0.88000184,0.8784497,0.87024903,0.9411143,0.93839574,0.94127023,0.8920984,0.7990718,0.9978524,0.8297262,0.94275606,0.8385624,0.89888453,0.9317672,0.95416474,0.9314737,0.88112855,0.7826712
11.0,0.6493218,0.47728983,1.2635711,-0.7878833,0.6124246,-0.14378117,-0.2449168,0.08722296,-0.8359792,-1.646823,0.23293264,1.4805031,-0.3057551,0.87816054,0.8155926,0.09722516,0.28708893,0.13836399,0.68397987,-1.488885,0.6211393,0.84294975,0.34932145,0.5941127,0.6296271,0.8102623,0.6655669,0.79305065,0.5765688,0.28739327,0.79014975,0.27270278,0.7105128,0.59024394,0.48488635,0.7814678,0.7650975,0.8720612,0.52320987,0.36512852
6.0,0.2491359,0.17987302,0.34569198,-0.14999422,0.10378097,-0.09630047,-0.087944485,0.03187291,-0.27460888,-0.55393845,0.07741803,0.45181996,-0.16402599,0.44438222,0.27666885,0.1583051,0.11604701,0.054306194,0.19756559,-0.5395577,0.7884773,0.8899908,0.5982607,0.72130597,0.83280087,0.86150515,0.8985425,0.8882282,0.7374607,0.5414863,0.87815416,0.55435187,0.8483571,0.77716523,0.6995373,0.8943575,0.8481452,0.9073431,0.7683301,0.59755105
7.0,-0.19611882,-0.19434825,-0.30834517,0.28684545,-0.24824736,0.024389112,0.22389612,-0.07943972,0.3052241,0.35044187,-0.09684255,-0.42324376,0.105321094,-0.14580217,-0.17811175,0.026699668,-0.1338532,-0.085302524,-0.17060883,0.43291938,0.9014148,0.899738,0.8486259,0.9301097,0.87817854,0.9007098,0.9471888,0.9353648,0.8603852,0.83178186,0.9920406,0.90145814,0.9615363,0.8326351,0.887664,0.9034789,0.91905004,0.92176855,0.936655,0.8176943
9.0,-0.37865222,-0.5613612,-0.5916988,0.37243354,-0.6778054,0.046398565,0.3677508,-0.26318356,0.68863904,0.9132306,-0.21124429,-0.8457189,0.44777656,-0.76593953,-0.31539258,-0.07541876,-0.22991213,-0.23696652,-0.3775701,1.1378503,0.80974054,0.7920671,1.1202296,0.94604313,0.79298156,1.0655943,0.89781046,0.887696,1.0259702,0.8580549,0.9912267,1.0006751,0.9446854,0.7263174,0.901558,0.7670705,0.9433672,0.8866262,0.8303859,0.7818154
7.0,-0.22605133,-0.24269283,-0.34774315,0.30257568,-0.30048993,0.03348725,0.24583176,-0.105492316,0.35901576,0.4302031,-0.1098522,-0.4907328,0.15089081,-0.23213658,-0.20693633,0.011220481,-0.14456236,-0.10363234,-0.19823807,0.53814435,0.8848961,0.88897836,0.8870827,0.92989147,0.86577016,0.92250097,0.940369,0.9306273,0.8864875,0.8378806,1.0019267,0.9096076,0.9587604,0.8269177,0.9012908,0.8921634,0.93195313,0.92184067,0.9185164,0.81153715
11.0,0.50057733,0.35633603,0.849946,-0.5214729,0.37142754,-0.13947143,-0.21925211,0.05643624,-0.6038881,-1.1900915,0.18233123,1.0455949,-0.24619725,0.70372486,0.5964783,0.14417586,0.24148835,0.10610279,0.47021723,-1.1034442,0.69500244,0.85203165,0.4393703,0.6316317,0.7262969,0.8143408,0.7744983,0.81959057,0.6297663,0.37321547,0.81706995,0.37054715,0.7578735,0.66938347,0.5671951,0.82410705,0.77415264,0.8794251,0.61853,0.44222274
6.0,-0.23884417,-0.26403755,-0.36618313,0.30841342,-0.31860405,0.03513162,0.25697008,-0.11263754,0.38064831,0.46212223,-0.11577045,-0.516369,0.16839834,-0.26259536,-0.21573135,0.0057455637,-0.1511373,-0.11036942,-0.20994163,0.5760545,0.8840487,0.8840955,0.8976667,0.93421346,0.86206067,0.9274347,0.938555,0.9279398,0.8924822,0.84222424,1.0038766,0.9183965,0.9594521,0.8230615,0.9035257,0.88493645,0.93231595,0.92026526,0.91694516,0.8120671
8.0,-0.19230872,-0.19562495,-0.30066898,0.2806921,-0.26252425,0.027972728,0.21792266,-0.0899499,0.30796573,0.35485128,-0.09593143,-0.42561048,0.114840694,-0.16567156,-0.18116297,0.023905816,-0.12733705,-0.08828652,-0.17024878,0.45024645,0.8825687,0.8986647,0.86535597,0.918877,0.8733928,0.9167803,0.94396275,0.93490493,0.87667865,0.823714,0.9955147,0.88603085,0.95612913,0.8334284,0.8936572,0.9075171,0.93093544,0.9245658,0.91860014,0.8068606
4.0,-0.017267806,-0.008040971,-0.051437363,0.14123331,-0.11044671,-0.012239227,0.086845145,-0.031256728,0.06444445,-0.00023633242,-0.027640726,-0.08852883,-0.026471928,0.114546195,-0.028478853,0.08398431,-0.03307003,-0.02448839,-0.029990815,0.046041805,0.8498621,0.92400044,0.76837754,0.84583,0.88499933,0.907281,0.9430372,0.93996656,0.83808196,0.7264385,0.9593638,0.7515929,0.92648345,0.83817255,0.835451,0.9462369,0.9213476,0.92852366,0.8806394,0.7489866
8.0,-0.14357518,-0.13065812,-0.23723078,0.2484389,-0.19753224,0.013126689,0.18210287,-0.057340737,0.2296611,0.2405518,-0.07718416,-0.32272935,0.05808319,-0.05431537,-0.13383684,0.046383873,-0.10623575,-0.0637304,-0.12851004,0.3052491,0.8949456,0.90934944,0.81791097,0.9095254,0.8864036,0.8942113,0.95080477,0.9386649,0.8467849,0.80514526,0.97923845,0.863054,0.9550402,0.8373533,0.8714582,0.91932684,0.91482556,0.9239458,0.9314716,0.80450094
9.0,-0.20804355,-0.21848518,-0.32263005,0.2903043,-0.28344205,0.03133821,0.23022932,-0.09925808,0.33336297,0.3922486,-0.10276891,-0.45793152,0.13431655,-0.20166126,-0.194201,0.017124873,-0.13457812,-0.09616817,-0.18401119,0.4959004,0.8803992,0.89366037,0.8790711,0.92258865,0.869015,0.92258954,0.9419394,0.9327589,0.88440365,0.8294958,0.99888295,0.89517355,0.95672005,0.8303519,0.8983779,0.9009288,0.9332218,0.92376316,0.91589993,0.80754375
3.0,-0.17786583,-0.17846107,-0.28055257,0.26963544,-0.25082153,0.025909927,0.20595142,-0.08578072,0.2884128,0.32615802,-0.0904619,-0.39958578,0.10354998,-0.14399178,-0.1703662,0.028291775,-0.11925496,-0.08291782,-0.15920961,0.41881996,0.8781152,0.9016773,0.8598465,0.9127567,0.8752339,0.91803163,0.94458425,0.93601525,0.87593687,0.8161981,0.9930322,0.87413996,0.9540251,0.8352677,0.8907811,0.91342056,0.93191254,0.92575103,0.9152709,0.8026338
7.0,-0.21346903,-0.2213107,-0.33064893,0.2964005,-0.27655536,0.029734673,0.23681256,-0.09368946,0.3354025,0.3950587,-0.103831254,-0.46152574,0.1298288,-0.1928834,-0.19491358,0.018039655,-0.14030826,-0.09541119,-0.1860942,0.4915591,0.8931456,0.8943408,0.86930627,0.93066216,0.87150246,0.91203684,0.9434008,0.93297815,0.87440026,0.8358564,0.99823266,0.90669405,0.9602017,0.83009547,0.8958002,0.8975893,0.92648995,0.92194986,0.92721355,0.81500375
2.0,0.46111393,0.33882958,0.7773362,-0.4569754,0.3285822,-0.12903123,-0.19988209,0.046477187,-0.55345285,-1.08768,0.16645494,0.951725,-0.23840593,0.67284197,0.53448373,0.13659522,0.22273697,0.09476745,0.42778143,-1.0132653,0.70886594,0.86656755,0.46354038,0.6465995,0.74334943,0.82577837,0.7928557,0.8365478,0.6488672,0.39916718,0.8341012,0.39184427,0.771936,0.68647504,0.588596,0.8464166,0.7907213,0.88197446,0.64076674,0.46716744
4.0,0.001465695,0.007405353,-0.024609916,0.12332076,-0.094618104,-0.018331667,0.07425049,-0.024731271,0.039151184,-0.03801441,-0.020390099,-0.05084833,-0.038886927,0.14219196,-0.008463327,0.090656094,-0.022725057,-0.017864078,-0.014599886,0.0027899146,0.8470031,0.9238925,0.7562331,0.83777213,0.8839538,0.9051844,0.9419505,0.93842566,0.83211714,0.71437365,0.95403117,0.7379795,0.92257696,0.83609015,0.826424,0.94548774,0.91774267,0.92782205,0.87539417,0.7405275
4.0,-0.08327428,-0.06950071,-0.15132204,0.19862518,-0.15255696,0.00031549146,0.13589169,-0.041187655,0.14930063,0.12409556,-0.05411157,-0.21048346,0.01465379,0.031551015,-0.08280177,0.06678912,-0.071843475,-0.043249294,-0.08143645,0.17672953,0.8766169,0.9167037,0.7918251,0.8796685,0.88850105,0.8971872,0.9498676,0.9395943,0.84004,0.7683647,0.9681018,0.8113635,0.94267774,0.8394118,0.85391945,0.93262136,0.9162073,0.9262301,0.9111604,0.78003687
5.0,-0.39099023,-0.58693564,-0.60534585,0.3797224,-0.70562756,0.042369302,0.38032493,-0.27412334,0.71658957,0.951639,-0.2180527,-0.8679085,0.46564907,-0.801027,-0.32245928,-0.07694136,-0.24088097,-0.24978554,-0.39104915,1.1799799,0.8070674,0.7842025,1.1330793,0.9454221,0.78586173,1.0724077,0.8914232,0.88416797,1.0301664,0.85704434,0.9925,1.0108149,0.9452495,0.71663547,0.8962385,0.75332844,0.94598854,0.88132215,0.8220661,0.78090644
4.0,-0.070021175,-0.0634954,-0.1302342,0.18044755,-0.15465584,0.0014105405,0.1258791,-0.045158856,0.13795069,0.10601209,-0.048329394,-0.19224453,0.017624304,0.030808058,-0.07462063,0.06407582,-0.06191495,-0.04151123,-0.07335637,0.1676368,0.86193174,0.91857284,0.7983252,0.8729163,0.8856465,0.911539,0.9457877,0.93928176,0.853123,0.75794965,0.9687635,0.7957973,0.93838567,0.8405729,0.85431576,0.9404221,0.9233947,0.9287527,0.898075,0.7703373
4.0,-0.0295979,-0.019174999,-0.06911974,0.1522203,-0.1207286,-0.008655473,0.09530903,-0.03548117,0.08144678,0.024717234,-0.03242217,-0.11301906,-0.017566832,0.09569433,-0.040772207,0.07976827,-0.03982559,-0.02876927,-0.04003174,0.07441562,0.8517125,0.9234241,0.7761189,0.8512241,0.88532585,0.9087682,0.94375664,0.9404792,0.8417365,0.73404634,0.962535,0.7608261,0.9291203,0.8391215,0.8408783,0.9458488,0.92326593,0.9287766,0.88397,0.7542015
3.0,-0.072202,-0.05996368,-0.13096288,0.18848342,-0.15536675,0.0024716395,0.12572543,-0.048252862,0.13955307,0.109641954,-0.0490541,-0.19615057,0.013614956,0.031562008,-0.08037846,0.06555999,-0.06323255,-0.04319168,-0.074329555,0.17041394,0.86059785,0.91975576,0.7999787,0.8701822,0.8855581,0.9107129,0.94595945,0.9409984,0.85166603,0.75969577,0.97178644,0.7941247,0.93779767,0.84099096,0.857292,0.94100296,0.92682505,0.92888194,0.896287,0.77131647
8.0,-0.25704896,-0.30235183,-0.39633065,0.31290254,-0.36306545,0.040958576,0.2703159,-0.13162245,0.41822937,0.52003074,-0.12738468,-0.5629887,0.20871462,-0.33191127,-0.23139569,-0.007962562,-0.1570697,-0.12429189,-0.23119189,0.6541462,0.87047946,0.8734034,0.9295338,0.9356392,0.8534493,0.94764984,0.93439,0.9229408,0.91585803,0.8448154,1.0043886,0.925141,0.95633334,0.81476176,0.9093859,0.8747506,0.9359998,0.9192552,0.9046319,0.8059017
9.0,-0.20742604,-0.22162807,-0.32691655,0.2993107,-0.33188695,0.04380447,0.21440923,-0.13538447,0.35348892,0.42142305,-0.11094396,-0.48983014,0.16816352,-0.27422678,-0.2136242,0.003242679,-0.121135294,-0.10909145,-0.19417912,0.55823225,0.8323297,0.8835622,0.93258107,0.89361054,0.8554773,0.9635123,0.933871,0.9329338,0.92329466,0.8197638,1.0007945,0.8655887,0.94438463,0.825223,0.91183066,0.9078159,0.95450336,0.9302504,0.87587917,0.78425133
8.0,-0.2920263,-0.34902802,-0.44176403,0.33801067,-0.37974262,0.03790856,0.3079753,-0.13447608,0.46308166,0.5857164,-0.13843554,-0.6132181,0.2267801,-0.36492103,-0.24860217,-0.012318969,-0.18328196,-0.13682076,-0.2545874,0.7125234,0.8963441,0.86665434,0.92322904,0.95755607,0.8500133,0.93127716,0.93048817,0.9176674,0.90067047,0.8640409,1.0123676,0.96283484,0.9641138,0.80663854,0.90685976,0.8511627,0.9259746,0.9102831,0.9212038,0.82084274
5.0,-0.17962885,-0.17282477,-0.2865429,0.27549553,-0.23032692,0.020925177,0.2106877,-0.07119264,0.28042972,0.31436372,-0.09068342,-0.3911962,0.088963576,-0.11418046,-0.16420622,0.03297101,-0.12557916,-0.07794077,-0.15720181,0.39016593,0.90117884,0.9033686,0.8374715,0.9248745,0.8817517,0.8970699,0.94891536,0.9368463,0.85480326,0.8244898,0.9875473,0.89076906,0.9601642,0.83457035,0.882386,0.90916425,0.9166689,0.92248946,0.9372677,0.81501096
5.0,-0.35944736,-0.36721745,-0.613337,0.5602472,-0.68248904,0.09278993,0.23789605,-0.39291817,0.6973887,0.85652155,-0.26370576,-0.9410424,0.43762675,-0.8770885,-0.38743037,-0.08258676,-0.1570942,-0.24111599,-0.3562256,1.1401349,0.67026365,0.7799146,1.2608862,0.7582414,0.77668595,1.1104052,0.85771453,0.9082374,1.0063769,0.8651789,1.0142381,0.82256985,0.9068443,0.74381083,0.940243,0.8365595,0.9938023,0.928116,0.7139772,0.69096684
3.0,-0.13638194,-0.13088751,-0.22319669,0.23695266,-0.21378125,0.018318035,0.17376767,-0.070535034,0.23008236,0.24114195,-0.07432555,-0.32165223,0.06925925,-0.07613306,-0.13633162,0.041328758,-0.09706733,-0.06673774,-0.12663358,0.32297492,0.87090975,0.9100656,0.8381622,0.89779216,0.8808782,0.9166373,0.94595987,0.9386458,0.86918545,0.7951469,0.9844798,0.8434754,0.94833416,0.8393867,0.8792837,0.92771065,0.9303718,0.92800087,0.90944606,0.79173017
8.0,-0.075293675,-0.062436696,-0.14481479,0.19161111,-0.13947727,-0.0055194898,0.13124207,-0.032272816,0.1362409,0.105034724,-0.05251825,-0.191887,0.007550157,0.050340183,-0.06953165,0.07219377,-0.06877673,-0.0379628,-0.07483076,0.14880992,0.8828629,0.91440713,0.77937454,0.8792508,0.8901197,0.88923466,0.95217615,0.93769085,0.8297807,0.76484936,0.96100926,0.8115024,0.94336915,0.83713514,0.8452711,0.928292,0.90686125,0.92426527,0.91691136,0.7794089
6.0,-0.13810754,-0.12874854,-0.22599092,0.24117622,-0.20532191,0.015710806,0.17625615,-0.064827815,0.22797498,0.23798072,-0.07456297,-0.31896177,0.062097203,-0.06369585,-0.1345233,0.044769242,-0.100299284,-0.065057725,-0.12581827,0.31194246,0.880335,0.9104357,0.828715,0.9012522,0.8832056,0.90704834,0.94791883,0.9388904,0.85915005,0.79815763,0.98306,0.84952813,0.9507292,0.8389849,0.87616473,0.9245439,0.9251373,0.9263797,0.917356,0.79635656
10.0,0.27558035,0.21481603,0.4159115,-0.18019181,0.12870468,-0.09210093,-0.101026945,0.025156744,-0.31283608,-0.6206241,0.09181693,0.51612335,-0.18160096,0.48371747,0.2908273,0.14050382,0.12901969,0.054645225,0.22856766,-0.59592223,0.773981,0.9045742,0.5864944,0.71493655,0.8233115,0.8672487,0.87726325,0.8944029,0.73727405,0.5271134,0.88603073,0.5241547,0.8396507,0.76660657,0.6915649,0.9086178,0.8554655,0.90686655,0.747805,0.58473426
1.0,-0.34079534,-0.43738773,-0.50886226,0.36489323,-0.46274155,0.04129605,0.35180503,-0.16944952,0.548131,0.7177669,-0.16167064,-0.71077883,0.29678005,-0.4937259,-0.28483897,-0.03210947,-0.20851597,-0.17019397,-0.29733476,0.87104666,0.8870574,0.84378594,0.96818745,0.9594902,0.8301968,0.9494367,0.9155056,0.90722716,0.9239852,0.87120694,1.0214012,0.9862973,0.95986784,0.7849511,0.9109893,0.8151158,0.93056864,0.90144277,0.89964974,0.8121901
7.0,-0.13795005,-0.13071966,-0.22469363,0.239905,-0.2120443,0.01754021,0.17500398,-0.06989052,0.23113817,0.2424945,-0.0747104,-0.3225888,0.06722467,-0.07385975,-0.13709256,0.0427623,-0.09863031,-0.06685037,-0.12698355,0.32185906,0.87308735,0.9099879,0.83615905,0.8982198,0.8811461,0.91420585,0.94652146,0.9387808,0.86609757,0.7963224,0.9849526,0.8451395,0.94916254,0.83914423,0.8790097,0.926284,0.92991143,0.9274154,0.91099733,0.7931269
5.0,-0.054914072,-0.04186354,-0.12065831,0.17757311,-0.1186966,-0.014202163,0.11587946,-0.022283597,0.10667649,0.063186124,-0.046883456,-0.15088004,-0.009067334,0.085399404,-0.04687955,0.083229035,-0.057909615,-0.029421784,-0.059221137,0.09549288,0.88321286,0.91189134,0.7626853,0.869034,0.8902046,0.8819224,0.9545757,0.9355906,0.8171577,0.75316405,0.9514465,0.7990598,0.9400287,0.834195,0.83312815,0.9245659,0.8983657,0.92262137,0.9158138,0.77197075
10.0,-0.19281071,-0.19377866,-0.30229747,0.28208596,-0.2545625,0.026090547,0.21990237,-0.08432821,0.30479276,0.35002866,-0.09566685,-0.4219141,0.109224,-0.15402049,-0.17856586,0.025620395,-0.12971771,-0.08627349,-0.1692779,0.43919086,0.89132744,0.8996422,0.8566699,0.9238166,0.875916,0.9091073,0.94549793,0.9351683,0.8689529,0.826688,0.9937885,0.8922224,0.95842505,0.83342326,0.8906319,0.90618944,0.92545986,0.92338496,0.9268403,0.81155384
1.0,-0.24745551,-0.2682058,-0.37712008,0.32023114,-0.31244922,0.03443177,0.26575536,-0.10870953,0.38547423,0.46925625,-0.11721947,-0.52515864,0.16323858,-0.25561792,-0.2204445,0.006337028,-0.15823491,-0.11086028,-0.21334091,0.576307,0.89779305,0.8847826,0.887894,0.94158393,0.86356795,0.91501594,0.93909115,0.9288424,0.8810533,0.8503147,1.0052454,0.93110126,0.96275926,0.82320887,0.9023087,0.8809637,0.9266772,0.9186301,0.9278395,0.82015574
8.0,-0.11622293,-0.10549767,-0.19371322,0.2312108,-0.22475795,0.024474788,0.1488319,-0.08943042,0.21337199,0.217251,-0.0694058,-0.30419004,0.069439806,-0.08540566,-0.13797198,0.037090898,-0.07908418,-0.06823685,-0.11687252,0.31606725,0.83594215,0.91176414,0.86050814,0.8732795,0.87457716,0.94259924,0.939305,0.94220763,0.89055645,0.781118,0.9871639,0.8090984,0.9377717,0.8400925,0.8859809,0.944357,0.94753075,0.93352276,0.88062716,0.77443826
6.0,-0.11739528,-0.11285683,-0.1960669,0.21987677,-0.20061043,0.014298918,0.15914837,-0.06644287,0.20658138,0.20569684,-0.067130074,-0.28678897,0.05809916,-0.051989246,-0.11994727,0.04684651,-0.08639108,-0.06043703,-0.112574436,0.2841292,0.8637896,0.9120352,0.8315833,0.88976455,0.88119006,0.9207452,0.9456513,0.9385225,0.86894566,0.78381914,0.9808197,0.8281606,0.94539744,0.83962417,0.8736411,0.9326456,0.9311575,0.92875123,0.9032333,0.78444093
1.0,-0.22192948,-0.23763871,-0.3417924,0.29983914,-0.2995515,0.03363395,0.24146715,-0.106141075,0.35450613,0.42349517,-0.1085158,-0.48491204,0.1491008,-0.2295439,-0.20513868,0.01203591,-0.14149404,-0.10271896,-0.19546582,0.5325611,0.8807254,0.88949347,0.88848895,0.9262112,0.8655549,0.9251194,0.94024223,0.9310525,0.8885627,0.83497924,1.0016689,0.90415215,0.9575444,0.8275539,0.90162265,0.89445025,0.9341116,0.9226815,0.9149897,0.80894834
2.0,0.21605934,0.17319444,0.313342,-0.10427498,0.076034084,-0.07764772,-0.06548784,0.017792925,-0.23826563,-0.48548496,0.067147546,0.3877688,-0.1569733,0.41667724,0.22099444,0.13689981,0.096995205,0.04127606,0.17166764,-0.46616822,0.7911524,0.9127601,0.6257475,0.73977935,0.8427025,0.8801366,0.8980714,0.9086769,0.76270914,0.56876194,0.90148354,0.56948036,0.86033475,0.7879037,0.723377,0.92267144,0.8741506,0.913944,0.77949923,0.6218628
11.0,0.7010829,0.4993191,1.3715532,-0.8735606,0.67144406,-0.14969224,-0.2482096,0.10729707,-0.8984561,-1.7815493,0.24783345,1.6072336,-0.32905197,0.9220616,0.8947941,0.097693294,0.29676998,0.15457168,0.74607325,-1.6155506,0.6024424,0.83426756,0.3247179,0.57616144,0.60497546,0.79706794,0.6317843,0.7810511,0.5620079,0.26467156,0.771447,0.251971,0.6939781,0.56566733,0.46216413,0.7547114,0.7592834,0.8764592,0.49446046,0.3427431
7.0,-0.17033197,-0.16958323,-0.26996353,0.26397938,-0.24487849,0.02482208,0.19970979,-0.083796546,0.27826655,0.31129768,-0.08759323,-0.3860324,0.09770223,-0.1328707,-0.16479394,0.030577516,-0.11500415,-0.080214456,-0.1534463,0.40259695,0.875642,0.90318596,0.8570629,0.9093802,0.8760489,0.91877234,0.9447874,0.93658614,0.87557834,0.8121953,0.99181366,0.8677979,0.9528397,0.8361425,0.8892649,0.916404,0.9325184,0.9263524,0.9132883,0.80028707
1.0,-0.32558787,-0.40563834,-0.4868667,0.3594559,-0.4306372,0.040822454,0.33770704,-0.15665063,0.5182808,0.6711728,-0.15318644,-0.67874503,0.26976457,-0.44580144,-0.27424824,-0.025003977,-0.20006011,-0.15792167,-0.28234124,0.8144156,0.8925518,0.85239226,0.9501711,0.95888203,0.8369963,0.94006956,0.92061865,0.9115583,0.9132833,0.8703993,1.0196471,0.97926366,0.9615283,0.79386246,0.91056925,0.8280705,0.92896426,0.90519005,0.9085219,0.8162958
6.0,-0.15600665,-0.1526185,-0.24968448,0.2581702,-0.2521407,0.028909534,0.18207505,-0.09543275,0.2662627,0.29463404,-0.0842264,-0.37347502,0.098036006,-0.13909161,-0.16474211,0.028967425,-0.10182963,-0.08067749,-0.14618401,0.3977567,0.85121095,0.90402067,0.87283283,0.8914579,0.872133,0.93636876,0.9411198,0.9387804,0.8910443,0.8014316,0.9931712,0.8431102,0.9453864,0.83749175,0.89411825,0.9271603,0.94485885,0.9304945,0.8926546,0.78731084
5.0,-0.30390832,-0.3872267,-0.46682552,0.34101298,-0.46793815,0.048320387,0.3026922,-0.17933315,0.5133597,0.66065747,-0.15688011,-0.6711807,0.2939193,-0.48909456,-0.27034694,-0.032153785,-0.17776915,-0.16169837,-0.28135952,0.8306151,0.84123415,0.8446625,1.001099,0.9305769,0.8300834,0.9886422,0.9225732,0.91221464,0.9571772,0.84996814,1.0058591,0.94122857,0.9516383,0.78846717,0.9162715,0.84130377,0.9463467,0.9128082,0.8729273,0.7923038
3.0,-0.052730363,-0.038161624,-0.10144991,0.17528066,-0.14110667,-0.0011046374,0.11050614,-0.04518182,0.11302691,0.07174366,-0.041441426,-0.15976147,-0.0021836974,0.06008838,-0.06597986,0.071739435,-0.052278437,-0.037653945,-0.058858838,0.1289086,0.8537204,0.92286474,0.791853,0.85943294,0.88539046,0.9114882,0.9444342,0.9420813,0.84877455,0.748431,0.9696151,0.7762355,0.93303204,0.840938,0.8523287,0.94566876,0.9283539,0.9294506,0.88829386,0.76339537
4.0,-0.077955686,-0.06516283,-0.13740906,0.19499533,-0.16984887,0.008060504,0.12736964,-0.058791287,0.15130521,0.1270229,-0.05153334,-0.21407343,0.023800347,0.008825123,-0.09250426,0.05905929,-0.06422067,-0.04835017,-0.08090595,0.19803333,0.85102475,0.9199597,0.81467986,0.8684863,0.8828792,0.9211321,0.94341236,0.9422915,0.8631949,0.76216775,0.9766481,0.7922448,0.93664104,0.8418214,0.8648028,0.9454847,0.93476295,0.9307774,0.8892362,0.7702569
9.0,-0.08987475,-0.07677746,-0.1584742,0.20350972,-0.16238493,0.0037678625,0.14003918,-0.04737828,0.16048796,0.14009082,-0.05612763,-0.22557804,0.022161119,0.015242148,-0.091626,0.062775195,-0.07452986,-0.047026865,-0.08717853,0.1986364,0.8726107,0.9168773,0.80076253,0.8808026,0.8870225,0.9029309,0.94857794,0.9400739,0.8468398,0.7712708,0.9721798,0.81302917,0.94285375,0.8401814,0.8592409,0.93409514,0.92138004,0.92713904,0.9080301,0.78070474
6.0,-0.056813225,-0.046380375,-0.1129369,0.17386046,-0.1341728,-0.0060026785,0.11672124,-0.034896635,0.11523242,0.07398028,-0.04384782,-0.1608839,-0.0011873087,0.06575194,-0.058562726,0.07478385,-0.056539923,-0.034637943,-0.060808875,0.12236678,0.8678583,0.91864973,0.7805993,0.86721617,0.8878098,0.9000978,0.9483534,0.938903,0.837904,0.75133586,0.9630621,0.7891042,0.937045,0.8389216,0.84512657,0.93658334,0.91625065,0.92677903,0.9010141,0.7679918
7.0,-0.21423542,-0.21791464,-0.33289587,0.29999474,-0.26709008,0.027951807,0.23867059,-0.08773908,0.33158293,0.3893318,-0.103720844,-0.457982,0.12258585,-0.17897658,-0.19297439,0.019941894,-0.14307736,-0.093290724,-0.18519163,0.4783798,0.90321666,0.89555156,0.8594713,0.9361433,0.87437725,0.90299517,0.94522643,0.933787,0.8651061,0.8401022,0.9963159,0.91412026,0.96299165,0.83016574,0.89257914,0.8965307,0.9202656,0.9207334,0.9370556,0.82096696
10.0,0.5923863,0.4344494,1.1044747,-0.6837617,0.5189494,-0.1414873,-0.24093154,0.07146487,-0.7490945,-1.4718761,0.21534285,1.3130577,-0.2794561,0.8117471,0.72807765,0.112335786,0.2753929,0.12372064,0.6009903,-1.3385257,0.6490064,0.84722584,0.38204443,0.6090807,0.66708016,0.8133437,0.7072183,0.8035992,0.59554917,0.317735,0.80235183,0.30583054,0.7289538,0.6204095,0.5154067,0.8004547,0.766876,0.8734756,0.558552,0.39212018
9.0,-0.053010847,-0.04162225,-0.10913512,0.17216046,-0.12859452,-0.007875484,0.114107855,-0.0314178,0.10849193,0.06470143,-0.042790674,-0.15238994,-0.006215153,0.07557901,-0.053885397,0.07737827,-0.05486677,-0.03261395,-0.057582106,0.109556206,0.870258,0.91838914,0.77536154,0.8658451,0.88855714,0.8958829,0.9490819,0.93867403,0.83340704,0.7497127,0.96055716,0.78788984,0.9365705,0.8384121,0.8420207,0.9353949,0.9130911,0.92623305,0.90263134,0.7674399
11.0,0.6726165,0.48237064,1.3017386,-0.82551974,0.6330056,-0.14905502,-0.2504332,0.09543302,-0.8612051,-1.7023702,0.23964496,1.5332506,-0.31176445,0.8912723,0.8528081,0.10527322,0.29306954,0.14742175,0.70639545,-1.54349,0.61304873,0.8354871,0.33901396,0.5847129,0.6222975,0.80181086,0.65306395,0.783852,0.56783587,0.27690664,0.77859056,0.2653088,0.7023439,0.57915926,0.47564638,0.76486665,0.7575915,0.8750556,0.51079446,0.35394034
8.0,-0.110030286,-0.09549939,-0.1854226,0.22233309,-0.18174393,0.010299102,0.1537924,-0.057059858,0.18863219,0.1814508,-0.06360101,-0.26609394,0.037122656,-0.018295962,-0.112957895,0.055165764,-0.08483278,-0.055462785,-0.1033107,0.24803258,0.8731167,0.9154272,0.81504595,0.88690317,0.8852597,0.9059882,0.9478653,0.94082534,0.8536434,0.78261244,0.97861224,0.82547593,0.9452851,0.8408035,0.8687794,0.9324141,0.92622226,0.92760354,0.90932405,0.7868014
4.0,0.1478776,0.1172375,0.1919617,-0.026847176,0.021480367,-0.06454833,-0.022877187,0.013284753,-0.15136242,-0.3367201,0.036974177,0.24400555,-0.12275577,0.33476716,0.1527349,0.13493204,0.059879195,0.02717764,0.10812214,-0.32177377,0.81495404,0.91210806,0.66419446,0.76842123,0.86080456,0.8850872,0.9222124,0.9169982,0.781819,0.61448044,0.91201663,0.627104,0.8825393,0.8081171,0.75389224,0.9250091,0.8844802,0.91884834,0.8174323,0.66127455
10.0,0.3740353,0.27557212,0.58950204,-0.32058266,0.22457266,-0.116342634,-0.15795347,0.038160443,-0.43481895,-0.8560576,0.13144656,0.7356843,-0.21289288,0.5828102,0.41944638,0.14790186,0.18035027,0.077547505,0.32721865,-0.8129435,0.74358356,0.8806349,0.5201355,0.6753031,0.7856617,0.8405446,0.8399498,0.86107796,0.68841296,0.4575139,0.8548347,0.4551454,0.80301154,0.72698945,0.6367135,0.8726874,0.8161729,0.8927927,0.6937906,0.52108055
6.0,-0.22703011,-0.2656094,-0.3602643,0.29601794,-0.3637828,0.045353327,0.23505786,-0.14011042,0.38755614,0.471778,-0.12092498,-0.52707475,0.20303985,-0.32319987,-0.21897681,-0.008437131,-0.13283493,-0.11793966,-0.21547924,0.6171544,0.83819205,0.8744629,0.9471678,0.91165525,0.85158175,0.9733519,0.9347158,0.9259787,0.9365001,0.8272311,0.99579144,0.8893019,0.94699645,0.81675804,0.9105968,0.8939476,0.9456951,0.9268713,0.88255334,0.7883684
11.0,0.70210767,0.50305784,1.3835866,-0.87810326,0.67874944,-0.14817247,-0.24550965,0.10689177,-0.90207404,-1.7888645,0.2476206,1.6155815,-0.3318799,0.92781,0.8960616,0.093910605,0.29458138,0.15484455,0.7506495,-1.621317,0.60033923,0.83576566,0.32370913,0.5770332,0.6020437,0.79842985,0.63013387,0.781795,0.5616928,0.26420483,0.7729477,0.25024354,0.6929932,0.5644383,0.46075898,0.7567714,0.7611672,0.87464267,0.49363706,0.3431254
8.0,0.023445044,0.028389141,0.009079687,0.105073884,-0.07812437,-0.023708101,0.05855542,-0.020417653,0.009469874,-0.0817505,-0.011763982,-0.007766433,-0.05468725,0.17360526,0.011220824,0.09726288,-0.010454655,-0.01154691,0.0032847263,-0.04512334,0.8407579,0.9253623,0.7446912,0.82650006,0.8820275,0.9043471,0.939406,0.93785363,0.8268107,0.70065635,0.95009977,0.7191891,0.9166737,0.83369565,0.8182747,0.9468038,0.9164866,0.92750216,0.8663667,0.73018163
6.0,-0.24059425,-0.26447386,-0.36798948,0.31436607,-0.3311498,0.03967773,0.25364986,-0.12227922,0.38584593,0.47149342,-0.11759424,-0.5275886,0.17556764,-0.28160337,-0.22436728,0.002456855,-0.1474751,-0.11432443,-0.21212018,0.5956218,0.8714344,0.88206726,0.91181266,0.92361,0.85794103,0.9353015,0.9358924,0.92913544,0.90225446,0.8393741,1.0060964,0.9087703,0.9550379,0.82323825,0.90927607,0.88685185,0.9401199,0.92289793,0.9042319,0.8048181
11.0,0.18108888,0.1478754,0.25482592,-0.06255113,0.0466038,-0.06872884,-0.04385829,0.012979397,-0.19416937,-0.4086634,0.052587487,0.31380868,-0.14079227,0.37546247,0.18149027,0.13300626,0.07789983,0.032965094,0.13937119,-0.39004725,0.80101717,0.9164459,0.6482346,0.75493866,0.85254735,0.8865263,0.908699,0.91583395,0.7764497,0.59311944,0.91021836,0.59665114,0.8719734,0.79911184,0.74144477,0.9293275,0.88385314,0.917524,0.7973846,0.6430514
1.0,-0.24067841,-0.25628737,-0.36888552,0.31679565,-0.29784814,0.032226466,0.2611831,-0.10108311,0.37217587,0.449328,-0.114213884,-0.50906426,0.1513346,-0.23231256,-0.21329653,0.009864707,-0.15650271,-0.105870016,-0.20708945,0.54886085,0.90427536,0.88796306,0.8767999,0.944337,0.8676053,0.90835387,0.941442,0.9301821,0.8733572,0.8506729,1.0024661,0.9319075,0.9644487,0.8249345,0.8987206,0.884117,0.92198133,0.91847277,0.93544453,0.82385814
5.0,-0.08615187,-0.07295149,-0.15516561,0.20026474,-0.15577339,0.001348891,0.13807628,-0.042593755,0.15367441,0.13033709,-0.05513268,-0.21648398,0.017756812,0.025760327,-0.08562328,0.06520606,-0.07327859,-0.04442621,-0.083836384,0.18469623,0.8764522,0.91655797,0.79428464,0.88104224,0.8882585,0.8983711,0.94963187,0.93959373,0.8418532,0.769875,0.96907806,0.81326246,0.94312984,0.8395905,0.8553741,0.9326629,0.91701764,0.92637706,0.9112887,0.7808404
5.0,-0.27986836,-0.34387866,-0.42914695,0.3220322,-0.39717907,0.040271565,0.29254723,-0.14356297,0.45974788,0.57988685,-0.13850549,-0.6050982,0.23966461,-0.38475108,-0.24308483,-0.0151049495,-0.17256546,-0.1378763,-0.25292727,0.7198781,0.8721358,0.8632918,0.9454653,0.94559646,0.8466379,0.955705,0.93100303,0.91624826,0.923109,0.8519625,1.0065038,0.9443455,0.959374,0.804491,0.9090292,0.85684514,0.9345482,0.9131929,0.90331966,0.8081836
11.0,0.68468297,0.49590054,1.3476027,-0.849518,0.6594782,-0.14655465,-0.24536985,0.099797264,-0.88188833,-1.7444195,0.24285616,1.5737693,-0.32324663,0.9129686,0.86988044,0.094118066,0.29210085,0.14937812,0.72984344,-1.5787827,0.6064875,0.8384448,0.33168086,0.58303845,0.61039853,0.80324686,0.641612,0.78542906,0.56620985,0.27140227,0.77920616,0.25692582,0.6986062,0.5726659,0.46824276,0.7656078,0.7626677,0.8732031,0.5030997,0.35018024
4.0,-0.0132325925,-0.0064206775,-0.04811303,0.13600945,-0.103401646,-0.01596155,0.085086256,-0.025715359,0.057884015,-0.010186266,-0.026539547,-0.078152046,-0.029984158,0.12449351,-0.019908387,0.08776326,-0.03138052,-0.021438215,-0.026252389,0.031058528,0.8538202,0.9220183,0.7609247,0.8454603,0.88549453,0.90233994,0.9444649,0.93819064,0.8321146,0.72371924,0.95529187,0.7518523,0.92657715,0.83693004,0.83028704,0.94219387,0.916018,0.927337,0.8832875,0.7478142
6.0,-0.32862145,-0.4121675,-0.49257183,0.35956764,-0.42990485,0.039222993,0.34365934,-0.1545335,0.52250916,0.67696583,-0.1542492,-0.6814054,0.27062702,-0.4446745,-0.27277634,-0.025107436,-0.20475994,-0.15867358,-0.28516412,0.816037,0.90005434,0.8524665,0.9449423,0.9669391,0.83840907,0.93634087,0.92084104,0.9099839,0.90895057,0.87468237,1.0197217,0.98826534,0.96384877,0.7925694,0.9081004,0.8247095,0.9241934,0.90256226,0.9155497,0.8211808
11.0,0.5978962,0.43752682,1.1166862,-0.696664,0.5284287,-0.14481752,-0.24519849,0.07081736,-0.7562874,-1.4888374,0.21612115,1.3313384,-0.27745828,0.81371796,0.7397518,0.11960151,0.27400434,0.12811682,0.60514337,-1.3530549,0.64444757,0.8419572,0.37892145,0.6064814,0.6651447,0.81139475,0.7069944,0.79619855,0.5886112,0.3136384,0.7982862,0.3036322,0.7249916,0.61602825,0.5131899,0.7937705,0.7601057,0.8721611,0.55554473,0.3884827
4.0,0.015572829,0.016430639,-0.0104755685,0.109276585,-0.076869644,-0.027503828,0.06577364,-0.012868126,0.018019259,-0.06918001,-0.016581958,-0.019526608,-0.04984152,0.169253,0.014036816,0.10076822,-0.015573323,-0.010175034,-0.00287918,-0.039479166,0.8527659,0.9188461,0.73854536,0.8322999,0.88381356,0.894152,0.9446071,0.9341029,0.8178588,0.7049714,0.943829,0.7330379,0.9204891,0.8325816,0.8136379,0.93628526,0.90586877,0.9251908,0.87772715,0.7345863
7.0,-0.24022254,-0.26266775,-0.36748877,0.31187287,-0.31469536,0.034972448,0.25839233,-0.11078092,0.37963077,0.46083376,-0.11551736,-0.51658386,0.16463552,-0.25712296,-0.21672069,0.0065043867,-0.15247415,-0.10982662,-0.20957136,0.572295,0.8881702,0.8849905,0.8936384,0.93551767,0.8628993,0.9228196,0.9388131,0.92870295,0.8883439,0.8441746,1.00436,0.92087835,0.96017236,0.82377255,0.903275,0.88471925,0.9309084,0.9201018,0.9200872,0.81429815
7.0,-0.11826913,-0.10750475,-0.19793259,0.2252855,-0.18936843,0.0116333375,0.16096401,-0.058904078,0.20104823,0.19884752,-0.06694919,-0.2818291,0.046951648,-0.03380319,-0.11798865,0.05134011,-0.08933033,-0.058020577,-0.11029044,0.26819158,0.8752299,0.91346157,0.8194593,0.8924511,0.8846245,0.90752876,0.94792163,0.9396129,0.8564497,0.7868989,0.9793105,0.8334512,0.9472754,0.8400123,0.8704233,0.92983365,0.9251919,0.92718244,0.9121625,0.7894752
4.0,-0.17874734,-0.17760009,-0.28146464,0.27224296,-0.25074512,0.026529595,0.20616925,-0.08613713,0.28860068,0.3268113,-0.09056735,-0.4012378,0.10233357,-0.14357524,-0.17216976,0.028251281,-0.119562864,-0.08325439,-0.15943636,0.4196353,0.87854296,0.90203637,0.85980576,0.9121336,0.87526613,0.91673326,0.944413,0.93660307,0.8752599,0.81691265,0.9935846,0.8741597,0.95381016,0.83574325,0.8915303,0.91373926,0.9323371,0.92597747,0.9152316,0.80297107
2.0,0.5902035,0.43338206,1.099901,-0.6802458,0.5164131,-0.14114557,-0.24050662,0.07054304,-0.74611634,-1.4659759,0.21446574,1.3077273,-0.2785399,0.80973524,0.72468615,0.11254306,0.27447787,0.123249255,0.5982373,-1.3333243,0.6496664,0.8475611,0.38326988,0.6098319,0.6682516,0.81374615,0.7087472,0.80399024,0.5960935,0.31891584,0.8030767,0.30692494,0.72950065,0.6213276,0.51653326,0.801455,0.76703537,0.8732485,0.5598674,0.39331615
9.0,-0.16458149,-0.1472654,-0.2576716,0.27714434,-0.23525536,0.025780894,0.19021761,-0.086066574,0.26576635,0.29464453,-0.084280476,-0.3753339,0.077809535,-0.11285423,-0.16944794,0.037653327,-0.111539826,-0.07962321,-0.14557476,0.38245684,0.871556,0.90736604,0.8534441,0.8958072,0.87630445,0.9126234,0.9442243,0.9410453,0.8682587,0.8101351,0.9958005,0.85483545,0.95004827,0.83999187,0.89289105,0.92142576,0.9397382,0.9276153,0.9063451,0.7979785
4.0,0.21880445,0.16902563,0.30857116,-0.10927945,0.078295276,-0.08257452,-0.0679298,0.022570074,-0.2400471,-0.48980558,0.06659212,0.39140964,-0.1565326,0.41777974,0.23106909,0.14498161,0.09867866,0.04412619,0.17203204,-0.47380805,0.79395115,0.9052235,0.62074816,0.7365492,0.84200317,0.87384856,0.90209675,0.9030362,0.75612265,0.5652784,0.8949087,0.5712822,0.85875773,0.7871695,0.7191708,0.9130616,0.86669064,0.91238225,0.7808447,0.61865544
10.0,0.15332606,0.1256592,0.20733261,-0.031593077,0.024426892,-0.062482268,-0.026273966,0.0101186475,-0.15871495,-0.3488264,0.04071506,0.2557786,-0.12661204,0.341663,0.15285333,0.13056973,0.06271717,0.026685823,0.114093035,-0.33060122,0.8098473,0.9171207,0.6645543,0.7670835,0.85958374,0.889372,0.9172751,0.9196782,0.78515506,0.6119091,0.91552395,0.6195386,0.8809032,0.80710864,0.75438565,0.93151325,0.8890068,0.9196284,0.81197196,0.6591197
9.0,-0.099119514,-0.08738719,-0.17037496,0.2101128,-0.17503068,0.007947778,0.14619015,-0.05417208,0.17535713,0.1616267,-0.05953011,-0.24636011,0.032830965,-0.00625835,-0.10248868,0.057322465,-0.078489795,-0.051702224,-0.09537162,0.22734089,0.86933994,0.91625637,0.81134546,0.8832876,0.88535464,0.9086626,0.9473409,0.94030744,0.8545008,0.7757253,0.97609943,0.8171949,0.9434479,0.84075314,0.8651204,0.9348357,0.92587024,0.928002,0.9059113,0.78216493
8.0,-0.0511053,-0.03817806,-0.10410896,0.17233157,-0.12900268,-0.0071968692,0.11176452,-0.03392532,0.10657296,0.06214657,-0.041683875,-0.14955842,-0.008373468,0.0768113,-0.05493549,0.07793853,-0.053442933,-0.033096083,-0.05611725,0.108042344,0.86640024,0.91960794,0.77728134,0.86293536,0.887846,0.89861816,0.9483757,0.93948823,0.835186,0.74827635,0.9624265,0.7834663,0.93525326,0.838791,0.8436379,0.9373334,0.9166005,0.9268135,0.898767,0.7658639
1.0,-0.23741668,-0.25705713,-0.36369434,0.31089526,-0.3071837,0.033888284,0.25669107,-0.10694293,0.37337703,0.45142293,-0.113910355,-0.5091035,0.15827361,-0.24525172,-0.21363722,0.00838542,-0.15194981,-0.10741835,-0.2065071,0.5590119,0.89190036,0.88669074,0.88764215,0.9368501,0.86480445,0.9188408,0.93982893,0.9294242,0.8839862,0.8445163,1.0034329,0.9214939,0.96101326,0.8248143,0.9016712,0.8860886,0.92875606,0.92001367,0.92387897,0.8162599
9.0,-0.26533538,-0.32190225,-0.41356045,0.32337284,-0.41962343,0.04884293,0.26447284,-0.16494958,0.45279792,0.5671548,-0.14023553,-0.60317814,0.2503121,-0.41296837,-0.24797082,-0.020664342,-0.15286548,-0.14060351,-0.24936256,0.7276763,0.83219993,0.85815746,0.98191833,0.9151658,0.8390039,0.9867715,0.92859554,0.91981876,0.9507144,0.83787787,1.001135,0.91000646,0.948463,0.8026377,0.9158765,0.8695954,0.9501881,0.92170537,0.87234503,0.78755486
6.0,0.056628767,0.05273399,0.05735918,0.070612594,-0.05119869,-0.03470181,0.036856364,-0.0100372955,-0.034066893,-0.14885285,0.0013478901,0.059228078,-0.073697954,0.21858127,0.048404325,0.10780733,0.008327719,-0.0004485827,0.030966174,-0.1197584,0.83455783,0.9232848,0.7234202,0.8119421,0.8780145,0.9007545,0.935896,0.9335901,0.81630886,0.67810684,0.9401838,0.6950017,0.90888625,0.82835543,0.80130655,0.9431426,0.90911525,0.9257855,0.85495394,0.71314764
5.0,-0.4529406,-0.7638386,-0.6817984,0.37806267,-0.8255975,0.007987888,0.4792248,-0.29916885,0.8450807,1.1670014,-0.23958948,-0.96427554,0.5557259,-0.9557983,-0.3553801,-0.087772526,-0.3194683,-0.3143999,-0.45131105,1.4030257,0.83887213,0.7546334,1.153592,0.9889227,0.76900715,1.0715559,0.8606339,0.86648023,1.037129,0.86021936,1.0052843,1.1047914,0.95120186,0.6649786,0.86410683,0.67322075,0.9387303,0.8392399,0.81464285,0.7966071
9.0,-0.2913555,-0.34456348,-0.43914,0.34098354,-0.37813693,0.03898771,0.30557463,-0.13530542,0.4603945,0.5821629,-0.1375225,-0.6123878,0.22394155,-0.36290684,-0.25076714,-0.011796925,-0.18122746,-0.13639584,-0.25267032,0.7102125,0.8939654,0.86713517,0.92405534,0.9528313,0.84919995,0.93068963,0.9299986,0.919108,0.90077555,0.8626373,1.0133504,0.9585215,0.96280533,0.8079269,0.90847987,0.85296875,0.9285733,0.91180855,0.9180524,0.81884694
4.0,0.21518922,0.16831246,0.30581012,-0.1044861,0.07510412,-0.08011959,-0.06519901,0.020910554,-0.23617461,-0.4824469,0.065911904,0.38444328,-0.15546404,0.41436324,0.22457641,0.1416106,0.09677814,0.04253134,0.169586,-0.4652418,0.79390687,0.908437,0.62427956,0.7390526,0.84312093,0.8767005,0.9012602,0.90587217,0.76002216,0.56835747,0.89796996,0.57281506,0.860441,0.7885564,0.7219693,0.9172972,0.8703777,0.9133638,0.7817762,0.62144476
4.0,-0.038482647,-0.030847153,-0.08363943,0.15622227,-0.12808478,-0.006779165,0.10267155,-0.036197912,0.09417025,0.04247482,-0.035868213,-0.13041225,-0.00815157,0.08061807,-0.04660805,0.07575571,-0.044636413,-0.031021163,-0.04747721,0.09496282,0.85506046,0.9218163,0.7803804,0.85734653,0.88561076,0.909218,0.9443091,0.93965477,0.8446112,0.7391026,0.9628215,0.76994056,0.93173414,0.8395464,0.84283626,0.944322,0.9219687,0.92874914,0.88829446,0.7578279
5.0,-0.11813086,-0.105639845,-0.19997737,0.22621164,-0.1818718,0.009067856,0.1620575,-0.05291744,0.19747359,0.19369242,-0.06718545,-0.27741247,0.042098653,-0.023023602,-0.114076465,0.053770382,-0.09097678,-0.055821456,-0.10910533,0.25654793,0.88338137,0.9130755,0.8110281,0.89577323,0.8867982,0.8995368,0.949772,0.93927646,0.84832567,0.7887081,0.97615254,0.8387063,0.949165,0.83917874,0.86634886,0.9270111,0.91875637,0.92576915,0.91964465,0.7928273
5.0,-0.4498335,-0.7459436,-0.677368,0.38082796,-0.8008425,0.010405462,0.47607908,-0.29026416,0.8298615,1.1411233,-0.23498793,-0.950433,0.53855664,-0.9247123,-0.3474591,-0.08372944,-0.31310338,-0.30434293,-0.44019547,1.3690468,0.84814745,0.76117224,1.1318228,0.9871062,0.7718304,1.056794,0.8607467,0.8646567,1.0228754,0.8631098,1.0102831,1.0949289,0.9521266,0.6737119,0.8679676,0.6789048,0.9356438,0.8413353,0.8203919,0.795634
6.0,-0.05738339,-0.04695698,-0.1097635,0.17442179,-0.1439589,-0.0013675083,0.11530905,-0.04372208,0.119933,0.08069477,-0.043277476,-0.16759111,0.00437479,0.05223689,-0.06610595,0.06992207,-0.054980736,-0.0380397,-0.06266513,0.13821577,0.8571492,0.92085737,0.79235667,0.86426014,0.885481,0.9112831,0.9452371,0.94058925,0.84946847,0.75057894,0.9683277,0.7828924,0.9350942,0.8404667,0.85153025,0.9430228,0.9255764,0.9289986,0.89210856,0.7652562
8.0,-0.18715708,-0.18520701,-0.29497972,0.27887318,-0.2452017,0.024106367,0.21585053,-0.07952624,0.2949368,0.3354645,-0.09338397,-0.40913486,0.1011512,-0.13842258,-0.17279285,0.0286382,-0.12770598,-0.08297058,-0.16414578,0.41976678,0.89426845,0.9012774,0.849569,0.92361325,0.87803656,0.90514743,0.94670355,0.93583167,0.8640168,0.8252292,0.9917066,0.89057994,0.95885766,0.83406687,0.88770175,0.9077227,0.9228329,0.9231791,0.92995644,0.8123628
4.0,0.67143756,0.49378207,1.3282995,-0.82884055,0.6495465,-0.14355947,-0.24257839,0.09488711,-0.8690156,-1.7148645,0.23940958,1.5455627,-0.31951517,0.90605164,0.84937406,0.08924386,0.28900003,0.14401108,0.7179527,-1.5482637,0.6105237,0.84236646,0.337138,0.58861905,0.61374617,0.80867386,0.64861035,0.7904065,0.5706859,0.27678615,0.78597313,0.2605676,0.7030539,0.5787094,0.4730111,0.77500826,0.76681167,0.87134814,0.5099401,0.3561623
3.0,-0.049521502,-0.03783762,-0.09613628,0.16988453,-0.14381501,-0.00030814775,0.10775944,-0.04803247,0.11177314,0.06879605,-0.04014401,-0.15662661,0.0016339084,0.055466004,-0.06449248,0.069393694,-0.049431846,-0.037791062,-0.057498932,0.13003477,0.8477749,0.92282903,0.7959836,0.8578816,0.88377875,0.91826576,0.9427429,0.94187105,0.8546038,0.74558955,0.969922,0.77208084,0.93207455,0.8407187,0.85272026,0.94849306,0.9309603,0.9303343,0.8838008,0.76040566
9.0,-0.19958498,-0.20658067,-0.31057346,0.28581557,-0.27731937,0.03120613,0.22210637,-0.09809886,0.32162315,0.37530097,-0.09949269,-0.44398946,0.12703778,-0.18981141,-0.18983378,0.019380221,-0.1290975,-0.09334114,-0.1774324,0.47874033,0.87608963,0.89577055,0.87748736,0.91708666,0.8698262,0.9237701,0.9420021,0.93412566,0.88495696,0.82501817,0.9980632,0.8864033,0.95480424,0.8321721,0.89807624,0.90566444,0.93535393,0.92516387,0.91227317,0.8043816
7.0,-0.27451196,-0.31711686,-0.4155231,0.33154607,-0.3592539,0.038725615,0.28879336,-0.128687,0.4343395,0.54305696,-0.13049969,-0.58264947,0.20596565,-0.33150315,-0.24091518,-0.006521344,-0.17059773,-0.1278724,-0.2388064,0.66797537,0.8891984,0.8727629,0.9171929,0.94532764,0.8531381,0.93032146,0.93292046,0.92256093,0.8993008,0.8558769,1.0105021,0.9440375,0.96129066,0.81357425,0.9082311,0.8644697,0.9310516,0.9154313,0.91647696,0.81601244
3.0,-0.24183059,-0.264226,-0.36943084,0.31365383,-0.31577504,0.035148825,0.25965208,-0.11136769,0.381637,0.46377066,-0.11600887,-0.51929206,0.16537528,-0.25910115,-0.21809417,0.0062373914,-0.15333293,-0.11047495,-0.21059331,0.57539415,0.88862693,0.8846525,0.8940379,0.93569106,0.8625208,0.9223932,0.9385842,0.9286763,0.88806427,0.8448831,1.0048333,0.92187226,0.9603011,0.8235722,0.9035874,0.8839644,0.9310203,0.9199762,0.92012566,0.81459725
4.0,0.39473802,0.2798017,0.61338776,-0.35232994,0.24127164,-0.12629339,-0.17176685,0.04492493,-0.45676467,-0.9024986,0.1390416,0.77691066,-0.21529628,0.5951558,0.45430994,0.15971406,0.19095613,0.08492711,0.3444144,-0.85656667,0.739317,0.86702913,0.5061517,0.6646092,0.7785919,0.8299021,0.83638144,0.8477345,0.6748944,0.4420149,0.84136575,0.44613168,0.7947837,0.71968627,0.6245962,0.85592264,0.80144036,0.8899152,0.684351,0.50627965
6.0,-0.16432753,-0.15892455,-0.26256078,0.26119733,-0.22881322,0.021145348,0.19672033,-0.07426589,0.26471752,0.29146504,-0.08464194,-0.36872786,0.08431819,-0.10685739,-0.15633129,0.035485715,-0.114304505,-0.07511703,-0.14666425,0.37304276,0.885187,0.9056887,0.8426711,0.9119462,0.88004947,0.9083229,0.9470081,0.9374382,0.8643593,0.81206423,0.9884104,0.8696715,0.9545292,0.83690256,0.8837994,0.91673166,0.92589754,0.9252702,0.921909,0.80389434
11.0,0.6761241,0.490915,1.3255516,-0.83416224,0.6471416,-0.14637946,-0.24601635,0.097006805,-0.87063706,-1.7202885,0.24074273,1.5503196,-0.31852585,0.90375954,0.8570673,0.095629275,0.29155076,0.14667475,0.7182494,-1.5563848,0.61042786,0.8391333,0.33587995,0.5854438,0.615382,0.80473554,0.6475832,0.7870074,0.5686662,0.27508387,0.7814993,0.26085508,0.7016562,0.5771085,0.4723579,0.7689027,0.76284623,0.873333,0.50791097,0.35343572
9.0,-0.13196859,-0.12913251,-0.21735582,0.2305355,-0.21113661,0.016618878,0.17100734,-0.069135405,0.2258214,0.23386483,-0.07282323,-0.31319487,0.068914376,-0.07227786,-0.13072923,0.042492423,-0.09481937,-0.065041006,-0.12381293,0.31459743,0.8694242,0.9096891,0.8366491,0.89729446,0.88075,0.91884196,0.9461512,0.9376538,0.86964154,0.7922078,0.98283476,0.8411601,0.9482753,0.83876,0.87698996,0.92784846,0.92961776,0.92781216,0.9086283,0.7899955
6.0,-0.061224386,-0.049249217,-0.116745636,0.17898974,-0.14293367,-0.0017097375,0.118672654,-0.041236624,0.12279555,0.08538678,-0.044937346,-0.17278208,0.0033841797,0.053381186,-0.06778463,0.07061994,-0.057924032,-0.038158007,-0.0650092,0.14020741,0.8628668,0.9203478,0.78946453,0.86693954,0.88680613,0.9056812,0.9465619,0.9404987,0.8451705,0.7537291,0.9674573,0.7882904,0.93638456,0.8404295,0.85091513,0.9405164,0.9223882,0.92823625,0.89702594,0.7683505
6.0,-0.33421826,-0.41881225,-0.49826497,0.36627856,-0.43620697,0.040172692,0.34746704,-0.15857454,0.5297112,0.68835,-0.15582284,-0.6916691,0.27514517,-0.45584553,-0.27872604,-0.026639357,-0.20622097,-0.16164389,-0.2881388,0.8305968,0.8986119,0.85022205,0.94895315,0.9633071,0.835268,0.9364186,0.9183976,0.9099969,0.9099933,0.87466097,1.0219574,0.98820204,0.9624492,0.79137224,0.90953165,0.82168406,0.9262705,0.9029399,0.91123426,0.8188955
11.0,0.6964318,0.5006263,1.37131,-0.8685101,0.67211723,-0.14775322,-0.24562815,0.104907185,-0.89554185,-1.7743163,0.24628888,1.6015046,-0.32909563,0.9228515,0.88766456,0.09389238,0.29415938,0.15288317,0.7439701,-1.607138,0.6026619,0.8366079,0.32622328,0.57888865,0.6047282,0.79998684,0.6337903,0.7831283,0.5633692,0.26647678,0.7749483,0.25240916,0.69498134,0.5672876,0.4631963,0.75957304,0.7617736,0.8744203,0.4966745,0.34529275
2.0,0.48585215,0.35695493,0.836046,-0.49754858,0.36163592,-0.1312638,-0.20934933,0.050010324,-0.589552,-1.1572475,0.17648,1.016743,-0.24579766,0.6991289,0.5685912,0.13100034,0.23478444,0.09938302,0.45913666,-1.0724112,0.698204,0.8635992,0.4478643,0.6395629,0.7298988,0.8231705,0.7771646,0.8310039,0.6390719,0.38324413,0.8287227,0.3744139,0.76399523,0.67456585,0.57452923,0.8393518,0.78584,0.8797925,0.6252685,0.4523892
8.0,-0.08519598,-0.08199257,-0.15061662,0.19062439,-0.17389166,0.0063989405,0.13589355,-0.05539806,0.16308343,0.14154476,-0.0546216,-0.22459544,0.03594691,-0.0037594773,-0.08978336,0.05693471,-0.06904741,-0.04856869,-0.087198555,0.21165812,0.8575943,0.9157226,0.81426156,0.8778577,0.8827293,0.9213145,0.9453778,0.93845,0.86364746,0.7652069,0.9732765,0.8046473,0.9405504,0.8399721,0.8618673,0.939183,0.9285247,0.9293587,0.8965133,0.77323943
2.0,-0.036653865,-0.027462054,-0.08334787,0.15679559,-0.119414724,-0.010810988,0.10196125,-0.030166239,0.088416554,0.034846686,-0.03597846,-0.12249711,-0.015136364,0.093876444,-0.040569864,0.081351385,-0.044991575,-0.028308272,-0.044828895,0.07926633,0.8618602,0.9201748,0.7710337,0.8570676,0.88706124,0.900575,0.9470121,0.93861735,0.83462656,0.7386671,0.95923495,0.7720421,0.9323325,0.8381622,0.83815724,0.9390277,0.9158806,0.9269963,0.89334077,0.7589266
10.0,0.094670944,0.07791456,0.10983618,0.030023165,-0.019239277,-0.049243625,0.012161531,0.003242826,-0.08365018,-0.2266411,0.01552335,0.13643815,-0.09451091,0.2691421,0.09483577,0.12212019,0.029983994,0.012704413,0.062652156,-0.2071148,0.8293057,0.91683394,0.69619846,0.7940025,0.87198544,0.8920203,0.9326713,0.9258201,0.7996045,0.6512886,0.925859,0.668852,0.8989624,0.8204514,0.7794526,0.9329867,0.8961894,0.9225312,0.8422831,0.6919854
11.0,0.72085476,0.5033726,1.4007603,-0.9024097,0.68596375,-0.15307155,-0.2516324,0.11496837,-0.91797215,-1.8257737,0.25291204,1.6479931,-0.3352362,0.9320317,0.9237859,0.10284722,0.3014386,0.16125757,0.7645096,-1.6605564,0.59632134,0.82906604,0.31695092,0.56805843,0.5988863,0.78942543,0.62023216,0.7753148,0.5559943,0.25690013,0.761924,0.24621725,0.6879123,0.5564914,0.455138,0.7413764,0.75438637,0.88020706,0.48426083,0.33420262
4.0,-0.087073095,-0.07461378,-0.15357749,0.20066088,-0.1635409,0.00452493,0.1374825,-0.049174543,0.15808935,0.13661739,-0.05490806,-0.22232822,0.022364102,0.014645901,-0.091091454,0.062139962,-0.07223926,-0.04703793,-0.08551192,0.19772767,0.868436,0.9176548,0.80317295,0.8784528,0.8862951,0.9065283,0.94752264,0.9404318,0.8502752,0.76904786,0.9730331,0.80864227,0.94153166,0.84071004,0.8602049,0.9364166,0.9240693,0.92791575,0.90419805,0.7783901
8.0,-0.33958495,-0.4297035,-0.50747234,0.3682574,-0.44031912,0.03946622,0.35499865,-0.15909803,0.5375274,0.7008042,-0.15812117,-0.7002716,0.28008166,-0.4626224,-0.2800735,-0.028430864,-0.21122004,-0.16418427,-0.2929925,0.8416947,0.90453225,0.8490729,0.9473546,0.97024816,0.835463,0.934178,0.9175355,0.9083377,0.90798444,0.8789485,1.0225708,0.99721366,0.96360713,0.7892421,0.9079285,0.8170966,0.92209923,0.9005408,0.91604424,0.8224726
9.0,-0.18193838,-0.17522296,-0.29035044,0.27747408,-0.23076993,0.020853853,0.21284127,-0.07082773,0.28303745,0.31809458,-0.091680676,-0.39477682,0.090104364,-0.115809694,-0.16530474,0.03243517,-0.12728676,-0.078414,-0.15895684,0.39310336,0.9035049,0.90289015,0.8368646,0.92704463,0.88196385,0.8956369,0.94916266,0.9366593,0.85352325,0.82644427,0.98731977,0.89417326,0.9610943,0.83407974,0.8820748,0.9079438,0.9151368,0.92201877,0.93967104,0.8167338
7.0,-0.21219808,-0.22044152,-0.32895726,0.29474416,-0.2761953,0.029519806,0.23583406,-0.09353883,0.33418307,0.39319238,-0.103477694,-0.45946681,0.12970398,-0.1921162,-0.1937813,0.018274087,-0.13957438,-0.09504267,-0.1853255,0.4897769,0.8922672,0.89443564,0.8694033,0.93020576,0.871571,0.9128537,0.94345707,0.9328624,0.8749514,0.8349991,0.99799186,0.90553737,0.96000975,0.8301114,0.895581,0.89800304,0.9267135,0.9220097,0.9266155,0.81440324
2.0,0.36094317,0.27231532,0.57320917,-0.3000373,0.21300203,-0.1103567,-0.14903933,0.03423867,-0.4208186,-0.8259564,0.12682317,0.7085161,-0.21076742,0.57371175,0.3973633,0.14018497,0.17395048,0.072768636,0.31593493,-0.78441936,0.74649256,0.889285,0.529567,0.6820245,0.79008913,0.84745926,0.8417775,0.86996627,0.697787,0.46761143,0.8630149,0.4613328,0.80881655,0.7318792,0.644459,0.8835552,0.825965,0.8952091,0.69979346,0.53045064
1.0,-0.20202583,-0.20552072,-0.31348088,0.28998882,-0.26894182,0.029108677,0.22572285,-0.09262146,0.32034266,0.3728327,-0.09927258,-0.4422903,0.12016339,-0.17770082,-0.18882492,0.021843802,-0.13293004,-0.09182259,-0.17705858,0.46902037,0.88614476,0.8968481,0.86778456,0.9220883,0.87204397,0.91455656,0.94345415,0.93453705,0.8754715,0.82885426,0.99758214,0.8936719,0.9575913,0.8323351,0.8954879,0.90340096,0.9305721,0.92370415,0.9207979,0.8098807
3.0,-0.021432875,-0.011847466,-0.058913097,0.14490816,-0.11203605,-0.011912252,0.090222314,-0.030089907,0.06887995,0.006708067,-0.029508773,-0.09575934,-0.024874505,0.111491546,-0.030974297,0.08358613,-0.035712596,-0.025094341,-0.033192612,0.05233766,0.85359937,0.92333275,0.7681293,0.8483039,0.8858212,0.9044091,0.9440845,0.9398239,0.8366696,0.72927046,0.9589495,0.75633395,0.927636,0.83845335,0.83581954,0.94455636,0.9195125,0.92823607,0.88413525,0.751357
7.0,-0.3645143,-0.50743306,-0.566352,0.38555822,-0.643134,0.055628654,0.33864102,-0.26154637,0.65362483,0.86143726,-0.20616916,-0.8253431,0.42324516,-0.7328675,-0.32178253,-0.07096683,-0.20615093,-0.22354484,-0.35752803,1.08712,0.7907725,0.7984091,1.1232535,0.9156246,0.7947392,1.0610214,0.90138775,0.8988592,1.0224696,0.8523591,0.9943754,0.9625968,0.9388881,0.7390267,0.91260815,0.790508,0.95434827,0.90156186,0.8200402,0.76932436
11.0,0.65887326,0.48344812,1.2887338,-0.8050207,0.6268257,-0.14427713,-0.24482292,0.090510175,-0.8494906,-1.6748364,0.23574887,1.507242,-0.31082967,0.8888046,0.83031666,0.09522912,0.28843725,0.14105636,0.6974496,-1.513785,0.6168944,0.84214765,0.3442153,0.5913766,0.62365854,0.8090553,0.65870196,0.7913406,0.57379985,0.28280684,0.7877342,0.26786393,0.7073637,0.5853857,0.4800546,0.77787274,0.76498187,0.8721158,0.51754946,0.36099857
1.0,-0.34173587,-0.43774125,-0.5102456,0.3662988,-0.4576337,0.040642004,0.35436365,-0.16683084,0.5470182,0.7159732,-0.16107185,-0.70980185,0.2932911,-0.48695695,-0.28401485,-0.031421103,-0.21025503,-0.16912475,-0.29703954,0.865829,0.8928237,0.84493876,0.96223915,0.9633524,0.8314582,0.9447718,0.91568875,0.9071594,0.91926664,0.8738716,1.022115,0.9906923,0.96097815,0.7857329,0.9099619,0.814607,0.9277566,0.90075576,0.90455437,0.8153489
7.0,-0.4091719,-0.5987386,-0.6111736,0.38354552,-0.6124412,0.030572189,0.429759,-0.22237286,0.69089705,0.9389393,-0.19912688,-0.84411466,0.41516545,-0.70064336,-0.32081366,-0.0595652,-0.26336423,-0.23242989,-0.36769044,1.1224401,0.884132,0.8054706,1.0297803,0.9801274,0.80318856,0.98142695,0.8874185,0.88280636,0.9575009,0.8777843,1.0273799,1.0412427,0.9574531,0.73518217,0.89646363,0.74291676,0.9253743,0.8713586,0.8721203,0.805096
3.0,-0.00616687,0.0012598448,-0.03406188,0.1304765,-0.10343834,-0.014586467,0.078871794,-0.030064702,0.050707556,-0.021122996,-0.02305722,-0.067589104,-0.032039996,0.12718862,-0.01865846,0.08621137,-0.026550919,-0.02147571,-0.021181341,0.02439791,0.84495145,0.92476183,0.7644846,0.8406521,0.8837459,0.9098228,0.9413549,0.93963754,0.8379849,0.719146,0.95778435,0.7418849,0.92394304,0.83721554,0.83179826,0.9481231,0.9218963,0.92870355,0.8752048,0.74345136
9.0,-0.20221369,-0.21146923,-0.31828788,0.29855853,-0.3230209,0.042670332,0.20990545,-0.13298632,0.34460768,0.40824288,-0.10819226,-0.4789092,0.15905188,-0.26016495,-0.21077791,0.00666086,-0.118897095,-0.10657651,-0.18872634,0.5418336,0.8324509,0.8860473,0.9273292,0.89072925,0.8568993,0.9605253,0.93401563,0.93422925,0.91921943,0.81801385,1.0016128,0.8610977,0.9443186,0.827196,0.9113658,0.91067094,0.95573926,0.9305514,0.8756352,0.7840706
1.0,-0.31554952,-0.38779384,-0.4729075,0.35399237,-0.41777718,0.041095648,0.3272219,-0.15194078,0.5020801,0.64646864,-0.14895299,-0.6609856,0.25826067,-0.42542338,-0.26849133,-0.021831557,-0.19351996,-0.15209627,-0.2740377,0.7874684,0.89010316,0.8562179,0.9457491,0.95521456,0.8398825,0.93956244,0.9232524,0.9139241,0.91219133,0.867201,1.017748,0.9711004,0.96117115,0.7979733,0.9110448,0.83588874,0.9303557,0.90778154,0.90888387,0.8155032
6.0,-0.15397175,-0.1512523,-0.24674225,0.25258887,-0.23908173,0.024666863,0.18443418,-0.08502016,0.2591404,0.2834464,-0.08192599,-0.3612951,0.089708306,-0.119113624,-0.15616266,0.033122964,-0.10391155,-0.07642054,-0.14240183,0.3773542,0.8631771,0.90565467,0.85865116,0.8982868,0.8756279,0.92655504,0.9435226,0.9379909,0.88106227,0.8021704,0.99044555,0.84977144,0.94831985,0.83784515,0.8885675,0.9245564,0.93783426,0.92873585,0.90277135,0.7919698
6.0,-0.06460211,-0.051770784,-0.121467255,0.18271515,-0.14460905,-0.0012878579,0.12099161,-0.041975025,0.12701136,0.09159405,-0.04628832,-0.17863476,0.004626961,0.049948532,-0.0707179,0.07037857,-0.060003523,-0.039181158,-0.067473225,0.14608482,0.86414295,0.91994715,0.7903819,0.8681858,0.886899,0.90491176,0.947056,0.94052553,0.844546,0.7558738,0.9681242,0.7910455,0.9371559,0.8403268,0.85190016,0.939487,0.92234766,0.9279881,0.89836675,0.7699558
5.0,-0.13104802,-0.11716794,-0.21976462,0.23845133,-0.18720903,0.010282548,0.17237496,-0.05324517,0.21257195,0.2157702,-0.07250165,-0.29909843,0.048323516,-0.03511468,-0.12307684,0.05098131,-0.099314034,-0.059127957,-0.11864043,0.27715862,0.89192605,0.91100246,0.8117608,0.9036528,0.88736844,0.89406925,0.95108896,0.9389724,0.8446004,0.79783386,0.9765917,0.8528113,0.952851,0.83794,0.86763096,0.9222217,0.91459817,0.92436576,0.92826927,0.8000196
11.0,0.65432423,0.47785407,1.2704818,-0.7957789,0.6160418,-0.14523984,-0.24641752,0.08919992,-0.841003,-1.658124,0.2345003,1.4911118,-0.30688256,0.8804707,0.82381207,0.09960407,0.28857067,0.14043012,0.688371,-1.5001957,0.6196934,0.8410509,0.3471252,0.59191436,0.62837726,0.8081381,0.66310984,0.79082614,0.57469517,0.2851279,0.7873707,0.27133292,0.7087839,0.5880217,0.48300236,0.77750236,0.7631899,0.8728396,0.5205918,0.3626145
9.0,-0.23515935,-0.2686403,-0.36344472,0.2996798,-0.33338112,0.036344234,0.252033,-0.12017104,0.38535976,0.46808884,-0.11729513,-0.5178371,0.18162835,-0.28286883,-0.21385415,0.002789244,-0.14699462,-0.11293604,-0.21225578,0.5905016,0.8699167,0.88044494,0.9126455,0.9292398,0.8586107,0.94355434,0.93777984,0.9256313,0.9067718,0.8364247,1.0016522,0.9107713,0.9570435,0.82023835,0.90456384,0.8855079,0.9369827,0.92104566,0.9062594,0.8047674
4.0,-0.082242616,-0.07068855,-0.14750813,0.19562626,-0.1581958,0.0024985878,0.13451488,-0.046054427,0.15122521,0.12632376,-0.053136192,-0.2121076,0.01885901,0.023296006,-0.08504955,0.06416681,-0.06990999,-0.044719525,-0.08154495,0.18486023,0.8692686,0.91764444,0.7987534,0.8775294,0.88680243,0.90499735,0.9478355,0.93992054,0.84780407,0.76633614,0.97090864,0.80646557,0.9412028,0.8403048,0.8571637,0.9361032,0.9219106,0.92756486,0.9047024,0.7770956
1.0,-0.2791222,-0.32198554,-0.4341416,0.36067802,-0.45083818,0.058234837,0.25955415,-0.19510698,0.4787847,0.60364044,-0.15247701,-0.6490605,0.2686482,-0.47008193,-0.2766398,-0.028774276,-0.14887773,-0.15375471,-0.25928923,0.7840073,0.80468976,0.84904313,1.0177433,0.8852616,0.8282885,0.9980273,0.9185814,0.9229567,0.9608713,0.8385516,1.0080513,0.8902389,0.9398191,0.79840577,0.9268207,0.86784863,0.9647877,0.925988,0.84357154,0.7713952
5.0,-0.21661323,-0.2277821,-0.3348218,0.2971201,-0.28495938,0.031131346,0.23880139,-0.098054394,0.34249187,0.40563378,-0.105514266,-0.47007203,0.13715431,-0.20638192,-0.19844176,0.015725534,-0.14084336,-0.09802353,-0.18958868,0.5067687,0.88884,0.892642,0.87617767,0.92950433,0.86942697,0.9168514,0.942267,0.93216056,0.87969166,0.83558655,0.99951154,0.9060621,0.9592833,0.82920855,0.89790577,0.8964218,0.9291222,0.92217433,0.9229951,0.8129131
3.0,-0.07232646,-0.060433477,-0.13197556,0.18802606,-0.15337236,0.0015343276,0.12641829,-0.04613726,0.13886511,0.108564615,-0.04916957,-0.19501975,0.012781084,0.034198318,-0.07871639,0.06634456,-0.06375219,-0.042449594,-0.07409618,0.16748354,0.8632442,0.9193489,0.79739124,0.87135756,0.88614464,0.9082981,0.9466021,0.94059527,0.8493603,0.76000565,0.9706396,0.79593885,0.93837124,0.8407233,0.85588056,0.9396574,0.92467546,0.92841774,0.8985401,0.77209705
7.0,-0.17044783,-0.16434526,-0.27226812,0.26675233,-0.22808418,0.020537043,0.20263062,-0.07199634,0.2705302,0.29979834,-0.087004825,-0.37679815,0.08536276,-0.10790558,-0.15870453,0.034949552,-0.11919077,-0.07583945,-0.15062037,0.37791198,0.89294624,0.9047944,0.83909446,0.91781974,0.8811152,0.9026434,0.94809073,0.9370932,0.8592165,0.8172621,0.9877159,0.87896293,0.957172,0.8358706,0.88260186,0.91325265,0.92129695,0.9238934,0.9292697,0.80893075
8.0,-0.12814988,-0.11901772,-0.21004936,0.23447281,-0.21091963,0.018772753,0.1652513,-0.07286935,0.219901,0.22687408,-0.07119448,-0.30944142,0.062768556,-0.06815356,-0.13426544,0.043256648,-0.09129951,-0.065562405,-0.12054424,0.31019562,0.86316705,0.9119892,0.8395987,0.8897526,0.8801855,0.92024857,0.94470674,0.9402575,0.8714528,0.79004496,0.9854208,0.8321153,0.94529426,0.84059167,0.88020974,0.9324911,0.93520063,0.929391,0.90203834,0.7870522
3.0,-0.10751959,-0.09532218,-0.18311656,0.21735948,-0.17855747,0.0086764945,0.1530331,-0.05409861,0.1852802,0.17608243,-0.06283777,-0.26034003,0.036905963,-0.014154766,-0.10805939,0.055774447,-0.08386242,-0.053696103,-0.101430126,0.24099459,0.8748473,0.9149983,0.81184167,0.8882702,0.8858569,0.905138,0.94832265,0.9399652,0.8523339,0.7812418,0.9765316,0.8259994,0.9457344,0.84026414,0.8661516,0.9316557,0.9234927,0.92717165,0.91120106,0.7865508
2.0,0.268006,0.20457897,0.39584836,-0.1715481,0.12098448,-0.09308796,-0.09712418,0.02750412,-0.3018704,-0.601496,0.08813632,0.49753666,-0.17715412,0.47300354,0.28663015,0.14578748,0.12536417,0.054566078,0.21980143,-0.57964647,0.778329,0.90099245,0.590136,0.71691704,0.8264322,0.86572903,0.883122,0.8930517,0.7382119,0.5313249,0.8841337,0.53278875,0.8422,0.7701704,0.6941608,0.9050761,0.8540354,0.9072972,0.7535674,0.58852255
3.0,-0.17706528,-0.1768888,-0.27982706,0.26875988,-0.2456505,0.024325853,0.20641187,-0.08220018,0.28556344,0.3217115,-0.08993859,-0.3952378,0.10008972,-0.136275,-0.16750447,0.0298164,-0.12009677,-0.0813661,-0.1578368,0.41048336,0.8825922,0.90220904,0.8545331,0.91515666,0.8766726,0.9141634,0.94556874,0.9359236,0.871611,0.8169554,0.9918505,0.8766996,0.9552583,0.8351626,0.8886266,0.91261137,0.9289099,0.92499727,0.9194695,0.80471957
11.0,0.7069636,0.5058182,1.3954842,-0.88616365,0.68507934,-0.14803927,-0.2447102,0.10953025,-0.90825146,-1.8022821,0.24925943,1.627658,-0.33540517,0.9332326,0.903376,0.09210667,0.29518524,0.15583408,0.75788426,-1.633315,0.59885806,0.8355484,0.32124123,0.57565,0.5987455,0.7975297,0.6263571,0.7817084,0.56111753,0.26217246,0.7718147,0.24800132,0.6916123,0.56235653,0.45841348,0.7550743,0.7619366,0.87495804,0.4909397,0.34134072
6.0,-0.061884083,-0.050421398,-0.1177569,0.17901371,-0.14308241,-0.0019704686,0.11929817,-0.04115662,0.12387368,0.086709216,-0.04522161,-0.17368308,0.004179749,0.05238621,-0.06769457,0.070676364,-0.05837069,-0.03820791,-0.06547837,0.14120777,0.8632332,0.91994065,0.7894261,0.8675074,0.8867474,0.90574926,0.94677305,0.9402066,0.8449575,0.7539912,0.9673418,0.7891741,0.9367526,0.8401987,0.8507438,0.93988186,0.9220515,0.9280563,0.8974846,0.7686159
6.0,-0.068320766,-0.058064252,-0.1282781,0.18273254,-0.1471268,-0.0010540219,0.1247406,-0.041069753,0.13228013,0.09872453,-0.047856644,-0.18544245,0.0096181445,0.043645076,-0.07163525,0.06841417,-0.062197685,-0.03966012,-0.07057337,0.15405515,0.8668574,0.9188006,0.791046,0.87201077,0.8871784,0.90444356,0.9473974,0.9396595,0.8452301,0.75797826,0.96734893,0.7961778,0.93864506,0.84013796,0.85169286,0.93802625,0.9202306,0.9276918,0.9014463,0.7716733
6.0,-0.1100157,-0.10028511,-0.18705964,0.21689409,-0.18115675,0.008714683,0.1555085,-0.0545887,0.18972555,0.18195866,-0.0639222,-0.26502827,0.041260563,-0.020146918,-0.108714476,0.054463193,-0.08526259,-0.054365262,-0.10372147,0.24773383,0.87530327,0.91397035,0.81337416,0.89054745,0.88550186,0.9064769,0.94839674,0.93910015,0.85364497,0.78230655,0.9764619,0.8288558,0.94662887,0.83971775,0.8662756,0.9304378,0.92287,0.9269008,0.91214544,0.7872
6.0,-0.10564496,-0.09327385,-0.17841253,0.21691513,-0.18336262,0.010730625,0.14995545,-0.059512727,0.18553841,0.1765443,-0.061984427,-0.26081932,0.038662687,-0.020176534,-0.11089617,0.054456104,-0.081311926,-0.055212833,-0.10092972,0.24642801,0.8667281,0.9157533,0.81858635,0.8837281,0.8840133,0.9119858,0.94657797,0.9407226,0.8586696,0.778949,0.9791846,0.81939405,0.94365853,0.8409962,0.8694362,0.93500155,0.92949605,0.9284871,0.9038687,0.7831435
9.0,-0.22089122,-0.23584709,-0.3405541,0.30533227,-0.3201304,0.03970827,0.23287281,-0.12289954,0.36162955,0.4349629,-0.11120912,-0.497903,0.16150823,-0.26027837,-0.21551111,0.0074876845,-0.13419417,-0.10864369,-0.19804299,0.55982184,0.8566581,0.8857723,0.9130503,0.9087461,0.858929,0.94261706,0.93615425,0.9320661,0.9061488,0.8288376,1.004502,0.88630563,0.9509538,0.8267632,0.90961224,0.8983419,0.94731736,0.92630756,0.8930951,0.79640007
3.0,-0.09102606,-0.07918304,-0.15847325,0.2035723,-0.16969547,0.006566363,0.13989483,-0.052812725,0.16485627,0.14638215,-0.05637551,-0.2316986,0.027444217,0.0042662695,-0.09621221,0.059548557,-0.07376182,-0.049281567,-0.08917853,0.211144,0.8660887,0.9173874,0.80865246,0.879159,0.88534325,0.90992653,0.9468259,0.9405822,0.85437053,0.77083623,0.9750017,0.8099121,0.9416517,0.84097373,0.86312455,0.9370781,0.9266395,0.92842007,0.90255773,0.77873147
4.0,-0.04153716,-0.030699376,-0.086181566,0.16215104,-0.13177325,-0.0048735123,0.103561394,-0.040127326,0.09839613,0.049388457,-0.03702157,-0.13729894,-0.007720347,0.075658634,-0.052800763,0.07491877,-0.046137378,-0.033150703,-0.049954537,0.10351795,0.8527296,0.92273784,0.7845469,0.8564284,0.88524294,0.9111753,0.944034,0.9408787,0.8464294,0.74117893,0.9656967,0.769504,0.9314989,0.83998495,0.8463196,0.94573206,0.9254584,0.92917496,0.8865039,0.7587895
8.0,0.6720868,0.4575671,1.243887,-0.813496,0.597818,-0.16114219,-0.26799664,0.09383803,-0.8454576,-1.6722383,0.23960666,1.5021664,-0.29123285,0.85338986,0.8568109,0.1425789,0.30116233,0.15230352,0.6771259,-1.5281192,0.61573327,0.8174896,0.34492996,0.57724345,0.63872313,0.7874087,0.6648114,0.7682252,0.5582029,0.2765976,0.7614949,0.27612558,0.7001709,0.57930213,0.4808346,0.7415877,0.7350487,0.8839891,0.51463497,0.34884155
3.0,0.039198354,0.037622686,0.030503847,0.086622305,-0.064407825,-0.03006879,0.048875935,-0.013505638,-0.010998383,-0.11380069,-0.005592568,0.024549246,-0.062383324,0.19477123,0.031472612,0.10287829,-0.0014758967,-0.005421452,0.016513508,-0.081769705,0.83939093,0.9230783,0.733112,0.82058775,0.8802954,0.9017923,0.9383658,0.9348761,0.8210202,0.68946475,0.94382566,0.7094145,0.91371375,0.83106226,0.80860883,0.94344884,0.9110877,0.9263855,0.86240894,0.72200847
10.0,0.17389159,0.14194554,0.24191391,-0.054388247,0.040574178,-0.0672539,-0.039273232,0.012591188,-0.18498406,-0.39295217,0.049443945,0.29843068,-0.13721299,0.3668023,0.17415573,0.13264304,0.073988795,0.0314273,0.1325947,-0.37455797,0.8036329,0.91650116,0.65238416,0.75795805,0.85445637,0.8869835,0.9111373,0.9168279,0.77868944,0.5980061,0.9113881,0.602735,0.8742998,0.80138564,0.74474686,0.92971385,0.8850819,0.9181234,0.8013674,0.6472233
11.0,0.67891955,0.49603394,1.3418081,-0.84096736,0.65673447,-0.14482334,-0.24342188,0.09792094,-0.87721497,-1.7330822,0.2415521,1.5627414,-0.3225353,0.91145647,0.86100155,0.0904469,0.29051703,0.14666474,0.7260298,-1.5660543,0.60814244,0.84069353,0.33374894,0.5857565,0.6108643,0.8061977,0.64413476,0.788234,0.56850237,0.27361816,0.7827739,0.25801104,0.7006124,0.57529765,0.46997058,0.7705007,0.76541805,0.8721584,0.50591666,0.3528706
8.0,-0.24877065,-0.29624477,-0.38853592,0.30702695,-0.37644494,0.044343013,0.25781596,-0.14097655,0.4155817,0.51511806,-0.1279969,-0.5600347,0.21746142,-0.34791198,-0.23027456,-0.011476725,-0.14795351,-0.12556478,-0.23024848,0.65968025,0.8515491,0.87051064,0.9471727,0.9245456,0.8499877,0.96534634,0.93370646,0.92292464,0.931845,0.8373605,1.0003452,0.91057867,0.9515015,0.8130253,0.91153234,0.88007003,0.94192195,0.92233205,0.89069426,0.796094
6.0,-0.2164452,-0.2270503,-0.33361566,0.2993291,-0.2928605,0.034025013,0.23574576,-0.10446517,0.3447553,0.4098722,-0.10594788,-0.47516608,0.14111258,-0.21760568,-0.20328225,0.014016539,-0.13784653,-0.10034153,-0.19020413,0.51795727,0.87943876,0.8918226,0.88552874,0.9220793,0.8667061,0.92314315,0.9404667,0.93287784,0.8869267,0.83278203,1.0014307,0.89831066,0.95619696,0.8297812,0.9019232,0.89847326,0.93534946,0.9239874,0.91360456,0.8076225
9.0,-0.019697787,-0.012564921,-0.06290919,0.14264567,-0.101567626,-0.01836053,0.09049361,-0.02048212,0.06361917,-0.0010080226,-0.030636866,-0.08727391,-0.028761953,0.123897314,-0.019916195,0.09020236,-0.036133394,-0.02087608,-0.031126326,0.034083813,0.86390406,0.91812307,0.75548404,0.849828,0.88719094,0.8929198,0.9482859,0.9363331,0.8235258,0.7284393,0.9510908,0.76255286,0.9293977,0.83561194,0.82716703,0.93486446,0.90773183,0.92539436,0.8928803,0.75244665
8.0,-0.09258552,-0.08023548,-0.16198209,0.20497537,-0.1665948,0.00522959,0.14191198,-0.04951213,0.16500974,0.14663891,-0.05710718,-0.2319961,0.025857788,0.008197632,-0.094917536,0.060754456,-0.0756016,-0.048459694,-0.08967651,0.20789835,0.87138,0.9168014,0.8043199,0.8816795,0.88651085,0.90507174,0.9480606,0.9401634,0.8497789,0.7725203,0.9734243,0.8141609,0.9429673,0.8404872,0.86116815,0.93464136,0.9228998,0.9275133,0.90721226,0.78101987
9.0,0.07414248,0.06381988,0.07932291,0.052283138,-0.035176523,-0.04267228,0.025615688,-0.0018011029,-0.057596736,-0.185087,0.007238798,0.09521605,-0.084181376,0.24399555,0.071594924,0.116330005,0.018150885,0.006434139,0.045264293,-0.16258793,0.83446723,0.91898113,0.70863354,0.8034802,0.8756343,0.89396137,0.93584216,0.9292384,0.80593276,0.66572785,0.9318214,0.6842891,0.90442806,0.82452613,0.7898019,0.9360465,0.9007881,0.92382544,0.8509827,0.70358074
2.0,-0.0004561087,0.0026391037,-0.026367709,0.12105002,-0.104053386,-0.01416928,0.07548823,-0.029766977,0.0452884,-0.030638587,-0.02032193,-0.059456356,-0.029423172,0.12711011,-0.013666213,0.08299112,-0.022424664,-0.020343177,-0.017765805,0.019416384,0.8412454,0.92517513,0.76548314,0.8397167,0.8824191,0.91427696,0.9388106,0.9392803,0.8432339,0.7149926,0.9562464,0.737664,0.9228132,0.8374455,0.83002084,0.95164615,0.9223049,0.9297885,0.87192506,0.7398037
9.0,-0.1368241,-0.12847584,-0.22335437,0.23973253,-0.20903607,0.01695447,0.17437753,-0.06807962,0.22839749,0.23864801,-0.07413174,-0.31941724,0.06439596,-0.068760544,-0.13570061,0.04369337,-0.09842597,-0.06592817,-0.12565725,0.31626403,0.87494844,0.91050565,0.83341163,0.89844084,0.881914,0.9118647,0.9468589,0.9390276,0.86385953,0.7962869,0.9843006,0.8453327,0.9493111,0.8393511,0.87802625,0.92635596,0.92865723,0.9272556,0.91250867,0.79371846
5.0,-0.124143764,-0.11066865,-0.21145025,0.23199064,-0.17913802,0.007066725,0.16776314,-0.04887643,0.20288697,0.20126791,-0.07037714,-0.284612,0.0431357,-0.022611614,-0.114594646,0.05426572,-0.096197926,-0.055718414,-0.11314971,0.25822747,0.89295584,0.9108532,0.8054656,0.9022889,0.888352,0.8920595,0.9520056,0.93827516,0.8405392,0.7943268,0.97343963,0.849818,0.95276743,0.8371723,0.86331934,0.921796,0.9113653,0.92369795,0.92946994,0.7986392
1.0,-0.25425997,-0.27726498,-0.3879452,0.32474512,-0.31386462,0.033985253,0.27340183,-0.107586406,0.39312035,0.48070413,-0.11985296,-0.5350471,0.16674198,-0.2598738,-0.22292826,0.004591789,-0.16373226,-0.11248102,-0.21853006,0.5851656,0.9057339,0.88376576,0.88504994,0.9493641,0.8642333,0.9106433,0.9393439,0.9279741,0.8771148,0.8561898,1.0051837,0.9419915,0.96518624,0.8216176,0.9010011,0.8768609,0.9216914,0.91684836,0.93533874,0.82551914
2.0,0.6166881,0.43553936,1.1349566,-0.7230924,0.5364193,-0.15127358,-0.25301662,0.07997779,-0.7744166,-1.527881,0.22377855,1.3650172,-0.2805155,0.81892705,0.7710738,0.13018651,0.2843055,0.1345092,0.61996067,-1.3929274,0.64078903,0.833238,0.37077975,0.5976026,0.6615215,0.8016518,0.69801366,0.78840166,0.58263165,0.30449936,0.7858773,0.29931098,0.71932244,0.60916436,0.50536704,0.7773597,0.7520847,0.87649536,0.54610807,0.37776724
6.0,-0.09524567,-0.087907866,-0.16558999,0.2023921,-0.17424956,0.0068231635,0.14412364,-0.053270828,0.17233855,0.15615475,-0.058215477,-0.23980913,0.035210095,-0.006059561,-0.09712179,0.05701876,-0.07604709,-0.0502998,-0.09318185,0.222685,0.8671892,0.9155598,0.8112345,0.88333064,0.8848198,0.9120674,0.9470077,0.9390483,0.8568691,0.7726703,0.97443587,0.81516284,0.94321376,0.84020156,0.8631568,0.93517107,0.9251729,0.92807204,0.9045491,0.7798709
5.0,-0.32617265,-0.42376244,-0.49349192,0.3482289,-0.46807432,0.041342948,0.33569285,-0.1710516,0.5387973,0.700328,-0.16029294,-0.6930132,0.29914352,-0.49350178,-0.27419734,-0.031086385,-0.20054571,-0.16783896,-0.2933944,0.85757995,0.8719648,0.8437432,0.9795723,0.9550443,0.831317,0.9666791,0.91965926,0.9065294,0.93767715,0.8632171,1.0136838,0.9742576,0.9597059,0.7844003,0.9105735,0.8222369,0.93501836,0.90276295,0.8926089,0.8072754
5.0,0.13083893,0.1008248,0.15824118,-0.008878954,0.009911552,-0.06338893,-0.011924282,0.014212533,-0.12952513,-0.30039516,0.028203534,0.20857944,-0.11247574,0.31351033,0.13967484,0.13605228,0.05056714,0.024537344,0.09202559,-0.2881022,0.8233135,0.9080115,0.6706655,0.7752831,0.86437917,0.88220245,0.92954147,0.91638863,0.7820027,0.62532306,0.91114867,0.6439299,0.8880385,0.8115382,0.75858676,0.9204009,0.882074,0.9187887,0.8287991,0.67036104
2.0,0.1416119,0.11852695,0.19028372,-0.017875195,0.014663696,-0.05832749,-0.018878229,0.0068241498,-0.1439718,-0.32411662,0.036126547,0.2316577,-0.121067666,0.32743266,0.13818377,0.12703574,0.056082886,0.02309484,0.10390209,-0.3043564,0.81199425,0.91953534,0.6728372,0.77252126,0.8622714,0.8923469,0.91925424,0.92266,0.79046154,0.6204039,0.91977745,0.6276895,0.8844602,0.81025124,0.76115215,0.93521804,0.89329433,0.9208673,0.8168262,0.66625416
2.0,0.31454906,0.2381556,0.48172653,-0.2340501,0.1649641,-0.10245228,-0.123966925,0.031146336,-0.36065462,-0.7113791,0.10763921,0.60111827,-0.19478954,0.52381927,0.34135544,0.1447976,0.14989653,0.06400736,0.2666053,-0.6814273,0.7629686,0.89513016,0.5599385,0.69879955,0.8094238,0.8563246,0.8637814,0.88158065,0.71822923,0.4992625,0.87330526,0.4969243,0.8254717,0.75177246,0.669593,0.8945698,0.83981925,0.901376,0.72711223,0.559467
10.0,0.47873816,0.34393832,0.80470455,-0.4863233,0.34609625,-0.13555843,-0.21032807,0.05147447,-0.5741888,-1.1316644,0.17332147,0.9918039,-0.24039133,0.68374074,0.5645316,0.14497858,0.23081286,0.101088725,0.44477904,-1.0527657,0.7030416,0.85675883,0.45261815,0.6389083,0.7368447,0.81872994,0.7871127,0.82588786,0.6383803,0.38687286,0.8241116,0.38376826,0.7648183,0.67910177,0.57913685,0.8331647,0.7800226,0.88043284,0.6315686,0.45539492
2.0,0.22425982,0.1683205,0.31187674,-0.117395826,0.08256923,-0.086520426,-0.07138022,0.026365843,-0.24583536,-0.5005786,0.06831817,0.40121877,-0.15686841,0.42145696,0.24178869,0.14935686,0.102178514,0.0467766,0.17612457,-0.48575616,0.79441756,0.9003762,0.6158275,0.7335231,0.8404747,0.87015396,0.9026309,0.8992075,0.7519571,0.56043524,0.8899123,0.56985164,0.85730183,0.78585434,0.7144795,0.90730923,0.8616169,0.91133016,0.77963006,0.6143976
6.0,-0.06157898,-0.052395713,-0.12131764,0.17649245,-0.1348884,-0.006991222,0.12092836,-0.03359256,0.12135507,0.08230885,-0.046143625,-0.16803962,0.0024780089,0.060937077,-0.059403922,0.07465731,-0.059819985,-0.03500724,-0.06432022,0.12858452,0.87200147,0.91657645,0.7795545,0.8710171,0.88818824,0.89781517,0.94974005,0.9376388,0.8353268,0.7542892,0.9618458,0.79567033,0.9392357,0.8378839,0.84418523,0.933058,0.9129096,0.9257436,0.9055377,0.7706639
8.0,-0.09194377,-0.07826347,-0.15745384,0.20783648,-0.18070394,0.011344745,0.13737926,-0.063001,0.16995275,0.15449072,-0.057009928,-0.24085848,0.03292586,-0.011224043,-0.10531753,0.055220902,-0.071846694,-0.05322329,-0.09176592,0.22856426,0.8542371,0.9183455,0.8216576,0.8736416,0.8825347,0.92028964,0.943952,0.94228214,0.86494315,0.7703336,0.97969383,0.8026819,0.9389804,0.84201676,0.86985654,0.9425681,0.9356661,0.93051666,0.89266443,0.77532226
1.0,-0.23454545,-0.24889895,-0.3562566,0.31765154,-0.32029384,0.038330015,0.24660093,-0.120827876,0.37556925,0.4545976,-0.11399108,-0.51449656,0.161988,-0.26391262,-0.22253329,0.00817392,-0.14438692,-0.111590855,-0.2048662,0.57441044,0.86952335,0.88462013,0.90630835,0.9160199,0.8583978,0.9317703,0.93589926,0.9312431,0.8963325,0.8364138,1.0079159,0.90047204,0.9548533,0.8258616,0.90941,0.89022785,0.9441571,0.9236991,0.9010802,0.80329305
10.0,0.26945114,0.202883,0.39306238,-0.17396459,0.12145336,-0.09569892,-0.098723166,0.029473163,-0.302461,-0.603523,0.087714694,0.49885213,-0.17690529,0.47302467,0.29136086,0.15002048,0.12591465,0.05591987,0.21954435,-0.5828534,0.77954,0.8970861,0.587954,0.7148693,0.82595915,0.8625673,0.8852221,0.89004475,0.7349033,0.52962244,0.88089514,0.53347635,0.8411049,0.76984954,0.6925191,0.90028006,0.8503092,0.9065745,0.7539996,0.5868346
7.0,-0.37050825,-0.49890894,-0.5541172,0.37731013,-0.5017531,0.037469916,0.38911512,-0.18175974,0.5983987,0.795887,-0.1746368,-0.7616072,0.3317426,-0.5520985,-0.2971306,-0.04148613,-0.23295414,-0.18925187,-0.32350224,0.9512228,0.9028699,0.8330203,0.97404414,0.97960347,0.8240159,0.94727373,0.90622336,0.89768416,0.9228747,0.8837089,1.0268645,1.0196755,0.9619253,0.77020687,0.90460527,0.78759706,0.91970783,0.8892462,0.9051511,0.81884664
4.0,-0.076769784,-0.06538916,-0.14073987,0.1908026,-0.1519606,0.00037626032,0.13097805,-0.04241072,0.14287327,0.1142616,-0.05120589,-0.2005887,0.014024603,0.03400355,-0.07865621,0.06659749,-0.06727758,-0.042126916,-0.07696711,0.16982102,0.8705204,0.91784865,0.79349595,0.8760817,0.887521,0.90249103,0.9482298,0.9396431,0.84457386,0.763436,0.96854967,0.80377036,0.9406232,0.8400168,0.85388905,0.9358856,0.91943944,0.9272263,0.90535665,0.7757215
6.0,-0.21552983,-0.22925738,-0.33414617,0.29319015,-0.28405803,0.029730404,0.23917153,-0.09654447,0.34229603,0.40460274,-0.105515875,-0.46720362,0.13834688,-0.20539817,-0.1951239,0.016093612,-0.14122768,-0.09731626,-0.1894443,0.5041762,0.88992757,0.8922724,0.8747661,0.93192184,0.86999375,0.9175771,0.9428718,0.9310708,0.879335,0.83532697,0.9983607,0.90765786,0.9602415,0.8283413,0.8961536,0.89550024,0.9273122,0.9213563,0.9248634,0.81355596
2.0,0.06384483,0.058226623,0.06787116,0.063382745,-0.045482934,-0.03696254,0.032119527,-0.007925644,-0.043597765,-0.16354124,0.004176045,0.073707476,-0.07801916,0.22840643,0.056275297,0.11000918,0.0124130435,0.0018336587,0.036960263,-0.13587911,0.833209,0.922844,0.7187998,0.80857986,0.877031,0.8996324,0.9349931,0.93267035,0.81386524,0.6732583,0.9380688,0.6896093,0.90698314,0.82711643,0.79768884,0.94226766,0.90747267,0.9253962,0.85231584,0.709363
4.0,0.023016779,0.024952445,0.0047030747,0.10319448,-0.07572555,-0.025997996,0.060023014,-0.015730854,0.009200215,-0.082392424,-0.012484331,-0.0072049275,-0.05408312,0.1756723,0.015742246,0.09923336,-0.010893587,-0.009922449,0.0030244924,-0.0487424,0.84575844,0.92271584,0.74029815,0.82802075,0.88263243,0.8995378,0.94111687,0.9360552,0.82281303,0.7004844,0.94652265,0.72313285,0.9176316,0.83325905,0.8148525,0.94245344,0.9114171,0.9266163,0.8703817,0.73055166
7.0,-0.4196254,-0.6207721,-0.62687445,0.3903366,-0.6173203,0.027836483,0.44692352,-0.22373287,0.7050151,0.9619382,-0.20158707,-0.85754067,0.42080122,-0.7098299,-0.32339597,-0.061150506,-0.2732884,-0.23764196,-0.37349162,1.1413888,0.8978615,0.803912,1.0204605,0.98888654,0.80213845,0.9718825,0.88156635,0.8787919,0.948785,0.88408595,1.0329335,1.0554646,0.9575732,0.7315001,0.89239883,0.73237157,0.91795236,0.8659122,0.8776585,0.8087913
9.0,-0.24874899,-0.27448896,-0.37902328,0.31800106,-0.3235584,0.03585594,0.2657802,-0.11442857,0.392143,0.47937742,-0.11884857,-0.5321876,0.17272353,-0.2724676,-0.22291146,0.0038333721,-0.15709922,-0.113757856,-0.21626607,0.5931343,0.8896012,0.88246197,0.897867,0.93804055,0.86081415,0.923149,0.93759966,0.9275978,0.8894797,0.84761924,1.0060923,0.9269787,0.9607981,0.821813,0.90455675,0.88010883,0.93080074,0.91908944,0.92017937,0.8154811
4.0,-0.14303036,-0.13762254,-0.23282668,0.24208567,-0.21380943,0.017274316,0.18009953,-0.068821386,0.23752832,0.2513691,-0.076701514,-0.33031094,0.07106033,-0.07890691,-0.13868025,0.041522376,-0.10221765,-0.06769506,-0.13080376,0.32972282,0.87765557,0.908781,0.83540565,0.90302193,0.8815142,0.9120013,0.94714844,0.9378348,0.8644946,0.7996682,0.9844476,0.85210603,0.9510569,0.8382695,0.8784595,0.9234142,0.9269613,0.9265042,0.91549736,0.7961024
8.0,-0.19852608,-0.20055857,-0.311211,0.28584585,-0.25503746,0.02523405,0.22591645,-0.08283609,0.31135428,0.35917524,-0.09799476,-0.4296251,0.11188971,-0.15708476,-0.1802069,0.024820618,-0.13440774,-0.0872527,-0.17337401,0.44543326,0.89781386,0.89847666,0.8540792,0.9298472,0.8765345,0.90530664,0.9462485,0.93431544,0.8650723,0.8312993,0.99337214,0.9010246,0.9609611,0.83196676,0.8893463,0.9024847,0.9213633,0.92182964,0.93320185,0.815968
10.0,0.052813493,0.055500094,0.056973927,0.07828902,-0.05934556,-0.028910113,0.037930958,-0.018136956,-0.02837696,-0.1393176,0.0006919317,0.0484789,-0.07152922,0.2092257,0.03541005,0.10095939,0.0063398294,-0.0045426637,0.027309183,-0.10317099,0.82865,0.92863977,0.73315525,0.8125114,0.87791073,0.90821946,0.9327959,0.93780446,0.8248878,0.68205357,0.9468368,0.6926732,0.9087718,0.8300279,0.8087487,0.9521977,0.9175009,0.92775065,0.851348,0.71549517
2.0,0.54823655,0.41095668,1.0055462,-0.6062667,0.46054956,-0.1334897,-0.22767931,0.05847448,-0.6879612,-1.3471575,0.19933993,1.195802,-0.26655743,0.77208143,0.65653914,0.10937208,0.2603515,0.110227264,0.54638857,-1.2298075,0.6673079,0.8588857,0.40771693,0.62374645,0.6895374,0.8218277,0.7332156,0.8191305,0.6138679,0.3435951,0.81838864,0.3287221,0.74407995,0.6416764,0.53823084,0.8237432,0.7782922,0.8739857,0.5847239,0.4166498
6.0,0.05322484,0.049009584,0.05035057,0.07360864,-0.05267416,-0.034840744,0.0394484,-0.008881563,-0.030044474,-0.14249596,-0.00041724555,0.052877232,-0.07194904,0.21540706,0.04684155,0.10823864,0.00632431,-0.0007418301,0.02803437,-0.114392996,0.837473,0.9220546,0.72338665,0.8136369,0.87870955,0.8985858,0.9373492,0.93308914,0.8150683,0.680216,0.9393852,0.6990439,0.9099445,0.828683,0.8014255,0.94112116,0.9074142,0.9254893,0.8578965,0.7149298
11.0,0.55662745,0.40198576,0.9986998,-0.6194658,0.4572582,-0.14214212,-0.23621407,0.06432262,-0.69042116,-1.3584871,0.20307803,1.2053074,-0.2640624,0.7662783,0.6767081,0.12897374,0.26365995,0.117499806,0.54655814,-1.2444597,0.6671318,0.8468277,0.40432495,0.6171149,0.69240046,0.81187665,0.7356406,0.80728847,0.6070048,0.33844426,0.80660963,0.33105394,0.7393324,0.6396739,0.53597,0.80774623,0.766031,0.8753185,0.58222985,0.41054153
11.0,0.62171745,0.45077056,1.173174,-0.7355438,0.559121,-0.14566964,-0.24731046,0.07990818,-0.7899445,-1.5555087,0.22496994,1.3925585,-0.28900424,0.8386519,0.7749483,0.11279874,0.28354236,0.13274512,0.63797146,-1.4122467,0.6360338,0.8409351,0.36587286,0.59969765,0.6516743,0.80842817,0.68871874,0.79446864,0.5841006,0.3017665,0.79241574,0.2910158,0.7189672,0.6055186,0.5007251,0.7856593,0.76099133,0.873931,0.5410798,0.37696362
4.0,0.031365447,0.031886403,0.018312432,0.095093295,-0.06980323,-0.028069485,0.054095805,-0.014953338,-0.001199618,-0.09848465,-0.008950395,0.009251609,-0.05871414,0.18570015,0.023544919,0.10136035,-0.006058462,-0.0076900013,0.009997349,-0.06588322,0.8421353,0.9229971,0.73674834,0.8239509,0.8814219,0.90090567,0.9397886,0.93551165,0.8217768,0.69484365,0.9453803,0.7157687,0.9155231,0.8320617,0.81185913,0.94301593,0.911555,0.92646796,0.86603254,0.72618395
10.0,-0.11441137,-0.104684316,-0.19134319,0.22186011,-0.19398746,0.0137262745,0.1565378,-0.06362234,0.19887301,0.19606216,-0.065593496,-0.27951622,0.04922182,-0.039063323,-0.118898034,0.04950302,-0.08533263,-0.058835767,-0.10873188,0.27128464,0.8663839,0.91423196,0.8262191,0.88757765,0.8828647,0.9151601,0.9460478,0.9402415,0.86404115,0.7833502,0.9809542,0.82554287,0.9446525,0.84086186,0.8730835,0.933972,0.93062377,0.9288138,0.90438884,0.7850046
3.0,-0.0049846014,0.0029178355,-0.03193951,0.12998204,-0.10317917,-0.014387118,0.07782841,-0.030517243,0.049201354,-0.023214247,-0.02254174,-0.06576602,-0.032892738,0.12833472,-0.018508114,0.08608608,-0.025809944,-0.021423522,-0.020327076,0.022761665,0.8439182,0.92526466,0.764681,0.8398026,0.88359773,0.9103919,0.94091773,0.93994784,0.83845556,0.71853286,0.9580611,0.7403408,0.9234594,0.837268,0.831946,0.9490079,0.9225701,0.92888176,0.8741841,0.7428865
6.0,0.64857274,0.47208765,1.2509406,-0.7843987,0.60437083,-0.14538662,-0.24718642,0.08774881,-0.831395,-1.6386883,0.23299555,1.4720714,-0.30320936,0.8719325,0.8150994,0.10252872,0.28862485,0.13894293,0.67874897,-1.4839176,0.6230118,0.84076506,0.35057503,0.593123,0.6331549,0.8078138,0.66774833,0.79148847,0.57654333,0.2880768,0.7878961,0.27507412,0.71076494,0.59139824,0.48630238,0.7784755,0.76254004,0.87348855,0.52431405,0.36495185
1.0,-0.27345517,-0.312481,-0.41354236,0.3330652,-0.35150573,0.037905473,0.28851804,-0.12511653,0.42963845,0.5356771,-0.1290629,-0.5777233,0.19923173,-0.3199992,-0.2394303,-0.004755378,-0.17099299,-0.12576884,-0.23653665,0.6564598,0.8941363,0.8744866,0.9105945,0.94711375,0.8547638,0.9251486,0.9337008,0.92345023,0.8938533,0.85739654,1.0104599,0.9460375,0.96241915,0.8149133,0.9071244,0.8654237,0.928993,0.915377,0.9208882,0.8187666
6.0,-0.0569046,-0.0453888,-0.10961061,0.17513844,-0.1412727,-0.0021961494,0.115171105,-0.04186279,0.11800459,0.07817138,-0.043158114,-0.16541183,0.0015980985,0.056891162,-0.064919025,0.07136313,-0.05517428,-0.037320733,-0.061823864,0.1334605,0.8594681,0.9208927,0.78946644,0.86428726,0.88616604,0.90819484,0.9458358,0.94059885,0.846447,0.75075346,0.9675412,0.7835308,0.9352094,0.8403622,0.8504101,0.9420139,0.9239734,0.9285748,0.89377576,0.76590365
3.0,-0.074935034,-0.060130324,-0.13488851,0.19341427,-0.15552828,0.0029516667,0.12743056,-0.048179027,0.1416989,0.11345104,-0.050115827,-0.2004584,0.012136464,0.031797506,-0.08340748,0.065986104,-0.065136865,-0.043930404,-0.0759975,0.17309,0.86292,0.92000234,0.79942626,0.87074566,0.8861573,0.9077963,0.9465066,0.94153696,0.8494866,0.76196855,0.9723499,0.79634726,0.93819803,0.84124357,0.8581413,0.9402629,0.9264087,0.9286508,0.89810395,0.7731751
10.0,0.5721318,0.41859344,1.0488393,-0.64748424,0.48627403,-0.14064251,-0.23752251,0.06661866,-0.7174226,-1.4096574,0.20838803,1.2540972,-0.27145538,0.78845954,0.69756585,0.11825274,0.26895416,0.11930192,0.5718377,-1.2860321,0.658796,0.8488085,0.39426312,0.6143138,0.6802687,0.81398064,0.7220962,0.80725163,0.602612,0.3294179,0.8064268,0.31872165,0.7351604,0.63100165,0.52666086,0.8068028,0.76804465,0.8740838,0.57147163,0.40271917
10.0,0.65806735,0.47827613,1.2764736,-0.80240715,0.6194835,-0.14628659,-0.24778405,0.089789785,-0.84476376,-1.6668234,0.23524566,1.5001503,-0.30707437,0.88188666,0.8300482,0.10234894,0.289042,0.14254585,0.69114083,-1.5092865,0.6177655,0.8392539,0.34566346,0.5904188,0.62776715,0.80651456,0.6617314,0.7883621,0.57244253,0.28341684,0.78513896,0.27037376,0.70699817,0.58592194,0.4816759,0.7742196,0.7609551,0.87299204,0.5187465,0.36082262
1.0,-0.16629714,-0.1616295,-0.2627909,0.2658071,-0.24605305,0.026402865,0.19371608,-0.08816701,0.2741017,0.30574322,-0.08617595,-0.3824913,0.0945477,-0.13257316,-0.16690902,0.03139516,-0.11103463,-0.080732815,-0.15053247,0.40021837,0.8675829,0.90413696,0.86166537,0.90145546,0.87465674,0.9227115,0.94340646,0.9381177,0.87893987,0.8089525,0.9937606,0.8584185,0.9501673,0.83738035,0.891989,0.92008424,0.9383403,0.92785525,0.9054159,0.7960933
3.0,-0.005421945,0.0024147145,-0.031511154,0.13010377,-0.10612422,-0.012991095,0.077634946,-0.033233576,0.051125456,-0.020820778,-0.02251755,-0.068222344,-0.03035801,0.12350689,-0.020807825,0.083968885,-0.025602903,-0.022472918,-0.021140397,0.027931154,0.8409032,0.92580795,0.7682626,0.83966786,0.88288635,0.9140998,0.9398681,0.9404124,0.8420406,0.71864945,0.9593768,0.7392885,0.9233324,0.83747005,0.83357084,0.95121104,0.9248967,0.92947996,0.87216765,0.74249125
2.0,0.11373103,0.10182359,0.1514571,0.014221355,-0.009560093,-0.047278572,-0.0014479011,-0.0033114436,-0.10799716,-0.2652651,0.025642464,0.17379688,-0.1061867,0.29051647,0.101942286,0.1163153,0.040414628,0.013635889,0.07999155,-0.23932965,0.8148657,0.92584157,0.6945189,0.785695,0.8678597,0.9015158,0.92230725,0.9299771,0.80500513,0.6406563,0.9310155,0.6462389,0.8927746,0.81732935,0.7781873,0.9458116,0.9048225,0.92400056,0.8266811,0.68291533
6.0,-0.16613996,-0.16408587,-0.26489148,0.26835707,-0.2683474,0.033262283,0.18752065,-0.10453473,0.28286034,0.31940264,-0.08940849,-0.39806557,0.11107042,-0.16640764,-0.17678554,0.023095284,-0.10497506,-0.08653391,-0.1555522,0.43084925,0.84606415,0.9008137,0.88594496,0.8905506,0.8689504,0.9417681,0.93928915,0.93847066,0.8983569,0.8055193,0.99562824,0.84595066,0.9444927,0.8362144,0.89943796,0.92531997,0.94814056,0.9311372,0.8881947,0.78646827
11.0,0.41509214,0.30924264,0.68260056,-0.38260657,0.2737802,-0.11999942,-0.17701942,0.03990299,-0.49217013,-0.96515536,0.14862987,0.8381087,-0.22669928,0.6288148,0.4688636,0.13668472,0.2012714,0.08397288,0.37581685,-0.9071269,0.72654146,0.87863415,0.49371704,0.6629412,0.76551485,0.8361021,0.81546026,0.85334224,0.67204845,0.4304344,0.848533,0.4224843,0.78910017,0.7076948,0.6141818,0.86573315,0.8077015,0.88782656,0.6678881,0.4961803
2.0,0.6168508,0.45741925,1.1814058,-0.72965455,0.5647968,-0.14075287,-0.24206978,0.07690965,-0.79009753,-1.5522469,0.2229412,1.3901019,-0.29137838,0.8443927,0.7645166,0.100803345,0.28076562,0.12864566,0.64004534,-1.4051949,0.6356635,0.84743184,0.3669825,0.6038183,0.6485128,0.8147428,0.687639,0.8008295,0.58744085,0.30389723,0.7994775,0.2891268,0.7213819,0.60677767,0.5012373,0.7954053,0.76809806,0.8718487,0.5425413,0.38032213
5.0,-0.25057632,-0.27728978,-0.3821052,0.31850526,-0.32293466,0.035354815,0.26841298,-0.11316452,0.3939124,0.4820269,-0.11951012,-0.53406453,0.17332456,-0.2721626,-0.22277622,0.0035318732,-0.15905857,-0.11388347,-0.21758932,0.59415203,0.8930904,0.88239056,0.8957896,0.9414286,0.86147827,0.9211505,0.93795013,0.92718685,0.887561,0.8496032,1.0058392,0.9310572,0.96185845,0.8213239,0.90367585,0.87875235,0.92852587,0.918295,0.92359954,0.8176991
9.0,-0.08151547,-0.07012107,-0.14828078,0.19466263,-0.15311414,4.270766e-05,0.1348809,-0.04185791,0.14858338,0.12237296,-0.053287655,-0.2079333,0.016424848,0.029959386,-0.08087409,0.06637418,-0.07050804,-0.042923935,-0.08036245,0.17634529,0.8741177,0.9165813,0.7930215,0.8791649,0.8878753,0.900277,0.9492909,0.93907034,0.8423955,0.7665309,0.9682609,0.8093421,0.94234264,0.8393316,0.85381836,0.933237,0.9173206,0.926449,0.90904117,0.7783961
3.0,-0.110364474,-0.0932033,-0.18263343,0.22973949,-0.20401609,0.01910436,0.14711127,-0.07817737,0.19818014,0.19660808,-0.06515182,-0.28322116,0.04939444,-0.051324148,-0.12950341,0.047105774,-0.079629876,-0.06307839,-0.10758977,0.28224254,0.84720325,0.9160576,0.84202015,0.87366223,0.8790928,0.92778635,0.941884,0.9434657,0.87498367,0.78008866,0.9872534,0.80876565,0.9394461,0.8423225,0.88169396,0.94244105,0.94413304,0.93157196,0.88754237,0.77798754
11.0,0.6614163,0.4907827,1.3105953,-0.8127026,0.640082,-0.14157705,-0.24129221,0.09034668,-0.85781914,-1.6902997,0.23618375,1.522816,-0.31533903,0.8987278,0.8334319,0.08768505,0.28660002,0.14061719,0.706922,-1.5247982,0.6133053,0.8447174,0.3418927,0.5925923,0.6178021,0.811966,0.65467304,0.793269,0.5734177,0.28121218,0.7902961,0.26406145,0.70616233,0.58307755,0.4771698,0.78117245,0.7685487,0.87003,0.51543987,0.36081037
4.0,-0.016544098,-0.009826508,-0.055128142,0.13893194,-0.10313366,-0.016770242,0.087923646,-0.02353073,0.061136637,-0.005180586,-0.028375039,-0.08311243,-0.028965443,0.123352855,-0.020353701,0.08850154,-0.033701412,-0.02135327,-0.028710615,0.033760592,0.8582806,0.9204583,0.75894916,0.84775394,0.8863051,0.89843833,0.94603306,0.93742573,0.82884735,0.72600406,0.95372796,0.756857,0.92791736,0.8365491,0.82923734,0.9391617,0.91266775,0.9265666,0.8875111,0.75000316
10.0,0.039842613,0.037693825,0.032221906,0.085330844,-0.06419088,-0.030126642,0.04835652,-0.0141523015,-0.011230893,-0.11468047,-0.005153155,0.025875807,-0.061818767,0.19427724,0.03208885,0.10268001,-0.001009956,-0.005396597,0.017165612,-0.082317844,0.83813727,0.9230831,0.7335677,0.82043624,0.8799268,0.90326005,0.93799645,0.93472755,0.8217944,0.68881214,0.9440611,0.70861065,0.91370356,0.8308575,0.80856586,0.94386154,0.91167355,0.9264295,0.86145955,0.7214474
6.0,0.011520326,0.0176377,-0.0069472194,0.11503153,-0.09056194,-0.018666362,0.0663616,-0.026670665,0.027201325,-0.05605681,-0.015918892,-0.033287294,-0.043715112,0.15133975,-0.002862215,0.09069112,-0.016568203,-0.016378477,-0.0068170987,-0.013250709,0.83957064,0.926155,0.75581163,0.83219767,0.8822824,0.91018856,0.9389984,0.93930763,0.834892,0.7080866,0.9546939,0.72699136,0.91958106,0.83553845,0.82529354,0.95008445,0.92120165,0.92863566,0.86799645,0.73524946
10.0,0.22147837,0.17502454,0.32065317,-0.11177894,0.08058798,-0.07977849,-0.06862124,0.019866053,-0.24471095,-0.49718565,0.06949297,0.39884,-0.15855262,0.42206776,0.22900537,0.1385979,0.10028951,0.04303398,0.17664999,-0.47803652,0.7903737,0.91082966,0.6217994,0.73752093,0.8412111,0.87835246,0.89688516,0.9066913,0.760305,0.5645676,0.89889127,0.5664299,0.85884225,0.78645134,0.7197786,0.9201679,0.87158513,0.91330653,0.77723056,0.6182164
8.0,-0.34938514,-0.44430503,-0.52205944,0.37774605,-0.44157472,0.0384215,0.36765242,-0.15930964,0.5484897,0.71747696,-0.16086781,-0.71385676,0.2827924,-0.4670663,-0.28399128,-0.02999942,-0.21940976,-0.16740915,-0.29953995,0.853678,0.9171011,0.8477104,0.9406384,0.97983664,0.8350862,0.9262121,0.91537327,0.9067025,0.9000305,0.88736665,1.02513,1.0125775,0.96563786,0.7870504,0.9053958,0.80986595,0.915264,0.897433,0.92488366,0.82920516
6.0,0.12664482,0.10814127,0.16751939,-0.0011919588,0.0024343282,-0.05355034,-0.00931517,0.0032488294,-0.1248199,-0.2926136,0.03016864,0.20081867,-0.113280214,0.30856892,0.120768175,0.123152554,0.047714192,0.018766232,0.09087971,-0.27106637,0.8152064,0.9215042,0.6828682,0.7794739,0.86552507,0.8953433,0.9220848,0.92564195,0.79652154,0.6309314,0.92433447,0.638812,0.88900906,0.8140967,0.76914775,0.9385969,0.8976854,0.922201,0.8233091,0.67502415
11.0,0.6882598,0.49835286,1.3571688,-0.85564137,0.6647407,-0.14656053,-0.244757,0.10170756,-0.88692874,-1.7549511,0.24414606,1.5832746,-0.3259615,0.9174027,0.8753656,0.0925501,0.29253724,0.15003768,0.73545676,-1.5878509,0.60531116,0.8384011,0.32970828,0.58201414,0.6076852,0.80280185,0.63869977,0.7853796,0.5657248,0.26976702,0.7784954,0.25506738,0.6976191,0.57106745,0.4663783,0.7645184,0.76334685,0.87341756,0.5009714,0.3487424
5.0,-0.12878333,-0.11604132,-0.2149316,0.23562497,-0.18988943,0.011432471,0.17007464,-0.056008097,0.2114594,0.21414165,-0.07121402,-0.29721949,0.049244117,-0.03787833,-0.12342721,0.05034727,-0.09696922,-0.05957757,-0.11733048,0.27915627,0.886463,0.91180956,0.81566745,0.90048367,0.88626784,0.8987603,0.9498533,0.9392419,0.8493426,0.79512215,0.97828484,0.8474132,0.9510859,0.8388334,0.86958915,0.9245996,0.91877633,0.925408,0.92280966,0.7969418
7.0,-0.24601153,-0.26922062,-0.38381645,0.33842444,-0.39309093,0.052781686,0.23628414,-0.1698452,0.42033517,0.517713,-0.13301611,-0.57751465,0.2183604,-0.37811178,-0.25130773,-0.012770738,-0.13515739,-0.13292289,-0.22810814,0.67854774,0.8146083,0.8659084,0.9791928,0.88496405,0.8407037,0.9813405,0.92500633,0.9287541,0.94199497,0.83073115,1.0075941,0.87533385,0.94193107,0.8130154,0.9229583,0.8887038,0.96376425,0.92888576,0.8558984,0.7768089
11.0,0.69294775,0.50006,1.3661917,-0.8631234,0.6695062,-0.1470835,-0.24496272,0.10377957,-0.89223695,-1.7666448,0.24552627,1.5940804,-0.32819036,0.9211302,0.8824816,0.09263119,0.29345253,0.15145633,0.7409479,-1.5990305,0.60385835,0.8375887,0.32756156,0.5803183,0.6055508,0.80141616,0.6356363,0.78441334,0.5645966,0.26781523,0.77671504,0.25333783,0.6961862,0.5689577,0.46441245,0.76199365,0.7629005,0.87396073,0.4984341,0.34677467
9.0,-0.21479116,-0.22223333,-0.33365408,0.2969744,-0.27109286,0.027627928,0.23972619,-0.089353256,0.335137,0.39400306,-0.10440214,-0.45996195,0.12738532,-0.18581946,-0.19236104,0.019155262,-0.14329684,-0.094176695,-0.18654022,0.48475242,0.90071404,0.89446276,0.86251366,0.9364605,0.87348384,0.90663105,0.94483554,0.9324878,0.8680853,0.8391237,0.99666566,0.91370964,0.96287715,0.8291873,0.89275295,0.8953839,0.9211847,0.9203356,0.9350269,0.8196252
9.0,-0.04362987,-0.033071935,-0.092485406,0.16360122,-0.12642951,-0.0077871666,0.10654311,-0.03376026,0.09815713,0.049306378,-0.03839896,-0.13704994,-0.010220397,0.08236052,-0.04909887,0.078045085,-0.048622236,-0.031316653,-0.05059193,0.09707534,0.86169964,0.9207162,0.7768266,0.85969645,0.8870769,0.9023569,0.9466841,0.9394966,0.8381532,0.7430902,0.9620425,0.77622724,0.9333501,0.83907,0.8423095,0.940194,0.9184098,0.92753696,0.89402515,0.7616861
9.0,-0.16223745,-0.1581274,-0.2589645,0.25882518,-0.23236507,0.022175066,0.1941348,-0.07739096,0.26433477,0.29096788,-0.08404064,-0.36789834,0.0865414,-0.11153658,-0.15670991,0.034720756,-0.111859635,-0.07574337,-0.1459774,0.37623996,0.879189,0.90561146,0.84744126,0.9084697,0.8787011,0.9135034,0.9460143,0.93744487,0.8692985,0.8094556,0.98935604,0.8645474,0.9528775,0.8372099,0.88543093,0.9185286,0.92949986,0.9261848,0.91646963,0.8006213
10.0,-0.10741396,-0.096203074,-0.18234819,0.21653399,-0.18121222,0.009484599,0.15260153,-0.056169,0.1865609,0.17779635,-0.06275957,-0.26170033,0.039062567,-0.01826195,-0.1090896,0.05476961,-0.08320096,-0.054396056,-0.10184865,0.2450281,0.8718889,0.9150019,0.81486225,0.88733083,0.88506037,0.9082692,0.9476582,0.9399559,0.8553727,0.7805423,0.9774495,0.8242959,0.94517416,0.8404261,0.8673841,0.9326351,0.92555124,0.92763406,0.9086763,0.7853478
4.0,0.012837661,0.024220701,-0.0036132783,0.11959938,-0.0887776,-0.018300436,0.064079836,-0.028234176,0.023856886,-0.059034873,-0.015928658,-0.030603081,-0.049659297,0.15726538,-0.005297724,0.09273611,-0.016391411,-0.01676647,-0.005682498,-0.017755613,0.83854157,0.9278837,0.7551667,0.8290606,0.88264835,0.9084766,0.9392596,0.94060385,0.83229715,0.7084609,0.95626223,0.72346604,0.9180565,0.8354659,0.8268818,0.950893,0.9227449,0.92851484,0.8665419,0.73536783
6.0,-0.23730329,-0.26608163,-0.36574602,0.30919614,-0.34372798,0.04126147,0.24816796,-0.12973069,0.38919875,0.4757289,-0.11918873,-0.5298711,0.18601398,-0.2991061,-0.22420116,-0.00045494735,-0.14311504,-0.116632305,-0.21389313,0.6076183,0.8582125,0.87895787,0.9255626,0.91782045,0.8549564,0.94892806,0.9349243,0.9279693,0.9142737,0.83469445,1.0043812,0.9009188,0.9524675,0.82083654,0.9105894,0.8881777,0.9445203,0.92399216,0.894423,0.7982802
1.0,-0.23859571,-0.2551066,-0.37049523,0.334885,-0.3749883,0.05007856,0.23193353,-0.16200668,0.40554988,0.49620703,-0.12767667,-0.5583983,0.20228583,-0.350463,-0.24529052,-0.0062358156,-0.1334151,-0.127736,-0.21925232,0.6495753,0.8195265,0.87089074,0.9659945,0.884464,0.8441241,0.9733453,0.92644054,0.93045837,0.93323356,0.8290898,1.0092843,0.8721436,0.94352007,0.8172693,0.9218888,0.8925633,0.96437997,0.92881393,0.8596393,0.77917165
6.0,-0.12925589,-0.119237795,-0.21404675,0.23379496,-0.1964222,0.01319841,0.1698631,-0.06061794,0.21531111,0.21944514,-0.07123165,-0.3013334,0.05456129,-0.048030715,-0.12595601,0.04818884,-0.09587817,-0.061317846,-0.118672356,0.28979903,0.8800945,0.9116744,0.8225535,0.8985014,0.88442034,0.9055749,0.9484166,0.9390147,0.8561599,0.79357487,0.9805811,0.8438665,0.94978887,0.8392311,0.8725588,0.9262137,0.9235158,0.9263685,0.9170312,0.794179
10.0,0.16575614,0.13356009,0.2253342,-0.045904182,0.034657016,-0.06687071,-0.03425645,0.013338515,-0.17433137,-0.37513438,0.045386754,0.2812565,-0.13268472,0.3567789,0.16822164,0.1344135,0.06961602,0.030380867,0.124730736,-0.35837293,0.80754596,0.91440266,0.65572137,0.7609995,0.85655695,0.8858254,0.9152407,0.91636235,0.7790885,0.602965,0.91100216,0.61073506,0.87680286,0.8035824,0.74734795,0.9272651,0.8842597,0.9182243,0.8066983,0.6514741
4.0,-0.0929337,-0.08087059,-0.16176856,0.20517334,-0.16914177,0.006201453,0.14173366,-0.051579274,0.1665054,0.14879313,-0.05715572,-0.2340358,0.02752386,0.0044304244,-0.096616134,0.059753463,-0.07528399,-0.049291305,-0.09031869,0.21217683,0.8688846,0.9169907,0.8071666,0.88087296,0.8858613,0.90761495,0.9474406,0.9403702,0.8523946,0.77230364,0.9745174,0.8128381,0.94248986,0.8407539,0.8626032,0.93569475,0.92493904,0.927968,0.90507185,0.7802484
9.0,-0.18135928,-0.18468168,-0.28632718,0.26958388,-0.25169647,0.024966504,0.21027508,-0.08433149,0.293196,0.33256057,-0.09195015,-0.40405178,0.10693822,-0.147191,-0.17004478,0.027568568,-0.122298226,-0.083329715,-0.1620311,0.42359865,0.8823154,0.9005907,0.85834086,0.9175927,0.87562966,0.9165542,0.9452295,0.93479866,0.874306,0.8186394,0.9922835,0.88029116,0.955862,0.8340612,0.889466,0.91056263,0.9288056,0.9245909,0.9195534,0.8052169
9.0,-0.1241395,-0.11334307,-0.20666844,0.23015705,-0.19220427,0.0121889375,0.16579267,-0.059185814,0.20820157,0.20921062,-0.06924492,-0.2917117,0.050205342,-0.039949674,-0.12193036,0.050053444,-0.09303583,-0.05954925,-0.114582255,0.27828157,0.87872285,0.91253185,0.8201287,0.89591146,0.8847703,0.9055181,0.948426,0.93932766,0.8552816,0.79067266,0.979744,0.8394756,0.94880974,0.83955467,0.8711989,0.92761976,0.9237191,0.9266028,0.9155295,0.79237586
8.0,-0.17500451,-0.17175749,-0.27701393,0.26945606,-0.24027845,0.023768838,0.20475414,-0.079582535,0.28039208,0.3144657,-0.08875966,-0.38990325,0.09443125,-0.12702744,-0.16596888,0.03137611,-0.11948735,-0.07983247,-0.15533905,0.4005571,0.8852325,0.90347224,0.85018003,0.914896,0.87795836,0.91031855,0.9460718,0.93681234,0.8679796,0.8170043,0.99114114,0.876359,0.95536906,0.8359474,0.88755006,0.913573,0.92750895,0.9250375,0.9216074,0.8057338
7.0,-0.19269222,-0.19639891,-0.3014334,0.28048173,-0.26213717,0.02769865,0.2185973,-0.08934625,0.30831718,0.35526732,-0.09608193,-0.42579353,0.11502706,-0.16534811,-0.18078677,0.023879511,-0.12784252,-0.088171415,-0.17052895,0.45008337,0.88366747,0.89858794,0.8645922,0.9199286,0.87362844,0.9161946,0.9441435,0.9347189,0.8760616,0.8241669,0.99525195,0.887242,0.9565138,0.8332487,0.89322925,0.9070748,0.93011665,0.92432785,0.91971904,0.80748206
9.0,-0.08380148,-0.069584,-0.15100433,0.19954684,-0.15484375,0.0014805488,0.13580644,-0.043184135,0.15056841,0.12611066,-0.05406832,-0.21257809,0.015371279,0.028776348,-0.08503743,0.06595392,-0.07172311,-0.044149823,-0.08201049,0.18070313,0.87448263,0.91732657,0.79440296,0.8787839,0.88804513,0.8991611,0.94925845,0.94010156,0.84233266,0.7683896,0.96954083,0.8099731,0.94211924,0.83994675,0.85566163,0.93392795,0.918522,0.9267547,0.9091208,0.7795261
7.0,-0.24941432,-0.27395952,-0.37990278,0.31940907,-0.32065603,0.035434075,0.26686987,-0.11273697,0.39137644,0.478197,-0.11868957,-0.5316644,0.17043428,-0.2683574,-0.22273079,0.0043470375,-0.15816608,-0.11319708,-0.2161001,0.5898069,0.89290106,0.8830055,0.89469934,0.9398623,0.86159796,0.9201955,0.93798435,0.9278579,0.8865682,0.8490834,1.0060158,0.92941546,0.9616042,0.8220685,0.9038774,0.87978846,0.9291809,0.91875887,0.9231076,0.81739575
10.0,-0.412099,-0.59603715,-0.6137044,0.39303896,-0.58666897,0.03112199,0.43780372,-0.21398148,0.6811709,0.926175,-0.19555177,-0.84012556,0.3993052,-0.6726941,-0.32040465,-0.057183355,-0.2644342,-0.22590971,-0.36185798,1.0991825,0.9023444,0.8103018,1.0064881,0.9859094,0.8062033,0.9612354,0.8855955,0.883162,0.93925416,0.8860463,1.0346769,1.0483932,0.95744336,0.74173295,0.8959831,0.7439448,0.9168496,0.8723224,0.8850558,0.810803
1.0,-0.2835946,-0.3403956,-0.43155956,0.33147243,-0.39030558,0.042258937,0.29461122,-0.14222975,0.45684147,0.5788006,-0.13781774,-0.6097205,0.23320594,-0.3783193,-0.24976847,-0.015114926,-0.17247365,-0.13725522,-0.25120586,0.71841997,0.87626517,0.86539567,0.94081277,0.94303375,0.847153,0.9463959,0.92991066,0.91931236,0.91728705,0.8545371,1.0101368,0.9439549,0.95797265,0.8074572,0.91184556,0.8582807,0.9350316,0.9149164,0.90467757,0.80919003
11.0,0.6992917,0.5015131,1.3768717,-0.8733698,0.67512536,-0.14805694,-0.2458412,0.10554331,-0.8985278,-1.7811631,0.2467439,1.6084783,-0.33003384,0.9248281,0.8918024,0.09458334,0.29431933,0.1541304,0.7467391,-1.6143,0.6013009,0.83598846,0.32511306,0.577913,0.6038216,0.799023,0.6322073,0.7820863,0.56222653,0.26539242,0.77372664,0.25149652,0.6938519,0.5657436,0.46209365,0.7578987,0.76098865,0.87447345,0.49523002,0.34421426
4.0,-0.057142787,-0.042455047,-0.10781808,0.17898758,-0.14556295,0.0004769382,0.11354233,-0.047048837,0.11927668,0.08091277,-0.043152496,-0.16900009,0.001620152,0.05229653,-0.070612505,0.06968575,-0.054504666,-0.03937359,-0.06257863,0.14014488,0.85394293,0.92260855,0.7952033,0.86119545,0.8852517,0.9123696,0.9443595,0.94226503,0.85075027,0.7510322,0.97079974,0.77927065,0.9337297,0.8412817,0.8544399,0.94571424,0.92921954,0.9296659,0.8889895,0.7649163
2.0,-0.13003987,-0.1179412,-0.21119836,0.23944294,-0.20991388,0.01823145,0.16602257,-0.07381424,0.22177513,0.22955166,-0.071698725,-0.31145293,0.06019821,-0.06698403,-0.13660888,0.04527178,-0.09290789,-0.066335864,-0.12098977,0.31068546,0.8637081,0.91201407,0.8389518,0.888548,0.8800038,0.9186269,0.9450757,0.9406904,0.86863863,0.79116577,0.9870485,0.83234596,0.9458779,0.84049016,0.8810475,0.9312007,0.9365319,0.92886794,0.90184134,0.7880088
1.0,-0.22857429,-0.23638836,-0.3515678,0.31131408,-0.28237903,0.03043854,0.25017074,-0.094992794,0.35268563,0.42025158,-0.10897636,-0.48515385,0.13574289,-0.2054461,-0.20492552,0.015234802,-0.1502313,-0.099936604,-0.19642906,0.5143673,0.9038537,0.89179784,0.8681692,0.9392939,0.8705769,0.90489143,0.9432753,0.9324749,0.8684569,0.84591687,1.0000896,0.9229628,0.9638058,0.8278784,0.896342,0.89032316,0.9220333,0.9198052,0.9358395,0.82262033
10.0,0.18763693,0.15083879,0.2641976,-0.07115898,0.05212608,-0.07111843,-0.047746636,0.015121217,-0.20213899,-0.4226817,0.05538521,0.32732362,-0.1430729,0.38250422,0.19047734,0.13475929,0.08178872,0.035009913,0.14534466,-0.4044621,0.7998623,0.91467494,0.6435914,0.7522166,0.85086477,0.88481903,0.9072569,0.91383624,0.77372414,0.58815986,0.9075165,0.59254706,0.8701744,0.7973516,0.7373241,0.9269583,0.88117987,0.91681206,0.7946,0.6388263
6.0,-0.09470646,-0.08148362,-0.16209117,0.20891613,-0.17738412,0.009594185,0.14092387,-0.05899811,0.17168553,0.15664786,-0.057808265,-0.2420908,0.031724565,-0.0075058006,-0.10379698,0.05688897,-0.074649766,-0.052425362,-0.09280849,0.22642817,0.8608218,0.9176114,0.8165887,0.87738407,0.88379484,0.914899,0.9455307,0.9414826,0.8597799,0.772406,0.978359,0.8085031,0.9408717,0.8415435,0.8677368,0.9390594,0.93174076,0.92936057,0.89817286,0.7782162
11.0,0.31593847,0.24146786,0.48794663,-0.235524,0.16718814,-0.10135182,-0.124329425,0.029829387,-0.36335704,-0.71574646,0.10847533,0.6056086,-0.19589704,0.52663034,0.34091654,0.14183646,0.15056674,0.0635349,0.2689699,-0.6846869,0.7615143,0.8971993,0.5595067,0.698972,0.8085463,0.857661,0.8616416,0.8828498,0.71869737,0.49873587,0.87480223,0.4945044,0.82516944,0.7507647,0.6692854,0.89682025,0.84122837,0.9013822,0.7255861,0.55903226
8.0,-0.23421879,-0.25083885,-0.3593583,0.30980548,-0.29960245,0.032777127,0.25450602,-0.10318143,0.3667046,0.44138357,-0.11224747,-0.50104284,0.15171486,-0.23312595,-0.21038604,0.010411102,-0.15115187,-0.10495838,-0.2031787,0.5450975,0.8951972,0.88836825,0.8818061,0.9377212,0.866674,0.9150747,0.9408691,0.93020093,0.8797339,0.84457827,1.0023966,0.92156196,0.9617636,0.8258216,0.90002763,0.8875999,0.9267764,0.91997117,0.9273328,0.8179633
10.0,0.16487516,0.13519934,0.22727141,-0.044231646,0.033476397,-0.06496921,-0.03365138,0.01116046,-0.17352393,-0.3736043,0.045698844,0.2798336,-0.13268499,0.3558307,0.16440545,0.13148174,0.0690171,0.029248241,0.12456846,-0.3551613,0.8060149,0.9171431,0.65799344,0.7620013,0.8567356,0.888514,0.9136634,0.9183237,0.78185105,0.6041545,0.9135623,0.6098158,0.87721026,0.803907,0.7492265,0.93102056,0.88723546,0.91886264,0.80580795,0.6525163
1.0,-0.27992728,-0.32146162,-0.42297447,0.33768302,-0.354288,0.037682183,0.29561934,-0.12531132,0.4374385,0.54747516,-0.13130248,-0.5874826,0.20289654,-0.3258098,-0.242493,-0.0062951893,-0.17579292,-0.12785983,-0.24124354,0.6668898,0.89997596,0.87333786,0.9091107,0.9525768,0.8545531,0.921901,0.9332341,0.92257845,0.89107907,0.86187816,1.011268,0.95444655,0.96391726,0.8134367,0.90646327,0.86139446,0.9258098,0.9138393,0.9255151,0.8223857
8.0,-0.3557856,-0.4637875,-0.5315055,0.37437427,-0.46799085,0.038484618,0.37308502,-0.16924962,0.56748205,0.7471611,-0.1661142,-0.73094445,0.3039653,-0.5039219,-0.28870043,-0.034571372,-0.22261854,-0.175998,-0.30808768,0.8936163,0.9061853,0.8415641,0.95801127,0.97626835,0.8300827,0.9383813,0.9120525,0.9031197,0.9130298,0.8828469,1.0252988,1.0102361,0.9633291,0.7804073,0.9061918,0.80238694,0.9198919,0.8949358,0.9128297,0.82207906
8.0,-0.3023805,-0.36013997,-0.45441383,0.34980538,-0.38544387,0.03914769,0.316903,-0.13783185,0.47436234,0.60358864,-0.1412095,-0.630316,0.23120299,-0.3764057,-0.25742903,-0.014697768,-0.18832025,-0.14077926,-0.26052397,0.73160064,0.9009067,0.86459625,0.9241253,0.9587485,0.84745884,0.92683023,0.92804503,0.9177554,0.89792114,0.8686106,1.015603,0.9697525,0.9639911,0.8053606,0.90825206,0.84609956,0.9253101,0.9097338,0.92198545,0.82254833
8.0,-0.32041216,-0.43430564,-0.49707553,0.3364195,-0.50408745,0.043687113,0.32619655,-0.18648623,0.5517188,0.71473444,-0.16641,-0.7008883,0.3249844,-0.53432745,-0.26931694,-0.039094277,-0.19680719,-0.17468256,-0.30315214,0.88661134,0.85119545,0.8358044,1.0101086,0.95264876,0.8265653,0.9985133,0.9203398,0.90202725,0.9646484,0.8570335,1.0018865,0.9699336,0.9567147,0.7758998,0.90934974,0.82107204,0.9371389,0.90234596,0.8794574,0.7998522
3.0,-0.04582013,-0.033577166,-0.09231277,0.1670182,-0.13558058,-0.0031922725,0.10632529,-0.04176876,0.103780255,0.05778137,-0.038704388,-0.14613232,-0.0055293515,0.06974475,-0.05794842,0.07329641,-0.048448455,-0.034832947,-0.053452834,0.113473624,0.8534397,0.9229638,0.78731865,0.85779846,0.8854514,0.9110044,0.94408995,0.9414604,0.8475781,0.744057,0.9670635,0.7722348,0.93201554,0.8405494,0.8486417,0.9460226,0.92636913,0.92940307,0.8874561,0.7606328
6.0,-0.25121155,-0.28383872,-0.38406035,0.31411576,-0.3305816,0.035079557,0.26950333,-0.11586486,0.39951682,0.48976108,-0.12103487,-0.53744775,0.18131569,-0.2835672,-0.22184819,0.0020460933,-0.15948844,-0.11569067,-0.22031759,0.6046842,0.88914317,0.8803426,0.90147173,0.94212073,0.8601832,0.9272985,0.9376507,0.9252213,0.89289534,0.8482678,1.0052571,0.93098384,0.961771,0.81928605,0.9035195,0.87688446,0.92933893,0.91752774,0.92078644,0.8158098
4.0,-0.19026206,-0.19275522,-0.29811928,0.27906218,-0.25845915,0.027056407,0.2167964,-0.08756619,0.3041493,0.349173,-0.095022224,-0.4205271,0.111690454,-0.15908912,-0.17858307,0.02503827,-0.12684137,-0.08684435,-0.1683177,0.44234717,0.8845191,0.899397,0.8619492,0.91958976,0.87444526,0.9148041,0.94453454,0.9350633,0.87439424,0.8234047,0.9945944,0.88614655,0.95651907,0.8336899,0.89228356,0.9079709,0.9294043,0.92437035,0.9205896,0.8076029
2.0,0.6470378,0.46175683,1.2246213,-0.7765003,0.58747363,-0.14946978,-0.25153244,0.08985229,-0.8223993,-1.6224898,0.23372321,1.4539769,-0.2987487,0.8594868,0.8143455,0.11269753,0.29192743,0.13937381,0.66859204,-1.4730101,0.627552,0.8362669,0.35285977,0.59071416,0.63926953,0.8027812,0.6717923,0.7887804,0.5770585,0.28931022,0.78314364,0.27983707,0.71173656,0.59399056,0.48879102,0.772396,0.7578029,0.87683904,0.5263233,0.36434868
1.0,-0.24857709,-0.27418026,-0.37858087,0.3182002,-0.32454854,0.03618561,0.26518446,-0.11527775,0.39229858,0.47970223,-0.11885859,-0.53256035,0.17318219,-0.27386373,-0.22344793,0.0037271306,-0.15657556,-0.11402524,-0.21619724,0.59435093,0.88813615,0.8823144,0.8991794,0.93677634,0.8604033,0.9240796,0.93737864,0.92769736,0.89048445,0.84703934,1.0063207,0.92564255,0.9603544,0.82186496,0.9050659,0.8803822,0.93175787,0.91935563,0.91870403,0.8145993
11.0,0.21800241,0.17445058,0.31776634,-0.10698082,0.07768501,-0.07749397,-0.066288404,0.01777983,-0.24077106,-0.4899243,0.06853294,0.39208502,-0.1572228,0.41840473,0.22277945,0.13564193,0.09839702,0.041467756,0.17410004,-0.46983433,0.790057,0.9134763,0.6252019,0.73971206,0.84214365,0.8810671,0.8964328,0.9089974,0.76352525,0.5675332,0.9015868,0.56793064,0.86028963,0.7874746,0.7224278,0.92387795,0.87468976,0.91406244,0.7781532,0.62085974
11.0,0.61921024,0.46026334,1.1905439,-0.7345022,0.570344,-0.14038722,-0.24184981,0.0771902,-0.7945313,-1.5608971,0.22354336,1.3986213,-0.29276437,0.8482352,0.76795906,0.099116914,0.280904,0.12911195,0.6443656,-1.412217,0.6339867,0.8477064,0.36547285,0.60352546,0.6463472,0.81521684,0.68558806,0.8006995,0.58656687,0.30254513,0.7995128,0.2872815,0.7205538,0.6052799,0.49975243,0.79532284,0.76846975,0.87141967,0.5409477,0.37931576
10.0,0.039755743,0.042294912,0.03642711,0.08881314,-0.068892755,-0.026079608,0.047034975,-0.020421242,-0.010327831,-0.112716064,-0.0044838088,0.022817716,-0.061765276,0.19022927,0.02438553,0.09806876,-0.0007732101,-0.007981414,0.016601246,-0.07490417,0.8321005,0.9272888,0.7402479,0.8192089,0.8793415,0.90943193,0.9350744,0.9378338,0.8282899,0.68997455,0.9488645,0.70415366,0.9126478,0.8318078,0.813469,0.951132,0.9183591,0.9279594,0.85690814,0.7216798
1.0,-0.16320968,-0.15869665,-0.26002848,0.2603138,-0.23374148,0.022696707,0.1945309,-0.07842459,0.26574165,0.29314172,-0.08437788,-0.37016255,0.08714298,-0.11363223,-0.15826319,0.034376174,-0.112145886,-0.076374285,-0.14671376,0.3791979,0.8785299,0.905519,0.84868014,0.9079694,0.87834656,0.913888,0.94578445,0.93761235,0.8698982,0.80980515,0.98994803,0.86442626,0.9526975,0.8372949,0.8862259,0.9185494,0.930321,0.92632717,0.9156995,0.80050266
1.0,-0.23530002,-0.25489533,-0.35870633,0.31248516,-0.3220532,0.037219923,0.24931777,-0.1191287,0.37803924,0.45787814,-0.11469951,-0.51496065,0.16632886,-0.26657906,-0.21964836,0.0069561303,-0.14591046,-0.111484684,-0.20690429,0.57703716,0.8719902,0.88378805,0.90574986,0.9213919,0.8589867,0.93317944,0.9366542,0.9297272,0.89745206,0.8371263,1.006244,0.90518504,0.95605755,0.82433367,0.90738726,0.88845986,0.94109386,0.92268276,0.9046006,0.8049774
3.0,-0.15593284,-0.14904583,-0.24971652,0.2559373,-0.2270417,0.021741377,0.18847167,-0.07604005,0.2549543,0.27779344,-0.08148205,-0.35665306,0.07995305,-0.10087919,-0.15320946,0.036863297,-0.108126536,-0.0736676,-0.14076658,0.36204112,0.8770613,0.907354,0.84495777,0.90447986,0.87940276,0.9130764,0.9459607,0.93853074,0.8684487,0.80621904,0.98882204,0.85831904,0.9513892,0.83837837,0.8847386,0.92152077,0.9306036,0.92691195,0.91424423,0.79853535
6.0,-0.09003875,-0.07857875,-0.15657559,0.20264617,-0.1681186,0.005451469,0.1391709,-0.052676916,0.16414163,0.14468369,-0.055957474,-0.22893853,0.026677376,0.00591569,-0.09450886,0.0608901,-0.07342704,-0.048847027,-0.08824758,0.2078659,0.8656266,0.91691065,0.80770916,0.8786165,0.8850598,0.91036004,0.9470994,0.9400981,0.8533081,0.76999456,0.9747691,0.8093079,0.9418831,0.8403735,0.8622424,0.9362013,0.92658335,0.92805976,0.9021651,0.7782997
4.0,-0.09888673,-0.08713058,-0.17017177,0.20987552,-0.17429063,0.0076448754,0.14613582,-0.05363969,0.17482549,0.16083504,-0.05945977,-0.24554788,0.032354403,-0.005150009,-0.10190508,0.05764088,-0.0784962,-0.05144628,-0.095090225,0.22597817,0.86988056,0.9162179,0.8105836,0.8834277,0.88550186,0.908119,0.9475008,0.94024336,0.8538549,0.7756663,0.975828,0.8173854,0.9435541,0.8406753,0.8647226,0.93458396,0.92540294,0.92788416,0.90636533,0.7822861
5.0,-0.2885681,-0.33699635,-0.43500462,0.34179214,-0.36861598,0.038655672,0.30328545,-0.13137807,0.45267686,0.5706444,-0.13538224,-0.6051223,0.21563119,-0.34874302,-0.24880649,-0.009984594,-0.18003966,-0.13334358,-0.24904159,0.6950245,0.8980573,0.86951244,0.9173576,0.9536346,0.85120964,0.9257556,0.93102145,0.9205855,0.8957946,0.86357313,1.0130235,0.9587723,0.96342444,0.8101509,0.9078195,0.8556191,0.926847,0.9125361,0.92209226,0.82114375
3.0,0.018836055,0.021373637,0.0018767118,0.10607487,-0.08240595,-0.022612944,0.06234116,-0.021288747,0.016973622,-0.07186462,-0.013203856,-0.017165318,-0.048289016,0.16377264,0.00833353,0.09463477,-0.01267289,-0.012746554,-0.00048148632,-0.033167347,0.8413227,0.9244766,0.7480521,0.830044,0.88205475,0.90655816,0.9394105,0.9373947,0.82995546,0.70293,0.95053244,0.72386646,0.9185708,0.8342304,0.8194601,0.94686526,0.91673535,0.92771506,0.8680403,0.7318873
5.0,0.028962493,0.025691122,0.010085367,0.09435351,-0.06840147,-0.03056914,0.056988932,-0.010352585,0.0015967488,-0.09484352,-0.010693857,0.0058874115,-0.055612657,0.18387114,0.027321648,0.10305375,-0.0075591393,-0.0063184816,0.008128982,-0.06536542,0.8477798,0.9192586,0.73303235,0.8266636,0.8821014,0.89615303,0.9420268,0.93312216,0.8176473,0.69571,0.9414214,0.7220118,0.9174079,0.83146983,0.8085148,0.93762255,0.90564585,0.9252687,0.87127113,0.7273869
6.0,-0.26237056,-0.30565232,-0.40090358,0.31754842,-0.35221794,0.0368336,0.27912453,-0.124618486,0.4210771,0.52214754,-0.12712727,-0.56194335,0.2011637,-0.31766173,-0.22973467,-0.0037719533,-0.16496815,-0.12323619,-0.23188025,0.6449002,0.8850646,0.8748135,0.9151023,0.9446438,0.8558386,0.93537766,0.93543386,0.9220949,0.9019598,0.85062486,1.0065223,0.9371722,0.9614312,0.81458247,0.9056456,0.8696243,0.9306963,0.9158576,0.9162388,0.8141995
10.0,0.17816436,0.144297,0.24769452,-0.059499435,0.044571683,-0.069135025,-0.04220295,0.013789267,-0.1902096,-0.40205672,0.050816223,0.30745196,-0.1392531,0.37198487,0.18015376,0.13484274,0.076300144,0.032877043,0.13621277,-0.38469607,0.80295044,0.91478425,0.64888424,0.755659,0.8533563,0.88517207,0.9109574,0.9150059,0.7756036,0.59474623,0.90934634,0.5999426,0.8726678,0.7998646,0.74204826,0.92713827,0.8826263,0.9173406,0.79970765,0.6444201
2.0,0.37266412,0.27420482,0.58622766,-0.31840047,0.2226488,-0.11626166,-0.15702382,0.038555633,-0.4330375,-0.8523092,0.1310693,0.73201895,-0.21254432,0.58132744,0.41782728,0.1479863,0.17984465,0.077287726,0.3257006,-0.8096393,0.74442106,0.88097334,0.5210982,0.6758042,0.78632796,0.8408009,0.84047025,0.8617583,0.6895043,0.45848992,0.8550828,0.4563722,0.8037857,0.72788334,0.63740134,0.8731825,0.8169093,0.89320683,0.69466406,0.52193147
7.0,-0.11191993,-0.09937557,-0.19002533,0.22125593,-0.18006223,0.009019898,0.15669015,-0.05372363,0.19024765,0.1833573,-0.064588465,-0.26754048,0.038854558,-0.017783333,-0.110842384,0.054904304,-0.086748704,-0.054639615,-0.104593664,0.24761407,0.8782533,0.91434467,0.8116743,0.89117426,0.8862606,0.90278447,0.948865,0.9397998,0.85082394,0.7843279,0.97650945,0.8310315,0.9470256,0.8399655,0.86644185,0.9299416,0.92176604,0.9266869,0.9144967,0.7890887
3.0,-0.15040246,-0.1449494,-0.24205592,0.24978298,-0.22493018,0.020846277,0.18416077,-0.07562058,0.24914292,0.2689055,-0.07960514,-0.34752214,0.07866402,-0.096740425,-0.14855787,0.037814893,-0.10473804,-0.07208908,-0.13719405,0.35341865,0.87358177,0.9077005,0.844801,0.90214914,0.87926894,0.9161432,0.94576883,0.93825555,0.8702485,0.80257094,0.98787016,0.8533941,0.95039773,0.8383943,0.8835535,0.92323846,0.9314707,0.92728764,0.9115286,0.79587376
10.0,0.22928074,0.18340468,0.33718973,-0.1204383,0.087571576,-0.080359146,-0.073423766,0.018839113,-0.25511667,-0.5152955,0.07289107,0.41639286,-0.16284195,0.43206763,0.2353276,0.13685036,0.1041681,0.044018395,0.18447739,-0.49476528,0.7868106,0.91211516,0.6175771,0.73450035,0.8386269,0.87839293,0.8930152,0.9064084,0.75804293,0.5597041,0.8989051,0.55878556,0.85598147,0.78331506,0.7167365,0.921133,0.871123,0.9126363,0.7721922,0.61391354
5.0,-0.14400211,-0.1365234,-0.23344618,0.24531928,-0.21527551,0.018441208,0.17992002,-0.07050863,0.2383554,0.25314882,-0.0769049,-0.3330099,0.07028183,-0.08028768,-0.14168085,0.04124027,-0.10227835,-0.0686053,-0.13133374,0.33272964,0.87640744,0.90924746,0.83712107,0.90137035,0.8811688,0.91202796,0.9467191,0.9386686,0.8651516,0.8001453,0.98570544,0.85088533,0.9504002,0.83886176,0.88013077,0.92427236,0.92880744,0.92697,0.91391426,0.79587394
7.0,-0.13368605,-0.12336211,-0.21684572,0.24339437,-0.22554545,0.023334378,0.16571456,-0.08447608,0.2318427,0.2447051,-0.07441947,-0.3273917,0.07234837,-0.09178105,-0.14600754,0.038809318,-0.09164418,-0.07105405,-0.12671089,0.33715376,0.85214716,0.9103501,0.85467243,0.8845219,0.8764993,0.9298754,0.9422867,0.94101536,0.8810406,0.79146004,0.9898107,0.82821536,0.943406,0.84031945,0.8870949,0.9342853,0.9431589,0.9307917,0.892766,0.784141
2.0,0.26298892,0.1986298,0.38448572,-0.1656422,0.11579831,-0.09277994,-0.09381328,0.028709482,-0.29519618,-0.5891909,0.086260624,0.48551226,-0.17416961,0.46622816,0.2824747,0.14672333,0.12326099,0.053989924,0.21471989,-0.5683046,0.7808643,0.9005024,0.59322596,0.7190443,0.8283882,0.8661092,0.88544965,0.8937931,0.7407255,0.53454787,0.88409233,0.5379909,0.844571,0.7727523,0.6961065,0.905132,0.8549019,0.908056,0.7569575,0.5914223
1.0,-0.23611318,-0.25688252,-0.36450064,0.32131216,-0.35565758,0.04633801,0.23859456,-0.1439628,0.39234433,0.48006335,-0.12167136,-0.5399983,0.19009215,-0.31834924,-0.23454946,-0.0027439333,-0.13660276,-0.12084342,-0.21399757,0.6225171,0.83935654,0.8764899,0.94328594,0.8999191,0.85012555,0.95877206,0.9309971,0.9303012,0.9231395,0.8310669,1.0071563,0.8843558,0.9470642,0.82085556,0.9171207,0.8923584,0.9550407,0.92729807,0.87684685,0.78835964
6.0,-0.07705432,-0.07020771,-0.13984576,0.18673626,-0.15892151,0.0021650936,0.13096982,-0.04712022,0.1476124,0.11977126,-0.05109825,-0.20457917,0.021898245,0.021669134,-0.08016065,0.06315068,-0.066117026,-0.043722443,-0.07864301,0.18128818,0.86376834,0.9173686,0.8010282,0.8758433,0.8854326,0.9113514,0.94656867,0.9389248,0.8529091,0.76199585,0.9701961,0.8015235,0.94010824,0.8400961,0.8562497,0.93807787,0.9235696,0.9282242,0.900275,0.77320415
8.0,-0.2682172,-0.33780277,-0.4230068,0.3168682,-0.43523383,0.04891646,0.26898405,-0.16794044,0.46351388,0.5816541,-0.14365043,-0.6116573,0.2648972,-0.43189925,-0.2451189,-0.02584713,-0.15602385,-0.14380386,-0.25706813,0.74607456,0.8324295,0.8544338,0.9893659,0.92331326,0.8377489,0.99591804,0.9292366,0.91594,0.95913464,0.83912337,0.9958834,0.91841197,0.94890225,0.7979642,0.91346884,0.86503506,0.94516146,0.91967094,0.87441105,0.7886572
1.0,-0.176372,-0.17366293,-0.2769762,0.27456537,-0.2600636,0.029963987,0.20017636,-0.09550027,0.28986722,0.3293318,-0.09066684,-0.40496308,0.10622224,-0.15649974,-0.17765568,0.026488747,-0.11483635,-0.08604918,-0.15925123,0.43067527,0.86442924,0.9014353,0.8722889,0.90184146,0.87183946,0.9266803,0.94187254,0.9376634,0.884867,0.81295025,0.99649024,0.86240125,0.94987226,0.83640707,0.8966931,0.9176682,0.9412657,0.9281771,0.90224814,0.7960289
4.0,0.045647174,0.044196915,0.04105472,0.08154252,-0.060044046,-0.031190466,0.044195432,-0.0130270235,-0.019597374,-0.12660137,-0.002953047,0.037038594,-0.06705216,0.20359187,0.036500316,0.10427208,0.0021460988,-0.003938021,0.021782424,-0.09511605,0.8369106,0.9238766,0.7303141,0.81710076,0.8794829,0.90197784,0.9371491,0.93492985,0.8199437,0.6855169,0.94320786,0.7033809,0.91170603,0.8302519,0.80666244,0.94434905,0.9113237,0.9263752,0.8590975,0.718864
8.0,-0.12663443,-0.11612042,-0.2159428,0.23092014,-0.18050677,0.006199495,0.17070715,-0.04847549,0.20736492,0.20694575,-0.07175513,-0.2885759,0.047733493,-0.02790511,-0.11394513,0.05330851,-0.09806341,-0.055978037,-0.115397036,0.2634359,0.8946122,0.90940183,0.8055856,0.90560055,0.88829625,0.89254457,0.9523617,0.93686706,0.8403764,0.7957536,0.9727142,0.85393745,0.9542633,0.83607394,0.8624874,0.9196043,0.90923643,0.92289716,0.9318386,0.79986775
8.0,-0.26603574,-0.29658404,-0.40401644,0.3310825,-0.32986885,0.03529315,0.28398445,-0.11437813,0.4125599,0.50964457,-0.124876164,-0.5579382,0.18149999,-0.28658724,-0.23129535,0.0001168102,-0.16985166,-0.118886255,-0.2286331,0.6191821,0.90518516,0.87949735,0.8937497,0.9523513,0.8604952,0.9140929,0.93702203,0.92562604,0.8815296,0.8598495,1.0078745,0.9493113,0.9653661,0.81815004,0.9029989,0.869859,0.92250884,0.9152374,0.93308914,0.82557523
6.0,-0.19361825,-0.19643804,-0.30297744,0.2815892,-0.2591844,0.026888924,0.22008061,-0.08712197,0.30793855,0.35459897,-0.096229196,-0.4253108,0.11307854,-0.16125575,-0.18011917,0.024552463,-0.1293254,-0.087569736,-0.17058533,0.4467075,0.88764066,0.89886,0.86101556,0.92230207,0.87460333,0.91282284,0.9447987,0.93475026,0.8726434,0.8257589,0.9947228,0.8904122,0.95763874,0.8331245,0.8920489,0.90612,0.9277974,0.92370266,0.92337525,0.8096928
6.0,-0.06879675,-0.05846259,-0.12691417,0.18351543,-0.15101327,0.0003328129,0.12409291,-0.04519407,0.13483638,0.10222833,-0.047844067,-0.18819581,0.011859873,0.037795696,-0.0746371,0.0673051,-0.061739743,-0.041167952,-0.071431115,0.16051175,0.8619753,0.91918457,0.79595274,0.8702387,0.88586485,0.9094823,0.9464942,0.9401043,0.8494176,0.75751203,0.9696697,0.7934245,0.93794066,0.8403592,0.85429615,0.93979645,0.92436945,0.9283796,0.8973364,0.7703675
5.0,-0.27991676,-0.32257342,-0.43695584,0.36392894,-0.45765236,0.05943111,0.25778022,-0.20025003,0.4829923,0.6085406,-0.15466529,-0.6547467,0.27339625,-0.4804572,-0.27903616,-0.030641451,-0.1479871,-0.15575925,-0.26141316,0.7921548,0.7995573,0.8471191,1.0248597,0.8818842,0.8267372,1.002813,0.9175245,0.92280805,0.9643614,0.8382342,1.0074927,0.88763237,0.9386162,0.7967301,0.92739034,0.8677328,0.9660272,0.9264022,0.8395539,0.76896304
5.0,-0.2999005,-0.36281866,-0.45493796,0.34140787,-0.3832537,0.036495008,0.31858817,-0.13376324,0.4740207,0.6018988,-0.14175236,-0.62464285,0.23238844,-0.3717179,-0.24998091,-0.01417309,-0.1910162,-0.13964859,-0.26137388,0.7250315,0.9062565,0.8652432,0.919396,0.96840864,0.8508242,0.9267381,0.93014216,0.9153735,0.89600307,0.87107605,1.0127856,0.9769201,0.96705914,0.8039248,0.904364,0.84475607,0.9194505,0.90683275,0.93005943,0.82729393
5.0,-0.26291722,-0.2885725,-0.4008137,0.33133116,-0.31703317,0.033062406,0.28267163,-0.10762684,0.4042337,0.49639806,-0.12323425,-0.54786175,0.17141332,-0.26712856,-0.22650246,0.003026899,-0.17062776,-0.115175225,-0.2252114,0.59764296,0.9137331,0.8818262,0.8827534,0.9573562,0.8640516,0.9064596,0.9392337,0.926621,0.8724913,0.8628869,1.0057938,0.9542302,0.9681745,0.8191145,0.8994842,0.8710378,0.9169815,0.91438514,0.94258434,0.83122873
3.0,-0.07894574,-0.064156815,-0.14029291,0.19677201,-0.1600064,0.0044480204,0.13009612,-0.05047914,0.14767367,0.12216759,-0.05164598,-0.20899183,0.015894983,0.023949865,-0.08784103,0.064078964,-0.067066975,-0.04569874,-0.07938318,0.18400224,0.86239797,0.9197258,0.80302936,0.87200654,0.8857447,0.9092759,0.9462753,0.9416855,0.85170376,0.7641509,0.97375625,0.79863226,0.9386922,0.841456,0.86032385,0.9403109,0.9277317,0.9288698,0.8980253,0.77424884
11.0,0.6896653,0.5005268,1.3649564,-0.8591799,0.6692555,-0.14572607,-0.24347958,0.101965204,-0.889845,-1.7608982,0.24438883,1.5893456,-0.32778528,0.92091316,0.87731075,0.090409845,0.29186538,0.15025827,0.73898023,-1.5927477,0.6040214,0.83901584,0.3287906,0.58220667,0.60573334,0.80332124,0.6371912,0.7857548,0.5654865,0.26913843,0.7789794,0.25383544,0.69691813,0.5701141,0.46526438,0.76511544,0.76435703,0.87269753,0.5001074,0.3485711
1.0,-0.12831016,-0.11811583,-0.21194065,0.23355994,-0.19834071,0.014158737,0.16842067,-0.062666684,0.21497752,0.21916798,-0.07076975,-0.30128902,0.054967806,-0.050098773,-0.12709488,0.04768707,-0.09462466,-0.06186203,-0.118293464,0.29171413,0.8767839,0.9120739,0.82526016,0.8963555,0.88371664,0.90811837,0.94769436,0.9394077,0.85881686,0.7924584,0.9815995,0.8408487,0.9487375,0.8397151,0.87395304,0.92771274,0.92601347,0.9270247,0.9138726,0.79259074
2.0,0.26823783,0.20631796,0.3988623,-0.1715258,0.12158717,-0.092066854,-0.09698232,0.026443284,-0.302732,-0.60267556,0.088584,0.49890387,-0.17764747,0.47404227,0.28528962,0.14371988,0.12547992,0.05407311,0.22073224,-0.5801077,0.7774313,0.9027521,0.59056336,0.71741706,0.8262546,0.8670546,0.88181305,0.8942477,0.7392526,0.5315436,0.8855136,0.5316529,0.8422921,0.7698873,0.6945359,0.9071713,0.85549754,0.9074925,0.75282073,0.5887652
9.0,-0.066623986,-0.054170087,-0.12699655,0.18384832,-0.14132337,-0.003179471,0.12356791,-0.037620902,0.12770706,0.09260827,-0.047586538,-0.1796425,0.0040969946,0.053250164,-0.06845112,0.071701035,-0.062130377,-0.038039282,-0.06851176,0.14293717,0.8707311,0.91837645,0.78527796,0.87142503,0.88818336,0.89904094,0.9487952,0.93952674,0.83906114,0.7577969,0.965324,0.79683816,0.93888783,0.83943146,0.84894645,0.9357838,0.91685826,0.92678314,0.90440536,0.7725001
8.0,0.047961842,0.042128827,0.035539478,0.07867609,-0.052452,-0.03746585,0.04353007,-0.003968923,-0.024673454,-0.1334721,-0.004491532,0.043828636,-0.06960891,0.21283393,0.047977816,0.11178821,0.0029902123,9.847619e-05,0.023054432,-0.11044259,0.84561384,0.91701066,0.7194276,0.8159164,0.87985367,0.89051676,0.94181496,0.9304556,0.8080337,0.683369,0.93457705,0.7079167,0.91188097,0.82808506,0.79858786,0.9332553,0.89984953,0.9239242,0.8655932,0.71775323
4.0,-0.11514028,-0.1038092,-0.19343138,0.22321296,-0.18688735,0.011147721,0.15845355,-0.05810594,0.19665363,0.19257388,-0.065704234,-0.276066,0.04422558,-0.028897058,-0.11570685,0.052354522,-0.08755161,-0.056993417,-0.10780816,0.26129162,0.874361,0.91405934,0.81806076,0.8908279,0.88483596,0.90742224,0.94782424,0.9398649,0.85598797,0.78517497,0.97883385,0.8307251,0.94659597,0.8402578,0.869661,0.9308199,0.9253534,0.9273683,0.9111877,0.78836787
5.0,-0.20365836,-0.2055226,-0.3191519,0.29047695,-0.25501722,0.024668451,0.23098096,-0.08162722,0.31675687,0.3668506,-0.10010511,-0.4365815,0.113348484,-0.15890974,-0.1822645,0.024254357,-0.13856658,-0.08818564,-0.1769171,0.4502282,0.9037417,0.8975858,0.8515638,0.93480915,0.87712604,0.90132594,0.94694555,0.93391114,0.8610845,0.8357667,0.9930694,0.90879035,0.9631766,0.8307982,0.8883522,0.89942837,0.91776216,0.92053914,0.93899536,0.8201105
10.0,0.57339513,0.41812745,1.0496209,-0.6491955,0.48653033,-0.14111528,-0.23807499,0.067364864,-0.7185005,-1.4119859,0.20898516,1.2560275,-0.27164218,0.7886736,0.69975466,0.119112134,0.26981342,0.119752906,0.57276446,-1.2885686,0.658677,0.84814036,0.3937297,0.6137054,0.68016005,0.8132313,0.72157174,0.8067045,0.6023154,0.3288081,0.80549145,0.3185502,0.73481536,0.63066113,0.5261197,0.80562186,0.76748407,0.87439185,0.57089186,0.40197566
2.0,0.09845038,0.08914086,0.12632415,0.029849835,-0.021391261,-0.043604277,0.008560032,-0.005456946,-0.08817006,-0.23353238,0.01920083,0.14254911,-0.09765299,0.2710205,0.086770296,0.11399095,0.031900275,0.009784281,0.06662029,-0.2064846,0.81956166,0.9257085,0.70312804,0.7925419,0.87083477,0.90229285,0.9260275,0.9314309,0.8090824,0.65080047,0.933963,0.6588381,0.89714617,0.8208191,0.7850491,0.9461025,0.9069601,0.924798,0.8339811,0.6911732
7.0,-0.13880527,-0.13014328,-0.2264516,0.24151999,-0.2087509,0.016791753,0.17626184,-0.0672337,0.2301924,0.24126226,-0.074836165,-0.3219924,0.06454381,-0.06892754,-0.13650048,0.04362622,-0.09996584,-0.06611448,-0.12685367,0.31780726,0.8774694,0.91028184,0.83222777,0.9001673,0.8823146,0.9098625,0.9472454,0.938936,0.8621936,0.7978513,0.98411447,0.848149,0.9500894,0.8391581,0.87773764,0.92525953,0.9272867,0.9268651,0.91476935,0.79524845
8.0,0.12605977,0.09676816,0.15064707,-0.004222341,0.006603174,-0.06235601,-0.0086959,0.013662667,-0.12338964,-0.29052263,0.026293093,0.19908793,-0.109538496,0.30733848,0.13512206,0.13508424,0.04793785,0.023459747,0.08808452,-0.27808392,0.8247458,0.90806574,0.6732653,0.77777004,0.86540306,0.88284165,0.9305888,0.91694444,0.7834163,0.6284459,0.9120734,0.6479942,0.889751,0.8125794,0.7605372,0.92074805,0.88276863,0.9190148,0.8312358,0.67306465
3.0,-0.03425027,-0.023369275,-0.074984245,0.15640011,-0.12676683,-0.0062971897,0.098065406,-0.039162923,0.08883979,0.035412244,-0.034122296,-0.12362625,-0.012724992,0.08538049,-0.047003213,0.07687345,-0.041969966,-0.031139866,-0.044188943,0.08852199,0.8498988,0.9236207,0.7816948,0.852653,0.884845,0.9120023,0.9432269,0.94102955,0.84572065,0.73674554,0.9647883,0.76294893,0.92973614,0.8396575,0.8442138,0.94723046,0.9259145,0.9293295,0.88327605,0.7555574
5.0,-0.3967627,-0.55270195,-0.5952798,0.39550292,-0.52688277,0.033686053,0.42528814,-0.19185181,0.6392148,0.8596387,-0.1847924,-0.80433697,0.3548881,-0.59182084,-0.30720466,-0.048164167,-0.25531068,-0.20490608,-0.34442207,1.0112307,0.9252933,0.82506895,0.9688754,0.99920017,0.8190351,0.93707764,0.8952092,0.88916564,0.9131142,0.8991803,1.0348265,1.05395,0.96290946,0.7589266,0.89675736,0.762575,0.90549517,0.877999,0.91457075,0.8273423
6.0,-0.1681557,-0.1672352,-0.26738515,0.2613714,-0.23954436,0.023090852,0.19907117,-0.08023195,0.27412835,0.30489096,-0.08661747,-0.37960213,0.09425637,-0.12467182,-0.16079599,0.03223669,-0.11490609,-0.0783203,-0.15126084,0.3926587,0.8789949,0.9037349,0.8520499,0.9110863,0.87738097,0.9159324,0.94568545,0.93636566,0.8720595,0.81190836,0.9903669,0.86898166,0.9537339,0.8360533,0.8868952,0.9160264,0.9298428,0.9257483,0.91654825,0.801508
3.0,0.15631163,0.13535574,0.22041795,-0.03139303,0.02561637,-0.05905883,-0.028857231,0.0041690012,-0.16333246,-0.3556784,0.042852134,0.2626397,-0.12999505,0.34584498,0.14777216,0.124630176,0.063716054,0.024883345,0.11768207,-0.3338591,0.80398875,0.9232954,0.6671243,0.76620966,0.8585767,0.89479274,0.9126365,0.9234428,0.7887801,0.6116549,0.9207519,0.61239827,0.87952226,0.8058194,0.75706834,0.9396496,0.8947971,0.920448,0.80703133,0.6587884
1.0,-0.21735352,-0.22744268,-0.33551276,0.29882488,-0.28413555,0.031089209,0.23932153,-0.09778973,0.34270108,0.4058918,-0.10555349,-0.4707014,0.13602467,-0.20519412,-0.1991396,0.016045325,-0.1414205,-0.09806891,-0.18969719,0.5062592,0.8899325,0.8927675,0.87522745,0.9296252,0.8695011,0.915507,0.94231814,0.9324115,0.8783815,0.8362423,0.99977195,0.9068024,0.95954096,0.8293278,0.89792174,0.89615905,0.9289346,0.922092,0.92369884,0.81355476
10.0,0.1839817,0.15242329,0.26033047,-0.064250015,0.049739584,-0.06942158,-0.046698056,0.011709592,-0.19795904,-0.41509804,0.052746743,0.32052225,-0.1438184,0.38047683,0.18349892,0.13464244,0.0786877,0.03340552,0.14145157,-0.3974923,0.79958826,0.91596025,0.6459309,0.75245523,0.85159934,0.8851291,0.9089433,0.91467434,0.77282745,0.5914157,0.9098873,0.5932125,0.86970454,0.7971839,0.7406948,0.9277467,0.8823604,0.9166267,0.79568976,0.6414069
10.0,0.3813214,0.27894372,0.60122716,-0.3315164,0.23134893,-0.118636034,-0.16205767,0.03990097,-0.4435945,-0.87351245,0.13443083,0.7515357,-0.21471408,0.58908546,0.4300689,0.1492815,0.18414812,0.0794955,0.3343748,-0.8287608,0.74166363,0.8780312,0.51530474,0.67223233,0.78280365,0.83807814,0.8372523,0.8580965,0.6847848,0.45236683,0.85178095,0.45081654,0.80041265,0.72425497,0.63257825,0.8690408,0.81286055,0.8919486,0.6899187,0.51623297
10.0,0.10064079,0.08876734,0.12740657,0.026508272,-0.01844718,-0.045743275,0.007487349,-0.0026262514,-0.09112444,-0.2383699,0.019703591,0.14750452,-0.098845,0.27487078,0.092007026,0.11672648,0.033180658,0.011348512,0.06841463,-0.21348004,0.8211685,0.9236183,0.6995777,0.79154277,0.8706232,0.8994921,0.9269855,0.9297537,0.8059828,0.6488087,0.93141603,0.65876764,0.8966696,0.8202,0.782306,0.9427269,0.9039724,0.9241178,0.834549,0.6896774
10.0,0.18621689,0.14439186,0.25328752,-0.070897765,0.051749468,-0.07497797,-0.047411673,0.019320682,-0.1992872,-0.4183236,0.052940875,0.32291287,-0.141046,0.37965485,0.19565493,0.14175588,0.081171736,0.03686256,0.14219834,-0.4039582,0.804039,0.9079279,0.6407066,0.7509636,0.8512207,0.87918633,0.9123672,0.9094191,0.7682162,0.5876551,0.9021306,0.5973824,0.87013084,0.79751736,0.7349004,0.91824645,0.87479156,0.91553074,0.79827976,0.63829064
2.0,0.049672473,0.049999665,0.05085636,0.07889916,-0.060247123,-0.029512387,0.040636797,-0.016856577,-0.023802415,-0.13324556,-0.00059693865,0.043280333,-0.06835214,0.20501813,0.03560603,0.10161835,0.004686851,-0.004555214,0.025006223,-0.09826331,0.8309575,0.9267783,0.7331257,0.8148319,0.8783227,0.90737283,0.93418556,0.9366155,0.8242798,0.6833755,0.9458138,0.6970538,0.9102487,0.8301646,0.8082224,0.94968104,0.9157914,0.92733467,0.8539005,0.7167752
3.0,-0.22512728,-0.24302813,-0.3466522,0.30313674,-0.31248525,0.037105665,0.2413406,-0.11410375,0.36240435,0.43628743,-0.11100131,-0.49734396,0.15877628,-0.2495768,-0.21193287,0.008115362,-0.14012475,-0.10666131,-0.19960397,0.5539948,0.87164557,0.88711655,0.90082026,0.9209538,0.86222416,0.93271226,0.9382117,0.9309867,0.8976181,0.8338764,1.0031152,0.89977175,0.954736,0.82675725,0.9057975,0.89461344,0.9390565,0.9240873,0.9063911,0.8042318
6.0,0.42202738,0.30610403,0.68367046,-0.39393917,0.27670828,-0.1257302,-0.18278787,0.044434827,-0.4972373,-0.9784758,0.1511832,0.8490904,-0.22633153,0.6295179,0.48417872,0.14674678,0.20465906,0.08802808,0.37954032,-0.92081034,0.7264248,0.8701808,0.4890073,0.65813994,0.76449084,0.82975096,0.8167622,0.8457208,0.6662172,0.42486992,0.84080386,0.42210007,0.7857993,0.70612705,0.6102074,0.8556584,0.79957545,0.8869586,0.66572094,0.490698
6.0,-0.19337848,-0.18634877,-0.30665874,0.2886775,-0.23702,0.022157334,0.22211656,-0.07291828,0.2969897,0.33854645,-0.09609109,-0.41428035,0.09618754,-0.12827593,-0.17391297,0.029629355,-0.134343,-0.08219985,-0.16748194,0.4131456,0.9095479,0.90085226,0.8386219,0.93311214,0.88122284,0.8922851,0.94935286,0.9364432,0.8512095,0.8341261,0.98867136,0.905701,0.96373814,0.8325559,0.8834902,0.9034076,0.91275805,0.9208026,0.9452718,0.8221654
3.0,-0.37198785,-0.3255161,-0.7318513,0.7143398,-0.85260785,0.11664332,0.16859365,-0.55760825,0.8561323,1.0156268,-0.35981736,-1.1427457,0.57236207,-1.1627293,-0.47008872,-0.11422282,-0.18316033,-0.29360068,-0.48079473,1.3833818,0.55645204,0.72854817,1.5896503,0.6827449,0.7553907,1.2792047,0.8460842,0.9128711,1.0680388,0.92394394,0.9741465,0.8042698,0.8891404,0.716538,0.92906755,0.88918024,1.0258654,0.9433043,0.6609199,0.6703284
11.0,0.7187734,0.5095201,1.4161081,-0.9040431,0.69558406,-0.14939766,-0.24524486,0.1152354,-0.92072934,-1.830468,0.2528194,1.6530663,-0.34101084,0.94164187,0.921082,0.092478,0.2975536,0.15922126,0.771291,-1.660493,0.5956988,0.8332845,0.31609103,0.57122374,0.5935573,0.79367375,0.6187073,0.7795337,0.5586395,0.25750166,0.7671002,0.24399297,0.68822265,0.5572218,0.45373827,0.7483691,0.7608364,0.8767839,0.4846977,0.3365266
8.0,0.01297077,0.02015798,-0.0068931878,0.11579897,-0.085289754,-0.021192815,0.065586746,-0.02256852,0.022863917,-0.06126171,-0.01614242,-0.027978495,-0.049251292,0.16080457,0.0010593198,0.09521352,-0.0165294,-0.014624998,-0.00523977,-0.02372478,0.8440941,0.9249513,0.74961466,0.8310026,0.8832158,0.9035351,0.94113386,0.9384312,0.8279037,0.707584,0.95218164,0.72766244,0.91912156,0.83482283,0.8224905,0.9458946,0.9171297,0.92753935,0.8708222,0.7354408
9.0,-0.2357723,-0.26796097,-0.36372623,0.3021626,-0.33579668,0.037350066,0.2511685,-0.12253102,0.38651073,0.4701015,-0.11769107,-0.5205685,0.18246461,-0.286603,-0.21640372,0.0023456104,-0.14621048,-0.11390569,-0.21261993,0.5945228,0.8669621,0.8800381,0.9157223,0.9262402,0.8575846,0.9449147,0.9370976,0.9261982,0.90842146,0.8358548,1.0025501,0.908249,0.9560607,0.8203133,0.90599257,0.8859644,0.9391803,0.92169183,0.9031611,0.8031685
3.0,-0.12081848,-0.10768012,-0.19985041,0.23074111,-0.19511911,0.014334977,0.16109279,-0.06400307,0.20531191,0.20579593,-0.067767054,-0.2894429,0.048544,-0.04155365,-0.12464142,0.049794696,-0.08961134,-0.060593843,-0.1125633,0.27918366,0.87070173,0.9140074,0.82561296,0.889539,0.88331306,0.910637,0.9467506,0.9407746,0.8603307,0.78780025,0.9823657,0.83094686,0.94602925,0.8408997,0.87453413,0.9316978,0.9299977,0.92815965,0.9077031,0.78855056
4.0,-0.06166374,-0.05095767,-0.117820695,0.17800853,-0.14252205,-0.0024034204,0.119431466,-0.04044825,0.123634994,0.08614589,-0.04518135,-0.17294885,0.0045107533,0.05275527,-0.066614315,0.07079975,-0.058331702,-0.03785981,-0.065286115,0.14023231,0.863811,0.91961825,0.78871083,0.86797523,0.8868146,0.90546316,0.9469208,0.9398777,0.8445683,0.75379205,0.9667909,0.78968036,0.9369769,0.84001446,0.8500804,0.939395,0.9212697,0.9278994,0.89805555,0.76861197
5.0,-0.0493864,-0.039394118,-0.11062516,0.16922942,-0.11749214,-0.014353871,0.11250964,-0.022640761,0.101129435,0.054092,-0.04369013,-0.14150953,-0.009906572,0.08834864,-0.042476866,0.08298193,-0.054263417,-0.028182812,-0.054582752,0.088961914,0.8787356,0.9134822,0.7632287,0.8668104,0.88968974,0.8861294,0.9526661,0.93559194,0.8210218,0.74852633,0.9524485,0.7926316,0.93839896,0.8350461,0.8330934,0.92739105,0.90140307,0.92344064,0.9108129,0.7682675
3.0,-0.1569575,-0.15165451,-0.25160998,0.2550196,-0.22703487,0.021043552,0.19003898,-0.07514962,0.25662336,0.27973568,-0.081954286,-0.35762262,0.08150809,-0.101908475,-0.15229441,0.0367072,-0.10916625,-0.07357196,-0.14166586,0.36310267,0.8787205,0.9067459,0.8441048,0.9065671,0.8795574,0.91274065,0.94631284,0.93784577,0.8677811,0.8068816,0.988242,0.8607826,0.95225585,0.8377444,0.88382435,0.92021435,0.9291265,0.92638946,0.91606295,0.7994501
6.0,-0.030382063,-0.023524106,-0.07256377,0.14934044,-0.11813015,-0.010962314,0.09731075,-0.031581,0.082392916,0.024980072,-0.032947708,-0.11223217,-0.015698561,0.096468434,-0.03627594,0.08099293,-0.040717702,-0.02731619,-0.04028455,0.07164626,0.8560444,0.9210924,0.7721855,0.85406345,0.88579744,0.9057551,0.94510233,0.9385229,0.8384405,0.7340794,0.959562,0.7652792,0.9306968,0.8381698,0.83754116,0.9419783,0.9186208,0.92772883,0.8879857,0.75497293
8.0,0.14997688,0.12372085,0.20155811,-0.027255751,0.021408193,-0.061548054,-0.024172671,0.00966291,-0.15466583,-0.3417073,0.039098546,0.24853908,-0.12549652,0.33818272,0.14875194,0.13007917,0.060717937,0.025766425,0.11077435,-0.3233375,0.81115544,0.9175176,0.666477,0.76824194,0.8603766,0.8892441,0.91827583,0.92040956,0.7860078,0.6144228,0.9163411,0.6220182,0.88169605,0.8080816,0.7561867,0.9319087,0.8897274,0.91994417,0.81373996,0.66114295
7.0,-0.37127632,-0.5021943,-0.55267537,0.37627545,-0.5208359,0.039081413,0.38406885,-0.19093797,0.60618305,0.8083152,-0.17736122,-0.7695416,0.34494287,-0.5785236,-0.3028442,-0.04411924,-0.2294665,-0.19435579,-0.32613778,0.9749646,0.8853157,0.82802075,0.9940075,0.96614695,0.81850016,0.96089953,0.90456957,0.8980878,0.93723494,0.875076,1.0253422,1.007156,0.9583971,0.7664247,0.9077014,0.7867422,0.92919797,0.8912434,0.8884922,0.8085353
5.0,-0.264716,-0.3106473,-0.4146575,0.33847928,-0.4310815,0.05480172,0.25362998,-0.17994045,0.45535657,0.56937087,-0.14384715,-0.615618,0.25423637,-0.43278885,-0.2590496,-0.024830721,-0.14494446,-0.14411458,-0.24952807,0.7409063,0.81378466,0.8552973,1.0002584,0.89651614,0.83452624,0.9956041,0.92423546,0.922865,0.95823836,0.8353841,1.0026014,0.893098,0.94210154,0.80218565,0.9215463,0.87476146,0.9582297,0.92600626,0.8559042,0.7772491
7.0,-0.08992421,-0.0772799,-0.15851367,0.20301643,-0.1634882,0.0042691194,0.14007235,-0.047901426,0.16089697,0.14072576,-0.05612372,-0.22637363,0.02314171,0.013668649,-0.09208555,0.062041108,-0.0743343,-0.047255613,-0.08741914,0.20044827,0.87186086,0.917037,0.8018321,0.8808094,0.88688517,0.9038624,0.9482587,0.9401485,0.84815484,0.7711721,0.9724454,0.81268126,0.94265574,0.84040695,0.8597341,0.93469733,0.9219386,0.9273821,0.9074186,0.7804119
1.0,-0.2613279,-0.29126617,-0.39644676,0.32732317,-0.3322931,0.03628562,0.27790806,-0.11704923,0.40864116,0.503918,-0.123374306,-0.5528883,0.1816934,-0.2886976,-0.23054016,0.00057090074,-0.16511199,-0.11850723,-0.22554636,0.61786216,0.8964001,0.8795502,0.89930713,0.94489187,0.85908574,0.9199027,0.9363913,0.9260883,0.8873233,0.8544333,1.0081116,0.93941605,0.96280557,0.81908,0.90493184,0.872933,0.9277768,0.91696465,0.92475814,0.8198693
1.0,-0.290585,-0.3439981,-0.43786287,0.34071144,-0.38245198,0.04016718,0.3031464,-0.13825542,0.4609034,0.5833793,-0.13773656,-0.6139798,0.22661006,-0.3690451,-0.2523589,-0.012684908,-0.17901485,-0.13724664,-0.25264964,0.715375,0.888426,0.8662844,0.9294896,0.9484175,0.84774065,0.934702,0.9293062,0.9193952,0.90519583,0.8601912,1.0134495,0.95373464,0.9611178,0.80786526,0.91010416,0.85392135,0.9316127,0.9129276,0.91273844,0.8154133
2.0,-0.014192501,-0.006438333,-0.048604287,0.13763115,-0.10501049,-0.015047396,0.085375175,-0.027311943,0.05941796,-0.0078107156,-0.026795175,-0.08052842,-0.029519677,0.12238331,-0.022213902,0.08706945,-0.031812817,-0.02225301,-0.027094636,0.034492537,0.852648,0.92260516,0.76278764,0.8453142,0.88534796,0.90362954,0.9441645,0.9387072,0.8334359,0.72439265,0.95650345,0.75152206,0.9264753,0.8372032,0.831714,0.943206,0.9175947,0.9276122,0.8824276,0.74810666
9.0,-0.15659204,-0.15283695,-0.25060752,0.25414008,-0.23236196,0.022426752,0.1886853,-0.07911802,0.25881916,0.28294668,-0.08217427,-0.36026484,0.08550298,-0.109875605,-0.15414654,0.03522885,-0.10762535,-0.074942544,-0.14250334,0.37051523,0.87285334,0.906171,0.8500464,0.90378034,0.87790763,0.918275,0.9452663,0.9377335,0.8731444,0.8052746,0.98939115,0.8570762,0.9509034,0.83771574,0.8858641,0.9214449,0.9326601,0.9271947,0.91094375,0.79668635
4.0,0.019733865,0.02093522,-0.0026262999,0.1059734,-0.07511058,-0.027507393,0.06255752,-0.0136654265,0.01285284,-0.07688685,-0.014559815,-0.011943139,-0.05268768,0.17394833,0.016140867,0.10111708,-0.013080165,-0.009629026,0.0004958324,-0.046439514,0.8497687,0.92016816,0.738242,0.829805,0.8832071,0.89598274,0.943392,0.9346379,0.818921,0.7023454,0.944521,0.7281324,0.9189985,0.8325474,0.8134856,0.9382207,0.90776455,0.9255995,0.8743865,0.7323693
9.0,-0.21486229,-0.22535348,-0.33329573,0.29503196,-0.27860174,0.029387893,0.23879838,-0.09377525,0.33839008,0.39923015,-0.1047623,-0.46404725,0.13320035,-0.19686341,-0.19452453,0.017180685,-0.14148779,-0.09594797,-0.18779242,0.495937,0.89384425,0.8935695,0.8700242,0.9329574,0.8714496,0.91295975,0.94348216,0.9320572,0.8751377,0.8365923,0.9979068,0.90909797,0.9608093,0.82920855,0.8953131,0.8962334,0.9253719,0.9213418,0.92834663,0.81562907
3.0,-0.120498925,-0.11311244,-0.20124274,0.22390023,-0.19240308,0.011303261,0.16328326,-0.059863824,0.20598525,0.20507,-0.0680136,-0.2859664,0.052150715,-0.040809024,-0.117991775,0.050281443,-0.090577126,-0.058750555,-0.11258398,0.27521053,0.8747826,0.91201574,0.8215305,0.89449865,0.8838482,0.9101198,0.94802296,0.938344,0.85827374,0.7874399,0.9792297,0.8359144,0.94821715,0.8390758,0.87035614,0.9281948,0.92489535,0.9267996,0.91239035,0.7896075
2.0,0.28888106,0.21894133,0.43227518,-0.19934744,0.14024921,-0.09813367,-0.10980307,0.029453885,-0.3276388,-0.64991134,0.09647356,0.5432195,-0.18504314,0.4954487,0.3119491,0.14736682,0.13620837,0.059230328,0.2399632,-0.6253612,0.7718279,0.8970544,0.5762086,0.7081141,0.8190984,0.86058426,0.8757989,0.88683724,0.728105,0.5166413,0.87834823,0.51711243,0.8342963,0.7619879,0.6830408,0.89885557,0.84638774,0.90435493,0.74214727,0.57525903
2.0,0.585777,0.42625296,1.079805,-0.670866,0.5042026,-0.14270562,-0.24101695,0.07078589,-0.7365919,-1.4481783,0.21336748,1.2900186,-0.2758601,0.80112505,0.7190196,0.11775099,0.2739392,0.122895144,0.5890787,-1.3195411,0.65333515,0.84604996,0.38642544,0.60989374,0.6729695,0.8117639,0.7133048,0.8034781,0.59768337,0.32167122,0.80193084,0.3114398,0.7309102,0.6244651,0.5195387,0.8003363,0.7655452,0.8743475,0.5632252,0.3952533
1.0,-0.26799327,-0.3216226,-0.41947165,0.33290592,-0.43262318,0.053272422,0.26064992,-0.17563806,0.45930552,0.57673484,-0.14407456,-0.61742204,0.25827837,-0.43382815,-0.25663766,-0.025556266,-0.149217,-0.14450127,-0.2526756,0.74629396,0.82094544,0.8550165,0.99644536,0.9055047,0.83544785,0.99375045,0.92577237,0.9210521,0.958119,0.83731675,1.0013471,0.90224916,0.94413155,0.8009981,0.91967094,0.8708851,0.9540921,0.9240577,0.8622567,0.78123474
4.0,-0.2632421,-0.30100852,-0.40005645,0.3235485,-0.3485291,0.037877183,0.27830648,-0.12466884,0.418579,0.51905054,-0.12620561,-0.56274295,0.19592828,-0.31287494,-0.2332497,-0.0030239373,-0.16412687,-0.12277993,-0.23024163,0.64170384,0.8856351,0.87589246,0.9132662,0.94113934,0.8555253,0.93143123,0.9347251,0.9240284,0.8990465,0.8510168,1.0083513,0.9349885,0.9605351,0.81633264,0.9072421,0.8710198,0.93239176,0.9170965,0.91519696,0.8139351
10.0,0.3485022,0.25570017,0.5355128,-0.2834361,0.19672385,-0.11325328,-0.14491731,0.037071377,-0.40075293,-0.7910306,0.12049429,0.674623,-0.20405936,0.554812,0.38920683,0.15260367,0.16718893,0.073132955,0.2986682,-0.7556648,0.753576,0.8824199,0.53638506,0.6836147,0.7967415,0.84424305,0.8537498,0.86652637,0.69865805,0.47449493,0.8592966,0.47525972,0.81199676,0.73833424,0.6502701,0.877297,0.82243246,0.8959687,0.70950747,0.53665024
1.0,-0.28247952,-0.3196403,-0.44535863,0.37856895,-0.47517315,0.06354773,0.25099248,-0.21703853,0.49457273,0.6204354,-0.16139516,-0.6728771,0.2839065,-0.50930655,-0.2878423,-0.035660207,-0.14457262,-0.16132513,-0.2662889,0.813913,0.7838714,0.8420702,1.0449165,0.8684412,0.82220006,1.0144653,0.9128373,0.9228895,0.9711862,0.83792657,1.00738,0.87723726,0.9344769,0.79310375,0.9300031,0.86855763,0.9705664,0.92816436,0.8260886,0.7606319
8.0,-0.26680568,-0.29984355,-0.40472674,0.33021268,-0.3364353,0.036271095,0.28377062,-0.11788424,0.41619906,0.51532495,-0.12562133,-0.5620032,0.18661317,-0.2963414,-0.23314697,-0.0012117289,-0.16895223,-0.12061342,-0.23003751,0.6291547,0.900013,0.8782,0.8997505,0.94932544,0.85867006,0.9186895,0.9359847,0.92507535,0.8865444,0.8578052,1.0086039,0.9460294,0.96390176,0.81753695,0.9046143,0.8694772,0.9254954,0.9157035,0.9277823,0.8223142
4.0,0.28486112,0.2137666,0.42194438,-0.19430336,0.13561684,-0.09829869,-0.10734754,0.030758332,-0.3220346,-0.63951075,0.09482006,0.5329729,-0.18276273,0.489879,0.30892307,0.14902227,0.13452056,0.0589346,0.23541558,-0.6161571,0.7741966,0.8961045,0.5785647,0.7094399,0.82079583,0.8603486,0.8782376,0.88709134,0.7297521,0.5191655,0.8778348,0.52154094,0.8360946,0.76419884,0.68455106,0.89820516,0.8466448,0.90494215,0.7451001,0.577485
8.0,0.16829832,0.12896505,0.2189933,-0.05034799,0.038277708,-0.07291405,-0.036592014,0.018877815,-0.176359,-0.37905088,0.04389611,0.28504026,-0.13166541,0.3580278,0.17949215,0.14315084,0.07127321,0.03368712,0.12477383,-0.367361,0.81136996,0.9053525,0.6492394,0.75759345,0.8555289,0.8783299,0.92033637,0.909965,0.77025837,0.59937036,0.90290195,0.6135064,0.8756141,0.80199724,0.7416606,0.915698,0.87480456,0.91611177,0.8093026,0.64823604
11.0,0.67780167,0.49277207,1.3321893,-0.83764875,0.65098715,-0.14596255,-0.24530825,0.09746589,-0.8735431,-1.7262161,0.24112491,1.5561693,-0.32003573,0.90674293,0.859455,0.0941861,0.29133132,0.14702031,0.72147346,-1.5614487,0.60934335,0.83947974,0.33489308,0.5852658,0.6137504,0.8049276,0.64605063,0.78712225,0.5683056,0.27431414,0.78156453,0.25969556,0.7010273,0.57613194,0.4713142,0.7689643,0.7634451,0.8729841,0.50687623,0.3529417
3.0,-0.30194747,-0.36649328,-0.45415747,0.34614804,-0.41279083,0.04299445,0.31016168,-0.15259957,0.48548645,0.62137085,-0.1451478,-0.6427186,0.25150937,-0.41531342,-0.26375324,-0.01957924,-0.1821972,-0.14764264,-0.26482135,0.7665539,0.87577045,0.85836,0.9520699,0.9427409,0.8403799,0.9480003,0.9251513,0.9166679,0.91987616,0.8585789,1.0149271,0.95266134,0.9579813,0.80134904,0.9136864,0.84595525,0.9374838,0.9121607,0.89900446,0.80793405
11.0,0.7109393,0.50520605,1.3967377,-0.8906895,0.6852021,-0.1496485,-0.24662352,0.111517735,-0.9110971,-1.8091048,0.25052986,1.6332502,-0.3356178,0.9331459,0.9094063,0.09487441,0.2971634,0.15724507,0.76008314,-1.6408926,0.5985334,0.83379984,0.3198602,0.5733484,0.59862167,0.7952185,0.6244768,0.7800884,0.5599513,0.26062548,0.7690214,0.24744102,0.69073564,0.56084734,0.457447,0.7512442,0.76002944,0.8765785,0.4889207,0.33920473
1.0,-0.23824207,-0.26149485,-0.36474338,0.30985934,-0.31795457,0.035711028,0.25560895,-0.11320268,0.3791478,0.4602179,-0.11534148,-0.5157478,0.16675177,-0.26137704,-0.21673721,0.0060554,-0.15016648,-0.11027292,-0.20896819,0.57471997,0.8828004,0.8844942,0.89808553,0.9319854,0.861834,0.9271736,0.93830544,0.9286587,0.89254165,0.841644,1.0043914,0.91619384,0.9587679,0.82372975,0.90435684,0.8859587,0.9336152,0.9208739,0.9153954,0.8111962
1.0,-0.25415882,-0.27608377,-0.39263678,0.3476603,-0.39524472,0.052688412,0.24327391,-0.17120028,0.42966706,0.53249365,-0.13530116,-0.58990675,0.22024447,-0.38558704,-0.2581187,-0.01185029,-0.1400292,-0.1360372,-0.23144326,0.6930734,0.8177092,0.86489433,0.9789118,0.8840782,0.83933014,0.9756442,0.9235346,0.9286444,0.9378212,0.833727,1.0117097,0.87874043,0.9430948,0.813044,0.92512465,0.8838408,0.9656058,0.92772067,0.85524386,0.7777175
2.0,0.35233653,0.2655709,0.5546962,-0.2878655,0.20383334,-0.1095477,-0.14516383,0.03355536,-0.40896454,-0.8041787,0.12286495,0.6881404,-0.20765068,0.5639603,0.38759586,0.14288917,0.1691099,0.07154267,0.30603942,-0.7653442,0.7496254,0.8891013,0.534892,0.684556,0.7939367,0.8482227,0.8470595,0.870861,0.70029175,0.47317642,0.8641821,0.4681616,0.8113019,0.7354506,0.6491819,0.88420093,0.8271196,0.89593774,0.7051391,0.5356182
5.0,-0.25586033,-0.3061599,-0.4000089,0.3183469,-0.40528026,0.048419934,0.25629455,-0.15962474,0.4364153,0.542878,-0.13541113,-0.5849534,0.23765862,-0.3905828,-0.2418905,-0.017472811,-0.14727497,-0.13490191,-0.24066971,0.6999641,0.8325597,0.8622805,0.97395295,0.9127648,0.8418823,0.98350316,0.92989516,0.9217693,0.94703513,0.8352702,1.000421,0.90355474,0.94782275,0.8065858,0.91528624,0.8763148,0.9500891,0.92346984,0.8738315,0.7872669
10.0,0.48878586,0.35352665,0.832618,-0.50227106,0.36067548,-0.13493222,-0.21260568,0.05260045,-0.59026366,-1.1612389,0.1776575,1.0195701,-0.2448512,0.6970679,0.5763422,0.13843518,0.23598827,0.10190824,0.45916796,-1.0773282,0.6985984,0.85844284,0.44629574,0.6368803,0.7304986,0.81923467,0.7786865,0.8263272,0.6361988,0.3810146,0.8239896,0.3754814,0.7623283,0.67417693,0.57334167,0.8331494,0.7809211,0.87986326,0.62466747,0.44994158
7.0,-0.30878425,-0.36981356,-0.46381256,0.35440254,-0.38866612,0.038661823,0.32435453,-0.13842309,0.48259795,0.6159605,-0.14347269,-0.63996965,0.23506364,-0.38261554,-0.2602177,-0.016122706,-0.19333874,-0.14319602,-0.26533473,0.7423643,0.90676826,0.86327803,0.92247474,0.9642838,0.8470434,0.9237258,0.9271936,0.9166125,0.89496976,0.87307453,1.0166461,0.97834504,0.9653974,0.80355227,0.9072031,0.8415734,0.9220192,0.90785426,0.926368,0.82605666
8.0,-0.24068645,-0.25747284,-0.36907968,0.31561184,-0.29888904,0.032099728,0.26146173,-0.10134707,0.37298042,0.45046207,-0.11444879,-0.5093657,0.15272836,-0.23403734,-0.21288751,0.009615544,-0.15656863,-0.10606953,-0.20742959,0.550382,0.90370816,0.8877057,0.87753296,0.9446626,0.8675186,0.9092879,0.9413964,0.9297848,0.8741715,0.8504317,1.0024109,0.9319118,0.96443254,0.8246114,0.8986376,0.8838175,0.921997,0.9182943,0.93513167,0.8235777
1.0,-0.27967688,-0.32060862,-0.4217562,0.33828846,-0.3559116,0.038062796,0.29445094,-0.12678598,0.43778586,0.5477607,-0.13115415,-0.58784443,0.20331234,-0.32801476,-0.24344626,-0.006157808,-0.17485462,-0.1282869,-0.24090387,0.66868114,0.8971893,0.8729488,0.9112872,0.9496572,0.85354257,0.9234513,0.9327491,0.92275524,0.89258367,0.86043626,1.0117806,0.95159173,0.9631729,0.813515,0.9073087,0.86170244,0.9279191,0.9143413,0.92238647,0.8204843
2.0,0.4589274,0.3378368,0.77483577,-0.45290375,0.32644188,-0.12741143,-0.197927,0.04600824,-0.5514322,-1.0821456,0.16603445,0.9467865,-0.23831443,0.67176807,0.53030914,0.13427469,0.22258545,0.0936306,0.42634332,-1.0085366,0.7094512,0.8687433,0.46522602,0.64813894,0.7442837,0.8272986,0.7927377,0.8390173,0.6513239,0.4009509,0.83579,0.39281452,0.7733606,0.68752295,0.5895869,0.8490796,0.7932118,0.88255143,0.64181197,0.46880513
6.0,-0.08719339,-0.07778256,-0.15315115,0.19798392,-0.16654144,0.004664085,0.1376144,-0.05132927,0.16090223,0.13958967,-0.054967582,-0.22372754,0.0268231,0.008295059,-0.09080297,0.06100923,-0.07178054,-0.04764066,-0.0863197,0.2027829,0.86514163,0.9167617,0.80650675,0.8785348,0.8850572,0.91122186,0.9469901,0.9395627,0.8538567,0.7680728,0.97349584,0.8079393,0.9416274,0.84020287,0.86071616,0.93650585,0.92565954,0.9280905,0.9018694,0.7770486
2.0,0.27936724,0.21019745,0.41184416,-0.18711603,0.13105181,-0.09745384,-0.10469536,0.029769473,-0.31493405,-0.626827,0.0920142,0.5212126,-0.18069121,0.48387465,0.30278718,0.14998214,0.13121042,0.057930708,0.22967124,-0.6046887,0.7757412,0.89599574,0.5817284,0.71116924,0.8226013,0.86100996,0.8811875,0.8875426,0.73072124,0.5227411,0.8788209,0.5256202,0.8374773,0.76581985,0.68745416,0.8983961,0.8473574,0.9052212,0.7482337,0.58073705
1.0,-0.2833512,-0.31499732,-0.4304384,0.3719128,-0.43042144,0.053895745,0.26566944,-0.18762425,0.47632727,0.60007656,-0.14893404,-0.64447135,0.25096083,-0.4470756,-0.27969596,-0.018033445,-0.15481381,-0.15210205,-0.25323978,0.77048445,0.8154206,0.8531012,0.9995621,0.8813904,0.82914734,0.9786513,0.9167117,0.92423695,0.941626,0.8403066,1.01799,0.891019,0.94434875,0.8038782,0.9285244,0.8641584,0.9699007,0.9241376,0.84564346,0.77474684
8.0,-0.13439582,-0.12068447,-0.22336319,0.24139738,-0.19196773,0.011930754,0.17447829,-0.05616897,0.21784359,0.22349745,-0.073462866,-0.30645812,0.051425092,-0.042570923,-0.1274627,0.049347237,-0.10061762,-0.061035298,-0.12137474,0.287624,0.89026946,0.9109482,0.81577,0.90369534,0.8864778,0.89611775,0.9504413,0.93920285,0.84738725,0.7991189,0.9785422,0.8534539,0.9526582,0.83829075,0.87013376,0.9224667,0.91703814,0.92478335,0.92652553,0.80010074
2.0,0.3689651,0.25707993,0.5541006,-0.31334493,0.2108311,-0.124284536,-0.15835771,0.045726903,-0.4216344,-0.8339362,0.12817602,0.7119033,-0.20564593,0.56551,0.42442086,0.16536105,0.17898092,0.080708824,0.31460553,-0.7971642,0.75093734,0.86791337,0.5226782,0.67268133,0.7903529,0.8327228,0.851203,0.8536702,0.6862013,0.4591015,0.84445405,0.46779707,0.80496514,0.7323587,0.63749975,0.8600661,0.8074926,0.8933676,0.7012014,0.52184784
10.0,0.2618753,0.19703797,0.38061237,-0.16431469,0.11476195,-0.09340918,-0.09362052,0.029023252,-0.2933258,-0.586221,0.08523013,0.4826107,-0.17351323,0.46452984,0.2823293,0.14855896,0.12247431,0.054166816,0.21295702,-0.56618595,0.78168344,0.89901334,0.5933381,0.7188183,0.82874316,0.8650866,0.88712007,0.89278764,0.73964226,0.53501505,0.88322306,0.5394123,0.84452164,0.7730009,0.69635993,0.90335566,0.85367966,0.9077968,0.7580415,0.5918034
10.0,0.19603367,0.16076759,0.28113818,-0.07912769,0.058463976,-0.0717689,-0.053163044,0.014048005,-0.2134426,-0.44144607,0.05883547,0.3451913,-0.14869252,0.39394978,0.19617361,0.13323772,0.08577624,0.03598942,0.15296096,-0.42186922,0.79632556,0.91653687,0.6393375,0.7483068,0.8483309,0.8846559,0.9034775,0.91406107,0.7715128,0.58322895,0.90777737,0.58389264,0.86687076,0.7944441,0.73464954,0.928416,0.8812083,0.9163805,0.7892762,0.6343856
10.0,0.28604478,0.21391028,0.42184526,-0.19618353,0.13685536,-0.09971199,-0.108974375,0.030897796,-0.32273862,-0.6418626,0.09442316,0.5351745,-0.18286248,0.49038318,0.3117597,0.15168166,0.13463005,0.0597075,0.2355951,-0.6191596,0.7741028,0.8936356,0.57702005,0.70794225,0.8202638,0.8585734,0.87957144,0.8847615,0.72682345,0.517863,0.8761019,0.5211795,0.834811,0.7633037,0.6836765,0.8951623,0.8439859,0.9041621,0.7449169,0.57626206
11.0,0.7039583,0.5056065,1.3923446,-0.8820206,0.6836412,-0.14717054,-0.24389496,0.10831841,-0.9056898,-1.7962149,0.24848782,1.6220752,-0.33472475,0.9322078,0.8989175,0.090700045,0.2943485,0.15466213,0.7556121,-1.6267954,0.5995538,0.83650595,0.3223631,0.5771043,0.59926236,0.7989724,0.6279125,0.7828191,0.5620661,0.26331016,0.7735504,0.24866809,0.69247717,0.56369156,0.45934442,0.7574054,0.763033,0.874263,0.4924835,0.34272957
3.0,-0.17441373,-0.17468908,-0.27482358,0.26970434,-0.26015294,0.029009208,0.19934791,-0.09482661,0.2889098,0.32728332,-0.09029072,-0.40143764,0.10814778,-0.15671547,-0.17433324,0.026462626,-0.11395612,-0.085343406,-0.15867499,0.42848724,0.86349493,0.9008676,0.87246746,0.9028069,0.8717569,0.9292415,0.9422081,0.9367873,0.88640714,0.81147605,0.9952927,0.86213493,0.9501147,0.8355963,0.89528376,0.91746527,0.940549,0.92796373,0.90225005,0.79533696
4.0,-0.17463227,-0.17523631,-0.27639768,0.26593477,-0.2452009,0.023971671,0.20440495,-0.08232456,0.2833283,0.31823602,-0.0891708,-0.3914069,0.099893965,-0.13517347,-0.16554461,0.03025424,-0.11854307,-0.08078555,-0.15637353,0.40733945,0.88052917,0.9022683,0.8550226,0.91387177,0.87649167,0.9160683,0.94550717,0.93573374,0.8728659,0.81518126,0.9915111,0.87421966,0.954778,0.8351519,0.88827837,0.9133802,0.92963165,0.9252052,0.917825,0.80330414
4.0,0.069046244,0.06364106,0.07664702,0.0592282,-0.041917063,-0.037862364,0.028353948,-0.007715569,-0.050555,-0.17400722,0.006285254,0.08395611,-0.08180786,0.2355517,0.060304638,0.111021206,0.015261706,0.0029586982,0.041258093,-0.1466984,0.8311557,0.9234994,0.7164714,0.8057413,0.8762341,0.899743,0.933901,0.93267924,0.8128429,0.6700699,0.9376494,0.6846418,0.9052561,0.8262662,0.7961306,0.94289035,0.90761495,0.92533666,0.8495177,0.7067536
2.0,-0.052314647,-0.0437979,-0.102470286,0.16846025,-0.13882579,-0.0038898136,0.11206176,-0.041580305,0.113745116,0.070739426,-0.041386157,-0.15656431,0.0017848855,0.059604056,-0.059324108,0.07252404,-0.05239965,-0.035867028,-0.058437616,0.12554154,0.8564949,0.9202059,0.7885774,0.8626828,0.88518184,0.91146404,0.94553035,0.9395594,0.84741944,0.7470701,0.9664605,0.7799404,0.93474334,0.8395289,0.84838605,0.94198775,0.92416877,0.9285055,0.8912367,0.76309764
8.0,-0.19809158,-0.19936427,-0.30971274,0.28673097,-0.2572604,0.026460867,0.22447795,-0.08499996,0.31123987,0.35941043,-0.097594574,-0.43056232,0.11204818,-0.15955274,-0.1821096,0.024450997,-0.13307533,-0.087915115,-0.17306072,0.448254,0.8944302,0.89869577,0.8570527,0.92675203,0.87560266,0.9072912,0.9455182,0.93488175,0.8676398,0.8300021,0.99444354,0.89757574,0.95962155,0.8326772,0.89109075,0.90379554,0.924205,0.92271197,0.9294602,0.8139606
9.0,-0.22546752,-0.24860764,-0.3485046,0.2962867,-0.30640784,0.032773335,0.24629769,-0.107083865,0.362973,0.43507704,-0.110896274,-0.49161577,0.1583923,-0.24119923,-0.20416933,0.009849213,-0.14450067,-0.104508825,-0.2003048,0.5451065,0.88166213,0.88706493,0.8915085,0.93163455,0.86486477,0.92880076,0.94043356,0.92845935,0.89149976,0.8363963,1.0005213,0.91007584,0.959021,0.82493156,0.90029997,0.89067864,0.9317173,0.92110974,0.9169398,0.81005037
5.0,-0.31061232,-0.37805855,-0.4661249,0.35181266,-0.40662536,0.040479783,0.32335737,-0.14701402,0.49217033,0.63119453,-0.14618878,-0.6499411,0.24905185,-0.4084677,-0.2643512,-0.01941473,-0.19146423,-0.1480478,-0.26922128,0.7679322,0.8934935,0.8592092,0.9384693,0.9564759,0.84260434,0.93555826,0.9250068,0.91519135,0.90768653,0.8674883,1.016926,0.9703059,0.96207345,0.8006342,0.9101689,0.83968335,0.92870045,0.9085135,0.9132838,0.81778765
10.0,0.3415409,0.25743496,0.5336017,-0.27204803,0.19213566,-0.10742037,-0.13877875,0.03330801,-0.39530766,-0.77718824,0.11891101,0.66278875,-0.20415129,0.55265254,0.37409517,0.14292666,0.16404137,0.06929325,0.29487497,-0.74103796,0.75371295,0.891461,0.5422839,0.68884844,0.79857844,0.85089874,0.85143787,0.874684,0.7064291,0.48075292,0.86698717,0.47645697,0.8158364,0.74051845,0.65497124,0.88794965,0.8315303,0.8978562,0.7114269,0.5425203
2.0,0.1233144,0.09829155,0.15133575,3.7103891e-06,0.0031641498,-0.058815513,-0.006936811,0.010230836,-0.12034441,-0.28537473,0.026283624,0.19396307,-0.11000884,0.3052554,0.12757117,0.13127825,0.046119917,0.021266192,0.08641055,-0.27025527,0.823066,0.91259736,0.6775968,0.77952343,0.86621535,0.8864475,0.9288071,0.9201419,0.7880057,0.6312687,0.9166493,0.64740026,0.89016074,0.8138379,0.7646416,0.92633355,0.8879607,0.9202114,0.8302841,0.67537504
10.0,0.39678305,0.29381686,0.63996637,-0.35446623,0.25089532,-0.11855372,-0.16867253,0.039307818,-0.4662136,-0.91563654,0.14116511,0.79156953,-0.22067109,0.60816324,0.44662458,0.14205462,0.19212057,0.08117156,0.3537429,-0.8646633,0.73443633,0.879587,0.5056016,0.6683566,0.77491033,0.8378838,0.8265705,0.85688186,0.67964125,0.44254267,0.8512547,0.43715018,0.7953729,0.7165845,0.62432975,0.86895066,0.81147486,0.8901497,0.6795309,0.5072819
10.0,0.08928757,0.080834,0.10934999,0.03944817,-0.026587691,-0.042977385,0.014568515,-0.0048345285,-0.07685173,-0.21514814,0.014599843,0.12485123,-0.09385678,0.26177207,0.08004594,0.11550102,0.026556272,0.008298874,0.05850428,-0.19011246,0.82459486,0.92370266,0.70554036,0.7960423,0.8727802,0.8993075,0.92997915,0.9308903,0.8076603,0.6566257,0.93389744,0.6675576,0.89942825,0.8222596,0.787663,0.9425513,0.9054174,0.92446196,0.8398601,0.6959561
7.0,-0.1681104,-0.16367581,-0.26683736,0.26461345,-0.23629168,0.023097068,0.19861922,-0.07906274,0.27181253,0.3018601,-0.08612217,-0.37827653,0.089672506,-0.11886102,-0.16167676,0.0334085,-0.115198255,-0.07785169,-0.15018137,0.38777,0.8811413,0.9046935,0.8492704,0.9104249,0.87810075,0.91231436,0.94588685,0.9373603,0.868854,0.8127307,0.99063325,0.86907446,0.9537911,0.8367782,0.8868761,0.91647065,0.92948216,0.92579705,0.91786873,0.802608
2.0,-0.057674706,-0.044949457,-0.11718792,0.17756794,-0.12893987,-0.008453199,0.117481165,-0.030502386,0.113409184,0.07215048,-0.04522846,-0.15945089,-0.0051390054,0.07321218,-0.056238867,0.07797843,-0.058136947,-0.033254795,-0.06101544,0.114366286,0.8744728,0.9168473,0.77411675,0.86828405,0.88907427,0.89243704,0.9507507,0.93822485,0.8298107,0.7530938,0.9597152,0.793555,0.9382209,0.8375832,0.84165984,0.93230164,0.91029376,0.9253343,0.90695226,0.77040315
7.0,-0.41931775,-0.66741043,-0.64618325,0.37262058,-0.73174083,0.024972765,0.43657827,-0.2682546,0.7641143,1.0353009,-0.22159776,-0.89939713,0.48922008,-0.833418,-0.32375237,-0.077933095,-0.28178495,-0.26912606,-0.41073444,1.2523082,0.85012716,0.7796404,1.1039448,0.9858555,0.78661424,1.0473514,0.8789541,0.870282,1.011268,0.86923593,1.00456,1.0650052,0.9538322,0.70162576,0.8825788,0.71561193,0.9312733,0.8568085,0.8401276,0.7984389
2.0,-0.3044612,-0.36337554,-0.4583884,0.35042006,-0.38099316,0.036682274,0.32173127,-0.13413967,0.47648093,0.6048129,-0.14170596,-0.630006,0.2287718,-0.3698321,-0.25468075,-0.013627671,-0.19287921,-0.1402393,-0.26227114,0.7264923,0.90976804,0.8649693,0.9162867,0.967055,0.84932774,0.92161083,0.9288585,0.91651255,0.8909773,0.8732622,1.0151863,0.9791527,0.9673406,0.8043944,0.9048741,0.843128,0.91987145,0.9071319,0.9307604,0.82853955
6.0,-0.06977454,-0.055950772,-0.12883133,0.1879425,-0.14837709,8.0112426e-05,0.124584876,-0.043447535,0.13359849,0.10144797,-0.048296593,-0.18846521,0.0074305157,0.043295078,-0.07581003,0.06892717,-0.06294082,-0.04096534,-0.07149094,0.15691133,0.865578,0.91968155,0.7928171,0.87021434,0.8869988,0.9043903,0.9473448,0.94078755,0.84506387,0.7591622,0.96932805,0.79498404,0.9380863,0.84055376,0.85391295,0.9388495,0.92271197,0.92796,0.89998627,0.77218556
9.0,-0.34919173,-0.46517852,-0.5264045,0.35985577,-0.48762822,0.038393073,0.36454415,-0.17559837,0.57195467,0.752371,-0.16827719,-0.7285766,0.31792226,-0.5251476,-0.28391424,-0.03652919,-0.21927357,-0.17932358,-0.31061172,0.9078457,0.8894638,0.8381613,0.9764596,0.97193885,0.8285184,0.957676,0.913766,0.9007909,0.93057084,0.87468827,1.019246,1.0009818,0.9624961,0.77625537,0.90663284,0.8031798,0.9258824,0.89425355,0.9014618,0.8152047
7.0,-0.08625654,-0.07366375,-0.15269276,0.20005314,-0.16210356,0.0040477277,0.1370268,-0.04821802,0.15657896,0.134469,-0.054626532,-0.22030866,0.02123083,0.01704355,-0.08990785,0.062707454,-0.0719575,-0.04650671,-0.084741116,0.19468665,0.8691822,0.9176827,0.80181193,0.87841034,0.88655907,0.9055645,0.9477177,0.940383,0.8492279,0.7687261,0.972492,0.8085495,0.9415432,0.8406389,0.85947174,0.9361915,0.9233035,0.92778105,0.90476966,0.77839684
11.0,0.21614073,0.16952613,0.30930156,-0.105785556,0.07592434,-0.07947163,-0.06540667,0.020454481,-0.23763022,-0.48488045,0.066967174,0.3868866,-0.15569256,0.4153568,0.22464862,0.13986841,0.09751788,0.042367533,0.17120029,-0.46675336,0.7928806,0.90981656,0.6245042,0.7394439,0.8428914,0.8780793,0.8996751,0.9067718,0.7614146,0.56791764,0.8988404,0.57160115,0.8606286,0.7884249,0.7218575,0.9192328,0.8716516,0.91364264,0.78072095,0.62115335
7.0,-0.13024957,-0.12116408,-0.21354339,0.23505881,-0.20537053,0.016233092,0.16873384,-0.06778001,0.22023575,0.22676647,-0.07161137,-0.30821943,0.060068384,-0.061144594,-0.13149449,0.045482878,-0.094375804,-0.06418406,-0.12077327,0.30417758,0.87112546,0.9115783,0.8324248,0.8943418,0.8818462,0.91381717,0.94645303,0.93948203,0.86460525,0.7922452,0.9838449,0.83856624,0.9477257,0.8398541,0.8771609,0.92886,0.93033683,0.92785513,0.90891784,0.790707
7.0,-0.25701654,-0.28238535,-0.3907189,0.3262067,-0.3216535,0.035122626,0.27477908,-0.11195238,0.39933658,0.48993558,-0.12106797,-0.54226345,0.17254442,-0.27190173,-0.226488,0.0031112097,-0.1639082,-0.11502343,-0.22109628,0.5987529,0.9009739,0.88206255,0.89144033,0.9463474,0.8617704,0.91479945,0.9379505,0.9273571,0.88168657,0.85493565,1.0067517,0.93973875,0.96388376,0.82080096,0.90305036,0.8755219,0.9251155,0.91714436,0.92980975,0.82252413
4.0,-0.07778847,-0.06609209,-0.14171243,0.19201118,-0.15328544,0.0008558327,0.13148639,-0.04345454,0.1444701,0.1166174,-0.05154684,-0.20279258,0.014731536,0.031935226,-0.080171704,0.06624336,-0.0677355,-0.04273597,-0.0778012,0.17281708,0.8698802,0.91790336,0.7947716,0.87601477,0.8872879,0.90325266,0.9481323,0.93980557,0.8453261,0.76392406,0.96926934,0.80387354,0.9406249,0.8401055,0.854769,0.9360614,0.9203531,0.927339,0.9048226,0.7758738
4.0,-0.12746994,-0.1182049,-0.21249944,0.23121452,-0.193441,0.012048188,0.16919446,-0.058290273,0.21251553,0.21513802,-0.070669904,-0.29706252,0.053360295,-0.04382204,-0.12276362,0.04888081,-0.09535138,-0.060004227,-0.1172339,0.28374147,0.88187313,0.91160446,0.8197066,0.8994831,0.88512576,0.904106,0.94882786,0.93859285,0.8544121,0.79299545,0.97907484,0.84447354,0.9501939,0.8389407,0.87066114,0.9257922,0.9213221,0.92600214,0.91888946,0.7944427
2.0,0.63160074,0.46595895,1.2168665,-0.7557197,0.58538866,-0.14275673,-0.24407011,0.081908755,-0.81066,-1.5945866,0.22777563,1.4302005,-0.29750293,0.85899264,0.78806376,0.100039884,0.28413087,0.1330699,0.6594215,-1.4424675,0.6295196,0.84489864,0.35885495,0.59909445,0.6402061,0.812396,0.67787826,0.79691875,0.58241355,0.2961985,0.79482293,0.28180113,0.7165769,0.59946746,0.4938602,0.78848773,0.76623356,0.87222344,0.5337257,0.37306562
10.0,0.6412135,0.46514654,1.2264686,-0.7705332,0.5901073,-0.1464772,-0.24825484,0.0858479,-0.81926,-1.6145732,0.2310275,1.4487749,-0.29849356,0.86122817,0.80464,0.10729063,0.28761286,0.13755322,0.6662277,-1.4632789,0.62704396,0.83986527,0.35482857,0.59439576,0.6389228,0.8072418,0.6740995,0.79141825,0.57821786,0.29168653,0.78828967,0.27989239,0.7129854,0.5953988,0.49048927,0.77922744,0.76099646,0.8740299,0.5289381,0.36783585
4.0,0.11079517,0.09417134,0.14006919,0.014833592,-0.009471297,-0.050356302,0.0012766346,0.002278869,-0.104405634,-0.2596152,0.023301324,0.1683109,-0.104293585,0.28878552,0.10608116,0.121429965,0.038970377,0.015244588,0.07683726,-0.23779912,0.82120556,0.9206999,0.6909311,0.786726,0.86887276,0.8951685,0.9265542,0.92680967,0.8000406,0.6413652,0.92641,0.6527556,0.8938748,0.81786895,0.77544653,0.9380052,0.8988549,0.92291063,0.83188164,0.6836789
5.0,-0.38456157,-0.5516245,-0.57982165,0.3714375,-0.6014298,0.037285898,0.39255023,-0.22197698,0.659964,0.8863649,-0.19440602,-0.8143892,0.4024159,-0.67920625,-0.3120763,-0.05695025,-0.24098076,-0.22089514,-0.35524476,1.0769744,0.85706353,0.8090314,1.0479007,0.9629621,0.80548686,1.0027337,0.8984108,0.8897194,0.9753292,0.8671922,1.0151373,1.0129278,0.95572364,0.7431884,0.9034149,0.76593596,0.93701315,0.882781,0.86187327,0.7977285
7.0,-0.15497936,-0.14970672,-0.24873921,0.25334495,-0.22636661,0.020943636,0.18830025,-0.075234786,0.25438517,0.27647045,-0.08124304,-0.3545311,0.080684826,-0.10033266,-0.15108556,0.03705756,-0.10784827,-0.07310144,-0.14031765,0.36014074,0.8772222,0.9070169,0.84426373,0.9052981,0.8794819,0.9137599,0.9461669,0.93793684,0.86850244,0.80557233,0.9881018,0.85861194,0.95172364,0.837925,0.8836979,0.92108196,0.929785,0.92664295,0.9147478,0.79838556
3.0,-0.15204573,-0.14769927,-0.24494937,0.24982202,-0.22518188,0.020579096,0.18613356,-0.07469679,0.2511132,0.27159128,-0.08025883,-0.34973276,0.08012453,-0.098010495,-0.1484957,0.03731708,-0.106047556,-0.07216325,-0.1384627,0.3555253,0.87578034,0.9072717,0.84398437,0.90443814,0.87957424,0.9150991,0.94608045,0.93778586,0.86948466,0.80377036,0.9873669,0.85634524,0.9511955,0.83801824,0.88297987,0.9220981,0.9298473,0.9268783,0.91372454,0.79711646
6.0,-0.34635356,-0.44369847,-0.5174399,0.37084746,-0.45154697,0.039051693,0.36253735,-0.16316561,0.54996806,0.7199216,-0.16142705,-0.7129308,0.2898543,-0.47947156,-0.28362077,-0.03090591,-0.2160023,-0.1690157,-0.29924965,0.8629348,0.9053417,0.84600174,0.9516059,0.9728722,0.8332635,0.9357911,0.91535044,0.9061684,0.9099122,0.880683,1.0237162,1.0027311,0.9636079,0.78562117,0.9072193,0.8110196,0.9211607,0.8982058,0.9149091,0.82244164
3.0,-0.09515258,-0.08503715,-0.16300625,0.20655915,-0.18281198,0.010992453,0.14097142,-0.061911665,0.17492671,0.16085084,-0.058268823,-0.24585149,0.037815243,-0.016693588,-0.10494007,0.053982716,-0.073831506,-0.053514883,-0.094536856,0.23497166,0.85676765,0.9168312,0.8218758,0.8774333,0.88245827,0.92040366,0.9445683,0.9409994,0.8654631,0.7717463,0.97864175,0.80764455,0.9404118,0.8413273,0.8689943,0.94032496,0.9334683,0.93006825,0.8954539,0.77662987
8.0,-0.09523416,-0.080087334,-0.17116122,0.20979919,-0.15639915,0.00087284326,0.14541475,-0.040038247,0.16298565,0.14417021,-0.059506707,-0.23041399,0.02052329,0.021230884,-0.09013792,0.064648554,-0.07975261,-0.045665227,-0.09042208,0.19434021,0.88590324,0.91424,0.7914033,0.8876028,0.88967794,0.890883,0.9519162,0.9389861,0.8354155,0.7770956,0.9672467,0.82564557,0.94667053,0.83817,0.8542353,0.92759526,0.9106778,0.92469645,0.92093164,0.7872904
9.0,-0.15644014,-0.15186223,-0.2506412,0.25423303,-0.2290748,0.021554008,0.1892043,-0.07675448,0.25713056,0.2804586,-0.08190594,-0.35807842,0.083031595,-0.10487498,-0.15275471,0.036188822,-0.108310014,-0.074032135,-0.1417497,0.36557865,0.8760616,0.90655565,0.846528,0.9052387,0.87886834,0.91521734,0.94586885,0.937787,0.8701078,0.8059554,0.98869425,0.858882,0.95162266,0.8377575,0.88461506,0.92084044,0.93069184,0.92674756,0.91373616,0.79812
10.0,0.07314205,0.06912154,0.086964704,0.055726044,-0.04161269,-0.036251437,0.02509408,-0.011241207,-0.054878272,-0.18122308,0.008910779,0.0908359,-0.082737304,0.23710668,0.059919607,0.107783586,0.017793741,0.002440568,0.04489061,-0.15035303,0.8254896,0.9265377,0.718872,0.8041126,0.8750491,0.90519345,0.93052644,0.9343785,0.8172496,0.66783524,0.94019574,0.6786406,0.90411067,0.82601106,0.7972611,0.9484116,0.91184795,0.9262436,0.8445515,0.7047243
11.0,0.6305602,0.4472617,1.1759685,-0.7479722,0.5599185,-0.15053448,-0.2530992,0.08366668,-0.79636234,-1.5711632,0.22816625,1.4063538,-0.28785864,0.83676153,0.7910438,0.12343856,0.28776324,0.13723129,0.6414649,-1.429811,0.6340763,0.83404595,0.362681,0.594535,0.651899,0.8020334,0.686552,0.78769875,0.5792292,0.29738232,0.78433764,0.29041296,0.71541005,0.601884,0.49786618,0.77454007,0.7536418,0.8763755,0.53712595,0.37149635
10.0,0.10984237,0.09425624,0.1402381,0.015963912,-0.010393433,-0.04943491,0.0016881377,0.00074445456,-0.10299199,-0.25755987,0.023213232,0.16659571,-0.10362073,0.28697288,0.10393916,0.120272964,0.038411926,0.014559381,0.076320186,-0.2349386,0.8200817,0.9216606,0.69258285,0.78733075,0.86893517,0.89696914,0.9260704,0.9274755,0.80151165,0.6421126,0.927739,0.6526747,0.8941783,0.81800383,0.77668333,0.939578,0.90038174,0.9231615,0.8314021,0.68429595
3.0,-0.1245462,-0.11330348,-0.20705058,0.23108432,-0.19299829,0.0126870265,0.16584371,-0.05983339,0.20874184,0.21014231,-0.06931923,-0.29290545,0.05029136,-0.040904637,-0.12301256,0.04974059,-0.093077675,-0.059916653,-0.11493047,0.27984923,0.8782385,0.9126924,0.82095075,0.8955608,0.884645,0.9057369,0.9482162,0.9395557,0.8558134,0.79089296,0.9801534,0.83922464,0.9486013,0.8397639,0.87180406,0.9279904,0.9243399,0.92678857,0.91500914,0.7923215
7.0,-0.25383523,-0.28107703,-0.38694683,0.32107162,-0.3227594,0.03500577,0.27212223,-0.112284064,0.3971639,0.48679295,-0.120536685,-0.5382684,0.17402822,-0.27285767,-0.22394195,0.0030494742,-0.16180044,-0.11448113,-0.21973777,0.5972058,0.89738524,0.8821023,0.89361787,0.94503057,0.8618671,0.9183187,0.93807405,0.92687786,0.88491595,0.85243636,1.0059897,0.93624455,0.96308845,0.8207437,0.9029948,0.87679017,0.92616206,0.9174205,0.9273839,0.8204155
5.0,-0.23685645,-0.2605574,-0.36382335,0.30628496,-0.30929595,0.032684892,0.2574618,-0.10681374,0.37543204,0.4536264,-0.11449995,-0.50809205,0.16205189,-0.2486023,-0.21076652,0.008236919,-0.15254857,-0.107596956,-0.20742318,0.5608772,0.89126205,0.8857261,0.88861233,0.9390334,0.8648039,0.9216719,0.94022477,0.9278394,0.8856093,0.843905,1.0024806,0.9227082,0.96179134,0.8234122,0.9003225,0.88469803,0.92778945,0.91902524,0.9243039,0.81615126
9.0,-0.18013045,-0.17805904,-0.2832411,0.2740144,-0.24871081,0.025793934,0.20775813,-0.08465327,0.2892133,0.32746762,-0.0908201,-0.40175128,0.10077216,-0.14089581,-0.17218454,0.029026635,-0.121138826,-0.08304158,-0.1598178,0.41794467,0.8817255,0.90207106,0.8571133,0.91381,0.87581915,0.9139494,0.94493383,0.93659985,0.87226987,0.8183218,0.99347275,0.8768585,0.95482767,0.83554405,0.8907381,0.91253155,0.93082124,0.92538965,0.9179222,0.80478036
7.0,-0.19522429,-0.19797698,-0.30551243,0.28291848,-0.25879678,0.026725544,0.22178572,-0.08636562,0.30932805,0.3566488,-0.09677584,-0.42730153,0.11324278,-0.1612084,-0.1806512,0.024350258,-0.13066593,-0.08770875,-0.17158906,0.44777262,0.8899869,0.8987377,0.85980016,0.9241296,0.87496585,0.9111341,0.9450496,0.93466496,0.8711781,0.82722026,0.9945594,0.8930774,0.95834714,0.83289975,0.89167583,0.90523165,0.92642385,0.92332345,0.9255538,0.8111611
10.0,0.133452,0.113268174,0.1765154,-0.0077226236,0.008856736,-0.056655463,-0.0141863525,0.0053676767,-0.1338304,-0.3069709,0.031993963,0.21518336,-0.11814581,0.31879297,0.12949857,0.12732023,0.051188085,0.02111673,0.09625241,-0.28809333,0.81468844,0.91928333,0.67687213,0.7752312,0.864085,0.89182127,0.922404,0.9232656,0.790886,0.6261019,0.9212308,0.63396233,0.8862236,0.81180155,0.76506424,0.9345185,0.8939481,0.92102706,0.82108456,0.6709072
10.0,0.17173155,0.14716619,0.24413767,-0.048300363,0.03846579,-0.06395173,-0.038880147,0.007254605,-0.18313009,-0.38885674,0.048338555,0.2947548,-0.13881174,0.3661432,0.16532129,0.12874083,0.071745545,0.029054277,0.130777,-0.36870116,0.80101216,0.9209457,0.6560017,0.7583515,0.85468346,0.89010316,0.90985715,0.9198589,0.7806419,0.6009897,0.9160713,0.60044324,0.8738246,0.8010602,0.74896246,0.9349353,0.8893349,0.918644,0.8002129,0.64953357
5.0,-0.36245885,-0.49681014,-0.54667485,0.36356163,-0.5293454,0.039446857,0.37430346,-0.19295792,0.60298115,0.8018079,-0.17792654,-0.7619389,0.35012785,-0.5836141,-0.2957995,-0.045217514,-0.22565022,-0.19405746,-0.32662618,0.9725505,0.87587607,0.82765514,1.0041784,0.96764654,0.8202368,0.97465754,0.90847635,0.89720464,0.94872,0.8716063,1.0182447,1.0030121,0.95897543,0.765,0.90739614,0.79066026,0.93062353,0.89104533,0.8859866,0.8073732
7.0,0.04508713,0.041495305,0.035627,0.08153733,-0.056828465,-0.034290936,0.045142353,-0.008314883,-0.020058915,-0.12690037,-0.0043958537,0.037623793,-0.06773059,0.20678757,0.041229907,0.10824594,0.0015101098,-0.0021650698,0.021183442,-0.100165665,0.84229404,0.9201801,0.7250393,0.81741947,0.88003045,0.89570236,0.9400543,0.9325848,0.8135776,0.6854495,0.9390067,0.7073309,0.9122939,0.8292995,0.80299133,0.9380926,0.9053086,0.92502654,0.8634246,0.7192165
11.0,0.68919605,0.4997938,1.3619523,-0.857939,0.66758025,-0.14640148,-0.24407372,0.10198938,-0.88886786,-1.7588811,0.24443217,1.5871954,-0.32717195,0.91959935,0.8768926,0.09153857,0.29197842,0.15025389,0.7375829,-1.5909077,0.6045441,0.83861375,0.32904908,0.581976,0.60634416,0.80305743,0.63780063,0.7853938,0.5654397,0.26926795,0.7786604,0.2542733,0.6971748,0.57041234,0.46564665,0.7646542,0.7638253,0.87307847,0.5003149,0.3484765
5.0,-0.1389771,-0.13154316,-0.22842997,0.23951256,-0.20353246,0.014182609,0.17819402,-0.0623799,0.22898519,0.23879424,-0.07517932,-0.31867722,0.063362226,-0.062813014,-0.13202438,0.04503361,-0.10170691,-0.064289905,-0.12644073,0.31035173,0.8838748,0.9095259,0.8258674,0.9045616,0.8838813,0.90526557,0.9487576,0.93782777,0.85677075,0.79915214,0.9814906,0.8534875,0.9522369,0.8379989,0.8740431,0.9224091,0.9217842,0.92542726,0.9211452,0.7980047
8.0,-0.09151089,-0.07880022,-0.162135,0.20418982,-0.16122675,0.0029804935,0.14194033,-0.045304503,0.1617077,0.14179002,-0.05704101,-0.2272508,0.022693152,0.01583052,-0.090914875,0.062928535,-0.07602604,-0.0466351,-0.08820894,0.19853029,0.876197,0.91611,0.7984692,0.8831512,0.8877095,0.90017205,0.9493974,0.9395719,0.8443615,0.7727141,0.97088856,0.81669426,0.9439755,0.839686,0.8579165,0.93228406,0.9185013,0.9264989,0.9114987,0.7823848
9.0,-0.10537451,-0.09512569,-0.17799252,0.21483517,-0.18684718,0.011610168,0.14951536,-0.061633,0.18710998,0.1785746,-0.0620727,-0.26241732,0.0424503,-0.02592681,-0.111377686,0.05274563,-0.08039182,-0.05587048,-0.1016359,0.25147706,0.86339337,0.91537166,0.82226336,0.88324213,0.8830531,0.91608053,0.9458574,0.9404348,0.8627314,0.7780503,0.97957265,0.8179512,0.9431367,0.8409288,0.8703942,0.9360366,0.931122,0.92901206,0.9013881,0.7816714
9.0,-0.29300526,-0.34534615,-0.43907368,0.34561008,-0.38935187,0.041397825,0.30255502,-0.14347124,0.4660354,0.59054655,-0.1388446,-0.6205465,0.2302896,-0.37991396,-0.25725046,-0.013177447,-0.17821072,-0.13987121,-0.25403166,0.7267757,0.8819222,0.86422056,0.93647915,0.9412904,0.844398,0.93815625,0.9274233,0.91965455,0.90871227,0.8579524,1.0152457,0.94857067,0.959418,0.8070929,0.9124213,0.85287976,0.93664265,0.9138476,0.90486187,0.8109828
4.0,0.6386688,0.46150544,1.2162749,-0.7651327,0.5837865,-0.1464439,-0.24873129,0.08524831,-0.8143069,-1.6047887,0.23033202,1.4391693,-0.29662105,0.8565,0.8007362,0.10928134,0.28795153,0.13700509,0.6613521,-1.4557538,0.628611,0.8394402,0.3566484,0.5948922,0.6416578,0.8066345,0.67640454,0.79159576,0.5791176,0.29316896,0.7881367,0.28199032,0.71378976,0.5970542,0.49210492,0.7792207,0.76043147,0.8744893,0.5308351,0.36895823
11.0,0.67296326,0.4895164,1.3187518,-0.8288757,0.6434232,-0.14607063,-0.24589118,0.09576537,-0.8667694,-1.7119691,0.23983036,1.5424862,-0.31701878,0.90095836,0.85223144,0.095711604,0.29098296,0.14570099,0.7143645,-1.5485792,0.6115848,0.8396128,0.33739662,0.5865143,0.61694497,0.8055137,0.6496849,0.7876893,0.56952804,0.2764709,0.782596,0.2621498,0.7026755,0.5786043,0.47376734,0.7704717,0.7631224,0.873089,0.5096712,0.3547873
11.0,0.38534594,0.29555368,0.63220656,-0.33579743,0.24359962,-0.111027054,-0.1604951,0.03274384,-0.45583978,-0.8913304,0.13674156,0.7706621,-0.2193685,0.602745,0.42377833,0.13014081,0.18647008,0.07554358,0.34543037,-0.8406945,0.73507535,0.8902272,0.51393133,0.67521125,0.7775823,0.8464652,0.826346,0.86687267,0.6880795,0.45159376,0.8612081,0.43988138,0.80050856,0.7194996,0.63113457,0.8821956,0.82214665,0.8918389,0.6838464,0.51589894
7.0,-0.17357711,-0.173042,-0.2745497,0.2666533,-0.24670173,0.025187645,0.20247841,-0.08418492,0.28222856,0.3171305,-0.08874755,-0.39150757,0.09954076,-0.13650446,-0.16707192,0.029769303,-0.11697109,-0.08119758,-0.15576357,0.4085399,0.8773987,0.90268785,0.8575246,0.91108716,0.87592125,0.91771054,0.94480264,0.9364252,0.8750674,0.8141283,0.9922485,0.8708823,0.95347446,0.83585286,0.88974375,0.9150991,0.93190056,0.9260441,0.9147242,0.80163705
1.0,-0.17438972,-0.18879458,-0.28254074,0.26553532,-0.30144858,0.03758934,0.19127622,-0.119263686,0.30780736,0.35222748,-0.09714128,-0.4250884,0.14420086,-0.21780849,-0.18218035,0.011168547,-0.10571124,-0.09421657,-0.1707741,0.4785843,0.8317695,0.890973,0.91254973,0.89250857,0.8616282,0.96593887,0.9378265,0.9335734,0.9204363,0.8054573,0.99089736,0.85023564,0.94297785,0.82857406,0.9007914,0.92121893,0.94864345,0.9319399,0.8800515,0.78104895
10.0,0.17040266,0.1356675,0.23088124,-0.05155868,0.038477935,-0.06901987,-0.037209325,0.015205582,-0.18000692,-0.3848225,0.046939112,0.29049683,-0.13462244,0.3621293,0.1748741,0.1365655,0.07225646,0.03202323,0.12848014,-0.36893117,0.8072556,0.9125183,0.65195954,0.75855887,0.8553823,0.8837163,0.91495246,0.9145619,0.776203,0.59944135,0.9085334,0.6080119,0.8752709,0.80228037,0.7442491,0.9245966,0.8816252,0.91755694,0.805126,0.6484215
4.0,-0.13636415,-0.13531402,-0.22367379,0.23490787,-0.22756168,0.022187373,0.17135933,-0.07950472,0.23619625,0.24990298,-0.07553707,-0.33003062,0.08081209,-0.09694581,-0.14085746,0.035903025,-0.093894966,-0.069998465,-0.13007423,0.3422463,0.85856783,0.90825903,0.8523742,0.8935754,0.8772182,0.92968476,0.9436539,0.93819124,0.88239336,0.79275566,0.9856538,0.83755577,0.945551,0.8388528,0.88345027,0.930894,0.9363527,0.92995226,0.89979935,0.78638864
7.0,-0.07643136,-0.06459825,-0.13704744,0.1915889,-0.15949693,0.0037316694,0.12879345,-0.049914792,0.14570186,0.11849148,-0.05069051,-0.20472775,0.017559586,0.023970187,-0.084327206,0.06371236,-0.06540072,-0.044777907,-0.0778746,0.18100059,0.8609325,0.91925323,0.8029623,0.8720627,0.8853052,0.91158557,0.94592464,0.94092655,0.8533715,0.7620691,0.97274274,0.797281,0.9385447,0.84107614,0.85899746,0.94058913,0.92736703,0.9289594,0.89703894,0.77269477
10.0,0.51124537,0.36721662,0.881868,-0.5390311,0.38848805,-0.13816401,-0.22103858,0.0574684,-0.6216934,-1.22283,0.18674877,1.0765387,-0.25111768,0.71857095,0.6090838,0.1361665,0.24677627,0.10678282,0.48649734,-1.130384,0.68981856,0.8542805,0.43258914,0.6298216,0.7190119,0.8155695,0.7649901,0.82039887,0.6275736,0.36706394,0.8174258,0.36150664,0.75527406,0.6638617,0.56093246,0.8244877,0.7757654,0.87879986,0.6110145,0.43661204
7.0,-0.104776576,-0.092573024,-0.17916667,0.21509004,-0.17676058,0.008252053,0.15091063,-0.053557742,0.18170556,0.17091054,-0.06175565,-0.2554226,0.035101317,-0.010596622,-0.10593219,0.056481194,-0.082241684,-0.052848406,-0.09934833,0.23555136,0.8738044,0.9154085,0.810937,0.8869249,0.8859125,0.9055048,0.9481532,0.94005877,0.85234517,0.77959937,0.976115,0.8235806,0.9451225,0.84040195,0.8654818,0.93247247,0.923707,0.9273427,0.91012895,0.785404
10.0,0.13156226,0.11898874,0.18219453,-0.0025287345,0.0041796044,-0.050898537,-0.01339823,-0.0021993793,-0.13164505,-0.3027741,0.032884143,0.21045448,-0.11740207,0.3141978,0.11771645,0.118094124,0.049910884,0.017532125,0.09554902,-0.27756166,0.80885977,0.92699856,0.6846565,0.77715147,0.86410666,0.9003139,0.91740453,0.9289244,0.7996429,0.62934715,0.92863196,0.6302846,0.88696164,0.8126692,0.77106136,0.94618195,0.90289503,0.92298627,0.81752485,0.67346287
4.0,0.0017493502,0.012366949,-0.020237096,0.12731181,-0.09947561,-0.014623094,0.07204689,-0.03171415,0.039962165,-0.03594308,-0.019902542,-0.053806864,-0.039046742,0.13747968,-0.015959714,0.08727233,-0.02202047,-0.0204659,-0.015037678,0.010143235,0.83973515,0.92734134,0.76344526,0.8350115,0.8830117,0.91166824,0.93943506,0.9411203,0.838288,0.7149821,0.9588091,0.7323839,0.9210085,0.8369946,0.83166856,0.951915,0.9248018,0.92926127,0.86964166,0.7399274
10.0,0.13100614,0.11467679,0.17790118,-0.0042982325,0.0046305507,-0.05269246,-0.012425207,0.0010923203,-0.1306414,-0.301728,0.032483444,0.20949422,-0.11616157,0.31363368,0.121432096,0.12077523,0.04994574,0.018669046,0.094935685,-0.2782439,0.8116116,0.92424077,0.6826868,0.77763736,0.86442006,0.8977741,0.9191391,0.9270924,0.79791033,0.62877476,0.9260393,0.6331734,0.88753825,0.81310046,0.7691279,0.9423748,0.90005815,0.9225852,0.81951654,0.6731286
10.0,0.2085344,0.1663242,0.29912212,-0.09577922,0.069717154,-0.07651437,-0.06087073,0.017814383,-0.22852674,-0.46857083,0.06392868,0.37152606,-0.1530794,0.40739393,0.21393403,0.13744709,0.09306924,0.0399777,0.16450197,-0.4501018,0.793921,0.91239566,0.6300923,0.7428976,0.8449925,0.8808233,0.90114594,0.909465,0.76513076,0.5736354,0.90233475,0.5761426,0.8629857,0.79055387,0.72669107,0.9227532,0.8752801,0.91460186,0.7838772,0.6261688
2.0,0.381941,0.28539842,0.6127407,-0.33167145,0.23527163,-0.114972934,-0.16056523,0.03691096,-0.4475192,-0.8784565,0.1352224,0.75726086,-0.21678859,0.5943346,0.4257218,0.14082247,0.18461631,0.077550426,0.33813787,-0.83145803,0.7393451,0.8839918,0.5154845,0.6740709,0.7811881,0.8420481,0.83278465,0.86257976,0.6872041,0.4529155,0.856457,0.44682428,0.8009333,0.72285736,0.63268065,0.8754628,0.8176939,0.892181,0.6878576,0.51690996
4.0,-0.20077483,-0.20861429,-0.31160632,0.2888932,-0.28887784,0.033784483,0.21977085,-0.10698853,0.3282834,0.3849537,-0.10124124,-0.4527753,0.13470882,-0.20757782,-0.19558713,0.017170105,-0.12695557,-0.09699901,-0.18015102,0.49590582,0.8645606,0.8934682,0.89000744,0.909719,0.8660565,0.93317205,0.9399209,0.93407536,0.89370203,0.82262695,1.0002682,0.8793328,0.95227927,0.8312856,0.90209186,0.9063662,0.9422894,0.9264274,0.90171033,0.79886645
7.0,-0.20932199,-0.21676508,-0.32497093,0.2927355,-0.27407643,0.029370146,0.23323306,-0.09287486,0.33023596,0.3874678,-0.102359176,-0.45460415,0.12745006,-0.18808013,-0.19198501,0.01900941,-0.1377813,-0.09399045,-0.18313557,0.4839238,0.8910589,0.89512074,0.8687082,0.9286894,0.8719311,0.91323864,0.9435573,0.9332101,0.8751652,0.83345276,0.9975545,0.90284395,0.95945,0.8306866,0.89531994,0.89949167,0.92719257,0.9224352,0.92565334,0.813412
6.0,-0.11343884,-0.102855965,-0.18914011,0.22267002,-0.19685389,0.015062943,0.15451282,-0.06696215,0.1989657,0.19638315,-0.0653452,-0.28034157,0.04997892,-0.042594645,-0.12104961,0.048680726,-0.08385004,-0.059817515,-0.108591825,0.27447248,0.86168516,0.9145575,0.83023804,0.8845914,0.8818145,0.918728,0.94504195,0.94083637,0.86736697,0.7822924,0.98233086,0.8217008,0.9433743,0.84121186,0.8750271,0.93595946,0.93390447,0.9295786,0.900245,0.78313106
5.0,-0.34161142,-0.44814768,-0.5141931,0.35786265,-0.47585365,0.039912254,0.35456458,-0.17241581,0.5573685,0.7306686,-0.1646323,-0.7155282,0.3077436,-0.5087418,-0.28183353,-0.034259126,-0.21196954,-0.1738989,-0.3030621,0.8860024,0.8851207,0.8412124,0.9745701,0.9654945,0.83005536,0.9572544,0.9159063,0.9039411,0.9302841,0.8713439,1.0184555,0.99117255,0.96122944,0.7806391,0.9087701,0.81101424,0.9288798,0.89812165,0.8996805,0.8129319
7.0,-0.16006815,-0.15460533,-0.25542787,0.2585063,-0.23163159,0.02250792,0.19170138,-0.078057006,0.26145315,0.28705907,-0.0831602,-0.3648141,0.084514864,-0.1092916,-0.15649636,0.035285287,-0.110201284,-0.075443625,-0.14426818,0.3729422,0.87697285,0.90624434,0.84798676,0.9059307,0.8785385,0.91432256,0.94569755,0.9380322,0.8700184,0.8080349,0.9897202,0.86116064,0.9519206,0.8377876,0.88596386,0.9200234,0.9310833,0.926709,0.914225,0.79923683
2.0,-0.016571883,-0.011884907,-0.053445484,0.13600245,-0.10850187,-0.0139942905,0.08806098,-0.026917648,0.06362869,-0.0025208332,-0.027489766,-0.08634591,-0.024011346,0.11529835,-0.023126975,0.08393106,-0.03278356,-0.022743516,-0.029431865,0.04270737,0.8535868,0.92213917,0.76487696,0.84839815,0.8854215,0.9048511,0.94354343,0.9382351,0.8366143,0.72554123,0.9560494,0.7548615,0.92757624,0.83782953,0.83198774,0.94379485,0.9168705,0.9279647,0.8839034,0.7488488
5.0,-0.27926332,-0.32864594,-0.4232426,0.3305348,-0.3675491,0.03774836,0.29473123,-0.13064265,0.44462964,0.5575955,-0.13332532,-0.59107226,0.2147571,-0.34417066,-0.2414411,-0.008213136,-0.1748803,-0.13094041,-0.24426182,0.6829318,0.8903498,0.87025094,0.92029566,0.95006233,0.8521089,0.9329929,0.93254524,0.9200444,0.9012677,0.85772383,1.010355,0.9501021,0.9627085,0.8104783,0.90704924,0.8596262,0.9293747,0.9131789,0.91766876,0.81723666
6.0,-0.18489213,-0.1935429,-0.291672,0.27074593,-0.27065873,0.029734943,0.21006417,-0.09569084,0.30477753,0.3501722,-0.09481436,-0.42014652,0.122068785,-0.17624253,-0.17818832,0.02147603,-0.120278955,-0.08860978,-0.16825037,0.45391166,0.8686164,0.89751744,0.87645274,0.9121546,0.87088114,0.93031096,0.94251335,0.9341059,0.88929254,0.8168122,0.9944391,0.8747392,0.9524756,0.83304924,0.8952519,0.9117439,0.9362801,0.9265516,0.90765357,0.7989649
7.0,-0.2505874,-0.2805443,-0.381778,0.31832454,-0.3392578,0.03879418,0.26426333,-0.123640746,0.40066105,0.4927095,-0.121367335,-0.54315764,0.18480489,-0.29609293,-0.22836551,0.00022030622,-0.1546711,-0.118129395,-0.22012699,0.6164568,0.87689596,0.8791189,0.91309655,0.9306707,0.8565544,0.9342727,0.935368,0.92684937,0.90127516,0.8440356,1.0072,0.9196985,0.957468,0.82011646,0.9084993,0.8797822,0.937381,0.92043805,0.9082732,0.8083853
11.0,0.65261596,0.48100084,1.2759581,-0.79442644,0.6197392,-0.14326985,-0.2440472,0.08818895,-0.841922,-1.6585469,0.23387681,1.4917641,-0.3083353,0.883714,0.82040566,0.09455098,0.2871588,0.13888276,0.69019467,-1.498482,0.619195,0.84349805,0.34725893,0.5936176,0.6264385,0.81074804,0.6625304,0.7932136,0.57582045,0.28568542,0.7901932,0.27031928,0.7094743,0.5883645,0.48281515,0.78141904,0.7660986,0.8716547,0.52103883,0.363866
10.0,0.07957766,0.072552204,0.09467951,0.0484171,-0.035004728,-0.03967157,0.021260083,-0.007213579,-0.06374202,-0.1949939,0.011091385,0.10465257,-0.086986594,0.247474,0.069514945,0.11168893,0.02133913,0.005312633,0.050336283,-0.16729636,0.8264526,0.92454255,0.71236265,0.8011815,0.8743175,0.9015785,0.93085974,0.9324005,0.81246144,0.66312206,0.936635,0.6752434,0.90249455,0.82455826,0.79245245,0.9447156,0.9079911,0.9253205,0.8436357,0.7011591
5.0,-0.1838388,-0.19254255,-0.2904303,0.2673866,-0.25910008,0.025285402,0.21262348,-0.08734903,0.30040216,0.34223458,-0.09364745,-0.41053015,0.11541367,-0.15985228,-0.17080963,0.02541817,-0.12329632,-0.085219495,-0.16570699,0.43642235,0.8793357,0.8984233,0.8639229,0.91896546,0.87394726,0.92210734,0.94479245,0.93302405,0.87922925,0.81857556,0.9922243,0.88187516,0.95610327,0.8324972,0.8899827,0.90870625,0.9295509,0.92425245,0.91754866,0.8040711
1.0,-0.25599298,-0.28719187,-0.4000396,0.34296185,-0.4114641,0.055051364,0.24392855,-0.1765679,0.43761998,0.54391253,-0.1388333,-0.59938765,0.23524746,-0.40674692,-0.25838354,-0.01899077,-0.13900538,-0.1388385,-0.23806903,0.71131307,0.81246936,0.86084104,0.990937,0.8872237,0.83732635,0.98684716,0.9237765,0.9268325,0.94936645,0.83350456,1.0066392,0.8812282,0.94099754,0.80855703,0.9241229,0.88275695,0.9625444,0.9281931,0.8536691,0.77567875
6.0,-0.16334654,-0.15684259,-0.26122308,0.26124898,-0.22642879,0.020638805,0.19599432,-0.073081136,0.2625707,0.28833333,-0.08417043,-0.36607856,0.08197935,-0.102836594,-0.15529992,0.036373086,-0.11408669,-0.07442523,-0.14555965,0.368443,0.8863015,0.90605223,0.84068143,0.9118458,0.8805426,0.90680355,0.9473126,0.937672,0.86263645,0.8119578,0.9879909,0.86956096,0.9546834,0.83702415,0.883087,0.9168457,0.92518306,0.9251548,0.9228482,0.8042849
3.0,0.011187041,0.02399264,-0.002958797,0.12167907,-0.09694883,-0.013991346,0.06372426,-0.036232505,0.029270522,-0.05190764,-0.01599435,-0.038687713,-0.04300724,0.1437326,-0.013272468,0.085839786,-0.016192216,-0.019927248,-0.008040298,-0.0025977641,0.8303515,0.93012714,0.7653294,0.82899994,0.8810731,0.9183977,0.9358358,0.94266903,0.8421525,0.70960134,0.9605123,0.7206726,0.91799265,0.8361099,0.8319071,0.95817137,0.92947215,0.9301645,0.8613685,0.7350903
8.0,-0.1546336,-0.15223008,-0.24763802,0.25309682,-0.2405988,0.024991462,0.18473327,-0.08594043,0.26045877,0.2855442,-0.0823227,-0.3630547,0.091017425,-0.12162988,-0.15705289,0.032704793,-0.10405536,-0.07693749,-0.14310332,0.3802011,0.86231667,0.9053706,0.8600577,0.8980511,0.8752754,0.9275295,0.9434276,0.9379618,0.88206774,0.80228466,0.99076116,0.8496469,0.94821715,0.8377072,0.8891027,0.9244578,0.9383926,0.9288071,0.902064,0.7917077
5.0,-0.2882312,-0.33259758,-0.4349944,0.34419236,-0.3570811,0.037038352,0.30491167,-0.12536311,0.44748837,0.56226504,-0.13419157,-0.5994833,0.20684053,-0.33205715,-0.24613634,-0.007831965,-0.18234512,-0.13054216,-0.24723934,0.67883587,0.90811247,0.8718574,0.90629596,0.9599654,0.8543398,0.91716295,0.9326729,0.9214058,0.88645804,0.86808956,1.0123498,0.9658908,0.96622205,0.81134754,0.9051473,0.8559152,0.92137706,0.91155255,0.93213326,0.8275674
5.0,-0.12761137,-0.114181474,-0.20783852,0.23859918,-0.20746368,0.018146299,0.16399142,-0.072910406,0.21775422,0.22399823,-0.07065883,-0.30703008,0.057094697,-0.06198938,-0.1352972,0.045969494,-0.09157688,-0.065459274,-0.118931614,0.30459756,0.8636277,0.9128955,0.837366,0.8873389,0.8805155,0.91756827,0.94496083,0.94118583,0.8677658,0.7902216,0.9866839,0.8303645,0.9452625,0.8410204,0.8806115,0.9324302,0.9364536,0.9290982,0.90156376,0.7875294
1.0,-0.2903492,-0.34007245,-0.4375071,0.34274516,-0.37114304,0.038789053,0.30495155,-0.13239811,0.45561773,0.57512325,-0.13617624,-0.6085587,0.2179204,-0.35283777,-0.25001243,-0.010671146,-0.18101242,-0.13437533,-0.25058275,0.7002358,0.898081,0.86880827,0.91861683,0.9540952,0.8506374,0.9261946,0.93061054,0.92020684,0.89639544,0.8640888,1.0133595,0.9599528,0.96341664,0.80951077,0.9079823,0.85441715,0.92682976,0.91222537,0.9217704,0.82113016
7.0,-0.21299408,-0.22447461,-0.32948405,0.29408854,-0.28688866,0.031786483,0.23460943,-0.100290805,0.3397844,0.40172896,-0.10455588,-0.46637,0.13775729,-0.20817727,-0.19755967,0.015796658,-0.13752833,-0.09791265,-0.18764296,0.5058098,0.88264596,0.89264786,0.8801348,0.92498374,0.8684542,0.9214986,0.94168603,0.9323315,0.8839565,0.83215064,0.9996642,0.8996558,0.957516,0.8296034,0.89898443,0.8985782,0.93243337,0.9231886,0.91750467,0.80920225
10.0,0.18567011,0.14993593,0.26175493,-0.06872239,0.050305277,-0.070164196,-0.046421073,0.0144014405,-0.1997534,-0.4184949,0.054763637,0.32322454,-0.14216524,0.38016576,0.18753487,0.13361621,0.0807123,0.034290165,0.14371255,-0.3997786,0.8000485,0.915617,0.64529467,0.7533016,0.85136974,0.8858409,0.9072772,0.914772,0.77524567,0.5897045,0.9085944,0.59373385,0.8709308,0.79802597,0.7386451,0.9283538,0.8824608,0.9171884,0.7952988,0.640166
8.0,-0.06575726,-0.05460666,-0.12489553,0.18172273,-0.14304431,-0.002553747,0.12287317,-0.03916715,0.12792765,0.092528865,-0.046993963,-0.17926946,0.0058088717,0.05053475,-0.068542555,0.0706573,-0.061166663,-0.03835014,-0.06816231,0.14504601,0.8679465,0.918727,0.78757966,0.8708056,0.8875524,0.902201,0.9479562,0.93954057,0.842077,0.75671875,0.966191,0.79489,0.9384039,0.83971494,0.8498423,0.93716973,0.91881454,0.92726326,0.90201557,0.7712445
1.0,-0.1494101,-0.14294717,-0.24099734,0.24929461,-0.22057211,0.019644042,0.1840663,-0.07272252,0.2461814,0.2645224,-0.07903123,-0.34353125,0.07528216,-0.08992039,-0.14626956,0.0392197,-0.10506144,-0.070771545,-0.13573232,0.34600082,0.87696207,0.9081798,0.8404837,0.9033916,0.8803995,0.9127448,0.9464883,0.93831986,0.86666757,0.8028717,0.9868564,0.85479206,0.95110166,0.83841974,0.8818467,0.92270374,0.9292043,0.92679554,0.9144803,0.79720396
5.0,-0.04417125,-0.03483846,-0.09506025,0.16282022,-0.124696255,-0.00901097,0.10769807,-0.031187505,0.09824312,0.04920598,-0.038925767,-0.1368937,-0.009740026,0.0836159,-0.04691048,0.07862853,-0.04931386,-0.03045268,-0.05084271,0.09508127,0.86490077,0.91955775,0.7741305,0.86140114,0.88763326,0.8996543,0.9475106,0.93863845,0.8356589,0.74354637,0.9601597,0.77908504,0.9342531,0.838556,0.84035134,0.93809414,0.91524154,0.9268955,0.8969949,0.76254696
7.0,-0.13872664,-0.13051659,-0.22616228,0.24117202,-0.20997189,0.017107483,0.1760113,-0.06813891,0.23073009,0.24202086,-0.07485633,-0.32257333,0.06552164,-0.070784464,-0.13689248,0.043256003,-0.09963305,-0.06642145,-0.12704037,0.31956398,0.8761232,0.91019017,0.8335817,0.899622,0.8819381,0.9112124,0.9469929,0.9388979,0.8634903,0.7974769,0.98443663,0.8473221,0.9498004,0.839177,0.8782317,0.9255764,0.92814255,0.92705023,0.91359943,0.7946326
4.0,0.5647296,0.4004938,1.0043055,-0.6316268,0.46050236,-0.14670083,-0.2411902,0.06825049,-0.6976759,-1.3751101,0.2063678,1.2196212,-0.2640484,0.7672309,0.6917525,0.13662894,0.26762387,0.12109228,0.5517414,-1.2610341,0.6656277,0.84092057,0.40048215,0.6126053,0.69107044,0.8067707,0.7334506,0.80163664,0.602808,0.3337672,0.7998896,0.32964456,0.73636013,0.6367614,0.53246075,0.79897255,0.7601398,0.87645364,0.5784412,0.4052607
6.0,-0.08293495,-0.07048973,-0.14833286,0.19707993,-0.15849447,0.002767134,0.13482012,-0.046311002,0.15171655,0.12735604,-0.053421542,-0.2133393,0.018418629,0.02321468,-0.08613233,0.06421767,-0.070339866,-0.045014538,-0.08197603,0.18584464,0.86954224,0.9178181,0.79892313,0.87741214,0.8868843,0.9045187,0.9479365,0.94021064,0.8475211,0.7668774,0.9712617,0.80668586,0.94118387,0.84044206,0.8576417,0.9361297,0.9221591,0.9275961,0.90484124,0.7774659
1.0,-0.26625416,-0.29436207,-0.40448958,0.33338764,-0.3252476,0.034828246,0.28447974,-0.1121286,0.41044658,0.50635695,-0.12449039,-0.5563869,0.17755629,-0.27982935,-0.23096448,0.0009338446,-0.17076579,-0.11786618,-0.22803137,0.61284864,0.90937203,0.88031566,0.88942194,0.9543961,0.86159486,0.9102339,0.937659,0.9262855,0.87749386,0.86184573,1.0074943,0.952217,0.9664622,0.81864214,0.9020396,0.8699741,0.92034507,0.9150238,0.9370811,0.8282123
7.0,-0.09012571,-0.07635087,-0.15969992,0.20424624,-0.16091837,0.0034455392,0.14046513,-0.04580585,0.15967542,0.1392098,-0.056372814,-0.22526729,0.020979777,0.017705176,-0.0911369,0.06314116,-0.07501957,-0.046592534,-0.08715894,0.1964846,0.8749357,0.9168439,0.7988129,0.88160944,0.88766325,0.9004703,0.94903153,0.9401247,0.8448963,0.7719632,0.97131324,0.81451666,0.9431898,0.8401452,0.85839754,0.933495,0.91963696,0.92688245,0.91006994,0.781626
2.0,0.51087284,0.37885332,0.90283406,-0.5404262,0.40011084,-0.13214834,-0.21761286,0.052544728,-0.6284814,-1.2322264,0.18580656,1.0874798,-0.25380763,0.728214,0.6028141,0.12222652,0.24557365,0.103558786,0.49333078,-1.1346759,0.6858762,0.86187375,0.4316642,0.6331596,0.7142244,0.8224208,0.75987375,0.8261752,0.6287071,0.3671733,0.8248314,0.35553923,0.7558324,0.66137266,0.56006783,0.8335141,0.78231186,0.8771401,0.6089701,0.43786064
4.0,0.23291518,0.1839821,0.3397971,-0.12534896,0.09026675,-0.082709834,-0.07585909,0.020952255,-0.2590243,-0.5227174,0.073751576,0.42307514,-0.16416305,0.4357792,0.24168718,0.13995697,0.10609804,0.04558003,0.18688247,-0.50306886,0.7872636,0.9092576,0.61407787,0.7320686,0.8375892,0.8753171,0.8935789,0.9039141,0.7546323,0.5567434,0.8959989,0.55729777,0.8543465,0.78228486,0.7140266,0.9171448,0.86777747,0.91183144,0.7712759,0.6111786
11.0,0.6992762,0.5039128,1.3832378,-0.8745304,0.67886937,-0.14686039,-0.2438457,0.106286325,-0.9005508,-1.7846894,0.24722435,1.6113377,-0.33242047,0.9284638,0.8919649,0.090730734,0.29359168,0.15323114,0.7501261,-1.6155771,0.6010784,0.83725786,0.32442343,0.5787049,0.6013679,0.80037373,0.63098145,0.78370446,0.56316054,0.26517195,0.77526665,0.25036097,0.69393814,0.56579643,0.46126503,0.75982815,0.7633955,0.8738181,0.49493268,0.3445628
4.0,-0.14941774,-0.14079463,-0.23963106,0.2528572,-0.22648089,0.022489872,0.18160695,-0.07855531,0.24774724,0.26779172,-0.07920733,-0.34803608,0.076760225,-0.09747994,-0.1516813,0.037770167,-0.10314826,-0.07296034,-0.13634789,0.35464674,0.869543,0.90859133,0.84783316,0.8978197,0.8785776,0.91756016,0.9448711,0.93955445,0.87212265,0.80170465,0.9895664,0.848674,0.94872206,0.8394459,0.88599056,0.9255501,0.9350285,0.9282596,0.9073031,0.7940476
3.0,-0.269847,-0.3111254,-0.4092124,0.33103234,-0.3710252,0.042884983,0.27872616,-0.13827287,0.43329072,0.54291093,-0.13100353,-0.5846513,0.21262716,-0.34804985,-0.24521118,-0.008804582,-0.16238022,-0.1301206,-0.2372897,0.6792685,0.8704422,0.87072855,0.9342721,0.93039316,0.8491265,0.9431456,0.9310557,0.92389214,0.9130271,0.8483978,1.0105474,0.92719334,0.9557276,0.81375146,0.9134763,0.8691294,0.9407162,0.9191284,0.8996418,0.80508
1.0,-0.0553608,-0.043325882,-0.10349463,0.17655036,-0.16005109,0.005678205,0.10883149,-0.06002498,0.12475909,0.08712057,-0.043112915,-0.17587739,0.0143938605,0.029239424,-0.07706795,0.061226524,-0.050318107,-0.043312445,-0.06502652,0.15962875,0.8368708,0.9223299,0.81254697,0.8565885,0.8805687,0.9310196,0.93991154,0.9429856,0.8676286,0.748261,0.9739586,0.7707191,0.9312013,0.8407353,0.85991716,0.9538905,0.9383813,0.9323736,0.8768672,0.7594044
1.0,-0.24152204,-0.26386073,-0.36900452,0.3133853,-0.31554866,0.035096943,0.25938374,-0.111282825,0.3812629,0.4631777,-0.1158974,-0.5187506,0.16516155,-0.25868228,-0.2178527,0.006335277,-0.1531665,-0.110355206,-0.21037664,0.57474995,0.8884995,0.8847088,0.89395607,0.93557274,0.8625619,0.92247367,0.9386144,0.92868817,0.88807863,0.84471947,1.0047743,0.92162055,0.9602803,0.82361245,0.9035323,0.8840976,0.931063,0.92000145,0.92005163,0.81451243
2.0,-0.0024980605,0.0051866006,-0.030628704,0.12837341,-0.09676937,-0.017511876,0.076777786,-0.025393505,0.043683752,-0.030712675,-0.02218001,-0.058153775,-0.038045365,0.13879502,-0.01251201,0.09046149,-0.025183976,-0.019020896,-0.017734502,0.009779111,0.84876645,0.9238094,0.7574388,0.83907324,0.8845033,0.90385085,0.9428289,0.9387676,0.8314457,0.7171892,0.95481795,0.7410718,0.9232981,0.8363919,0.8279951,0.9447524,0.9177429,0.92770416,0.8772962,0.74268675
2.0,0.14976487,0.116815954,0.1926474,-0.02964323,0.023591965,-0.06642248,-0.024176665,0.014889588,-0.15342921,-0.34041065,0.037238434,0.24772103,-0.12284775,0.3363918,0.1570981,0.13714683,0.061056476,0.028370716,0.10945991,-0.3267907,0.81544465,0.90977687,0.66182345,0.76723844,0.860261,0.8833635,0.92302495,0.91521543,0.7793679,0.6126516,0.90972435,0.62688535,0.8820457,0.80734897,0.75175285,0.9220792,0.8818996,0.9182028,0.8174511,0.6597475
11.0,0.68863714,0.49425662,1.3476505,-0.85449624,0.65898263,-0.14836998,-0.24787697,0.101049304,-0.8840555,-1.7502235,0.24376585,1.5792253,-0.3223911,0.91165423,0.876107,0.098673865,0.29394653,0.15148705,0.73073834,-1.5863642,0.6057012,0.83596516,0.33060434,0.5807346,0.6112399,0.8004867,0.64050347,0.78273565,0.5642815,0.26991105,0.77585834,0.25682172,0.697235,0.57095176,0.46745786,0.76092666,0.75955755,0.8745817,0.501362,0.3480494
3.0,-0.07771774,-0.06775404,-0.13804956,0.19157869,-0.16898106,0.007165294,0.12828717,-0.05664097,0.15125507,0.12618276,-0.05138301,-0.21261427,0.025421908,0.009167604,-0.089567795,0.058909252,-0.06428953,-0.0474813,-0.08085207,0.19647557,0.85294044,0.91914624,0.8129783,0.87053996,0.88306576,0.9206277,0.9438178,0.9412835,0.86284107,0.7617746,0.9750043,0.7943443,0.9373111,0.8414187,0.8629734,0.9442769,0.9325036,0.93048894,0.8911428,0.7704171
2.0,0.35836685,0.26697966,0.5629519,-0.2967935,0.20875195,-0.11175494,-0.14837745,0.035962284,-0.4160445,-0.81787294,0.12567478,0.7004433,-0.20899096,0.5687786,0.3970728,0.14468005,0.17280027,0.07337273,0.31187707,-0.7781836,0.74857944,0.8866208,0.5309254,0.68208385,0.79195666,0.84593564,0.8450379,0.86842185,0.6978499,0.46882987,0.8611105,0.4652353,0.80954254,0.7337125,0.64546484,0.8809,0.82435066,0.8954443,0.7022281,0.53152186
3.0,-0.114997864,-0.10526763,-0.19149068,0.22738162,-0.2176275,0.021978872,0.15020895,-0.08342094,0.20923749,0.21142635,-0.06800801,-0.29705158,0.06484712,-0.07434517,-0.1329677,0.040131956,-0.07998929,-0.06593325,-0.11441893,0.305241,0.842118,0.912614,0.85287416,0.87629974,0.87634057,0.9372781,0.94083273,0.941785,0.8854941,0.7808401,0.98608136,0.8119022,0.93918115,0.84056586,0.883235,0.942357,0.94451314,0.9326057,0.88521624,0.7763227
7.0,0.034926713,0.03326011,0.020708598,0.091129676,-0.06467879,-0.031183183,0.052127384,-0.01087099,-0.006658338,-0.10659012,-0.008277756,0.017447457,-0.061364584,0.19296354,0.030657474,0.10483234,-0.0042550117,-0.0053181387,0.012896065,-0.07770391,0.844705,0.9206326,0.7310697,0.8225159,0.8813332,0.8967018,0.9410614,0.9336962,0.8167546,0.692228,0.94169635,0.71534103,0.91502887,0.8308761,0.8076501,0.93900025,0.9070582,0.92547077,0.86739993,0.724488
4.0,0.36341202,0.26324558,0.5598667,-0.30526462,0.21055502,-0.11760784,-0.15352541,0.03992315,-0.4186714,-0.8263887,0.12653564,0.7069843,-0.20790464,0.5680752,0.41005796,0.15494005,0.17503402,0.076935835,0.3132223,-0.7879547,0.7493743,0.8775519,0.5265522,0.67739856,0.7910457,0.83947486,0.84832424,0.8606926,0.69123375,0.4639937,0.853471,0.46591863,0.806587,0.7326101,0.64188766,0.8705362,0.81577533,0.89404243,0.7015466,0.52684045
3.0,-0.14771365,-0.13907087,-0.2364209,0.2535743,-0.2336969,0.024586923,0.17760026,-0.08583522,0.24972454,0.27055135,-0.07941065,-0.35085213,0.080939844,-0.108239114,-0.15516295,0.036172822,-0.10006577,-0.07511533,-0.13669813,0.3634516,0.8589743,0.9078864,0.85728955,0.8914625,0.87591445,0.9262452,0.9429678,0.9399313,0.87957615,0.7990283,0.991729,0.8409831,0.9463901,0.83935434,0.88939977,0.92821825,0.9413778,0.9295436,0.8982361,0.78941905
10.0,0.13804877,0.11506234,0.1849736,-0.01508496,0.010697499,-0.05669215,-0.015986979,0.006320387,-0.13912237,-0.316469,0.035360865,0.2236106,-0.117797956,0.32140496,0.13388894,0.12425793,0.054427166,0.021912087,0.10098787,-0.29471076,0.81265324,0.92074263,0.6761493,0.7750688,0.86300117,0.89438355,0.9187797,0.9240575,0.79430765,0.62286955,0.9211428,0.6306588,0.88628244,0.8118867,0.76305646,0.9377584,0.89534205,0.9217463,0.8182003,0.66835576
8.0,-0.208635,-0.21172187,-0.32134673,0.29811445,-0.27823633,0.031783476,0.22921643,-0.09867309,0.3302411,0.3879697,-0.10178186,-0.45693237,0.12605654,-0.19289076,-0.19735885,0.019491976,-0.13494653,-0.095817454,-0.18200998,0.48903567,0.8825941,0.89522755,0.8753075,0.91939795,0.8693487,0.9168954,0.94188434,0.93478346,0.8791091,0.83064336,1.000544,0.89380187,0.95659417,0.8320898,0.8994913,0.9019194,0.934533,0.924228,0.9161386,0.8085714
9.0,-0.07810082,-0.0662235,-0.1393689,0.19304806,-0.16116917,0.004284949,0.12992936,-0.050706342,0.14809433,0.121992536,-0.051339395,-0.20816202,0.018957442,0.02102239,-0.0860707,0.06302119,-0.06624518,-0.04546032,-0.07926187,0.18521915,0.86094344,0.9191129,0.80422914,0.8726412,0.885187,0.9119424,0.9458914,0.9409689,0.8540449,0.76301825,0.9732291,0.79836273,0.9387786,0.8411355,0.85978854,0.94049424,0.92773676,0.92900914,0.89719576,0.77321774
2.0,0.47571558,0.35472348,0.8212733,-0.48071015,0.3523555,-0.12719011,-0.20367602,0.046270363,-0.5779926,-1.1323793,0.17233354,0.99429846,-0.24416238,0.6927791,0.55091375,0.12572019,0.23021652,0.09553271,0.44943792,-1.0498949,0.7009271,0.8692555,0.45414844,0.64413476,0.7334076,0.82762194,0.7804668,0.8370476,0.6446127,0.39009887,0.83466816,0.3785968,0.7679638,0.67841357,0.57984066,0.84730375,0.7917575,0.88042825,0.63048357,0.45904407
11.0,0.5880464,0.43101948,1.0926226,-0.6755079,0.5116941,-0.14086153,-0.23984984,0.07066748,-0.74249583,-1.4583073,0.21404289,1.2998755,-0.2781319,0.80707234,0.72108793,0.11253078,0.27464533,0.12229111,0.59510046,-1.3271561,0.6513518,0.8481501,0.38467923,0.6103578,0.66976815,0.81371856,0.7098848,0.8052209,0.59771407,0.32031867,0.80355173,0.30844012,0.7306243,0.62289923,0.5176987,0.802398,0.7679572,0.87388355,0.5612643,0.39438778
4.0,0.10439528,0.08853639,0.1314745,0.020110391,-0.0154265985,-0.047582287,0.0057713166,-7.2736293e-07,-0.09533394,-0.24602334,0.02147198,0.1549273,-0.09877221,0.27808794,0.09855108,0.1176662,0.035695676,0.013019577,0.07173236,-0.22155331,0.82135737,0.92204654,0.69658405,0.7907595,0.8698763,0.8986229,0.9263602,0.92828006,0.80507946,0.64563006,0.9289213,0.6575515,0.89638305,0.8196816,0.7790116,0.9411427,0.90176594,0.9238166,0.8338262,0.68720007
7.0,-0.3068786,-0.36725786,-0.46091878,0.35282922,-0.38899326,0.03904408,0.321814,-0.1389446,0.48058048,0.6130676,-0.14290322,-0.63770545,0.23484819,-0.38263223,-0.25978017,-0.015953973,-0.19147022,-0.14276162,-0.26402515,0.7409525,0.90376586,0.8634103,0.92431915,0.9616976,0.846789,0.9256344,0.92726123,0.9169341,0.89698136,0.871127,1.0163926,0.9747716,0.96459275,0.8040036,0.907893,0.8429768,0.9237124,0.90861654,0.92377836,0.8241739
7.0,-0.11803354,-0.106736526,-0.19771266,0.22557862,-0.18854392,0.011540102,0.16078642,-0.05841337,0.20027468,0.19783469,-0.06682573,-0.2811162,0.045997288,-0.03228916,-0.117795005,0.051605593,-0.08930658,-0.057809032,-0.1099709,0.2666728,0.8758328,0.91362745,0.8186848,0.8924382,0.884862,0.906666,0.94801193,0.9397448,0.85571414,0.78698605,0.97912437,0.833536,0.9472823,0.84009075,0.87018657,0.92986375,0.9248165,0.9271486,0.9126281,0.78969353
10.0,0.35951534,0.27596796,0.5778052,-0.29726693,0.21398431,-0.10740053,-0.14740407,0.031212974,-0.42107752,-0.8247224,0.12640657,0.70827156,-0.21121605,0.57490736,0.3916811,0.13437542,0.1731915,0.0709594,0.31639966,-0.7820475,0.74501115,0.8935946,0.5310859,0.68391496,0.78967744,0.85084164,0.83965045,0.8733742,0.6999158,0.46923324,0.8667479,0.4596927,0.8097054,0.7313509,0.64567316,0.8886461,0.82965076,0.89549685,0.6993613,0.5320739
8.0,-0.22312593,-0.2313753,-0.34421858,0.3054526,-0.2809952,0.030527214,0.24533021,-0.09476045,0.3465678,0.41163442,-0.10720487,-0.47715467,0.13437252,-0.20201942,-0.20151106,0.015814934,-0.14642893,-0.09840455,-0.19284028,0.5074206,0.89953405,0.8927675,0.86930925,0.9361261,0.8709259,0.9079211,0.943219,0.9326461,0.87145597,0.84213805,0.9994255,0.91680336,0.9622226,0.8288072,0.89647585,0.8932142,0.9238039,0.9207517,0.9323524,0.8195717
10.0,0.33575496,0.2546152,0.5239012,-0.26398438,0.18731308,-0.106036,-0.1361723,0.031569947,-0.3879543,-0.7637159,0.11609121,0.6506023,-0.20231241,0.54689944,0.3665387,0.14331731,0.16048233,0.06807454,0.2888906,-0.72884125,0.7548731,0.8922095,0.5458914,0.690869,0.800745,0.8522033,0.8543608,0.8756708,0.70784557,0.4845796,0.8687562,0.4800816,0.81724906,0.74222213,0.6583524,0.8893187,0.8327937,0.8981195,0.7145557,0.5461573
6.0,-0.087375,-0.07518987,-0.15479794,0.2004298,-0.16171929,0.003568275,0.13823563,-0.047312133,0.15774798,0.13600743,-0.055168413,-0.22155833,0.02181523,0.016793482,-0.08962201,0.06285393,-0.07289033,-0.046396583,-0.08545524,0.19525534,0.87093,0.91716605,0.8008052,0.8796964,0.88680965,0.9044023,0.9481885,0.940024,0.8480263,0.76949376,0.9719574,0.8105722,0.9422111,0.84031445,0.8588645,0.93504256,0.9219735,0.9274069,0.90645874,0.7792651
1.0,-0.2867562,-0.33610505,-0.43172774,0.34021682,-0.3774237,0.04039844,0.29866442,-0.1371161,0.45442146,0.5735339,-0.13586447,-0.6071016,0.22127326,-0.36105105,-0.25102347,-0.011067558,-0.17613368,-0.13523823,-0.24889225,0.7048776,0.8866639,0.86769426,0.92801017,0.9449883,0.848269,0.9341527,0.9297689,0.9206414,0.904453,0.8583623,1.0133336,0.9490926,0.96049106,0.80958307,0.91060895,0.8569726,0.9331885,0.914177,0.9113079,0.8142049
1.0,-0.20477048,-0.20872894,-0.31855553,0.2911579,-0.26609045,0.028067999,0.22960883,-0.089252084,0.3219284,0.37512648,-0.10024726,-0.4442956,0.11985074,-0.17464134,-0.18806978,0.021648612,-0.13603613,-0.09131741,-0.17872213,0.4677239,0.893158,0.8968102,0.86299497,0.92787087,0.87360674,0.9098367,0.94448245,0.93412775,0.87105083,0.83232707,0.99636436,0.90090895,0.9596985,0.8316729,0.89349943,0.90130264,0.9258355,0.922525,0.9277404,0.8140616
8.0,-0.11495042,-0.10035883,-0.19766341,0.22543138,-0.17397453,0.006568717,0.16012344,-0.047743678,0.19048849,0.18386602,-0.066527694,-0.26872593,0.036067642,-0.010496061,-0.10891588,0.056691743,-0.09039582,-0.053221397,-0.10601391,0.2410446,0.8885401,0.9129096,0.8034967,0.8963686,0.88850635,0.893391,0.9512779,0.9392204,0.841538,0.78848624,0.9728528,0.84010416,0.9499584,0.8384751,0.86228484,0.9255217,0.91365856,0.9247979,0.9244559,0.7942212
4.0,-0.090476856,-0.0770541,-0.16053078,0.20413148,-0.16053468,0.003081188,0.1409518,-0.045252163,0.16005613,0.13962212,-0.05658365,-0.22548892,0.021292865,0.017744545,-0.09067723,0.06325476,-0.07537942,-0.046435855,-0.08737646,0.1963103,0.8757866,0.91651964,0.7981723,0.8822676,0.8877842,0.8999356,0.94926846,0.9398751,0.8442353,0.77222395,0.97091913,0.81548685,0.9435477,0.83990777,0.85791904,0.93287164,0.9188366,0.9266605,0.91094136,0.78199774
4.0,0.14749041,0.1176716,0.19226494,-0.02612584,0.021095827,-0.06400836,-0.02269531,0.012604843,-0.15095326,-0.33600947,0.036942527,0.24338306,-0.122880824,0.33452457,0.15152735,0.13435641,0.05958925,0.026829518,0.1079088,-0.3207354,0.8145684,0.9128077,0.66483986,0.7686472,0.860898,0.88571274,0.9219565,0.9174705,0.78240263,0.6149087,0.9127543,0.6269109,0.8825696,0.8081972,0.7545284,0.9258739,0.8852634,0.918988,0.8172403,0.6616332
5.0,-0.40880743,-0.6518071,-0.64709216,0.38697717,-0.8009598,0.041555874,0.3951975,-0.31517282,0.7818798,1.0354465,-0.23954704,-0.9285278,0.5244514,-0.91159797,-0.33221447,-0.09678332,-0.25826085,-0.28025737,-0.42964208,1.2908083,0.7892978,0.7632192,1.1897012,0.95336246,0.7719302,1.1175014,0.8810211,0.8753102,1.064711,0.85823697,0.9780312,1.0397768,0.9377665,0.6899063,0.8826834,0.7295372,0.9406366,0.87017787,0.80302006,0.77848023
11.0,0.5555175,0.40840054,1.0093617,-0.6180508,0.46286276,-0.13817722,-0.23247418,0.062528215,-0.69353485,-1.3614821,0.20248257,1.2085918,-0.26674485,0.7727098,0.67121416,0.11838034,0.26325282,0.11457191,0.55069035,-1.2446069,0.6662989,0.8526911,0.40410674,0.6195082,0.6892702,0.81646913,0.7322468,0.8127728,0.6097701,0.3393631,0.8118148,0.32811224,0.7409016,0.63938105,0.53546596,0.8147536,0.77209175,0.8746252,0.58154756,0.41200686
3.0,-0.10898164,-0.09415646,-0.18081392,0.2251712,-0.19911969,0.016768655,0.14788711,-0.073671356,0.19548813,0.19178611,-0.06410641,-0.27700025,0.047512516,-0.04419594,-0.12416056,0.04904784,-0.079916805,-0.061099134,-0.105919585,0.2735135,0.8514617,0.9157583,0.8365679,0.87640506,0.8799909,0.925068,0.9430599,0.94246894,0.8716838,0.7792955,0.98529077,0.8113963,0.9406371,0.8417869,0.8784111,0.94038373,0.9409058,0.9308099,0.8911548,0.77898574
11.0,0.6688522,0.49123868,1.3188739,-0.8236515,0.6441096,-0.14396082,-0.24340695,0.09398486,-0.864625,-1.7059666,0.23864017,1.5370276,-0.31738028,0.9019019,0.8454575,0.091078214,0.28909633,0.14351085,0.7131923,-1.5408438,0.6120082,0.8421294,0.33867803,0.5890124,0.6161978,0.8085103,0.6508699,0.7903888,0.5712597,0.27805215,0.78607184,0.26225793,0.7039942,0.580143,0.47461072,0.7752806,0.7660901,0.8716765,0.5115373,0.35706326
1.0,-0.2372687,-0.25367114,-0.3638328,0.31284732,-0.29912475,0.032550596,0.25767142,-0.10233214,0.3694685,0.44540584,-0.11317955,-0.50496566,0.15186088,-0.23327404,-0.21176468,0.010069858,-0.1536159,-0.10544715,-0.20507383,0.5474191,0.8992036,0.88813287,0.8797463,0.94073784,0.8670386,0.91218776,0.94107664,0.9301223,0.87705135,0.8472877,1.0024823,0.92624456,0.96294105,0.8253935,0.89949745,0.8859458,0.92467517,0.9192865,0.9308637,0.82054335
3.0,-0.17308792,-0.1630292,-0.27142766,0.27604413,-0.24040906,0.025465202,0.19998837,-0.08385363,0.27730024,0.31072605,-0.08749328,-0.38841283,0.08829121,-0.1245417,-0.17050369,0.033548243,-0.117063574,-0.08089792,-0.15280631,0.39843565,0.8790351,0.9047973,0.8533125,0.9062201,0.8765236,0.91131884,0.9450197,0.93895113,0.8686373,0.8149902,0.9942103,0.86777824,0.95300484,0.83773917,0.8910816,0.9164573,0.9339805,0.9263617,0.9142325,0.80255556
11.0,0.5057822,0.37124485,0.88335866,-0.5312362,0.38900742,-0.13361682,-0.21693623,0.05328012,-0.61854666,-1.2141554,0.18415274,1.0699414,-0.2514564,0.71966606,0.597412,0.12793118,0.2435957,0.10363335,0.48436165,-1.1206044,0.6894824,0.8601533,0.43520972,0.63357615,0.7188293,0.8207011,0.7649238,0.8254892,0.6304409,0.3704132,0.82367814,0.36098984,0.75728506,0.6647685,0.5633378,0.83226955,0.7811676,0.87806344,0.61288476,0.44050747
6.0,-0.35300475,-0.45897242,-0.52640414,0.37250784,-0.4705233,0.03964525,0.36764544,-0.17127235,0.5647348,0.7434055,-0.1655528,-0.72868156,0.30501077,-0.5072512,-0.28951204,-0.034696296,-0.21861863,-0.17563507,-0.30611813,0.8941002,0.89840096,0.8410418,0.9642457,0.96931815,0.82879055,0.94328153,0.9122281,0.9041748,0.91834915,0.8783711,1.0245694,1.0020245,0.9615245,0.78094596,0.90824103,0.80504984,0.9244153,0.897054,0.90608335,0.81741565
11.0,0.6990456,0.4980487,1.3666539,-0.8702859,0.668795,-0.14964974,-0.2485094,0.10616756,-0.89578617,-1.7758696,0.24711947,1.6021922,-0.3275963,0.91974515,0.891766,0.0985448,0.29644412,0.15421754,0.7429972,-1.6105915,0.60297716,0.83428377,0.32579142,0.5767968,0.6063818,0.79737407,0.6334157,0.7810418,0.562188,0.26553443,0.7719035,0.2529394,0.69445425,0.5665359,0.4631563,0.7553597,0.75892997,0.87627506,0.4956447,0.3435308
1.0,-0.20389523,-0.2187531,-0.31780076,0.28437597,-0.2926989,0.03273597,0.2247723,-0.1054808,0.33439723,0.3930201,-0.102857895,-0.4572631,0.14199774,-0.21454126,-0.19334437,0.015076332,-0.12984514,-0.09752777,-0.18415485,0.5037997,0.86824715,0.8916525,0.890073,0.9166977,0.86615366,0.9346115,0.94063056,0.9317586,0.8950445,0.8243772,0.9982204,0.88678056,0.9540809,0.8292382,0.89992255,0.9030373,0.9382097,0.92512363,0.9061774,0.80105644
11.0,0.5582543,0.40875188,1.0132124,-0.62274116,0.4652348,-0.13935615,-0.233944,0.06354975,-0.69652885,-1.3681682,0.2035224,1.2147782,-0.26701444,0.7739515,0.67622584,0.120314725,0.2642151,0.1158304,0.55311286,-1.2507929,0.66541994,0.85103697,0.40262046,0.6182349,0.68849385,0.81519663,0.7313352,0.8109378,0.60822374,0.33769125,0.810033,0.32723367,0.7397593,0.63820684,0.53423065,0.81225574,0.77037,0.87467545,0.58013093,0.41031882
7.0,-0.25676996,-0.28758717,-0.39052305,0.32214877,-0.33413717,0.03683191,0.27298567,-0.11853562,0.40500215,0.4987978,-0.12243129,-0.54783493,0.18284829,-0.2902293,-0.22845449,0.0005322471,-0.16131797,-0.11792775,-0.22326711,0.6158823,0.88991153,0.87962335,0.90353197,0.9407894,0.85865855,0.9251141,0.9363149,0.92609435,0.8923678,0.85049266,1.0073936,0.9326874,0.9610838,0.81945026,0.9057509,0.87547493,0.9306055,0.9180234,0.9196181,0.8160131
7.0,-0.24795312,-0.27497476,-0.37820172,0.31636107,-0.3262844,0.036304466,0.26465088,-0.11592507,0.39263892,0.48028094,-0.11902935,-0.53251624,0.1750315,-0.2762992,-0.22290431,0.0032199323,-0.15600245,-0.1142228,-0.21641675,0.59609574,0.88653797,0.88197994,0.9008895,0.9365561,0.86019987,0.9260307,0.93732107,0.9273512,0.89238715,0.84628785,1.0059699,0.92479515,0.96002764,0.82155865,0.90513766,0.8805322,0.93209875,0.91941625,0.9176378,0.81375253
7.0,-0.021061685,-0.013946028,-0.062782325,0.14308575,-0.10509077,-0.016435552,0.09130818,-0.023287876,0.06659889,0.0029672496,-0.030430112,-0.091109425,-0.026550286,0.11875352,-0.023358427,0.08794382,-0.03650158,-0.022247441,-0.03224219,0.041270673,0.8611636,0.9195336,0.7594943,0.8502726,0.8868525,0.89661443,0.9470409,0.93716556,0.827751,0.7290133,0.9535738,0.76168627,0.9292942,0.8364847,0.82982177,0.9374954,0.91120386,0.9261756,0.89067197,0.7524616
9.0,0.30058312,0.21760228,0.43868393,-0.21698573,0.14883903,-0.106517516,-0.118585415,0.035645764,-0.33867112,-0.6731769,0.09972002,0.5638253,-0.18537088,0.50115687,0.33502948,0.15887892,0.1428632,0.06470466,0.24782509,-0.6501143,0.7714825,0.8850171,0.5664816,0.70060116,0.8155817,0.85174674,0.87769175,0.8765065,0.71754444,0.5064581,0.8672186,0.5140097,0.82953703,0.7584331,0.6743409,0.884779,0.8341583,0.9017084,0.7387512,0.5658565
2.0,0.316355,0.23625073,0.4797241,-0.23735514,0.16586368,-0.1050608,-0.1260275,0.03297004,-0.3614305,-0.7143422,0.10766621,0.60343,-0.19434457,0.52354085,0.3468859,0.1495828,0.1506428,0.06557234,0.26689214,-0.68532884,0.76356006,0.89091814,0.5578588,0.6968134,0.80908406,0.8533549,0.86572516,0.87805253,0.7149389,0.49718997,0.8699231,0.49747908,0.8241864,0.751324,0.66797465,0.8896499,0.8358292,0.90058416,0.72716653,0.55754644
8.0,-0.20640378,-0.2268078,-0.3228291,0.28022414,-0.2922328,0.030514162,0.23003864,-0.10183409,0.33842662,0.3980925,-0.10406503,-0.45822936,0.14586037,-0.2152296,-0.18954448,0.014898084,-0.13371463,-0.09719806,-0.18670104,0.5053322,0.87478286,0.89065725,0.8861655,0.92464256,0.86736953,0.9329883,0.94207513,0.9295047,0.8927299,0.82674646,0.9963134,0.8951953,0.95688516,0.8275056,0.89687896,0.8992467,0.9329619,0.9230663,0.91302216,0.80473244
11.0,0.6856404,0.4957361,1.3475906,-0.8503727,0.6592666,-0.1469633,-0.24579728,0.10069555,-0.88262206,-1.7460405,0.24339737,1.5746852,-0.32353854,0.913027,0.8714381,0.09447995,0.29285753,0.1494914,0.7306203,-1.5802912,0.6067598,0.8380708,0.33125117,0.5824371,0.61021185,0.8027182,0.6410134,0.7852938,0.56623703,0.27097857,0.7785765,0.25675508,0.6985731,0.57249963,0.46796644,0.7647178,0.7624978,0.8737854,0.5025876,0.3495903
4.0,-0.0767162,-0.06462152,-0.13655855,0.19254795,-0.16399056,0.005731177,0.12794235,-0.05378159,0.14772776,0.1215698,-0.050819315,-0.20823294,0.020185867,0.01761809,-0.08770934,0.061570033,-0.064610876,-0.046271674,-0.07894301,0.18805969,0.85634136,0.9197393,0.80815285,0.8703997,0.8842349,0.9159726,0.9446788,0.9415581,0.8580141,0.76186746,0.9744877,0.7947056,0.9375739,0.84153104,0.8615571,0.94305205,0.93079877,0.92985755,0.8933524,0.77142966
2.0,0.35175547,0.26813823,0.558829,-0.2863265,0.20454359,-0.10736612,-0.14378971,0.031942368,-0.40989795,-0.8041919,0.12316212,0.6886944,-0.20826523,0.5653982,0.38394824,0.1381416,0.16915534,0.07024997,0.30706924,-0.76437557,0.74867386,0.8927248,0.5359287,0.68602103,0.7935925,0.85086817,0.84479344,0.873887,0.70264095,0.47421363,0.8669448,0.46681234,0.81224006,0.73525417,0.6497881,0.888393,0.8304158,0.896464,0.7045287,0.5366106
9.0,-0.22033957,-0.2324034,-0.3389707,0.30160558,-0.29521385,0.033821736,0.23959419,-0.10483674,0.3500984,0.4173885,-0.10733264,-0.48119956,0.14395002,-0.22231111,-0.20512162,0.013261214,-0.14053176,-0.101586364,-0.19312477,0.52509475,0.8817771,0.8908446,0.8857084,0.9246655,0.8662975,0.9222589,0.9403992,0.93222797,0.8860947,0.8348677,1.0018796,0.902537,0.95722,0.8288544,0.9018077,0.8960603,0.93429136,0.9232162,0.9154578,0.80923605
5.0,-0.25826997,-0.28711274,-0.3927681,0.32470286,-0.3280208,0.035769984,0.27566665,-0.11480312,0.4037161,0.49667928,-0.122209944,-0.54684204,0.17839931,-0.28170225,-0.22772929,0.001504954,-0.16384296,-0.11673508,-0.22319001,0.6089907,0.89732355,0.8807133,0.8965927,0.9454441,0.8604387,0.9189262,0.93717515,0.92644405,0.88610375,0.8538871,1.0071218,0.9385933,0.9630135,0.81982285,0.90404457,0.87457436,0.926722,0.9171339,0.92641836,0.820439
2.0,0.5544832,0.39978707,0.99074614,-0.6158686,0.4530544,-0.14314668,-0.23648545,0.06393988,-0.6862495,-1.3513175,0.20206587,1.198475,-0.26252782,0.76270056,0.6742874,0.1315643,0.26235095,0.117578395,0.54245204,-1.2384602,0.66843235,0.8458006,0.4055976,0.6170614,0.69406873,0.81117797,0.7381138,0.8063781,0.6069252,0.3396114,0.8061271,0.3329813,0.7396767,0.64071786,0.5373671,0.8070831,0.7648047,0.8753006,0.5837807,0.41150793
9.0,-0.1548681,-0.15507877,-0.24862286,0.24971238,-0.23757094,0.023024343,0.18683648,-0.08231341,0.26040167,0.28459036,-0.082254946,-0.36040372,0.091219336,-0.11807595,-0.1531923,0.033582658,-0.105536506,-0.075676925,-0.1430737,0.37603325,0.86684847,0.9049095,0.85577524,0.9021238,0.87622654,0.9253632,0.94452333,0.9367639,0.8792816,0.80283594,0.98909295,0.8539024,0.94991213,0.8369273,0.88643956,0.9222736,0.93485075,0.92776144,0.9064678,0.79359645
1.0,-0.24963105,-0.2731722,-0.37772307,0.32568657,-0.34209165,0.04046465,0.25899887,-0.1297701,0.40072638,0.49186295,-0.12110689,-0.54501826,0.18256998,-0.3005065,-0.23353523,0.0016884468,-0.15145592,-0.1197171,-0.21828568,0.61938184,0.86755913,0.8784428,0.9195573,0.9190432,0.85348207,0.9373799,0.9333087,0.92844266,0.9034472,0.8407716,1.0100592,0.90933716,0.9550718,0.8210985,0.9120435,0.8816171,0.94508123,0.92224264,0.8978115,0.80275995
9.0,-0.08784027,-0.076787405,-0.15554279,0.19964561,-0.16234255,0.0033906936,0.138822,-0.04742019,0.15894319,0.13739525,-0.055375874,-0.2223917,0.023346715,0.014957152,-0.08931413,0.062541276,-0.0731353,-0.046466097,-0.085936174,0.19684762,0.87082845,0.91673565,0.8012344,0.8803568,0.88661903,0.9051769,0.9482179,0.9396192,0.84854996,0.7695244,0.9718379,0.81126,0.9425245,0.8400702,0.85872275,0.93461066,0.9217867,0.9273059,0.906583,0.7792533
1.0,-0.21254046,-0.22041577,-0.32736695,0.29779756,-0.2864855,0.03253117,0.23261783,-0.10202379,0.3385598,0.39998558,-0.10398526,-0.46619326,0.13477391,-0.206916,-0.19988166,0.01679461,-0.13647044,-0.09827602,-0.18643482,0.5047206,0.880179,0.89308435,0.8811941,0.92075133,0.8676731,0.92128354,0.9410941,0.9334094,0.8836938,0.83130115,1.00107,0.89591336,0.95656043,0.83049136,0.9005148,0.8997142,0.9353179,0.923914,0.9142471,0.80773574
4.0,0.09512566,0.077363305,0.10889738,0.029326,-0.01813944,-0.050469823,0.011847466,0.0045103254,-0.08434606,-0.22764005,0.015215406,0.1375197,-0.094628185,0.27006072,0.09697202,0.12362631,0.030211743,0.013400376,0.06281468,-0.20941262,0.8303442,0.91533744,0.69459474,0.7935103,0.87185776,0.8904424,0.9335825,0.9248267,0.7976632,0.6506945,0.92435455,0.6694154,0.89887637,0.8200264,0.7781842,0.93084776,0.89431727,0.92210037,0.8430234,0.6915226
9.0,0.04700716,0.041508146,0.035603985,0.07923035,-0.05357518,-0.036700387,0.044111088,-0.0052949563,-0.023011178,-0.13126989,-0.0044130273,0.042046025,-0.068743244,0.21063802,0.046238404,0.11082901,0.0025116093,-0.0005135555,0.022555161,-0.107319936,0.84449905,0.9177782,0.721079,0.8165587,0.87989044,0.8923494,0.9413298,0.93091977,0.809654,0.6838882,0.9358945,0.7079018,0.91214573,0.828331,0.79981554,0.93449485,0.90144026,0.9241746,0.86492795,0.71817374
4.0,-0.051862694,-0.03631883,-0.09961008,0.17568737,-0.14207843,-0.00029900006,0.109282754,-0.046750776,0.11223414,0.070887215,-0.041114084,-0.15940729,-0.0025405535,0.05950744,-0.06716383,0.071157545,-0.051494937,-0.038070593,-0.058442518,0.1295022,0.8515485,0.9235721,0.79350257,0.85805297,0.88507867,0.91302425,0.9437681,0.9426635,0.8503135,0.7480098,0.9704952,0.7740612,0.93232274,0.8412462,0.8534096,0.947261,0.9300401,0.9298649,0.8863904,0.7626771
4.0,0.09381494,0.07744586,0.10713052,0.031707518,-0.019414607,-0.04969046,0.012543581,0.0038543465,-0.082962565,-0.22504105,0.01456322,0.13473198,-0.094827265,0.26926532,0.09459646,0.12323546,0.029347707,0.012772653,0.0615064,-0.20657955,0.8306602,0.91595113,0.6955433,0.7937626,0.8721507,0.890294,0.9338053,0.925406,0.797978,0.6519233,0.92507535,0.669993,0.89891076,0.820348,0.77924615,0.931419,0.89495623,0.9222738,0.84348506,0.6924424
9.0,-0.16114926,-0.1569857,-0.25738597,0.25795254,-0.23189813,0.022101907,0.19317743,-0.07738057,0.26305166,0.28909782,-0.08364603,-0.36614704,0.08598731,-0.11051041,-0.15603277,0.034955468,-0.11115426,-0.07546195,-0.14521113,0.37446207,0.8784432,0.9057762,0.84743685,0.90778303,0.8786891,0.9139681,0.9459579,0.93750834,0.86959827,0.80875784,0.98926866,0.8633823,0.95260304,0.83731884,0.8853428,0.91899836,0.92982745,0.9263154,0.9158132,0.8000767
1.0,-0.24108595,-0.26073942,-0.3658973,0.32076046,-0.33459675,0.039814882,0.25088847,-0.12782447,0.38917553,0.47434035,-0.117973566,-0.5304552,0.17486005,-0.2872296,-0.22835273,0.0044509135,-0.14654352,-0.116388746,-0.2118537,0.6003226,0.86407936,0.88068455,0.91712826,0.9149781,0.8549316,0.9385395,0.93412155,0.9296197,0.9031685,0.8370385,1.0089918,0.9018386,0.9542047,0.82295114,0.9113992,0.8864063,0.94666517,0.923359,0.8958645,0.80082065
6.0,-0.1488914,-0.14446571,-0.24013612,0.24733111,-0.22372214,0.020092139,0.18336403,-0.07480889,0.24760878,0.26629642,-0.079109766,-0.34438485,0.07848935,-0.09501521,-0.14634463,0.03830267,-0.10409713,-0.07138577,-0.13620862,0.35012016,0.8734673,0.9075813,0.84390944,0.90232617,0.8793726,0.9166816,0.9459593,0.93786216,0.8701442,0.80163795,0.98719823,0.85292107,0.9505245,0.8381241,0.8825752,0.9231481,0.9309221,0.92713296,0.91166466,0.79548436
5.0,-0.19777967,-0.19670025,-0.31032658,0.28801236,-0.25117016,0.025170807,0.22497746,-0.081056036,0.30803508,0.3546792,-0.09740564,-0.4271317,0.10753585,-0.15046464,-0.18011817,0.025765803,-0.13431287,-0.08634288,-0.17205076,0.43890625,0.9002998,0.89936715,0.8509424,0.9298208,0.877466,0.90193075,0.94671786,0.9352864,0.8620639,0.832091,0.99283373,0.90156883,0.9612215,0.83261466,0.8887753,0.90322924,0.9201701,0.9219631,0.9353393,0.81725883
1.0,-0.23692451,-0.25271234,-0.3632363,0.3130431,-0.29824537,0.032473728,0.257314,-0.102015525,0.36866766,0.44419137,-0.11295845,-0.50408095,0.15090911,-0.23181769,-0.2115833,0.010374974,-0.15347524,-0.10520028,-0.20463333,0.5457853,0.8994384,0.8883295,0.879146,0.94053733,0.8671733,0.91172343,0.9411666,0.93029064,0.8765273,0.84724504,1.0024487,0.92603046,0.9629751,0.8255551,0.8994054,0.8861658,0.924644,0.9193338,0.9310446,0.8206427
9.0,-0.103681654,-0.09082897,-0.17926753,0.21441418,-0.17090526,0.005924072,0.15098426,-0.0490655,0.1781366,0.16566388,-0.06166885,-0.25036567,0.031516973,-0.0021493286,-0.10184182,0.058738433,-0.0828103,-0.050917782,-0.097779974,0.2254253,0.8790723,0.9148669,0.80461556,0.888672,0.8872886,0.900246,0.94957685,0.9395593,0.8465233,0.7799817,0.9735389,0.8263892,0.9462806,0.83961016,0.86210585,0.9301777,0.91908395,0.926272,0.914882,0.787084
5.0,-0.16343439,-0.16476595,-0.26076534,0.2563522,-0.24483207,0.024711244,0.19366455,-0.084810905,0.2717392,0.30173144,-0.0856408,-0.37634528,0.09797898,-0.13123283,-0.16015355,0.030778069,-0.110147744,-0.078856386,-0.14962989,0.39534843,0.8691276,0.9034428,0.8596646,0.9055122,0.8754488,0.92473614,0.94438374,0.93639994,0.88038725,0.8073554,0.9907048,0.86043483,0.9509806,0.8362811,0.8888158,0.9194161,0.93464607,0.9273202,0.90827614,0.7960518
11.0,-0.01847059,-0.011730665,-0.054572977,0.13969722,-0.110026985,-0.013241455,0.088567175,-0.02935037,0.06626285,0.0016699545,-0.028187037,-0.089851074,-0.0241765,0.112979814,-0.026549976,0.084100485,-0.0338668,-0.023936458,-0.03081441,0.046920113,0.8521825,0.92254883,0.7669959,0.8478883,0.88519,0.9061479,0.94372815,0.93882203,0.83706254,0.72676545,0.9578371,0.75469434,0.9275733,0.83778685,0.83391666,0.9441591,0.9189465,0.92804193,0.8829344,0.74955755
1.0,-0.2688196,-0.30703068,-0.40733975,0.32904255,-0.35061064,0.0382207,0.28356048,-0.12532869,0.42455032,0.528259,-0.12776542,-0.5713782,0.1979062,-0.31748763,-0.23714794,-0.004154194,-0.16751185,-0.124520384,-0.23362106,0.6505637,0.8895744,0.87511915,0.9125188,0.94365484,0.85493565,0.92828196,0.9340272,0.9238817,0.8967588,0.85424435,1.0096343,0.9402686,0.961218,0.81571376,0.90759665,0.86823994,0.9310249,0.9164192,0.9175397,0.81609213
6.0,-0.10192358,-0.08853842,-0.18024448,0.21335801,-0.16254793,0.0023294901,0.15083216,-0.042545743,0.17316264,0.15830418,-0.061886407,-0.24334508,0.02742223,0.008875869,-0.09547973,0.0616863,-0.08341615,-0.048042126,-0.095808625,0.2109387,0.8865532,0.91336656,0.79566103,0.891378,0.88917124,0.89274734,0.95166105,0.93848246,0.8380037,0.78066415,0.9689664,0.83101934,0.9481689,0.83796614,0.85660326,0.92647344,0.91140074,0.92455006,0.9222073,0.789504
1.0,-0.29268083,-0.34608594,-0.44071305,0.34274516,-0.3806727,0.03973144,0.30598795,-0.13697118,0.46221796,0.5853225,-0.13800511,-0.61582524,0.22564429,-0.367078,-0.2528524,-0.012632262,-0.18105963,-0.13727891,-0.25359532,0.71528494,0.8925839,0.86652094,0.9263299,0.95132196,0.8482627,0.93152386,0.92933196,0.9192842,0.90213376,0.8624221,1.0138749,0.9577496,0.96205944,0.80780816,0.90941715,0.85264945,0.9296034,0.9122513,0.9161291,0.81778044
1.0,0.08679578,0.07568162,0.10222628,0.040019438,-0.027419519,-0.044069234,0.016928896,-0.0021639098,-0.073567696,-0.2103477,0.013239162,0.12001349,-0.09134006,0.25877476,0.08121945,0.116723165,0.025370542,0.008789618,0.05624203,-0.18667124,0.8280342,0.9213109,0.7045085,0.79768735,0.87336016,0.8967401,0.9317198,0.9295561,0.8062239,0.65763366,0.93176234,0.6719799,0.9006701,0.82270825,0.7864422,0.939355,0.902601,0.9240586,0.84303164,0.696936
4.0,-0.017641537,-0.008484278,-0.050706677,0.14131351,-0.11331271,-0.01091,0.086595796,-0.03406279,0.06631787,0.002138406,-0.02755985,-0.090810545,-0.024151493,0.10986288,-0.030758012,0.08212861,-0.032817196,-0.02553495,-0.030680597,0.051116418,0.84665096,0.9245888,0.7719843,0.84550273,0.8842738,0.91109097,0.94202805,0.94043493,0.8416475,0.7264441,0.9608924,0.75025636,0.9262772,0.83841366,0.8372257,0.9483344,0.9239531,0.9291036,0.8783383,0.7484784
9.0,-0.2950968,-0.35372135,-0.44452998,0.34165558,-0.39324462,0.040596787,0.30697584,-0.14266454,0.4707116,0.5981665,-0.1405549,-0.6242094,0.23601702,-0.38537928,-0.25553873,-0.015022114,-0.18125889,-0.14103752,-0.2575844,0.7338704,0.8853718,0.8634353,0.9364284,0.9484138,0.84545505,0.93907267,0.92804486,0.91785276,0.90977156,0.86025304,1.0138857,0.95527583,0.9606933,0.8051521,0.9106985,0.8502523,0.9327571,0.91194403,0.90937066,0.81376004
6.0,-0.0370337,-0.027341058,-0.081441134,0.15736489,-0.12404978,-0.008309048,0.10138473,-0.03463033,0.090702504,0.03807763,-0.035549097,-0.1257965,-0.012831711,0.08770856,-0.04477235,0.07873957,-0.044410728,-0.030075759,-0.045660384,0.087017685,0.8566756,0.9217817,0.7768008,0.8559006,0.8860975,0.9061041,0.9453003,0.93974376,0.84039396,0.73857415,0.9622559,0.7690164,0.93147093,0.8390712,0.8415906,0.94274914,0.920825,0.9281403,0.8890672,0.75793207
9.0,-0.1919559,-0.21258533,-0.3061245,0.27354288,-0.30942082,0.037161853,0.209299,-0.11764231,0.32965875,0.38537052,-0.1027621,-0.45132172,0.15486674,-0.23511544,-0.19046983,0.009270236,-0.11767025,-0.098912396,-0.18259612,0.5102463,0.8439835,0.88829243,0.9117487,0.90431446,0.8614995,0.95869434,0.9387809,0.9311925,0.9166876,0.8145132,0.9936155,0.8686463,0.9475094,0.82698286,0.90209097,0.91083866,0.9449919,0.92896664,0.8887983,0.78843236
3.0,-0.20557937,-0.20181414,-0.32511452,0.32313812,-0.33854866,0.04744035,0.20155838,-0.1546199,0.3573648,0.4244972,-0.1146331,-0.5012209,0.16524549,-0.29024154,-0.22786877,0.004838515,-0.11633518,-0.114411466,-0.19233687,0.5687686,0.81116927,0.8824377,0.94965804,0.8702992,0.85152894,0.9709804,0.92777956,0.93630093,0.9244992,0.8185392,1.0083255,0.8451547,0.94061494,0.8259501,0.920071,0.9130114,0.96857387,0.9318794,0.8560762,0.7753207
3.0,-0.19718894,-0.218294,-0.31062472,0.2726321,-0.29297483,0.03094751,0.22046164,-0.10440404,0.33011132,0.3849976,-0.10161245,-0.44618416,0.14533399,-0.21353963,-0.18461272,0.015433669,-0.12680426,-0.09563684,-0.18196124,0.4955939,0.8646357,0.89062977,0.89128006,0.91766673,0.86609864,0.94176644,0.9416797,0.92959636,0.8995223,0.8202921,0.99437124,0.8844569,0.9542295,0.8277335,0.89673996,0.9038148,0.9367107,0.9248633,0.90523386,0.7987584
4.0,-0.060443275,-0.04582993,-0.11364019,0.18146616,-0.14431027,-0.00054632,0.116736084,-0.04455586,0.1222715,0.08518504,-0.044515066,-0.17269921,0.0016549765,0.052851573,-0.07068494,0.07079597,-0.05710342,-0.03921519,-0.06451486,0.1414115,0.8589218,0.9215255,0.79233587,0.8639515,0.8861294,0.9082056,0.94582886,0.9415852,0.84694356,0.7532732,0.96970165,0.78440505,0.93521905,0.8408587,0.8532565,0.9425888,0.9261352,0.92879444,0.8933328,0.76734185
11.0,0.62899363,0.44812036,1.1762961,-0.7457946,0.56014,-0.14924645,-0.2516567,0.08303904,-0.7954119,-1.5686586,0.22761808,1.4041424,-0.28839782,0.837697,0.78791475,0.12057578,0.28716984,0.13622543,0.641427,-1.4268795,0.63446975,0.8357534,0.36318952,0.5956509,0.6516771,0.8034551,0.68662286,0.7894302,0.58052105,0.29826522,0.78614783,0.2903687,0.7161519,0.6026072,0.49828422,0.7770788,0.75553846,0.8758397,0.5377828,0.37263578
9.0,-0.12506466,-0.11045034,-0.21225214,0.23398998,-0.18085322,0.008425965,0.16796042,-0.05003461,0.20370507,0.20301224,-0.07047081,-0.2871592,0.04298598,-0.024038304,-0.11712318,0.053485867,-0.09633133,-0.05651232,-0.11384803,0.2615351,0.8922866,0.91154337,0.80712706,0.90168095,0.8882546,0.8922553,0.9515851,0.93901527,0.8418557,0.79488075,0.97441316,0.84932107,0.9522369,0.8379053,0.86478394,0.922923,0.91278696,0.92423457,0.9285388,0.79864675
10.0,0.47614005,0.34118247,0.79663473,-0.48144597,0.3412796,-0.13574028,-0.20919114,0.051779494,-0.5698373,-1.1232146,0.17238745,0.9835156,-0.23975576,0.68060017,0.56099653,0.14585799,0.22985546,0.10057682,0.44098222,-1.0458931,0.7049014,0.85694855,0.4543657,0.6393844,0.73847324,0.81850374,0.788887,0.82670677,0.6398894,0.3887624,0.8242776,0.3860933,0.7659455,0.68077093,0.5806015,0.83365834,0.78065467,0.88094044,0.6333863,0.45694578
2.0,0.096154265,0.07521529,0.10436929,0.028011538,-0.01513835,-0.05424474,0.011054948,0.0084338775,-0.08585372,-0.22961344,0.01379651,0.139524,-0.09427419,0.27183652,0.10323155,0.12818691,0.030808706,0.015451096,0.06264049,-0.21545033,0.833824,0.91014135,0.6898053,0.79203343,0.8714112,0.8850801,0.9366889,0.9214917,0.79137456,0.6492608,0.919168,0.671881,0.89877355,0.81863034,0.77406394,0.9238793,0.8878744,0.9206349,0.8458786,0.69036007
5.0,-0.1341981,-0.12616587,-0.21982521,0.23687217,-0.20596927,0.015762601,0.17275184,-0.066403665,0.22474223,0.23310414,-0.07319727,-0.31365955,0.062392164,-0.06379293,-0.13241348,0.0449718,-0.097334,-0.06463117,-0.12349644,0.30906314,0.8753322,0.91068166,0.83102936,0.8981291,0.8823267,0.91141385,0.9472389,0.9388165,0.8625837,0.79488695,0.9833572,0.8441433,0.94933987,0.839189,0.87652963,0.92637867,0.927745,0.9270424,0.9129149,0.7932439
1.0,-0.31329688,-0.38220808,-0.4697317,0.35377234,-0.40906364,0.040456004,0.3261218,-0.14794634,0.4959605,0.6369662,-0.14714551,-0.6543973,0.25129402,-0.41262907,-0.26597393,-0.020110518,-0.19317436,-0.14932922,-0.27118942,0.77392787,0.8946716,0.85840636,0.93896616,0.9575267,0.8419637,0.9350482,0.92437816,0.9147367,0.90736467,0.86860466,1.0175443,0.97265446,0.96224385,0.7998193,0.9100984,0.8378113,0.9281961,0.9079438,0.913627,0.8182931
3.0,-0.15549192,-0.15487844,-0.24959183,0.2499837,-0.23255642,0.021350544,0.188642,-0.0784969,0.25898018,0.28240004,-0.08209417,-0.3579154,0.087897964,-0.11097914,-0.15111218,0.03529287,-0.107320294,-0.07441771,-0.14235556,0.3695665,0.8724369,0.90533704,0.85004,0.9050069,0.8777026,0.92037916,0.94561154,0.9366042,0.8741543,0.80422795,0.9883042,0.8575611,0.95141417,0.83684486,0.88448894,0.920589,0.9317022,0.9268067,0.91121775,0.7961705
10.0,0.4756767,0.35026488,0.8129939,-0.4810838,0.3487673,-0.13006851,-0.20565832,0.047870595,-0.57490176,-1.1291702,0.17218041,0.9907565,-0.24263276,0.68865746,0.5542167,0.13294813,0.22960712,0.09744024,0.4464066,-1.0483552,0.7021449,0.8649283,0.45420992,0.6425696,0.7352892,0.82446474,0.78367555,0.83313966,0.642677,0.38969535,0.83124715,0.38115683,0.7670054,0.6791498,0.5803282,0.8425183,0.7876444,0.8803321,0.6315489,0.45850146
2.0,0.6903586,0.49919954,1.3614945,-0.8590859,0.6670544,-0.14674191,-0.24478728,0.10257317,-0.8893647,-1.7603056,0.24473085,1.5882995,-0.3269952,0.9191893,0.8785318,0.09251315,0.29287344,0.1506891,0.73798126,-1.5929679,0.6045837,0.838078,0.32874227,0.5812965,0.60668766,0.8022254,0.63731575,0.7849515,0.5651945,0.26889518,0.7777451,0.2542615,0.6969464,0.57009107,0.4654755,0.76345557,0.763175,0.8735916,0.4998356,0.34788942
8.0,-0.08593793,-0.07154934,-0.15557969,0.20146999,-0.15339592,0.0005020087,0.13790525,-0.041060027,0.15227011,0.12850729,-0.05526805,-0.21489057,0.01557894,0.029525781,-0.08466647,0.06646845,-0.07359163,-0.043844484,-0.083393976,0.18053684,0.8785787,0.91624814,0.79177386,0.8811704,0.8887507,0.89571583,0.9503388,0.9395526,0.83893603,0.7702953,0.96805596,0.814307,0.9434695,0.83920157,0.85413516,0.93156755,0.9152097,0.9259247,0.9131477,0.7816182
8.0,-0.22024815,-0.23288,-0.34009394,0.29896873,-0.28643322,0.030631498,0.24271843,-0.09780746,0.3473439,0.41238636,-0.106939375,-0.475223,0.139639,-0.20984462,-0.19957945,0.015145294,-0.14372781,-0.09899853,-0.19232696,0.512332,0.89195555,0.891769,0.87545097,0.9328477,0.8694011,0.9154669,0.94245213,0.931418,0.8781555,0.8379777,0.99965525,0.9109297,0.9606175,0.82817525,0.8973384,0.8939334,0.9273116,0.9211738,0.9258612,0.8150566
1.0,-0.34095117,-0.43833542,-0.5095146,0.36444432,-0.4636568,0.041349735,0.352083,-0.16967349,0.54865664,0.71883285,-0.16193171,-0.7114697,0.29770517,-0.49497753,-0.28483972,-0.032473266,-0.2086818,-0.17044955,-0.2977831,0.8724609,0.88700545,0.84364426,0.96872354,0.9600134,0.8302697,0.94988877,0.91553897,0.9070851,0.9245432,0.8713352,1.0211989,0.98672414,0.95982254,0.7847162,0.910955,0.8149168,0.93029785,0.90131146,0.89978045,0.812269
5.0,-0.10628751,-0.0966268,-0.1804572,0.21420752,-0.18213049,0.009367947,0.15172999,-0.057075404,0.1864372,0.17718549,-0.06238924,-0.26034537,0.040586777,-0.020053696,-0.10805656,0.054535545,-0.0822576,-0.054370545,-0.10140281,0.24540971,0.869686,0.9147073,0.8162715,0.8866732,0.8844377,0.9108714,0.9473523,0.93956834,0.8572705,0.779293,0.977526,0.8227645,0.9448949,0.84021086,0.8674096,0.93298346,0.9265095,0.92779815,0.9069246,0.784096
3.0,-0.17892446,-0.17592865,-0.2803192,0.2792909,-0.26870596,0.032214876,0.19974583,-0.10232275,0.29635668,0.33897105,-0.09260907,-0.41446203,0.112007305,-0.17059173,-0.18359126,0.024412608,-0.114390805,-0.089189775,-0.16226603,0.44566506,0.85722667,0.89986527,0.8812693,0.8973911,0.8693285,0.93234736,0.9402955,0.9378252,0.8903123,0.8128013,0.998628,0.8588846,0.94842285,0.8358844,0.9001907,0.9179624,0.9458974,0.9289125,0.895713,0.79316086
10.0,0.3837406,0.28670347,0.6151222,-0.33447403,0.23681194,-0.1159514,-0.16187608,0.03716494,-0.4493337,-0.8827519,0.13554674,0.76098347,-0.21734844,0.59592247,0.4283152,0.14161229,0.1850025,0.07808646,0.3394004,-0.83522767,0.7390616,0.88293093,0.5140354,0.6728554,0.7802681,0.84097624,0.8325522,0.8613469,0.6855619,0.4515836,0.8555642,0.44564587,0.7999202,0.72207564,0.6317997,0.873993,0.8163436,0.89177084,0.6869502,0.5156242
10.0,0.023648497,0.028779212,0.010489337,0.104845166,-0.07888161,-0.023151008,0.058147777,-0.021897446,0.009856157,-0.081470534,-0.011461418,-0.007837974,-0.053995397,0.17209817,0.010345411,0.096436344,-0.010193765,-0.011969537,0.0034617595,-0.043768257,0.8389342,0.9258857,0.74620986,0.8262999,0.88169026,0.90642273,0.93877316,0.93817365,0.82841617,0.7004749,0.95103675,0.71815,0.91659474,0.8337071,0.8190772,0.9480774,0.9179489,0.92773527,0.86504567,0.72990173
2.0,0.09428224,0.08641838,0.12049071,0.034465738,-0.02509429,-0.041916464,0.011156559,-0.007155843,-0.0825912,-0.22473155,0.017625662,0.13383143,-0.095123954,0.2650287,0.08146079,0.11230783,0.02959327,0.008292008,0.06305313,-0.19653209,0.8198214,0.9264274,0.7064635,0.7944753,0.87150323,0.9036366,0.9263821,0.93232155,0.8112211,0.6537711,0.935567,0.661642,0.89829963,0.82174057,0.78755665,0.9474947,0.9085487,0.92520106,0.8352888,0.6935283
5.0,-0.1743129,-0.17205372,-0.27707514,0.2669649,-0.23574391,0.021526929,0.20575497,-0.075853646,0.27871388,0.31129438,-0.08874049,-0.38569188,0.09304697,-0.12117754,-0.1618548,0.032723963,-0.1206412,-0.07825377,-0.15453593,0.39315617,0.8897576,0.9032251,0.84508175,0.91839415,0.87929475,0.9074343,0.9472915,0.9359743,0.86393,0.81775177,0.9893001,0.8799659,0.95710653,0.83501965,0.88459116,0.91180265,0.92357,0.9238469,0.9264278,0.8079019
4.0,-0.10005153,-0.09032216,-0.17134568,0.20925386,-0.17992367,0.0093932515,0.14651531,-0.057209272,0.17881334,0.16628961,-0.059943706,-0.25057352,0.037536554,-0.014380131,-0.104555175,0.05504048,-0.07811328,-0.052990586,-0.09705824,0.23581149,0.86563456,0.91590655,0.81624097,0.8830075,0.8841981,0.91324115,0.946394,0.9400967,0.85929495,0.77547157,0.977118,0.81625146,0.94298816,0.84083074,0.86688906,0.9360176,0.92820114,0.9286313,0.90311503,0.7809567
6.0,-0.02411922,-0.014713667,-0.06634478,0.14774299,-0.10774246,-0.015022924,0.09287971,-0.025118899,0.07016916,0.0088699125,-0.031622678,-0.09715088,-0.026235092,0.115599275,-0.027950613,0.08725454,-0.038280103,-0.023701493,-0.03471643,0.047953285,0.86119777,0.9202226,0.76175714,0.8506388,0.88700294,0.8967946,0.94724554,0.9380252,0.82847184,0.7312412,0.95520407,0.7629126,0.9294411,0.83696556,0.83209497,0.9381402,0.91276294,0.926453,0.890883,0.7539204
9.0,-0.236986,-0.25669783,-0.3630497,0.31047285,-0.3075159,0.033976283,0.25617403,-0.1072421,0.373103,0.45103484,-0.113814995,-0.5086933,0.15843993,-0.2456201,-0.21353737,0.008388266,-0.15153548,-0.10742419,-0.2062819,0.5590403,0.8910578,0.8866701,0.88821894,0.9362459,0.86467063,0.9194708,0.9397629,0.92943126,0.88458556,0.8440499,1.0034477,0.9206454,0.96078104,0.824851,0.901827,0.88634056,0.92920727,0.92014086,0.9231307,0.81574845
2.0,0.032113574,0.032983243,0.019734114,0.09481957,-0.06922442,-0.028219046,0.053418733,-0.015105446,-0.002263531,-0.099967465,-0.008694258,0.0107884705,-0.059559453,0.1869548,0.023946945,0.10173322,-0.005684253,-0.007563874,0.010620382,-0.06757893,0.8416874,0.9231445,0.7364598,0.8233353,0.8813043,0.9010031,0.93974096,0.93557495,0.82150674,0.6944055,0.9454604,0.71484965,0.9152091,0.831921,0.811788,0.9430992,0.911759,0.92645234,0.8655019,0.72582334
9.0,-0.1117316,-0.10316401,-0.18658029,0.21944752,-0.19638616,0.014072547,0.1534421,-0.06705563,0.19827576,0.1943904,-0.064801365,-0.27704448,0.051052168,-0.042678583,-0.11841874,0.049239032,-0.08292078,-0.059309505,-0.10768029,0.2720613,0.8601572,0.9138555,0.8303912,0.88432896,0.8812441,0.92101973,0.94508415,0.9400468,0.86814976,0.780741,0.9817209,0.8207184,0.94353163,0.840492,0.8739253,0.93553436,0.9339818,0.92939734,0.89926636,0.7820563
10.0,0.16265634,0.13043773,0.21951014,-0.04280495,0.032269627,-0.06642262,-0.03218232,0.013458614,-0.17028084,-0.36840418,0.044066787,0.27470678,-0.13074145,0.3527224,0.16562271,0.1343598,0.06802738,0.029844038,0.12192258,-0.35182607,0.8088152,0.9140669,0.65732175,0.7624524,0.8573484,0.88589156,0.91632426,0.9165404,0.7799297,0.6049306,0.9111862,0.61367786,0.87794954,0.8045177,0.74845415,0.9270739,0.8844375,0.9184026,0.8085554,0.6531795
10.0,0.48639926,0.35051224,0.8240838,-0.49867994,0.3565365,-0.13591431,-0.21275213,0.052491292,-0.5857182,-1.1536108,0.17645405,1.0123036,-0.24328761,0.69284594,0.57433313,0.14186093,0.23440827,0.10218752,0.454879,-1.0711404,0.69984025,0.8568354,0.44775015,0.63687027,0.73232573,0.8183396,0.78158003,0.82504547,0.6358993,0.38221112,0.8231501,0.3779456,0.762577,0.6753822,0.5748521,0.83187765,0.77946264,0.8798892,0.62653893,0.4510194
10.0,0.6798353,0.4959295,1.3423988,-0.8422248,0.65696466,-0.14518422,-0.24379826,0.09830556,-0.87788606,-1.7347475,0.24180533,1.5642841,-0.3226369,0.9115917,0.86244774,0.09112403,0.2908361,0.14708593,0.7265591,-1.5679498,0.60798246,0.84029573,0.33341682,0.585266,0.6108354,0.8056714,0.6437502,0.78777725,0.5681707,0.27326065,0.7821502,0.25787312,0.70033425,0.5749233,0.4697213,0.76965,0.76495415,0.8724001,0.5054628,0.35240424
6.0,-0.1808654,-0.18084171,-0.28637388,0.27150306,-0.24551591,0.024532897,0.21037251,-0.080450706,0.28878972,0.3267597,-0.09130309,-0.40079784,0.10125329,-0.13726874,-0.16910894,0.028556101,-0.12294367,-0.08172256,-0.1604306,0.4143933,0.8879482,0.90204316,0.8523625,0.9195874,0.87765723,0.9103093,0.94598734,0.935798,0.8691042,0.82042545,0.99122256,0.88294595,0.9566071,0.8349291,0.88808435,0.91105103,0.9255546,0.9243974,0.9245293,0.8079921
8.0,0.46182284,0.34888098,0.79544294,-0.45756304,0.33685002,-0.1235793,-0.19689012,0.042474978,-0.56021607,-1.096087,0.16663653,0.9608985,-0.2411311,0.6812889,0.5286255,0.12272631,0.22357543,0.091302186,0.43409106,-1.0177698,0.705663,0.8745952,0.46298352,0.6493105,0.73926675,0.83181477,0.78659207,0.8433069,0.651445,0.3994412,0.8406893,0.3860302,0.7730837,0.6842586,0.5875273,0.8553529,0.7977847,0.88169414,0.63821197,0.46785772
7.0,-0.29287943,-0.36741072,-0.4480157,0.32892978,-0.4216384,0.04136372,0.30353305,-0.15364672,0.48430267,0.6166937,-0.14557324,-0.6321149,0.26005015,-0.42159244,-0.25245985,-0.020523213,-0.17980619,-0.14727265,-0.2656938,0.7637328,0.8685003,0.8566918,0.9598272,0.9469686,0.8413999,0.9629609,0.9280236,0.91315365,0.93102765,0.8543969,1.0077701,0.9513572,0.9590975,0.7981197,0.9102732,0.8472151,0.93604016,0.91063464,0.89785576,0.8065528
8.0,-0.37799358,-0.5111725,-0.56354296,0.38436663,-0.50669694,0.03686706,0.39798036,-0.18433067,0.60815287,0.811,-0.17666906,-0.77274,0.3363524,-0.5614508,-0.30143332,-0.042879954,-0.23786594,-0.19280079,-0.32783732,0.9658056,0.9078047,0.8308324,0.9727738,0.9814776,0.82171065,0.9436701,0.90291554,0.89622235,0.9197945,0.88667256,1.0298141,1.0262882,0.96162593,0.7679586,0.9034623,0.7816618,0.9175757,0.8874931,0.90575975,0.8197241
7.0,-0.2124599,-0.22502297,-0.3291047,0.29204774,-0.28534126,0.030771889,0.23508799,-0.09876255,0.33923754,0.4005242,-0.10447992,-0.46415997,0.13762815,-0.20602801,-0.1954154,0.016324077,-0.13806191,-0.09728489,-0.18735552,0.5029128,0.8842747,0.8926261,0.8782372,0.9268424,0.8690538,0.9209845,0.9422433,0.93179584,0.8828107,0.8322931,0.99895054,0.9011603,0.9583226,0.8291649,0.89771307,0.89792556,0.9309415,0.92259437,0.9194519,0.8100996
10.0,0.16536458,0.14016366,0.23333666,-0.04272469,0.033051625,-0.06235145,-0.03419648,0.007357913,-0.17472178,-0.3750474,0.046573274,0.28127414,-0.13398327,0.3567888,0.15966868,0.12710017,0.06893377,0.027737621,0.12565176,-0.3541208,0.80286723,0.9213251,0.6604576,0.7622835,0.8564211,0.89218605,0.9108749,0.9211066,0.784908,0.604984,0.9172136,0.60651183,0.87692386,0.8035483,0.751486,0.93661785,0.8913136,0.9195741,0.8034502,0.6531629
4.0,0.31590506,0.23682943,0.47927564,-0.23658976,0.16570857,-0.10479471,-0.12613279,0.032016154,-0.36064476,-0.71338755,0.10698384,0.60264856,-0.19432718,0.5233444,0.34579182,0.14963256,0.14998363,0.06533292,0.2661237,-0.6845224,0.7633993,0.8908456,0.5580015,0.6966745,0.80906993,0.85318357,0.8662825,0.8777668,0.71422994,0.49760133,0.8701849,0.49739778,0.82377636,0.75104296,0.66842556,0.8894965,0.83550555,0.90029013,0.7273516,0.55786055
6.0,-0.15965714,-0.15582705,-0.25535035,0.25616336,-0.23053756,0.021508286,0.19221456,-0.07667445,0.2612344,0.28626892,-0.08314678,-0.3630829,0.08520151,-0.10828242,-0.15427144,0.035564795,-0.11049768,-0.07481509,-0.14409685,0.37094516,0.87828076,0.9058668,0.8465144,0.90757304,0.87886167,0.91418177,0.94614357,0.9373592,0.86929417,0.8079049,0.98882717,0.8625588,0.9526055,0.83722943,0.8846412,0.9191362,0.9295561,0.9262288,0.91579676,0.7997144
3.0,0.065899715,0.061106376,0.07236452,0.062019426,-0.045011688,-0.03647711,0.030517567,-0.0089363055,-0.046190567,-0.16741973,0.005278509,0.077268526,-0.07934196,0.23041326,0.05644371,0.10921323,0.013586219,0.0017991886,0.038649227,-0.13863657,0.8312872,0.9241117,0.71918666,0.80747676,0.87662965,0.9010745,0.93380964,0.93338186,0.8150508,0.67219424,0.9389286,0.68683124,0.9062145,0.8270558,0.79800755,0.9441969,0.90895635,0.9257416,0.85034734,0.70839703
2.0,-0.06474985,-0.05561987,-0.12576872,0.17874093,-0.14012189,-0.004096814,0.12326512,-0.03567478,0.12608463,0.08939036,-0.04693757,-0.17631578,0.0060806624,0.05351392,-0.06451428,0.07108532,-0.061053667,-0.036821943,-0.06729688,0.1399854,0.87130564,0.9176972,0.78390414,0.8727337,0.8883045,0.89935315,0.9485207,0.9384812,0.8395313,0.7564276,0.9635823,0.79730415,0.93924737,0.8391438,0.8469779,0.93542325,0.9148381,0.92658186,0.90523416,0.7717277
10.0,-0.017099803,-0.0077705663,-0.052584283,0.14164315,-0.1072512,-0.0138996765,0.087095365,-0.028580394,0.06301258,-0.002178397,-0.027967002,-0.08634696,-0.028729344,0.11913765,-0.026031002,0.0863633,-0.033497363,-0.023452342,-0.029453453,0.04067474,0.8531346,0.92292315,0.76455766,0.8460932,0.8856066,0.90334934,0.9443747,0.9392112,0.8337942,0.726537,0.9575946,0.75329936,0.9268413,0.83755547,0.83339417,0.94345194,0.9183815,0.9276995,0.88316244,0.74961776
7.0,-0.34449813,-0.44151255,-0.5141116,0.36883312,-0.45605645,0.03996954,0.35855445,-0.16573401,0.54944986,0.7194671,-0.16144538,-0.71244895,0.2926223,-0.48543835,-0.28448346,-0.031387337,-0.21305905,-0.16953054,-0.2984361,0.8667807,0.898048,0.8450608,0.9581717,0.9670949,0.83181804,0.94097996,0.9151992,0.9066174,0.91542757,0.87670106,1.0230985,0.99593043,0.96196985,0.7854232,0.90887815,0.8125079,0.9251748,0.89958966,0.9084198,0.8180729
8.0,-0.35129976,-0.46731424,-0.52883345,0.36221564,-0.48585495,0.038107954,0.36744586,-0.17482685,0.5732075,0.7545194,-0.16839494,-0.73054886,0.31694597,-0.5236635,-0.2848448,-0.036437415,-0.22090153,-0.17948487,-0.31117034,0.9083608,0.89292043,0.83840334,0.97342163,0.9737471,0.82870287,0.95436853,0.913204,0.90067315,0.92753613,0.87649673,1.0204525,1.0038701,0.962874,0.77633995,0.9062205,0.8019289,0.924445,0.8936946,0.9036863,0.8167007
6.0,-0.06383663,-0.05084513,-0.11730255,0.1829462,-0.1544325,0.0031833672,0.11807373,-0.05135969,0.13038774,0.096492924,-0.045771454,-0.18407902,0.010468438,0.036120802,-0.077595994,0.065406956,-0.057410747,-0.042394333,-0.068759084,0.16055119,0.85206956,0.9216223,0.8026174,0.86394316,0.8842096,0.91677606,0.94375074,0.9420975,0.85631037,0.7543841,0.9727249,0.7834546,0.93477374,0.8414535,0.8579154,0.94614285,0.9313997,0.93020725,0.88858604,0.7663425
5.0,0.50321054,0.3678789,0.8744809,-0.5268617,0.38412437,-0.13415568,-0.21662122,0.0532897,-0.6137941,-1.2056024,0.18317199,1.0617847,-0.25016037,0.7155784,0.59461325,0.13056035,0.24242567,0.10365144,0.48007172,-1.1138228,0.6909641,0.859308,0.4369438,0.63389397,0.72096413,0.82003665,0.7674663,0.8250605,0.6310479,0.3719812,0.82325506,0.36352754,0.7578883,0.6662655,0.56494254,0.8317627,0.7805068,0.8783138,0.6148147,0.44187424
2.0,0.5333075,0.3964142,0.96105075,-0.57960683,0.43428484,-0.13376106,-0.22461668,0.05632709,-0.6629071,-1.2993436,0.19410737,1.1506473,-0.2608057,0.7529258,0.6356227,0.11680963,0.25473064,0.1081328,0.5237919,-1.1908671,0.6751758,0.8589414,0.41742948,0.6270725,0.70050275,0.8209748,0.74487454,0.8208654,0.6193846,0.35295197,0.81997776,0.34014028,0.7485026,0.6498444,0.54722965,0.8263673,0.77856165,0.875292,0.5947252,0.4249167
4.0,0.11080115,0.09458571,0.1413618,0.014671035,-0.009649731,-0.049869683,0.0011714324,0.0013108477,-0.10421174,-0.25956008,0.023603687,0.16848256,-0.10395611,0.28810486,0.10535039,0.120578095,0.038989644,0.014942225,0.07712108,-0.23707779,0.82012963,0.9213833,0.6918069,0.78696036,0.8687576,0.8966282,0.9259474,0.92721474,0.8011403,0.6413747,0.9272304,0.65217996,0.893983,0.8178536,0.77599275,0.93920636,0.8999161,0.9230915,0.83116364,0.6837017
3.0,-0.035582554,-0.025335476,-0.078089386,0.15675162,-0.12562099,-0.0071282866,0.09970512,-0.03695012,0.08971252,0.036684625,-0.034752138,-0.12476647,-0.012727961,0.086421385,-0.046017844,0.077599056,-0.04310408,-0.030647963,-0.04491692,0.08802092,0.8531623,0.9228472,0.7794412,0.85427237,0.8854793,0.90917426,0.9441371,0.94046384,0.84338814,0.73762864,0.96360934,0.7658436,0.93052405,0.83948934,0.84302825,0.945254,0.9235397,0.9288288,0.8860295,0.7566844
11.0,0.49064267,0.34925267,0.82694775,-0.50488853,0.35835212,-0.138163,-0.21528971,0.05492972,-0.5897222,-1.1621344,0.17849788,1.0194747,-0.24344756,0.6937478,0.58230066,0.14547008,0.2371452,0.10395067,0.45802242,-1.0796839,0.699278,0.8537397,0.44558987,0.63472664,0.7316202,0.81573045,0.7805497,0.82241,0.63408875,0.3795113,0.8196274,0.3772264,0.76126695,0.67429155,0.572613,0.82771355,0.77661914,0.88019365,0.6247244,0.4481351
4.0,-0.12989366,-0.11391208,-0.21042934,0.24397817,-0.21154541,0.02018832,0.16417313,-0.0766355,0.22097707,0.22963946,-0.0717332,-0.31361562,0.0580906,-0.06787826,-0.14072934,0.044851705,-0.09205041,-0.06744238,-0.120770365,0.3130617,0.86078054,0.91318256,0.84166706,0.884981,0.87973773,0.9188491,0.9441533,0.942114,0.86979717,0.79141665,0.98880166,0.82875836,0.9443948,0.8417016,0.8837617,0.9335688,0.9394535,0.9296757,0.8987046,0.78706896
8.0,-0.3653878,-0.4833828,-0.54485846,0.3793031,-0.4845056,0.038226023,0.3831392,-0.17606662,0.5844976,0.77406037,-0.17054693,-0.74929464,0.31778607,-0.5290034,-0.2949336,-0.038266063,-0.22845255,-0.1830079,-0.31630623,0.92485934,0.9058903,0.8368583,0.9652242,0.97717834,0.82613796,0.94098216,0.9081128,0.9005212,0.91648936,0.8840408,1.0273876,1.0159217,0.9622237,0.77542126,0.9056533,0.79398453,0.9196645,0.89238983,0.9088074,0.820373
7.0,-0.1546599,-0.14754787,-0.24906659,0.25397873,-0.22024037,0.019319927,0.18904047,-0.07089864,0.2511626,0.27174613,-0.080902494,-0.35056818,0.076054685,-0.09103137,-0.1485641,0.038825333,-0.10908073,-0.07142513,-0.13899995,0.35070896,0.88320714,0.9075649,0.8377765,0.90790606,0.8812701,0.907975,0.9473502,0.9380807,0.8626695,0.806984,0.9865284,0.8620941,0.95309955,0.83783686,0.8812144,0.9199133,0.9258379,0.92579025,0.9201268,0.80113006
7.0,-0.26961938,-0.30692545,-0.40855718,0.33021426,-0.34698868,0.03758924,0.28520706,-0.123098865,0.42374593,0.52695626,-0.12756616,-0.5706645,0.19536677,-0.31245464,-0.23657618,-0.0036208257,-0.16897403,-0.12377583,-0.23354778,0.64651513,0.89395326,0.8758231,0.90836805,0.94655555,0.856014,0.9247297,0.9345034,0.92402184,0.8931723,0.8562104,1.009542,0.9437632,0.9623243,0.81598824,0.90660274,0.8677527,0.9287287,0.9158837,0.9215566,0.81869084
1.0,-0.19150087,-0.19890502,-0.30122164,0.28348795,-0.29403144,0.036927942,0.20844972,-0.11298354,0.32004976,0.373776,-0.099882685,-0.44556707,0.13697284,-0.21259254,-0.19430228,0.014496379,-0.118082285,-0.096568726,-0.1762285,0.49278527,0.8505171,0.8935388,0.90012,0.9004312,0.8645431,0.9439681,0.9383597,0.9351725,0.9042882,0.81657565,0.9986105,0.86561304,0.94748783,0.8318769,0.90429336,0.9134837,0.9469909,0.929314,0.8911675,0.79118705
2.0,-0.079901375,-0.066504106,-0.14659484,0.19547853,-0.15011245,-0.00047617708,0.13346973,-0.0401975,0.14486116,0.11762358,-0.052826956,-0.20417282,0.012573688,0.03609653,-0.07967852,0.06778458,-0.06991379,-0.04209122,-0.07882095,0.16966242,0.8757166,0.9169855,0.7902669,0.8781958,0.8885313,0.8973431,0.9497197,0.9395243,0.83968234,0.7662657,0.9673548,0.8086701,0.941996,0.83940125,0.8527426,0.9331639,0.9160401,0.9263036,0.91009766,0.778604
6.0,-0.15864682,-0.15392774,-0.25522485,0.2550689,-0.22354229,0.019408856,0.19288918,-0.07144464,0.25727212,0.28025743,-0.08262136,-0.35760295,0.08083853,-0.09806949,-0.15024668,0.037293263,-0.11156654,-0.07260817,-0.14242563,0.35973376,0.8848951,0.9063448,0.83915126,0.91112345,0.8809559,0.9083443,0.94746786,0.93715715,0.8632301,0.8091463,0.98659104,0.86662006,0.9542632,0.836949,0.88135725,0.91784155,0.92459935,0.92520434,0.92207813,0.8026477
8.0,-0.017119532,-0.012818294,-0.065973505,0.13966112,-0.09321668,-0.0244167,0.08936785,-0.013352294,0.058796156,-0.007996809,-0.03199661,-0.07966846,-0.02960703,0.13128933,-0.009558801,0.095219746,-0.035481595,-0.01711414,-0.029344924,0.019068167,0.870436,0.91229695,0.74586695,0.85008544,0.8874039,0.8851197,0.95172626,0.9326614,0.81314754,0.7269443,0.9434335,0.7669003,0.93085885,0.8324148,0.81932676,0.92648447,0.8971962,0.9228533,0.8992686,0.7522882
10.0,0.24003829,0.18494204,0.34639633,-0.13557482,0.09654774,-0.08701139,-0.08081614,0.024306264,-0.2667318,-0.5376359,0.075860694,0.43714088,-0.16584975,0.44201872,0.2544408,0.14554262,0.11012067,0.04860937,0.1924648,-0.5194707,0.7869283,0.9037515,0.60773623,0.72794825,0.8355359,0.8707305,0.8941621,0.8989216,0.74850106,0.55066526,0.8905898,0.554285,0.85150814,0.7799,0.7086999,0.9100812,0.8615318,0.9102116,0.76901543,0.605787
5.0,-0.24007022,-0.26206574,-0.3653858,0.31534344,-0.32802045,0.037842955,0.25333843,-0.121489055,0.38548777,0.4689498,-0.11677448,-0.5241812,0.17191885,-0.2767048,-0.22309475,0.0051305555,-0.1483131,-0.113843895,-0.21091333,0.59004617,0.8721033,0.8821226,0.9090597,0.9226431,0.8576785,0.93415976,0.93595505,0.9289725,0.8989781,0.8387792,1.0069976,0.9083189,0.9562698,0.8230691,0.9081916,0.8858548,0.9411636,0.9221884,0.90416956,0.80523413
9.0,-0.25746492,-0.29767764,-0.3973682,0.3277137,-0.3953397,0.048203297,0.25626147,-0.15842463,0.43306604,0.5387187,-0.13391852,-0.58454984,0.22719443,-0.37980098,-0.24681953,-0.013462119,-0.14750859,-0.13406858,-0.23677361,0.69287986,0.83438015,0.864651,0.96788967,0.90687156,0.84218585,0.9741505,0.9283871,0.9243573,0.9384491,0.8360146,1.0059319,0.899627,0.94797724,0.8099444,0.91774654,0.87729007,0.9541838,0.9241643,0.8722487,0.78721946
4.0,0.014044932,0.016725888,-0.008299716,0.1108502,-0.08212735,-0.02392949,0.06620444,-0.018143868,0.021513946,-0.064349756,-0.015963975,-0.024432361,-0.04774758,0.16274633,0.0075194947,0.09680571,-0.0159709,-0.012576517,-0.0041044503,-0.029368654,0.84759295,0.92219687,0.7452673,0.83250576,0.88334084,0.9007167,0.94223,0.9363095,0.8249581,0.70603824,0.94855684,0.73043805,0.92012554,0.8340152,0.8184395,0.942018,0.91245013,0.9266591,0.8736571,0.7348086
11.0,0.659335,0.47123456,1.2611502,-0.8007122,0.6094558,-0.14975278,-0.25217316,0.09158963,-0.8409491,-1.6608616,0.23629837,1.4928614,-0.30353966,0.8734841,0.83341753,0.11140062,0.29220396,0.14405397,0.68554294,-1.5071487,0.6197903,0.834797,0.3463411,0.58772975,0.6318643,0.80197984,0.6636705,0.7848954,0.5712549,0.28307208,0.78030336,0.2730297,0.7066173,0.586373,0.48266715,0.76761615,0.7559898,0.87576705,0.5189611,0.35906693
3.0,-0.0554754,-0.043504167,-0.111114636,0.17451361,-0.13271159,-0.0059747677,0.115434274,-0.034380555,0.11256984,0.070698135,-0.04335559,-0.15830505,-0.0039367955,0.0695825,-0.0582679,0.07553894,-0.055850364,-0.034302197,-0.059697106,0.11838824,0.86810654,0.9192274,0.7794628,0.86603886,0.8881096,0.8986637,0.9483547,0.9393905,0.83677983,0.7509582,0.96286255,0.7878085,0.9364462,0.8391283,0.84486455,0.9370622,0.91613597,0.9268698,0.9008801,0.7677895
5.0,-0.08049259,-0.067597926,-0.14784051,0.19539088,-0.1500336,-0.0007713585,0.13415532,-0.039730527,0.14564298,0.1185959,-0.05315902,-0.2049546,0.013312692,0.035486687,-0.07938287,0.06771587,-0.0703828,-0.04201191,-0.07925916,0.17024851,0.87655497,0.9165904,0.7898496,0.8790097,0.88862735,0.89693695,0.9499392,0.939233,0.8392113,0.76664054,0.9669784,0.80984515,0.94241303,0.83916694,0.85235155,0.93251574,0.9152324,0.9260854,0.91101235,0.77902484
5.0,-0.22795865,-0.2440106,-0.3505913,0.30413967,-0.29695815,0.032405946,0.24873015,-0.10268054,0.35956562,0.43074533,-0.11018288,-0.4910993,0.14890741,-0.22753239,-0.20631912,0.011853643,-0.14711607,-0.10308111,-0.1988827,0.5350396,0.89066625,0.8893418,0.8822481,0.9339493,0.86701506,0.91805744,0.9411246,0.93049383,0.8819227,0.8405213,1.0015575,0.9148065,0.9604865,0.826673,0.89976484,0.89060956,0.9287432,0.92082626,0.92383873,0.814944
6.0,-0.06798213,-0.0561852,-0.13131955,0.18434162,-0.139031,-0.0046363585,0.12537855,-0.034489885,0.12838943,0.093450785,-0.048649654,-0.1805217,0.0044862125,0.054846272,-0.06653389,0.072359815,-0.063571714,-0.037165347,-0.069353215,0.1409122,0.87536675,0.9169398,0.7817275,0.8739961,0.88905436,0.89502525,0.9499744,0.9386081,0.8352156,0.75920814,0.96296686,0.801309,0.9403038,0.8385745,0.8465363,0.9330317,0.9124763,0.925818,0.90896034,0.7743365
10.0,0.6950483,0.5019892,1.3738817,-0.867346,0.67383194,-0.14642625,-0.24399996,0.10452424,-0.89555395,-1.7735997,0.24602754,1.6008118,-0.3300292,0.92453283,0.88545793,0.09081096,0.29332814,0.15184143,0.74493927,-1.6050481,0.60269296,0.83792394,0.32641158,0.58013356,0.6036407,0.801554,0.6337833,0.7846346,0.5643472,0.26695552,0.7767406,0.25206232,0.6953996,0.5678518,0.46314332,0.7619514,0.7636806,0.87357277,0.49727798,0.34627244
8.0,-0.35905573,-0.4702133,-0.53655946,0.37627774,-0.4714483,0.038222466,0.3771704,-0.170524,0.5724702,0.7550681,-0.16745605,-0.7365652,0.30722073,-0.5094355,-0.29019272,-0.035625763,-0.22513168,-0.17783153,-0.31082782,0.9015809,0.9083432,0.84051955,0.9581854,0.978585,0.8295066,0.9376896,0.9110132,0.9022256,0.9124723,0.88457316,1.0260321,1.0141186,0.9634806,0.77907664,0.905558,0.79957825,0.91844183,0.89378273,0.91382474,0.82303536
2.0,0.57350385,0.41109768,1.0357683,-0.6480599,0.47859707,-0.1448743,-0.24134582,0.06897099,-0.7137985,-1.4054189,0.20929624,1.2490497,-0.26869628,0.7811685,0.7030124,0.1289706,0.2703656,0.12196819,0.56712854,-1.2854358,0.6603093,0.8430106,0.39466423,0.6115714,0.68382525,0.80882174,0.725179,0.802229,0.60052913,0.32872963,0.8007647,0.32200748,0.73392695,0.6315403,0.5271507,0.79948634,0.7621397,0.8754611,0.572105,0.40111193
8.0,0.049619537,0.043595627,0.04422883,0.07455397,-0.055414535,-0.034340728,0.042477805,-0.00882312,-0.024530292,-0.13503093,-0.0016179346,0.04568705,-0.06739431,0.20855238,0.045006324,0.10668343,0.004507888,-0.0013875887,0.025225725,-0.105909094,0.8386589,0.9212506,0.72530663,0.8164481,0.8790303,0.89954275,0.93765426,0.9327142,0.81684345,0.68204457,0.9394183,0.70302594,0.91163534,0.829274,0.80208945,0.94082016,0.90715563,0.9255563,0.85978687,0.716454
7.0,-0.2365054,-0.2555485,-0.3624184,0.31044206,-0.30580974,0.033733472,0.25592953,-0.10634847,0.3718176,0.44910443,-0.11349705,-0.5072191,0.15699801,-0.24295703,-0.21293756,0.008790407,-0.15152559,-0.106909804,-0.20568159,0.5561721,0.89208436,0.88704026,0.88678324,0.93665993,0.865111,0.9184249,0.93999535,0.929602,0.88347685,0.84425443,1.003242,0.9209924,0.96101546,0.82507014,0.9014497,0.8865757,0.92862874,0.9200984,0.92413586,0.8163039
6.0,-0.01992866,-0.010300051,-0.05480089,0.14363444,-0.113957316,-0.010735064,0.088462025,-0.033264127,0.06854774,0.0057804435,-0.028557584,-0.09467515,-0.023798142,0.10879184,-0.032219306,0.082109004,-0.034308903,-0.025840454,-0.032376833,0.05418788,0.84894764,0.92433876,0.77158254,0.8467802,0.8848474,0.90905875,0.9426549,0.94042546,0.8405337,0.72807556,0.96071255,0.7528296,0.92684436,0.8386371,0.837458,0.9473536,0.92291605,0.9289228,0.8803607,0.7498741
2.0,-0.020757463,-0.0072563114,-0.055058464,0.14852136,-0.11399484,-0.010017585,0.08803344,-0.03475228,0.06855402,0.007022407,-0.029129736,-0.09622758,-0.026927114,0.11057224,-0.03553503,0.083144076,-0.03507079,-0.026679609,-0.03288286,0.054698095,0.84863555,0.9253781,0.7720784,0.8452093,0.8851548,0.9078679,0.94296664,0.94144636,0.83914536,0.72933966,0.9621753,0.7517483,0.9262482,0.8388908,0.83920276,0.94785,0.9243348,0.9289218,0.87984055,0.75068194
11.0,0.6729295,0.49622157,1.3372251,-0.83297735,0.65481436,-0.14287075,-0.2413888,0.09465424,-0.872279,-1.7215438,0.23953818,1.5527756,-0.32116917,0.90974075,0.85155165,0.08745617,0.28792715,0.14451525,0.7214756,-1.5538255,0.60868603,0.8428335,0.33618382,0.588847,0.61169165,0.80926013,0.6472222,0.7903552,0.56996226,0.2760621,0.7864011,0.25923327,0.70207,0.57742035,0.47178757,0.77549213,0.7674545,0.8703668,0.5089724,0.3559632
9.0,-0.070439376,-0.058582462,-0.13120821,0.18629226,-0.14718723,-0.0010003959,0.12603714,-0.04120672,0.13434413,0.101951815,-0.048711605,-0.18858024,0.008899442,0.043369595,-0.07360851,0.06895551,-0.06367622,-0.040215597,-0.07191557,0.15603757,0.868348,0.9186157,0.7907,0.8724959,0.8874289,0.90271944,0.9479393,0.93983465,0.8434812,0.7595824,0.96767986,0.7980125,0.93912536,0.8399797,0.85208565,0.93705016,0.9198667,0.92738163,0.9027623,0.7730312
6.0,0.17013074,0.14248252,0.2402575,-0.048896782,0.037036516,-0.06404681,-0.03698369,0.008966141,-0.18062085,-0.38525108,0.04862138,0.29114062,-0.13581258,0.36223042,0.16605546,0.12828833,0.07174766,0.029225528,0.12997758,-0.3646919,0.8021129,0.9202489,0.6570612,0.7603428,0.85525644,0.89102733,0.9098253,0.9198279,0.7830462,0.60142356,0.9153523,0.6034755,0.8756498,0.80233496,0.74850696,0.93510306,0.88952315,0.9191122,0.8014811,0.6501684
5.0,-0.27218,-0.31291872,-0.41180924,0.33093423,-0.35757834,0.038894873,0.28592664,-0.12869605,0.4310923,0.53803873,-0.12950993,-0.57901037,0.20366877,-0.3284562,-0.2402317,-0.005729612,-0.16870189,-0.1270127,-0.23681387,0.66327953,0.8871165,0.8732822,0.9174189,0.9427059,0.85309213,0.9310181,0.93298507,0.923153,0.899768,0.8542991,1.0104437,0.94063675,0.9606914,0.81434685,0.9086262,0.86613005,0.9324947,0.9161764,0.9145955,0.814665
2.0,0.19652507,0.15640587,0.2772523,-0.081763305,0.05966787,-0.07425439,-0.05348099,0.017178785,-0.21315554,-0.44185567,0.058643043,0.34576845,-0.14725587,0.39304137,0.20171833,0.13752306,0.08660649,0.037577964,0.15304711,-0.42440605,0.79812515,0.91237974,0.6371087,0.7478077,0.84845316,0.8818933,0.90570766,0.91106963,0.7688575,0.58170986,0.9042054,0.5862691,0.8669582,0.794486,0.73226017,0.92337567,0.877372,0.9156045,0.79064894,0.63319796
6.0,-0.1759132,-0.1737136,-0.2778903,0.27038017,-0.24781959,0.02651305,0.20390175,-0.08466454,0.28380173,0.32035923,-0.08946997,-0.39607847,0.099460386,-0.13804,-0.17024876,0.028790748,-0.11795266,-0.08199467,-0.15711121,0.41267806,0.8786882,0.9030607,0.8580093,0.91137516,0.87609243,0.91578376,0.9445977,0.9371315,0.8747227,0.81588334,0.9928433,0.87227285,0.953249,0.83647597,0.8910214,0.91535455,0.93183994,0.92635995,0.91547114,0.80256706
8.0,-0.21612494,-0.21817395,-0.33339635,0.304345,-0.27102762,0.029307965,0.23856094,-0.0913833,0.33466655,0.3937946,-0.10386678,-0.4625895,0.123148195,-0.18433169,-0.197248,0.019896032,-0.14288741,-0.0950521,-0.18609586,0.4854995,0.89944667,0.8950946,0.8634516,0.93187845,0.872378,0.9048375,0.9442131,0.93435705,0.8671994,0.8392981,0.99848866,0.91089606,0.9617815,0.8306164,0.8951101,0.8966349,0.92442065,0.9214719,0.9320686,0.81876767
10.0,0.44081694,0.32257125,0.7297239,-0.42346644,0.30135947,-0.1265969,-0.19052795,0.04513711,-0.52464634,-1.030743,0.15885885,0.8982712,-0.23275617,0.6513558,0.5070099,0.13997984,0.21385007,0.09071742,0.40313536,-0.9650682,0.7180294,0.8699466,0.47691333,0.6529914,0.754318,0.8285234,0.80439687,0.8427072,0.6589511,0.41278738,0.838567,0.40693426,0.7795403,0.69679385,0.59983104,0.8528422,0.7966587,0.88479203,0.6534767,0.47958687
6.0,-0.21549235,-0.22663978,-0.33346224,0.29550293,-0.28071615,0.029231116,0.23898846,-0.09530841,0.34064585,0.40181544,-0.10493822,-0.46556342,0.13456082,-0.20019236,-0.1952143,0.017306145,-0.14162211,-0.09667415,-0.18850422,0.49920863,0.89200455,0.8928338,0.87187034,0.93180126,0.8704232,0.914752,0.94308925,0.93165743,0.8762163,0.8359974,0.99853796,0.90823853,0.96073955,0.8287424,0.8956782,0.89550924,0.9268153,0.9212601,0.92632246,0.8146733
1.0,-0.24081375,-0.26076546,-0.36794662,0.31423655,-0.309698,0.034179974,0.25947922,-0.10815141,0.37784797,0.45790455,-0.11502767,-0.51486117,0.16024654,-0.249794,-0.21630238,0.0077305436,-0.15385236,-0.10880648,-0.20883211,0.56582886,0.8928966,0.8858891,0.8885722,0.93757325,0.8640303,0.9182013,0.9394047,0.92922735,0.88356906,0.84604996,1.0043019,0.92386705,0.96138024,0.8242575,0.9022007,0.8843804,0.928816,0.9196574,0.9241377,0.81697536
6.0,-0.14153607,-0.13693428,-0.23057684,0.24049929,-0.21639971,0.018380925,0.17827329,-0.07091078,0.23696512,0.2507241,-0.07624472,-0.33000818,0.0726639,-0.08212885,-0.13919616,0.040433545,-0.10040937,-0.06811669,-0.13043918,0.33207846,0.8737426,0.90893227,0.83877456,0.9009712,0.8807134,0.91542125,0.9463213,0.9380019,0.86820984,0.79814804,0.9849131,0.84886706,0.9498202,0.83865005,0.8796485,0.9251615,0.9291642,0.9272977,0.91209656,0.7940442
8.0,-0.16490136,-0.1619769,-0.2621075,0.26098594,-0.23871568,0.023661016,0.19529317,-0.08148592,0.27006203,0.2991085,-0.08524169,-0.37529123,0.09138786,-0.12182556,-0.16063079,0.032933686,-0.11229381,-0.07792235,-0.14879538,0.38811147,0.8753481,0.9045804,0.85319024,0.9071059,0.87699264,0.9174285,0.9450415,0.93721545,0.8733568,0.80971074,0.99090296,0.8638189,0.9522611,0.8369089,0.88772255,0.9183433,0.9323911,0.9266109,0.9129059,0.799297
10.0,0.21145481,0.16686565,0.30045068,-0.09942817,0.07216759,-0.07889537,-0.06317698,0.019583717,-0.23165476,-0.4744159,0.064133786,0.37691838,-0.15440634,0.41068694,0.219479,0.14102651,0.09443332,0.041433312,0.16605881,-0.4573773,0.79455703,0.9092971,0.6267239,0.74042165,0.84410614,0.8775606,0.9024315,0.9068249,0.7611001,0.57112104,0.899442,0.5750396,0.8613112,0.78943145,0.7243062,0.91835,0.8716667,0.9136703,0.7834452,0.6238274
2.0,0.09289447,0.07492644,0.103718676,0.0316542,-0.019877195,-0.05011855,0.013637625,0.005270794,-0.08158819,-0.2230709,0.014053391,0.13246286,-0.09314492,0.26744133,0.095308736,0.12329388,0.029058661,0.013045646,0.060609546,-0.20487095,0.8322468,0.9148145,0.69514287,0.7946659,0.87241805,0.88905907,0.93429583,0.92481273,0.79763573,0.6523322,0.92386955,0.6721075,0.89965403,0.8206261,0.7784451,0.93022496,0.8934696,0.9220898,0.84502923,0.69284713
2.0,0.30543315,0.23152763,0.4652322,-0.22129363,0.1556853,-0.100197025,-0.11813418,0.030810334,-0.34945467,-0.6894522,0.10439953,0.5803875,-0.19149564,0.51415515,0.32988632,0.14371173,0.14559714,0.061904095,0.25773507,-0.66092646,0.7661529,0.8975467,0.56636226,0.7028327,0.8129623,0.8590285,0.86670816,0.88513035,0.723879,0.50582504,0.87600535,0.50389034,0.8294921,0.75594044,0.6744485,0.89825183,0.8440332,0.9030855,0.73219883,0.5654041
4.0,0.1342512,0.11384312,0.17955202,-0.00948403,0.008177049,-0.05552569,-0.014084309,0.0047540674,-0.13460478,-0.30857638,0.03338126,0.21623872,-0.11723375,0.31801647,0.12884423,0.12428686,0.05199295,0.0207389,0.09750104,-0.28731906,0.81330085,0.9211959,0.6782986,0.7760931,0.86389077,0.8943822,0.92015797,0.92466325,0.7943183,0.62576675,0.9225102,0.63286346,0.88677955,0.8123544,0.76544005,0.9379177,0.8961756,0.9217637,0.8197792,0.6707106
9.0,-0.2774142,-0.31907138,-0.4431118,0.37156564,-0.48120216,0.06526443,0.2460548,-0.21871132,0.49103373,0.6130647,-0.16104427,-0.6681379,0.28795773,-0.51212066,-0.2830589,-0.04011493,-0.14054106,-0.15994683,-0.26669893,0.80955815,0.78043807,0.841399,1.0496924,0.87099427,0.82234967,1.0231317,0.91423696,0.9222103,0.97882867,0.83646417,1.0015858,0.8762693,0.9321488,0.791193,0.92798924,0.8719509,0.96666926,0.9292573,0.82669336,0.7596148
1.0,-0.20528412,-0.2061648,-0.31591845,0.30235285,-0.294015,0.036666356,0.21949667,-0.11401897,0.33397728,0.39380887,-0.10296177,-0.46446413,0.13397191,-0.21653837,-0.20570366,0.017059378,-0.12749088,-0.100532986,-0.18205668,0.5086364,0.8593589,0.89304405,0.8962,0.90174353,0.8636189,0.93275386,0.937664,0.935807,0.89392215,0.82397175,1.0045532,0.8746739,0.9505617,0.832448,0.90722287,0.906678,0.9484129,0.9273938,0.8946364,0.7965481
7.0,-0.1105184,-0.09745555,-0.18548661,0.22165713,-0.1866288,0.01193153,0.15357348,-0.060456686,0.19137618,0.1854136,-0.06383385,-0.26982483,0.041180715,-0.025969233,-0.11532719,0.05302411,-0.0840688,-0.05679343,-0.10456185,0.2561472,0.8687051,0.91539824,0.82024515,0.8857706,0.8840801,0.9107071,0.9467422,0.94089186,0.8586875,0.7820182,0.98005563,0.82336926,0.94443154,0.84112567,0.8709873,0.9340319,0.9292687,0.92838824,0.90567315,0.7851787
6.0,-0.08469677,-0.073746,-0.14915568,0.19743605,-0.16584551,0.0052296575,0.13515952,-0.051805764,0.15708409,0.13487382,-0.053974845,-0.22014675,0.02431151,0.011471514,-0.09068432,0.061161574,-0.070054166,-0.04735165,-0.08443183,0.19901377,0.86329335,0.9179192,0.8067646,0.8762369,0.8850941,0.9117108,0.94645524,0.94048613,0.85471106,0.7667529,0.9739912,0.80439425,0.9404029,0.84088135,0.86132634,0.93848914,0.9271239,0.9286708,0.8998284,0.77581304
2.0,0.3256125,0.25162533,0.51118803,-0.24840719,0.17817962,-0.10136734,-0.12920839,0.02850562,-0.3769864,-0.7405653,0.112646386,0.6294595,-0.19997804,0.5386958,0.34975737,0.13734296,0.1555297,0.06440866,0.28019205,-0.7063496,0.7568548,0.8987116,0.5536951,0.6962138,0.8041282,0.85776347,0.8554124,0.8824106,0.7155221,0.49261743,0.87487024,0.48527992,0.82189244,0.7460068,0.66454226,0.8977202,0.8404497,0.9002305,0.71908236,0.5534948
5.0,-0.2330047,-0.2551204,-0.35736093,0.30648217,-0.31786805,0.036184635,0.2496517,-0.11473732,0.37391227,0.4523962,-0.11388772,-0.50910664,0.16535388,-0.25978884,-0.21485375,0.006798573,-0.14596267,-0.10936686,-0.20572314,0.56906575,0.8763884,0.8848847,0.9011904,0.9267002,0.8613022,0.9314879,0.9380948,0.9292044,0.8961553,0.83774424,1.0039848,0.90864813,0.9570278,0.8244272,0.9050956,0.8890294,0.9368277,0.9221165,0.91009474,0.8074187
7.0,-0.28906667,-0.34625104,-0.4383133,0.33461323,-0.37935045,0.037952878,0.30509073,-0.134249,0.46008748,0.58127624,-0.13775714,-0.6091712,0.22647859,-0.36347717,-0.2465815,-0.012116883,-0.18137357,-0.13594401,-0.25308278,0.70887613,0.89400184,0.86700904,0.9243142,0.95646906,0.8504058,0.9334961,0.93099236,0.91770315,0.90265363,0.86232203,1.0113899,0.96011525,0.9636791,0.80698454,0.90686864,0.85279256,0.9266152,0.91074806,0.9199433,0.819649
11.0,0.66631794,0.48522353,1.3014873,-0.81732243,0.6337527,-0.14587806,-0.24638724,0.09302396,-0.85753226,-1.6927316,0.23777778,1.5244871,-0.31293786,0.8933303,0.8421825,0.09770826,0.2900309,0.14408964,0.7047233,-1.5314903,0.6141816,0.8398909,0.3409291,0.58844566,0.62129694,0.80639404,0.6547342,0.7883771,0.5709804,0.279521,0.78414977,0.2654865,0.7046662,0.58180714,0.47711244,0.7727416,0.7626605,0.87286603,0.513598,0.35754225
9.0,-0.24764803,-0.2895342,-0.38675228,0.3144779,-0.3836005,0.04765527,0.25107846,-0.14965685,0.41655517,0.5162732,-0.12932596,-0.56527984,0.21964036,-0.35897827,-0.2366368,-0.0129988305,-0.14311314,-0.1278629,-0.22993675,0.66717976,0.83925706,0.8688336,0.9585979,0.91269976,0.84678787,0.9718784,0.93154925,0.92485386,0.9378474,0.83453304,1.0016351,0.899442,0.94776404,0.81277037,0.91528136,0.8831264,0.94854647,0.9249101,0.8795246,0.7895504
3.0,-0.17829163,-0.17857555,-0.28134394,0.26988974,-0.24862179,0.025164176,0.20690954,-0.08405382,0.28802297,0.32537022,-0.090445474,-0.3987636,0.10221386,-0.14096147,-0.1694736,0.028869322,-0.12019853,-0.08237073,-0.15911733,0.4160511,0.8808773,0.9018069,0.8572171,0.91444886,0.87591124,0.91578364,0.9450569,0.93590486,0.8735614,0.8170834,0.99253976,0.8762959,0.9548415,0.83512837,0.8897624,0.91264737,0.9302175,0.9252815,0.9177892,0.80406225
5.0,-0.15615723,-0.15146145,-0.2505241,0.2537987,-0.2274054,0.021057617,0.18937698,-0.07545628,0.2561288,0.27894205,-0.08174166,-0.3566708,0.08200495,-0.1023885,-0.15172085,0.03659506,-0.108539656,-0.073481314,-0.14131126,0.3628705,0.8776461,0.90669847,0.8447452,0.9061077,0.8793744,0.913845,0.9461821,0.9377278,0.8687204,0.80619013,0.9881645,0.85981375,0.95199484,0.8377205,0.8838314,0.92055243,0.9295287,0.92651486,0.91521156,0.79878396
8.0,-0.19548096,-0.1991553,-0.30412033,0.28834498,-0.28459322,0.034520645,0.21405765,-0.10683084,0.31994382,0.37356162,-0.09918835,-0.4447775,0.12870835,-0.19934219,-0.19440383,0.01836518,-0.123159885,-0.09536256,-0.17563426,0.4848749,0.861634,0.89537746,0.8890847,0.90513915,0.86675066,0.9327961,0.93964064,0.93563664,0.8935765,0.82032037,1.0002656,0.872856,0.9505144,0.83308893,0.90281427,0.9103115,0.9440449,0.92764336,0.8990093,0.79683733
11.0,0.6214171,0.45066452,1.1725389,-0.7350812,0.5587951,-0.14568289,-0.24728638,0.079792045,-0.7895568,-1.5547359,0.22486167,1.3918585,-0.2888719,0.838389,0.77451825,0.11287313,0.28339183,0.13269106,0.63757855,-1.411517,0.63613385,0.8409523,0.36601868,0.59977937,0.65181005,0.8084819,0.6889452,0.7944798,0.58413965,0.30190182,0.792503,0.29115146,0.7190415,0.60564053,0.5008738,0.78577435,0.7609792,0.8738946,0.5412477,0.37709945
8.0,-0.2214831,-0.22617924,-0.34137398,0.30709797,-0.27595636,0.029855877,0.24360794,-0.092836656,0.34240362,0.40520886,-0.106103025,-0.47239184,0.12879886,-0.19355625,-0.20048463,0.017729323,-0.14603196,-0.09710876,-0.19060624,0.4980747,0.90144175,0.893698,0.8655181,0.9353084,0.87168944,0.9048883,0.9438377,0.9335307,0.8678853,0.84220743,0.99907064,0.9162614,0.96266395,0.82946116,0.89563286,0.8939915,0.9232325,0.9207843,0.93388015,0.82049453
4.0,0.10434513,0.08771221,0.12760806,0.021133393,-0.013480186,-0.04995427,0.005621001,0.0029069334,-0.0962115,-0.24640273,0.020099359,0.15541296,-0.10068279,0.28128695,0.101587564,0.121997535,0.035363484,0.014276572,0.07101795,-0.22564183,0.82474023,0.9190979,0.69289136,0.789473,0.87020326,0.89348614,0.92920357,0.9264053,0.79965895,0.6453817,0.9260621,0.6592429,0.8958043,0.81902206,0.77704465,0.9357861,0.89765537,0.92277116,0.8361973,0.6870198
3.0,-0.11923896,-0.10784306,-0.19766027,0.22774893,-0.19528791,0.013930686,0.16007997,-0.064232536,0.20447713,0.20403613,-0.06725235,-0.28706968,0.049722377,-0.042200435,-0.12280297,0.049686357,-0.088531286,-0.0602172,-0.111781806,0.27799243,0.86906165,0.9136958,0.8262387,0.8892017,0.88291895,0.9127383,0.94652766,0.940296,0.86173075,0.7864248,0.9820135,0.8296629,0.9458451,0.84058994,0.87401193,0.9319321,0.9303237,0.9282212,0.9065259,0.7874324
10.0,0.43199274,0.32326016,0.7223227,-0.40915078,0.29560986,-0.12133946,-0.1844962,0.040665664,-0.5163023,-1.0114888,0.15528648,0.8816004,-0.23194927,0.64761645,0.49003989,0.13187717,0.20959689,0.08663287,0.39641348,-0.94665945,0.71916807,0.8772626,0.4826808,0.6579396,0.75650054,0.834325,0.8052606,0.849747,0.6647212,0.4192685,0.8456867,0.40926778,0.78327066,0.6993576,0.60465306,0.8621345,0.80397624,0.88560337,0.657223,0.48592737
7.0,-0.108570196,-0.09364362,-0.18367627,0.22133711,-0.17979085,0.009860814,0.15282127,-0.05583686,0.18603286,0.17788288,-0.06307785,-0.26292506,0.03533705,-0.014684554,-0.1114136,0.055811603,-0.08419351,-0.054704003,-0.10204085,0.24354042,0.8738409,0.9157215,0.81336427,0.8866357,0.8856751,0.9048699,0.9480535,0.94093347,0.85256714,0.78204185,0.97794855,0.82488275,0.9451312,0.8408916,0.86795735,0.93259937,0.925421,0.92756706,0.9098644,0.7866817
2.0,0.04473188,0.042315476,0.037678972,0.08203788,-0.05890782,-0.032521605,0.045100458,-0.010970479,-0.018922985,-0.12545963,-0.0038473736,0.03616634,-0.06700907,0.20429327,0.038168687,0.10607432,0.001465112,-0.003276093,0.021043155,-0.09619759,0.8395675,0.92214566,0.7281587,0.8175933,0.87982917,0.89915895,0.9386305,0.93385184,0.8170922,0.68586475,0.94145334,0.70573676,0.9121706,0.82988703,0.80523354,0.9413617,0.9086551,0.9257389,0.8613407,0.71934885
8.0,-0.16486955,-0.15881398,-0.26074278,0.26681164,-0.24866557,0.02802654,0.19101392,-0.09115961,0.27301922,0.30493364,-0.08605529,-0.38308614,0.094969615,-0.1356492,-0.1689692,0.030493978,-0.108956814,-0.0814681,-0.14994432,0.40264082,0.86288524,0.90445954,0.8656169,0.8976993,0.8738709,0.9254939,0.94246477,0.9388947,0.8821505,0.8077024,0.9946372,0.8538584,0.94846255,0.83803535,0.89399517,0.922336,0.94117343,0.9288352,0.9011689,0.79376
9.0,-0.08707355,-0.07416702,-0.15503702,0.20085716,-0.15964496,0.0029536244,0.1382121,-0.045701027,0.15630798,0.1341047,-0.055140108,-0.22002184,0.020045966,0.020161886,-0.08860226,0.0636599,-0.07309517,-0.04578445,-0.08494031,0.19165564,0.87297565,0.9171183,0.7985274,0.8801075,0.88739246,0.90201265,0.94865507,0.94001395,0.84577763,0.7697917,0.9710737,0.81152,0.94247377,0.8401781,0.85780233,0.93435764,0.9203396,0.9270956,0.9081827,0.7799362
10.0,0.2776724,0.21045485,0.41239405,-0.18452626,0.12956588,-0.09543157,-0.10262378,0.029081564,-0.3138976,-0.62366426,0.09242373,0.51836985,-0.18053412,0.4831117,0.29861936,0.14621681,0.13080706,0.05678498,0.22937769,-0.6005031,0.7755717,0.8994444,0.58391124,0.71319604,0.8232235,0.86369115,0.8793636,0.89063174,0.73453003,0.52452755,0.8813951,0.52589643,0.83909357,0.76684046,0.6888309,0.90269715,0.8510017,0.90624046,0.7483615,0.5824191
2.0,0.023497492,0.020982414,-0.0032305717,0.101459086,-0.06772553,-0.032831896,0.06060452,-0.007123147,0.006885767,-0.08568369,-0.014855303,-0.002865374,-0.05437284,0.18184158,0.026688758,0.10626306,-0.011275224,-0.0060318783,0.0032367446,-0.061640695,0.8547908,0.9149797,0.7295821,0.8286252,0.8830666,0.88892573,0.94616723,0.93113613,0.8102279,0.6994575,0.9376889,0.7300911,0.9192386,0.8301771,0.80642605,0.93064433,0.8990189,0.9236095,0.8783843,0.7307139
3.0,-0.08136404,-0.0683674,-0.14219615,0.19801721,-0.1710346,0.008127728,0.13006665,-0.058936756,0.15557572,0.13312289,-0.05281038,-0.21950766,0.025136424,0.005793743,-0.09469705,0.05910281,-0.06642716,-0.049177527,-0.08321781,0.20340547,0.8528925,0.91939896,0.8149534,0.87011296,0.8830239,0.9199306,0.9439766,0.9420611,0.8621553,0.7641906,0.9771458,0.7954533,0.93760765,0.84166956,0.86537623,0.94389004,0.9343448,0.93037504,0.89092207,0.771886
1.0,-0.23135334,-0.25555587,-0.35637683,0.30270192,-0.31780818,0.03597125,0.24894997,-0.11378254,0.37241483,0.45029193,-0.11364639,-0.5067511,0.16650006,-0.25932065,-0.21250719,0.0061907656,-0.14522888,-0.10865215,-0.20541435,0.56726635,0.8764776,0.8849609,0.90107894,0.92831355,0.86191106,0.93274534,0.93849653,0.9287178,0.89743584,0.8372665,1.0026473,0.9090733,0.9570439,0.82424515,0.9042604,0.88955986,0.93548054,0.9220755,0.91110384,0.80747676
5.0,-0.15339248,-0.15002307,-0.24652857,0.2501636,-0.22685817,0.020387845,0.18725371,-0.07558565,0.25378385,0.2751311,-0.080932185,-0.3520544,0.082145505,-0.10130301,-0.14907792,0.03723351,-0.106873244,-0.07280756,-0.13964263,0.35920787,0.8753094,0.9065703,0.8451589,0.9048066,0.8790386,0.9162751,0.94617546,0.937337,0.8700517,0.8040598,0.98774564,0.8571312,0.95158315,0.83747584,0.8832074,0.9210801,0.9302522,0.926606,0.9133866,0.79713744
4.0,0.24456088,0.18697831,0.35244048,-0.14164361,0.10041486,-0.088896744,-0.08377247,0.02553108,-0.27199638,-0.54748124,0.077471495,0.44639283,-0.16730824,0.4464486,0.26097277,0.14731854,0.11256881,0.050031684,0.19635376,-0.5294334,0.7860926,0.9017924,0.60434765,0.7256696,0.83411676,0.8689143,0.8934773,0.8968737,0.74571437,0.5471849,0.88838154,0.5515248,0.84982055,0.77835035,0.7059093,0.9074855,0.8589714,0.909477,0.7670227,0.6026793
7.0,-0.07679403,-0.06406352,-0.13655224,0.19323406,-0.1636789,0.005725723,0.12789892,-0.053738587,0.14748132,0.12143945,-0.050853014,-0.20821652,0.019462518,0.018364105,-0.088018954,0.061849996,-0.06473224,-0.046292856,-0.07886073,0.18763682,0.85656554,0.9199084,0.807879,0.8701739,0.88435227,0.9154774,0.9447641,0.9417418,0.85753936,0.7620189,0.9746632,0.79458416,0.93752855,0.8416162,0.86170566,0.94304013,0.9308878,0.92983204,0.8934226,0.77158034
7.0,-0.4660493,-0.8341922,-0.7224912,0.37596592,-0.885278,-0.0055309334,0.51164615,-0.31759426,0.9002859,1.2327433,-0.24838449,-0.99506485,0.584437,-1.0092992,-0.34382594,-0.09512795,-0.3499895,-0.33502752,-0.47420114,1.4716948,0.8630631,0.7441072,1.1476115,1.0166525,0.7618544,1.0798126,0.84051144,0.84654176,1.0318588,0.8685621,1.0039277,1.156129,0.9506081,0.6440847,0.84148276,0.6436091,0.92713255,0.81613845,0.8134539,0.80458474
11.0,0.6115221,0.4547067,1.1695595,-0.72047436,0.5579729,-0.13985913,-0.24112993,0.07493159,-0.7828869,-1.5374137,0.22107995,1.3762385,-0.2893116,0.8394816,0.7559393,0.100789726,0.27923656,0.12707719,0.63330764,-1.392074,0.6376361,0.8485073,0.36992082,0.60563964,0.65132505,0.8157705,0.691076,0.8023068,0.58918417,0.30670783,0.80134165,0.29165828,0.7230478,0.60928047,0.5038788,0.79811877,0.7689087,0.8715737,0.5456985,0.38305086
3.0,-0.26194417,-0.29878843,-0.39837095,0.32329386,-0.34820393,0.03851039,0.2764957,-0.1250348,0.416531,0.5164769,-0.12574787,-0.56152546,0.19518453,-0.31215855,-0.23340958,-0.0031900518,-0.16263697,-0.12239333,-0.22924876,0.64026046,0.88406914,0.8762396,0.91414905,0.93945706,0.8555048,0.9320666,0.9346346,0.92455745,0.90009654,0.8501617,1.008227,0.9327828,0.95973516,0.81694573,0.90788597,0.87237304,0.93320304,0.91782874,0.9138343,0.81290555
6.0,0.033813603,0.034950197,0.024965726,0.092800826,-0.071002275,-0.026492942,0.051881503,-0.018225905,-0.0030760989,-0.1018634,-0.007221368,0.012487359,-0.05842476,0.1847162,0.02240749,0.09890773,-0.004288044,-0.00838927,0.011904847,-0.065891996,0.83716047,0.92514426,0.7399226,0.8226687,0.88048553,0.90603304,0.9374568,0.9367308,0.8262725,0.69335824,0.94766164,0.71135604,0.9146536,0.8323048,0.81349766,0.9473494,0.9155262,0.927372,0.86186004,0.7246316
8.0,-0.13535926,-0.1243541,-0.22173542,0.24054551,-0.2027753,0.015436402,0.17369255,-0.064328805,0.2237457,0.23205931,-0.07337723,-0.31384426,0.058547378,-0.058419984,-0.1331712,0.04603642,-0.09872023,-0.06422631,-0.123441786,0.30523407,0.8794569,0.9112151,0.82740897,0.89915127,0.8834353,0.906529,0.94787604,0.9394477,0.8583231,0.79674083,0.9829495,0.8466351,0.9500126,0.83943516,0.87583256,0.92568785,0.9257562,0.9266415,0.9162341,0.7954406
5.0,-0.31504363,-0.37990955,-0.4745246,0.35838807,-0.3894957,0.037494216,0.33300018,-0.13731094,0.49030092,0.62745,-0.1460073,-0.6486574,0.23786604,-0.3852738,-0.2613551,-0.017396368,-0.19966981,-0.14514971,-0.27059335,0.7496735,0.91623604,0.8625133,0.91770816,0.973908,0.84808147,0.91868323,0.9269949,0.9151493,0.8896115,0.8798369,1.0170316,0.9909092,0.9680028,0.8015521,0.90477467,0.8366185,0.91584265,0.9050447,0.93514144,0.83239764
8.0,-0.15340379,-0.14539206,-0.24459267,0.25714183,-0.23448293,0.024462579,0.18325421,-0.08410732,0.25564912,0.27908885,-0.08111636,-0.3586253,0.08276156,-0.11091757,-0.15750581,0.035540655,-0.10410832,-0.07595292,-0.14027984,0.37037742,0.864839,0.90723443,0.8552514,0.89606446,0.87648666,0.92213905,0.94368994,0.9394252,0.87671226,0.8026883,0.9917377,0.848149,0.9481629,0.8390152,0.8891456,0.9252376,0.9386743,0.9287032,0.9031022,0.79282224
11.0,0.45979846,0.33679047,0.7729663,-0.45408338,0.32557023,-0.1289625,-0.19877458,0.04735746,-0.55149513,-1.0829998,0.16644317,0.9469913,-0.23842406,0.671332,0.53265905,0.13651308,0.22286059,0.09433798,0.42612565,-1.0096015,0.7101624,0.8672495,0.4646314,0.64707446,0.7443139,0.8259142,0.79316616,0.8378132,0.6506819,0.40027282,0.8343034,0.39323062,0.7730516,0.6877212,0.58923227,0.8471857,0.7919767,0.8827639,0.6416658,0.46798143
10.0,0.3372665,0.24592537,0.51126355,-0.26760605,0.184784,-0.112147436,-0.13902801,0.037191518,-0.38579974,-0.7625839,0.11571494,0.6478249,-0.19958201,0.5417534,0.37696207,0.15520367,0.16164012,0.071418166,0.28630584,-0.73061335,0.7580613,0.88247174,0.54347837,0.6873741,0.8015551,0.8456734,0.8599374,0.86850774,0.703069,0.48182616,0.86063033,0.48473528,0.8161495,0.7433754,0.6558915,0.87855893,0.82477367,0.8973666,0.71660644,0.5433854
4.0,-0.035978418,-0.026054097,-0.08052746,0.1568408,-0.12206788,-0.009029307,0.100801915,-0.033188015,0.0885929,0.035189316,-0.03525484,-0.12313773,-0.01460097,0.09117716,-0.04313069,0.079723984,-0.04403615,-0.029356837,-0.044664368,0.082751736,0.8579282,0.9216575,0.77473444,0.8556392,0.8864355,0.9042711,0.94563353,0.9396046,0.83857226,0.73814076,0.9613685,0.7689322,0.9313677,0.8389119,0.8404729,0.9420739,0.9195484,0.9278927,0.8898956,0.75788206
2.0,0.6548178,0.4729526,1.2597449,-0.79440266,0.6091347,-0.14747396,-0.24929559,0.09002371,-0.8378463,-1.6531358,0.23493202,1.4857184,-0.30432537,0.8746459,0.82554466,0.10593008,0.290279,0.14162889,0.6840624,-1.4981056,0.6209853,0.8381149,0.34780344,0.5903113,0.63149667,0.8051595,0.66482615,0.7883486,0.573829,0.28512505,0.784287,0.27332026,0.7084844,0.5884261,0.48390892,0.77326894,0.75975376,0.8744155,0.52099246,0.36170822
10.0,0.23640566,0.18129572,0.33888558,-0.13130608,0.09312233,-0.08661897,-0.07847171,0.024751656,-0.26203352,-0.5291375,0.07435545,0.42884952,-0.16391225,0.4374483,0.2511169,0.14587924,0.1083688,0.048063055,0.18885201,-0.51148057,0.78857917,0.90355325,0.60986525,0.72943425,0.8367463,0.87098306,0.89571536,0.89946395,0.74996394,0.5530388,0.89081496,0.5577187,0.85300034,0.78145844,0.71019745,0.9101631,0.86215186,0.91065603,0.7713194,0.60789126
11.0,0.5579996,0.39055794,0.9764241,-0.61917907,0.44520572,-0.14949474,-0.24235603,0.06769561,-0.6840467,-1.3504249,0.20376438,1.1957009,-0.25883284,0.7538191,0.684505,0.14614463,0.265222,0.12128591,0.53803957,-1.2417368,0.6697297,0.83700997,0.4052211,0.61262983,0.6974774,0.803838,0.7413849,0.7990426,0.6030924,0.33742177,0.797373,0.33665386,0.73770124,0.6406382,0.53674245,0.79617333,0.75613934,0.8772071,0.5838109,0.40807202
7.0,-0.22723489,-0.24616009,-0.34944606,0.30230114,-0.30622917,0.034241613,0.24619731,-0.108571455,0.36305743,0.436151,-0.11092375,-0.4951197,0.15583311,-0.24102208,-0.20860007,0.009920843,-0.14437222,-0.10528184,-0.2001422,0.54718876,0.8810565,0.88766056,0.8921444,0.9284134,0.864295,0.92652714,0.9397003,0.9300232,0.8904679,0.8370396,1.0023978,0.90820575,0.9580239,0.8260769,0.90243214,0.8915235,0.9339046,0.92199194,0.91505724,0.8095841
1.0,-0.16808194,-0.15942416,-0.26547697,0.27964434,-0.27180067,0.033728577,0.18510923,-0.11276575,0.28850228,0.32647672,-0.091117434,-0.4051414,0.11010548,-0.17414485,-0.18406945,0.025442999,-0.1055716,-0.08986155,-0.15644099,0.43915087,0.8382519,0.89998645,0.8927179,0.88224286,0.8665914,0.9450942,0.93741834,0.93947136,0.898096,0.8057677,1.000416,0.840008,0.9442563,0.83595437,0.90336233,0.92508936,0.95555747,0.9309477,0.88029605,0.7843174
10.0,0.41135368,0.29077464,0.6477942,-0.37776077,0.25981387,-0.12879214,-0.18011111,0.04678139,-0.478981,-0.94553125,0.1463685,0.8170717,-0.22010463,0.61161935,0.47621554,0.15833491,0.19962253,0.08835941,0.36326927,-0.89420307,0.73273766,0.8644359,0.49575397,0.6592945,0.77141184,0.8270501,0.8274392,0.8431551,0.6680183,0.43082696,0.837269,0.43427083,0.7890399,0.71236825,0.61560124,0.8511693,0.7965992,0.8881633,0.67426974,0.495963
3.0,-0.050765734,-0.041622642,-0.1003527,0.16770908,-0.14103843,-0.0019389513,0.11055511,-0.042837866,0.11184566,0.06859007,-0.04059787,-0.15639074,0.0018819582,0.05860276,-0.06090475,0.07014861,-0.05084126,-0.036280036,-0.057947446,0.12704581,0.85418814,0.9216825,0.7909789,0.86155236,0.8850886,0.9130885,0.94405717,0.9406333,0.8508756,0.74647236,0.967146,0.777286,0.93346834,0.8405766,0.8497633,0.9453567,0.92593974,0.9295316,0.8891461,0.7620959
6.0,-0.2617807,-0.29610047,-0.39666182,0.32674706,-0.3518088,0.040008146,0.27368408,-0.12908456,0.41733637,0.5177179,-0.125862,-0.56389946,0.19589652,-0.31756303,-0.23688532,-0.003215216,-0.16043358,-0.12367763,-0.22875652,0.6450107,0.87770885,0.8754845,0.9195805,0.93256825,0.8533681,0.9350375,0.9334168,0.9254267,0.9032215,0.8478562,1.0096227,0.9264816,0.95782614,0.8172904,0.91031945,0.8734487,0.9378804,0.9191735,0.90696305,0.8089582
11.0,0.5224309,0.38188973,0.9216151,-0.55967474,0.41137218,-0.13602836,-0.22318739,0.056707896,-0.64234185,-1.2613605,0.19054061,1.1140211,-0.25591853,0.7357677,0.6225731,0.12689564,0.250742,0.10767151,0.5051063,-1.1609322,0.6823442,0.85647565,0.4248882,0.6283726,0.70994985,0.818139,0.7550125,0.82026833,0.62318593,0.35985306,0.81866217,0.35064808,0.7516325,0.6567032,0.5541473,0.8252106,0.7768084,0.8769676,0.60274,0.43063888
5.0,-0.27009058,-0.3058597,-0.40897444,0.33183125,-0.34367877,0.03713691,0.28605783,-0.12144725,0.42268097,0.52515596,-0.12724039,-0.56972224,0.1925848,-0.3077455,-0.23637155,-0.0029168203,-0.16990303,-0.123111896,-0.23314649,0.64242125,0.89712936,0.8764382,0.90501064,0.94808435,0.856726,0.92174345,0.934839,0.9243516,0.890062,0.8575996,1.0096122,0.94591326,0.9631288,0.8163588,0.9059499,0.8675778,0.92732674,0.9156141,0.92431605,0.82054293
4.0,-0.15318179,-0.14516234,-0.24741521,0.25318292,-0.21653497,0.018288704,0.18827957,-0.06863198,0.24802265,0.26713288,-0.08033579,-0.34637922,0.07315466,-0.08510809,-0.14630207,0.04006297,-0.10889381,-0.07021732,-0.137435,0.34366444,0.8854075,0.9079182,0.8344022,0.90846,0.88214856,0.90560555,0.94794565,0.9381635,0.85995,0.8068617,0.98550755,0.86256963,0.95353174,0.837792,0.87970084,0.9197155,0.92406344,0.92544276,0.92217857,0.8018878
11.0,0.7094861,0.50635034,1.3993443,-0.88998586,0.6870247,-0.14845577,-0.2450507,0.11043145,-0.91066855,-1.8078941,0.24982305,1.633006,-0.3362331,0.9346232,0.90703917,0.09278478,0.29563725,0.15678546,0.76020455,-1.6391872,0.59802645,0.8349404,0.320267,0.5746315,0.5980302,0.7965289,0.6249249,0.7809316,0.56032693,0.2612265,0.7706046,0.24728912,0.6907901,0.56116,0.4575189,0.75344104,0.7612838,0.8753043,0.4896561,0.34030557
4.0,-0.02877932,-0.018835068,-0.06982192,0.1513071,-0.11628655,-0.010908416,0.095496446,-0.031445954,0.07875491,0.020907678,-0.03247667,-0.10904687,-0.020268915,0.10211032,-0.036712453,0.08241175,-0.04003876,-0.027098686,-0.03884185,0.06649427,0.8560999,0.9221955,0.7708092,0.85189277,0.8861772,0.9038495,0.94522774,0.93951803,0.8366139,0.7337517,0.9599837,0.7628974,0.9296429,0.838426,0.83782977,0.94262457,0.91917735,0.92782253,0.88733757,0.75478595
3.0,-0.039519496,-0.028862685,-0.090303004,0.16128431,-0.11711639,-0.012177795,0.10426852,-0.027001113,0.08999824,0.03784057,-0.037926212,-0.12574983,-0.016457405,0.09638162,-0.040510822,0.08314897,-0.047395654,-0.027856965,-0.0468252,0.07799076,0.8678535,0.91844934,0.767002,0.8590232,0.88819647,0.89423966,0.94906914,0.93793756,0.8287056,0.74131876,0.9568099,0.7774993,0.933663,0.83728963,0.8360931,0.93520176,0.9110133,0.92584944,0.89888644,0.76166517
5.0,-0.2573042,-0.28299823,-0.3918279,0.32585835,-0.32006043,0.034637153,0.2758065,-0.1105405,0.39911154,0.48961413,-0.12125505,-0.54187477,0.17207453,-0.26979512,-0.22557922,0.0031108744,-0.16482663,-0.11462141,-0.22138496,0.59686947,0.90354276,0.88229793,0.8893542,0.94884837,0.8626246,0.91326267,0.93839663,0.9271901,0.8800537,0.8562169,1.0062083,0.94234383,0.9646833,0.8206165,0.90213615,0.8750925,0.92317235,0.91664815,0.93267727,0.82424784
9.0,-0.06966541,-0.057165135,-0.12670714,0.18685573,-0.15627784,0.0033351681,0.123210065,-0.049976,0.13704488,0.10619408,-0.04803036,-0.1933536,0.01327811,0.031503685,-0.08039468,0.064783715,-0.061196998,-0.043278374,-0.072876185,0.16920446,0.8570134,0.9205935,0.80204016,0.86796016,0.88498086,0.9134881,0.94491565,0.9415671,0.85440886,0.7580369,0.9724678,0.79023355,0.93656063,0.841408,0.8581656,0.94339544,0.9290173,0.92959535,0.89311194,0.76949084
1.0,-0.16793673,-0.15219301,-0.27247187,0.27336687,-0.2102733,0.016328126,0.20086797,-0.06135921,0.2590775,0.2835292,-0.086756974,-0.36465883,0.07008234,-0.07997425,-0.15303513,0.04066594,-0.121226266,-0.071434125,-0.14673577,0.34721887,0.9076188,0.90537393,0.82210493,0.9220934,0.88554794,0.8868433,0.9520704,0.9386491,0.84192353,0.8218878,0.981767,0.8873391,0.9610566,0.8347702,0.8751399,0.9108374,0.9100654,0.92169505,0.9439894,0.8166062
2.0,0.65266204,0.48544547,1.2870005,-0.796503,0.62668586,-0.14125475,-0.24160987,0.08763315,-0.84570277,-1.6647305,0.23379807,1.4979239,-0.31066364,0.88900733,0.8198454,0.08908388,0.28587985,0.13779116,0.69472855,-1.5016099,0.617573,0.8456395,0.34642595,0.5949545,0.6231125,0.813265,0.6606768,0.7951802,0.5762132,0.28528064,0.79260945,0.26829833,0.7094129,0.587662,0.48158622,0.78462297,0.76890975,0.8703586,0.5204506,0.3643522
1.0,-0.23670144,-0.25611505,-0.36238447,0.3202225,-0.34488976,0.043233316,0.24247584,-0.13665503,0.38891542,0.474582,-0.11932714,-0.53295213,0.18175808,-0.30220148,-0.23108368,0.0013895072,-0.14008322,-0.11840429,-0.2116735,0.6095486,0.84908944,0.8788075,0.9314936,0.905165,0.8523383,0.95017564,0.9324063,0.93025565,0.91435164,0.83265936,1.008297,0.8900676,0.95006853,0.82228124,0.914767,0.8905297,0.9524819,0.9257649,0.8841224,0.7931989
5.0,-0.24199125,-0.28243765,-0.37591228,0.30430782,-0.3588966,0.041390967,0.25348887,-0.13362283,0.4021621,0.4940296,-0.12317955,-0.54154915,0.20205969,-0.3212681,-0.22396593,-0.005192183,-0.14625372,-0.12037196,-0.22201604,0.63038015,0.8563367,0.8746022,0.9345724,0.92384917,0.8529464,0.95792377,0.9350397,0.9244303,0.92265415,0.83572763,1.0014024,0.907739,0.95320624,0.81632835,0.90933114,0.88335,0.9419112,0.92238265,0.8945619,0.79822534
2.0,0.00041848235,0.0077953096,-0.02749392,0.12644763,-0.09184056,-0.019968754,0.07480574,-0.022765512,0.038976833,-0.037554238,-0.021543412,-0.050735395,-0.041708134,0.14624758,-0.0075563975,0.09389048,-0.023945656,-0.01728423,-0.015115213,-0.000997737,0.8504313,0.9225142,0.75275713,0.83757174,0.8845755,0.90067625,0.94401526,0.9376868,0.8267805,0.71534336,0.9525581,0.7401318,0.92285365,0.83527285,0.8250369,0.9418826,0.9148635,0.9268215,0.8781564,0.741702
4.0,-0.056355894,-0.045986198,-0.11025515,0.17344871,-0.13799474,-0.0039573247,0.11564921,-0.03867764,0.116419956,0.07555817,-0.043132022,-0.16247714,0.00061038573,0.06086469,-0.0614347,0.07277848,-0.055425994,-0.035968453,-0.06100216,0.12797613,0.8628478,0.9199164,0.78554475,0.865635,0.8868196,0.9050746,0.94677806,0.93969995,0.8430902,0.7505612,0.96547365,0.7856784,0.9359779,0.83973557,0.8478613,0.9397606,0.92062795,0.9278279,0.8966787,0.7664935
6.0,-0.10247719,-0.09073943,-0.18027838,0.21200058,-0.16464064,0.002605792,0.15142223,-0.04385985,0.17517471,0.16078764,-0.06197483,-0.24492873,0.029910553,0.0049617887,-0.09586632,0.060927726,-0.083469175,-0.048533976,-0.09643222,0.21495885,0.8848309,0.9132118,0.7976934,0.8915166,0.88858134,0.8952954,0.9512908,0.93812853,0.84023595,0.78026974,0.9697798,0.8305419,0.9481134,0.8379844,0.8574518,0.92665476,0.9127653,0.9247265,0.92071587,0.78881776
2.0,0.04193467,0.03951899,0.032092713,0.08474537,-0.0595523,-0.033032816,0.04704332,-0.010139634,-0.015707359,-0.120387465,-0.0054784296,0.03142716,-0.06587018,0.20212746,0.03718872,0.10702677,-0.00030757487,-0.0034369417,0.018721957,-0.09261851,0.8419512,0.9207961,0.72772264,0.8187417,0.88026243,0.8972697,0.94016016,0.933227,0.81526434,0.6875291,0.94066924,0.70902425,0.913016,0.8297803,0.8051581,0.93907523,0.90697974,0.9252922,0.8637887,0.7207776
4.0,0.032699347,0.034289077,0.022552222,0.09439542,-0.071036406,-0.026661415,0.052712422,-0.017504353,-0.002213277,-0.10014589,-0.007903351,0.010665417,-0.058809858,0.18491906,0.021853466,0.09953017,-0.005074203,-0.008405168,0.010990497,-0.06503558,0.8387039,0.9248109,0.7392854,0.8230202,0.8808884,0.9043642,0.9381633,0.9366382,0.8250037,0.69420296,0.9473297,0.7126948,0.9148464,0.83238554,0.8134736,0.9463249,0.9146677,0.92717373,0.86314094,0.7253799
2.0,0.33875376,0.26369926,0.5407,-0.2665633,0.1929748,-0.10225734,-0.13589743,0.027828429,-0.39509648,-0.7740059,0.118118286,0.66127527,-0.20486885,0.55410355,0.36351958,0.13289985,0.16240953,0.06606262,0.29509836,-0.7358313,0.7511854,0.8991463,0.54539907,0.6921405,0.7981101,0.85688144,0.8477859,0.88073313,0.7104876,0.48396662,0.87364495,0.47379974,0.81744313,0.7397747,0.6575758,0.8970839,0.83817756,0.89853895,0.7107409,0.54562515
9.0,-0.02600132,-0.01831623,-0.061938625,0.14651594,-0.1259784,-0.0064178426,0.091684595,-0.041090667,0.080946065,0.02239256,-0.030681465,-0.1107576,-0.011957467,0.087423,-0.041159973,0.07536326,-0.03630428,-0.029864006,-0.038841303,0.07906291,0.84238696,0.92414296,0.7835756,0.8489668,0.8828227,0.9192849,0.94076514,0.940807,0.851155,0.73084635,0.96407884,0.754773,0.92771685,0.8391353,0.84274006,0.951263,0.92833906,0.930369,0.8769479,0.7503843
9.0,-0.29406124,-0.32959086,-0.46637252,0.40015918,-0.49930117,0.06816932,0.25287765,-0.2355479,0.5180033,0.652415,-0.17180313,-0.7068815,0.30243117,-0.5531375,-0.3033973,-0.04228016,-0.1459869,-0.17093983,-0.27618366,0.8572706,0.7714662,0.83484876,1.067575,0.85599756,0.81620467,1.0215629,0.9068822,0.92221963,0.97685784,0.84115106,1.0097727,0.87158227,0.93060774,0.7880102,0.93424046,0.86332023,0.97444665,0.9284089,0.81249684,0.75257456
3.0,-0.07914724,-0.06718153,-0.14116006,0.1939038,-0.16085027,0.0040630605,0.13094085,-0.050009914,0.14901453,0.12333796,-0.051752456,-0.20942222,0.018966697,0.02113444,-0.08626497,0.063206084,-0.067071036,-0.045455404,-0.079874605,0.18577506,0.86246437,0.91888607,0.80340993,0.8735388,0.8854757,0.9106629,0.9462522,0.94083357,0.8529508,0.763787,0.972977,0.799933,0.9392277,0.8410367,0.85951245,0.9396907,0.9268417,0.928763,0.8985318,0.7740179
4.0,-0.019417508,-0.01259085,-0.061672963,0.14185205,-0.10236775,-0.01784434,0.090298966,-0.021328058,0.06377449,-0.0010122322,-0.030207988,-0.08720595,-0.02824884,0.12283456,-0.020372476,0.08951244,-0.03580212,-0.021127082,-0.030892849,0.03524228,0.86260927,0.91868436,0.75664675,0.84970635,0.8870069,0.8944461,0.9476981,0.93657887,0.82511944,0.7280931,0.9518732,0.76159817,0.9292038,0.83590454,0.8278572,0.9359347,0.9090166,0.92569464,0.8917112,0.7520426
3.0,-0.11641042,-0.10308068,-0.19675061,0.22578907,-0.18164673,0.009366172,0.16021132,-0.053755928,0.1953616,0.19083895,-0.066369966,-0.2748676,0.040491693,-0.021417025,-0.1140091,0.05426167,-0.089680195,-0.055746138,-0.10777694,0.25432056,0.88130814,0.9136815,0.81170994,0.89366215,0.8865026,0.900608,0.9494192,0.93973553,0.84920985,0.78742814,0.9767519,0.8357476,0.9482697,0.8396105,0.8669329,0.9281992,0.92045236,0.9261911,0.9174219,0.791575
6.0,-0.12895647,-0.11929036,-0.21076429,0.23625702,-0.21377192,0.019750945,0.1649992,-0.07533797,0.22177306,0.22994414,-0.07171833,-0.3125491,0.0642981,-0.072467655,-0.13670741,0.042511165,-0.09115256,-0.06665755,-0.121483825,0.3151875,0.8605694,0.9118541,0.8427302,0.8882474,0.8794288,0.9223655,0.9442292,0.94059056,0.87354726,0.7900977,0.9865387,0.8306525,0.94473845,0.8406757,0.8818351,0.93311864,0.93721545,0.9297596,0.8997412,0.78625154
8.0,-0.29985604,-0.38569042,-0.4612642,0.32800403,-0.4372284,0.040913098,0.31184208,-0.15791579,0.4994869,0.6390618,-0.15000561,-0.6470227,0.2741096,-0.4431892,-0.2540351,-0.024773702,-0.18572298,-0.15244433,-0.27470028,0.7894486,0.8701484,0.85283476,0.9661467,0.95418406,0.83974475,0.96793336,0.926969,0.90962434,0.93575925,0.8572837,1.0062783,0.9608488,0.9600809,0.7935037,0.90890306,0.8403069,0.93280506,0.9075259,0.8990871,0.8081491
5.0,-0.18438661,-0.18832201,-0.28934926,0.27492666,-0.26760805,0.02990304,0.20854652,-0.095971204,0.30227494,0.3468171,-0.09405896,-0.418526,0.11678893,-0.17094295,-0.18001655,0.02326588,-0.11990082,-0.08845919,-0.16642465,0.4493069,0.868383,0.89864165,0.87490505,0.9090473,0.8710141,0.92773676,0.9422567,0.9354629,0.8866165,0.81673324,0.9960063,0.8721229,0.9520352,0.83411944,0.89625204,0.91272765,0.93818754,0.9268744,0.90640026,0.79884833
6.0,-0.2056546,-0.2310602,-0.32417217,0.27612412,-0.30016172,0.03210389,0.2288596,-0.10506288,0.34111807,0.4021596,-0.10503392,-0.4616722,0.15359987,-0.22658765,-0.18943153,0.01154013,-0.13186522,-0.09839683,-0.18888888,0.51496345,0.8696781,0.8890666,0.8932146,0.9243087,0.8660095,0.93994194,0.9414775,0.92840534,0.9001671,0.8252861,0.9946226,0.89377916,0.9554649,0.8265424,0.8976275,0.89997405,0.93349576,0.9237525,0.9096547,0.8020842
11.0,0.60104585,0.4365003,1.119074,-0.6985232,0.5274663,-0.1441718,-0.24438536,0.07433208,-0.7592231,-1.493755,0.21834841,1.3336722,-0.28083953,0.81658113,0.7430206,0.116450645,0.27819586,0.12727898,0.60946727,-1.358839,0.6457769,0.84334916,0.3776256,0.6055203,0.6641812,0.8101832,0.7032694,0.79904693,0.59137785,0.3129608,0.7976219,0.30271912,0.7256169,0.6163317,0.51153713,0.7936867,0.7628575,0.8739621,0.5538525,0.38726318
4.0,-0.03400222,-0.025600921,-0.07811096,0.15371777,-0.11995934,-0.01026852,0.099783696,-0.03183048,0.08622005,0.03125933,-0.034542594,-0.11877464,-0.014984655,0.093699485,-0.039762057,0.080602504,-0.04299686,-0.0282919,-0.043012984,0.077753685,0.858105,0.9210531,0.7728966,0.85542214,0.88631666,0.90413207,0.94578445,0.93892527,0.83768487,0.7366366,0.96018744,0.76826584,0.9313737,0.838443,0.8387966,0.9412595,0.9183551,0.92762005,0.8899422,0.7569596
5.0,-0.23665264,-0.26240322,-0.3632081,0.30571312,-0.3182264,0.034652334,0.25514755,-0.11253783,0.37890482,0.45915464,-0.115273274,-0.5126974,0.16826768,-0.26144838,-0.21371107,0.006395776,-0.15004402,-0.10985454,-0.20875385,0.5729304,0.88228446,0.8841038,0.8981073,0.9333312,0.86208624,0.9292353,0.9388315,0.92766577,0.89350605,0.84073347,1.0033588,0.91642594,0.95934945,0.8229157,0.90307206,0.8855254,0.93287545,0.92027086,0.9158343,0.81107354
9.0,-0.07827972,-0.066076584,-0.14119834,0.1930932,-0.1561531,0.0021906565,0.13115416,-0.046126064,0.14603221,0.11905047,-0.05155641,-0.20524931,0.015869968,0.028186996,-0.082812004,0.06521176,-0.067465186,-0.043849513,-0.078500494,0.17764574,0.866896,0.91848433,0.7981356,0.8747825,0.88660175,0.90604985,0.9473921,0.94036674,0.8482253,0.7638657,0.97094613,0.8020232,0.9399647,0.8405809,0.8568252,0.9376264,0.9231905,0.92794305,0.90216446,0.77513903
6.0,-0.028784417,-0.018516986,-0.06790593,0.15139964,-0.12019393,-0.008846286,0.09473965,-0.035318084,0.08041769,0.023167588,-0.032097943,-0.11148402,-0.01797784,0.09667084,-0.040006906,0.079949915,-0.03935374,-0.028520733,-0.039392818,0.072786346,0.851426,0.9234696,0.77578306,0.8508726,0.8852611,0.90890205,0.9436648,0.940449,0.8417028,0.73351437,0.96238005,0.76015776,0.92894804,0.8390686,0.84058404,0.94596523,0.9232546,0.92878777,0.8836372,0.75381315
3.0,-0.13502246,-0.1324197,-0.22063035,0.23474053,-0.22181311,0.01999707,0.17093074,-0.07700938,0.23329163,0.2450508,-0.07455078,-0.3242445,0.07591374,-0.08843681,-0.13810031,0.03915942,-0.094395675,-0.06868462,-0.12778173,0.33282226,0.8611481,0.908695,0.84751236,0.893627,0.8779865,0.9266209,0.94446796,0.93815356,0.8776866,0.7923295,0.98566616,0.83779657,0.94656765,0.8387015,0.88167846,0.9295789,0.93554187,0.92911553,0.90156096,0.787373
4.0,-0.047866985,-0.03843194,-0.100196496,0.16584806,-0.12713481,-0.008506002,0.11033818,-0.032231554,0.10334833,0.0564951,-0.040412053,-0.14357403,-0.007147428,0.07842496,-0.04987507,0.07788603,-0.051488083,-0.031568985,-0.0536908,0.10261954,0.86574304,0.9190047,0.7757816,0.8631002,0.88759047,0.8999419,0.9479649,0.93850315,0.8359662,0.7456911,0.96090186,0.7821035,0.93521273,0.8384407,0.8415253,0.93719685,0.9154012,0.9267198,0.89820665,0.76409173
6.0,-0.007927364,-0.0041135456,-0.053373378,0.13281952,-0.086740196,-0.026554443,0.08253431,-0.0110011995,0.046207972,-0.025949676,-0.028697101,-0.062419746,-0.036442287,0.14461774,-0.0013772771,0.09860793,-0.030055689,-0.014391772,-0.022372171,-0.0008127913,0.86828494,0.9124049,0.7410852,0.84474707,0.8867343,0.88381225,0.9512858,0.932299,0.81070995,0.7212084,0.94107,0.7592481,0.928162,0.8318227,0.8157186,0.92658246,0.896185,0.9228334,0.8958713,0.74784684
9.0,-0.16851217,-0.15856633,-0.2640318,0.27342862,-0.24333869,0.026018074,0.19448979,-0.08851782,0.27509987,0.30684683,-0.08627307,-0.3844478,0.08908869,-0.128317,-0.17019609,0.033948008,-0.11302313,-0.081387274,-0.15044086,0.39846057,0.86962086,0.9047268,0.8592009,0.8995778,0.874673,0.91842157,0.94349086,0.9390625,0.8739437,0.81067985,0.9956881,0.85882956,0.95083743,0.8379664,0.89289963,0.91905355,0.9396117,0.92737406,0.905782,0.7976082
10.0,-0.050813224,-0.038792618,-0.1043091,0.17104247,-0.12840617,-0.0076769204,0.111924544,-0.032975413,0.106160246,0.061357837,-0.041679822,-0.14878577,-0.007886324,0.077210784,-0.053627536,0.07795026,-0.053359523,-0.032642864,-0.05587833,0.10694689,0.8671789,0.9192283,0.7764121,0.8634966,0.887958,0.89818484,0.94852024,0.9391459,0.834791,0.7480342,0.961708,0.78407145,0.93549865,0.8386294,0.8428423,0.9368208,0.9155871,0.92665726,0.89950365,0.7658432
10.0,0.31184876,0.22879186,0.4642741,-0.23181516,0.16020463,-0.10681334,-0.124545775,0.034694515,-0.3538364,-0.7013988,0.104899205,0.5906809,-0.19095509,0.51558936,0.34543744,0.15523788,0.14841571,0.06601816,0.26030087,-0.67502546,0.76660174,0.8867324,0.5598705,0.69705784,0.81121415,0.8512119,0.8709353,0.87572145,0.7142127,0.49944648,0.86721706,0.5035107,0.82533914,0.7535681,0.66938585,0.8855109,0.83319247,0.9005579,0.73122776,0.5594854
6.0,-0.13475169,-0.12992394,-0.22113219,0.2342712,-0.2088181,0.015874961,0.17363742,-0.06725329,0.22731802,0.23632485,-0.07370095,-0.31565216,0.066781916,-0.06930679,-0.1318473,0.043628003,-0.09737076,-0.06503961,-0.124770895,0.31400165,0.87403005,0.9097767,0.83328503,0.8992896,0.8817094,0.9142962,0.9470429,0.93789,0.86528474,0.79457545,0.9830118,0.8449158,0.9495333,0.83864886,0.87651044,0.9259479,0.9277166,0.9270275,0.91233057,0.7926231
10.0,0.6851755,0.498911,1.3558607,-0.8516398,0.66438806,-0.14528471,-0.24331966,0.10043487,-0.8848641,-1.7497121,0.24333273,1.5784765,-0.3258193,0.91731405,0.8705864,0.09001728,0.29133916,0.14860931,0.7339638,-1.5816406,0.6057893,0.8398143,0.33074805,0.583741,0.6075745,0.8046903,0.6399407,0.78696793,0.5668667,0.270937,0.7807174,0.25543627,0.6985131,0.5723138,0.46712703,0.76752406,0.76506245,0.8724835,0.5024725,0.3503386
11.0,0.69800144,0.4972466,1.3625201,-0.8679973,0.66654277,-0.15051782,-0.24901533,0.10644669,-0.8945049,-1.7728478,0.2473528,1.5985687,-0.3268882,0.9181026,0.890837,0.09928286,0.2967262,0.15372804,0.7413812,-1.6070962,0.6040406,0.83393484,0.32609326,0.57663894,0.6067672,0.7973865,0.63420844,0.78099495,0.5625184,0.26576686,0.77182424,0.25347233,0.6950358,0.56718,0.4636221,0.7551288,0.75870246,0.8768695,0.4959881,0.34349495
11.0,0.68678886,0.49569264,1.3491224,-0.85254264,0.6601819,-0.14746907,-0.24632967,0.100535914,-0.8835278,-1.7483823,0.2434072,1.5775486,-0.323338,0.9131565,0.8733016,0.09596947,0.29268184,0.15043423,0.730905,-1.5832134,0.6059227,0.83736235,0.33093598,0.5819112,0.6102943,0.8020368,0.6408122,0.78415006,0.5651958,0.2705184,0.77771306,0.25659323,0.69786245,0.5716845,0.46765977,0.7634826,0.7613979,0.8737557,0.5020426,0.34905294
3.0,-0.10362603,-0.08978772,-0.1766845,0.21607175,-0.17636424,0.00853033,0.14934026,-0.05454198,0.18007559,0.16883434,-0.061200604,-0.25370085,0.033005364,-0.008802038,-0.10656291,0.05719427,-0.08141106,-0.052972905,-0.09834291,0.23359017,0.87215996,0.91600513,0.81141365,0.88485706,0.88568527,0.9059548,0.94790804,0.9406407,0.8524648,0.7788944,0.9768797,0.821113,0.9443958,0.84072995,0.86618006,0.9334033,0.92530596,0.92762154,0.9083076,0.7846388
10.0,0.4425928,0.3170611,0.72104394,-0.42670155,0.29871342,-0.13130416,-0.19409204,0.048086364,-0.5229688,-1.0309242,0.15910636,0.8972024,-0.23069131,0.64680254,0.5147132,0.14997694,0.21432243,0.09352411,0.40090975,-0.96700346,0.7193017,0.8627984,0.47570312,0.64994466,0.7555108,0.8236144,0.8081507,0.83664864,0.6551453,0.41073388,0.8326117,0.4096353,0.77790594,0.6971051,0.5989637,0.84496653,0.79016054,0.8845127,0.6541499,0.47735685
11.0,0.69816077,0.5030446,1.3789691,-0.87197506,0.676468,-0.1473195,-0.24435747,0.10645583,-0.899062,-1.7812625,0.24733521,1.6073749,-0.33173668,0.9268102,0.8906163,0.09124058,0.29400706,0.15268007,0.74845594,-1.611944,0.60212934,0.8371066,0.32485345,0.57871825,0.60200655,0.8004356,0.6317429,0.7839057,0.56364435,0.26549923,0.775348,0.25091428,0.6946061,0.56658703,0.46185884,0.75987315,0.76336557,0.87434775,0.49543768,0.3446716
11.0,0.68903834,0.49930295,1.3605355,-0.85734546,0.66667986,-0.14638792,-0.24430645,0.10202706,-0.8883663,-1.7578884,0.24439631,1.5861118,-0.32683948,0.9189613,0.87657756,0.09176977,0.29233646,0.15017033,0.737106,-1.5902331,0.6048182,0.8385551,0.32919934,0.58194,0.6067469,0.80290854,0.6379474,0.7854641,0.5655827,0.2693824,0.77856153,0.25448403,0.697306,0.5706133,0.4658388,0.7645603,0.7637231,0.87324387,0.50045997,0.34850705
10.0,-0.10779581,-0.09813292,-0.1863932,0.21441218,-0.17256165,0.004951473,0.15531965,-0.048195105,0.18450814,0.1738347,-0.06363492,-0.25671178,0.03697381,-0.008622017,-0.101737544,0.057669327,-0.08572517,-0.051347286,-0.10112736,0.23262192,0.8822175,0.91289526,0.8043738,0.89317155,0.8873141,0.899859,0.9503269,0.93794197,0.84562856,0.78234345,0.9725195,0.8326101,0.9484282,0.8383061,0.8610309,0.92702854,0.9160924,0.9252392,0.9186708,0.78920937
2.0,0.45325148,0.32655537,0.7483755,-0.44368076,0.31324512,-0.13138087,-0.1980505,0.04858681,-0.5389692,-1.0612171,0.16360675,0.9258168,-0.23451883,0.65956014,0.5276537,0.14551023,0.21958978,0.09497386,0.4148686,-0.9924991,0.71434146,0.86314005,0.46893784,0.64733744,0.7496212,0.8232997,0.80061287,0.8353646,0.65145034,0.4040217,0.83166444,0.40096736,0.774501,0.69175804,0.5930679,0.8437487,0.7890787,0.8834277,0.647062,0.47120887
3.0,-0.08219531,-0.07329332,-0.14475775,0.19422302,-0.17230248,0.007757006,0.13189559,-0.05738915,0.15762395,0.13512997,-0.05316577,-0.22076923,0.029403375,0.0022991821,-0.092472374,0.05767737,-0.066838235,-0.04876569,-0.08444163,0.20606622,0.85443676,0.9181617,0.8148259,0.8730644,0.88292116,0.92067736,0.94421726,0.9407722,0.86344385,0.7642073,0.9753956,0.7985614,0.93844074,0.8411774,0.8638932,0.9427305,0.9320373,0.93023324,0.89286953,0.7720824
3.0,-0.18271695,-0.18345603,-0.28794417,0.27296165,-0.24920486,0.024877014,0.21135804,-0.08301569,0.29279584,0.3322737,-0.09208291,-0.40487337,0.10397544,-0.14331912,-0.17122966,0.0282466,-0.12356861,-0.08315321,-0.16205822,0.42132467,0.88549924,0.9011604,0.8555713,0.91840494,0.8763569,0.9127853,0.94558054,0.93547326,0.8709974,0.82030916,0.9925023,0.88227016,0.956435,0.8344263,0.8893111,0.9101783,0.9276938,0.92436165,0.92200434,0.8070484
10.0,0.3764836,0.27316982,0.5877088,-0.32426193,0.22462595,-0.11905976,-0.15981552,0.040918972,-0.4363285,-0.85976297,0.13245161,0.7382094,-0.21257503,0.5824911,0.42554379,0.15209207,0.18199609,0.0791281,0.32811844,-0.81719494,0.744416,0.87707937,0.5183999,0.67336494,0.7854024,0.83779,0.8407567,0.85842794,0.6867002,0.4554381,0.85134786,0.4557368,0.80230975,0.72703314,0.63494253,0.868576,0.8131813,0.8927169,0.6934254,0.5189482
9.0,-0.14025968,-0.13460502,-0.22950274,0.23937163,-0.20813003,0.015187442,0.178796,-0.06533787,0.2327671,0.24400511,-0.075675786,-0.32282138,0.06732573,-0.07030094,-0.13407575,0.043674625,-0.101671845,-0.06566488,-0.12812313,0.3185186,0.88047415,0.90896773,0.8302775,0.9038008,0.8826104,0.9092153,0.94804907,0.93748736,0.86061805,0.79879665,0.98272043,0.85245687,0.95176595,0.83789897,0.87573135,0.9226648,0.9242584,0.92582595,0.9181502,0.79671574
10.0,0.2536527,0.19707972,0.37368548,-0.15220681,0.10854715,-0.08856754,-0.0885502,0.024258636,-0.2845196,-0.5693193,0.08216227,0.46735007,-0.17229082,0.45841894,0.26747072,0.14303046,0.1173317,0.050731324,0.20633677,-0.54848516,0.78170556,0.9049369,0.59999293,0.72307986,0.83102226,0.8699826,0.8873423,0.897828,0.7449053,0.541846,0.88950086,0.5422902,0.84702003,0.7749694,0.702543,0.9105872,0.8600116,0.90912527,0.7606682,0.59794134
10.0,0.34037146,0.2555463,0.5303787,-0.27069733,0.19089353,-0.10759666,-0.13831508,0.033728786,-0.39359543,-0.77409315,0.118533,0.6599047,-0.20339058,0.5507709,0.37364063,0.14410105,0.16360347,0.06938767,0.2935936,-0.7385293,0.75423336,0.8908333,0.5429838,0.68923086,0.7992863,0.8508311,0.8524067,0.874395,0.70674545,0.48130497,0.866613,0.47786716,0.8162978,0.7411583,0.6554071,0.8874524,0.83130115,0.89798826,0.7123064,0.543074
6.0,-0.2180562,-0.22712284,-0.33521932,0.3018993,-0.2900905,0.033202022,0.2375854,-0.102841735,0.34530154,0.4101123,-0.10594693,-0.47557676,0.13853939,-0.21374324,-0.20355797,0.015058715,-0.139715,-0.10008284,-0.19044524,0.515458,0.88321644,0.8920736,0.8820113,0.92376417,0.8672032,0.91963935,0.94083,0.93301004,0.8830991,0.83442116,1.0016868,0.9012747,0.9573824,0.8297903,0.9011227,0.89726543,0.9339909,0.9233671,0.916525,0.80975
3.0,-0.1831469,-0.17875838,-0.288159,0.2779932,-0.24326786,0.024363527,0.21141466,-0.0802631,0.2895747,0.32784498,-0.09155168,-0.40275878,0.096991755,-0.13347057,-0.17188285,0.030200645,-0.124731734,-0.08216726,-0.16075636,0.41272223,0.89049727,0.9023287,0.85001147,0.9188551,0.87770635,0.90641594,0.9463625,0.93677,0.8649118,0.8223033,0.9922614,0.8843619,0.9572923,0.83515286,0.8884232,0.91013783,0.9257478,0.92409694,0.92589796,0.8097452
11.0,0.6246114,0.4653156,1.2081093,-0.74478483,0.5807899,-0.14007647,-0.24167007,0.07852034,-0.803626,-1.5788445,0.22514543,1.4158598,-0.29573572,0.8557027,0.7760534,0.096378624,0.28179008,0.13022277,0.65326566,-1.4272157,0.6309596,0.8478446,0.36221477,0.60243344,0.6420904,0.8155303,0.6811894,0.8002137,0.5848909,0.29960245,0.7989196,0.28369436,0.7188286,0.6022651,0.49658865,0.79430395,0.76897454,0.87101287,0.5374786,0.37688375
11.0,0.69632024,0.50331026,1.3790803,-0.87032586,0.6768273,-0.14638515,-0.24340928,0.10470845,-0.8975755,-1.7780322,0.24624561,1.605556,-0.33127752,0.9267762,0.8874767,0.09038438,0.29257518,0.15242511,0.74699146,-1.6091233,0.60159487,0.8379356,0.3257104,0.57993805,0.60240483,0.801444,0.6328399,0.78428406,0.56368893,0.2663642,0.7765935,0.2512562,0.6946739,0.5669434,0.46235892,0.76170427,0.7638034,0.87315506,0.49647725,0.34587964
1.0,-0.1887943,-0.18977076,-0.29393756,0.28255245,-0.26997715,0.030702844,0.21091026,-0.09858005,0.3075549,0.35446367,-0.09534345,-0.42637163,0.11665762,-0.17537978,-0.18547209,0.023511834,-0.12213482,-0.09050042,-0.16874373,0.4572764,0.8683641,0.89819443,0.8765919,0.90740997,0.8699615,0.9261977,0.94161063,0.93603957,0.88519996,0.81873864,0.9983887,0.87301296,0.9522413,0.83422506,0.89831024,0.91133726,0.9403343,0.92674917,0.90510136,0.799449
9.0,-0.06632893,-0.053814076,-0.12707962,0.18370141,-0.14014417,-0.0037231436,0.12349026,-0.03667384,0.12690231,0.091469646,-0.047615632,-0.1785487,0.0034074339,0.05492751,-0.0674815,0.072258055,-0.06215898,-0.037618116,-0.06818087,0.14077297,0.8717678,0.9181061,0.783967,0.87160677,0.888404,0.89789146,0.9491311,0.9393503,0.8377847,0.75777406,0.96465296,0.7973365,0.9390617,0.8392075,0.8481559,0.93513775,0.915796,0.92654216,0.905311,0.77271146
3.0,-0.031352732,-0.01923972,-0.07011328,0.15538701,-0.12510568,-0.006422131,0.09550835,-0.039548934,0.084814966,0.02993955,-0.03299077,-0.1185565,-0.015531666,0.08945867,-0.04589638,0.07758645,-0.040298786,-0.03067021,-0.04190884,0.08297907,0.8481507,0.92448545,0.7811439,0.8504761,0.8846922,0.91244704,0.9427188,0.94155926,0.84561056,0.73520416,0.96506923,0.75951725,0.92870826,0.8396994,0.84412235,0.9484816,0.9269179,0.92952937,0.8813686,0.75430095
10.0,-0.03287165,-0.021477716,-0.08078731,0.15719509,-0.11144827,-0.014184806,0.09905198,-0.025197182,0.08044823,0.024401832,-0.03569585,-0.11252406,-0.022651928,0.10764189,-0.034570135,0.086520724,-0.04376634,-0.025710952,-0.04159102,0.061938733,0.86658233,0.91861993,0.7628419,0.8548549,0.8879082,0.8930142,0.94928575,0.93781507,0.82584184,0.73733413,0.95516324,0.77184683,0.93184185,0.8367087,0.833496,0.93501765,0.91027474,0.9256962,0.8967439,0.75878656
4.0,0.20382486,0.16109279,0.28765994,-0.09033943,0.06515461,-0.07667934,-0.057958595,0.019051522,-0.22220263,-0.4575174,0.06133622,0.36033237,-0.15072092,0.40166742,0.21050999,0.13919154,0.09053944,0.03953199,0.15913044,-0.44015598,0.7970309,0.91084737,0.6319665,0.7441381,0.84637654,0.8793591,0.9041196,0.9091932,0.76538795,0.5766157,0.9016024,0.58110625,0.8643694,0.7924133,0.7282212,0.9208657,0.87459177,0.9148347,0.78741556,0.62862724
3.0,0.032040093,0.03550849,0.023770995,0.09624598,-0.073579155,-0.024798427,0.05244504,-0.02083937,-0.00063194335,-0.09774844,-0.007830053,0.008162245,-0.0579358,0.18157843,0.017974008,0.09742585,-0.0052655637,-0.0097766,0.0103012435,-0.06013228,0.8355975,0.92646635,0.7429215,0.82271963,0.88052726,0.9078252,0.93695843,0.93787384,0.8282524,0.6949535,0.94971496,0.7110732,0.91460663,0.83275485,0.8159794,0.9494503,0.9179408,0.92781955,0.8609978,0.7256171
3.0,-0.01528866,-0.007408459,-0.05013668,0.13854934,-0.10629979,-0.01445353,0.08613995,-0.027833655,0.060975477,-0.0054966174,-0.02715786,-0.082984395,-0.028543403,0.12034927,-0.023618612,0.086303584,-0.03235726,-0.022729516,-0.028053343,0.03758818,0.85262513,0.92277235,0.7638383,0.8458532,0.885393,0.9040049,0.9440289,0.9388957,0.8342764,0.7251126,0.956935,0.75222373,0.9266628,0.83744705,0.8324085,0.9436136,0.91801584,0.9277642,0.88258004,0.74856186
11.0,0.42810336,0.31433952,0.703118,-0.40355885,0.28664324,-0.12460776,-0.184789,0.043153957,-0.5074005,-0.9972174,0.15356591,0.86724544,-0.22914572,0.63870203,0.48965478,0.1413856,0.2073312,0.08813829,0.38842577,-0.9359654,0.72273695,0.87217814,0.4850059,0.65714896,0.76040787,0.830865,0.8114332,0.8461363,0.6641983,0.42112386,0.8419923,0.41556898,0.7837494,0.7024216,0.6069588,0.85702336,0.80014724,0.8860278,0.6610994,0.48742887
6.0,0.05642559,0.050556846,0.053809874,0.069986865,-0.049159076,-0.036854576,0.037453957,-0.0067605474,-0.03439877,-0.14923587,0.00050211884,0.059765056,-0.073795155,0.22037095,0.051976893,0.110432394,0.008087549,0.0008292459,0.030678768,-0.12308703,0.8380293,0.92065746,0.71995807,0.8121505,0.87831,0.89676434,0.93777674,0.93188804,0.8123379,0.6778074,0.9372549,0.69758683,0.9092836,0.8277977,0.79874617,0.93890715,0.90508854,0.92491555,0.8576863,0.7131555
8.0,-0.25852394,-0.28397992,-0.3909692,0.3290486,-0.32940826,0.036963113,0.2736542,-0.11756122,0.4037266,0.4965603,-0.12172262,-0.54829746,0.17682895,-0.28347734,-0.23107724,0.0021325909,-0.1623598,-0.11752512,-0.22227295,0.61102414,0.89330035,0.8805135,0.8994134,0.93943775,0.85861015,0.9197667,0.9361693,0.92750823,0.8871901,0.8521586,1.0087619,0.93356454,0.9615586,0.8206764,0.906206,0.8755105,0.93082756,0.91833967,0.92108256,0.81755006
4.0,-0.13545683,-0.12380017,-0.22505704,0.24012876,-0.19328548,0.011571968,0.17585674,-0.056384362,0.22028202,0.22653699,-0.07400856,-0.3083748,0.054256525,-0.046080086,-0.1270878,0.048708238,-0.10130702,-0.061267845,-0.122450575,0.2910062,0.89029884,0.91023993,0.8164928,0.9051144,0.88622934,0.89729863,0.9504468,0.9384465,0.84815294,0.79938936,0.9784818,0.85488516,0.95320964,0.8377514,0.86995083,0.9215276,0.91660213,0.9244781,0.92691547,0.80027753
9.0,-0.09074999,-0.07667455,-0.1627281,0.20495418,-0.15691465,0.0015112954,0.14169331,-0.04201578,0.15871724,0.13779455,-0.057156846,-0.22392547,0.019418977,0.022513688,-0.08849325,0.064652234,-0.07636957,-0.04531928,-0.08719064,0.19086783,0.8802736,0.9156761,0.7937964,0.8839566,0.8887875,0.89549595,0.9504959,0.939422,0.83963823,0.77327645,0.9687543,0.8187378,0.9446314,0.8391388,0.85545236,0.9306395,0.9148376,0.92576104,0.9151564,0.7837145
2.0,0.23478448,0.1924062,0.3517351,-0.1253373,0.09300193,-0.07956091,-0.07709832,0.015779067,-0.26289114,-0.5286322,0.07494697,0.42959082,-0.16667898,0.4400645,0.23708513,0.13354453,0.106357396,0.04390309,0.1901741,-0.50647783,0.7829817,0.91471595,0.6151294,0.73233557,0.83644783,0.87937325,0.88944936,0.90718424,0.7563124,0.5568669,0.9006114,0.55167675,0.8534389,0.78025794,0.7155428,0.92366725,0.8718673,0.9120066,0.7678704,0.6113329
11.0,0.645375,0.46870604,1.2401452,-0.7789646,0.5983367,-0.14608948,-0.24814808,0.0861178,-0.8258355,-1.6280693,0.23177092,1.4626058,-0.30016187,0.8665102,0.810811,0.10600292,0.2877353,0.13900593,0.67253375,-1.4752352,0.6241447,0.83973426,0.3526034,0.5936818,0.6362506,0.80734557,0.6711934,0.7904245,0.57642126,0.28965098,0.78766924,0.2774224,0.71124536,0.59273565,0.4882605,0.77815473,0.7607082,0.87332976,0.52646935,0.36625996
10.0,0.68189836,0.49175453,1.3333924,-0.84276557,0.6510726,-0.14775723,-0.24737164,0.09948169,-0.87632996,-1.7331058,0.24248661,1.5620507,-0.32015556,0.9065325,0.8660729,0.097610965,0.29329392,0.14873275,0.7235239,-1.5692683,0.6089513,0.837348,0.33344662,0.5829314,0.6137865,0.8023892,0.6443977,0.78503156,0.5669191,0.2726551,0.7785118,0.25924414,0.6999035,0.5746022,0.470249,0.7646839,0.76117474,0.8744595,0.50488937,0.35069883
3.0,-0.14834283,-0.141108,-0.23818865,0.25179526,-0.23223858,0.024234254,0.17935953,-0.08305401,0.24928299,0.27011374,-0.07943589,-0.35045397,0.08114202,-0.106083035,-0.15358728,0.035697687,-0.10091297,-0.074305825,-0.13701706,0.36193538,0.8627146,0.9080079,0.8545737,0.8945724,0.87687665,0.9238163,0.9435712,0.9395734,0.8782615,0.7999227,0.9904332,0.84421164,0.9470409,0.83938277,0.888118,0.92752033,0.93856585,0.9292791,0.9017113,0.79089504
6.0,-0.15751018,-0.14887711,-0.2547224,0.25707477,-0.21491896,0.017325735,0.19263393,-0.06612712,0.25184342,0.27245203,-0.08215113,-0.35145947,0.073484704,-0.0845435,-0.14721382,0.040066533,-0.11266224,-0.070369266,-0.140157,0.34541863,0.8920525,0.9070716,0.8306736,0.9132708,0.8832238,0.900631,0.9490882,0.9377542,0.8550966,0.8108411,0.9844228,0.87010294,0.9558515,0.836788,0.87812275,0.9167074,0.9197244,0.92418045,0.9286414,0.8060192
4.0,0.21193653,0.16942468,0.30564916,-0.09959061,0.07229291,-0.07684306,-0.062774725,0.017876595,-0.23297045,-0.47616684,0.065544926,0.37868017,-0.15477201,0.41152632,0.21686137,0.13670132,0.094938666,0.04047081,0.16778284,-0.45703053,0.7927028,0.912925,0.62834644,0.7416488,0.8439744,0.8807569,0.89944047,0.9094572,0.7646151,0.5715352,0.90212446,0.57312816,0.86196756,0.789545,0.7252475,0.9232514,0.8751714,0.9144711,0.7818562,0.6243034
10.0,0.4777291,0.34428793,0.8049631,-0.4827063,0.34412816,-0.13359894,-0.20731232,0.052223474,-0.57410115,-1.128588,0.17386006,0.9884577,-0.24225196,0.6856379,0.5603462,0.1393194,0.23198576,0.09920051,0.445386,-1.0500226,0.7044312,0.86107033,0.4536407,0.64031804,0.7367305,0.82062197,0.78473043,0.83075255,0.64274,0.38863316,0.826706,0.3836245,0.7669873,0.68038934,0.5793629,0.8375691,0.784957,0.88164556,0.63166124,0.45671567
9.0,-0.11414163,-0.102205455,-0.1937696,0.22234738,-0.18008873,0.008435157,0.15889224,-0.05285905,0.19292969,0.18695253,-0.065605424,-0.27049673,0.040282246,-0.019312073,-0.11104205,0.054828025,-0.08847317,-0.05478435,-0.106155604,0.24993013,0.88070047,0.91352844,0.8106825,0.89336187,0.88650894,0.9014163,0.94946474,0.93926156,0.84927416,0.7858531,0.9759798,0.8344318,0.9481527,0.8393442,0.8657813,0.928194,0.9199691,0.92608804,0.91700345,0.7906043
5.0,-0.34137186,-0.43390682,-0.5105938,0.3684242,-0.44305477,0.039184626,0.35742557,-0.15979941,0.5409104,0.7060186,-0.15910596,-0.70354426,0.28271762,-0.46660668,-0.28051016,-0.029142812,-0.21289228,-0.16540799,-0.2949178,0.8469857,0.9056013,0.84838736,0.9478542,0.97222525,0.8352881,0.9343485,0.91715014,0.9075777,0.90813583,0.879962,1.0226905,0.99976575,0.9639124,0.78819335,0.9074078,0.8153114,0.9211118,0.8996019,0.9168389,0.82318234
3.0,-0.13785775,-0.13157487,-0.22392493,0.24036026,-0.21978816,0.0201791,0.17304888,-0.07597289,0.23428679,0.2473406,-0.07511518,-0.32759622,0.07234514,-0.08518179,-0.14112495,0.040102936,-0.09657514,-0.06905689,-0.12849294,0.3330763,0.86489934,0.90957147,0.8448994,0.89426064,0.878939,0.9215857,0.94481516,0.9391222,0.87369096,0.79481155,0.98685443,0.84011096,0.9471385,0.8394143,0.8824593,0.92880994,0.9350608,0.92878044,0.90398866,0.7897009
10.0,0.21231295,0.16648957,0.30119574,-0.10095706,0.073084086,-0.079485945,-0.06368012,0.020214662,-0.2325525,-0.4761926,0.06454515,0.37870103,-0.15428652,0.4111545,0.22140592,0.14173272,0.095087886,0.041899867,0.16692874,-0.45940375,0.79449904,0.90850735,0.62596685,0.7401482,0.8439249,0.87719214,0.90245026,0.90616614,0.76057005,0.57027334,0.8986511,0.5749056,0.8611959,0.7892099,0.72347385,0.9174872,0.87088394,0.9134808,0.7832254,0.6231511
6.0,-0.097255446,-0.086932644,-0.16827664,0.20690042,-0.17217904,0.0063512125,0.14548993,-0.052116044,0.17290112,0.15754674,-0.0589543,-0.24158853,0.032083295,-0.0025802217,-0.09869615,0.05851536,-0.07788049,-0.050394647,-0.093781605,0.22129096,0.87051105,0.9157477,0.80864376,0.8838153,0.88562053,0.90797055,0.9478759,0.93958265,0.8528451,0.7745651,0.97468966,0.8173304,0.9438608,0.8401696,0.8630718,0.9337735,0.924052,0.92752236,0.90704936,0.7818796
7.0,-0.17277236,-0.17339951,-0.27482262,0.2634609,-0.24046236,0.022659473,0.20401078,-0.078825474,0.27952752,0.31251693,-0.088420644,-0.38616425,0.09716709,-0.12803996,-0.16199213,0.031189123,-0.11846863,-0.078999855,-0.15464096,0.39876878,0.88408524,0.90282875,0.85041773,0.91607594,0.8779544,0.9131409,0.9462726,0.93554497,0.8697814,0.8153214,0.98985434,0.87595606,0.95559543,0.8351498,0.8860692,0.9132509,0.9265534,0.9247054,0.9214684,0.80473465
2.0,0.33620068,0.23429886,0.49085414,-0.26693475,0.17936811,-0.118803576,-0.1409483,0.042577364,-0.37987566,-0.7536145,0.113573864,0.63753337,-0.1939644,0.53112876,0.3849793,0.1679666,0.1619023,0.07444149,0.28003013,-0.72560847,0.76211846,0.87120235,0.54288965,0.68432146,0.8030473,0.83918184,0.8677129,0.86115307,0.69844997,0.48064235,0.85152763,0.49222526,0.81644714,0.7453571,0.6542006,0.867151,0.81611735,0.8967133,0.7208151,0.54192126
5.0,-0.14679298,-0.13979536,-0.23738796,0.24735767,-0.21773219,0.018974638,0.18212143,-0.071432084,0.24227712,0.2588358,-0.07799562,-0.3382705,0.07269175,-0.084861025,-0.14390664,0.04027538,-0.10378702,-0.06964105,-0.13355719,0.33917218,0.876991,0.9087109,0.8385488,0.9025728,0.88085866,0.91213846,0.9466644,0.93847936,0.86566705,0.80162084,0.9862163,0.8530985,0.9508411,0.8386219,0.88088906,0.9233885,0.928809,0.9268325,0.9144818,0.7966973
1.0,-0.2473652,-0.27138934,-0.37689134,0.31805307,-0.32075423,0.035778243,0.26445195,-0.11339442,0.38922805,0.4751688,-0.11806669,-0.5291502,0.16991808,-0.26793018,-0.22219324,0.004602853,-0.15636581,-0.11285404,-0.21472359,0.58793646,0.89012104,0.88323295,0.89616036,0.93745655,0.86136097,0.9219117,0.9378766,0.92814165,0.8882542,0.84736574,1.0059643,0.9260441,0.9607449,0.82249504,0.9044198,0.88113815,0.9307177,0.91937107,0.9206606,0.81566405
7.0,-0.4545333,-0.7217719,-0.68895197,0.40135887,-0.6940763,0.013512907,0.50264627,-0.2513235,0.7850936,1.0847685,-0.2197641,-0.91981083,0.47728232,-0.8064693,-0.33167082,-0.0721412,-0.31240493,-0.27443832,-0.40966702,1.2680428,0.92021435,0.7878049,1.0273545,1.0131476,0.79070204,0.9741771,0.85677177,0.8594669,0.9489408,0.89470845,1.0411844,1.1024886,0.95564216,0.7013702,0.87312645,0.6845917,0.90195715,0.8396491,0.87236816,0.8116499
6.0,-0.031105094,-0.022021193,-0.08166552,0.15400259,-0.10728146,-0.01683944,0.09869324,-0.020966351,0.07748596,0.019823365,-0.035818383,-0.10800003,-0.02267172,0.111648455,-0.028818898,0.08807677,-0.04312838,-0.02362021,-0.04021608,0.054144997,0.870183,0.9163175,0.7579539,0.85586697,0.88835096,0.8892335,0.9503954,0.93618447,0.82168126,0.73633814,0.9513349,0.7741163,0.93268865,0.8354891,0.82934296,0.93173313,0.9049723,0.9246342,0.9001742,0.75869614
5.0,-0.0989885,-0.08195599,-0.16697422,0.21708067,-0.18141624,0.011608093,0.14259267,-0.06283406,0.17708549,0.16537957,-0.05948045,-0.2513834,0.032029413,-0.013424668,-0.11101884,0.056245163,-0.07675741,-0.054933086,-0.09589863,0.23678799,0.8594375,0.9180631,0.8205073,0.8760363,0.8833369,0.9150033,0.9451669,0.9426012,0.8604238,0.7751719,0.9811718,0.80885744,0.94069606,0.84216243,0.8713676,0.9395328,0.9347814,0.9296155,0.8966628,0.77934456
1.0,-0.18680257,-0.19341949,-0.2932435,0.27844098,-0.28414637,0.03348264,0.20651084,-0.107669026,0.31267333,0.36169344,-0.09711292,-0.432082,0.12940279,-0.1968464,-0.18738715,0.018978875,-0.11774334,-0.093427114,-0.17155705,0.4742115,0.8542516,0.8950672,0.89197254,0.9018651,0.866247,0.94090575,0.9397763,0.934949,0.89888,0.8148052,0.9978493,0.86553186,0.94922847,0.8322361,0.90092266,0.9133692,0.94547033,0.92835295,0.89451003,0.7927057
4.0,-0.023364205,-0.01422911,-0.058524065,0.1457079,-0.122699924,-0.007035825,0.09000962,-0.03901465,0.07584102,0.01579991,-0.029616527,-0.10528581,-0.016404502,0.09468736,-0.03915634,0.076646954,-0.035103604,-0.028724045,-0.036407705,0.07112566,0.84376305,0.92508364,0.7803671,0.84769213,0.8835424,0.91626215,0.9407145,0.94132376,0.8487654,0.7298275,0.96348166,0.7528905,0.92689586,0.8394451,0.8416989,0.95152396,0.9274185,0.930296,0.8772616,0.74996454
5.0,-0.27069935,-0.31137225,-0.41043562,0.32832858,-0.3516963,0.037218288,0.28662342,-0.12463945,0.42798176,0.53281623,-0.12873706,-0.573348,0.20010316,-0.319417,-0.23634021,-0.004286181,-0.16996102,-0.12518713,-0.23551176,0.6534603,0.8921921,0.87451625,0.91136044,0.94726574,0.85523695,0.9277161,0.9343135,0.9227822,0.89563674,0.8557995,1.0094055,0.9443779,0.9625348,0.8145056,0.90634537,0.86604244,0.9290966,0.91507685,0.92026746,0.8179417
11.0,0.70340437,0.5043995,1.3876097,-0.88016254,0.6809375,-0.14832604,-0.24497923,0.10846537,-0.90437466,-1.7934248,0.24866758,1.618913,-0.33371142,0.93010086,0.89853156,0.092531025,0.29482204,0.1546424,0.75356936,-1.6242723,0.60040134,0.83582985,0.32267502,0.5765915,0.6002092,0.79843986,0.62870896,0.78225857,0.5619751,0.26341748,0.7729035,0.24929695,0.6928771,0.5640894,0.45988685,0.75649816,0.76212907,0.8750317,0.49265626,0.34242398
2.0,0.25749236,0.1973548,0.37757277,-0.15798095,0.11188771,-0.0907315,-0.09106024,0.026163891,-0.28873453,-0.57748586,0.083612174,0.47499496,-0.17296316,0.46143562,0.27439293,0.14562845,0.1196489,0.052328356,0.2096265,-0.557071,0.7813749,0.90222675,0.5968417,0.7211474,0.8299435,0.8679149,0.8872227,0.89537275,0.742236,0.5385535,0.8867381,0.54072165,0.8457365,0.77383584,0.6997111,0.90725476,0.8570349,0.9084209,0.75929856,0.59504294
11.0,0.6841562,0.49850026,1.3546947,-0.8505946,0.66386425,-0.14497408,-0.24320167,0.099040985,-0.88349724,-1.7470932,0.24246989,1.5770302,-0.32490027,0.9164482,0.868721,0.090480536,0.29054826,0.14879233,0.73231703,-1.5799407,0.60536766,0.8400066,0.33144963,0.5842976,0.6084606,0.8049552,0.6409268,0.78671545,0.5665826,0.27154568,0.78106457,0.25593266,0.69843173,0.57239634,0.4676103,0.76813966,0.7646367,0.8718116,0.50315887,0.3510408
10.0,0.27425745,0.21331123,0.41243452,-0.17877302,0.1280537,-0.09241037,-0.100960694,0.024870042,-0.31064802,-0.61745256,0.090687685,0.5133712,-0.18084097,0.4818628,0.29039142,0.14254585,0.12803496,0.054776013,0.22686723,-0.59373784,0.7743158,0.90310496,0.58678746,0.7149275,0.82385457,0.86647534,0.8791064,0.89314675,0.73596656,0.5276793,0.88542175,0.52551085,0.8394105,0.7666548,0.6920839,0.90689814,0.8541127,0.90639824,0.7488358,0.5852966
8.0,-0.15910232,-0.15216681,-0.25611004,0.25727707,-0.2202204,0.018757986,0.19341251,-0.0694109,0.25586572,0.27834517,-0.08268476,-0.3565405,0.07762471,-0.09283045,-0.14999415,0.03839024,-0.11257899,-0.071981244,-0.14198838,0.35505164,0.88837457,0.906697,0.83563536,0.9121636,0.8818996,0.9045327,0.948149,0.9375792,0.85944986,0.8104558,0.98602027,0.8686663,0.95502555,0.83696306,0.88034964,0.9171944,0.9226673,0.9247563,0.9250991,0.8044821
3.0,-0.36164573,-0.48167923,-0.5391626,0.37220776,-0.5014366,0.039540224,0.3743987,-0.18327792,0.5879532,0.77924395,-0.172331,-0.75035954,0.32912752,-0.55004126,-0.29627562,-0.04000376,-0.22344978,-0.18640774,-0.317201,0.9405587,0.8872212,0.8333315,0.9843911,0.9657394,0.8226531,0.9566268,0.90843964,0.90063983,0.93211037,0.8746873,1.0240204,1.0019481,0.9595709,0.7724018,0.90842193,0.7955798,0.92890495,0.894026,0.8936246,0.81077456
2.0,-0.041103955,-0.033057004,-0.094060495,0.15967607,-0.11661138,-0.013795603,0.10626339,-0.025322184,0.092506014,0.040668327,-0.039035544,-0.12761693,-0.0131198615,0.09363386,-0.03827797,0.08331351,-0.048624527,-0.027228542,-0.04793038,0.07946483,0.8701104,0.91645515,0.76554805,0.8613488,0.8881915,0.89363456,0.9500256,0.9364953,0.8272622,0.74183315,0.95515615,0.78103536,0.93516314,0.83637345,0.8344377,0.932477,0.9082013,0.925066,0.9014731,0.7623873
7.0,0.06676662,0.061339058,0.07347687,0.060817413,-0.04400646,-0.037021164,0.029990703,-0.00847016,-0.047232665,-0.16919994,0.0055981,0.07922767,-0.07964621,0.23152687,0.057933394,0.10977718,0.014093075,0.002213344,0.039446097,-0.14092782,0.83125526,0.9237033,0.7183518,0.807166,0.8764832,0.90083426,0.9338695,0.932993,0.81444174,0.671475,0.93840647,0.68643916,0.9060882,0.82677734,0.7972722,0.943617,0.90840816,0.9255712,0.8501796,0.70787317
11.0,0.33292466,0.25527078,0.5231837,-0.2591056,0.18513525,-0.10351469,-0.13340455,0.030095894,-0.38588807,-0.75788134,0.115645975,0.6454858,-0.20213427,0.5457467,0.36008063,0.13861299,0.15947714,0.06633166,0.2874396,-0.72249097,0.7549487,0.89636135,0.5486123,0.693195,0.8014293,0.8553719,0.8529298,0.87957513,0.71178776,0.48730254,0.8720383,0.48062772,0.8192308,0.7432663,0.66025156,0.8943684,0.8371414,0.8991941,0.71526873,0.54862344
10.0,0.12802666,0.10532241,0.16705632,-0.005321637,0.0042448714,-0.05545595,-0.009603001,0.005965093,-0.12588966,-0.29533932,0.030768825,0.20365421,-0.11184104,0.30877945,0.1259998,0.12485244,0.048956003,0.020140849,0.09220801,-0.2748478,0.8163952,0.9189915,0.68061024,0.77952,0.86522186,0.8939715,0.922612,0.9237573,0.7952291,0.6290606,0.92167586,0.63993174,0.8894038,0.813911,0.7664671,0.9357627,0.8950115,0.92173994,0.8239482,0.67362225
1.0,-0.20636678,-0.23437908,-0.32761788,0.2830863,-0.33285695,0.03993827,0.2193538,-0.12832473,0.35545045,0.42217007,-0.11048757,-0.4823094,0.17559636,-0.27309942,-0.20193139,0.0029440485,-0.12434018,-0.1072441,-0.19672257,0.55487204,0.83966917,0.88174444,0.92800534,0.90639776,0.85655504,0.9673488,0.9371791,0.928565,0.9254876,0.8191164,0.9947606,0.8766995,0.94798523,0.8220646,0.90533614,0.90329677,0.94677806,0.9279239,0.88487387,0.78805524
11.0,-0.06009911,-0.047309622,-0.11469025,0.17897734,-0.14226317,-0.00173374,0.11753288,-0.041540403,0.12115999,0.083252795,-0.04449112,-0.17078476,0.0019118127,0.055223007,-0.06757381,0.07114466,-0.057262838,-0.038030334,-0.0640875,0.13793446,0.86201715,0.92074597,0.7893316,0.8657723,0.88672847,0.90587044,0.94644284,0.9408018,0.84505814,0.7531057,0.9677299,0.78667855,0.9359052,0.8405181,0.8510539,0.94103324,0.9230672,0.92834944,0.8960639,0.7678195
3.0,-0.06958732,-0.061704867,-0.12647037,0.18321118,-0.16766109,0.006932289,0.12169822,-0.057524245,0.1426633,0.11290524,-0.048418537,-0.20007692,0.024655962,0.013109323,-0.08388076,0.058317,-0.05879706,-0.045858286,-0.07585958,0.18566039,0.84679335,0.91960883,0.81396407,0.8666386,0.881811,0.9260461,0.94227093,0.9411749,0.86686707,0.75640726,0.9735503,0.7866641,0.9351591,0.84113586,0.86137336,0.9478501,0.9338895,0.9314647,0.886097,0.76584774
7.0,-0.085337564,-0.07457854,-0.14991497,0.1979213,-0.16758132,0.005910201,0.13541824,-0.05294796,0.1585097,0.13687128,-0.05420413,-0.22221416,0.025648486,0.008718699,-0.09197168,0.060314357,-0.07012819,-0.047930717,-0.085206464,0.20230767,0.8622182,0.917924,0.80847377,0.87617373,0.8847781,0.91293126,0.9461032,0.9405634,0.8561624,0.7669991,0.97448725,0.80427766,0.940268,0.84099525,0.86212385,0.9390088,0.9279844,0.92889726,0.8990372,0.7756684
1.0,-0.10392702,-0.09012327,-0.17890906,0.21579233,-0.17216524,0.006775449,0.15063043,-0.05043399,0.17857885,0.1665699,-0.06157682,-0.25158367,0.031209538,-0.0032580458,-0.103619225,0.05843784,-0.082626134,-0.05154237,-0.098020464,0.2274338,0.8776666,0.91534704,0.80617833,0.88759744,0.88699937,0.90107137,0.9491817,0.9400581,0.8476538,0.78002024,0.9745045,0.8251793,0.9457524,0.8400354,0.8633094,0.93109703,0.92069733,0.92665523,0.9134093,0.78671986
1.0,-0.27152073,-0.3028992,-0.41593263,0.3579461,-0.4173035,0.053315017,0.2580835,-0.17926611,0.45760855,0.57377285,-0.14323547,-0.62162876,0.24081948,-0.4224675,-0.26931876,-0.016668372,-0.14926907,-0.14524224,-0.24559568,0.73975706,0.8180273,0.8577542,0.99100024,0.8866628,0.8338648,0.9786579,0.9208231,0.92555964,0.94217813,0.83805937,1.0139116,0.8892159,0.94415677,0.80687946,0.9262308,0.87181956,0.96610487,0.92531353,0.85231686,0.7774894
10.0,0.32410106,0.23637453,0.4863088,-0.24884352,0.17143837,-0.1094589,-0.13116181,0.03665421,-0.36931634,-0.7304423,0.110496774,0.6176331,-0.1951142,0.52810687,0.36071885,0.15500243,0.15520388,0.06865369,0.2729223,-0.70143807,0.7628943,0.8850128,0.5521662,0.69259846,0.8067859,0.84868497,0.86533564,0.8728282,0.70979166,0.4910187,0.86400753,0.49476704,0.8214271,0.74916697,0.66276044,0.8826077,0.8296929,0.89934605,0.7242928,0.5517856
5.0,-0.22106414,-0.22798982,-0.34312835,0.30354008,-0.27252847,0.028117973,0.24535036,-0.089133956,0.34150666,0.40366653,-0.10667004,-0.46988136,0.1293065,-0.18966217,-0.19653569,0.01763346,-0.14754644,-0.095776,-0.19091575,0.49305975,0.9065057,0.89371705,0.8611584,0.9411613,0.8737351,0.9025333,0.9449854,0.9325548,0.86491954,0.84419346,0.9969366,0.92171293,0.9645949,0.82842815,0.8927332,0.8927157,0.9181776,0.9194711,0.9402726,0.8237777
8.0,-0.16836166,-0.16185191,-0.26904508,0.26538998,-0.22729224,0.020589624,0.20065555,-0.07213517,0.26794454,0.29612738,-0.08613228,-0.37353384,0.08397684,-0.10585332,-0.1577554,0.035435647,-0.1177181,-0.0753595,-0.14905302,0.3746673,0.89127964,0.905254,0.8392764,0.9160813,0.8810445,0.90348166,0.94790107,0.9373544,0.85994065,0.8158027,0.98775107,0.8762945,0.9564527,0.8362855,0.8827125,0.9143612,0.9223155,0.92427844,0.92760044,0.8076977
10.0,0.19883616,0.14935261,0.2662908,-0.08649743,0.06235574,-0.08200276,-0.056361012,0.023864586,-0.21381992,-0.44417197,0.05617126,0.34748304,-0.14517514,0.39221156,0.21519601,0.14959553,0.08801995,0.041596502,0.15152383,-0.43258333,0.80301166,0.90017354,0.63000375,0.7432119,0.8473387,0.87235236,0.9130313,0.90241903,0.75801647,0.57762814,0.8938535,0.5905726,0.86526304,0.7931134,0.726115,0.90818185,0.8654011,0.91306216,0.79412675,0.62932456
4.0,-0.16470698,-0.16227874,-0.26368216,0.258446,-0.22961427,0.020198647,0.19795735,-0.07380749,0.2666303,0.29352838,-0.085113436,-0.3689856,0.08731764,-0.10946146,-0.1544652,0.03517888,-0.1149281,-0.075012945,-0.14749597,0.37471145,0.8856232,0.9047494,0.84271246,0.9139497,0.8799281,0.90965194,0.94727933,0.9362786,0.86485314,0.8120235,0.9876947,0.87148154,0.9553281,0.83595663,0.8827346,0.9153459,0.92466027,0.9246804,0.9229015,0.8041028
5.0,-0.16060926,-0.15189126,-0.25880527,0.2601384,-0.21812777,0.018469924,0.19476172,-0.0677516,0.2560172,0.2787603,-0.08320589,-0.35776514,0.07575303,-0.08982934,-0.15061562,0.03877463,-0.11407902,-0.0717771,-0.1425914,0.35325903,0.8920841,0.9067856,0.832924,0.9139142,0.88273335,0.90091395,0.94874877,0.93790257,0.8562145,0.81244916,0.98540914,0.871836,0.9559519,0.8368604,0.8795691,0.91633075,0.92048436,0.92431766,0.9284985,0.80666846
1.0,-0.19236569,-0.19581226,-0.29928347,0.2839325,-0.2756882,0.031539373,0.21370229,-0.10095397,0.31388378,0.36369663,-0.097119026,-0.4341864,0.12241553,-0.1851972,-0.18821049,0.021530772,-0.12362461,-0.09238467,-0.17224476,0.46892303,0.86732435,0.89672357,0.8805797,0.9084676,0.8688235,0.92848337,0.9411667,0.93532866,0.88789475,0.81989324,0.9988394,0.875171,0.9523553,0.8332721,0.89930785,0.90977836,0.9407482,0.92661,0.9042951,0.79934865
5.0,-0.2296078,-0.2455652,-0.3531369,0.30569658,-0.29662514,0.032393347,0.25047058,-0.10208369,0.360882,0.43279052,-0.11065323,-0.49331164,0.1489679,-0.22751176,-0.20710295,0.011512231,-0.14839457,-0.103274666,-0.19989908,0.5363274,0.89301765,0.88931346,0.8810597,0.9357321,0.86732286,0.9163222,0.9412262,0.9304971,0.8805198,0.8420491,1.0015441,0.9174397,0.9610589,0.8265573,0.89953065,0.88984954,0.92746097,0.92052644,0.9259117,0.81640095
2.0,-0.20909779,-0.23277959,-0.3280291,0.2805979,-0.29974467,0.03226012,0.23179296,-0.10491533,0.3439407,0.4067385,-0.10578454,-0.46644133,0.15274839,-0.22695255,-0.1924421,0.011645507,-0.13403688,-0.09918806,-0.19030888,0.51853454,0.87242097,0.88923466,0.89186805,0.9252902,0.86614734,0.9365926,0.9413022,0.92887896,0.8975578,0.82745796,0.99608237,0.8963781,0.95605344,0.82672423,0.89830834,0.8987023,0.9333239,0.92340547,0.9112674,0.80379593
1.0,-0.21304564,-0.22536185,-0.3291712,0.29448578,-0.29236078,0.033013295,0.23320231,-0.104255535,0.34230503,0.40548897,-0.105105214,-0.4696135,0.1414011,-0.2162776,-0.1997776,0.014770865,-0.1361162,-0.09945736,-0.18855971,0.5134375,0.8768773,0.89165115,0.88609403,0.9212706,0.86666346,0.9262225,0.94071114,0.93226105,0.8885849,0.8304512,1.0005804,0.89572144,0.9560901,0.82931507,0.90086406,0.8991037,0.9358787,0.9239091,0.9121042,0.80616176
11.0,0.7309594,0.5121989,1.4345121,-0.9219148,0.7046577,-0.15093994,-0.24661142,0.11958788,-0.93207926,-1.8571222,0.25530246,1.6783649,-0.3451117,0.9482295,0.9380051,0.09522237,0.29962575,0.16360205,0.78252184,-1.6887538,0.59165215,0.83062077,0.31158957,0.5664217,0.59011877,0.7888324,0.6115684,0.7762646,0.55505353,0.2531511,0.76139396,0.24059549,0.68442905,0.5514438,0.4495647,0.7408232,0.75797683,0.8784616,0.4786297,0.3318096
2.0,0.1491378,0.12375777,0.20255652,-0.02664689,0.020672902,-0.060328234,-0.023580179,0.008137767,-0.15345207,-0.34004968,0.039431363,0.24724795,-0.12449385,0.3362531,0.14658743,0.12807652,0.06037016,0.025049705,0.11074266,-0.32048464,0.8097977,0.91901493,0.6683513,0.7693859,0.8605191,0.8917197,0.9171772,0.92144936,0.78832185,0.61511654,0.917955,0.6218948,0.8823491,0.8083332,0.7573477,0.9344143,0.89172107,0.92034256,0.8131378,0.66184497
2.0,0.15605341,0.13315251,0.21859512,-0.032424532,0.025265954,-0.05958261,-0.028256908,0.005548347,-0.16271496,-0.35502663,0.042958245,0.26179987,-0.12885828,0.34477946,0.14916754,0.12503576,0.06390746,0.02525042,0.11746183,-0.33327448,0.8049428,0.9224097,0.666849,0.76670426,0.8586719,0.8944125,0.9129004,0.92297,0.78913754,0.6114246,0.9197986,0.6137263,0.880077,0.8063035,0.7563334,0.93882835,0.89413464,0.92053777,0.8077116,0.65865785
11.0,0.7014346,0.50438666,1.386438,-0.8777173,0.6804755,-0.14723627,-0.24415165,0.10725833,-0.90268534,-1.7895491,0.24783687,1.6157626,-0.3332185,0.92971414,0.89519805,0.091151685,0.29413277,0.15393665,0.752279,-1.6204365,0.6005405,0.8367476,0.3235231,0.5778172,0.60066426,0.7995646,0.6296924,0.7831457,0.562628,0.26432174,0.7742716,0.24972095,0.69332546,0.5648686,0.4604767,0.75844675,0.7629742,0.8741975,0.49381188,0.34363157
5.0,-0.45022187,-0.7085103,-0.6742111,0.39719254,-0.6953844,0.015438716,0.4905117,-0.2509378,0.7776949,1.0740398,-0.21805665,-0.9137618,0.4776289,-0.80983937,-0.3360024,-0.07176569,-0.3049812,-0.27257663,-0.40533876,1.2645569,0.9029699,0.7859414,1.0420005,0.99832153,0.7880869,0.9835171,0.8603558,0.8641451,0.96012783,0.88419735,1.038045,1.0860419,0.954402,0.7025402,0.8777199,0.69133186,0.9126436,0.8457979,0.86092025,0.8044682
1.0,-0.20786525,-0.21080372,-0.31977558,0.29816118,-0.28001535,0.03207356,0.2277615,-0.10058758,0.33057517,0.3881295,-0.10164463,-0.45699823,0.12670885,-0.1953933,-0.19797054,0.019606149,-0.13389713,-0.096311994,-0.18171634,0.49074352,0.8793113,0.8949125,0.87779117,0.9168062,0.86844844,0.9192247,0.9413247,0.9347998,0.8809337,0.82930887,1.0011896,0.8908986,0.95587814,0.83209324,0.90032184,0.90239555,0.9367158,0.92457795,0.91294813,0.8067767
7.0,-0.18239275,-0.17987394,-0.28789428,0.27521947,-0.24327326,0.024010228,0.2114661,-0.07955015,0.28920728,0.32719278,-0.09152972,-0.40160197,0.09844037,-0.13392095,-0.1701746,0.029729407,-0.12445153,-0.08173173,-0.16066256,0.41225392,0.89068615,0.9021674,0.8498409,0.92010057,0.87800103,0.9071546,0.94645005,0.9362391,0.86560816,0.8219562,0.9915158,0.88490707,0.95745456,0.8348643,0.8877021,0.9100623,0.92475206,0.92394716,0.926595,0.80971307
9.0,-0.20724764,-0.22607896,-0.32386282,0.28182313,-0.2891252,0.030215971,0.23126563,-0.099909745,0.33741888,0.39697018,-0.10387715,-0.45807493,0.14321671,-0.21091127,-0.18978189,0.015360795,-0.1347273,-0.096610315,-0.186345,0.5023531,0.87823707,0.8914525,0.88281566,0.92620957,0.8683601,0.9292797,0.94234455,0.9299617,0.8896053,0.8281736,0.99652344,0.8972759,0.9574754,0.8280246,0.8964933,0.89903766,0.9314869,0.9228027,0.9158292,0.8065483
8.0,-0.44886905,-0.7510335,-0.69393176,0.37826383,-0.7805387,0.009164762,0.48789972,-0.2806222,0.8242566,1.1324638,-0.23155311,-0.9440817,0.52530503,-0.8953949,-0.33139122,-0.083578296,-0.3193329,-0.2961757,-0.43572533,1.3467394,0.8795767,0.7697666,1.0945921,1.0118399,0.7813006,1.0358428,0.85911494,0.856248,1.0000174,0.87881124,1.0152684,1.1115637,0.9551781,0.6790801,0.86570895,0.67631936,0.91916925,0.8334523,0.8430349,0.8061501
9.0,-0.21374178,-0.23313493,-0.33164266,0.2881893,-0.29579508,0.031033441,0.23597378,-0.10360928,0.3471451,0.41098553,-0.106340855,-0.46996427,0.1481971,-0.22232524,-0.19559528,0.0141838975,-0.13806218,-0.09982198,-0.19114003,0.5179143,0.8777614,0.8896348,0.8869807,0.9262417,0.86642975,0.9300385,0.94152284,0.9295385,0.89050764,0.83047074,0.998657,0.90022355,0.95792717,0.82682145,0.8983119,0.8959496,0.9332269,0.9222983,0.91435695,0.8069689
11.0,0.6047319,0.44762647,1.1463709,-0.7074125,0.5440823,-0.14044842,-0.24120867,0.0735726,-0.7709062,-1.51414,0.2190427,1.3538213,-0.2856407,0.82960206,0.7459661,0.10484138,0.27798584,0.12585813,0.621777,-1.3729756,0.641675,0.8480735,0.37418324,0.6068586,0.65695935,0.8149666,0.6968188,0.80273587,0.5914034,0.31058997,0.8017451,0.29660287,0.7251595,0.6131954,0.5079742,0.7989805,0.7681071,0.87221944,0.5502202,0.38622877
1.0,-0.2227334,-0.23129821,-0.34403792,0.3045143,-0.2796988,0.029904418,0.24550363,-0.09372531,0.3459792,0.41053018,-0.10714533,-0.47577232,0.13392308,-0.20024207,-0.20026971,0.016120192,-0.14671637,-0.097937785,-0.19260691,0.5051292,0.9007269,0.8928183,0.8679163,0.93732,0.87141055,0.9072871,0.9435449,0.9324183,0.8704441,0.8424146,0.99893993,0.91783834,0.9627465,0.8285707,0.89564043,0.89291245,0.922706,0.92039645,0.93380266,0.82031184
1.0,-0.18113907,-0.18009892,-0.2833529,0.27863497,-0.2683493,0.031218266,0.20285127,-0.10053965,0.29906768,0.34224463,-0.09309016,-0.4162131,0.1132811,-0.17083701,-0.18275075,0.024487972,-0.11652821,-0.089146085,-0.16379905,0.447208,0.8607737,0.89929473,0.87919843,0.90086573,0.86960673,0.9308364,0.94087356,0.93700475,0.88868076,0.81409913,0.99812895,0.8632762,0.94980454,0.83519024,0.8989176,0.9158172,0.9438748,0.928146,0.8988851,0.7950488
8.0,-0.15409921,-0.14502269,-0.24847433,0.2551254,-0.21660861,0.018533733,0.18873765,-0.06884849,0.24870619,0.26825827,-0.08056852,-0.3478253,0.07252094,-0.08506243,-0.14752217,0.04015574,-0.10943855,-0.07053965,-0.13789459,0.34454066,0.88594973,0.90799475,0.83432066,0.9083673,0.8821492,0.90474856,0.9479786,0.93844795,0.8592884,0.8075504,0.9858309,0.86309606,0.95361704,0.8379011,0.8800562,0.9195798,0.92419076,0.92544025,0.92246866,0.80237335
6.0,-0.18233818,-0.18592769,-0.286599,0.2725068,-0.2625566,0.028472172,0.20795688,-0.09268351,0.29826036,0.34067905,-0.09294365,-0.41245747,0.11321874,-0.16293828,-0.17656401,0.024810812,-0.11979562,-0.08670134,-0.16429836,0.44005364,0.8714338,0.89946204,0.8702446,0.91062057,0.87229425,0.9251224,0.9430531,0.935406,0.883534,0.81646025,0.994985,0.8730313,0.95280224,0.83432734,0.8943567,0.91273355,0.9361141,0.9264238,0.90928394,0.8000421
2.0,0.5505068,0.39494666,0.97830784,-0.6066237,0.44427153,-0.14191328,-0.2339069,0.064814515,-0.6798608,-1.3370472,0.20155814,1.1838405,-0.2627538,0.7586976,0.66715056,0.12989926,0.2630481,0.1155035,0.53760374,-1.2273419,0.6717748,0.84813476,0.4085098,0.6185304,0.69681543,0.81157625,0.7393348,0.8102065,0.61149734,0.3427729,0.8075615,0.33601338,0.7423272,0.64400065,0.5393455,0.81000906,0.7681719,0.8767742,0.5863619,0.4140255
3.0,-0.24652395,-0.26794672,-0.37661815,0.31824127,-0.31073177,0.033832237,0.26573873,-0.10720558,0.38411644,0.4672147,-0.11706124,-0.5229385,0.16275705,-0.25305513,-0.21856281,0.006486263,-0.15835875,-0.110111706,-0.21291497,0.57303673,0.89930916,0.88510746,0.8861711,0.9434835,0.8644719,0.9143953,0.9395925,0.92858696,0.8802067,0.85065824,1.0044454,0.9323925,0.9633066,0.8230954,0.90130764,0.88103265,0.9250911,0.918271,0.92992765,0.8211669
4.0,0.12866682,0.100125805,0.15754989,-0.006868899,0.007889904,-0.061576538,-0.010304891,0.012610431,-0.12676316,-0.29619282,0.028168878,0.20465724,-0.1115082,0.31073582,0.13572899,0.13376325,0.049359184,0.0234093,0.090891615,-0.2824179,0.82254535,0.91018116,0.6733146,0.7770588,0.86499834,0.88466376,0.92857134,0.91797256,0.7849761,0.6270094,0.91356117,0.64455557,0.888898,0.8123891,0.7607561,0.9233591,0.88483924,0.9194098,0.8286801,0.6718934
7.0,-0.32072634,-0.4014531,-0.48208094,0.35270938,-0.42902353,0.040296756,0.33385462,-0.15491246,0.513709,0.6639642,-0.1523447,-0.6713328,0.26886252,-0.4414028,-0.26956862,-0.02436342,-0.19826297,-0.15629238,-0.2804801,0.8065965,0.8908943,0.85340476,0.95018375,0.9604011,0.83879536,0.9428902,0.92237866,0.9112275,0.9153079,0.8690573,1.0174019,0.9775993,0.96206856,0.7941493,0.90973765,0.83037233,0.9284281,0.90500915,0.90954393,0.8165161
8.0,-0.16297752,-0.15445548,-0.2621618,0.26208732,-0.21984692,0.018864723,0.19666886,-0.068350784,0.25912198,0.28329706,-0.084114216,-0.36203825,0.07744191,-0.093104005,-0.15246278,0.038032338,-0.115442604,-0.07260024,-0.14440979,0.35815227,0.89294446,0.90638644,0.83374435,0.9150701,0.8825501,0.9006274,0.94873214,0.9378014,0.85626274,0.81385267,0.98578733,0.8739365,0.956392,0.8366397,0.8800818,0.9155408,0.9202633,0.9241524,0.9293009,0.8075662
5.0,-0.27912363,-0.3207718,-0.42137638,0.3369953,-0.35634428,0.03799257,0.29411077,-0.12677604,0.43758455,0.54749465,-0.13116671,-0.5872844,0.20393659,-0.32848927,-0.2428054,-0.006312605,-0.17459024,-0.12820828,-0.24088264,0.6687219,0.8967026,0.8729106,0.91174096,0.9499036,0.8536735,0.92423993,0.93284917,0.92256474,0.8933062,0.8601234,1.0114706,0.95136124,0.963126,0.8133934,0.90717596,0.86184084,0.92782915,0.91429704,0.9222714,0.82029665
6.0,-0.21524754,-0.22383413,-0.33154088,0.29856196,-0.28286284,0.03069729,0.23687565,-0.09830242,0.34041333,0.4019834,-0.104577236,-0.46694106,0.13365267,-0.20254892,-0.19837102,0.017477531,-0.14002684,-0.09763151,-0.18782768,0.50199354,0.8875742,0.89300627,0.8753821,0.92669374,0.869064,0.91647685,0.9422058,0.93270457,0.87839794,0.83446276,1.0002165,0.90328884,0.95908326,0.82963043,0.8980631,0.8969679,0.93084747,0.9223757,0.9212099,0.81205606
1.0,-0.30040944,-0.3578159,-0.45163798,0.3479544,-0.3859741,0.039460745,0.31442553,-0.1383777,0.47251785,0.60091865,-0.14074379,-0.6280403,0.2312534,-0.37665296,-0.25678182,-0.014569774,-0.18654484,-0.14041436,-0.25935605,0.7303122,0.8979239,0.8646793,0.92603356,0.9564905,0.8472731,0.92892116,0.92815405,0.9179641,0.9000161,0.86677384,1.0152426,0.96643144,0.9632682,0.8056712,0.9087985,0.84740406,0.9268208,0.91036177,0.9195822,0.8207897
2.0,0.7011085,0.50113606,1.3769679,-0.8751437,0.6748153,-0.14878234,-0.24676615,0.10686519,-0.8998014,-1.7841545,0.24755697,1.6104853,-0.33032513,0.92474955,0.89465773,0.09563473,0.2955416,0.15455666,0.74792373,-1.6174079,0.6014963,0.8351921,0.32441515,0.57681894,0.6036751,0.7979476,0.6312243,0.78159046,0.5619821,0.26463717,0.7724665,0.25122836,0.693624,0.56527406,0.46165234,0.7561319,0.76037025,0.8754303,0.49430633,0.34316373
11.0,0.05004547,0.047991004,0.04838177,0.07723144,-0.057144515,-0.032061763,0.04112478,-0.0127351545,-0.025143087,-0.13521744,-0.0010410175,0.04561624,-0.06939892,0.20874992,0.040365223,0.10493055,0.0046801455,-0.0028749574,0.025472444,-0.10383995,0.8349717,0.92423785,0.7285855,0.81503326,0.8787765,0.9027411,0.9361624,0.93479776,0.8196752,0.6826092,0.9427305,0.69942164,0.9105448,0.82963574,0.8051825,0.94498146,0.9115011,0.9263759,0.8567134,0.71655375
3.0,-0.1707533,-0.16312954,-0.27061278,0.28074706,-0.27528167,0.035949327,0.1874478,-0.1126193,0.29042348,0.330881,-0.09209707,-0.4112833,0.11307037,-0.17893983,-0.18674475,0.022161478,-0.10594888,-0.09048161,-0.15868509,0.44645882,0.8399082,0.89996576,0.8940084,0.8841448,0.8668401,0.94359726,0.9372243,0.9397043,0.8999151,0.807536,0.9996935,0.84223914,0.9432647,0.8364978,0.9044928,0.92555743,0.9537581,0.9315993,0.8817011,0.7847353
7.0,-0.14254832,-0.13675678,-0.23064306,0.24365684,-0.22157584,0.020240279,0.1772772,-0.07572925,0.23994485,0.25544614,-0.07679381,-0.33484265,0.074754626,-0.089417145,-0.14364706,0.039438535,-0.09970178,-0.07013972,-0.13171919,0.3404938,0.8682096,0.90878624,0.84472114,0.8972872,0.8790511,0.9196052,0.9452642,0.93869424,0.8722799,0.79763424,0.98721373,0.84515953,0.9484677,0.8389577,0.8827452,0.92651474,0.93369067,0.9281445,0.90686274,0.7920164
3.0,-0.11769204,-0.10409929,-0.19362947,0.23049405,-0.20185608,0.016853627,0.15593919,-0.07196158,0.20550339,0.20616093,-0.06706398,-0.29004005,0.051617466,-0.050865415,-0.12818456,0.0480739,-0.08566616,-0.06264706,-0.111802414,0.28633428,0.8586359,0.9143392,0.83545,0.8824639,0.88059664,0.92052776,0.9443712,0.94161594,0.8688746,0.78443646,0.9854271,0.8213055,0.9431835,0.8413745,0.8786826,0.936005,0.937822,0.92979294,0.8972792,0.7834338
1.0,-0.24733597,-0.2715489,-0.37728208,0.31745097,-0.3189504,0.035240326,0.265147,-0.111928806,0.3885805,0.4741081,-0.117987685,-0.5280754,0.1690584,-0.26533052,-0.22110376,0.004805308,-0.15703174,-0.11230641,-0.21465091,0.5853969,0.89238334,0.8835351,0.8940149,0.9394626,0.8621158,0.9204872,0.9382919,0.9280061,0.8867005,0.84820586,1.0054876,0.9280176,0.9614321,0.8224428,0.9035525,0.880863,0.9291275,0.9189745,0.9230585,0.8170487
4.0,-0.06251681,-0.048598137,-0.12078301,0.18226132,-0.1377104,-0.004076477,0.120097905,-0.036751065,0.12154302,0.08411524,-0.046069317,-0.17156157,-0.00065376994,0.060921624,-0.06559774,0.073834375,-0.059902858,-0.036844097,-0.06515397,0.13283302,0.8697595,0.91901255,0.7829141,0.8685359,0.88822734,0.89816946,0.94884527,0.9398959,0.83735144,0.755532,0.9647628,0.7929121,0.93770266,0.83940613,0.84781855,0.936359,0.91702974,0.9268342,0.9028981,0.7709396
3.0,0.053251784,0.051406246,0.05461251,0.07443541,-0.055805624,-0.03197165,0.03870917,-0.013640385,-0.028956123,-0.14119339,0.00054783747,0.05144815,-0.070887126,0.21163958,0.041936625,0.10444038,0.0065881424,-0.0025526043,0.028137047,-0.10887511,0.8324356,0.9252572,0.72852373,0.8134718,0.8781296,0.90455353,0.9348221,0.93521833,0.8207602,0.6806537,0.94323206,0.69581103,0.90959466,0.82931936,0.8048938,0.94680625,0.9128118,0.9266465,0.85416347,0.7148963
4.0,0.29715928,0.22352436,0.44548517,-0.21071905,0.14754167,-0.10055932,-0.114703126,0.031006586,-0.33761567,-0.66885465,0.09983181,0.5608007,-0.18773776,0.50366515,0.3228681,0.14860475,0.14068349,0.061300986,0.2477929,-0.6432495,0.76971996,0.8947987,0.5705968,0.7045558,0.8162148,0.8580466,0.8731062,0.88400793,0.724109,0.5107145,0.8753769,0.5115583,0.83133745,0.759015,0.67834896,0.89563876,0.8429258,0.9032524,0.7378738,0.5698438
11.0,0.66451156,0.48087695,1.2888042,-0.81231236,0.62596977,-0.1471618,-0.24828836,0.09306245,-0.8526366,-1.6833351,0.23758282,1.5147855,-0.31029314,0.8873576,0.8399187,0.10173921,0.29117936,0.14399067,0.6991901,-1.5243772,0.6162297,0.838387,0.3424052,0.5880011,0.62450004,0.804897,0.65712893,0.78751487,0.57132995,0.28049532,0.7828486,0.2677115,0.70541835,0.58328116,0.47874734,0.77101153,0.76080614,0.8740674,0.51502895,0.35779342
1.0,-0.15741794,-0.15908414,-0.25393325,0.2575719,-0.26705033,0.031881724,0.18048722,-0.10438378,0.27490816,0.30605257,-0.086998865,-0.3840704,0.1116797,-0.1623351,-0.16851526,0.023357216,-0.099816106,-0.08419166,-0.15132934,0.41804194,0.8404005,0.9003132,0.8871098,0.88855726,0.86836624,0.94923824,0.9394434,0.93755037,0.90278673,0.8000302,0.9923106,0.8401499,0.9434265,0.83495563,0.8963491,0.9280351,0.9479764,0.9317305,0.8852214,0.7828469
8.0,-0.20731069,-0.21232814,-0.31955087,0.30059385,-0.29977608,0.036891885,0.22141725,-0.115941875,0.33924735,0.4012074,-0.10446956,-0.46962297,0.14064357,-0.2260445,-0.2062781,0.01505851,-0.12820183,-0.10193284,-0.18508431,0.51829827,0.85757715,0.8912545,0.9004043,0.90323883,0.8625156,0.9366782,0.9374377,0.93469423,0.89765817,0.8240588,1.0040921,0.8763984,0.95067865,0.83085287,0.9071782,0.9051335,0.94833785,0.9271736,0.8937854,0.79596657
3.0,-0.10046111,-0.08750268,-0.17379689,0.21203832,-0.17070532,0.006320502,0.14805213,-0.050173927,0.1746235,0.16069214,-0.06021484,-0.24572307,0.030052632,-0.00029842556,-0.100827456,0.05896455,-0.08043842,-0.050593518,-0.09553681,0.22191992,0.8756099,0.915741,0.80581844,0.88594466,0.88682264,0.9026004,0.9487915,0.93999535,0.84864706,0.77764595,0.9741502,0.8218498,0.9449191,0.8401752,0.862661,0.93220496,0.9213801,0.92693853,0.911449,0.7848905
10.0,0.27688766,0.2072208,0.40562555,-0.18403205,0.12837695,-0.09757375,-0.10326401,0.030399512,-0.31149772,-0.6205363,0.090869434,0.5150462,-0.17929977,0.48048928,0.30089918,0.15101771,0.13006076,0.057738356,0.22684631,-0.5991309,0.7771267,0.89532053,0.5830915,0.7119145,0.82355565,0.8608101,0.88276255,0.8875781,0.73144805,0.5242705,0.87850857,0.52825725,0.8384692,0.76703024,0.6883872,0.8978583,0.8473665,0.90549564,0.750036,0.5820832
8.0,-0.3327929,-0.43476593,-0.50382656,0.35074738,-0.46026126,0.038214657,0.34873235,-0.16453537,0.5438943,0.7079353,-0.16064578,-0.696835,0.2956627,-0.48381138,-0.2721872,-0.030243024,-0.20978668,-0.1676664,-0.29655933,0.85568094,0.89056814,0.84556484,0.96363497,0.97032845,0.83467025,0.9535884,0.91936123,0.9041948,0.92473155,0.87216264,1.0161452,0.9918443,0.96391827,0.78423935,0.90661776,0.8162763,0.92550457,0.8982001,0.90759647,0.8173559
7.0,-0.25196218,-0.28947824,-0.38558677,0.31259608,-0.3451723,0.03723302,0.26761013,-0.12393645,0.40701112,0.50097495,-0.123170756,-0.5455895,0.19271995,-0.30468833,-0.22527777,-0.00094672665,-0.15723449,-0.11947999,-0.22379062,0.6245251,0.8773357,0.8770461,0.91544855,0.9359887,0.8563127,0.9387148,0.93602276,0.92413735,0.90424985,0.8444483,1.0054631,0.9245535,0.95911366,0.8172644,0.9063445,0.8764186,0.9350501,0.91850716,0.9101583,0.80938876
9.0,-0.15241748,-0.14546621,-0.24624288,0.25153145,-0.21721868,0.01819913,0.18773398,-0.069121316,0.24790731,0.26677507,-0.08013478,-0.34549958,0.07414409,-0.08626419,-0.14557925,0.039946437,-0.10827656,-0.07018432,-0.13714847,0.34399575,0.8840059,0.90775466,0.83532053,0.9080026,0.8818277,0.9072006,0.94777924,0.9378868,0.86119866,0.8059908,0.9855486,0.86148286,0.95328844,0.83768016,0.8797411,0.9199042,0.9246691,0.92553,0.9210243,0.80103374
2.0,0.46216795,0.34369057,0.7878465,-0.45787102,0.33297384,-0.12600242,-0.19800183,0.04521062,-0.5580509,-1.093279,0.16731624,0.95750654,-0.24037477,0.6780571,0.5322671,0.12867522,0.22425689,0.09292195,0.43216366,-1.0170147,0.70735264,0.8713027,0.46305305,0.6480762,0.74115217,0.8290166,0.7886153,0.8408161,0.6511318,0.3991308,0.83748686,0.38863406,0.7728717,0.6854316,0.5875542,0.85140914,0.7952323,0.8822892,0.63902324,0.46720612
6.0,-0.117617354,-0.11271351,-0.1970793,0.2197178,-0.1974889,0.013389423,0.16020656,-0.06354802,0.20516099,0.20383586,-0.06708267,-0.28527856,0.05609853,-0.047400545,-0.11842112,0.047633067,-0.08727453,-0.059470706,-0.11204958,0.27994347,0.86770797,0.91229534,0.82778895,0.89165,0.88234687,0.9170336,0.94632643,0.9384465,0.8657478,0.7846506,0.97988063,0.8305373,0.9461528,0.839697,0.8722646,0.9316447,0.92861915,0.92822534,0.90652514,0.78597313
10.0,0.016109854,0.020816945,-0.0011840835,0.11005136,-0.08642137,-0.020369949,0.063722655,-0.02383978,0.020605862,-0.06588803,-0.014137516,-0.02391778,-0.046819683,0.15886308,0.0028527267,0.09227769,-0.014062833,-0.014450267,-0.0030469857,-0.02452688,0.84023213,0.9258919,0.75180733,0.830644,0.8821961,0.908269,0.93877983,0.938735,0.83281785,0.7051277,0.952674,0.72442806,0.9186603,0.8351156,0.8224063,0.94932306,0.91924036,0.92840457,0.86758137,0.7332294
8.0,-0.010197366,-0.002527578,-0.04279075,0.13448255,-0.101845965,-0.016060166,0.08252024,-0.026194986,0.053863507,-0.015847001,-0.025261462,-0.07272036,-0.032641727,0.12850884,-0.018574946,0.08843782,-0.029590677,-0.020995151,-0.023879416,0.025464907,0.851854,0.9228737,0.7604661,0.84329665,0.88518596,0.9030943,0.9438635,0.9386299,0.83226377,0.72197235,0.95561373,0.74827975,0.92545414,0.83690274,0.8301366,0.9434171,0.9171626,0.9275645,0.8811114,0.7463604
4.0,-0.120054945,-0.10819141,-0.20162448,0.22745338,-0.1862958,0.010522256,0.16303435,-0.055898983,0.20135203,0.19933423,-0.06774861,-0.2826028,0.04519315,-0.029877786,-0.117324434,0.05226174,-0.09136909,-0.057372183,-0.11096698,0.26520562,0.88057864,0.91308093,0.8152428,0.8951762,0.8858246,0.90265477,0.9490386,0.93942887,0.85180736,0.7890351,0.9779261,0.837964,0.9486988,0.8395181,0.8686541,0.92775536,0.921526,0.9262938,0.9170486,0.79214793
11.0,0.70459473,0.5053255,1.3920089,-0.8826864,0.68335795,-0.14767982,-0.24437237,0.10852562,-0.9059718,-1.7970339,0.24864914,1.6228207,-0.3345617,0.9319101,0.89991176,0.09160443,0.29461914,0.1550366,0.75559694,-1.6279279,0.5995027,0.8360932,0.32218817,0.57661366,0.599455,0.7984534,0.6277665,0.782321,0.56173545,0.2630788,0.7729195,0.24868682,0.69230217,0.56339127,0.45924804,0.7565789,0.76242846,0.87456256,0.49214774,0.34233573
9.0,-0.08856314,-0.07688021,-0.15280128,0.20581728,-0.19405219,0.015818434,0.13095191,-0.074742824,0.17254081,0.15739202,-0.05718966,-0.24522077,0.04352371,-0.0311316,-0.11002177,0.04833353,-0.06649179,-0.056369126,-0.09327245,0.24341111,0.8377369,0.9172697,0.83759886,0.8670608,0.87819976,0.9367953,0.94024915,0.9428123,0.8798275,0.76668733,0.9811547,0.79276526,0.9354835,0.84108776,0.8741785,0.9494252,0.94310355,0.93306714,0.8806169,0.76881284
11.0,0.66620296,0.492294,1.3190188,-0.8203143,0.64459836,-0.1425659,-0.24188566,0.09278259,-0.86332315,-1.702187,0.23789452,1.5335565,-0.3174786,0.90233994,0.8411536,0.0882072,0.28791445,0.14207959,0.7124005,-1.5358427,0.6121678,0.8436105,0.33952388,0.5906599,0.6156742,0.81045663,0.6516582,0.792045,0.57226646,0.27902192,0.78827953,0.26232052,0.7047828,0.58108747,0.47512692,0.7782518,0.7679036,0.8707952,0.5127574,0.3585032
9.0,-0.18395796,-0.18067393,-0.2909906,0.2768137,-0.24007337,0.022881754,0.2136175,-0.07680517,0.28953698,0.32745427,-0.092171766,-0.40195483,0.0969454,-0.12998238,-0.16933519,0.030294694,-0.12657718,-0.08111351,-0.16134241,0.4089973,0.89590603,0.9020444,0.84563494,0.92361784,0.87919885,0.90306044,0.9473926,0.9360801,0.8612992,0.8243709,0.9903917,0.8897868,0.9591453,0.83427626,0.8858954,0.90840626,0.9211735,0.92299724,0.93176234,0.8127815
2.0,0.39373788,0.28918543,0.629489,-0.34969062,0.24554771,-0.11942059,-0.16739535,0.040641565,-0.46105167,-0.90607303,0.14001396,0.7820348,-0.219304,0.6034494,0.4442737,0.14491701,0.19084017,0.08118139,0.34920716,-0.8568732,0.7367656,0.8784378,0.5075757,0.6687472,0.7768887,0.8370986,0.8292179,0.8567653,0.68093836,0.44447666,0.85038704,0.4408022,0.796624,0.71874607,0.62585425,0.8679962,0.81132305,0.89080757,0.68197215,0.50889266
3.0,-0.18492773,-0.18448043,-0.28888258,0.2813667,-0.27096093,0.032050937,0.20614088,-0.100924395,0.30339903,0.34908888,-0.0944396,-0.42290372,0.11586454,-0.17559583,-0.1855513,0.023073696,-0.11854082,-0.09030493,-0.16649538,0.45490086,0.862767,0.89879817,0.88000554,0.90280044,0.8694701,0.9295166,0.9408107,0.9368799,0.8886702,0.81623375,0.9985065,0.866642,0.9501588,0.8350543,0.8997103,0.91453665,0.9430444,0.9279853,0.90037215,0.7963129
9.0,-0.103145644,-0.089107856,-0.1797336,0.21509364,-0.1674657,0.0048482013,0.1508506,-0.046484835,0.17581922,0.1625348,-0.06172309,-0.24783349,0.028874932,0.0031836107,-0.10007614,0.059989814,-0.08314872,-0.049899988,-0.09699325,0.2194355,0.88235426,0.9146553,0.8009331,0.8894684,0.8881996,0.89656556,0.95039886,0.93951815,0.84284675,0.78054756,0.9719448,0.828109,0.94685656,0.8392407,0.8602375,0.9290541,0.916251,0.9257154,0.9178695,0.78827286
5.0,-0.13844721,-0.1469379,-0.22737077,0.22965929,-0.23894297,0.021709543,0.17274988,-0.0852934,0.24733287,0.26254,-0.07799985,-0.33624083,0.09543561,-0.11699678,-0.13918151,0.033724308,-0.09467889,-0.072572775,-0.13541362,0.35829687,0.8515314,0.90322685,0.86229676,0.89478356,0.8733037,0.9425459,0.9438114,0.9344799,0.8910758,0.7911172,0.9837842,0.8394711,0.94661254,0.83507633,0.8826341,0.92751217,0.9375177,0.9294896,0.89579797,0.7836747
7.0,-0.035872053,-0.023604473,-0.0768739,0.15911654,-0.12971702,-0.0046891524,0.09866454,-0.041210286,0.09113228,0.039245807,-0.034732062,-0.12815093,-0.011631146,0.081600554,-0.05068827,0.07529636,-0.042590387,-0.032361668,-0.045803316,0.09450695,0.8486314,0.92435294,0.7845353,0.8525054,0.8847274,0.91321707,0.9426652,0.94182295,0.8477713,0.73797846,0.96616673,0.7628249,0.9294901,0.8402223,0.84627545,0.94879913,0.9276775,0.92982674,0.8823959,0.75602597
4.0,-0.01605618,-0.0070587657,-0.049765445,0.13996655,-0.10973904,-0.012449175,0.086057454,-0.030847926,0.06278589,-0.0026491098,-0.027155587,-0.086326875,-0.027102306,0.1160836,-0.027361602,0.084102854,-0.032361407,-0.024098992,-0.029065546,0.043671824,0.8496357,0.9241352,0.76780796,0.8453665,0.88495374,0.9072717,0.9428483,0.9399774,0.83807844,0.7256828,0.95906925,0.7506603,0.9261906,0.8381764,0.8350004,0.94649345,0.92122465,0.92858547,0.8802579,0.748426
2.0,0.027240148,0.029993888,0.013431236,0.100182824,-0.07406125,-0.025863484,0.056471713,-0.017609842,0.004286416,-0.089859486,-0.010418976,0.0004618168,-0.056660157,0.17958257,0.017272044,0.09927742,-0.008369368,-0.009635955,0.006509725,-0.055239275,0.8416126,0.9242049,0.74072224,0.8253424,0.8817715,0.90256,0.9396415,0.9367174,0.8243115,0.6978553,0.94775546,0.7176498,0.91614896,0.83292943,0.8151082,0.9449002,0.91400594,0.9270025,0.8663393,0.7282838
1.0,-0.26648524,-0.30093253,-0.40330246,0.32970282,-0.34432527,0.03775713,0.28137058,-0.12298935,0.4191823,0.51992095,-0.12612385,-0.56543225,0.19175525,-0.3076836,-0.23570548,-0.0022971407,-0.16650027,-0.122596286,-0.230645,0.6396051,0.8913063,0.8766262,0.90829515,0.9428225,0.85595345,0.9252728,0.934592,0.9248902,0.89340556,0.8540606,1.0096108,0.9390527,0.9615311,0.81709516,0.90713733,0.8699665,0.93078935,0.91684765,0.9190063,0.81689453
2.0,0.103813075,0.086430505,0.12488278,0.02174344,-0.012590937,-0.051282972,0.0057380274,0.004038428,-0.0956636,-0.24541022,0.019139087,0.15486015,-0.10068052,0.28150553,0.103128284,0.12427437,0.03495658,0.014837902,0.07028268,-0.22669093,0.8262037,0.9170919,0.69135237,0.78911066,0.8702463,0.8914268,0.93090105,0.9250824,0.7969261,0.6453725,0.9244518,0.6606821,0.8957932,0.8185048,0.7760219,0.9327457,0.89537895,0.9221369,0.8375532,0.68703824
7.0,-0.15879941,-0.15515158,-0.25377133,0.25589845,-0.2333422,0.022589533,0.19061856,-0.07915869,0.26143333,0.28676066,-0.08295634,-0.3638304,0.086612135,-0.11198981,-0.15554817,0.034770478,-0.10903734,-0.07552027,-0.14404307,0.37418884,0.87430716,0.90585095,0.8500985,0.9051061,0.8779225,0.9173495,0.94537044,0.9376068,0.8725795,0.80664766,0.9896082,0.8593568,0.9514319,0.8375268,0.8860892,0.9205039,0.932075,0.9269457,0.91218585,0.7977418
3.0,-0.1170267,-0.116069816,-0.19549759,0.21677962,-0.20452067,0.014327071,0.15863979,-0.06893449,0.20936212,0.20855655,-0.06748459,-0.2875842,0.06330291,-0.05906089,-0.11899917,0.04588996,-0.08566602,-0.06114257,-0.11364606,0.28904402,0.85982066,0.9105226,0.83566535,0.889343,0.87958854,0.9264238,0.9453886,0.93731976,0.87308514,0.7824084,0.9804619,0.8271924,0.945339,0.8386067,0.8736912,0.9323616,0.9324224,0.9289094,0.9005354,0.7825817
6.0,-0.18582107,-0.18529373,-0.2902352,0.27951702,-0.26062015,0.028739838,0.21035463,-0.09221865,0.30005935,0.3436137,-0.09345885,-0.41666657,0.10956936,-0.16021979,-0.18027379,0.02576876,-0.12223769,-0.0873464,-0.16522722,0.44092572,0.8751481,0.9000642,0.86764044,0.91083133,0.8726626,0.92001915,0.9431199,0.9363834,0.8791439,0.81914264,0.99644417,0.87558615,0.9534938,0.8349967,0.8952049,0.91172886,0.9359487,0.9261376,0.91137797,0.80232215
7.0,-0.36734828,-0.49383214,-0.5479311,0.3744755,-0.508467,0.03852384,0.38208392,-0.18521446,0.5976487,0.79427314,-0.1746754,-0.7595836,0.33548495,-0.56038964,-0.29823533,-0.041596033,-0.22859958,-0.1900936,-0.32211524,0.9552728,0.8912042,0.8314495,0.98451424,0.9702506,0.82165504,0.955538,0.9065654,0.89862967,0.9312444,0.87733984,1.0251764,1.0090873,0.9601393,0.7694992,0.906854,0.7900298,0.92636764,0.89135313,0.8952868,0.8124842
7.0,-0.31113908,-0.37320608,-0.4671265,0.3564233,-0.3902141,0.038688872,0.32681233,-0.13902962,0.48559102,0.6205638,-0.14427243,-0.6438155,0.23660186,-0.3854751,-0.26163915,-0.01673834,-0.19487691,-0.14416862,-0.26703814,0.7468854,0.90832967,0.8627076,0.9224376,0.96558154,0.84664154,0.92289174,0.92673177,0.9163184,0.8942991,0.874425,1.0171379,0.9808622,0.9656433,0.80296904,0.90709543,0.84005785,0.9212483,0.90739405,0.9272556,0.8268905
3.0,-0.13820486,-0.13264045,-0.22499463,0.23902705,-0.21564777,0.018370938,0.17480594,-0.07217186,0.23333856,0.24546385,-0.07500465,-0.32500887,0.07061404,-0.079715624,-0.13812917,0.041423973,-0.098038256,-0.06772922,-0.12803504,0.32744855,0.8699822,0.90944266,0.83983475,0.89748526,0.8801522,0.917735,0.94589204,0.9384663,0.86955994,0.79572314,0.9854175,0.8439645,0.94864273,0.8389645,0.88003826,0.926817,0.93154675,0.92782354,0.9085424,0.7918171
6.0,-0.12890081,-0.117106095,-0.21656436,0.2344921,-0.18799818,0.010452448,0.17098767,-0.053806037,0.21114436,0.21340215,-0.07156545,-0.29643425,0.04963301,-0.036236558,-0.121435314,0.050392073,-0.097631365,-0.058776543,-0.11742683,0.27672577,0.8893385,0.91127294,0.81318367,0.9027823,0.8870154,0.896764,0.9503869,0.9386468,0.84731364,0.7958677,0.9767328,0.85020816,0.9520732,0.8382486,0.8678198,0.92340386,0.9158332,0.9247949,0.9259378,0.79820126
3.0,-0.13549045,-0.12695704,-0.22056353,0.23972186,-0.21317229,0.018654224,0.17186946,-0.07216354,0.22860214,0.23930208,-0.07380144,-0.32043624,0.06615211,-0.07406707,-0.13797656,0.04255442,-0.09629835,-0.06710639,-0.1254832,0.3210115,0.8687051,0.91073054,0.83888435,0.8945848,0.88048196,0.91683304,0.9456282,0.9395815,0.86878777,0.7945049,0.98588574,0.84021956,0.94754606,0.83986753,0.8804841,0.92871284,0.9328737,0.9283301,0.9068763,0.7908582
8.0,-0.3296894,-0.40988737,-0.4933347,0.3640139,-0.42327952,0.03947139,0.34487155,-0.15240358,0.5195977,0.67302024,-0.15333103,-0.68101454,0.2653633,-0.4365856,-0.2739298,-0.024506591,-0.20519333,-0.15719303,-0.28402176,0.80942297,0.9050578,0.853766,0.9394791,0.9681824,0.8391916,0.930861,0.9208147,0.9111488,0.90391296,0.877164,1.0207466,0.9909045,0.9641874,0.79418415,0.9080802,0.8253702,0.9223182,0.9031803,0.9193637,0.8236355
6.0,-0.09704759,-0.08803392,-0.16636187,0.20641837,-0.1801768,0.009336778,0.14370894,-0.05871951,0.1763233,0.1624048,-0.05887916,-0.24628752,0.037571624,-0.014239516,-0.10302266,0.055251393,-0.075914554,-0.052746326,-0.095244914,0.23313023,0.8617083,0.916023,0.81792545,0.88059014,0.8833453,0.9167537,0.945818,0.94009566,0.8616509,0.7730964,0.9773889,0.8122259,0.9420364,0.8407453,0.8670368,0.9373881,0.9301892,0.92906994,0.899741,0.7786978
1.0,-0.22915049,-0.23876709,-0.35289046,0.31007287,-0.2837937,0.030310214,0.2511641,-0.09516324,0.35428134,0.4225753,-0.10947319,-0.48652393,0.13794895,-0.2080952,-0.20461312,0.01457398,-0.15069364,-0.10024186,-0.19735786,0.5171501,0.90391374,0.89140147,0.86889195,0.9405559,0.8705715,0.90573627,0.9432116,0.93191504,0.8692887,0.84617037,0.9999331,0.9240541,0.9639919,0.8273988,0.8961415,0.88970023,0.92148644,0.91951615,0.9362283,0.8227895
4.0,-0.12585104,-0.114724986,-0.20881033,0.2321339,-0.19430865,0.01304686,0.16678801,-0.060452927,0.21063143,0.21289197,-0.06981392,-0.2955016,0.051435318,-0.04324284,-0.12425716,0.049238067,-0.093735114,-0.06046074,-0.11598861,0.2831244,0.8782602,0.9125067,0.82187146,0.8959885,0.8844709,0.9059965,0.948156,0.9395287,0.8562738,0.79156685,0.9805202,0.8400677,0.9487587,0.8397276,0.87233824,0.92774916,0.9245855,0.92678845,0.9150652,0.79264975
9.0,-0.26061767,-0.2919113,-0.40393952,0.3459804,-0.40942663,0.054056384,0.24951017,-0.17440319,0.441409,0.5505499,-0.13908449,-0.6036286,0.23428833,-0.40577644,-0.26064008,-0.017512828,-0.1427079,-0.13965976,-0.23933057,0.7157854,0.8175159,0.861071,0.98686683,0.8892795,0.8373141,0.9812039,0.9235176,0.92663145,0.9450735,0.83542055,1.009073,0.8855052,0.9425186,0.80909383,0.92452294,0.8795271,0.9625705,0.92714846,0.85592043,0.77779484
8.0,-0.14213058,-0.13164157,-0.2306574,0.24640366,-0.21021186,0.017509189,0.17838347,-0.06818488,0.23374945,0.24666122,-0.075919874,-0.3277027,0.06459623,-0.07134499,-0.14010035,0.04337055,-0.101912856,-0.0673175,-0.12895612,0.3230856,0.8788056,0.91017276,0.8328473,0.9006293,0.8821979,0.9082582,0.94730043,0.93935966,0.8611207,0.80000085,0.98511887,0.8503235,0.95051384,0.8392492,0.8789056,0.92448145,0.9276148,0.9267407,0.91561335,0.79666793
5.0,-0.18075824,-0.18005842,-0.2860524,0.2715987,-0.24193238,0.022774113,0.21096954,-0.078346975,0.2879339,0.32480243,-0.09124247,-0.3979516,0.098936535,-0.13234892,-0.16704176,0.030337607,-0.12406503,-0.08087217,-0.1597391,0.4086758,0.89084107,0.901883,0.8486261,0.92101926,0.8783121,0.9079331,0.94687724,0.9354644,0.86535364,0.82101685,0.990612,0.8849104,0.9579084,0.83427024,0.886298,0.9095551,0.9236749,0.92347604,0.92729414,0.8095259
3.0,-0.11476841,-0.102813594,-0.19342878,0.22328603,-0.1842944,0.010285714,0.15852743,-0.056212164,0.19507624,0.1903078,-0.06560096,-0.27400625,0.042305037,-0.024938371,-0.11427827,0.053322516,-0.08787857,-0.056219153,-0.10712233,0.25692862,0.8767223,0.9140468,0.81530255,0.8915691,0.8855033,0.9049741,0.94839346,0.9398031,0.8534225,0.7854769,0.97792584,0.8319096,0.94707,0.8400622,0.8683933,0.9300346,0.92354983,0.9269584,0.91324806,0.78922623
2.0,-0.04713806,-0.033024944,-0.09395147,0.17007414,-0.13570014,-0.002921267,0.10690732,-0.042125437,0.10472118,0.059761424,-0.039313555,-0.1482588,-0.006773253,0.070114106,-0.059886914,0.07383963,-0.04940866,-0.03531888,-0.054248907,0.11479116,0.854195,0.9232504,0.7872824,0.8575799,0.88574123,0.90972424,0.94446665,0.94189405,0.84642035,0.745196,0.96769506,0.7727827,0.9320556,0.84071124,0.8494541,0.94573694,0.92664546,0.9292977,0.88795763,0.7615059
5.0,-0.24773687,-0.26835993,-0.37836993,0.320083,-0.30930594,0.03361701,0.26705915,-0.10630509,0.384575,0.46783653,-0.11729564,-0.5239639,0.1616784,-0.25125036,-0.21902916,0.006621979,-0.1595353,-0.11004528,-0.21342462,0.5721848,0.9019114,0.88524354,0.88421315,0.9450556,0.86487854,0.912218,0.9398154,0.9287478,0.8780646,0.85217184,1.0044154,0.9348436,0.96401334,0.8230639,0.9008584,0.88042325,0.9237777,0.9179496,0.9322441,0.8227938
2.0,0.24390255,0.18864349,0.35465798,-0.14022338,0.09988697,-0.08720596,-0.08289454,0.024174813,-0.27190873,-0.54670984,0.0778278,0.44579655,-0.16777508,0.44681305,0.25776103,0.1443152,0.112209395,0.04909847,0.19657043,-0.5275653,0.7853045,0.9045927,0.6057552,0.72674966,0.83429104,0.87091017,0.8918701,0.89901054,0.74799037,0.54825324,0.89064103,0.5506962,0.8503641,0.7785891,0.7070945,0.91086435,0.86160207,0.9100373,0.76650083,0.6036633
10.0,0.14445196,0.124532826,0.19988841,-0.019459836,0.015716642,-0.056354262,-0.020947732,0.0033927187,-0.14779788,-0.33023122,0.038185105,0.23759468,-0.12282007,0.33018318,0.13629267,0.12299203,0.057489466,0.022207413,0.10709149,-0.3076926,0.80783546,0.9233518,0.6743664,0.7718795,0.8613836,0.8963694,0.9157529,0.9249488,0.79349977,0.61943686,0.9227754,0.6227229,0.88366455,0.80951315,0.76229596,0.9407347,0.8970776,0.92153543,0.8131299,0.665398
6.0,-0.15705353,-0.15184626,-0.25131208,0.25545207,-0.22916725,0.021697778,0.18953142,-0.07694997,0.2576583,0.281292,-0.08205153,-0.35907584,0.082691036,-0.10499674,-0.1535602,0.03624484,-0.10866235,-0.07425708,-0.14204541,0.36630082,0.876332,0.9066013,0.8465337,0.9051424,0.87884736,0.9147209,0.94584846,0.937949,0.8697206,0.80636823,0.9889751,0.8591619,0.951669,0.83783334,0.8848844,0.9207329,0.93085074,0.9267431,0.9138246,0.7983867
4.0,-0.09444441,-0.08282414,-0.16479614,0.20574948,-0.16913843,0.0061323037,0.14337191,-0.050423175,0.16793975,0.15086778,-0.057797752,-0.23625599,0.028429644,0.0037526488,-0.096785106,0.059283346,-0.076395124,-0.049259044,-0.09141013,0.21375176,0.87121546,0.9166598,0.80623627,0.8827341,0.88633966,0.9059409,0.94776845,0.94010955,0.8514288,0.77351874,0.9738541,0.8155296,0.94316953,0.84064883,0.8620983,0.9348362,0.92323905,0.9277024,0.90732163,0.7814479
8.0,-0.10241959,-0.08714854,-0.17289785,0.21757685,-0.1826331,0.011624527,0.14622793,-0.061179142,0.18099874,0.1708729,-0.060733296,-0.25655675,0.034939643,-0.01656155,-0.11160468,0.055068877,-0.07897697,-0.05516614,-0.098478824,0.24195145,0.86320305,0.91722643,0.8196941,0.87969834,0.8838098,0.9130567,0.94577634,0.94196975,0.859723,0.77725405,0.9802844,0.8139462,0.9419231,0.84190583,0.8707576,0.9377413,0.9322676,0.92925483,0.9002475,0.78129286
11.0,0.6553785,0.47992903,1.275644,-0.79818374,0.61929953,-0.1454767,-0.24596152,0.08981053,-0.8435307,-1.6629459,0.23503058,1.4955837,-0.30829233,0.8831211,0.82570255,0.098413184,0.28808913,0.14051631,0.6908706,-1.50342,0.61910325,0.8413032,0.34615973,0.5916511,0.626583,0.80854654,0.6619263,0.790869,0.5743625,0.2843418,0.7875891,0.27022365,0.70852154,0.5873587,0.48218036,0.77767646,0.76379454,0.8727047,0.5196205,0.3620135
7.0,-0.100592114,-0.08958469,-0.1713931,0.21125984,-0.18113655,0.010044201,0.14625369,-0.058782034,0.17963317,0.16780266,-0.060131818,-0.25224417,0.037271068,-0.015763965,-0.10655092,0.054971926,-0.07817461,-0.053708307,-0.09746216,0.2380819,0.86421144,0.9161929,0.817812,0.8818179,0.8838591,0.91404146,0.946142,0.94059193,0.8600223,0.77569914,0.97818965,0.81515056,0.9426083,0.84105605,0.8681368,0.9366002,0.9298115,0.92887014,0.901705,0.780734
7.0,-0.2702569,-0.3104004,-0.40965605,0.32881522,-0.35322955,0.038098425,0.28520262,-0.12606524,0.42753944,0.5326171,-0.12862012,-0.5741762,0.20065989,-0.32161942,-0.23756005,-0.0048127137,-0.16857445,-0.12544155,-0.23523426,0.6554204,0.88960576,0.87437147,0.9137574,0.9447993,0.85456973,0.9292,0.9338585,0.92323077,0.8976025,0.8547107,1.0096421,0.94176716,0.96146506,0.81486785,0.9074373,0.8669574,0.93069446,0.91589355,0.9176304,0.81626326
6.0,-0.13914216,-0.137972,-0.22709188,0.23808908,-0.23132592,0.02299902,0.17279041,-0.08217025,0.24093828,0.2566294,-0.07676371,-0.33615378,0.08356158,-0.10346939,-0.1441821,0.035077434,-0.095041975,-0.07162715,-0.13248308,0.35040894,0.85697746,0.9074653,0.8557087,0.89315265,0.87626433,0.93139404,0.9433107,0.93814737,0.8838965,0.7938228,0.98682374,0.83823353,0.9456274,0.8384594,0.8849361,0.9302337,0.93792534,0.9299899,0.8984133,0.7864034
10.0,-0.082821526,-0.0637724,-0.14286682,0.20721042,-0.17957385,0.012815143,0.12736496,-0.06839213,0.15921825,0.14018874,-0.054101884,-0.22926813,0.026748713,-0.0055282153,-0.105516136,0.055624697,-0.065494,-0.053002894,-0.08558245,0.21776634,0.84354603,0.9210647,0.82555985,0.86416334,0.8813751,0.9259448,0.941398,0.94459593,0.8686782,0.76549494,0.9818015,0.78885084,0.93510264,0.84286034,0.87221795,0.9493597,0.94189847,0.9319823,0.88316905,0.7701269
8.0,-0.18951294,-0.18878824,-0.2984347,0.27988234,-0.24750872,0.024322947,0.21802363,-0.0802458,0.29855046,0.34065714,-0.0943982,-0.41349012,0.10386214,-0.14282408,-0.17417681,0.027713545,-0.12908725,-0.083871365,-0.16615978,0.425537,0.89487433,0.9006235,0.850712,0.92507386,0.87771004,0.9054869,0.94660604,0.9354006,0.86452675,0.8264251,0.9920041,0.89280206,0.959308,0.8335691,0.8880244,0.9065924,0.92249143,0.9228803,0.93059766,0.8130453
9.0,-0.051095344,-0.039722987,-0.10142065,0.17032486,-0.1359289,-0.0039911685,0.11110191,-0.039575987,0.10979562,0.066230595,-0.04093581,-0.15371488,-0.0031349487,0.06656863,-0.059134036,0.073692754,-0.05209596,-0.03515558,-0.0570502,0.11937706,0.85893905,0.9212721,0.78548104,0.8618124,0.8863046,0.90715414,0.9457693,0.9404474,0.84431183,0.74732727,0.9659829,0.7793498,0.93412834,0.84004706,0.8478197,0.94225657,0.9229551,0.9284291,0.892639,0.7637564
3.0,-0.17527151,-0.17616248,-0.27674526,0.2676126,-0.25216663,0.02642036,0.2030443,-0.087537825,0.28645813,0.32335404,-0.08975318,-0.396985,0.10398846,-0.14523609,-0.16980569,0.028170725,-0.11693449,-0.08289918,-0.15789565,0.41808498,0.87380606,0.9017351,0.86257964,0.9098025,0.8745047,0.92141765,0.9440435,0.9361667,0.8789392,0.8139677,0.99321806,0.8698353,0.952783,0.8354962,0.89149874,0.915047,0.93415105,0.9264427,0.9115379,0.80017495
1.0,-0.27327138,-0.31508204,-0.4129737,0.3318875,-0.36305383,0.039696094,0.2856671,-0.13196008,0.43458894,0.5432339,-0.130458,-0.58315706,0.20759039,-0.33669356,-0.24243282,-0.00666425,-0.16818585,-0.12871233,-0.23823217,0.6716099,0.8828488,0.8719254,0.9225409,0.9397129,0.85137385,0.9344699,0.9321047,0.92290527,0.90329313,0.85300916,1.0109911,0.93812376,0.9596677,0.8135753,0.9098767,0.8655394,0.93498564,0.91653055,0.91024476,0.8121474
4.0,0.12467054,0.10753933,0.16422749,0.0018682778,0.0009459853,-0.053064246,-0.008288644,0.00276177,-0.12259742,-0.28854662,0.029012313,0.19678245,-0.11320025,0.30707756,0.118203044,0.12332631,0.046393607,0.018199373,0.0888758,-0.26727068,0.81597006,0.92163694,0.68375456,0.7798217,0.8659761,0.89482653,0.9229347,0.9259412,0.7962726,0.6324785,0.92483836,0.64005125,0.8891764,0.8144286,0.7703186,0.93840563,0.8978887,0.92223614,0.82432306,0.6762202
7.0,-0.17734511,-0.17401642,-0.2807732,0.27131557,-0.23953347,0.023335434,0.20724392,-0.078299165,0.28249663,0.31739318,-0.08959863,-0.39263433,0.09465976,-0.12679966,-0.16649699,0.031254068,-0.12151958,-0.079953924,-0.15679939,0.40176868,0.8887917,0.9031587,0.8482189,0.9176216,0.8785026,0.9077741,0.9465554,0.9365953,0.8655985,0.8191063,0.990742,0.8803953,0.95655215,0.83550036,0.8868019,0.9120665,0.9253436,0.92439926,0.9249647,0.80793124
11.0,0.6149702,0.44513705,1.1527447,-0.72282094,0.54700994,-0.14593235,-0.24692938,0.078630805,-0.7791642,-1.5340345,0.22308192,1.3716244,-0.28611863,0.83035976,0.7648516,0.11519626,0.28216666,0.13103288,0.6277372,-1.3938602,0.6398591,0.84112275,0.36976486,0.6011576,0.6562035,0.80832905,0.6938091,0.79559076,0.5864908,0.30537516,0.7934749,0.29525006,0.721271,0.6093518,0.50440997,0.78747046,0.76107776,0.87435544,0.54532844,0.38004956
1.0,-0.1373527,-0.12730902,-0.2248703,0.24122956,-0.20445257,0.015700374,0.17552514,-0.064579986,0.22662458,0.2361528,-0.074207254,-0.31753603,0.06084041,-0.061882537,-0.13425112,0.0451108,-0.09986855,-0.06479985,-0.12512681,0.30984214,0.88029057,0.9107389,0.82819843,0.9006842,0.88335294,0.9066064,0.9479049,0.9391277,0.85876495,0.79786575,0.9829964,0.84879917,0.95051396,0.83918315,0.87607455,0.92494637,0.92521423,0.92648053,0.91719925,0.7962019
5.0,-0.13844588,-0.12368242,-0.23213238,0.2455926,-0.18874225,0.0103189545,0.17857894,-0.052158497,0.22070795,0.22764687,-0.0759004,-0.31090373,0.05165277,-0.040438864,-0.12719898,0.04955262,-0.10451001,-0.060584463,-0.12417282,0.28669775,0.8986951,0.9094015,0.81043667,0.9094566,0.8881279,0.8894245,0.9522506,0.93859726,0.84069353,0.8038395,0.9757432,0.86278135,0.95567,0.8366733,0.86710584,0.91869235,0.9101689,0.92310226,0.9354255,0.80516976
11.0,0.69617355,0.5027417,1.3769801,-0.86948204,0.67557037,-0.1466538,-0.24384812,0.10497927,-0.8970688,-1.7769216,0.24638538,1.6040583,-0.3308775,0.9258941,0.8873303,0.09079895,0.29311267,0.15227062,0.74642605,-1.6080595,0.60213083,0.83773786,0.32581025,0.57975054,0.6028069,0.80126816,0.63301945,0.78429914,0.563903,0.26641586,0.77638257,0.2515087,0.69493824,0.5672203,0.46257222,0.76140565,0.7636292,0.87355906,0.49657258,0.34577549
8.0,-0.13377917,-0.123814575,-0.219935,0.23794833,-0.20153484,0.014834397,0.17289245,-0.063337155,0.22188821,0.22917786,-0.072881766,-0.31076956,0.058420446,-0.0566328,-0.1309626,0.04627168,-0.09795144,-0.06344979,-0.122374475,0.3019452,0.87951076,0.9111916,0.826428,0.89939207,0.8836541,0.90678096,0.9479818,0.9391292,0.8582841,0.795828,0.9821848,0.8461484,0.95001656,0.83928806,0.8748806,0.92576826,0.9250073,0.9265605,0.9164912,0.7950268
11.0,0.30745146,0.22355664,0.45278263,-0.22582492,0.15478002,-0.10713258,-0.12190322,0.036117956,-0.3477709,-0.6897472,0.10303792,0.5791219,-0.18875572,0.5096834,0.3417085,0.15686646,0.14648345,0.065624624,0.25511822,-0.6647076,0.76931435,0.88596845,0.5625089,0.69832224,0.8130385,0.8510311,0.8735618,0.87634987,0.71615225,0.5022568,0.866822,0.5081369,0.8273993,0.7560828,0.6711636,0.885093,0.83377784,0.9013342,0.7344408,0.56193364
9.0,-0.14894079,-0.14299962,-0.2414799,0.24737293,-0.21510138,0.017271604,0.18528178,-0.06820125,0.2439658,0.2607847,-0.07895746,-0.33912754,0.07300503,-0.08263783,-0.14204215,0.04088337,-0.10636787,-0.068940304,-0.13471277,0.33746058,0.88262975,0.90794843,0.8343067,0.90693766,0.8819476,0.90845263,0.9478801,0.9375844,0.86156785,0.80376494,0.98473364,0.8588588,0.95288366,0.8376222,0.87860656,0.9205894,0.92463857,0.92559105,0.9199874,0.79960805
6.0,-0.074556164,-0.061896335,-0.13720381,0.19039679,-0.14966431,-0.00020930124,0.12899604,-0.041937724,0.1393413,0.10946579,-0.050382435,-0.19602081,0.010874793,0.03879358,-0.077234276,0.06806749,-0.06614541,-0.04146103,-0.07502247,0.16379978,0.8700631,0.91827035,0.79198986,0.874296,0.8875964,0.90180445,0.9483686,0.9399704,0.84326255,0.7622439,0.9683852,0.80149,0.93999684,0.84001875,0.8533431,0.93615645,0.9196681,0.92722356,0.9045362,0.7749668
8.0,-0.025911152,-0.016799558,-0.06691925,0.14835055,-0.11244957,-0.01262981,0.09391951,-0.02866907,0.074230105,0.01427092,-0.03159926,-0.102551624,-0.022728166,0.10823603,-0.032220177,0.08419375,-0.038691968,-0.025440965,-0.03639372,0.05756937,0.8577281,0.9215755,0.7669777,0.8512526,0.8864619,0.90141785,0.9457046,0.9388719,0.83380693,0.7320475,0.9579406,0.76216733,0.92939734,0.83790743,0.83520836,0.94123644,0.9166923,0.9273588,0.88830143,0.75393116
8.0,0.006378875,0.0134752635,-0.017943665,0.12122998,-0.08873483,-0.020545566,0.070516996,-0.022402762,0.031280518,-0.048857387,-0.018965272,-0.039978333,-0.045226406,0.1532161,-0.00331394,0.09447834,-0.0203975,-0.015951585,-0.010451544,-0.011816762,0.84766996,0.9236388,0.7511464,0.8345727,0.88401073,0.9018043,0.94266254,0.9380094,0.8273207,0.711659,0.95222235,0.73439145,0.9211091,0.83514655,0.8237058,0.94375086,0.9157507,0.92718256,0.87486666,0.738748
2.0,0.49631742,0.3669143,0.86512786,-0.51537174,0.37819263,-0.13120915,-0.21267214,0.050635982,-0.6062013,-1.1889787,0.1803732,1.0467819,-0.24932711,0.7119309,0.5822488,0.12625545,0.239379,0.10083104,0.47377485,-1.0985827,0.69284225,0.8635063,0.4410321,0.63709193,0.72310287,0.8232855,0.76956254,0.8294818,0.6348853,0.3765398,0.82765436,0.3660232,0.7606399,0.6689015,0.568429,0.83766085,0.7848299,0.87858105,0.6182902,0.4463706
7.0,-0.23247445,-0.25568235,-0.35823405,0.30212736,-0.30566728,0.032109722,0.2539168,-0.10509845,0.3696326,0.44498935,-0.11298378,-0.5003391,0.1591827,-0.24219519,-0.20712075,0.009313751,-0.15022394,-0.10572357,-0.20433794,0.55142033,0.8902751,0.8867051,0.88697857,0.93814147,0.8657561,0.9222817,0.9408064,0.9280382,0.885707,0.8419492,1.0013211,0.9198391,0.96148247,0.82408315,0.8994358,0.88671756,0.9275956,0.9194018,0.92415535,0.81533784
4.0,-0.10603866,-0.09285719,-0.1825678,0.21676154,-0.17285213,0.0066964505,0.15264782,-0.04988621,0.18117948,0.17020075,-0.06251554,-0.2549741,0.03295071,-0.0054811947,-0.10428533,0.05784215,-0.084069714,-0.051821172,-0.09963006,0.23070051,0.8795977,0.9147701,0.80590415,0.88958764,0.8872328,0.90008736,0.94951785,0.93969715,0.84699124,0.7814636,0.9741317,0.82813996,0.9466065,0.8397114,0.8630611,0.9299827,0.9193159,0.9263081,0.9154459,0.78800064
5.0,-0.2512543,-0.27276853,-0.3867903,0.3421713,-0.38445818,0.050896052,0.2440499,-0.16349299,0.42134875,0.52128243,-0.1317641,-0.5787435,0.21197802,-0.36792174,-0.2531073,-0.009108685,-0.14040224,-0.13240618,-0.2274105,0.6766141,0.82502216,0.86802036,0.968302,0.88881856,0.8420163,0.96930915,0.9253788,0.9290603,0.93267035,0.8337514,1.0114485,0.88165194,0.9445431,0.8153966,0.923439,0.8850433,0.96301025,0.927352,0.861503,0.78119403
5.0,-0.22740161,-0.23690316,-0.35197535,0.3076222,-0.27849573,0.028636325,0.25107595,-0.091425456,0.35091802,0.4173065,-0.109210275,-0.48133385,0.13536792,-0.20051676,-0.20072041,0.015589867,-0.15128161,-0.09844726,-0.19610313,0.50782955,0.9081832,0.8919866,0.8638214,0.94426924,0.8725648,0.9027969,0.9444233,0.9316114,0.8655091,0.8473854,0.99808687,0.92727154,0.96555716,0.8270137,0.89353585,0.8894252,0.917568,0.9185852,0.9414981,0.82547075
11.0,-0.45583168,-0.77064526,-0.6616743,0.38446125,-0.86696064,0.0044115433,0.46910158,-0.31941286,0.8673198,1.196456,-0.2492521,-0.9810263,0.5808937,-1.0071474,-0.37843767,-0.0850222,-0.32085934,-0.33391577,-0.47156936,1.4478109,0.7987453,0.7391689,1.2163677,0.96522593,0.75432473,1.110042,0.8616522,0.8782693,1.0722934,0.8432302,0.99544996,1.1042092,0.9507978,0.6522536,0.8583925,0.67092174,0.9597608,0.8465037,0.78813004,0.79238325
6.0,-0.09243793,-0.08176811,-0.15936151,0.20443818,-0.17715874,0.009150087,0.13967289,-0.058530003,0.16991425,0.15337795,-0.05699437,-0.2384276,0.033227354,-0.007554453,-0.10082209,0.05639557,-0.073117904,-0.051645003,-0.09163806,0.22388506,0.8595188,0.91722447,0.8167135,0.8774908,0.8834491,0.91694033,0.9452224,0.94081527,0.8614258,0.7706698,0.97727317,0.80740297,0.9406585,0.8412173,0.8665567,0.93949103,0.9312782,0.9295087,0.89741594,0.77689695
4.0,-0.1254227,-0.11234801,-0.207048,0.23419791,-0.19507618,0.013770568,0.16544649,-0.062334463,0.21015888,0.21253902,-0.06948072,-0.29556522,0.049868956,-0.043251377,-0.12614273,0.04968388,-0.09308235,-0.06108217,-0.11554124,0.28361157,0.87588197,0.91306037,0.82350045,0.89344174,0.8839473,0.906988,0.94773823,0.9402505,0.85707545,0.7910626,0.98182905,0.8373459,0.9479061,0.8402148,0.8737752,0.9288306,0.92704046,0.9272272,0.9124729,0.79172456
2.0,0.03636948,0.033978414,0.025278017,0.08829876,-0.066163465,-0.02971881,0.051191118,-0.013158334,-0.0070493743,-0.10822186,-0.0067391098,0.019026682,-0.059804756,0.19065174,0.029897641,0.1021909,-0.0030004904,-0.005907383,0.01418836,-0.07604334,0.8409841,0.9223607,0.7339676,0.8225158,0.88070047,0.9012344,0.9389048,0.93452597,0.82129145,0.6911551,0.9435679,0.7126842,0.91478586,0.8313822,0.80893517,0.9426759,0.910292,0.9262736,0.8643498,0.7234153
2.0,-0.17233048,-0.17255291,-0.27349162,0.2636532,-0.24072643,0.022553323,0.20328134,-0.07963637,0.27940297,0.31219655,-0.08825762,-0.3854046,0.09681255,-0.12816502,-0.16210662,0.031789646,-0.1180899,-0.07917187,-0.15422705,0.39846867,0.88263255,0.9027521,0.8511398,0.914661,0.87750435,0.91411406,0.94622135,0.93561393,0.87016976,0.8146021,0.9903473,0.87440056,0.9553469,0.8351081,0.8864054,0.9133252,0.92777556,0.9247892,0.91995335,0.8039447
7.0,-0.21512848,-0.22557858,-0.3328097,0.2961423,-0.28264824,0.030707275,0.23772067,-0.096919894,0.34000903,0.40190545,-0.10487492,-0.46682996,0.13516216,-0.2025379,-0.19702469,0.016437747,-0.14027783,-0.0971737,-0.18826962,0.5019746,0.8893906,0.8931461,0.874535,0.92945063,0.8699673,0.9160755,0.94256234,0.9323422,0.8786745,0.83517677,0.9990968,0.9055066,0.9593782,0.82948416,0.8973151,0.8969979,0.92866355,0.92218405,0.92365396,0.8130826
5.0,-0.24089822,-0.2789725,-0.37245417,0.30264196,-0.34634575,0.038218115,0.25575656,-0.12613729,0.3966511,0.48517674,-0.12082079,-0.5321313,0.19275615,-0.30300525,-0.2193089,-0.0009911433,-0.14888078,-0.11721086,-0.21854533,0.6133568,0.865728,0.8772777,0.9221526,0.9288923,0.8558921,0.9491785,0.93652034,0.9244835,0.91314316,0.83736926,1.0020756,0.9124448,0.9561776,0.8178583,0.9065412,0.8825914,0.9385904,0.92084575,0.9023609,0.8030207
1.0,-0.15497968,-0.14447078,-0.24991053,0.25721622,-0.21459661,0.017968632,0.18953672,-0.06755076,0.24863228,0.26805085,-0.08081457,-0.34795076,0.0706327,-0.082130164,-0.14760217,0.04094001,-0.11052838,-0.07028153,-0.13807061,0.34216028,0.88862544,0.907959,0.83194894,0.9093749,0.88267833,0.9020492,0.94852036,0.9385962,0.8564368,0.8087819,0.9853877,0.8651864,0.9543826,0.83768815,0.87925386,0.91867626,0.92267156,0.9249935,0.92483675,0.8038927
11.0,0.44407386,0.32270408,0.73279333,-0.42888677,0.30382133,-0.12853633,-0.19296202,0.046395652,-0.5277545,-1.0381039,0.15999255,0.9047415,-0.23286842,0.6526349,0.5132093,0.14301439,0.21520437,0.09222471,0.40555286,-0.9719614,0.7173488,0.867099,0.4747588,0.65111,0.7533848,0.8264264,0.8041837,0.8398615,0.6564185,0.41033036,0.83595294,0.40591446,0.7779904,0.69561875,0.5980955,0.8493208,0.79368776,0.88435084,0.6520548,0.4772179
5.0,-0.08265082,-0.07297479,-0.14862233,0.19387218,-0.15888324,0.0022682673,0.13533813,-0.045656726,0.15237296,0.12760267,-0.053392492,-0.21290928,0.02111723,0.02111907,-0.08415018,0.06349419,-0.07013255,-0.0445961,-0.082073264,0.18659383,0.8695889,0.9170925,0.7989851,0.8787701,0.8867161,0.9057369,0.9478758,0.93933344,0.84856546,0.766321,0.97038686,0.80763125,0.9416431,0.8400745,0.8567157,0.93561316,0.92115,0.9274533,0.90530044,0.77710384
10.0,0.6610888,0.4649073,1.2487841,-0.80009985,0.6011648,-0.15290737,-0.25640044,0.09304785,-0.8383566,-1.6571369,0.23732395,1.4878184,-0.30027348,0.86584413,0.83732885,0.12004648,0.2951951,0.1455572,0.6809089,-1.5069716,0.62088567,0.8303309,0.3468514,0.58514416,0.6352558,0.7975795,0.6651504,0.7814032,0.5695977,0.28242287,0.7754377,0.2752474,0.70586926,0.58630425,0.48318788,0.7610886,0.751011,0.8783246,0.51892376,0.3571865
8.0,-0.11237723,-0.097805016,-0.19104648,0.22370276,-0.17733191,0.0082044555,0.15698221,-0.05209743,0.18925373,0.1821144,-0.06483856,-0.2666579,0.03594251,-0.013369251,-0.110581286,0.056356393,-0.08764555,-0.054188885,-0.10437603,0.24351831,0.88111466,0.9142491,0.80871624,0.8915737,0.88691694,0.89939123,0.9496878,0.93999624,0.8471657,0.78534687,0.97578937,0.8326825,0.9476171,0.8396713,0.8653861,0.92877215,0.9199804,0.92616034,0.9169118,0.7904865
10.0,0.19099478,0.15791523,0.2751614,-0.07322607,0.05428809,-0.06931976,-0.049818046,0.012083727,-0.20721897,-0.43067348,0.057457283,0.3350473,-0.14580207,0.38734746,0.18910398,0.13036545,0.083258,0.034227975,0.14915171,-0.41001332,0.79635304,0.9187232,0.6438519,0.7514112,0.8496901,0.8878027,0.9034751,0.9162428,0.77560216,0.58699286,0.91039723,0.58712965,0.8690872,0.796057,0.73781276,0.9320503,0.88442516,0.9172807,0.79099905,0.6377662
11.0,0.3132813,0.23610911,0.47732037,-0.23257366,0.16337992,-0.10303938,-0.12364445,0.031655557,-0.35846376,-0.7078123,0.106813595,0.5975872,-0.19397739,0.5216958,0.3410398,0.14666706,0.14913385,0.064194724,0.26468942,-0.6786222,0.7638633,0.89383906,0.5604118,0.6987706,0.81004566,0.8555694,0.8653748,0.8807658,0.71781427,0.49984288,0.87252146,0.4985862,0.8256554,0.7523926,0.67004555,0.8931914,0.83892596,0.90131813,0.7282532,0.5599789
4.0,-0.11032424,-0.09926242,-0.18743931,0.21848491,-0.18040726,0.008760562,0.155554,-0.054296203,0.1893374,0.18165593,-0.063998304,-0.26520333,0.03979448,-0.018510055,-0.10935582,0.05488639,-0.08558734,-0.054380827,-0.10367822,0.24673651,0.87615836,0.91422,0.8125944,0.8903605,0.8857697,0.90510553,0.9485603,0.9394531,0.8524597,0.78280735,0.97656035,0.82911444,0.94664395,0.8398489,0.8663392,0.93038285,0.9226839,0.9268448,0.91271704,0.787725
10.0,0.2951855,0.22708726,0.44905186,-0.20691723,0.14679651,-0.097351566,-0.11267454,0.02802058,-0.33694553,-0.66609913,0.099674426,0.5587943,-0.1886122,0.5043792,0.31579888,0.14259267,0.13939367,0.059308097,0.24751395,-0.63895094,0.7685121,0.90009683,0.573053,0.7066672,0.8163612,0.8618071,0.8705962,0.88815886,0.7276105,0.5131044,0.87985224,0.5101537,0.8324446,0.759154,0.68061554,0.90179354,0.84773636,0.90410715,0.7374065,0.5720562
9.0,-0.32051823,-0.39751852,-0.48012802,0.3559043,-0.4259371,0.041049663,0.3323025,-0.1549086,0.5109944,0.6601373,-0.15141033,-0.67049843,0.26551414,-0.43793547,-0.27136275,-0.023769341,-0.1966943,-0.15543333,-0.27864447,0.80305874,0.8902054,0.85396266,0.94944257,0.9568795,0.8382593,0.94110656,0.9219484,0.9125286,0.9140468,0.86840975,1.0184203,0.9747716,0.9612007,0.79552454,0.91090566,0.83183193,0.9299725,0.90640867,0.907939,0.81540006
7.0,-0.19085947,-0.19508424,-0.29869094,0.27882138,-0.2639952,0.028262427,0.21638206,-0.09111078,0.30733395,0.3539201,-0.095654465,-0.42443597,0.116036765,-0.16757196,-0.18064499,0.023613408,-0.1259695,-0.08836494,-0.16973661,0.45089257,0.8797272,0.89850014,0.8674751,0.9173368,0.8728753,0.91936505,0.9436473,0.9347748,0.87903994,0.822256,0.99551845,0.8835674,0.9553941,0.8334175,0.8940665,0.9083146,0.9322466,0.92494166,0.91623145,0.8052279
11.0,0.6261781,0.45545352,1.188128,-0.7437737,0.56785953,-0.14518891,-0.24683553,0.08119364,-0.7976693,-1.570476,0.22638802,1.4067537,-0.29193833,0.8454687,0.7812516,0.10946834,0.28444475,0.13332587,0.64576346,-1.4245465,0.63379747,0.841664,0.36307278,0.59886783,0.64787483,0.8090149,0.68463063,0.79472834,0.58320963,0.29940477,0.7923645,0.28779167,0.7178502,0.6031406,0.49807942,0.78542185,0.76215404,0.87373054,0.5380639,0.37499252
10.0,0.031278405,0.026435368,0.014931686,0.090356,-0.0683758,-0.030179119,0.055592578,-0.011273989,-0.00016142428,-0.09849475,-0.009094424,0.009689808,-0.05473128,0.18356185,0.028836336,0.10173397,-0.0058998354,-0.0061596446,0.010094207,-0.06704722,0.8450301,0.92006147,0.7341278,0.8262554,0.8814419,0.89927405,0.94048613,0.9332189,0.8204638,0.69388664,0.9420359,0.7194637,0.9170486,0.831628,0.8084998,0.9397064,0.9073265,0.92573464,0.8687934,0.7257955
7.0,-0.13660659,-0.1291278,-0.22254989,0.23931319,-0.21270002,0.018040381,0.17344096,-0.070969805,0.22990948,0.24085334,-0.07421697,-0.32134783,0.067022115,-0.074207604,-0.1372426,0.04256611,-0.09738681,-0.06692302,-0.12623936,0.3214743,0.8708254,0.91027576,0.8375861,0.89656,0.8807815,0.91577065,0.9460618,0.9390611,0.8676582,0.7952946,0.98529017,0.84274554,0.94837976,0.83944196,0.8796146,0.9274635,0.9312947,0.9278679,0.9089408,0.7919134
7.0,-0.24991474,-0.27707383,-0.3811741,0.31740683,-0.3233543,0.035206683,0.26784822,-0.11336997,0.3937254,0.48158804,-0.11943981,-0.53312504,0.17375869,-0.2726005,-0.22216107,0.0036829785,-0.15869214,-0.11386152,-0.21732749,0.59392226,0.89209586,0.88227665,0.8963843,0.9409775,0.86136705,0.9221265,0.93798804,0.92699987,0.8882676,0.8489522,1.005725,0.93018544,0.96176326,0.8211762,0.90360576,0.87885284,0.9289331,0.918268,0.92286,0.8171376
3.0,-0.083017334,-0.07036422,-0.14829138,0.19740711,-0.15889674,0.003020621,0.13475317,-0.046700478,0.15189686,0.12767598,-0.053412378,-0.21374798,0.018450025,0.022777114,-0.08663087,0.06405464,-0.070299216,-0.045194246,-0.082082085,0.18652022,0.8691502,0.9179521,0.79940116,0.8771967,0.8868159,0.9047964,0.9478066,0.94033724,0.8478965,0.7669216,0.97151566,0.8064146,0.9410582,0.84054863,0.8579717,0.9364154,0.9225724,0.9277007,0.90447545,0.7773933
11.0,0.7096986,0.5031602,1.3903381,-0.88806516,0.68163407,-0.15031514,-0.24803439,0.11027979,-0.9084702,-1.8037692,0.2498066,1.6287129,-0.33329013,0.92962056,0.90745866,0.09770018,0.29733384,0.15753677,0.75620407,-1.6371679,0.5988336,0.83302325,0.3209145,0.57332295,0.60082626,0.7947168,0.6261798,0.7790578,0.5593791,0.2612132,0.76844037,0.24862672,0.6909515,0.5612824,0.4584988,0.75048786,0.7583743,0.8768649,0.4898099,0.33943832
5.0,-0.3753263,-0.5058726,-0.56103486,0.38276774,-0.49973565,0.036517397,0.39643487,-0.18091637,0.60316896,0.802729,-0.17541145,-0.7668145,0.33102798,-0.5507603,-0.29832095,-0.041491665,-0.23750646,-0.1904234,-0.325899,0.95393467,0.91134363,0.83294946,0.96751285,0.98498446,0.824046,0.9409502,0.90458226,0.8965659,0.916453,0.8885576,1.029091,1.0281928,0.9630299,0.7695294,0.9027495,0.78372514,0.91543657,0.8872885,0.9106699,0.8227741
2.0,-0.071138464,-0.052650627,-0.12670924,0.1952075,-0.1627425,0.0073740045,0.12127845,-0.0575098,0.13970514,0.111836985,-0.048895065,-0.20104918,0.0129708,0.02422741,-0.089989975,0.06249074,-0.06088208,-0.04653102,-0.0747537,0.1803177,0.84996134,0.9227366,0.8101662,0.8631364,0.8838936,0.91771203,0.9430018,0.94405997,0.8592482,0.7594673,0.97696835,0.78481495,0.93445075,0.8427892,0.8642969,0.9481548,0.9358466,0.93097866,0.8869549,0.7685947
1.0,-0.14558262,-0.13431159,-0.23628181,0.24970204,-0.20916598,0.017093211,0.18170929,-0.066269465,0.23650867,0.25079197,-0.07723303,-0.33186653,0.06452614,-0.07077102,-0.14124967,0.04334175,-0.10473341,-0.06749192,-0.1310104,0.32481724,0.8838763,0.90975225,0.83017135,0.9039939,0.8830648,0.9042206,0.9481754,0.939247,0.8576466,0.80298537,0.98446465,0.85575944,0.9520495,0.8388077,0.8780669,0.9224432,0.9246171,0.9259709,0.92028826,0.7996898
10.0,0.59621555,0.43906584,1.1186893,-0.6915873,0.5276612,-0.14103284,-0.24110556,0.07164164,-0.75618094,-1.4857124,0.21632314,1.3267555,-0.28115997,0.8175798,0.7336437,0.109971076,0.27586478,0.1245408,0.60763943,-1.3496579,0.6462763,0.84746516,0.37953794,0.60853523,0.66381663,0.8140771,0.7040851,0.80307895,0.5938668,0.3154266,0.80232435,0.3027498,0.7275603,0.61790407,0.5130708,0.800106,0.7670281,0.8727464,0.5559205,0.39033523
6.0,-0.13633636,-0.12652548,-0.22422057,0.23970383,-0.2012728,0.014416308,0.1754506,-0.062136665,0.22449389,0.23281865,-0.07394456,-0.31411105,0.059316374,-0.057416905,-0.13154177,0.04607588,-0.09999396,-0.06362476,-0.124076225,0.3041119,0.8828243,0.9106236,0.8249178,0.90201604,0.88414603,0.9044987,0.9485681,0.938778,0.85621154,0.79785264,0.98165137,0.8501818,0.9512149,0.83878577,0.8742045,0.9240852,0.92284226,0.9259369,0.9196997,0.7970505
11.0,0.6570873,0.48793757,1.2965868,-0.8039946,0.6321287,-0.1427216,-0.24202499,0.09017156,-0.8516698,-1.6771911,0.23576646,1.5091156,-0.3134233,0.89344084,0.8275176,0.08933749,0.2863919,0.13910231,0.7003766,-1.5120653,0.6163955,0.84457463,0.34384558,0.5930747,0.6201383,0.8121724,0.6577081,0.7939071,0.5749046,0.28288114,0.7909357,0.26623365,0.7081427,0.5857143,0.47944307,0.78207207,0.7685722,0.87100375,0.5176372,0.36193404
11.0,0.010507534,0.016939418,-0.008215681,0.11610502,-0.09174876,-0.018137133,0.06694041,-0.027416207,0.028707244,-0.05381297,-0.016288817,-0.0355523,-0.042864457,0.14938022,-0.004311692,0.09008209,-0.017080821,-0.016872875,-0.0077076294,-0.010373399,0.839282,0.9263081,0.7569387,0.8325489,0.88227385,0.91079587,0.9389188,0.9395104,0.8356696,0.70875627,0.95521045,0.72748005,0.919754,0.8356996,0.8260453,0.95050323,0.92177665,0.9287625,0.86797905,0.7356692
10.0,0.0714535,0.06373238,0.08056242,0.054765366,-0.040602587,-0.038378194,0.027166527,-0.0072642174,-0.052778088,-0.17851387,0.00775175,0.088534266,-0.08094776,0.23626195,0.063513204,0.11040558,0.016945306,0.0036608037,0.043526273,-0.15043257,0.8298392,0.9232946,0.7159147,0.80561,0.8756256,0.9012582,0.932786,0.93221533,0.81400084,0.66805094,0.93703794,0.6832128,0.90523404,0.8260092,0.7947491,0.943486,0.9075695,0.92540467,0.84818196,0.705207
11.0,0.16459987,0.13803282,0.23077083,-0.042732425,0.03261669,-0.06282387,-0.033537246,0.008360942,-0.17351383,-0.37330347,0.046245433,0.2795787,-0.13301674,0.35547432,0.16038789,0.1279627,0.06871086,0.027987774,0.12492758,-0.35285532,0.8038156,0.92031944,0.66033524,0.7627122,0.85667324,0.89159507,0.91160643,0.9205228,0.78473455,0.605145,0.91640836,0.60801756,0.87737864,0.80393195,0.751133,0.9354517,0.89053303,0.9195133,0.8043504,0.6533489
5.0,-0.33694714,-0.42388445,-0.5039107,0.36750036,-0.4335724,0.039211884,0.35282958,-0.15621072,0.531948,0.69201374,-0.15661913,-0.694269,0.27458677,-0.4525836,-0.2778729,-0.027036756,-0.21012859,-0.16179267,-0.29039124,0.83021265,0.9067457,0.8508299,0.94302726,0.97126615,0.8370838,0.9316793,0.9186935,0.9091343,0.9051196,0.8795575,1.0220989,0.99716866,0.96431524,0.79086435,0.9075058,0.8193457,0.9210221,0.9010015,0.91902363,0.82414806
9.0,-0.36255625,-0.48646992,-0.541072,0.37065881,-0.5135394,0.040075947,0.37325832,-0.18848488,0.59413403,0.7888275,-0.17464642,-0.7562864,0.3379352,-0.56595254,-0.29834947,-0.04207696,-0.22304906,-0.18983337,-0.3204533,0.95564747,0.8795776,0.8304412,0.9948461,0.96223086,0.820387,0.9644978,0.9077952,0.9000324,0.93982553,0.8717717,1.0225039,0.99876463,0.95836675,0.76953703,0.90910774,0.7939795,0.9320044,0.8939228,0.8870549,0.8070316
1.0,-0.25638223,-0.28388458,-0.39010128,0.32379583,-0.32516444,0.035481684,0.27401635,-0.11360344,0.40051892,0.49183878,-0.121344276,-0.54298645,0.17574702,-0.27698284,-0.22632958,0.002344165,-0.16293287,-0.1156537,-0.22149506,0.6031089,0.89760524,0.88144386,0.89490455,0.94501853,0.86106294,0.91816694,0.93755764,0.92682886,0.88511854,0.85335654,1.0067426,0.93750805,0.96305335,0.82040286,0.90365934,0.87566435,0.92655295,0.9173535,0.92691594,0.820536
4.0,-0.18436739,-0.19013548,-0.29082444,0.2712204,-0.2613693,0.027830837,0.21137199,-0.089687735,0.2997647,0.34297976,-0.09365059,-0.41420096,0.11464243,-0.16216075,-0.17524967,0.023949718,-0.12197341,-0.08618404,-0.16580865,0.44068938,0.8767974,0.8993473,0.867034,0.9158072,0.87355125,0.92214924,0.94380814,0.93466127,0.8814446,0.8186889,0.9936281,0.8788218,0.95422494,0.8339112,0.8927903,0.91112113,0.9321083,0.925619,0.91458875,0.8028446
7.0,-0.40878126,-0.5896352,-0.60765153,0.38927758,-0.5912734,0.031853065,0.4306478,-0.21555747,0.6791983,0.9226801,-0.19547303,-0.8371927,0.40145817,-0.6773259,-0.32091635,-0.057195075,-0.26085746,-0.22603288,-0.36090887,1.1000289,0.8928674,0.809491,1.0153475,0.97983027,0.80529064,0.968518,0.8874298,0.884693,0.9462427,0.8810642,1.031924,1.0405514,0.9570184,0.74122953,0.89784783,0.74692005,0.9222518,0.87413037,0.87879103,0.80715877
1.0,-0.19204779,-0.19464898,-0.29871762,0.2840577,-0.2734123,0.031167956,0.21377781,-0.09958211,0.31238866,0.36154655,-0.09670267,-0.4324817,0.120371275,-0.18155558,-0.18753757,0.022155205,-0.12385854,-0.09176805,-0.17150632,0.46543348,0.8690859,0.89724565,0.87836975,0.9090937,0.8694221,0.92660964,0.9414524,0.93553174,0.88612586,0.8202107,0.9986729,0.8758347,0.9526598,0.83358693,0.89880955,0.90982884,0.9399321,0.9264758,0.9057264,0.8001464
2.0,0.59765786,0.43773007,1.1174437,-0.69353676,0.5268024,-0.14240336,-0.24238792,0.07265525,-0.75663185,-1.4874746,0.21698892,1.3281391,-0.28087008,0.8166628,0.7367411,0.11281409,0.27655268,0.12557322,0.6076377,-1.3520147,0.6463659,0.845804,0.3790168,0.6073995,0.664243,0.8125119,0.7041593,0.80146223,0.59298605,0.314681,0.80052125,0.30303368,0.7269255,0.6175411,0.51274115,0.79763913,0.76533127,0.8732364,0.5553808,0.38932097
9.0,-0.29104295,-0.3515874,-0.453616,0.35850504,-0.47825083,0.058030304,0.27181214,-0.20184353,0.50328135,0.63946474,-0.15971726,-0.67238927,0.29331917,-0.50669885,-0.27998647,-0.035986856,-0.1568894,-0.1621671,-0.27439743,0.8257344,0.80449504,0.8415701,1.0320412,0.8945098,0.8240616,1.0093035,0.9182797,0.9184665,0.97224605,0.8408296,1.0039375,0.9036899,0.94061816,0.7895767,0.9240586,0.8569692,0.96088326,0.9228319,0.84394944,0.7725713
4.0,0.12952128,0.10205755,0.1639269,-0.0088707805,0.006938532,-0.058986004,-0.010214306,0.010316775,-0.12749818,-0.29823565,0.03039313,0.20651461,-0.1112074,0.31028378,0.13314041,0.12918621,0.05006356,0.022329737,0.09295064,-0.28077078,0.81942266,0.914367,0.6762584,0.7784809,0.86496884,0.88954794,0.9249411,0.9205746,0.7906156,0.62691253,0.91709924,0.6419179,0.8893519,0.81327987,0.76264656,0.9295195,0.88967097,0.920597,0.8258933,0.67193437
3.0,-0.038940124,-0.02844032,-0.085033454,0.15981968,-0.12379916,-0.008446001,0.10291906,-0.033583038,0.0922245,0.040655628,-0.036465105,-0.12857139,-0.013200155,0.08792778,-0.045735955,0.07913301,-0.045806363,-0.030193396,-0.046957035,0.08831027,0.85925174,0.9214211,0.7756604,0.85700935,0.8866938,0.90351915,0.9460277,0.93967974,0.8384071,0.74010646,0.96178716,0.7715464,0.9320441,0.8390271,0.8413634,0.94148326,0.91932607,0.927793,0.8913406,0.75936496
8.0,-0.26139006,-0.29581606,-0.3973517,0.32344162,-0.3385714,0.03632853,0.278223,-0.11937084,0.4124682,0.5095519,-0.1245305,-0.55522805,0.18806823,-0.29794636,-0.22993533,-0.0006936714,-0.16493987,-0.119953625,-0.22732829,0.6263033,0.8924143,0.8781039,0.9043739,0.9447124,0.85811794,0.9250211,0.93608075,0.9247118,0.8921412,0.85291785,1.007739,0.93824494,0.96230894,0.8176219,0.9051387,0.8719127,0.92889464,0.9165414,0.92179644,0.81782174
11.0,0.2031936,0.157226,0.28229243,-0.09083661,0.06522657,-0.07877453,-0.05791708,0.021219112,-0.22066641,-0.45541823,0.06035661,0.3584137,-0.14915787,0.3995496,0.21378851,0.14295983,0.09043245,0.040621378,0.15785857,-0.439965,0.79877234,0.90712076,0.63065076,0.7436925,0.8465958,0.876976,0.90666044,0.90667075,0.76286143,0.57604474,0.89870584,0.58369774,0.8645301,0.79252017,0.72686166,0.91640484,0.8712946,0.9141787,0.7891251,0.62817836
5.0,-0.16436374,-0.15881506,-0.26126835,0.26224822,-0.233985,0.022929557,0.19523358,-0.07867906,0.26660326,0.29478288,-0.08482369,-0.37185913,0.08678322,-0.11388208,-0.15958361,0.034539398,-0.11286314,-0.07679006,-0.14720838,0.38058728,0.8790767,0.90560484,0.84865475,0.90782154,0.8783507,0.9130553,0.94593436,0.9379199,0.8692587,0.8105062,0.99047285,0.86485636,0.95277965,0.8374091,0.88677967,0.91826934,0.9305676,0.9262814,0.91592216,0.80094504
10.0,0.3130553,0.22770771,0.46427023,-0.23341823,0.1601218,-0.10767702,-0.12467454,0.03658303,-0.35519063,-0.7033404,0.10587707,0.5919315,-0.19095929,0.5160164,0.34784392,0.15563333,0.1497059,0.0665477,0.2613565,-0.67685306,0.7672534,0.88624257,0.55926365,0.6967007,0.81106967,0.8505802,0.8703253,0.87579554,0.71486884,0.49861938,0.8661527,0.50366443,0.82575005,0.754045,0.6683389,0.88497657,0.83306533,0.90089846,0.73098224,0.5586613
5.0,-0.02000529,-0.013547095,-0.07176176,0.14475869,-0.09452423,-0.023553662,0.091059834,-0.013106572,0.06138196,-0.003175754,-0.0337194,-0.08533776,-0.029547011,0.13007203,-0.012831569,0.094882876,-0.03726963,-0.017982244,-0.03204516,0.02326803,0.87301016,0.91203797,0.74605715,0.8511148,0.8879768,0.8823493,0.95256615,0.93311286,0.81169426,0.7296952,0.9430394,0.7700981,0.9314233,0.8325026,0.8197431,0.9258077,0.895823,0.9226942,0.90201205,0.75439215
7.0,-0.22150896,-0.23741758,-0.3414126,0.29914498,-0.2991262,0.03355049,0.24127659,-0.10576689,0.3539003,0.42266795,-0.10839739,-0.4841066,0.14896944,-0.2288371,-0.20459622,0.012040947,-0.14133853,-0.10247811,-0.19522321,0.5315757,0.88092756,0.88961047,0.88815266,0.92652255,0.8657672,0.92508465,0.9403615,0.9310197,0.8885484,0.8349021,1.0014255,0.90420973,0.95757264,0.8275855,0.9014173,0.8946127,0.93378896,0.92267007,0.9153363,0.8090397
6.0,-0.05795165,-0.04619633,-0.10867832,0.17685011,-0.15018666,0.001562614,0.11394955,-0.049922135,0.12307005,0.085339546,-0.043479223,-0.17272498,0.0075508137,0.043461747,-0.071715064,0.067013934,-0.05411625,-0.04042552,-0.06420278,0.14823452,0.8502137,0.92184234,0.79998434,0.8617279,0.8839205,0.91787696,0.9434163,0.9417614,0.85587126,0.7505992,0.97138,0.7790284,0.9338295,0.84101206,0.8555477,0.9468742,0.931074,0.9302149,0.8866681,0.76380223
2.0,0.5602752,0.41088897,1.0204747,-0.62604326,0.4691657,-0.13840833,-0.23363331,0.063827656,-0.7003826,-1.374783,0.20432751,1.2209978,-0.2682535,0.77721393,0.67840916,0.11767551,0.26552933,0.115617625,0.55692154,-1.2563773,0.66427493,0.8519851,0.40142652,0.61822504,0.6868344,0.8158809,0.7290126,0.81183136,0.60830307,0.3366598,0.81043166,0.3254598,0.73951524,0.6371662,0.5328569,0.8128603,0.7715196,0.87469333,0.57870585,0.40940553
7.0,-0.38395116,-0.53043544,-0.57464576,0.3814251,-0.5290586,0.035402358,0.40523648,-0.19149132,0.6259316,0.8383914,-0.18169376,-0.7871792,0.3537115,-0.59026444,-0.30353308,-0.04652694,-0.24393348,-0.20098501,-0.33683884,0.99844563,0.9040804,0.826034,0.98369765,0.98462564,0.81906354,0.95185006,0.9004698,0.89248693,0.92774683,0.88595814,1.0288258,1.0311939,0.96154946,0.7609938,0.9016499,0.77335227,0.9177688,0.8830575,0.90095866,0.8179527
11.0,0.692236,0.49657962,1.3555179,-0.85968727,0.6630833,-0.14882217,-0.24745744,0.10399464,-0.8889798,-1.7603593,0.24562417,1.5872656,-0.32555452,0.9159148,0.8818214,0.09681354,0.2950318,0.15164632,0.7365481,-1.5944873,0.60548955,0.8359491,0.32843772,0.57934135,0.6082898,0.7998865,0.63728046,0.78317785,0.5644437,0.2681754,0.7750395,0.25496143,0.6967854,0.56979156,0.465632,0.7596996,0.7606947,0.8754775,0.4990532,0.34631726
1.0,-0.2687845,-0.30718294,-0.40725303,0.32895374,-0.35145098,0.038358115,0.28332227,-0.12584168,0.42488605,0.52876806,-0.12785259,-0.5717463,0.19849676,-0.31869414,-0.2373701,-0.004286647,-0.1672828,-0.124730445,-0.23372474,0.6516447,0.88871133,0.8749363,0.91340584,0.94307244,0.8546776,0.9289831,0.93390596,0.9238478,0.89746654,0.85389996,1.0096829,0.93964,0.96100426,0.81562805,0.90781176,0.86826813,0.9314954,0.9165147,0.91672015,0.81558263
3.0,0.10671267,0.09667184,0.14057386,0.021866657,-0.0152544975,-0.045146,0.0029986054,-0.005054419,-0.09883972,-0.25054488,0.02275805,0.15931825,-0.10233619,0.28133404,0.09408674,0.11470573,0.036491405,0.011590064,0.07387005,-0.22370885,0.8163521,0.92633337,0.699109,0.7888139,0.8692078,0.9025848,0.9236925,0.9310165,0.8074555,0.6455042,0.9329354,0.65155196,0.8947371,0.8189331,0.7818237,0.9468259,0.906503,0.9244795,0.8296275,0.68684655
5.0,-0.04478142,-0.03331314,-0.09504958,0.16558075,-0.1254487,-0.008236993,0.10746138,-0.03247124,0.09856391,0.050306775,-0.039125703,-0.1382552,-0.011206093,0.08387926,-0.049277313,0.07883175,-0.04963863,-0.031159744,-0.05129698,0.09639206,0.86419374,0.92028755,0.7751323,0.8603788,0.88761157,0.8996636,0.9474913,0.9394039,0.83574957,0.74418575,0.9612847,0.7782165,0.93379366,0.83887124,0.84167874,0.93883586,0.9166872,0.9271395,0.896177,0.76282406
6.0,-0.09189268,-0.079936154,-0.15960027,0.20444973,-0.17054826,0.006842287,0.14044946,-0.053299457,0.16609286,0.14820015,-0.05670821,-0.23345664,0.028067363,0.0027899295,-0.09717499,0.05926148,-0.07420135,-0.049664132,-0.089874394,0.21329562,0.866026,0.91731834,0.80932313,0.8793517,0.8852489,0.9101194,0.9468054,0.9406228,0.85466903,0.7713133,0.9753173,0.8103799,0.94174886,0.84099096,0.86357194,0.9370046,0.9269187,0.92843807,0.90254414,0.77897644
8.0,0.02245514,0.02644816,0.0057965443,0.10542685,-0.07695734,-0.024901694,0.05967253,-0.018196091,0.01012858,-0.08070548,-0.012548763,-0.008595593,-0.054673873,0.17453134,0.012813989,0.09874876,-0.011220645,-0.0109078325,0.002579894,-0.046201512,0.84367585,0.9238893,0.7424391,0.82732517,0.8824543,0.90145373,0.9407117,0.9369186,0.82411474,0.7011131,0.9484194,0.7217348,0.9172413,0.8333955,0.81680155,0.944087,0.9138361,0.92692524,0.8688021,0.73081577
5.0,-0.09840823,-0.087138884,-0.16898742,0.20921057,-0.17599091,0.008229488,0.14541176,-0.05521901,0.17521027,0.16132197,-0.05926153,-0.24587815,0.03355308,-0.007607911,-0.10252998,0.057004627,-0.077768765,-0.051887184,-0.095101014,0.22812407,0.8674537,0.91631293,0.8127539,0.88242847,0.8849038,0.9105093,0.9469762,0.94032705,0.85607654,0.77496886,0.9764952,0.8156989,0.94303757,0.8408081,0.8656003,0.9355163,0.9270344,0.9282661,0.9042961,0.78126055
2.0,0.11852374,0.09752821,0.15047818,0.0049129426,-0.0025548115,-0.05381268,-0.003489904,0.0053337878,-0.11389723,-0.27558488,0.026351886,0.18435754,-0.10712128,0.29766548,0.11713776,0.12448056,0.043543737,0.01812303,0.08364609,-0.25558037,0.8201511,0.91832006,0.68504626,0.78347325,0.867272,0.893373,0.92576563,0.92434597,0.79642344,0.63537073,0.9228361,0.6481297,0.8920818,0.8159316,0.77026796,0.934833,0.89539135,0.92199504,0.82923406,0.67886037
5.0,-0.24804297,-0.27225634,-0.37771618,0.31865254,-0.32160348,0.035867497,0.26495174,-0.11383738,0.3902916,0.4766842,-0.11831733,-0.53045994,0.17056462,-0.26933932,-0.22278705,0.0044162534,-0.15667483,-0.11321633,-0.21524121,0.5897594,0.89000463,0.8829889,0.8966624,0.9373932,0.8610887,0.92206067,0.9377186,0.92806643,0.88843054,0.8475272,1.0061672,0.92629915,0.9607404,0.82234263,0.9045882,0.8807754,0.9309068,0.91932523,0.9203896,0.81560135
1.0,-0.27387187,-0.33329648,-0.43126366,0.33904797,-0.45656046,0.05545973,0.2613839,-0.18876144,0.4770634,0.59941703,-0.15074153,-0.63663226,0.27626032,-0.46752954,-0.2625307,-0.03126558,-0.15054855,-0.1517261,-0.26248252,0.77736235,0.81003463,0.8482399,1.0159732,0.9013864,0.83016646,1.008184,0.923464,0.9189267,0.9694253,0.8369925,0.9988913,0.90171975,0.9421977,0.79443944,0.9199165,0.8663727,0.9561678,0.9237884,0.8534648,0.7766559
7.0,-0.2963879,-0.35583133,-0.44649222,0.34210062,-0.39286783,0.04015864,0.30899405,-0.14192553,0.47210634,0.600167,-0.14088315,-0.62541807,0.23622733,-0.3850723,-0.2554499,-0.015073389,-0.18275575,-0.14123881,-0.2584657,0.73466206,0.8878191,0.86342704,0.93477535,0.9506793,0.8457963,0.9376221,0.9281049,0.91748494,0.90828776,0.86156124,1.014006,0.9580395,0.9613899,0.80482996,0.91007733,0.84916645,0.93138385,0.91127396,0.911504,0.8152283
10.0,0.17345266,0.14362773,0.2427009,-0.052780338,0.04007514,-0.06643239,-0.039288126,0.011207075,-0.18473926,-0.39219812,0.0491421,0.29773688,-0.13795914,0.36707246,0.17186756,0.13173427,0.0733978,0.030824311,0.13214335,-0.37339276,0.8029986,0.91769904,0.6531778,0.7578779,0.8544762,0.887629,0.91084397,0.9176316,0.77900696,0.59873456,0.912622,0.6019459,0.87401915,0.8012498,0.7458498,0.93099314,0.88616616,0.9182555,0.8010089,0.64776
10.0,0.2924983,0.22472242,0.44397563,-0.20343563,0.14441128,-0.096798174,-0.11116717,0.027866311,-0.33348525,-0.659708,0.09862462,0.55288833,-0.1873711,0.5012066,0.31297004,0.1429609,0.13813034,0.058857895,0.24493009,-0.6331987,0.7692889,0.9001931,0.5748249,0.70782113,0.81747,0.86234766,0.8718367,0.8886049,0.72874206,0.51489544,0.880286,0.51241964,0.83344346,0.76020676,0.68193364,0.9022104,0.8483549,0.9043828,0.7389836,0.5737211
3.0,0.012638459,0.017271932,-0.0072336793,0.113082744,-0.08699039,-0.020784557,0.06634337,-0.023026582,0.02471304,-0.059713494,-0.015796376,-0.029388756,-0.045568995,0.15637814,0.0014867075,0.09321266,-0.016287409,-0.014780939,-0.0055670403,-0.020106956,0.8429526,0.9246984,0.75137013,0.83240056,0.88278687,0.906232,0.94026405,0.93812746,0.83087945,0.7071942,0.952266,0.72834545,0.9197834,0.8350191,0.82249343,0.9468713,0.91771317,0.92785877,0.8702986,0.73506314
9.0,-0.1400518,-0.13273373,-0.22759104,0.24198139,-0.21421535,0.018285017,0.17642558,-0.070958756,0.23402226,0.2468238,-0.07548721,-0.32694298,0.06883137,-0.07754472,-0.13937613,0.041868642,-0.09959942,-0.067778595,-0.12867573,0.3271941,0.87310684,0.9097529,0.83770317,0.89869106,0.8808698,0.914372,0.94632304,0.93884695,0.86681324,0.7974555,0.9855515,0.846362,0.94926494,0.8391664,0.87996423,0.9260174,0.9303327,0.92748564,0.91098356,0.7936062
7.0,-0.08235101,-0.069080524,-0.14638932,0.19769344,-0.16035232,0.003873255,0.133619,-0.04862197,0.15167233,0.12753923,-0.053040795,-0.21377155,0.018427316,0.02139682,-0.08796318,0.06363457,-0.069479786,-0.04576414,-0.081802994,0.1880329,0.8664407,0.9185378,0.80159885,0.8755567,0.8862841,0.90693307,0.9471706,0.94083613,0.8499344,0.76628125,0.9726727,0.80397636,0.94027376,0.8409334,0.8593156,0.93786854,0.92485,0.9282015,0.9019656,0.7763854
2.0,0.012617279,0.014281129,-0.012196265,0.111273356,-0.08220264,-0.02436382,0.06774132,-0.016456531,0.023051627,-0.062120903,-0.016764548,-0.0269074,-0.046491727,0.16166416,0.007985193,0.096834265,-0.016854867,-0.012317166,-0.0052850135,-0.02785714,0.85009,0.92119306,0.74421126,0.833932,0.883796,0.8986443,0.9428874,0.9357182,0.8237547,0.70692325,0.94729626,0.73321944,0.92089033,0.8340267,0.8175322,0.9404918,0.9103405,0.92633736,0.8759855,0.73569477
9.0,-0.22793777,-0.24291286,-0.348665,0.30736318,-0.30552322,0.034812763,0.24523416,-0.110087186,0.36292773,0.4356552,-0.11052348,-0.49636704,0.15264428,-0.2398119,-0.21152616,0.010963563,-0.14407524,-0.10575979,-0.19944909,0.5468774,0.87977093,0.88792217,0.8924484,0.92464924,0.8633967,0.9252211,0.93898845,0.9310781,0.889091,0.83685315,1.00403,0.90568846,0.95745444,0.8269018,0.9038249,0.89199054,0.936443,0.9225828,0.9125262,0.8086966
6.0,-0.06542997,-0.05327696,-0.12334737,0.18256815,-0.14425428,-0.0017289108,0.12202352,-0.04091382,0.1278398,0.09265287,-0.046719022,-0.17954665,0.0053479816,0.04971227,-0.07012942,0.07040121,-0.060682807,-0.038954206,-0.06802604,0.1464255,0.8657886,0.919422,0.7894058,0.8694041,0.88715667,0.90383023,0.947463,0.9401363,0.8436162,0.7564077,0.96742666,0.7928671,0.93773067,0.8400951,0.85120195,0.9384782,0.9209544,0.92769474,0.8999476,0.7706107
8.0,-0.18101622,-0.17668444,-0.28607133,0.27551225,-0.23956949,0.023280002,0.2104227,-0.07771518,0.28605646,0.32247496,-0.090837374,-0.39778882,0.09485153,-0.12776357,-0.16872455,0.031013317,-0.12421389,-0.08067117,-0.15908475,0.40526354,0.8925495,0.90272874,0.8467436,0.9201278,0.878778,0.9047576,0.9469367,0.93663067,0.8628913,0.82198644,0.990843,0.885009,0.9578057,0.83507305,0.88661397,0.91029316,0.9235854,0.92377746,0.9282643,0.810501
11.0,0.6907155,0.5010422,1.3670398,-0.86092776,0.6704242,-0.14617851,-0.2435678,0.102536924,-0.89114094,-1.763708,0.24483313,1.5918953,-0.32843748,0.9218377,0.8791614,0.090690464,0.29183856,0.15063784,0.74014395,-1.5951912,0.60370976,0.8386894,0.32822943,0.5817145,0.605071,0.8029731,0.6365602,0.7853459,0.5651002,0.2686042,0.7784996,0.25340655,0.6965824,0.5695981,0.46478468,0.7643793,0.7641681,0.8728882,0.49944034,0.34799948
8.0,-0.07875088,-0.07006973,-0.14309673,0.1896492,-0.15519531,0.0005251293,0.13271809,-0.044088453,0.14743565,0.12000194,-0.052006833,-0.20474032,0.018895958,0.02683026,-0.079392985,0.06536585,-0.0681419,-0.04296948,-0.07890227,0.17715591,0.8689782,0.9168575,0.79633504,0.8773757,0.88663507,0.90591073,0.9481232,0.9387953,0.84723866,0.76373154,0.9691321,0.8050654,0.9412915,0.8395797,0.85464567,0.9352421,0.92034394,0.9271943,0.9045609,0.7755098
7.0,-0.28027824,-0.323033,-0.4215869,0.3387134,-0.36664605,0.03987108,0.29218876,-0.13343918,0.4429131,0.55560476,-0.13243578,-0.5938976,0.2106749,-0.34383893,-0.24727032,-0.0077589415,-0.17242922,-0.1312623,-0.24245387,0.6837326,0.88669366,0.8705242,0.9223575,0.9417942,0.8500145,0.9313674,0.93093944,0.9224463,0.90085375,0.8563054,1.0128702,0.94381416,0.96043706,0.8124439,0.9102746,0.8615641,0.9341009,0.91554946,0.9117979,0.81400096
8.0,-0.28065997,-0.324979,-0.42392516,0.33654258,-0.36152974,0.038512167,0.2953096,-0.12895851,0.44148004,0.5537156,-0.13235284,-0.5916829,0.20866925,-0.33643275,-0.24414584,-0.0076839738,-0.1749801,-0.12978825,-0.24290429,0.6774002,0.8944979,0.8717413,0.91561246,0.9496065,0.8527018,0.9269337,0.93229,0.92189866,0.89636475,0.8597756,1.01162,0.95126617,0.9625624,0.81240284,0.90780914,0.8607321,0.9286157,0.91413367,0.920193,0.81906897
1.0,-0.27881813,-0.31650904,-0.41923887,0.34049818,-0.35305116,0.0381248,0.29282045,-0.12648508,0.4353465,0.5436677,-0.1301723,-0.5854466,0.19956733,-0.32357827,-0.24392878,-0.004876308,-0.17399704,-0.12758291,-0.23913488,0.66372925,0.8968752,0.8735296,0.9099238,0.9471315,0.8533039,0.92203444,0.93269676,0.92360616,0.8909404,0.85982543,1.0123613,0.94944197,0.9629931,0.81442875,0.9077234,0.8626933,0.9291982,0.91493124,0.9213838,0.8199758
3.0,0.007789441,0.014295446,-0.014433868,0.118832484,-0.09056759,-0.019272253,0.06946123,-0.024314601,0.030608289,-0.050330345,-0.017838823,-0.03897556,-0.043721993,0.15089242,-0.004015729,0.092095636,-0.019131802,-0.016399983,-0.009563547,-0.010004267,0.84439397,0.9249537,0.75386256,0.8341572,0.88340276,0.90562993,0.9409071,0.9387653,0.83144593,0.7106133,0.9535971,0.73182595,0.92064714,0.83568287,0.8248891,0.9469075,0.91840345,0.92798984,0.87213504,0.7375837
4.0,0.009737949,0.016853565,-0.0085400045,0.117262915,-0.0937081,-0.017086085,0.06706812,-0.029285688,0.030282766,-0.05152158,-0.016491432,-0.037962735,-0.041642275,0.14639449,-0.0065877363,0.088768005,-0.017324567,-0.01771728,-0.008545686,-0.0064771026,0.83764493,0.9268783,0.7592672,0.83253,0.8819984,0.91277516,0.9383463,0.9400322,0.83765846,0.70931494,0.956333,0.72704786,0.9197251,0.8359081,0.82742953,0.95198494,0.92338806,0.92912394,0.86695755,0.7358318
8.0,-0.13781981,-0.12932228,-0.22475293,0.24087653,-0.2104795,0.017612617,0.17493182,-0.06886683,0.22979733,0.24081473,-0.0744901,-0.32186472,0.06528858,-0.070966914,-0.13716936,0.04300068,-0.09874195,-0.066486485,-0.12653668,0.3194151,0.8746261,0.910494,0.8345892,0.8984634,0.88173425,0.9121287,0.9466128,0.9391623,0.8646272,0.79682744,0.98467934,0.845661,0.949179,0.8395027,0.87874556,0.92655134,0.9291098,0.92743033,0.9121937,0.7938117
3.0,-0.12606011,-0.1145651,-0.20700507,0.23401469,-0.20162036,0.015779626,0.1648677,-0.06723216,0.2139458,0.21797349,-0.06987609,-0.3005221,0.054889224,-0.053463962,-0.12946767,0.047363654,-0.09201017,-0.06299236,-0.11717111,0.2942791,0.86957824,0.91277444,0.83058655,0.89115626,0.8821589,0.9132718,0.946312,0.940297,0.8634312,0.79009706,0.9838372,0.8340597,0.9466435,0.8404697,0.8767427,0.93059283,0.93140167,0.9281899,0.9070688,0.78929293
5.0,-0.2885985,-0.35601285,-0.43963844,0.32888603,-0.40747488,0.040229183,0.3002773,-0.14800689,0.47376603,0.6004498,-0.14209339,-0.61988395,0.24806218,-0.40136793,-0.2492896,-0.016473874,-0.17805646,-0.1430164,-0.25940537,0.7418218,0.87243253,0.8601133,0.95022225,0.94596905,0.8437094,0.9560995,0.9291362,0.91489714,0.9238099,0.85409594,1.0088946,0.94900495,0.9600431,0.8014286,0.9096958,0.8506787,0.9358815,0.91145694,0.90125704,0.8082513
2.0,0.2131575,0.17548943,0.3141942,-0.0991785,0.07347646,-0.07423814,-0.06349852,0.013978182,-0.23556343,-0.47988456,0.066690065,0.382663,-0.15642728,0.41407022,0.2128385,0.1314201,0.09520401,0.0390424,0.17003328,-0.4584266,0.7893944,0.91747636,0.6298552,0.742039,0.84324396,0.8844518,0.8960076,0.9123983,0.7670509,0.57187545,0.90583855,0.5690791,0.8616295,0.788459,0.72672254,0.92903984,0.8790355,0.9149843,0.7792122,0.62460256
3.0,-0.0765821,-0.062250655,-0.1390354,0.19400409,-0.15218109,0.0010775739,0.12974179,-0.044226684,0.14215463,0.113899365,-0.05100111,-0.20054102,0.011251885,0.035482876,-0.081050724,0.06746742,-0.067046635,-0.042832203,-0.07663447,0.16946694,0.8687923,0.9187462,0.794558,0.87370723,0.8872678,0.9027471,0.94808865,0.9406307,0.8444733,0.7634791,0.97005993,0.8013722,0.93978465,0.84041166,0.8554325,0.9369032,0.9217691,0.9275443,0.9033627,0.77542275
3.0,-0.13109326,-0.12805432,-0.21623972,0.22967604,-0.20879737,0.015796365,0.17071888,-0.06765985,0.22404546,0.23119134,-0.07244613,-0.31045642,0.06728364,-0.0687139,-0.12906432,0.043422036,-0.09477455,-0.064269744,-0.12278722,0.31031877,0.8708024,0.9098366,0.8344451,0.8976776,0.8812389,0.9174463,0.94653493,0.9375647,0.86791015,0.79197264,0.9822913,0.84143674,0.9485898,0.8386881,0.8759901,0.9274599,0.92857754,0.9275169,0.90979373,0.7903563
4.0,0.18406896,0.14691976,0.25465688,-0.0667435,0.049731076,-0.07200895,-0.04615047,0.015985258,-0.19728413,-0.41444325,0.05261246,0.31941187,-0.14176242,0.37878904,0.18890677,0.13813478,0.079563096,0.035003446,0.14092804,-0.39846444,0.8024994,0.91192204,0.6438737,0.7523635,0.85178286,0.8821452,0.91091895,0.9122384,0.77122885,0.5901781,0.90599334,0.5965103,0.87045556,0.7979328,0.7380448,0.9230579,0.8787862,0.9162756,0.79770005,0.64042485
8.0,-0.18379116,-0.19292957,-0.28964624,0.26849616,-0.2660857,0.027359733,0.21050224,-0.09278253,0.3031403,0.3465586,-0.09414234,-0.41474032,0.11951634,-0.16971475,-0.17433797,0.023867106,-0.1212873,-0.08725907,-0.16685918,0.44599354,0.87169737,0.8975482,0.8718497,0.9141229,0.87166095,0.92840225,0.94350743,0.93334574,0.8855838,0.8166253,0.9936904,0.8766161,0.9540822,0.8324608,0.89285725,0.91017354,0.9344104,0.9254681,0.9105309,0.8003756
1.0,-0.029701125,-0.020233236,-0.07262651,0.15167318,-0.11501676,-0.011821829,0.09666139,-0.029346742,0.079142205,0.021532975,-0.033122934,-0.10969268,-0.020321598,0.103300765,-0.035511103,0.083158314,-0.040895663,-0.026536316,-0.039389152,0.06533063,0.85906863,0.9212593,0.76857007,0.853142,0.8867113,0.9011009,0.94611955,0.9389323,0.83419025,0.73445094,0.9585528,0.76545376,0.9303315,0.8380992,0.83645195,0.94068825,0.9166278,0.92730314,0.88994706,0.75571483
2.0,0.40335032,0.29695636,0.65015465,-0.36482567,0.2572486,-0.12102826,-0.17276934,0.040693678,-0.47377166,-0.9316529,0.1434493,0.8060528,-0.22210637,0.6134577,0.4567116,0.14426343,0.1949669,0.08316217,0.35982963,-0.8790496,0.7326481,0.8763899,0.50102866,0.665204,0.772181,0.8351373,0.8247045,0.85324496,0.6753754,0.43777955,0.84809136,0.43336907,0.79254395,0.71387595,0.62072146,0.86463916,0.8075756,0.889111,0.67610186,0.5027996
2.0,0.4597899,0.33330974,0.7669172,-0.45445246,0.3232816,-0.13100466,-0.20032966,0.04840824,-0.5493351,-1.080769,0.16621962,0.9445063,-0.2369397,0.6679903,0.535325,0.14194599,0.22261013,0.095707536,0.4239679,-1.008661,0.7108466,0.8637267,0.46468195,0.6459536,0.74561465,0.8235971,0.7956737,0.83475137,0.64900786,0.39985555,0.8315565,0.395197,0.7723225,0.6881507,0.58940595,0.84344476,0.78868103,0.8825864,0.6425316,0.4674978
6.0,-0.09844182,-0.08650353,-0.1700722,0.20950145,-0.1720818,0.006801467,0.14618233,-0.051921234,0.17342874,0.15878336,-0.059341803,-0.24355467,0.0309295,-0.001883477,-0.10035154,0.058493517,-0.07867773,-0.05070965,-0.09443715,0.22215515,0.8718514,0.91609275,0.8081952,0.8840678,0.8860324,0.9061288,0.94799465,0.9400649,0.85173666,0.7757442,0.9749292,0.81835234,0.943941,0.8404531,0.8635006,0.9337734,0.9237607,0.9275134,0.9080638,0.7828653
3.0,-0.1505969,-0.15151197,-0.24326175,0.24740434,-0.24468958,0.025913207,0.18072553,-0.08861657,0.2585208,0.28228593,-0.08173556,-0.3598112,0.09536435,-0.12698157,-0.15482882,0.03068789,-0.100372285,-0.07687823,-0.14226727,0.38115948,0.8558033,0.9045491,0.8652989,0.8956585,0.87393135,0.9346788,0.94262403,0.9373875,0.8885514,0.799048,0.98937523,0.8449393,0.9465273,0.83712643,0.8891493,0.92681265,0.9398927,0.9298119,0.89754593,0.78805876
2.0,0.14268318,0.111631446,0.18133998,-0.021790683,0.01806105,-0.06447873,-0.019508414,0.013886525,-0.14457837,-0.32555127,0.03433633,0.23321964,-0.11929921,0.3279566,0.1493426,0.13561371,0.05711795,0.026558626,0.10325576,-0.31158638,0.81760615,0.9104846,0.6660303,0.77058136,0.86192983,0.8842022,0.92462105,0.91655195,0.78180593,0.6175861,0.9114648,0.63249356,0.88434094,0.8092174,0.75511545,0.9232153,0.88349533,0.9187879,0.8210038,0.6639255
9.0,-0.09116519,-0.07979189,-0.1605505,0.2026588,-0.16404898,0.0038397145,0.1414021,-0.047674123,0.16297695,0.14331202,-0.05671312,-0.22819072,0.025061706,0.01144433,-0.09181972,0.061829537,-0.07519228,-0.0473534,-0.0884057,0.20272252,0.8726348,0.9163029,0.8018407,0.88213694,0.88678336,0.9040985,0.9485647,0.9395621,0.84802836,0.7716948,0.97215474,0.81448084,0.9433513,0.839957,0.8593765,0.93358517,0.9211554,0.927057,0.90839434,0.7809097
9.0,-0.30058083,-0.39124125,-0.46419677,0.3292602,-0.45914888,0.043282755,0.30754206,-0.1697506,0.5105941,0.6536719,-0.1542251,-0.6573999,0.28943145,-0.47198915,-0.25801176,-0.028470255,-0.18365745,-0.15854141,-0.28044918,0.81358105,0.8543934,0.8470861,0.98680884,0.9452295,0.8342054,0.9845599,0.92548096,0.9085328,0.950681,0.8524839,1.0034224,0.9535635,0.957213,0.7885219,0.9106036,0.8386446,0.9391073,0.90852123,0.88573027,0.8006503
10.0,0.55044144,0.38226953,0.95065844,-0.6051715,0.43065247,-0.15100943,-0.2415343,0.067323536,-0.6706425,-1.3251313,0.20100844,1.1709752,-0.25534108,0.7427396,0.6747361,0.1515482,0.2625245,0.1202508,0.52554834,-1.2211202,0.6744476,0.835658,0.410091,0.6135441,0.7029307,0.80248004,0.74811107,0.7991294,0.6053286,0.3418512,0.7969383,0.34310284,0.7400974,0.6451313,0.5411096,0.79628813,0.7551841,0.8779933,0.58921415,0.4117634
7.0,-0.23302092,-0.25080428,-0.35756585,0.3079774,-0.3025475,0.033347923,0.25284877,-0.10512105,0.3669017,0.44178283,-0.1121482,-0.5009148,0.15386194,-0.23716241,-0.21048486,0.009932455,-0.14957397,-0.10543542,-0.20294303,0.5480774,0.891103,0.8879553,0.8853615,0.93523216,0.86577374,0.9185428,0.9403749,0.93001366,0.88319373,0.8426118,1.0026307,0.918134,0.9606531,0.8257797,0.9009636,0.8883464,0.92895174,0.92050403,0.92360574,0.81551903
6.0,-0.08892673,-0.07593458,-0.1537461,0.20382571,-0.17238075,0.007963212,0.13676885,-0.0571037,0.16396382,0.14522623,-0.05554168,-0.23069054,0.027536677,0.0013468601,-0.09828857,0.05897402,-0.071590096,-0.050320476,-0.08820783,0.21312484,0.8596632,0.9181832,0.81334746,0.8751664,0.88399583,0.9149577,0.94548863,0.94139814,0.8585071,0.7690286,0.97708076,0.80425256,0.94002134,0.8413914,0.8655011,0.93991584,0.93129086,0.92934906,0.896878,0.77619994
10.0,0.4639161,0.34789816,0.7964123,-0.46131986,0.33795002,-0.12513569,-0.19861546,0.04377238,-0.56183106,-1.100473,0.16754633,0.9647795,-0.2410956,0.68158525,0.5334068,0.12599212,0.22443582,0.092741825,0.43545657,-1.0222422,0.7053886,0.87216365,0.4616469,0.648024,0.7391868,0.82999593,0.7868578,0.84089434,0.64975256,0.39784557,0.83849144,0.38591456,0.77194047,0.68369,0.5865222,0.8523183,0.7953546,0.88145286,0.6374454,0.4663237
8.0,-0.27795368,-0.3150761,-0.42070955,0.3385386,-0.3425171,0.035913285,0.2954661,-0.119218074,0.4306182,0.53658026,-0.12975739,-0.5793412,0.19367824,-0.3082345,-0.23879404,-0.003728725,-0.17702986,-0.12465667,-0.23840138,0.6484273,0.908402,0.8757489,0.89869195,0.95759714,0.85774505,0.91437227,0.935105,0.9234783,0.882577,0.8651285,1.0100988,0.9595104,0.9664597,0.81465685,0.90370136,0.862409,0.92099696,0.913064,0.9343958,0.82784015
9.0,-0.25053644,-0.30011958,-0.39236978,0.31032804,-0.39069334,0.046413712,0.25559044,-0.14996153,0.42412198,0.5259614,-0.13115284,-0.5698553,0.22740985,-0.36806872,-0.23442756,-0.014675327,-0.1465092,-0.1295566,-0.23473099,0.6771747,0.8412795,0.8665438,0.9606578,0.91876173,0.846078,0.97578084,0.9320754,0.92216355,0.9405639,0.83551896,0.9994039,0.90626615,0.94940466,0.80992025,0.91307217,0.87909794,0.94568396,0.92313695,0.88212025,0.79123807
10.0,0.2733302,0.20614755,0.40154412,-0.17908552,0.12549524,-0.09591705,-0.10091751,0.02923778,-0.3075918,-0.61292046,0.08966272,0.5080729,-0.17846504,0.4775105,0.29535055,0.14924061,0.1280979,0.05653768,0.22394076,-0.59146374,0.77764523,0.8973572,0.5857772,0.71379864,0.8246977,0.8626092,0.8831218,0.8895464,0.7338288,0.52702653,0.8806366,0.5300936,0.8398355,0.7682178,0.6906787,0.9004238,0.84977657,0.9061295,0.7514963,0.58460754
9.0,-0.12214798,-0.11228311,-0.20253456,0.22835526,-0.1968648,0.014002654,0.16302228,-0.06360749,0.20823912,0.2093666,-0.06845211,-0.29184008,0.05269819,-0.045975637,-0.12366001,0.048569534,-0.09040397,-0.060685776,-0.114101976,0.28336835,0.87143046,0.9129554,0.8262971,0.8920575,0.88311094,0.91192454,0.94688267,0.9397272,0.8615839,0.7881894,0.98159754,0.8335752,0.94683707,0.84021103,0.87382615,0.930507,0.9286628,0.9278597,0.9089674,0.7889191
7.0,-0.16448541,-0.16122055,-0.26199088,0.26030594,-0.23571669,0.022914736,0.19569,-0.07911283,0.26813105,0.29651186,-0.08499872,-0.37288338,0.0895045,-0.117262155,-0.15897179,0.03359402,-0.112750605,-0.07695788,-0.14801537,0.38340604,0.87829024,0.9049924,0.8500097,0.90875155,0.87800336,0.91486245,0.94568324,0.9372362,0.87095904,0.8102519,0.99006295,0.86547536,0.95288086,0.83695835,0.88650835,0.9179787,0.93033165,0.92623675,0.91565406,0.8005845
11.0,0.6866812,0.49926618,1.3578653,-0.85367155,0.66538286,-0.14553745,-0.24356598,0.101471104,-0.88647944,-1.7531635,0.24396949,1.5812448,-0.32652396,0.9182366,0.8729574,0.0900536,0.29201347,0.14888316,0.73569643,-1.584767,0.6056873,0.83947736,0.33002338,0.58309096,0.6069265,0.8041868,0.6388964,0.7867865,0.56671715,0.27025965,0.78008026,0.25492308,0.6982472,0.5718363,0.46654645,0.76657534,0.7650141,0.872945,0.50165695,0.3495839
7.0,-0.1714614,-0.16971684,-0.27267444,0.2643255,-0.2366008,0.02198917,0.20288283,-0.07718948,0.27622873,0.30772915,-0.08764887,-0.38233918,0.09298752,-0.12150383,-0.16094838,0.032714643,-0.11820426,-0.078018144,-0.15285791,0.39166522,0.8857281,0.90355664,0.8473109,0.91554147,0.8786786,0.9105242,0.9466822,0.9361238,0.8668652,0.8152529,0.9895914,0.87550336,0.9557788,0.83550936,0.88527894,0.9135631,0.9258813,0.9245942,0.92268336,0.805376
11.0,0.7040264,0.5045628,1.3882205,-0.8807972,0.68119526,-0.14853384,-0.2450898,0.10919753,-0.90513295,-1.7949342,0.2491496,1.6197587,-0.33412376,0.93046486,0.8996638,0.092342705,0.29528672,0.15457526,0.7544995,-1.6252601,0.6006147,0.8356628,0.32229403,0.5762594,0.5997501,0.7982827,0.6281968,0.7823364,0.56211454,0.26308927,0.77265537,0.24905705,0.6928874,0.56399107,0.45960855,0.7560613,0.76227474,0.87542486,0.49226424,0.34204146
5.0,-0.20176092,-0.22078651,-0.31636527,0.2789386,-0.29635966,0.032774117,0.22323471,-0.10656916,0.33454546,0.39314127,-0.10317889,-0.45547104,0.14683117,-0.21951303,-0.19070603,0.013933308,-0.12840424,-0.09765319,-0.18448564,0.5059299,0.8648484,0.8905965,0.8936643,0.9169053,0.8656253,0.9399427,0.9409558,0.930675,0.89970344,0.8225009,0.9965589,0.8853948,0.95364547,0.8281689,0.8993588,0.90335375,0.9381425,0.9251806,0.9044827,0.7992765
2.0,0.1320822,0.110187665,0.17428613,-0.008377343,0.006383732,-0.055629697,-0.012218513,0.0059764935,-0.13156468,-0.30390316,0.032511607,0.21135761,-0.11505724,0.31463525,0.1282561,0.124385096,0.05105554,0.02067107,0.09548271,-0.28268468,0.8150719,0.92024994,0.6789209,0.77742136,0.8644184,0.89374834,0.9210043,0.92434925,0.7948825,0.62689567,0.9217948,0.6358171,0.887861,0.8132415,0.7654937,0.9370128,0.89548725,0.9218681,0.82161623,0.6717005
7.0,-0.2210496,-0.2510093,-0.34729108,0.29466644,-0.34258974,0.041834515,0.23216942,-0.13108553,0.37301603,0.45035872,-0.11554083,-0.5080446,0.18444687,-0.29202145,-0.21351726,-0.00070114434,-0.13209987,-0.11249893,-0.20623037,0.58584607,0.8454706,0.87963766,0.93125015,0.9111811,0.8552773,0.96191585,0.93593293,0.9281284,0.92414355,0.8262064,0.9985085,0.8870675,0.9491072,0.821015,0.9087251,0.89677155,0.9460765,0.9265816,0.88751894,0.79153436
11.0,0.67650884,0.49043292,1.3238246,-0.8339005,0.64596546,-0.14701198,-0.24648976,0.09798245,-0.8706874,-1.7203557,0.24131428,1.5494946,-0.3186367,0.903235,0.8579457,0.09609168,0.292329,0.14651436,0.718306,-1.5562047,0.6111648,0.83874404,0.3356339,0.5848814,0.61534375,0.80426884,0.6473277,0.7869921,0.56893456,0.27483553,0.7809714,0.2609219,0.7019018,0.5772973,0.47230676,0.76813495,0.7627487,0.87407273,0.50762665,0.35294363
1.0,-0.27009037,-0.30636892,-0.40904236,0.3314417,-0.3447082,0.037257116,0.2859635,-0.1219324,0.42316648,0.52593625,-0.12737961,-0.570197,0.19347712,-0.309249,-0.23648869,-0.0031489544,-0.16973618,-0.12334936,-0.23336124,0.64384305,0.89631903,0.8762328,0.9059593,0.9477494,0.85651046,0.92255324,0.93472904,0.924231,0.890913,0.85727787,1.0096158,0.94545466,0.96292794,0.8162192,0.9061259,0.8675376,0.92767876,0.9156574,0.9235963,0.8200719
1.0,-0.25373107,-0.28214714,-0.3859368,0.32104707,-0.32990324,0.036507245,0.27008504,-0.11706303,0.39997768,0.4911505,-0.120982,-0.5418354,0.1785747,-0.28315416,-0.22658503,0.0019377545,-0.15963751,-0.11633096,-0.22045247,0.6069368,0.8896611,0.8807473,0.90133727,0.93931437,0.85938686,0.9242137,0.93675643,0.92679006,0.89109665,0.8493363,1.0070546,0.93019587,0.96092767,0.82046247,0.905428,0.87732947,0.9309575,0.9185145,0.91957396,0.8157032
9.0,-0.059612997,-0.04784884,-0.11544874,0.17749095,-0.13892862,-0.0035669561,0.11800354,-0.038400277,0.11965229,0.08072922,-0.044551432,-0.1679222,0.0008988842,0.059221603,-0.06412317,0.07264826,-0.057583567,-0.03669382,-0.06331844,0.1323829,0.8654307,0.91968554,0.785363,0.8671073,0.8873598,0.902734,0.94746137,0.93989915,0.8415278,0.7529768,0.9656353,0.78891253,0.9367265,0.8397924,0.8484592,0.93866587,0.9196626,0.9275469,0.8990493,0.7684873
11.0,0.6133615,0.4550695,1.1724702,-0.7235489,0.5596063,-0.14046071,-0.24174923,0.075663984,-0.7849234,-1.5418937,0.22173126,1.3804487,-0.2897444,0.84054685,0.7590987,0.1016293,0.27978668,0.12784871,0.6350958,-1.3963078,0.63707775,0.8477605,0.36899847,0.60485345,0.6507453,0.8150628,0.6902068,0.80141157,0.58843285,0.30576664,0.8003508,0.29106274,0.7223874,0.60847193,0.5031017,0.7966999,0.7681733,0.87173665,0.5447028,0.38206586
6.0,-0.3113103,-0.37465718,-0.46652454,0.35580695,-0.39599818,0.03943084,0.32560036,-0.14217792,0.4881215,0.6244851,-0.14476918,-0.6463192,0.24060845,-0.39376032,-0.26328543,-0.017479569,-0.193551,-0.14562708,-0.2675893,0.754717,0.9026756,0.8613955,0.9282326,0.96118295,0.84474444,0.9271353,0.92581725,0.91606796,0.89887375,0.87160164,1.0175632,0.9763164,0.96415,0.8023139,0.9085269,0.83988035,0.924645,0.908009,0.92133594,0.823106
9.0,-0.26398042,-0.29608783,-0.400552,0.32823765,-0.33584875,0.036586028,0.28053388,-0.11823166,0.41290563,0.51053077,-0.12464288,-0.55811566,0.1853884,-0.2946883,-0.23212929,-0.0007182397,-0.16661309,-0.11987119,-0.22800308,0.6255616,0.8968598,0.8786361,0.90104,0.946402,0.85854965,0.92051697,0.9360014,0.92549175,0.8883328,0.85556185,1.0083874,0.9417936,0.96293527,0.818224,0.90517396,0.87133366,0.9272759,0.9165209,0.9250372,0.8202711
10.0,0.33865535,0.25848192,0.5320905,-0.26773545,0.1909303,-0.10551727,-0.13740551,0.03065443,-0.3923153,-0.77154994,0.11730997,0.6581873,-0.20368892,0.55102336,0.36841515,0.14085633,0.16193146,0.06804169,0.29254836,-0.7354139,0.7532085,0.89341354,0.54425967,0.6902683,0.7992311,0.8526463,0.8519907,0.8760848,0.70717204,0.48297974,0.8693982,0.47688115,0.81627655,0.740615,0.65705097,0.89038986,0.8331217,0.8977553,0.71239585,0.5446979
5.0,-0.09241491,-0.07899606,-0.16665253,0.20563439,-0.15539658,0.00014185056,0.14357668,-0.039996322,0.16037028,0.13984475,-0.05828397,-0.22545767,0.020432651,0.022611894,-0.087244324,0.06513134,-0.07797094,-0.044838212,-0.088327125,0.19039294,0.8837692,0.9142986,0.7912868,0.8864068,0.889294,0.89295596,0.95151985,0.9385442,0.83657104,0.77473676,0.9671189,0.8228069,0.94609123,0.83810455,0.8536369,0.92811096,0.9114672,0.92482346,0.9188696,0.78545725
2.0,0.5690888,0.41927582,1.046647,-0.64281476,0.4851192,-0.13902512,-0.2358258,0.06498794,-0.7147684,-1.4034835,0.2070768,1.2486854,-0.27120107,0.78791505,0.6918577,0.11540284,0.26753423,0.11785204,0.56977576,-1.2797734,0.6592676,0.850886,0.39571676,0.61595845,0.68065304,0.8158864,0.7229803,0.8093104,0.6040035,0.33110258,0.8088478,0.31920642,0.736279,0.6320181,0.52789176,0.81006306,0.77004904,0.87360716,0.57291245,0.4046276
7.0,-0.07095757,-0.059250228,-0.12772849,0.18759403,-0.16083607,0.0047048936,0.12336948,-0.05366233,0.14088455,0.11133966,-0.048627883,-0.19797102,0.017335435,0.023637742,-0.08327607,0.06289676,-0.061178386,-0.044804007,-0.07466687,0.17751303,0.85305387,0.92026937,0.80703896,0.8673372,0.8837481,0.91816455,0.9441035,0.94160646,0.8585893,0.75818044,0.97390777,0.78925186,0.93632746,0.8413075,0.8602023,0.9446067,0.93177366,0.93011564,0.89027816,0.76866996
6.0,-0.13696995,-0.13170132,-0.22372398,0.2368696,-0.2106041,0.01624402,0.175051,-0.06849153,0.23045188,0.24083742,-0.07448457,-0.31968746,0.06788668,-0.07252702,-0.13411163,0.043382585,-0.09856196,-0.06601986,-0.1263807,0.31876832,0.8739401,0.90941525,0.83461297,0.8994348,0.88128823,0.9144971,0.9470033,0.93791884,0.86542535,0.7956554,0.9838659,0.8459973,0.94981325,0.83847433,0.8774063,0.92526066,0.92844623,0.9269396,0.9121288,0.7931337
5.0,-0.2043442,-0.2090263,-0.31860638,0.28960487,-0.26444638,0.027284546,0.2300354,-0.087708466,0.32117423,0.37384853,-0.10027905,-0.44258457,0.11964815,-0.17251116,-0.1862821,0.0219019,-0.13646482,-0.09067153,-0.1784803,0.46496648,0.894968,0.89684427,0.8610958,0.9297189,0.8743211,0.9089101,0.9449679,0.93376243,0.86978793,0.8327345,0.9955557,0.90252817,0.9603868,0.8313321,0.89233196,0.90083426,0.9240952,0.92204463,0.92990816,0.8150676
3.0,-0.076287374,-0.06330474,-0.13760409,0.1923891,-0.15615134,0.00265237,0.12912494,-0.04722398,0.14367777,0.11594477,-0.05069276,-0.20253417,0.014520954,0.029506512,-0.08280596,0.0652845,-0.066000596,-0.043833494,-0.07711923,0.17556277,0.8644736,0.9192583,0.7991271,0.8727605,0.88628286,0.9075373,0.9467989,0.94091,0.84955496,0.76259315,0.97161096,0.7988575,0.93898153,0.84096366,0.85749036,0.9392158,0.92495257,0.92841727,0.89979017,0.773837
2.0,0.6611091,0.48256207,1.288843,-0.80792415,0.6265621,-0.14550994,-0.24614155,0.09164606,-0.8508061,-1.6783279,0.23653747,1.5102823,-0.31075785,0.88841295,0.8341837,0.09769213,0.28948054,0.14218792,0.6982572,-1.5179454,0.61673087,0.8407071,0.34342906,0.590002,0.62387186,0.80744714,0.6580287,0.78986907,0.57288754,0.2818667,0.7858422,0.26775804,0.7066476,0.58458203,0.4795129,0.77521104,0.76342744,0.87290335,0.5164979,0.35969874
9.0,-0.22440563,-0.24100143,-0.34741992,0.31141183,-0.3378419,0.04357712,0.23091549,-0.13504612,0.37297493,0.4512631,-0.11554469,-0.51436526,0.17475773,-0.2882397,-0.22378454,0.0024448894,-0.13218312,-0.114052705,-0.20385727,0.5865605,0.843215,0.881433,0.93064976,0.9008257,0.8542824,0.954217,0.933315,0.9316679,0.917265,0.8276541,1.0053011,0.8801565,0.94776636,0.8242141,0.9138075,0.8981134,0.9530586,0.9277373,0.88158435,0.790005
11.0,0.6866985,0.50001585,1.3603269,-0.85442966,0.6668862,-0.14526568,-0.24298903,0.10122795,-0.8871371,-1.7544371,0.24391146,1.5827801,-0.32699794,0.91930604,0.8730383,0.0892887,0.29144782,0.14890304,0.736491,-1.5855724,0.6052067,0.8397437,0.32987285,0.5833598,0.60628456,0.80456936,0.6387128,0.7869018,0.5666171,0.27020928,0.78046066,0.25460708,0.698018,0.5715905,0.46627077,0.76704955,0.76536417,0.8725167,0.50155556,0.34973744
3.0,-0.18445194,-0.18340135,-0.2896748,0.27669674,-0.25040787,0.025734121,0.211961,-0.08432488,0.29448184,0.33497953,-0.09242402,-0.40836042,0.10345026,-0.14495106,-0.17415644,0.028036984,-0.124151215,-0.084048904,-0.1629726,0.42471814,0.88523734,0.90122616,0.85664135,0.91732335,0.87589216,0.91211206,0.9452054,0.93606657,0.87085426,0.82116115,0.9935323,0.882235,0.95616597,0.8347906,0.8905538,0.9102338,0.9288834,0.9246443,0.92115104,0.807182
9.0,-0.28028572,-0.3254771,-0.4232098,0.33592063,-0.36592945,0.039350986,0.29379338,-0.13162932,0.44288695,0.55607826,-0.13276997,-0.59338313,0.21176706,-0.34273672,-0.24533825,-0.008410554,-0.17354026,-0.13084298,-0.2432499,0.68295634,0.88969773,0.87084514,0.920474,0.94624025,0.8513853,0.9306648,0.93168837,0.9218149,0.9003208,0.8577601,1.0118045,0.9475435,0.9612803,0.8120269,0.9090621,0.861083,0.9312055,0.9147546,0.91565317,0.8161743
2.0,0.17654493,0.1477553,0.25152314,-0.05607424,0.042393364,-0.06544701,-0.04104469,0.009470982,-0.18886039,-0.39921376,0.05134789,0.30476648,-0.13906088,0.37008265,0.17264208,0.12869143,0.075230345,0.030638859,0.13593304,-0.37858295,0.7999807,0.92013043,0.6532297,0.7575973,0.85356796,0.89041066,0.90775543,0.9189369,0.7809034,0.5970873,0.914184,0.59812814,0.8735859,0.8003244,0.7454716,0.9346208,0.88829345,0.9185667,0.7980722,0.6464631
10.0,0.10398328,0.088306986,0.12708837,0.022286452,-0.013908528,-0.049757402,0.0056802705,0.0026615895,-0.09606256,-0.24576186,0.019741895,0.154608,-0.10127797,0.2816121,0.10062367,0.122090146,0.03498916,0.014069006,0.07049684,-0.22503398,0.8249594,0.91937256,0.6930424,0.78921646,0.87027586,0.89314836,0.9294286,0.92667747,0.79942113,0.6458274,0.9263366,0.659171,0.89559793,0.8190932,0.7775149,0.93585783,0.8978509,0.92283714,0.83633065,0.68730175
3.0,0.062144417,0.060787126,0.07010295,0.06738045,-0.049812883,-0.033242367,0.032165114,-0.013948971,-0.040531553,-0.15876931,0.0042863134,0.06882785,-0.07684244,0.223011,0.048367936,0.10563767,0.011537861,-0.00079391897,0.03559993,-0.12675895,0.8281341,0.92664623,0.7252283,0.80882215,0.8767505,0.9057657,0.93263817,0.9354075,0.81972593,0.6752638,0.94289106,0.68712115,0.9068619,0.8278408,0.80248666,0.9486445,0.913609,0.9265925,0.8490494,0.7105471
11.0,0.07085545,0.05259409,0.050122567,0.05724345,-0.027376316,-0.05591117,0.026456103,0.010576527,-0.05446551,-0.17756741,-0.0027332697,0.0887368,-0.07742722,0.24091904,0.08745168,0.13115391,0.01611403,0.012107052,0.03757069,-0.17138784,0.8492638,0.8979772,0.6937966,0.8008706,0.8739278,0.8742346,0.94970727,0.9168665,0.781636,0.66628397,0.912109,0.7003871,0.9068433,0.81845284,0.7757968,0.9093189,0.8750898,0.91790926,0.866548,0.70367074
11.0,0.6996731,0.4993038,1.3703549,-0.87193954,0.67105675,-0.14954075,-0.24785995,0.10646075,-0.8972888,-1.778854,0.2473379,1.6051261,-0.32861558,0.9216116,0.89281833,0.0975242,0.2959781,0.15430444,0.7447215,-1.6127728,0.6025057,0.8345848,0.32525587,0.5767736,0.6052569,0.7976609,0.63269126,0.7811808,0.5620805,0.265184,0.7721461,0.2522964,0.6941975,0.5660872,0.4626048,0.7556457,0.7594518,0.876001,0.49512666,0.34335336
9.0,-0.20791039,-0.22666195,-0.32459694,0.28639427,-0.30541754,0.03534128,0.2263675,-0.11212422,0.34371087,0.40735933,-0.10589977,-0.46988094,0.15294687,-0.23441604,-0.19868052,0.011012144,-0.13003089,-0.10132294,-0.18944398,0.52501106,0.86170334,0.88887966,0.90099204,0.9148784,0.8634032,0.94198394,0.93941617,0.93099916,0.90321326,0.8244951,0.9987269,0.8859746,0.9525794,0.82754505,0.9027249,0.90200704,0.9409299,0.925696,0.9007695,0.79825413
7.0,-0.18560599,-0.18563694,-0.29341564,0.27520293,-0.24396095,0.022878783,0.2154761,-0.07829749,0.29385558,0.3333225,-0.09313543,-0.40574145,0.1018506,-0.1371321,-0.16966416,0.02909971,-0.12738109,-0.082122125,-0.16336799,0.41649324,0.8945372,0.9009642,0.848388,0.92478013,0.8783941,0.9059061,0.94708973,0.934988,0.86379737,0.8244168,0.99073744,0.890847,0.95936126,0.83344656,0.88625574,0.90718365,0.9215827,0.92268014,0.9308257,0.81228197
6.0,-0.26521507,-0.30894586,-0.40761867,0.3314958,-0.3993622,0.0485564,0.2646872,-0.15801655,0.44152567,0.55344033,-0.1360848,-0.59629315,0.2322399,-0.38804832,-0.25136042,-0.015376635,-0.15225463,-0.136525,-0.24141784,0.7080009,0.8399039,0.8636673,0.9671735,0.91143715,0.84179425,0.9698109,0.92792904,0.9236899,0.93697274,0.83966786,1.007463,0.9069029,0.9487032,0.80908996,0.9185321,0.8728564,0.9521028,0.9229393,0.8754138,0.7896752
8.0,-0.3689652,-0.4931288,-0.5493635,0.37876996,-0.4999695,0.038436323,0.38507485,-0.18235624,0.59483826,0.7903616,-0.17349961,-0.7590838,0.32955953,-0.5505521,-0.29868457,-0.040811256,-0.22962943,-0.1880809,-0.32081825,0.94762623,0.89829236,0.8329941,0.9764807,0.9729135,0.822664,0.9484014,0.9060795,0.89916766,0.9244231,0.88062596,1.027239,1.0131013,0.9605699,0.7715199,0.9063971,0.7900745,0.9233476,0.8916077,0.90043664,0.8154706
7.0,-0.15070343,-0.14172396,-0.24390638,0.25192043,-0.21357933,0.017588679,0.18628871,-0.06744816,0.24423853,0.2615444,-0.07930488,-0.34128845,0.07016648,-0.0798365,-0.14421558,0.041318987,-0.1077041,-0.06915306,-0.13529901,0.336703,0.885465,0.908404,0.83240396,0.90739995,0.8825519,0.904765,0.9481369,0.9383844,0.8586165,0.80571,0.98493123,0.86087203,0.95329994,0.83796734,0.8787652,0.92029524,0.9237643,0.92545766,0.92213553,0.80144584
9.0,-0.25998545,-0.2801774,-0.39735273,0.333006,-0.30789167,0.032744184,0.27983168,-0.10355635,0.39615998,0.48488066,-0.12170335,-0.54055893,0.16315813,-0.2527767,-0.22462814,0.0048325546,-0.16963318,-0.11247977,-0.2218743,0.58187133,0.9181619,0.88389295,0.8763301,0.95829123,0.8663131,0.9012409,0.9406835,0.9284283,0.8672759,0.86427397,1.0043243,0.9552079,0.96909565,0.8206781,0.8982077,0.8735096,0.9144025,0.91490203,0.94751275,0.83403605
8.0,-0.36616424,-0.5009231,-0.5507949,0.3671722,-0.5211531,0.037294228,0.3821141,-0.18836042,0.6047118,0.8033663,-0.17701018,-0.76181334,0.34469637,-0.5733368,-0.29454347,-0.04317461,-0.23086852,-0.19333544,-0.32670152,0.9667989,0.8878113,0.8293052,0.9916039,0.9746146,0.821616,0.96436733,0.9073048,0.8958897,0.9383667,0.876536,1.021508,1.0119771,0.9613608,0.76580465,0.9050178,0.7873392,0.9258724,0.88857603,0.89405876,0.81273943
9.0,-0.18635507,-0.18849865,-0.29383048,0.28645703,-0.29517695,0.03823422,0.20042628,-0.11882395,0.31570134,0.36687163,-0.099123776,-0.44172364,0.13424337,-0.2135205,-0.19606996,0.015231945,-0.11336489,-0.09702985,-0.1729914,0.48894078,0.8405814,0.893793,0.9059923,0.8910863,0.86306584,0.94925904,0.93667185,0.9366491,0.907358,0.8132458,0.9999827,0.8549332,0.94496316,0.8323846,0.9065032,0.9175846,0.95258546,0.9307093,0.88262445,0.78643644
1.0,-0.3200713,-0.3941378,-0.50714636,0.39602184,-0.5595025,0.068423234,0.2795104,-0.24955265,0.56858575,0.7277408,-0.1868497,-0.75644934,0.35401285,-0.6303248,-0.31143057,-0.05877146,-0.16189745,-0.18919826,-0.30789143,0.94609195,0.772076,0.8192702,1.0981408,0.87464905,0.8065255,1.0438578,0.90602577,0.9140067,1.0017697,0.8452131,0.999845,0.89979726,0.92998594,0.76890785,0.9277027,0.8399377,0.96512336,0.92256814,0.8125675,0.7543473
4.0,0.06397213,0.055240605,0.064176895,0.06148572,-0.043602187,-0.039208286,0.032820206,-0.0040671295,-0.044061027,-0.16441397,0.0035854224,0.074437976,-0.07724167,0.22957912,0.06070726,0.112193644,0.012537066,0.0033299811,0.03690168,-0.13916342,0.8368403,0.9199779,0.7152771,0.80908173,0.87728024,0.8957041,0.93658274,0.93078417,0.81046736,0.6725973,0.93469644,0.6924319,0.9075695,0.82675296,0.79466873,0.9380962,0.9031211,0.92459327,0.8551259,0.70908254
2.0,-0.25518942,-0.2840276,-0.39097983,0.32014838,-0.3190406,0.033466928,0.27564105,-0.108541705,0.3977106,0.48732466,-0.12128453,-0.5382432,0.17349894,-0.26828232,-0.22144839,0.002883561,-0.16482988,-0.113598324,-0.22112566,0.5935158,0.9048199,0.8824534,0.88793314,0.9524867,0.86408913,0.91417277,0.93916774,0.92608017,0.8803266,0.856224,1.0045143,0.9442177,0.9655257,0.81999016,0.9003099,0.87499636,0.9205249,0.9157977,0.9355068,0.82535875
3.0,-0.14450164,-0.13814786,-0.23393628,0.24508032,-0.2185708,0.019280527,0.17988472,-0.072652616,0.24046156,0.2561738,-0.07725415,-0.33562267,0.07307793,-0.08551292,-0.14304844,0.040122315,-0.10189363,-0.069511354,-0.13233696,0.3381282,0.87369055,0.9088593,0.8404282,0.90053,0.8802964,0.9149245,0.946162,0.9385225,0.86809844,0.79973495,0.98637944,0.84974164,0.9498768,0.8388061,0.8813093,0.9247329,0.93049276,0.92734456,0.9116222,0.79475504
2.0,0.44703615,0.3357845,0.75865155,-0.4333346,0.31594703,-0.122435056,-0.19086981,0.041554864,-0.53824943,-1.0536427,0.16114083,0.9211595,-0.23651747,0.6644021,0.50942546,0.12747626,0.21689712,0.089031,0.41525793,-0.9823688,0.7124032,0.87591165,0.47282445,0.65362203,0.7481286,0.83296514,0.79595,0.8465026,0.6581494,0.40928456,0.84309787,0.39762184,0.7781451,0.69182247,0.59603614,0.85873795,0.80078036,0.88366026,0.64768565,0.47680393
3.0,-0.18663026,-0.19425887,-0.2936363,0.27251127,-0.267581,0.028719973,0.21237922,-0.09344982,0.3053503,0.35076937,-0.09494914,-0.42046094,0.119805515,-0.17220852,-0.17803282,0.022579996,-0.12238298,-0.0882133,-0.1684917,0.45149595,0.8730045,0.8978529,0.8725077,0.9145183,0.87175566,0.9263548,0.9430834,0.9340875,0.8852606,0.8185376,0.9946115,0.87817496,0.9537926,0.8330488,0.89431804,0.9102468,0.93446684,0.9257655,0.91117954,0.8013384
7.0,-0.17110468,-0.16433197,-0.27322602,0.26802304,-0.22788759,0.020671079,0.20305729,-0.07185932,0.27087936,0.30041265,-0.08718274,-0.37774318,0.08491521,-0.10758118,-0.1593841,0.034933396,-0.11963299,-0.07596304,-0.15096255,0.3782038,0.8937512,0.9048439,0.83872354,0.918107,0.881231,0.9017574,0.94816166,0.9372789,0.8585535,0.8178992,0.9877386,0.87974083,0.9573383,0.83592516,0.8826582,0.91311705,0.920995,0.9238617,0.9299316,0.80947894
8.0,-0.027119774,-0.018159442,-0.06717971,0.14869808,-0.11716787,-0.010249651,0.09440678,-0.032010205,0.07730348,0.018545356,-0.031593487,-0.107244626,-0.019402618,0.10140947,-0.036121298,0.08104229,-0.03871093,-0.027017541,-0.03788909,0.06629815,0.8542185,0.92283803,0.7720547,0.8514142,0.88583255,0.9058768,0.9441817,0.93976754,0.8391652,0.73258233,0.9602248,0.76098806,0.92908835,0.83883524,0.8380846,0.94446945,0.92027164,0.92836994,0.88566643,0.75362015
11.0,0.3634938,0.27497414,0.5797213,-0.30380842,0.21641946,-0.11032668,-0.1503745,0.03379999,-0.4244971,-0.8329253,0.12782547,0.7152693,-0.21168657,0.57682616,0.4000234,0.13916416,0.17517312,0.07306677,0.31907338,-0.7904462,0.7450828,0.8893944,0.52792007,0.6813352,0.7888121,0.8474161,0.8402152,0.86953247,0.69658047,0.46590057,0.8629276,0.45893237,0.80781084,0.7304397,0.6431283,0.88344556,0.82545245,0.8947476,0.6980691,0.5289424
1.0,-0.2881944,-0.33654267,-0.43447298,0.34144422,-0.36849454,0.0386199,0.30289632,-0.13135113,0.45229226,0.5699925,-0.1352585,-0.6045478,0.21545577,-0.3484379,-0.2485601,-0.009886984,-0.1797976,-0.13321823,-0.24880686,0.6944334,0.89773977,0.8695525,0.9174301,0.9533881,0.8512192,0.92599225,0.9310567,0.92059875,0.89595103,0.8633096,1.012954,0.9583457,0.96338254,0.8102067,0.90781075,0.85580575,0.92700744,0.91259396,0.92185634,0.82095915
4.0,0.098451436,0.08505736,0.12066061,0.028235137,-0.018546663,-0.04718567,0.0091389045,-0.00015839934,-0.088646926,-0.2342148,0.017998176,0.14356972,-0.09805197,0.27375668,0.093127325,0.11941335,0.031907838,0.011935223,0.066178635,-0.21181099,0.824635,0.9210124,0.6978599,0.7921265,0.87124175,0.8959189,0.9294796,0.92821825,0.80288345,0.6497824,0.9292245,0.66246784,0.89725256,0.8202969,0.78122777,0.93856204,0.9008083,0.9234506,0.8376109,0.6905558
2.0,0.09112872,0.08556408,0.116904326,0.03868483,-0.029004138,-0.039786793,0.012969919,-0.009523866,-0.07843701,-0.21789633,0.016583724,0.12655942,-0.09324091,0.2598513,0.0756987,0.109582424,0.027823623,0.006637998,0.060181443,-0.18745361,0.8191145,0.9280704,0.71020365,0.7958111,0.871883,0.9057703,0.9258437,0.9338747,0.81425416,0.6563394,0.9377427,0.6628823,0.899023,0.8226506,0.7903958,0.9503499,0.911059,0.92590886,0.8355556,0.69544476
8.0,-0.080696754,-0.069471024,-0.146209,0.19386488,-0.15489379,0.0010510371,0.13389182,-0.0436014,0.14836618,0.12210917,-0.052731983,-0.2078385,0.017032638,0.028099336,-0.08186166,0.06551249,-0.06952014,-0.043419413,-0.08004221,0.17829692,0.8713516,0.9172657,0.7954182,0.87791157,0.8873562,0.9027957,0.9484711,0.93948144,0.8451582,0.7656757,0.96935666,0.80695206,0.9415292,0.83986795,0.8551236,0.9349531,0.91960967,0.92706835,0.90647155,0.7772235
1.0,-0.24998742,-0.27543384,-0.37873697,0.32326934,-0.34019524,0.03952967,0.2610246,-0.12715724,0.40050292,0.49156523,-0.12095727,-0.5436275,0.18245271,-0.29751158,-0.23145626,0.0016666278,-0.152845,-0.11896791,-0.21869761,0.61698616,0.8714325,0.8787841,0.9163626,0.92326665,0.8545939,0.9357084,0.9341185,0.92789334,0.9018556,0.8419383,1.0092043,0.9132337,0.9561909,0.8207825,0.9105347,0.8807744,0.942363,0.9214798,0.9018557,0.80503863
9.0,-0.029215071,-0.020087434,-0.07166563,0.15085727,-0.115214296,-0.011719045,0.096315175,-0.029654298,0.078826174,0.020928357,-0.0328463,-0.10906098,-0.02004492,0.1030083,-0.035283983,0.082899496,-0.040516257,-0.026524931,-0.03905964,0.06525333,0.85832363,0.92140174,0.76899064,0.8529385,0.8865465,0.9019261,0.9458458,0.9389589,0.8349312,0.73403317,0.95873004,0.76478827,0.93019265,0.83815813,0.83656436,0.9411368,0.9171031,0.92742825,0.8892929,0.7553186
6.0,-0.040789578,-0.03183981,-0.08585885,0.15946513,-0.1316928,-0.0051258397,0.103579305,-0.039124805,0.09780078,0.04806358,-0.03668539,-0.1360629,-0.0063895104,0.0753183,-0.050973844,0.07428315,-0.045595575,-0.032624308,-0.049584903,0.1027138,0.8530765,0.92237216,0.78410447,0.8571899,0.8852016,0.9114752,0.94384986,0.940392,0.8471174,0.74050504,0.96473724,0.76991254,0.93163306,0.83994794,0.84536624,0.94569105,0.9244756,0.92922795,0.88691133,0.7583372
3.0,-0.12199086,-0.10915466,-0.2041173,0.23020846,-0.18762332,0.011184657,0.16419888,-0.056697026,0.20356765,0.20276667,-0.06839455,-0.28625238,0.04555419,-0.031878572,-0.1196793,0.051841334,-0.092403695,-0.058177814,-0.11234754,0.26898164,0.8810107,0.913095,0.8161277,0.89544606,0.8857428,0.9021332,0.94901,0.93972665,0.85175455,0.79029566,0.97857016,0.8391023,0.9488493,0.83965236,0.8695556,0.9275982,0.92192924,0.92633814,0.9173351,0.7929018
4.0,-0.09715856,-0.09095608,-0.16972202,0.20260078,-0.1729072,0.0058478243,0.14660844,-0.05087942,0.17430133,0.15839764,-0.05905047,-0.24171042,0.036198225,-0.005860474,-0.09603499,0.05710451,-0.07783315,-0.049844213,-0.09439844,0.22291197,0.87129974,0.91465956,0.8085757,0.88646716,0.88557327,0.9090607,0.9477359,0.9381491,0.8541094,0.77429235,0.97299874,0.81968546,0.9446357,0.83960986,0.8615193,0.9329733,0.92185163,0.9272381,0.90853125,0.7818256
4.0,-0.05366391,-0.0421723,-0.106522426,0.17247045,-0.13500124,-0.004727931,0.11355262,-0.037401836,0.11191525,0.06945321,-0.042186167,-0.15689525,-0.0029962393,0.06696485,-0.059231296,0.074312285,-0.05411036,-0.034963578,-0.05867827,0.120377116,0.86314905,0.9203534,0.7831306,0.8640396,0.88711804,0.9034779,0.9469299,0.93996006,0.8411952,0.7492459,0.96480143,0.78357494,0.93529,0.8397146,0.8467692,0.93987364,0.9200597,0.9277467,0.8964273,0.7657634
10.0,0.12853307,0.108107656,0.16664776,-0.0031129494,0.004754983,-0.0560919,-0.0106178,0.0062156366,-0.12759498,-0.29664528,0.02978118,0.20454742,-0.1150959,0.31263974,0.12567525,0.12701967,0.048578817,0.020327166,0.09160566,-0.27770805,0.81756175,0.91860265,0.6789393,0.7774755,0.8651958,0.89103127,0.9240464,0.92354375,0.7919785,0.62924397,0.92117214,0.63892967,0.8879316,0.81337446,0.76654494,0.93381494,0.8937754,0.9213675,0.8243383,0.6735027
8.0,-0.15548795,-0.14757228,-0.25109985,0.25493917,-0.21689332,0.01820502,0.19045648,-0.06809655,0.25054473,0.27073503,-0.08126167,-0.34978822,0.07418166,-0.08654004,-0.14729904,0.039636444,-0.110585034,-0.07059907,-0.13906099,0.34649634,0.8877688,0.9074999,0.8337033,0.91051114,0.8824137,0.9040646,0.9482566,0.937955,0.8586793,0.80862486,0.98530936,0.8657722,0.95440215,0.83742183,0.87945014,0.9185082,0.92262894,0.9250119,0.92447466,0.80348384
1.0,-0.3117169,-0.37465933,-0.46740493,0.35657504,-0.39390594,0.039230924,0.32652584,-0.14104976,0.48755062,0.6237134,-0.14469081,-0.6461223,0.23923816,-0.3909469,-0.26303223,-0.01734721,-0.19429839,-0.14520559,-0.26763827,0.7524673,0.9052385,0.86184937,0.9259214,0.96307003,0.84541565,0.9252027,0.9260719,0.9161824,0.8969424,0.8729777,1.0175211,0.9785289,0.9647076,0.8025481,0.9080317,0.8397522,0.92317307,0.90776706,0.9238171,0.8247268
7.0,-0.16431998,-0.1575391,-0.2623826,0.2625461,-0.22793579,0.021321775,0.19643906,-0.07404353,0.2638812,0.290503,-0.08450493,-0.36844724,0.08273926,-0.10503508,-0.15688908,0.035823476,-0.114326574,-0.075046085,-0.14633337,0.371638,0.8857176,0.9060501,0.84199846,0.91149807,0.8802543,0.90718526,0.9470677,0.93787444,0.86347806,0.8123419,0.98853105,0.86950755,0.9544352,0.8372124,0.8839541,0.9170325,0.9259309,0.9253714,0.92216104,0.8041757
8.0,-0.22440952,-0.23784897,-0.3456581,0.30278474,-0.29137033,0.031880654,0.24569759,-0.1002955,0.35318312,0.42138532,-0.10848516,-0.48377806,0.14351408,-0.21813369,-0.20377298,0.013406154,-0.14539611,-0.10106035,-0.19557953,0.5236562,0.89162606,0.8907801,0.87867993,0.9330943,0.8682343,0.9160457,0.94169325,0.9313229,0.8797024,0.83956885,1.0007979,0.912869,0.96040297,0.8277641,0.89890337,0.89258176,0.9281467,0.92122954,0.92491245,0.815161
11.0,0.6908184,0.49899426,1.3613613,-0.8596205,0.66691566,-0.14700833,-0.24510196,0.10274416,-0.8895818,-1.7609257,0.24484621,1.5888621,-0.32689425,0.9190127,0.8792591,0.093077734,0.2930957,0.15093702,0.73804945,-1.5938016,0.6045376,0.837788,0.32861385,0.5809963,0.6068055,0.8018829,0.6371924,0.7846315,0.5649847,0.26872614,0.7773359,0.25426295,0.69681233,0.569903,0.46539742,0.76289624,0.7627999,0.87377375,0.49962142,0.34762868
5.0,-0.39128244,-0.5817317,-0.5978932,0.36786726,-0.6400255,0.03470676,0.40135416,-0.23547892,0.6876066,0.9241658,-0.20236146,-0.83609635,0.42809942,-0.7228472,-0.31178674,-0.06383837,-0.25077894,-0.23335207,-0.3713898,1.1233512,0.853268,0.800854,1.0661956,0.9715689,0.8010222,1.0202072,0.89489305,0.8834496,0.98916906,0.8679788,1.0090272,1.0269797,0.9556932,0.73174727,0.897841,0.7535078,0.93435806,0.8757286,0.856774,0.7983677
5.0,-0.46116993,-0.7459347,-0.69517815,0.39849025,-0.72808385,0.008593081,0.5092938,-0.26224887,0.8081867,1.1200656,-0.22486283,-0.93463254,0.50018734,-0.84830284,-0.33799747,-0.07540197,-0.31933615,-0.28734735,-0.41908577,1.3133179,0.90877575,0.77986157,1.047356,1.0063486,0.7835079,0.98763216,0.85101706,0.8570165,0.9629229,0.8862471,1.0393893,1.102729,0.9534812,0.6898452,0.86961275,0.6734742,0.90829796,0.8354745,0.85657305,0.80492544
7.0,-0.31175444,-0.3860758,-0.46892446,0.34824005,-0.42396104,0.041525338,0.32230744,-0.15467283,0.5016752,0.645514,-0.14934069,-0.6584594,0.26278332,-0.43237442,-0.26660675,-0.02246645,-0.19052891,-0.15272722,-0.27376363,0.79051304,0.88196707,0.85509616,0.9532849,0.9516471,0.8390855,0.9475217,0.92374504,0.91341954,0.9194374,0.8632557,1.0157388,0.9651213,0.96007216,0.7969216,0.91162086,0.8374208,0.93336934,0.9083047,0.90324545,0.8116318
8.0,-0.003717767,0.0013432214,-0.043729156,0.13021766,-0.0859159,-0.025699878,0.078900605,-0.013122078,0.041051425,-0.033513892,-0.026157746,-0.0547136,-0.04071497,0.14988303,-0.00078737363,0.09926221,-0.027404062,-0.0143915005,-0.018860314,-0.00700061,0.86386925,0.91487926,0.7420943,0.8412536,0.8860544,0.8868963,0.9498811,0.9334908,0.8130507,0.71834594,0.9432781,0.7525822,0.92593426,0.832433,0.81705725,0.9297134,0.90043867,0.92375684,0.8907892,0.74524903
9.0,-0.22579193,-0.23916516,-0.3455461,0.30654073,-0.30196908,0.034423154,0.24348325,-0.108605,0.35908312,0.43003088,-0.10946773,-0.4917388,0.14924605,-0.23388973,-0.20993373,0.01206848,-0.1431279,-0.10453791,-0.19738199,0.53978914,0.8803911,0.8888517,0.8901462,0.924169,0.86416024,0.9239429,0.939387,0.9315554,0.8876131,0.8362957,1.0037042,0.9044971,0.95745784,0.8275711,0.9033221,0.8931338,0.9361587,0.92275333,0.9131974,0.80888677
4.0,-0.04885319,-0.037889075,-0.10077211,0.16817993,-0.12918569,-0.007057697,0.11052351,-0.033936962,0.10458451,0.05877461,-0.040587522,-0.14640984,-0.007274441,0.076604754,-0.05296541,0.0769453,-0.051808633,-0.032581158,-0.05460923,0.10649649,0.86457354,0.9199835,0.77794445,0.86259025,0.8875379,0.9007671,0.94744945,0.93937004,0.8375667,0.74650997,0.9623325,0.7814263,0.93476653,0.8390853,0.84335726,0.93872535,0.9173226,0.927221,0.89710766,0.7643608
4.0,-0.15653045,-0.15269819,-0.24973452,0.25555882,-0.23787995,0.024103781,0.18685512,-0.08404314,0.26123926,0.28660104,-0.08256153,-0.36383557,0.088596374,-0.11798,-0.15738778,0.034023844,-0.1060956,-0.07671991,-0.14341357,0.37835974,0.8662702,0.90563506,0.85661465,0.8997505,0.87603503,0.92364603,0.9440633,0.9380493,0.878164,0.8039276,0.99106336,0.8526071,0.94936633,0.8377546,0.8884883,0.9228875,0.9370108,0.92810696,0.9050403,0.7938331
1.0,-0.28435063,-0.32837442,-0.429223,0.3404881,-0.35874644,0.03783607,0.2999958,-0.1269306,0.4439542,0.5572992,-0.13307518,-0.5952751,0.20721224,-0.33343235,-0.24517968,-0.007699821,-0.17853066,-0.12995726,-0.2448087,0.6774155,0.9015464,0.871983,0.9105823,0.9546755,0.85360575,0.921681,0.9324885,0.92179555,0.89118236,0.86388767,1.0120459,0.95844364,0.96432596,0.8121189,0.9065703,0.8585419,0.92500395,0.91298175,0.9262465,0.8233462
4.0,-0.15516555,-0.1505557,-0.24913248,0.25283128,-0.22690664,0.020920604,0.18858215,-0.075324364,0.2549536,0.27721933,-0.08140075,-0.35498455,0.08157737,-0.10138813,-0.15094382,0.036814578,-0.10794267,-0.07318257,-0.140616,0.36114132,0.87711364,0.90682083,0.8446099,0.9056412,0.87939584,0.9142281,0.9461723,0.9377378,0.86892694,0.80556786,0.9880142,0.8589001,0.9518007,0.83777595,0.8836508,0.92089915,0.92968017,0.9265923,0.9147725,0.7983436
5.0,-0.14747186,-0.1546869,-0.23924875,0.23695633,-0.23699129,0.020500107,0.18195117,-0.0818023,0.25565863,0.27534628,-0.08058198,-0.34719968,0.09499053,-0.11711691,-0.14323401,0.034880936,-0.101775065,-0.07360698,-0.13978364,0.36627656,0.86179894,0.9031593,0.8567819,0.90128815,0.8750609,0.9334831,0.9452276,0.9342106,0.8835543,0.7972577,0.9855522,0.849882,0.9498873,0.83506846,0.88276875,0.92227423,0.9341889,0.92757094,0.9036771,0.78967613
2.0,0.004792615,0.011805337,-0.01694616,0.121258505,-0.09606998,-0.016694022,0.070920974,-0.028651994,0.036307998,-0.042448897,-0.018592188,-0.046786852,-0.03913895,0.14148772,-0.009658799,0.08855565,-0.020283647,-0.018579863,-0.012392122,0.0020152628,0.8408692,0.92597187,0.7599443,0.8352015,0.88276684,0.9108014,0.9396409,0.93971324,0.8368525,0.7123707,0.9563233,0.73215765,0.9211197,0.83632374,0.82830995,0.9500806,0.92219204,0.9288423,0.8701988,0.7383323
8.0,-0.104389645,-0.094044924,-0.17782024,0.21312627,-0.1789999,0.008323279,0.15045258,-0.055500187,0.1831269,0.17243822,-0.061682425,-0.25569355,0.037797604,-0.0147497915,-0.10575753,0.056036655,-0.081580885,-0.053321183,-0.09953907,0.23869707,0.87064254,0.9149286,0.81363595,0.88608545,0.88487756,0.9093517,0.9477712,0.9396059,0.8551646,0.77842873,0.9768188,0.82188886,0.94486034,0.84010965,0.8661771,0.9327152,0.9255908,0.92755455,0.9075382,0.78394675
2.0,0.14302596,0.1226188,0.19649139,-0.018202133,0.015074655,-0.056688853,-0.020069383,0.003998679,-0.14593145,-0.32721874,0.037329033,0.23480578,-0.12216544,0.3287687,0.13600226,0.12411598,0.056694057,0.022256147,0.10570584,-0.30552155,0.8089608,0.92240226,0.6743723,0.772293,0.86178553,0.89545214,0.91691977,0.92440736,0.7927578,0.62015855,0.9222564,0.6244377,0.8839999,0.80979174,0.76242036,0.9393012,0.89625937,0.92134994,0.8143403,0.6660231
4.0,-0.23339224,-0.25679225,-0.35899076,0.30373666,-0.3104677,0.033577565,0.253281,-0.10840689,0.3720354,0.4490039,-0.11348158,-0.5045824,0.16199274,-0.24926135,-0.21013756,0.008111592,-0.14920838,-0.10719537,-0.20541093,0.55915827,0.8860155,0.8859733,0.8919459,0.9348932,0.8641821,0.9253385,0.93983054,0.92832357,0.88941497,0.84085906,1.0023159,0.9168602,0.96004355,0.8241067,0.90142226,0.8871564,0.9305284,0.92024547,0.91970086,0.8129146
8.0,-0.23461133,-0.24952519,-0.35995674,0.31145445,-0.296162,0.03222477,0.25522152,-0.1012675,0.36543393,0.43936095,-0.112046674,-0.4999196,0.14881687,-0.22806701,-0.21000993,0.011159103,-0.15214282,-0.10424488,-0.20279473,0.54051244,0.8986583,0.8889167,0.87829494,0.9394209,0.8675598,0.91184735,0.941389,0.93056935,0.87639034,0.8460669,1.0020775,0.92397547,0.96269107,0.8260308,0.89912456,0.8873344,0.92497504,0.91962254,0.93051624,0.82001543
10.0,0.6224258,0.45721492,1.1874828,-0.73844534,0.5679287,-0.14301735,-0.24445388,0.07937329,-0.7953114,-1.5642446,0.22497636,1.4012066,-0.2922312,0.84619117,0.77431244,0.10480224,0.2827284,0.13123825,0.6443355,-1.4173065,0.63433146,0.84454924,0.3644579,0.6011113,0.6475445,0.811865,0.6854413,0.7976485,0.58507144,0.30115888,0.7957912,0.28789663,0.7193397,0.6045152,0.49917012,0.7901899,0.7652038,0.87273854,0.5397177,0.3772305
7.0,-0.2491197,-0.2831319,-0.3814844,0.31112295,-0.33299926,0.03530674,0.26722085,-0.11723985,0.39886817,0.48873913,-0.120911464,-0.53550345,0.18336911,-0.28642967,-0.22069341,0.0018902346,-0.15780157,-0.11584728,-0.21973981,0.6055137,0.88518023,0.87989503,0.9046901,0.94005024,0.85959876,0.93112785,0.9376396,0.9248839,0.89635515,0.84610736,1.0047184,0.92770195,0.96098846,0.81899947,0.90386194,0.8777141,0.9309528,0.9179095,0.91769135,0.8135649
4.0,0.0025995877,0.0056514144,-0.028435122,0.12094072,-0.0872811,-0.023316735,0.07475756,-0.017058775,0.03552422,-0.043268222,-0.021304755,-0.045062236,-0.04122839,0.1506508,0.00037276745,0.095869705,-0.022926513,-0.014564399,-0.013247918,-0.010030493,0.8549728,0.9195068,0.7467543,0.8387632,0.88492364,0.89621896,0.9452772,0.93542266,0.82240826,0.71341425,0.9478275,0.74276656,0.92370665,0.83422005,0.819885,0.9375177,0.9086586,0.92574173,0.8818072,0.74089307
10.0,0.5671837,0.4095924,1.0262945,-0.6370599,0.4725823,-0.1420201,-0.23780307,0.06706855,-0.70665926,-1.3894426,0.20716667,1.2340945,-0.26845902,0.7783813,0.6915325,0.124469794,0.26853728,0.11905932,0.5616979,-1.27097,0.6626798,0.8469283,0.3980927,0.61459345,0.68588775,0.81163543,0.72726667,0.8067227,0.604586,0.3326319,0.80487466,0.3242288,0.73669356,0.6346353,0.52998614,0.80534124,0.76645154,0.8754178,0.5754668,0.4050402
8.0,-0.16837326,-0.15970212,-0.2673593,0.26826173,-0.22931421,0.021760112,0.1992055,-0.07496775,0.26828098,0.2969143,-0.0857881,-0.37485176,0.08282291,-0.10762997,-0.16068183,0.035793707,-0.11684109,-0.07640793,-0.14879374,0.37730885,0.8876664,0.9056235,0.8421908,0.912229,0.8799239,0.9051708,0.9472162,0.9381936,0.8616638,0.8148586,0.98958737,0.8724814,0.95519626,0.8370204,0.8848926,0.9155473,0.92601657,0.92502296,0.92341655,0.80592793
8.0,-0.32693994,-0.39727157,-0.4905322,0.3693237,-0.39936593,0.03782694,0.34484386,-0.14200462,0.5063859,0.6518967,-0.15004282,-0.6687262,0.24654476,-0.40247613,-0.2693462,-0.020438619,-0.20682855,-0.15077806,-0.2791934,0.77487415,0.92175114,0.85898155,0.9195287,0.97801894,0.84485084,0.9160556,0.92396975,0.91361856,0.88759685,0.88546515,1.0200065,1.0015608,0.96855605,0.79827285,0.9046357,0.82871544,0.9136183,0.90293443,0.93674386,0.83488667
11.0,0.69152474,0.49842265,1.3607833,-0.86031663,0.6664096,-0.14721641,-0.24562985,0.10293521,-0.8897409,-1.7615662,0.24493797,1.5894356,-0.32652298,0.91847724,0.88020396,0.09388147,0.2937008,0.15128511,0.7380841,-1.5950348,0.60450333,0.8373803,0.3285011,0.58057994,0.60721666,0.80132,0.63701177,0.78424424,0.5647625,0.2685502,0.7766888,0.25435612,0.69661033,0.56966287,0.4653318,0.7620596,0.7622039,0.874065,0.49937892,0.3473082
6.0,-0.12091412,-0.109297186,-0.19834907,0.23231107,-0.21001403,0.018991437,0.15734956,-0.07690774,0.2127001,0.21631412,-0.06885061,-0.29968634,0.05910938,-0.06474729,-0.132773,0.04475688,-0.08614432,-0.06515143,-0.11572012,0.30153367,0.8540251,0.91299635,0.84302974,0.8820791,0.8787978,0.92615646,0.94329226,0.9412922,0.8747592,0.78527284,0.9866874,0.8214122,0.94277275,0.8408987,0.8813115,0.9364913,0.94047725,0.9304268,0.8939959,0.7823389
10.0,0.4306113,0.32368502,0.72174925,-0.40680516,0.29490593,-0.12027654,-0.18339548,0.03981252,-0.5152382,-1.0086416,0.15476048,0.87918365,-0.2318799,0.64724207,0.4870708,0.12999141,0.20903088,0.08581575,0.39556468,-0.9438299,0.71923023,0.87879217,0.4836436,0.65885496,0.7567128,0.8355347,0.80508846,0.85121745,0.66585255,0.4203425,0.8470691,0.40944383,0.7839817,0.6997003,0.6053795,0.8640315,0.805501,0.8857998,0.65771776,0.48696473
4.0,-0.0019402606,0.0046692695,-0.029095642,0.12653871,-0.098034576,-0.01692239,0.07642181,-0.026543528,0.04402916,-0.030808304,-0.021632228,-0.058009017,-0.036249965,0.13634765,-0.012605164,0.08904578,-0.024528649,-0.019278232,-0.017456532,0.011570871,0.8467663,0.92415434,0.759217,0.83915865,0.884017,0.90649337,0.94191283,0.9388739,0.8340334,0.7165399,0.95541763,0.7400487,0.92324877,0.8365613,0.8284991,0.94622123,0.91908544,0.92809695,0.8758031,0.7419683
8.0,-0.31575188,-0.37819222,-0.47373754,0.3618257,-0.3888849,0.038092148,0.33233547,-0.1381672,0.4898507,0.62660015,-0.14541815,-0.649442,0.23614854,-0.38476756,-0.26351747,-0.017022952,-0.19888763,-0.14512324,-0.26986203,0.7495551,0.9152364,0.86237925,0.91809535,0.97056955,0.8468581,0.9180509,0.9263799,0.9160109,0.8892206,0.87904865,1.0179815,0.9887597,0.9673214,0.80221844,0.90580964,0.83705884,0.91772246,0.90603817,0.9328331,0.8311082
10.0,0.3587471,0.2582507,0.5494065,-0.29860255,0.20538524,-0.11711763,-0.15091217,0.040527422,-0.41257998,-0.81423193,0.12501095,0.6956161,-0.2058107,0.56224656,0.40534902,0.15615226,0.17329052,0.076332875,0.30836016,-0.777427,0.75126207,0.8776194,0.52971923,0.67929125,0.79339445,0.8403125,0.8507329,0.86177146,0.6937614,0.46694607,0.8538559,0.47019202,0.8087392,0.73503315,0.6440434,0.8712944,0.8169958,0.8948323,0.70458484,0.5296375
6.0,-0.0649265,-0.05723031,-0.12454337,0.17756072,-0.14143041,-0.0044300403,0.12319407,-0.037572812,0.1280247,0.0914077,-0.04684697,-0.17654565,0.008105326,0.050070096,-0.06438203,0.07126808,-0.060929623,-0.037255824,-0.06754141,0.1424348,0.86865896,0.9171112,0.78587717,0.87222266,0.88728076,0.9028115,0.9484369,0.9379095,0.84125686,0.75562084,0.9644442,0.7962673,0.93934846,0.8386587,0.8475578,0.93511355,0.91659015,0.9265935,0.90312296,0.7707378
5.0,-0.09886058,-0.07627802,-0.16948974,0.23383316,-0.22602804,0.02698511,0.12685402,-0.10499259,0.19642577,0.19177553,-0.06611006,-0.2862473,0.062972635,-0.083891064,-0.13929191,0.03485726,-0.06665033,-0.06859238,-0.10663052,0.29838872,0.81161577,0.91410965,0.8724987,0.8538744,0.8713448,0.9582849,0.93341047,0.94607747,0.8981373,0.77230763,0.9891342,0.7824819,0.93092555,0.83855784,0.88905084,0.95817137,0.9573594,0.93585896,0.86212087,0.76393354
1.0,-0.25412828,-0.2815031,-0.3861154,0.32231566,-0.32842985,0.036296524,0.27048144,-0.11646301,0.39967236,0.4904985,-0.1208122,-0.5416201,0.17706327,-0.2810381,-0.22679359,0.0024048388,-0.16011545,-0.11611711,-0.22025141,0.60523313,0.890991,0.88098484,0.8998432,0.9395972,0.8595553,0.9227201,0.93682957,0.92700446,0.8895082,0.84990054,1.0072637,0.9309477,0.961272,0.82065386,0.90523463,0.8771602,0.9306118,0.9184138,0.92051834,0.8164203
9.0,0.037713856,0.034408063,0.022741042,0.08810615,-0.06093382,-0.033558287,0.050428867,-0.008162284,-0.0107230395,-0.112673536,-0.0077984743,0.023662582,-0.06310939,0.19797713,0.03598843,0.1074097,-0.002799537,-0.003582513,0.015095983,-0.08643772,0.84615976,0.91872513,0.7270738,0.82122535,0.88108534,0.8939945,0.94199336,0.9322685,0.81313956,0.6901396,0.93896466,0.71476257,0.9146111,0.8298665,0.80455685,0.9360215,0.90382594,0.9247143,0.86811054,0.7230518
11.0,0.60876024,0.446297,1.148462,-0.7136116,0.5450083,-0.14270185,-0.24360871,0.075512856,-0.7739049,-1.521695,0.220602,1.3607306,-0.28564867,0.82961434,0.753569,0.10945892,0.2795671,0.1281363,0.6238739,-1.3811624,0.6409368,0.8451042,0.37249303,0.60458213,0.65694886,0.81216764,0.6958865,0.7996133,0.58932495,0.3085577,0.79831463,0.29624116,0.7234928,0.61169636,0.50666165,0.7941807,0.76502866,0.87298566,0.5483742,0.38381818
3.0,-0.04278401,-0.031497885,-0.08789724,0.16361775,-0.13307568,-0.0042786673,0.10431764,-0.04080129,0.10004496,0.051946376,-0.0375003,-0.14000896,-0.0069862516,0.07367385,-0.05447881,0.074330285,-0.046772737,-0.033713836,-0.05100966,0.10671915,0.85270846,0.922858,0.78560054,0.8567623,0.885262,0.91134876,0.94397664,0.941094,0.8469929,0.7420157,0.9662,0.77016914,0.931609,0.8401755,0.8471263,0.9459765,0.92590994,0.9292859,0.8866068,0.759285
9.0,-0.21381621,-0.22185653,-0.3312297,0.29649812,-0.2766739,0.029697692,0.23721948,-0.09360265,0.3358383,0.3956939,-0.103985935,-0.46203548,0.1301259,-0.19320762,-0.1949801,0.017928045,-0.14059187,-0.09548152,-0.18637837,0.49208754,0.8935338,0.8942675,0.8691979,0.9311074,0.8715471,0.9118687,0.9434341,0.93290067,0.87425756,0.83613396,0.9981921,0.9072683,0.9603421,0.82999605,0.8957184,0.89736444,0.92620933,0.9218515,0.92761284,0.81526595
2.0,0.69436145,0.49718758,1.3596452,-0.86310184,0.6652037,-0.14872575,-0.24755421,0.104605116,-0.89120936,-1.7653981,0.2460125,1.5921761,-0.3263358,0.9174257,0.88473976,0.09684141,0.29550353,0.15236485,0.7388886,-1.5997504,0.60461974,0.83567077,0.3276178,0.57870764,0.60762215,0.79925156,0.6359429,0.7827734,0.5638879,0.26740828,0.7742591,0.25425333,0.6960473,0.5687969,0.46481362,0.75866914,0.7604161,0.87558526,0.49803695,0.34558392
1.0,-0.22932349,-0.24457088,-0.35161284,0.30701068,-0.30010068,0.033483006,0.24864867,-0.10527503,0.36184895,0.4342473,-0.110553265,-0.49498206,0.15011668,-0.23225823,-0.2093383,0.011318445,-0.14682429,-0.10433581,-0.19978298,0.5408317,0.8880055,0.8888352,0.88544214,0.93120736,0.86569035,0.9194514,0.94029826,0.93085974,0.8837145,0.84011763,1.0027509,0.9128562,0.95957774,0.8268347,0.9014337,0.8906704,0.9311789,0.9214113,0.92056835,0.81340873
5.0,-0.1763432,-0.16910055,-0.28339761,0.27224097,-0.22355156,0.018240366,0.20909786,-0.06696339,0.27508965,0.3060337,-0.090061836,-0.38265854,0.08527653,-0.10448362,-0.15852498,0.03526296,-0.12518589,-0.07549914,-0.15447621,0.37675923,0.9046901,0.9033414,0.83146876,0.9266288,0.8833728,0.8939893,0.95030963,0.93632483,0.8499986,0.8241628,0.984999,0.8921002,0.96149766,0.8337023,0.87881196,0.90825164,0.9126135,0.9214368,0.94150096,0.81642807
5.0,-0.25358763,-0.316537,-0.39834598,0.30217972,-0.39950052,0.041768383,0.26321784,-0.14918484,0.43712693,0.53988314,-0.13349356,-0.5708479,0.23795728,-0.3775738,-0.22662114,-0.013678379,-0.15458404,-0.13215545,-0.2417132,0.686275,0.846361,0.8627283,0.9608461,0.9297487,0.8449925,0.98231447,0.933599,0.916273,0.94214284,0.8366153,0.9956852,0.9190245,0.9545348,0.8045504,0.9073709,0.8704974,0.94130874,0.91850305,0.88747346,0.79556525
7.0,-0.41377777,-0.6168875,-0.62342036,0.38206497,-0.62591434,0.02742376,0.43967882,-0.225742,0.70536435,0.95890516,-0.20223418,-0.8533581,0.42431298,-0.71443903,-0.3179861,-0.061308973,-0.27191222,-0.23816144,-0.3753433,1.1411086,0.8914843,0.8033315,1.0284207,0.9909587,0.8029472,0.98263633,0.8845923,0.8779283,0.9569083,0.88210076,1.0269377,1.0546559,0.9592193,0.7301134,0.89187485,0.73434263,0.9200448,0.8650753,0.875727,0.8092649
5.0,-0.27141365,-0.31793454,-0.41336074,0.3294578,-0.38346985,0.04424562,0.27864835,-0.14402938,0.44064298,0.55410933,-0.13380843,-0.5928445,0.22345182,-0.3661994,-0.24739087,-0.012072802,-0.16180417,-0.13342765,-0.2414601,0.6965041,0.863182,0.8676563,0.9449331,0.9284487,0.8467842,0.9515887,0.9302352,0.9226562,0.9214414,0.84690845,1.0094267,0.9253055,0.95427895,0.811063,0.9145746,0.8676933,0.94266486,0.91918606,0.8940954,0.801598
6.0,-0.18494208,-0.18137202,-0.29444417,0.2967763,-0.3082329,0.042719446,0.19185561,-0.13368304,0.32034987,0.3726975,-0.10227379,-0.45236862,0.14073174,-0.2346606,-0.20517333,0.0113115795,-0.10834885,-0.10139909,-0.17468295,0.50479746,0.8230295,0.8913647,0.9234942,0.8777797,0.85914797,0.961074,0.93277687,0.93803364,0.91644806,0.8114028,1.0020839,0.8419336,0.9406553,0.83114606,0.91192687,0.9220565,0.96050286,0.9327407,0.8683346,0.77887464
9.0,-0.09674223,-0.08231184,-0.17291701,0.21022978,-0.15837109,0.0014149566,0.14664203,-0.041042473,0.16560814,0.14773993,-0.05993676,-0.23361373,0.022551356,0.017542373,-0.0915719,0.06370518,-0.08046067,-0.04634729,-0.09167457,0.19907492,0.8854042,0.91416454,0.7930255,0.8883459,0.8894243,0.89204764,0.9516472,0.938884,0.83678204,0.77770936,0.96797585,0.8264449,0.9468834,0.83824956,0.8551301,0.9276552,0.9114318,0.9247908,0.9206061,0.78752893
2.0,0.28520998,0.2123183,0.4192708,-0.19520277,0.1357324,-0.09986648,-0.10833161,0.031577528,-0.3215659,-0.63953876,0.09421546,0.5328181,-0.18220323,0.4889727,0.31143722,0.15211675,0.13447256,0.059734248,0.23468465,-0.61711955,0.77477914,0.89332026,0.5775413,0.708307,0.82069576,0.858483,0.8800507,0.8848605,0.7274269,0.5183489,0.8757896,0.5223727,0.83540326,0.76395357,0.683844,0.8949605,0.8440516,0.9043709,0.74563897,0.5767012
4.0,0.37847176,0.27252153,0.58820033,-0.3275464,0.22591615,-0.1207163,-0.1616554,0.041882224,-0.43785086,-0.8636841,0.13296027,0.7415675,-0.21225409,0.5826453,0.42994028,0.15495488,0.18294284,0.0802527,0.32918382,-0.82125825,0.7441823,0.87439156,0.5169028,0.67193156,0.7849309,0.8360085,0.84137005,0.8560035,0.6845481,0.45367002,0.8490588,0.4554917,0.80125874,0.7263654,0.6336574,0.86554515,0.8105249,0.8922341,0.69284993,0.51728106
4.0,-0.08680761,-0.073572114,-0.15043448,0.20277339,-0.17608632,0.01002568,0.1339986,-0.06051265,0.16261765,0.14380495,-0.054943554,-0.23062575,0.029190194,-0.002728019,-0.100118354,0.05665738,-0.069170564,-0.051127575,-0.087688,0.21637127,0.8541648,0.9190286,0.8181558,0.8723304,0.8830046,0.9195822,0.943919,0.94224846,0.8637241,0.76749545,0.97816265,0.799505,0.93823415,0.84206563,0.8676084,0.9434894,0.9345495,0.93056995,0.8923243,0.77378875
7.0,-0.2087697,-0.21557441,-0.3219197,0.29634458,-0.2882045,0.033662394,0.22772613,-0.104865916,0.3352567,0.39558738,-0.10310266,-0.4628626,0.13457905,-0.20842916,-0.1999755,0.016843919,-0.13279308,-0.098305784,-0.18423072,0.50350004,0.8734161,0.8933248,0.8855651,0.9152266,0.86672425,0.9256072,0.9403429,0.9340479,0.8878098,0.82810354,1.0015136,0.88865435,0.9544696,0.8311759,0.9021419,0.9024773,0.939059,0.9251602,0.90824527,0.8038856
8.0,-0.37360904,-0.5004717,-0.55809885,0.38362727,-0.49304718,0.036783762,0.3945585,-0.17869137,0.59801173,0.7946725,-0.17397775,-0.76258856,0.3256994,-0.5418054,-0.29744315,-0.040404327,-0.2360486,-0.18800536,-0.32348913,0.94400036,0.91309965,0.83440095,0.9637895,0.9848594,0.8250203,0.9383445,0.9053673,0.8976032,0.9137004,0.8891743,1.0292449,1.0275925,0.96329737,0.77151257,0.90299,0.7859816,0.91493523,0.88835984,0.9127816,0.8238458
9.0,-0.18597366,-0.18534708,-0.29080424,0.27975225,-0.26140386,0.029497204,0.21029702,-0.092488945,0.29986963,0.34402075,-0.09362739,-0.41768008,0.11010509,-0.16120374,-0.18104386,0.025016509,-0.121943936,-0.08751088,-0.16542584,0.44237518,0.8748884,0.90027714,0.8684073,0.91071916,0.8727606,0.9200383,0.9430024,0.93664473,0.880016,0.819332,0.996415,0.87534434,0.9530374,0.8353293,0.8957885,0.91235137,0.9359631,0.92646265,0.91118145,0.8021468
9.0,-0.19266924,-0.21126121,-0.30657297,0.2773562,-0.31255478,0.03809321,0.20797402,-0.12135718,0.33185866,0.38823745,-0.1035585,-0.45484328,0.15589651,-0.24010065,-0.1935913,0.008958537,-0.117080845,-0.10033264,-0.18335831,0.5149882,0.8399398,0.88757575,0.9158871,0.9006879,0.86019367,0.9610763,0.9378565,0.9317231,0.91831046,0.8141482,0.9948298,0.86577207,0.9466734,0.8266387,0.903599,0.91125906,0.9477697,0.9294549,0.885034,0.78679675
11.0,0.6433611,0.4748464,1.2518651,-0.7782548,0.60600626,-0.14272098,-0.2441932,0.08440243,-0.8285235,-1.6312352,0.23078318,1.4663656,-0.30305234,0.87311375,0.8061115,0.09719237,0.28529862,0.13675022,0.6767101,-1.4747447,0.6227895,0.84406364,0.35241833,0.5963694,0.6326094,0.81177044,0.6695624,0.7943542,0.5780215,0.2902659,0.79240024,0.2751938,0.712172,0.5928075,0.4876402,0.7846932,0.765671,0.8712484,0.5266702,0.36807376
1.0,-0.28164554,-0.32709944,-0.42523625,0.3368546,-0.36459503,0.0388396,0.29585308,-0.1304678,0.44383729,0.55731386,-0.13298422,-0.5943718,0.21115409,-0.34110704,-0.24524389,-0.008337587,-0.17512946,-0.1307739,-0.24400213,0.68250644,0.8929074,0.8709877,0.9180181,0.948811,0.8519008,0.9285007,0.93184865,0.92160577,0.89806736,0.85940945,1.0118811,0.9507846,0.96216816,0.8118643,0.9083065,0.8600736,0.929477,0.9141289,0.9184867,0.8181054
1.0,-0.21838209,-0.23563054,-0.34474903,0.31247547,-0.3578575,0.047870073,0.21770933,-0.1517699,0.37710643,0.45389792,-0.11922437,-0.5201961,0.18877788,-0.31644416,-0.22678526,-0.0036473535,-0.123580545,-0.11807463,-0.20640516,0.6018812,0.81952065,0.8761585,0.95520395,0.88741344,0.84907275,0.97681373,0.9304008,0.9314049,0.93469363,0.82184,1.0021032,0.86494017,0.94243294,0.81977856,0.9160979,0.90310496,0.9596146,0.9305612,0.864851,0.77920353
5.0,-0.18224551,-0.18189946,-0.28829795,0.2725386,-0.24230057,0.022558585,0.21246117,-0.07815465,0.28983545,0.32738224,-0.09184642,-0.40005714,0.0998117,-0.13356678,-0.16751729,0.030147485,-0.12522008,-0.081180714,-0.16083659,0.41064894,0.89219135,0.9015013,0.84824246,0.9223693,0.8783554,0.90723103,0.94703823,0.93519,0.86456156,0.82207465,0.99055994,0.8869652,0.9585238,0.83387375,0.8860497,0.9085728,0.9228323,0.92309725,0.9286199,0.8104838
3.0,-0.13360435,-0.12285119,-0.21975267,0.23851976,-0.20034087,0.014611358,0.1727528,-0.06268586,0.22102433,0.22801475,-0.07277178,-0.3099039,0.057103585,-0.05457044,-0.13072795,0.046750914,-0.09805593,-0.063183285,-0.12200147,0.2998948,0.88041395,0.91135526,0.8252942,0.8994201,0.8839492,0.90559727,0.9481798,0.9392906,0.8571094,0.796022,0.98197395,0.84640265,0.9501293,0.83933187,0.87453836,0.9256624,0.92449653,0.9264592,0.91720885,0.79541576
11.0,0.14683445,0.12975872,0.20822412,-0.020816125,0.015356533,-0.053987946,-0.02247402,-0.00019377097,-0.15078294,-0.33506954,0.04018689,0.24168022,-0.122972034,0.33073628,0.13359056,0.11724537,0.058877986,0.020949189,0.10958812,-0.30856198,0.80373436,0.92733204,0.6768468,0.7717463,0.8602349,0.90123624,0.91165763,0.92765063,0.7980197,0.61880744,0.925598,0.61844355,0.88347316,0.80907166,0.7634086,0.9474089,0.90122855,0.92261875,0.80969894,0.6647599
5.0,-0.35232982,-0.4549472,-0.52669454,0.37436333,-0.45660457,0.038190372,0.37037903,-0.16460562,0.55909854,0.7337022,-0.1637786,-0.7223259,0.2948546,-0.48753232,-0.28567153,-0.032342665,-0.22123095,-0.17214781,-0.30422997,0.87542593,0.9106187,0.84437877,0.9503983,0.9783198,0.83256435,0.93357897,0.9137779,0.9043777,0.9076182,0.88456744,1.0249683,1.0110542,0.96460414,0.783181,0.9056037,0.80572414,0.9178814,0.8956805,0.91819584,0.8252275
10.0,0.45145217,0.33679315,0.76484555,-0.4405992,0.31991258,-0.12428631,-0.1934452,0.043197237,-0.5431978,-1.0643276,0.1629369,0.9307542,-0.23732072,0.66737413,0.51705885,0.12979999,0.21893324,0.09069058,0.41941532,-0.992087,0.71135926,0.87337834,0.4699362,0.6515675,0.74660236,0.8308999,0.7946998,0.8438129,0.65562195,0.4061855,0.8405075,0.39572552,0.7763689,0.69022816,0.5936458,0.8552754,0.7980722,0.88322383,0.6454691,0.47383872
9.0,-0.4571056,-0.82832855,-0.7151445,0.3762617,-0.9281815,0.0038166987,0.48719668,-0.34123653,0.9107623,1.2254938,-0.25631204,-1.0088919,0.5995097,-1.0474949,-0.34408638,-0.104550384,-0.34142777,-0.3411148,-0.4890984,1.4863975,0.8278489,0.7319967,1.1984662,1.0076033,0.7530998,1.1279849,0.845251,0.84896994,1.0660686,0.8601027,0.984412,1.1581352,0.94558936,0.63907856,0.8368274,0.65357983,0.9341532,0.8226337,0.79640675,0.802026
7.0,-0.26556468,-0.3042134,-0.40299097,0.32601744,-0.35420126,0.039099798,0.2790972,-0.12803932,0.42289162,0.52589536,-0.12742612,-0.5690719,0.20003693,-0.32182384,-0.23667394,-0.004482642,-0.16412199,-0.12474998,-0.23232925,0.6519169,0.8824063,0.8745797,0.9181784,0.93872696,0.8538115,0.93388766,0.9336848,0.92398393,0.90214205,0.85064584,1.0091915,0.9336356,0.9594428,0.81572044,0.9088519,0.87021834,0.9344678,0.91753745,0.91153485,0.8119803
5.0,-0.2347372,-0.24001613,-0.36387512,0.31894028,-0.2746656,0.028374711,0.25759625,-0.088534705,0.35563177,0.42456213,-0.111963786,-0.49073738,0.13284862,-0.19667983,-0.2050783,0.015140329,-0.15737832,-0.09934466,-0.20069458,0.5088877,0.91984606,0.8915455,0.8572112,0.9520072,0.8741316,0.8934014,0.9457745,0.9326193,0.85646814,0.8560838,0.997106,0.9405276,0.9692611,0.82597184,0.89167917,0.8860037,0.91084874,0.917029,0.9529414,0.8337727
1.0,-0.2632721,-0.294244,-0.39904854,0.3286368,-0.3349902,0.03658538,0.27950585,-0.11828503,0.41176537,0.5086103,-0.12418263,-0.5567579,0.18402869,-0.29315943,-0.23211326,-0.00017186627,-0.16600856,-0.11958703,-0.2271619,0.62354213,0.8961448,0.878829,0.90088826,0.9450589,0.8583875,0.9204694,0.9359574,0.9257891,0.8881063,0.8549501,1.0085764,0.9403791,0.962743,0.8185542,0.90535915,0.8718469,0.92806375,0.91679066,0.924147,0.81973284
2.0,0.6398966,0.46735558,1.2304909,-0.76962745,0.5928736,-0.14474624,-0.24657848,0.084528156,-0.8196308,-1.6144707,0.23022825,1.4493977,-0.29911283,0.8633825,0.8017774,0.10373303,0.28645146,0.13665879,0.6672438,-1.4620994,0.6263888,0.8417577,0.3551167,0.5958237,0.6379784,0.80924356,0.6738957,0.7930289,0.57889336,0.29228407,0.79045165,0.27924958,0.7133799,0.595516,0.49052325,0.78220606,0.76290363,0.8729209,0.52940184,0.36897293
10.0,0.62894213,0.46030292,1.2019333,-0.7491154,0.5759251,-0.1433334,-0.24512273,0.08192759,-0.8040853,-1.5819079,0.22723764,1.4173958,-0.29506284,0.8522198,0.78418905,0.10369693,0.28520918,0.13265494,0.6529078,-1.4333347,0.63205594,0.8438324,0.3610513,0.5991063,0.6441293,0.81078786,0.6807188,0.7967658,0.5836115,0.2979576,0.7938164,0.28478447,0.7175829,0.6016374,0.4959295,0.78739387,0.7650606,0.8733909,0.53592956,0.3740668
3.0,0.21103573,0.16697866,0.30107564,-0.09894057,0.07179096,-0.07812421,-0.062639736,0.019112375,-0.23132506,-0.47369635,0.06442968,0.3762946,-0.15412712,0.41016912,0.21821108,0.13966024,0.09437497,0.041051805,0.16617139,-0.45605814,0.7941481,0.9104354,0.62760216,0.7411715,0.84428805,0.878708,0.90165025,0.9077357,0.76253194,0.5716036,0.90035665,0.5750108,0.8618066,0.78970337,0.72480965,0.9199714,0.8729019,0.91397697,0.78327423,0.6243203
2.0,-0.18466388,-0.18405071,-0.29296362,0.27474612,-0.24124557,0.022433564,0.21507153,-0.07644409,0.29158878,0.33000118,-0.0927619,-0.40339506,0.099975936,-0.13301638,-0.16826947,0.029408637,-0.12728585,-0.081181645,-0.16252308,0.4117756,0.8966709,0.9013657,0.8458843,0.9259297,0.8792855,0.9038581,0.9474143,0.93513215,0.861916,0.8248553,0.9897439,0.8919873,0.95977956,0.833569,0.8851601,0.90739304,0.9197656,0.92251986,0.9330779,0.8133195
6.0,-0.098627344,-0.08850551,-0.1745865,0.20720586,-0.16455954,0.0031097694,0.14863086,-0.04421733,0.17129032,0.15490855,-0.060156308,-0.2395908,0.029683411,0.006267123,-0.09363612,0.06032193,-0.080654904,-0.04783865,-0.09389971,0.21146876,0.881618,0.91413313,0.7987893,0.88973504,0.8883016,0.89791065,0.95013076,0.9382113,0.84330004,0.77748,0.96985567,0.8263281,0.9467784,0.8387297,0.8575181,0.92901665,0.9144289,0.92546296,0.9176064,0.7863814
7.0,-0.10841174,-0.09733791,-0.18321478,0.21755306,-0.18434986,0.010665705,0.15281555,-0.058449898,0.18884984,0.18121871,-0.06311198,-0.26510614,0.041110568,-0.023003,-0.111477025,0.053562,-0.08317877,-0.055481523,-0.10303365,0.2507723,0.8695479,0.9150535,0.8180766,0.88661283,0.88437426,0.91060954,0.94704705,0.94018245,0.8580207,0.7807196,0.9785834,0.82342106,0.94471866,0.84068274,0.86903286,0.93351823,0.92753595,0.9280949,0.9066704,0.78475505
9.0,-0.23513165,-0.27260607,-0.36515778,0.2964762,-0.33744234,0.036434915,0.252534,-0.1210182,0.38768077,0.4713001,-0.11813149,-0.51936454,0.1863507,-0.28855836,-0.2125519,0.0012629591,-0.14710808,-0.1135317,-0.21400738,0.59531957,0.8688743,0.8793647,0.9153275,0.93111384,0.85829604,0.9469445,0.93796086,0.9244426,0.90995985,0.836241,1.0001416,0.91215205,0.95707583,0.81911135,0.90401125,0.88480455,0.9358961,0.9207114,0.90626377,0.80443656
4.0,0.1903672,0.15320653,0.26719198,-0.073579706,0.0546536,-0.07264818,-0.050065123,0.015661854,-0.20554313,-0.42847085,0.055557206,0.33293402,-0.14530955,0.3867045,0.19408053,0.13724355,0.0828276,0.035960257,0.14699051,-0.41148347,0.7997943,0.9130173,0.6407754,0.7498544,0.85004056,0.88240623,0.90801907,0.9121708,0.7701089,0.58619344,0.90592426,0.59049416,0.8683502,0.79600585,0.7357595,0.9240731,0.8787668,0.9160026,0.7937371,0.6369717
8.0,-0.22461496,-0.23638842,-0.34592944,0.30417863,-0.28793555,0.031271186,0.24624902,-0.09837958,0.3517619,0.4191191,-0.108211875,-0.4823206,0.14056492,-0.2130059,-0.20324184,0.014251411,-0.14626817,-0.100309156,-0.19503999,0.5188763,0.8948614,0.8913305,0.8752261,0.9345645,0.8690974,0.91293836,0.9422004,0.93166214,0.8764506,0.8408141,1.0004835,0.9149448,0.96126264,0.8279754,0.89799196,0.89233625,0.9264888,0.9208871,0.92783815,0.81701314
2.0,0.6085874,0.45090646,1.1577498,-0.7164597,0.5520059,-0.14196754,-0.24300176,0.07315736,-0.776695,-1.5271461,0.21960323,1.3677347,-0.28545317,0.83294785,0.75334024,0.10740872,0.27686673,0.12845254,0.62615734,-1.383789,0.6384187,0.84582597,0.3718768,0.6055477,0.65485215,0.81445146,0.6957472,0.7989812,0.58756256,0.30803043,0.79999465,0.29456493,0.72272724,0.6101899,0.50616115,0.7959501,0.7650097,0.871043,0.54789656,0.38416758
2.0,0.12682158,0.10932402,0.16862708,-0.00063277036,0.0026625618,-0.053250045,-0.009701647,0.0024272958,-0.12514782,-0.29299882,0.03016732,0.20136888,-0.11393225,0.30916843,0.12005548,0.123055,0.04767179,0.018554531,0.09106693,-0.27147162,0.81456065,0.92198026,0.6830887,0.7791727,0.8654762,0.89567405,0.92195684,0.9258778,0.7963927,0.631034,0.9248824,0.6380625,0.88870096,0.81384546,0.7695748,0.93906426,0.8981446,0.9221592,0.8228468,0.6750797
10.0,0.19885476,0.15207097,0.27083305,-0.08579885,0.06204234,-0.07968866,-0.055874027,0.022038464,-0.21455154,-0.4451065,0.057252623,0.34848315,-0.14652996,0.39379966,0.21177912,0.14615498,0.08796956,0.04051344,0.1526287,-0.43180287,0.8014916,0.9039636,0.63163924,0.7442707,0.8475985,0.874831,0.91062194,0.9049756,0.7609881,0.5784512,0.8969207,0.5886567,0.86540055,0.7933953,0.72768974,0.9126255,0.868894,0.91375875,0.79273224,0.6301287
8.0,-0.42349964,-0.6690208,-0.64920676,0.37419286,-0.7092942,0.022784675,0.44775942,-0.25687385,0.757542,1.0330013,-0.21772507,-0.89459133,0.4781731,-0.8108656,-0.3237601,-0.0743718,-0.28627983,-0.26505548,-0.40495396,1.2394816,0.8679387,0.7851365,1.0798188,0.99363637,0.7915191,1.0255666,0.8779677,0.8699952,0.9939486,0.87486833,1.013247,1.0699338,0.9563171,0.7059114,0.8833649,0.71348584,0.9257313,0.8545422,0.8521227,0.803216
4.0,-0.10036426,-0.0879037,-0.17411065,0.21134788,-0.16969067,0.0056861714,0.14832321,-0.049189925,0.17433572,0.16009137,-0.060279578,-0.24488603,0.03004402,0.0006952062,-0.09965618,0.05930047,-0.0806357,-0.050165556,-0.0953782,0.22035544,0.87671167,0.91539776,0.8045994,0.88666075,0.88703823,0.9018343,0.94910944,0.9396619,0.84763145,0.77768636,0.9734841,0.8227676,0.9453144,0.8398633,0.86179703,0.93147516,0.92022306,0.9266436,0.91255194,0.7852168
1.0,-0.22464432,-0.23323292,-0.34287235,0.31640315,-0.32052034,0.039996598,0.23353457,-0.12670994,0.36609304,0.44022822,-0.11201008,-0.5045272,0.15807623,-0.26259398,-0.22176987,0.009715933,-0.13596149,-0.11077615,-0.19862355,0.56499505,0.85500014,0.88542587,0.9141168,0.9028262,0.857087,0.93992376,0.9344204,0.93300796,0.9023321,0.82984304,1.0084069,0.8838535,0.9510649,0.8274895,0.9121585,0.89691585,0.9518547,0.9262396,0.88886845,0.7955034
3.0,-0.09922503,-0.085883714,-0.1709406,0.21165541,-0.17229617,0.007222615,0.14642066,-0.05229881,0.1738752,0.1597984,-0.059588075,-0.24497679,0.029999893,-0.001655981,-0.101867154,0.05860019,-0.07913774,-0.05109956,-0.09486942,0.22306849,0.8721588,0.91638964,0.8083528,0.88373595,0.886142,0.90530914,0.94802934,0.940497,0.85123765,0.7764434,0.9754024,0.8185043,0.9438511,0.8406829,0.8641184,0.9339278,0.9241376,0.92757976,0.9081562,0.78332657
6.0,-0.12704718,-0.11682598,-0.21032493,0.23235014,-0.19652027,0.013501332,0.16766462,-0.061617177,0.21301393,0.21622993,-0.070324644,-0.29835492,0.05368036,-0.04716001,-0.1254192,0.048418596,-0.09416041,-0.06115447,-0.117181346,0.2877127,0.8773288,0.9121631,0.82372624,0.8962748,0.8840073,0.90746605,0.9479366,0.93932694,0.8577943,0.791871,0.9810354,0.84045005,0.94879556,0.8396214,0.8730863,0.92761606,0.9253231,0.926869,0.914358,0.7925013
2.0,0.043788202,0.0425736,0.038083635,0.0832653,-0.06144552,-0.030708175,0.045502253,-0.013293922,-0.017180584,-0.12290698,-0.0037105456,0.03331898,-0.06588969,0.20114557,0.034732368,0.103765644,0.0010973252,-0.004448712,0.020224724,-0.091123864,0.8375531,0.923831,0.73126185,0.8180243,0.8797449,0.9019267,0.93743205,0.9350575,0.8203678,0.68674225,0.94353116,0.7049745,0.9122094,0.83055484,0.8073941,0.944323,0.9114398,0.9264324,0.85997117,0.71982086
11.0,0.7016376,0.50455874,1.3873136,-0.87823147,0.6809715,-0.14713444,-0.24403244,0.107175276,-0.90295595,-1.7901921,0.24778362,1.616564,-0.3333389,0.93004185,0.89542353,0.09106386,0.2940083,0.15406302,0.7525744,-1.6211581,0.6003002,0.8367856,0.32345414,0.5778302,0.6005536,0.79955596,0.6295633,0.7830905,0.56251144,0.2642718,0.77426296,0.2496193,0.693177,0.5647003,0.46036434,0.758456,0.7629641,0.87406117,0.49372467,0.34363028
5.0,-0.24696803,-0.27368355,-0.37729535,0.31503147,-0.32268974,0.0355029,0.2647467,-0.113532975,0.39027384,0.47667155,-0.11848988,-0.5292153,0.17273855,-0.2708337,-0.22083104,0.0039044656,-0.1563768,-0.11303369,-0.21545187,0.59016436,0.88940936,0.88274074,0.89743197,0.9388063,0.86143917,0.92393166,0.9380125,0.9273389,0.8900555,0.8470018,1.0052567,0.926609,0.96085405,0.8217926,0.90391445,0.8807196,0.9301108,0.9190139,0.9207526,0.81544346
7.0,-0.16460426,-0.16117248,-0.26201224,0.26067692,-0.23604141,0.023026748,0.19563513,-0.07946503,0.26838762,0.29687715,-0.08502661,-0.3732639,0.08954953,-0.117719576,-0.15934041,0.033584394,-0.11272979,-0.077113934,-0.14810534,0.38397634,0.8779227,0.90497035,0.850389,0.90842634,0.8778634,0.9150787,0.9455993,0.9372903,0.8711484,0.81022483,0.99025655,0.86521167,0.9527941,0.83698213,0.8867287,0.91802657,0.9306868,0.92628974,0.91525763,0.8004434
3.0,-0.010463512,-3.478164e-05,-0.03932317,0.13707294,-0.107296064,-0.012583744,0.0810349,-0.033051133,0.05623831,-0.012215871,-0.024798973,-0.076607175,-0.030875502,0.12151569,-0.025285996,0.08498533,-0.0289733,-0.02357329,-0.02470912,0.034606256,0.8444239,0.9255861,0.7681715,0.8412558,0.8839927,0.91050464,0.94145185,0.9406894,0.83924,0.722335,0.9601574,0.7435821,0.9243081,0.8377952,0.83510256,0.94915205,0.9241448,0.9289687,0.8753317,0.74553066
9.0,-0.36026916,-0.5008385,-0.54810715,0.3581862,-0.54251486,0.039804522,0.37115148,-0.19785917,0.6077351,0.8076994,-0.18015955,-0.76459455,0.35924438,-0.59787774,-0.29376113,-0.047793195,-0.22507668,-0.19674906,-0.33034074,0.9834554,0.8690322,0.8251309,1.0148093,0.96807086,0.81923866,0.98570865,0.9092428,0.89567846,0.9583055,0.86960816,1.0137728,1.0023861,0.9585058,0.7618964,0.9068751,0.7900241,0.93143123,0.89030707,0.8820414,0.805573
9.0,-0.17066658,-0.17056364,-0.27084354,0.26365763,-0.2456824,0.025116187,0.20008805,-0.08386104,0.27886114,0.31218895,-0.08776961,-0.38709033,0.09872854,-0.1342262,-0.1649828,0.02990152,-0.115056515,-0.08032906,-0.1539564,0.40417397,0.875756,0.9030799,0.8575386,0.90994906,0.87605035,0.9189951,0.9446659,0.9364611,0.87620276,0.8124343,0.9915817,0.86838955,0.9527943,0.83613116,0.88931984,0.91646063,0.9321807,0.92643136,0.91353196,0.80035937
4.0,-0.099280454,-0.09063546,-0.1706922,0.20723203,-0.1773203,0.007858354,0.14667127,-0.055156555,0.17755397,0.16397513,-0.059739493,-0.24743892,0.036887016,-0.011254359,-0.10158545,0.056276858,-0.0782657,-0.051958665,-0.09615384,0.23121507,0.8675541,0.91534656,0.81346756,0.88403875,0.88455766,0.9119569,0.9471005,0.93939847,0.85714775,0.77502996,0.97593135,0.8174007,0.9436951,0.8402447,0.8650562,0.9345336,0.92626333,0.92802703,0.9048709,0.7812839
9.0,-0.24001835,-0.26408055,-0.36657983,0.31234893,-0.32583857,0.037273284,0.2550808,-0.118523166,0.38432783,0.4678601,-0.11668462,-0.5225575,0.17202857,-0.27344236,-0.2207763,0.00460919,-0.14931576,-0.112840645,-0.21112248,0.5871948,0.8762635,0.88271105,0.90581065,0.92730963,0.8592375,0.932244,0.93689764,0.92853385,0.89768916,0.8401519,1.0056901,0.9123213,0.95716166,0.82297677,0.9067526,0.885545,0.93774444,0.92159665,0.90879387,0.8076201
8.0,-0.103889525,-0.090389475,-0.17860155,0.21550843,-0.17290857,0.0070048016,0.15052184,-0.05104577,0.17895946,0.16704866,-0.06151276,-0.25193605,0.031796895,-0.0044175573,-0.1039159,0.05816085,-0.08243663,-0.05174353,-0.0981075,0.22859067,0.876785,0.9153849,0.80704355,0.88732576,0.8867691,0.9020012,0.94896543,0.9400559,0.8485459,0.779793,0.97483295,0.8246438,0.94558716,0.84010494,0.8636951,0.9313998,0.92136425,0.92679095,0.91262877,0.7863624
6.0,-0.16747063,-0.16433775,-0.26664412,0.26230344,-0.23480408,0.022256384,0.19895038,-0.07739761,0.27090043,0.30035132,-0.08604061,-0.37620914,0.08991107,-0.11705899,-0.15945376,0.033573195,-0.11535908,-0.07708036,-0.14980541,0.38505006,0.8827497,0.90457386,0.8475047,0.91216236,0.8786843,0.91172206,0.9463511,0.93686336,0.867999,0.8127237,0.98962736,0.8704559,0.95437866,0.836408,0.88557607,0.91593003,0.9277007,0.92539907,0.91975975,0.80323213
7.0,-0.30086076,-0.35354877,-0.45274547,0.35204017,-0.3726627,0.037916556,0.31704718,-0.13176541,0.46713594,0.59224373,-0.13941453,-0.6231142,0.22108214,-0.35780865,-0.25459588,-0.012400605,-0.18946882,-0.13733026,-0.25775212,0.7128545,0.9102106,0.86739784,0.9130528,0.96410394,0.8506849,0.9185154,0.9297825,0.9190203,0.8889224,0.8726597,1.0149409,0.97544986,0.9664126,0.80730206,0.9060387,0.84761983,0.92040384,0.9093759,0.9314494,0.8285493
8.0,0.08963405,0.075717844,0.10171304,0.0371387,-0.022857007,-0.047871757,0.01502692,0.0020581372,-0.07782959,-0.21657728,0.012874329,0.12639228,-0.09352976,0.26474565,0.08875689,0.12190861,0.026827056,0.011175178,0.05790664,-0.19738837,0.8311915,0.91708267,0.6985346,0.7953825,0.8729182,0.8910442,0.9343311,0.92654365,0.7994763,0.65513474,0.92696816,0.6724515,0.8997275,0.82118946,0.78199345,0.9327612,0.89666027,0.9226671,0.84483385,0.6949611
5.0,-0.14707495,-0.13564748,-0.24090415,0.25027832,-0.20364872,0.014838149,0.18449055,-0.06092955,0.23597017,0.24963574,-0.078234665,-0.33085585,0.06287617,-0.06426051,-0.13814138,0.04430071,-0.10740326,-0.06588755,-0.13157769,0.31805718,0.8922429,0.9089952,0.8230863,0.909507,0.8851031,0.8976459,0.94989574,0.9385405,0.8508635,0.8059748,0.98143643,0.8633029,0.9546705,0.83756953,0.8742331,0.9194119,0.9178084,0.9244076,0.9287502,0.80394405
10.0,0.23882267,0.18401998,0.34347805,-0.13395873,0.09557852,-0.08714274,-0.08043545,0.024134211,-0.2649836,-0.53473794,0.074905194,0.43440312,-0.16540748,0.44062787,0.2534496,0.146466,0.1092432,0.048486404,0.19087058,-0.51713026,0.7874729,0.9030618,0.6081194,0.72795707,0.8358263,0.8702372,0.8953371,0.898471,0.7478795,0.55138725,0.890356,0.5553444,0.85152423,0.78008443,0.7092217,0.90919745,0.8609956,0.9100836,0.76987875,0.6063627
1.0,-0.30885023,-0.37158287,-0.46250975,0.35375974,-0.39873624,0.04022938,0.3216306,-0.14421214,0.48654708,0.62225115,-0.14433958,-0.6443828,0.24189058,-0.39711365,-0.26342055,-0.017494023,-0.19057903,-0.14571103,-0.26613095,0.7558274,0.8963501,0.8609951,0.93308556,0.955958,0.8436544,0.93135726,0.92559034,0.9164298,0.9032514,0.8680489,1.017324,0.9698229,0.9625797,0.80255884,0.9099641,0.8416525,0.9282247,0.9092244,0.9156236,0.81919163
3.0,0.04458576,0.04170329,0.0364618,0.08189459,-0.05899491,-0.03262689,0.04549189,-0.010023989,-0.018951155,-0.1253962,-0.003992703,0.03566584,-0.06679632,0.20441929,0.03857207,0.10598911,0.0014063269,-0.0030818675,0.020788986,-0.09615561,0.84064054,0.92188287,0.72761804,0.817916,0.88001925,0.8980891,0.93874806,0.93372786,0.81677765,0.6860095,0.9408234,0.7065096,0.91230655,0.8300684,0.8047648,0.9409713,0.90781516,0.9257242,0.86215466,0.7194932
11.0,0.70305014,0.504557,1.3883662,-0.8800447,0.68140197,-0.1476602,-0.2445373,0.107878424,-0.9041169,-1.7929183,0.24823491,1.618923,-0.3336186,0.9303625,0.8976079,0.09185468,0.29452997,0.15457937,0.7535612,-1.6240431,0.60010606,0.83625257,0.3229091,0.57706803,0.6003397,0.7988164,0.62884396,0.7825484,0.56209266,0.26370347,0.7733722,0.24933335,0.69282687,0.5641308,0.45995346,0.7572345,0.76241046,0.874518,0.49297878,0.34289724
7.0,-0.22668609,-0.24056536,-0.34891835,0.3045583,-0.29242197,0.03194123,0.24788046,-0.10042117,0.35591888,0.4254145,-0.10929465,-0.4873677,0.1447826,-0.22035238,-0.2050758,0.012864839,-0.14692922,-0.10173993,-0.19721434,0.5274255,0.89329696,0.8903732,0.8785435,0.934666,0.8681417,0.91508824,0.9416545,0.9311225,0.87897354,0.8410485,1.0010293,0.91546816,0.9609422,0.8273707,0.89891344,0.89139926,0.927328,0.92085326,0.92629665,0.81630236
1.0,-0.30104226,-0.35785046,-0.45237008,0.34912091,-0.38436103,0.03921751,0.31534106,-0.1375902,0.47245315,0.60065746,-0.14065962,-0.62812996,0.22998647,-0.3745195,-0.25685838,-0.014286943,-0.18729773,-0.14018586,-0.25941384,0.72877574,0.89992756,0.864938,0.9241296,0.9575964,0.84757173,0.9271875,0.9282263,0.91805744,0.8981995,0.8677803,1.0154374,0.9680496,0.9637529,0.80581534,0.9084321,0.8470741,0.9259427,0.91013837,0.92123884,0.8219457
10.0,0.6308579,0.46410075,1.2125356,-0.7543998,0.5828351,-0.14322567,-0.24480435,0.081370756,-0.80852926,-1.5909615,0.22737636,1.4271634,-0.29617205,0.8565467,0.78730917,0.10235259,0.28392303,0.13357133,0.6569796,-1.4401408,0.6297797,0.8440265,0.35958058,0.5990502,0.64175385,0.81167614,0.67927307,0.795968,0.5820232,0.2966728,0.79418826,0.28285298,0.71643555,0.5997972,0.49459308,0.78759986,0.76494205,0.8722122,0.53444564,0.3733786
3.0,-0.08201306,-0.068872236,-0.143765,0.1981782,-0.16792104,0.00695125,0.1314793,-0.055801634,0.15475386,0.13200007,-0.052895494,-0.21829373,0.023029387,0.010406841,-0.09301172,0.06047457,-0.0675691,-0.048245005,-0.08296007,0.19936632,0.8571867,0.9192785,0.8109315,0.8719109,0.88407046,0.9158096,0.9449408,0.9417423,0.85845685,0.76501316,0.97603524,0.7982248,0.93844193,0.84160024,0.86376965,0.9420562,0.9316581,0.9297357,0.89431626,0.7734041
3.0,-0.15801819,-0.15093267,-0.25279656,0.267066,-0.2626868,0.032722518,0.17911194,-0.10576708,0.27251333,0.30410558,-0.08665154,-0.3852831,0.10327689,-0.15588772,-0.17392881,0.025855303,-0.10015088,-0.08471847,-0.1491951,0.41476768,0.8403528,0.9027214,0.8851835,0.8836951,0.8691781,0.9435642,0.9385071,0.93996125,0.8977422,0.8015469,0.9961611,0.8363366,0.9427456,0.8372531,0.89943546,0.92967135,0.95140195,0.9318919,0.8832875,0.78335255
5.0,-0.18500175,-0.18909135,-0.29062757,0.27371207,-0.26128685,0.027784562,0.21126711,-0.09062846,0.30049333,0.34379706,-0.093663044,-0.41499192,0.11334209,-0.16196826,-0.17663543,0.024792941,-0.12228875,-0.08664612,-0.16578256,0.44102937,0.87611586,0.8993179,0.867305,0.9142792,0.8730799,0.9218609,0.94364244,0.9350073,0.8806321,0.81872636,0.9946256,0.87792605,0.95421106,0.8339662,0.8933682,0.91086113,0.9334819,0.92560834,0.9134414,0.80266035
5.0,-0.21935056,-0.23872316,-0.33919367,0.29395056,-0.30144516,0.03289011,0.23992175,-0.106404305,0.35401213,0.42226207,-0.10846718,-0.48132992,0.15237172,-0.23195946,-0.2016446,0.011907481,-0.14029485,-0.10242843,-0.1950821,0.53203964,0.8779571,0.8887653,0.89055264,0.92651874,0.86537814,0.9294917,0.94065225,0.9298801,0.89178735,0.83293754,1.00035,0.9026813,0.957525,0.8265717,0.9006211,0.8945051,0.9341201,0.9224127,0.9136928,0.8074715
5.0,-0.07841262,-0.0664566,-0.14208066,0.19286259,-0.15469211,0.0014664158,0.13166085,-0.044634808,0.14565046,0.1184026,-0.05169701,-0.20452681,0.015394934,0.029924983,-0.08160587,0.06574898,-0.06787645,-0.04332015,-0.07839944,0.1755707,0.8688154,0.9180985,0.79628015,0.8757005,0.8870144,0.9043233,0.94786626,0.94003206,0.84648526,0.7641617,0.9700367,0.8034779,0.9404512,0.84029126,0.855726,0.93659014,0.9215062,0.92756635,0.90389776,0.7757632
4.0,0.12452376,0.1040922,0.16012004,0.00042969733,0.0017765388,-0.055087313,-0.0077739507,0.005868246,-0.12221316,-0.28820214,0.028391244,0.19638269,-0.112182274,0.30691922,0.12203644,0.12603064,0.046565782,0.019406978,0.08836576,-0.26889187,0.8186694,0.91860074,0.6813834,0.77980536,0.8660967,0.89177847,0.9247579,0.9239711,0.79369575,0.63179535,0.92188436,0.6425608,0.8895327,0.8144326,0.7680971,0.93428916,0.8944673,0.9216279,0.8263416,0.67573196
10.0,0.43873334,0.31677395,0.7171692,-0.42040342,0.2957144,-0.12913099,-0.19127023,0.046711624,-0.5191373,-1.0221908,0.15774356,0.889505,-0.23062113,0.6452914,0.5075525,0.1467345,0.2125865,0.091861464,0.39796758,-0.9588467,0.7201986,0.8659855,0.47818816,0.6520907,0.7566885,0.82590187,0.80857325,0.8398005,0.65801454,0.4136231,0.83560157,0.41093126,0.7796267,0.6985414,0.60106426,0.84887904,0.7934795,0.884972,0.6558722,0.48016295
1.0,-0.21865176,-0.22876316,-0.3352464,0.30559975,-0.30693495,0.037043944,0.23291811,-0.11595128,0.35371798,0.42263922,-0.108265154,-0.48704457,0.1495141,-0.23964188,-0.21150398,0.012104306,-0.13549682,-0.10523971,-0.19337052,0.53971916,0.8649326,0.8887702,0.90091294,0.9111595,0.86163324,0.93358725,0.9375205,0.9329898,0.89643747,0.8297236,1.0048757,0.88863415,0.9530305,0.8287565,0.90721923,0.89865524,0.9448248,0.92546445,0.899412,0.8002956
6.0,0.009185065,0.012715852,-0.01292716,0.11469394,-0.089243755,-0.020474296,0.069093056,-0.0230781,0.029673591,-0.052831832,-0.01716541,-0.03581146,-0.042140603,0.15093598,-0.00034068525,0.092354886,-0.018198125,-0.015451927,-0.0083191395,-0.012905136,0.8443427,0.92380565,0.7526864,0.83466065,0.8829856,0.90639335,0.9408691,0.93767077,0.83151394,0.7090359,0.9522528,0.7319871,0.92103606,0.8351901,0.823064,0.945875,0.9171439,0.9277467,0.8721436,0.7365133
7.0,-0.083104014,-0.07140119,-0.14844641,0.19649857,-0.15987471,0.0032458943,0.1349346,-0.047112893,0.15263025,0.12850545,-0.053422786,-0.2144176,0.01986138,0.020880423,-0.086636305,0.063398115,-0.07016732,-0.045339987,-0.08237332,0.18825775,0.86847097,0.91782933,0.8003294,0.8774817,0.88659734,0.9059071,0.9475571,0.94015485,0.84909165,0.76675874,0.9715837,0.80641043,0.9410636,0.8405543,0.8581532,0.93665844,0.92286086,0.9278178,0.90404195,0.7771116
4.0,0.071756005,0.060486473,0.07298938,0.054330446,-0.035416596,-0.043802917,0.02731103,-0.00016401988,-0.054775648,-0.1805567,0.0054927766,0.090941235,-0.08265607,0.24184741,0.07194531,0.11789359,0.016737524,0.0067192726,0.04300126,-0.1600327,0.83730173,0.9166873,0.70751727,0.8044017,0.87601954,0.89134836,0.93781054,0.92799926,0.80340415,0.666964,0.92998064,0.6879458,0.9052996,0.8243089,0.7888882,0.9327624,0.8979788,0.9231952,0.85387367,0.7046751
4.0,-0.15023726,-0.14216205,-0.24305713,0.25076523,-0.21538426,0.018161625,0.18572456,-0.06865531,0.2445414,0.26210386,-0.07919194,-0.34167612,0.071650915,-0.08241646,-0.1445388,0.040643543,-0.10693496,-0.06948943,-0.13533504,0.3390581,0.8833221,0.90842146,0.8344592,0.90652436,0.88207716,0.90686715,0.9476974,0.9383446,0.86089015,0.8048969,0.98536175,0.8592902,0.9526869,0.8381541,0.8795423,0.9210297,0.92507124,0.925839,0.9202226,0.8003068
9.0,-0.28788134,-0.33774182,-0.4354082,0.3517203,-0.42533833,0.049429797,0.28229937,-0.17082526,0.47663212,0.6050392,-0.14580064,-0.63761127,0.25360137,-0.43304145,-0.26940587,-0.019677788,-0.16392764,-0.1491079,-0.2575769,0.76637065,0.8382624,0.85513574,0.981857,0.90874076,0.8338055,0.9708301,0.9223313,0.9210027,0.9388696,0.84467125,1.0136406,0.9158303,0.9493443,0.80227107,0.9215734,0.85803187,0.95644224,0.9200225,0.8676249,0.7877382
10.0,0.1151698,0.09664184,0.14581704,0.009780854,-0.0058834627,-0.05214219,-0.0014196113,0.004075081,-0.1100573,-0.26871276,0.024936853,0.17713372,-0.1064629,0.29438972,0.111806676,0.12303383,0.04147544,0.0167846,0.08048326,-0.24778135,0.82088757,0.91968226,0.68758476,0.7846744,0.86803746,0.89374924,0.9260947,0.92572284,0.79796475,0.63818026,0.9245206,0.64995486,0.89267796,0.8169132,0.7727219,0.9364346,0.897032,0.92249614,0.8304586,0.68107086
3.0,-0.08251822,-0.07027886,-0.14653924,0.19680089,-0.16162625,0.004128939,0.13379478,-0.049317304,0.15268123,0.12873977,-0.053094275,-0.21468441,0.020119831,0.018956617,-0.08811184,0.06292672,-0.06934439,-0.046010487,-0.082198575,0.19029145,0.8654269,0.9183535,0.80287254,0.87574697,0.8859434,0.9084535,0.946901,0.9406415,0.85140365,0.76607674,0.9728629,0.80384946,0.94027007,0.84089535,0.8596289,0.93812484,0.92537624,0.9283416,0.9012721,0.7760064
10.0,-0.05591087,-0.043839697,-0.1086056,0.17496976,-0.13843659,-0.003332267,0.11462548,-0.04013888,0.11576481,0.07504324,-0.04288411,-0.16220626,-0.0008507493,0.061427873,-0.06297442,0.07299483,-0.05503045,-0.036454912,-0.060658455,0.12799288,0.86118317,0.9206724,0.7866702,0.8640626,0.8866015,0.9058752,0.946467,0.9403953,0.84367764,0.7504023,0.9665995,0.7836977,0.9353078,0.8400277,0.8490285,0.9408562,0.9224408,0.92813027,0.89499515,0.7661001
3.0,-0.17821532,-0.17883739,-0.28004184,0.2723645,-0.26095337,0.028930932,0.20306143,-0.09416442,0.29306,0.3332107,-0.09140291,-0.40680063,0.10939319,-0.15894344,-0.17617145,0.02600383,-0.11663136,-0.086092815,-0.16106525,0.4335559,0.866965,0.90042484,0.87138337,0.90554386,0.87192386,0.92680496,0.9424304,0.93646824,0.8845835,0.81383747,0.99560195,0.86658156,0.9512015,0.83529526,0.8952553,0.915489,0.93912166,0.9273762,0.90499043,0.7974254
11.0,0.6745013,0.48822647,1.317359,-0.830569,0.64230657,-0.14699449,-0.24722052,0.096328855,-0.8671159,-1.7134246,0.24022628,1.5437944,-0.31638494,0.8997283,0.8547777,0.098240614,0.29191488,0.14666241,0.7141349,-1.5511411,0.61146295,0.8383193,0.33708766,0.5854738,0.6177204,0.80408335,0.64950746,0.7863715,0.5687143,0.27592084,0.7809583,0.26237437,0.702125,0.578048,0.4736061,0.76819295,0.7615319,0.87377244,0.50909454,0.35388696
7.0,-0.12220517,-0.111541055,-0.20326957,0.22873357,-0.19346339,0.012926209,0.16370417,-0.060900383,0.20668614,0.20713072,-0.06842068,-0.28987712,0.050275743,-0.040907685,-0.12206334,0.049698975,-0.09124319,-0.059725054,-0.11351244,0.27828312,0.8751719,0.9130199,0.82244086,0.8936033,0.8841303,0.908276,0.9476648,0.93964946,0.85799503,0.78899586,0.9804831,0.835856,0.9476491,0.8400279,0.8722119,0.929358,0.92607623,0.9272751,0.9122191,0.79045886
10.0,0.4267296,0.30723742,0.6892919,-0.4014718,0.28062817,-0.12809165,-0.18598306,0.045904923,-0.5021694,-0.9893931,0.152811,0.8587441,-0.2268311,0.632176,0.4922775,0.1496844,0.20672853,0.08979039,0.38340098,-0.93081856,0.7253647,0.8669601,0.48586005,0.65562403,0.7627992,0.8272629,0.8159065,0.8424285,0.66294265,0.4214161,0.8377131,0.420085,0.7837657,0.7043473,0.60763335,0.85158217,0.7960853,0.8863398,0.6634873,0.4873637
11.0,0.66765004,0.481884,1.2941741,-0.81716734,0.62882245,-0.1478752,-0.24882409,0.094556235,-0.8562511,-1.6910847,0.23867957,1.5217584,-0.3115746,0.88954633,0.84491193,0.102222115,0.29206336,0.14492089,0.7026208,-1.5316032,0.6154052,0.8376218,0.34088928,0.5866992,0.62312925,0.80388945,0.6551497,0.78667027,0.5704705,0.2790393,0.78147084,0.2665579,0.7045295,0.5819222,0.47742504,0.76902944,0.76027375,0.8746384,0.5132477,0.356234
11.0,0.3334139,0.25101033,0.51736295,-0.26071033,0.18391028,-0.10615946,-0.13450575,0.032899983,-0.3847188,-0.75714,0.11559199,0.6440836,-0.2011408,0.5436185,0.36477947,0.14424765,0.15989922,0.067915894,0.28630623,-0.7231572,0.75652057,0.89208233,0.5475622,0.691811,0.8020596,0.85237455,0.8554991,0.87637174,0.7098277,0.4861427,0.8685049,0.48289558,0.818741,0.7439888,0.6592643,0.889494,0.8336238,0.8988712,0.7162795,0.54751474
4.0,-0.074666634,-0.06534569,-0.13687792,0.18705565,-0.15267289,0.00016466295,0.12939072,-0.043671858,0.14188366,0.112169966,-0.050291672,-0.19752774,0.015565469,0.032443013,-0.07687725,0.066381454,-0.0656557,-0.04192958,-0.07572638,0.16912194,0.867169,0.91771376,0.7951714,0.8748952,0.8866108,0.90628576,0.9476446,0.9392194,0.8472434,0.76133335,0.9688685,0.8009885,0.94010365,0.8398591,0.85395736,0.9367128,0.9211123,0.92753637,0.9025122,0.7737275
1.0,-0.26237375,-0.29447228,-0.39816397,0.32668203,-0.33624116,0.03661263,0.27874035,-0.118738174,0.41165328,0.5085006,-0.12420571,-0.556056,0.18535952,-0.29479375,-0.2313771,-0.0004335083,-0.16533856,-0.119637124,-0.22706142,0.62436765,0.8945355,0.8786388,0.9023068,0.94465923,0.8582892,0.92222357,0.9359527,0.9254962,0.8897742,0.8540554,1.0082723,0.93922573,0.96242267,0.81834984,0.9054066,0.87212145,0.9285067,0.916848,0.9230458,0.8188568
8.0,-0.26395074,-0.29230064,-0.40097886,0.3308085,-0.3262372,0.035164487,0.2818929,-0.11301077,0.40853754,0.50365144,-0.12378837,-0.5536796,0.17789139,-0.28063765,-0.23012565,0.0010842085,-0.16867651,-0.117572375,-0.22657509,0.61206055,0.9056302,0.8804383,0.89170235,0.9515324,0.8611821,0.91286737,0.93745506,0.92633253,0.8801919,0.85934645,1.0074857,0.94794667,0.96533954,0.81903917,0.9027575,0.87135124,0.9224263,0.91569626,0.9336463,0.82572854
2.0,0.5962305,0.43756297,1.1156988,-0.6912122,0.5258026,-0.14165297,-0.24168739,0.07191309,-0.755105,-1.4841143,0.21637961,1.3251151,-0.28053373,0.81604344,0.7340906,0.11173883,0.27612656,0.12493219,0.6064709,-1.3489017,0.6466853,0.8466127,0.37976983,0.6081531,0.6646918,0.8132244,0.70474243,0.8023421,0.5937018,0.31552815,0.8014692,0.30345893,0.727441,0.6181011,0.51332194,0.7989915,0.7660865,0.87299746,0.5561651,0.39024237
9.0,-0.18293808,-0.18038198,-0.28914982,0.27534196,-0.24141811,0.023196107,0.2125346,-0.07792833,0.2891956,0.32697743,-0.09182946,-0.40114492,0.0978003,-0.13165689,-0.16917834,0.030149193,-0.1255067,-0.08127318,-0.16084558,0.41001678,0.8933837,0.9020576,0.8474632,0.9220688,0.87867004,0.905206,0.9470223,0.9360091,0.8633513,0.8230088,0.9908218,0.8873853,0.95839965,0.83445144,0.8865456,0.9090916,0.9227602,0.9233595,0.929347,0.811242
4.0,0.1122545,0.09669101,0.14443558,0.013780169,-0.009158097,-0.049530953,0.00019043684,0.0008334406,-0.10618266,-0.26252335,0.024360018,0.17110468,-0.1050604,0.2899419,0.105517775,0.11988141,0.039773505,0.014923289,0.07832709,-0.2393574,0.81918097,0.9223038,0.6917305,0.7862881,0.86848074,0.8971242,0.9250433,0.9277328,0.8016441,0.6407266,0.92769635,0.65040064,0.893442,0.8177043,0.77599293,0.940437,0.9006579,0.9232709,0.8300343,0.683112
1.0,-0.23971052,-0.25233322,-0.36931732,0.3383891,-0.36751094,0.048720647,0.23390806,-0.15876892,0.40365145,0.4937377,-0.12629889,-0.5561193,0.195225,-0.34081423,-0.24592231,-0.0026992373,-0.13546348,-0.1268383,-0.21701086,0.6432548,0.82429296,0.87278277,0.95899177,0.88424826,0.8450731,0.96611613,0.92637867,0.93109,0.92641157,0.8301984,1.0120524,0.8731335,0.94497705,0.81937397,0.9223784,0.89163953,0.9651865,0.9281191,0.86159873,0.7811065
9.0,-0.34553927,-0.47714445,-0.54390615,0.37159032,-0.61270356,0.05683629,0.32298926,-0.24824001,0.620991,0.8080516,-0.19595742,-0.7887287,0.39782944,-0.68372256,-0.30414057,-0.06659216,-0.19465026,-0.20804927,-0.34148994,1.0262477,0.7962704,0.8077101,1.1024898,0.91955537,0.80188864,1.056817,0.9066837,0.8994324,1.0157593,0.8511861,0.9909187,0.95506436,0.9396543,0.74923086,0.91303587,0.80527437,0.9499391,0.90526,0.82975584,0.77214754
2.0,0.65689653,0.48304957,1.2859101,-0.8020219,0.6253669,-0.14369416,-0.24436027,0.089474685,-0.8473862,-1.6702403,0.23500909,1.5031478,-0.31009308,0.887644,0.82707024,0.094628826,0.28780386,0.14040226,0.6954905,-1.5094014,0.6172898,0.84276193,0.34516016,0.59227556,0.6243714,0.80983025,0.65984917,0.79198974,0.57435054,0.28373092,0.78873235,0.26849422,0.7079209,0.58617496,0.48083624,0.77930003,0.7654459,0.8716929,0.5186484,0.362034
10.0,0.5077348,0.37270096,0.8880445,-0.53470904,0.39184374,-0.13393581,-0.21779263,0.05351378,-0.6213472,-1.2198702,0.18482006,1.0753454,-0.25190192,0.72159153,0.60037607,0.12790161,0.24427803,0.10415917,0.48677355,-1.125399,0.6885381,0.8596174,0.43394268,0.6329392,0.7177395,0.8203911,0.76387435,0.82469153,0.62935674,0.3691158,0.82309484,0.35969618,0.7565064,0.6637298,0.56227446,0.8313757,0.78046006,0.87779963,0.61168605,0.43933696
3.0,-0.015497401,-0.006629765,-0.04773705,0.13932897,-0.11120562,-0.011704468,0.08520901,-0.033021055,0.06324668,-0.0023825206,-0.026735874,-0.08632712,-0.025864093,0.11355779,-0.02832642,0.08305623,-0.031695202,-0.024679173,-0.028869197,0.045690782,0.8466908,0.92458874,0.7702341,0.8446613,0.88427514,0.91044664,0.94200665,0.9402575,0.84061986,0.7251191,0.96017176,0.74886364,0.92587274,0.83819336,0.8360594,0.9481162,0.92331475,0.9289786,0.87802154,0.7476289
7.0,-0.17030637,-0.17179477,-0.27049184,0.26121986,-0.243339,0.023277527,0.20097737,-0.081793904,0.27865088,0.31112522,-0.08775998,-0.38412732,0.09866335,-0.13150726,-0.1618561,0.031162115,-0.11597754,-0.07947689,-0.15356079,0.40021956,0.87802166,0.9025957,0.85474676,0.9120976,0.8765359,0.9182611,0.9455577,0.9355416,0.8741111,0.81241596,0.99064225,0.87047136,0.9540867,0.8352513,0.88735765,0.9147624,0.9301983,0.9255002,0.9159531,0.8013569
3.0,-0.11983922,-0.110759705,-0.19846675,0.22644922,-0.20036814,0.015232852,0.16008948,-0.06727909,0.2076156,0.20843601,-0.067781195,-0.2908723,0.05475013,-0.050551694,-0.12442312,0.04749508,-0.08787243,-0.06143538,-0.113371864,0.286237,0.8650365,0.9130739,0.8313103,0.8886042,0.88166237,0.91759706,0.9456837,0.9399752,0.8666941,0.7858356,0.9827377,0.8283487,0.945226,0.8404575,0.87558645,0.93288314,0.93247837,0.9288294,0.9034833,0.785855
7.0,-0.46254894,-0.78370917,-0.7086997,0.38398674,-0.79996645,0.0014554327,0.50900394,-0.28619066,0.8491733,1.1733493,-0.23535943,-0.9604637,0.54030216,-0.9221552,-0.3388066,-0.08405813,-0.33302182,-0.30873507,-0.44401717,1.3869098,0.88772106,0.7651292,1.0925833,1.0131627,0.7760906,1.0296832,0.8484172,0.85206604,0.995406,0.8783789,1.0222131,1.1235392,0.9540584,0.6687363,0.8589281,0.65949816,0.91761804,0.8255539,0.8380608,0.8047575
6.0,-0.07663769,-0.064768024,-0.13797896,0.19158459,-0.15745687,0.0028295247,0.12944557,-0.047973182,0.14502728,0.11751026,-0.05082549,-0.2036893,0.016391125,0.026809208,-0.08297044,0.064639606,-0.065999046,-0.044119783,-0.077636406,0.1780683,0.86349934,0.91895396,0.8004106,0.87305504,0.88589257,0.9091255,0.94658715,0.9406387,0.8509327,0.76246125,0.97181004,0.7989395,0.9390878,0.84083945,0.8577698,0.9392915,0.92545575,0.92849296,0.8991717,0.77353626
9.0,-0.21791779,-0.22867292,-0.33791676,0.31175706,-0.33218378,0.04344569,0.2234683,-0.13590874,0.36441606,0.43807486,-0.11336749,-0.50450706,0.16742048,-0.27889973,-0.2220633,0.005129285,-0.12808748,-0.11225765,-0.19842675,0.5726213,0.8384528,0.88317734,0.9300049,0.8944407,0.8547359,0.95502174,0.93291444,0.9331824,0.91619825,0.82476526,1.0059932,0.8718505,0.9466026,0.8258429,0.9143728,0.90223,0.95624274,0.92871,0.8775823,0.78754103
11.0,0.64836645,0.486076,1.2849953,-0.790928,0.6260724,-0.1394254,-0.23992616,0.084689625,-0.8423392,-1.6569239,0.2319882,1.491585,-0.3095789,0.88802344,0.8126136,0.08651099,0.28360784,0.13627085,0.69166416,-1.493391,0.61739063,0.8474531,0.34832078,0.59740436,0.62361467,0.8157219,0.6627928,0.7968198,0.5770686,0.28716895,0.79546756,0.26904345,0.7103362,0.5888749,0.4828998,0.7885977,0.7704061,0.8687711,0.5226677,0.36684212
4.0,0.3904636,0.27897343,0.6083183,-0.34585208,0.23784032,-0.1243245,-0.16900063,0.043499224,-0.45212486,-0.89290714,0.13736746,0.7683927,-0.21485548,0.59270906,0.4471777,0.15747738,0.18864705,0.08344708,0.34076685,-0.84761107,0.7402674,0.8696769,0.5089124,0.66670555,0.78003293,0.831941,0.83731186,0.8502904,0.6774456,0.44516653,0.8440805,0.44798326,0.7963458,0.7211709,0.6270927,0.8591732,0.8042768,0.89040434,0.6863363,0.5092989
4.0,0.13146651,0.11144666,0.17474267,-0.0065445304,0.0064001754,-0.055143047,-0.01239454,0.004495614,-0.13100964,-0.3027403,0.03206695,0.21074732,-0.11582629,0.314722,0.12644695,0.12450819,0.05041438,0.02020095,0.09505013,-0.28187072,0.8142554,0.9208208,0.67956877,0.7772194,0.86450857,0.8942954,0.9212503,0.92465633,0.79449594,0.62753385,0.92279935,0.6352775,0.88755405,0.8128772,0.7665268,0.9374227,0.8962018,0.92176294,0.8212933,0.672206
5.0,0.06543578,0.05899121,0.069439344,0.061629348,-0.04369864,-0.038007695,0.03115512,-0.0067024287,-0.045849077,-0.16696379,0.0046010856,0.07714075,-0.07908523,0.23109905,0.058907058,0.111216456,0.013276044,0.0026511885,0.038249176,-0.14035541,0.8336973,0.9221007,0.7169276,0.8077989,0.87686247,0.89842683,0.93527263,0.93204445,0.81231916,0.6720717,0.9369139,0.68894863,0.90660596,0.8266922,0.7962928,0.94100344,0.9061665,0.9250952,0.85231805,0.70847976
10.0,0.37473762,0.2802557,0.5981939,-0.32060966,0.22699219,-0.113599315,-0.15646341,0.03652293,-0.43817982,-0.85989386,0.1324911,0.73984504,-0.21468957,0.58704585,0.4161825,0.14082229,0.18121676,0.07595988,0.330343,-0.8150005,0.7422068,0.8857529,0.5203824,0.67676383,0.7844143,0.84374565,0.8359098,0.86526,0.6912501,0.45801646,0.85846704,0.45214748,0.8038796,0.7262855,0.6366388,0.8781803,0.8206528,0.8934106,0.6920941,0.52154577
5.0,-0.4592323,-0.85410124,-0.7294447,0.413133,-1.0782571,0.024719417,0.450944,-0.4299477,0.9849278,1.2600445,-0.29274684,-1.0856948,0.656885,-1.1952412,-0.36071998,-0.13157877,-0.33536136,-0.3791039,-0.5476288,1.5790234,0.74692416,0.69455767,1.3381251,0.9779889,0.72100884,1.253794,0.83544576,0.84940267,1.1399357,0.8435709,0.94786185,1.177417,0.9274626,0.6120839,0.8097309,0.65942335,0.9397774,0.8305319,0.74393415,0.7896233
3.0,-0.10917455,-0.09660588,-0.18239963,0.2210137,-0.19109692,0.013415859,0.15117097,-0.0651258,0.19235432,0.18673882,-0.06350994,-0.27088103,0.043935347,-0.03252062,-0.117391534,0.05167607,-0.08204797,-0.05809834,-0.1045644,0.26162905,0.86178684,0.9154581,0.82625765,0.88233095,0.8823892,0.9169626,0.94537294,0.94120616,0.8641585,0.7801993,0.9818688,0.8184002,0.94296914,0.84130335,0.8734064,0.93637365,0.93377006,0.9293278,0.8998072,0.7823405
5.0,-0.26245168,-0.29751545,-0.39848274,0.32497483,-0.34431672,0.037877847,0.27750257,-0.12310078,0.41532463,0.51437944,-0.1252563,-0.5601582,0.19183528,-0.30662322,-0.23311384,-0.0021614134,-0.16371293,-0.121623494,-0.22859916,0.6355051,0.8875379,0.8769938,0.9102151,0.9409107,0.8562638,0.92859226,0.93495345,0.92488974,0.89646477,0.8514733,1.0085394,0.93486,0.96062505,0.8174275,0.90719426,0.8721032,0.9319223,0.91748595,0.91664004,0.8148105
9.0,-0.17566055,-0.17408729,-0.27780804,0.2687929,-0.24366772,0.02433388,0.20506275,-0.081501186,0.28285795,0.31797692,-0.089229524,-0.3925504,0.09762512,-0.13255398,-0.16694535,0.030383822,-0.11928822,-0.080726884,-0.15646566,0.40622312,0.88277364,0.90286374,0.8533082,0.9143093,0.8770767,0.9131348,0.94559723,0.9364224,0.87076133,0.8165164,0.9916805,0.87552065,0.9549438,0.835675,0.88846713,0.9135166,0.9289094,0.92523867,0.9194834,0.8045991
5.0,-0.28089333,-0.32213387,-0.42542586,0.33838788,-0.34942478,0.036469534,0.2982523,-0.121951595,0.4367706,0.54617125,-0.1314445,-0.58648336,0.20017618,-0.31909546,-0.24081816,-0.0057763085,-0.17827652,-0.12685534,-0.24173072,0.6611321,0.9067459,0.87415767,0.9031166,0.9583307,0.85648865,0.9172857,0.9341795,0.9224012,0.8859855,0.8653537,1.0105699,0.9608437,0.96597505,0.81332564,0.9043988,0.8603615,0.9214653,0.912627,0.9325272,0.82689774
10.0,0.39665735,0.30119252,0.65161514,-0.35349235,0.2551791,-0.11435846,-0.16683161,0.035224397,-0.4696593,-0.9194222,0.14114995,0.7963888,-0.22232549,0.6130411,0.4405757,0.13237485,0.19200672,0.07866239,0.3569419,-0.8659835,0.7318192,0.8859705,0.5061151,0.670506,0.7729249,0.8425072,0.8222782,0.86178976,0.68179995,0.44352022,0.8565898,0.43300682,0.7960554,0.71493715,0.6246902,0.87609464,0.8166341,0.89015365,0.6777658,0.508414
10.0,0.20828047,0.16310996,0.29386804,-0.09620998,0.06943858,-0.07860081,-0.061000444,0.020177715,-0.22746935,-0.4671483,0.06292844,0.3698476,-0.15228136,0.4063189,0.21709877,0.14130941,0.09302704,0.041041173,0.16312473,-0.450486,0.7960171,0.9088499,0.6284959,0.74195606,0.8451327,0.87775797,0.90369993,0.9070757,0.76239026,0.5730719,0.8994174,0.5783329,0.8627478,0.7907531,0.7253592,0.91819406,0.8719679,0.9139897,0.7855073,0.6255918
3.0,-0.17044376,-0.16588476,-0.27114916,0.26598123,-0.23346436,0.022046175,0.20171656,-0.075899504,0.2729357,0.30340704,-0.08697441,-0.37972754,0.08891815,-0.11568195,-0.16094233,0.03363765,-0.11780405,-0.077284254,-0.15136147,0.38596255,0.8872281,0.904521,0.84488964,0.9147941,0.8794398,0.9077608,0.94690543,0.9370397,0.8645709,0.81547177,0.9894202,0.8749403,0.95560765,0.8362251,0.8850624,0.914456,0.9254156,0.9247924,0.9236961,0.8059877
8.0,-0.32011038,-0.39290854,-0.47948605,0.35846063,-0.4128037,0.03985038,0.33422256,-0.1487174,0.5048209,0.6503732,-0.14941126,-0.66455173,0.25550747,-0.41957325,-0.26891804,-0.021577895,-0.19849892,-0.15201148,-0.27615762,0.7858801,0.9007267,0.85696363,0.93720424,0.96299636,0.84132916,0.93177193,0.9231776,0.9134147,0.9043336,0.8729215,1.018903,0.9813618,0.9634999,0.79786575,0.90897137,0.832813,0.9249487,0.9058987,0.9176816,0.8215842
7.0,-0.21887541,-0.23248002,-0.33777115,0.29795164,-0.2924053,0.03248476,0.239766,-0.10222137,0.34813675,0.41410556,-0.106885806,-0.47706652,0.14324513,-0.21808553,-0.2016292,0.013811447,-0.1408189,-0.1003101,-0.19231878,0.51956075,0.8842569,0.891135,0.8826695,0.92757356,0.8674609,0.92143416,0.9412131,0.9316137,0.88463247,0.8349557,1.0005885,0.90454096,0.95822155,0.8284803,0.89988935,0.8957238,0.9318719,0.9225471,0.9185525,0.8106011
8.0,-0.13294786,-0.1187573,-0.22103918,0.2407099,-0.1910148,0.011777181,0.17315596,-0.056101438,0.21587878,0.22070235,-0.072844274,-0.30384994,0.049990512,-0.040421087,-0.1266726,0.04996102,-0.099724144,-0.060663275,-0.12019782,0.28463975,0.88945884,0.9112538,0.8154217,0.90251595,0.88645315,0.8963147,0.9503904,0.93938786,0.847336,0.7981849,0.97853774,0.85175735,0.9522249,0.8384703,0.8700152,0.9230012,0.91756016,0.924934,0.92560595,0.7993965
7.0,-0.23221338,-0.24823675,-0.3558477,0.30893838,-0.30099323,0.033380195,0.25168455,-0.104994476,0.36517894,0.4391617,-0.11155855,-0.49918693,0.1516088,-0.23444372,-0.21060939,0.010685425,-0.14896472,-0.105053194,-0.20183384,0.545001,0.89076006,0.8883769,0.8846745,0.933787,0.8657654,0.9178695,0.9403631,0.9305242,0.88240814,0.8421654,1.0029027,0.9167019,0.9604359,0.82628053,0.90116876,0.8890233,0.9296741,0.920801,0.922963,0.81519186
5.0,-0.30245692,-0.35903832,-0.45466432,0.35072914,-0.3818197,0.038700484,0.3176471,-0.13598919,0.472901,0.6012308,-0.14083955,-0.6288688,0.22848725,-0.37127033,-0.2567284,-0.014096543,-0.18913126,-0.13993034,-0.26007003,0.726823,0.9042502,0.8653584,0.9205617,0.96090305,0.8484227,0.92402554,0.928501,0.91799587,0.8949287,0.87019235,1.0155239,0.97221166,0.9648539,0.80579543,0.9074773,0.8461523,0.92354214,0.9094279,0.9252418,0.8246608
11.0,0.6529161,0.46200478,1.2330704,-0.7870552,0.5926503,-0.15175869,-0.2548442,0.09024155,-0.82841456,-1.6362817,0.23483358,1.468433,-0.29760754,0.86017543,0.8247689,0.11904589,0.29274744,0.14310917,0.6718879,-1.4873145,0.62399775,0.8321964,0.35065514,0.58809143,0.6387049,0.799792,0.67032284,0.783646,0.57229656,0.2862617,0.77878594,0.27850264,0.7084849,0.59022754,0.48675063,0.7659301,0.7526234,0.8771847,0.52349615,0.36112186
1.0,-0.17816159,-0.1744313,-0.28081515,0.27314562,-0.24286233,0.024353877,0.2068725,-0.08118328,0.28467196,0.3206059,-0.0898082,-0.39568913,0.0959937,-0.13153641,-0.16912626,0.030842224,-0.121117294,-0.08121911,-0.15755689,0.40731615,0.8853916,0.90290016,0.85179615,0.9150525,0.8772562,0.91020536,0.9458211,0.93684816,0.8680407,0.8184747,0.99222237,0.8779672,0.955655,0.83571696,0.88865954,0.9125072,0.9283184,0.92491335,0.9213416,0.8063418
1.0,-0.20279716,-0.20497811,-0.31400144,0.29233193,-0.26980847,0.029785372,0.22564626,-0.09373871,0.3210219,0.3741225,-0.099416405,-0.4441306,0.11976711,-0.17882763,-0.19072473,0.021801906,-0.13293566,-0.09240832,-0.17732783,0.47103608,0.8853033,0.89691323,0.8688403,0.92067343,0.8716083,0.9144481,0.9431538,0.93499243,0.8757129,0.8290239,0.99833775,0.8927881,0.95716995,0.83267796,0.89650023,0.90366423,0.9317603,0.9240125,0.91954726,0.80948204
3.0,-0.19530791,-0.19907257,-0.30467114,0.28328466,-0.2654451,0.028562706,0.22020769,-0.091313116,0.31218988,0.36109057,-0.097067825,-0.4313106,0.11731301,-0.17082368,-0.1837808,0.02296119,-0.12884068,-0.08959182,-0.1725539,0.45744514,0.8828363,0.8979885,0.86708176,0.9195549,0.87277526,0.9169189,0.94367856,0.93473905,0.87722254,0.8250745,0.9962488,0.8879183,0.95635504,0.83306926,0.8945276,0.90638834,0.93124264,0.9244194,0.9185767,0.8073717
10.0,0.4029933,0.30077633,0.65705675,-0.36372083,0.25950348,-0.11807166,-0.17106271,0.038600996,-0.47579774,-0.9332339,0.14373866,0.8083884,-0.22319977,0.6164195,0.45268464,0.1379254,0.19524215,0.08152452,0.36194587,-0.8793485,0.73123264,0.8808412,0.50167346,0.6669979,0.7713,0.83831704,0.821782,0.8569044,0.67765373,0.4386806,0.8516086,0.43117866,0.7934158,0.7132349,0.6209756,0.8695972,0.8114633,0.88938224,0.6751612,0.50377905
4.0,0.49415576,0.36089048,0.85190845,-0.51099277,0.3707469,-0.13324465,-0.21288699,0.05242941,-0.60044724,-1.1789953,0.17993449,1.0365701,-0.24792942,0.7062249,0.5813925,0.13169265,0.23882581,0.101528235,0.46847695,-1.0914396,0.6955109,0.86116594,0.44276744,0.6365361,0.72606254,0.82105726,0.77277714,0.82812107,0.63565636,0.37794772,0.82550406,0.3698365,0.7613314,0.6711078,0.56998146,0.83518326,0.78318405,0.8794846,0.62047833,0.44724402
5.0,-0.14915426,-0.14197442,-0.2400778,0.25009963,-0.220959,0.019815179,0.18338034,-0.073692895,0.24616614,0.2644072,-0.078864016,-0.34347284,0.07476114,-0.09022337,-0.1469458,0.0395273,-0.10470876,-0.07104834,-0.13550179,0.3462239,0.8756233,0.90824115,0.8413276,0.9020724,0.88001627,0.9134523,0.94626,0.93852705,0.86704546,0.8024707,0.98743075,0.8534411,0.95077485,0.83851796,0.8823819,0.92302173,0.9304159,0.9269513,0.91307825,0.79662263
7.0,0.60515285,0.45057732,1.1532035,-0.708982,0.5483539,-0.13921499,-0.240194,0.073036924,-0.7735632,-1.5184956,0.21899012,1.3582295,-0.2867485,0.8327732,0.7458501,0.10154323,0.2776671,0.12526208,0.62458515,-1.3756675,0.6405437,0.84947497,0.37355688,0.6075057,0.65511376,0.81649315,0.6953821,0.80391735,0.59146816,0.31018034,0.8031285,0.29510784,0.72515494,0.6125234,0.5072114,0.80080414,0.76964563,0.8716336,0.5495681,0.3862367
2.0,0.028170247,0.025582233,0.010082461,0.09545513,-0.06895658,-0.030303244,0.05716138,-0.01162482,0.0028660372,-0.09302293,-0.010917412,0.004733376,-0.055408064,0.18261775,0.026036475,0.10311423,-0.00803522,-0.0068013947,0.007610392,-0.06357287,0.84683025,0.9194545,0.7340707,0.82660985,0.88193506,0.89735544,0.9421359,0.93326867,0.8180672,0.6961086,0.9422942,0.7218561,0.9174539,0.83134496,0.8094045,0.93785846,0.90669185,0.9253195,0.87069285,0.7276106
6.0,-0.13166897,-0.12547433,-0.21610734,0.23343709,-0.20838854,0.016455643,0.17029358,-0.0685259,0.22358969,0.23122056,-0.07241469,-0.31156194,0.06453674,-0.067029804,-0.13159944,0.044004828,-0.09495209,-0.06476929,-0.122587636,0.31018272,0.87055266,0.9106236,0.8345399,0.89595705,0.88131684,0.9160591,0.94635797,0.93864113,0.8668973,0.7925441,0.9835665,0.84021705,0.94811034,0.8393055,0.8772511,0.9281569,0.9300352,0.92778367,0.90895885,0.79059994
5.0,-0.25431457,-0.29414865,-0.39052534,0.31106332,-0.33877948,0.03471453,0.27360556,-0.11781962,0.40775323,0.5014522,-0.12346688,-0.54460317,0.1905692,-0.29625666,-0.22152174,-0.00039318576,-0.16209911,-0.11796241,-0.22513358,0.6184592,0.8889596,0.8780296,0.90562904,0.9464882,0.85936576,0.9315004,0.93745214,0.92280596,0.8966623,0.84937257,1.0042132,0.93572176,0.9626025,0.8167914,0.9027194,0.87351793,0.9276078,0.9160304,0.92145014,0.8162667
8.0,-0.20703495,-0.21288818,-0.3225838,0.2910406,-0.26645076,0.027312858,0.23263022,-0.088161744,0.3250323,0.3793709,-0.101388335,-0.4471513,0.12213619,-0.17650199,-0.1876529,0.021079332,-0.13823406,-0.091590725,-0.18068281,0.47052222,0.89632887,0.89612937,0.861671,0.9316546,0.8740817,0.9086609,0.944932,0.93328327,0.8696373,0.83430654,0.9957759,0.9055056,0.9610645,0.8306855,0.8923813,0.8993327,0.9232845,0.92156404,0.9311965,0.8161809
4.0,0.051264483,0.047067977,0.046864666,0.07537341,-0.05368364,-0.034713704,0.040835287,-0.008784023,-0.027554505,-0.13868934,-0.001338087,0.04921423,-0.07079815,0.21316428,0.045547392,0.108218215,0.0051854067,-0.0010812879,0.026414048,-0.11088166,0.8385383,0.92158586,0.7238527,0.8146002,0.8790148,0.89805025,0.9379766,0.9329368,0.8148183,0.68143344,0.93932235,0.70104223,0.91054595,0.8288357,0.8018083,0.9404133,0.9069653,0.9253782,0.85916954,0.7159363
8.0,-0.22115658,-0.22932947,-0.34133023,0.30353576,-0.27975306,0.03004415,0.24370676,-0.094350815,0.34440753,0.40816176,-0.106489725,-0.4736029,0.13321798,-0.19971761,-0.19985491,0.01655009,-0.14537516,-0.09772139,-0.19141586,0.503584,0.89845973,0.89301205,0.86890066,0.9351667,0.8710545,0.90862393,0.94333327,0.93259645,0.8716078,0.8408647,0.99918276,0.9149391,0.96202916,0.8289225,0.8960805,0.8938277,0.92424065,0.9208219,0.9315203,0.81879324
3.0,-0.08047059,-0.06851481,-0.1436091,0.19481343,-0.16013941,0.0036163372,0.1323314,-0.04876225,0.150053,0.12484056,-0.052308626,-0.21081139,0.018944409,0.02164236,-0.0861747,0.06351803,-0.06819059,-0.045311116,-0.08061724,0.18600266,0.8648274,0.9185068,0.8019529,0.8749161,0.88593173,0.90869915,0.94681597,0.94058126,0.8512288,0.76480025,0.97242194,0.8022493,0.9399066,0.84084374,0.85889405,0.9384572,0.9252974,0.92837286,0.9006289,0.7751538
11.0,0.51877517,0.3666961,0.8881653,-0.5520073,0.3937456,-0.1431339,-0.22724652,0.060092054,-0.62865233,-1.2398751,0.18929288,1.0918664,-0.2500832,0.7192658,0.6243404,0.14540991,0.24938218,0.110930346,0.4911313,-1.1464702,0.6874612,0.84677,0.4283665,0.6253338,0.71745795,0.8104786,0.76461816,0.81270856,0.6211176,0.36161324,0.8104896,0.35984856,0.7514156,0.6606168,0.5574712,0.81502765,0.76782906,0.8784339,0.6076953,0.43114525
4.0,0.10969239,0.094346546,0.13888627,0.016839333,-0.010146715,-0.049919926,0.0016751736,0.0014473442,-0.10318381,-0.25738338,0.022680914,0.16630654,-0.10448629,0.2880576,0.104246914,0.12147296,0.038176272,0.014781289,0.07583925,-0.23574193,0.82114655,0.9210171,0.69165504,0.7868327,0.86907786,0.8952852,0.926938,0.9270936,0.799925,0.64228237,0.9270646,0.6530879,0.8938714,0.8178919,0.77637494,0.93817955,0.8993284,0.9229142,0.83212936,0.6843881
2.0,-0.08738936,-0.07280727,-0.15137425,0.20441084,-0.17588805,0.010416505,0.13433547,-0.060131934,0.16229671,0.14404713,-0.055165626,-0.23158973,0.027975883,-0.0016040355,-0.10122421,0.056670032,-0.06959434,-0.05123072,-0.087882854,0.21653923,0.8552152,0.91954094,0.8176122,0.87228435,0.8834429,0.9179907,0.9440181,0.942729,0.8629355,0.76819867,0.97840095,0.7997649,0.93808705,0.8425163,0.8681003,0.94371367,0.93438345,0.93064386,0.89295095,0.77433455
10.0,0.365179,0.26338887,0.5622925,-0.3078941,0.21200591,-0.118246116,-0.15440184,0.040800557,-0.42084804,-0.83040315,0.12752484,0.7105974,-0.20817247,0.569274,0.4129864,0.15545642,0.17628554,0.077509016,0.31509387,-0.7916946,0.74900603,0.87686294,0.5255016,0.67682064,0.7905509,0.8389635,0.8475906,0.86009145,0.69077545,0.4626884,0.8525484,0.46516082,0.8062411,0.7321819,0.64075965,0.86968434,0.81508845,0.89398706,0.70068705,0.52565396
4.0,-0.13709927,-0.12642163,-0.2257182,0.24105543,-0.1998803,0.014062074,0.17622612,-0.060961723,0.22447851,0.23287359,-0.074258946,-0.3144831,0.058233034,-0.055461083,-0.13154463,0.04645805,-0.100860074,-0.063399605,-0.1243345,0.30268085,0.88509154,0.9105853,0.82312274,0.9030611,0.88467425,0.90230125,0.94900435,0.93885195,0.85415125,0.7988831,0.9811577,0.85202974,0.9517887,0.838642,0.8735628,0.92338645,0.92139226,0.9256021,0.9217705,0.7982773
4.0,-0.09177215,-0.081183545,-0.15884288,0.20326513,-0.173511,0.0075455946,0.13995914,-0.05565516,0.16772798,0.15023085,-0.056756414,-0.2348873,0.03097737,-0.0021559373,-0.09799888,0.058138467,-0.07351998,-0.050411113,-0.09042801,0.2177398,0.86266863,0.9170536,0.8127191,0.8785033,0.8842441,0.9140112,0.9461832,0.9404719,0.85806876,0.77052474,0.9761313,0.8087387,0.9413284,0.84091455,0.8647036,0.9378968,0.9289855,0.9288607,0.8999056,0.77767205
2.0,0.11396433,0.10084437,0.15045384,0.013407722,-0.008798718,-0.048188113,-0.0014158115,-0.0019083228,-0.108363636,-0.26588964,0.025517719,0.1744736,-0.106372,0.29140174,0.10378812,0.11770163,0.040575977,0.014231626,0.080096975,-0.24099208,0.8160227,0.9247194,0.6931734,0.78552085,0.8679352,0.9000213,0.9230687,0.9291727,0.8036187,0.64020896,0.9298589,0.6469363,0.89273345,0.81726176,0.7772034,0.94399184,0.9033963,0.9237048,0.8273915,0.68259573
6.0,-0.068397775,-0.056240886,-0.12751892,0.1849632,-0.14702861,-0.00076318125,0.12415062,-0.042072006,0.13202444,0.09873782,-0.047817636,-0.18553375,0.0078092054,0.044722438,-0.07309268,0.06910526,-0.06224119,-0.040076002,-0.07046113,0.15369725,0.86609036,0.9192592,0.7914441,0.87072486,0.8870779,0.9043165,0.9474174,0.94021404,0.84476054,0.75816655,0.96822286,0.79503506,0.9382547,0.84025925,0.8525131,0.9383853,0.9214435,0.92778176,0.90052474,0.77169365
6.0,-0.09556238,-0.08079433,-0.16685036,0.2098901,-0.16487429,0.0046116933,0.14415461,-0.04786431,0.16685,0.14974599,-0.058411285,-0.23527749,0.023864416,0.010495909,-0.09642483,0.0619691,-0.07810193,-0.048610665,-0.0912691,0.20776276,0.87588966,0.9163395,0.80148745,0.88331324,0.8873663,0.900434,0.9492968,0.940294,0.8452973,0.77517587,0.9728492,0.8182682,0.94413537,0.8400738,0.86050737,0.93242896,0.92043465,0.9267453,0.9111397,0.7836853
5.0,-0.17026772,-0.16808814,-0.27012673,0.26459506,-0.24058765,0.023857895,0.20039052,-0.0808646,0.2760985,0.30813992,-0.08723239,-0.3835171,0.09427588,-0.12631504,-0.16338754,0.031718254,-0.11594099,-0.079096444,-0.15253359,0.39633292,0.8798419,0.9038146,0.852545,0.91126364,0.8773173,0.9146851,0.94550997,0.93679935,0.8716032,0.81329155,0.9910515,0.870199,0.95376396,0.83631414,0.88782567,0.9158332,0.9300707,0.9258405,0.91695714,0.80229396
11.0,0.70427346,0.5046613,1.3895994,-0.88163483,0.6819465,-0.14793208,-0.24485904,0.10850977,-0.9051967,-1.7954006,0.24861799,1.6210433,-0.33396533,0.9308073,0.89942175,0.09223733,0.2950027,0.15494514,0.7546256,-1.6265854,0.5999297,0.8359035,0.32243034,0.57649875,0.6000701,0.7982812,0.62813926,0.7822352,0.5618353,0.26322773,0.7727234,0.24903676,0.6925476,0.56366986,0.45956904,0.75634205,0.7621103,0.8748647,0.49236318,0.34232825
7.0,-0.21775447,-0.23039734,-0.336233,0.29743034,-0.28950801,0.0319627,0.23914069,-0.10067816,0.34572122,0.41046682,-0.106262274,-0.47400892,0.14080593,-0.21346039,-0.20028824,0.014613379,-0.14064264,-0.09938257,-0.19109362,0.5143428,0.8857253,0.8917458,0.8802746,0.92806745,0.868184,0.91986847,0.94159883,0.93183726,0.8828819,0.83498883,1.0001931,0.9047537,0.9585502,0.82880205,0.8991595,0.8961211,0.9309973,0.9224516,0.919989,0.8113031
6.0,0.07325309,0.066439986,0.08249471,0.054724153,-0.03821065,-0.039558038,0.025626034,-0.006162687,-0.05609233,-0.18267336,0.007839737,0.09265742,-0.08423352,0.24138694,0.065554634,0.11275638,0.017623615,0.004464805,0.044798102,-0.15663128,0.83066964,0.9227627,0.7133062,0.80377424,0.87559795,0.89870876,0.93363535,0.9317931,0.8108264,0.6670889,0.9360356,0.68178606,0.9041749,0.8253531,0.7936474,0.9416426,0.906115,0.92494375,0.8481948,0.70443565
2.0,0.6599165,0.4810617,1.2841496,-0.8055756,0.6238009,-0.14570759,-0.24659431,0.091162756,-0.8485641,-1.6739397,0.23614304,1.5061656,-0.30961356,0.8861688,0.8324497,0.09892924,0.28948498,0.1420866,0.695813,-1.5144721,0.6173498,0.84039134,0.34422824,0.59018284,0.62518805,0.8072062,0.6592398,0.7896614,0.5730351,0.2824872,0.7857347,0.26868308,0.70695925,0.5852247,0.48029628,0.7750959,0.7628629,0.87302655,0.5173258,0.36015075
7.0,-0.14856789,-0.13938561,-0.24129307,0.24999526,-0.21113901,0.01701382,0.18484272,-0.06602801,0.24091282,0.25681242,-0.078563966,-0.33696532,0.06828936,-0.07560705,-0.14200187,0.042030334,-0.106712595,-0.06811078,-0.13357207,0.33098847,0.8859238,0.9088053,0.8305699,0.90714645,0.8830964,0.90401113,0.94836944,0.9384561,0.8577131,0.80480623,0.98411953,0.8599002,0.95316344,0.8380982,0.8777779,0.92078966,0.9229402,0.92544836,0.922639,0.80119514
6.0,-0.13818978,-0.13191155,-0.2268539,0.23793387,-0.20452815,0.0140535785,0.17749357,-0.063371584,0.22921029,0.23874761,-0.07489693,-0.31776118,0.064493716,-0.06451601,-0.13140495,0.045080245,-0.1010022,-0.06439942,-0.12616616,0.31104836,0.88179433,0.909242,0.82726365,0.9036777,0.88326013,0.90752184,0.94852805,0.9374757,0.85834,0.7980504,0.98175293,0.85196954,0.95194656,0.8378147,0.874233,0.92254514,0.92292064,0.92555046,0.91932344,0.7968334
4.0,-0.05759289,-0.04537635,-0.11547925,0.17665738,-0.1319285,-0.006700158,0.11727269,-0.03287698,0.11451029,0.07354402,-0.044541866,-0.16103598,-0.0035873624,0.069519326,-0.05839435,0.076083094,-0.057501048,-0.034204997,-0.061159164,0.1191945,0.871323,0.9181779,0.77766156,0.867768,0.8886296,0.8958435,0.94936824,0.9388957,0.8340251,0.7526271,0.96172017,0.79139227,0.9375041,0.83855784,0.8438432,0.9349349,0.91357845,0.92619956,0.90402985,0.769481
11.0,0.63906837,0.46074778,1.2146971,-0.7662303,0.5832913,-0.14786427,-0.25005534,0.084925994,-0.81402147,-1.6050394,0.23024237,1.4399902,-0.29525337,0.8549408,0.802343,0.112570494,0.28740114,0.13816476,0.6599902,-1.4563125,0.6281832,0.8377596,0.3566108,0.59419477,0.6423449,0.8056649,0.67741436,0.7894583,0.5775624,0.292786,0.7867993,0.28243133,0.7130793,0.5964599,0.49223998,0.77718306,0.75813353,0.874431,0.53075117,0.36844024
8.0,-0.14617775,-0.13572913,-0.23748308,0.24928951,-0.20918031,0.016763171,0.18256697,-0.06578874,0.23745152,0.25188652,-0.07752761,-0.33258602,0.065460525,-0.07147749,-0.14082612,0.043147635,-0.105283126,-0.06743645,-0.13153864,0.32551992,0.8848072,0.90939987,0.82973456,0.9051617,0.8831702,0.9039635,0.9483295,0.93888485,0.8572762,0.8034171,0.9841028,0.8571729,0.952524,0.83847,0.8775748,0.921769,0.923729,0.9257014,0.921346,0.8002189
4.0,-0.06133686,-0.050082564,-0.11796814,0.17830397,-0.14023493,-0.003392553,0.11939059,-0.03877717,0.122217394,0.084261075,-0.04524608,-0.17109051,0.0026895883,0.05627826,-0.06518384,0.07210297,-0.05856954,-0.03716536,-0.06468778,0.13623057,0.8658401,0.91928697,0.7861872,0.8681512,0.8872786,0.903087,0.947618,0.93968654,0.84192705,0.7538736,0.96584946,0.7905058,0.93725085,0.83968884,0.84886014,0.93814653,0.9195803,0.9274504,0.8996607,0.76911694
8.0,-0.26426128,-0.29874828,-0.4215564,0.35990185,-0.45242468,0.062710755,0.23913968,-0.20384791,0.46427068,0.5769432,-0.15137014,-0.6365167,0.26512146,-0.4683259,-0.27260926,-0.032655,-0.13576819,-0.1501798,-0.25258395,0.763781,0.7884442,0.8497803,1.0286487,0.87371516,0.82860816,1.0115579,0.9179031,0.9250076,0.9693636,0.833889,1.0026302,0.8724202,0.933894,0.7989374,0.9273814,0.88051116,0.9658172,0.9302475,0.8348005,0.76372164
9.0,-0.09777831,-0.08535981,-0.1693522,0.20938905,-0.17075446,0.006500013,0.14574356,-0.051108528,0.1720156,0.15684897,-0.05908621,-0.24190737,0.029610256,0.00048768893,-0.09959871,0.058988042,-0.07846367,-0.050285228,-0.09377098,0.21941607,0.8725902,0.916243,0.80697274,0.8839603,0.8863337,0.9050468,0.94814473,0.940147,0.8507004,0.7755993,0.9745221,0.8182628,0.94391596,0.84047484,0.8629612,0.9337202,0.9231379,0.92743,0.90862054,0.78298205
1.0,-0.35520783,-0.4662476,-0.5296646,0.3712788,-0.48432282,0.04025197,0.3679635,-0.17709935,0.5728961,0.7564533,-0.16820703,-0.7367582,0.31559068,-0.52638227,-0.29255447,-0.03713925,-0.21874158,-0.17984012,-0.30992165,0.913455,0.89043754,0.8377118,0.97538537,0.9652502,0.8259311,0.9510514,0.91089964,0.9031839,0.926532,0.8751612,1.0238831,0.9986224,0.95990217,0.7777208,0.909263,0.802483,0.9279393,0.89675546,0.89837545,0.8128254
11.0,0.65023184,0.47193983,1.252309,-0.787519,0.6053947,-0.14678384,-0.24846768,0.08794033,-0.8327462,-1.6422619,0.23334597,1.4759927,-0.30266297,0.8717333,0.81849235,0.10541889,0.2884429,0.14038143,0.6790896,-1.4875973,0.62215155,0.8391403,0.3499159,0.5920888,0.6331769,0.8066727,0.6677506,0.789346,0.5748531,0.28715956,0.7863066,0.2749086,0.7097521,0.5902921,0.48584792,0.77607286,0.7604563,0.8735753,0.5234772,0.36390397
6.0,0.06622821,0.05870346,0.06904154,0.060571544,-0.04208334,-0.03929833,0.030780934,-0.0050136545,-0.047148697,-0.16888042,0.004508918,0.07912579,-0.07969558,0.23309062,0.061493833,0.112817734,0.013673674,0.0035038926,0.038806904,-0.14385241,0.8350599,0.9207552,0.714799,0.80736077,0.8768448,0.89643055,0.9361011,0.93109775,0.8101044,0.67133015,0.93528485,0.68942726,0.9064964,0.8262526,0.79469794,0.9388404,0.90409577,0.92462873,0.85319877,0.70798206
11.0,0.60627186,0.42715794,1.1064267,-0.7044822,0.5198407,-0.15064368,-0.25175112,0.07723667,-0.7583195,-1.4960037,0.2203847,1.3346637,-0.2759721,0.8068545,0.7554201,0.13315302,0.28171778,0.13208562,0.6051261,-1.3658913,0.6456665,0.83372605,0.3769238,0.60046154,0.6683582,0.8019932,0.70592195,0.79015094,0.5861102,0.31019658,0.78786623,0.30578938,0.72243243,0.6147359,0.5108544,0.7807244,0.75234,0.8763977,0.55286145,0.383028
1.0,-0.30894595,-0.3715666,-0.46336964,0.353592,-0.39511597,0.03953603,0.32302853,-0.14189349,0.48533136,0.62031704,-0.14408644,-0.6428965,0.2396379,-0.3918545,-0.26199114,-0.017097525,-0.19186561,-0.1447913,-0.26606768,0.7511301,0.90066004,0.86184186,0.92891437,0.9597407,0.8450551,0.92848474,0.9262302,0.9163416,0.9001276,0.87011796,1.0169977,0.9735949,0.9637522,0.8028342,0.9087627,0.84142715,0.9255449,0.9085457,0.9200926,0.82203627
6.0,-0.15169933,-0.14183995,-0.24549764,0.2535281,-0.21339218,0.017873732,0.18702105,-0.067085735,0.24465889,0.26252505,-0.079675905,-0.3427667,0.069704294,-0.07942292,-0.14517072,0.041162178,-0.108386606,-0.06931105,-0.1358372,0.33734486,0.8868009,0.90855646,0.8318616,0.9079976,0.88286537,0.9033724,0.94830513,0.93866897,0.8577702,0.8066907,0.9849046,0.86208534,0.95350075,0.8381157,0.8789011,0.9201715,0.9231689,0.9254256,0.92328036,0.8022903
1.0,-0.2974588,-0.3524844,-0.44746223,0.34652185,-0.38152036,0.039305087,0.31160006,-0.13661353,0.46748143,0.593238,-0.13938035,-0.62232447,0.22724497,-0.36955342,-0.25485712,-0.013419196,-0.18488073,-0.13860893,-0.25674367,0.72138375,0.89796597,0.8659207,0.9238398,0.95572853,0.84826124,0.9280733,0.92888635,0.9186646,0.8989292,0.8660009,1.0147125,0.9644821,0.9633004,0.8068563,0.90861475,0.8495285,0.9268611,0.910956,0.92021835,0.82089
4.0,0.018418724,0.020762512,0.0014327466,0.10602505,-0.08295875,-0.022552716,0.062612504,-0.021556811,0.017657138,-0.070899904,-0.013360627,-0.018005125,-0.047564726,0.1626482,0.00803658,0.09437096,-0.012889933,-0.01287869,-0.0008202456,-0.031857014,0.84112406,0.9244292,0.7485557,0.8302562,0.8819553,0.90719855,0.93942285,0.9374188,0.83049625,0.70304453,0.9507259,0.724072,0.91872525,0.83428156,0.81973356,0.9469496,0.91701406,0.9277948,0.8679539,0.73191875
7.0,-0.1654641,-0.16246235,-0.2633326,0.26102242,-0.23692544,0.023187026,0.19640073,-0.07969225,0.26964965,0.29873854,-0.08539625,-0.3749209,0.090577394,-0.119363785,-0.15989096,0.033167996,-0.113190174,-0.07742402,-0.1488516,0.38615727,0.87815195,0.9047581,0.8508641,0.90897137,0.8777742,0.91519284,0.94557846,0.9371642,0.8714393,0.81066936,0.9903193,0.866021,0.95293033,0.83685935,0.8868925,0.9177059,0.93054247,0.92623293,0.9155149,0.8006857
1.0,-0.20119016,-0.20280719,-0.31096488,0.29576477,-0.2861736,0.035208695,0.21842518,-0.107749954,0.32576227,0.38247314,-0.100756034,-0.4536429,0.1289849,-0.2030519,-0.19952436,0.018216614,-0.12655023,-0.0971836,-0.17854933,0.49330664,0.86467355,0.8950203,0.8888239,0.9058935,0.8662998,0.92908525,0.93935055,0.9359563,0.89088327,0.8234767,1.0021443,0.8765542,0.951262,0.8332534,0.90432876,0.9080785,0.9442039,0.92718554,0.90030426,0.7987443
8.0,-0.14262679,-0.1308212,-0.23479372,0.24661383,-0.19943942,0.013535765,0.18114367,-0.0590937,0.22980684,0.24059093,-0.07664523,-0.32210177,0.05924565,-0.056824278,-0.13392663,0.046152137,-0.10513261,-0.06408315,-0.12801626,0.30726853,0.89165294,0.9095116,0.8203424,0.90776736,0.88559234,0.897293,0.9502032,0.9385713,0.84954274,0.8035124,0.98030925,0.86007947,0.95414525,0.837646,0.8725739,0.9202009,0.9173164,0.9244052,0.9281766,0.80264205
5.0,0.06270746,0.054685906,0.061121143,0.06388975,-0.04307624,-0.04003323,0.033282563,-0.0035402323,-0.043006934,-0.16224505,0.0023441724,0.072736844,-0.07787548,0.22997068,0.060564715,0.11409371,0.011567187,0.0034373645,0.035651933,-0.13911375,0.8383836,0.9186821,0.71417695,0.8088426,0.87747866,0.8936405,0.9382076,0.9300916,0.80774933,0.673406,0.93380135,0.69395703,0.90762097,0.8262481,0.79431987,0.9356762,0.9014832,0.92405474,0.8566423,0.70975786
4.0,-0.009267952,-0.003440703,-0.04334438,0.13217303,-0.09890257,-0.018063197,0.08258033,-0.023131888,0.05212441,-0.018712927,-0.025274146,-0.06955886,-0.0330327,0.13165016,-0.014435593,0.09009774,-0.029356208,-0.019545436,-0.022917353,0.020043403,0.8545932,0.92125726,0.75683403,0.84391844,0.8854583,0.9003593,0.94487,0.93739974,0.82914615,0.72115,0.95318836,0.7498669,0.92597264,0.8361779,0.82738954,0.9406658,0.91377455,0.9268259,0.88332087,0.7462016
8.0,-0.06805418,-0.053505592,-0.13084932,0.18752086,-0.13822019,-0.0045395526,0.124616265,-0.03491258,0.12738347,0.09275068,-0.04879111,-0.18009478,0.0014386917,0.057784706,-0.0678993,0.073702835,-0.06376052,-0.037435804,-0.069230825,0.13891044,0.87554216,0.9173135,0.7811749,0.8724615,0.88910055,0.8936794,0.95047545,0.93927634,0.8335473,0.75963664,0.9633849,0.8004612,0.93985665,0.83861315,0.8469983,0.93295604,0.913024,0.92582345,0.9087501,0.77463007
6.0,0.040178034,0.036359858,0.029162906,0.084504165,-0.0617913,-0.032088242,0.04886694,-0.010198528,-0.012702763,-0.11652359,-0.0057038944,0.027234644,-0.06271934,0.1975735,0.03579366,0.10487611,-0.0010026582,-0.0039547794,0.017320018,-0.08690785,0.842262,0.9209886,0.72948354,0.82073593,0.8805035,0.89834684,0.9395004,0.9333745,0.81767964,0.6885086,0.9410016,0.71101815,0.9139871,0.83049464,0.80573934,0.9401539,0.9073691,0.9256211,0.86452454,0.7215637
10.0,0.22095978,0.17513785,0.3195491,-0.11082067,0.08016598,-0.07983406,-0.06855401,0.019620743,-0.24407506,-0.4960395,0.06893429,0.39772743,-0.15875496,0.42187834,0.22828352,0.13904782,0.0997452,0.042942345,0.17585163,-0.47717392,0.79063547,0.9106433,0.62186056,0.7373293,0.8413074,0.87795454,0.8974758,0.9065583,0.7597204,0.56495047,0.89895314,0.56664187,0.85862386,0.78642035,0.72016895,0.91971964,0.87134814,0.9131967,0.77756,0.61850214
9.0,-0.21137391,-0.22533628,-0.3273895,0.29111606,-0.29213172,0.032442234,0.23234195,-0.10364622,0.3410896,0.40349022,-0.10485887,-0.4666689,0.14224178,-0.21569026,-0.19742516,0.014920279,-0.13547297,-0.098908715,-0.18791348,0.5112187,0.8762495,0.89154154,0.88605946,0.92185265,0.86690515,0.9277111,0.94107985,0.9317476,0.8895076,0.82948625,0.99973285,0.89524484,0.95620906,0.82894194,0.9000343,0.89926213,0.93538344,0.9237229,0.9122176,0.8057696
10.0,0.03295254,0.02826916,0.01722385,0.089437574,-0.06654833,-0.03095157,0.05431667,-0.0106436275,-0.0026919171,-0.10206841,-0.008610278,0.013291128,-0.056562312,0.18683988,0.030662846,0.10294399,-0.005037684,-0.0055372305,0.01148973,-0.07172117,0.8450196,0.9198223,0.73257244,0.82513314,0.8813273,0.898375,0.9406733,0.93299633,0.81899995,0.6928507,0.94142693,0.718187,0.9165098,0.83121395,0.8075682,0.939029,0.90669507,0.9255057,0.86841434,0.72505385
4.0,0.017102042,0.01963458,-0.00030267984,0.10723092,-0.08372297,-0.022424877,0.063406914,-0.022087699,0.019510396,-0.068220764,-0.013962682,-0.020338193,-0.046711717,0.16086462,0.006940212,0.09438731,-0.013678212,-0.01326235,-0.0018178746,-0.029272929,0.8412288,0.92421085,0.74924314,0.830712,0.8819579,0.90753067,0.9397695,0.93737286,0.83057404,0.7037939,0.951077,0.72501326,0.9190746,0.83425784,0.8202815,0.946602,0.9172392,0.92772573,0.8682928,0.7324695
7.0,-0.19276981,-0.19480908,-0.30184066,0.28149107,-0.25778398,0.026826538,0.219329,-0.086510755,0.30625057,0.3522297,-0.095797464,-0.42357785,0.1115774,-0.1587869,-0.17961997,0.024901006,-0.12889268,-0.08709617,-0.16976076,0.44386417,0.88800234,0.8992529,0.86006707,0.92203224,0.87492454,0.91209394,0.9448893,0.9350212,0.87200224,0.8255744,0.9945124,0.8899558,0.95755196,0.8334234,0.8918378,0.90662897,0.9275836,0.9238243,0.92367375,0.80976295
6.0,-0.021575112,-0.0149200875,-0.059624303,0.14204325,-0.1119172,-0.012771937,0.09097667,-0.029399369,0.07022546,0.0074974895,-0.02947906,-0.09560463,-0.022057055,0.109109625,-0.028763773,0.083342165,-0.03569991,-0.024646938,-0.033270612,0.05296226,0.85377747,0.9221014,0.7678896,0.84968656,0.88549757,0.9054945,0.9442029,0.93870765,0.837114,0.72870547,0.9579974,0.75777364,0.9284491,0.8379425,0.83461446,0.9433953,0.9184033,0.9279278,0.8847051,0.7510664
5.0,-0.32341784,-0.44076273,-0.50155777,0.3344646,-0.49540922,0.040829636,0.3349529,-0.17939152,0.55224967,0.7166334,-0.16526757,-0.6996069,0.32055375,-0.5230634,-0.2661024,-0.037468962,-0.20288536,-0.17321786,-0.30340704,0.8814776,0.8651382,0.83824694,0.9962538,0.96400386,0.8299297,0.98789406,0.9206866,0.90029,0.9549462,0.86227155,1.0039707,0.9814008,0.96012795,0.7770964,0.90697634,0.8176792,0.93091863,0.89902204,0.890422,0.8068858
8.0,-0.11225738,-0.09815913,-0.19402954,0.22263987,-0.17151499,0.0054694507,0.1582777,-0.046616662,0.18705492,0.17867476,-0.06560421,-0.2633255,0.03448041,-0.0066085793,-0.10584344,0.05783944,-0.08901499,-0.052086808,-0.10390034,0.23470981,0.8881256,0.91286683,0.8017738,0.89545304,0.8886104,0.8934307,0.95144194,0.9389309,0.8407118,0.7867994,0.97200644,0.8383173,0.94970274,0.8382364,0.86097854,0.9254976,0.91310805,0.92465794,0.9240453,0.7932447
9.0,-0.4641093,-0.84763294,-0.71883047,0.37506998,-0.93252957,-0.0040028305,0.5015993,-0.33873934,0.9221365,1.2475538,-0.2559535,-1.0123007,0.6037541,-1.0535525,-0.3484556,-0.101640366,-0.35248786,-0.3470955,-0.49164587,1.5051526,0.8369288,0.7304702,1.1908165,1.0112368,0.7514578,1.1192136,0.83941805,0.8473767,1.0591655,0.8592621,0.9896849,1.1692706,0.94757706,0.6338558,0.83233327,0.64322203,0.9358698,0.81706834,0.79615474,0.80368006
8.0,-0.19635902,-0.19620425,-0.30790415,0.2859576,-0.25252888,0.02542213,0.2235722,-0.082195796,0.3073804,0.3537003,-0.09691902,-0.42572087,0.10841864,-0.15210812,-0.17962597,0.025693705,-0.13295719,-0.08640165,-0.17129242,0.43958086,0.8973431,0.89938426,0.85292053,0.9279673,0.8769053,0.90439844,0.9463074,0.93514436,0.864392,0.8303267,0.99323434,0.89861655,0.96033967,0.8328076,0.889407,0.90402293,0.921947,0.9223647,0.93251026,0.81537724
1.0,-0.2212775,-0.23077497,-0.34067735,0.30323246,-0.28520083,0.031297848,0.24267036,-0.09805754,0.34687644,0.41192055,-0.10671043,-0.47665042,0.13679864,-0.20767054,-0.20196304,0.015544657,-0.1439636,-0.09917137,-0.19212689,0.51157576,0.89283115,0.89225763,0.8745952,0.93145114,0.869246,0.913169,0.9422207,0.9324369,0.8764282,0.8387873,1.0004346,0.91072863,0.96040356,0.82895464,0.8981803,0.8943727,0.92800796,0.92161584,0.9257825,0.8154819
3.0,0.06814456,0.06084027,0.07319767,0.058776136,-0.041412547,-0.039035063,0.029397503,-0.0057366192,-0.049413897,-0.17250872,0.005612321,0.08265221,-0.080629766,0.23479441,0.062175956,0.112239145,0.014808621,0.003595015,0.04050434,-0.14661418,0.83334666,0.92169726,0.7149831,0.8065313,0.876465,0.8978189,0.9350558,0.9315358,0.8111475,0.67017984,0.93591976,0.68707466,0.905912,0.82615507,0.7947533,0.94033366,0.90528363,0.9248778,0.8514416,0.70700383
6.0,-0.024705332,-0.01592103,-0.06035977,0.1465568,-0.12209046,-0.0077520073,0.09110562,-0.038678356,0.077641144,0.018166427,-0.030203868,-0.106590025,-0.016017227,0.09417485,-0.038996004,0.077723846,-0.036122326,-0.028741397,-0.03708647,0.071880996,0.8448104,0.9243321,0.77971977,0.8484561,0.88364124,0.9156261,0.9415026,0.9408038,0.8473728,0.7304432,0.9633815,0.7545548,0.92759943,0.83905995,0.8413851,0.9498441,0.926792,0.9298182,0.8782956,0.7506562
2.0,-0.07861372,-0.06879606,-0.14153983,0.1910091,-0.1599396,0.0033775168,0.13142562,-0.04814595,0.14843237,0.12200935,-0.051604442,-0.2079485,0.020195143,0.021650959,-0.083763,0.062888764,-0.06692244,-0.044629015,-0.079589635,0.18405503,0.86402404,0.91833055,0.80191064,0.87512887,0.88576704,0.91002864,0.9464368,0.9400877,0.85261756,0.76343066,0.97152746,0.8014138,0.939707,0.8407751,0.8579781,0.93896973,0.9248,0.9285323,0.9001413,0.7740971
1.0,-0.23613888,-0.25356936,-0.36011678,0.31280965,-0.30966616,0.034806803,0.25343657,-0.110391974,0.37303948,0.4505249,-0.11330844,-0.50892645,0.15768948,-0.24821284,-0.21575847,0.009091854,-0.1496498,-0.10822349,-0.2052822,0.5609015,0.88570654,0.88634,0.8919281,0.93033963,0.8628935,0.92203695,0.9387906,0.9300915,0.8867544,0.84169525,1.0049204,0.91488564,0.959324,0.8253505,0.9037069,0.8873736,0.93360645,0.9211164,0.91715586,0.812454
4.0,-0.14162996,-0.13221708,-0.23078194,0.24445781,-0.20845021,0.016652923,0.17879349,-0.06627304,0.23274091,0.24500814,-0.07585378,-0.32578206,0.064596094,-0.06921376,-0.13792111,0.043556575,-0.102114804,-0.06647379,-0.12856081,0.32009554,0.8808206,0.90998626,0.83073735,0.90234756,0.8828132,0.9070963,0.9477594,0.9389059,0.8598602,0.800094,0.98396075,0.8519328,0.9511287,0.8388998,0.8774684,0.9238045,0.9255569,0.9263495,0.9177623,0.79737324
7.0,-0.32759154,-0.42180774,-0.49390617,0.3511518,-0.45737946,0.04067364,0.3390405,-0.16610597,0.534819,0.69531584,-0.15863782,-0.6905807,0.29158795,-0.4804057,-0.27421135,-0.029487312,-0.20218237,-0.1654532,-0.29119202,0.8475598,0.880374,0.846294,0.9693576,0.95876217,0.8334147,0.9573144,0.91980493,0.907381,0.9292941,0.8665114,1.0159938,0.9784607,0.9608155,0.78673077,0.91006833,0.8224836,0.93195295,0.90247154,0.8991585,0.8111492
1.0,-0.17366268,-0.17323983,-0.27365977,0.27025643,-0.2612653,0.029573048,0.19793573,-0.0963537,0.28855243,0.32678974,-0.09019485,-0.40151632,0.10824058,-0.15810779,-0.1751458,0.026254753,-0.1129688,-0.08567678,-0.15836607,0.4292909,0.8611078,0.9008663,0.874328,0.90086687,0.8712641,0.9307281,0.94174033,0.937072,0.8877452,0.8107774,0.9956858,0.8599333,0.9494126,0.83575445,0.89605194,0.9183556,0.9419857,0.9283703,0.9001083,0.7941821
1.0,-0.26143268,-0.2898794,-0.39729813,0.3281642,-0.32678527,0.035423473,0.2791546,-0.11367815,0.40625626,0.50036824,-0.12303821,-0.5505263,0.1778994,-0.28075314,-0.2290519,0.0013219118,-0.1665548,-0.1171361,-0.22499572,0.61039734,0.90212303,0.88063043,0.893659,0.9488732,0.8609104,0.9153463,0.9373529,0.92641747,0.8826424,0.8569621,1.0073434,0.9438457,0.9643257,0.81944865,0.9033218,0.8728118,0.9242797,0.9163411,0.9305651,0.82345796
9.0,-0.41880295,-0.687894,-0.661454,0.38304368,-0.82523274,0.03312383,0.4155467,-0.31843275,0.80827993,1.0719413,-0.24230823,-0.94249,0.5373815,-0.9339497,-0.32977226,-0.09717337,-0.27598935,-0.2914471,-0.44190374,1.3259703,0.8009938,0.7578644,1.1856648,0.9680384,0.7683768,1.1180388,0.8738601,0.8676128,1.0625292,0.8596249,0.97949976,1.0652584,0.9410851,0.6806112,0.87296754,0.7124997,0.93751216,0.85900277,0.80427307,0.78512675
4.0,-0.027929094,-0.01845771,-0.070680335,0.15045823,-0.112558275,-0.012873029,0.09549311,-0.027875088,0.07623348,0.017422207,-0.032634463,-0.10563309,-0.022317436,0.107427955,-0.03304579,0.08451225,-0.040089022,-0.025597207,-0.03787398,0.05959282,0.85991144,0.9209323,0.7662423,0.85240775,0.8868619,0.8995336,0.946499,0.93863606,0.83221126,0.73346335,0.95743346,0.7647446,0.9300779,0.83773625,0.8349886,0.93982357,0.91528124,0.9270049,0.89038265,0.75520766
2.0,0.10595712,0.09106101,0.13391882,0.01992964,-0.013331763,-0.04849192,0.0042499825,0.00018517766,-0.097965665,-0.24951588,0.0215875,0.15871207,-0.10142171,0.28203002,0.100072145,0.11959454,0.036242638,0.01357834,0.07295279,-0.22663756,0.82127273,0.92166346,0.694751,0.78913134,0.86969274,0.8972031,0.9269756,0.927868,0.8025487,0.6447018,0.9284928,0.65589076,0.89533484,0.8188564,0.7783886,0.9397135,0.90091634,0.923359,0.8332881,0.6864215
2.0,0.45724067,0.32865736,0.7562145,-0.44962066,0.3172837,-0.13203838,-0.1994574,0.04979142,-0.54438835,-1.071387,0.16549669,0.9349878,-0.23584571,0.66346717,0.5331127,0.14480145,0.22194077,0.09568426,0.41955617,-1.0013968,0.7132303,0.8627688,0.46656266,0.64609367,0.74777573,0.822601,0.798036,0.83483374,0.6505269,0.4016085,0.83058786,0.39851534,0.7735524,0.6902975,0.5908126,0.842658,0.7885657,0.8834161,0.6446792,0.46882463
6.0,-0.14741337,-0.14115736,-0.2391741,0.24638921,-0.21427393,0.017182421,0.18391585,-0.06815004,0.2420161,0.25793698,-0.078361064,-0.3365841,0.07188357,-0.08079001,-0.14118111,0.041319646,-0.10539326,-0.06854282,-0.13354574,0.3346764,0.88169605,0.90824604,0.8341089,0.9058481,0.8819336,0.9088434,0.9477822,0.93774825,0.8617561,0.80279565,0.98467356,0.8571509,0.9524585,0.83782244,0.87849903,0.92125195,0.92515105,0.9257695,0.91906375,0.7988716
10.0,-0.06544567,-0.05372417,-0.12001201,0.18284126,-0.15482253,0.002781739,0.11976366,-0.050644472,0.13264763,0.099365935,-0.046409443,-0.18628547,0.012170588,0.034298472,-0.077368826,0.065349534,-0.058497265,-0.04244207,-0.069925115,0.1628479,0.85358596,0.92085844,0.8022383,0.8655689,0.8842784,0.9163125,0.9442491,0.9415088,0.85583717,0.7551274,0.9722696,0.78586894,0.9355716,0.8411554,0.85744387,0.94477993,0.9303035,0.92988753,0.890099,0.7671094
3.0,-0.06578152,-0.050598413,-0.121743575,0.18632784,-0.14760213,0.00053158903,0.12073302,-0.045166433,0.12885284,0.0949384,-0.046624504,-0.18247226,0.0045511294,0.046692375,-0.07512781,0.06947225,-0.06024213,-0.04072789,-0.068602614,0.1516586,0.8614041,0.9210084,0.79394084,0.86656255,0.88644594,0.90683186,0.94635415,0.941618,0.8468131,0.7566928,0.9703635,0.78922147,0.93638945,0.8410322,0.8547185,0.94141865,0.92559415,0.928622,0.895869,0.76984245
2.0,0.03483842,0.031179413,0.018804505,0.08982549,-0.06314465,-0.03276066,0.052579056,-0.009051929,-0.006382078,-0.106679425,-0.008681637,0.018047191,-0.060291413,0.1929297,0.033460055,0.1061281,-0.004324306,-0.0044390596,0.012934301,-0.07960437,0.8463806,0.91866666,0.7290608,0.8231194,0.8813274,0.89512235,0.9420412,0.932323,0.81458473,0.6918187,0.93976533,0.717199,0.9156624,0.83021283,0.8057392,0.9363358,0.90443176,0.9247847,0.86901575,0.7244013
2.0,0.40346962,0.30335048,0.6618117,-0.3642455,0.2615044,-0.116826266,-0.17071155,0.03743846,-0.47762343,-0.93579876,0.14397556,0.81119394,-0.22384231,0.61846447,0.45155984,0.13484903,0.19552971,0.08085086,0.3636002,-0.88099015,0.7302122,0.88272965,0.50149286,0.6675348,0.77043927,0.83969766,0.8201551,0.8583031,0.6781309,0.43861166,0.85311943,0.4295482,0.7934849,0.7125,0.62075263,0.8716644,0.81293607,0.88933057,0.6743103,0.50379497
7.0,-0.20870791,-0.2262688,-0.32559836,0.28483787,-0.29180306,0.031811234,0.23134851,-0.101969756,0.3388485,0.40005538,-0.10441627,-0.46246988,0.14418796,-0.21489137,-0.19326198,0.014182087,-0.13438545,-0.09771628,-0.18726416,0.5079777,0.87644804,0.8914705,0.8855819,0.9243103,0.8677085,0.9296855,0.9416524,0.9307674,0.891265,0.828488,0.99759007,0.8959111,0.95639026,0.8285074,0.8984016,0.8997652,0.9331944,0.92353225,0.91373014,0.80569327
5.0,-0.2146956,-0.2174199,-0.33347166,0.3012582,-0.26568133,0.02753364,0.23912972,-0.0870019,0.33149844,0.38898966,-0.10380959,-0.45780188,0.12130326,-0.17695217,-0.19295384,0.020471284,-0.14376634,-0.09311763,-0.18521914,0.47653586,0.9047837,0.89556575,0.85791254,0.9368086,0.8746437,0.9014944,0.94553804,0.93390447,0.8632912,0.8408973,0.99616015,0.91538966,0.9635679,0.83001584,0.8920537,0.89604664,0.9194514,0.9204306,0.93851006,0.8219722
5.0,0.061966404,0.061653063,0.07159532,0.06777771,-0.05212081,-0.031590115,0.03195086,-0.016486708,-0.03959278,-0.15759291,0.004671151,0.067210644,-0.07533137,0.21982014,0.04556599,0.10281001,0.011649903,-0.001838889,0.035297904,-0.122728944,0.8255276,0.9282085,0.728326,0.80900013,0.8763188,0.9091903,0.9310686,0.9365896,0.8232956,0.6756107,0.9446541,0.6858004,0.9068929,0.8281959,0.80419666,0.9520181,0.9162624,0.9273255,0.84730947,0.71058387
1.0,-0.31131816,-0.38482437,-0.46779498,0.34924814,-0.42795807,0.04264206,0.3197833,-0.15770867,0.5024527,0.64690125,-0.14981098,-0.6602684,0.2651186,-0.4383291,-0.2686503,-0.023065642,-0.18849787,-0.15373823,-0.27372864,0.7952314,0.8764034,0.8540783,0.95876366,0.946659,0.83749634,0.9510656,0.9231133,0.9139234,0.9232199,0.8610231,1.0158038,0.96029234,0.9585664,0.7966308,0.9131429,0.83819884,0.93649834,0.90943784,0.8979783,0.80829173
8.0,-0.20234025,-0.20712152,-0.31503236,0.28836706,-0.26723927,0.02840506,0.22717237,-0.09040123,0.32009178,0.3725402,-0.09954414,-0.4415993,0.120511405,-0.17571637,-0.1870691,0.021580705,-0.13394016,-0.09113066,-0.17742172,0.46706873,0.8894507,0.89691347,0.86527634,0.9254663,0.87311167,0.9128348,0.94409513,0.9340886,0.8739042,0.83005637,0.9964389,0.8970252,0.95857227,0.83195496,0.89407307,0.9026604,0.92772835,0.923116,0.9244631,0.8117364
2.0,0.5231643,0.38162813,0.92178166,-0.56111413,0.41175434,-0.13676843,-0.22403154,0.05697672,-0.6427841,-1.2629265,0.19074146,1.1154822,-0.25566414,0.7355427,0.62435883,0.12849715,0.2507787,0.108318456,0.5053033,-1.1624491,0.68210995,0.8553462,0.42445868,0.62780696,0.7099547,0.81739366,0.7552992,0.81905645,0.6222507,0.3592639,0.8177318,0.3506389,0.751082,0.6563715,0.553896,0.82385546,0.7755746,0.87684375,0.60248077,0.4300726
8.0,-0.28945458,-0.3486937,-0.43839794,0.334137,-0.3872868,0.038770504,0.30380598,-0.13854793,0.46420676,0.5871695,-0.13880241,-0.61286,0.23211758,-0.374543,-0.24842088,-0.013126418,-0.18022789,-0.13810515,-0.2545891,0.71907985,0.8872194,0.8650519,0.9318873,0.9520193,0.84802026,0.93947935,0.93007106,0.9171651,0.9084802,0.85955286,1.0115186,0.95578223,0.96229506,0.8056812,0.9082433,0.8521894,0.9303273,0.9112081,0.9133438,0.8156649
2.0,0.5944977,0.44349638,1.1257137,-0.689762,0.5321275,-0.13813685,-0.23843917,0.069947556,-0.75779474,-1.4866711,0.21542506,1.3279996,-0.2825777,0.8214697,0.7290013,0.10292654,0.27484566,0.12231655,0.60992795,-1.3482574,0.6454254,0.8511045,0.37973934,0.610602,0.661522,0.81760657,0.70259506,0.8066105,0.5953495,0.3161171,0.80606383,0.3010336,0.7286506,0.6179463,0.51286626,0.8052163,0.77092665,0.87180054,0.5560864,0.3916757
9.0,-0.17785579,-0.17849809,-0.28046793,0.26973775,-0.2514941,0.026123129,0.20574844,-0.08631701,0.2886774,0.3265713,-0.09048963,-0.4000134,0.10393671,-0.14496161,-0.17072606,0.028121114,-0.11904997,-0.08311252,-0.15931548,0.41977727,0.8773678,0.9016126,0.86061585,0.91228944,0.87501687,0.91863424,0.9444342,0.9360442,0.8765642,0.8160145,0.99319786,0.87362057,0.95381993,0.83529145,0.89108187,0.91358894,0.9323978,0.925877,0.9145728,0.80226946
8.0,-0.27980426,-0.3269553,-0.4239763,0.33233908,-0.36056817,0.03673875,0.29661706,-0.1268819,0.4421228,0.55363345,-0.13263807,-0.5885887,0.20955336,-0.33443826,-0.24024253,-0.007006716,-0.17668611,-0.1293492,-0.24336596,0.6742954,0.8970699,0.8717115,0.9131624,0.95412385,0.8539803,0.92703474,0.9333076,0.9204568,0.89516115,0.86064297,1.0103902,0.95481783,0.9643432,0.811286,0.9055529,0.8594117,0.9259663,0.9124919,0.92386705,0.8211995
1.0,-0.29618484,-0.34777385,-0.44535655,0.34780058,-0.37423167,0.038675092,0.31097332,-0.13341132,0.4628707,0.58591086,-0.13803406,-0.61749655,0.22103848,-0.3588124,-0.25336793,-0.011820849,-0.18499044,-0.13655746,-0.25457412,0.7102618,0.90220714,0.86754483,0.9179609,0.957356,0.8497735,0.9236756,0.92972004,0.91952074,0.89416033,0.8674568,1.0145797,0.9661774,0.96435326,0.80817324,0.90767515,0.85072094,0.92502356,0.9110191,0.92429173,0.8234322
4.0,-0.10154678,-0.087807134,-0.17577595,0.21368253,-0.16990086,0.006053302,0.14896955,-0.049295016,0.17520216,0.16166215,-0.060714208,-0.24686301,0.029383011,0.00073440373,-0.10118325,0.059321135,-0.08139576,-0.050556816,-0.09612085,0.22162166,0.8776125,0.9155424,0.80451417,0.8868174,0.8872293,0.90063834,0.94926286,0.94000757,0.8468459,0.7787058,0.97374076,0.8236731,0.9454351,0.83999866,0.86222196,0.9313448,0.92012894,0.92661893,0.9132539,0.7860024
8.0,-0.12606972,-0.11586653,-0.21263379,0.23035797,-0.18588056,0.009032894,0.16927429,-0.05280654,0.2082287,0.20865494,-0.07065817,-0.2907322,0.049155246,-0.033462066,-0.117624655,0.051500283,-0.09621473,-0.057576396,-0.115347266,0.27092892,0.8883988,0.9109722,0.81182027,0.90215164,0.8869541,0.8978832,0.9505875,0.93795824,0.8470876,0.7938135,0.97586966,0.8483588,0.9519841,0.8377977,0.8663744,0.92314214,0.9153803,0.9245572,0.925236,0.79692894
7.0,-0.091811925,-0.07934918,-0.16083977,0.20446607,-0.16604255,0.005119702,0.14129218,-0.049369376,0.1639466,0.1451297,-0.05679471,-0.23058556,0.02521294,0.009335645,-0.09437504,0.060990747,-0.075149804,-0.048232473,-0.08907001,0.20627077,0.87110853,0.9169426,0.80402434,0.881244,0.8865298,0.9050884,0.9480082,0.94022155,0.84970427,0.77207655,0.97332954,0.8134471,0.94277334,0.84053093,0.86099225,0.9348751,0.92297536,0.9275609,0.9069022,0.78070885
7.0,-0.22299986,-0.23577514,-0.34330675,0.30229923,-0.29141584,0.032134846,0.24392349,-0.10098002,0.35167435,0.41918144,-0.10793883,-0.48201966,0.14276715,-0.21766725,-0.20364787,0.013737138,-0.14410838,-0.10089899,-0.19452147,0.52227265,0.8894996,0.8909645,0.87969846,0.9309868,0.86790496,0.9172015,0.94148546,0.9316034,0.88075256,0.83827335,1.0010056,0.91019154,0.95971745,0.8281276,0.8993952,0.8935364,0.92956823,0.9216913,0.9228216,0.8138067
9.0,-0.1839408,-0.18453297,-0.28932753,0.27467218,-0.25194758,0.025917705,0.21169284,-0.08488425,0.29484135,0.33556297,-0.09252017,-0.40839732,0.105495445,-0.14742771,-0.17358877,0.027362674,-0.12358014,-0.08416536,-0.16315559,0.42657888,0.8838208,0.9009618,0.8581516,0.9173245,0.87564725,0.91399634,0.9450401,0.9357014,0.8727765,0.820474,0.9933421,0.88154966,0.95585114,0.8346126,0.89068145,0.91045916,0.92919105,0.92476606,0.9201953,0.80636686
11.0,0.68464464,0.4965702,1.3474312,-0.8487075,0.65936124,-0.14695534,-0.24510774,0.10139053,-0.88261855,-1.7451982,0.24385066,1.572862,-0.3244178,0.91375643,0.8704003,0.092765346,0.29268047,0.14843574,0.7310628,-1.5776979,0.60763484,0.8386508,0.33115628,0.5827786,0.6091632,0.8035822,0.6409213,0.7863417,0.5671607,0.27106002,0.7795141,0.25652137,0.69929934,0.57320046,0.4679795,0.7658314,0.7638628,0.87399405,0.502748,0.34976485
7.0,-0.08895595,-0.07608981,-0.15844588,0.20228629,-0.15946996,0.002608797,0.13995698,-0.044754677,0.1582436,0.13684522,-0.056013748,-0.22261742,0.020757137,0.019437589,-0.08899959,0.063644946,-0.07451914,-0.045861386,-0.08622895,0.19327037,0.875351,0.916526,0.7974923,0.8818099,0.8877677,0.90024626,0.94921607,0.93970513,0.8441941,0.7712095,0.9705016,0.8144199,0.9433437,0.83982253,0.8572722,0.93300426,0.9186604,0.9266518,0.91051805,0.7813256
4.0,-0.091516905,-0.083205104,-0.15871522,0.2009978,-0.17682534,0.008474787,0.13966507,-0.05737209,0.16918923,0.15198588,-0.056780457,-0.23642932,0.034811467,-0.007648494,-0.09827817,0.05617117,-0.0726559,-0.05095134,-0.09119668,0.2224783,0.8598835,0.91668236,0.8160469,0.8784862,0.88341165,0.91773045,0.9454463,0.94012916,0.8620134,0.76979655,0.9761715,0.8078586,0.94092077,0.84088385,0.86538446,0.93901455,0.93008345,0.9293992,0.8979971,0.7764254
6.0,-0.16484313,-0.16400376,-0.2624668,0.2592965,-0.24288589,0.024786064,0.19487867,-0.083630905,0.27156827,0.30201173,-0.085782915,-0.37755948,0.095493,-0.12819412,-0.16148183,0.031242685,-0.111328274,-0.07877574,-0.14974374,0.39418656,0.87197363,0.90410155,0.85736835,0.90627134,0.87619096,0.9212323,0.9446203,0.9370119,0.8776638,0.8088709,0.99111795,0.8621117,0.95136034,0.8367938,0.8889676,0.9191263,0.93380576,0.927155,0.9103132,0.79762214
8.0,-0.08196437,-0.06946339,-0.14350034,0.19766554,-0.16886047,0.007064442,0.13130829,-0.056670185,0.15551706,0.13275895,-0.05291809,-0.21871005,0.024221793,0.00853293,-0.093112946,0.060140505,-0.06735217,-0.048489787,-0.08316842,0.20079522,0.8559684,0.91902786,0.8120918,0.87170756,0.8836567,0.91731685,0.94473606,0.9415668,0.85954946,0.7647191,0.97622335,0.797823,0.9384092,0.8414221,0.8639862,0.9422132,0.93227774,0.92981064,0.89345187,0.7729752
1.0,-0.23283377,-0.2538331,-0.35729903,0.31242955,-0.3356919,0.041051857,0.2425746,-0.1292176,0.3810689,0.4632615,-0.11665964,-0.5211975,0.17611268,-0.28670287,-0.2239818,0.0031827986,-0.14018604,-0.11467684,-0.20835704,0.5929154,0.8561017,0.88115895,0.9222706,0.91146207,0.85541433,0.94606495,0.93459296,0.930004,0.91039455,0.8327097,1.006172,0.8938906,0.9517118,0.82324076,0.9115052,0.89151937,0.94789016,0.9250514,0.8915155,0.7967854
6.0,-0.05088772,-0.03961608,-0.10142945,0.17004141,-0.13504396,-0.004420386,0.11111659,-0.038809683,0.10922606,0.06539784,-0.0409106,-0.15284716,-0.0036310651,0.06782936,-0.05832274,0.07414131,-0.052123,-0.03482121,-0.056772932,0.11778714,0.85974497,0.9210861,0.78446597,0.86198884,0.886473,0.9063071,0.946018,0.9402858,0.84339744,0.74725205,0.96551955,0.7797184,0.9342526,0.83991563,0.8472345,0.9417288,0.9222037,0.92825514,0.893279,0.7638753
8.0,-0.15240389,-0.14246628,-0.24855733,0.2535455,-0.20844294,0.015828842,0.18893081,-0.06264045,0.24370813,0.2606901,-0.08030672,-0.3409987,0.06807523,-0.073486805,-0.14214307,0.042122483,-0.11034982,-0.06783066,-0.13594884,0.3307195,0.8934577,0.9079774,0.8258425,0.9124139,0.88455945,0.898156,0.9496874,0.93803936,0.8521123,0.8089066,0.98236394,0.86795425,0.95566475,0.8370493,0.8755713,0.9177782,0.9175919,0.9240986,0.9301207,0.8056774
3.0,0.044885114,0.041876514,0.035101093,0.082468055,-0.056622725,-0.03443477,0.045090634,-0.008252362,-0.020105205,-0.1266584,-0.004710921,0.0374313,-0.068366624,0.20743768,0.041011695,0.108824804,0.0012890697,-0.002178492,0.020916533,-0.10053703,0.84268326,0.9200027,0.72468776,0.8171232,0.8800839,0.8949947,0.94047713,0.9325276,0.81272125,0.6856898,0.9388457,0.70747364,0.9121593,0.82916546,0.80297756,0.9375634,0.9049672,0.92491406,0.86373955,0.71938545
9.0,-0.20328423,-0.21857515,-0.31694576,0.2843152,-0.29625002,0.033529498,0.2231487,-0.108246885,0.33539128,0.39473188,-0.10330727,-0.45842344,0.14450677,-0.21963045,-0.194418,0.014532998,-0.1286035,-0.098500825,-0.18445884,0.50781405,0.86386573,0.8909545,0.89438397,0.9139601,0.86505014,0.93837494,0.9402452,0.93180794,0.89846444,0.82302725,0.9985833,0.88362944,0.9531178,0.82886124,0.9010633,0.90365434,0.94048774,0.92560893,0.9024884,0.7989092
4.0,-0.0707568,-0.059997294,-0.13054854,0.18542066,-0.15018257,-0.00012809178,0.12595247,-0.043651454,0.1363383,0.1045526,-0.04870297,-0.19055535,0.011602145,0.03841774,-0.0749843,0.06772015,-0.063320115,-0.04108184,-0.07258268,0.16114637,0.86516565,0.91872287,0.7941223,0.87192583,0.8865321,0.9065899,0.9472557,0.9398792,0.8469779,0.75907475,0.9690007,0.7965258,0.93879336,0.8401595,0.85364676,0.93820417,0.92235506,0.9278751,0.9001636,0.772003
11.0,0.6953049,0.493567,1.3515416,-0.8628423,0.6602577,-0.15105689,-0.2508519,0.104486324,-0.88945323,-1.7626972,0.24615099,1.5896336,-0.32326785,0.91215986,0.8868283,0.10330629,0.2968551,0.15385929,0.7348786,-1.5995088,0.60478985,0.83278465,0.3280833,0.57707226,0.6103481,0.79674447,0.63730747,0.77979577,0.5620263,0.26702154,0.7712831,0.25561234,0.6954701,0.56833357,0.46550786,0.75437725,0.75650245,0.8771149,0.4979286,0.34432694
11.0,0.67234915,0.49050096,1.3205605,-0.8283822,0.6446153,-0.14536372,-0.24500725,0.09551348,-0.86702317,-1.7120181,0.23965977,1.5425589,-0.31758937,0.902083,0.8510774,0.09392517,0.29052764,0.14514261,0.7150448,-1.5478832,0.61149335,0.84044045,0.3374401,0.5871217,0.6162711,0.8063876,0.6495081,0.7885497,0.5700025,0.27668074,0.78356767,0.26184285,0.70291704,0.5787899,0.4736902,0.77182215,0.76418155,0.8726607,0.5098697,0.35525104
6.0,-0.271016,-0.31466946,-0.41230026,0.32563505,-0.3520241,0.03617786,0.2884881,-0.12340282,0.4295463,0.53467727,-0.12929146,-0.57326484,0.20193419,-0.31985188,-0.23411743,-0.0046172105,-0.17153807,-0.12512866,-0.23678355,0.6538596,0.89470285,0.874227,0.9099839,0.9514396,0.85608137,0.92781264,0.9348484,0.9216081,0.89509845,0.857012,1.0084069,0.9482001,0.9637659,0.8135763,0.90478635,0.8646847,0.9265322,0.91390777,0.92342365,0.81981397
8.0,-0.35016072,-0.45209864,-0.52229863,0.37211657,-0.46228296,0.03950803,0.36523655,-0.16793448,0.55821234,0.73303837,-0.16367397,-0.7219586,0.29832876,-0.49533802,-0.28725353,-0.03304673,-0.2172326,-0.17271978,-0.3029854,0.88070273,0.90103865,0.8431433,0.95900005,0.9701985,0.8305138,0.9401001,0.9134611,0.90514874,0.914818,0.879113,1.0243541,1.0017716,0.962247,0.7831042,0.9080142,0.8077625,0.9233723,0.897774,0.90936977,0.81922716
6.0,-0.25604805,-0.28198558,-0.3877929,0.32589632,-0.32881302,0.036544688,0.2715846,-0.11723817,0.40147257,0.49290046,-0.12107525,-0.54447347,0.17643483,-0.28195274,-0.22896826,0.0025867894,-0.1609904,-0.11679094,-0.2209368,0.60756147,0.8915359,0.88072765,0.89975715,0.9386623,0.85885906,0.9214419,0.93638676,0.92732835,0.88831604,0.85060173,1.0082002,0.931407,0.9613303,0.82073885,0.9058101,0.8764389,0.9313214,0.9184617,0.9200577,0.8165664
7.0,-0.08631372,-0.07271979,-0.15306677,0.20111947,-0.16011623,0.003310789,0.13713825,-0.04696938,0.15568496,0.1332953,-0.054733597,-0.21919054,0.01932482,0.020178933,-0.089248,0.06386963,-0.07242292,-0.04607094,-0.08439977,0.19151507,0.8710448,0.91753596,0.79967064,0.8786021,0.8869967,0.9033465,0.94832176,0.9403685,0.8467359,0.769125,0.9719184,0.8094544,0.94187427,0.84039104,0.85861766,0.93520916,0.92203337,0.9273809,0.9062699,0.77912885
1.0,-0.27897492,-0.31842294,-0.4218252,0.33815852,-0.34904113,0.037063017,0.29536432,-0.12269341,0.43413064,0.54234606,-0.13050142,-0.5839063,0.19867297,-0.31796813,-0.24103706,-0.0052425377,-0.17611386,-0.12637722,-0.23986465,0.6587338,0.90354985,0.8744842,0.9046236,0.95451236,0.85592365,0.91860235,0.9339945,0.92309505,0.8874965,0.8631829,1.0108173,0.9563689,0.9648697,0.8141606,0.90543675,0.86206883,0.9238596,0.9136754,0.9291866,0.82462883
8.0,-0.3820642,-0.52142197,-0.56943154,0.38481015,-0.5179526,0.036420893,0.40216178,-0.18851008,0.61758137,0.8257821,-0.17919011,-0.7814557,0.34519637,-0.5770984,-0.3040207,-0.04485511,-0.24067527,-0.19709414,-0.33221546,0.98384213,0.9054635,0.8280162,0.9786821,0.98114544,0.81950843,0.9471965,0.90097076,0.8946245,0.9235956,0.8858759,1.0301563,1.0277694,0.960961,0.7645642,0.90300447,0.7772181,0.9183759,0.8858283,0.9019929,0.8178243
1.0,-0.26605126,-0.30219144,-0.40267077,0.3284915,-0.35025576,0.038652215,0.2797011,-0.12648006,0.42148015,0.5234249,-0.12677199,-0.5677938,0.1961689,-0.31621534,-0.23691419,-0.0033061206,-0.16488501,-0.12401313,-0.2314069,0.64710975,0.8852896,0.87535894,0.9145127,0.9391143,0.8542826,0.9303877,0.9338,0.92453647,0.8985208,0.85166526,1.0098194,0.9348173,0.9600856,0.81643313,0.9085182,0.8701773,0.9338689,0.91744184,0.91348505,0.8134123
5.0,-0.20061328,-0.20851636,-0.31259963,0.2845721,-0.27267343,0.029176297,0.22506016,-0.09380129,0.3213722,0.3743394,-0.09958297,-0.44187635,0.12531763,-0.18365352,-0.18685202,0.020448348,-0.13167329,-0.092061356,-0.17759259,0.4730969,0.88279796,0.89598775,0.8713586,0.9224216,0.87151307,0.9193785,0.9432661,0.933408,0.88002354,0.827124,0.9968112,0.89231926,0.95704645,0.8315534,0.8953734,0.9035637,0.93097556,0.92377573,0.91876173,0.8080188
10.0,0.6132295,0.44763234,1.1563013,-0.7210499,0.54946387,-0.14395715,-0.24500623,0.0772003,-0.77925324,-1.5330732,0.22218074,1.371313,-0.28676346,0.8325234,0.7610553,0.11088218,0.2810099,0.129749,0.62854856,-1.3916281,0.63945186,0.8435216,0.37019202,0.6027703,0.65521204,0.8107225,0.6935092,0.79773283,0.5875501,0.30620384,0.7961271,0.2945431,0.72197235,0.60965234,0.50464064,0.79105365,0.76350963,0.8733887,0.54586816,0.38139048
9.0,0.015155971,0.01951144,-0.0035723075,0.11086324,-0.08485815,-0.021577109,0.06462445,-0.02221109,0.02123312,-0.06485717,-0.014836764,-0.024306506,-0.047427792,0.160247,0.0040729083,0.09414557,-0.0149091855,-0.013936356,-0.003484249,-0.025983453,0.8425781,0.92470884,0.7496951,0.83119637,0.88261217,0.9057924,0.94009024,0.93795013,0.82994384,0.70559597,0.9515971,0.7264219,0.9191654,0.83470184,0.8213231,0.94671845,0.91724014,0.92775077,0.86952245,0.73390347
7.0,-0.24934927,-0.27155656,-0.38092598,0.32033145,-0.31169528,0.033786032,0.26870194,-0.1070881,0.38738966,0.47210512,-0.11811225,-0.5272592,0.16427615,-0.25533023,-0.21990275,0.005755596,-0.16045007,-0.11089165,-0.21502551,0.5772443,0.90203446,0.8846392,0.8854749,0.9461003,0.8645391,0.9128747,0.9395786,0.92828625,0.87891644,0.85283077,1.0045815,0.9363166,0.9641236,0.82250726,0.90102166,0.87943125,0.9235029,0.9176614,0.93236244,0.8230037
9.0,-0.07957968,-0.07672421,-0.14172581,0.18618748,-0.17283174,0.0062193633,0.13078599,-0.0569936,0.15727572,0.13264287,-0.05255781,-0.2157593,0.034405887,-0.0006132461,-0.086625665,0.057481192,-0.06525352,-0.047759056,-0.08355467,0.20394415,0.8522625,0.91614205,0.8155283,0.8739349,0.8816212,0.92558175,0.9444444,0.938631,0.86624646,0.7613515,0.97304696,0.7982573,0.9389099,0.8398081,0.8613659,0.94162184,0.9307775,0.9300628,0.8919039,0.769848
6.0,-0.09466818,-0.073808536,-0.16140634,0.21678329,-0.17270635,0.009755374,0.13964368,-0.057709355,0.16744265,0.15254357,-0.057766825,-0.24004,0.022241272,0.0033148676,-0.10648868,0.060223468,-0.07557312,-0.052315205,-0.09135068,0.21853365,0.8641483,0.9195533,0.8123821,0.8746873,0.8852493,0.9079247,0.9464388,0.9433201,0.8534877,0.7741224,0.97912616,0.8074129,0.94022983,0.8426813,0.8685202,0.9393044,0.9315595,0.9291304,0.8997333,0.7799527
7.0,-0.14110832,-0.13349408,-0.22898164,0.2498627,-0.24309927,0.028262243,0.16865028,-0.094594,0.24649513,0.26620454,-0.0789379,-0.34923488,0.08723176,-0.12061426,-0.15659606,0.031551845,-0.09270801,-0.07645415,-0.13534555,0.36912674,0.8437467,0.9072051,0.87010896,0.8830697,0.8729938,0.93934125,0.9401742,0.9406361,0.8919748,0.7939654,0.99151903,0.82873076,0.94188976,0.83905244,0.8924397,0.934762,0.94713104,0.9321127,0.88667953,0.78192365
2.0,0.074840456,0.06705304,0.08441915,0.05261714,-0.03695176,-0.04022257,0.024760883,-0.0052743787,-0.0581123,-0.18594229,0.008487737,0.0957925,-0.08477353,0.24328843,0.067799374,0.11320061,0.018580366,0.0051035564,0.046122376,-0.16017146,0.83069575,0.9223946,0.7120769,0.8032344,0.87536585,0.8982666,0.93344116,0.93141294,0.81029344,0.665905,0.9352426,0.68095654,0.9038886,0.82511747,0.7925327,0.9411785,0.9053967,0.9248361,0.8478413,0.7035234
6.0,-0.15737723,-0.15210426,-0.25156102,0.25605404,-0.2305689,0.022197843,0.18941778,-0.078041054,0.25849086,0.28262538,-0.082219936,-0.3604517,0.08346257,-0.10705036,-0.15460478,0.035855684,-0.10850099,-0.07474586,-0.14244896,0.36867613,0.8750907,0.9065289,0.84801805,0.90440255,0.87845963,0.9157037,0.94557196,0.9380614,0.8708264,0.8062727,0.989442,0.8584236,0.9513321,0.83791924,0.88561255,0.9210283,0.93180746,0.9269615,0.9126451,0.79788864
3.0,-0.0729638,-0.055828113,-0.12947398,0.1951553,-0.16062659,0.00566782,0.12358147,-0.05527021,0.1417326,0.114041075,-0.049413808,-0.2015997,0.01309486,0.025527682,-0.08824908,0.064174645,-0.06265044,-0.04602004,-0.07546684,0.17920165,0.8534834,0.921582,0.80728847,0.86548513,0.88432044,0.915405,0.94428295,0.9430712,0.85613155,0.7603387,0.97608674,0.78863716,0.9359537,0.842044,0.8626073,0.9450422,0.9336,0.93005276,0.89000565,0.77012455
3.0,-0.14176594,-0.13065457,-0.23276973,0.2454511,-0.20144849,0.014316832,0.18009087,-0.060866583,0.2298221,0.2406273,-0.076090686,-0.3219853,0.060206413,-0.059307713,-0.13455364,0.045605347,-0.10396251,-0.06452122,-0.12766975,0.30956173,0.8885334,0.90982056,0.82293046,0.9060468,0.8848891,0.89999634,0.94947505,0.93868744,0.8523949,0.8021879,0.98128116,0.8573239,0.95318127,0.8381127,0.8738077,0.9214229,0.91968054,0.9250047,0.9250911,0.80096126
6.0,-0.31010047,-0.36520812,-0.46887195,0.38156733,-0.4801294,0.055013075,0.28813526,-0.20543028,0.5253783,0.6727985,-0.16425608,-0.6977757,0.2950314,-0.5215048,-0.29562706,-0.030521713,-0.16859306,-0.1699509,-0.28023556,0.85689473,0.8099638,0.83828735,1.02916,0.88649523,0.81868654,0.99420995,0.91164374,0.91801536,0.9580756,0.84423536,1.0165491,0.90776974,0.9439695,0.7887839,0.92711234,0.8438129,0.9688398,0.9199254,0.8378701,0.77170664
8.0,-0.3941631,-0.55051976,-0.58713394,0.38822743,-0.545022,0.034600757,0.41608733,-0.19852781,0.6429226,0.8654677,-0.1857178,-0.8050869,0.36666018,-0.6150297,-0.31069165,-0.049765505,-0.24990998,-0.20834813,-0.34409022,1.0295991,0.9039811,0.82099944,0.98993343,0.9830112,0.81416357,0.95290834,0.8951431,0.89010334,0.92988926,0.8860684,1.0319684,1.0357287,0.9597165,0.7556984,0.9006032,0.764227,0.9180275,0.880632,0.89531344,0.81503356
10.0,0.15471384,0.124375485,0.2061527,-0.03390386,0.026381463,-0.064821936,-0.027312398,0.01243261,-0.16022697,-0.35152033,0.04047425,0.25851315,-0.12685744,0.34330904,0.1575937,0.13394251,0.0635335,0.028077453,0.1147366,-0.3353523,0.81129426,0.91400623,0.66166604,0.7657556,0.85922134,0.8864949,0.91897196,0.9173906,0.78170115,0.61024094,0.9126246,0.62012416,0.880321,0.80644095,0.7520727,0.92721003,0.8855594,0.9188218,0.8127127,0.6577009
5.0,-0.31055045,-0.39725986,-0.4732846,0.33957264,-0.4505713,0.043343805,0.31849748,-0.16561916,0.5134709,0.66296834,-0.15433994,-0.6683841,0.28421044,-0.46658218,-0.2665288,-0.028342642,-0.18852091,-0.15888724,-0.28121594,0.8198482,0.8658571,0.8491076,0.97608435,0.94865274,0.83538157,0.96839976,0.92357993,0.91043127,0.93909335,0.8582459,1.0101887,0.96042466,0.95762604,0.79079694,0.91234833,0.83540195,0.9368488,0.9078422,0.8919762,0.8046861
3.0,-0.12281068,-0.112151064,-0.20397414,0.22934389,-0.19432631,0.013183009,0.16404587,-0.061476484,0.20770317,0.20858543,-0.06863749,-0.29124635,0.050883975,-0.042348403,-0.12285198,0.049435206,-0.09148047,-0.06008038,-0.11403766,0.28017744,0.8748176,0.91293734,0.82319987,0.8935756,0.8839449,0.9086817,0.947563,0.9396641,0.8584483,0.7892429,0.98079705,0.83599067,0.9476438,0.8400291,0.87262547,0.9293426,0.9264872,0.9273224,0.911905,0.7904779
6.0,0.07370454,0.06594054,0.08309672,0.053348348,-0.037998278,-0.039747808,0.025544085,-0.0058549494,-0.056379236,-0.18350637,0.008198414,0.09348427,-0.083605476,0.24111511,0.06652455,0.11249047,0.01800156,0.0046852976,0.045285266,-0.15717413,0.8304967,0.92258453,0.7131871,0.8039805,0.8754601,0.899148,0.9333463,0.9316127,0.81128556,0.6665844,0.93578035,0.68173945,0.904337,0.8253593,0.79320747,0.94171923,0.9060082,0.9249691,0.84801114,0.7040761
9.0,-0.34809902,-0.4875781,-0.54545903,0.36425984,-0.6062304,0.0526572,0.33325204,-0.23929526,0.62204295,0.81368864,-0.19342844,-0.78481525,0.39566952,-0.67380416,-0.30045503,-0.06361324,-0.20211609,-0.20774174,-0.34206605,1.0251714,0.80889773,0.80958986,1.0894274,0.9315224,0.80452776,1.0481323,0.90795445,0.8974655,1.0097548,0.8535184,0.9930636,0.9670874,0.943957,0.7496366,0.9109358,0.8002378,0.946682,0.90113527,0.8390668,0.7791616
7.0,-0.23875864,-0.27525052,-0.36997232,0.30209363,-0.34465632,0.03914458,0.25325957,-0.125871,0.39261118,0.48024067,-0.11998524,-0.5296552,0.19084504,-0.30018303,-0.21923634,-0.0013706163,-0.14668651,-0.11627238,-0.21672711,0.6095145,0.8645382,0.87821686,0.9221995,0.92728543,0.8564057,0.94898784,0.9365153,0.92542166,0.91389626,0.836621,1.0017983,0.90979564,0.95503813,0.81894654,0.9072525,0.88488823,0.938901,0.9218321,0.9015614,0.80212706
1.0,-0.2238971,-0.24519068,-0.34548205,0.30222502,-0.32693255,0.03866442,0.23655868,-0.124228135,0.36945638,0.4449854,-0.11317026,-0.50328016,0.16964988,-0.27084196,-0.21457486,0.0060234703,-0.13669771,-0.11042187,-0.20238595,0.5707178,0.8564119,0.8831636,0.91655684,0.912477,0.8576563,0.94716096,0.93634593,0.92984706,0.90930396,0.82919574,1.0033839,0.8908257,0.95230424,0.82401806,0.9081606,0.8947757,0.9461853,0.9250936,0.8937325,0.79682523
3.0,-0.14174116,-0.13526756,-0.22925466,0.24380383,-0.22139038,0.020400574,0.17628342,-0.076200575,0.23892161,0.25407755,-0.076478995,-0.3337964,0.07392576,-0.088696,-0.14376536,0.039661944,-0.09906782,-0.07011116,-0.13109086,0.33939278,0.8671743,0.9090389,0.8450866,0.89616036,0.8789351,0.92001355,0.9450849,0.9389658,0.87257296,0.79712087,0.9874747,0.84372854,0.94807076,0.8391564,0.883046,0.92712677,0.93445754,0.9283445,0.90583676,0.79146385
1.0,-0.1591811,-0.15620804,-0.25406784,0.25617602,-0.23661926,0.023432905,0.19025378,-0.08152034,0.26335478,0.2895688,-0.08332702,-0.36633837,0.08904218,-0.11703491,-0.15709844,0.03385886,-0.10852216,-0.076487355,-0.14492843,0.37929642,0.87129146,0.905408,0.8535365,0.9037055,0.876965,0.92020077,0.9448021,0.93755895,0.8753798,0.8061317,0.99031174,0.85778093,0.9507895,0.8374312,0.88732004,0.9209554,0.9339571,0.9273405,0.90955347,0.796446
7.0,-0.14698236,-0.14065939,-0.2373527,0.24727005,-0.22036545,0.019694373,0.181799,-0.07334188,0.24371126,0.26093087,-0.078185946,-0.34009367,0.07467043,-0.08888294,-0.14508758,0.03948888,-0.10329671,-0.07038704,-0.1341803,0.34325385,0.87444407,0.90846485,0.8413563,0.9014825,0.8800935,0.91461,0.94616616,0.93844724,0.868127,0.8011125,0.98688143,0.85168934,0.95028687,0.8386373,0.8819612,0.92391163,0.93047136,0.9271938,0.912249,0.7955975
2.0,0.52100843,0.38163868,0.9193938,-0.55742484,0.41012293,-0.13561897,-0.22259897,0.056107588,-0.6406216,-1.2578927,0.18990147,1.1109182,-0.2556082,0.7348523,0.6201972,0.12646145,0.24996327,0.107233845,0.50361925,-1.157738,0.68272257,0.8570258,0.42567563,0.62892497,0.7104508,0.81863004,0.755723,0.82082146,0.62368053,0.3607074,0.81939393,0.35121855,0.75205994,0.65722096,0.55489355,0.8261377,0.7773132,0.8768896,0.6035086,0.43151328
7.0,-0.236458,-0.25693643,-0.36213315,0.3097363,-0.31042436,0.034550898,0.25500578,-0.10920045,0.3739008,0.45226425,-0.1139213,-0.50951105,0.16043778,-0.24974087,-0.21417558,0.007916495,-0.15040793,-0.1080712,-0.2064143,0.56253177,0.88756394,0.8861599,0.89151734,0.93398386,0.8637321,0.92235094,0.93927264,0.92931813,0.88745314,0.8426009,1.003763,0.91792697,0.9598674,0.82472473,0.90274596,0.88676846,0.93116915,0.9205872,0.9198591,0.8137175
7.0,-0.058983475,-0.05013753,-0.11119192,0.17440924,-0.14917973,0.00018148165,0.1158791,-0.047500953,0.1245343,0.08665223,-0.0439319,-0.17285734,0.00960895,0.043066233,-0.06895511,0.06750864,-0.05509731,-0.039658085,-0.06481868,0.14788708,0.85309565,0.92046046,0.7978437,0.86424613,0.8841406,0.91668946,0.94436204,0.94046843,0.854473,0.7507837,0.969734,0.78239936,0.9350445,0.840414,0.85362804,0.94439214,0.92836505,0.9296018,0.8893688,0.7644684
6.0,-0.025231883,-0.01665774,-0.0665788,0.14732864,-0.11111198,-0.013395553,0.0936807,-0.027486835,0.07306741,0.012517009,-0.03147395,-0.10074015,-0.023215218,0.10998772,-0.030515362,0.08485501,-0.038438912,-0.024822496,-0.035772994,0.054824077,0.85865724,0.921107,0.7654837,0.851326,0.88658255,0.90039366,0.94602525,0.9384926,0.83260846,0.7315934,0.9570375,0.76243865,0.9295015,0.83763903,0.83413166,0.9403775,0.9154724,0.92710656,0.88901556,0.75377953
9.0,-0.22559121,-0.24006164,-0.3475352,0.30276823,-0.29190046,0.031498823,0.24723974,-0.10001228,0.35500446,0.42385918,-0.10905584,-0.4852953,0.14475943,-0.21943682,-0.20368181,0.013202768,-0.14653209,-0.101353526,-0.19660625,0.5255004,0.89288664,0.8903993,0.87828064,0.93474495,0.8683219,0.91571856,0.94184905,0.9308638,0.8791728,0.8404167,1.0006858,0.9149084,0.96102226,0.82721967,0.8984378,0.89151686,0.92720085,0.9207129,0.9262425,0.81604016
11.0,0.59259415,0.41646042,1.0670202,-0.6790705,0.4966232,-0.15104169,-0.24943605,0.07549005,-0.7367831,-1.4535012,0.21629763,1.293034,-0.27171615,0.7917784,0.735036,0.13655797,0.27787924,0.12848836,0.58574134,-1.3293633,0.65370065,0.8349222,0.38475043,0.60349756,0.6765805,0.80211574,0.7157148,0.79331756,0.5917189,0.31784663,0.79049534,0.3144794,0.7273496,0.6227521,0.5181518,0.7853016,0.7538794,0.8771039,0.5614996,0.38978487
9.0,-0.1605753,-0.15321311,-0.2579708,0.25917345,-0.22179511,0.019474607,0.19426602,-0.07034202,0.25770393,0.281236,-0.08314736,-0.3596694,0.07839401,-0.095221624,-0.15196145,0.037776284,-0.1131652,-0.07271681,-0.1430964,0.35882115,0.88823646,0.90666246,0.83684015,0.91214085,0.8816412,0.9045623,0.9479252,0.937802,0.8600116,0.8112258,0.986607,0.8692128,0.9549351,0.83712274,0.8812346,0.91720253,0.92325664,0.9249169,0.9248006,0.8047166
6.0,-0.10313267,-0.09085857,-0.17588753,0.2141,-0.17796516,0.008843932,0.14902619,-0.055475254,0.1805875,0.1693348,-0.06105744,-0.25383613,0.035104744,-0.011607584,-0.10626724,0.05631882,-0.08074491,-0.053145915,-0.098409936,0.23573029,0.87029487,0.9158534,0.81318647,0.8846812,0.8851923,0.9083401,0.9474708,0.94038916,0.85476094,0.7781088,0.97708404,0.8201307,0.9441205,0.8407237,0.8665575,0.9339871,0.92619944,0.9278906,0.9068736,0.78368354
8.0,-0.29741314,-0.34245694,-0.44943845,0.35424274,-0.35473347,0.03594846,0.3156711,-0.12312351,0.45606354,0.57481664,-0.13725659,-0.6113791,0.20695788,-0.33122045,-0.24965407,-0.0089428015,-0.1905895,-0.13242063,-0.25364512,0.6844338,0.92226315,0.87114006,0.8982603,0.97161824,0.8556129,0.90780133,0.9328636,0.92089045,0.8767216,0.87829393,1.0128524,0.9831004,0.97020084,0.80948067,0.90236557,0.8501221,0.9131802,0.9087053,0.94509757,0.8371427
10.0,0.4227973,0.31662285,0.70222193,-0.39453885,0.2842723,-0.12003794,-0.1801939,0.039689466,-0.50362736,-0.98673296,0.15166096,0.85853785,-0.22932513,0.6380898,0.47766763,0.13315399,0.20510577,0.08483033,0.38561773,-0.92532456,0.72285664,0.87887174,0.48872483,0.66093725,0.7611433,0.8358798,0.8102636,0.8523798,0.6689848,0.42546007,0.847947,0.4158789,0.786532,0.7036791,0.6098508,0.8650672,0.80667967,0.8867858,0.6628014,0.49164116
9.0,-0.24751192,-0.2740642,-0.37753153,0.31625882,-0.32528496,0.036197893,0.26431048,-0.11548765,0.39172816,0.47891966,-0.1187808,-0.53143996,0.17412364,-0.27471083,-0.22254245,0.0035061724,-0.15584695,-0.113903485,-0.21593031,0.59428144,0.8868505,0.8822286,0.90018517,0.9365387,0.86041826,0.9255722,0.93743956,0.92747957,0.8918808,0.84624684,1.0059048,0.9246491,0.9600841,0.8217409,0.9050021,0.8807932,0.93196833,0.91944605,0.917955,0.813905
3.0,-0.14522013,-0.14372352,-0.23585501,0.24192742,-0.22741884,0.02138954,0.17989597,-0.077117585,0.24538958,0.2632639,-0.07830225,-0.34168527,0.08213177,-0.09969592,-0.14487658,0.036239352,-0.100572035,-0.07135551,-0.1351635,0.35174477,0.86749,0.90745425,0.8487301,0.8999581,0.8783387,0.92275363,0.94494957,0.9376231,0.87651056,0.7986152,0.9865791,0.8480559,0.94866025,0.83831406,0.88333565,0.9258824,0.93294084,0.928288,0.9070915,0.7919718
9.0,-0.28228426,-0.3438904,-0.43248007,0.3306153,-0.41479102,0.046004392,0.28690985,-0.15653531,0.4665426,0.59257346,-0.14219756,-0.62061185,0.25097916,-0.41220286,-0.25467694,-0.020041749,-0.16691884,-0.14333066,-0.25602442,0.74583316,0.8542729,0.85927594,0.96634954,0.930306,0.84107584,0.96683663,0.92807436,0.91849655,0.93649703,0.84772784,1.0075432,0.93091977,0.9533037,0.80288625,0.9154342,0.8587681,0.9436864,0.9169911,0.8866865,0.7980051
5.0,-0.26919645,-0.3055143,-0.40832806,0.33005118,-0.34247854,0.036700234,0.28589344,-0.12037337,0.42158103,0.5234992,-0.12709688,-0.56778824,0.19223864,-0.30581656,-0.23483405,-0.0027434342,-0.16994077,-0.12256258,-0.2327593,0.63986504,0.89801437,0.8767454,0.903859,0.9494817,0.85744905,0.9215146,0.9352782,0.9241299,0.8896249,0.85776615,1.0090227,0.9466714,0.96352285,0.81629777,0.905254,0.86774445,0.9262831,0.91531646,0.9257535,0.8212368
6.0,-0.12438397,-0.115946054,-0.20688711,0.22811365,-0.1938656,0.011852674,0.16629529,-0.059995953,0.21013623,0.21139398,-0.06947655,-0.29245782,0.053167235,-0.04370371,-0.12116574,0.049620956,-0.09304552,-0.059786834,-0.115219645,0.28119606,0.877354,0.91174996,0.82163954,0.89639014,0.8841247,0.9080109,0.9483481,0.93852705,0.8569819,0.79012483,0.9797579,0.8395986,0.9490609,0.839008,0.8711234,0.9270036,0.92410034,0.92648375,0.91465145,0.7917009
5.0,-0.040337626,-0.030374177,-0.100268565,0.16328597,-0.10872249,-0.018039538,0.10564379,-0.01834307,0.08794081,0.035649866,-0.041310728,-0.123678505,-0.017146787,0.10356216,-0.032583185,0.08779934,-0.0492869,-0.024549387,-0.047837313,0.06580992,0.87885785,0.9121303,0.75597745,0.8619005,0.8894793,0.88250947,0.9536437,0.93457717,0.8154102,0.74330235,0.9480378,0.7870105,0.93659395,0.8336918,0.8276652,0.92545825,0.8974563,0.9227255,0.9100976,0.76469237
1.0,-0.27677718,-0.31879598,-0.41836163,0.33431712,-0.3577487,0.038453627,0.29135957,-0.127752,0.43579698,0.54515165,-0.13079402,-0.5849534,0.2048823,-0.3299516,-0.24196787,-0.006444212,-0.1724784,-0.12801704,-0.23975201,0.66833925,0.89285094,0.8728959,0.9145397,0.9474506,0.853416,0.9272496,0.9328699,0.9226303,0.89638543,0.8579404,1.0110335,0.9475,0.9621095,0.8135754,0.9078213,0.86327904,0.92953205,0.9149471,0.91924274,0.8180613
3.0,0.058635052,0.051408265,0.054955997,0.06780726,-0.046207655,-0.038799375,0.036105257,-0.004365504,-0.03771519,-0.15408336,0.00077307597,0.0645812,-0.075394,0.22459677,0.05632786,0.112756334,0.009263266,0.0022391938,0.032291617,-0.13018455,0.83952355,0.9189155,0.7165361,0.81093365,0.87812334,0.89394355,0.9386847,0.9306065,0.809043,0.67616946,0.93481,0.69725615,0.90879166,0.82699674,0.79614973,0.9361154,0.9021441,0.9242655,0.85842043,0.7119603
3.0,-0.21278006,-0.2241733,-0.32925916,0.293848,-0.28621754,0.031641543,0.23457587,-0.09984261,0.3392774,0.4009779,-0.104442246,-0.4657029,0.13730162,-0.20713633,-0.19717166,0.015934989,-0.13755085,-0.09768428,-0.18741664,0.5046576,0.8831394,0.89277965,0.8795036,0.9252968,0.8686663,0.92108965,0.94180083,0.9323444,0.8835286,0.83221996,0.9995143,0.8998972,0.9576336,0.82964814,0.898754,0.89861655,0.9320853,0.92313343,0.91801023,0.8094487
7.0,-0.3491585,-0.45156613,-0.5211073,0.37042028,-0.46485165,0.039887946,0.3634823,-0.1690703,0.5581661,0.7332898,-0.16388857,-0.72180283,0.3001981,-0.4985795,-0.28728926,-0.03346573,-0.21604891,-0.1730724,-0.3029207,0.8829269,0.8977678,0.8427143,0.9622632,0.96836305,0.83014333,0.9428628,0.9136081,0.90520775,0.9177256,0.877498,1.023736,0.9991743,0.9616223,0.7828083,0.908615,0.8083814,0.9248182,0.8981891,0.9068736,0.8175379
10.0,0.50009906,0.36389035,0.863528,-0.52147233,0.37807807,-0.13497317,-0.21617204,0.053510062,-0.6080548,-1.1952131,0.18200523,1.0517306,-0.24874748,0.71071607,0.5912305,0.13365403,0.24097784,0.10360534,0.47484797,-1.1054907,0.6929543,0.8583432,0.4389991,0.63418156,0.72341514,0.81922,0.77045935,0.8246581,0.63187814,0.37386784,0.8227425,0.36659896,0.7587247,0.6681676,0.5668717,0.8311813,0.77985734,0.878727,0.61712974,0.4434783
4.0,-0.073024236,-0.061648622,-0.13243997,0.18817155,-0.15607369,0.0024789046,0.12659693,-0.04807808,0.14083439,0.111345425,-0.04940358,-0.19763443,0.0150208,0.02986284,-0.08042476,0.065085985,-0.063692555,-0.043292142,-0.07505515,0.1723755,0.8610931,0.91941404,0.8002355,0.8710873,0.8855432,0.9108794,0.94605684,0.9407296,0.8520174,0.7600631,0.97157925,0.7952717,0.93813914,0.84089947,0.85720944,0.94060785,0.926369,0.9288257,0.89689213,0.7715974
2.0,0.6767546,0.4927082,1.3306693,-0.835974,0.65022683,-0.14584431,-0.24505171,0.09722838,-0.8726117,-1.7240044,0.24095099,1.553925,-0.3198517,0.90631044,0.8579202,0.09369783,0.29108638,0.1465326,0.7206507,-1.5589341,0.60978174,0.8397972,0.33525327,0.58565706,0.61387134,0.8053942,0.64655435,0.7875577,0.5687334,0.27470338,0.78211796,0.25994456,0.70144457,0.57663405,0.47165215,0.7697155,0.7638528,0.8728927,0.50735897,0.3533677
3.0,-0.14196572,-0.13407972,-0.23068643,0.24378327,-0.21284688,0.01782896,0.17847222,-0.069315,0.23522788,0.2485849,-0.07609611,-0.32876575,0.06814773,-0.0760404,-0.13969213,0.042128988,-0.10134543,-0.06765978,-0.12960549,0.3270816,0.87669194,0.9096468,0.83534485,0.9008647,0.88158345,0.9113261,0.9469009,0.93876714,0.86413443,0.79921585,0.98511744,0.84974605,0.9502569,0.8389834,0.8792465,0.9246973,0.9282983,0.9269484,0.9141419,0.7955762
11.0,0.65491825,0.4800522,1.276255,-0.7975616,0.6195836,-0.14447843,-0.24538991,0.08923807,-0.8432428,-1.6621498,0.23462348,1.4950633,-0.30822253,0.8833439,0.82438743,0.097160175,0.2881549,0.14014646,0.6910089,-1.5028955,0.61892146,0.84200555,0.34647268,0.5922539,0.62673813,0.80908245,0.6619088,0.791621,0.57481396,0.28474,0.78824764,0.27023414,0.7086584,0.58750844,0.48226464,0.77869135,0.7644325,0.8723459,0.519995,0.362579
1.0,-0.08165759,-0.06778413,-0.14367838,0.19836724,-0.16547714,0.0062956326,0.1316009,-0.05384909,0.15300813,0.12968731,-0.052688807,-0.21633253,0.020724228,0.014625318,-0.091836706,0.06148748,-0.06782632,-0.04752236,-0.082215905,0.19521509,0.8595843,0.91948503,0.80819637,0.8723919,0.8847975,0.9130118,0.9454264,0.9417749,0.8559725,0.76524454,0.9753105,0.7991016,0.93865603,0.8416688,0.86275315,0.94137466,0.93011034,0.9294292,0.89610744,0.77411824
11.0,0.5784672,0.4142896,1.047477,-0.65667355,0.485432,-0.14564857,-0.2427173,0.07029135,-0.7209499,-1.419748,0.21105953,1.2624928,-0.2702424,0.7859296,0.7107448,0.12870145,0.27203944,0.12326636,0.5734239,-1.2977233,0.6581832,0.84205043,0.39175248,0.6099696,0.68103653,0.808131,0.72195214,0.8007971,0.5985496,0.32583883,0.79923576,0.3191728,0.73233503,0.629037,0.5245552,0.7972149,0.7611665,0.8754833,0.56903404,0.39835003
5.0,-0.17553549,-0.1698716,-0.27927223,0.27115798,-0.23237634,0.021628005,0.20657742,-0.07380487,0.27734715,0.3098439,-0.08887435,-0.38631922,0.08913103,-0.115647465,-0.1630961,0.03322565,-0.12190656,-0.07782073,-0.15455641,0.38927537,0.89414793,0.9039454,0.8414821,0.91975355,0.880465,0.9024373,0.9478223,0.93694633,0.85985154,0.82005405,0.9887866,0.88289315,0.95782673,0.8354791,0.8840236,0.91170967,0.921372,0.92368156,0.93021095,0.81045353
10.0,-0.02481747,-0.010531554,-0.059180126,0.15255602,-0.12091388,-0.007124406,0.08989146,-0.040247343,0.076034576,0.017677426,-0.030496607,-0.10673175,-0.021407941,0.09849429,-0.042678177,0.07946434,-0.036634818,-0.029466342,-0.03669654,0.070048556,0.844364,0.92604446,0.77953565,0.84589815,0.8842599,0.9135312,0.9417203,0.9423644,0.8449512,0.73162985,0.9654213,0.7522043,0.92665106,0.83946127,0.8434686,0.9506993,0.92872036,0.92974055,0.8773353,0.75148106
1.0,-0.32703167,-0.40934056,-0.48906115,0.35953355,-0.43628582,0.041253097,0.33844808,-0.15916301,0.52212983,0.6773702,-0.15441181,-0.68303186,0.27435476,-0.4540757,-0.27587056,-0.026212439,-0.20031603,-0.1597346,-0.284213,0.8232025,0.88975465,0.85100245,0.95455426,0.9575761,0.83576864,0.9429077,0.9199403,0.911077,0.916424,0.8695766,1.0196449,0.9784459,0.9608157,0.7926167,0.911126,0.8268359,0.93014896,0.90507096,0.9056753,0.8146116
5.0,-0.2986088,-0.37048346,-0.46907955,0.36092773,-0.5066763,0.059643973,0.2759192,-0.2140263,0.52405185,0.66616744,-0.16721702,-0.6936017,0.3147572,-0.54361147,-0.28357613,-0.043735445,-0.1601789,-0.1700108,-0.28695264,0.86126876,0.79723316,0.8342024,1.0509282,0.895986,0.8190321,1.0246156,0.916186,0.91483134,0.9845911,0.8414932,0.9990337,0.90881205,0.93894327,0.7814804,0.9221695,0.85021806,0.9590869,0.9214124,0.8384209,0.76974154
6.0,0.038414,0.034934618,0.024649374,0.08702685,-0.0610382,-0.033260666,0.04996604,-0.008737784,-0.011289738,-0.11378817,-0.0072100153,0.024818122,-0.06304775,0.19793604,0.0360667,0.106856704,-0.0023108236,-0.0036450531,0.015779536,-0.08675061,0.84503317,0.91929793,0.7276666,0.8210538,0.880906,0.8952667,0.94136286,0.9325276,0.8142935,0.6896174,0.9395468,0.71367633,0.9144419,0.8299888,0.80486846,0.9370415,0.90481967,0.9249331,0.86706424,0.72259724
4.0,-0.065485775,-0.05347215,-0.12333158,0.18247253,-0.14501554,-0.0013095116,0.12201656,-0.04137996,0.1281686,0.09311992,-0.046666585,-0.18015756,0.005886336,0.0486619,-0.07063868,0.06986001,-0.06055469,-0.039167415,-0.06820691,0.14769459,0.86521,0.919603,0.7902111,0.8693736,0.8870647,0.90445286,0.9471759,0.9402414,0.8445215,0.7564122,0.9676829,0.79261136,0.9375956,0.84026927,0.85159606,0.9390116,0.9214348,0.9278806,0.89948916,0.7704624
11.0,0.72703207,0.5112347,1.4281164,-0.9159899,0.7014457,-0.1505609,-0.24632534,0.118306056,-0.92835385,-1.8483768,0.25458556,1.6699212,-0.34376466,0.94596595,0.9326245,0.094484456,0.29909575,0.16216138,0.7788082,-1.679463,0.59310174,0.8314243,0.31302774,0.56788665,0.5913014,0.79032314,0.6138846,0.7773031,0.55624956,0.25452647,0.7631573,0.2417221,0.68572724,0.5533776,0.45095,0.7431512,0.7588593,0.87803644,0.4805703,0.33325472
11.0,0.66428846,0.48499745,1.2983246,-0.8137783,0.63198185,-0.14529571,-0.24572715,0.09267422,-0.8555679,-1.6881071,0.2373967,1.5196735,-0.31275952,0.8925157,0.83887064,0.09630402,0.28980812,0.14295071,0.70322686,-1.5265802,0.6151662,0.84078306,0.3417087,0.5892774,0.6216209,0.8072894,0.6555118,0.7896435,0.5721203,0.2803914,0.78533906,0.26598218,0.705605,0.5829288,0.47781745,0.77445644,0.7638034,0.87277615,0.5146077,0.35847238
6.0,-0.15600899,-0.14812222,-0.2513514,0.25562274,-0.2186007,0.018763548,0.19049779,-0.06941349,0.25175545,0.27255622,-0.08138895,-0.35148713,0.07506661,-0.08901271,-0.14858481,0.039246593,-0.110500604,-0.07121538,-0.13958175,0.3495168,0.88632363,0.90744674,0.83544344,0.90968525,0.88190144,0.90528613,0.94792,0.9380566,0.8600096,0.8084847,0.9860201,0.8649377,0.9540308,0.83755624,0.8803731,0.9187854,0.9239344,0.9252635,0.92299324,0.8029
