label,mu_1,mu_2,mu_3,mu_4,mu_5,mu_6,mu_7,mu_8,mu_9,mu_10,mu_11,mu_12,mu_13,mu_14,mu_15,mu_16,var_1,var_2,var_3,var_4,var_5,var_6,var_7,var_8,var_9,var_10,var_11,var_12,var_13,var_14,var_15,var_16
2.0,-0.13376704,0.22876103,-0.4326994,0.035581768,-0.29165608,-0.2835481,-0.35739383,0.74214244,0.29766494,-0.58944404,-0.89388067,-0.5395194,0.36686665,-0.62016743,-0.27252126,0.17680159,0.86867005,0.79984325,0.69596195,0.85874325,0.7528743,0.78694826,0.7265674,0.52175593,0.77867687,0.58826125,0.46320686,0.5950785,0.74827564,0.56060976,0.82369167,0.8135493
3.0,-0.13583764,0.22072792,-0.42816252,0.036093626,-0.29554892,-0.28345296,-0.35331017,0.7325167,0.29734033,-0.58546185,-0.8872797,-0.53177464,0.35188806,-0.6082928,-0.26823545,0.1699422,0.86937696,0.7977699,0.69919837,0.86534965,0.753494,0.78686,0.7281362,0.5248718,0.78239334,0.59398293,0.46798968,0.596803,0.75229985,0.5690021,0.83308864,0.81787187
4.0,-0.13367116,0.22875349,-0.4321429,0.035420194,-0.29081511,-0.28303638,-0.35663047,0.74109185,0.2971194,-0.58849275,-0.8923229,-0.5389374,0.36691776,-0.61950964,-0.271977,0.1765461,0.86893183,0.8001364,0.6962901,0.8587945,0.75308335,0.78739935,0.7269278,0.5222181,0.77888304,0.58870274,0.46385047,0.59563106,0.74862266,0.56109166,0.8239152,0.8137522
3.0,-0.13563214,0.21910097,-0.42559588,0.036014672,-0.2937255,-0.28151137,-0.3501721,0.72772795,0.2955034,-0.58187664,-0.8819499,-0.52846193,0.34979296,-0.60483253,-0.26558793,0.16790062,0.8701136,0.79840815,0.7005581,0.86661726,0.7542063,0.7882667,0.72914165,0.5269425,0.7835586,0.5961661,0.4707854,0.59889174,0.7543708,0.5716774,0.83491707,0.81883204
3.0,-0.13513777,0.2224802,-0.4289729,0.036080964,-0.29448044,-0.28315908,-0.35398734,0.7343841,0.29722315,-0.58611035,-0.88861364,-0.5332812,0.35542038,-0.61114776,-0.2688914,0.17133978,0.86922824,0.7983245,0.69848514,0.8638704,0.7533858,0.78703386,0.7276892,0.52435654,0.7815737,0.592707,0.4670885,0.5966305,0.75161403,0.5671082,0.8307652,0.8167462
2.0,-0.1338046,0.23184237,-0.43673354,0.035628006,-0.29388392,-0.2861846,-0.3620659,0.74979776,0.30017683,-0.5948688,-0.9019841,-0.5449769,0.37133867,-0.6263524,-0.2766416,0.1803499,0.8675102,0.7991808,0.6936952,0.8562244,0.7518037,0.7849588,0.72497314,0.518604,0.7766861,0.58466196,0.45890597,0.59204406,0.745026,0.5561135,0.8202855,0.81169146
4.0,-0.13386062,0.23030214,-0.4347015,0.035537403,-0.2927611,-0.28493303,-0.35971978,0.74591017,0.298943,-0.592132,-0.89776665,-0.54224926,0.36898243,-0.6230755,-0.27462333,0.17856413,0.86812377,0.7994812,0.69487274,0.8575219,0.7523379,0.7859387,0.7258587,0.5201746,0.7777201,0.5865252,0.46108127,0.5935522,0.74662346,0.55845386,0.8221515,0.8127187
3.0,-0.13522866,0.22440222,-0.4317691,0.03618919,-0.2962746,-0.28512186,-0.35734752,0.73968524,0.2991234,-0.58996785,-0.89444304,-0.5369698,0.35814673,-0.61524427,-0.27176583,0.17369024,0.8684119,0.7977307,0.69692427,0.86232436,0.7526083,0.7855608,0.7265458,0.5221305,0.7802358,0.590232,0.46404526,0.59443027,0.74938387,0.56403404,0.8285193,0.8155344
4.0,-0.13375346,0.2285583,-0.4321373,0.03544737,-0.29108137,-0.2831535,-0.3566811,0.7410481,0.29722735,-0.58858156,-0.8924341,-0.5388646,0.36650622,-0.6193105,-0.27198988,0.17642316,0.86890495,0.80001354,0.6963141,0.85895747,0.7530542,0.7873012,0.7269134,0.5222021,0.77894384,0.58876795,0.4638464,0.5955614,0.74864465,0.5612258,0.82414305,0.8138388
1.0,-0.13566749,0.2171156,-0.42306435,0.03593744,-0.29243082,-0.27987105,-0.34715188,0.7228652,0.29387283,-0.5784621,-0.87676245,-0.5250384,0.3468304,-0.60085416,-0.26301616,0.16565442,0.87081695,0.798822,0.70199746,0.8681864,0.7548946,0.78947264,0.7301802,0.5289589,0.78484386,0.5985214,0.47358298,0.60082155,0.7564197,0.5746756,0.8372676,0.82003886
2.0,-0.13414921,0.22825235,-0.43339032,0.03574244,-0.2936018,-0.2846586,-0.35850734,0.7431935,0.29869393,-0.59092224,-0.89597917,-0.5400901,0.36527023,-0.6202411,-0.27323788,0.17667294,0.8683299,0.7990205,0.69574004,0.85920036,0.75254655,0.7860684,0.72615975,0.52111745,0.77867633,0.5879676,0.46243834,0.5941671,0.7477782,0.56058186,0.8243171,0.813694
3.0,-0.13552159,0.21325594,-0.4175732,0.03569402,-0.28901368,-0.2760486,-0.34046143,0.7124108,0.29006046,-0.5708195,-0.8652278,-0.5177824,0.34139946,-0.5926997,-0.25744468,0.1611215,0.87240636,0.79998994,0.705033,0.87119055,0.7564533,0.7922841,0.73247427,0.5334026,0.7874859,0.6034844,0.4797175,0.6052047,0.76081866,0.5809116,0.84185857,0.8224182
2.0,-0.1338637,0.22687379,-0.4308855,0.035635695,-0.29150403,-0.28266782,-0.3554279,0.73851866,0.2968027,-0.5872959,-0.8906259,-0.53688824,0.3636032,-0.6169873,-0.27060318,0.17478132,0.869119,0.7997712,0.69709057,0.8603047,0.75329834,0.7875816,0.7271732,0.5231451,0.7797562,0.5900304,0.46515876,0.5962712,0.749745,0.56304115,0.82581246,0.81458884
4.0,-0.13401541,0.23136985,-0.43670377,0.035673037,-0.29451168,-0.28648025,-0.36217454,0.7496407,0.30043107,-0.5950514,-0.90217483,-0.544781,0.3702974,-0.6257997,-0.27666354,0.1800382,0.867467,0.7988791,0.6937793,0.85663426,0.751744,0.7847299,0.7249684,0.5185762,0.77684724,0.584847,0.4589216,0.5918883,0.7450728,0.5564771,0.8208759,0.81193554
2.0,-0.13416055,0.22801499,-0.43323156,0.03578203,-0.2936858,-0.28459746,-0.35835478,0.7428736,0.2986473,-0.5907705,-0.89578795,-0.53982747,0.36487433,-0.61995167,-0.2730528,0.17644963,0.868349,0.7989817,0.6958349,0.85938543,0.7525755,0.7860969,0.72617686,0.52123684,0.7787793,0.5881263,0.46260074,0.59425175,0.74792737,0.56081146,0.82452667,0.81378424
2.0,-0.13396053,0.22971705,-0.43489173,0.035769265,-0.29397154,-0.28537604,-0.36015317,0.74612856,0.2994207,-0.5927861,-0.8989058,-0.542216,0.36771265,-0.62300265,-0.2746954,0.17819083,0.8679222,0.7990059,0.6948286,0.8579733,0.7522011,0.78551716,0.7255245,0.5199889,0.77780724,0.5864783,0.4608382,0.59317493,0.746571,0.55861866,0.8225414,0.81278443
3.0,-0.13552552,0.22177932,-0.42894912,0.036129702,-0.2953791,-0.28361797,-0.35413787,0.7341854,0.29760265,-0.5863681,-0.8888335,-0.5330135,0.35388064,-0.61023206,-0.26897466,0.17092218,0.8691731,0.7979084,0.6986217,0.8644674,0.7533068,0.7866939,0.7277386,0.5242961,0.781825,0.5930176,0.46710405,0.59637916,0.7516706,0.56766343,0.8316976,0.8171612
2.0,-0.13387048,0.22995849,-0.43504462,0.035782617,-0.29388064,-0.2853608,-0.3602894,0.74644923,0.2994251,-0.5929314,-0.8991919,-0.5424565,0.36819005,-0.6234398,-0.2748065,0.17839465,0.86788285,0.7990771,0.69471574,0.8577597,0.75218576,0.7855216,0.72543496,0.51989114,0.77767795,0.58627933,0.46067783,0.5931182,0.7464523,0.55833155,0.82219744,0.8126185
4.0,-0.13386385,0.22905456,-0.43312004,0.035509773,-0.29196918,-0.28394186,-0.3578989,0.74288213,0.2979861,-0.59003115,-0.8945956,-0.5401022,0.36709005,-0.62058896,-0.2730115,0.17713429,0.8685796,0.7996978,0.6957808,0.8585515,0.75275224,0.7866898,0.7264897,0.5214064,0.77852684,0.5879595,0.46277517,0.59472436,0.7478859,0.5602742,0.8235736,0.8134824
2.0,-0.13426451,0.22838247,-0.4342493,0.03592762,-0.29480797,-0.285442,-0.35965636,0.7447594,0.29948473,-0.59234035,-0.89823055,-0.5410399,0.36525577,-0.6212698,-0.2740636,0.17708956,0.86797315,0.7985914,0.6952757,0.8590623,0.75225425,0.7854132,0.7256549,0.5204135,0.77836037,0.58729243,0.4614795,0.593351,0.74718195,0.559857,0.8239631,0.8134066
4.0,-0.13370839,0.22862127,-0.43208414,0.035431083,-0.29090744,-0.2830543,-0.35658854,0.7409641,0.297134,-0.5884582,-0.8922601,-0.53882843,0.3666643,-0.6193311,-0.2719257,0.17643976,0.86893594,0.80008847,0.69633317,0.85890454,0.7530849,0.7873816,0.726944,0.5222548,0.7789393,0.58878344,0.46390924,0.59564155,0.74867725,0.56121737,0.82406914,0.8138186
2.0,-0.13401492,0.23042613,-0.43599403,0.0358175,-0.2947514,-0.2861635,-0.36147046,0.7482099,0.3001766,-0.59432757,-0.9012299,-0.5436563,0.36869922,-0.6245899,-0.27582902,0.17909151,0.8675824,0.7987519,0.69421136,0.8573868,0.7518899,0.7849102,0.7250644,0.519117,0.7772914,0.5855246,0.4596527,0.59230053,0.7457054,0.5574531,0.82172114,0.81231433
3.0,-0.13540746,0.22109284,-0.4277647,0.036079142,-0.29444802,-0.28268898,-0.35267597,0.73197734,0.29671928,-0.58468044,-0.88632447,-0.5315001,0.3530312,-0.6086825,-0.26774085,0.17001045,0.8695257,0.7982417,0.6992501,0.86500525,0.7536491,0.78738046,0.72821045,0.5252571,0.782344,0.5940075,0.4683971,0.59736556,0.7526146,0.5688611,0.83247083,0.8175854
3.0,-0.13533807,0.22326197,-0.43054983,0.03618092,-0.29590136,-0.2844603,-0.3559655,0.7373149,0.29846838,-0.58842313,-0.89206135,-0.5352561,0.3563097,-0.6131166,-0.27054554,0.17248508,0.86873364,0.79780525,0.69765085,0.8632521,0.752907,0.7860506,0.72703886,0.5230667,0.7809181,0.5914218,0.46535963,0.59527236,0.75038004,0.5655847,0.82986367,0.81621826
4.0,-0.1341601,0.23010716,-0.43608627,0.03589216,-0.29535574,-0.2864551,-0.3616947,0.7483061,0.30044782,-0.5946419,-0.9016923,-0.54363585,0.3679817,-0.6243743,-0.27593195,0.17892018,0.8674973,0.7984937,0.69420385,0.8576512,0.7518154,0.784671,0.724973,0.5190101,0.7773542,0.58555716,0.4595376,0.5920899,0.74567,0.55759823,0.82205355,0.8124292
2.0,-0.13416922,0.2285937,-0.4342277,0.035884306,-0.294488,-0.28529376,-0.3595645,0.74475163,0.2993436,-0.5922036,-0.8980328,-0.54109246,0.3656887,-0.6214532,-0.27402246,0.17720343,0.86801445,0.7987308,0.6952682,0.8588909,0.7522932,0.7855383,0.7256877,0.52045316,0.7783088,0.5872437,0.46151653,0.59345174,0.7471719,0.5597434,0.82373977,0.81332403
1.0,-0.13556165,0.21487372,-0.4199376,0.0358461,-0.29055017,-0.27767903,-0.34336093,0.7169361,0.2917265,-0.5741546,-0.87031895,-0.52089006,0.34370866,-0.59627837,-0.25981694,0.16303813,0.871696,0.79946995,0.70370805,0.8699205,0.7557646,0.7910604,0.7314304,0.53148276,0.7863453,0.6013214,0.47704926,0.6033027,0.7589521,0.578193,0.83984244,0.8213579
3.0,-0.1350218,0.22341008,-0.4298456,0.03605278,-0.29460514,-0.28358644,-0.35495028,0.7360904,0.29763958,-0.5871705,-0.8902207,-0.5345522,0.356921,-0.6127473,-0.269763,0.17226075,0.8690213,0.7983241,0.69796675,0.863126,0.75318766,0.78673553,0.7273611,0.52369225,0.78106415,0.5918286,0.46615186,0.5960606,0.7508729,0.5659485,0.8297174,0.81623065
3.0,-0.13429257,0.22357339,-0.4277897,0.035675377,-0.291139,-0.2812578,-0.35205677,0.73242104,0.29537597,-0.5835711,-0.8848596,-0.5323914,0.35809207,-0.61119676,-0.2675476,0.17148033,0.869878,0.799684,0.698965,0.86300015,0.75399303,0.78859925,0.72837925,0.5254877,0.7815965,0.5931675,0.46848646,0.59826374,0.752308,0.5672481,0.82967377,0.81648505
4.0,-0.1339306,0.23003834,-0.43457496,0.035557743,-0.2929315,-0.28496045,-0.3596249,0.7456361,0.29896322,-0.59204674,-0.8976169,-0.5420206,0.36847544,-0.62270916,-0.27450883,0.17834602,0.86813796,0.7993901,0.69496614,0.85774314,0.7523459,0.7859123,0.72589564,0.52025557,0.7778357,0.58669233,0.4612089,0.5935823,0.7467365,0.5587119,0.82245827,0.81285465
3.0,-0.13517013,0.22145288,-0.42761305,0.036017407,-0.29372478,-0.2822878,-0.3523725,0.7317786,0.2963521,-0.5842626,-0.88576823,-0.5314584,0.3538718,-0.6089858,-0.2675295,0.17015487,0.8696227,0.79855525,0.6992659,0.86470336,0.7537556,0.7876964,0.7282766,0.5254295,0.78226197,0.5939688,0.4685785,0.5976635,0.7526961,0.5687019,0.8320244,0.817413
4.0,-0.13425264,0.23123914,-0.437705,0.035909764,-0.2963636,-0.28759974,-0.3636031,0.7513698,0.3015222,-0.59684944,-0.9049626,-0.54579145,0.36958113,-0.6266908,-0.27763605,0.18031952,0.86702937,0.79816455,0.69330096,0.85672665,0.75136745,0.78380966,0.7243598,0.51773196,0.7765873,0.5841593,0.45781228,0.5908317,0.7443715,0.5558714,0.8208305,0.81174797
2.0,-0.13369022,0.23108889,-0.43546307,0.03557957,-0.29289943,-0.28522152,-0.36053154,0.747411,0.29926383,-0.5930623,-0.89929974,-0.54333425,0.3703497,-0.6246257,-0.27530944,0.17934442,0.86790925,0.7995178,0.69439715,0.8568449,0.75217575,0.7856994,0.7254878,0.5196185,0.777256,0.5857269,0.46027157,0.5930801,0.7460214,0.5573959,0.8211174,0.8121872
2.0,-0.13393164,0.23117837,-0.4368108,0.035839602,-0.29501015,-0.28657573,-0.36237222,0.7497987,0.30058938,-0.595358,-0.9028454,-0.5447969,0.36994475,-0.6260507,-0.27662575,0.17989498,0.86735195,0.79872227,0.6937177,0.8567505,0.75169796,0.78458863,0.72471535,0.5185023,0.7768299,0.5847311,0.45878556,0.5917482,0.74505645,0.5564168,0.82080513,0.8118355
4.0,-0.13389826,0.22949827,-0.43379897,0.035537288,-0.29243952,-0.2844237,-0.35870934,0.74416655,0.2984505,-0.5909802,-0.8960217,-0.54099166,0.36770853,-0.62157047,-0.27370924,0.17768995,0.86837023,0.7995454,0.695401,0.8581862,0.75255996,0.78632003,0.7262076,0.52086776,0.77820784,0.5873701,0.46204185,0.59418565,0.7473523,0.55955106,0.82306415,0.8131925
3.0,-0.13554254,0.22431472,-0.43236494,0.036236245,-0.29731667,-0.2859042,-0.35819831,0.74069136,0.29981756,-0.5909903,-0.8958516,-0.53757715,0.3576037,-0.6154351,-0.2724628,0.17390554,0.8682038,0.7972947,0.6966922,0.8624252,0.7523863,0.7849905,0.7263477,0.5215978,0.7801292,0.58992565,0.46339697,0.59376526,0.7489239,0.563781,0.8287197,0.8155889
2.0,-0.13438241,0.23278826,-0.4406136,0.036198236,-0.2988479,-0.28974366,-0.3671544,0.7568388,0.30362204,-0.6010488,-0.9115034,-0.54945004,0.37173158,-0.63084626,-0.28056014,0.18252549,0.8660514,0.7973559,0.6916425,0.8553797,0.75052196,0.7820818,0.722989,0.51544166,0.77525795,0.58165944,0.45467737,0.5884595,0.7421778,0.5528801,0.81874996,0.81048495
2.0,-0.13414972,0.22719263,-0.43187785,0.035665236,-0.29263526,-0.28365397,-0.35671768,0.74032366,0.29770768,-0.58883405,-0.892784,-0.53809136,0.36373428,-0.61791056,-0.27172852,0.17541155,0.86879104,0.79931456,0.696596,0.86007607,0.752959,0.78684443,0.72682273,0.52230424,0.7794156,0.5893278,0.46407294,0.59533316,0.7489697,0.56226647,0.82559764,0.81440324
4.0,-0.13347757,0.2255739,-0.42756093,0.03527726,-0.28789312,-0.2798711,-0.35119364,0.7323917,0.29404685,-0.58214855,-0.8828393,-0.5328596,0.362422,-0.61276156,-0.2672727,0.17272022,0.87031645,0.80107063,0.69885486,0.86137646,0.7543691,0.7898015,0.7287955,0.5258616,0.7810746,0.5927296,0.4688311,0.59923273,0.7522473,0.5660975,0.8275024,0.81574047
4.0,-0.13388586,0.23046753,-0.4349968,0.035553798,-0.29300565,-0.2851597,-0.36008012,0.74646425,0.29916015,-0.59255886,-0.89840597,-0.54262686,0.3691932,-0.6234771,-0.274929,0.17878927,0.8680286,0.79939705,0.69471025,0.8573853,0.7522502,0.78576314,0.72573274,0.519938,0.7775896,0.5862771,0.46076182,0.59330785,0.74639344,0.55815816,0.8219609,0.8126035
3.0,-0.13552848,0.2227202,-0.43018395,0.036159825,-0.2960447,-0.284437,-0.35560265,0.7365426,0.2983964,-0.5880295,-0.89134705,-0.5346739,0.3552689,-0.6121227,-0.2702402,0.1720152,0.86882854,0.7976973,0.6979239,0.86371404,0.75297505,0.78608865,0.7272445,0.5233196,0.78120786,0.5918942,0.46576118,0.5954386,0.7506722,0.5662462,0.8306053,0.8165904
3.0,-0.13501737,0.22438551,-0.43119135,0.03611847,-0.2954018,-0.2844713,-0.35654876,0.7386516,0.29850948,-0.5890032,-0.8930393,-0.5363356,0.3583707,-0.6148296,-0.27111262,0.17341134,0.86862344,0.79808307,0.6971994,0.8623292,0.7528255,0.78606254,0.7267822,0.5226342,0.7803896,0.59060603,0.46469042,0.5950315,0.74981004,0.564412,0.8285258,0.8155944
1.0,-0.13515657,0.22096834,-0.4271107,0.036061015,-0.29360473,-0.28196785,-0.3518018,0.73081535,0.2960669,-0.58364415,-0.8849021,-0.5307388,0.35315448,-0.6082325,-0.26697862,0.16963966,0.86973244,0.798594,0.699543,0.86507285,0.75387734,0.7879033,0.7284132,0.5258259,0.78252554,0.5944231,0.4691155,0.5980235,0.7531328,0.569298,0.8324844,0.8176295
3.0,-0.1351149,0.22461195,-0.4317308,0.03615169,-0.29593855,-0.2849496,-0.3572363,0.73965013,0.29896274,-0.58981097,-0.8942271,-0.53700125,0.35858995,-0.6154416,-0.27169698,0.17378905,0.8684518,0.79787827,0.6969184,0.8621522,0.7526529,0.7857006,0.72656953,0.5221868,0.78018165,0.59018534,0.46409813,0.5945494,0.74938965,0.5639242,0.82828146,0.8154399
4.0,-0.13400006,0.23059066,-0.4355929,0.035629798,-0.2938081,-0.28573614,-0.3608706,0.7475362,0.29971346,-0.5935277,-0.8998615,-0.54330987,0.36916903,-0.6241145,-0.27554017,0.17909896,0.86780375,0.7990918,0.69440794,0.85728306,0.7520456,0.7853049,0.725438,0.51944417,0.7773874,0.5858321,0.4601091,0.59274036,0.74594945,0.5576944,0.8217884,0.81244725
2.0,-0.13418746,0.22922641,-0.43487704,0.03582776,-0.29463053,-0.2856872,-0.36028218,0.7460089,0.29969594,-0.5929972,-0.89914954,-0.5420307,0.36666247,-0.62245345,-0.27473915,0.1778882,0.867866,0.79869765,0.69489855,0.8583896,0.75213283,0.78527,0.7255108,0.51994634,0.777964,0.586657,0.46083254,0.59299874,0.7466188,0.5589695,0.82313627,0.8130262
4.0,-0.13386816,0.23081054,-0.43535587,0.035545293,-0.29309946,-0.2853527,-0.36047417,0.7471605,0.2993439,-0.59300387,-0.8990733,-0.54313654,0.36974424,-0.6240855,-0.27529645,0.17915371,0.8679356,0.7993853,0.69449914,0.8571027,0.752165,0.7856216,0.7256033,0.5196639,0.77739096,0.58593833,0.46038246,0.5930637,0.7460995,0.55771255,0.8215835,0.81241125
1.0,-0.13140397,0.21921168,-0.41532302,0.03504947,-0.27674478,-0.26949534,-0.33591086,0.7095913,0.28409827,-0.56380236,-0.8568677,-0.5169499,0.35588542,-0.5978463,-0.25396812,0.16402033,0.87434816,0.805422,0.7053861,0.8661104,0.75843894,0.7977301,0.7333737,0.53610826,0.78597534,0.6024756,0.48249382,0.6100993,0.76183206,0.5776317,0.8329563,0.8194068
3.0,-0.13561428,0.22117396,-0.4283099,0.03610406,-0.2951876,-0.28329477,-0.35340798,0.7329266,0.29726145,-0.58554876,-0.8875333,-0.5321124,0.35287103,-0.60904694,-0.2683512,0.17029022,0.8693497,0.79794216,0.69901645,0.8649644,0.75346816,0.78694427,0.72802633,0.52478683,0.78219426,0.5936677,0.4678057,0.59681654,0.7521836,0.5685152,0.83246136,0.81755376
4.0,-0.13405512,0.23205352,-0.4376807,0.03569664,-0.2951206,-0.2871518,-0.36332092,0.7514929,0.30106786,-0.5963855,-0.9041735,-0.5460779,0.3712831,-0.6272361,-0.2776748,0.1808771,0.86717576,0.79869,0.6932281,0.85606736,0.7514766,0.78421724,0.7245796,0.5178096,0.7763763,0.5839945,0.45788038,0.59113514,0.7442983,0.55542207,0.8201085,0.8115051
4.0,-0.13390724,0.231561,-0.43643358,0.035577133,-0.2937801,-0.28609002,-0.36174092,0.7492044,0.3000488,-0.59448206,-0.90129405,-0.54456484,0.3708243,-0.625681,-0.27640426,0.1800699,0.8676106,0.799175,0.6938907,0.8564805,0.751869,0.7850566,0.7251652,0.51881737,0.77687097,0.58499444,0.45922953,0.59223044,0.74524784,0.55654424,0.82073104,0.8119325
4.0,-0.13391733,0.23048006,-0.43510202,0.035563663,-0.29315895,-0.28527284,-0.3602225,0.74664927,0.29926494,-0.5927329,-0.89865756,-0.54274446,0.36916274,-0.6235659,-0.27504253,0.17883891,0.86798936,0.79933584,0.6946601,0.8573771,0.75221264,0.785676,0.72568667,0.519849,0.7775584,0.58620626,0.4606473,0.59320295,0.74631417,0.5580884,0.82195276,0.81258714
2.0,-0.1338775,0.22872101,-0.43332937,0.035699874,-0.29285103,-0.28425205,-0.35828045,0.7431818,0.29833975,-0.5905924,-0.8956045,-0.5401777,0.3663428,-0.62076455,-0.27309,0.176927,0.86840564,0.799374,0.69569993,0.85879266,0.7526446,0.7863814,0.72617835,0.5212283,0.7785347,0.58782727,0.46252355,0.59442145,0.7477974,0.56026626,0.8236905,0.81344265
3.0,-0.13506907,0.22330272,-0.42984954,0.036077578,-0.29475045,-0.283646,-0.3549824,0.73607755,0.29769608,-0.58722043,-0.8903032,-0.53451234,0.35671285,-0.6126511,-0.26976818,0.17219724,0.8690015,0.7982674,0.6979741,0.8632097,0.7531753,0.7866838,0.7273445,0.5236813,0.78108764,0.59186035,0.46614468,0.5960215,0.7508888,0.5660078,0.8298199,0.8162722
4.0,-0.13399734,0.23220856,-0.43793803,0.035746057,-0.295358,-0.2872976,-0.36362725,0.7519615,0.30122748,-0.59676504,-0.9048162,-0.5463997,0.37148985,-0.62771773,-0.2778709,0.18104021,0.867082,0.7986265,0.6930848,0.85592884,0.75141305,0.7840865,0.72440475,0.5176202,0.77625054,0.583743,0.45760745,0.59094316,0.7441046,0.5551328,0.8198444,0.81134796
2.0,-0.13381377,0.2277328,-0.43126363,0.035466418,-0.29081094,-0.2826752,-0.35570985,0.73937297,0.29676783,-0.587481,-0.8907787,-0.5376294,0.365226,-0.617822,-0.27111846,0.17557079,0.8691267,0.8000661,0.6968135,0.8596256,0.75326294,0.78765,0.72724354,0.5228725,0.77941716,0.58959687,0.46477357,0.5961624,0.7493687,0.5623019,0.82505864,0.8143018
4.0,-0.13392733,0.23023574,-0.4348181,0.03555976,-0.2930491,-0.28511086,-0.35990277,0.746099,0.29910645,-0.59236705,-0.8980988,-0.5423522,0.36877048,-0.62309486,-0.27475417,0.17856614,0.8680693,0.79935896,0.6948281,0.8575813,0.7522842,0.7857995,0.7257992,0.52006733,0.77771103,0.58647144,0.46095052,0.5934046,0.74654025,0.55843246,0.8222368,0.8127368
4.0,-0.13397753,0.231394,-0.4364443,0.035605524,-0.29403198,-0.2862069,-0.3618085,0.74919623,0.3001586,-0.59458435,-0.9014347,-0.5445184,0.37046894,-0.62552804,-0.27643102,0.17997326,0.8675829,0.7990595,0.6939032,0.8566201,0.75183845,0.7849596,0.72514296,0.5187903,0.7769183,0.58503634,0.45920762,0.59215516,0.7452544,0.5566445,0.8209166,0.81200105
4.0,-0.13349354,0.22549997,-0.42751944,0.03528336,-0.28793162,-0.27986908,-0.35115686,0.7323043,0.29404387,-0.58211446,-0.8827847,-0.5327884,0.36228558,-0.6126592,-0.26723212,0.17265603,0.8703211,0.80105054,0.69888276,0.86143667,0.7543739,0.7898001,0.72880644,0.5258906,0.78110754,0.59277993,0.46887428,0.59924865,0.752285,0.5661731,0.82758605,0.8157765
4.0,-0.13389465,0.230577,-0.43513477,0.03554998,-0.2930705,-0.2852525,-0.36023882,0.74672824,0.29924637,-0.59273994,-0.8986683,-0.5428161,0.3693557,-0.6236774,-0.2750783,0.17891851,0.8679913,0.79937696,0.69463235,0.85729676,0.75221276,0.7856952,0.7256871,0.5198291,0.7775217,0.58615685,0.4606148,0.59320414,0.7462811,0.55800486,0.82185006,0.81254447
3.0,-0.13506562,0.22245602,-0.4287284,0.03604636,-0.2941305,-0.28290406,-0.3536554,0.73394454,0.2969774,-0.5857073,-0.88801384,-0.53300965,0.35547474,-0.6109334,-0.26862913,0.17121959,0.8693199,0.7984601,0.6986052,0.8638889,0.75347394,0.78723353,0.72780037,0.5245658,0.7816478,0.5928761,0.46736196,0.59687614,0.7517917,0.5672866,0.8308032,0.8167886
2.0,-0.13417214,0.22928324,-0.4351233,0.03590517,-0.2949565,-0.28586686,-0.36060315,0.7464651,0.29989523,-0.5933982,-0.89984095,-0.54230213,0.36673197,-0.6228447,-0.27494007,0.1780087,0.867755,0.7985975,0.694753,0.8583222,0.7520572,0.7851039,0.7253286,0.5197548,0.77785444,0.58643496,0.46055654,0.59278214,0.7464585,0.5587202,0.822948,0.8128971
4.0,-0.13413033,0.22930108,-0.43506408,0.03590441,-0.29484123,-0.28577623,-0.36051366,0.7463596,0.29981306,-0.5932882,-0.8997008,-0.5422384,0.36680388,-0.6228434,-0.2748559,0.17798483,0.8677761,0.7986526,0.69477785,0.858303,0.7520871,0.78517205,0.7253416,0.5198122,0.77785873,0.58646244,0.46062467,0.59285593,0.746505,0.5587377,0.82290363,0.8128847
1.0,-0.13575497,0.21924941,-0.42614233,0.03607245,-0.29438388,-0.28202987,-0.35088915,0.7287116,0.29599708,-0.58273137,-0.8832215,-0.5290941,0.3498369,-0.6053895,-0.26615316,0.16821048,0.86992556,0.79816186,0.70029205,0.8665043,0.7540305,0.78787464,0.728902,0.52648395,0.7833672,0.5957634,0.4701816,0.59837705,0.7539562,0.57122886,0.83473134,0.8187078
4.0,-0.133863,0.22839588,-0.4322757,0.035492457,-0.29153693,-0.28340787,-0.356922,0.7412649,0.29746804,-0.58890426,-0.8928943,-0.5389584,0.36609456,-0.6192675,-0.27215034,0.17637616,0.86882395,0.7998192,0.6962649,0.8590933,0.75297564,0.78709424,0.72682846,0.5220665,0.77895534,0.588725,0.46368346,0.5953549,0.74855906,0.5612455,0.8243274,0.81388694
4.0,-0.13386029,0.23162892,-0.43635666,0.035552703,-0.29355878,-0.28596494,-0.3616132,0.74908155,0.29993019,-0.59431577,-0.9010482,-0.54450756,0.37100232,-0.62567735,-0.27632093,0.18008265,0.867652,0.7992674,0.6939211,0.85642433,0.75190735,0.7851583,0.72521394,0.5188889,0.7768736,0.5850274,0.45931783,0.5923345,0.7452966,0.55655074,0.8206636,0.81191874
3.0,-0.13550283,0.22216427,-0.4293925,0.03614002,-0.29554886,-0.28387743,-0.35465094,0.7350454,0.297859,-0.5869421,-0.8897166,-0.5336247,0.35449255,-0.6109713,-0.26942313,0.17134465,0.869051,0.7978666,0.6983593,0.8641554,0.75319445,0.7865026,0.72755784,0.52395153,0.781583,0.5925946,0.46662167,0.5960607,0.7513133,0.56711406,0.83123916,0.8169274
4.0,-0.13391426,0.2319337,-0.4369313,0.03558832,-0.29405653,-0.28641313,-0.3623171,0.7501547,0.30035827,-0.5951508,-0.90230286,-0.5452339,0.37138236,-0.6264455,-0.27691478,0.18051156,0.86746365,0.79909575,0.6936056,0.85617006,0.751736,0.78480893,0.7249655,0.51842946,0.7766227,0.58455026,0.45869893,0.5918563,0.7448528,0.5559867,0.82030666,0.8116987
1.0,-0.1355994,0.21885087,-0.42525107,0.03602257,-0.29352695,-0.28125188,-0.3497565,0.7270763,0.29526314,-0.58140886,-0.8812826,-0.52799827,0.34946245,-0.60437346,-0.26521313,0.16759956,0.870202,0.7984833,0.70074034,0.8668059,0.7543018,0.78844726,0.72925305,0.5272229,0.78371614,0.5964603,0.47116205,0.5991689,0.75465983,0.57204455,0.8351618,0.81895566
2.0,-0.1338821,0.2297714,-0.43408835,0.03554747,-0.29249895,-0.28456628,-0.35902736,0.7447485,0.2985963,-0.5913373,-0.8965795,-0.54139906,0.36819276,-0.6220817,-0.2740082,0.1779966,0.8682858,0.7995499,0.6952161,0.85795206,0.7524903,0.7862102,0.7260931,0.52064747,0.77803636,0.58708775,0.4617281,0.5939894,0.74712837,0.5591682,0.8227312,0.8130214
2.0,-0.13397498,0.22832316,-0.43280947,0.035655834,-0.29248178,-0.28395438,-0.3576792,0.7422413,0.29804227,-0.5898644,-0.89444673,-0.53949213,0.365836,-0.61982524,-0.27266723,0.1765538,0.86856663,0.7994723,0.6959713,0.8591178,0.7527626,0.78661585,0.72647125,0.5216156,0.7787927,0.5883262,0.46306705,0.5947946,0.74822354,0.56085014,0.82421494,0.8137318
4.0,-0.13383034,0.22936635,-0.4340319,0.035696298,-0.29309285,-0.2846393,-0.35906267,0.744524,0.2987088,-0.5914824,-0.8969541,-0.5411593,0.36734143,-0.6219578,-0.27378267,0.1775986,0.86821806,0.7993297,0.6952964,0.8582656,0.7524811,0.7860971,0.72590107,0.52069384,0.7781511,0.5871658,0.4617822,0.5939372,0.7472224,0.5594109,0.82296175,0.81307024
3.0,-0.13566677,0.21861938,-0.42500022,0.035982866,-0.29343867,-0.28115124,-0.34946498,0.72656816,0.29513067,-0.581074,-0.88070023,-0.5276501,0.3490342,-0.6038342,-0.264992,0.16736037,0.870285,0.7984927,0.7009112,0.8670065,0.7543704,0.78854233,0.72940534,0.5274136,0.7838728,0.59674084,0.47144824,0.5993365,0.7548446,0.5724152,0.835522,0.8191482
2.0,-0.13401386,0.22947767,-0.43456587,0.035720393,-0.2937702,-0.28520763,-0.35977632,0.7455046,0.29923669,-0.59233797,-0.89815545,-0.54179204,0.36732092,-0.6223962,-0.27441478,0.17792673,0.86803514,0.7990464,0.695026,0.8581865,0.75228006,0.7856628,0.7257148,0.5202317,0.77798617,0.58680063,0.46119013,0.59340835,0.7468132,0.5590216,0.8229082,0.8129882
2.0,-0.13364267,0.2289093,-0.43234485,0.035451725,-0.29090846,-0.28313184,-0.35686287,0.7415003,0.297234,-0.58876455,-0.89278525,-0.53920543,0.36721325,-0.61989355,-0.27216578,0.17673475,0.8688623,0.8001228,0.6961572,0.8586509,0.75302863,0.78731275,0.72681564,0.5220641,0.7787678,0.5884953,0.46362397,0.59548664,0.74847776,0.56081986,0.82366806,0.81361616
3.0,-0.1355558,0.22057332,-0.42738616,0.036070302,-0.29455143,-0.2826125,-0.35228252,0.7311853,0.29660597,-0.58425915,-0.8856047,-0.5309077,0.35206157,-0.6077597,-0.267393,0.16953681,0.8696175,0.7981635,0.69951904,0.865438,0.75372934,0.7874477,0.728394,0.5255312,0.7826206,0.5944679,0.46881646,0.5975629,0.75292426,0.56950194,0.83314824,0.8179211
1.0,-0.13565531,0.22058967,-0.4277441,0.036134347,-0.29509455,-0.28298527,-0.3527725,0.73182017,0.29696798,-0.5848577,-0.8865151,-0.5312914,0.35194457,-0.6080792,-0.26775777,0.16969076,0.8694778,0.7979596,0.69934726,0.86542314,0.7536034,0.7871539,0.72821456,0.525226,0.7825132,0.5942204,0.4684165,0.59720117,0.7526687,0.5692453,0.8330871,0.8178571
3.0,-0.13521376,0.22439927,-0.43168798,0.036166135,-0.29615533,-0.2850455,-0.35723522,0.7395291,0.29904026,-0.5898298,-0.8942178,-0.53688014,0.35814813,-0.61515003,-0.2716803,0.17364697,0.8684472,0.79777455,0.696973,0.862332,0.75264114,0.78562874,0.7265937,0.52219975,0.78026396,0.59029716,0.46414074,0.59451175,0.74943537,0.5641076,0.8285512,0.8155626
2.0,-0.13392353,0.2295361,-0.43387938,0.03554891,-0.2924897,-0.2844873,-0.35880822,0.74433553,0.29851362,-0.59109294,-0.8961907,-0.5410921,0.36778766,-0.6216636,-0.27381033,0.17776747,0.86833733,0.7995326,0.69534534,0.8581494,0.7525339,0.78627056,0.7261795,0.5208014,0.77816546,0.58730537,0.46194884,0.59411526,0.74729973,0.55946195,0.82301545,0.8131627
2.0,-0.13396068,0.22756773,-0.4318487,0.035645727,-0.29201496,-0.28334028,-0.3565651,0.7403855,0.29744074,-0.5885874,-0.89253014,-0.5381792,0.36467263,-0.6183402,-0.27165884,0.17566463,0.86883616,0.7996106,0.6965272,0.85973704,0.75302726,0.7870821,0.7268368,0.5223729,0.77927476,0.58919907,0.46410722,0.59551626,0.74899155,0.56196475,0.8250656,0.81418705
3.0,-0.13478139,0.22296467,-0.4285828,0.03594001,-0.29322094,-0.2824421,-0.35331798,0.733763,0.29653943,-0.58522594,-0.8873366,-0.53302854,0.3565693,-0.6113374,-0.26841933,0.17144918,0.8694492,0.7988479,0.69862133,0.8634765,0.7536023,0.78761584,0.7279003,0.52474564,0.7815363,0.59280294,0.46755153,0.5972186,0.75183594,0.56705993,0.8302359,0.8165807
2.0,-0.13400999,0.2306967,-0.43636703,0.035837673,-0.29497057,-0.28640002,-0.36190534,0.7489227,0.3004088,-0.59483373,-0.9020117,-0.5441521,0.36911348,-0.6251796,-0.27620178,0.17941509,0.86746764,0.79869086,0.6939943,0.857158,0.75179076,0.78472465,0.72490084,0.5188278,0.77710277,0.5851859,0.45925248,0.5920197,0.745415,0.5570284,0.8213885,0.81212974
3.0,-0.13498554,0.22347707,-0.4298741,0.036059253,-0.29456073,-0.28356132,-0.35496962,0.73615074,0.29762247,-0.58718646,-0.89027727,-0.53459895,0.35706374,-0.6128712,-0.26976842,0.17230459,0.8690132,0.798355,0.6979405,0.8630656,0.7531904,0.78675157,0.7273331,0.5236795,0.78102666,0.5917791,0.46612418,0.59606296,0.7508538,0.56587267,0.829607,0.8161798
3.0,-0.13542014,0.2244772,-0.4323918,0.036258537,-0.29714966,-0.2857858,-0.35819086,0.7407915,0.29974306,-0.5909786,-0.8959245,-0.53766364,0.35800084,-0.6157553,-0.27244258,0.17400745,0.8681925,0.7973863,0.6966307,0.8622733,0.75239223,0.7850555,0.7262855,0.5215986,0.78005147,0.5898119,0.4633607,0.5938089,0.7489142,0.5635989,0.82843876,0.8154444
2.0,-0.13404784,0.22591193,-0.43015778,0.035685644,-0.29165483,-0.28244013,-0.3546918,0.737073,0.29657218,-0.5865073,-0.8894027,-0.5357638,0.36196563,-0.6154552,-0.26990783,0.17390735,0.8692636,0.7996471,0.69753647,0.8610854,0.7534314,0.7877286,0.7274354,0.5236753,0.78023165,0.5908189,0.4659222,0.596669,0.7503788,0.56412613,0.8269047,0.81510264
1.0,-0.13528657,0.21317284,-0.41716033,0.03575087,-0.28848505,-0.27553412,-0.33992374,0.71174747,0.28964588,-0.5701933,-0.8644977,-0.51729995,0.34161654,-0.59260124,-0.25694,0.16091639,0.8725095,0.8002274,0.70516384,0.8711999,0.7565772,0.7926142,0.7325204,0.5337639,0.78756887,0.60367584,0.48014584,0.6056335,0.76118076,0.58108705,0.841704,0.8223357
3.0,-0.13499454,0.22150595,-0.4273051,0.035992544,-0.29317904,-0.28187954,-0.35193253,0.73125094,0.29598343,-0.5837246,-0.8850386,-0.5311387,0.35416174,-0.6088961,-0.26715755,0.17004597,0.8697373,0.79878515,0.6993911,0.86464405,0.7538779,0.78799874,0.7283765,0.5257085,0.782315,0.59412307,0.4689208,0.5980153,0.75292677,0.5688316,0.8318961,0.81737924
4.0,-0.13425699,0.23123512,-0.43767765,0.035898212,-0.29632354,-0.28758115,-0.3635671,0.75131935,0.3015003,-0.59680367,-0.90487945,-0.5457627,0.36957544,-0.62664306,-0.27761644,0.18030852,0.8670429,0.79817617,0.69331795,0.85673314,0.7513756,0.7838284,0.7243837,0.51775247,0.7766,0.5841852,0.45784304,0.5908557,0.74438787,0.55590004,0.8208543,0.81176454
2.0,-0.13409528,0.23246573,-0.439061,0.035967276,-0.29682928,-0.28827405,-0.36510026,0.7540094,0.30220595,-0.5985719,-0.9076962,-0.5476763,0.37163424,-0.6291508,-0.27894402,0.18164104,0.86663425,0.79810864,0.6924713,0.855676,0.7510475,0.7832679,0.7237541,0.5167177,0.7758181,0.5828347,0.4563748,0.5899161,0.74330646,0.55414915,0.819296,0.81093216
3.0,-0.13479456,0.2243971,-0.4304975,0.035994407,-0.29429513,-0.28371358,-0.35558543,0.73741764,0.29777953,-0.58782196,-0.8912599,-0.53560024,0.35867298,-0.61426604,-0.2703783,0.17312269,0.8689022,0.7985089,0.6975384,0.8623236,0.75308126,0.78666437,0.72712404,0.52323043,0.78058803,0.59106886,0.4654673,0.5957511,0.75029886,0.5648777,0.828576,0.8156987
2.0,-0.13399702,0.2290976,-0.43406662,0.03571728,-0.29350722,-0.2848767,-0.3591955,0.7445498,0.29892185,-0.5916711,-0.897162,-0.54111654,0.36675283,-0.62164754,-0.27389115,0.1774754,0.8681767,0.7991263,0.69531095,0.8584975,0.7524151,0.7859111,0.7259024,0.52062476,0.7782345,0.5872434,0.46172583,0.59378636,0.74721295,0.5595824,0.823326,0.8132138
4.0,-0.13415596,0.2291713,-0.43483752,0.035855807,-0.29466236,-0.2856475,-0.36024117,0.7459212,0.29966766,-0.5929624,-0.89914215,-0.54195803,0.36657444,-0.62244076,-0.274657,0.17781392,0.8678633,0.7986953,0.69492096,0.85842705,0.7521487,0.7852895,0.7254832,0.5199841,0.7779798,0.58668184,0.46087536,0.5930297,0.74666107,0.5590116,0.8231409,0.81302315
4.0,-0.13420096,0.23087369,-0.43706527,0.03587588,-0.29584897,-0.2871124,-0.3628255,0.7501712,0.30105877,-0.5959362,-0.9035886,-0.54497266,0.36910287,-0.62581956,-0.27697188,0.17982042,0.8672311,0.79834026,0.69365406,0.85703,0.7515537,0.7841865,0.7246284,0.5182413,0.7768731,0.58469707,0.45849904,0.59135455,0.7448707,0.5565151,0.821255,0.8120003
2.0,-0.13413334,0.23084883,-0.43650207,0.035769086,-0.2948779,-0.28652918,-0.36205107,0.74923307,0.30050427,-0.594954,-0.90208024,-0.5443725,0.36941907,-0.6252188,-0.27647722,0.17966211,0.8674572,0.798708,0.69389886,0.85704225,0.75173825,0.7846527,0.7249772,0.5187008,0.77703047,0.58510554,0.45910126,0.5919106,0.7453001,0.55687183,0.82135594,0.81213015
3.0,-0.1354634,0.22091566,-0.42768624,0.036093205,-0.29456556,-0.282709,-0.35261226,0.73180145,0.29673156,-0.5846261,-0.8862278,-0.5313515,0.35269114,-0.60843307,-0.2676682,0.16986844,0.86953324,0.7981865,0.699313,0.8651494,0.7536572,0.78736174,0.72823703,0.52530795,0.7824202,0.5941228,0.46848083,0.5973825,0.7526884,0.5690347,0.8326788,0.8176804
2.0,-0.1340683,0.23285356,-0.4394034,0.035936967,-0.2968307,-0.28843176,-0.36545563,0.75468546,0.30235043,-0.5989647,-0.9082686,-0.5481886,0.37227976,-0.62976396,-0.2793064,0.182035,0.8665579,0.79813206,0.6922648,0.8553571,0.750972,0.78315777,0.7236524,0.5164608,0.7756164,0.58250177,0.45602003,0.58970416,0.743016,0.5536982,0.8188954,0.8107341
2.0,-0.13389808,0.22772965,-0.432044,0.03565473,-0.29217076,-0.28344965,-0.3567888,0.7407209,0.2975527,-0.5888685,-0.89297,-0.5384452,0.36483604,-0.6187186,-0.27179956,0.1757877,0.8687842,0.7995618,0.6964405,0.8596129,0.7529827,0.7869959,0.7267193,0.5222295,0.7791908,0.5890036,0.46390867,0.5953805,0.748816,0.5617547,0.82486516,0.8140756
1.0,-0.13548504,0.22067484,-0.42746145,0.03610509,-0.29454052,-0.28259262,-0.35236186,0.73135805,0.29661927,-0.58435416,-0.88582486,-0.53102136,0.35230148,-0.6080355,-0.2674328,0.16962416,0.8695836,0.79818827,0.69944686,0.8653392,0.7537106,0.78744084,0.7283126,0.5254818,0.78255004,0.594347,0.46872473,0.5975325,0.7528811,0.5693334,0.8329399,0.8178071
1.0,-0.13535953,0.21982977,-0.42600253,0.03602307,-0.29339194,-0.2814678,-0.35055673,0.7286206,0.29552794,-0.58226275,-0.88268715,-0.529154,0.35122296,-0.6060737,-0.26592308,0.16850325,0.8700274,0.798596,0.7002339,0.8660058,0.75413984,0.78828424,0.7289174,0.5266676,0.7831962,0.5955864,0.47033238,0.59874874,0.7540318,0.57084125,0.83393145,0.81835514
4.0,-0.13373634,0.22983377,-0.43439457,0.03568875,-0.2930162,-0.28473607,-0.359424,0.74525726,0.29881608,-0.59187376,-0.89759,-0.54171157,0.36818373,-0.62274265,-0.27412474,0.17803916,0.8681345,0.79940414,0.69506085,0.85787123,0.75241554,0.78602564,0.72575635,0.52043355,0.77790505,0.5867689,0.46140048,0.5937419,0.7469236,0.5588561,0.82239497,0.812797
3.0,-0.13518679,0.22229691,-0.42885143,0.036085237,-0.29453892,-0.2831412,-0.3538671,0.73413014,0.29719666,-0.58598626,-0.8884043,-0.5330859,0.35507962,-0.6108482,-0.26877832,0.17117679,0.86925316,0.79828894,0.6985706,0.86402196,0.75340784,0.787047,0.72774065,0.5244428,0.7816656,0.59285545,0.46721998,0.5966879,0.751717,0.5673187,0.8309926,0.816855
4.0,-0.13386667,0.23055935,-0.4350372,0.035540577,-0.29294175,-0.28515255,-0.36010823,0.74654907,0.29915133,-0.5925816,-0.8984373,-0.5427032,0.36936018,-0.6235872,-0.27496862,0.17886256,0.8680273,0.7994283,0.6946831,0.85731095,0.7522488,0.7857737,0.7257282,0.519912,0.77755326,0.58622646,0.46072322,0.5932998,0.7463535,0.5580786,0.82186776,0.8125647
2.0,-0.13393417,0.23072499,-0.43639195,0.03588875,-0.29498076,-0.28634763,-0.36192536,0.7489777,0.30038625,-0.59486747,-0.9021616,-0.5441717,0.3692219,-0.6253665,-0.2761603,0.17942089,0.86744,0.79871714,0.6939612,0.85711277,0.7517982,0.7847426,0.72481906,0.51882553,0.77706146,0.5851211,0.45922264,0.5920237,0.74541867,0.55694073,0.82123464,0.8120452
4.0,-0.13383672,0.22932164,-0.43337387,0.03550325,-0.2920025,-0.28406048,-0.35817158,0.74337924,0.29810178,-0.59033525,-0.89505947,-0.54047006,0.36753306,-0.6210512,-0.273265,0.1774047,0.8685166,0.7997054,0.69562835,0.8583314,0.752696,0.78660387,0.72639596,0.52121514,0.7783776,0.5877092,0.46250653,0.59456116,0.74767655,0.5599387,0.82327104,0.81333256
2.0,-0.13383114,0.23205152,-0.4371436,0.03566167,-0.2942595,-0.28650117,-0.3625701,0.7505582,0.30048284,-0.595472,-0.9029036,-0.5454907,0.37159055,-0.6269161,-0.27705252,0.18064252,0.86737263,0.7990525,0.6934712,0.8560483,0.75168216,0.7847082,0.7247821,0.51827824,0.77650845,0.5843175,0.45846483,0.5917026,0.7447109,0.55571216,0.8200244,0.8115279
2.0,-0.1340508,0.23097187,-0.4368067,0.035845477,-0.29529083,-0.2867334,-0.36243376,0.74974847,0.30072114,-0.59545016,-0.90291834,-0.5447275,0.36947605,-0.62577295,-0.2766695,0.17977509,0.86733663,0.7985792,0.6937535,0.85693496,0.75166315,0.7844724,0.72473353,0.5184764,0.7769058,0.5848174,0.45878202,0.59166455,0.74506426,0.55658257,0.82109815,0.8119612
3.0,-0.13520196,0.22366576,-0.43066072,0.03612814,-0.2955284,-0.28434598,-0.3560092,0.7375766,0.29835975,-0.5884235,-0.89208186,-0.5355153,0.3570857,-0.61360157,-0.27063167,0.17276812,0.8687441,0.7979775,0.6975512,0.862925,0.7529237,0.78615683,0.7270182,0.5230131,0.7807638,0.5912199,0.46525633,0.5953074,0.7502568,0.5652574,0.8294166,0.8160282
4.0,-0.13399148,0.23012961,-0.4349718,0.03561389,-0.2934566,-0.28533006,-0.360148,0.74635226,0.29932323,-0.59268975,-0.8985965,-0.5424771,0.36848384,-0.62316376,-0.27490526,0.17855355,0.86798704,0.7991945,0.69476235,0.85766524,0.75221175,0.7856149,0.72568953,0.5199294,0.7776963,0.5863869,0.46077356,0.59321,0.74644256,0.5583898,0.82231665,0.81273705
3.0,-0.1348593,0.22297026,-0.42882016,0.035977703,-0.29358858,-0.2826989,-0.3536439,0.7341814,0.2967826,-0.5856255,-0.8879305,-0.53328174,0.35647354,-0.6115295,-0.268668,0.17154771,0.8693544,0.7987082,0.6985077,0.86347276,0.75351864,0.78741586,0.72778654,0.52454275,0.7814656,0.59264654,0.4672877,0.5969752,0.7516664,0.5669013,0.8302183,0.8165475
3.0,-0.13567162,0.21927111,-0.42587745,0.036013573,-0.29393613,-0.2817403,-0.35051748,0.7282408,0.29571024,-0.58226883,-0.88251305,-0.52882063,0.34998247,-0.6051714,-0.26588273,0.1681158,0.8700368,0.7983308,0.70041925,0.8664904,0.75413054,0.7881083,0.72904396,0.526714,0.7834381,0.5959409,0.47048315,0.5986579,0.7541382,0.5714061,0.8347503,0.81874806
1.0,-0.13464996,0.22142813,-0.4262249,0.035834942,-0.29159826,-0.28073815,-0.35045707,0.7292948,0.29487535,-0.5819181,-0.8823655,-0.52994144,0.35444704,-0.6079729,-0.26598436,0.169529,0.8701565,0.7994002,0.69992846,0.86470336,0.75428003,0.78889847,0.72887033,0.5266423,0.78263736,0.59486324,0.4701432,0.5991199,0.75369996,0.56961185,0.83202004,0.8175563
3.0,-0.13517118,0.22193962,-0.428297,0.036046907,-0.29415226,-0.28275222,-0.35319373,0.7330781,0.29681024,-0.5852082,-0.88720703,-0.5323663,0.3545676,-0.61002827,-0.2682187,0.17072853,0.8694241,0.7984147,0.6988836,0.8643133,0.7535655,0.78734595,0.72798556,0.5248851,0.7819308,0.5933488,0.4678292,0.59713,0.7521483,0.56793135,0.83144176,0.81710064
3.0,-0.13538724,0.22530031,-0.43333378,0.036252134,-0.29751515,-0.28635478,-0.3592716,0.74260086,0.30028376,-0.59219086,-0.89774925,-0.5389683,0.35926518,-0.6172807,-0.27340728,0.17490837,0.86794573,0.79728836,0.6960891,0.86161,0.75215715,0.7846431,0.72592866,0.5208682,0.77955174,0.5889329,0.46235323,0.593134,0.7481376,0.56247133,0.82751477,0.81497157
3.0,-0.13503805,0.2240938,-0.43092516,0.03614339,-0.29537493,-0.2843315,-0.35625997,0.7381441,0.2983871,-0.5886909,-0.89258915,-0.53594714,0.35792434,-0.614375,-0.27084148,0.1731292,0.8686795,0.79808074,0.6973481,0.86255735,0.7528805,0.78615093,0.72686464,0.5228357,0.78054243,0.5908605,0.46496707,0.59520304,0.75004405,0.5647478,0.8288217,0.8157334
4.0,-0.13424468,0.23113385,-0.4376015,0.03592432,-0.29635018,-0.28753525,-0.3634902,0.75116664,0.30146575,-0.5967262,-0.9047969,-0.5456383,0.369417,-0.6265387,-0.27751434,0.18020254,0.86705047,0.79816824,0.69336003,0.85680974,0.75139445,0.78385305,0.7243805,0.51781374,0.776641,0.58425134,0.4579207,0.59090364,0.7444616,0.5559939,0.820922,0.8117928
3.0,-0.1346314,0.22333246,-0.4286373,0.035887033,-0.2928174,-0.2822854,-0.35329372,0.7339083,0.2963881,-0.5851469,-0.8872438,-0.53321075,0.3572804,-0.6117481,-0.2684344,0.17167735,0.8694811,0.79903126,0.698561,0.8631806,0.7536401,0.7877561,0.727899,0.52473843,0.7814115,0.5926491,0.46751282,0.59730095,0.75175184,0.56679624,0.8298223,0.8164146
3.0,-0.13545963,0.22256546,-0.4298745,0.036164388,-0.29577172,-0.28415596,-0.35521507,0.7359836,0.29814813,-0.58758616,-0.89072746,-0.5342876,0.35513407,-0.6118057,-0.26990002,0.17178959,0.86891353,0.7978044,0.698071,0.863826,0.7530639,0.7862838,0.72734094,0.5235752,0.7813263,0.5921237,0.46609154,0.59570944,0.750929,0.5665126,0.8307319,0.81665826
3.0,-0.1351744,0.22258583,-0.4291899,0.03608425,-0.29468668,-0.28335232,-0.35426065,0.734779,0.2973995,-0.58643186,-0.88906956,-0.53355455,0.35550782,-0.61139226,-0.26912326,0.17149067,0.86916435,0.7982437,0.69837993,0.86379313,0.7533208,0.78689456,0.7276102,0.5241769,0.78149164,0.5925392,0.46685338,0.5964388,0.75143486,0.5669182,0.8306714,0.8166897
2.0,-0.1339072,0.22744378,-0.43098983,0.035511725,-0.29068124,-0.28253752,-0.35540333,0.73889863,0.29662415,-0.58712256,-0.89022994,-0.53722036,0.36485577,-0.6172836,-0.27089006,0.17533638,0.8691556,0.80013317,0.69693595,0.8598418,0.7533418,0.78776354,0.72735703,0.52308476,0.7795281,0.5898803,0.46505293,0.5963397,0.749633,0.5626294,0.82537323,0.8144659
2.0,-0.13357925,0.2284908,-0.43175828,0.03545732,-0.2905739,-0.28270817,-0.35617054,0.7403755,0.2968367,-0.58796895,-0.8916357,-0.5384146,0.3666079,-0.6190884,-0.2715208,0.17620909,0.8690303,0.80023605,0.6964893,0.85898745,0.75319725,0.7876262,0.7270131,0.5225361,0.77904737,0.5889939,0.4642596,0.5959504,0.7489463,0.5614519,0.8240881,0.8138468
4.0,-0.1337478,0.22793318,-0.43135622,0.03544197,-0.2907024,-0.28265852,-0.3557803,0.7395524,0.29675144,-0.5875461,-0.89088666,-0.53779835,0.36556795,-0.61809546,-0.27118653,0.17571306,0.8691253,0.8001207,0.6967591,0.8594663,0.75325984,0.7876705,0.7272145,0.52281433,0.77934045,0.58947444,0.46468642,0.5961431,0.7492735,0.56212527,0.8248369,0.8142067
2.0,-0.13395363,0.23126203,-0.43710506,0.035894807,-0.29537195,-0.28682178,-0.362753,0.75033724,0.30083567,-0.5958233,-0.9035868,-0.5451359,0.37001508,-0.62643874,-0.27690476,0.18006042,0.86723596,0.7985983,0.6935557,0.85667115,0.7516056,0.7843836,0.7245469,0.5182671,0.7767106,0.5844898,0.45846295,0.59148467,0.7448464,0.55614936,0.8206454,0.8117217
1.0,-0.13500984,0.2221415,-0.4281947,0.036021795,-0.2937296,-0.28249222,-0.35299784,0.7329322,0.2965775,-0.5849482,-0.88688195,-0.532319,0.3550517,-0.6102238,-0.26805854,0.17079015,0.869481,0.79860437,0.6989001,0.8641392,0.75363505,0.7875444,0.72801,0.5250011,0.7818855,0.5933282,0.46795103,0.59732085,0.75220996,0.5678435,0.83116084,0.8169887
3.0,-0.13578247,0.22295012,-0.43102816,0.036193013,-0.29704863,-0.28529924,-0.35670736,0.7380221,0.29916137,-0.5893171,-0.89317715,-0.53564346,0.3552509,-0.6128214,-0.2711513,0.17250592,0.8685683,0.79730606,0.6975487,0.8635574,0.75271964,0.7854753,0.7269475,0.5226104,0.7809336,0.59132534,0.4648589,0.5946396,0.74999624,0.5656353,0.8304298,0.8164759
4.0,-0.13382792,0.23000392,-0.43476412,0.03568221,-0.29336935,-0.2850821,-0.35988992,0.74593836,0.29913,-0.5924231,-0.8983476,-0.54218304,0.3683303,-0.6231215,-0.27455175,0.17831114,0.8680241,0.79925877,0.69487303,0.8577457,0.7522924,0.78577024,0.7256411,0.5201236,0.7777694,0.586495,0.46100113,0.59340996,0.7466242,0.5585444,0.8222765,0.81271267
3.0,-0.1347576,0.2225999,-0.42808875,0.0359356,-0.29294592,-0.28209776,-0.35272932,0.7328167,0.2962068,-0.58455575,-0.886346,-0.53236073,0.356042,-0.61061954,-0.2678936,0.17101014,0.86958605,0.7989424,0.6988983,0.8637649,0.75374204,0.7878691,0.7280825,0.525142,0.78177345,0.5932412,0.46809217,0.5976053,0.752236,0.5676129,0.8306321,0.8167906
3.0,-0.13533697,0.22164895,-0.42834324,0.036090046,-0.2946089,-0.28298783,-0.35333368,0.7331088,0.29702467,-0.58541346,-0.88747007,-0.5323168,0.35393974,-0.60973084,-0.268309,0.17058475,0.8693724,0.79821396,0.698901,0.8645537,0.7535078,0.7871579,0.7279642,0.5248127,0.7820123,0.59342736,0.4677664,0.5969703,0.75214255,0.568101,0.831794,0.8172439
4.0,-0.13384253,0.22988613,-0.4341328,0.035526514,-0.29243177,-0.28455186,-0.35905522,0.7448268,0.29857817,-0.59136117,-0.8966137,-0.54148686,0.36837375,-0.62222385,-0.27403504,0.17806707,0.868291,0.7995814,0.69519496,0.8578641,0.7524928,0.78622794,0.72608286,0.52062184,0.7779986,0.5870277,0.46169123,0.5939873,0.74707603,0.5590826,0.82261616,0.8129746
2.0,-0.13398689,0.230887,-0.43648827,0.035811387,-0.29489893,-0.2864321,-0.36201662,0.74916756,0.30043417,-0.594947,-0.90216607,-0.5443537,0.36943865,-0.6254299,-0.27633184,0.1795862,0.86745155,0.79872835,0.6939198,0.8570056,0.75177115,0.78471,0.72487867,0.51874006,0.77701986,0.5850572,0.45913032,0.5919618,0.7453028,0.5568432,0.8212046,0.81204736
2.0,-0.1339729,0.22964877,-0.4347957,0.035756353,-0.2939092,-0.28532314,-0.3600415,0.7459467,0.29936534,-0.59265375,-0.8986875,-0.54209214,0.36760482,-0.6228312,-0.2746116,0.17811485,0.86795515,0.7990196,0.69488555,0.85803354,0.75222415,0.7855613,0.7255786,0.5200607,0.77785915,0.58657044,0.46094108,0.5932447,0.7466427,0.55873346,0.8226433,0.8128409
2.0,-0.13404387,0.23054357,-0.43614373,0.035798825,-0.2948236,-0.2862832,-0.36164477,0.7484915,0.30027884,-0.5945231,-0.9014856,-0.5438652,0.36885086,-0.6247669,-0.27600718,0.17923462,0.86754817,0.79872173,0.6941334,0.8572985,0.7518471,0.7848291,0.7250341,0.51899487,0.77722543,0.5854061,0.45949557,0.59218264,0.74557585,0.5573048,0.821637,0.8122708
4.0,-0.13372599,0.23149385,-0.43580583,0.03550904,-0.29285783,-0.28541777,-0.3608872,0.74808514,0.29941878,-0.5934353,-0.8997689,-0.543861,0.37099552,-0.62513244,-0.27572286,0.17976722,0.8678492,0.79954326,0.69419944,0.856529,0.75209874,0.78558224,0.725449,0.5193502,0.7770591,0.58542615,0.4599187,0.5928595,0.74571687,0.5569711,0.8207911,0.8120424
4.0,-0.13398287,0.2302945,-0.43517485,0.035618346,-0.29355752,-0.2854523,-0.3603798,0.7467379,0.2994413,-0.59295833,-0.8990064,-0.54275346,0.3687312,-0.62349546,-0.27510524,0.17873481,0.8679288,0.79916865,0.6946468,0.857529,0.75216085,0.78552204,0.725604,0.5197733,0.7775915,0.5861997,0.4605581,0.59306294,0.7462791,0.5581541,0.8221247,0.8126343
4.0,-0.13429107,0.23123455,-0.4380729,0.03602533,-0.29696405,-0.2879421,-0.36411,0.75203264,0.30187702,-0.59748197,-0.9060148,-0.546169,0.36948988,-0.6271384,-0.2779668,0.18045868,0.866859,0.7979561,0.69309604,0.8567053,0.7512408,0.7835089,0.72410536,0.5174345,0.7764541,0.58387023,0.45739996,0.5904718,0.7441354,0.55557233,0.82068324,0.81161565
3.0,-0.13470966,0.2229986,-0.42843634,0.035914954,-0.29295212,-0.2822568,-0.35310435,0.7334974,0.29635772,-0.58496,-0.886952,-0.5328762,0.35669145,-0.6112647,-0.2682432,0.17139438,0.8695097,0.79896075,0.69869184,0.8634481,0.7536689,0.7877649,0.7279627,0.5248795,0.78156275,0.59288925,0.46772215,0.59738773,0.7519366,0.56713873,0.83019537,0.8165833
4.0,-0.13407579,0.23157552,-0.43712515,0.03569407,-0.29489547,-0.28683025,-0.36269736,0.7504249,0.30075994,-0.5956694,-0.9030872,-0.54530966,0.37053457,-0.6263201,-0.27711326,0.18034896,0.86733055,0.79873985,0.69355184,0.8564656,0.7516143,0.7844611,0.72479826,0.5182349,0.7766716,0.58450925,0.45846716,0.59152806,0.74474573,0.556082,0.8206519,0.8117932
1.0,-0.13488509,0.22358426,-0.4297428,0.03601522,-0.29422975,-0.2833566,-0.3547579,0.73591447,0.2974207,-0.58691764,-0.8898793,-0.5344915,0.3573019,-0.6128756,-0.2696004,0.17229044,0.86908287,0.7984907,0.69800436,0.86298287,0.75325966,0.78692037,0.7273977,0.52380663,0.7810363,0.5918342,0.4662838,0.59624153,0.75092715,0.5659079,0.82950175,0.8161556
3.0,-0.13574666,0.21804604,-0.4243524,0.035933334,-0.2931968,-0.28080696,-0.3487017,0.72525954,0.29474232,-0.58020616,-0.8793144,-0.526737,0.34804717,-0.6026342,-0.26433843,0.16672543,0.87047535,0.7985558,0.70132715,0.86747867,0.75455815,0.78882426,0.72970957,0.52792597,0.78423834,0.5974091,0.47218734,0.5998058,0.7553496,0.5732938,0.83627796,0.8195498
4.0,-0.13399315,0.23127604,-0.4366966,0.035712812,-0.2946698,-0.28650033,-0.36219156,0.7495929,0.30046177,-0.5950986,-0.9022894,-0.54473114,0.37008634,-0.6257909,-0.27660608,0.17993869,0.86744857,0.79882145,0.69379807,0.8567081,0.75174177,0.78470016,0.72491145,0.5185841,0.7768731,0.58485705,0.45892897,0.5918718,0.74508864,0.5565299,0.8209215,0.81194156
3.0,-0.13517529,0.22398765,-0.43106014,0.036148526,-0.2957247,-0.28458264,-0.35647577,0.73834676,0.2985996,-0.5889566,-0.89291614,-0.53605694,0.3575922,-0.6142736,-0.27102476,0.17312855,0.8686282,0.79792464,0.69731575,0.8626596,0.75281876,0.78597313,0.7268396,0.5227029,0.7805523,0.5908387,0.46482143,0.59501517,0.7499401,0.5647717,0.8290116,0.8158139
3.0,-0.13566235,0.2211229,-0.42833844,0.036104012,-0.29530013,-0.28336954,-0.35345936,0.73295486,0.2973191,-0.58561313,-0.88760394,-0.53212166,0.35272577,-0.6089781,-0.26838923,0.17026833,0.8693383,0.797893,0.69902074,0.86501163,0.7534561,0.7868951,0.72802526,0.5247569,0.7822074,0.5936801,0.46777847,0.59676665,0.75216025,0.56855035,0.8325444,0.81759405
3.0,-0.13541448,0.2237386,-0.43134674,0.036210164,-0.29650104,-0.28507817,-0.35694313,0.73881,0.29905495,-0.5895475,-0.8937339,-0.53628385,0.35692683,-0.6141697,-0.27138746,0.17312169,0.86849934,0.79759073,0.6972205,0.8628745,0.75267553,0.78559136,0.72672933,0.5224222,0.78056484,0.5907519,0.46449265,0.5946155,0.749745,0.5647694,0.8293312,0.8159244
3.0,-0.13481095,0.22293459,-0.42866364,0.035962638,-0.29339856,-0.282543,-0.35343722,0.7338963,0.29663628,-0.58538043,-0.88757265,-0.53310114,0.3564663,-0.61138815,-0.26849473,0.17145512,0.8694104,0.79878044,0.6985874,0.86350024,0.75357133,0.78753394,0.72784895,0.5246752,0.7815206,0.59275603,0.46746096,0.597126,0.7517817,0.5670251,0.8302549,0.8165766
2.0,-0.13412535,0.22732781,-0.43204343,0.035678588,-0.29272097,-0.28374168,-0.35690784,0.7406405,0.29780087,-0.58905685,-0.8931439,-0.5383146,0.3639484,-0.6182126,-0.27187866,0.17555484,0.868741,0.7992947,0.6964987,0.8599615,0.75291723,0.78677255,0.7267378,0.5221785,0.77932686,0.58916426,0.46389413,0.5952158,0.7488398,0.56206065,0.8254142,0.8143043
2.0,-0.13389257,0.2292448,-0.43421575,0.03578316,-0.29354793,-0.2848709,-0.35935214,0.7448546,0.29895523,-0.5918615,-0.8975801,-0.5413075,0.36708152,-0.62209195,-0.27395988,0.17760581,0.8681095,0.7991569,0.69519603,0.85834616,0.7523942,0.7858877,0.72575265,0.520531,0.77811533,0.58704543,0.46156025,0.5937112,0.7471234,0.55931723,0.82299685,0.81303734
3.0,-0.13486397,0.22295454,-0.42886996,0.03600822,-0.29368043,-0.28274068,-0.35371745,0.7342869,0.29683945,-0.5857208,-0.88810706,-0.53332937,0.35646775,-0.6116038,-0.26871544,0.17156792,0.86932385,0.7986784,0.69846964,0.8634752,0.7534942,0.7873688,0.72774065,0.5244996,0.78144586,0.5926004,0.4672227,0.5969213,0.7516463,0.56684667,0.83018667,0.81651855
3.0,-0.13516013,0.22250181,-0.4290834,0.036099907,-0.29462278,-0.283263,-0.35413548,0.7345919,0.29732883,-0.58629,-0.88889,-0.5334094,0.3554305,-0.61126983,-0.26900935,0.17140412,0.8691862,0.79827064,0.6984248,0.8638508,0.7533452,0.7869486,0.7276348,0.52426255,0.78153527,0.59262115,0.46696195,0.59652346,0.7515355,0.56701183,0.83072495,0.81671417
3.0,-0.13510345,0.22344527,-0.43014497,0.036098696,-0.29502428,-0.28388888,-0.3553539,0.7366266,0.2979313,-0.58765745,-0.8909592,-0.53488153,0.3568746,-0.61302525,-0.2700755,0.17240852,0.86890763,0.798167,0.69781715,0.86309594,0.7530839,0.7864974,0.72721845,0.5234395,0.78096586,0.5916179,0.46582016,0.59576637,0.7506591,0.56572175,0.8296496,0.81617045
4.0,-0.13397965,0.22954138,-0.43425155,0.035615843,-0.29313564,-0.28487703,-0.3593237,0.74496496,0.29889256,-0.59174776,-0.89719427,-0.54148805,0.3675788,-0.622048,-0.27415037,0.17787556,0.86818725,0.7992819,0.6951785,0.85814804,0.7524005,0.7859525,0.7259545,0.52049214,0.77806675,0.58703643,0.46154398,0.5937405,0.7470222,0.55922353,0.82296056,0.8130784
3.0,-0.13491341,0.22322504,-0.42932194,0.036015153,-0.29403234,-0.28310055,-0.35427135,0.735122,0.29717475,-0.5863626,-0.8890404,-0.5339133,0.35678378,-0.6121831,-0.26919043,0.17191583,0.86919314,0.7985488,0.6982356,0.8632677,0.75336426,0.7871068,0.72757083,0.52413315,0.7812518,0.59222883,0.4667339,0.5965459,0.751279,0.56640184,0.82991105,0.81636584
2.0,-0.13401878,0.23022382,-0.43573844,0.035812587,-0.29462188,-0.28600442,-0.36117685,0.7477223,0.3000239,-0.5939888,-0.9007157,-0.54330945,0.36839387,-0.62418425,-0.27557093,0.1788612,0.86765575,0.79878694,0.6943578,0.85755414,0.7519556,0.785031,0.72516805,0.5193147,0.7774222,0.58575684,0.4599246,0.59248847,0.7459101,0.5577464,0.8219534,0.8124394
1.0,-0.13052976,0.17844938,-0.36380464,0.033522643,-0.25152957,-0.23736776,-0.2736102,0.611083,0.24915397,-0.49214855,-0.75145113,-0.44751266,0.29798234,-0.51662713,-0.20414726,0.12303665,0.8893458,0.81419337,0.73332787,0.8958867,0.7735962,0.8202666,0.7547361,0.5788135,0.8114168,0.6513953,0.543668,0.6518264,0.80286497,0.641402,0.880264,0.8421087
2.0,-0.13381296,0.23225981,-0.4373815,0.035667863,-0.29435146,-0.2866292,-0.36283478,0.7510171,0.3006093,-0.5957773,-0.90337723,-0.54581946,0.37192592,-0.6273273,-0.27728575,0.18086892,0.86730444,0.7990364,0.69333035,0.8558723,0.75162476,0.78460836,0.72468126,0.5180984,0.7763787,0.5840918,0.4582131,0.59153783,0.74452186,0.5554213,0.8197748,0.8113955
1.0,-0.13222712,0.22154087,-0.4206641,0.0354294,-0.2822544,-0.27400154,-0.34269157,0.71955264,0.28858757,-0.5721103,-0.8689804,-0.5236631,0.35808808,-0.6045439,-0.2595235,0.16741998,0.87240046,0.80334926,0.70250493,0.8643146,0.75660205,0.7941573,0.7310088,0.5316259,0.78387564,0.5981595,0.47642833,0.60523134,0.75781417,0.5726197,0.83056176,0.81768537
2.0,-0.13405383,0.23218901,-0.4383298,0.035853617,-0.2960301,-0.2876917,-0.3641752,0.7526614,0.30162898,-0.59745455,-0.9059262,-0.54680556,0.37132445,-0.6281508,-0.27823997,0.18117875,0.8669065,0.79837734,0.69287837,0.85592717,0.75126827,0.78374803,0.72414786,0.5172965,0.77612936,0.5834455,0.45716822,0.5905465,0.74383986,0.554845,0.81974363,0.81123006
2.0,-0.1342663,0.22993375,-0.43633306,0.035996642,-0.29598147,-0.28679144,-0.36208767,0.7487351,0.3007899,-0.59514785,-0.9025057,-0.54383254,0.36758596,-0.62449914,-0.2761829,0.17892522,0.8673599,0.7982492,0.6940793,0.8577764,0.7516994,0.7843787,0.7247942,0.5187888,0.7773153,0.5854143,0.45924583,0.59178054,0.7455304,0.5574984,0.8221444,0.81241393
2.0,-0.13407737,0.23190792,-0.43810397,0.035880815,-0.29606426,-0.28759903,-0.36394775,0.75221217,0.30154604,-0.5972078,-0.90557176,-0.54645807,0.37085155,-0.62773114,-0.27799988,0.1809035,0.8669519,0.7983474,0.6930155,0.85615647,0.75131476,0.78380895,0.7242081,0.51746446,0.7762683,0.58367,0.45740095,0.5906782,0.74403554,0.5551549,0.82002807,0.81136644
2.0,-0.13382769,0.23016717,-0.43461052,0.03558431,-0.29281372,-0.28486896,-0.35963172,0.74573606,0.29890743,-0.5920515,-0.8977133,-0.5420953,0.3687878,-0.6229826,-0.2744909,0.17843069,0.8681265,0.7994659,0.69491786,0.85761744,0.7523549,0.78596455,0.7258336,0.52024865,0.7777717,0.5865913,0.46116892,0.5936077,0.7467175,0.5585558,0.82221115,0.8127337
4.0,-0.13427395,0.23152937,-0.43817917,0.035937592,-0.29672015,-0.2879414,-0.36417213,0.7522607,0.30184928,-0.597517,-0.9059798,-0.54640293,0.36998215,-0.6273722,-0.27811807,0.18069807,0.86687964,0.7980494,0.6930352,0.8564828,0.7512346,0.78354365,0.72415406,0.5173589,0.7763663,0.583751,0.457305,0.5904545,0.7440025,0.55537695,0.82048094,0.8115445
4.0,-0.13385516,0.2292493,-0.43334454,0.035512004,-0.29205656,-0.28407076,-0.35815257,0.74331623,0.29811198,-0.59032106,-0.8950368,-0.5404131,0.36739784,-0.6209616,-0.2732383,0.17734826,0.8685171,0.79967874,0.6956493,0.8583904,0.75269586,0.78659266,0.72640073,0.52123314,0.7784065,0.5877493,0.46253482,0.59456456,0.7477055,0.56000227,0.8233491,0.8133652
4.0,-0.13422742,0.22950098,-0.4356409,0.035960305,-0.2954867,-0.28629273,-0.36125568,0.74741894,0.3003065,-0.59417677,-0.9010338,-0.5429307,0.3669663,-0.6235093,-0.27546132,0.17835264,0.8675748,0.7984128,0.6944729,0.858138,0.75189984,0.7847671,0.72508276,0.5193386,0.7776379,0.5860143,0.45999494,0.5923344,0.7460691,0.5582346,0.8226575,0.8127106
3.0,-0.13510391,0.22304198,-0.42963064,0.036091797,-0.2947594,-0.2835528,-0.3547498,0.7356498,0.29760957,-0.58697224,-0.889928,-0.53418726,0.3562846,-0.61223423,-0.2695521,0.17195183,0.8690493,0.79824823,0.69810516,0.8634179,0.75321794,0.7867432,0.72742116,0.52384377,0.78122526,0.59208435,0.46637496,0.5961529,0.7510775,0.56631094,0.8301078,0.8164078
2.0,-0.13390535,0.23122439,-0.43667164,0.035785582,-0.29471892,-0.28642303,-0.3621667,0.7495538,0.30043036,-0.59509397,-0.9024079,-0.54467,0.37006935,-0.6259124,-0.2765016,0.17987162,0.8674245,0.7988294,0.6937914,0.85672307,0.75175315,0.7847241,0.7248221,0.5186188,0.7768675,0.58483136,0.45894536,0.5919006,0.7451408,0.5565052,0.82081985,0.81187266
2.0,-0.1341787,0.2295199,-0.43551165,0.035938498,-0.29524857,-0.28613627,-0.36107078,0.7472014,0.3001625,-0.59394836,-0.9006967,-0.54280144,0.367075,-0.6234272,-0.2753268,0.17831671,0.86762846,0.79850656,0.69453025,0.8581203,0.7519473,0.784889,0.7251476,0.51944953,0.77766955,0.5860912,0.4601355,0.5924737,0.7461619,0.55830014,0.82263905,0.81271815
4.0,-0.13396403,0.22955774,-0.43423712,0.035614297,-0.29308987,-0.28484726,-0.35929853,0.74494356,0.29886654,-0.5917156,-0.8971536,-0.54147774,0.36762443,-0.622061,-0.27413046,0.1778791,0.86819404,0.7993028,0.69518244,0.85813314,0.7524086,0.7859748,0.72595876,0.520507,0.7780646,0.58703834,0.4615602,0.59376246,0.74703276,0.5592183,0.8229351,0.81306916
3.0,-0.13481492,0.22426103,-0.43039337,0.036005527,-0.29432023,-0.28367418,-0.35547614,0.73719996,0.29773566,-0.58770597,-0.89108753,-0.5354325,0.35843253,-0.6140558,-0.27026176,0.17298576,0.8689204,0.7984976,0.69760627,0.8624327,0.7531089,0.7866929,0.72715276,0.5233107,0.780651,0.59118354,0.4655819,0.5958132,0.7503906,0.56503564,0.8287222,0.8157704
1.0,-0.13501656,0.22334534,-0.42978615,0.036059584,-0.29461277,-0.28355062,-0.35488218,0.73595536,0.29760113,-0.58709836,-0.8901241,-0.53445536,0.35679674,-0.6126536,-0.26967698,0.17217535,0.86903274,0.7983255,0.69800943,0.8631777,0.7532099,0.7867626,0.727368,0.5237435,0.78109545,0.5918885,0.46622333,0.5961059,0.7509231,0.56603426,0.82977617,0.8162621
2.0,-0.13379511,0.22966221,-0.43384373,0.035553288,-0.29228312,-0.28432876,-0.35871905,0.7442877,0.298387,-0.5909809,-0.8961027,-0.54108936,0.3680854,-0.6218652,-0.27370667,0.17780352,0.86836267,0.79963684,0.69534624,0.85803366,0.7525706,0.7863804,0.7261547,0.5208548,0.77813226,0.5872586,0.46199438,0.59421295,0.7473212,0.5593724,0.82279164,0.8130649
2.0,-0.13424832,0.22954676,-0.43588096,0.036024604,-0.29578906,-0.28648862,-0.3615728,0.74788034,0.3005187,-0.59456384,-0.90167755,-0.54320055,0.3670393,-0.6238347,-0.27569765,0.17849608,0.86747146,0.7983114,0.6943253,0.8580809,0.75181556,0.7845915,0.724935,0.5191436,0.7775377,0.5858099,0.45972002,0.59211266,0.7459144,0.5579971,0.82251257,0.81260484
3.0,-0.1353384,0.22612797,-0.43439656,0.036303427,-0.29807258,-0.28700894,-0.36051512,0.7446434,0.30093327,-0.59361553,-0.89996296,-0.5404027,0.36055169,-0.6190205,-0.2744686,0.17586207,0.867635,0.7971315,0.69546545,0.8609244,0.75187624,0.78413594,0.72546446,0.5200428,0.7789995,0.58793753,0.46120405,0.5923478,0.7472953,0.5612131,0.8264912,0.8144214
3.0,-0.13534781,0.22155586,-0.42826718,0.036099743,-0.29461128,-0.2829526,-0.3532537,0.732968,0.29699674,-0.5853294,-0.8873491,-0.5322053,0.35380098,-0.60959333,-0.26823735,0.17050406,0.8693866,0.798208,0.6989414,0.86462533,0.75351965,0.78717685,0.7279882,0.52486837,0.7820592,0.59350175,0.4678432,0.5970149,0.75221217,0.56819946,0.8318886,0.8172856
3.0,-0.1347874,0.22342199,-0.42923012,0.03597367,-0.2936213,-0.28287655,-0.35409132,0.7349948,0.2969663,-0.5861168,-0.8886986,-0.5338831,0.3572371,-0.6123246,-0.2690701,0.17199293,0.8692547,0.7987241,0.6982543,0.8631047,0.75342625,0.7872867,0.72762126,0.52423346,0.78121567,0.59221923,0.46684435,0.59671605,0.7513252,0.56632835,0.8296809,0.8162826
2.0,-0.13404423,0.2324347,-0.43893802,0.03597354,-0.2966764,-0.28813273,-0.36493662,0.7537913,0.30208358,-0.59837914,-0.9074443,-0.547528,0.37165135,-0.6290726,-0.2787922,0.1815639,0.8666703,0.7981766,0.69252676,0.8556933,0.7510922,0.7833692,0.72378415,0.5168246,0.7758522,0.5829112,0.45650584,0.5900375,0.7434086,0.5542256,0.81929016,0.81093836
2.0,-0.13423595,0.2305965,-0.43712264,0.036007218,-0.2963251,-0.28725785,-0.36298367,0.7502519,0.30123952,-0.59617484,-0.90407085,-0.5449186,0.36861956,-0.6257942,-0.27698076,0.1796663,0.8671385,0.7981654,0.693619,0.857226,0.75150055,0.7840238,0.7244771,0.51818246,0.77689946,0.5846819,0.45840758,0.59121525,0.7448958,0.5565637,0.8213796,0.8120067
4.0,-0.13364196,0.23023443,-0.43392476,0.035438687,-0.29160047,-0.28410795,-0.35866016,0.7445197,0.2981581,-0.5908251,-0.8958438,-0.5413851,0.36920542,-0.62237936,-0.27378953,0.17820245,0.8684289,0.79994017,0.6952599,0.85757416,0.75262594,0.7865921,0.726227,0.5208346,0.7779537,0.5870648,0.46194115,0.59433496,0.7471933,0.55899,0.8222341,0.81286407
3.0,-0.13521945,0.22287393,-0.4296758,0.036111824,-0.29504806,-0.2837197,-0.35485667,0.73569566,0.29775488,-0.5871171,-0.8901045,-0.5341773,0.35590172,-0.6120487,-0.26963186,0.1718781,0.86901534,0.79812044,0.69811034,0.863561,0.75317955,0.7866174,0.7274119,0.52378523,0.78126884,0.5921266,0.46632126,0.59604007,0.7510576,0.56640756,0.8303293,0.81650174
4.0,-0.13398314,0.23008622,-0.43480256,0.03558221,-0.2932319,-0.28518516,-0.3599268,0.74604744,0.29917645,-0.5924145,-0.8981602,-0.5422831,0.3684677,-0.62293863,-0.27475035,0.17846945,0.8680538,0.799274,0.6948508,0.85770476,0.7522667,0.785736,0.72579116,0.5200652,0.7777593,0.58652633,0.4609592,0.5933639,0.74656606,0.55853736,0.82240206,0.8128011
2.0,-0.13388675,0.22896199,-0.43359223,0.035681117,-0.29293388,-0.28441828,-0.35857558,0.7436876,0.2984912,-0.59092367,-0.8960735,-0.5405529,0.36670408,-0.62116235,-0.27337772,0.17719191,0.868343,0.7993496,0.69555223,0.85860234,0.75257695,0.78626496,0.72610176,0.52102154,0.7784002,0.5875921,0.46224478,0.59423226,0.7475752,0.55996084,0.8234595,0.8133259
2.0,-0.13389692,0.23370199,-0.4394805,0.035729606,-0.2956984,-0.28807396,-0.36529732,0.75499624,0.30198205,-0.59865534,-0.9077029,-0.5485973,0.37400833,-0.63041645,-0.2794546,0.18265927,0.86666864,0.7986197,0.6921407,0.8546662,0.75104696,0.7834938,0.7238327,0.51645446,0.7753708,0.5822637,0.45597985,0.5899162,0.74286675,0.55316687,0.8181405,0.81046504
4.0,-0.1342071,0.23133908,-0.43764913,0.035875283,-0.29613292,-0.2874859,-0.3634951,0.75128794,0.3014113,-0.5967052,-0.9047354,-0.5457703,0.3698044,-0.6267196,-0.27757955,0.18036012,0.8670685,0.7982593,0.69332045,0.85664684,0.75140053,0.78390604,0.7244092,0.5177872,0.7765785,0.5841733,0.45787963,0.59092355,0.74439883,0.55585283,0.82074475,0.81172544
1.0,-0.1354812,0.22223623,-0.42953992,0.03617228,-0.29570377,-0.2839718,-0.3548353,0.7353146,0.29796326,-0.58716846,-0.89010066,-0.53380114,0.35458645,-0.61122996,-0.26953822,0.17142992,0.86899495,0.7978208,0.6982768,0.8640902,0.7531532,0.7864188,0.72745645,0.5238378,0.7815122,0.59245366,0.46645957,0.5959431,0.7512063,0.566951,0.8310983,0.8168439
2.0,-0.13431868,0.23110822,-0.43797973,0.03602882,-0.29698747,-0.2879218,-0.36402085,0.75185084,0.3018578,-0.5973859,-0.9058575,-0.54602796,0.36926943,-0.62693083,-0.2778864,0.1803492,0.8668808,0.7979324,0.693155,0.85681134,0.751253,0.7835224,0.7241445,0.5174979,0.776521,0.5839711,0.45749342,0.5905171,0.7442124,0.5557132,0.82083356,0.8116872
2.0,-0.13402972,0.22892186,-0.43398374,0.035743177,-0.29362172,-0.28488135,-0.35913223,0.744374,0.29892993,-0.59161687,-0.8970893,-0.5409625,0.36643448,-0.6214357,-0.2738042,0.17732933,0.86818063,0.79907197,0.6953669,0.85863864,0.7524216,0.7858977,0.7259113,0.5206805,0.77830505,0.5873448,0.46180755,0.5938095,0.74729437,0.5597388,0.82350135,0.8132879
4.0,-0.13386431,0.22938874,-0.43354282,0.035515733,-0.29218072,-0.28420848,-0.3583862,0.7436905,0.29824263,-0.59059286,-0.8954409,-0.5406765,0.3675935,-0.6212505,-0.27344286,0.17751577,0.86845857,0.7996393,0.6955392,0.85827696,0.75264156,0.78648895,0.7263226,0.5210766,0.77831167,0.58757687,0.4623222,0.5944104,0.74754727,0.55978876,0.8231959,0.8132804
1.0,-0.13518104,0.221892,-0.42835486,0.03608744,-0.2943129,-0.28281593,-0.35328457,0.7331764,0.296885,-0.5853318,-0.88743347,-0.53240407,0.3544759,-0.61009085,-0.2682557,0.17071515,0.86938417,0.7983619,0.6988516,0.8643418,0.75354034,0.7872815,0.7279213,0.52483654,0.78191626,0.5933075,0.46776006,0.59706163,0.7521251,0.5678969,0.831435,0.8170815
3.0,-0.13554054,0.21792823,-0.4237836,0.0359233,-0.29246205,-0.28019288,-0.34795392,0.7243034,0.29421058,-0.5793264,-0.878102,-0.5261044,0.34819922,-0.6022498,-0.26373678,0.1664482,0.8706511,0.7988433,0.7015502,0.86754113,0.75472456,0.7892475,0.7298991,0.52840674,0.7844021,0.5977582,0.4727887,0.6003606,0.75581163,0.57364744,0.8363109,0.8195759
4.0,-0.13387519,0.23279895,-0.43789056,0.035581484,-0.2943809,-0.28694677,-0.36337903,0.75200987,0.30086833,-0.59636474,-0.9041366,-0.5465766,0.3727642,-0.62804985,-0.27789146,0.18145534,0.8672024,0.7990384,0.69304115,0.85544837,0.7515025,0.78440684,0.7246022,0.51769733,0.77610207,0.5836551,0.45768735,0.5911914,0.74407786,0.5548239,0.81933624,0.81119055
1.0,-0.13542512,0.21613969,-0.4213269,0.03589342,-0.2910266,-0.27844888,-0.34498963,0.7196586,0.29253328,-0.5759697,-0.87314403,-0.52282745,0.3457415,-0.59872746,-0.26118857,0.16436467,0.8713225,0.7993466,0.70288026,0.86891454,0.75540066,0.7904933,0.73082876,0.53038853,0.78557265,0.5999309,0.47549462,0.6023061,0.75782186,0.5763757,0.83827394,0.82057405
3.0,-0.13526873,0.22018616,-0.42625415,0.036019262,-0.2933014,-0.28152257,-0.35081726,0.7291514,0.29560322,-0.5825356,-0.8831395,-0.52955437,0.35188413,-0.60667187,-0.2661667,0.168832,0.8699732,0.79865164,0.70005685,0.86571306,0.7540866,0.7882422,0.72881037,0.52648294,0.7830139,0.5952825,0.4700524,0.5986168,0.7538197,0.5704144,0.8334868,0.8181394
4.0,-0.13390681,0.22986907,-0.43447942,0.035602737,-0.29304636,-0.2849207,-0.35954082,0.7454274,0.29894224,-0.5919794,-0.89756846,-0.54184836,0.3681674,-0.6225707,-0.27436203,0.17816931,0.86814076,0.7993462,0.69503,0.85787445,0.75236416,0.78592336,0.72586817,0.5203318,0.7779049,0.5867784,0.4613072,0.59363,0.74682844,0.5588588,0.8225745,0.81289566
4.0,-0.13401511,0.23027515,-0.4352728,0.035639375,-0.29374403,-0.285569,-0.36052182,0.7469093,0.29955477,-0.5931375,-0.8992765,-0.54285187,0.36864913,-0.6235677,-0.27520794,0.17876256,0.86788565,0.79909414,0.6946,0.8575439,0.75212073,0.78542686,0.7255493,0.5196882,0.7775695,0.5861364,0.46044773,0.59295493,0.746211,0.55810034,0.8221352,0.8126222
3.0,-0.13531673,0.22295387,-0.43004254,0.03614595,-0.29551548,-0.28408912,-0.35534492,0.7363598,0.29810548,-0.5877013,-0.8909595,-0.53460383,0.355893,-0.61239,-0.27003282,0.1720882,0.86889064,0.7979351,0.6979312,0.8635024,0.7530518,0.7863348,0.7272621,0.5234726,0.7811523,0.5918646,0.46591455,0.5956839,0.7507778,0.5661242,0.8302453,0.8164314
2.0,-0.13405794,0.2299004,-0.4353726,0.035794962,-0.2944852,-0.2858168,-0.36076808,0.74701154,0.29983297,-0.593519,-0.8999708,-0.542805,0.36785924,-0.6235291,-0.27521938,0.17851233,0.8677629,0.7988075,0.69457924,0.8578293,0.7520429,0.78518,0.7253335,0.5195906,0.7776277,0.5861129,0.4603154,0.5927398,0.7461977,0.55820817,0.82236123,0.81265485
4.0,-0.1339457,0.22955665,-0.43411258,0.03558669,-0.292879,-0.2847207,-0.3591263,0.7447261,0.2987407,-0.59149694,-0.89681256,-0.54134566,0.36768186,-0.6219259,-0.27401513,0.1778382,0.8682474,0.7993821,0.69524276,0.85813594,0.75245357,0.78608,0.72603697,0.52061015,0.7781009,0.587131,0.46169803,0.59388787,0.7471219,0.55930483,0.8229614,0.8131022
2.0,-0.1342328,0.23035929,-0.436718,0.03596307,-0.29601306,-0.28698164,-0.3624954,0.7494808,0.30096108,-0.5955994,-0.90316,-0.54440325,0.36825976,-0.62517726,-0.27658057,0.1793463,0.86727524,0.79825974,0.69385684,0.85743403,0.7516158,0.78425,0.72467446,0.5184989,0.7770949,0.5850429,0.45884734,0.59153676,0.7451976,0.55700636,0.82171047,0.8122011
4.0,-0.13366549,0.22767982,-0.4307866,0.035402782,-0.29013795,-0.28217775,-0.3550639,0.73849756,0.2962899,-0.5866872,-0.8896154,-0.5370925,0.36530933,-0.6173941,-0.27059108,0.17532597,0.8693191,0.80032724,0.69706255,0.8596706,0.7534408,0.78804326,0.72746116,0.5232805,0.7795707,0.5899301,0.46531042,0.5966433,0.74971044,0.56265163,0.8251203,0.81439376
3.0,-0.13533807,0.22083849,-0.42724794,0.036046196,-0.2939819,-0.2822604,-0.35202578,0.7310154,0.29630697,-0.58392,-0.8851947,-0.53085303,0.3527443,-0.6080427,-0.267197,0.16963679,0.8696877,0.79841346,0.69952255,0.8652043,0.7538076,0.7877032,0.728422,0.5256821,0.7825573,0.5944282,0.4689674,0.59781396,0.7530188,0.5693615,0.83276236,0.81775486
4.0,-0.13398,0.23168556,-0.43734995,0.035768222,-0.29517084,-0.28694195,-0.362971,0.75081664,0.3008983,-0.59602594,-0.90373623,-0.5455736,0.3706547,-0.6268045,-0.2772336,0.1804423,0.86723596,0.7986684,0.693431,0.8563599,0.7515631,0.7843461,0.7245933,0.5180772,0.77656335,0.5842734,0.4582298,0.5913615,0.74458295,0.5558289,0.8203881,0.81163025
4.0,-0.13380712,0.22985327,-0.43396926,0.03550495,-0.29221636,-0.2843942,-0.35883847,0.7445284,0.29842559,-0.5910959,-0.8962154,-0.5412995,0.36837265,-0.62205136,-0.27386338,0.17797819,0.8683538,0.79966307,0.69528073,0.8578925,0.7525502,0.78635395,0.7261621,0.52075815,0.7780556,0.58714956,0.4618722,0.59414375,0.7471951,0.55921304,0.8226637,0.8130178
1.0,-0.13538085,0.21934733,-0.42542836,0.036014475,-0.29313785,-0.28111333,-0.34988376,0.7275215,0.29518104,-0.5815064,-0.8815392,-0.528369,0.35049725,-0.605146,-0.26534736,0.16798022,0.870182,0.7986704,0.7005596,0.86638767,0.7542872,0.78854054,0.7291493,0.52711886,0.783497,0.59612584,0.4709589,0.5991719,0.754502,0.57153136,0.83449304,0.81863874
4.0,-0.1340408,0.23108335,-0.43630284,0.035644047,-0.29424995,-0.28623214,-0.36170706,0.74888533,0.30018345,-0.5944983,-0.90130687,-0.54425246,0.36987874,-0.6251394,-0.2762847,0.1797112,0.8675928,0.79895157,0.6940071,0.8568768,0.7518482,0.78492856,0.725163,0.5188834,0.7770471,0.5852169,0.45934877,0.5921879,0.7453868,0.55692977,0.821244,0.8121427
4.0,-0.13372013,0.22816803,-0.43158132,0.035438854,-0.29073673,-0.28276324,-0.35602376,0.739993,0.29685536,-0.5878185,-0.89130545,-0.53812355,0.36595583,-0.61850995,-0.27140802,0.17594922,0.86906886,0.8001256,0.6966244,0.8592731,0.7532099,0.78759456,0.72712725,0.5226445,0.7792086,0.5892505,0.4644468,0.59599745,0.74908775,0.5618264,0.82456565,0.81407213
1.0,-0.13534969,0.21967609,-0.42580464,0.036027364,-0.29328805,-0.28132802,-0.35032192,0.72824955,0.29539886,-0.58199906,-0.8823053,-0.528887,0.35101518,-0.60579306,-0.26571614,0.16832995,0.87007827,0.79863226,0.70033884,0.8661231,0.7541913,0.7883809,0.72898597,0.52682567,0.78329146,0.59575933,0.47054595,0.5989016,0.75419784,0.571058,0.83408844,0.8184333
2.0,-0.13403341,0.22922279,-0.43435705,0.035739277,-0.29380232,-0.28512174,-0.3595624,0.7450853,0.2991578,-0.5921093,-0.89781976,-0.5414745,0.36688069,-0.62200946,-0.2741921,0.17767203,0.86807966,0.79901755,0.6951564,0.858395,0.7523228,0.785719,0.7257734,0.52038807,0.7781185,0.5870094,0.4614094,0.5935324,0.7469899,0.5593145,0.8231765,0.8131152
2.0,-0.13430646,0.23058234,-0.43727168,0.036016654,-0.29658526,-0.28745162,-0.3631969,0.7505064,0.30141276,-0.5964345,-0.90442735,-0.5450775,0.36849633,-0.62586015,-0.2771569,0.1797232,0.8670851,0.79805326,0.69355637,0.8572455,0.75144124,0.7838791,0.7244239,0.51804984,0.7768704,0.5845991,0.45824537,0.5910513,0.74477935,0.5564963,0.8214251,0.8120118
4.0,-0.13384113,0.23285787,-0.43783572,0.035559412,-0.29421014,-0.2868544,-0.36328453,0.75192124,0.30077836,-0.59624135,-0.9039483,-0.54653966,0.3729052,-0.6280497,-0.27783197,0.18146886,0.8672344,0.7991097,0.69306415,0.8554012,0.7515321,0.7844841,0.72464097,0.5177489,0.77610224,0.5836785,0.4577518,0.59126866,0.74411005,0.55482674,0.8192842,0.811181
4.0,-0.13422328,0.23109812,-0.43757486,0.035946425,-0.2963618,-0.28750396,-0.36346212,0.75111556,0.30144626,-0.59670043,-0.90479463,-0.5455913,0.36937764,-0.62653625,-0.2774635,0.18016101,0.86704725,0.79817116,0.6933694,0.8568314,0.75140345,0.783867,0.72436184,0.5178387,0.77664876,0.5842648,0.45794645,0.5909248,0.7444941,0.5560131,0.8209167,0.8117856
3.0,-0.13493517,0.2237031,-0.43005678,0.03606049,-0.2945413,-0.2836169,-0.35516083,0.73651737,0.29768467,-0.5873929,-0.8906172,-0.5348717,0.35746607,-0.6132678,-0.26993644,0.1725147,0.8689683,0.79838216,0.69782126,0.8628778,0.75315523,0.78671,0.7272514,0.5235472,0.780902,0.59157646,0.46592847,0.5959604,0.7507042,0.5655939,0.8293225,0.8160414
3.0,-0.13493419,0.22285172,-0.4288811,0.03600515,-0.29384577,-0.28283784,-0.35376015,0.73426956,0.2969139,-0.5857842,-0.888155,-0.5333065,0.3562008,-0.61145467,-0.26874506,0.17150363,0.8693146,0.79859936,0.698493,0.86357015,0.7534786,0.7873028,0.72775114,0.5244773,0.7814856,0.59264654,0.46721396,0.5968671,0.75163525,0.5669392,0.8303523,0.81659406
3.0,-0.13552548,0.2194009,-0.42573303,0.036001645,-0.29353732,-0.28147417,-0.35028958,0.7280402,0.2954882,-0.58198225,-0.88215154,-0.5287188,0.35038114,-0.6052871,-0.26570922,0.16814171,0.87009525,0.7984987,0.7004431,0.8663707,0.7541884,0.78829485,0.7290807,0.5268525,0.7834238,0.59595686,0.47063383,0.5988596,0.7542472,0.57136583,0.8345415,0.8186559
2.0,-0.13423476,0.22973828,-0.4359706,0.035970546,-0.29567766,-0.28651312,-0.36164325,0.74805385,0.30052182,-0.59462535,-0.9017117,-0.5433736,0.36732715,-0.62400806,-0.27580732,0.17864764,0.8674779,0.79835254,0.6942817,0.8579404,0.7518065,0.7845963,0.7249514,0.5190785,0.7774774,0.5857185,0.4596384,0.59208083,0.74580836,0.5578642,0.8223829,0.81255704
3.0,-0.13504529,0.22316998,-0.42960632,0.036061898,-0.29454863,-0.28345525,-0.3546807,0.7356211,0.29751125,-0.58686876,-0.889774,-0.5342034,0.3565444,-0.61232877,-0.26951426,0.17201242,0.8690777,0.7983391,0.6981066,0.86331624,0.7532484,0.78682923,0.7274465,0.52387875,0.78119385,0.5920647,0.46641186,0.5962261,0.75107825,0.56625426,0.8299773,0.8163627
3.0,-0.13562985,0.22266938,-0.43032008,0.036163025,-0.29632294,-0.28464642,-0.35580325,0.736754,0.29857144,-0.58827055,-0.891656,-0.53479815,0.35505384,-0.61209625,-0.27040488,0.1720419,0.8687832,0.79757833,0.69788647,0.8637678,0.7529258,0.7859443,0.72721255,0.52319425,0.78119826,0.5918483,0.465618,0.5952735,0.7505623,0.5662285,0.8307125,0.81663746
4.0,-0.1339543,0.22963354,-0.43426493,0.035598915,-0.2930236,-0.28484,-0.35931465,0.7450068,0.29885638,-0.5917237,-0.8971564,-0.5415366,0.3677666,-0.62213504,-0.2741658,0.17794287,0.8681967,0.7993315,0.6951618,0.8580729,0.75240797,0.78598636,0.72596496,0.52048844,0.77803695,0.587003,0.46153346,0.59375983,0.7470031,0.559158,0.8228671,0.8130428
3.0,-0.13507129,0.22207236,-0.42823544,0.036033195,-0.2938738,-0.28258544,-0.3530725,0.7329982,0.29666325,-0.58504355,-0.8870064,-0.5323416,0.3548995,-0.61016005,-0.26812524,0.1707789,0.869458,0.79854065,0.69888675,0.8641967,0.7536079,0.7874717,0.7280007,0.5249561,0.78189623,0.593331,0.4679013,0.5972499,0.7521893,0.567863,0.83125234,0.81702447
2.0,-0.1339155,0.22958522,-0.43422753,0.035663944,-0.29297853,-0.2847512,-0.35927063,0.7449863,0.29881263,-0.591671,-0.89719534,-0.54146236,0.36785308,-0.62219375,-0.27410126,0.17792937,0.86817575,0.7993775,0.6951355,0.85807395,0.7524175,0.78602165,0.7259181,0.5205266,0.7780168,0.58699596,0.4615529,0.59379846,0.74708337,0.5591149,0.8227661,0.8129834
1.0,-0.1350157,0.22150293,-0.4274061,0.03601723,-0.29334933,-0.28198218,-0.3520722,0.73142666,0.2960859,-0.5839007,-0.8853155,-0.53124225,0.35411382,-0.6089985,-0.26725012,0.17007732,0.86969334,0.79872364,0.6993426,0.86464405,0.7538425,0.78791416,0.7283142,0.52562374,0.7822842,0.5940509,0.4688079,0.59791285,0.75285757,0.56876045,0.8318748,0.81735575
4.0,-0.13394324,0.23200858,-0.4376729,0.035767704,-0.29523814,-0.28709412,-0.36331862,0.7514477,0.3010484,-0.59642017,-0.9043475,-0.5460351,0.37119374,-0.6273946,-0.2775519,0.18077679,0.86714983,0.7986711,0.69323504,0.85608834,0.75149053,0.7842299,0.7244642,0.51783603,0.7763758,0.5839565,0.45789012,0.5911519,0.744322,0.55540943,0.82001036,0.81143624
4.0,-0.13355225,0.22941442,-0.4326326,0.035392903,-0.29066825,-0.28316566,-0.35711187,0.7420816,0.2972555,-0.5890044,-0.8931339,-0.5396958,0.3680963,-0.6205583,-0.27244925,0.17716067,0.8688303,0.8002509,0.6959768,0.85824525,0.7529983,0.7873139,0.7267545,0.5218649,0.7785483,0.5881699,0.46333715,0.59537375,0.74820966,0.560337,0.8231461,0.8133924
3.0,-0.1350365,0.22203243,-0.42807537,0.0360156,-0.29367334,-0.28243205,-0.35286143,0.73270863,0.2965154,-0.5847889,-0.8866276,-0.53215516,0.3548919,-0.6099944,-0.26795763,0.17068923,0.8695142,0.7986174,0.6989663,0.86422753,0.75366217,0.78759074,0.7280725,0.5250909,0.78195065,0.5934498,0.46807864,0.5974021,0.75231,0.5679931,0.8313021,0.81706244
2.0,-0.13417245,0.22834925,-0.43391955,0.035884053,-0.29432636,-0.2850947,-0.3592076,0.7441679,0.29915404,-0.591792,-0.8974184,-0.5406717,0.36533538,-0.62097335,-0.27370876,0.17692861,0.86809886,0.79878044,0.6954399,0.8590882,0.75237435,0.78568697,0.725808,0.5206939,0.778461,0.58752245,0.4618449,0.5936812,0.74742424,0.5600912,0.8240089,0.81346834
3.0,-0.13501519,0.22344634,-0.42991957,0.03607557,-0.29466367,-0.28362596,-0.35504228,0.7362414,0.29769143,-0.5872787,-0.8904177,-0.5346417,0.35700655,-0.6128839,-0.26983094,0.17231968,0.8689899,0.7983111,0.69791365,0.8630874,0.75316364,0.7866944,0.72731066,0.5236347,0.7810218,0.5917536,0.4660655,0.59600234,0.7508293,0.56584895,0.829631,0.8161802
4.0,-0.13387138,0.23065825,-0.4351872,0.035549007,-0.29304272,-0.2852551,-0.36028633,0.74683595,0.2992522,-0.5927907,-0.8987567,-0.54289997,0.36950633,-0.6238116,-0.27512223,0.17898816,0.86798,0.79939705,0.6945967,0.85722744,0.7522063,0.7856931,0.7256635,0.51979375,0.77748126,0.58609366,0.46056077,0.59318197,0.74623746,0.5579142,0.82174796,0.812496
1.0,-0.13524708,0.21841685,-0.42392588,0.035959546,-0.29204452,-0.27996725,-0.34803605,0.72469395,0.29407302,-0.5793799,-0.8783871,-0.5264169,0.34928957,-0.603123,-0.26377195,0.1667872,0.87062263,0.79906493,0.7013687,0.8671092,0.75472695,0.7893856,0.729739,0.52834314,0.78416926,0.5974073,0.47261855,0.6004153,0.75570166,0.57310814,0.83553064,0.819198
3.0,-0.13527036,0.22155724,-0.42806247,0.03607132,-0.29429328,-0.28272045,-0.35296878,0.7325991,0.29677412,-0.58498204,-0.8868434,-0.5319814,0.35389143,-0.6094493,-0.26800525,0.17040914,0.8694637,0.7983363,0.69903904,0.8646215,0.7535989,0.78735757,0.72807384,0.52504873,0.7821111,0.5936336,0.4680754,0.59723216,0.7523608,0.568333,0.83188504,0.8173053
3.0,-0.1350318,0.2235556,-0.43006897,0.03606798,-0.2947551,-0.28374058,-0.3552183,0.73650765,0.29778767,-0.58747613,-0.89069515,-0.5348366,0.3571302,-0.6130726,-0.26998287,0.17243841,0.8689513,0.7982812,0.69784176,0.8630062,0.7531299,0.78661996,0.72726196,0.5235174,0.78095186,0.5916343,0.46591187,0.59588695,0.75070184,0.56570417,0.8295326,0.8161339
2.0,-0.13423792,0.22706038,-0.43218836,0.035769112,-0.2933473,-0.2840344,-0.35718408,0.740844,0.29808986,-0.58944464,-0.89374787,-0.5383674,0.36332992,-0.61814725,-0.2720092,0.1754257,0.8686336,0.7990413,0.69645584,0.86017424,0.7528299,0.7865209,0.7265987,0.522036,0.7793574,0.58912987,0.4637204,0.5949752,0.74876904,0.5621217,0.8256497,0.8143628
2.0,-0.13396573,0.22839347,-0.43306437,0.03568562,-0.2928815,-0.28419167,-0.35801208,0.7426469,0.29826233,-0.5902957,-0.8950932,-0.5397854,0.36574078,-0.6201575,-0.27286214,0.1766232,0.868476,0.79932266,0.69587564,0.85907507,0.75269103,0.7864329,0.726311,0.5214151,0.7787187,0.5881272,0.46280524,0.5945637,0.74800766,0.5606801,0.82412964,0.8136593
3.0,-0.13539849,0.22388045,-0.4314715,0.036201824,-0.29650444,-0.2851364,-0.35707778,0.73905486,0.29910976,-0.58969295,-0.89395124,-0.53646845,0.35715923,-0.61439914,-0.27151465,0.17326057,0.86847174,0.7975962,0.69714564,0.8627611,0.7526486,0.78555244,0.72668695,0.5223282,0.7804896,0.5906262,0.46436054,0.59453744,0.7496378,0.56460077,0.82917696,0.81584996
4.0,-0.13401164,0.23029386,-0.43542293,0.035679962,-0.2939819,-0.28569865,-0.36072284,0.7471703,0.29968977,-0.5933943,-0.89969933,-0.5430132,0.36861932,-0.62377733,-0.27532768,0.1788128,0.86782044,0.79901177,0.6945246,0.85752314,0.7520727,0.7853139,0.72544014,0.5195699,0.7775169,0.58601123,0.4602841,0.59281564,0.7461049,0.5579772,0.82205987,0.81256145
3.0,-0.13511074,0.2257103,-0.43318832,0.036195513,-0.29674536,-0.28590557,-0.35895386,0.74242896,0.29988798,-0.59177375,-0.8972121,-0.5389565,0.3602215,-0.61769265,-0.27318114,0.17507379,0.8680352,0.7976317,0.69608897,0.861259,0.75226414,0.7849818,0.7259732,0.5210429,0.7794511,0.58886254,0.46252477,0.5934461,0.7482209,0.56226146,0.82699347,0.81475365
3.0,-0.13555643,0.2245674,-0.43277356,0.03626521,-0.29761672,-0.28619874,-0.35869682,0.74146634,0.3001073,-0.59156716,-0.8967389,-0.5381059,0.35796204,-0.61602885,-0.27288038,0.1742359,0.868078,0.7971944,0.6964615,0.86221707,0.7522684,0.78476226,0.72616893,0.52127177,0.7799381,0.58956534,0.4629505,0.5934368,0.74860513,0.56333905,0.82840186,0.8154109
1.0,-0.13295762,0.20046605,-0.39552572,0.03467073,-0.27144468,-0.25897998,-0.3129139,0.67114395,0.27283,-0.5383502,-0.81798804,-0.48937127,0.3264783,-0.5634416,-0.234933,0.14552394,0.8793588,0.8065643,0.71655947,0.88052714,0.76336986,0.8048496,0.74152476,0.55185544,0.7969239,0.62223274,0.5050865,0.6243943,0.77811176,0.60398394,0.8556847,0.82992005
2.0,-0.13379547,0.22739501,-0.43146378,0.03566557,-0.29170746,-0.28295887,-0.35607678,0.7396415,0.29710224,-0.58803713,-0.8918051,-0.53768486,0.36446115,-0.61803454,-0.27114993,0.17532949,0.8689512,0.7997441,0.6967432,0.8598663,0.75316304,0.7873559,0.7269075,0.5227076,0.77942735,0.58946115,0.46453562,0.5958748,0.74928844,0.562299,0.82514757,0.8142455
1.0,-0.13550201,0.21934673,-0.4257171,0.036039803,-0.2935949,-0.2814518,-0.35028028,0.7280117,0.2954871,-0.5819888,-0.8822177,-0.5286752,0.3503194,-0.6053115,-0.2656603,0.16809118,0.8700787,0.7984883,0.700442,0.8664003,0.7541877,0.7882919,0.72903824,0.5268678,0.7834283,0.59595805,0.47064438,0.5988676,0.7542817,0.57137424,0.8345275,0.81863606
1.0,-0.13446254,0.22232717,-0.42668074,0.035725225,-0.29106337,-0.28075027,-0.35085475,0.7302601,0.29488146,-0.58225775,-0.88287216,-0.53075635,0.35608503,-0.6091192,-0.26645678,0.17028889,0.87012607,0.7996448,0.69961524,0.863991,0.75423086,0.7889409,0.72878575,0.52632564,0.78225523,0.59429526,0.46967,0.598964,0.75326097,0.568752,0.83106506,0.81715065
3.0,-0.13471788,0.22361085,-0.42924914,0.035933625,-0.29340494,-0.2827984,-0.354066,0.7350434,0.29688233,-0.5860598,-0.8886064,-0.5339679,0.35757953,-0.6125009,-0.2690729,0.17210168,0.8692795,0.7988175,0.6982362,0.86295855,0.75345016,0.7873636,0.72763664,0.52423644,0.78116065,0.5921562,0.46683896,0.5967652,0.7512812,0.5662166,0.8294958,0.8162144
2.0,-0.13401562,0.23103061,-0.43668666,0.03579851,-0.2950139,-0.28658596,-0.36225003,0.74954104,0.30057114,-0.5952141,-0.9025349,-0.54462403,0.36962658,-0.6256811,-0.2765568,0.17976496,0.86740047,0.79868466,0.69381404,0.85689414,0.7517141,0.78460044,0.7248231,0.51857996,0.7769314,0.58489573,0.45892042,0.59180456,0.74513656,0.5566437,0.82108283,0.8119807
4.0,-0.13390931,0.23001993,-0.43449226,0.035551306,-0.29282236,-0.28487659,-0.3595154,0.7454897,0.29888606,-0.59191394,-0.897425,-0.5419252,0.36848253,-0.62263095,-0.27442086,0.17830259,0.8681677,0.7994328,0.6950063,0.8577565,0.75237375,0.7859763,0.7259312,0.5203246,0.7778631,0.5867502,0.46129823,0.5936614,0.7467998,0.5587717,0.82247394,0.8128706
3.0,-0.13539386,0.22418223,-0.43179262,0.03617678,-0.29661512,-0.28533953,-0.35743994,0.7396478,0.29928178,-0.59009457,-0.8945209,-0.536915,0.3575698,-0.61489105,-0.27183622,0.1735605,0.8683989,0.7975661,0.69698083,0.86252946,0.7525809,0.78542316,0.72658265,0.5220814,0.78032243,0.59033895,0.46402892,0.5943121,0.7493535,0.56424034,0.8288824,0.81571
3.0,-0.13476568,0.22374381,-0.42959207,0.035973214,-0.29376358,-0.28308845,-0.35450503,0.7356816,0.2971682,-0.5865829,-0.8894047,-0.53438234,0.35771966,-0.6129251,-0.26942575,0.17232752,0.86915934,0.79868907,0.6980506,0.8628478,0.75334024,0.78713495,0.7274763,0.52395463,0.7810215,0.59187895,0.46645793,0.59645957,0.7510259,0.565893,0.8293147,0.8160983
4.0,-0.13395357,0.2312029,-0.43656752,0.035721596,-0.2945767,-0.28638312,-0.36203328,0.7493495,0.30035987,-0.5949193,-0.9020498,-0.54456246,0.36999866,-0.6256648,-0.27644777,0.17982672,0.8674841,0.79885954,0.69386685,0.85676384,0.7517826,0.78478295,0.72494024,0.518692,0.77692646,0.58495116,0.45906717,0.59198326,0.74519336,0.55664563,0.82096964,0.81197
2.0,-0.13398193,0.23010647,-0.4354351,0.035779204,-0.29429877,-0.28574872,-0.36079156,0.7471604,0.29977465,-0.5935255,-0.9000093,-0.54294217,0.3682731,-0.62380314,-0.27526015,0.1786617,0.8677631,0.798903,0.6945227,0.8576544,0.7520524,0.7852353,0.725312,0.51956075,0.77754456,0.5860021,0.46025613,0.59275585,0.74613726,0.5580261,0.82211065,0.8125461
2.0,-0.13390982,0.22777842,-0.43196973,0.035605244,-0.29195964,-0.28337473,-0.35667402,0.7406026,0.29746386,-0.5887058,-0.8926745,-0.5383925,0.36495966,-0.61860937,-0.27176756,0.17581402,0.8688332,0.79963374,0.696475,0.8595827,0.75301147,0.787072,0.72681177,0.5222879,0.7792064,0.5890657,0.46399394,0.5954639,0.7488561,0.5617965,0.82488596,0.81410956
3.0,-0.13559082,0.22176352,-0.42909825,0.036149126,-0.29563308,-0.28379917,-0.35434803,0.73444146,0.2977694,-0.58662355,-0.8892012,-0.5331667,0.35376945,-0.61031,-0.26913923,0.17097633,0.86911744,0.7978066,0.6985589,0.8644841,0.7532521,0.7865575,0.72767794,0.52416503,0.78179276,0.5929318,0.4669394,0.59621704,0.7515602,0.5675853,0.83172214,0.8171606
3.0,-0.13564539,0.2225489,-0.4302858,0.03619823,-0.296436,-0.28465718,-0.35578787,0.7366811,0.29859492,-0.5882728,-0.89168984,-0.5347171,0.35485187,-0.61200505,-0.27035916,0.17195264,0.8687713,0.7975351,0.6979062,0.86385685,0.7529213,0.785919,0.72719306,0.5232153,0.7812349,0.5918931,0.46564633,0.59527045,0.7506112,0.5663031,0.8308018,0.816667
4.0,-0.13397396,0.23158342,-0.43705064,0.03571906,-0.29480636,-0.28669792,-0.36258835,0.7502793,0.30065557,-0.59555423,-0.90298945,-0.545222,0.37058172,-0.6263898,-0.27696228,0.18027967,0.8673483,0.7987941,0.69358754,0.8564497,0.7516536,0.78454757,0.7247675,0.5183135,0.7766818,0.58452356,0.45855248,0.591623,0.7448063,0.556099,0.8205602,0.8117496
4.0,-0.13391095,0.23044637,-0.4352907,0.035634417,-0.29355502,-0.28545865,-0.36049208,0.7469611,0.29946172,-0.59309125,-0.8992577,-0.5429241,0.36899725,-0.6238131,-0.27517408,0.17885071,0.8678956,0.799194,0.69457346,0.85739654,0.7521467,0.78550947,0.72552156,0.5196988,0.77750826,0.5860558,0.46043965,0.5930101,0.7461864,0.5579654,0.8218976,0.81251955
4.0,-0.1342166,0.23050492,-0.436776,0.035926145,-0.29590803,-0.28698158,-0.36253318,0.7495963,0.3009472,-0.59562635,-0.9031678,-0.5445203,0.3684958,-0.6253112,-0.27664733,0.17945692,0.8672809,0.7983042,0.69382536,0.8573239,0.75161546,0.78426653,0.7246856,0.5184603,0.77704626,0.5849784,0.45879677,0.59152573,0.7451296,0.556905,0.8215986,0.81216013
4.0,-0.13410419,0.22950049,-0.43508533,0.03583528,-0.2945971,-0.28572416,-0.36048713,0.7464215,0.29974398,-0.5932251,-0.8995447,-0.5423436,0.36715245,-0.6229531,-0.27490646,0.17812493,0.86781275,0.79874414,0.69476324,0.85815567,0.7521016,0.7852381,0.72540253,0.5198037,0.7778155,0.58641714,0.4606164,0.5928951,0.7464495,0.558641,0.8227752,0.8128488
4.0,-0.13400371,0.23041075,-0.43541938,0.035638314,-0.29379445,-0.28564882,-0.36068374,0.7471887,0.29963043,-0.5933229,-0.89955777,-0.5430568,0.368858,-0.6238187,-0.2753511,0.17890242,0.86784655,0.7990852,0.69451624,0.8574327,0.75208694,0.7853679,0.72549087,0.51957744,0.77748954,0.5859981,0.46029422,0.5928548,0.7460905,0.5579225,0.82198226,0.8125435
4.0,-0.13382202,0.23176457,-0.43711582,0.035758283,-0.29469347,-0.286586,-0.36261553,0.75041586,0.300581,-0.59558916,-0.9031653,-0.54533595,0.37096444,-0.6267918,-0.27692342,0.18037099,0.8673244,0.7988861,0.693526,0.8562787,0.7516739,0.78461313,0.7246605,0.5182981,0.776587,0.5843792,0.45849177,0.59164816,0.7447636,0.55589116,0.82022136,0.8115843
1.0,-0.13511223,0.22033577,-0.42608702,0.035987686,-0.2928506,-0.2812285,-0.35054648,0.7288726,0.29532978,-0.5821868,-0.8826738,-0.52941555,0.35227498,-0.60675085,-0.26593924,0.16883074,0.87005055,0.7988485,0.7001154,0.86558366,0.7541764,0.78847075,0.7288645,0.5266507,0.7830025,0.5953267,0.47024956,0.59885687,0.75392973,0.5704129,0.8332745,0.81806594
2.0,-0.13415775,0.22930758,-0.43524143,0.035955787,-0.2951032,-0.28593862,-0.36075664,0.74669635,0.29998663,-0.5935887,-0.9001946,-0.5424286,0.3667992,-0.6230565,-0.27503347,0.17807415,0.8676959,0.7985597,0.69467205,0.85828376,0.7520202,0.7850276,0.7252303,0.51966476,0.77779347,0.5863196,0.4604195,0.59268117,0.74639285,0.55858016,0.8228282,0.8128188
2.0,-0.13375917,0.23042539,-0.43473652,0.035563312,-0.29265475,-0.2848466,-0.35972777,0.74600476,0.2988899,-0.5921401,-0.8978643,-0.54232144,0.3692737,-0.62334085,-0.27460313,0.17864142,0.8681126,0.79955167,0.69482833,0.85740227,0.75234747,0.78598857,0.72579634,0.5201675,0.77765965,0.58642745,0.46104273,0.5935755,0.74660265,0.55830616,0.8219149,0.8126028
2.0,-0.13409248,0.23205796,-0.43825307,0.0358563,-0.29608983,-0.28769714,-0.3641104,0.7524992,0.30162856,-0.5973866,-0.90580463,-0.54667807,0.37107286,-0.62794054,-0.278175,0.18106715,0.8669227,0.7983387,0.6929343,0.8560401,0.75127655,0.783745,0.72418135,0.5173464,0.77619344,0.5835419,0.45724696,0.5905738,0.7439033,0.55498666,0.81990725,0.8113081
2.0,-0.13401175,0.23176897,-0.4377587,0.03586317,-0.29570663,-0.28728783,-0.36350948,0.75157756,0.301257,-0.5966878,-0.9048126,-0.5460338,0.3707275,-0.6273448,-0.2776245,0.18066576,0.86706513,0.7984838,0.69319636,0.8562678,0.75142574,0.78404707,0.72434485,0.517748,0.77640086,0.58393455,0.45777318,0.59098566,0.7443041,0.5554537,0.82016873,0.81146455
3.0,-0.13484421,0.22440112,-0.4307083,0.036041234,-0.29462945,-0.28392667,-0.35587358,0.73778564,0.29798526,-0.5881783,-0.8918161,-0.53581756,0.3585965,-0.61447227,-0.2705775,0.17319976,0.8688123,0.79839015,0.6974345,0.8623156,0.7530123,0.7864932,0.72700197,0.5230555,0.78051716,0.59092116,0.4652348,0.5955414,0.75015414,0.5647267,0.8285286,0.81565183
3.0,-0.13483906,0.22351807,-0.4295087,0.035998933,-0.29393435,-0.28312892,-0.35445055,0.7354992,0.2972059,-0.58654547,-0.8893367,-0.5342142,0.35730118,-0.6126345,-0.26935762,0.1721623,0.86915946,0.7986082,0.69811356,0.8630297,0.7533383,0.7870939,0.7274985,0.52400327,0.7811107,0.592007,0.46653935,0.59646237,0.75111276,0.56608915,0.82956725,0.81620705
3.0,-0.13483708,0.22355038,-0.42955285,0.035998575,-0.2939642,-0.28316012,-0.35450378,0.7355829,0.29723746,-0.5866082,-0.8894291,-0.5342753,0.35734275,-0.61270255,-0.26940334,0.17219949,0.86914843,0.7985957,0.69809026,0.8630049,0.7533242,0.7870698,0.72748095,0.5239674,0.78109246,0.59196615,0.46649107,0.59642744,0.75107485,0.56604105,0.8295328,0.8161874
2.0,-0.1339098,0.22701035,-0.43116063,0.03564262,-0.2917583,-0.2829045,-0.35577124,0.73902565,0.29702303,-0.5877025,-0.89121026,-0.53723705,0.36373967,-0.6173122,-0.27089953,0.17497809,0.86903256,0.7996746,0.696948,0.8602001,0.7532127,0.7874045,0.7270689,0.52291894,0.7796461,0.5898144,0.46485993,0.5960316,0.7495264,0.56279045,0.8256844,0.8145076
4.0,-0.13404465,0.2315108,-0.43698856,0.035691503,-0.29477608,-0.28671038,-0.36252707,0.7501675,0.3006495,-0.5954709,-0.90280306,-0.54513764,0.37045723,-0.6261695,-0.27695662,0.18024178,0.8673735,0.7987853,0.6936266,0.8565181,0.7516584,0.78455144,0.72484416,0.5183477,0.77672744,0.58461386,0.45861536,0.5916474,0.74485147,0.55620724,0.8207124,0.8118323
3.0,-0.13510327,0.22235893,-0.42871135,0.036059514,-0.2942353,-0.28294277,-0.35365728,0.7338973,0.29701284,-0.5857229,-0.88802993,-0.5329574,0.35528162,-0.6108213,-0.26861852,0.17115453,0.8693133,0.7984132,0.6986252,0.86396766,0.753467,0.78719985,0.7278017,0.5245709,0.7816822,0.59292,0.46737695,0.5968578,0.75181437,0.5673615,0.8309135,0.8168346
1.0,-0.13563474,0.21958058,-0.42634097,0.03607952,-0.29425508,-0.2820251,-0.35108417,0.7291473,0.2960262,-0.58293414,-0.88359624,-0.52942747,0.35048634,-0.6059704,-0.26632512,0.16849324,0.8698798,0.7982364,0.7001343,0.86622626,0.7539915,0.7878676,0.72879285,0.5263459,0.78319883,0.59548825,0.46995744,0.5982964,0.7537937,0.570836,0.83428353,0.81848615
2.0,-0.13399783,0.23136526,-0.437186,0.035844717,-0.29535216,-0.2869017,-0.36283845,0.7504906,0.30088788,-0.5959071,-0.9036317,-0.5452732,0.37013716,-0.6264857,-0.27703732,0.18017334,0.867237,0.7985914,0.69352204,0.8566044,0.75158125,0.78434443,0.7245796,0.51819545,0.77668,0.58443934,0.45838362,0.59142417,0.7447564,0.5560798,0.82063377,0.8117252
2.0,-0.13400535,0.2305086,-0.4361594,0.03584921,-0.29490322,-0.28627175,-0.36167297,0.748522,0.3002913,-0.59457207,-0.9016349,-0.5438576,0.3688253,-0.6248591,-0.27597713,0.17920601,0.8675192,0.7987086,0.69411284,0.8573095,0.7518437,0.7848163,0.7249654,0.5189898,0.7772106,0.5853729,0.45947167,0.5921678,0.7455882,0.5572712,0.82157624,0.8122263
1.0,-0.13546309,0.2206321,-0.4273586,0.0360994,-0.29444063,-0.28249967,-0.35222948,0.7311653,0.29653025,-0.58420014,-0.8856007,-0.5308932,0.3522584,-0.60792387,-0.26731735,0.16954973,0.8696155,0.7982276,0.6995008,0.8653718,0.75374484,0.78751075,0.7283502,0.52556866,0.7825887,0.5944267,0.4688395,0.5976262,0.7529611,0.56942755,0.83298385,0.81783426
2.0,-0.13394856,0.23069258,-0.43626553,0.0358467,-0.29481488,-0.28626102,-0.3617629,0.74874777,0.3002907,-0.5946641,-0.9018048,-0.5440342,0.36918303,-0.6251558,-0.2760657,0.17936277,0.86749774,0.7987646,0.6940349,0.85715073,0.75183254,0.7848229,0.7249176,0.5189209,0.77712077,0.5852363,0.45936176,0.59213126,0.7455006,0.5570697,0.8213404,0.81211513
2.0,-0.13388407,0.23035926,-0.4356721,0.035824735,-0.2943284,-0.28579313,-0.36103824,0.74763787,0.29984903,-0.5938115,-0.9005453,-0.5432716,0.36876708,-0.6243786,-0.27543664,0.17890252,0.8676828,0.79893804,0.6943583,0.8574217,0.75201046,0.7851811,0.7251539,0.5193984,0.77737814,0.5857259,0.4600007,0.5926242,0.74596745,0.55765307,0.8217001,0.8123326
3.0,-0.13542327,0.22292575,-0.430242,0.03616005,-0.29586416,-0.28435093,-0.35562882,0.7366951,0.2983375,-0.5880437,-0.8914275,-0.53480816,0.3557086,-0.612452,-0.27026558,0.17215815,0.86882085,0.7977894,0.6978547,0.86353624,0.7529777,0.78614455,0.7271967,0.5232942,0.78111714,0.5917635,0.4656974,0.5954611,0.7506236,0.56604105,0.83031636,0.8164518
3.0,-0.1345785,0.22327162,-0.42838714,0.035851847,-0.29250878,-0.28205267,-0.35296366,0.7334462,0.296159,-0.584748,-0.8866393,-0.5329207,0.35724956,-0.61147535,-0.26817214,0.17153305,0.86957526,0.7991455,0.69869363,0.8632322,0.7537261,0.78794104,0.72801834,0.52494836,0.781503,0.5928395,0.46779373,0.59753823,0.7519328,0.5670102,0.8299131,0.81648344
3.0,-0.13548571,0.22320572,-0.43076262,0.036184307,-0.29630125,-0.2847732,-0.35627547,0.73766154,0.29873607,-0.5887927,-0.8925386,-0.5354658,0.35603952,-0.6131076,-0.27081257,0.17255037,0.86866397,0.7976307,0.6975806,0.86331594,0.75282496,0.785831,0.7269909,0.5228708,0.7808959,0.59133714,0.46513122,0.5950208,0.7502103,0.5655317,0.830003,0.81627536
3.0,-0.13509402,0.22454123,-0.4315758,0.03613913,-0.29579222,-0.28482,-0.35704035,0.7393599,0.298837,-0.5895808,-0.89388096,-0.53680825,0.35850784,-0.6152495,-0.27153248,0.17367686,0.86850196,0.7979321,0.6970024,0.86220956,0.752702,0.78580076,0.72663504,0.52231413,0.7802451,0.5903115,0.46426907,0.5946847,0.7495086,0.5640734,0.8283672,0.8154925
2.0,-0.13390198,0.2286002,-0.43322352,0.03569772,-0.29284972,-0.284216,-0.35816994,0.74297154,0.2983004,-0.5904697,-0.895404,-0.540023,0.3661299,-0.62054515,-0.27299255,0.1768105,0.868433,0.79936206,0.69576687,0.85889494,0.7526656,0.78640944,0.7262255,0.5213052,0.7786026,0.5879399,0.4626357,0.5944837,0.74788284,0.5604194,0.823843,0.8135181
2.0,-0.13404067,0.22983058,-0.43522307,0.035782922,-0.29434395,-0.28569508,-0.36058116,0.74673194,0.2997152,-0.59329677,-0.8996356,-0.54261875,0.36777627,-0.6233365,-0.27506328,0.17840487,0.8678131,0.7988579,0.6946613,0.8578877,0.7520896,0.78527564,0.7253995,0.5197117,0.77769035,0.5862357,0.4604783,0.5928683,0.74631166,0.5583519,0.82244664,0.8127092
2.0,-0.13414548,0.2269438,-0.43149877,0.035660755,-0.2923327,-0.28337067,-0.35626233,0.7396384,0.29744318,-0.58829165,-0.89199007,-0.5375932,0.36346662,-0.61736804,-0.27136016,0.17513564,0.86889976,0.7994222,0.69678396,0.86026645,0.75306225,0.7870536,0.72698414,0.52260405,0.77957714,0.58965254,0.46447387,0.59563535,0.7492878,0.5626394,0.8258556,0.81455
4.0,-0.13425618,0.23110983,-0.43776307,0.035989862,-0.2966457,-0.2876861,-0.36371854,0.7514563,0.30162808,-0.59701586,-0.9052961,-0.54579335,0.369346,-0.62674284,-0.27764893,0.18024698,0.8669677,0.7980679,0.69326764,0.856814,0.7513376,0.78371423,0.72425175,0.51768386,0.7765832,0.58412266,0.45773703,0.590741,0.74436575,0.55586433,0.8208562,0.81172943
4.0,-0.133847,0.22966209,-0.43384162,0.035515025,-0.29227978,-0.28437287,-0.35871914,0.744268,0.29840177,-0.59097195,-0.89601564,-0.54109526,0.36802626,-0.62175775,-0.27374285,0.17780718,0.8683781,0.7996214,0.6953646,0.8580519,0.7525694,0.78636676,0.72620636,0.52084774,0.77814853,0.5872944,0.46200433,0.5942031,0.74730426,0.5594215,0.8228855,0.8131204
3.0,-0.13482788,0.22379388,-0.42984357,0.036004145,-0.2940901,-0.2833364,-0.35484082,0.7361429,0.29741,-0.58698905,-0.8900097,-0.534674,0.3577197,-0.6131748,-0.26969814,0.17246975,0.86906797,0.79856193,0.6979215,0.8628078,0.7532497,0.78693926,0.72736394,0.52374065,0.7809387,0.5916942,0.4661757,0.5962148,0.75084025,0.56569105,0.8292485,0.8160407
4.0,-0.13384716,0.22855245,-0.43242556,0.035489343,-0.29155684,-0.28347796,-0.35708332,0.741559,0.29753718,-0.589084,-0.8931696,-0.5391749,0.36635572,-0.61954015,-0.27230018,0.17653573,0.8687865,0.79982334,0.6961746,0.8589642,0.752942,0.78704315,0.7267727,0.5219534,0.7788671,0.5885771,0.46352422,0.5952581,0.7484361,0.56104654,0.82414836,0.8137983
2.0,-0.13365339,0.23019448,-0.4342611,0.035558686,-0.29223216,-0.28442726,-0.35913423,0.74511343,0.2985036,-0.59144354,-0.8968776,-0.5417166,0.3690178,-0.62281305,-0.27406162,0.1782772,0.8682621,0.7997155,0.69508433,0.85758376,0.7525014,0.78630334,0.7259568,0.5205619,0.7778516,0.58679193,0.4615601,0.59399354,0.74697566,0.5587373,0.8221156,0.81273544
4.0,-0.13378847,0.22857659,-0.4322707,0.03546368,-0.2912711,-0.28329062,-0.3568613,0.74128926,0.2973591,-0.58880377,-0.89276093,-0.53901577,0.36648276,-0.6194375,-0.2721328,0.17648937,0.8688532,0.7999391,0.6962465,0.8589429,0.75300515,0.78719246,0.72685057,0.5220889,0.778902,0.5886728,0.46369782,0.5954288,0.7485465,0.5611282,0.82412124,0.8138107
2.0,-0.1339399,0.22945233,-0.43443462,0.035734653,-0.29360366,-0.28504282,-0.35959873,0.7452706,0.2990961,-0.5921304,-0.8979019,-0.5416327,0.36735687,-0.62234634,-0.27423722,0.17784213,0.86807173,0.7991258,0.6950839,0.8581954,0.752332,0.7857789,0.725733,0.5203505,0.7780174,0.5868724,0.46133232,0.5935453,0.7469229,0.55909294,0.82287186,0.8129794
1.0,-0.13149723,0.1944326,-0.38516644,0.03433824,-0.2630247,-0.25097424,-0.29997566,0.6518215,0.2645093,-0.52277064,-0.7959957,-0.47580987,0.3199034,-0.54973394,-0.2243831,0.13867867,0.8828195,0.8098635,0.7219703,0.88467234,0.7668524,0.81080633,0.7456299,0.5607063,0.8012118,0.63100505,0.51740485,0.6337368,0.78609425,0.61487037,0.8614097,0.83316666
4.0,-0.13395546,0.22972235,-0.43431327,0.03558193,-0.29296267,-0.28485072,-0.35935605,0.7451149,0.29886258,-0.59175766,-0.8971931,-0.5416238,0.36793706,-0.6222267,-0.27423275,0.17803258,0.8681934,0.79935783,0.6951268,0.85800105,0.7523996,0.78598475,0.72597003,0.5204517,0.7779988,0.5869525,0.46148258,0.5937385,0.74695885,0.55907404,0.8227895,0.8130115
3.0,-0.13518041,0.22252803,-0.42909184,0.03608,-0.29459083,-0.2832775,-0.35413945,0.7346052,0.29732817,-0.5862838,-0.8888487,-0.5334289,0.35545856,-0.61124563,-0.26903594,0.17142934,0.86919266,0.7982797,0.69842535,0.8638367,0.753348,0.7869511,0.7276589,0.5242551,0.7815301,0.59262544,0.46695822,0.5965196,0.75151926,0.567011,0.8307381,0.8167295
4.0,-0.13394964,0.23107588,-0.43595377,0.035587654,-0.2936899,-0.28585565,-0.36122406,0.7482683,0.29982302,-0.5938996,-0.9004086,-0.5438757,0.37002534,-0.6248258,-0.2759223,0.17956826,0.8677337,0.79917085,0.6941781,0.85688365,0.75197744,0.7852298,0.72534347,0.5191786,0.77714723,0.5854591,0.45973417,0.5925439,0.7456404,0.55716145,0.8212776,0.812209
1.0,-0.1352897,0.22185066,-0.4285599,0.036107294,-0.29469478,-0.28308833,-0.35357895,0.7335186,0.29712957,-0.5856948,-0.8879325,-0.53261083,0.3542585,-0.6101558,-0.26849002,0.17077403,0.8693077,0.7982033,0.69877374,0.86438626,0.7534619,0.78708005,0.7278462,0.5246523,0.78188336,0.5932045,0.46753505,0.59682786,0.75196886,0.56781757,0.83151823,0.817103
3.0,-0.13551348,0.22243784,-0.42982453,0.03616625,-0.29586595,-0.28418857,-0.3551789,0.73586196,0.29816642,-0.58755505,-0.89065295,-0.5341868,0.35486823,-0.6116037,-0.26986063,0.17168963,0.8689213,0.7977573,0.6981201,0.86393464,0.75306916,0.7862633,0.7273691,0.52360487,0.7813837,0.5922112,0.4661473,0.59571236,0.75097114,0.56664616,0.83090186,0.8167404
1.0,-0.13283685,0.22369723,-0.42496502,0.035674274,-0.28620225,-0.2775224,-0.34806952,0.7276217,0.29203498,-0.57856464,-0.87841034,-0.52915907,0.36050946,-0.61003006,-0.26407534,0.17045516,0.870927,0.80188954,0.70015293,0.8626334,0.75520194,0.79141843,0.72921926,0.528062,0.7820847,0.5946489,0.47161254,0.6014469,0.7545273,0.5684344,0.8283345,0.8162368
3.0,-0.13530524,0.2236586,-0.43094876,0.036169205,-0.2959898,-0.28467423,-0.3564115,0.7380864,0.29867226,-0.5889132,-0.8928025,-0.53582424,0.35694098,-0.61380595,-0.27094924,0.17289224,0.8686364,0.79779214,0.6974172,0.8629344,0.7528141,0.7859008,0.72689205,0.52276146,0.780692,0.59103477,0.46493432,0.5950036,0.7500463,0.5650759,0.8294197,0.81599975
2.0,-0.13388065,0.23073244,-0.4355353,0.03562916,-0.29351944,-0.2855467,-0.3607446,0.74747103,0.29955745,-0.5933641,-0.89968723,-0.5432923,0.36953843,-0.6242924,-0.27543563,0.17915723,0.8678353,0.7992314,0.69440705,0.85715103,0.75209016,0.7854408,0.7254391,0.51951504,0.77734965,0.58579993,0.46017438,0.5928631,0.7459926,0.557602,0.8215584,0.8123514
4.0,-0.13396834,0.2315869,-0.43711475,0.03573664,-0.2949245,-0.286757,-0.3626756,0.7503822,0.30071497,-0.5956687,-0.9031765,-0.5452884,0.37054336,-0.6264787,-0.27700603,0.18028948,0.8673209,0.7987519,0.69356066,0.85644674,0.7516344,0.7844973,0.72471666,0.51826394,0.7766632,0.5844716,0.458485,0.59156257,0.74475807,0.55605525,0.8205352,0.8117266
1.0,-0.13484797,0.22181863,-0.42732668,0.035945836,-0.2928062,-0.28171778,-0.3518798,0.731328,0.29582906,-0.58362055,-0.8849095,-0.53126633,0.3547697,-0.6092396,-0.26713616,0.17022282,0.8697734,0.79895157,0.69935286,0.8643931,0.75391877,0.7881394,0.728379,0.52572477,0.7822165,0.5940034,0.46891525,0.5981116,0.7528704,0.5686237,0.8315386,0.81723547
4.0,-0.1340709,0.23205084,-0.43776137,0.035713993,-0.2952597,-0.28723758,-0.36343372,0.7516336,0.3011516,-0.59652674,-0.904393,-0.54616225,0.37124062,-0.6273157,-0.27775264,0.1809042,0.8671416,0.79863685,0.6931887,0.8560685,0.75144726,0.7841468,0.72453105,0.51774234,0.77635336,0.58393675,0.45779148,0.5910527,0.7442407,0.5553688,0.8200968,0.8114866
2.0,-0.13404718,0.23126824,-0.43728983,0.035892352,-0.295658,-0.287059,-0.3630115,0.75065935,0.30104375,-0.5961337,-0.9039928,-0.54534566,0.3699059,-0.626518,-0.2771371,0.1801517,0.8671757,0.79847014,0.69347596,0.8566791,0.7515315,0.78421015,0.7244977,0.51810145,0.77667123,0.58438694,0.45826256,0.5912862,0.74469733,0.556059,0.82070005,0.8117296
4.0,-0.13394421,0.22974892,-0.4345719,0.035654925,-0.29338723,-0.28507453,-0.359704,0.74556077,0.2990975,-0.5922067,-0.89793414,-0.5418991,0.36786732,-0.6225939,-0.2744317,0.17810889,0.8680794,0.79921085,0.6949992,0.85796994,0.7523166,0.78578895,0.7257748,0.52024806,0.7779108,0.58673567,0.46120033,0.5934969,0.7467758,0.5588655,0.8226609,0.81290567
2.0,-0.134036,0.23083593,-0.43654403,0.035820194,-0.29505843,-0.28653553,-0.3621106,0.7492558,0.30052692,-0.5950664,-0.9023251,-0.544398,0.36929682,-0.62540394,-0.2764054,0.17958155,0.86742556,0.79865664,0.693901,0.8570516,0.75174105,0.78463095,0.7248576,0.5186849,0.7770229,0.5850416,0.4590667,0.59188205,0.74526316,0.5568488,0.82127774,0.8120713
3.0,-0.13539037,0.22413138,-0.43179777,0.036213174,-0.2966826,-0.2853455,-0.35746166,0.739674,0.2993121,-0.59013116,-0.8946228,-0.53690535,0.35753042,-0.6149154,-0.27183884,0.17354515,0.86837846,0.79754394,0.696961,0.86255735,0.7525643,0.7853961,0.7265484,0.52207375,0.78032315,0.59032667,0.46400905,0.59429336,0.7493751,0.56422484,0.8288765,0.8156917
2.0,-0.13395607,0.23104605,-0.4367022,0.035840932,-0.29502338,-0.28654277,-0.36226255,0.74957913,0.30055344,-0.5952375,-0.90265024,-0.5446336,0.36970568,-0.6258226,-0.2765215,0.17976615,0.8673785,0.79870415,0.6937885,0.85686314,0.7517192,0.7846144,0.72475886,0.51858056,0.7769015,0.5848474,0.45889974,0.5918091,0.7451443,0.55657816,0.82096595,0.8119149
4.0,-0.13398305,0.23135482,-0.4368178,0.035727207,-0.2947594,-0.28657523,-0.36233503,0.749823,0.3005395,-0.59527063,-0.9025661,-0.5448881,0.3702044,-0.62599474,-0.27671796,0.18003333,0.8674076,0.79879636,0.69372743,0.85663915,0.7517091,0.78463745,0.72484654,0.5184912,0.776813,0.5847437,0.45879808,0.59177935,0.74499655,0.5563925,0.8208088,0.811876
2.0,-0.1340739,0.23068458,-0.4365161,0.035851687,-0.29522824,-0.2865859,-0.36211765,0.7491803,0.30057862,-0.59509397,-0.9023782,-0.5443108,0.3690039,-0.6252623,-0.2763734,0.17947201,0.86741114,0.7985826,0.69392776,0.8571733,0.7517316,0.7845822,0.7248407,0.51869655,0.7770699,0.58509797,0.4590887,0.5918578,0.74530226,0.556953,0.82142055,0.8121261
2.0,-0.13405524,0.23243907,-0.43878248,0.03590591,-0.29641086,-0.2880081,-0.36472344,0.75351256,0.30194464,-0.59810734,-0.90695924,-0.54737514,0.3716808,-0.6288346,-0.27867854,0.18151808,0.86675054,0.7982597,0.69261795,0.85570693,0.75114036,0.78348863,0.72391963,0.51694417,0.7759165,0.58304644,0.45668045,0.5901838,0.7435011,0.55436665,0.8193907,0.8110173
4.0,-0.13400719,0.23178531,-0.43756795,0.035784177,-0.29538107,-0.28712243,-0.36324316,0.7512212,0.30107036,-0.5963496,-0.904222,-0.5458438,0.3707669,-0.627079,-0.2774616,0.1805971,0.8671631,0.7985929,0.693313,0.85627675,0.7514956,0.78420496,0.7244985,0.5179013,0.7764731,0.58409715,0.4579942,0.59117424,0.7444157,0.5556249,0.8202702,0.81155384
2.0,-0.133991,0.23165073,-0.43773627,0.035924125,-0.29584378,-0.28728354,-0.3635103,0.75152314,0.30127525,-0.596712,-0.9049254,-0.5459544,0.37054324,-0.62732995,-0.27755517,0.18056697,0.86703926,0.7984423,0.6932041,0.8563482,0.7514264,0.78402644,0.72428256,0.51776826,0.7764202,0.58395076,0.45778745,0.5909799,0.74435204,0.55549705,0.82019687,0.8114596
2.0,-0.13394395,0.2322154,-0.43825278,0.03589243,-0.29587865,-0.28752345,-0.36405316,0.7525378,0.30149958,-0.59731567,-0.9058238,-0.5467161,0.37148023,-0.62826055,-0.2780879,0.18114077,0.8669177,0.79846823,0.69289315,0.8558824,0.7513131,0.78385526,0.72411233,0.5173815,0.77611667,0.5834472,0.4572497,0.5906552,0.74391973,0.55481976,0.81959164,0.8111584
3.0,-0.13518329,0.22454993,-0.4318314,0.036171865,-0.2961793,-0.2851048,-0.3573929,0.73981434,0.29910517,-0.59000707,-0.8945049,-0.5370872,0.358409,-0.6154391,-0.27181536,0.17379695,0.8684079,0.7977778,0.6968815,0.86220586,0.75260806,0.7855813,0.7265265,0.52209276,0.7801754,0.59014505,0.4639851,0.59442085,0.7493202,0.56390566,0.8283581,0.81546354
3.0,-0.13500276,0.22417234,-0.43087527,0.03611023,-0.295188,-0.28424293,-0.35616943,0.7380623,0.2982945,-0.5885663,-0.892387,-0.5359222,0.3580885,-0.6143809,-0.27079135,0.17315507,0.86871475,0.79815453,0.6973695,0.86249834,0.75291073,0.7862306,0.7269092,0.52288485,0.78053766,0.5908791,0.46502993,0.5952811,0.75006545,0.5647461,0.8287644,0.8157226
2.0,-0.13396591,0.22934882,-0.43431735,0.035718445,-0.29355985,-0.28499514,-0.35946834,0.74503934,0.29904014,-0.59197867,-0.8976413,-0.5414741,0.36717,-0.62210864,-0.27413565,0.1777327,0.8681103,0.7991274,0.6951594,0.8582881,0.75235873,0.78582203,0.7258,0.5204366,0.7780883,0.5869951,0.4614596,0.59362274,0.7470096,0.5592537,0.823028,0.8130627
4.0,-0.13466418,0.23133159,-0.43952116,0.03627117,-0.2991042,-0.28944767,-0.3660919,0.75464743,0.30332607,-0.59987974,-0.90968084,-0.54775345,0.36917797,-0.6284854,-0.27951372,0.18118253,0.8662961,0.7971315,0.69234437,0.8566005,0.7507165,0.782296,0.72339374,0.51621556,0.7759943,0.58284086,0.45579883,0.5890315,0.74310255,0.55450934,0.82040113,0.8112996
2.0,-0.13427287,0.22973976,-0.4359562,0.035928514,-0.29565954,-0.28654203,-0.36162686,0.7480114,0.30052698,-0.5945991,-0.9016022,-0.5433686,0.36726898,-0.6239017,-0.2758264,0.17864442,0.8675021,0.79833955,0.69431,0.8579578,0.7518066,0.7845933,0.7250056,0.5190814,0.77750385,0.58575696,0.45966148,0.59208405,0.7457954,0.55792046,0.82247114,0.8126099
3.0,-0.1347222,0.22336316,-0.42893657,0.035929155,-0.29324383,-0.28259706,-0.3536997,0.7344498,0.2966878,-0.58564186,-0.8879769,-0.53354394,0.3572183,-0.61201215,-0.26875752,0.17182548,0.86936575,0.798867,0.6984111,0.8631562,0.753532,0.7875118,0.7277621,0.52448213,0.78131795,0.5924419,0.4671768,0.5969998,0.7515359,0.5665767,0.8297778,0.8163614
1.0,-0.1348819,0.22112632,-0.42645198,0.035908494,-0.2923591,-0.2811774,-0.35085073,0.7296547,0.29529163,-0.58244646,-0.8831005,-0.53008926,0.3537229,-0.60781896,-0.26627493,0.16945535,0.87002575,0.79907787,0.699854,0.86495245,0.754146,0.78854394,0.7287596,0.52641,0.78267217,0.59482205,0.46987113,0.59876406,0.75356984,0.56966484,0.83238393,0.8176746
4.0,-0.13421482,0.23100717,-0.4374326,0.03594162,-0.29626077,-0.28740048,-0.3632922,0.75084764,0.30134827,-0.5965023,-0.9044973,-0.5454053,0.3692526,-0.6263352,-0.27731568,0.18004392,0.8670902,0.7982048,0.69344836,0.8569065,0.75144374,0.7839462,0.72441936,0.51795125,0.77671444,0.58438677,0.45809844,0.59103763,0.7446065,0.5561613,0.82101953,0.81184465
2.0,-0.13426167,0.23015963,-0.4366961,0.036035925,-0.29624313,-0.2870292,-0.36252168,0.7494291,0.30103126,-0.5956577,-0.90331733,-0.5442989,0.36793828,-0.6250693,-0.2765388,0.1792194,0.8672384,0.7981736,0.693864,0.85757834,0.7515984,0.7841836,0.72461617,0.5185067,0.7771351,0.5850851,0.4588517,0.59149766,0.74525917,0.5570909,0.8218288,0.81223214
4.0,-0.13380986,0.22929752,-0.43381608,0.035663754,-0.29283333,-0.28445596,-0.35878503,0.7441336,0.29852954,-0.59114313,-0.89642704,-0.540908,0.36729303,-0.62168175,-0.2735775,0.17747909,0.8683004,0.7994198,0.6954104,0.85832554,0.75254756,0.786245,0.7260182,0.520867,0.7782372,0.587339,0.462017,0.59412986,0.74738085,0.559602,0.82307076,0.81314665
3.0,-0.13536115,0.22245443,-0.429446,0.036123298,-0.29524583,-0.2837394,-0.35464942,0.7352055,0.29775068,-0.5869101,-0.8897298,-0.533785,0.35510698,-0.61137724,-0.26944065,0.1715377,0.8690578,0.7980097,0.6982826,0.86390984,0.7532095,0.78660315,0.7275214,0.5239375,0.781469,0.5924393,0.46656606,0.5961177,0.75125724,0.56685853,0.83086026,0.8167539
2.0,-0.13417497,0.22992852,-0.4359832,0.03593046,-0.29543155,-0.28642207,-0.36160383,0.7481071,0.30043083,-0.5945531,-0.90159535,-0.543457,0.3677044,-0.62417626,-0.2758175,0.17877129,0.867503,0.7984603,0.69425875,0.8577869,0.7518286,0.78467894,0.72497773,0.5190847,0.7774222,0.5856609,0.45963594,0.59213597,0.74577636,0.5577461,0.82219744,0.81248784
3.0,-0.13494012,0.22252889,-0.4284664,0.03599202,-0.29362845,-0.28257328,-0.35327247,0.7334812,0.2966571,-0.5852294,-0.8873087,-0.53275055,0.35572168,-0.6108027,-0.26833177,0.17114101,0.8694331,0.798662,0.6987277,0.86383015,0.7535853,0.7874985,0.7279245,0.52480215,0.78169906,0.59302646,0.4676632,0.5971777,0.75196797,0.56742084,0.8307347,0.8167923
3.0,-0.13519919,0.22020675,-0.42609558,0.035990827,-0.2930346,-0.2813359,-0.35059172,0.7288629,0.2954195,-0.5822582,-0.88273025,-0.52938694,0.3519793,-0.6065733,-0.26598287,0.16876572,0.87003756,0.79875916,0.70013505,0.86569655,0.7541532,0.7883918,0.72888,0.5266252,0.7830507,0.59538084,0.47023624,0.5987923,0.75392777,0.5705139,0.8334695,0.81815034
3.0,-0.13533968,0.22403727,-0.4315098,0.036178377,-0.2963642,-0.28508812,-0.35708734,0.7391374,0.29905924,-0.5896882,-0.8939474,-0.5365612,0.35744086,-0.6145851,-0.271532,0.17335594,0.868478,0.79766256,0.69711626,0.8626361,0.7526608,0.78559935,0.72667724,0.52231324,0.78043264,0.590553,0.4643297,0.59455687,0.74958855,0.5644867,0.8290083,0.8157793
2.0,-0.1340076,0.23241875,-0.438665,0.03590676,-0.29625183,-0.28787154,-0.36456448,0.7533035,0.30182368,-0.5979178,-0.9067045,-0.54723704,0.3717104,-0.6287586,-0.27853572,0.18144992,0.86678785,0.7983293,0.6926719,0.85571754,0.7511847,0.7835892,0.72395414,0.5170467,0.7759477,0.5831201,0.4568072,0.5903024,0.7435962,0.55443865,0.8193831,0.81102455
