label,mu_1,mu_2,mu_3,mu_4,mu_5,mu_6,mu_7,mu_8,mu_9,mu_10,mu_11,mu_12,mu_13,mu_14,mu_15,mu_16,mu_17,mu_18,mu_19,mu_20,var_1,var_2,var_3,var_4,var_5,var_6,var_7,var_8,var_9,var_10,var_11,var_12,var_13,var_14,var_15,var_16,var_17,var_18,var_19,var_20
2.0,0.24425316,-0.20198606,-0.11629388,0.27452478,-0.36809635,0.441563,-0.18100232,0.2541112,0.47906238,-0.26205152,-0.055919208,-0.04121376,-0.15654498,-0.1550331,-0.18882102,0.28999662,-0.04679051,0.38005432,0.35995564,-0.19580331,0.7970487,0.82448095,0.8560504,0.7841369,0.753924,0.69366956,0.8488534,0.82043236,0.6193479,0.7966145,0.8596258,0.8986496,0.8670861,0.8541098,0.81863695,0.7671779,0.8839575,0.70985097,0.72988945,0.8356845
1.0,0.24759012,-0.2084014,-0.117760286,0.2718547,-0.3697884,0.43734694,-0.17255184,0.25519165,0.49682447,-0.26590434,-0.055038013,-0.054823987,-0.1645523,-0.15731405,-0.1908822,0.29363507,-0.04814495,0.38589606,0.36684963,-0.19791019,0.7880941,0.8163017,0.85153633,0.78006244,0.7528291,0.68428105,0.8413196,0.80611295,0.6120107,0.7876739,0.8467008,0.89005095,0.8608117,0.8364803,0.80557543,0.76469976,0.87500775,0.70572495,0.72448844,0.82942784
2.0,0.26614442,-0.22520055,-0.122831464,0.28223377,-0.38214165,0.44516551,-0.16951129,0.26517093,0.541751,-0.2793454,-0.056149177,-0.07764261,-0.17811769,-0.16250819,-0.19536066,0.31324714,-0.05012697,0.4063678,0.3847379,-0.20795894,0.767216,0.80083525,0.8434415,0.76212573,0.7439474,0.66493094,0.8314747,0.7845088,0.58987355,0.7669063,0.82999367,0.87998784,0.84857845,0.8151355,0.78349614,0.7517514,0.856607,0.69310385,0.7100784,0.8152048
2.0,0.25104818,-0.20993294,-0.11798222,0.27624473,-0.3726256,0.44267488,-0.17636223,0.25735456,0.49933475,-0.26755175,-0.055838384,-0.053398855,-0.16444588,-0.15763423,-0.19144486,0.29702693,-0.048063025,0.38815874,0.36845917,-0.19925871,0.7872262,0.8161448,0.8517,0.7775582,0.75080377,0.6840151,0.8428626,0.8081597,0.6098928,0.786388,0.8490608,0.8917673,0.86082524,0.83969283,0.80658287,0.7626295,0.8744864,0.7042781,0.72313654,0.8290897
1.0,0.20969218,-0.16228537,-0.10376232,0.2610574,-0.34190828,0.4338606,-0.1999282,0.23587152,0.37455186,-0.23218977,-0.053653285,0.018713519,-0.11679516,-0.143837,-0.17847675,0.25269073,-0.03888399,0.33660713,0.31731248,-0.17245662,0.8490744,0.86624223,0.8789019,0.8206642,0.7696773,0.7444595,0.8823836,0.8869823,0.6726657,0.8508359,0.91308075,0.93237454,0.9022789,0.9275387,0.88240004,0.79065347,0.9313934,0.7416639,0.7661442,0.87107486
2.0,0.24992102,-0.20744734,-0.116751954,0.2800344,-0.3747983,0.44830635,-0.18433648,0.25729993,0.48857275,-0.26615417,-0.058720425,-0.04475478,-0.1602914,-0.15561888,-0.19077043,0.29625562,-0.04780446,0.38606197,0.36611047,-0.20014302,0.7921437,0.82161254,0.8552592,0.7788664,0.7499573,0.68915623,0.8482926,0.816914,0.6127711,0.7907481,0.85834897,0.89762455,0.863685,0.851644,0.8151937,0.76321834,0.8804202,0.7049304,0.7256001,0.83195436
2.0,0.2328917,-0.18448675,-0.109987125,0.28001416,-0.3645138,0.45177874,-0.20459566,0.24924222,0.42583036,-0.2500305,-0.061130375,-0.0037838668,-0.13467857,-0.14745817,-0.18408296,0.2782867,-0.043202728,0.36329305,0.3414843,-0.19089188,0.82299113,0.84909344,0.87058514,0.79696506,0.756233,0.72017664,0.87080085,0.85984665,0.6406482,0.82290596,0.8969954,0.92227423,0.8845252,0.90437406,0.8568418,0.77415884,0.9112887,0.72063315,0.7460968,0.85248744
2.0,0.22230518,-0.17193712,-0.10424644,0.2794866,-0.35975957,0.45467338,-0.21721157,0.24362391,0.38656753,-0.23976672,-0.064027175,0.020411462,-0.120294906,-0.14213072,-0.18134475,0.26699072,-0.04042612,0.34976482,0.32797316,-0.18542492,0.8421919,0.8662188,0.8809287,0.8085312,0.75904995,0.73895293,0.8855137,0.8861876,0.65801966,0.8425688,0.92106295,0.9372519,0.8972331,0.93689924,0.8832224,0.7807435,0.9307774,0.7293103,0.7588142,0.86458033
2.0,0.23436974,-0.1898461,-0.11636071,0.26197603,-0.3503456,0.42473626,-0.16997404,0.24846855,0.46460524,-0.2542763,-0.04612384,-0.03602027,-0.14794406,-0.15601146,-0.18434136,0.2782413,-0.043774158,0.36751255,0.34619147,-0.18431875,0.80563205,0.8283803,0.8556166,0.79430765,0.7631619,0.7022088,0.848725,0.82672673,0.63290507,0.8083469,0.8598333,0.89901155,0.8748661,0.8569279,0.8230287,0.7741089,0.88814527,0.722239,0.7382631,0.843618
1.0,0.23032652,-0.18600774,-0.11236225,0.2690039,-0.35763377,0.4373064,-0.18822657,0.2468682,0.43889236,-0.25077435,-0.055227593,-0.018041857,-0.14101961,-0.15049699,-0.18403149,0.27531087,-0.044156045,0.3632081,0.3431004,-0.18748775,0.81671345,0.84079605,0.8646139,0.798036,0.76053864,0.7128945,0.86059123,0.84457463,0.63926464,0.81717914,0.8797924,0.9112389,0.8800237,0.8814284,0.84229755,0.7764075,0.9021851,0.7218829,0.74373984,0.8490286
2.0,0.24221626,-0.19621445,-0.112609774,0.28234342,-0.37154555,0.45394373,-0.19767871,0.25396574,0.45482442,-0.25830284,-0.06102054,-0.021374427,-0.14692745,-0.1512391,-0.18798205,0.28808957,-0.04556048,0.37458453,0.3541773,-0.19594818,0.80862063,0.836446,0.8639021,0.7877693,0.75207734,0.70579714,0.86163867,0.84129363,0.62673414,0.80711263,0.88075984,0.91170406,0.87475115,0.88149226,0.83850914,0.76826775,0.89694554,0.7122628,0.7357629,0.8429166
1.0,0.22287725,-0.17131765,-0.104817756,0.27922192,-0.35839522,0.45338726,-0.21627328,0.24382517,0.38806278,-0.23987992,-0.06292409,0.020146534,-0.11965849,-0.14257646,-0.18089648,0.26727086,-0.04018943,0.34979317,0.327207,-0.18491903,0.8416617,0.8658361,0.8803477,0.80820996,0.7594488,0.73894334,0.8848697,0.8859134,0.6579393,0.8427687,0.92057335,0.936863,0.8974739,0.9366361,0.8825356,0.78032327,0.9301316,0.72998595,0.758772,0.8646996
2.0,0.2346004,-0.18702857,-0.10797621,0.28534707,-0.37134433,0.46056595,-0.2120755,0.2505311,0.42220828,-0.2510019,-0.0659937,-9.5404685e-05,-0.13533148,-0.14598292,-0.18594798,0.280737,-0.043791033,0.36506358,0.34462956,-0.19418341,0.82407033,0.85137475,0.8732527,0.7956949,0.7527776,0.720813,0.87485665,0.86345696,0.6389047,0.82217073,0.9028377,0.9254981,0.88424206,0.9106285,0.8612555,0.7726102,0.9138235,0.7173328,0.74526864,0.85201555
2.0,0.23720978,-0.19434516,-0.11347741,0.27114514,-0.36251497,0.4400493,-0.18362512,0.25042132,0.458455,-0.25612828,-0.05479332,-0.029492393,-0.1494388,-0.15326664,-0.18721879,0.2822206,-0.045348503,0.37080947,0.35177535,-0.19034699,0.80723554,0.83188945,0.86007625,0.79192203,0.75731844,0.70341897,0.8550841,0.8330882,0.62997025,0.80668354,0.8691629,0.90446705,0.87391186,0.86673635,0.8304126,0.7722464,0.89248645,0.71627456,0.736687,0.8429037
2.0,0.23661923,-0.19491407,-0.11294161,0.27091894,-0.36348587,0.44063127,-0.18382871,0.25013116,0.45747086,-0.25594506,-0.055603698,-0.029666916,-0.15017906,-0.15287669,-0.18771808,0.2818388,-0.04557258,0.37071747,0.35241956,-0.1906387,0.80747473,0.8318859,0.86040634,0.792363,0.7570819,0.7032806,0.8553336,0.83290964,0.6300453,0.8064114,0.86901563,0.90433997,0.8735519,0.86615014,0.8306089,0.7726801,0.8927631,0.7158031,0.73660547,0.8427326
2.0,0.2445893,-0.20361148,-0.11539033,0.27336934,-0.36847657,0.44178018,-0.17889321,0.25407022,0.4809685,-0.26236773,-0.05543203,-0.04323051,-0.15871492,-0.1557782,-0.19022492,0.29013246,-0.047003582,0.38014743,0.3616959,-0.19492348,0.7960771,0.8225288,0.85530734,0.7844586,0.7536262,0.6923018,0.8482533,0.8188316,0.6188992,0.7948286,0.8572004,0.89673364,0.86637414,0.85019666,0.81675375,0.7672704,0.88202316,0.70943195,0.72885126,0.8351814
1.0,0.22297713,-0.17755084,-0.10810591,0.2676672,-0.35339117,0.43942857,-0.19505689,0.24312833,0.41232437,-0.24376285,-0.05558934,-0.0019266829,-0.13189909,-0.14774634,-0.18268335,0.26715243,-0.042212524,0.35296577,0.33394226,-0.18201134,0.8299178,0.851108,0.8708422,0.80672497,0.76306885,0.725663,0.8705481,0.862873,0.6519741,0.8300346,0.89460224,0.9205355,0.8888875,0.90128887,0.8594148,0.78168184,0.9141566,0.72875756,0.752159,0.85792667
2.0,0.24237677,-0.20065096,-0.115392596,0.271301,-0.36486816,0.43889773,-0.17751816,0.25296363,0.47667623,-0.26042277,-0.053586103,-0.041077293,-0.1562674,-0.1556564,-0.18908024,0.2875666,-0.04622139,0.37729815,0.35826427,-0.192613,0.7985482,0.8239668,0.8555958,0.7867354,0.755524,0.6947795,0.84884846,0.8213259,0.622116,0.79801035,0.85831004,0.89769965,0.8684195,0.8524068,0.8187738,0.76890725,0.8837413,0.7122167,0.7309823,0.83724904
1.0,0.20969278,-0.16174068,-0.09783098,0.27375036,-0.3541501,0.4535633,-0.22280532,0.23662552,0.35099757,-0.22983348,-0.06558852,0.03761894,-0.11052065,-0.13808951,-0.18023834,0.25426883,-0.03839463,0.33564627,0.31731346,-0.17801633,0.85959023,0.87960446,0.8894756,0.8216267,0.76307356,0.75417984,0.8976749,0.9069688,0.6756808,0.8587001,0.9375649,0.94713,0.90783155,0.9584392,0.9044057,0.78905225,0.9462522,0.7380872,0.770383,0.8750528
2.0,0.22500914,-0.17250657,-0.09532917,0.29950252,-0.3782789,0.48396224,-0.24873567,0.24701694,0.357365,-0.23725216,-0.08091882,0.045773253,-0.111635916,-0.13425073,-0.18501437,0.2717958,-0.03916283,0.35025978,0.32880718,-0.19477329,0.8550129,0.88399696,0.89527667,0.80836976,0.7482221,0.7510576,0.90700835,0.9120126,0.65919894,0.8529091,0.955841,0.95729375,0.9041479,0.98086375,0.9125152,0.77548605,0.9506147,0.7233903,0.76311177,0.86858296
1.0,0.250217,-0.21310131,-0.11916116,0.2697914,-0.37056464,0.43338892,-0.16565603,0.25609446,0.5110525,-0.26854783,-0.05401528,-0.06565904,-0.17037651,-0.15888837,-0.1921998,0.2963639,-0.048846185,0.39065477,0.3715279,-0.19953617,0.78114486,0.8099451,0.8478996,0.7768098,0.7521566,0.6770876,0.83523023,0.794841,0.60632896,0.78128994,0.8364819,0.8836548,0.8561213,0.82318234,0.79536176,0.7627344,0.8682756,0.7027302,0.7205313,0.8245535
2.0,0.2599433,-0.21750437,-0.11860445,0.286867,-0.38417423,0.4555496,-0.18509085,0.26271635,0.51075643,-0.273717,-0.061390318,-0.055773474,-0.16834131,-0.15774073,-0.19403063,0.30706152,-0.04950098,0.39730942,0.37715632,-0.20684707,0.7812298,0.81389725,0.851843,0.7692574,0.74411714,0.6788919,0.8441287,0.80599964,0.60039294,0.7789833,0.8508797,0.89271003,0.8565217,0.8410279,0.8044787,0.7562479,0.8712708,0.6967924,0.7173352,0.82408315
2.0,0.2346091,-0.19017412,-0.11252636,0.270302,-0.359281,0.43946415,-0.185311,0.24919483,0.44919845,-0.25338563,-0.053659923,-0.023292787,-0.14504033,-0.1526011,-0.18607245,0.27918258,-0.044286802,0.3665969,0.3471558,-0.187555,0.8121273,0.83562917,0.8619098,0.7951265,0.75892687,0.7084972,0.85839874,0.840122,0.6350344,0.81203187,0.8744991,0.9078956,0.877744,0.87433535,0.836514,0.7741044,0.89663893,0.71984595,0.7400722,0.84665155
1.0,0.24561581,-0.20589836,-0.116423056,0.27381128,-0.37093198,0.44109732,-0.17841843,0.2545393,0.48641947,-0.2641655,-0.05718779,-0.04747816,-0.16108972,-0.15557581,-0.19037509,0.2919657,-0.047942623,0.3831984,0.364475,-0.19791555,0.79283786,0.820992,0.85460657,0.78211844,0.75264645,0.6889719,0.8458854,0.813621,0.6153911,0.7917723,0.85417056,0.8946849,0.86346436,0.84589285,0.8129934,0.76595944,0.880233,0.7068505,0.7270123,0.8322433
1.0,0.23356307,-0.19129436,-0.107574284,0.282868,-0.37502152,0.4596727,-0.20862624,0.24999255,0.4270229,-0.25270128,-0.068071045,-0.007157922,-0.14122835,-0.14602257,-0.1880167,0.28124028,-0.045500666,0.3670089,0.3499771,-0.1959497,0.8207217,0.84783447,0.87211543,0.7951698,0.7520579,0.71579015,0.87212354,0.8560775,0.63595444,0.81665087,0.8961904,0.9208541,0.879995,0.8998266,0.8555128,0.7730579,0.91026056,0.7143861,0.7425757,0.84855825
1.0,0.24607831,-0.20368417,-0.11651507,0.27585837,-0.36999828,0.44305465,-0.18163797,0.25504804,0.48264012,-0.26361257,-0.05677493,-0.042788558,-0.15781435,-0.15543094,-0.18944663,0.2922074,-0.047270954,0.38195115,0.36212587,-0.19716918,0.795145,0.8234506,0.8557038,0.7823347,0.7527205,0.69191444,0.8484137,0.8188002,0.6170673,0.79440224,0.8589199,0.8977552,0.8658252,0.8526658,0.8171229,0.7656831,0.88243914,0.7083623,0.72838044,0.83428955
1.0,0.23404166,-0.188621,-0.11340995,0.27036333,-0.358069,0.4380595,-0.18585183,0.24892062,0.4481086,-0.2529226,-0.053466298,-0.022279963,-0.14335644,-0.15216605,-0.18478686,0.27860934,-0.044027388,0.36625174,0.3454263,-0.18777908,0.81276554,0.83685195,0.8621625,0.7951519,0.7595996,0.7094708,0.8582903,0.8407962,0.6356559,0.81352985,0.8755568,0.9089042,0.8783306,0.87646097,0.8373977,0.7742944,0.8978196,0.7205613,0.74099874,0.84710276
2.0,0.23889059,-0.19800681,-0.11281973,0.2722213,-0.36635518,0.44279388,-0.18370044,0.2512611,0.46275157,-0.25790602,-0.05659701,-0.032684065,-0.15303561,-0.15349081,-0.18912196,0.2844031,-0.046239436,0.37329975,0.3559512,-0.1921485,0.80464584,0.8296081,0.8595808,0.79031074,0.7554395,0.7003611,0.8543413,0.8298498,0.6268861,0.8028031,0.866747,0.9025036,0.8714863,0.8623594,0.82769036,0.7710756,0.8901163,0.7134346,0.73422456,0.84066206
1.0,0.23978555,-0.19601242,-0.11502525,0.27314276,-0.36431664,0.44046336,-0.18421584,0.25179255,0.4648159,-0.25831622,-0.055611186,-0.032215685,-0.15048316,-0.15358426,-0.18697079,0.28527224,-0.045825914,0.3740599,0.3538077,-0.19284263,0.80405694,0.8306119,0.8591842,0.7887749,0.75616693,0.70074487,0.8533322,0.82968116,0.62631124,0.8039804,0.8676596,0.9034404,0.87198097,0.8648395,0.82749385,0.77001774,0.8904515,0.71422464,0.73477167,0.8406269
2.0,0.23376934,-0.18746936,-0.10901183,0.2795926,-0.3667344,0.45338017,-0.20320523,0.24944791,0.42896658,-0.25127375,-0.061711907,-0.006729737,-0.13825151,-0.14816993,-0.1860327,0.27918607,-0.044008307,0.3643908,0.3449337,-0.19109467,0.821117,0.846677,0.8698423,0.79654,0.7552502,0.7176587,0.8699316,0.8569439,0.638917,0.819487,0.8940395,0.9198585,0.88269895,0.89906776,0.85408294,0.77385753,0.9086584,0.7188107,0.7441415,0.8510737
1.0,0.27685443,-0.24116479,-0.12528004,0.27877104,-0.387119,0.4385033,-0.152677,0.26873267,0.5843616,-0.2884533,-0.05430425,-0.1085007,-0.19587716,-0.16816273,-0.2009941,0.32387283,-0.05214642,0.42206088,0.4015268,-0.21281978,0.7468106,0.78256166,0.83391935,0.7510317,0.73938066,0.6439934,0.8162184,0.7544847,0.5726344,0.7472071,0.80298877,0.86261815,0.8356384,0.7795774,0.755677,0.7440272,0.8367781,0.6831374,0.69803184,0.80095774
1.0,0.22297058,-0.17620866,-0.1075934,0.2712081,-0.3554363,0.44353193,-0.20126277,0.24345064,0.40625575,-0.2429209,-0.058021538,0.0036754012,-0.1288929,-0.1460914,-0.18206275,0.26742005,-0.041817486,0.3526908,0.33247247,-0.18349631,0.83280295,0.8549805,0.8733876,0.8067027,0.761953,0.72887367,0.87415403,0.868566,0.6530698,0.83308023,0.90130717,0.925089,0.890747,0.9105176,0.86531126,0.78139067,0.9185002,0.7285442,0.75372624,0.8593795
1.0,0.24037205,-0.20063847,-0.11528328,0.27099833,-0.36698687,0.43845856,-0.17945042,0.25191358,0.47356224,-0.26018378,-0.056597866,-0.04082214,-0.15643874,-0.15404809,-0.18874735,0.2865255,-0.047106944,0.37745312,0.3587713,-0.19500598,0.79909074,0.82580715,0.8570314,0.78707653,0.75529873,0.69485295,0.848942,0.82028824,0.6219625,0.7984007,0.8593966,0.89809704,0.8673403,0.85308707,0.8197409,0.76950526,0.88589954,0.7109145,0.7315493,0.83639234
1.0,0.24396764,-0.20416157,-0.11473985,0.2755648,-0.37238532,0.4451226,-0.18363991,0.25391382,0.47702488,-0.26265574,-0.05926001,-0.040979393,-0.1585181,-0.15412135,-0.19043171,0.29050186,-0.04780505,0.38073865,0.36290962,-0.19769832,0.797095,0.8249483,0.85740614,0.7841272,0.7522119,0.6930337,0.8502329,0.82046896,0.6184131,0.7950622,0.8608132,0.89866436,0.8658231,0.8539631,0.819696,0.767076,0.8846652,0.7076406,0.7290514,0.8347835
1.0,0.2578052,-0.21891303,-0.11857635,0.2830371,-0.38399976,0.45111555,-0.18064168,0.26106036,0.5132704,-0.27358365,-0.061847173,-0.06111432,-0.1715107,-0.15743373,-0.19448364,0.3054102,-0.050253637,0.39766484,0.37874675,-0.20728302,0.7792877,0.8117324,0.8508584,0.7699845,0.74490094,0.6761182,0.8410038,0.800199,0.59965324,0.7769128,0.84534365,0.88909066,0.85406876,0.8332505,0.800239,0.75743765,0.86953247,0.695914,0.71660155,0.822221
1.0,0.26143643,-0.22330223,-0.118133634,0.28795823,-0.39095396,0.45818114,-0.18529703,0.2631732,0.51748943,-0.27652675,-0.06571016,-0.062467955,-0.17430621,-0.15700063,-0.19636762,0.30981928,-0.05128941,0.4020005,0.3839359,-0.2113854,0.77658194,0.81075156,0.8514237,0.7664376,0.7412851,0.6734891,0.8420476,0.7990411,0.5951691,0.7728901,0.84625405,0.88937473,0.8514812,0.833299,0.79951984,0.75473034,0.86827725,0.69167,0.71362764,0.8195955
1.0,0.22361149,-0.18072087,-0.10506437,0.27571124,-0.364985,0.45258197,-0.2084432,0.2443366,0.40308443,-0.24460523,-0.06500482,0.0049892664,-0.1321043,-0.14418346,-0.18496723,0.2700324,-0.043416232,0.35518318,0.33835605,-0.18815124,0.8330139,0.8566333,0.87630975,0.8053769,0.7578441,0.727514,0.877743,0.86946076,0.6500859,0.8300079,0.9053727,0.92678684,0.88860244,0.9130844,0.8682846,0.78008497,0.92038363,0.7235095,0.7519884,0.8572797
1.0,0.21783747,-0.17209549,-0.10469495,0.26972494,-0.35417268,0.44450578,-0.2051307,0.24071693,0.39035589,-0.23894235,-0.059517816,0.011954345,-0.12469391,-0.14411451,-0.18172964,0.26234764,-0.04116994,0.34692392,0.32832736,-0.18101677,0.84036577,0.86112785,0.8774251,0.8120106,0.76316637,0.73555857,0.8798191,0.87793475,0.66020876,0.83981496,0.9093952,0.9298662,0.89513713,0.92071944,0.8749742,0.7847033,0.92556274,0.7317182,0.7584979,0.86380327
2.0,0.21248977,-0.16213654,-0.095355466,0.28449234,-0.36311847,0.4666795,-0.23857567,0.23874155,0.3409536,-0.22970267,-0.073829316,0.04872791,-0.10614235,-0.13444874,-0.18081903,0.25796974,-0.03793253,0.33792022,0.31794024,-0.18406457,0.86386806,0.8878696,0.8956639,0.81934,0.7575783,0.75882095,0.90618896,0.9172417,0.6741492,0.862783,0.95361763,0.9567075,0.9103128,0.9793075,0.9166656,0.7853657,0.95504314,0.7341938,0.7717952,0.875834
1.0,0.204069,-0.15586603,-0.100055784,0.26327834,-0.3423127,0.4389048,-0.21134838,0.23292786,0.34994012,-0.226574,-0.058115438,0.03433198,-0.10811385,-0.13976368,-0.1770435,0.2472466,-0.037526585,0.33000204,0.31064683,-0.17145145,0.8609297,0.87808913,0.8865481,0.8264522,0.7697316,0.7558781,0.8928755,0.9041518,0.68217117,0.8625629,0.9302392,0.94314617,0.90966535,0.9505581,0.9003612,0.79383105,0.9446802,0.74510324,0.7737346,0.8776525
1.0,0.2245793,-0.17650448,-0.10609566,0.27730185,-0.3607865,0.45161587,-0.21058393,0.24456277,0.4002192,-0.2433182,-0.06275893,0.010254882,-0.12665483,-0.14429456,-0.1825374,0.2696522,-0.04193168,0.3536688,0.33330834,-0.1866383,0.83524394,0.8595206,0.87688506,0.80546117,0.7588621,0.7315717,0.87922704,0.87496245,0.6524605,0.83475596,0.91041285,0.93026096,0.89207286,0.92174333,0.8724092,0.77947134,0.9230119,0.7264556,0.7543081,0.86006975
1.0,0.2616438,-0.2238334,-0.12131514,0.2783893,-0.38098854,0.44231826,-0.16803643,0.26217267,0.5347503,-0.27683663,-0.057113573,-0.076607384,-0.17844912,-0.16107705,-0.19542119,0.308559,-0.050486416,0.40319535,0.38329214,-0.20694724,0.76969403,0.80220413,0.84457463,0.76588863,0.74547875,0.6665839,0.83145845,0.7846635,0.59307915,0.76897025,0.82976943,0.87956387,0.8489002,0.8139846,0.78500074,0.7549091,0.85900795,0.6939195,0.7118766,0.8164589
2.0,0.24236426,-0.20193513,-0.11155455,0.28005052,-0.37566507,0.45404723,-0.19331035,0.25364494,0.4618674,-0.26027164,-0.06276493,-0.029617004,-0.15427807,-0.15168211,-0.19104975,0.28909862,-0.047173813,0.37723145,0.36066473,-0.19739357,0.80423117,0.8313369,0.8621751,0.7870175,0.75073993,0.69990546,0.8584163,0.8330696,0.6230158,0.8003938,0.8726915,0.9060578,0.8700688,0.8687775,0.83159107,0.76834273,0.89194405,0.7085806,0.7320504,0.8391362
1.0,0.2633816,-0.22498004,-0.119148776,0.2877563,-0.39075714,0.45691255,-0.18267475,0.26411733,0.5242665,-0.27778164,-0.06449081,-0.06655308,-0.17614627,-0.1580464,-0.19663522,0.31153858,-0.051314928,0.40424034,0.3854615,-0.21175912,0.7736569,0.8080159,0.84963036,0.7645884,0.74101853,0.6707559,0.83961976,0.7950405,0.5927658,0.770485,0.84232044,0.88719976,0.8499634,0.8286662,0.79535294,0.7535831,0.86527264,0.6908025,0.71202785,0.81781805
2.0,0.25969326,-0.22274311,-0.12175241,0.27398935,-0.37687576,0.43599012,-0.16220233,0.2607951,0.53646594,-0.27560562,-0.054534614,-0.079906486,-0.178958,-0.16167966,-0.19486773,0.3062249,-0.050049514,0.40188202,0.38166717,-0.20486584,0.76914775,0.80067635,0.84307134,0.76743186,0.7476306,0.665684,0.8286591,0.78108555,0.5941648,0.76941055,0.8253779,0.8769402,0.8488051,0.8088815,0.7818505,0.75615317,0.85762215,0.6955555,0.7125193,0.8163337
1.0,0.23570925,-0.19106407,-0.11122581,0.27677956,-0.3662303,0.44847503,-0.19579428,0.2501601,0.44253212,-0.25402907,-0.059674397,-0.01687333,-0.14352345,-0.15016757,-0.1865798,0.281285,-0.04496561,0.36806417,0.34879467,-0.19189987,0.8145049,0.84030396,0.86573446,0.79372025,0.7556089,0.710902,0.86339045,0.8459991,0.6340401,0.81311387,0.88340783,0.9132303,0.87820196,0.8849592,0.84353614,0.7727082,0.90154326,0.71680886,0.74040264,0.84688663
1.0,0.2590267,-0.21633379,-0.117553756,0.28913227,-0.3861934,0.45926487,-0.19005768,0.2625641,0.50393504,-0.27305216,-0.06383208,-0.050858386,-0.16621238,-0.15635493,-0.19387546,0.30671036,-0.04957272,0.39607936,0.37634033,-0.20783538,0.7840705,0.81727254,0.8542308,0.77008545,0.7433431,0.68169385,0.84758425,0.8109693,0.60186875,0.78122705,0.85653555,0.8959515,0.8578361,0.8479028,0.80968416,0.75653064,0.87490374,0.6968592,0.7186066,0.8254989
2.0,0.2721668,-0.23376669,-0.12499575,0.2806913,-0.38465405,0.44080785,-0.15997376,0.26758015,0.5664603,-0.2845036,-0.054846436,-0.09538812,-0.18757764,-0.16544265,-0.19788648,0.3195415,-0.051082037,0.41552153,0.39348173,-0.21102448,0.75558025,0.7905935,0.8377997,0.755428,0.74170226,0.6530263,0.82258487,0.76734495,0.579879,0.7560131,0.81456375,0.87053645,0.8411532,0.7954361,0.76757014,0.7472576,0.8454855,0.68778354,0.7033745,0.8069676
2.0,0.25118834,-0.20891784,-0.11940642,0.27438214,-0.36914057,0.43831488,-0.17236385,0.25749838,0.5032955,-0.2674614,-0.052973486,-0.056009956,-0.16397154,-0.1586492,-0.19041017,0.29693717,-0.047411524,0.38815784,0.36694643,-0.19785157,0.7860001,0.81463283,0.84996146,0.77725506,0.7522721,0.6830463,0.8406311,0.8057738,0.60979474,0.7864228,0.8459222,0.8902292,0.86091715,0.83680975,0.80371994,0.762459,0.8726498,0.70578355,0.72320455,0.8288233
2.0,0.26683268,-0.2273163,-0.1237098,0.27858406,-0.37999076,0.4395675,-0.16220063,0.26495123,0.5509981,-0.28025332,-0.05372777,-0.0856018,-0.18170515,-0.16414478,-0.19591379,0.31366453,-0.050158262,0.40825346,0.38665542,-0.2071934,0.76304066,0.7962838,0.84048784,0.76111543,0.7446992,0.6604179,0.826697,0.776618,0.5874829,0.76346475,0.82186186,0.8749404,0.8461943,0.80494076,0.7760778,0.751213,0.85178095,0.69255763,0.70825773,0.8126086
2.0,0.23579556,-0.19084896,-0.110397846,0.28010836,-0.36923784,0.45310363,-0.20134294,0.2505898,0.4375541,-0.25367254,-0.06245306,-0.012595631,-0.14192206,-0.1486654,-0.18664931,0.28180805,-0.04490193,0.36817423,0.34864777,-0.19363585,0.8166615,0.8432384,0.86797345,0.7935997,0.754182,0.7130287,0.86658585,0.85028714,0.63442206,0.81480896,0.8887893,0.91677815,0.8791816,0.89189106,0.84822357,0.7723999,0.9049021,0.71589565,0.7412032,0.8476711
1.0,0.23149145,-0.18732269,-0.11205387,0.26903835,-0.35797572,0.4380797,-0.18703392,0.24741283,0.44155774,-0.25146142,-0.05455459,-0.019501857,-0.1424661,-0.15132862,-0.18492202,0.2761802,-0.04421892,0.36384335,0.34443176,-0.1870478,0.81553453,0.8391366,0.8637931,0.7975331,0.7601126,0.71168387,0.86007404,0.8434342,0.6383358,0.8156219,0.8781184,0.91004443,0.8794736,0.87899095,0.8406061,0.7759051,0.90040517,0.7214104,0.7426879,0.8485165
1.0,0.23508193,-0.19504271,-0.115049645,0.26302058,-0.35721937,0.42860556,-0.17154229,0.24860153,0.4675522,-0.25615847,-0.05082149,-0.03989508,-0.15342379,-0.15509728,-0.18698442,0.27984685,-0.045722365,0.37085888,0.35231972,-0.18837422,0.8028309,0.8265187,0.8560496,0.7927667,0.7603886,0.69828683,0.8476531,0.8215518,0.6288325,0.80351156,0.85721517,0.89669865,0.8708032,0.8512245,0.8201364,0.7734906,0.8867397,0.71718454,0.7354313,0.8400866
2.0,0.20146242,-0.14979672,-0.09605439,0.27154955,-0.34668213,0.44956875,-0.2302678,0.23158115,0.32389712,-0.22147042,-0.066215724,0.054496262,-0.09695581,-0.1342093,-0.17539623,0.24498087,-0.03568186,0.3259102,0.30425924,-0.17398995,0.87335974,0.8934867,0.8966023,0.82962966,0.7667093,0.7687833,0.90651697,0.92521924,0.6894521,0.875895,0.95487714,0.95831966,0.9180415,0.98393446,0.9231719,0.7938717,0.9614188,0.7462465,0.7814143,0.88391566
2.0,0.23430347,-0.19237597,-0.11236411,0.26825827,-0.36006778,0.43781942,-0.18197805,0.24881285,0.4530406,-0.25410885,-0.05379141,-0.027797185,-0.14835382,-0.1530348,-0.18715775,0.2791432,-0.044977352,0.36756796,0.34963006,-0.18787307,0.8098996,0.8330239,0.86069715,0.79499364,0.7588841,0.7055603,0.8560519,0.8352775,0.63345945,0.8091064,0.86981386,0.9046845,0.8755424,0.86739415,0.83243865,0.7743422,0.8940334,0.7185557,0.73855305,0.844794
1.0,0.2696635,-0.2334147,-0.124231935,0.276529,-0.3824579,0.43652418,-0.15596713,0.26537398,0.56546444,-0.28329104,-0.054229178,-0.09738561,-0.18894252,-0.16549897,-0.19814432,0.31660593,-0.051336452,0.41383633,0.39315253,-0.20969178,0.7555599,0.7898053,0.83738995,0.7576151,0.7430678,0.6525168,0.8207056,0.7646005,0.5812112,0.7560961,0.81153363,0.868053,0.84075934,0.79086107,0.7657642,0.74896145,0.8449968,0.68827856,0.70385677,0.80705005
2.0,0.24456957,-0.20274903,-0.11479072,0.27610293,-0.37033808,0.4455829,-0.18376788,0.2543371,0.47594413,-0.2619695,-0.05732455,-0.03871899,-0.15671688,-0.15467519,-0.19000337,0.29032785,-0.04692617,0.37963763,0.36094207,-0.19586042,0.79835063,0.8253524,0.8572434,0.7846245,0.7527548,0.69475746,0.85123116,0.82343084,0.61985695,0.7967376,0.862336,0.90000975,0.86768854,0.8567906,0.8212948,0.76718885,0.8850441,0.7092778,0.72983634,0.83643323
2.0,0.26947236,-0.23221149,-0.12388222,0.27916884,-0.3839743,0.44040054,-0.16066137,0.26577464,0.5600755,-0.28285086,-0.055614315,-0.09247988,-0.18674129,-0.16451076,-0.19772495,0.31656986,-0.051279932,0.41287467,0.39201188,-0.21023813,0.75805974,0.7924776,0.8390882,0.758023,0.74255383,0.6552495,0.8236815,0.7695786,0.5825386,0.75810456,0.81649303,0.8713565,0.8421657,0.79722875,0.7702577,0.7492753,0.8478754,0.68858653,0.70487237,0.80862606
2.0,0.24747168,-0.20422642,-0.11684498,0.27766123,-0.37084824,0.44484487,-0.18281846,0.25599724,0.4840987,-0.26413578,-0.05680412,-0.04251329,-0.1576967,-0.15550992,-0.18943915,0.293437,-0.047062308,0.38303268,0.36244023,-0.19774899,0.7946736,0.8232149,0.85554683,0.781252,0.7520606,0.6917277,0.84869844,0.8192766,0.6161308,0.7940732,0.8594512,0.8985174,0.86580324,0.8538331,0.8171848,0.76492256,0.88222694,0.7078112,0.7278976,0.8340819
1.0,0.22312053,-0.1770063,-0.10856682,0.26890618,-0.35401452,0.44004315,-0.19713014,0.24324715,0.411336,-0.24378183,-0.05653637,-0.00056315213,-0.13081,-0.14713381,-0.18202004,0.26746583,-0.042218164,0.35339582,0.33343652,-0.18308339,0.8303223,0.85242605,0.8715095,0.8061725,0.7627719,0.7263318,0.8710557,0.86380434,0.65176857,0.8308002,0.89650166,0.921887,0.8891276,0.90401566,0.8607239,0.7813256,0.91542786,0.72842115,0.7525463,0.85798097
1.0,0.25677562,-0.21800722,-0.118114054,0.28092527,-0.38175064,0.44918036,-0.17848091,0.2602107,0.51202315,-0.27270687,-0.060312063,-0.060856916,-0.17134377,-0.15804026,-0.19452207,0.30382293,-0.050021783,0.39596024,0.3777222,-0.20528623,0.7800635,0.81150407,0.85051674,0.7715062,0.745956,0.6767839,0.8406955,0.80046695,0.6012714,0.7776832,0.84455544,0.88834757,0.854931,0.83210534,0.80011666,0.75840175,0.8692808,0.69721204,0.71728814,0.8231923
1.0,0.25039342,-0.21001653,-0.118074775,0.27660784,-0.3737803,0.44285998,-0.17750159,0.2571139,0.49827662,-0.26750055,-0.057233937,-0.053336896,-0.16445786,-0.15678516,-0.19121289,0.29684287,-0.048354357,0.38852432,0.36864114,-0.20055853,0.78735894,0.8168814,0.8522942,0.7774472,0.7505803,0.6840032,0.8429648,0.80783397,0.6096058,0.7865417,0.8495926,0.89219886,0.8602785,0.8403166,0.807057,0.7627842,0.8754748,0.70360965,0.7232837,0.8286523
1.0,0.26269552,-0.22680335,-0.12334047,0.2694113,-0.37383115,0.42806762,-0.15080023,0.26147172,0.554148,-0.27825105,-0.05042714,-0.09317019,-0.18472451,-0.16516604,-0.1960207,0.3088857,-0.050039157,0.40603507,0.38572854,-0.20400381,0.7612731,0.792891,0.8379916,0.76437676,0.74803704,0.6575874,0.82105625,0.76807207,0.58890754,0.7628353,0.8125882,0.8685221,0.84486806,0.7927831,0.76925397,0.75366825,0.8486924,0.6941978,0.7087421,0.8115453
2.0,0.23791662,-0.19266023,-0.10942641,0.28421068,-0.37354773,0.45911005,-0.20614699,0.2519537,0.43691564,-0.25484863,-0.06519077,-0.010512389,-0.14224923,-0.1481054,-0.18777598,0.28431046,-0.045207895,0.36986122,0.35085693,-0.1958318,0.8166475,0.84424555,0.8693038,0.79203385,0.75172824,0.71308553,0.86901623,0.8524882,0.63262933,0.8138532,0.8923816,0.91867155,0.87890625,0.89586645,0.8505559,0.77070624,0.9058032,0.7137305,0.7401974,0.8471781
2.0,0.23795955,-0.19229704,-0.11330269,0.27644226,-0.364941,0.44569027,-0.1920667,0.25135538,0.45148173,-0.25567123,-0.05757705,-0.02189722,-0.14502326,-0.15149742,-0.18606749,0.28333956,-0.044894293,0.37063292,0.3497399,-0.19234072,0.8105998,0.8369057,0.8631199,0.7912532,0.75586635,0.70756257,0.8597432,0.84073216,0.6310012,0.810359,0.8782184,0.91042036,0.87634826,0.8791448,0.8379117,0.77127844,0.897643,0.71621704,0.73846436,0.8448125
1.0,0.23448172,-0.19306865,-0.10921511,0.27953097,-0.3730902,0.454374,-0.20180494,0.2501788,0.43662524,-0.25430557,-0.06558298,-0.014672801,-0.14455917,-0.14781746,-0.18820077,0.28218904,-0.046054617,0.3688083,0.35192215,-0.19552296,0.8161222,0.843058,0.86885506,0.79374415,0.753034,0.71120757,0.86707944,0.84819996,0.63323724,0.81260777,0.8879063,0.9154448,0.87713265,0.8889235,0.84762573,0.77253634,0.9049028,0.7140412,0.740267,0.8459175
1.0,0.22940335,-0.18256839,-0.10954879,0.27392524,-0.3597151,0.4454662,-0.19866478,0.24685699,0.42360905,-0.24816115,-0.058138013,-0.0054011866,-0.13502184,-0.1482636,-0.18398395,0.27429098,-0.043113843,0.35972834,0.33949274,-0.18695897,0.8242405,0.8481927,0.86963063,0.8004399,0.75915927,0.7207778,0.86920035,0.85858375,0.6442532,0.8240256,0.89340556,0.9196795,0.88534456,0.8992357,0.8552927,0.7769135,0.91037816,0.72364163,0.74754417,0.8538632
1.0,0.24141248,-0.20097591,-0.11714013,0.26648948,-0.3614021,0.4307648,-0.17003085,0.25188074,0.48394516,-0.26091295,-0.051271066,-0.0483089,-0.15857422,-0.15678975,-0.18831146,0.28653032,-0.046558104,0.3781357,0.35856903,-0.19219959,0.79498374,0.8207334,0.85288894,0.7863934,0.7574777,0.6910144,0.8433669,0.8128903,0.6205622,0.79576135,0.85055745,0.89268684,0.86605203,0.8426296,0.81156564,0.76909333,0.8799627,0.7123595,0.7300681,0.8348777
1.0,0.21666011,-0.1705358,-0.10623124,0.2659469,-0.35005254,0.43819535,-0.20023513,0.23971814,0.39313132,-0.2386744,-0.056844257,0.00905361,-0.124513574,-0.14505816,-0.18042213,0.26078004,-0.04116662,0.34606773,0.32672986,-0.17947853,0.83920604,0.85982656,0.8756901,0.81257135,0.76538116,0.73469484,0.87664896,0.8743716,0.66087157,0.8398541,0.9054016,0.92728496,0.89476293,0.91589046,0.87143534,0.78547156,0.9237155,0.7334907,0.7588553,0.86356574
1.0,0.2174374,-0.17027855,-0.10320201,0.27089718,-0.35369724,0.44679236,-0.20806023,0.24051124,0.38422167,-0.23756903,-0.05975297,0.016868494,-0.12197759,-0.14359337,-0.18182829,0.26164177,-0.040431753,0.34481865,0.32629356,-0.17969391,0.84354484,0.8638748,0.8792439,0.81352055,0.76297694,0.73900807,0.8833684,0.8839797,0.66291183,0.8430114,0.9146266,0.9327945,0.89782447,0.92770493,0.8802824,0.78486174,0.9285078,0.73331726,0.76026475,0.86619085
1.0,0.2250168,-0.18026552,-0.10953359,0.26813424,-0.3553065,0.43878406,-0.19346634,0.24417806,0.42026484,-0.24604994,-0.056147218,-0.0069286227,-0.13485855,-0.14833838,-0.18303663,0.26969087,-0.04308285,0.35636267,0.3370776,-0.1843274,0.8257841,0.84824955,0.86913854,0.80388176,0.76215696,0.72156173,0.8673914,0.8567916,0.6477549,0.82588714,0.89022046,0.9177099,0.8858082,0.8951422,0.8541171,0.7800329,0.91074014,0.7262307,0.74953526,0.85485774
1.0,0.25826257,-0.21340717,-0.11609344,0.29327112,-0.38769472,0.46534047,-0.1979846,0.2629129,0.49265784,-0.27117005,-0.06594815,-0.04120656,-0.1613251,-0.15449277,-0.19330215,0.30591297,-0.04878953,0.39359906,0.37313378,-0.20800343,0.7896033,0.82291424,0.85775363,0.7716816,0.74255884,0.68752426,0.8535722,0.8207881,0.60518456,0.78647596,0.8666075,0.9024553,0.86155236,0.86124456,0.8189873,0.75697374,0.8811088,0.698078,0.721382,0.82892156
2.0,0.26921523,-0.22908865,-0.122765675,0.2851833,-0.38706577,0.4493681,-0.17164767,0.26671284,0.5471703,-0.28187132,-0.05864431,-0.08042105,-0.18113366,-0.16256517,-0.1969235,0.31671822,-0.051067054,0.41025135,0.38924485,-0.21108611,0.76412445,0.7990498,0.8432366,0.7590861,0.7413013,0.6619178,0.83104736,0.7817607,0.5858593,0.76302767,0.8288367,0.8790294,0.84597015,0.8127978,0.7812164,0.74961597,0.85458994,0.68960243,0.70737576,0.8125637
1.0,0.21975277,-0.17238891,-0.10187531,0.27782518,-0.3607967,0.45611385,-0.21717757,0.24227685,0.3808564,-0.23852353,-0.06507965,0.02147796,-0.12149026,-0.1416089,-0.1829276,0.26486617,-0.04068087,0.34740385,0.32872877,-0.18400493,0.8446729,0.86698776,0.88225394,0.8113339,0.7591637,0.7400188,0.88770413,0.88834995,0.66052425,0.8429978,0.92189705,0.93738085,0.8978476,0.93668324,0.8856381,0.7826874,0.9320154,0.72968024,0.7596488,0.8656625
2.0,0.24471869,-0.20233853,-0.11434455,0.27630946,-0.36994922,0.44631633,-0.18412739,0.25449654,0.4747437,-0.2616874,-0.0568693,-0.037445717,-0.15607509,-0.15488449,-0.19020468,0.2903446,-0.046667486,0.3789528,0.36047116,-0.19503456,0.7991125,0.8256734,0.8574694,0.78504753,0.75274336,0.6956009,0.8521868,0.8251509,0.6206023,0.797371,0.86343247,0.90054977,0.8685273,0.85817623,0.82243633,0.7671887,0.8853477,0.70993507,0.7301375,0.8371946
1.0,0.19255085,-0.1436397,-0.0964705,0.25595993,-0.33207476,0.4321354,-0.21313062,0.2262511,0.31994903,-0.2168388,-0.056207992,0.049015023,-0.09623156,-0.13689347,-0.17363039,0.23476887,-0.034800828,0.31647643,0.29734862,-0.16311517,0.8763032,0.8900712,0.8929032,0.8383908,0.7755829,0.77072024,0.9020868,0.9227263,0.69993186,0.8796239,0.943646,0.95156884,0.92050105,0.9700633,0.91832024,0.8016326,0.95816636,0.75617915,0.78547025,0.88797855
1.0,0.24707964,-0.20327292,-0.113360375,0.28502193,-0.378093,0.4574738,-0.19686672,0.25638965,0.46836278,-0.2631016,-0.063600585,-0.029872335,-0.15371013,-0.15231204,-0.19048706,0.29387146,-0.04732804,0.38125494,0.3623006,-0.20047522,0.80132234,0.8310361,0.86168385,0.7824936,0.7486489,0.6982587,0.85808575,0.8322101,0.6187672,0.7984432,0.8742445,0.9070279,0.86903644,0.87138706,0.8304453,0.7647336,0.89065295,0.70644677,0.73014265,0.83732224
1.0,0.26971707,-0.23383592,-0.12325743,0.28096494,-0.3877718,0.44355702,-0.16372845,0.2658832,0.55905944,-0.28352028,-0.05861251,-0.09219175,-0.18788123,-0.16333961,-0.19849387,0.31734198,-0.052071758,0.41419995,0.39403683,-0.2126717,0.7577377,0.7930041,0.84018517,0.757298,0.7410398,0.6548246,0.8245755,0.7696315,0.5813127,0.75707704,0.817719,0.8719417,0.8408797,0.7980013,0.7711335,0.7489517,0.84876746,0.6865166,0.7041027,0.80770916
1.0,0.2142012,-0.1660569,-0.106199756,0.26577154,-0.34689218,0.43690354,-0.20268476,0.23846647,0.38462552,-0.23585092,-0.05632142,0.014937103,-0.11935548,-0.14376172,-0.17832068,0.257942,-0.039958835,0.34288335,0.32156694,-0.17805025,0.84372556,0.8641557,0.877718,0.81497806,0.76689005,0.7398023,0.8794551,0.8808652,0.66539806,0.8459013,0.91098326,0.93137586,0.89833575,0.9247797,0.877585,0.7871064,0.9286907,0.7366357,0.7625159,0.86683005
1.0,0.21407565,-0.16862707,-0.104784,0.26523447,-0.34985328,0.438738,-0.20239094,0.23838443,0.38517538,-0.23683625,-0.05799654,0.013083689,-0.122509725,-0.1440241,-0.18030143,0.2584014,-0.04100126,0.3433731,0.32498094,-0.17861861,0.84288734,0.8630879,0.877852,0.8150744,0.7658253,0.73785716,0.8795017,0.8787457,0.664202,0.8430823,0.90957063,0.9295979,0.8967459,0.92094916,0.87620825,0.7869828,0.9273464,0.7348319,0.76120913,0.86548114
1.0,0.23083024,-0.18311027,-0.10888317,0.2805318,-0.3655728,0.45333827,-0.20802197,0.24827194,0.41868237,-0.24866909,-0.063249424,0.00014586002,-0.13290736,-0.14599055,-0.1838561,0.27670205,-0.04319766,0.36161828,0.34032798,-0.19131012,0.8261039,0.8524123,0.87287205,0.7985777,0.7560946,0.7228488,0.8735119,0.86370474,0.6428379,0.825538,0.9014848,0.9249676,0.8859,0.9098705,0.8614757,0.77519125,0.91503465,0.7209846,0.74794745,0.8538437
1.0,0.22053523,-0.17232744,-0.10370594,0.2745741,-0.3567567,0.45049226,-0.21068648,0.24236363,0.38839906,-0.23932259,-0.061100766,0.0164043,-0.12281617,-0.1435764,-0.18231176,0.26490325,-0.040619187,0.3478282,0.3283771,-0.18210082,0.84145194,0.8630639,0.8790425,0.8106852,0.76098126,0.7374248,0.8833639,0.88313717,0.6595476,0.84094703,0.91522396,0.9332894,0.8966335,0.9285481,0.87943125,0.7826339,0.92753774,0.73097193,0.75839853,0.8647152
2.0,0.25064546,-0.20904292,-0.11771035,0.2777031,-0.37356472,0.4445525,-0.17939994,0.2573332,0.4956754,-0.2672123,-0.057111613,-0.050442822,-0.16293019,-0.15683419,-0.19105963,0.29687458,-0.048070297,0.38760516,0.3677043,-0.19992612,0.78880984,0.8182147,0.85302025,0.77781767,0.7504635,0.6857135,0.8446647,0.81101155,0.6106976,0.7878434,0.8524046,0.89382815,0.86165994,0.8439747,0.8095552,0.7627228,0.8766523,0.7043405,0.723973,0.82992285
2.0,0.23427244,-0.1875675,-0.106734514,0.2867102,-0.37370414,0.46365705,-0.21491084,0.25043312,0.41876268,-0.25084674,-0.068040036,0.0019471943,-0.13538498,-0.14519282,-0.1867199,0.28076467,-0.044021584,0.36480942,0.34547937,-0.19497049,0.82538646,0.8528649,0.8747164,0.79612833,0.751752,0.7216982,0.87694556,0.8656069,0.63923436,0.8224998,0.90562594,0.9269431,0.8845285,0.91350657,0.86386985,0.7726296,0.91546863,0.71648866,0.7455076,0.85233533
2.0,0.25723416,-0.21566062,-0.11901347,0.2828495,-0.38037235,0.44990164,-0.18089303,0.2609944,0.5098012,-0.27222872,-0.059505746,-0.057303406,-0.16800705,-0.15784702,-0.19305709,0.3042102,-0.04923062,0.3952763,0.37498656,-0.20494996,0.7817773,0.8135926,0.8511044,0.7712414,0.7463779,0.67912,0.8422698,0.8042362,0.6023742,0.78024846,0.8481894,0.89116436,0.85687727,0.8380087,0.80308825,0.75802624,0.87118876,0.6987133,0.7186044,0.82466066
2.0,0.23680876,-0.19353224,-0.11259988,0.27281463,-0.3636484,0.44292262,-0.18709838,0.25040847,0.45363134,-0.25541642,-0.05606848,-0.025704354,-0.14785334,-0.15240869,-0.18726246,0.2819239,-0.045164987,0.36986092,0.35096502,-0.19050771,0.8094989,0.8341359,0.8616979,0.79263026,0.756775,0.7056921,0.85773146,0.8372192,0.6313298,0.8085302,0.87326014,0.9070438,0.8752774,0.8719637,0.8343795,0.77251476,0.8950328,0.71652466,0.73771566,0.8442434
1.0,0.23781098,-0.19645868,-0.11154556,0.27691156,-0.3707598,0.4493635,-0.19337496,0.25119895,0.45205003,-0.25702783,-0.061564334,-0.02451817,-0.14950138,-0.1507451,-0.188649,0.28431195,-0.04645948,0.37241808,0.35493922,-0.1949285,0.80912673,0.8357443,0.8638777,0.7907945,0.75367135,0.70478886,0.85995513,0.83771616,0.6285793,0.80648035,0.8767342,0.90867305,0.87343574,0.87481976,0.83651567,0.77110314,0.89670813,0.7125877,0.73638093,0.8424662
2.0,0.23054986,-0.18378201,-0.10835412,0.27869982,-0.36466634,0.45233086,-0.20541638,0.24779537,0.4197929,-0.24864775,-0.062039495,-0.0014829859,-0.13446465,-0.14680028,-0.18464252,0.27592728,-0.04335039,0.36098525,0.34099323,-0.18983772,0.8256099,0.8508223,0.8720255,0.7993917,0.7566085,0.7220551,0.8726012,0.8623467,0.6432399,0.8244768,0.8990008,0.9231908,0.885576,0.9061213,0.85971844,0.7758409,0.9133677,0.72127235,0.7474973,0.85386735
1.0,0.26447028,-0.2257063,-0.117802516,0.2917776,-0.39490038,0.46366143,-0.1887883,0.2649171,0.51988196,-0.27840632,-0.06752392,-0.062112235,-0.17537186,-0.15712094,-0.19753513,0.31296957,-0.0516885,0.40447685,0.38679272,-0.21341638,0.7752955,0.8103844,0.8517965,0.76414174,0.73891485,0.6724998,0.8433681,0.7997082,0.59263575,0.7707913,0.8478953,0.89017826,0.85057676,0.8348356,0.79986435,0.7527548,0.86751086,0.68942803,0.71185833,0.8185441
2.0,0.22894777,-0.18603611,-0.112043664,0.26367822,-0.3529927,0.43187287,-0.1798327,0.24602479,0.4422833,-0.24972247,-0.05069822,-0.022745967,-0.14309415,-0.15230985,-0.18481071,0.2731071,-0.043515056,0.36129585,0.34240395,-0.18331516,0.8157283,0.83678967,0.8619055,0.8002368,0.7628507,0.71131885,0.8577772,0.8410122,0.6408232,0.8163125,0.8728764,0.90711546,0.8798982,0.8727992,0.8375498,0.7781634,0.89852345,0.7243188,0.74346244,0.8492772
1.0,0.2401731,-0.19763644,-0.114916146,0.2719549,-0.36457723,0.43958667,-0.18175346,0.2518009,0.4682381,-0.25896546,-0.055176407,-0.03531386,-0.15275782,-0.15425283,-0.18780795,0.2855674,-0.046178073,0.3748643,0.35552198,-0.19272093,0.80230236,0.82846653,0.8580896,0.7884362,0.75605655,0.6986914,0.8517025,0.8265174,0.6251044,0.80185944,0.86433214,0.9011905,0.87063867,0.8600753,0.8244629,0.7698972,0.88825154,0.71344155,0.7335749,0.83944297
2.0,0.24555497,-0.20132087,-0.11603136,0.27833265,-0.37002236,0.44613215,-0.18622504,0.25523302,0.47583458,-0.26222515,-0.05737441,-0.03670808,-0.15423524,-0.15436321,-0.18857515,0.29147893,-0.0465046,0.38027197,0.35935426,-0.19684629,0.7987167,0.8269448,0.85765696,0.78333956,0.75264955,0.6958558,0.85192865,0.825284,0.6195307,0.7981739,0.8650091,0.9020981,0.86850786,0.8613292,0.82292044,0.7661684,0.8863741,0.70965505,0.7304337,0.8367639
1.0,0.26742142,-0.22850825,-0.12122004,0.28630573,-0.38939488,0.45290732,-0.1758039,0.2657583,0.5395577,-0.2806933,-0.061342485,-0.07602922,-0.18030792,-0.16084181,-0.19730073,0.31506336,-0.051447667,0.40861347,0.38887638,-0.21181788,0.7670381,0.80177283,0.84551036,0.760841,0.7407374,0.6645363,0.8339419,0.78586376,0.58776486,0.7648801,0.8331512,0.88156015,0.8467779,0.81746674,0.7857965,0.75100225,0.8580281,0.68926907,0.70849407,0.81402653
2.0,0.22610272,-0.17853978,-0.10298045,0.28492913,-0.36931103,0.4637287,-0.22190616,0.24610078,0.39191997,-0.24349953,-0.06938863,0.017623663,-0.1256764,-0.14171612,-0.18459943,0.27225086,-0.04208841,0.35494167,0.33581063,-0.19060692,0.8385849,0.8643591,0.8814666,0.80462164,0.75442386,0.73429424,0.8863328,0.8826826,0.65159565,0.83603066,0.9209197,0.93646926,0.8931969,0.93427444,0.88115776,0.7776747,0.928528,0.72298276,0.75452405,0.8605962
2.0,0.24313238,-0.2006586,-0.11227925,0.28061894,-0.37397474,0.45353583,-0.1935252,0.25411075,0.4622424,-0.26012766,-0.061434917,-0.028397657,-0.15261361,-0.15212047,-0.19017047,0.28936237,-0.046663813,0.3770474,0.35907218,-0.19678883,0.8045284,0.8317868,0.8619086,0.7866375,0.7511792,0.7008205,0.8584637,0.83427155,0.623399,0.8015956,0.8736807,0.9069338,0.87108284,0.87090486,0.832125,0.76795244,0.89220417,0.70957947,0.73259306,0.83984154
1.0,0.21712899,-0.16577992,-0.09931889,0.28382504,-0.36228365,0.46271235,-0.23157346,0.24116096,0.3593304,-0.2339902,-0.07045561,0.03834482,-0.110972635,-0.13723738,-0.18061468,0.2623514,-0.038883403,0.3432846,0.32171315,-0.18553308,0.85506165,0.8798154,0.8900385,0.81422424,0.75771683,0.7511743,0.89816505,0.9053721,0.6670607,0.85503554,0.94189155,0.94975954,0.905126,0.964252,0.90392375,0.78286767,0.94591886,0.73195255,0.76655394,0.871257
1.0,0.2538659,-0.21411194,-0.1177208,0.2797289,-0.3787198,0.44769216,-0.17955166,0.25887907,0.5039388,-0.27026644,-0.059472732,-0.055832826,-0.16762918,-0.15727538,-0.19309658,0.30074072,-0.04929851,0.39220396,0.37349373,-0.20324379,0.7841829,0.8148413,0.851973,0.7743809,0.7477526,0.6808971,0.84284985,0.80548257,0.6054716,0.7822299,0.8485996,0.89101976,0.85784984,0.8378772,0.80480945,0.76035964,0.8729713,0.7001604,0.7202975,0.826167
2.0,0.25830096,-0.21742408,-0.119637534,0.28120324,-0.3796063,0.44742972,-0.17679697,0.261257,0.5162392,-0.2731445,-0.05801733,-0.0621553,-0.17051744,-0.15899195,-0.19361788,0.3049903,-0.049347408,0.39684057,0.37662372,-0.20462435,0.77888197,0.81040096,0.84911746,0.770223,0.7465401,0.6761261,0.83935666,0.7994267,0.6004738,0.77761465,0.8430988,0.88805985,0.85522765,0.831511,0.79828274,0.7574865,0.86778647,0.6980544,0.7170474,0.82294995
2.0,0.24829406,-0.20480712,-0.116708085,0.27965975,-0.3728878,0.4473802,-0.18541667,0.25659344,0.48362583,-0.26470995,-0.05827765,-0.041400842,-0.15754196,-0.15506098,-0.18963808,0.29458123,-0.0472721,0.3839008,0.36324924,-0.19908555,0.79470825,0.82397467,0.85626626,0.7803935,0.75101864,0.6918693,0.84975547,0.82032883,0.61530757,0.79380727,0.8613213,0.8996131,0.86562735,0.8560339,0.8184026,0.7641863,0.8829334,0.70681614,0.7275659,0.83381325
1.0,0.2659396,-0.22783022,-0.121263295,0.2842356,-0.3879332,0.45002103,-0.17376494,0.26479208,0.5391147,-0.28012872,-0.06088998,-0.07711949,-0.18038422,-0.16081087,-0.19693297,0.31375813,-0.05148302,0.40774745,0.38820955,-0.21125641,0.76706856,0.8016594,0.8452905,0.76175,0.74169075,0.66434467,0.8329692,0.7845704,0.5884799,0.76522034,0.83175284,0.8804936,0.84664726,0.81564313,0.7849614,0.7517413,0.85799956,0.68991345,0.7089817,0.81402063
1.0,0.2223031,-0.17369011,-0.107886404,0.26935124,-0.35137117,0.4403429,-0.19910339,0.24284333,0.4050438,-0.24183683,-0.055330195,0.0048239157,-0.12670687,-0.14680113,-0.18106729,0.26598993,-0.04102905,0.35060203,0.32954574,-0.18088716,0.83389235,0.85537773,0.8729135,0.8080097,0.763624,0.7306018,0.8740859,0.8703032,0.655429,0.8353004,0.901545,0.925128,0.89259064,0.9116016,0.8659944,0.7819267,0.91863835,0.7313192,0.7550766,0.8610847
2.0,0.23022124,-0.18112984,-0.10440261,0.28700876,-0.3705194,0.4647415,-0.22072923,0.24831674,0.4014381,-0.24616304,-0.068556465,0.013741814,-0.12775981,-0.14307545,-0.1850653,0.2760861,-0.04238055,0.3586131,0.33836895,-0.19214526,0.83411944,0.860867,0.8792562,0.8010511,0.75312424,0.7307254,0.88372374,0.8783187,0.6470921,0.8321251,0.9173487,0.93416,0.8909455,0.9297934,0.87621737,0.7749902,0.924387,0.7210072,0.75146943,0.85819143
1.0,0.20784324,-0.16149493,-0.102437824,0.2620103,-0.3439174,0.43644133,-0.20412982,0.23497716,0.36723858,-0.23101088,-0.056422308,0.022788167,-0.115420945,-0.14233875,-0.17851236,0.25131005,-0.03908062,0.3353508,0.31685197,-0.17340869,0.8522421,0.8698025,0.8815154,0.8220575,0.76905525,0.7470049,0.8853532,0.89080554,0.6745351,0.85325104,0.91793346,0.9352647,0.9034535,0.93335444,0.8872677,0.7915996,0.93537885,0.7413009,0.7679368,0.872119
1.0,0.2085331,-0.16300309,-0.10299283,0.26122034,-0.3440681,0.43537518,-0.2015779,0.23541489,0.37182334,-0.23198353,-0.05568158,0.019354425,-0.11753645,-0.14302707,-0.17900589,0.2521097,-0.039409257,0.33654106,0.31838584,-0.1735472,0.85000914,0.8672891,0.880026,0.8212118,0.7691006,0.744591,0.8832685,0.887179,0.67279196,0.8507637,0.91412,0.93295866,0.9018571,0.92815304,0.8836011,0.79129744,0.93273735,0.7405388,0.76641536,0.8707491
2.0,0.22762005,-0.17918023,-0.10337618,0.28664616,-0.37032187,0.46513668,-0.22302592,0.24705976,0.39395088,-0.24423566,-0.069751486,0.01752942,-0.12566617,-0.14174744,-0.18460827,0.2737711,-0.04205195,0.35630685,0.33637807,-0.19167048,0.83764416,0.8640609,0.8813022,0.80325276,0.75361127,0.7337344,0.88627064,0.88239276,0.6501159,0.8354134,0.9213008,0.9367991,0.8927955,0.9350317,0.8807885,0.77655905,0.92816573,0.72216195,0.753797,0.8599947
2.0,0.24678478,-0.20397373,-0.11758223,0.2739601,-0.36725783,0.43955833,-0.17689505,0.25536567,0.48815715,-0.26379254,-0.05379294,-0.04658074,-0.15884143,-0.15672815,-0.18920949,0.2923104,-0.046736673,0.38252798,0.3618031,-0.19567522,0.79314345,0.8206301,0.85345453,0.78189254,0.7537971,0.69003046,0.8456794,0.8153274,0.6163394,0.7932647,0.8542672,0.8954145,0.8652909,0.8476005,0.81298715,0.7655856,0.8795128,0.7091422,0.72765136,0.83358866
2.0,0.21764362,-0.16749714,-0.09438703,0.292361,-0.3721766,0.47696984,-0.24540797,0.24238166,0.34570026,-0.23299117,-0.07892472,0.04861254,-0.108969636,-0.13359326,-0.18338041,0.2643,-0.038667418,0.34345436,0.32381716,-0.18973207,0.86092895,0.8873162,0.8967219,0.81466395,0.75247353,0.7556904,0.9082506,0.91627413,0.66747725,0.85833657,0.9566535,0.95817256,0.9075994,0.9820862,0.91678065,0.7809983,0.9543965,0.7283823,0.7680405,0.8725873
1.0,0.25580764,-0.2153862,-0.116284356,0.28788787,-0.38684726,0.45930678,-0.19135344,0.26080605,0.49704733,-0.27126324,-0.065598965,-0.0485641,-0.16585624,-0.15473631,-0.19395089,0.30379042,-0.04976973,0.3939558,0.37540716,-0.20774767,0.7867666,0.8193859,0.85589015,0.7725905,0.7438704,0.6836335,0.84905165,0.81295973,0.6043256,0.78318983,0.8584729,0.8972598,0.8584436,0.8498332,0.8126329,0.7586493,0.8778483,0.6971516,0.7201929,0.8266644
1.0,0.25857937,-0.22164465,-0.12087464,0.2748182,-0.3777184,0.4381633,-0.16520287,0.26031423,0.530907,-0.2749047,-0.05583877,-0.076097034,-0.17749748,-0.16090414,-0.19478849,0.30530754,-0.05019421,0.40031213,0.3808732,-0.20489153,0.77146494,0.8029673,0.84468484,0.76862156,0.74746495,0.6679656,0.8309997,0.78483605,0.59587973,0.7711361,0.8291023,0.87893385,0.8499658,0.81314385,0.785531,0.7569,0.86010224,0.69598156,0.71360296,0.8177675
2.0,0.26677975,-0.22768746,-0.12309386,0.27971515,-0.38186014,0.4419408,-0.16467187,0.264833,0.5487096,-0.28036425,-0.055368334,-0.08389913,-0.18176138,-0.16351952,-0.19631249,0.31368613,-0.05058936,0.4082382,0.38732848,-0.20810674,0.76370764,0.79726136,0.8414878,0.76121444,0.74394536,0.66109395,0.8278806,0.77804655,0.58755887,0.763534,0.82378924,0.8758754,0.846145,0.8067716,0.7777541,0.75131065,0.8528848,0.69173324,0.7082341,0.81282216
1.0,0.23325585,-0.18971694,-0.11094625,0.2746264,-0.36486614,0.44619074,-0.19477448,0.24880871,0.43902066,-0.2527277,-0.05961235,-0.016343266,-0.14290941,-0.14963391,-0.18610044,0.27896893,-0.044952318,0.3662695,0.3474356,-0.19110337,0.81603605,0.8413298,0.86625063,0.79556555,0.75677025,0.71198124,0.86343664,0.8463619,0.6360328,0.8146877,0.8834319,0.9132714,0.87873113,0.8849473,0.84444374,0.77429926,0.9029081,0.7179087,0.7417577,0.84763616
2.0,0.246583,-0.20561545,-0.11531718,0.27631983,-0.3719762,0.44566482,-0.18181789,0.2552624,0.4828672,-0.26379055,-0.057433218,-0.043308817,-0.15976083,-0.15547141,-0.19097109,0.29249656,-0.047464788,0.38237962,0.3640244,-0.1971336,0.7948848,0.8223267,0.8557085,0.78253466,0.75175494,0.69123507,0.8489372,0.81871295,0.6165916,0.79306054,0.85821974,0.8973262,0.8652738,0.8510984,0.81683385,0.7658469,0.8817162,0.7072565,0.72746277,0.8340139
1.0,0.23704848,-0.19271736,-0.11209144,0.27798018,-0.36805582,0.44903043,-0.19597521,0.25100607,0.44670233,-0.25538158,-0.06061195,-0.019308276,-0.14490727,-0.15012419,-0.18664971,0.283064,-0.04537624,0.37039888,0.35060757,-0.19389296,0.8122948,0.83909434,0.8651172,0.7917745,0.7547229,0.7087435,0.8620479,0.84308416,0.63141865,0.81100225,0.88169056,0.9123361,0.87644327,0.8827578,0.8411934,0.7716054,0.90019673,0.7150343,0.73896444,0.8450585
2.0,0.23605241,-0.19144449,-0.11309284,0.27154177,-0.36065626,0.4403838,-0.18578397,0.2499643,0.452443,-0.25453976,-0.054240704,-0.024706349,-0.14599255,-0.15276563,-0.18621406,0.280765,-0.044584483,0.3683878,0.34857333,-0.18891367,0.8104726,0.83476716,0.86145675,0.7935133,0.7581106,0.7070251,0.85759544,0.83836126,0.6330168,0.8104119,0.87362164,0.9073801,0.8766159,0.8731644,0.8349724,0.7730309,0.8955363,0.71848744,0.7389256,0.8454248
1.0,0.21172138,-0.1656014,-0.10222031,0.2679189,-0.3512994,0.44386044,-0.21018735,0.23735812,0.37111083,-0.23397811,-0.061009176,0.022704013,-0.11776785,-0.14167076,-0.18005711,0.2562378,-0.040173806,0.34000453,0.32183352,-0.17832379,0.8496714,0.8698046,0.8824451,0.81793517,0.76508623,0.7443662,0.8864031,0.88954324,0.6690758,0.8493503,0.92034566,0.9363388,0.9010152,0.93519187,0.8871431,0.7882376,0.9349491,0.73630893,0.7650957,0.8692714
1.0,0.27256015,-0.23327066,-0.1198798,0.297382,-0.40202302,0.46861553,-0.18937014,0.2694933,0.53823787,-0.2845548,-0.06945578,-0.071555145,-0.18108419,-0.15870109,-0.19956803,0.32184327,-0.052831456,0.4139534,0.39508757,-0.21916682,0.7664746,0.8045109,0.84902555,0.7559553,0.734421,0.6643525,0.839907,0.79079413,0.5827376,0.761973,0.84194213,0.88663304,0.8448195,0.8270892,0.7911677,0.7468888,0.860482,0.68336475,0.70560104,0.8119411
1.0,0.20742196,-0.16189899,-0.09360193,0.27933314,-0.36219227,0.46409065,-0.23487613,0.23629743,0.3351549,-0.22796445,-0.07359729,0.047330726,-0.108010255,-0.13426894,-0.1819818,0.25408745,-0.038401723,0.33420894,0.3182424,-0.1812227,0.866552,0.8878041,0.8962133,0.823525,0.7595069,0.7591897,0.907116,0.91754156,0.6781384,0.8629046,0.95109886,0.9550514,0.9106356,0.9746393,0.91722107,0.7890767,0.95534384,0.7359057,0.773222,0.8768321
2.0,0.24273714,-0.19764149,-0.11125158,0.2856669,-0.37614608,0.45966032,-0.2028819,0.25451627,0.45131278,-0.2586652,-0.06455515,-0.018632181,-0.1471991,-0.14990646,-0.18908551,0.28923455,-0.046003975,0.37543318,0.35601908,-0.19821069,0.8097585,0.8383038,0.8659214,0.7873059,0.7499559,0.7065684,0.864519,0.84402347,0.6260243,0.8069702,0.8848479,0.9140694,0.8745951,0.8858923,0.8419011,0.76768637,0.8991151,0.7102101,0.7354771,0.84279543
1.0,0.21961042,-0.17220603,-0.108995214,0.263214,-0.34588608,0.4321403,-0.1911616,0.24107918,0.4075782,-0.24081972,-0.05147469,0.00017439574,-0.12759408,-0.14800975,-0.18014559,0.26285136,-0.04087986,0.34858257,0.32777295,-0.17785358,0.8329716,0.85286677,0.8705226,0.81004846,0.7668554,0.7293181,0.87017334,0.86557263,0.657228,0.8351689,0.8949392,0.92116237,0.89208585,0.9034066,0.86115897,0.7840824,0.91595924,0.7339255,0.7556106,0.86107576
2.0,0.2292482,-0.1803207,-0.100979105,0.2926958,-0.37626052,0.4741439,-0.2315956,0.24843568,0.38784373,-0.24439207,-0.07448608,0.023529805,-0.12427349,-0.1399429,-0.18605682,0.27602524,-0.04197184,0.35720205,0.33780083,-0.19456416,0.84015095,0.86801,0.88479877,0.8024892,0.75019705,0.73607326,0.89182824,0.8885621,0.6494003,0.8367974,0.9299629,0.94161713,0.8939793,0.94554275,0.88771635,0.7746119,0.93239444,0.71985495,0.7540304,0.86052585
2.0,0.24095213,-0.19937724,-0.11393064,0.27300373,-0.36663818,0.4425435,-0.18243799,0.2523763,0.46857578,-0.25923592,-0.055888645,-0.035568617,-0.15422809,-0.15421,-0.18914987,0.28638697,-0.04625404,0.37548798,0.35720628,-0.19294971,0.8020773,0.8275331,0.85818595,0.78829134,0.75495875,0.6981351,0.85253865,0.82692695,0.6244441,0.80071145,0.8641351,0.9011492,0.8701879,0.8594121,0.82454854,0.76978344,0.8877439,0.71246463,0.7326743,0.8391735
2.0,0.24047606,-0.20034401,-0.11253852,0.2749513,-0.37030488,0.44673142,-0.18646717,0.2522836,0.46436426,-0.25917318,-0.058976963,-0.033139378,-0.15455633,-0.15290031,-0.19010346,0.28653216,-0.04676068,0.37553486,0.35857195,-0.19451249,0.8034872,0.8292555,0.860059,0.7886266,0.75350964,0.6990755,0.8549956,0.8293866,0.62454426,0.8008244,0.8673813,0.9029354,0.87011695,0.8626403,0.827668,0.7699235,0.8898602,0.711006,0.73274356,0.8393295
1.0,0.24435718,-0.19997935,-0.114371106,0.2797971,-0.3714741,0.44962347,-0.19085482,0.25463808,0.46791804,-0.2612099,-0.059473664,-0.031172596,-0.15214607,-0.15327474,-0.18879113,0.2904849,-0.046581045,0.3782598,0.35843557,-0.19688976,0.80213785,0.8304813,0.86022097,0.78490335,0.7520342,0.69917345,0.8556849,0.8308946,0.6218532,0.8007544,0.8709706,0.9051932,0.87038815,0.8682288,0.8286341,0.7667535,0.89008343,0.7100912,0.7320585,0.83872586
2.0,0.24813798,-0.20669596,-0.11653201,0.27483737,-0.37018788,0.4424887,-0.17743766,0.2558931,0.49023858,-0.26496884,-0.055120647,-0.047981597,-0.16142213,-0.1570582,-0.19097625,0.29374522,-0.04739525,0.3839214,0.3649853,-0.1965458,0.7917447,0.8191702,0.8533832,0.7810824,0.7522153,0.6883387,0.84579563,0.81402415,0.61458534,0.79066896,0.8532809,0.8942385,0.86394775,0.84511757,0.8117861,0.7648412,0.87800705,0.70716983,0.7259739,0.8324285
2.0,0.20476381,-0.15287896,-0.09051617,0.28424937,-0.35962623,0.4683931,-0.24825007,0.23435867,0.31122506,-0.22128804,-0.0766593,0.06664916,-0.094639234,-0.13005541,-0.17886576,0.24972416,-0.03521701,0.32817662,0.3075409,-0.18024117,0.87877136,0.90185195,0.9042996,0.8280495,0.75907016,0.7732741,0.9183127,0.93789196,0.68754363,0.87895465,0.973157,0.96869636,0.92063856,1.0066283,0.93807346,0.7896109,0.9708948,0.74068356,0.78206366,0.88465923
1.0,0.23092037,-0.18576473,-0.11102036,0.27250153,-0.36042643,0.4428181,-0.1939641,0.24746236,0.43350142,-0.25052664,-0.057567924,-0.012948029,-0.13929567,-0.14953658,-0.18446863,0.27609545,-0.044050425,0.36288026,0.34307086,-0.18848644,0.8191503,0.84371597,0.8669024,0.79805315,0.7589284,0.7154593,0.86447215,0.85007477,0.64002454,0.81893843,0.8858414,0.9148482,0.8815207,0.88900846,0.8475568,0.77587825,0.90537596,0.72133946,0.7445652,0.85030085
2.0,0.22578537,-0.18371485,-0.1095144,0.26497748,-0.35490048,0.4361106,-0.18632838,0.24448335,0.42888546,-0.24736953,-0.053984866,-0.014650062,-0.13997537,-0.15011814,-0.18490139,0.27033928,-0.04351479,0.35779074,0.34042954,-0.18320473,0.82165676,0.84246826,0.8659979,0.8034462,0.7624591,0.71666896,0.8633506,0.84945047,0.64527005,0.8209731,0.8814046,0.91206867,0.88286906,0.883027,0.846515,0.78008676,0.9049402,0.72522855,0.74664026,0.8524038
2.0,0.25409323,-0.21457078,-0.119337425,0.27603394,-0.37491453,0.44114953,-0.17234823,0.2586524,0.5118735,-0.27055964,-0.05603218,-0.062266268,-0.16954863,-0.15879062,-0.19262369,0.30044505,-0.048956186,0.39316115,0.3733688,-0.2018173,0.78094846,0.81103724,0.8489504,0.77381724,0.7494321,0.67764705,0.8381588,0.7989115,0.60415006,0.78030807,0.84130687,0.88690203,0.85640335,0.82943296,0.7982887,0.76032823,0.86890906,0.70082945,0.71931386,0.82451636
1.0,0.24691144,-0.20228271,-0.11469573,0.28328755,-0.3751375,0.4536743,-0.19367051,0.25632203,0.4712316,-0.26278096,-0.061266303,-0.031834625,-0.15330401,-0.15293366,-0.1894868,0.29336655,-0.046855316,0.38118616,0.36078727,-0.19939686,0.8004602,0.8298079,0.8602574,0.7824172,0.75003314,0.6976641,0.85601,0.830216,0.6189131,0.79873294,0.8714783,0.9058714,0.86907154,0.86888206,0.8280894,0.7650289,0.8894066,0.7076842,0.7303511,0.8372183
1.0,0.24973199,-0.21484898,-0.11817607,0.26810074,-0.37167805,0.43276167,-0.16363746,0.25557595,0.5123715,-0.26878724,-0.05468764,-0.06829513,-0.17280951,-0.15907957,-0.19353229,0.29613662,-0.04941395,0.39099565,0.37363026,-0.19972497,0.7799761,0.8084287,0.8475673,0.7771833,0.751755,0.6753547,0.8342987,0.79207665,0.60556114,0.77952296,0.8338797,0.8813878,0.85474014,0.8187875,0.79323924,0.76290464,0.86697966,0.7017528,0.71961063,0.82336754
1.0,0.2581036,-0.21762393,-0.11703056,0.2875971,-0.38694173,0.45847675,-0.18849051,0.2617055,0.50448835,-0.27293393,-0.064414695,-0.052974157,-0.1683551,-0.15611547,-0.19465119,0.3057348,-0.050030895,0.39623597,0.37769747,-0.20795932,0.7833889,0.81613696,0.8539384,0.7706838,0.74337685,0.6804804,0.84648985,0.808618,0.60162723,0.7799484,0.8541094,0.8944277,0.85666144,0.8441332,0.80799836,0.7573417,0.8740858,0.69596255,0.71807414,0.8247788
1.0,0.21338457,-0.16616726,-0.1058014,0.2611962,-0.3428122,0.4325073,-0.19530171,0.2378557,0.3879986,-0.2354619,-0.052115843,0.010779701,-0.1213251,-0.14572188,-0.17923838,0.2564004,-0.039589807,0.34100184,0.32130203,-0.17398532,0.8425924,0.86032194,0.8751857,0.8168098,0.76892006,0.7382889,0.87718356,0.8781032,0.6668093,0.84450954,0.90489507,0.92735463,0.8982087,0.9167223,0.87334716,0.78836906,0.9247559,0.739019,0.76190937,0.8672231
2.0,0.2424899,-0.19992802,-0.11671853,0.26859868,-0.36109018,0.4337884,-0.17251328,0.2528304,0.48146403,-0.26058102,-0.0504653,-0.04451657,-0.15645534,-0.15707922,-0.18826553,0.28725702,-0.0458076,0.37724206,0.35725474,-0.19096285,0.796774,0.8219053,0.85352105,0.78651446,0.7571273,0.6932665,0.84594256,0.81778616,0.6218653,0.79742676,0.8541517,0.8951722,0.86815304,0.8477928,0.81484246,0.7687473,0.8811431,0.7135897,0.73076934,0.8367241
1.0,0.22346961,-0.17486519,-0.10470089,0.27921468,-0.36194175,0.45476177,-0.21538699,0.24413827,0.39243987,-0.24182592,-0.06473682,0.015844569,-0.12390175,-0.14285192,-0.18237866,0.26867843,-0.041485384,0.35203204,0.33160982,-0.18685867,0.8389254,0.8634512,0.8795538,0.8068333,0.75825685,0.73517513,0.8831093,0.8809063,0.6548406,0.8382368,0.9168141,0.9342101,0.8943769,0.9301429,0.8786011,0.77989864,0.92740905,0.727012,0.7563752,0.86204183
1.0,0.23135313,-0.18657096,-0.109071895,0.27726862,-0.36575294,0.4506905,-0.20187014,0.24812505,0.42666748,-0.25029382,-0.061853275,-0.0072352514,-0.13824749,-0.14760575,-0.18558201,0.27713472,-0.044203416,0.36314997,0.34412652,-0.19070682,0.8220188,0.8472304,0.87008584,0.7979882,0.7563743,0.7179913,0.8693573,0.856137,0.6403123,0.8202948,0.8931323,0.919412,0.8826342,0.8977282,0.85403526,0.77537924,0.9094899,0.7194871,0.7451058,0.8512734
1.0,0.24681543,-0.20348527,-0.11382188,0.28419432,-0.37763798,0.45604694,-0.19546801,0.25623044,0.46988037,-0.26313713,-0.063214846,-0.031464748,-0.1543262,-0.15238447,-0.19030501,0.29363728,-0.04737705,0.38159338,0.362409,-0.20054561,0.80059934,0.83024555,0.8610939,0.78237057,0.7490184,0.6974345,0.8569324,0.8304731,0.61840373,0.7979456,0.8724501,0.9061642,0.86843055,0.8692818,0.82891655,0.76496756,0.8899591,0.70636207,0.72992945,0.8367938
1.0,0.24379493,-0.20443301,-0.11424129,0.27860665,-0.37605274,0.4492747,-0.1888367,0.2543906,0.47294953,-0.26256403,-0.06248246,-0.03790886,-0.15757805,-0.15235971,-0.1905289,0.2911782,-0.04803227,0.38140717,0.36332527,-0.20014015,0.79860294,0.8273979,0.85945594,0.78369665,0.7507655,0.69437367,0.85280603,0.82335347,0.6181708,0.79608834,0.8650486,0.901614,0.86593056,0.85927546,0.82333565,0.76684695,0.88768446,0.706268,0.7294831,0.83484983
2.0,0.23740034,-0.19082628,-0.11323033,0.27522072,-0.36247742,0.4440942,-0.19067648,0.25100666,0.45023602,-0.2548089,-0.055806756,-0.020952284,-0.1437844,-0.15196307,-0.18568948,0.2823134,-0.04433748,0.36909017,0.3479505,-0.19042549,0.81159323,0.8370841,0.862886,0.7923557,0.75689304,0.7087614,0.8599778,0.8421629,0.6326945,0.81180596,0.8784093,0.91054046,0.8776653,0.8798201,0.83856964,0.7718415,0.8978049,0.7180074,0.7393563,0.8460578
2.0,0.2543354,-0.21303646,-0.11886142,0.2792478,-0.3762642,0.44543704,-0.1777995,0.25922453,0.5061544,-0.27017733,-0.057434984,-0.056511305,-0.1666142,-0.15793139,-0.19212799,0.30085683,-0.048704155,0.39217755,0.37196994,-0.20228297,0.7837431,0.814305,0.8509702,0.7740055,0.74868506,0.68084097,0.8417661,0.80493116,0.605571,0.78276664,0.8475266,0.8907991,0.85839444,0.83753824,0.80369824,0.7601185,0.8721682,0.70131636,0.72056264,0.82638043
2.0,0.23955946,-0.1943957,-0.11385645,0.27765405,-0.36708355,0.4467593,-0.19214404,0.2522935,0.45594785,-0.25716233,-0.05850537,-0.024516664,-0.14688703,-0.15163073,-0.18657836,0.28533083,-0.045375153,0.3730274,0.35204935,-0.19414698,0.80825144,0.8353476,0.8624317,0.7893122,0.7547716,0.70519525,0.8585305,0.8378039,0.628256,0.8078088,0.87630653,0.90926737,0.874508,0.8764396,0.83541197,0.770069,0.89590955,0.71428585,0.7367488,0.8429306
2.0,0.24392685,-0.20137583,-0.114210635,0.2793726,-0.37289298,0.44971582,-0.19027361,0.25436282,0.4689142,-0.26139203,-0.060409516,-0.03306423,-0.15396962,-0.15286888,-0.18935835,0.2902537,-0.046993792,0.37903252,0.3598488,-0.19773217,0.80133516,0.82956636,0.8600209,0.7848369,0.7517368,0.6978799,0.8548358,0.8287604,0.62101793,0.7994409,0.8691236,0.90428394,0.8691043,0.8654927,0.8271911,0.76715535,0.8895129,0.7088818,0.7313833,0.83773595
1.0,0.21496487,-0.1684363,-0.10121301,0.2734982,-0.3564756,0.45151284,-0.21538046,0.23958316,0.37232816,-0.23531716,-0.06365503,0.024349265,-0.11868668,-0.14094442,-0.18167043,0.25991473,-0.04007367,0.34273967,0.32449257,-0.18081781,0.8490261,0.8697342,0.88346106,0.81562406,0.76198316,0.7438108,0.88896185,0.89192337,0.66621417,0.8476939,0.92348725,0.93857706,0.9005866,0.9392172,0.8892177,0.7860616,0.9353301,0.7334218,0.7632756,0.86856854
1.0,0.23322661,-0.18693252,-0.112523645,0.27433705,-0.36109692,0.44315922,-0.19381043,0.24895498,0.43924797,-0.25186923,-0.057188183,-0.015196539,-0.13986126,-0.14984795,-0.18408775,0.27847803,-0.04391621,0.3654895,0.34389433,-0.1899182,0.81666505,0.8420254,0.86566216,0.79556453,0.7582748,0.7135275,0.86291754,0.84772366,0.6372749,0.81720454,0.88399965,0.91434604,0.88032055,0.8875341,0.8449747,0.77433884,0.9035594,0.7201898,0.7430666,0.84883726
1.0,0.2052338,-0.15424092,-0.096177235,0.27231416,-0.34857655,0.45137373,-0.22658673,0.2337709,0.33456486,-0.22452766,-0.064780496,0.048303574,-0.102035575,-0.13620141,-0.1777272,0.24866249,-0.03636217,0.32905364,0.30880442,-0.17424245,0.86814976,0.887466,0.8935145,0.8269266,0.76544976,0.7635684,0.90352225,0.9192704,0.68467695,0.86949545,0.948121,0.9537692,0.91473377,0.9741564,0.91615194,0.79179084,0.95498013,0.7439383,0.7770682,0.8811889
1.0,0.25566822,-0.21401285,-0.1182757,0.2831407,-0.3802536,0.45095778,-0.18313172,0.26030245,0.50399184,-0.27098563,-0.06027639,-0.053661324,-0.16615066,-0.15695752,-0.19265637,0.3027162,-0.049049564,0.39338472,0.37333393,-0.20455584,0.7844159,0.81598836,0.85258764,0.7727982,0.7466854,0.6816556,0.8443676,0.807893,0.6045529,0.7826686,0.8516439,0.89329225,0.85835284,0.8423931,0.806768,0.75906736,0.8739333,0.6996666,0.7201491,0.8263044
2.0,0.2162635,-0.16660188,-0.097243756,0.28501168,-0.36505914,0.46660495,-0.23455533,0.24087608,0.35425925,-0.23340827,-0.07272966,0.040833164,-0.11135883,-0.13633513,-0.18197437,0.26192355,-0.03902857,0.3424553,0.3227672,-0.1858451,0.8572517,0.88160497,0.8919622,0.8153981,0.7565915,0.7524059,0.9011766,0.90843,0.668076,0.85561246,0.94521403,0.9515479,0.90580046,0.9676484,0.90747344,0.7832768,0.9480565,0.7311082,0.76710314,0.8718968
1.0,0.22000872,-0.1749066,-0.1048338,0.27170777,-0.35741043,0.44711635,-0.20599082,0.24197662,0.3949702,-0.2408659,-0.06095451,0.009661853,-0.12712532,-0.14434978,-0.1828033,0.2649545,-0.04184024,0.34961572,0.33153784,-0.18307921,0.83782125,0.8594374,0.87686425,0.8097777,0.76147217,0.7329022,0.8790143,0.875181,0.6568667,0.8365104,0.9079375,0.92874676,0.8931016,0.9180829,0.87260044,0.7830779,0.9235655,0.7291291,0.7562721,0.86176044
1.0,0.23568945,-0.19295697,-0.10950193,0.28152186,-0.3734553,0.4562341,-0.20378867,0.25079933,0.43671107,-0.2544796,-0.06565511,-0.013069607,-0.14369804,-0.14771047,-0.1878312,0.28283378,-0.045750216,0.36943477,0.35145888,-0.19598866,0.8163149,0.8436218,0.8690652,0.7929825,0.7525362,0.7119198,0.8676242,0.84962,0.6328954,0.81314087,0.8895941,0.916925,0.87768304,0.89171904,0.8487133,0.7719868,0.90546894,0.7136366,0.7402925,0.84632444
1.0,0.22470361,-0.1777322,-0.10277177,0.28125858,-0.36593705,0.4599635,-0.21738502,0.24499282,0.39225918,-0.24271514,-0.06671042,0.01590453,-0.12627056,-0.14276284,-0.18471237,0.27029812,-0.04194746,0.35296172,0.33481476,-0.18769705,0.83867025,0.8627732,0.88025814,0.8064689,0.75622904,0.7342174,0.8849783,0.88163126,0.6534931,0.8360849,0.91765165,0.9342106,0.8935761,0.9299077,0.87933123,0.7791183,0.92686534,0.72496694,0.75490934,0.86139536
2.0,0.24302727,-0.1990542,-0.11307369,0.28178024,-0.3736055,0.45335796,-0.19569993,0.25419328,0.46050206,-0.2600167,-0.06197121,-0.026295125,-0.1504099,-0.15160465,-0.18884501,0.28942978,-0.04651673,0.3769625,0.3575434,-0.19765806,0.80538094,0.8338205,0.86268216,0.7861798,0.7513301,0.70212483,0.85910046,0.8358384,0.6237201,0.80327,0.8763562,0.90871745,0.87183857,0.8749542,0.83398825,0.7675695,0.8940393,0.7099716,0.73358494,0.8402763
2.0,0.24433745,-0.20287915,-0.11459009,0.2758345,-0.37047136,0.4455502,-0.18363608,0.25416544,0.4756516,-0.26192257,-0.057479225,-0.038824283,-0.15697038,-0.15464541,-0.19016474,0.2901271,-0.04702048,0.37950003,0.36113822,-0.19581917,0.79840183,0.82532114,0.85730654,0.7848325,0.7527503,0.6947035,0.8512389,0.823296,0.61995137,0.79662615,0.8621987,0.8998208,0.86759603,0.85642225,0.82126486,0.76733136,0.8850361,0.70920384,0.7298261,0.8364067
2.0,0.23152149,-0.18513191,-0.10483466,0.28712174,-0.37395644,0.465681,-0.21894285,0.2490997,0.40830868,-0.2485103,-0.069836386,0.008055791,-0.13240153,-0.14357525,-0.18651807,0.27823108,-0.043573678,0.36167556,0.343057,-0.19426063,0.8302709,0.8573936,0.8777398,0.79894835,0.7518965,0.7260958,0.88117975,0.8721771,0.6431565,0.8268675,0.9121419,0.9308479,0.8873255,0.92179877,0.87084013,0.7741557,0.92059773,0.7179065,0.74843335,0.8550127
1.0,0.26509196,-0.22461937,-0.11901395,0.2907201,-0.39184195,0.46063012,-0.18613388,0.2653412,0.5229769,-0.27840826,-0.0649139,-0.063343264,-0.17449346,-0.15825793,-0.19660278,0.3132009,-0.051121257,0.40442446,0.38532716,-0.21212088,0.77451825,0.8094156,0.8504587,0.7637186,0.7400167,0.67211956,0.84182334,0.7985365,0.5926409,0.7711522,0.8461058,0.8893257,0.8510826,0.8335496,0.7980254,0.7524363,0.86621857,0.690806,0.712071,0.8186059
2.0,0.25728104,-0.21788754,-0.11984278,0.27900574,-0.3788659,0.44444975,-0.17396134,0.2604291,0.5180733,-0.27304834,-0.057789475,-0.06514182,-0.1719364,-0.15902081,-0.19362855,0.3040999,-0.049616784,0.39700583,0.37709183,-0.20466699,0.77772826,0.80918723,0.8483821,0.77054435,0.74717534,0.6746386,0.83739835,0.79609954,0.6000825,0.7766993,0.839944,0.8860202,0.8540553,0.82732636,0.7957447,0.7580118,0.866707,0.697829,0.7167496,0.82197696
1.0,0.23023264,-0.18516274,-0.11352165,0.26690325,-0.35439456,0.43323106,-0.18428099,0.24668461,0.4422581,-0.25068784,-0.052635,-0.02051206,-0.14092106,-0.15145989,-0.18315777,0.27478844,-0.043746695,0.3629767,0.34188035,-0.18615168,0.8155045,0.8392287,0.86296195,0.79805005,0.7619907,0.7120131,0.85829926,0.8420892,0.6393405,0.8170595,0.8765112,0.9094244,0.87989056,0.87802434,0.8393863,0.7765617,0.9003404,0.72317314,0.74371254,0.8488345
1.0,0.23396958,-0.18734771,-0.11244297,0.27352697,-0.36012655,0.44249645,-0.19191727,0.24915862,0.44145563,-0.25219837,-0.055789284,-0.01637008,-0.14061165,-0.15080102,-0.18459812,0.27878207,-0.04383619,0.36544523,0.3442701,-0.18873292,0.81584084,0.84061605,0.8647378,0.79551125,0.7584886,0.7128073,0.8622043,0.84685534,0.6370938,0.81629646,0.8823546,0.9130748,0.8802736,0.8852055,0.8434303,0.77407753,0.90183896,0.72057116,0.7424698,0.8488017
2.0,0.22250007,-0.17238118,-0.098428205,0.28979677,-0.37058395,0.47162604,-0.23511273,0.24457353,0.36751914,-0.23801807,-0.07405163,0.03513252,-0.11612516,-0.1375793,-0.18386345,0.26851934,-0.04006894,0.34891668,0.3289591,-0.18999308,0.85048115,0.8766341,0.8895341,0.80962956,0.7531989,0.7462089,0.8983148,0.9015834,0.6599517,0.84825826,0.9407938,0.9485227,0.9012901,0.96105355,0.90062386,0.7789566,0.9423237,0.7260583,0.761648,0.86737794
1.0,0.22519124,-0.18213753,-0.113387555,0.25852028,-0.34717178,0.42338815,-0.17527376,0.2435329,0.4398629,-0.24782027,-0.048351943,-0.023508571,-0.14086848,-0.15230846,-0.18234414,0.26897734,-0.0432629,0.35840875,0.33836126,-0.18145779,0.8169189,0.83808064,0.8614092,0.8026789,0.76626545,0.71260774,0.8553278,0.83896154,0.64384735,0.8193183,0.87099874,0.9058256,0.8807399,0.87105936,0.8365094,0.7802237,0.899442,0.7273011,0.7459261,0.85019314
1.0,0.22269487,-0.17291445,-0.10072381,0.28640664,-0.36767465,0.4660168,-0.22896245,0.24443868,0.37541032,-0.2391834,-0.07104489,0.029067736,-0.11835069,-0.13917038,-0.18314362,0.2685604,-0.0405201,0.34993955,0.3295632,-0.18908906,0.8468513,0.8725131,0.8863328,0.8086506,0.7549344,0.7427989,0.89338404,0.89507496,0.65839016,0.84523857,0.9331421,0.94411415,0.8991047,0.9513328,0.8936334,0.77938867,0.9377181,0.7265132,0.76007944,0.8657284
2.0,0.23780131,-0.19592024,-0.11374214,0.27242154,-0.36524457,0.44142565,-0.18513708,0.25079963,0.46008787,-0.25710905,-0.056843482,-0.030716203,-0.15073618,-0.15264311,-0.18752399,0.2833916,-0.04600478,0.37267497,0.35367793,-0.19267486,0.8059738,0.8317165,0.8603307,0.7905758,0.7562227,0.70199275,0.8546271,0.83118755,0.6279426,0.80510503,0.8688293,0.9042624,0.8723363,0.86587423,0.82951665,0.7715402,0.89233774,0.71422887,0.73569286,0.8413627
2.0,0.24352543,-0.2011766,-0.114487335,0.27876237,-0.3724047,0.44863245,-0.189522,0.25418714,0.4692315,-0.26121464,-0.060175978,-0.033691883,-0.15399942,-0.15279645,-0.18912268,0.28992838,-0.04696922,0.37899348,0.35955757,-0.19770807,0.8011976,0.8293841,0.85981065,0.7849485,0.7520883,0.6976846,0.85430443,0.828034,0.62107277,0.79953635,0.8683699,0.9039581,0.8689312,0.86470735,0.82663447,0.7673974,0.8894326,0.70906126,0.7314988,0.83758014
2.0,0.22050977,-0.16982047,-0.09422791,0.2954286,-0.37527245,0.48064226,-0.24724236,0.24412146,0.34952775,-0.23474929,-0.08025708,0.047790393,-0.11035847,-0.13377252,-0.18443829,0.26731047,-0.03898882,0.346002,0.3263017,-0.19178976,0.8588512,0.8862647,0.89650136,0.8123544,0.7504729,0.7539132,0.9083392,0.91499954,0.6642382,0.8559628,0.9569154,0.957945,0.90622324,0.9819614,0.9156573,0.7787521,0.9530658,0.72612226,0.766023,0.8710301
2.0,0.25978127,-0.2172829,-0.11703722,0.29095247,-0.38843995,0.46228245,-0.19245914,0.2630284,0.5031303,-0.27344462,-0.06526678,-0.049741693,-0.16656196,-0.15589847,-0.19449219,0.30747274,-0.04977852,0.3967952,0.37740391,-0.20887038,0.7842622,0.81776685,0.8549222,0.7695951,0.7422438,0.6818625,0.84870946,0.81201816,0.60126215,0.7808419,0.85814375,0.8969569,0.85766244,0.8495866,0.8108518,0.75609595,0.8754661,0.6957113,0.7181871,0.8253648
1.0,0.26006135,-0.22200654,-0.120140895,0.28066295,-0.38287264,0.44651574,-0.17384994,0.26175803,0.525594,-0.27558842,-0.059576936,-0.07005099,-0.17569432,-0.15933765,-0.1950977,0.3073733,-0.050526805,0.40110555,0.38167384,-0.2075267,0.7736569,0.80627847,0.84736794,0.76746076,0.74501556,0.67051363,0.8355741,0.79117125,0.59561706,0.7721406,0.8364706,0.8836754,0.85082966,0.8221794,0.7915077,0.7559469,0.86357754,0.6944267,0.7137308,0.8187188
1.0,0.22120549,-0.17639336,-0.107678205,0.26632202,-0.35228252,0.4382873,-0.19459161,0.24223891,0.40904218,-0.24254425,-0.055309325,-0.0008792132,-0.13111591,-0.147331,-0.18245524,0.2653917,-0.041982584,0.35134363,0.33260056,-0.18098181,0.8315555,0.85199696,0.8713519,0.808352,0.7639329,0.72697884,0.8711762,0.86423594,0.6539366,0.83160985,0.895188,0.92106503,0.88978434,0.902168,0.8608209,0.78297263,0.9154221,0.72991264,0.75333726,0.85894257
1.0,0.24929936,-0.20864682,-0.116302386,0.2805514,-0.37757194,0.449564,-0.18584666,0.2570929,0.4876607,-0.26649827,-0.061201543,-0.045375846,-0.1614207,-0.15460297,-0.19130327,0.29651454,-0.048478976,0.38690382,0.36775556,-0.20210877,0.7918736,0.82203865,0.8561009,0.7785952,0.7490625,0.68841,0.848625,0.8159634,0.61183876,0.789877,0.8586087,0.89758104,0.8624037,0.8512392,0.8153835,0.7632156,0.88115615,0.703384,0.7251652,0.8308925
2.0,0.22744812,-0.17986965,-0.10192651,0.28863367,-0.3732999,0.4690431,-0.22661778,0.24716878,0.3900645,-0.24409957,-0.0722698,0.019998625,-0.12559181,-0.14076716,-0.1855276,0.27412724,-0.04222282,0.35621798,0.337388,-0.19278589,0.8391779,0.86593866,0.88310075,0.80355084,0.752235,0.7347428,0.88893497,0.8850542,0.6502902,0.8358527,0.9249002,0.9387309,0.8931917,0.9389634,0.8840375,0.7763043,0.93021864,0.7210755,0.7540568,0.86026853
1.0,0.2519796,-0.21274658,-0.11840442,0.27442676,-0.37338036,0.44021434,-0.1723718,0.25741205,0.50662756,-0.26914465,-0.055771165,-0.059647806,-0.16817561,-0.15854496,-0.19242838,0.29823464,-0.048835456,0.39050242,0.3716554,-0.20024562,0.7833426,0.8126918,0.8498901,0.77607095,0.7504084,0.67982125,0.8394436,0.80148864,0.60685575,0.78244746,0.8432062,0.88763165,0.8579101,0.83146113,0.800783,0.7617227,0.8707026,0.70241904,0.72089195,0.82622993
2.0,0.2394133,-0.19745497,-0.114301324,0.27069366,-0.3634665,0.43905124,-0.18008247,0.2514518,0.4672653,-0.2581129,-0.05408396,-0.035467826,-0.15303227,-0.15448046,-0.18822244,0.28449816,-0.045821935,0.3737528,0.35498762,-0.19123419,0.80298835,0.8278296,0.8577922,0.7896806,0.7566167,0.6990853,0.8518307,0.8269871,0.6263021,0.80236036,0.8633785,0.9008034,0.87114215,0.8589914,0.8244321,0.77085894,0.88806087,0.71437424,0.7339127,0.84013355
2.0,0.2535036,-0.21091275,-0.11700559,0.2838931,-0.37945324,0.4530608,-0.18703532,0.25940713,0.49412078,-0.2687005,-0.0608299,-0.04665815,-0.16250414,-0.15574647,-0.19201884,0.30027968,-0.048431784,0.38996086,0.36998346,-0.20316274,0.78925186,0.8200844,0.8549855,0.7754944,0.7472988,0.68649626,0.84825647,0.8150429,0.6086207,0.7872282,0.8580356,0.8973739,0.86156833,0.8507549,0.8134507,0.7606914,0.8785445,0.70170516,0.7229514,0.82960397
2.0,0.24937214,-0.20896287,-0.118418545,0.27426028,-0.37100172,0.43947107,-0.17441216,0.25643152,0.498766,-0.26671523,-0.055340283,-0.054480366,-0.1642248,-0.15727255,-0.19072403,0.29546452,-0.04798229,0.3874227,0.36724788,-0.1989504,0.7874328,0.81621695,0.8514484,0.7784484,0.7519725,0.68400997,0.8416977,0.8066986,0.61066544,0.7871916,0.8476073,0.891093,0.8606739,0.838202,0.80576557,0.7635832,0.87482375,0.7050019,0.72386336,0.8290428
1.0,0.23061147,-0.18189286,-0.10963528,0.27823332,-0.36196184,0.44961956,-0.20439622,0.24784985,0.4206892,-0.24828124,-0.06038958,-0.001198262,-0.1324679,-0.14704877,-0.18316403,0.27573138,-0.042766005,0.36064002,0.3387177,-0.18919295,0.8255899,0.8511255,0.87145627,0.7991738,0.757666,0.7227702,0.8717905,0.86258084,0.6437837,0.8259146,0.89895934,0.9234601,0.8863969,0.90722543,0.85952467,0.775667,0.9134793,0.7227753,0.7482318,0.8544056
1.0,0.25350818,-0.21372135,-0.120477155,0.27310744,-0.37130487,0.43577266,-0.1674964,0.2581483,0.51559293,-0.27034968,-0.053458497,-0.06565537,-0.16970795,-0.15974036,-0.19175029,0.29967552,-0.04856117,0.39287987,0.37218857,-0.20041814,0.77957153,0.80940276,0.8472386,0.7739909,0.75109977,0.67630213,0.8353965,0.7954331,0.6041607,0.7800553,0.8373648,0.8845396,0.8560987,0.8251063,0.7948726,0.76050806,0.8669251,0.70213664,0.7193869,0.8239976
2.0,0.2658742,-0.22777148,-0.12225954,0.28153586,-0.38484246,0.4453238,-0.16879666,0.2645365,0.5438122,-0.27990064,-0.058242664,-0.08100591,-0.18133926,-0.1618038,-0.1965473,0.3131899,-0.05103503,0.4080294,0.3875636,-0.20982848,0.7653874,0.79933715,0.84331316,0.76171607,0.7430408,0.6626003,0.8299901,0.7806586,0.5880887,0.7645028,0.82713735,0.87806493,0.8461454,0.810551,0.7810212,0.75191635,0.8556001,0.690737,0.7087184,0.81327075
1.0,0.24418268,-0.20288344,-0.11633985,0.27528754,-0.3701493,0.44243062,-0.18232122,0.25423482,0.4792177,-0.26246986,-0.05769916,-0.041803382,-0.15721935,-0.15425937,-0.18900394,0.2905687,-0.047251076,0.38112643,0.36106527,-0.19757313,0.79654795,0.8247186,0.8565382,0.7834744,0.75319934,0.6929663,0.84884346,0.8194409,0.6182349,0.7959131,0.85975516,0.8987264,0.8660403,0.8539696,0.81853175,0.76689535,0.88439894,0.70854753,0.7294538,0.83469564
1.0,0.24767324,-0.21018477,-0.11909923,0.26538694,-0.36498994,0.42776763,-0.16080394,0.25447607,0.50879246,-0.26660252,-0.050566785,-0.06561803,-0.16887909,-0.15982199,-0.19128975,0.29314178,-0.04804311,0.38721648,0.36824685,-0.19581342,0.78275734,0.81000435,0.8470883,0.7796404,0.75488186,0.6785043,0.8342549,0.79498106,0.6096502,0.7836673,0.83491236,0.88247085,0.8579337,0.8216172,0.7949908,0.7645359,0.8681864,0.7061086,0.7223991,0.8263475
2.0,0.24391106,-0.1985295,-0.115050614,0.27912518,-0.36925167,0.44771633,-0.18971476,0.254538,0.46770203,-0.2604589,-0.057928562,-0.030799754,-0.15080604,-0.15339887,-0.18785486,0.28972635,-0.04596559,0.37752947,0.3564713,-0.19586943,0.802686,0.83065194,0.85979956,0.78534687,0.75307184,0.6999758,0.8553119,0.83145636,0.6228575,0.80216354,0.8707585,0.9056077,0.8712723,0.86895895,0.8287335,0.7672015,0.8903922,0.71146363,0.7328816,0.8394619
1.0,0.22305834,-0.175126,-0.10946491,0.2686071,-0.35169238,0.43798038,-0.19671139,0.24314469,0.41118303,-0.24339369,-0.05533755,0.00029998273,-0.12876719,-0.14730147,-0.18069753,0.26719522,-0.041733354,0.3528031,0.33136952,-0.18252355,0.83066714,0.85320467,0.8713351,0.8061544,0.76363236,0.7273668,0.87081677,0.8646415,0.6525353,0.83236915,0.89724183,0.9223932,0.89006245,0.90584457,0.8612312,0.7811531,0.91592854,0.72984403,0.75341165,0.8586715
1.0,0.24178554,-0.19938707,-0.116988555,0.26832947,-0.360915,0.43300027,-0.17274342,0.25241497,0.48052534,-0.2602955,-0.050856628,-0.044314347,-0.15605456,-0.15662001,-0.187793,0.28667504,-0.04588116,0.37704954,0.35672283,-0.19135287,0.79709256,0.82255405,0.8537963,0.7867466,0.7574446,0.6935498,0.84577334,0.81764334,0.62214345,0.79796433,0.85443026,0.89543647,0.8681117,0.8482544,0.8151693,0.76908284,0.88183945,0.7136393,0.7311828,0.83674234
2.0,0.26657933,-0.22988622,-0.12407406,0.2731814,-0.37748843,0.43222246,-0.15297896,0.2638069,0.56050867,-0.28069532,-0.05146998,-0.09525921,-0.18649751,-0.16562758,-0.19689609,0.31296992,-0.05033409,0.40995073,0.38896513,-0.20629716,0.75845516,0.7910844,0.83731186,0.76084673,0.7457356,0.65514827,0.8208514,0.76665103,0.5851315,0.7596646,0.8119077,0.86854786,0.8431911,0.7920886,0.7673722,0.7512102,0.84656245,0.69169736,0.7063718,0.8095183
1.0,0.256206,-0.21472897,-0.11802693,0.28402874,-0.38151693,0.45247215,-0.18417764,0.2605989,0.50412416,-0.27134648,-0.060994737,-0.053454585,-0.16658849,-0.15683666,-0.19306646,0.30328032,-0.04921957,0.39394584,0.3741582,-0.20514587,0.78423357,0.81598455,0.85281694,0.77239007,0.74604696,0.681462,0.8447632,0.80806893,0.60400844,0.7821599,0.8521235,0.8935503,0.8580776,0.8427487,0.80699265,0.75874054,0.87393916,0.6989392,0.71975386,0.82605106
1.0,0.22964625,-0.18204695,-0.1110789,0.27489173,-0.35957718,0.4443688,-0.19919834,0.24728608,0.42532423,-0.2484054,-0.05842101,-0.0059974566,-0.13404962,-0.14772621,-0.18259144,0.2748949,-0.04293327,0.36097202,0.33869797,-0.18854025,0.82346123,0.8485231,0.8694079,0.7991991,0.7592854,0.72040874,0.8681935,0.8574019,0.6431549,0.82439536,0.8931899,0.9202395,0.88485146,0.9000982,0.8546315,0.77646136,0.9108259,0.72326124,0.74761045,0.8531294
2.0,0.2436083,-0.20610543,-0.11649297,0.26509473,-0.36366528,0.43071795,-0.16490516,0.2527586,0.49362758,-0.2628703,-0.05090741,-0.056167997,-0.16458365,-0.15825146,-0.19109851,0.2887604,-0.04717943,0.38126054,0.3638245,-0.19260153,0.7901413,0.8149821,0.85032153,0.78475165,0.7560605,0.6854258,0.8400299,0.8054999,0.6165097,0.7898929,0.84278655,0.88748264,0.86252534,0.83154243,0.80435455,0.7679619,0.87430304,0.70966643,0.72637343,0.8314881
2.0,0.22711638,-0.17852569,-0.10182138,0.28842226,-0.37193924,0.4684468,-0.22688854,0.24689466,0.3881503,-0.24338114,-0.07166745,0.021659061,-0.1240991,-0.14074427,-0.18503055,0.2734405,-0.041841075,0.35521474,0.33584237,-0.19199976,0.84027594,0.8669481,0.8834698,0.80420405,0.752697,0.7361687,0.88957953,0.8868377,0.6515378,0.83752537,0.92637694,0.939584,0.89433247,0.94128287,0.8855385,0.77650976,0.931268,0.72217643,0.7550187,0.8612586
1.0,0.23283875,-0.1878777,-0.110125095,0.27582145,-0.36430985,0.44808635,-0.1976074,0.24865651,0.4337244,-0.25157288,-0.05969432,-0.0117762685,-0.14032802,-0.14916402,-0.18576412,0.2781965,-0.044354215,0.36453152,0.3453741,-0.19013676,0.8188367,0.8438489,0.86770916,0.7967135,0.7568127,0.7150834,0.86619085,0.8514566,0.63832057,0.81754804,0.8879727,0.91611487,0.8810493,0.8911604,0.8488801,0.7746328,0.90558875,0.71922225,0.7433817,0.84975713
2.0,0.24639879,-0.20574854,-0.1174919,0.27266777,-0.36858904,0.43832308,-0.17527714,0.2548047,0.49068612,-0.2644984,-0.054930836,-0.049921,-0.16137022,-0.15663004,-0.1898726,0.2922628,-0.04755822,0.38366836,0.3639753,-0.19690922,0.79130286,0.81924677,0.8529892,0.781518,0.753488,0.68773776,0.8438256,0.8112443,0.61477596,0.7910544,0.8512431,0.89312625,0.86323386,0.842847,0.8101373,0.7655885,0.87811226,0.707507,0.7265425,0.83180237
1.0,0.22664641,-0.18214853,-0.10733904,0.2738121,-0.36142296,0.44810042,-0.2013804,0.24551862,0.41530135,-0.24644655,-0.06036386,-0.0018534437,-0.13460827,-0.14681521,-0.18475388,0.27187654,-0.043193325,0.35740748,0.3391777,-0.18667373,0.82782227,0.85081625,0.87198544,0.80312306,0.7589307,0.7233199,0.8723389,0.86261064,0.647068,0.82616425,0.8969978,0.92189044,0.8865848,0.9031772,0.8599632,0.7788606,0.9138721,0.7237551,0.74923855,0.8554306
2.0,0.2236819,-0.17642187,-0.103168085,0.28097224,-0.36510092,0.45892757,-0.21800414,0.24448022,0.39014164,-0.24196345,-0.066799015,0.017120712,-0.12492613,-0.14224312,-0.18379049,0.26928574,-0.041740723,0.3523115,0.33337697,-0.18773493,0.8397496,0.86407226,0.8807547,0.8069707,0.756799,0.7353579,0.8852048,0.88259,0.6545278,0.8376842,0.91880906,0.93528557,0.89425355,0.93194026,0.8805598,0.77973175,0.9283632,0.72560936,0.75600183,0.8619763
1.0,0.20280078,-0.15699093,-0.099425234,0.2618877,-0.34343743,0.43877754,-0.210188,0.2324962,0.34947312,-0.22662556,-0.058812536,0.032762676,-0.10994788,-0.13971409,-0.1779412,0.24659885,-0.038092166,0.32974687,0.31214157,-0.1715137,0.8609076,0.8774273,0.8865687,0.8272226,0.76976776,0.7548159,0.892599,0.9024938,0.6821589,0.861319,0.928504,0.94189525,0.90871316,0.94736505,0.8993095,0.7946937,0.9441488,0.7444831,0.7734095,0.87695706
2.0,0.26648033,-0.22848682,-0.12371388,0.27689466,-0.37995386,0.4374371,-0.1596447,0.26434916,0.5537291,-0.28041974,-0.053777516,-0.08892945,-0.18368587,-0.16421404,-0.19634534,0.3132738,-0.050466985,0.40903866,0.38780984,-0.20752947,0.7614561,0.79470336,0.8396949,0.7610335,0.7448461,0.658529,0.8247243,0.7729945,0.58650935,0.7620013,0.818581,0.87281805,0.84476966,0.8004968,0.77325803,0.7513654,0.85034436,0.69174916,0.7075265,0.8113287
1.0,0.22713839,-0.1838189,-0.10803668,0.27365085,-0.3629496,0.4475012,-0.20048538,0.24580121,0.4190669,-0.247662,-0.06126172,-0.004933998,-0.13659266,-0.14691547,-0.18496683,0.27285784,-0.043920323,0.3592538,0.3412532,-0.18839371,0.825611,0.84944904,0.8712629,0.8017579,0.75843334,0.7208647,0.87045056,0.85861295,0.6447454,0.82381153,0.8943329,0.9201317,0.88449085,0.89924157,0.85687715,0.77827466,0.9123023,0.7220403,0.7479185,0.8534248
2.0,0.23903136,-0.1962698,-0.11405565,0.27171096,-0.36355197,0.4403055,-0.18245235,0.2513653,0.46380186,-0.2575389,-0.05462402,-0.032517716,-0.15132293,-0.15393968,-0.18778291,0.28410494,-0.045622163,0.37290445,0.35377324,-0.1912077,0.80469316,0.8297142,0.85886604,0.7901522,0.7565813,0.7009762,0.8534978,0.8299925,0.62748945,0.80409795,0.8664645,0.9027876,0.8723537,0.86314404,0.82728016,0.77103883,0.89002174,0.7149205,0.7349365,0.84125876
1.0,0.25057858,-0.2100511,-0.11784235,0.2777709,-0.37487286,0.444598,-0.17935616,0.2574008,0.4968606,-0.26745448,-0.058069423,-0.051963456,-0.16403458,-0.15632659,-0.1913324,0.29717556,-0.048369735,0.38863167,0.36868045,-0.20109665,0.78799194,0.817643,0.8529367,0.7773239,0.75007546,0.68466145,0.84402806,0.80927515,0.60965484,0.78695005,0.8512211,0.89331305,0.86053014,0.84238106,0.8084822,0.76267165,0.8764034,0.7033197,0.72341675,0.8288931
2.0,0.26337898,-0.22295798,-0.12108813,0.28367332,-0.38381392,0.44911897,-0.17532274,0.26387987,0.53008795,-0.27725834,-0.05894433,-0.07021833,-0.17540413,-0.16029575,-0.19512822,0.31058317,-0.05024989,0.40327138,0.38262105,-0.20819475,0.77214044,0.8054547,0.8466662,0.76489437,0.7438495,0.6696381,0.83580315,0.79152864,0.59348804,0.7708457,0.8370573,0.8842978,0.8507798,0.82351995,0.7908182,0.75379723,0.86207515,0.6937782,0.71250015,0.818056
2.0,0.23781247,-0.1905185,-0.114038855,0.27653763,-0.36301827,0.44435352,-0.19207036,0.25148353,0.4507555,-0.25509745,-0.05648105,-0.020647869,-0.14292377,-0.15146787,-0.18492758,0.28313106,-0.044269554,0.36998788,0.34759557,-0.1917234,0.8113411,0.8377574,0.8631034,0.7913614,0.75661844,0.7087915,0.86000884,0.84224284,0.63190943,0.8121002,0.87931746,0.9114244,0.8774889,0.8815771,0.83895314,0.7712352,0.89846355,0.71764517,0.73939246,0.8456697
1.0,0.23635136,-0.19313781,-0.114084855,0.27112228,-0.36207026,0.43890876,-0.18454042,0.24999294,0.4568526,-0.2557485,-0.05531107,-0.028543666,-0.14816186,-0.15261874,-0.18620127,0.2816003,-0.045362473,0.37052932,0.35058936,-0.19097683,0.80789924,0.8332923,0.8606194,0.79203016,0.7577732,0.7042202,0.85510385,0.8334823,0.63044804,0.80788916,0.8703557,0.9053484,0.8741893,0.86860186,0.8313916,0.7724712,0.89385283,0.71655655,0.73752904,0.84309435
1.0,0.23842911,-0.19095804,-0.11384845,0.27796468,-0.36445874,0.4462284,-0.1939463,0.25189707,0.45032597,-0.25545165,-0.05751598,-0.019738205,-0.14282286,-0.15116075,-0.18513358,0.28389704,-0.04438881,0.37057814,0.34816256,-0.19260544,0.81143034,0.83831847,0.8636415,0.7907997,0.7558373,0.70894295,0.86078715,0.84305286,0.6313563,0.81196356,0.8807384,0.9122448,0.8774385,0.8832383,0.83989495,0.770706,0.8989997,0.71690494,0.7391837,0.8455314
2.0,0.25169155,-0.21129824,-0.119185105,0.27439502,-0.37157053,0.4389488,-0.17197502,0.2574964,0.5061788,-0.26848036,-0.05455923,-0.058919363,-0.16665101,-0.15846479,-0.19139017,0.29771996,-0.04820983,0.3899665,0.36968023,-0.19958417,0.78402954,0.8131858,0.84965736,0.77629435,0.7512663,0.6807363,0.8393501,0.8023826,0.60768336,0.78392154,0.8435832,0.8885283,0.8587937,0.83300996,0.80131763,0.76204526,0.8713065,0.7036108,0.7217208,0.8269516
2.0,0.24787043,-0.20508738,-0.115810424,0.2811709,-0.3752116,0.4503817,-0.18859205,0.25652432,0.48000002,-0.264423,-0.060353078,-0.039089553,-0.15729657,-0.15402111,-0.19009122,0.2944612,-0.047513984,0.38374317,0.3637008,-0.20013443,0.7960785,0.825532,0.85770905,0.7807435,0.7501164,0.6929931,0.8516688,0.82258445,0.61568904,0.7944571,0.86412,0.9013423,0.86586326,0.85916597,0.82106656,0.7644349,0.8848851,0.7060265,0.72791547,0.8342087
1.0,0.20554148,-0.16181396,-0.10380559,0.25427857,-0.33856946,0.42685038,-0.19253877,0.23364443,0.37451097,-0.23096998,-0.051604524,0.013983928,-0.11897198,-0.14445639,-0.17852381,0.24872343,-0.039401665,0.33423734,0.3169816,-0.17024031,0.8489338,0.86419773,0.87742805,0.82370085,0.772472,0.7429379,0.8791185,0.8816916,0.6746858,0.85029876,0.9065147,0.92811525,0.9010357,0.9182885,0.8780482,0.79373,0.9295478,0.7432822,0.76673985,0.87052107
1.0,0.23680711,-0.19106323,-0.11249721,0.2766546,-0.36483657,0.44673267,-0.19387764,0.2508029,0.4466948,-0.25456974,-0.05814316,-0.01890473,-0.14355156,-0.15082139,-0.18594885,0.2821551,-0.04466015,0.3690772,0.3484575,-0.19181716,0.8128716,0.8388291,0.8644006,0.7925966,0.75601125,0.709715,0.8616615,0.8439845,0.6329156,0.8124248,0.88113904,0.9122154,0.8777163,0.8828916,0.84111726,0.7720955,0.89988923,0.7170512,0.7397725,0.84623575
1.0,0.25932285,-0.22122748,-0.11921735,0.28056246,-0.38277805,0.44763142,-0.1750195,0.261283,0.5219023,-0.27499405,-0.059814967,-0.06751811,-0.17487368,-0.15926151,-0.19535139,0.30654752,-0.05053787,0.3995538,0.38113663,-0.20665908,0.7753177,0.80749905,0.84824747,0.76866996,0.7450878,0.6721015,0.8371493,0.7938032,0.59715873,0.7732297,0.83866155,0.8845766,0.8519384,0.82442415,0.7938047,0.75652087,0.8647761,0.6950969,0.71446913,0.81997037
1.0,0.23481716,-0.18591069,-0.109944135,0.2828232,-0.36714613,0.45513985,-0.20709366,0.2505781,0.42747304,-0.25108027,-0.062499717,-0.0034787655,-0.13506949,-0.14724633,-0.18463182,0.2805045,-0.04331834,0.36514902,0.34298506,-0.19263187,0.82212305,0.8490016,0.8708818,0.7952561,0.7546379,0.71949756,0.8715807,0.86014307,0.6386745,0.821836,0.89824224,0.9230866,0.883924,0.9059455,0.85715544,0.77270526,0.9112017,0.7190603,0.7450388,0.8516447
1.0,0.26219344,-0.21955927,-0.11781293,0.29252228,-0.39045662,0.4634206,-0.19228229,0.26446405,0.50910544,-0.27534652,-0.065724656,-0.05291807,-0.16834337,-0.15644006,-0.19501068,0.31022644,-0.050119445,0.39973196,0.37989533,-0.21065587,0.7813809,0.8158151,0.85391486,0.767036,0.7409765,0.67917,0.8474015,0.80891854,0.59809744,0.77804834,0.85596526,0.8956622,0.8557889,0.8468121,0.8078364,0.75429434,0.87317014,0.6938862,0.7162238,0.8232242
2.0,0.24622981,-0.20243905,-0.115864694,0.2792376,-0.37167144,0.44759175,-0.18713944,0.25556427,0.4767923,-0.2629171,-0.05840584,-0.037215106,-0.15512845,-0.1542618,-0.18906087,0.29235685,-0.04686342,0.38122454,0.36072636,-0.19785589,0.79801387,0.8266633,0.85778964,0.7826075,0.7518278,0.6950867,0.8519902,0.82465625,0.6184305,0.7970678,0.8649927,0.9019166,0.86774945,0.8608894,0.8225753,0.7656397,0.8860207,0.7085355,0.7297003,0.8360545
1.0,0.2548506,-0.21517532,-0.119678006,0.2769357,-0.37587184,0.44176984,-0.17301577,0.2591228,0.5133985,-0.27125812,-0.056625284,-0.06290341,-0.16982603,-0.15873276,-0.19262093,0.30149078,-0.04913772,0.39419296,0.37411812,-0.20278761,0.7801281,0.8108345,0.8489028,0.77282953,0.7488984,0.6769407,0.83797175,0.79825115,0.6030482,0.77952576,0.84123427,0.88682044,0.8558011,0.8293273,0.7978061,0.7596222,0.86854184,0.7001156,0.71874523,0.8238297
1.0,0.22675855,-0.17910051,-0.1074291,0.27681315,-0.36102873,0.45025283,-0.20681411,0.24570847,0.40921846,-0.24534929,-0.061398283,0.004514456,-0.12988037,-0.14567336,-0.18308848,0.27179283,-0.042403176,0.35638162,0.33592853,-0.18729678,0.8309613,0.855279,0.8742467,0.8031805,0.7586116,0.7274181,0.87561524,0.8689021,0.6489245,0.8305575,0.9042951,0.9265919,0.8893518,0.9137609,0.86609167,0.77831143,0.91838914,0.72496116,0.7515749,0.8575629
1.0,0.23039174,-0.19026574,-0.115052074,0.2559029,-0.3488025,0.41942197,-0.16416761,0.24582809,0.46303916,-0.25278988,-0.04590042,-0.03996899,-0.15087453,-0.15592922,-0.18535617,0.27422434,-0.044506513,0.36544803,0.3468387,-0.18301281,0.8056765,0.826994,0.85505897,0.7974867,0.76484907,0.70080644,0.846206,0.8217077,0.6344254,0.8077895,0.8547822,0.89513236,0.873415,0.84897876,0.81982696,0.7767376,0.8872758,0.7225728,0.73867375,0.84280854
2.0,0.24698205,-0.20430003,-0.11535287,0.2812965,-0.3753311,0.45094788,-0.18985733,0.2561156,0.47684637,-0.26378766,-0.060948633,-0.03723345,-0.15639272,-0.15350342,-0.18993895,0.29368448,-0.047463268,0.3828011,0.36297068,-0.20004597,0.79747146,0.82687813,0.85858464,0.7815575,0.7502103,0.69427973,0.85282046,0.82443357,0.61680293,0.7956975,0.86599815,0.902453,0.8665813,0.86148465,0.8230425,0.7649528,0.8864097,0.7064234,0.7287436,0.8349834
1.0,0.23185413,-0.18865095,-0.11347024,0.26707903,-0.35714704,0.43425602,-0.18276052,0.24748611,0.4482181,-0.25252053,-0.053544506,-0.02501297,-0.1447618,-0.15205711,-0.1847105,0.2767558,-0.044625245,0.36561534,0.34577268,-0.18773887,0.8122388,0.8362213,0.8617439,0.79627013,0.7606688,0.70829135,0.85630673,0.8371886,0.6359603,0.8129382,0.8724587,0.90660256,0.87710136,0.8718057,0.83506626,0.7754974,0.8972208,0.7205651,0.7411644,0.8462136
2.0,0.24257605,-0.1942384,-0.11018646,0.2889372,-0.37580323,0.46343625,-0.20899612,0.25486392,0.44237337,-0.25693396,-0.06539685,-0.010182336,-0.14186355,-0.14878738,-0.18810514,0.2887698,-0.044927575,0.37313524,0.352251,-0.19776955,0.81439465,0.84338385,0.8688093,0.78848684,0.74953973,0.7119767,0.8695299,0.85287625,0.6291146,0.8123544,0.8939086,0.9196158,0.8784907,0.89846843,0.8500474,0.767421,0.9044741,0.71211845,0.73829275,0.84601545
1.0,0.2416872,-0.1997923,-0.11329219,0.27845407,-0.3723457,0.44956496,-0.1912986,0.25324023,0.46308535,-0.25986344,-0.06096918,-0.030316867,-0.15260068,-0.15204252,-0.1891365,0.2881516,-0.046864904,0.37684202,0.35828018,-0.19696239,0.80396074,0.83165693,0.86136293,0.78689384,0.7523843,0.70013636,0.85651094,0.8315645,0.6235272,0.80180573,0.8715521,0.9057198,0.870413,0.8684474,0.8302475,0.7685989,0.8920483,0.71001995,0.7330826,0.8392173
1.0,0.23326227,-0.18690714,-0.10673389,0.2866907,-0.37389868,0.46353525,-0.21583343,0.25012448,0.41651705,-0.25022593,-0.068717085,0.0029268637,-0.13462353,-0.14449416,-0.18635654,0.2801305,-0.043948114,0.36438292,0.3447974,-0.19533338,0.82640266,0.8539803,0.875408,0.79660463,0.7519084,0.722497,0.87758464,0.86651504,0.63993794,0.82360226,0.9067737,0.9279102,0.8848758,0.9151835,0.8651655,0.77315086,0.91691476,0.7167027,0.7462754,0.8526351
1.0,0.21800937,-0.17042132,-0.10251126,0.2774758,-0.36027497,0.45455846,-0.21888956,0.24139157,0.3771034,-0.23761053,-0.0661534,0.023514554,-0.119370885,-0.14061093,-0.18145168,0.26348716,-0.040701352,0.34664568,0.3269747,-0.18485394,0.8463204,0.86968935,0.88345677,0.81186783,0.759757,0.74165994,0.88818437,0.88945884,0.6617809,0.8453826,0.92436326,0.939099,0.89857936,0.94024104,0.8877522,0.78337026,0.9347857,0.7302286,0.7614106,0.8661348
1.0,0.2544135,-0.20531528,-0.11149344,0.301393,-0.39052278,0.47767046,-0.21642339,0.26248017,0.46222392,-0.2655597,-0.071883135,-0.017525025,-0.14882943,-0.14945102,-0.19191791,0.30253512,-0.046868324,0.3862448,0.3645946,-0.20824847,0.8040718,0.8380096,0.8673204,0.7770012,0.74105644,0.7023752,0.8685669,0.8446912,0.61443853,0.80067194,0.89199585,0.9179237,0.87101597,0.8945628,0.84278196,0.7583508,0.8977851,0.70165575,0.729289,0.83740467
2.0,0.23709938,-0.18973824,-0.112486795,0.27911943,-0.3656065,0.44896865,-0.19781026,0.25125182,0.44327056,-0.2542328,-0.059318498,-0.015103303,-0.14101604,-0.1499757,-0.185195,0.28265738,-0.04430794,0.36887202,0.34707528,-0.1926792,0.8145746,0.84143126,0.8658658,0.7923098,0.7554421,0.7118936,0.8639087,0.8477859,0.63353467,0.81453246,0.88570106,0.91516876,0.87910753,0.8893021,0.8448644,0.77150524,0.9025224,0.7172811,0.7408119,0.8472313
2.0,0.24264659,-0.19652575,-0.115623176,0.27728686,-0.36618197,0.44440728,-0.18777294,0.25381884,0.4666832,-0.2594973,-0.056225203,-0.030530669,-0.14929205,-0.15360516,-0.18674715,0.28825557,-0.045472518,0.37602252,0.35416806,-0.19438097,0.8034869,0.83107346,0.859451,0.78641033,0.7546048,0.7009574,0.8547246,0.8317931,0.62449497,0.80381674,0.8703397,0.9054836,0.8722742,0.86911935,0.8288277,0.7679869,0.89074737,0.7133492,0.734056,0.8403993
2.0,0.23228784,-0.18361948,-0.10192911,0.29482892,-0.37940323,0.47618526,-0.23140904,0.2502947,0.39560106,-0.24706645,-0.075399086,0.019460037,-0.12720767,-0.14058733,-0.18695244,0.27957278,-0.0427021,0.36093196,0.34151685,-0.19710346,0.8361485,0.86513263,0.88333845,0.7992346,0.7484844,0.7321855,0.88985676,0.8839326,0.64482975,0.83241415,0.92676103,0.9395437,0.89109176,0.94087887,0.88332164,0.7724307,0.9290249,0.7170094,0.7509862,0.85762924
1.0,0.23846245,-0.19229704,-0.111514226,0.27939293,-0.36760575,0.4511937,-0.19716522,0.25179246,0.44595513,-0.25529712,-0.059650913,-0.016947404,-0.14373392,-0.15069412,-0.18701366,0.283845,-0.044812195,0.36991885,0.3499204,-0.19271755,0.81310195,0.8394282,0.8653105,0.7917606,0.7543229,0.71006656,0.86365247,0.846175,0.63203865,0.8118658,0.883873,0.9135533,0.87791723,0.88580585,0.8430198,0.77093583,0.90038764,0.7157998,0.73911273,0.8462646
2.0,0.23674902,-0.1896366,-0.10650666,0.2896812,-0.37678945,0.46750557,-0.21719664,0.25192103,0.42145872,-0.25237557,-0.06949793,0.0016765967,-0.13645166,-0.1452645,-0.18766822,0.2834337,-0.044313475,0.36701792,0.34777892,-0.19681887,0.82391614,0.8522868,0.87481606,0.7941261,0.74984634,0.7204318,0.87753373,0.8652476,0.6366752,0.8205803,0.9064413,0.9271896,0.88353187,0.9141395,0.8635419,0.77078575,0.9146355,0.7144674,0.7438916,0.85114014
1.0,0.20978664,-0.16109674,-0.10367497,0.26523006,-0.34521848,0.4380415,-0.20785195,0.23597223,0.36837342,-0.23180436,-0.057813846,0.024613798,-0.113662906,-0.1417115,-0.1773757,0.25333008,-0.039010778,0.33731163,0.3165095,-0.17580679,0.851622,0.8713862,0.88214284,0.8197763,0.767936,0.7474053,0.885684,0.8916295,0.6727024,0.85378605,0.9209427,0.93728006,0.9034813,0.9379028,0.8884961,0.7897785,0.9366069,0.740158,0.76778746,0.87162346
1.0,0.2678327,-0.22802226,-0.120150015,0.29123625,-0.39375633,0.4602032,-0.18398423,0.26658702,0.53234375,-0.28081813,-0.06507306,-0.06940488,-0.1779139,-0.1590994,-0.1974484,0.31613684,-0.05170781,0.40835813,0.3888954,-0.21404532,0.76999444,0.8058261,0.8485378,0.76061374,0.73879904,0.66769856,0.83873826,0.7924866,0.5884068,0.76676595,0.841049,0.8862839,0.8480624,0.8269797,0.7924093,0.75046474,0.8621814,0.68830276,0.7092421,0.8153891
2.0,0.21047276,-0.16089852,-0.096535966,0.2808481,-0.36002278,0.4617518,-0.23457816,0.2376087,0.3417809,-0.22903578,-0.07177143,0.046432454,-0.106286414,-0.13496536,-0.17982042,0.25595787,-0.038009465,0.3367583,0.31668335,-0.18257149,0.8636454,0.8867673,0.89442086,0.82044965,0.7596881,0.7583855,0.9039165,0.91487306,0.6755256,0.8630249,0.9498782,0.9548281,0.9100389,0.9747849,0.9141045,0.78716254,0.9539905,0.73581135,0.7724561,0.87593544
1.0,0.23710933,-0.19277358,-0.11405036,0.2745679,-0.36446214,0.44268948,-0.18947858,0.25084558,0.4540418,-0.25592306,-0.0574945,-0.025177918,-0.14633283,-0.15148917,-0.18580206,0.28295356,-0.0452843,0.3712115,0.35034612,-0.19289131,0.80912054,0.83565146,0.8622677,0.7910785,0.7564726,0.7057555,0.8575567,0.8369479,0.630119,0.8091251,0.87489724,0.90835726,0.87485063,0.8747621,0.8350087,0.77162284,0.8963829,0.7158556,0.7379648,0.8434975
1.0,0.23192391,-0.1886842,-0.111004874,0.27298033,-0.36334944,0.44403338,-0.19350737,0.24799573,0.43765846,-0.25198427,-0.05898299,-0.016313203,-0.14240932,-0.14956398,-0.18568115,0.27758795,-0.04485753,0.3651183,0.34632784,-0.19020745,0.8167228,0.8416572,0.8662322,0.7966377,0.7577448,0.7125368,0.8630812,0.8463101,0.6372752,0.81557393,0.8830075,0.912985,0.87917024,0.88444287,0.8445392,0.77515537,0.9032734,0.71889174,0.7425232,0.8481508
1.0,0.23864666,-0.19459333,-0.10911144,0.2865454,-0.37757367,0.4624829,-0.20904595,0.25270873,0.4372396,-0.25586665,-0.068037234,-0.010788344,-0.1434651,-0.14722124,-0.1885463,0.2859767,-0.045796268,0.37175703,0.35325912,-0.19849145,0.81596553,0.84460753,0.8701534,0.7906713,0.74998534,0.711997,0.86987156,0.8519228,0.6306099,0.81236565,0.89346844,0.9193292,0.8775428,0.8966301,0.8509029,0.76978797,0.9063022,0.7114178,0.7391899,0.8457736
1.0,0.21358578,-0.1660689,-0.10581648,0.26324394,-0.34466684,0.43472117,-0.19878781,0.23800966,0.38587362,-0.23548034,-0.054038756,0.012964219,-0.12041771,-0.14478227,-0.17887986,0.25683933,-0.039736345,0.34163848,0.32133365,-0.17567167,0.84340215,0.8621902,0.87645596,0.8162175,0.7680353,0.7392137,0.87841916,0.8797386,0.6664671,0.8453286,0.90786266,0.9293678,0.89842176,0.92064476,0.87560266,0.7880106,0.9267566,0.73799556,0.76232666,0.86725086
1.0,0.2563236,-0.21794526,-0.11832748,0.2809899,-0.38219744,0.44885096,-0.17882296,0.2600983,0.5116938,-0.27262625,-0.060948536,-0.061109535,-0.17127755,-0.15752867,-0.19427024,0.3037039,-0.05011016,0.39621273,0.3776477,-0.20600729,0.7800546,0.8118379,0.85073864,0.7714061,0.74596465,0.67667705,0.840575,0.80004543,0.601088,0.77783465,0.84458715,0.88853174,0.8545866,0.8322652,0.8001624,0.75849813,0.8697942,0.6969623,0.7174112,0.8228671
2.0,0.2649216,-0.22647144,-0.122057095,0.27952096,-0.38210076,0.443121,-0.16656747,0.26384878,0.5426677,-0.27892283,-0.05632557,-0.08051293,-0.18067744,-0.16247246,-0.19632837,0.31170702,-0.050597206,0.40622956,0.38604403,-0.20762604,0.76630485,0.79922384,0.84287935,0.7631676,0.7442638,0.66345555,0.82972145,0.7812106,0.58980435,0.7656027,0.82656175,0.8775892,0.8473078,0.80993515,0.7810393,0.7528022,0.8554208,0.6923861,0.7095668,0.8144079
2.0,0.23414278,-0.18641149,-0.10983218,0.2811669,-0.36676198,0.45370987,-0.20523232,0.24991074,0.4282997,-0.2511877,-0.062189005,-0.005149387,-0.1364024,-0.14758433,-0.18495472,0.27974498,-0.0436877,0.36487272,0.34370118,-0.19213045,0.8215621,0.84808135,0.87036616,0.79575783,0.7550994,0.71858263,0.8704676,0.85825163,0.638735,0.82081765,0.89616436,0.9215735,0.88324714,0.902671,0.8555249,0.7732944,0.91011065,0.71892536,0.74472904,0.8512611
2.0,0.25674066,-0.21573947,-0.11941376,0.2805419,-0.37845463,0.44663015,-0.17732453,0.2604627,0.51239157,-0.27208224,-0.057978936,-0.06004802,-0.16899863,-0.15850697,-0.192958,0.3034539,-0.049153835,0.39514992,0.37488335,-0.20395444,0.7806729,0.81199545,0.84988254,0.7715757,0.7473323,0.6778689,0.84023803,0.8014159,0.6023117,0.77955085,0.8448491,0.8891246,0.8563315,0.83388734,0.8003522,0.7584462,0.86954314,0.6991993,0.71838105,0.8241628
2.0,0.24565259,-0.19655746,-0.11110014,0.291638,-0.37837005,0.46568823,-0.20990637,0.2568577,0.4485099,-0.25903425,-0.06612138,-0.0125076175,-0.1432563,-0.14921188,-0.18859264,0.2922011,-0.045214348,0.37645605,0.35467738,-0.20002791,0.81145906,0.8416369,0.8679045,0.7854293,0.74788165,0.70943874,0.8685616,0.85030556,0.6254136,0.80958855,0.8926233,0.9188992,0.8767242,0.89690965,0.84746933,0.76511806,0.90237474,0.70997524,0.7361069,0.84387594
2.0,0.2582494,-0.2182547,-0.1185541,0.28494066,-0.38472867,0.45331657,-0.18332614,0.2616271,0.51113623,-0.27348584,-0.06240815,-0.058500446,-0.17005208,-0.15703915,-0.1941736,0.3059067,-0.050019547,0.39755437,0.378043,-0.20768678,0.7804503,0.8132058,0.8516887,0.7697578,0.74447364,0.67750937,0.8426304,0.8028926,0.60003847,0.7780698,0.84825987,0.8911187,0.85498315,0.83728546,0.8026122,0.75712675,0.8710139,0.6960364,0.71712196,0.82294965
1.0,0.23453392,-0.18636057,-0.107609235,0.28505403,-0.37044644,0.46043128,-0.2120279,0.25033236,0.4210223,-0.25065288,-0.06542894,0.001001671,-0.13464627,-0.14620899,-0.18596679,0.28033194,-0.043603897,0.36420262,0.34390232,-0.19325384,0.82475585,0.8517867,0.8734335,0.79628545,0.75302875,0.72168076,0.8753999,0.8647531,0.6398033,0.82292926,0.90370876,0.9257567,0.8850553,0.9116929,0.86219203,0.772693,0.91410154,0.71808463,0.7457073,0.8527897
1.0,0.2429623,-0.20494173,-0.11692533,0.2666559,-0.36494958,0.43171078,-0.16874605,0.2525123,0.4901175,-0.26281682,-0.05301462,-0.053366177,-0.16279492,-0.15702957,-0.19004613,0.28858858,-0.047603205,0.38129017,0.3629989,-0.19452168,0.79136,0.8177679,0.85191256,0.78442943,0.75580436,0.68693507,0.84122866,0.8073188,0.6167594,0.7914105,0.84635794,0.8896465,0.86280584,0.83610594,0.8070881,0.7678528,0.8770135,0.7091454,0.7273619,0.83174413
1.0,0.21151958,-0.16406375,-0.10200913,0.2674463,-0.34875208,0.44307798,-0.2093091,0.2371459,0.36963686,-0.23289527,-0.059079193,0.024148405,-0.11616219,-0.14193165,-0.17963853,0.25529706,-0.039278507,0.33848915,0.31959853,-0.17628655,0.8508864,0.8699321,0.8822889,0.81904763,0.76599264,0.746076,0.8870985,0.8921292,0.6710511,0.85126835,0.9210118,0.9370834,0.90270495,0.9370595,0.88855106,0.78882307,0.93539315,0.7382651,0.76603496,0.87097627
2.0,0.24134591,-0.19681232,-0.11468461,0.2772789,-0.36772102,0.44582325,-0.18923946,0.2531645,0.46318313,-0.25876153,-0.057781287,-0.029363178,-0.14971915,-0.15262538,-0.18727899,0.28714603,-0.0457505,0.37542865,0.3545047,-0.19483843,0.80480707,0.8320354,0.8605044,0.7874547,0.7543173,0.70171815,0.8558073,0.8328457,0.62532115,0.80436695,0.8715262,0.9063518,0.8722733,0.8701388,0.8304779,0.7690016,0.89231294,0.71282667,0.73454094,0.84071356
2.0,0.24758647,-0.20089598,-0.11209074,0.29094383,-0.38079262,0.46498662,-0.20626578,0.25759166,0.4584104,-0.26172686,-0.066413835,-0.020192005,-0.14855784,-0.15026486,-0.18990858,0.29455099,-0.046381816,0.38015082,0.35957533,-0.2018559,0.80629504,0.83687824,0.86543334,0.7828081,0.74693763,0.7037917,0.8645098,0.8422635,0.6208789,0.8035519,0.885276,0.9143043,0.87256736,0.8864659,0.8400564,0.76404583,0.89713365,0.7069078,0.7325602,0.8401571
1.0,0.24679735,-0.20091833,-0.115797475,0.28214246,-0.37223047,0.45063078,-0.19116731,0.25650644,0.47303098,-0.2623109,-0.058981314,-0.032822028,-0.15215912,-0.15349245,-0.18842235,0.29309276,-0.046164185,0.3807956,0.35888016,-0.19820014,0.80017185,0.82911956,0.8591756,0.78244287,0.75127625,0.69770545,0.8548587,0.82961065,0.619399,0.7996342,0.8698884,0.9054027,0.8696254,0.8680725,0.82684875,0.76515555,0.888761,0.7093211,0.73084074,0.8375069
1.0,0.22731665,-0.18053779,-0.11114043,0.26893526,-0.35404265,0.43755373,-0.1918984,0.24534625,0.42626464,-0.24728303,-0.054425523,-0.0090832785,-0.13483751,-0.14935052,-0.1823175,0.27160317,-0.04275395,0.35811546,0.33705828,-0.18453048,0.8233086,0.84642756,0.8674724,0.8018156,0.7622011,0.7199706,0.8654132,0.85454726,0.6457265,0.82457405,0.88803506,0.9166066,0.88518023,0.89325213,0.85118705,0.77851856,0.908366,0.7261245,0.74834216,0.8539534
2.0,0.24857612,-0.21154012,-0.1171968,0.2699936,-0.37049353,0.43637618,-0.16822055,0.25533214,0.5029163,-0.26684022,-0.05430691,-0.06020852,-0.16861188,-0.15839975,-0.19275504,0.2943985,-0.048489854,0.38743153,0.37000072,-0.19750597,0.7850793,0.8123399,0.8496855,0.77955717,0.7523127,0.68072444,0.8388299,0.8010378,0.60990703,0.78401846,0.8410122,0.8862283,0.858676,0.82840526,0.80058354,0.76437026,0.8711206,0.7043397,0.7222682,0.82744986
1.0,0.23164144,-0.18770278,-0.11408226,0.2643721,-0.3535334,0.43016118,-0.17840907,0.24710447,0.45089245,-0.2522865,-0.050573297,-0.02710522,-0.14472678,-0.15334015,-0.18431613,0.27600187,-0.04419346,0.3646733,0.34460706,-0.18543252,0.81143516,0.8346232,0.8601424,0.7968517,0.76222456,0.7076775,0.8544544,0.8353794,0.63667876,0.8128121,0.8694442,0.9045623,0.8774367,0.868237,0.83252805,0.7757441,0.89512074,0.722361,0.74121106,0.8464888
2.0,0.19469301,-0.14208819,-0.08896802,0.27557996,-0.3483858,0.45831943,-0.24641156,0.22782212,0.2893057,-0.21312551,-0.07331279,0.07631836,-0.08509197,-0.1284248,-0.17488936,0.23831709,-0.0330083,0.3169269,0.29577574,-0.17242447,0.8902944,0.91063964,0.90819675,0.83792317,0.76529604,0.7846504,0.92320204,0.9504687,0.70247,0.892849,0.9809084,0.9738124,0.929193,1.0190183,0.95012707,0.79682285,0.9805816,0.7505495,0.79195917,0.89281106
2.0,0.25410393,-0.21359639,-0.11816393,0.28065667,-0.3786888,0.44811106,-0.18057218,0.25921142,0.503589,-0.27018106,-0.05950123,-0.054960825,-0.16673073,-0.15699029,-0.19258103,0.3009792,-0.049061835,0.39238903,0.372765,-0.20356075,0.7845306,0.8154467,0.8521507,0.7740488,0.7477554,0.68143344,0.8431936,0.80635303,0.60549825,0.78290105,0.84961283,0.89203715,0.85821784,0.8397007,0.80559033,0.7601974,0.87362033,0.70030236,0.72059065,0.82639724
2.0,0.23278339,-0.18452522,-0.10685225,0.28465623,-0.36952335,0.460457,-0.21338034,0.24943024,0.41548783,-0.24909301,-0.06565392,0.004163407,-0.13272223,-0.14547259,-0.18551566,0.2784881,-0.04319735,0.36215752,0.34188852,-0.19234714,0.8274715,0.85405576,0.8747643,0.7980768,0.75362676,0.7242601,0.8772644,0.8682015,0.64236647,0.82570815,0.9066809,0.92770183,0.8867912,0.91579896,0.86565137,0.773846,0.91677606,0.7194182,0.74755687,0.85449857
1.0,0.25737852,-0.21778275,-0.12011689,0.27976698,-0.3794291,0.44486877,-0.17484364,0.260742,0.51796937,-0.27318367,-0.05832348,-0.064965524,-0.17149583,-0.15865748,-0.1933422,0.3046143,-0.04960245,0.39740774,0.37700278,-0.20540383,0.77773196,0.809604,0.8486375,0.770096,0.746954,0.6746845,0.8377202,0.7964009,0.5997357,0.7768696,0.840581,0.8865527,0.8539193,0.8283803,0.7961875,0.75773066,0.867197,0.6977022,0.71677434,0.8217635
2.0,0.20733719,-0.15349142,-0.09583256,0.27914983,-0.35281473,0.45787483,-0.23616323,0.23528472,0.3296303,-0.22415122,-0.06915216,0.055311225,-0.097997956,-0.13377732,-0.17695494,0.25106555,-0.035661295,0.33095732,0.30773157,-0.178305,0.87037003,0.8926508,0.8969506,0.8249146,0.7624538,0.76677835,0.9078614,0.9253971,0.6834866,0.8730457,0.9579099,0.9600856,0.91652465,0.9880045,0.92337006,0.78930354,0.9607247,0.74198216,0.7782187,0.88173604
1.0,0.23798923,-0.19157366,-0.11150032,0.28055164,-0.3683983,0.45230928,-0.19958425,0.2517415,0.44322547,-0.25487074,-0.0608534,-0.01490242,-0.14248917,-0.14979753,-0.18652758,0.28365242,-0.044739775,0.36975715,0.349176,-0.19359073,0.81431717,0.8411587,0.86637425,0.7918394,0.7540617,0.7113129,0.86485755,0.8480336,0.6325154,0.8131887,0.8863825,0.91534483,0.87846327,0.8893051,0.84526247,0.771034,0.9023532,0.7157049,0.739885,0.84670824
1.0,0.25748104,-0.21785389,-0.11921838,0.279968,-0.37984592,0.4464853,-0.17592663,0.26050013,0.5160164,-0.27313736,-0.058576465,-0.06315451,-0.1714865,-0.1588833,-0.19399497,0.3043297,-0.04976383,0.39658782,0.37734795,-0.20470697,0.77858615,0.810117,0.8491822,0.7707334,0.7466366,0.6755506,0.83881086,0.7981537,0.6005046,0.77698034,0.8420876,0.8869652,0.85461557,0.82952404,0.79757965,0.75787467,0.86748564,0.6976866,0.7168706,0.8225823
2.0,0.23694156,-0.18823808,-0.10747813,0.2893698,-0.37475044,0.4654969,-0.21644893,0.2520476,0.42231348,-0.25214818,-0.06819472,0.0019405484,-0.13494793,-0.14554667,-0.18657897,0.28335965,-0.04388856,0.36682567,0.34608385,-0.19633675,0.82383424,0.85246325,0.8743457,0.7938808,0.75060076,0.72094244,0.87684876,0.8653687,0.6369979,0.8216625,0.90641165,0.9273685,0.88416195,0.9149767,0.86330795,0.77058077,0.91469544,0.7155638,0.7444249,0.8515001
1.0,0.22046013,-0.17391895,-0.110664666,0.26002443,-0.3437635,0.42694,-0.18420878,0.24128166,0.41709033,-0.24235226,-0.048816033,-0.007242352,-0.1308926,-0.1497958,-0.18021812,0.26354054,-0.041286387,0.35029694,0.3295267,-0.17739046,0.8284866,0.8481749,0.86717665,0.8087309,0.7679375,0.72475696,0.8650324,0.8574498,0.6544836,0.8312039,0.8866972,0.9159214,0.88928187,0.89264584,0.853169,0.7835997,0.9105829,0.73349184,0.7533294,0.8585054
2.0,0.24443074,-0.1998371,-0.11541352,0.27811974,-0.36909896,0.4464604,-0.18719226,0.25471592,0.4716062,-0.26100916,-0.05714649,-0.033946425,-0.15266252,-0.15396981,-0.18833196,0.29014182,-0.04611309,0.37850854,0.35765636,-0.19574456,0.800888,0.82847524,0.8585283,0.78479564,0.75316083,0.6979983,0.85348934,0.82835054,0.62162876,0.80030924,0.86733055,0.90362865,0.8700539,0.86448973,0.8256343,0.76707464,0.8882079,0.71092224,0.7317694,0.83834696
1.0,0.2548308,-0.2133605,-0.117285356,0.28480783,-0.382091,0.4541336,-0.18712749,0.260077,0.49832687,-0.27019936,-0.06225466,-0.04966321,-0.16482696,-0.15568435,-0.19281185,0.30208194,-0.049096197,0.39242157,0.37275058,-0.20518097,0.7868517,0.818498,0.85448015,0.77369374,0.7460631,0.683958,0.8470601,0.8118019,0.6058927,0.7844515,0.85592484,0.8959779,0.8594303,0.847534,0.8108982,0.75959975,0.8768504,0.6995024,0.7211668,0.82752174
2.0,0.23806572,-0.19194174,-0.11354169,0.27611452,-0.36401528,0.4449486,-0.19127482,0.25145018,0.45206997,-0.25551906,-0.0567348,-0.022085145,-0.14471886,-0.15174454,-0.1858837,0.28327882,-0.044644266,0.37045446,0.3491752,-0.19175729,0.8105404,0.8365803,0.86274827,0.79131484,0.7562218,0.7076337,0.8594752,0.8407419,0.6312236,0.8105969,0.87775743,0.9102765,0.8766281,0.8788788,0.83757824,0.77130264,0.8973132,0.71676403,0.7385519,0.8450243
1.0,0.25121853,-0.20848925,-0.11472261,0.2872711,-0.3824703,0.45934305,-0.19565135,0.25865114,0.48043242,-0.2667768,-0.064875714,-0.03719168,-0.15857363,-0.15317386,-0.19186614,0.2986093,-0.04835306,0.38702545,0.3679485,-0.20412107,0.79519546,0.8264395,0.85944283,0.7778459,0.7462538,0.6921914,0.8546629,0.8245731,0.61226946,0.7920118,0.8684088,0.90352315,0.8645565,0.863441,0.8234083,0.7618332,0.88555926,0.70218575,0.72582936,0.83275604
2.0,0.23800142,-0.19123049,-0.10916206,0.28621992,-0.37382507,0.46119964,-0.20944807,0.25232553,0.43306062,-0.25405762,-0.06586426,-0.0066745803,-0.1397467,-0.14732352,-0.18722665,0.28437197,-0.04464832,0.3692667,0.3491574,-0.1961247,0.81869495,0.846638,0.87068695,0.7922379,0.7513559,0.71548176,0.8713362,0.8565068,0.63373035,0.81636304,0.8966662,0.9215899,0.88056105,0.9020522,0.85434145,0.77050173,0.90849113,0.71433234,0.74143475,0.8484705
1.0,0.19980648,-0.1511393,-0.09855068,0.26109785,-0.33873165,0.437087,-0.21283498,0.23051521,0.33787283,-0.2227636,-0.05766277,0.04064326,-0.103277974,-0.13845977,-0.17575908,0.24265192,-0.03638131,0.32486802,0.30544084,-0.16844907,0.86710876,0.88300544,0.88927525,0.83095556,0.7717302,0.7618969,0.8968917,0.9120316,0.6889627,0.86938566,0.9361744,0.9469497,0.9140311,0.95918626,0.9079669,0.7967113,0.9503215,0.74923724,0.7783121,0.8817831
1.0,0.20713127,-0.15840496,-0.099742025,0.2683037,-0.34726608,0.445043,-0.21632838,0.2349216,0.3519322,-0.2282052,-0.06104499,0.035416964,-0.1089626,-0.13907059,-0.1780718,0.25084114,-0.037788793,0.3331353,0.31333914,-0.17466861,0.859713,0.87833863,0.8874382,0.82365507,0.7668175,0.7548424,0.89437765,0.9048845,0.67869914,0.8607519,0.93297386,0.94490683,0.9086788,0.9538642,0.901456,0.79143894,0.9450504,0.74191326,0.7720002,0.8762887
1.0,0.24411893,-0.20734192,-0.11611551,0.2704991,-0.3706832,0.4377385,-0.1741676,0.2535128,0.48875505,-0.26377437,-0.05699577,-0.051834516,-0.1639075,-0.15551984,-0.19122273,0.29050347,-0.048339143,0.38344434,0.36570498,-0.19778892,0.7913312,0.81870866,0.8535526,0.7829913,0.7532675,0.6867206,0.84330934,0.8087004,0.61482644,0.79023284,0.84918386,0.89157504,0.8616495,0.8390018,0.8091977,0.7670083,0.87854195,0.70616645,0.7263277,0.8307467
1.0,0.24369736,-0.20715968,-0.117412165,0.2638239,-0.3640225,0.427768,-0.1629085,0.2525608,0.49788016,-0.26388374,-0.051524125,-0.06006243,-0.16618538,-0.15838218,-0.19089073,0.2893138,-0.047913462,0.38303882,0.36526045,-0.19439536,0.787581,0.81381756,0.84951967,0.7834474,0.75607634,0.6828397,0.8373559,0.8003282,0.61425424,0.7880413,0.8395713,0.885055,0.8603619,0.8271074,0.800639,0.7671644,0.8728059,0.7082482,0.7254141,0.8291803
1.0,0.2628488,-0.22397052,-0.121215954,0.28088492,-0.38270372,0.4455937,-0.17128742,0.26304466,0.5337111,-0.27752686,-0.05816453,-0.07433871,-0.17758593,-0.16092792,-0.19551128,0.3099747,-0.050593928,0.4036729,0.38373813,-0.20779628,0.77018166,0.80329525,0.84540033,0.76501834,0.7444508,0.66738045,0.833173,0.7871322,0.5926841,0.7690476,0.8326539,0.8811995,0.84933805,0.81748897,0.7870489,0.75404966,0.859813,0.69342226,0.7116971,0.8167825
2.0,0.23733824,-0.19336429,-0.11347613,0.27260938,-0.3628263,0.4414824,-0.18615419,0.2506302,0.45598283,-0.2558444,-0.05537297,-0.026831001,-0.14775735,-0.15276855,-0.18673721,0.28238,-0.04512815,0.37047186,0.35075897,-0.19063419,0.8085075,0.833593,0.8610148,0.7918839,0.7570814,0.7049882,0.8565896,0.83580625,0.63062537,0.8081173,0.8721614,0.9064375,0.874952,0.87087995,0.8329522,0.7720322,0.8941759,0.71658605,0.737435,0.84375954
1.0,0.23307838,-0.18875034,-0.113818005,0.26741064,-0.35637325,0.4341649,-0.18204659,0.2480489,0.45052147,-0.25302804,-0.052380234,-0.025448546,-0.14471206,-0.1528185,-0.18470916,0.2776112,-0.044369362,0.36599168,0.34576207,-0.18708354,0.8114633,0.83538145,0.86100817,0.795613,0.7606765,0.7078908,0.85590565,0.83704865,0.6354915,0.8123888,0.8718897,0.90623116,0.87730646,0.8713072,0.83418816,0.77478683,0.8959869,0.7208393,0.7406743,0.8462455
2.0,0.23746802,-0.19272816,-0.11296184,0.27654317,-0.36607337,0.44635186,-0.192828,0.25110582,0.45042413,-0.25563416,-0.058652185,-0.02180057,-0.14549777,-0.15102658,-0.18634048,0.28311402,-0.04518369,0.37071875,0.35034373,-0.19299012,0.810831,0.8372713,0.8636026,0.7914304,0.75555545,0.7074951,0.86002916,0.8406131,0.6309197,0.81017536,0.8785509,0.91056913,0.8759801,0.87918544,0.8383089,0.77153,0.89817315,0.7155966,0.7384537,0.8445728
1.0,0.20751792,-0.15821448,-0.102354765,0.26287386,-0.34112424,0.43625814,-0.20602995,0.23474321,0.36247417,-0.22918719,-0.055142723,0.027452324,-0.111170195,-0.14182185,-0.17718142,0.25029963,-0.0377348,0.3332881,0.31276816,-0.17167553,0.85512125,0.8723997,0.88261217,0.8232425,0.7698656,0.7509322,0.8878555,0.89680105,0.67764086,0.8576457,0.9224949,0.9385252,0.9066789,0.9408898,0.8920322,0.7918763,0.93834376,0.7440924,0.77020353,0.8749495
1.0,0.2533849,-0.21372963,-0.11778696,0.27987397,-0.3787753,0.44771254,-0.18010125,0.25872427,0.50277793,-0.26989013,-0.059771575,-0.055240788,-0.16720456,-0.1568161,-0.19282669,0.3003049,-0.049218893,0.3919987,0.3729568,-0.20344402,0.7847218,0.815393,0.8522756,0.77463406,0.7478853,0.68139035,0.84310037,0.80598825,0.6058378,0.7828675,0.8491745,0.89164156,0.8580278,0.8388348,0.80550426,0.7606895,0.87374264,0.70025384,0.72068894,0.8263881
1.0,0.24022217,-0.1924698,-0.10725417,0.29420194,-0.38150704,0.47197032,-0.22056416,0.254376,0.4267902,-0.25489077,-0.07204519,0.00019741058,-0.13771597,-0.14496991,-0.18830284,0.2878487,-0.044793352,0.3711708,0.35100567,-0.20072207,0.82107085,0.8514648,0.8747516,0.7903252,0.7471569,0.71789336,0.8775795,0.8633162,0.63206124,0.81764364,0.90699226,0.9275403,0.88140607,0.9147285,0.86215454,0.7678323,0.91352767,0.7112763,0.7414492,0.8485442
1.0,0.19871467,-0.15109299,-0.096822396,0.2622796,-0.34090048,0.44030234,-0.21619645,0.230167,0.33209556,-0.22189416,-0.05986567,0.043857038,-0.102593444,-0.13738808,-0.17655396,0.24213453,-0.036358714,0.3237976,0.30560118,-0.16873927,0.8697445,0.88547164,0.89143276,0.8321736,0.77083325,0.76377785,0.9001317,0.91594666,0.69045705,0.87088895,0.94029206,0.94928914,0.9152292,0.96399224,0.91233295,0.7971591,0.95317173,0.7489787,0.7794137,0.88273346
2.0,0.22339655,-0.17380615,-0.09940638,0.28894752,-0.37057126,0.47018307,-0.2325134,0.24495727,0.3728586,-0.23937657,-0.07325331,0.0313802,-0.11824573,-0.13847235,-0.18405741,0.26951706,-0.04058677,0.35032225,0.3306477,-0.19029285,0.8478245,0.87404066,0.88784295,0.8084057,0.75333184,0.74354523,0.89579207,0.89748156,0.657967,0.845422,0.9366595,0.9459265,0.89944917,0.95533615,0.8964543,0.778538,0.9392992,0.7252531,0.759999,0.8658223
1.0,0.26902378,-0.23017843,-0.12077567,0.2895395,-0.3933422,0.45766714,-0.1797878,0.26682064,0.5394371,-0.28192434,-0.063864514,-0.07492604,-0.18084934,-0.16021664,-0.19810441,0.31711626,-0.051960193,0.41032702,0.3910134,-0.21407488,0.7666839,0.802383,0.84651345,0.75934005,0.73876655,0.66428834,0.83557975,0.78708404,0.5861239,0.7637341,0.83549434,0.882859,0.84601545,0.8198617,0.78717786,0.74980104,0.85857075,0.6873159,0.70747024,0.8132991
2.0,0.23481685,-0.18710159,-0.107702725,0.28507346,-0.3710007,0.46058193,-0.21160975,0.2504952,0.4223924,-0.25103965,-0.06555788,-7.542223e-05,-0.1355038,-0.14631492,-0.18623483,0.28070924,-0.043772995,0.3647797,0.34470403,-0.19357865,0.8240333,0.8510717,0.87310106,0.79590917,0.75283074,0.7208354,0.87489235,0.86362666,0.6390966,0.8219962,0.90266365,0.9251538,0.88442516,0.91018933,0.86115366,0.7725618,0.9133701,0.7175385,0.7451446,0.8522288
2.0,0.2468047,-0.20427565,-0.11519869,0.27951378,-0.37361437,0.44919744,-0.18724012,0.25571865,0.47805935,-0.2635724,-0.059353173,-0.03843742,-0.15705585,-0.1543341,-0.19023082,0.29299176,-0.047345214,0.38209745,0.36282694,-0.19845575,0.79710317,0.8256433,0.85770905,0.7822413,0.75093067,0.6938595,0.85185677,0.82341784,0.6173385,0.795303,0.86398274,0.9010166,0.86670774,0.858756,0.82157105,0.76538634,0.8850329,0.7071723,0.72861856,0.8352165
1.0,0.23225832,-0.18666384,-0.11052407,0.2767343,-0.36438316,0.44828284,-0.19963959,0.24857903,0.43127656,-0.25099587,-0.060482696,-0.009818025,-0.13858116,-0.1482637,-0.18485302,0.2778895,-0.044124633,0.3643171,0.34401757,-0.1908911,0.8200265,0.8456305,0.86862576,0.79676497,0.7568821,0.71643853,0.8670801,0.85319376,0.63893586,0.8192637,0.890303,0.9179336,0.88175327,0.89474976,0.85097474,0.77478755,0.9076113,0.7195028,0.7443649,0.85028756
2.0,0.25498798,-0.213728,-0.119227245,0.27888083,-0.3759845,0.44463816,-0.17631096,0.25952616,0.5089902,-0.27061698,-0.056767352,-0.058395274,-0.1674797,-0.15841341,-0.19228789,0.3014075,-0.048680864,0.39295498,0.3725661,-0.20222107,0.782528,0.8130195,0.8501317,0.77340454,0.74868983,0.67964226,0.84065694,0.8031253,0.6046776,0.78173137,0.84560555,0.8897084,0.85777277,0.83521914,0.80180174,0.7597534,0.87078637,0.70106363,0.71989757,0.82567817
1.0,0.24679998,-0.20217998,-0.114116505,0.2838363,-0.37558484,0.45507017,-0.19471529,0.2563726,0.46934912,-0.2623665,-0.061545298,-0.030431755,-0.15294513,-0.15268496,-0.18977267,0.29315883,-0.046701998,0.38071945,0.36056897,-0.19916667,0.80140024,0.8303798,0.86078507,0.7828905,0.7497965,0.69853264,0.857119,0.83188164,0.61953986,0.7994006,0.8728049,0.90677494,0.86965567,0.8705639,0.82953155,0.7652636,0.8902334,0.7078137,0.7306762,0.8378181
1.0,0.25040245,-0.21303804,-0.11840989,0.27143902,-0.37216634,0.43649927,-0.16865832,0.25635308,0.5079544,-0.26857,-0.055232897,-0.06285564,-0.16965982,-0.15853333,-0.19253367,0.29670775,-0.048988104,0.39024758,0.37178624,-0.19990808,0.7824456,0.8113557,0.8490739,0.7769741,0.75136304,0.6784279,0.83731276,0.79783857,0.60688436,0.78191984,0.83953106,0.8853201,0.8568227,0.8266559,0.79803866,0.76266783,0.86973614,0.702496,0.7208431,0.8253322
1.0,0.22783403,-0.18207553,-0.11092563,0.2700718,-0.35646307,0.4394922,-0.19316757,0.24576241,0.4271085,-0.24793053,-0.055961117,-0.009762883,-0.13613552,-0.14894715,-0.18297946,0.2725209,-0.04319969,0.35938442,0.33878937,-0.18600479,0.8226113,0.8460985,0.86772126,0.80101603,0.7611741,0.71895784,0.865486,0.853603,0.6443218,0.8232506,0.88788855,0.9165695,0.884121,0.89260834,0.85078293,0.7781312,0.9082189,0.7245139,0.74749184,0.85296655
1.0,0.23957673,-0.19509833,-0.11564958,0.2686243,-0.35836062,0.43438402,-0.176101,0.25160518,0.46975827,-0.25757822,-0.05000899,-0.03626851,-0.15103316,-0.15592082,-0.18685004,0.2840466,-0.044747524,0.37254658,0.35204005,-0.18844911,0.80274993,0.82692695,0.85614294,0.78996783,0.758615,0.6995082,0.85040694,0.8267462,0.6275374,0.8037304,0.8615924,0.89993805,0.8725844,0.85805297,0.8228408,0.77076566,0.8866451,0.7173062,0.7346984,0.8411143
1.0,0.2195713,-0.17711501,-0.106356084,0.26788154,-0.35692745,0.44182935,-0.19969174,0.24170598,0.40300196,-0.24233268,-0.059957027,0.0018877387,-0.13118368,-0.14537287,-0.1831386,0.26512715,-0.042937644,0.35142997,0.3341921,-0.18373881,0.8335519,0.8551949,0.87416434,0.8087933,0.76237667,0.7279827,0.87385476,0.8661317,0.6539966,0.83218765,0.8994912,0.923271,0.88943464,0.9062894,0.8646563,0.78325814,0.9189596,0.7279032,0.7540541,0.8585295
1.0,0.2175857,-0.17002575,-0.09939522,0.2825583,-0.36525035,0.46314055,-0.22825515,0.24164948,0.36583197,-0.23614816,-0.070986874,0.03196289,-0.116572924,-0.13814491,-0.18256474,0.263698,-0.040251106,0.34553483,0.3266893,-0.18658933,0.85146797,0.8755319,0.8881354,0.81300104,0.7570753,0.7462317,0.89534557,0.8986849,0.6637701,0.84922856,0.9351604,0.94554704,0.9013818,0.95381206,0.897708,0.78293765,0.94139653,0.7291918,0.7634946,0.8682599
1.0,0.24825823,-0.20375536,-0.109807685,0.2950939,-0.3879369,0.47293893,-0.21277422,0.2580933,0.4543639,-0.2628707,-0.071888566,-0.017747499,-0.15012416,-0.14862004,-0.1920065,0.29635358,-0.047408268,0.3815051,0.36351177,-0.20524053,0.80711615,0.8389512,0.8681472,0.7821128,0.7437074,0.7038246,0.86821973,0.84470755,0.61930436,0.8020141,0.8900523,0.91642284,0.87152296,0.8905822,0.8437981,0.7629902,0.89921266,0.70347536,0.7314892,0.8393451
1.0,0.22425959,-0.18225494,-0.108627394,0.2686969,-0.35908026,0.44104955,-0.19519159,0.24410042,0.41895738,-0.24638225,-0.059074715,-0.0075336173,-0.13676715,-0.14730462,-0.18418945,0.26988447,-0.043914437,0.35729647,0.33951825,-0.18641335,0.8257124,0.8485201,0.8701671,0.80382895,0.76091474,0.72054535,0.8679688,0.8555943,0.6466381,0.8246045,0.89033145,0.9176247,0.8843441,0.89417946,0.85429424,0.7802585,0.91150457,0.72403497,0.7489435,0.8535608
1.0,0.22414191,-0.18091829,-0.104770884,0.27527538,-0.36457396,0.45233977,-0.2074632,0.24449489,0.4041368,-0.24497873,-0.06438932,0.0044214725,-0.13248414,-0.1448595,-0.18541147,0.2705111,-0.043490894,0.3550201,0.33879173,-0.18747541,0.8325229,0.8560056,0.87590384,0.8053173,0.7578301,0.72710925,0.8776598,0.86919767,0.6499427,0.82936305,0.9048334,0.92588466,0.88857526,0.91195846,0.8676142,0.7796083,0.91937304,0.72384983,0.7516008,0.8572006
1.0,0.23975313,-0.1916481,-0.108597666,0.29113385,-0.37780982,0.4669557,-0.21586403,0.25378942,0.43046987,-0.25473315,-0.06907841,-0.002760671,-0.13808507,-0.14609334,-0.18742107,0.2867786,-0.04461579,0.37071878,0.34982878,-0.19892406,0.81969345,0.8493663,0.8727801,0.7906235,0.74901146,0.716813,0.8745585,0.86024743,0.63243335,0.8172037,0.90259105,0.92509335,0.8811031,0.9096735,0.8585419,0.76858866,0.9112229,0.71268916,0.7413992,0.8484237
1.0,0.25580308,-0.215845,-0.11561625,0.28783253,-0.3874144,0.4602525,-0.19154173,0.26065516,0.49632853,-0.27129397,-0.06591157,-0.048273914,-0.166374,-0.1548285,-0.19454849,0.30372232,-0.04993117,0.3936791,0.37605858,-0.20752174,0.7869585,0.81931764,0.8561152,0.77294564,0.74356544,0.68369216,0.8495512,0.8133953,0.6044965,0.78285927,0.8587132,0.8970799,0.8584439,0.8496112,0.8129802,0.7587472,0.87775016,0.6969433,0.7200096,0.82681537
1.0,0.21062231,-0.16544351,-0.103216976,0.26499027,-0.3490828,0.43975928,-0.20602632,0.23675308,0.37383345,-0.23380245,-0.059185587,0.019477002,-0.1187991,-0.14223135,-0.1796006,0.25502455,-0.040277936,0.33975387,0.32145134,-0.17740473,0.8484725,0.8678463,0.8809097,0.81845087,0.7665916,0.7429826,0.8837154,0.8859752,0.669179,0.84857184,0.915928,0.9339387,0.90008634,0.9297132,0.8836275,0.7893217,0.9330881,0.7370065,0.7648531,0.8686929
2.0,0.23635788,-0.1916797,-0.11089918,0.2783032,-0.36776596,0.45070848,-0.19758514,0.2506256,0.44207594,-0.25430354,-0.060634278,-0.016008228,-0.14359283,-0.14986107,-0.18692526,0.2820164,-0.045006536,0.36863586,0.34943545,-0.1926721,0.8146421,0.8406855,0.86623466,0.7932546,0.75477976,0.7110455,0.86428684,0.84693784,0.6335263,0.812943,0.884691,0.9140923,0.8781689,0.88653046,0.8444958,0.7722883,0.9020332,0.7160389,0.7401361,0.84680456
1.0,0.21194059,-0.16541111,-0.102300316,0.26710725,-0.3494095,0.44284517,-0.2078051,0.23754558,0.37269163,-0.23358539,-0.058893725,0.021691881,-0.117879055,-0.14225242,-0.18017104,0.25600046,-0.039552137,0.33947533,0.32097822,-0.17663002,0.849371,0.8681364,0.88137794,0.8184332,0.76584405,0.74427295,0.88584906,0.88965434,0.6697029,0.8493585,0.91835886,0.93556976,0.9014482,0.93338555,0.88610363,0.7886903,0.9336498,0.7374817,0.76486206,0.86990047
1.0,0.23660383,-0.19250412,-0.116102874,0.26664048,-0.35631323,0.43097192,-0.17592853,0.24981192,0.465182,-0.25605106,-0.050294675,-0.03483788,-0.14916855,-0.15485427,-0.18525404,0.28120956,-0.04475662,0.37060478,0.34945062,-0.18833879,0.8046736,0.8292617,0.8570357,0.7917487,0.7602589,0.70132065,0.8502094,0.82729226,0.6298028,0.8063564,0.86272645,0.90073425,0.8733116,0.8598367,0.8244824,0.772406,0.88909423,0.71859264,0.73672414,0.8420523
1.0,0.22219715,-0.17303096,-0.10767613,0.27035517,-0.35174292,0.44147894,-0.2010529,0.24283302,0.40275994,-0.24147943,-0.05604803,0.006811574,-0.12552643,-0.14629498,-0.18076755,0.26591575,-0.04087624,0.3503044,0.32886925,-0.18126202,0.83496857,0.8567934,0.87379915,0.8081331,0.7633366,0.7318348,0.87529546,0.8723048,0.655982,0.83653045,0.90387547,0.9266037,0.89331275,0.9148262,0.8680842,0.78187275,0.92017376,0.7314329,0.7557471,0.8616822
1.0,0.24645047,-0.20543985,-0.11602683,0.27712187,-0.37290496,0.4454838,-0.18325627,0.25529754,0.48288417,-0.26417723,-0.058727153,-0.04332926,-0.15931156,-0.1547913,-0.19026312,0.292884,-0.04777807,0.38321123,0.3640591,-0.19881839,0.7945779,0.82323503,0.85616165,0.78170484,0.75152504,0.69103265,0.84871167,0.81806916,0.61578864,0.79312277,0.85896367,0.89786345,0.86467373,0.85218656,0.8170215,0.7654502,0.8825472,0.7065402,0.7275375,0.83333683
2.0,0.23446569,-0.19174758,-0.111161694,0.2725805,-0.3636778,0.44411674,-0.18960394,0.24922094,0.44579014,-0.25368783,-0.057223134,-0.021379441,-0.14596039,-0.15130398,-0.18720025,0.27970636,-0.045009248,0.3672416,0.34925935,-0.18970829,0.8130569,0.8371524,0.8637577,0.7950269,0.7571231,0.7088639,0.8605804,0.8418032,0.6344422,0.8115035,0.87746114,0.90946585,0.8771821,0.87702537,0.83914816,0.7740151,0.89850867,0.71769154,0.73977906,0.8463004
1.0,0.22759306,-0.18330064,-0.11214329,0.26532754,-0.35321406,0.4329819,-0.18487158,0.24523866,0.43525368,-0.24870825,-0.052687258,-0.017267443,-0.13946408,-0.15081811,-0.18316069,0.2719261,-0.043504283,0.35997385,0.33993992,-0.18444824,0.81882066,0.84138185,0.8643766,0.80089235,0.76292694,0.7148646,0.8603129,0.8456769,0.6428349,0.81995463,0.8790702,0.9109112,0.8817377,0.8810802,0.8429398,0.7785303,0.9030407,0.72489285,0.7458086,0.85091865
1.0,0.22319138,-0.17868964,-0.11051834,0.26324472,-0.3500448,0.43183407,-0.18666556,0.24289647,0.4226742,-0.24506128,-0.052323952,-0.010412969,-0.13506919,-0.1495351,-0.18209687,0.26714796,-0.042637095,0.35461393,0.33499804,-0.18145761,0.82505095,0.84614855,0.8670144,0.80553144,0.7649384,0.7208061,0.86414176,0.8532747,0.6493583,0.826284,0.884962,0.9146251,0.8858174,0.8890497,0.8502368,0.78160995,0.9085326,0.7287086,0.75011736,0.8551163
1.0,0.25478518,-0.21405791,-0.11715239,0.28355005,-0.38167465,0.45299488,-0.18506497,0.25981635,0.5001179,-0.27041608,-0.06168911,-0.05160723,-0.16608694,-0.15623161,-0.19321933,0.30192518,-0.049261466,0.3925407,0.37357187,-0.20475847,0.7858993,0.81722796,0.8537854,0.7738081,0.7462433,0.68283224,0.8459864,0.809911,0.60552865,0.7833937,0.85371965,0.89438003,0.8587555,0.8444095,0.8090302,0.7597416,0.8755222,0.6993739,0.72063965,0.8269867
1.0,0.25235367,-0.21227358,-0.120510936,0.2708597,-0.3683771,0.4328476,-0.16490144,0.25739032,0.5147906,-0.26943678,-0.05156228,-0.06574326,-0.16896701,-0.16032088,-0.19129169,0.2981676,-0.048133366,0.39120278,0.37055904,-0.19845876,0.7802579,0.80929995,0.8467367,0.7753337,0.7524838,0.6769273,0.8348248,0.79542387,0.6057643,0.7811676,0.83642733,0.8838425,0.8570197,0.8241502,0.79452485,0.7613461,0.8667095,0.7038675,0.7202664,0.82488877
1.0,0.22656251,-0.18145669,-0.10997124,0.26877382,-0.35588115,0.43911153,-0.19283268,0.24494192,0.42407942,-0.24720404,-0.0559273,-0.008704752,-0.13592926,-0.14897159,-0.18331629,0.271186,-0.043268792,0.35779196,0.33839083,-0.18492052,0.8239417,0.8468491,0.86828923,0.8025004,0.7616016,0.7199568,0.8663257,0.85482246,0.64593726,0.82412016,0.8886659,0.9165767,0.88482106,0.8930312,0.8520194,0.7789558,0.9089776,0.725321,0.7482974,0.85378695
2.0,0.2209736,-0.17421617,-0.10634087,0.2699829,-0.35393044,0.44319123,-0.2019197,0.24222806,0.40010527,-0.24126928,-0.05779825,0.006944947,-0.12707803,-0.14573944,-0.18194911,0.26516682,-0.041463867,0.34987092,0.33046255,-0.18163338,0.8358254,0.8571737,0.8746939,0.809118,0.7627882,0.73169637,0.8762629,0.87243795,0.6563617,0.8358619,0.904229,0.9265719,0.8928238,0.9141232,0.86893564,0.78271115,0.9208422,0.7304458,0.7557115,0.86148685
1.0,0.22906551,-0.18006925,-0.1109546,0.27266824,-0.35559666,0.4415589,-0.19645,0.2465606,0.42440122,-0.24748035,-0.055516697,-0.0052506775,-0.13268086,-0.14881489,-0.18210147,0.27332485,-0.042283,0.35871682,0.33641887,-0.18548211,0.82439494,0.84835947,0.8687324,0.8007318,0.7608697,0.7217803,0.86799335,0.85878307,0.64549714,0.8259674,0.8927695,0.91968375,0.8865287,0.89993626,0.8548227,0.7771461,0.9103093,0.72585475,0.7486589,0.8548222
2.0,0.24080814,-0.19806598,-0.11341244,0.27751496,-0.3701126,0.44802168,-0.19065605,0.25272498,0.46106848,-0.2588808,-0.059709877,-0.028915033,-0.15106156,-0.15212934,-0.1884051,0.28687444,-0.04637386,0.37534693,0.35624194,-0.19556457,0.8052487,0.8324393,0.8614331,0.78797865,0.75343007,0.7016016,0.8567763,0.8331187,0.6252651,0.80360556,0.87231606,0.90635294,0.8717115,0.8699685,0.831383,0.769336,0.8928781,0.71159744,0.73424417,0.84047115
1.0,0.23709573,-0.19343068,-0.11621064,0.2670053,-0.35702986,0.43147072,-0.1755748,0.2501942,0.46686697,-0.25635067,-0.050415196,-0.036070965,-0.15006155,-0.15483716,-0.18556261,0.28174704,-0.044782862,0.37144122,0.3502047,-0.18879077,0.80388707,0.8283324,0.8566366,0.79122514,0.7599068,0.70041925,0.84972924,0.82621413,0.6289075,0.80548686,0.8615615,0.90031064,0.8726381,0.85848844,0.82344,0.77224207,0.888415,0.71797335,0.7360857,0.8414268
2.0,0.25117072,-0.20972662,-0.1175835,0.2792523,-0.3754421,0.44664788,-0.1814147,0.2577743,0.49533096,-0.26758257,-0.058429286,-0.04983475,-0.16309646,-0.1563064,-0.19130439,0.29766026,-0.04826642,0.38842544,0.36847222,-0.20113102,0.7887963,0.81864935,0.8535616,0.7771706,0.7496048,0.6856973,0.84539944,0.8115839,0.60997236,0.78753066,0.85356414,0.8946707,0.8613178,0.8453466,0.8103542,0.76230806,0.87722397,0.7033818,0.7236465,0.8295869
2.0,0.24272633,-0.19646354,-0.11544205,0.278581,-0.36725926,0.44611117,-0.18970123,0.2541063,0.46511433,-0.2593133,-0.057106525,-0.02912654,-0.14871228,-0.15301135,-0.18673722,0.2885207,-0.045389876,0.37616315,0.35401285,-0.19501522,0.80421716,0.83195525,0.8601343,0.78629434,0.7541208,0.701688,0.855834,0.8333397,0.62457836,0.80443764,0.8720746,0.9068223,0.8725882,0.87152773,0.8304039,0.7679187,0.8919139,0.7130975,0.73430043,0.8406618
1.0,0.23599322,-0.18955006,-0.11113344,0.27999714,-0.36751187,0.45164263,-0.20090505,0.2507087,0.43797627,-0.25355414,-0.06142892,-0.012165055,-0.14048237,-0.14895338,-0.18570617,0.28189033,-0.044544622,0.36788204,0.34723747,-0.19322905,0.8167127,0.8436171,0.8677074,0.7933818,0.7547584,0.71357757,0.8663169,0.8507416,0.63475484,0.8157692,0.88916284,0.917024,0.87980086,0.89304394,0.84834826,0.7721041,0.9050392,0.7169371,0.74170315,0.84805644
1.0,0.21958834,-0.17323813,-0.10653056,0.26856023,-0.35265085,0.4412804,-0.20091233,0.24145186,0.39864528,-0.2405082,-0.05736047,0.0069670305,-0.1265637,-0.14553389,-0.18140066,0.26376668,-0.041374013,0.3488988,0.32938322,-0.18105921,0.8365503,0.8575982,0.87474674,0.81009597,0.7637059,0.73225844,0.8759157,0.87235445,0.6575355,0.8368411,0.90382504,0.9265003,0.89315015,0.91381717,0.8690763,0.78369504,0.9214343,0.7312678,0.75652754,0.861912
1.0,0.23667903,-0.18970796,-0.111157,0.27958405,-0.36666435,0.45114946,-0.19971472,0.25090912,0.43961328,-0.25383446,-0.06035441,-0.012767211,-0.14076975,-0.14968003,-0.18591687,0.28216505,-0.04445894,0.36787584,0.34732378,-0.19241099,0.81611055,0.8427234,0.86705935,0.793244,0.75491345,0.7132015,0.86579126,0.85025895,0.6346006,0.8152656,0.8882088,0.9162213,0.8798719,0.891762,0.84735304,0.77179146,0.90387523,0.7172302,0.7413296,0.8480898
2.0,0.2288082,-0.17923974,-0.10264942,0.28901124,-0.37170047,0.4682299,-0.22591907,0.24781674,0.3923372,-0.24425316,-0.07070406,0.02007556,-0.12463892,-0.14138487,-0.185004,0.27481675,-0.041776836,0.3565895,0.33630964,-0.19225389,0.83845437,0.8653095,0.8823162,0.8028391,0.7524873,0.7348816,0.888225,0.88509893,0.64993745,0.8362635,0.9245785,0.9386199,0.8936379,0.9393256,0.8833165,0.7755607,0.9294726,0.7217566,0.753894,0.8605001
2.0,0.24545074,-0.1985556,-0.1132455,0.28489235,-0.37395912,0.45634273,-0.19856718,0.2557854,0.46079844,-0.26057,-0.061664134,-0.023452148,-0.14839584,-0.15196571,-0.18863508,0.29151332,-0.045951054,0.37763217,0.35683516,-0.1978665,0.8057054,0.83476084,0.86308116,0.78484124,0.7503631,0.7033505,0.860829,0.83900416,0.62319636,0.8041882,0.8797259,0.91076434,0.87313247,0.8799189,0.83610713,0.76586825,0.89464116,0.7101663,0.7335436,0.8409621
2.0,0.23641255,-0.19326025,-0.11363022,0.26953775,-0.36025906,0.43782642,-0.18154386,0.25000134,0.45814103,-0.25536123,-0.05317559,-0.029754922,-0.14883083,-0.15361415,-0.18684939,0.28116724,-0.044908203,0.3696516,0.35037184,-0.18879873,0.8077131,0.8315771,0.859561,0.79287964,0.7584167,0.70389336,0.85464096,0.8331958,0.6312092,0.807576,0.8682096,0.90402406,0.8746096,0.8659362,0.8300753,0.77293456,0.89224696,0.7177471,0.73730814,0.8435999
1.0,0.22958668,-0.18382773,-0.11265971,0.26763904,-0.3539701,0.43502212,-0.18616593,0.24661452,0.43757817,-0.24934906,-0.052418396,-0.016960852,-0.1390756,-0.15095648,-0.18317801,0.2738617,-0.04308173,0.36133528,0.34010127,-0.18493587,0.818088,0.8408435,0.86404115,0.7993987,0.7621404,0.7146199,0.86074716,0.84658164,0.64160126,0.81953436,0.87969846,0.91182077,0.8818753,0.8826272,0.8430254,0.777363,0.9025583,0.72450984,0.7450767,0.8507849
1.0,0.2355274,-0.19158846,-0.111324206,0.27527857,-0.36543602,0.44683844,-0.19335231,0.2499243,0.4445654,-0.2541594,-0.05876928,-0.018996462,-0.14471248,-0.1506967,-0.18687485,0.28098112,-0.045068935,0.36807463,0.3492903,-0.1912356,0.81355596,0.83883697,0.86482483,0.79391474,0.75607115,0.7097591,0.8620657,0.84392667,0.6337965,0.81208384,0.88081145,0.911548,0.8775633,0.881434,0.8414141,0.7729958,0.90002096,0.7169176,0.7398954,0.8464102
2.0,0.25513604,-0.21301068,-0.11709374,0.28536087,-0.381912,0.45500562,-0.18778647,0.26026827,0.49747792,-0.27012017,-0.062014617,-0.048481278,-0.16421276,-0.15585618,-0.19278532,0.30219156,-0.04892058,0.39205906,0.37239283,-0.20480561,0.7873869,0.81893086,0.8546881,0.7738078,0.745976,0.68463796,0.8477812,0.81316364,0.6062945,0.78495455,0.8570397,0.89661694,0.86005414,0.8490375,0.81185603,0.75949806,0.87719774,0.699841,0.7213912,0.82807225
1.0,0.21788442,-0.17128354,-0.10492322,0.27147415,-0.35540348,0.44575533,-0.208527,0.24079561,0.38792205,-0.23892799,-0.06133709,0.01441621,-0.12301407,-0.14322358,-0.18098173,0.26277247,-0.04126729,0.3472768,0.32782352,-0.18263441,0.84130675,0.86355186,0.87879586,0.81141657,0.76250446,0.7367608,0.88108736,0.879689,0.66008925,0.84113604,0.9129215,0.93192244,0.8956126,0.92532605,0.87747645,0.78407997,0.927824,0.73122174,0.7592614,0.8639066
2.0,0.22191295,-0.17313866,-0.09743117,0.29105034,-0.37324154,0.47434834,-0.23770106,0.24454498,0.36457038,-0.23793805,-0.076334015,0.03643275,-0.11645634,-0.13665673,-0.18457146,0.26868743,-0.040326655,0.34899265,0.33007795,-0.19116405,0.8515954,0.8780441,0.89093584,0.8098595,0.75218165,0.7465854,0.90018225,0.90296423,0.6599371,0.84828776,0.9430911,0.94984984,0.901253,0.96338445,0.9027671,0.77897984,0.9439102,0.72496533,0.76182103,0.86725
1.0,0.2659562,-0.22576262,-0.11956623,0.2907162,-0.39224988,0.46008116,-0.18500853,0.265756,0.52653587,-0.27910137,-0.06474036,-0.065756954,-0.1757392,-0.1585058,-0.19679359,0.31405696,-0.051237814,0.40583935,0.38636613,-0.21270242,0.77288467,0.8079766,0.8496054,0.7626675,0.7397576,0.6704965,0.8404662,0.79611963,0.591181,0.7696842,0.84391063,0.8882136,0.8499968,0.8309087,0.795774,0.7518841,0.8647264,0.69001544,0.7111269,0.8174471
2.0,0.2444934,-0.19965903,-0.113199934,0.28388813,-0.3749898,0.45567802,-0.19758153,0.2551896,0.46144858,-0.26062348,-0.062547326,-0.025585271,-0.15018934,-0.15151608,-0.1890108,0.29091865,-0.04642637,0.37809214,0.35808033,-0.19857737,0.80503094,0.833942,0.8628696,0.78502595,0.75038147,0.7020579,0.8597935,0.83665085,0.62266016,0.8029467,0.87760115,0.9096572,0.87180656,0.876764,0.8345577,0.7665842,0.8941212,0.7092198,0.7330575,0.84002215
1.0,0.22748488,-0.18507771,-0.110082164,0.26853207,-0.35893124,0.4396059,-0.19099614,0.24551496,0.42986196,-0.24889246,-0.05719856,-0.01381357,-0.1401262,-0.14919496,-0.18479423,0.27275592,-0.044274077,0.36046776,0.3423836,-0.18685251,0.82064295,0.8437531,0.8670685,0.8009281,0.76047045,0.715922,0.86397135,0.8491366,0.642501,0.81982285,0.88392276,0.9135404,0.8816112,0.8858826,0.84731185,0.77832776,0.9059523,0.722496,0.7457389,0.8508816
2.0,0.26865205,-0.23230131,-0.1240353,0.2770955,-0.38262594,0.43741748,-0.1577359,0.26510245,0.56170875,-0.2824294,-0.05483555,-0.09494468,-0.1876486,-0.16462988,-0.19768637,0.31565428,-0.051201284,0.4128099,0.39183986,-0.20975253,0.7572759,0.79137677,0.83829784,0.7584822,0.74331355,0.6542084,0.82199675,0.76695657,0.58248,0.7577599,0.81375617,0.869736,0.8415654,0.79390657,0.7681528,0.7497294,0.8469511,0.68881124,0.7048357,0.8080426
1.0,0.250187,-0.20619841,-0.111530095,0.29267406,-0.3864922,0.46890295,-0.20653966,0.25872403,0.46520168,-0.26478443,-0.06924595,-0.025275037,-0.1538249,-0.15060896,-0.19240943,0.2979585,-0.04788664,0.38404533,0.36593038,-0.20490363,0.80214864,0.8336786,0.8646843,0.78007054,0.7442237,0.6990583,0.86322874,0.83707887,0.6160827,0.79750437,0.8817074,0.9113139,0.86864364,0.8798579,0.8357651,0.76216143,0.89340836,0.70263106,0.72876805,0.83665884
2.0,0.24742751,-0.20330839,-0.11579917,0.28148556,-0.37390494,0.4503735,-0.18963431,0.25643477,0.4771127,-0.26364937,-0.059792884,-0.03646671,-0.15517086,-0.15390185,-0.18937282,0.2938867,-0.04702407,0.38245404,0.36177257,-0.19930866,0.7977316,0.8270954,0.85833037,0.7814487,0.7506246,0.69492245,0.8529463,0.8254302,0.6172326,0.7965217,0.86656713,0.90291476,0.86741745,0.8627998,0.8234269,0.76468253,0.88642406,0.7073858,0.7291242,0.8355708
2.0,0.2450103,-0.2050067,-0.11665335,0.27291164,-0.3694054,0.4396204,-0.17740051,0.2541626,0.48589754,-0.2635696,-0.05623599,-0.04730382,-0.1604954,-0.15565108,-0.18992269,0.291062,-0.047644526,0.38243505,0.3632983,-0.1970349,0.79331225,0.8210811,0.85436976,0.7827602,0.75343305,0.6894902,0.84554094,0.8137805,0.6162681,0.79260075,0.85384303,0.89470094,0.8640123,0.84585625,0.813008,0.7664975,0.8803718,0.7077177,0.727578,0.8327882
1.0,0.23510967,-0.19123323,-0.109551206,0.2810914,-0.37153274,0.45530912,-0.20384842,0.25040317,0.43446106,-0.25358316,-0.064666525,-0.01118172,-0.14194858,-0.14773774,-0.18711653,0.28182974,-0.045269534,0.36808002,0.3494762,-0.19482136,0.81769204,0.844697,0.8693511,0.7938766,0.7533276,0.71359175,0.86822915,0.8516792,0.63454324,0.8150565,0.89104116,0.9179084,0.87908596,0.8941139,0.85033405,0.77249676,0.9065529,0.715092,0.74145854,0.847638
1.0,0.22383627,-0.18000169,-0.11129682,0.26016203,-0.3479519,0.4276518,-0.18052615,0.24302697,0.42979407,-0.24601734,-0.049713664,-0.016125016,-0.13772628,-0.15124744,-0.18265438,0.26756868,-0.042808056,0.3554248,0.33633918,-0.18021974,0.82180303,0.8422271,0.86434853,0.8050015,0.7658745,0.7174156,0.86048317,0.84742206,0.64773977,0.8233208,0.8784556,0.91022724,0.88402385,0.88034874,0.8441307,0.7812888,0.9040898,0.7288803,0.74840087,0.8534363
1.0,0.23920701,-0.20112823,-0.115291,0.26428336,-0.36194086,0.4306022,-0.16932973,0.2506149,0.4797337,-0.2598657,-0.052167997,-0.047757022,-0.15948468,-0.15641496,-0.18955605,0.2846442,-0.046974674,0.3762124,0.35911733,-0.19124326,0.7964858,0.821173,0.85376483,0.78866047,0.75766075,0.69165117,0.8443742,0.8135426,0.62229705,0.7961344,0.85073334,0.89199394,0.86623037,0.84148014,0.8126873,0.77048,0.88082767,0.71273506,0.7306486,0.8354087
2.0,0.22943564,-0.18073803,-0.10041835,0.29403752,-0.37795705,0.47622442,-0.23359981,0.24869591,0.38639024,-0.24450181,-0.07588484,0.024654202,-0.12416982,-0.13942304,-0.18644014,0.27655748,-0.04205276,0.35748696,0.3383973,-0.1954588,0.84067434,0.868957,0.8856701,0.8022963,0.7493552,0.73640466,0.89309853,0.88969034,0.64910764,0.8369047,0.93185157,0.94264185,0.8940455,0.947698,0.88921124,0.77419573,0.9333864,0.719145,0.7540231,0.8604499
1.0,0.21378392,-0.1670866,-0.1004723,0.27242532,-0.3549289,0.4507764,-0.21503103,0.23882785,0.36901712,-0.23422964,-0.06298294,0.025968835,-0.11752208,-0.14092216,-0.18155487,0.2584709,-0.039705828,0.3408522,0.3230112,-0.17926344,0.85075843,0.87074846,0.88400006,0.8172161,0.76271,0.7454936,0.8900687,0.89420825,0.66840017,0.8494619,0.9247754,0.93917733,0.9019553,0.9409802,0.8911484,0.7868955,0.9364289,0.7349556,0.764504,0.8699485
1.0,0.23650034,-0.19510564,-0.116497695,0.2603994,-0.35276696,0.4235728,-0.16465412,0.24924606,0.4757044,-0.2567423,-0.046151966,-0.045013256,-0.15439007,-0.15740457,-0.18665165,0.2805453,-0.04483503,0.37136042,0.3517771,-0.18574005,0.7999207,0.82258326,0.85277176,0.79198945,0.7619256,0.69570404,0.84413815,0.8171889,0.6278701,0.80178714,0.85116047,0.8932369,0.8704268,0.8445387,0.8144497,0.7727722,0.8821444,0.7188267,0.7342986,0.83933884
1.0,0.24102114,-0.20004383,-0.11206573,0.28041855,-0.37542772,0.453397,-0.19550881,0.25316712,0.4581364,-0.25952378,-0.06379871,-0.027253576,-0.15207878,-0.15065795,-0.18974586,0.28818524,-0.047150105,0.37653086,0.35888234,-0.19829963,0.80586255,0.8339064,0.8634021,0.78736645,0.75116867,0.70162207,0.85931784,0.8347833,0.6240761,0.80268586,0.87553227,0.9080369,0.870834,0.87286484,0.83402944,0.7687634,0.8946893,0.7091455,0.7335928,0.83974254
1.0,0.23675622,-0.19248627,-0.11141892,0.27598593,-0.36618537,0.44762102,-0.19342259,0.25056225,0.4468322,-0.25503036,-0.05884687,-0.019816063,-0.14537281,-0.15114683,-0.18725176,0.2822507,-0.04524932,0.36906326,0.3503785,-0.19170183,0.8124384,0.8380901,0.8644558,0.7929139,0.75546265,0.70881474,0.8617637,0.84305173,0.6325518,0.81088793,0.88031465,0.91096514,0.87699914,0.8805484,0.8403993,0.77207005,0.8989712,0.7162347,0.7390377,0.84572643
1.0,0.22128288,-0.17283264,-0.105291426,0.27401018,-0.35607588,0.4482384,-0.20868027,0.24269146,0.39322588,-0.24027057,-0.060265623,0.013435647,-0.12373368,-0.1441088,-0.18162811,0.26559252,-0.040861197,0.349328,0.32887632,-0.18282299,0.83916104,0.86136353,0.8775633,0.80927926,0.7613666,0.7354306,0.88069195,0.87934566,0.6577457,0.83933383,0.9119857,0.9315956,0.89520174,0.9247225,0.87583536,0.78217995,0.9255357,0.73039466,0.7574043,0.8633401
2.0,0.23620069,-0.19289093,-0.11183038,0.27384204,-0.36457437,0.4449238,-0.18971267,0.2501915,0.4495416,-0.25480133,-0.05724036,-0.022834614,-0.14672893,-0.15166962,-0.18730989,0.28144413,-0.04511062,0.3690025,0.35039985,-0.19068888,0.8113307,0.8360037,0.8630541,0.793354,0.75641096,0.70744103,0.8597347,0.84022975,0.6324844,0.80997795,0.8763949,0.90893364,0.8762587,0.87583303,0.8374576,0.7728573,0.89712936,0.7166601,0.7385969,0.84523463
1.0,0.21932812,-0.1741864,-0.108216584,0.26329374,-0.3485756,0.43383396,-0.1915767,0.24101382,0.40774098,-0.24133065,-0.053258546,-0.0011446774,-0.12985379,-0.14766087,-0.18135288,0.26310703,-0.041617632,0.34936804,0.33017382,-0.1790658,0.83241755,0.85225457,0.87083554,0.8099817,0.7659433,0.72793686,0.87011683,0.8638972,0.65611583,0.833377,0.8939491,0.920328,0.89067286,0.9010647,0.86035293,0.7842946,0.9155943,0.7321515,0.7547087,0.8599129
1.0,0.22900428,-0.18205723,-0.111476704,0.27044705,-0.35570443,0.43914008,-0.19247907,0.24637398,0.42957327,-0.24846484,-0.05498472,-0.010413468,-0.13593838,-0.14956978,-0.18276995,0.27351272,-0.042990386,0.3599407,0.33869195,-0.18578586,0.8216672,0.84533566,0.86700785,0.800169,0.76116943,0.71846503,0.8649429,0.85313445,0.64360666,0.8227947,0.88723165,0.9161248,0.88409233,0.8921366,0.8497713,0.77733,0.90713847,0.72476083,0.74701554,0.8527663
2.0,0.2466656,-0.20277674,-0.11411998,0.2834213,-0.37604254,0.4546912,-0.1942293,0.25613815,0.47021088,-0.26272857,-0.06194821,-0.031544797,-0.15383196,-0.1527271,-0.1899447,0.29314575,-0.047039866,0.3810713,0.36139274,-0.19957149,0.8007497,0.8299498,0.8606196,0.78272563,0.7497041,0.6977351,0.8564807,0.8305109,0.6190135,0.7985284,0.87181735,0.90597904,0.8689363,0.86893064,0.8285516,0.7652567,0.8896902,0.7072433,0.730281,0.8372329
1.0,0.26172963,-0.2250074,-0.118900254,0.28424555,-0.3888451,0.452922,-0.1787014,0.26269737,0.5251893,-0.2772262,-0.063508,-0.069240816,-0.17753506,-0.15843344,-0.19684958,0.3097675,-0.051527515,0.4032742,0.38549504,-0.21049441,0.7729883,0.8066406,0.8487959,0.7658807,0.74217653,0.6696969,0.8376574,0.7921511,0.59339094,0.7698617,0.8388479,0.88462764,0.84935194,0.82376975,0.7929475,0.7546328,0.8639793,0.69133157,0.712045,0.81750697
1.0,0.22752833,-0.18303113,-0.11107999,0.26680273,-0.3543803,0.43595716,-0.18765917,0.24534646,0.4314669,-0.24815711,-0.053586267,-0.014170669,-0.13854215,-0.15029612,-0.18361944,0.27180645,-0.043297924,0.35919428,0.3396122,-0.18421869,0.82067686,0.8428763,0.8656289,0.80154014,0.7623011,0.71665806,0.8627167,0.8493649,0.64398897,0.821201,0.88233733,0.9129889,0.8829717,0.88516164,0.84620416,0.77872133,0.90485495,0.72502804,0.7464732,0.85211957
1.0,0.24106565,-0.19283484,-0.105935425,0.29755962,-0.3844536,0.47712052,-0.22533873,0.25523233,0.42285597,-0.25462225,-0.07423597,0.0040779263,-0.13662323,-0.14394821,-0.18905455,0.2887859,-0.044568256,0.371434,0.35126615,-0.20198926,0.8228617,0.8536777,0.87665474,0.7901627,0.74545634,0.71967113,0.8808272,0.8673163,0.63211536,0.81896615,0.9119348,0.93058556,0.88241404,0.9209915,0.8662665,0.7670575,0.9161248,0.7103072,0.7418269,0.84922
2.0,0.24627936,-0.20100494,-0.11438835,0.2843515,-0.37531453,0.4548849,-0.19610369,0.25620097,0.46736407,-0.26208463,-0.06201966,-0.028837703,-0.15146172,-0.1522286,-0.18895127,0.2928623,-0.04659936,0.38028252,0.35946062,-0.19956836,0.8022996,0.8319061,0.86146474,0.78298575,0.7499885,0.69962037,0.85777926,0.8332327,0.62012935,0.8006889,0.8747309,0.90798557,0.8702755,0.87335396,0.83112586,0.7652529,0.89168817,0.70822054,0.731507,0.83828723
1.0,0.2660142,-0.22975086,-0.12185992,0.27918768,-0.38483506,0.44311288,-0.16516829,0.2639342,0.5480513,-0.28062195,-0.057970695,-0.085355274,-0.1842925,-0.16265175,-0.19765288,0.31324488,-0.05158989,0.40893593,0.38988686,-0.209721,0.76297414,0.7967624,0.842135,0.7615045,0.7429177,0.659878,0.82764864,0.77614,0.586685,0.76188505,0.82274234,0.8746398,0.8443771,0.804064,0.7770614,0.7517331,0.85289246,0.6896969,0.7073324,0.81165767
2.0,0.26211843,-0.21997042,-0.11990534,0.28589782,-0.38394088,0.45305318,-0.18089661,0.26366854,0.5201741,-0.27557418,-0.05995758,-0.062079318,-0.17129335,-0.15916923,-0.19451264,0.30921593,-0.049753718,0.40021905,0.37961006,-0.2073603,0.776965,0.8099605,0.84935325,0.76689726,0.7438684,0.6747179,0.8404818,0.7997612,0.5970392,0.77521354,0.84486026,0.8890483,0.85409397,0.8335068,0.7982864,0.7547578,0.86683667,0.69550854,0.7149978,0.8213903
2.0,0.24312353,-0.2025051,-0.11400141,0.27766728,-0.37336743,0.4482282,-0.18823084,0.25378197,0.47034234,-0.26157755,-0.060782835,-0.035724543,-0.15590063,-0.15288052,-0.1899539,0.28976518,-0.047495812,0.37933242,0.361202,-0.197992,0.8002648,0.8283089,0.85953665,0.7851034,0.75186294,0.6962889,0.8534867,0.8258364,0.62040883,0.7979807,0.8663748,0.902338,0.86775523,0.86131394,0.8249779,0.76759195,0.8883765,0.70819193,0.7307469,0.836655
1.0,0.25369698,-0.2166666,-0.11891322,0.27479467,-0.3766827,0.44034126,-0.17076689,0.25816134,0.51420873,-0.27108535,-0.05736936,-0.06570909,-0.17229626,-0.15849951,-0.19363964,0.30044648,-0.04970318,0.39439037,0.37572545,-0.20307258,0.7791623,0.80945194,0.84857976,0.77354807,0.7488919,0.6753501,0.8365959,0.7950399,0.6025873,0.77812165,0.8382242,0.88465387,0.8542999,0.8246295,0.79559165,0.7603667,0.8676168,0.6991237,0.7181208,0.82269937
2.0,0.25448957,-0.21133606,-0.115957126,0.28824195,-0.3835768,0.45948112,-0.19354382,0.26037523,0.4896134,-0.2690313,-0.06403681,-0.042087235,-0.16123468,-0.15444677,-0.19254598,0.30174792,-0.0486131,0.3905093,0.37075108,-0.20529485,0.7910505,0.82283825,0.8572872,0.774826,0.7452219,0.68840486,0.85196835,0.81970894,0.6083727,0.78815687,0.8639486,0.9009351,0.8622671,0.85789853,0.81823653,0.7598027,0.8814678,0.700324,0.72312546,0.83019865
1.0,0.26568493,-0.2283112,-0.122004464,0.28168067,-0.3858924,0.44582644,-0.169263,0.26439568,0.5435838,-0.28009823,-0.059194945,-0.081384145,-0.1818738,-0.1614683,-0.19679183,0.31329852,-0.051340193,0.4083483,0.38830727,-0.21057825,0.76514846,0.79936665,0.8436086,0.761609,0.7426516,0.66224724,0.8300778,0.78025544,0.5876965,0.7640533,0.82710344,0.87786484,0.84556377,0.81017894,0.7810009,0.7519022,0.8557598,0.690137,0.708453,0.81285346
1.0,0.24072081,-0.19653112,-0.11103685,0.2844657,-0.37560946,0.45835486,-0.20299116,0.25343922,0.44791657,-0.25770843,-0.065110475,-0.017748445,-0.14651427,-0.14920701,-0.1885842,0.28753224,-0.04607176,0.37413207,0.35501963,-0.1980544,0.8111579,0.83962405,0.8666713,0.7886011,0.7506603,0.70759445,0.86490554,0.84471685,0.62750864,0.8083183,0.885633,0.91459125,0.87500083,0.88683635,0.8432043,0.7688447,0.9007042,0.71084636,0.7366433,0.8433726
1.0,0.271465,-0.23311023,-0.12184456,0.28954706,-0.39445567,0.4564532,-0.17697012,0.2679747,0.54845595,-0.28403738,-0.06347966,-0.08098788,-0.18387222,-0.16126496,-0.19876635,0.31977773,-0.05233445,0.4138481,0.39407867,-0.21550483,0.76243055,0.79890513,0.8445375,0.75655043,0.7378703,0.6601063,0.832532,0.78124434,0.5823498,0.7598721,0.8303886,0.8797795,0.8433437,0.8134623,0.7816346,0.74795526,0.8547052,0.68539953,0.7050292,0.8103061
1.0,0.23907016,-0.19407788,-0.11474328,0.27389297,-0.3632521,0.4413519,-0.18610542,0.25165224,0.46041387,-0.25710648,-0.05528266,-0.028626181,-0.148034,-0.15310797,-0.18624079,0.2842937,-0.045189418,0.37248406,0.3514846,-0.19198357,0.80647486,0.8326238,0.86018074,0.7898181,0.75658476,0.70342726,0.8553013,0.8337304,0.6284047,0.8067516,0.8709551,0.90587795,0.87391293,0.86985165,0.8309346,0.7706402,0.8928283,0.71568465,0.736366,0.84246004
1.0,0.2454936,-0.20096178,-0.11520128,0.27986407,-0.37137687,0.44889963,-0.1893416,0.25530937,0.47212765,-0.26188853,-0.05867391,-0.033603072,-0.15320227,-0.15372461,-0.18884133,0.29148656,-0.046518065,0.3796862,0.35912332,-0.19716579,0.8003718,0.8287097,0.8590215,0.7837382,0.75196195,0.69753456,0.85410774,0.8284767,0.6203411,0.7993219,0.868451,0.9040604,0.86945075,0.8654244,0.82605135,0.76616883,0.88826644,0.7095444,0.7310322,0.8376939
2.0,0.24106693,-0.1948006,-0.11222182,0.2834153,-0.37214446,0.45522508,-0.2007522,0.253566,0.44981116,-0.2573882,-0.06246587,-0.018013053,-0.1449438,-0.15007664,-0.18737064,0.2872721,-0.045402035,0.37358275,0.35280085,-0.19653733,0.81087106,0.83914346,0.8655587,0.7885381,0.75197643,0.7080108,0.8636736,0.8445396,0.6281538,0.80940163,0.884598,0.91419935,0.8759276,0.8866251,0.84217614,0.76873165,0.8999413,0.71264285,0.7371936,0.84400284
2.0,0.2595486,-0.21994828,-0.12056096,0.27880952,-0.3788426,0.44358236,-0.17117518,0.26143485,0.52529174,-0.2745979,-0.056525044,-0.06937093,-0.17413002,-0.1603919,-0.19428492,0.30613402,-0.049696565,0.39922896,0.37916842,-0.2047619,0.77458453,0.80616134,0.8465233,0.7686429,0.74668,0.67164665,0.83510834,0.7921086,0.59751207,0.77375895,0.8359436,0.8834949,0.8525441,0.8222652,0.7914298,0.7565922,0.8631818,0.6968363,0.7148321,0.82017463
2.0,0.24656768,-0.20493932,-0.10824002,0.29281628,-0.3883586,0.47272772,-0.2106511,0.2568803,0.45280394,-0.26229343,-0.07205449,-0.019127928,-0.15239492,-0.14859152,-0.19345859,0.2948353,-0.04776021,0.38022664,0.36486027,-0.20391351,0.8075005,0.83781886,0.86813796,0.78400135,0.7439555,0.7033038,0.86834365,0.8440863,0.62038743,0.8008829,0.88796765,0.9147383,0.87103623,0.8867297,0.84323716,0.76440954,0.89833736,0.7034003,0.7311841,0.83952314
2.0,0.23788044,-0.19680133,-0.11282405,0.27103812,-0.36468297,0.44121417,-0.18275934,0.2506944,0.46117482,-0.2571015,-0.05571621,-0.032076158,-0.1521669,-0.15352105,-0.18866979,0.28320733,-0.045953788,0.3720697,0.35456938,-0.1910753,0.8055625,0.83006006,0.8595954,0.7913268,0.7563317,0.70125985,0.8543647,0.830551,0.6282483,0.80402166,0.8668611,0.90263677,0.8722644,0.8627735,0.82823455,0.771811,0.89065015,0.7146222,0.7350906,0.84145916
1.0,0.22777666,-0.1826085,-0.11073372,0.26823807,-0.3553536,0.43784028,-0.19027445,0.24551338,0.42917407,-0.2481458,-0.054672003,-0.011870913,-0.13746661,-0.14986986,-0.1835361,0.27220896,-0.043329462,0.35906366,0.33942038,-0.18480246,0.82166606,0.8444436,0.8666837,0.8013963,0.7616865,0.71782285,0.864266,0.8516462,0.64427274,0.8220676,0.88521063,0.91453695,0.88362956,0.88870984,0.8485321,0.77832294,0.9063169,0.7248871,0.7469308,0.85263354
1.0,0.2013585,-0.15240708,-0.10031891,0.2597914,-0.33738923,0.43403035,-0.20849586,0.23123236,0.34599295,-0.22437666,-0.05553128,0.035583492,-0.10546488,-0.13986069,-0.17556843,0.24391378,-0.036721542,0.3267201,0.30668718,-0.16847868,0.8632535,0.8792372,0.8864997,0.82918817,0.7723311,0.7584839,0.8928537,0.9061828,0.68624806,0.8661217,0.93024796,0.94336444,0.91179913,0.95156443,0.90177035,0.7959222,0.94601494,0.7487203,0.776183,0.8798912
1.0,0.24904808,-0.20320852,-0.111052334,0.29537284,-0.38678527,0.471531,-0.212141,0.25876993,0.4569341,-0.26311046,-0.07083739,-0.018479727,-0.1493423,-0.14890903,-0.19113219,0.29708427,-0.04709205,0.38232028,0.3626098,-0.20545542,0.80626166,0.8384493,0.8673664,0.78108335,0.7440557,0.70345837,0.8671506,0.8437853,0.618589,0.80221385,0.8892243,0.9163778,0.87149143,0.890493,0.8426132,0.76241034,0.89870155,0.70385164,0.7314219,0.83897424
2.0,0.24883148,-0.20567916,-0.11618501,0.28114182,-0.3749882,0.44994062,-0.18755573,0.2569276,0.48281726,-0.26513165,-0.059744574,-0.040522285,-0.15792468,-0.15466319,-0.1902028,0.29530758,-0.04756788,0.38450184,0.3643645,-0.20011577,0.7948309,0.82445824,0.85696363,0.77995443,0.74999875,0.6919191,0.850763,0.82116234,0.6147145,0.79334986,0.8627427,0.9003452,0.86535615,0.8573856,0.8194372,0.7637855,0.883469,0.7057615,0.72718346,0.83359706
1.0,0.24306007,-0.19701727,-0.10938254,0.28986385,-0.37954605,0.46621013,-0.21005815,0.25501177,0.4436724,-0.25815892,-0.06778956,-0.012007311,-0.14471745,-0.1484541,-0.18957335,0.28985423,-0.045858487,0.37468246,0.35569957,-0.19958396,0.8131082,0.84250575,0.8690832,0.78769064,0.7480353,0.7099934,0.8695387,0.8508557,0.6271671,0.8095358,0.89295876,0.91864425,0.87654626,0.8958653,0.8489033,0.7670066,0.9034984,0.7096201,0.7367025,0.844441
1.0,0.2562453,-0.21943606,-0.1197318,0.2747781,-0.37749875,0.439492,-0.16796029,0.25924927,0.52275157,-0.27317035,-0.05675903,-0.07108676,-0.1751979,-0.15980305,-0.19443873,0.30305973,-0.05007468,0.3974245,0.37872705,-0.20403796,0.7751285,0.80604255,0.8466321,0.7710273,0.7480122,0.67144,0.8338314,0.78978854,0.59906065,0.774273,0.8335429,0.8815308,0.85196626,0.8184896,0.7903981,0.75852793,0.8636352,0.6973888,0.7156517,0.8200996
2.0,0.23229997,-0.18713926,-0.10604483,0.28593713,-0.37439758,0.4636351,-0.21571478,0.24951664,0.41487953,-0.25002956,-0.06933263,0.0029187426,-0.13523132,-0.14433567,-0.18679959,0.2794066,-0.044229925,0.36371276,0.3453323,-0.1951312,0.82693595,0.85426474,0.8758164,0.7974036,0.75194013,0.72255605,0.8779971,0.86659664,0.6405146,0.82342744,0.90681994,0.9276391,0.8847669,0.9145958,0.86557806,0.77369994,0.9171899,0.716615,0.7464531,0.85271066
1.0,0.25026178,-0.20714314,-0.11880702,0.27578452,-0.36971116,0.44049174,-0.17630056,0.25721344,0.49716198,-0.26656356,-0.05427257,-0.051203243,-0.16148105,-0.15762958,-0.18994436,0.29622346,-0.047316507,0.38661572,0.36532706,-0.1979689,0.78881896,0.81771487,0.8518717,0.77824205,0.75215113,0.6860183,0.8434152,0.81051254,0.61173284,0.78898644,0.8509042,0.89316535,0.86264485,0.8430522,0.8083778,0.76292163,0.8758347,0.7065162,0.72473603,0.8305697
2.0,0.2430823,-0.20464914,-0.11394769,0.27303872,-0.3709013,0.44340053,-0.18003356,0.25322935,0.47765887,-0.26195422,-0.05770296,-0.042849638,-0.16001353,-0.15475123,-0.1913077,0.28917617,-0.047589794,0.37965646,0.36308914,-0.19569834,0.7969463,0.82312906,0.85646814,0.78561395,0.7529765,0.69240576,0.84930754,0.81915236,0.6193289,0.7945036,0.8578114,0.89674234,0.86576855,0.84985936,0.8179853,0.7681719,0.88314295,0.708388,0.7288532,0.83501583
2.0,0.23951772,-0.19461937,-0.11081453,0.28323397,-0.37332988,0.45678577,-0.20248935,0.25263858,0.44488084,-0.25657025,-0.06399711,-0.015851103,-0.14486676,-0.14929324,-0.18796343,0.28591764,-0.045655347,0.37218502,0.35292372,-0.19641817,0.81284034,0.84077626,0.86701304,0.7900823,0.75175524,0.7094167,0.8655029,0.84675366,0.6296946,0.81036973,0.8868872,0.9152778,0.8765342,0.8887305,0.84486413,0.76971674,0.9018488,0.71257573,0.73804706,0.8448728
1.0,0.2519942,-0.21195747,-0.11508362,0.28521165,-0.38367242,0.45725235,-0.19116375,0.2586558,0.48811987,-0.268312,-0.06473261,-0.044144265,-0.16323838,-0.15398625,-0.19320652,0.29956004,-0.04919958,0.38949022,0.3716424,-0.20493671,0.7911176,0.82219744,0.8573221,0.7765559,0.74588346,0.6875979,0.8509655,0.81742084,0.6091984,0.7874601,0.86139506,0.89904636,0.8612325,0.85364574,0.8169526,0.7614501,0.8812551,0.7000683,0.7232321,0.829798
2.0,0.24588215,-0.20376472,-0.11511214,0.27918747,-0.37356997,0.44880876,-0.18760154,0.25526676,0.4763129,-0.2631049,-0.059796907,-0.03785885,-0.1566641,-0.15386532,-0.18996078,0.29222944,-0.047379725,0.38158718,0.36231914,-0.19860065,0.79779834,0.82638323,0.85815203,0.78278595,0.75118476,0.69441164,0.8521156,0.82383025,0.6179571,0.7960219,0.8645566,0.90144527,0.86686766,0.8595163,0.82233745,0.7659006,0.88596797,0.70735013,0.729174,0.8354601
1.0,0.25063628,-0.21064343,-0.11834136,0.27397043,-0.3717085,0.43945295,-0.17301297,0.256811,0.50266016,-0.26795045,-0.055220075,-0.05698482,-0.16608927,-0.1581839,-0.1915837,0.2967645,-0.04840859,0.388634,0.36935595,-0.19917434,0.785434,0.8144408,0.85059583,0.7774252,0.7513561,0.6819905,0.84055257,0.80419356,0.60899633,0.7848311,0.84539247,0.88912064,0.85949063,0.83466065,0.80323243,0.7626326,0.87255836,0.7040065,0.7224402,0.82780904
1.0,0.25121084,-0.21391095,-0.119313076,0.2713295,-0.37220156,0.4351114,-0.16720456,0.25675756,0.51206875,-0.26933414,-0.05500391,-0.0656996,-0.17063004,-0.15872762,-0.19236378,0.29768276,-0.04907088,0.39181522,0.3725449,-0.20075583,0.78051513,0.80997604,0.8481253,0.7757045,0.7512754,0.67658144,0.83557147,0.7948532,0.60516316,0.7805129,0.83710366,0.88401556,0.8555797,0.8238812,0.79545265,0.7619382,0.86820906,0.70177305,0.7199137,0.8239498
2.0,0.23433217,-0.1913717,-0.11398767,0.26658452,-0.35691774,0.43364808,-0.17845678,0.24882704,0.45674306,-0.25397012,-0.05132503,-0.030285373,-0.14792195,-0.15371457,-0.18595037,0.27881306,-0.04446876,0.36777398,0.34808737,-0.18701282,0.8086324,0.83163005,0.8590556,0.7946159,0.76032376,0.7046701,0.8536081,0.8326566,0.63324237,0.8092382,0.8666869,0.90333027,0.8753432,0.86456776,0.8295501,0.77441424,0.8925111,0.7197452,0.7386018,0.8444466
2.0,0.2575713,-0.21637286,-0.119365916,0.2814619,-0.3793499,0.44794706,-0.17806008,0.26097408,0.513202,-0.27249426,-0.05826234,-0.06002272,-0.16929677,-0.15857169,-0.19328874,0.30426824,-0.049193874,0.395804,0.375536,-0.2043343,0.7803306,0.81174606,0.8498733,0.7709884,0.74676776,0.6775962,0.84050196,0.80156076,0.60167515,0.7790276,0.8450943,0.8893184,0.85615194,0.8341376,0.8003301,0.757971,0.86925936,0.69869107,0.71792364,0.8239169
2.0,0.22841458,-0.18050167,-0.10557454,0.28251326,-0.36681706,0.4587511,-0.21483809,0.24705952,0.40438414,-0.24571963,-0.0657188,0.00968577,-0.12902346,-0.14404313,-0.18437073,0.27401286,-0.042472273,0.35761797,0.33756918,-0.19009915,0.83291173,0.8584089,0.87718767,0.8021526,0.75546885,0.7292444,0.8803046,0.8742443,0.6479958,0.8313043,0.91155225,0.93094116,0.89014477,0.92255753,0.87189823,0.77674353,0.9219019,0.7225149,0.75151306,0.8579083
2.0,0.24022466,-0.19736122,-0.11463165,0.271999,-0.36393118,0.44008857,-0.1814464,0.2520018,0.4675765,-0.25843236,-0.054307245,-0.03465128,-0.15239981,-0.15440243,-0.18797764,0.28533143,-0.045725077,0.37430266,0.3548594,-0.19173436,0.8029546,0.82825345,0.85796374,0.7889395,0.7562386,0.69934565,0.85228145,0.82782245,0.6258635,0.8025086,0.86452734,0.90166146,0.8713587,0.8607349,0.82506645,0.7702458,0.8883624,0.71417475,0.73384064,0.8401689
2.0,0.2444866,-0.20215239,-0.11696066,0.2726188,-0.36596292,0.43852934,-0.17718534,0.25411886,0.4829306,-0.26217023,-0.05381269,-0.044215016,-0.15743253,-0.15600479,-0.18874541,0.28991568,-0.046530172,0.38024834,0.35982552,-0.19461375,0.79556686,0.82239753,0.85443616,0.78401697,0.7548136,0.69219744,0.8467552,0.81761736,0.6189232,0.7956652,0.85601443,0.89654624,0.8665906,0.8498654,0.8154786,0.76718634,0.88170904,0.71051764,0.72935486,0.83512074
1.0,0.2549768,-0.21433137,-0.117616326,0.28420576,-0.38245875,0.4530995,-0.1856136,0.2601532,0.5009818,-0.27068737,-0.062304437,-0.05221393,-0.16612652,-0.15582067,-0.19298564,0.3025097,-0.049314678,0.39340678,0.373798,-0.20578104,0.78542554,0.81724864,0.85380477,0.7730969,0.7459799,0.6823502,0.84576285,0.80923676,0.60473543,0.7831402,0.8535977,0.8945922,0.85821784,0.844526,0.8087036,0.75939685,0.87566143,0.698871,0.72041875,0.82635313
2.0,0.24166416,-0.1977165,-0.11296077,0.2801096,-0.37162352,0.4513674,-0.19442192,0.2533473,0.45849234,-0.25901166,-0.06095481,-0.025659084,-0.14960182,-0.15165292,-0.18840885,0.28780764,-0.04625529,0.3753924,0.35602254,-0.19627462,0.8064847,0.8342771,0.86269987,0.78755105,0.75243,0.7031547,0.8590479,0.83654684,0.62543494,0.8046119,0.8762936,0.908701,0.87271136,0.87505823,0.83455086,0.76859283,0.89461005,0.7113288,0.7346082,0.8412418
2.0,0.23872572,-0.19375128,-0.1113053,0.2821473,-0.3718903,0.45482698,-0.20129064,0.2522621,0.44472873,-0.2560358,-0.063214295,-0.016226366,-0.14434692,-0.14925396,-0.18733793,0.285098,-0.045453973,0.37166587,0.35183617,-0.19592279,0.813055,0.84076244,0.86671716,0.79053146,0.7525816,0.7096448,0.86485434,0.8463414,0.6303397,0.8110926,0.8861021,0.9150764,0.8767406,0.88820195,0.8444711,0.7702941,0.9019924,0.7133782,0.7385843,0.84509826
1.0,0.24644837,-0.20190297,-0.11392166,0.28465775,-0.37666017,0.45605975,-0.19670781,0.25620964,0.46735382,-0.26245683,-0.0629503,-0.029108755,-0.15234622,-0.15210196,-0.18959165,0.2932362,-0.046961173,0.38064462,0.36065146,-0.20011038,0.80204123,0.83174974,0.8617293,0.7828316,0.7493871,0.6991521,0.8580521,0.83293945,0.6196147,0.79984,0.87477714,0.90771264,0.86973536,0.8727852,0.8310996,0.76509833,0.8915009,0.70744,0.7310091,0.8378912
1.0,0.24895753,-0.20297582,-0.11329061,0.29029202,-0.38128895,0.46322694,-0.20351163,0.25817415,0.46549115,-0.26343784,-0.065988995,-0.025149941,-0.15115175,-0.15108377,-0.19017798,0.29615718,-0.04693897,0.38253185,0.36185968,-0.20287122,0.80280566,0.83391196,0.86360514,0.7808764,0.746704,0.70031524,0.86146086,0.8369478,0.6179933,0.8001581,0.88050133,0.91133213,0.8701713,0.8801304,0.8350748,0.76307094,0.8937264,0.70545083,0.7305242,0.83782166
1.0,0.23669134,-0.19356368,-0.11010642,0.28081506,-0.372478,0.45482752,-0.2015445,0.25107962,0.4406574,-0.2552227,-0.064360775,-0.015361227,-0.14468789,-0.14863443,-0.18789297,0.2834749,-0.0458043,0.37014014,0.35203308,-0.19553293,0.8145799,0.8418118,0.8677561,0.79225457,0.75278616,0.7104363,0.86590594,0.84729093,0.6318606,0.8116641,0.88695693,0.9151643,0.876965,0.88835746,0.8460364,0.7714944,0.9032572,0.7135789,0.73933625,0.845635
1.0,0.2754532,-0.23696043,-0.12406592,0.28880155,-0.39420605,0.45264646,-0.17091718,0.26992702,0.564018,-0.28719446,-0.061328948,-0.09114582,-0.18796414,-0.16350387,-0.199325,0.3239845,-0.052467346,0.41905895,0.39785928,-0.2166805,0.75560397,0.793043,0.84078056,0.7521591,0.7371623,0.65349126,0.82712823,0.7717746,0.57670623,0.75418365,0.82155234,0.87455875,0.8396903,0.8029877,0.7722862,0.74488884,0.8479697,0.68343914,0.70147777,0.80581886
1.0,0.26594353,-0.22688551,-0.121763125,0.28372142,-0.38608932,0.44866812,-0.17264381,0.2648881,0.53955156,-0.27972472,-0.059399337,-0.076963805,-0.17955256,-0.16123581,-0.19637537,0.31342438,-0.05101025,0.40723053,0.3869107,-0.21020174,0.7673388,0.80154645,0.8447715,0.7619709,0.74244094,0.6647599,0.83259374,0.784821,0.5890777,0.7659874,0.8314198,0.88060695,0.8473751,0.81585944,0.7847576,0.751892,0.857797,0.6909532,0.70945615,0.8145437
2.0,0.24427778,-0.2017179,-0.11417875,0.280253,-0.37388712,0.45080662,-0.19136295,0.2546465,0.46885544,-0.2616679,-0.061132908,-0.032771543,-0.15399417,-0.1526293,-0.18945578,0.29080465,-0.047099516,0.37951782,0.36029315,-0.19844045,0.8012597,0.8298362,0.86031854,0.78439796,0.7512422,0.69781417,0.8552322,0.82902586,0.62053794,0.79924387,0.8698053,0.9047046,0.86890787,0.86629415,0.8275982,0.7668196,0.88979334,0.7083686,0.7311863,0.8375044
2.0,0.25055552,-0.20604293,-0.11651759,0.28251383,-0.37511402,0.4511815,-0.18799055,0.2580314,0.48498893,-0.26575583,-0.059063904,-0.04041124,-0.15765864,-0.15522735,-0.1903187,0.296817,-0.04728295,0.38538188,0.36456066,-0.20008002,0.7941714,0.82388544,0.8565191,0.7788601,0.74949056,0.69166136,0.85094637,0.8216067,0.6138387,0.79293144,0.86299574,0.90062916,0.86556244,0.85808635,0.8191437,0.7627464,0.88267386,0.70568216,0.72660977,0.8334822
1.0,0.24163541,-0.19918527,-0.111481756,0.28267986,-0.37599385,0.45646477,-0.19884506,0.25360012,0.45476916,-0.25917548,-0.06433145,-0.023414075,-0.15022463,-0.15033217,-0.18960613,0.2884586,-0.04674586,0.3759287,0.3579058,-0.19823048,0.8076652,0.8358644,0.86459774,0.7875064,0.7505712,0.70378834,0.86169857,0.8388774,0.6250269,0.8043935,0.8796428,0.9106359,0.8724256,0.8784221,0.83757424,0.7684336,0.89663213,0.7094418,0.73439354,0.84111977
1.0,0.2232826,-0.174138,-0.107134566,0.27572912,-0.35753405,0.4480999,-0.20897987,0.24396387,0.39913824,-0.24204963,-0.060970165,0.010764152,-0.12456136,-0.14417832,-0.18098569,0.26811135,-0.041248888,0.35241294,0.3303636,-0.18546054,0.8361731,0.86010146,0.87654346,0.80636513,0.7605231,0.73291755,0.8785675,0.87559247,0.6542164,0.8370832,0.91010517,0.93069506,0.89319634,0.922663,0.87269753,0.78045154,0.92389065,0.72850347,0.7557428,0.86110306
1.0,0.25072455,-0.20881729,-0.11651747,0.28220066,-0.37791395,0.45133552,-0.18711545,0.25793102,0.4885585,-0.2669,-0.060919084,-0.044415914,-0.16095921,-0.15484798,-0.19130737,0.29756355,-0.04822682,0.38752016,0.36772704,-0.20217082,0.7917756,0.82203346,0.85601467,0.7777793,0.7485515,0.68868953,0.84915185,0.8171078,0.61135817,0.78984183,0.85965055,0.89848053,0.86283064,0.852935,0.8159215,0.76249945,0.8809893,0.70319825,0.72487175,0.8311231
1.0,0.24137782,-0.19821708,-0.11193214,0.28289366,-0.37540656,0.4558626,-0.19942674,0.25359768,0.45392948,-0.2589102,-0.06429084,-0.02256596,-0.14904821,-0.15007825,-0.1888956,0.28832096,-0.046561494,0.37572363,0.35686925,-0.1984056,0.80815583,0.83672357,0.864859,0.7874603,0.7508583,0.7044641,0.8618898,0.83958066,0.62538975,0.80540305,0.8806316,0.911402,0.8728812,0.880129,0.8383558,0.7684187,0.89750075,0.70992863,0.7349929,0.8414081
2.0,0.24320379,-0.1989326,-0.113765225,0.28069142,-0.3720913,0.45124322,-0.19347498,0.25420758,0.4630189,-0.26013297,-0.060596965,-0.028034493,-0.1507028,-0.15218809,-0.18850866,0.28937477,-0.046368472,0.37715313,0.35721725,-0.19705006,0.804408,0.83263826,0.8616452,0.7859608,0.75198674,0.7012974,0.8576267,0.8340806,0.62343204,0.802819,0.8741729,0.9075221,0.87154186,0.8725367,0.83200604,0.7675706,0.89273256,0.71042895,0.7333296,0.8399477
2.0,0.24369833,-0.19977635,-0.11083442,0.28772864,-0.3798424,0.46294764,-0.20518658,0.25520065,0.45224768,-0.25975832,-0.06696825,-0.019244991,-0.14877549,-0.1493037,-0.1900434,0.2908246,-0.046593577,0.37725148,0.35856682,-0.2004276,0.80882955,0.83815724,0.866477,0.78604245,0.74829286,0.7053119,0.8650995,0.84322643,0.6240367,0.8051478,0.8853346,0.91427886,0.87320733,0.8857992,0.84179854,0.76681596,0.8990143,0.70795107,0.73424363,0.8414712
2.0,0.23364262,-0.19020829,-0.111534,0.27145952,-0.36147434,0.44208506,-0.1885179,0.24875274,0.44469544,-0.25288597,-0.055955008,-0.020782843,-0.14469388,-0.15142176,-0.18639827,0.27858907,-0.044593826,0.3661048,0.34744078,-0.18858856,0.81385726,0.83760345,0.8635957,0.79583323,0.7581937,0.7098455,0.8603699,0.84247965,0.63578516,0.81296545,0.8775154,0.90969956,0.87808055,0.87768704,0.83954024,0.77464676,0.89900035,0.71911764,0.74074143,0.8471533
2.0,0.23765765,-0.1935957,-0.11364052,0.27266717,-0.36269903,0.44141454,-0.1856573,0.25086084,0.45703673,-0.25596458,-0.055030927,-0.02743879,-0.1479818,-0.15293269,-0.18675962,0.28265822,-0.04503618,0.37077335,0.35087156,-0.19060665,0.8080959,0.8330557,0.860674,0.7916327,0.75706273,0.70461667,0.8562746,0.8353454,0.63029665,0.8078263,0.87148046,0.9061639,0.87476844,0.8702115,0.8323349,0.7719222,0.89370507,0.7165616,0.73718315,0.84356934
1.0,0.21964861,-0.16624501,-0.10852291,0.2683994,-0.3444556,0.4360349,-0.20062536,0.24147639,0.3953884,-0.23802108,-0.05253253,0.012721308,-0.11823746,-0.1458171,-0.1775326,0.26249462,-0.038815536,0.3457947,0.32087922,-0.177499,0.83946645,0.8607976,0.8747327,0.8110835,0.76651084,0.73786867,0.87727433,0.8793356,0.66190296,0.84410834,0.9087036,0.93010163,0.89829963,0.9236811,0.87364787,0.78324705,0.9243285,0.7372764,0.76017535,0.8660568
1.0,0.22696267,-0.17789438,-0.10604188,0.28081813,-0.3635928,0.45565277,-0.21377978,0.24614131,0.40183604,-0.24438396,-0.06420579,0.01117865,-0.12672347,-0.14399928,-0.18307206,0.2722031,-0.041909628,0.35571656,0.3346512,-0.18852124,0.83444697,0.859631,0.8773153,0.80351037,0.7570228,0.73114747,0.88031733,0.8758665,0.6503226,0.833896,0.9123761,0.9315755,0.8917018,0.92440796,0.8732169,0.77771544,0.9231592,0.72476465,0.75321877,0.85937816
1.0,0.22078374,-0.1718046,-0.10227129,0.2808359,-0.36255336,0.45841372,-0.22155944,0.24291107,0.37927613,-0.23883289,-0.06710345,0.02435875,-0.11955448,-0.14071733,-0.18209785,0.26605773,-0.04064186,0.34851053,0.32831824,-0.1862283,0.84526587,0.86950755,0.88362294,0.80994815,0.757979,0.7411804,0.88907254,0.8902834,0.6596455,0.8443012,0.92614794,0.940013,0.8983245,0.942546,0.88826233,0.7813561,0.93438494,0.72869974,0.7601605,0.8655782
1.0,0.20740047,-0.16441499,-0.10591035,0.25000006,-0.3353987,0.4200726,-0.18233345,0.23436862,0.388651,-0.2332865,-0.047207654,0.0035612285,-0.12379939,-0.14736193,-0.17903543,0.25006396,-0.039845303,0.33657873,0.31953126,-0.16903186,0.8423155,0.8568892,0.8722682,0.8217739,0.7739008,0.7364171,0.8719037,0.8704205,0.670652,0.8443771,0.89464164,0.92044926,0.8971661,0.90266395,0.8663767,0.79273,0.92126465,0.7429407,0.7631055,0.86708075
1.0,0.24417695,-0.20014067,-0.113172665,0.281299,-0.3733279,0.45295954,-0.19379696,0.25465396,0.4640419,-0.2607728,-0.060961545,-0.028374076,-0.15173483,-0.15256628,-0.18944347,0.2903141,-0.0466111,0.3777137,0.35867196,-0.19721314,0.80380523,0.8319649,0.8615992,0.785531,0.751182,0.70064324,0.85795736,0.8339068,0.6226439,0.80164516,0.87403375,0.9070312,0.87112546,0.8717411,0.8316307,0.7670005,0.891905,0.70967805,0.7325082,0.8395644
1.0,0.2644007,-0.22657688,-0.119632766,0.28685877,-0.39075744,0.45538327,-0.18020226,0.26430285,0.52937686,-0.27884188,-0.0639661,-0.07026825,-0.1781798,-0.15880123,-0.19710927,0.31246278,-0.051633485,0.4057605,0.38714427,-0.21204168,0.7711839,0.8057368,0.8483249,0.7634712,0.7408352,0.6683033,0.8374426,0.7912683,0.5909358,0.7681246,0.8387448,0.88480043,0.8484386,0.823892,0.7917982,0.75287306,0.86268526,0.6898681,0.7106231,0.8162736
2.0,0.24312147,-0.20282935,-0.11392267,0.27493617,-0.3705731,0.44541073,-0.18325222,0.25356266,0.47359768,-0.26117298,-0.05780124,-0.03863608,-0.15727165,-0.1541911,-0.19053145,0.28906792,-0.047017217,0.3786389,0.36101165,-0.19540863,0.7992497,0.82548684,0.85767317,0.78597474,0.7529742,0.6951179,0.85165876,0.8237233,0.6208821,0.7970637,0.8620963,0.899784,0.86770827,0.85604554,0.8218987,0.7682577,0.8856237,0.7094635,0.73020476,0.83675826
1.0,0.218259,-0.17115307,-0.10590234,0.2681357,-0.35115403,0.44102564,-0.20199439,0.24067932,0.39367768,-0.23909268,-0.057090983,0.010152265,-0.124302976,-0.14511567,-0.18084483,0.26217884,-0.040874198,0.34681246,0.32714444,-0.17982654,0.83909446,0.8597683,0.8758948,0.81172425,0.7643817,0.73492646,0.8777402,0.8760053,0.6601617,0.83971024,0.9068349,0.9283004,0.8950921,0.9180546,0.8724433,0.7845599,0.92378396,0.7329788,0.75836474,0.86375314
1.0,0.25924024,-0.22010852,-0.11917968,0.2838366,-0.38485104,0.45136333,-0.18029842,0.26187384,0.5171038,-0.2747186,-0.06192924,-0.06315481,-0.17243826,-0.15781228,-0.19464396,0.30705762,-0.050410815,0.39938053,0.38004854,-0.20823687,0.77748936,0.81053275,0.8501675,0.7684223,0.744277,0.6744794,0.84006476,0.79825914,0.59778494,0.7752789,0.8439123,0.8882259,0.853001,0.8315159,0.79833174,0.75632703,0.86806065,0.694981,0.7154647,0.8209687
1.0,0.2498444,-0.20628323,-0.11742766,0.27954304,-0.37296963,0.44658482,-0.18343434,0.25733626,0.48899767,-0.26587415,-0.057482205,-0.044606127,-0.15915346,-0.15589887,-0.18999313,0.2960528,-0.04740393,0.38562396,0.36470014,-0.19939952,0.7922981,0.82173884,0.8548666,0.77891946,0.75072044,0.68958277,0.8478871,0.8171348,0.6132839,0.79158854,0.858235,0.89772797,0.8643224,0.852128,0.8150804,0.7631979,0.88036555,0.7060016,0.7261006,0.83238196
1.0,0.21444266,-0.17031117,-0.10719318,0.26009864,-0.34619975,0.4308224,-0.19242105,0.23843506,0.3970551,-0.23822084,-0.05383207,0.003325574,-0.12659073,-0.1461856,-0.18025193,0.25852877,-0.04143502,0.34504354,0.326413,-0.17742296,0.83739257,0.8566144,0.8732459,0.81402,0.7679328,0.7322784,0.8724578,0.86818784,0.66137314,0.83846754,0.8979764,0.9225833,0.89324266,0.9060562,0.8655681,0.7871875,0.9204267,0.7350008,0.7585187,0.86252815
2.0,0.23812968,-0.19588393,-0.11405462,0.27002782,-0.3622415,0.43830404,-0.18049565,0.25076264,0.4638224,-0.25710618,-0.05382567,-0.033472717,-0.15156797,-0.15415671,-0.18768707,0.28309956,-0.04557299,0.37217554,0.3533281,-0.190369,0.8047019,0.82926077,0.8584566,0.79093707,0.75735724,0.70079595,0.8527141,0.82900393,0.6281349,0.804236,0.8650407,0.9018351,0.87233645,0.86129016,0.82638294,0.77168673,0.88960207,0.7155686,0.7351973,0.8413466
2.0,0.23328729,-0.18448812,-0.10701471,0.28509235,-0.36936605,0.46070933,-0.21344888,0.24982241,0.4161015,-0.24909925,-0.06529278,0.0042881146,-0.13244483,-0.14555174,-0.18547465,0.27889085,-0.04299058,0.36240837,0.34163815,-0.19229904,0.8273374,0.85384774,0.87459797,0.7977863,0.7535462,0.72432137,0.877314,0.86847854,0.6421811,0.8258534,0.9067423,0.9279097,0.8869525,0.9162066,0.86562777,0.7735878,0.916668,0.7195366,0.7474612,0.85455996
1.0,0.24151546,-0.19893879,-0.115031704,0.27471888,-0.3675015,0.4428948,-0.1847155,0.25281283,0.4690081,-0.25983027,-0.05705834,-0.03491632,-0.15313762,-0.15360095,-0.18808436,0.28732944,-0.046431556,0.3766813,0.35691172,-0.19487616,0.8017288,0.82875466,0.8586518,0.7868868,0.75456953,0.69820935,0.8524858,0.8268646,0.6233651,0.8010282,0.8656753,0.90232253,0.8698568,0.861862,0.8251086,0.76893103,0.8887391,0.7117334,0.7327749,0.83860487
2.0,0.2565569,-0.21555229,-0.1198024,0.27922243,-0.37696254,0.44450435,-0.17509288,0.260278,0.5140965,-0.27195492,-0.05676768,-0.061593063,-0.16928813,-0.15898153,-0.19275135,0.30310592,-0.048975676,0.39503425,0.37451404,-0.20320766,0.7800616,0.8110638,0.8490662,0.7717105,0.7480058,0.67723376,0.8390452,0.79991287,0.60233283,0.7793334,0.842933,0.88802505,0.8561838,0.8317192,0.79876405,0.7586133,0.8685512,0.69974,0.7183356,0.8239611
1.0,0.26551488,-0.22711001,-0.12109056,0.2853336,-0.38854527,0.45154318,-0.17596263,0.26481634,0.53612745,-0.27959916,-0.061645545,-0.07476219,-0.17925298,-0.16005757,-0.19666046,0.31338054,-0.051362805,0.4072112,0.38734078,-0.21155167,0.76848966,0.80309975,0.84618014,0.76214486,0.7415708,0.66579705,0.8343384,0.78687,0.58928543,0.76651186,0.83413416,0.8822624,0.84737825,0.81885517,0.78725636,0.75208104,0.85969514,0.6900915,0.70968217,0.81481135
1.0,0.2657599,-0.22843756,-0.12215185,0.28021455,-0.38436335,0.443937,-0.16677013,0.2641815,0.5455983,-0.2799464,-0.057756916,-0.082957305,-0.18256655,-0.16217396,-0.196933,0.31287378,-0.051143184,0.4082305,0.38820362,-0.209469,0.7644776,0.798118,0.84265,0.76185143,0.7432386,0.6615311,0.82879347,0.778627,0.5877264,0.7636108,0.8249345,0.8765782,0.8455127,0.8075432,0.7791894,0.7520764,0.85442185,0.6905286,0.7082761,0.81271565
1.0,0.22190116,-0.17475745,-0.10829055,0.27038845,-0.35438043,0.4412875,-0.20133987,0.24277192,0.4049898,-0.24262051,-0.058326915,0.0041141436,-0.12757003,-0.14572254,-0.18090396,0.26669636,-0.04192972,0.35217515,0.33131889,-0.18390675,0.8332372,0.8563319,0.87377757,0.80692005,0.7626238,0.72946906,0.87379104,0.868331,0.6536249,0.83417106,0.9020482,0.9252927,0.89093447,0.9115584,0.8658137,0.7815759,0.9195102,0.7291615,0.7546185,0.85943913
1.0,0.2551413,-0.21956037,-0.11936353,0.27189228,-0.37581545,0.43645436,-0.16430923,0.25835264,0.5237601,-0.2725763,-0.05557674,-0.07339967,-0.17639655,-0.16030443,-0.19485286,0.30175102,-0.050057292,0.39665404,0.37875348,-0.20273969,0.77462155,0.80466187,0.8457793,0.7721348,0.7489009,0.6705394,0.83233434,0.78741515,0.59955716,0.7738594,0.8305422,0.8794014,0.8515919,0.814381,0.78825593,0.7593076,0.8624105,0.69798505,0.71563274,0.8198291
1.0,0.23384506,-0.19238849,-0.11509089,0.262687,-0.3549381,0.42772537,-0.17240906,0.24801013,0.46316615,-0.25485006,-0.04989264,-0.03659735,-0.1506286,-0.15484193,-0.18584512,0.278338,-0.045103773,0.3687158,0.34942883,-0.18694484,0.8052717,0.8286407,0.8568349,0.79415935,0.7614957,0.70102406,0.8490821,0.825149,0.63143843,0.80646974,0.8600598,0.8986284,0.8728991,0.85553265,0.8231765,0.77433056,0.8888497,0.7192861,0.73731756,0.8420994
1.0,0.25292015,-0.2159309,-0.118468896,0.27465802,-0.37644136,0.44074646,-0.17148456,0.25776953,0.51149106,-0.27042863,-0.057500347,-0.06404514,-0.17157334,-0.15819985,-0.19359034,0.29959202,-0.049604833,0.3933259,0.37496638,-0.20256257,0.78044045,0.81038356,0.849172,0.77447206,0.7491238,0.6765424,0.83752733,0.7967437,0.60377264,0.77919775,0.8396,0.8854775,0.8550619,0.82628727,0.79719514,0.7609897,0.86870706,0.69968176,0.71882296,0.82357794
2.0,0.25139987,-0.2096787,-0.11954874,0.27410117,-0.3695795,0.43784496,-0.17169985,0.25744882,0.505019,-0.26796788,-0.053276457,-0.05752676,-0.16494602,-0.15877044,-0.19057837,0.29724246,-0.04771389,0.38886923,0.36787647,-0.19842884,0.78497523,0.81394094,0.84963053,0.776776,0.7520802,0.6819618,0.83974236,0.8039881,0.6088937,0.78537065,0.8446158,0.8892531,0.86004,0.83490103,0.80233634,0.7622015,0.87183905,0.7050759,0.72262293,0.8280033
1.0,0.22642343,-0.17970465,-0.110508904,0.2692785,-0.35443962,0.43850192,-0.19378689,0.24489915,0.42245704,-0.2465988,-0.0553639,-0.006721966,-0.13374463,-0.1487231,-0.18220752,0.27084875,-0.042735666,0.3571329,0.33635065,-0.18456517,0.8250027,0.8482121,0.8686665,0.8026562,0.7621227,0.7215583,0.8669711,0.85691744,0.6469775,0.82604873,0.89062583,0.9180723,0.8860754,0.8964232,0.853782,0.7789551,0.910299,0.7264555,0.7493455,0.8548109
1.0,0.22126044,-0.17510168,-0.109143704,0.2641948,-0.34886584,0.43374425,-0.1911521,0.24192506,0.4123332,-0.24270724,-0.05291064,-0.0029046014,-0.13054854,-0.14835146,-0.18123898,0.2649563,-0.041808724,0.35114175,0.33124006,-0.17991354,0.8302379,0.85097253,0.8698285,0.8080774,0.76541877,0.72627515,0.8687222,0.86167175,0.65392494,0.83161193,0.89253986,0.919284,0.8896475,0.8992885,0.8580071,0.7828081,0.9137158,0.73125356,0.7534246,0.85872006
1.0,0.23482211,-0.19162731,-0.11246629,0.2693328,-0.36048293,0.4386536,-0.18416956,0.24909863,0.45174795,-0.25441805,-0.054485194,-0.02581501,-0.14699286,-0.15295133,-0.18681669,0.2798953,-0.045121998,0.367593,0.349317,-0.18845311,0.81042457,0.8345439,0.8615038,0.79446197,0.75849426,0.7064695,0.85711837,0.8369034,0.6334643,0.80983895,0.87244064,0.9057934,0.8761211,0.87050116,0.8340945,0.7735272,0.89508975,0.71861386,0.73895234,0.845078
2.0,0.25121057,-0.21074535,-0.11911444,0.2740334,-0.37101012,0.43852714,-0.1718832,0.25724378,0.505106,-0.26809722,-0.05433189,-0.058343314,-0.1661962,-0.15839922,-0.19120759,0.2971782,-0.04810086,0.38937715,0.36906657,-0.19917934,0.7845848,0.8135661,0.84979516,0.7767801,0.7515975,0.6812756,0.83955055,0.80295235,0.608334,0.7845409,0.84395754,0.8887791,0.85920024,0.8335591,0.80183595,0.7623788,0.8717346,0.7040769,0.7221508,0.8273743
1.0,0.254392,-0.2127959,-0.11698024,0.28495732,-0.3820691,0.45454866,-0.18785623,0.25989413,0.4964415,-0.26993546,-0.06252074,-0.048467465,-0.16415486,-0.15554287,-0.19267207,0.30176765,-0.049060054,0.3917725,0.37234065,-0.20507056,0.78765917,0.81936514,0.85500354,0.7741384,0.74610364,0.6847435,0.8478716,0.8130795,0.60655594,0.7851838,0.85720634,0.8966027,0.85992175,0.849094,0.8121351,0.75978386,0.8777199,0.6998613,0.7216563,0.8280214
1.0,0.2240751,-0.17629878,-0.10842465,0.27177608,-0.35532212,0.4429704,-0.20121163,0.24389982,0.40889162,-0.24381973,-0.057935625,0.0028360784,-0.12878808,-0.146454,-0.1815835,0.26855624,-0.04196462,0.35371533,0.3327889,-0.18423754,0.8314904,0.8546585,0.872895,0.8054275,0.76173645,0.728035,0.8732341,0.86723596,0.65174776,0.8322902,0.90087885,0.9245591,0.8901911,0.91003084,0.8641019,0.78032863,0.91761464,0.7281598,0.7531387,0.8586454
1.0,0.2218669,-0.17519562,-0.102456525,0.27990246,-0.36417156,0.45844954,-0.21810967,0.24366894,0.3859345,-0.24047513,-0.06662055,0.018890806,-0.12388327,-0.14165989,-0.18375212,0.26756215,-0.04136928,0.3504899,0.33187056,-0.18653992,0.84192264,0.86525357,0.8815989,0.80881345,0.7575304,0.73715407,0.8865425,0.88502043,0.6568617,0.8396776,0.9201267,0.9363427,0.8955483,0.9338458,0.88285375,0.7811074,0.9300946,0.726888,0.7573805,0.8633434
2.0,0.24852479,-0.20634331,-0.11761451,0.27675712,-0.3713624,0.44310826,-0.17989624,0.25637215,0.49039572,-0.2654209,-0.056490183,-0.047366284,-0.16038617,-0.15615174,-0.18994477,0.29463342,-0.047503456,0.38517258,0.36462772,-0.19861737,0.7915462,0.82040095,0.8539233,0.7797585,0.7518071,0.6884517,0.8458967,0.81413484,0.61355335,0.7910508,0.85481936,0.895649,0.8635592,0.8477096,0.81255114,0.76415217,0.8791992,0.70638376,0.72608316,0.8318567
1.0,0.23912492,-0.19366337,-0.10916281,0.28698277,-0.37646574,0.4625953,-0.20946565,0.2528761,0.43662554,-0.25562808,-0.067247726,-0.009341888,-0.14221591,-0.1474919,-0.18817224,0.28600076,-0.045419753,0.37124583,0.3521315,-0.19779444,0.8165358,0.8451454,0.8702277,0.7907639,0.75017506,0.7130151,0.87038374,0.85351944,0.63123214,0.8133857,0.8947503,0.92006814,0.878534,0.8986726,0.851957,0.7695528,0.9066882,0.71221554,0.7396441,0.8465956
2.0,0.2594127,-0.21855794,-0.1199594,0.2830298,-0.38176316,0.44925097,-0.17850196,0.2620766,0.51787287,-0.27406716,-0.059359267,-0.06273102,-0.17103094,-0.15859649,-0.19378456,0.3065436,-0.049617708,0.39853647,0.3778881,-0.2064021,0.7779251,0.8102947,0.8492889,0.7687686,0.7454872,0.67525464,0.83947295,0.79881734,0.59881294,0.7765812,0.8434261,0.8884224,0.8542882,0.83195144,0.7980081,0.75652677,0.86767465,0.69670385,0.71622825,0.8219108
2.0,0.25925288,-0.21796902,-0.120686635,0.28096405,-0.37901902,0.44564456,-0.17502728,0.2617724,0.52066475,-0.2740599,-0.057266273,-0.06490997,-0.17113817,-0.15958121,-0.19326198,0.3061322,-0.049350187,0.3981991,0.37715256,-0.20507112,0.7769314,0.80902416,0.8480066,0.7688851,0.7466365,0.6743631,0.8376113,0.7966692,0.5989022,0.77627,0.84072185,0.8866521,0.85425824,0.8288881,0.79563236,0.7565693,0.86601603,0.6977435,0.7162124,0.8217223
1.0,0.24748819,-0.20500095,-0.11137436,0.29072344,-0.38552082,0.4667298,-0.20575228,0.25738204,0.46160558,-0.26334503,-0.06944989,-0.024904624,-0.15337873,-0.14974251,-0.19183904,0.29556024,-0.04780525,0.38248923,0.36458713,-0.20440337,0.80370367,0.8346796,0.86521214,0.7818278,0.74535865,0.7000274,0.86322343,0.83732814,0.6179642,0.7990676,0.8815606,0.9116591,0.869024,0.8798692,0.83663636,0.7639412,0.89502335,0.7034954,0.73015577,0.8372962
1.0,0.24044476,-0.19365902,-0.109595805,0.2873854,-0.37561756,0.4624283,-0.20883772,0.25352097,0.43897146,-0.2560739,-0.06610308,-0.009676173,-0.14198464,-0.14819232,-0.18806559,0.28687692,-0.045187756,0.37172624,0.35192072,-0.1973747,0.815713,0.84435564,0.8695158,0.79003394,0.75016373,0.71270937,0.869864,0.85326105,0.6306423,0.81307065,0.8942198,0.9196972,0.8786805,0.898348,0.8510707,0.7687952,0.90562594,0.7124643,0.73919666,0.8465491
2.0,0.21755913,-0.16696763,-0.09496266,0.29005218,-0.3692994,0.47385567,-0.24181151,0.24193007,0.34816536,-0.23294058,-0.07638143,0.046733476,-0.109409116,-0.13470306,-0.18307677,0.2634757,-0.038589835,0.34274098,0.32303807,-0.18783043,0.8599812,0.88544935,0.8951766,0.81516165,0.7538379,0.7551564,0.90629834,0.9146331,0.6680815,0.8578763,0.95339787,0.956131,0.9075165,0.9780825,0.91427046,0.781598,0.9523218,0.7296891,0.76784474,0.8728632
2.0,0.24534011,-0.20372151,-0.11592674,0.27606615,-0.37080508,0.44411948,-0.18269664,0.25467095,0.48024377,-0.26308227,-0.057583638,-0.041675128,-0.15785101,-0.15484169,-0.18966693,0.2913969,-0.047325015,0.3814806,0.3620761,-0.19731125,0.79611826,0.8241577,0.85636187,0.7830466,0.7525789,0.69264245,0.8491912,0.8198339,0.61774063,0.79498905,0.8599135,0.8985589,0.8660514,0.8537894,0.8183929,0.76633674,0.8835417,0.7081192,0.72879064,0.83469844
1.0,0.24391389,-0.19572042,-0.108008645,0.29619268,-0.38384223,0.4739977,-0.21983463,0.25632057,0.43512964,-0.25753775,-0.072064154,-0.0036839694,-0.140506,-0.14612925,-0.18939833,0.29143494,-0.04532732,0.37470195,0.35446346,-0.20241061,0.81702006,0.84822565,0.8730454,0.7871851,0.74550885,0.71425676,0.8756155,0.85917914,0.6278079,0.81341696,0.9037178,0.9252516,0.8789871,0.9100692,0.85774803,0.76547503,0.9096385,0.7088264,0.73837215,0.8460469
2.0,0.24709544,-0.20536764,-0.115147725,0.28021094,-0.3753767,0.45022216,-0.18805142,0.2559021,0.47887772,-0.26415175,-0.060622446,-0.039249234,-0.15801513,-0.15398113,-0.19058865,0.29364085,-0.047742993,0.383118,0.36414284,-0.1997371,0.7963861,0.82543945,0.8578838,0.78156847,0.75021833,0.6929808,0.85172033,0.8223748,0.616219,0.79425687,0.8637148,0.9008049,0.8657454,0.85806227,0.82107115,0.7650263,0.8848763,0.7059554,0.72797346,0.8343279
1.0,0.22797807,-0.18224008,-0.11276963,0.26616693,-0.35238203,0.43281808,-0.18572463,0.24552074,0.4350117,-0.2485706,-0.052262023,-0.016078778,-0.13792455,-0.15070006,-0.18232568,0.27223295,-0.04309994,0.35994023,0.33865738,-0.18441842,0.8191927,0.8421354,0.8644883,0.8005301,0.7631293,0.7157257,0.8606749,0.8470232,0.643108,0.8209964,0.88038015,0.9119908,0.8824937,0.8834845,0.8439407,0.7781863,0.9036726,0.7255305,0.7462716,0.85146964
1.0,0.20630553,-0.1614107,-0.10289778,0.2579749,-0.34104663,0.4317189,-0.19833785,0.23418498,0.3699005,-0.23065144,-0.053884566,0.018795706,-0.116979875,-0.14328523,-0.1785894,0.24969481,-0.039105736,0.33430818,0.31657857,-0.1713787,0.85113704,0.8671501,0.87963307,0.8233498,0.7709319,0.7454094,0.8827033,0.8871028,0.67524916,0.85216564,0.9125116,0.93197834,0.90263283,0.92626953,0.8833025,0.793015,0.932778,0.7427042,0.7676076,0.8717461
2.0,0.24145141,-0.19686374,-0.11327471,0.27910167,-0.3696624,0.44972932,-0.19278726,0.25325483,0.45886263,-0.2584513,-0.05933308,-0.025813349,-0.14902005,-0.1520598,-0.18805248,0.28721237,-0.045800366,0.3747079,0.3547713,-0.19498098,0.8067045,0.83382934,0.8621004,0.7880565,0.75328404,0.703527,0.85857075,0.836682,0.6262549,0.80533844,0.8754478,0.9084544,0.8733523,0.874534,0.8341102,0.7689948,0.89424556,0.712503,0.7350217,0.8418237
1.0,0.23601393,-0.19482875,-0.11449608,0.26801088,-0.36124468,0.4351436,-0.17936414,0.24955687,0.46224046,-0.25633857,-0.05423516,-0.034195982,-0.15125784,-0.15345372,-0.18685542,0.28135067,-0.045848154,0.3714397,0.35235375,-0.19076404,0.8051179,0.83004266,0.858704,0.7918567,0.7583989,0.70092106,0.85169065,0.8274233,0.6288785,0.80513984,0.8642256,0.9013079,0.87193686,0.8602349,0.8259997,0.77271795,0.89055496,0.7159458,0.7360907,0.8410993
1.0,0.2713794,-0.23307167,-0.123352155,0.28555176,-0.39010572,0.44923353,-0.16984282,0.267522,0.55571073,-0.28421807,-0.06001401,-0.08699203,-0.18524548,-0.16287774,-0.19811076,0.31938168,-0.05193922,0.41438445,0.39358222,-0.21379009,0.7595603,0.7956587,0.8418004,0.75617826,0.73970693,0.65720016,0.8281049,0.77523065,0.5814494,0.75838244,0.82373977,0.8757875,0.84234977,0.8058451,0.7757503,0.74782866,0.8510306,0.6864372,0.7044769,0.80892617
2.0,0.25972652,-0.21983172,-0.12005359,0.2803575,-0.38019693,0.44620958,-0.17383185,0.26169765,0.5227076,-0.2744957,-0.057570405,-0.06695937,-0.17341122,-0.15989235,-0.1944853,0.30637982,-0.049740195,0.39898705,0.37914988,-0.20518345,0.7757292,0.8073824,0.84749895,0.7687431,0.74604034,0.6728551,0.8368168,0.79461753,0.59793305,0.77444553,0.8385547,0.8851026,0.85313874,0.8253927,0.79375064,0.75655967,0.8645252,0.6966195,0.71511257,0.8208273
2.0,0.24787402,-0.20382048,-0.116368026,0.278599,-0.37096173,0.4465316,-0.18417838,0.2563429,0.48237866,-0.26388317,-0.056681015,-0.040472485,-0.1567927,-0.15556057,-0.18963438,0.29364452,-0.04678467,0.3824902,0.3619549,-0.19720629,0.7956933,0.8239274,0.8560435,0.7815111,0.7517876,0.6929033,0.8501128,0.82170343,0.6168312,0.7949243,0.8614123,0.8997012,0.8668126,0.8563835,0.81898785,0.7648087,0.8829718,0.7082667,0.7282539,0.8349771
1.0,0.2301137,-0.183038,-0.11128847,0.27321118,-0.35873646,0.44250455,-0.19603515,0.24715796,0.4291998,-0.24929833,-0.057303756,-0.009175368,-0.13590813,-0.14887123,-0.18304946,0.27519745,-0.04332538,0.36135724,0.3400363,-0.18792507,0.82151496,0.84637654,0.8680312,0.79885554,0.7596028,0.7183753,0.8662236,0.8541119,0.6421407,0.8222373,0.88968146,0.9174998,0.8836518,0.89495736,0.8512678,0.77620584,0.90811974,0.7231064,0.7464718,0.8521308
1.0,0.23840605,-0.19053426,-0.11092162,0.282107,-0.36852002,0.45435515,-0.20214924,0.2520744,0.44015226,-0.25444415,-0.061158724,-0.011538163,-0.14057639,-0.14956425,-0.18642087,0.28388828,-0.044360265,0.36901724,0.34807062,-0.19333896,0.8159342,0.8429483,0.8674683,0.79209894,0.7536395,0.71331847,0.86699516,0.85167766,0.63350946,0.81496364,0.8900484,0.91741353,0.8799874,0.8941912,0.8484301,0.7706258,0.90412277,0.7163254,0.74072367,0.8479512
2.0,0.22575447,-0.17683788,-0.105833724,0.27957088,-0.36213547,0.45436803,-0.21293515,0.2454443,0.3997647,-0.24343847,-0.06344988,0.011866219,-0.12603745,-0.14394939,-0.18276054,0.27077907,-0.041643232,0.3543761,0.33338526,-0.18738213,0.8355741,0.86009926,0.8774505,0.8047463,0.75788707,0.7321762,0.88054967,0.87683326,0.6519293,0.8351809,0.9124942,0.9318061,0.8925105,0.9248306,0.8739799,0.77870136,0.9238643,0.72589487,0.7541672,0.86026746
2.0,0.22990036,-0.18192132,-0.1081285,0.2795535,-0.36410505,0.4529175,-0.20782033,0.24752659,0.41556105,-0.24767084,-0.06247402,0.0019964054,-0.131955,-0.14609843,-0.18386403,0.27523267,-0.042904884,0.35980427,0.3389927,-0.18966183,0.82775384,0.8532891,0.87333196,0.80010957,0.75676155,0.7245078,0.874467,0.8659124,0.6448953,0.8270996,0.9027617,0.92556626,0.88726926,0.911454,0.8632396,0.77602506,0.9159535,0.72228634,0.749025,0.85528916
2.0,0.2478481,-0.20653696,-0.11617042,0.27843878,-0.37410665,0.4470715,-0.18389657,0.25611106,0.48504588,-0.26495728,-0.058979273,-0.043922,-0.15998846,-0.1550028,-0.19065884,0.2942323,-0.047831982,0.38448003,0.36515218,-0.19950369,0.7936094,0.822518,0.8558715,0.7805857,0.750733,0.6902077,0.84863466,0.81758016,0.61448765,0.7920296,0.8586948,0.89782375,0.8641504,0.85186946,0.81632125,0.7646281,0.88174254,0.7056333,0.72665966,0.83270913
1.0,0.26149875,-0.22283043,-0.12038024,0.28277305,-0.38466424,0.4488319,-0.17581058,0.26277024,0.52687925,-0.2765333,-0.060473323,-0.06983357,-0.17572618,-0.1592558,-0.19525301,0.30911553,-0.05064501,0.4024653,0.38267517,-0.20878422,0.77303505,0.8063565,0.84757304,0.7660655,0.7439727,0.6700984,0.8361867,0.79159707,0.5942981,0.77137995,0.83749163,0.8843782,0.85042685,0.8235291,0.7918021,0.75486416,0.86347854,0.6934977,0.713035,0.8181406
1.0,0.24557903,-0.20691286,-0.1167295,0.27292043,-0.37117523,0.43976444,-0.1766885,0.25446033,0.4889931,-0.26439705,-0.057164237,-0.05003526,-0.16254264,-0.15555777,-0.1906379,0.29197073,-0.048129812,0.38412538,0.36532447,-0.1983937,0.7914934,0.8196205,0.85387397,0.7817666,0.75270355,0.68742174,0.8443168,0.81073964,0.61434656,0.7905831,0.851543,0.89325064,0.8622721,0.8425128,0.8106522,0.76600015,0.87906337,0.70610243,0.7263102,0.83111745
1.0,0.2636389,-0.2265561,-0.12270565,0.2750445,-0.3787189,0.43632174,-0.15995157,0.26260042,0.54736495,-0.2787147,-0.054209717,-0.086093016,-0.18243808,-0.16342328,-0.19602713,0.31036317,-0.05055815,0.40615782,0.38597527,-0.20646057,0.7640461,0.79668975,0.84093493,0.7636793,0.74592584,0.6608448,0.8258465,0.77529675,0.5893598,0.76434547,0.82052803,0.87355125,0.8459932,0.8024154,0.7759707,0.75326896,0.85271585,0.69301474,0.7092284,0.81303334
2.0,0.23832352,-0.19220856,-0.11301601,0.27842236,-0.36661327,0.44814444,-0.19516301,0.2517148,0.4494022,-0.25579503,-0.059129275,-0.019722395,-0.14411354,-0.1508204,-0.18601972,0.28400627,-0.04495102,0.37092105,0.3498279,-0.19347645,0.8114305,0.8384596,0.8642548,0.7908429,0.7549929,0.7085111,0.8613306,0.84282434,0.63086724,0.8110075,0.88115025,0.9121708,0.8767427,0.8828373,0.8402282,0.7707706,0.89921445,0.7156313,0.7387188,0.8450542
1.0,0.2597947,-0.21832396,-0.1186087,0.2874546,-0.3858993,0.45626408,-0.18593697,0.26274726,0.5109883,-0.27409992,-0.062863596,-0.05663175,-0.16907239,-0.15709737,-0.19417354,0.30749214,-0.049863383,0.39819914,0.3781985,-0.20831224,0.7807167,0.8139559,0.85217005,0.7687309,0.74353516,0.6781563,0.8440861,0.80507904,0.5994791,0.7782615,0.8507181,0.8926628,0.8555142,0.8406252,0.8042294,0.75608814,0.871524,0.6957661,0.7169088,0.8232147
2.0,0.2457971,-0.20377763,-0.11661306,0.27566224,-0.36988676,0.44277176,-0.18116665,0.25496978,0.482744,-0.26329532,-0.05659,-0.043208726,-0.15805432,-0.15524432,-0.18937573,0.2917698,-0.047132686,0.38202652,0.36191434,-0.19714321,0.7951611,0.8231708,0.85551023,0.78251976,0.75291216,0.69181985,0.8480696,0.81836593,0.6171472,0.79454845,0.858241,0.8977832,0.86570853,0.8521325,0.81675255,0.7660843,0.88249534,0.7083163,0.7284591,0.83423847
2.0,0.230076,-0.18129654,-0.10226992,0.29117364,-0.37503356,0.47149548,-0.22793764,0.248714,0.393764,-0.2454644,-0.07272344,0.019452266,-0.12611303,-0.14107934,-0.18594196,0.2766528,-0.042269595,0.35836923,0.33877423,-0.19424023,0.8374096,0.8650285,0.8826778,0.8014457,0.7508483,0.7335272,0.888754,0.8842544,0.6477936,0.834352,0.92504543,0.9387259,0.8923734,0.9392508,0.8830294,0.77444005,0.92908084,0.7196481,0.7525837,0.859201
2.0,0.23087199,-0.18243504,-0.106305994,0.28452864,-0.3687542,0.46045104,-0.21530166,0.24855033,0.40951097,-0.24740745,-0.06619289,0.007668704,-0.13037685,-0.14442956,-0.18479374,0.2766475,-0.0427413,0.3602311,0.33958668,-0.1918169,0.8304047,0.8567732,0.87632364,0.7997602,0.75420576,0.7270663,0.87927306,0.8718991,0.64495,0.8288782,0.9101724,0.93013406,0.8886102,0.92076725,0.8695331,0.77500665,0.9199952,0.72072595,0.7496295,0.856209
1.0,0.24018757,-0.19756497,-0.11650045,0.26699516,-0.35886145,0.43181723,-0.17214225,0.25164497,0.4767272,-0.258836,-0.049782336,-0.042356484,-0.1545291,-0.1564964,-0.18741468,0.28482372,-0.045351356,0.3748167,0.3545944,-0.18951468,0.799173,0.8236042,0.8542112,0.7886266,0.7585573,0.6955197,0.84675485,0.82005847,0.6246557,0.80016667,0.8556244,0.8962869,0.8697081,0.85008353,0.8171038,0.77032745,0.8831785,0.71555626,0.7326547,0.83840644
2.0,0.25933784,-0.21981163,-0.121383354,0.2764738,-0.37635088,0.43947253,-0.1670912,0.2611185,0.52907485,-0.27464384,-0.054579057,-0.072690405,-0.17483771,-0.16125894,-0.19387242,0.30576837,-0.049474515,0.39938498,0.37880567,-0.20378935,0.7730645,0.8044239,0.84500635,0.76855785,0.7477881,0.67008626,0.8326722,0.78873056,0.59710556,0.7730144,0.83225334,0.8812542,0.8519773,0.818,0.7881523,0.75659037,0.86118615,0.6975063,0.7145697,0.8194288
2.0,0.23679183,-0.19342814,-0.11182305,0.274638,-0.36543083,0.44593674,-0.19037554,0.25056574,0.45020017,-0.25516447,-0.057660863,-0.022906788,-0.14700091,-0.15161888,-0.1875276,0.28213054,-0.0451779,0.36960432,0.35098025,-0.19119804,0.8109815,0.83585745,0.8630983,0.79283106,0.75592613,0.7071232,0.8599007,0.84020054,0.63184685,0.8094933,0.8765899,0.90907,0.8760001,0.87601787,0.83742213,0.7724524,0.8969679,0.71612936,0.7381928,0.844936
2.0,0.2311197,-0.18455005,-0.10732575,0.28255323,-0.36900854,0.45783925,-0.2113721,0.2485246,0.4158294,-0.24886443,-0.065666504,0.0020474344,-0.1337134,-0.14528058,-0.18520644,0.27727056,-0.043565065,0.3619051,0.3421024,-0.19239828,0.82709527,0.85348636,0.874332,0.7986572,0.7544954,0.72331494,0.87579185,0.8657414,0.64257234,0.82514876,0.9042123,0.9263813,0.8858695,0.9124179,0.8638897,0.7749462,0.9163344,0.7194351,0.7476713,0.8538751
2.0,0.20420112,-0.15102133,-0.087615386,0.2894837,-0.36328256,0.47534028,-0.25807709,0.23445693,0.29869708,-0.21871865,-0.08152597,0.07645186,-0.0896306,-0.12696692,-0.1790224,0.24947222,-0.034022838,0.3268433,0.30518883,-0.18228637,0.88473874,0.90942174,0.90969115,0.8293832,0.7564878,0.77915347,0.92585623,0.948125,0.69008255,0.8854107,0.98612803,0.9764071,0.924556,1.0242361,0.9497446,0.7886741,0.9794901,0.7403468,0.785359,0.8871606
2.0,0.24910305,-0.20695855,-0.11833365,0.27456105,-0.3691666,0.43969136,-0.17533937,0.25640973,0.49568504,-0.26593873,-0.054182217,-0.05133564,-0.16186291,-0.15751761,-0.19002539,0.29484606,-0.047373764,0.3857126,0.36509192,-0.19742453,0.78934705,0.8177223,0.85195,0.77933013,0.7526185,0.6862724,0.8432251,0.81027335,0.6126163,0.7893655,0.85029405,0.8927742,0.8626783,0.84212106,0.80838007,0.7638805,0.87614495,0.7067873,0.72514963,0.83087707
1.0,0.22509389,-0.17998496,-0.104891576,0.2776221,-0.36425537,0.45454592,-0.20999771,0.24506941,0.40252075,-0.24434415,-0.06411315,0.0074106753,-0.13049251,-0.14438134,-0.18477778,0.27074683,-0.042640984,0.3550069,0.33707234,-0.18742837,0.83376664,0.8571708,0.87650496,0.8051101,0.7575255,0.7290254,0.87907827,0.8725836,0.650589,0.8313149,0.90770715,0.92848164,0.8900783,0.9169691,0.87028676,0.77944434,0.92097145,0.7242052,0.75227946,0.8585302
2.0,0.2610593,-0.22283052,-0.12156148,0.27772105,-0.37959945,0.44102117,-0.16729344,0.2619479,0.5340249,-0.27629966,-0.05630243,-0.07624888,-0.17762089,-0.16112754,-0.19490197,0.30791956,-0.050179884,0.40244105,0.38209647,-0.20623305,0.77024883,0.8025189,0.84446585,0.7664158,0.7461823,0.667153,0.83137405,0.7850782,0.59388125,0.7698868,0.8298207,0.8797421,0.84948224,0.8144394,0.7852737,0.7552897,0.85933816,0.6948502,0.71249294,0.8169722
2.0,0.24844281,-0.20805205,-0.11797844,0.2711898,-0.3675446,0.43639436,-0.17025551,0.25567922,0.49893543,-0.26575074,-0.052487813,-0.05540409,-0.16433325,-0.15849501,-0.19092688,0.2938313,-0.047436923,0.38545126,0.36605555,-0.19585676,0.78783315,0.81495297,0.8503489,0.7801795,0.75345063,0.6842211,0.84084594,0.8063047,0.6124631,0.7877019,0.84533983,0.88947713,0.86164665,0.8353431,0.8044953,0.7645951,0.87348527,0.7070375,0.7243886,0.8300474
2.0,0.23962282,-0.19779724,-0.11476678,0.27045614,-0.3636465,0.43815565,-0.17965135,0.2514252,0.46892923,-0.25866488,-0.054337315,-0.03666929,-0.15353122,-0.15459773,-0.18804812,0.28483504,-0.046139956,0.37445685,0.35555667,-0.19192562,0.8020137,0.82750875,0.8574983,0.78904545,0.7565834,0.69817,0.8508584,0.8252307,0.6254051,0.8015726,0.86244124,0.9000316,0.8703895,0.8576151,0.8231445,0.77045685,0.8874547,0.7137969,0.73351544,0.8393308
1.0,0.24894145,-0.20541646,-0.11443086,0.28428546,-0.378057,0.45574668,-0.1934301,0.257204,0.476153,-0.26476565,-0.062424317,-0.03497427,-0.15633404,-0.15356807,-0.19094566,0.29565948,-0.047669694,0.38361037,0.36451414,-0.20094669,0.79767257,0.827612,0.85954404,0.7805618,0.7484255,0.6947339,0.854996,0.82697004,0.61589557,0.79508156,0.8691267,0.9038241,0.866865,0.864774,0.8251364,0.763602,0.8868039,0.7052658,0.728012,0.83511543
2.0,0.24712439,-0.20951106,-0.11295262,0.28004202,-0.38007003,0.45359144,-0.18778989,0.2557376,0.47992083,-0.26509866,-0.06329726,-0.04216159,-0.16257483,-0.15364002,-0.1935542,0.29442158,-0.048810974,0.38432112,0.36893338,-0.20087138,0.79494613,0.8232984,0.8581076,0.7817065,0.7482843,0.69042087,0.8520468,0.8200422,0.61447185,0.79048824,0.86132157,0.89853936,0.8633606,0.85287535,0.8194429,0.76502323,0.88310015,0.70319575,0.725767,0.8325866
1.0,0.24163046,-0.19464399,-0.109310895,0.2906649,-0.37898082,0.46652243,-0.21286973,0.2546248,0.43808904,-0.2566545,-0.06848003,-0.008005619,-0.14171001,-0.14724134,-0.18846595,0.2886399,-0.045286268,0.37324914,0.3530306,-0.19964224,0.8159335,0.8455775,0.87069046,0.7887296,0.7484479,0.71292156,0.8716387,0.8548088,0.6292699,0.8129667,0.8971891,0.9217173,0.8784446,0.9021262,0.8530395,0.7676621,0.90705764,0.71082896,0.73877794,0.8460262
1.0,0.2373931,-0.19448395,-0.11131741,0.27703908,-0.36890644,0.44942886,-0.19423059,0.25099525,0.44870517,-0.25596437,-0.060537256,-0.021478139,-0.14724699,-0.15076837,-0.18800667,0.28339025,-0.04581204,0.3707371,0.3526575,-0.19350219,0.81113625,0.8372845,0.8644667,0.7918481,0.75432515,0.70715064,0.8614026,0.84115845,0.63064134,0.8089251,0.8793161,0.9103833,0.87539315,0.8787508,0.83919287,0.7715736,0.8982901,0.71429646,0.73779994,0.8442751
2.0,0.21284397,-0.16197541,-0.095190555,0.28547683,-0.36352354,0.4677316,-0.23981997,0.23902938,0.340128,-0.22951193,-0.07421285,0.049853906,-0.10547637,-0.13414471,-0.18078029,0.25826824,-0.037714757,0.33806336,0.31761077,-0.184427,0.8643106,0.8885168,0.8961247,0.8191738,0.7571836,0.75943714,0.9069481,0.9184106,0.67414784,0.8634867,0.9550302,0.9576671,0.9107204,0.98143786,0.9178191,0.7850565,0.9558827,0.7340986,0.772014,0.87608093
1.0,0.26020575,-0.22090997,-0.119715765,0.28202662,-0.3828835,0.44874167,-0.17628387,0.26200992,0.5222,-0.2751977,-0.059632964,-0.066527896,-0.17396891,-0.15925965,-0.19492751,0.30731565,-0.05025184,0.40001842,0.38063103,-0.20695952,0.7754726,0.8079347,0.84830195,0.7679709,0.74486166,0.6725558,0.837629,0.7948883,0.5968996,0.77368546,0.83983344,0.8856968,0.85236263,0.8264975,0.79452264,0.7560323,0.86512977,0.6951567,0.71455026,0.8201836
2.0,0.24621153,-0.20595582,-0.11674391,0.27423066,-0.37065476,0.44125047,-0.17829329,0.25488353,0.4875104,-0.26428208,-0.05666458,-0.04762716,-0.1610173,-0.15576272,-0.19025326,0.29230762,-0.04773712,0.383551,0.3643036,-0.19777885,0.79255337,0.82062286,0.8542524,0.7817423,0.752649,0.68885636,0.8456541,0.8135752,0.6151253,0.7916812,0.853899,0.89481694,0.86355466,0.8459193,0.81264377,0.7657517,0.87984705,0.7068757,0.72684187,0.83225375
2.0,0.2388003,-0.19805534,-0.1144872,0.26991212,-0.3640223,0.43799406,-0.17933342,0.25104296,0.46807963,-0.2582149,-0.05475358,-0.037064575,-0.15407038,-0.15414378,-0.1882672,0.28410923,-0.046208963,0.3742685,0.3556683,-0.1920489,0.80228764,0.8274034,0.85763234,0.78961694,0.7566821,0.69810617,0.8507615,0.824808,0.62566745,0.8016369,0.8618695,0.89990073,0.87009794,0.8568232,0.8230939,0.7711292,0.8877807,0.71360856,0.733622,0.83923453
1.0,0.21385364,-0.16925298,-0.108689055,0.25383627,-0.33834186,0.42176,-0.18090147,0.23774788,0.4049543,-0.23781624,-0.04678131,-0.0036816671,-0.12798235,-0.14903048,-0.1795764,0.2565569,-0.04042639,0.3434258,0.32440403,-0.172526,0.8345361,0.8511545,0.8687226,0.8153461,0.77154946,0.7296999,0.86715424,0.86219805,0.6623779,0.8371848,0.8883002,0.91688734,0.89280635,0.8948273,0.8578188,0.78842705,0.91459966,0.7386314,0.7578302,0.86252505
2.0,0.21956396,-0.16820543,-0.09792882,0.28899592,-0.36785984,0.47000325,-0.23742199,0.24300456,0.35845163,-0.23506361,-0.07408256,0.04077664,-0.1114601,-0.13618617,-0.18216047,0.26536906,-0.039043322,0.34559408,0.3242897,-0.18859881,0.85514784,0.88115305,0.89182955,0.81235075,0.7545428,0.75108457,0.9011465,0.9076188,0.6645179,0.8541614,0.9464025,0.9523174,0.9047445,0.96954495,0.90681016,0.78064543,0.94750625,0.72893494,0.76540345,0.8703781
1.0,0.25507045,-0.2133907,-0.117039695,0.28600833,-0.38310987,0.4558572,-0.18885949,0.26036462,0.497045,-0.27024624,-0.06303523,-0.04838615,-0.16439292,-0.15534216,-0.19287875,0.30245224,-0.049100503,0.3925274,0.37284797,-0.20572025,0.78739274,0.81926405,0.8550829,0.77352846,0.74554694,0.6845372,0.84809345,0.8131601,0.60588485,0.78480333,0.85753936,0.8970141,0.85966736,0.8495818,0.8122331,0.7593985,0.8776961,0.69922334,0.72127247,0.8277293
1.0,0.25947657,-0.21912892,-0.12019527,0.2803847,-0.37966907,0.44591707,-0.17415357,0.26164722,0.5217983,-0.27426052,-0.057378434,-0.06614397,-0.17262623,-0.15982215,-0.19412099,0.30615866,-0.049610205,0.3985633,0.37840334,-0.20497218,0.77625537,0.8079604,0.8476818,0.7689335,0.7463118,0.67346853,0.83711314,0.7954038,0.5984254,0.7751428,0.83931875,0.8856068,0.85361415,0.82654595,0.7944454,0.756645,0.86505044,0.69709486,0.7155558,0.8212356
2.0,0.24500494,-0.20631705,-0.11556882,0.27138504,-0.369242,0.439586,-0.17485231,0.25397137,0.48712727,-0.2634735,-0.05532615,-0.049045794,-0.16245368,-0.15641826,-0.19133453,0.29075193,-0.04764302,0.38201115,0.3645694,-0.19555628,0.79278404,0.8191337,0.8535929,0.7835869,0.7533965,0.68850344,0.84512436,0.8127048,0.61641717,0.79126024,0.85141814,0.8928952,0.8636896,0.8420956,0.81142205,0.7669327,0.8785915,0.70778984,0.7268187,0.8326872
2.0,0.2552487,-0.21637295,-0.118892655,0.27841276,-0.37857097,0.44480318,-0.17540465,0.25935775,0.51217496,-0.27168694,-0.05850628,-0.062001206,-0.17057925,-0.15820152,-0.1934515,0.30212367,-0.049590796,0.39482233,0.375651,-0.20400628,0.7802807,0.81129277,0.8497589,0.7725152,0.7476934,0.6769441,0.8391408,0.7990917,0.60244894,0.77888125,0.84265184,0.88749814,0.85533416,0.8304388,0.79891557,0.7593661,0.86918026,0.6987801,0.71826154,0.8235327
2.0,0.26257753,-0.22418804,-0.12039046,0.28226158,-0.38467532,0.44854644,-0.17406586,0.2630268,0.53036684,-0.27716625,-0.05974458,-0.07200787,-0.17737132,-0.16004418,-0.195981,0.3097462,-0.050751463,0.4033948,0.38400692,-0.20845214,0.7715045,0.8045189,0.8465673,0.76547366,0.7437136,0.6685706,0.8349321,0.78944385,0.5932098,0.7696936,0.83509403,0.8828121,0.8496734,0.8202253,0.78945124,0.7544295,0.8614507,0.6928564,0.7119748,0.8173575
1.0,0.22517368,-0.17918646,-0.10433008,0.27881896,-0.36451876,0.45618054,-0.21214592,0.24516687,0.39965573,-0.2438306,-0.06459867,0.010064721,-0.1290501,-0.14398962,-0.18471771,0.27074432,-0.042326733,0.35439014,0.33619678,-0.18733121,0.835223,0.85875607,0.8775266,0.8054554,0.7571839,0.7306789,0.8808903,0.875548,0.65150565,0.8328454,0.91072565,0.930279,0.891283,0.92102534,0.8730236,0.7792742,0.9226568,0.7246271,0.75305974,0.859517
1.0,0.25486985,-0.213652,-0.11651729,0.2850166,-0.38262546,0.45551324,-0.18772104,0.25996304,0.4970235,-0.2701224,-0.06252178,-0.048739158,-0.16506952,-0.15577841,-0.19337955,0.30192965,-0.049176656,0.3919561,0.373188,-0.2048089,0.78737694,0.8186872,0.85484076,0.7741601,0.7457355,0.684398,0.8478917,0.8128955,0.60631335,0.78442603,0.8567259,0.8961942,0.8597355,0.8480882,0.8117628,0.7597472,0.87703437,0.6994092,0.7211446,0.82795966
2.0,0.26530465,-0.22562532,-0.123388186,0.27904117,-0.3799342,0.4403592,-0.16448809,0.26435733,0.5457339,-0.27912286,-0.054566734,-0.08223211,-0.17983669,-0.16306773,-0.1952559,0.31228155,-0.05004573,0.4066477,0.3848551,-0.2071688,0.765392,0.7985714,0.8418063,0.7623951,0.7451161,0.6627577,0.8284147,0.7798146,0.5893502,0.7657392,0.824995,0.87703,0.84738004,0.8090548,0.7793898,0.7522201,0.8544212,0.6933788,0.7096653,0.8140324
2.0,0.24906531,-0.2065769,-0.11595136,0.28184104,-0.37652606,0.4512444,-0.18845311,0.2571101,0.48296598,-0.26542753,-0.06076324,-0.040780224,-0.15866151,-0.15431443,-0.1906454,0.2957507,-0.047818206,0.3851835,0.36536118,-0.20098512,0.79454815,0.8243589,0.8572114,0.77958864,0.7493617,0.69147235,0.85098046,0.8208413,0.61403227,0.7926908,0.8628273,0.9004423,0.864773,0.8572165,0.81942254,0.763619,0.88352764,0.7048425,0.7267345,0.83309704
2.0,0.25540859,-0.21364255,-0.12042712,0.275414,-0.37171555,0.43884072,-0.1695717,0.25950715,0.51566225,-0.27083817,-0.052825682,-0.06335882,-0.16855952,-0.16036554,-0.19194865,0.30131274,-0.048120797,0.39310336,0.3720593,-0.19987994,0.78008425,0.8097281,0.84738487,0.7731757,0.7503504,0.6772628,0.8370932,0.7984561,0.6041129,0.78037655,0.8397261,0.88613284,0.8572841,0.8284237,0.7965262,0.7595315,0.86697376,0.70250237,0.71924603,0.8248312
2.0,0.22940502,-0.18200684,-0.10740273,0.2784048,-0.363406,0.45268065,-0.20649564,0.24714908,0.4148113,-0.24723646,-0.061695814,0.0018207952,-0.13250107,-0.14646943,-0.18447351,0.27445257,-0.04283105,0.3588324,0.33899918,-0.18834752,0.8281897,0.8527173,0.8731499,0.8011387,0.75712746,0.72468644,0.8746495,0.8662474,0.645838,0.82710826,0.9019979,0.9249343,0.8875816,0.91017264,0.8631561,0.7766823,0.915506,0.7228961,0.74913,0.85581404
2.0,0.2553383,-0.21567522,-0.11984894,0.27662393,-0.37558907,0.4412712,-0.17189012,0.25930804,0.5153281,-0.27152646,-0.056036696,-0.06413738,-0.17048115,-0.15915477,-0.19279891,0.301789,-0.049094737,0.3946526,0.37453368,-0.20257264,0.77933383,0.80989534,0.8482854,0.7724979,0.74891865,0.67615753,0.83721685,0.79706293,0.6025178,0.7788197,0.83988297,0.886053,0.85545665,0.827679,0.79648674,0.7594041,0.86752653,0.6999675,0.71829903,0.8234226
1.0,0.2134485,-0.16926284,-0.102703616,0.26733282,-0.35298273,0.44371426,-0.20645869,0.23842207,0.37944135,-0.2361012,-0.060443617,0.016578473,-0.12228996,-0.14283684,-0.18160963,0.25831234,-0.04092729,0.34258944,0.32567266,-0.17902526,0.84548396,0.86510754,0.88003916,0.81615496,0.7644503,0.7396871,0.88322484,0.8832778,0.66540176,0.8441574,0.9138171,0.9322532,0.8978466,0.9259036,0.8808273,0.7874053,0.93007296,0.73413926,0.7618612,0.8665423
1.0,0.22790264,-0.180671,-0.107070535,0.27786115,-0.36282223,0.45220825,-0.20738843,0.24638042,0.41096565,-0.24615332,-0.06203855,0.003769599,-0.13121453,-0.1458237,-0.18403628,0.27304384,-0.0426685,0.35748443,0.33761775,-0.18792498,0.8300256,0.85438275,0.8740904,0.8023667,0.757658,0.72635317,0.8757103,0.8682275,0.647587,0.82897735,0.90387094,0.9261951,0.8886079,0.9126979,0.8653615,0.77759415,0.91742724,0.72375715,0.7504615,0.85683805
2.0,0.23511998,-0.18852377,-0.10701602,0.28726903,-0.3746004,0.46414593,-0.21482849,0.25092542,0.42103055,-0.25163016,-0.06834398,0.0006910339,-0.13624579,-0.14537463,-0.18695752,0.28177798,-0.04425124,0.3658994,0.34657842,-0.19573236,0.8242054,0.85205173,0.8743092,0.79517764,0.7512557,0.72054595,0.8763436,0.8642068,0.637909,0.82122296,0.904672,0.92630136,0.8836658,0.91212153,0.86258394,0.7719936,0.9144997,0.715659,0.7446423,0.8514634
1.0,0.23735492,-0.19432066,-0.11449593,0.27122095,-0.3625176,0.43874606,-0.18342027,0.25051287,0.4603414,-0.2565804,-0.055095993,-0.030759819,-0.1494289,-0.15305331,-0.18651345,0.28265566,-0.045532584,0.3717945,0.35180372,-0.19148496,0.80622727,0.8317789,0.8597659,0.79099494,0.7574173,0.7025688,0.8539101,0.8312393,0.62890685,0.8062565,0.86828446,0.90407515,0.8731005,0.8659112,0.8291762,0.77184117,0.8922128,0.71578765,0.73643523,0.8420083
1.0,0.21842843,-0.17102402,-0.11040719,0.25856182,-0.34087807,0.42498013,-0.18403526,0.24021572,0.41193762,-0.2404353,-0.04758829,-0.00431709,-0.12813312,-0.14942488,-0.17922303,0.26119375,-0.040535882,0.34755853,0.3262443,-0.175358,0.83129454,0.850202,0.8679597,0.81092054,0.7694652,0.72772807,0.8664325,0.86101246,0.65790594,0.8346685,0.88898456,0.9175371,0.89156705,0.8962975,0.85620534,0.78500766,0.9128562,0.73615324,0.7555796,0.8607507
2.0,0.2629658,-0.22196467,-0.12132472,0.28225777,-0.3815145,0.44698763,-0.17333817,0.2635924,0.5303517,-0.27677372,-0.05725456,-0.0704265,-0.17481321,-0.16093215,-0.1947258,0.3098568,-0.04986967,0.40229428,0.38142613,-0.20670146,0.77237046,0.80513704,0.84608287,0.76554656,0.74481916,0.6699341,0.8352281,0.7914308,0.59438753,0.77149177,0.8362005,0.88374513,0.85148305,0.822762,0.79029495,0.7541582,0.86160207,0.69504553,0.71300036,0.8186355
2.0,0.26060683,-0.22064768,-0.11970122,0.28335926,-0.38355923,0.4503335,-0.17813662,0.26239666,0.5210413,-0.27529025,-0.06013369,-0.06494098,-0.17316735,-0.15901081,-0.19479233,0.30777833,-0.050187945,0.4000596,0.38039422,-0.20732656,0.77607834,0.8088082,0.8488372,0.7677041,0.7444786,0.6733254,0.8386633,0.7965431,0.5969845,0.77419084,0.84168434,0.8869172,0.8528297,0.8289538,0.7959882,0.7557364,0.8659443,0.69509614,0.7147339,0.8205639
2.0,0.21341069,-0.16405061,-0.09841235,0.27870044,-0.35843766,0.45838904,-0.2271724,0.23881,0.35517034,-0.23198985,-0.0680772,0.037873298,-0.11116011,-0.1377431,-0.18062922,0.25821912,-0.038755894,0.3394696,0.3198435,-0.18169966,0.8572878,0.8795613,0.88973314,0.81797796,0.7603397,0.75254095,0.8978737,0.9060049,0.6713353,0.85656434,0.9395333,0.94830465,0.9063591,0.9609001,0.9039963,0.7860445,0.94591117,0.7347963,0.7683575,0.8731153
1.0,0.22158656,-0.1737929,-0.1033652,0.27998728,-0.36322814,0.45698243,-0.21882808,0.24341276,0.38529372,-0.24033038,-0.066739425,0.019777954,-0.122273855,-0.14142329,-0.18243808,0.26724747,-0.041301593,0.35045034,0.3305836,-0.18713851,0.84219736,0.8665993,0.88186574,0.8084675,0.7579269,0.7378637,0.88620096,0.88514763,0.6570617,0.8409504,0.9213261,0.9371237,0.8958987,0.93589187,0.8834156,0.7809361,0.93120295,0.7273264,0.7582164,0.8634422
1.0,0.24361408,-0.19959962,-0.11339636,0.28204522,-0.37399787,0.45332512,-0.19546488,0.25451013,0.46231192,-0.2605702,-0.062067524,-0.027319536,-0.15089777,-0.15176174,-0.18889636,0.29015273,-0.046653077,0.37774023,0.35818446,-0.19815993,0.80447614,0.83324,0.86233985,0.78546643,0.75107354,0.7012842,0.85854346,0.83473974,0.6227978,0.80242354,0.87557954,0.9081886,0.8712473,0.8739152,0.8329808,0.76708424,0.8933054,0.7095012,0.73301524,0.8396444
1.0,0.19352081,-0.14501901,-0.09603103,0.2580787,-0.33485672,0.43522766,-0.21567547,0.22692081,0.32004085,-0.2175637,-0.05807799,0.049606767,-0.09696963,-0.13645336,-0.1742977,0.2361456,-0.03511872,0.3177575,0.29898262,-0.16474313,0.87603843,0.8904761,0.8936204,0.83736163,0.7741327,0.7701955,0.9029621,0.92298144,0.6984233,0.87865573,0.94508624,0.95237404,0.91992587,0.9714808,0.91907483,0.8007638,0.95861214,0.7543994,0.7847766,0.8872427
1.0,0.23130031,-0.18628596,-0.11188632,0.26962367,-0.35748914,0.43871453,-0.18828776,0.24741438,0.439263,-0.2508667,-0.05440639,-0.017402701,-0.1410434,-0.15107211,-0.18458143,0.27584842,-0.04384786,0.363068,0.34319544,-0.18655597,0.81683487,0.8402825,0.8643784,0.79798937,0.7602503,0.7131862,0.86127824,0.84587204,0.63943535,0.81709594,0.880168,0.9114817,0.8806237,0.8820016,0.84263873,0.77607274,0.9016688,0.7221996,0.7435034,0.8495591
1.0,0.26672173,-0.22896822,-0.120689765,0.28697917,-0.39141434,0.45437905,-0.17773938,0.26540998,0.5373587,-0.28062865,-0.063321896,-0.07527601,-0.18062046,-0.15980718,-0.19759572,0.31479532,-0.051869288,0.40876237,0.3895418,-0.21309605,0.7675353,0.8026728,0.84649247,0.76102316,0.7401378,0.6648162,0.83475935,0.7863829,0.5877076,0.76490045,0.83437896,0.8822421,0.8462986,0.81853575,0.78701574,0.7512643,0.8592536,0.68833643,0.70852214,0.8138381
1.0,0.26021522,-0.22184746,-0.11852221,0.28500795,-0.38719642,0.45405468,-0.18153071,0.26227346,0.5178036,-0.27536565,-0.063105434,-0.0633967,-0.17390785,-0.15772416,-0.19572404,0.30790585,-0.05078412,0.4004319,0.38197795,-0.20909908,0.7768963,0.8099783,0.85036385,0.7678444,0.7430956,0.673778,0.8404895,0.79799616,0.5967326,0.77393144,0.8439503,0.8881571,0.8522549,0.83093923,0.7981383,0.7559056,0.8675879,0.6934976,0.7145094,0.8203741
2.0,0.21727416,-0.16867878,-0.09580026,0.28831115,-0.36973035,0.4721056,-0.23874441,0.24182475,0.35257304,-0.2341533,-0.07597891,0.04232983,-0.11231255,-0.13540706,-0.18345754,0.26376235,-0.039382637,0.34376773,0.32526115,-0.18807316,0.8576555,0.88277656,0.8935783,0.8145232,0.7542598,0.75216126,0.9037212,0.9099719,0.6665115,0.8545966,0.9484308,0.95320034,0.905314,0.97088164,0.90981066,0.7820519,0.9493171,0.728738,0.7663088,0.87116086
1.0,0.24132726,-0.20158945,-0.1155359,0.27113038,-0.36737937,0.4385075,-0.1786353,0.25241354,0.47631675,-0.260806,-0.056298405,-0.04237611,-0.15743592,-0.1544773,-0.1891248,0.28745613,-0.047187284,0.37847906,0.35973912,-0.19527248,0.7978423,0.8246259,0.8563521,0.78625786,0.75499433,0.69364166,0.84814197,0.8187257,0.6208061,0.797166,0.85791254,0.89720863,0.8666282,0.85115045,0.81805146,0.768934,0.8846052,0.71032,0.73070604,0.835593
1.0,0.23935424,-0.19386408,-0.11248346,0.2795373,-0.36891103,0.45046222,-0.1963084,0.25224045,0.45053408,-0.25664812,-0.060337275,-0.02020175,-0.1454834,-0.15080053,-0.1870993,0.28527513,-0.045394957,0.372012,0.3518179,-0.19438048,0.8106523,0.83790296,0.86442846,0.7900656,0.75382733,0.707539,0.8617149,0.8423612,0.6295558,0.8093941,0.88122755,0.911878,0.8759292,0.8821005,0.8399196,0.77005607,0.89853543,0.71424335,0.7376262,0.84429485
1.0,0.23359457,-0.19142434,-0.11256996,0.26971292,-0.36150157,0.4389767,-0.18563572,0.24849996,0.4494542,-0.25391617,-0.056001246,-0.025173083,-0.1467965,-0.15178572,-0.1863113,0.27892107,-0.045312375,0.3675938,0.34902185,-0.18969154,0.8112069,0.8357168,0.8623151,0.7948125,0.75847465,0.7069763,0.8573358,0.83706504,0.63372827,0.8105644,0.8733019,0.90682614,0.87583816,0.8718175,0.8352094,0.77430904,0.8967368,0.71798897,0.73952466,0.8450112
1.0,0.23874207,-0.1985157,-0.110962406,0.27875143,-0.37421507,0.45255014,-0.19542846,0.25188243,0.45281288,-0.2580304,-0.06371741,-0.024998479,-0.15102997,-0.15029687,-0.1897167,0.28584138,-0.0470054,0.37398693,0.3573854,-0.19677843,0.8083151,0.83551496,0.86439574,0.7897099,0.75207555,0.7036726,0.86066467,0.8372063,0.6268193,0.8047627,0.8772022,0.908785,0.87223643,0.8746854,0.8364957,0.7702531,0.8965509,0.71057403,0.7352219,0.8413043
2.0,0.2238528,-0.17352957,-0.10082698,0.28715494,-0.36796474,0.4667106,-0.22887984,0.24503553,0.3773659,-0.23974179,-0.07076409,0.028571833,-0.11872765,-0.13953912,-0.18335803,0.2694617,-0.040491454,0.35069272,0.33006832,-0.18929593,0.8459569,0.8717589,0.8858839,0.8078939,0.75453264,0.74220383,0.8930366,0.89452785,0.65744036,0.8445032,0.9326721,0.9437704,0.89878565,0.950803,0.8928036,0.77867454,0.93685377,0.7260785,0.75939906,0.8653544
2.0,0.24879014,-0.20516409,-0.11533108,0.2851681,-0.3786366,0.45543343,-0.19438767,0.2575398,0.47654292,-0.26476306,-0.06313899,-0.03521905,-0.15573996,-0.15277737,-0.19015455,0.29602087,-0.0475602,0.3845176,0.36402318,-0.20230308,0.79749906,0.8281265,0.8596783,0.77979463,0.7483892,0.69459593,0.8547212,0.82647926,0.6152451,0.7954716,0.8693802,0.9046621,0.86648977,0.8658585,0.8251661,0.7634115,0.8876038,0.7048874,0.7281815,0.83455557
1.0,0.22486678,-0.17925668,-0.109771356,0.26841533,-0.35444784,0.43851766,-0.19401789,0.24409685,0.4191034,-0.24563296,-0.055809267,-0.0056846887,-0.13360047,-0.14818975,-0.1823927,0.2693293,-0.042750046,0.35590008,0.3358592,-0.18407616,0.82649803,0.84907,0.8693963,0.8040831,0.7624736,0.72256875,0.86778235,0.85807616,0.64847034,0.82710946,0.89137506,0.91862804,0.88657874,0.89717036,0.85521334,0.78015226,0.9115997,0.72686476,0.75021297,0.855521
2.0,0.23325488,-0.19045934,-0.113276884,0.2659285,-0.35638717,0.43362534,-0.17893699,0.24813035,0.45345566,-0.25326875,-0.051434226,-0.02853179,-0.1471619,-0.15357104,-0.18595657,0.27763754,-0.044454977,0.36630663,0.34733218,-0.18620804,0.81011015,0.8327981,0.8597892,0.7958586,0.7606796,0.706018,0.8546384,0.83445257,0.63481677,0.8104478,0.8682196,0.903941,0.87626,0.8661923,0.83132267,0.7750967,0.8936762,0.7205097,0.73952466,0.8454453
2.0,0.25446692,-0.21462654,-0.120005205,0.27550566,-0.37398785,0.43953192,-0.17076975,0.2588439,0.5144395,-0.27090147,-0.055187806,-0.06397615,-0.16977867,-0.15923068,-0.19229263,0.30084544,-0.048850365,0.39370146,0.3733312,-0.20173725,0.7798928,0.81015444,0.84815633,0.7732451,0.749758,0.6767006,0.836973,0.7972277,0.6034809,0.7797389,0.8396507,0.8859569,0.85598004,0.82767975,0.79659694,0.75995034,0.86781675,0.7009722,0.7189779,0.8239392
2.0,0.2550486,-0.21313815,-0.11763783,0.2857119,-0.38252687,0.45453572,-0.18806434,0.26046485,0.49834335,-0.2704108,-0.06268103,-0.049366035,-0.16420841,-0.15543321,-0.192404,0.30268618,-0.049028605,0.39284858,0.37257183,-0.2059088,0.78683484,0.81901276,0.85470253,0.77313423,0.7458502,0.6840461,0.84738696,0.812177,0.6055144,0.78469414,0.85672665,0.8966123,0.8594009,0.84888947,0.81135845,0.75917923,0.8773526,0.69942296,0.721238,0.82732636
1.0,0.22980823,-0.18461797,-0.11399092,0.2636419,-0.3506772,0.42886442,-0.17891964,0.24622482,0.44543228,-0.25035173,-0.049334243,-0.023475245,-0.14157939,-0.15287286,-0.1830305,0.27370295,-0.04330598,0.36199957,0.34097332,-0.18356892,0.81446856,0.83692443,0.86101437,0.79888326,0.76368654,0.71097803,0.8560347,0.8395158,0.64005923,0.81660247,0.8723113,0.906819,0.87992823,0.87296885,0.8360301,0.7771525,0.8977726,0.72492677,0.7435848,0.8489432
2.0,0.24597573,-0.20248593,-0.11630367,0.27737385,-0.3700102,0.44490916,-0.18412106,0.2552579,0.47922572,-0.26289517,-0.056962892,-0.039518096,-0.15591833,-0.15491271,-0.18896705,0.29188532,-0.046799056,0.38115504,0.36062694,-0.19696394,0.7970091,0.8252145,0.85665977,0.78278154,0.7526518,0.6940164,0.85027647,0.8223202,0.61832225,0.79640067,0.8621308,0.90017533,0.8672908,0.85736233,0.82016414,0.7659149,0.884471,0.7090187,0.7294338,0.8356346
1.0,0.26101443,-0.22170667,-0.120608985,0.28211007,-0.38303995,0.44759974,-0.17515075,0.2625221,0.52603686,-0.27598247,-0.059481718,-0.06912675,-0.17476699,-0.15942499,-0.19472848,0.30840912,-0.05032201,0.4015479,0.38134056,-0.2078276,0.7737099,0.80671835,0.84745693,0.7666582,0.74472153,0.6708702,0.8361576,0.79231155,0.5952631,0.7723865,0.8377424,0.8846307,0.85122293,0.82421345,0.7922486,0.7552525,0.86377686,0.69453365,0.71370554,0.8188655
2.0,0.25121215,-0.20848168,-0.11439277,0.2874221,-0.38256127,0.46000737,-0.19599748,0.25862637,0.4795992,-0.2665532,-0.064855315,-0.036504872,-0.15850902,-0.15314081,-0.19208321,0.2984178,-0.0482741,0.38672674,0.36785614,-0.20381358,0.7956446,0.82659936,0.85962117,0.77816254,0.7461848,0.69261825,0.85513395,0.8253541,0.6126414,0.79227227,0.8689203,0.90386516,0.8648906,0.86403537,0.824017,0.76199836,0.8858033,0.7022617,0.7259501,0.8331232
1.0,0.21163139,-0.16239326,-0.10397066,0.2660977,-0.34577727,0.43876588,-0.20723608,0.23683935,0.372425,-0.23304094,-0.05737786,0.022954218,-0.11487893,-0.14243957,-0.17784365,0.25497198,-0.039151117,0.33868665,0.31785676,-0.17608686,0.8496942,0.869701,0.88113165,0.8183717,0.76731783,0.7457977,0.88470364,0.88994926,0.67083514,0.85176677,0.91940033,0.93614686,0.90258664,0.93572605,0.88641113,0.7885636,0.9345237,0.7393209,0.7663253,0.8707351
1.0,0.21774288,-0.16755532,-0.10045001,0.27897602,-0.35852754,0.4572184,-0.22228876,0.24112794,0.36897,-0.235259,-0.065509625,0.030527141,-0.11520965,-0.14002837,-0.1814577,0.26216373,-0.03927432,0.34354138,0.3232375,-0.1823703,0.8507841,0.87317014,0.88567024,0.81418616,0.75979364,0.7468723,0.8928542,0.89816403,0.6658782,0.85048366,0.9313807,0.9432579,0.9027897,0.950257,0.895071,0.78362876,0.93881124,0.7329011,0.7640218,0.86988235
2.0,0.2452233,-0.20455973,-0.11720346,0.27068058,-0.36607748,0.43629748,-0.17300528,0.25412282,0.48925927,-0.26332062,-0.05311177,-0.04966996,-0.16083306,-0.15702629,-0.18972331,0.29058814,-0.04704258,0.38190666,0.36239058,-0.19478707,0.79235196,0.8190206,0.8525774,0.7831154,0.7547168,0.68863946,0.8436694,0.8118784,0.6166363,0.7922985,0.85045433,0.89279383,0.86427206,0.8421594,0.81022096,0.76672584,0.8781126,0.7092153,0.72743326,0.83292574
2.0,0.24995558,-0.20791383,-0.11672802,0.28095633,-0.37633806,0.44940698,-0.18582581,0.2574284,0.48815477,-0.26645228,-0.06007409,-0.04456929,-0.16046536,-0.15503207,-0.19083972,0.29671115,-0.0480828,0.3866996,0.36675495,-0.2013696,0.7920643,0.82211375,0.85578215,0.7784025,0.7493713,0.6889937,0.848672,0.81690615,0.61215174,0.7904631,0.85912055,0.8981018,0.86319584,0.8524398,0.81569105,0.76295674,0.88100094,0.70408523,0.72540146,0.8314905
1.0,0.20139621,-0.15619202,-0.09911669,0.26013795,-0.3420954,0.43715274,-0.20874545,0.23171371,0.34771648,-0.2258691,-0.058141798,0.03274538,-0.10969629,-0.13980004,-0.17783575,0.24515162,-0.038012028,0.32836115,0.31132746,-0.17036131,0.86180377,0.87762576,0.8866033,0.8285684,0.7706613,0.75541526,0.8926219,0.9027686,0.6836878,0.8621405,0.928003,0.94148964,0.90919507,0.94664663,0.89955986,0.79572105,0.9444246,0.74557966,0.7741816,0.8775565
1.0,0.24459684,-0.20307203,-0.11070895,0.28874555,-0.38419253,0.46486613,-0.20562515,0.25590658,0.45608142,-0.26169142,-0.06966252,-0.022984147,-0.15202686,-0.14898923,-0.19135636,0.29304564,-0.047697634,0.38001055,0.3627299,-0.203331,0.80617493,0.8365972,0.86631155,0.78411746,0.7465206,0.70200187,0.86429536,0.8393086,0.6206873,0.8014306,0.88309515,0.91249466,0.87022036,0.881701,0.83903027,0.7656119,0.89733845,0.7050339,0.73203963,0.8386403
1.0,0.21068273,-0.16133697,-0.099762425,0.2720922,-0.3511125,0.44949567,-0.21880719,0.23692822,0.35693648,-0.23048511,-0.06272164,0.034355097,-0.11083577,-0.13931444,-0.17923604,0.25458097,-0.038248986,0.33642706,0.3165526,-0.17718452,0.857043,0.8769782,0.88709825,0.8205963,0.76435673,0.7525111,0.89425886,0.9032603,0.6746096,0.8575704,0.93312657,0.9446865,0.90695435,0.95349735,0.8999495,0.788771,0.9432963,0.73893595,0.76949316,0.87436277
1.0,0.25074524,-0.21025728,-0.115790725,0.28280467,-0.38032895,0.45324394,-0.18824562,0.25790718,0.48819634,-0.26735204,-0.0626608,-0.04484918,-0.1623266,-0.1543898,-0.19220564,0.29798415,-0.048763216,0.38819417,0.36955047,-0.20333242,0.7914452,0.8219391,0.85654414,0.7775743,0.747575,0.6879938,0.8496232,0.8166162,0.6105506,0.78870016,0.85975736,0.89827055,0.86188245,0.85225976,0.8159812,0.76238495,0.8810501,0.70183146,0.7241991,0.830406
1.0,0.23481748,-0.19054218,-0.108630225,0.28384513,-0.37386698,0.45920575,-0.20887938,0.2506866,0.4288968,-0.25292736,-0.067056224,-0.0067332685,-0.13999146,-0.14635146,-0.18709865,0.282005,-0.045070678,0.367691,0.3488541,-0.19608909,0.82020575,0.8478511,0.871605,0.7941353,0.7522204,0.7160256,0.8715381,0.85618883,0.6354394,0.8172563,0.89652413,0.9214296,0.88040906,0.9012393,0.8551808,0.77231276,0.9101103,0.7147137,0.7426401,0.8486475
1.0,0.2443234,-0.2041189,-0.11670312,0.27226985,-0.36827356,0.43869495,-0.1769051,0.2538448,0.4846694,-0.2629192,-0.05562152,-0.0467251,-0.15977907,-0.15558454,-0.18954724,0.29023212,-0.047379628,0.38162276,0.36219865,-0.19636172,0.79404867,0.8214594,0.85440886,0.7834497,0.75403965,0.69022346,0.8456337,0.8144206,0.61722106,0.79361373,0.85404617,0.8950055,0.8645986,0.84644246,0.8135221,0.7670533,0.88090885,0.70854384,0.72823906,0.83338994
2.0,0.2339352,-0.18574886,-0.10512949,0.28939563,-0.37465775,0.4677264,-0.22019422,0.25049248,0.41094586,-0.24936174,-0.0696301,0.008470334,-0.1320698,-0.14394554,-0.18669266,0.2802778,-0.043319702,0.36310992,0.34341425,-0.19491515,0.829235,0.8568848,0.87742627,0.79735875,0.7509121,0.7257786,0.88139576,0.8726067,0.64159715,0.8263543,0.912941,0.93132746,0.88733107,0.92324144,0.8706939,0.772564,0.9199148,0.71729434,0.74752915,0.8546906
2.0,0.2596895,-0.21853437,-0.12048291,0.28079715,-0.3791318,0.44594216,-0.17445141,0.26196757,0.52159995,-0.27413756,-0.056905665,-0.06543907,-0.17177701,-0.15988803,-0.19376037,0.30636233,-0.049323708,0.39841253,0.37764883,-0.20471963,0.776604,0.8082959,0.8476761,0.7688277,0.74647915,0.6739744,0.8374446,0.79626876,0.59867346,0.77576447,0.83999056,0.88622135,0.8541442,0.82782745,0.7949908,0.7564949,0.86534256,0.69760716,0.7158545,0.82157993
2.0,0.2631699,-0.222495,-0.12216209,0.27968794,-0.37916,0.44270402,-0.16844511,0.263434,0.5357498,-0.27711532,-0.055062585,-0.074902885,-0.17629603,-0.16210927,-0.19464044,0.30986136,-0.049691096,0.40295288,0.38174376,-0.2056807,0.77012247,0.8025546,0.84413004,0.7651444,0.74577945,0.6675846,0.83224916,0.78700495,0.59342617,0.7699512,0.83135307,0.8807898,0.85049355,0.81694025,0.7859076,0.7539506,0.85873497,0.6954138,0.7122582,0.81743854
1.0,0.25396255,-0.21573563,-0.11715035,0.28056052,-0.38141185,0.44966188,-0.1808689,0.25890732,0.5039316,-0.27071154,-0.061398365,-0.05645784,-0.16911444,-0.15657353,-0.19395968,0.301182,-0.0498181,0.3932174,0.37531966,-0.20469075,0.7836902,0.8146266,0.85245454,0.7739967,0.7467034,0.68008065,0.84312135,0.80472976,0.60443366,0.78100896,0.84851485,0.8909256,0.85673213,0.83711606,0.80472183,0.7602385,0.87304384,0.69852906,0.719517,0.8252967
2.0,0.23808733,-0.19110961,-0.10808894,0.28880116,-0.3763016,0.46512142,-0.21390474,0.25259233,0.42865235,-0.2538063,-0.06820114,-0.0030239746,-0.13851729,-0.14624774,-0.18755099,0.28478742,-0.044634476,0.36909834,0.34922844,-0.19732335,0.8205634,0.84916085,0.8726429,0.7923356,0.75008506,0.7172752,0.8742203,0.86017036,0.63414806,0.8176878,0.9013866,0.9243286,0.8814826,0.9078321,0.85838383,0.77006924,0.9111811,0.7136306,0.7420788,0.849172
2.0,0.23766331,-0.1944446,-0.11518726,0.26821256,-0.35902315,0.4344487,-0.17753014,0.25045583,0.46558973,-0.25668812,-0.051593013,-0.034818105,-0.15069175,-0.15476716,-0.18654653,0.28230762,-0.04508783,0.37160054,0.35151964,-0.18914795,0.8042776,0.8286373,0.85733837,0.7911697,0.7588441,0.700668,0.85105973,0.82760304,0.6287162,0.8049628,0.8630696,0.90090364,0.87267196,0.8596698,0.82469815,0.77198553,0.88877326,0.7170963,0.7357183,0.84154564
1.0,0.23083974,-0.18900743,-0.11075021,0.26970473,-0.36143756,0.440842,-0.18909079,0.24719253,0.4393351,-0.25166315,-0.0572787,-0.019248664,-0.14407107,-0.15043823,-0.18621176,0.2762566,-0.044974834,0.3642119,0.3466283,-0.18849981,0.8159386,0.83966327,0.8649672,0.7978081,0.7588736,0.7112877,0.8612698,0.8435085,0.63782233,0.81460994,0.8790568,0.91025734,0.87855303,0.878953,0.84164387,0.7761284,0.90128624,0.71968246,0.74225193,0.8478364
2.0,0.24022532,-0.19746694,-0.11527534,0.27041104,-0.36235327,0.43742844,-0.17850482,0.25186488,0.47059986,-0.2586223,-0.0529223,-0.037180148,-0.1531423,-0.1550751,-0.18775696,0.28516525,-0.045663014,0.3745357,0.3548391,-0.19113553,0.80166197,0.8267536,0.85675335,0.7887764,0.7569636,0.6980627,0.85041374,0.825188,0.6253941,0.80169255,0.8616085,0.8998901,0.87073743,0.8572289,0.8224238,0.77026933,0.88668436,0.71452254,0.7334324,0.83953685
2.0,0.23261426,-0.18550712,-0.10557378,0.28709775,-0.37328637,0.4648884,-0.2176288,0.24966249,0.4116429,-0.24904501,-0.06874405,0.0065722167,-0.13282576,-0.14416295,-0.18641247,0.27903956,-0.043478727,0.36254415,0.34320796,-0.19414586,0.8288905,0.8559895,0.87668836,0.79807806,0.75201404,0.7250888,0.8799046,0.87063885,0.6421599,0.82597303,0.91032517,0.92989546,0.8868489,0.91980743,0.8688688,0.7736364,0.91906935,0.7178467,0.74767613,0.85449404
1.0,0.25412905,-0.21761681,-0.1193914,0.27233115,-0.37491804,0.4366874,-0.1661346,0.2579698,0.5196274,-0.27172711,-0.055626303,-0.070175506,-0.17416918,-0.15976343,-0.19395788,0.30070698,-0.049762264,0.39510015,0.37672347,-0.20222454,0.77670044,0.8067805,0.8467662,0.7730997,0.7495018,0.67277724,0.8337777,0.7905498,0.60137004,0.7760674,0.83353424,0.88135684,0.8531021,0.81849307,0.79120964,0.7599453,0.8645007,0.69913775,0.71702707,0.8213533
2.0,0.21703856,-0.16655214,-0.09576362,0.28903157,-0.36828077,0.47199273,-0.24055493,0.24167651,0.34913936,-0.23284368,-0.0756882,0.045730464,-0.10938873,-0.13481377,-0.1824874,0.2629979,-0.038592756,0.3427251,0.32256994,-0.18762432,0.8596025,0.884953,0.89460206,0.8151751,0.7545549,0.7547949,0.90517336,0.9134567,0.6682074,0.85783887,0.9518954,0.9555549,0.90727836,0.9764524,0.9130534,0.78212047,0.95187527,0.73007154,0.76795244,0.87271434
1.0,0.23559359,-0.1935348,-0.11175753,0.27469236,-0.3672071,0.4460628,-0.19202113,0.25001422,0.44811422,-0.25517038,-0.05989185,-0.022647671,-0.14714855,-0.15059328,-0.18735859,0.28173032,-0.045824155,0.3698567,0.35160697,-0.1929867,0.8113586,0.8372379,0.8641507,0.7928561,0.75558114,0.7070969,0.8601781,0.83960646,0.6315722,0.8096147,0.87761086,0.9094882,0.8752358,0.8767618,0.8381758,0.77268755,0.8984647,0.71513474,0.73853797,0.84424406
2.0,0.24205233,-0.19397768,-0.114786595,0.27893907,-0.36551362,0.44672197,-0.19155496,0.25379816,0.459838,-0.25801358,-0.05638592,-0.024521641,-0.14565924,-0.1528908,-0.186135,0.28737828,-0.044699073,0.3738509,0.3513092,-0.19337057,0.8070753,0.83441615,0.86134756,0.7877749,0.7546826,0.70498765,0.85825783,0.83832544,0.62731487,0.80767167,0.87627786,0.90924346,0.87521863,0.87731487,0.8345499,0.76835823,0.8943675,0.7151094,0.7361823,0.8430547
1.0,0.23366174,-0.19139719,-0.11247903,0.27100882,-0.3627537,0.44054726,-0.18775442,0.24871182,0.44796115,-0.2538962,-0.057158187,-0.023809016,-0.14624104,-0.15116519,-0.18621624,0.27924004,-0.045360222,0.36788866,0.34904087,-0.19064802,0.81179386,0.8367733,0.8631096,0.7945531,0.7579315,0.70758784,0.85830027,0.83828723,0.63362235,0.81108457,0.87510914,0.90807813,0.875987,0.874192,0.83669275,0.7741467,0.89796484,0.71747726,0.73975587,0.8450909
2.0,0.23808089,-0.19570978,-0.114147335,0.26992458,-0.36194956,0.43804476,-0.18033457,0.25074312,0.46383178,-0.2570348,-0.053640053,-0.033470042,-0.15141878,-0.15418917,-0.18755777,0.28300744,-0.04551678,0.37210032,0.3531095,-0.1902782,0.8047388,0.8292754,0.8583978,0.7909695,0.75747925,0.700872,0.85263145,0.82900244,0.6282305,0.80439574,0.86498064,0.9018455,0.87240404,0.861331,0.8263474,0.7717352,0.88962364,0.7157257,0.7352947,0.8414125
2.0,0.24256238,-0.20007466,-0.11575003,0.27281374,-0.3657819,0.43999156,-0.18017268,0.2530979,0.47520986,-0.26067895,-0.054804817,-0.039267592,-0.15510201,-0.15509689,-0.18842408,0.28795958,-0.046405405,0.3776395,0.3579204,-0.19386062,0.79906017,0.82561046,0.8564753,0.7861258,0.75513494,0.6955999,0.8496411,0.82258433,0.6219327,0.79873216,0.8607468,0.8991785,0.8686596,0.85561365,0.8204179,0.76843274,0.88517946,0.71175474,0.7313995,0.8373496
2.0,0.25334692,-0.2138186,-0.11927517,0.275022,-0.373681,0.43991628,-0.17142837,0.25818816,0.51090395,-0.26999748,-0.055354096,-0.06200447,-0.16912714,-0.15888178,-0.1923903,0.29953378,-0.048782453,0.3922522,0.3725034,-0.20096461,0.78150785,0.8112086,0.84888166,0.7746,0.75008434,0.67814934,0.83804154,0.7991662,0.6050704,0.78101283,0.8411449,0.8867856,0.85689193,0.82931894,0.7984633,0.760875,0.8691129,0.70161676,0.71985126,0.8250407
1.0,0.20529526,-0.15649472,-0.10062617,0.26411217,-0.3426658,0.43920842,-0.2112622,0.23361859,0.35269454,-0.22728539,-0.05792036,0.033386398,-0.10853038,-0.14000207,-0.17702964,0.24841836,-0.03753888,0.33117107,0.31118974,-0.1720426,0.8596407,0.877163,0.8859311,0.8252986,0.76935524,0.7549286,0.8921021,0.9030046,0.68077415,0.8615653,0.9293717,0.942727,0.9090506,0.9496343,0.8990432,0.7930249,0.9436574,0.7444975,0.7728722,0.8770017
1.0,0.24630226,-0.20272754,-0.114184245,0.28245485,-0.37541026,0.4535366,-0.19299823,0.25588095,0.47070038,-0.2625631,-0.06143587,-0.03234411,-0.15416425,-0.15289852,-0.18998696,0.2927611,-0.04703228,0.3808529,0.36131367,-0.1991117,0.8005526,0.82946724,0.860268,0.7830329,0.75011104,0.69742346,0.85591173,0.8297233,0.61920255,0.7983712,0.8707332,0.90530396,0.8688161,0.86748874,0.8277507,0.7655549,0.88922644,0.70751697,0.730278,0.8371581
1.0,0.25421363,-0.21548046,-0.1179689,0.28032145,-0.38065428,0.44812548,-0.1799069,0.2591765,0.5059082,-0.27098128,-0.060836032,-0.05769553,-0.16888005,-0.15677857,-0.19339179,0.30164468,-0.049710654,0.393791,0.3749988,-0.20496902,0.7828774,0.81422454,0.85191476,0.77333695,0.7470211,0.6794167,0.8421675,0.80341154,0.6038197,0.78085345,0.84747857,0.890429,0.8563898,0.8362665,0.80349714,0.75984883,0.87251717,0.6987114,0.71941084,0.82474643
1.0,0.23854576,-0.18927789,-0.11154455,0.2832602,-0.36794543,0.45441562,-0.20339456,0.252543,0.43921396,-0.25400525,-0.06098649,-0.010001235,-0.13863233,-0.14912872,-0.18545628,0.28416532,-0.043790936,0.3690152,0.34644678,-0.19365144,0.81665987,0.8440644,0.86780864,0.7917827,0.75377816,0.71445,0.8677045,0.8534098,0.63385403,0.8165957,0.89181536,0.919027,0.88086504,0.89753884,0.8499146,0.77034754,0.905465,0.71702963,0.74147063,0.8484768
1.0,0.23491664,-0.1939631,-0.1128688,0.2689394,-0.36219257,0.43825084,-0.18247509,0.24908197,0.45570216,-0.25517586,-0.055344224,-0.0298222,-0.14992765,-0.1527079,-0.18734963,0.2801618,-0.04566315,0.3695043,0.3515364,-0.19002414,0.8081657,0.8323768,0.8605304,0.79359555,0.7580603,0.70370585,0.8548458,0.8323499,0.63125676,0.80726707,0.8684639,0.9038237,0.8737302,0.865278,0.8305558,0.77367085,0.89331686,0.7165613,0.7374416,0.8430293
2.0,0.23337275,-0.18846215,-0.109435156,0.2786356,-0.36747396,0.45208642,-0.20192152,0.24919066,0.43108818,-0.25191414,-0.06233842,-0.009313308,-0.13982862,-0.1481657,-0.18614186,0.2793026,-0.044605702,0.36524633,0.34632033,-0.19204813,0.81973886,0.84571934,0.8693345,0.7960602,0.7552525,0.71589273,0.86842054,0.8538176,0.6377219,0.81784725,0.891675,0.9182594,0.88115025,0.89552265,0.8517662,0.7738972,0.90756905,0.7178685,0.74340534,0.849701
1.0,0.22823964,-0.18281049,-0.11333214,0.26531878,-0.35188192,0.43125203,-0.18367863,0.2456555,0.43800747,-0.24901146,-0.05158086,-0.018458784,-0.13890585,-0.15114115,-0.18230468,0.2725548,-0.043193206,0.3606354,0.3391977,-0.1845138,0.81777126,0.840734,0.8635111,0.8000249,0.76339984,0.71427536,0.8591221,0.84445566,0.6421346,0.81984866,0.8778505,0.9104628,0.88155735,0.8803247,0.8414971,0.77799284,0.90217036,0.72530043,0.7455855,0.8505491
1.0,0.25374374,-0.20775963,-0.11544961,0.2883272,-0.38033003,0.45945555,-0.19496962,0.26023993,0.48357832,-0.26718393,-0.06211783,-0.036378406,-0.15702993,-0.15464827,-0.19158244,0.30031922,-0.047502205,0.38736787,0.36667845,-0.20261478,0.79465854,0.825607,0.8583714,0.77676505,0.74636865,0.6925945,0.8546846,0.82585007,0.6119599,0.79250914,0.86874115,0.9038148,0.86589056,0.8648387,0.8230052,0.7604134,0.8842431,0.70344865,0.7256158,0.83338046
2.0,0.25733268,-0.2163382,-0.11950846,0.28044432,-0.37846762,0.44653428,-0.17655829,0.26072955,0.51417005,-0.27240288,-0.057585374,-0.06107954,-0.16965345,-0.15886523,-0.19324747,0.30391607,-0.049153015,0.39566424,0.37543097,-0.20384002,0.7799355,0.8111227,0.84938014,0.7711825,0.74719924,0.67714334,0.83969766,0.8004736,0.6017267,0.7787938,0.8437686,0.8884792,0.85599124,0.83249074,0.7992602,0.75815535,0.86859685,0.6989619,0.71787345,0.82376456
1.0,0.28048572,-0.24057077,-0.12192093,0.3004953,-0.40651298,0.47068173,-0.18652235,0.2735322,0.5584122,-0.29047015,-0.06920729,-0.082634635,-0.18728697,-0.16153672,-0.20175296,0.32993406,-0.05380618,0.4226025,0.40305993,-0.22288194,0.7571621,0.7972875,0.845215,0.7484989,0.7308906,0.6557253,0.8351153,0.78051704,0.57355326,0.7529136,0.8335291,0.88122344,0.83938235,0.8161814,0.78065,0.7413981,0.8518216,0.6784215,0.6994341,0.80556643
2.0,0.24671656,-0.20239325,-0.11711803,0.27717122,-0.368869,0.44354615,-0.18268083,0.25571686,0.48204306,-0.26324493,-0.055746756,-0.040856354,-0.15583077,-0.15546328,-0.1885757,0.29251292,-0.04653053,0.38171497,0.36030567,-0.19664215,0.79599667,0.8242567,0.8557375,0.78207713,0.7529912,0.6932714,0.84921426,0.82111645,0.6176916,0.7959771,0.860689,0.89948916,0.86714506,0.8560657,0.8186122,0.76540387,0.88327783,0.7093695,0.72907615,0.8352748
2.0,0.23549281,-0.1944945,-0.11141303,0.27214804,-0.36540896,0.4438831,-0.1874248,0.2496869,0.45131773,-0.25510356,-0.057660796,-0.025874667,-0.14920208,-0.15175986,-0.18825114,0.2810746,-0.045658007,0.36939022,0.35224378,-0.1908868,0.81009114,0.8343316,0.86245185,0.7936694,0.75637895,0.70551586,0.8583622,0.8370491,0.6316926,0.80802226,0.87320167,0.90668595,0.87470335,0.8708978,0.83494616,0.7733403,0.8955923,0.715745,0.7376523,0.8440169
1.0,0.27825838,-0.24026452,-0.12397055,0.2899912,-0.39689887,0.45490164,-0.17073344,0.27109832,0.569909,-0.2890382,-0.061961174,-0.09433619,-0.19094452,-0.16426814,-0.20093124,0.32649451,-0.053025633,0.42203304,0.4014458,-0.21800058,0.7527411,0.79051113,0.8398578,0.7499614,0.73539984,0.6507293,0.8260083,0.7686655,0.57367104,0.7508119,0.81905234,0.87286574,0.83777344,0.7991688,0.769183,0.74328274,0.84520525,0.6810506,0.699183,0.80375475
1.0,0.21667588,-0.1708154,-0.09897229,0.27992484,-0.36457217,0.46117467,-0.22489119,0.24095613,0.36725277,-0.23650102,-0.07014172,0.029187731,-0.1186518,-0.13898993,-0.18340342,0.2629935,-0.040798932,0.34479067,0.32794297,-0.18528879,0.8505994,0.8737662,0.887176,0.81386966,0.7577905,0.74473035,0.89411694,0.89625347,0.6639853,0.8473587,0.931801,0.9428555,0.9004467,0.9483618,0.8952255,0.78361464,0.939218,0.72952855,0.76284134,0.86774457
2.0,0.24073881,-0.19915845,-0.11465727,0.27117378,-0.36471075,0.43942916,-0.17944232,0.2520796,0.47125733,-0.25930637,-0.054396644,-0.037891112,-0.15472218,-0.15488428,-0.18874136,0.2859456,-0.046195358,0.37551025,0.35686892,-0.1922423,0.8009495,0.8262635,0.8570121,0.788265,0.75588936,0.6970601,0.8505944,0.8243443,0.62421614,0.80018127,0.86135143,0.89944226,0.8697112,0.85611147,0.82200897,0.76991075,0.88625896,0.71299565,0.7324937,0.83866763
1.0,0.21174645,-0.16486488,-0.10467231,0.26300392,-0.34498626,0.43560594,-0.20090747,0.23701349,0.37981954,-0.23420621,-0.055268526,0.016119376,-0.11908182,-0.14389825,-0.17887291,0.25515658,-0.03971281,0.3398212,0.32029495,-0.1753103,0.8461582,0.864754,0.87822086,0.81796545,0.7681594,0.74154747,0.88064617,0.8830398,0.6687891,0.8475918,0.911233,0.93126005,0.89980394,0.924656,0.87933034,0.789088,0.9295873,0.7386521,0.7640061,0.86859274
2.0,0.20546833,-0.15502653,-0.10073742,0.265406,-0.3424409,0.43978754,-0.21389884,0.23345444,0.35004368,-0.22682855,-0.058640115,0.036354676,-0.10626801,-0.13944325,-0.1761089,0.24831244,-0.03725417,0.33084846,0.3097187,-0.17254007,0.8608979,0.8795196,0.8870592,0.8251872,0.7691279,0.7568298,0.89337,0.90559113,0.68150073,0.86366165,0.9329771,0.9448226,0.910272,0.954726,0.90183735,0.7925484,0.9458161,0.74486196,0.77400225,0.8778414
2.0,0.2415758,-0.20078768,-0.114907295,0.27242607,-0.36730844,0.44076508,-0.18077925,0.25250337,0.47331977,-0.26043454,-0.056246407,-0.039221905,-0.15607315,-0.1544626,-0.18912096,0.2872723,-0.046854086,0.37740692,0.35887125,-0.19439274,0.79950607,0.82592267,0.85714597,0.786826,0.7547819,0.6955337,0.8500739,0.82241255,0.6221299,0.798421,0.8609146,0.8990563,0.8681686,0.8550439,0.8209336,0.7690393,0.88580865,0.71099794,0.7313765,0.8371367
1.0,0.249844,-0.20748807,-0.116033,0.28142923,-0.37644088,0.45091203,-0.1870017,0.25736853,0.4856614,-0.2659957,-0.060162276,-0.042543,-0.15979609,-0.15495366,-0.19110946,0.29637372,-0.047926232,0.38581362,0.3663364,-0.2007671,0.79331684,0.82294583,0.85642135,0.77909946,0.7492151,0.6902427,0.8500524,0.8192141,0.613164,0.79136986,0.8609614,0.8991221,0.86411947,0.8546206,0.8175906,0.7632508,0.88192296,0.7045231,0.7258878,0.832474
2.0,0.21575281,-0.16567454,-0.09550659,0.28717065,-0.36671805,0.4702025,-0.23906744,0.24073118,0.34756607,-0.23222767,-0.074906476,0.04569464,-0.10921354,-0.13507557,-0.18231195,0.26156086,-0.038606375,0.34128368,0.32181793,-0.18630835,0.8603835,0.8851582,0.8945476,0.8164286,0.75550574,0.7553733,0.9050638,0.9137068,0.66973996,0.8584904,0.9513608,0.95501566,0.9077518,0.97557044,0.91319954,0.7830833,0.9519497,0.7312177,0.7687152,0.87336105
2.0,0.19747627,-0.14826906,-0.090309575,0.27547634,-0.35254663,0.45940018,-0.24191901,0.23001418,0.30271834,-0.21764308,-0.07329092,0.0667096,-0.092896245,-0.1304052,-0.17723057,0.24238168,-0.035006203,0.32166356,0.3030885,-0.17471439,0.88330555,0.9033902,0.90438575,0.8341126,0.7640355,0.77644604,0.9179592,0.939527,0.69547176,0.88314253,0.97062045,0.9674173,0.9231767,1.0033987,0.9393199,0.7952991,0.9725443,0.74617213,0.78637445,0.88779193
1.0,0.22276868,-0.17680855,-0.10642965,0.2731104,-0.35863042,0.44707632,-0.20530021,0.24340159,0.4024773,-0.24308667,-0.06097959,0.006175697,-0.12879124,-0.14510027,-0.18272802,0.2678484,-0.042332403,0.35281122,0.33370298,-0.18508005,0.83410496,0.85715294,0.87527865,0.80669373,0.76053125,0.7297525,0.8764732,0.8707707,0.6529757,0.8333064,0.9050399,0.92688096,0.89086425,0.9143237,0.8683938,0.7810145,0.92061925,0.72720313,0.75398725,0.85938764
1.0,0.22500929,-0.17388703,-0.10674567,0.27940947,-0.35939968,0.4520476,-0.21343237,0.24514166,0.39737985,-0.24226134,-0.062439404,0.014278628,-0.12263594,-0.14354646,-0.18093896,0.26990202,-0.040833786,0.3531759,0.33001527,-0.1867619,0.8370778,0.8620764,0.8778942,0.8052515,0.7589953,0.73447096,0.88107324,0.8792963,0.6536709,0.83835864,0.91480833,0.9335377,0.89429706,0.92918026,0.8761732,0.77887356,0.9258859,0.72796065,0.7559556,0.8616429
1.0,0.23095107,-0.18238936,-0.109288245,0.2798275,-0.36390376,0.45183074,-0.20670998,0.2482008,0.41958883,-0.24857445,-0.061997227,-0.0001622811,-0.13236675,-0.14648432,-0.18340737,0.27650577,-0.042949475,0.3612286,0.3394653,-0.19046631,0.82588,0.85204095,0.87231207,0.79867095,0.7567121,0.7229591,0.87290347,0.8635215,0.64318955,0.82586014,0.9007922,0.9244884,0.8862483,0.9093369,0.8608763,0.77517366,0.91446346,0.72186476,0.7481102,0.854151
2.0,0.25772253,-0.21770592,-0.119043216,0.28215712,-0.38158137,0.4493583,-0.17915691,0.26098892,0.51354104,-0.27303904,-0.05996164,-0.06077414,-0.17053562,-0.15802807,-0.19387463,0.30477393,-0.04972422,0.3968154,0.37715048,-0.20579365,0.7796867,0.8115944,0.85025114,0.77046,0.745886,0.6767416,0.84052455,0.80058855,0.60059726,0.77788526,0.84493524,0.8890893,0.85503936,0.833371,0.8000291,0.75773966,0.8692559,0.6972366,0.7172175,0.8230079
2.0,0.2266796,-0.17737313,-0.10267852,0.2871109,-0.36955494,0.46584398,-0.22503689,0.24663955,0.38895768,-0.24279507,-0.06992807,0.021171995,-0.12330378,-0.14103487,-0.18417037,0.27260688,-0.04144728,0.35469478,0.33422345,-0.19095673,0.8402341,0.8664161,0.8826898,0.8045564,0.7538512,0.7364815,0.8884467,0.8864168,0.65232474,0.83839816,0.924985,0.93920124,0.8947776,0.9403334,0.8846242,0.7771219,0.9309309,0.7234123,0.75552624,0.8617364
1.0,0.23996532,-0.19337732,-0.11525689,0.2750804,-0.3628626,0.44173127,-0.18717521,0.25224745,0.46079788,-0.2573856,-0.054992244,-0.027500339,-0.14668587,-0.15322913,-0.18566585,0.28519398,-0.044886597,0.37273565,0.3507299,-0.19210157,0.8065235,0.8332376,0.8602756,0.7891059,0.7564548,0.703988,0.85577667,0.8349632,0.6282215,0.80732167,0.8723948,0.9067612,0.87454426,0.87216306,0.83177346,0.7698212,0.89309955,0.71605057,0.7365053,0.8427695
1.0,0.19458702,-0.14552298,-0.09563074,0.26067585,-0.3371012,0.43836996,-0.2191943,0.22751103,0.3188618,-0.21786706,-0.059894644,0.051669188,-0.096458696,-0.13580334,-0.17450623,0.23734108,-0.03513845,0.3187214,0.29957256,-0.1662505,0.8764653,0.8918855,0.8947513,0.83641815,0.77273566,0.770782,0.9044781,0.92475504,0.6975438,0.8789571,0.94816643,0.954236,0.9201618,0.9754326,0.9212055,0.7997423,0.9600651,0.7531236,0.7847214,0.8871497
2.0,0.24876499,-0.20833711,-0.1182224,0.27109137,-0.36744505,0.43597844,-0.16966048,0.2558279,0.5003144,-0.2660146,-0.052254587,-0.056283914,-0.16467446,-0.15869322,-0.1909255,0.29414946,-0.047448866,0.38587704,0.36632627,-0.19595394,0.78721637,0.81443024,0.8499821,0.7798106,0.75344145,0.6836371,0.84030074,0.80540425,0.611965,0.7872109,0.84451616,0.8889936,0.8613176,0.83436173,0.8036116,0.7643555,0.8728763,0.7068751,0.72407454,0.82966584
1.0,0.25116375,-0.21055727,-0.11858027,0.27657565,-0.37364388,0.44219947,-0.17646009,0.25752917,0.5010959,-0.26813722,-0.05681797,-0.055051975,-0.16502133,-0.15721232,-0.19119504,0.29774642,-0.048390523,0.38940307,0.36923245,-0.20082203,0.7860911,0.81587094,0.85160285,0.7765854,0.7504763,0.68283486,0.84203786,0.8062403,0.60852987,0.78551346,0.8481199,0.89124733,0.8596192,0.8385677,0.8054205,0.76216453,0.8742407,0.7033612,0.72260016,0.8278754
1.0,0.254195,-0.21449624,-0.11852229,0.27930492,-0.37831217,0.44612023,-0.1781322,0.25903592,0.5068477,-0.27063978,-0.059046187,-0.057965033,-0.16821975,-0.15739673,-0.19281453,0.30113187,-0.049292997,0.39314738,0.37370807,-0.20363683,0.7828826,0.81381315,0.8511765,0.77364814,0.74796426,0.6796386,0.8413681,0.8032143,0.6044664,0.781403,0.84658253,0.89003205,0.8570411,0.83565474,0.80281806,0.760062,0.87187755,0.69986933,0.71977884,0.8252788
2.0,0.21570341,-0.16577636,-0.09660751,0.285515,-0.3650602,0.4675385,-0.2360956,0.24064559,0.350993,-0.23254609,-0.0731959,0.043058544,-0.110101424,-0.13579167,-0.181885,0.26131195,-0.038692594,0.3415946,0.32176062,-0.18563884,0.8588925,0.883135,0.8929918,0.81616527,0.7564934,0.754029,0.90275866,0.9109772,0.6693181,0.85735655,0.9476734,0.9531213,0.90692025,0.9711073,0.91003263,0.78357035,0.9498971,0.7316214,0.768115,0.8728582
1.0,0.22390208,-0.17743897,-0.110691145,0.264353,-0.34871575,0.43255126,-0.18736292,0.24351338,0.42187378,-0.24455006,-0.051093437,-0.008500762,-0.13313276,-0.14966157,-0.18160939,0.26757383,-0.041769385,0.35403818,0.33324227,-0.1804358,0.82597345,0.8466346,0.86708266,0.8055566,0.7651317,0.72229546,0.86539143,0.85628855,0.6503144,0.82788146,0.88670737,0.9161312,0.8873396,0.8923591,0.85203636,0.7813717,0.909206,0.73012805,0.75071734,0.85641944
2.0,0.23831663,-0.19664617,-0.113169834,0.27256632,-0.36555266,0.44253758,-0.18471399,0.25108877,0.46062288,-0.25719413,-0.056477077,-0.030962251,-0.15144017,-0.15299734,-0.18828064,0.2837462,-0.045887828,0.3726528,0.35432178,-0.19205078,0.80584115,0.83088744,0.86008537,0.79070693,0.7558989,0.7017432,0.8549698,0.831544,0.6278956,0.8045039,0.8683723,0.9039322,0.8723906,0.86509705,0.8293357,0.7714987,0.891602,0.71420157,0.7352192,0.8414933
1.0,0.241191,-0.1984103,-0.11313973,0.27952737,-0.37239277,0.45062348,-0.19377553,0.25313357,0.45947748,-0.2592716,-0.06168797,-0.027351767,-0.15062284,-0.15135705,-0.1885447,0.2878351,-0.046630703,0.37597507,0.3569216,-0.19711111,0.80571204,0.83376414,0.86255926,0.7873324,0.75234884,0.70205003,0.85824174,0.8346194,0.62468755,0.80368423,0.87487406,0.90778965,0.8716349,0.87293655,0.8333057,0.7687141,0.8941974,0.71065736,0.73417443,0.84030926
2.0,0.24355413,-0.19925849,-0.116243646,0.2766733,-0.3677755,0.44349325,-0.18537173,0.25418553,0.4727686,-0.26088414,-0.05665928,-0.035609297,-0.15264401,-0.15392447,-0.1875366,0.2894785,-0.04615873,0.37848547,0.35703653,-0.1958333,0.80027926,0.8281687,0.8579873,0.7848558,0.7540383,0.69736075,0.85197407,0.8262909,0.6215668,0.8003083,0.86556333,0.9026409,0.86953735,0.8625495,0.8241161,0.76740116,0.8878177,0.7112735,0.7319715,0.8378558
2.0,0.24610908,-0.20505334,-0.117141694,0.27342078,-0.36886114,0.43959007,-0.17703043,0.25474972,0.4879957,-0.26410708,-0.055403158,-0.04773385,-0.16031978,-0.15626322,-0.18973517,0.29198694,-0.04746099,0.38297126,0.36331266,-0.19683313,0.7925861,0.8205222,0.85380113,0.78196126,0.7533718,0.6890851,0.8451751,0.8135396,0.61566395,0.7921655,0.8534715,0.89449775,0.8640734,0.8456952,0.8122608,0.7657944,0.87946784,0.7078513,0.72719336,0.8326499
1.0,0.2075991,-0.15919046,-0.100938335,0.26603857,-0.3454058,0.44158655,-0.2116063,0.2350694,0.35787213,-0.2291245,-0.05876693,0.03091497,-0.11092254,-0.14037067,-0.17804253,0.25108194,-0.038041636,0.3338517,0.31409115,-0.17382579,0.8569631,0.8750336,0.8850459,0.8230357,0.76785046,0.7521959,0.89103305,0.9001341,0.67737025,0.85828,0.92740136,0.94149286,0.9070614,0.9465957,0.8962763,0.7914632,0.94137967,0.7421443,0.7705664,0.8750539
2.0,0.23485094,-0.18981896,-0.110425726,0.27903152,-0.36789703,0.45162517,-0.20063815,0.24999422,0.43615127,-0.25305966,-0.061889663,-0.012116857,-0.14121246,-0.14866033,-0.18620743,0.28075713,-0.044762,0.36714852,0.34756497,-0.1928598,0.81739414,0.8437369,0.8680541,0.79443324,0.75493026,0.7137578,0.8665447,0.85075635,0.63554573,0.81578,0.88892454,0.91682655,0.87975514,0.8922019,0.84868354,0.7730085,0.90540147,0.71681726,0.7419546,0.84827167
1.0,0.22924054,-0.18487489,-0.11088681,0.2682136,-0.35627082,0.4381701,-0.1881025,0.246353,0.43437567,-0.24927576,-0.054096296,-0.015372358,-0.14000079,-0.15064073,-0.18459214,0.27367052,-0.04350791,0.36072695,0.34159762,-0.18499932,0.8192322,0.84155816,0.8652319,0.80025345,0.7611247,0.715191,0.8626537,0.8484317,0.6421409,0.81923103,0.88156396,0.91237724,0.88203984,0.88378745,0.8450381,0.77766174,0.9034368,0.7237122,0.7450243,0.85115474
1.0,0.23241559,-0.18919525,-0.1078853,0.27993312,-0.37043142,0.45569596,-0.20508677,0.24894106,0.42641476,-0.25137404,-0.06484305,-0.0070445463,-0.14011866,-0.14695269,-0.18713927,0.2788974,-0.04485236,0.3647955,0.34726277,-0.1929411,0.82157713,0.84734863,0.87110364,0.79694384,0.7541716,0.71700233,0.8709239,0.85636884,0.6384119,0.8183897,0.89455086,0.92002755,0.88141257,0.8985038,0.854888,0.7744636,0.9097577,0.7168959,0.7438234,0.85013276
1.0,0.22673728,-0.18042134,-0.109720975,0.2717814,-0.35737273,0.44247475,-0.19763318,0.24534056,0.41971228,-0.246569,-0.057600908,-0.004382409,-0.13354033,-0.14769056,-0.18275279,0.2714944,-0.04284534,0.35767642,0.3371098,-0.18601269,0.826107,0.8496571,0.8701114,0.80237883,0.76076156,0.7224411,0.8690672,0.8593519,0.64673185,0.8264644,0.89372504,0.9202309,0.8863023,0.9002286,0.8565264,0.7787446,0.912216,0.72520286,0.74942786,0.854992
2.0,0.2569967,-0.21594323,-0.11939296,0.27951223,-0.37740624,0.4455404,-0.17549363,0.2604257,0.5139899,-0.27214724,-0.056840442,-0.061149053,-0.16955295,-0.15922403,-0.19322805,0.30339462,-0.049054652,0.3950027,0.37503445,-0.2029861,0.78010833,0.8109467,0.8491634,0.77170914,0.74765325,0.6772996,0.8394771,0.8004363,0.6023037,0.77902275,0.8433241,0.8880265,0.8563203,0.8318566,0.7990349,0.758438,0.8683286,0.69955474,0.7181005,0.824102
2.0,0.22532868,-0.17533046,-0.09866887,0.29202738,-0.37369686,0.4743673,-0.23558757,0.2462239,0.37332863,-0.24034975,-0.07515539,0.03241796,-0.11862863,-0.1381559,-0.18502313,0.2717182,-0.04074855,0.35187593,0.33237076,-0.19208705,0.8473665,0.87450075,0.88863623,0.8070006,0.7513876,0.7431856,0.89730245,0.8983846,0.6560924,0.8445316,0.9390031,0.9469638,0.89902467,0.95791477,0.897632,0.77682686,0.9396619,0.72351813,0.7590139,0.8651093
2.0,0.24273765,-0.20264296,-0.115798324,0.26866874,-0.36424577,0.43551967,-0.1726014,0.25275612,0.48302856,-0.26142257,-0.052480064,-0.046762593,-0.15946448,-0.15678653,-0.18984002,0.28787994,-0.046691395,0.37862536,0.3604101,-0.1924341,0.79535973,0.8205908,0.853564,0.7860725,0.7558532,0.6912385,0.8454101,0.8152284,0.6201138,0.79484046,0.8523743,0.89364725,0.86621416,0.84424657,0.81319577,0.76857775,0.88004553,0.7113096,0.7292678,0.8351161
1.0,0.24283001,-0.2002192,-0.1116043,0.2829277,-0.37635136,0.45679134,-0.19807523,0.25412703,0.45766324,-0.26000723,-0.06398197,-0.024863757,-0.15124333,-0.15094137,-0.19008061,0.28954846,-0.046889707,0.37684566,0.35903734,-0.19831419,0.806319,0.83457714,0.8638952,0.7866559,0.7501599,0.7025695,0.8609968,0.83753693,0.6238359,0.8029173,0.8782817,0.9095802,0.87175703,0.876443,0.83597296,0.76770097,0.8950488,0.70889187,0.7333731,0.8404287
1.0,0.2286628,-0.18101415,-0.11188792,0.27111867,-0.3554205,0.43898225,-0.19377744,0.24631098,0.42804444,-0.24803956,-0.05529017,-0.008957081,-0.13447171,-0.14899084,-0.18193522,0.2732631,-0.042720206,0.35974336,0.3374511,-0.18614492,0.82247216,0.84660745,0.8675451,0.800196,0.761361,0.71952355,0.8654674,0.85446715,0.6441246,0.82411385,0.888887,0.9174649,0.8847572,0.8948368,0.8512461,0.77737385,0.9084843,0.7251057,0.74775684,0.8532587
1.0,0.23391457,-0.18316184,-0.10972494,0.27992907,-0.36210197,0.4514098,-0.20390713,0.24977872,0.4256462,-0.24957293,-0.058850035,-0.001950413,-0.1329071,-0.14841011,-0.18404666,0.27846587,-0.042420775,0.36218566,0.33966202,-0.18874167,0.823667,0.84907794,0.8702684,0.7973788,0.7566849,0.72165775,0.87161154,0.86234933,0.64186674,0.8244183,0.89816785,0.9226932,0.8863267,0.90641457,0.85788417,0.77359515,0.91107565,0.7224845,0.7466413,0.8539273
1.0,0.2445843,-0.20055568,-0.10876557,0.29197627,-0.38441354,0.47013068,-0.21176249,0.25591615,0.44665334,-0.2600581,-0.07062568,-0.014352925,-0.14786193,-0.14811201,-0.19127682,0.29225183,-0.046822198,0.37731495,0.35994545,-0.20222653,0.81099534,0.8412184,0.8692376,0.78588015,0.7458321,0.70732015,0.8696432,0.8484777,0.62402534,0.8059142,0.89201355,0.9176845,0.8741131,0.8933135,0.8473394,0.7657101,0.90202916,0.7064546,0.7343876,0.8422229
2.0,0.235982,-0.1928946,-0.113376945,0.2694249,-0.36012375,0.43795663,-0.18185462,0.24978647,0.4567637,-0.25501168,-0.05325724,-0.02900277,-0.14846429,-0.15344985,-0.18682821,0.28072953,-0.044843152,0.3691183,0.34998822,-0.18854357,0.80836475,0.8320527,0.85987985,0.7933595,0.75853205,0.70448446,0.85512614,0.8340437,0.6318316,0.80814666,0.86887896,0.9044228,0.8749934,0.8667722,0.8308984,0.77324426,0.8928209,0.7180516,0.7376914,0.84402037
2.0,0.23761241,-0.19476901,-0.11157103,0.27564165,-0.36726612,0.4476451,-0.19122519,0.25103015,0.4514207,-0.25590092,-0.058654793,-0.023528747,-0.148087,-0.15156141,-0.18819709,0.28318542,-0.04550758,0.37066156,0.35253862,-0.19215009,0.8101882,0.835371,0.863157,0.7920499,0.7550075,0.70621395,0.8600127,0.8395447,0.63061535,0.80818146,0.87643844,0.9088271,0.8752086,0.8753635,0.836959,0.7718435,0.8964266,0.71491843,0.7373062,0.8441715
1.0,0.2519505,-0.21173902,-0.116291195,0.28119278,-0.37932563,0.4509481,-0.18443471,0.25811315,0.49421778,-0.26848334,-0.061070763,-0.049006663,-0.16451696,-0.15581864,-0.19275948,0.2988565,-0.048999444,0.38935593,0.3711403,-0.20270689,0.78868484,0.81899774,0.85466915,0.7766395,0.7477619,0.6853103,0.8469907,0.8124455,0.6088806,0.78605515,0.85528994,0.8951182,0.860515,0.84622633,0.8115858,0.76168257,0.8775709,0.70139104,0.722649,0.8290141
2.0,0.25737557,-0.21556972,-0.119908094,0.28149045,-0.3785602,0.44699687,-0.17793894,0.26107058,0.5132041,-0.27237296,-0.05789806,-0.05990208,-0.16839,-0.15850623,-0.19259363,0.30429134,-0.04896958,0.3956981,0.37463614,-0.20436826,0.78046227,0.8121494,0.8498199,0.7708522,0.7471623,0.67785645,0.8404004,0.8017435,0.6018345,0.7796618,0.84534144,0.8896471,0.8564071,0.8349689,0.80049354,0.75788474,0.8696061,0.699245,0.71831244,0.8240175
2.0,0.23585126,-0.19263208,-0.11316818,0.27032515,-0.36091906,0.43920437,-0.18367787,0.24975073,0.45487714,-0.25489217,-0.054170832,-0.027478479,-0.14784843,-0.15298155,-0.18670537,0.280695,-0.04491608,0.36900416,0.34983212,-0.18910643,0.80913126,0.8331755,0.86065626,0.7934045,0.75819314,0.7052923,0.8560742,0.8354217,0.6320977,0.80879897,0.87069046,0.9055336,0.8753182,0.8690429,0.83246607,0.77324975,0.8940126,0.71781415,0.73807365,0.84433943
1.0,0.22633713,-0.1784608,-0.10554895,0.27973494,-0.36367726,0.45541435,-0.21260682,0.24574947,0.40168586,-0.24427944,-0.06409626,0.010210678,-0.12785298,-0.14416726,-0.18367025,0.27163506,-0.042127907,0.3552952,0.3353398,-0.18799683,0.8344236,0.85893935,0.87712425,0.80416435,0.75720567,0.7306615,0.880098,0.87512285,0.6506169,0.8332361,0.9110777,0.9306594,0.8913208,0.92225146,0.8725089,0.77833855,0.92256016,0.72473127,0.7530249,0.8592704
2.0,0.23389846,-0.18770157,-0.10940206,0.28115958,-0.36850047,0.45465446,-0.20547414,0.24978507,0.42848626,-0.25155714,-0.06338284,-0.006161079,-0.13790786,-0.14731309,-0.18567434,0.27987015,-0.04418464,0.36541674,0.3452922,-0.19294038,0.82112813,0.84767306,0.87053853,0.7956736,0.7545507,0.71763396,0.8703623,0.8570558,0.63802266,0.81957525,0.89542824,0.92100596,0.8822605,0.90101814,0.85490435,0.77344155,0.90980715,0.71777225,0.7441246,0.850495
1.0,0.19855945,-0.15140294,-0.09649018,0.26367882,-0.3429445,0.4423647,-0.21901745,0.2301957,0.32991183,-0.2218801,-0.061826818,0.045482803,-0.10230554,-0.13660437,-0.17660615,0.24234672,-0.03660647,0.32426265,0.306155,-0.17020212,0.8705774,0.8870856,0.8926728,0.8318998,0.7699374,0.7643208,0.90130687,0.91697675,0.69015497,0.8713497,0.9426775,0.95078415,0.91524845,0.96682024,0.9141569,0.7969975,0.9548947,0.7478257,0.7797658,0.8825445
2.0,0.2589817,-0.21793477,-0.1203955,0.280922,-0.3792259,0.44602525,-0.17536819,0.26158348,0.51966083,-0.27386588,-0.05751735,-0.064396195,-0.17114282,-0.15943769,-0.19340032,0.3058106,-0.049405657,0.39789528,0.3771528,-0.2050067,0.7773246,0.8092872,0.8482644,0.769224,0.7465963,0.67468685,0.8379439,0.79714173,0.59923273,0.7764808,0.84114426,0.8868581,0.8543886,0.82925576,0.79614323,0.7568197,0.86637825,0.69773173,0.71636194,0.8219481
1.0,0.2669486,-0.22918944,-0.12208097,0.28211424,-0.38624066,0.44647273,-0.1690371,0.26489896,0.5459547,-0.28091982,-0.058897607,-0.08218587,-0.18259305,-0.16215065,-0.19723272,0.31435257,-0.051459357,0.40915892,0.38936526,-0.21058145,0.7641331,0.7984845,0.8431355,0.7607789,0.74216884,0.66139805,0.82970023,0.7795076,0.5867545,0.7628664,0.82642543,0.87721735,0.8452382,0.80907893,0.77994376,0.7511418,0.85448897,0.68960553,0.7076597,0.81239176
1.0,0.2673606,-0.23228295,-0.12382595,0.2742458,-0.38092834,0.43390203,-0.15430091,0.26394063,0.56269455,-0.2818875,-0.054053992,-0.09735822,-0.18871531,-0.16490659,-0.19780284,0.3142007,-0.051261023,0.41219836,0.39176106,-0.20893204,0.75661045,0.7903301,0.8376071,0.75946116,0.7442344,0.65322655,0.82022595,0.7641767,0.58280605,0.75742614,0.8108863,0.86761767,0.8410345,0.7900084,0.7660174,0.75043756,0.8459934,0.68913114,0.7048991,0.80762047
1.0,0.26194993,-0.2278489,-0.12326948,0.2673629,-0.37358332,0.42531663,-0.14772001,0.26072142,0.5566429,-0.2779936,-0.050478935,-0.09685073,-0.18667239,-0.16493584,-0.19642316,0.30807024,-0.05019653,0.4067562,0.386487,-0.20439678,0.7597882,0.79130846,0.83717954,0.76458114,0.7483534,0.65570146,0.81888473,0.76400167,0.5880175,0.7617788,0.8089582,0.86633986,0.84337544,0.78811115,0.7663092,0.75401616,0.84752387,0.693483,0.70819265,0.81014687
1.0,0.24070317,-0.2013856,-0.11473255,0.27239493,-0.36898887,0.44098082,-0.18161634,0.2521963,0.47232243,-0.26036978,-0.05796004,-0.039685808,-0.15672767,-0.15354964,-0.18929984,0.28700548,-0.047310956,0.3778834,0.3596261,-0.195844,0.7994931,0.8263616,0.8577636,0.7868491,0.7544034,0.69514394,0.850061,0.8214235,0.6216505,0.79820627,0.8608875,0.89905655,0.8672607,0.8546567,0.8209981,0.7693202,0.8866492,0.7099818,0.7313457,0.83636105
2.0,0.23023862,-0.18045148,-0.105431505,0.28549454,-0.36813015,0.46178868,-0.2180225,0.24825326,0.40399978,-0.24607627,-0.06654409,0.012108602,-0.12760797,-0.14375535,-0.18437773,0.27573544,-0.042126954,0.35851085,0.3373552,-0.19112834,0.83321244,0.8595638,0.87797064,0.80098337,0.7542267,0.7301891,0.88194984,0.87670153,0.6471997,0.8320802,0.91484094,0.932904,0.890871,0.9272164,0.8740692,0.7752442,0.92302895,0.722029,0.7514264,0.8581592
2.0,0.26112562,-0.22227882,-0.12236288,0.27573225,-0.3766799,0.4373205,-0.16351959,0.26186517,0.5373918,-0.2763257,-0.053924568,-0.07871599,-0.17768556,-0.16226092,-0.19438031,0.3077684,-0.049750715,0.4022709,0.38133353,-0.20481142,0.76911706,0.8010783,0.8430208,0.76636356,0.74732196,0.66609627,0.82946324,0.78276783,0.5938095,0.7695518,0.82693386,0.87794507,0.84950024,0.8113248,0.78265435,0.7551342,0.8574847,0.69597334,0.71243286,0.8166861
2.0,0.23159182,-0.18571071,-0.10407108,0.28930333,-0.3767649,0.46903312,-0.2224156,0.24948087,0.405608,-0.24852489,-0.07217616,0.010036819,-0.13211456,-0.1425274,-0.1870057,0.27890825,-0.04368291,0.36214682,0.3438366,-0.19581017,0.8312995,0.85901624,0.8792209,0.79869354,0.75061715,0.7267894,0.88324,0.87415576,0.64283776,0.8272591,0.91520923,0.93276215,0.88745886,0.9254424,0.8734073,0.77374786,0.922475,0.7167569,0.74856186,0.85497224
2.0,0.2163834,-0.16544737,-0.09387643,0.29164088,-0.37026584,0.476054,-0.2459456,0.24158067,0.341385,-0.23136143,-0.07829502,0.051425643,-0.106757365,-0.13316754,-0.18278304,0.26257372,-0.038032845,0.34151328,0.32130012,-0.18834704,0.8632669,0.8891418,0.89766,0.81632274,0.75328904,0.7582724,0.9096414,0.9195413,0.67007065,0.8613446,0.9591026,0.9597763,0.9095686,0.98592347,0.919759,0.7819043,0.9566043,0.7301085,0.7698617,0.87438494
2.0,0.23911755,-0.1900401,-0.10539472,0.29474264,-0.3802541,0.4739645,-0.22333595,0.25366402,0.41867828,-0.252729,-0.07190403,0.0063282326,-0.13459909,-0.14438659,-0.18833339,0.2858661,-0.043952823,0.3681092,0.34809172,-0.19875377,0.8252306,0.8547717,0.8768405,0.7928576,0.7474207,0.7222762,0.8812565,0.8699831,0.6357614,0.8218834,0.9127573,0.93082523,0.88470525,0.92236847,0.8681804,0.76873004,0.91723657,0.7132192,0.7438823,0.8516482
1.0,0.2502666,-0.21043085,-0.116591915,0.27975175,-0.37780875,0.44863614,-0.1834465,0.25731608,0.4923541,-0.26737174,-0.060626574,-0.048826,-0.1637136,-0.1552932,-0.1919888,0.29721087,-0.048763722,0.38829812,0.3694865,-0.20222534,0.7896262,0.8196155,0.8547608,0.77772427,0.7488547,0.68608415,0.8465953,0.81239724,0.6101462,0.78751576,0.85498524,0.89533967,0.8609222,0.84636074,0.811918,0.76278293,0.8785993,0.70236146,0.72372085,0.82950187
1.0,0.24390753,-0.19967431,-0.11449121,0.27987096,-0.3714069,0.44954935,-0.19114706,0.25448364,0.46705842,-0.26080352,-0.05958695,-0.030802317,-0.15184149,-0.15287925,-0.18852128,0.28999683,-0.04644613,0.37811205,0.35790467,-0.19698349,0.80259293,0.83083034,0.8603804,0.7851532,0.7522188,0.699563,0.8557732,0.8312398,0.6222121,0.8013242,0.8712292,0.90574574,0.870552,0.86888665,0.8290958,0.7671593,0.8906983,0.7101875,0.73240983,0.8389418
1.0,0.22160462,-0.17430238,-0.10897437,0.26788896,-0.351254,0.43777165,-0.19699079,0.24244764,0.4078717,-0.24229355,-0.055454895,0.0016107783,-0.12812147,-0.14675178,-0.18061152,0.26571307,-0.04155211,0.35154018,0.33034602,-0.18190193,0.83228683,0.85417926,0.8720158,0.80751395,0.76413727,0.7286576,0.8716674,0.8661944,0.65419155,0.83384305,0.89820784,0.9232641,0.89084995,0.90721685,0.8628708,0.78232133,0.9173847,0.7305584,0.7544545,0.85959136
1.0,0.23449036,-0.18741561,-0.11220096,0.27765575,-0.36395025,0.44715804,-0.19820255,0.249881,0.43779072,-0.25249258,-0.059402213,-0.012689017,-0.1390149,-0.14909038,-0.18424733,0.28017306,-0.04401712,0.3665742,0.34463376,-0.19180077,0.81716293,0.84368604,0.8669973,0.79437363,0.7566637,0.714263,0.8649479,0.850151,0.63630694,0.81740856,0.88774544,0.9165656,0.8805557,0.89222395,0.8476206,0.77311105,0.90515184,0.7189094,0.7428908,0.8487701
1.0,0.26357687,-0.2240688,-0.120937675,0.28352204,-0.3848675,0.44924766,-0.17499149,0.26378196,0.5314893,-0.27779475,-0.05967778,-0.07171018,-0.17668921,-0.16026744,-0.19560376,0.31093562,-0.050654523,0.40405717,0.38397583,-0.20894115,0.7711422,0.80473906,0.8465251,0.7644737,0.7433943,0.66850585,0.83518064,0.7899041,0.5925417,0.7695955,0.8358827,0.88333476,0.84976053,0.82156426,0.78963506,0.75358146,0.86134535,0.6928147,0.71177745,0.817187
1.0,0.2576959,-0.21541704,-0.115844935,0.29191732,-0.3892125,0.46458197,-0.19629031,0.2622143,0.494878,-0.27177078,-0.06700928,-0.044651248,-0.16423139,-0.1543313,-0.1941664,0.3056739,-0.049563915,0.39456996,0.37552714,-0.20887546,0.78794485,0.8212532,0.85723716,0.77154905,0.74227166,0.6852689,0.8519591,0.8171384,0.60394645,0.78404397,0.8633175,0.90026027,0.8595055,0.8561174,0.8162396,0.7573721,0.87955594,0.6965378,0.7201994,0.8273953
2.0,0.22740531,-0.1765332,-0.101820625,0.28851563,-0.36938155,0.467733,-0.22699529,0.24701354,0.38643953,-0.24224019,-0.069907874,0.024202257,-0.12159484,-0.14090905,-0.18433355,0.272842,-0.040925443,0.353981,0.3330651,-0.19043246,0.8416221,0.86779946,0.8836167,0.80491555,0.753371,0.7383911,0.89043194,0.8898489,0.65323675,0.8401883,0.928279,0.9409235,0.8963185,0.9448727,0.88753754,0.7765239,0.932404,0.72407603,0.75622064,0.8629627
2.0,0.23327632,-0.1889933,-0.10920003,0.2764002,-0.36561847,0.4501327,-0.19804814,0.24894637,0.43352357,-0.25176516,-0.060161024,-0.011714295,-0.14128828,-0.14924116,-0.18680458,0.2786761,-0.04443726,0.3646495,0.3465461,-0.19004294,0.81885254,0.8433596,0.86789376,0.7968307,0.7560927,0.7148374,0.86700153,0.85202116,0.6380884,0.81678325,0.88811165,0.91601,0.8809061,0.89084196,0.84920436,0.7745147,0.9052397,0.7186712,0.74282664,0.8497311
2.0,0.22692266,-0.17666459,-0.100308634,0.29156741,-0.37307584,0.4725864,-0.23265037,0.2471183,0.3803372,-0.24168496,-0.073512256,0.028389819,-0.120414816,-0.13916984,-0.18485776,0.27309448,-0.04093785,0.35388255,0.3334822,-0.19238698,0.8441824,0.8712587,0.88637894,0.8052149,0.75165653,0.740399,0.8941406,0.89398766,0.6537084,0.8418637,0.9341811,0.944475,0.8972427,0.9520788,0.89272153,0.77622503,0.93625456,0.7228073,0.7571813,0.863525
1.0,0.24307005,-0.19821352,-0.1138642,0.28115824,-0.37184352,0.4514716,-0.19431344,0.25427577,0.4617973,-0.25984535,-0.060659125,-0.026902191,-0.14969999,-0.1519466,-0.18811384,0.28932387,-0.04616832,0.37684557,0.3564278,-0.19708903,0.8050734,0.83343816,0.8620228,0.7860523,0.75205404,0.70209646,0.85825574,0.835318,0.6238826,0.8037407,0.8754215,0.908401,0.8720876,0.87445766,0.8331549,0.7675791,0.89360267,0.71085894,0.7338253,0.8403971
1.0,0.2558277,-0.21582763,-0.117203504,0.28578836,-0.38513166,0.45571607,-0.18753213,0.26063997,0.5014665,-0.27154607,-0.06403522,-0.052326374,-0.16713932,-0.15546739,-0.19373661,0.30370605,-0.049777225,0.39463556,0.3756414,-0.2072694,0.78481865,0.8172181,0.85428643,0.77218515,0.74470353,0.68165594,0.84637547,0.80908453,0.6034308,0.7818876,0.8542684,0.8948111,0.8573486,0.8447851,0.80888885,0.7586851,0.87561,0.69731826,0.71953386,0.82555676
1.0,0.2329752,-0.1862404,-0.11347927,0.27101353,-0.35707682,0.43809944,-0.18824321,0.2484569,0.44335806,-0.2518327,-0.053832047,-0.018600821,-0.14042455,-0.15134856,-0.18358257,0.27761722,-0.04359941,0.3647831,0.34295273,-0.18761703,0.8151237,0.8396344,0.8635242,0.79601914,0.76008844,0.71218467,0.8600898,0.84450495,0.6376224,0.8164905,0.87940544,0.91139334,0.8800972,0.8820219,0.84110117,0.7747366,0.90067387,0.72188735,0.7428006,0.84869593
1.0,0.20715815,-0.15804131,-0.10187605,0.26332814,-0.34186482,0.43726563,-0.20753458,0.23449916,0.3603039,-0.22894816,-0.056075253,0.02884227,-0.110775985,-0.14142218,-0.17726274,0.25002128,-0.037832275,0.33296573,0.31275877,-0.17197913,0.85604125,0.87356997,0.8834531,0.8235614,0.7695506,0.751706,0.88884497,0.89805853,0.6781156,0.8582792,0.92423433,0.9394477,0.90706795,0.9428788,0.89361006,0.79197055,0.93951225,0.74388254,0.7706876,0.8752572
2.0,0.22183584,-0.17411691,-0.1059077,0.27400574,-0.35703802,0.447927,-0.20784113,0.24302894,0.39644635,-0.24120067,-0.060601138,0.011073381,-0.12526712,-0.14429499,-0.18179482,0.26643085,-0.041305378,0.35073268,0.33036065,-0.18387794,0.837438,0.8600462,0.876814,0.80821407,0.7610603,0.7335471,0.8792046,0.8764428,0.65599126,0.837436,0.9097495,0.93028325,0.8937081,0.92157674,0.87336427,0.78178525,0.9240817,0.72919613,0.75628805,0.86195046
1.0,0.21161559,-0.16255488,-0.099018686,0.27572554,-0.35593277,0.4543393,-0.22457722,0.23762363,0.35449144,-0.23137492,-0.06690262,0.036928922,-0.11071906,-0.13806501,-0.17981845,0.25646695,-0.038903445,0.33806735,0.3186208,-0.18047991,0.8576183,0.87967396,0.8892668,0.8191321,0.76194435,0.7527473,0.8966411,0.90479314,0.6728117,0.8572592,0.9379362,0.94709796,0.9065116,0.95867485,0.9029742,0.78718317,0.945694,0.73633397,0.7692689,0.87340075
2.0,0.22465216,-0.17439541,-0.10089218,0.28788328,-0.36891592,0.46762374,-0.22912714,0.2455324,0.37893978,-0.24035639,-0.07110491,0.027868327,-0.11942499,-0.13965204,-0.18368381,0.27036187,-0.040653348,0.35156965,0.3310158,-0.18992922,0.8451288,0.8711674,0.8856568,0.8071406,0.75398934,0.7413874,0.89280295,0.89371544,0.6563547,0.84350145,0.9322142,0.943445,0.89816785,0.95005023,0.8920346,0.77810943,0.936183,0.7253187,0.75867265,0.8647345
1.0,0.22624192,-0.18117586,-0.11061646,0.2660749,-0.35279024,0.43532223,-0.18807197,0.24462557,0.42740837,-0.24694437,-0.053059936,-0.011689022,-0.13671294,-0.15006538,-0.18313152,0.27029988,-0.042884544,0.35723764,0.33764148,-0.18290313,0.8227754,0.8444992,0.8664179,0.80307144,0.7630975,0.7188136,0.8640364,0.85220695,0.64632,0.823518,0.8844626,0.91423833,0.884598,0.88812673,0.8487236,0.77960575,0.9065865,0.72665954,0.7479983,0.85372406
2.0,0.2543771,-0.21270241,-0.119153276,0.27905598,-0.3755436,0.4447655,-0.17723015,0.25931618,0.5066533,-0.2700797,-0.05684027,-0.05672338,-0.16630405,-0.15808706,-0.19185604,0.30084217,-0.048507303,0.39211372,0.37148905,-0.20198002,0.7836804,0.8141512,0.8506966,0.7739686,0.7489732,0.68085444,0.8415067,0.80482405,0.6056643,0.7829906,0.84719586,0.8907469,0.85856026,0.8374418,0.80342084,0.7601108,0.8719991,0.70171577,0.72068,0.82646334
