label,mu_1,mu_2,mu_3,mu_4,mu_5,mu_6,mu_7,mu_8,mu_9,mu_10,mu_11,mu_12,mu_13,mu_14,mu_15,mu_16,mu_17,mu_18,mu_19,mu_20,var_1,var_2,var_3,var_4,var_5,var_6,var_7,var_8,var_9,var_10,var_11,var_12,var_13,var_14,var_15,var_16,var_17,var_18,var_19,var_20
2.0,-0.26547617,0.22119586,-0.13394102,-0.17558753,0.19494683,0.0020770004,0.042714957,-0.18012692,0.22681727,-0.29483953,-0.15089287,-0.0131720975,-0.23832512,0.29626274,-0.11626624,0.12844084,-0.01143964,-0.18658963,0.20972411,0.10244949,0.8337129,0.835718,0.9314692,0.87225795,0.9066218,0.9767948,0.99631065,0.8552248,0.85872835,0.8197671,0.9391919,0.9824189,0.88379127,0.8254431,0.9529307,0.92820793,1.0063852,0.8581951,0.8785023,0.9212421
4.0,-0.49535817,0.4149841,-0.2003755,-0.338531,0.33982158,0.013125681,0.09278713,-0.32400137,0.4369051,-0.54409164,-0.24566215,-0.0061259195,-0.39076433,0.52591324,-0.21449141,0.22362849,0.032336432,-0.35473937,0.39216083,0.23257628,0.8297886,0.8212343,0.94509083,0.8525987,0.8791259,0.9666334,0.9839597,0.8383794,0.8694591,0.82248306,0.9299864,0.9889464,0.87090117,0.82008624,0.9529193,0.938413,0.99633044,0.86199415,0.8667938,0.9310874
3.0,0.6584462,-0.529814,0.24882859,0.45486414,-0.3879686,-0.055080287,-0.09044504,0.40841657,-0.5251171,0.7272025,0.31034178,0.028234124,0.5312355,-0.67977905,0.25891775,-0.30434576,-0.07131173,0.4935604,-0.48419744,-0.28785563,0.79398674,0.7606727,0.93510157,0.8239733,0.93172437,0.9449146,0.89919096,0.82447803,0.7939862,0.71913654,0.9050949,0.89444643,0.8084421,0.7429704,0.8887683,0.8348773,0.9024918,0.8479077,0.83843744,0.85937816
3.0,0.6312302,-0.5137421,0.24186909,0.44028798,-0.3778161,-0.050004356,-0.08527349,0.39899057,-0.5095534,0.70190585,0.30270755,0.024368636,0.5146119,-0.6539714,0.24606664,-0.29545513,-0.06552075,0.47389325,-0.4708794,-0.27750954,0.7933863,0.76269364,0.93431383,0.82597476,0.9313376,0.9421132,0.8990968,0.8313709,0.79778564,0.72237164,0.90357786,0.89641464,0.8119187,0.7453917,0.8916418,0.83725417,0.90495765,0.8469985,0.83985823,0.86578906
5.0,0.3305202,-0.2929289,0.12796232,0.24538982,-0.21686256,-0.01712157,-0.038468204,0.24061377,-0.28745854,0.3863427,0.17635457,-0.0056981146,0.28681672,-0.3443683,0.11468454,-0.168308,-0.03236722,0.2543034,-0.27765626,-0.15232581,0.8019701,0.7899026,0.93007356,0.842462,0.92504454,0.9404732,0.91898465,0.87017155,0.83521193,0.76277494,0.9052751,0.9318307,0.84479564,0.7732972,0.91814536,0.87286,0.9410796,0.8474001,0.85114,0.9041195
1.0,-0.34472477,0.28906295,-0.16336259,-0.23020697,0.2504713,0.0045315214,0.056241203,-0.23694235,0.2997768,-0.38350192,-0.19061168,-0.009070307,-0.30163762,0.379598,-0.14999825,0.16635993,-0.0025256872,-0.24472938,0.2750382,0.14401728,0.8342657,0.83495736,0.9364049,0.8695666,0.9000756,0.9770089,1.0001771,0.84842634,0.8598306,0.8217193,0.9408818,0.9855558,0.8815832,0.82756585,0.9546011,0.9333949,1.0093652,0.86067545,0.878239,0.9244414
8.0,-0.62093544,0.52140945,-0.22172084,-0.4401192,0.4076171,0.0242861,0.13277669,-0.3879753,0.54921985,-0.68007094,-0.28513414,-0.007899314,-0.43897042,0.6384479,-0.274516,0.25678673,0.081866756,-0.45241582,0.49255943,0.31697595,0.8178235,0.7960235,0.9481891,0.82205576,0.8544623,0.93864566,0.94573843,0.8286866,0.88521063,0.81608266,0.9092531,0.98053825,0.85206664,0.80329067,0.9545481,0.9379909,0.9708283,0.86090124,0.8431102,0.9365191
10.0,-0.035009414,0.021590607,-0.039253213,-0.01579789,0.03128409,-0.0036099576,0.00841989,-0.014456768,0.02202816,-0.033324067,-0.027488062,-0.019430961,-0.037876252,0.04973614,-0.025380641,0.013900103,-0.024457376,-0.017327484,0.016909637,-0.0020212978,0.8245875,0.8254835,0.9259752,0.86680716,0.9183069,0.96651113,0.9704969,0.86854166,0.8552561,0.80517983,0.92798615,0.968511,0.8761068,0.8109361,0.9437068,0.91094196,0.9870465,0.8530863,0.871113,0.9146701
4.0,-0.4206622,0.35317588,-0.18260291,-0.28480777,0.29378673,0.00844618,0.07509603,-0.27805576,0.3679539,-0.46470323,-0.21876813,-0.008406036,-0.34756342,0.45406902,-0.18055919,0.1951552,0.013384681,-0.2994659,0.33325344,0.18784243,0.8341825,0.830153,0.94012815,0.86226124,0.8903859,0.97181886,0.99244356,0.8443959,0.8668615,0.8246939,0.9355943,0.9877777,0.87808925,0.8258755,0.9536538,0.9364198,1.0035455,0.8625324,0.8737048,0.92701846
5.0,0.59789854,-0.493196,0.23282263,0.4212153,-0.36485294,-0.044521987,-0.07839832,0.3864233,-0.4895996,0.669809,0.29353347,0.019439943,0.49396548,-0.62176824,0.23051314,-0.28438583,-0.058709834,0.44953257,-0.4535577,-0.26363462,0.7934341,0.7657318,0.93337935,0.8289944,0.93135095,0.93888366,0.89969474,0.83964884,0.80341184,0.7275375,0.9017492,0.89912707,0.81604415,0.7492436,0.8952858,0.8413075,0.9068373,0.84646606,0.8420334,0.87347037
10.0,-0.41857594,0.3510321,-0.1827647,-0.28211737,0.29535142,0.008142939,0.07313205,-0.28042412,0.36713552,-0.4622183,-0.21864393,-0.007068485,-0.34865656,0.45251146,-0.18066786,0.19599885,0.012258705,-0.2979706,0.33274204,0.18584469,0.8332829,0.8300973,0.94062346,0.86306715,0.8907494,0.9738088,0.99493563,0.843758,0.8638686,0.82301664,0.9368949,0.9882626,0.8779189,0.82508284,0.9536632,0.9362149,1.0048072,0.8615468,0.8741229,0.92772835
2.0,0.29492864,-0.26284435,0.105521806,0.21549436,-0.19047546,-0.015765553,-0.036619127,0.20951258,-0.25896055,0.3399064,0.15126097,-0.009556454,0.2502336,-0.30440015,0.098835975,-0.14964284,-0.033517666,0.22573324,-0.24766964,-0.13928726,0.80341476,0.7932851,0.93076086,0.84577525,0.92678624,0.9434062,0.927786,0.8701335,0.8402657,0.7685575,0.9096789,0.9363737,0.84707433,0.7805817,0.92348623,0.8800024,0.94888717,0.8498889,0.8526878,0.9036794
9.0,-0.61587554,0.51689374,-0.2212947,-0.43558267,0.4048644,0.02376051,0.13062191,-0.38566327,0.5445293,-0.67436606,-0.2838676,-0.007763408,-0.43788618,0.63420445,-0.2719701,0.25601855,0.079042464,-0.44824547,0.48806924,0.31345633,0.8185593,0.7974143,0.9484707,0.8238496,0.8556118,0.94051015,0.9481786,0.82907015,0.8841827,0.8163779,0.9105219,0.9811058,0.8529312,0.8043956,0.9543877,0.93810636,0.9724136,0.8611701,0.84475935,0.9361227
5.0,0.40724748,-0.35487938,0.1643267,0.30036083,-0.26692674,-0.021971595,-0.04702995,0.29184493,-0.34969878,0.4735231,0.21772026,2.6233494e-05,0.35476264,-0.42704177,0.14747597,-0.20559657,-0.03523458,0.31111443,-0.334734,-0.18338811,0.79849535,0.78307426,0.9303945,0.8390488,0.92642397,0.936145,0.90909845,0.86681217,0.8279574,0.75323623,0.90062237,0.92162985,0.8380837,0.7656607,0.9113261,0.863156,0.9282054,0.84601635,0.84925675,0.9001738
5.0,-0.32623205,0.2733558,-0.15245047,-0.21857306,0.2321186,0.004464254,0.0563318,-0.21598065,0.28168464,-0.36125645,-0.17658062,-0.012432653,-0.28065667,0.35809988,-0.13978773,0.15383945,-0.0021894686,-0.2304781,0.25753176,0.13469572,0.8351834,0.83491725,0.93378973,0.86948234,0.90099305,0.9748937,0.9944648,0.8523052,0.8636394,0.82386863,0.9374303,0.98524886,0.8835031,0.8265804,0.95278883,0.9317466,1.005094,0.8600722,0.8772472,0.92345446
10.0,-0.50577,0.4239433,-0.19940615,-0.3478253,0.3420412,0.014342628,0.098631114,-0.3238855,0.4453926,-0.55448794,-0.24569708,-0.007911492,-0.3913474,0.5341233,-0.21740767,0.22414847,0.037474718,-0.3621902,0.39916524,0.23876008,0.82968134,0.8192818,0.9442666,0.84977525,0.87678623,0.962976,0.9781544,0.83907765,0.8738708,0.82416475,0.92604965,0.9889664,0.87100106,0.8186287,0.9521292,0.93830425,0.99220896,0.86182225,0.86392987,0.9308267
7.0,-0.52777284,0.4419667,-0.20688379,-0.36339414,0.3578244,0.015629655,0.10194805,-0.3416351,0.4661414,-0.5787574,-0.2564116,-0.0062045567,-0.40597227,0.55596673,-0.2293983,0.23393184,0.042672325,-0.37926787,0.41728407,0.2533695,0.82749397,0.816149,0.94668525,0.8467281,0.8735287,0.9619087,0.97707605,0.8360219,0.8724728,0.82159764,0.9259822,0.98824364,0.8668884,0.8170149,0.95283,0.9389748,0.9913678,0.86198974,0.8624562,0.9324626
11.0,-0.41020298,0.34423918,-0.17818165,-0.2772579,0.2868951,0.008053215,0.07346727,-0.27056888,0.3587579,-0.4527096,-0.21279784,-0.008980736,-0.33953047,0.4430869,-0.1756483,0.19028138,0.012062456,-0.2916335,0.3248559,0.1812073,0.8340522,0.83053744,0.9391174,0.8631932,0.8914947,0.97244805,0.9923487,0.8456313,0.8664277,0.8247808,0.9353342,0.9881026,0.8793209,0.8253105,0.95302016,0.9357342,1.0032301,0.8615752,0.87375206,0.9269934
7.0,-0.49094218,0.41168794,-0.19967276,-0.3362188,0.33539337,0.01273055,0.09251185,-0.31928107,0.43217564,-0.54001135,-0.24466404,-0.007299166,-0.3872094,0.5216475,-0.21178168,0.22107889,0.031210449,-0.35144123,0.38791227,0.2307246,0.8309074,0.8223607,0.94433343,0.8528016,0.8799475,0.9654219,0.98315704,0.8391377,0.8715324,0.82411367,0.9298932,0.9883555,0.87143815,0.82167196,0.9532507,0.9386833,0.99657565,0.86304647,0.867193,0.93030626
5.0,0.037127625,-0.04005384,-0.020768143,0.032658994,-0.004020093,-0.0066357083,-0.010514528,0.015057119,-0.039116442,0.03994438,-0.0042896196,-0.016277991,0.007757373,-0.022142965,-0.0036219694,-0.013042627,-0.034597553,0.03191521,-0.035056066,-0.03786724,0.81693745,0.81955445,0.9280611,0.8640186,0.9231614,0.96632797,0.97352254,0.86414033,0.84507614,0.79370934,0.9314755,0.9625474,0.8686215,0.807241,0.9449283,0.90691936,0.99139845,0.8518885,0.86792606,0.9102436
2.0,0.68060935,-0.5442102,0.25406003,0.4669136,-0.3950157,-0.05900075,-0.096439965,0.41655254,-0.53926253,0.74714243,0.3158118,0.031816185,0.5417692,-0.70180386,0.26790547,-0.31169957,-0.07513593,0.50911754,-0.4952119,-0.29930604,0.79328954,0.7573987,0.935865,0.82058406,0.93063515,0.9476332,0.8991827,0.8191988,0.7895767,0.7141836,0.9077349,0.8929341,0.80550236,0.73961836,0.8863418,0.83125246,0.9036497,0.8473352,0.8355849,0.85321546
3.0,0.44253993,-0.38276237,0.17882162,0.32396728,-0.2877943,-0.025380125,-0.05166655,0.3119686,-0.3783012,0.5112897,0.23458996,0.002677232,0.38322133,-0.46427384,0.16216451,-0.22182487,-0.038011145,0.33677268,-0.35913253,-0.19775245,0.79705733,0.77996075,0.93063086,0.837783,0.92779976,0.9347421,0.90664625,0.86404824,0.82462573,0.74931455,0.89973,0.91672814,0.8340329,0.76339257,0.90901726,0.859669,0.92269593,0.84602827,0.8481323,0.8972583
3.0,-0.5894345,0.49380043,-0.218144,-0.41256684,0.39208293,0.021117358,0.12041852,-0.37506068,0.5216517,-0.645349,-0.2765208,-0.006560754,-0.43104962,0.6117835,-0.25949863,0.25133362,0.066223696,-0.42732954,0.46634763,0.2949773,0.8212928,0.80384153,0.94893014,0.8324532,0.86165076,0.94948554,0.959781,0.83088005,0.87862575,0.8177346,0.9167812,0.9843208,0.8572048,0.8088681,0.95350695,0.93882823,0.9796142,0.86138123,0.851742,0.9355105
7.0,-0.47169042,0.39537084,-0.19528243,-0.32100725,0.3260262,0.011436564,0.086642474,-0.31040522,0.41535318,-0.5189657,-0.23765045,-0.0064926706,-0.37835664,0.50356615,-0.20371337,0.21533516,0.025595028,-0.33707446,0.37371355,0.21796408,0.83128905,0.8245062,0.9436664,0.8562066,0.88296723,0.96905094,0.987753,0.8401696,0.8679938,0.8231817,0.932357,0.98894495,0.8734391,0.82215714,0.9531324,0.9379355,0.9993367,0.8621033,0.8694142,0.9299833
1.0,0.47632462,-0.40889448,0.18952838,0.34481648,-0.30397895,-0.028942345,-0.05893641,0.3273693,-0.4047132,0.544966,0.24680136,0.00584238,0.40524018,-0.49883,0.17499705,-0.23586832,-0.041810166,0.36063755,-0.38051847,-0.21407104,0.7950638,0.7756877,0.93167365,0.83521867,0.92868185,0.9353017,0.90592015,0.85980743,0.82026035,0.74369293,0.9009351,0.9129341,0.82968974,0.76039684,0.9068459,0.8557978,0.9215672,0.8459935,0.84584504,0.8921715
9.0,-0.24451587,0.2033163,-0.12859687,-0.16095763,0.1834445,0.001243249,0.037448637,-0.16983357,0.20828874,-0.27278802,-0.14343114,-0.013043646,-0.22493643,0.2754535,-0.108918816,0.12043715,-0.014937837,-0.17193498,0.19382517,0.091413856,0.83267075,0.8357536,0.9311404,0.87305206,0.90870273,0.9774262,0.9977087,0.8554669,0.8564618,0.8177828,0.9403553,0.9811823,0.88332623,0.82527936,0.95340544,0.927264,1.0076487,0.8576887,0.8789199,0.92044187
6.0,-0.6228114,0.523036,-0.22199202,-0.4416837,0.40905383,0.024463272,0.13336943,-0.3894787,0.55121404,-0.6822204,-0.28572333,-0.0077595264,-0.43962055,0.6401209,-0.27570224,0.2572668,0.082914054,-0.45407963,0.49437338,0.31832317,0.81738484,0.79546446,0.94810987,0.82150674,0.85411245,0.93821985,0.9450973,0.82844746,0.8851419,0.8157997,0.9090298,0.98041666,0.8515933,0.80277485,0.95457906,0.9379714,0.97031707,0.8606529,0.84257144,0.9369573
8.0,0.47813514,-0.41002256,0.19020504,0.34662607,-0.30413666,-0.02899306,-0.059882224,0.32811058,-0.4054016,0.54731387,0.24673226,0.0067049637,0.4059608,-0.50055295,0.17575546,-0.2359099,-0.042419884,0.36216202,-0.38163245,-0.21554917,0.7946083,0.7751834,0.9317383,0.83441216,0.92816865,0.9358169,0.90562654,0.8588446,0.8187241,0.7423923,0.901204,0.9129012,0.82954866,0.75920063,0.90629065,0.8547046,0.9224991,0.8455015,0.84530133,0.89158416
12.0,0.5753537,-0.47831994,0.22677511,0.40750736,-0.3568248,-0.041141994,-0.072699785,0.37810323,-0.4753725,0.6478177,0.28801078,0.015636325,0.4812264,-0.59976095,0.22096273,-0.27727133,-0.054127302,0.43305075,-0.44124338,-0.25266504,0.7944919,0.7686196,0.93274385,0.83203506,0.9318919,0.9366678,0.9000111,0.84537184,0.808493,0.7323628,0.8999598,0.9010444,0.8190558,0.7527901,0.89774674,0.8449258,0.9062944,0.8468197,0.8445367,0.8787137
4.0,-0.46304125,0.3883802,-0.19345215,-0.3150712,0.31990328,0.010886911,0.084743366,-0.3041126,0.4068076,-0.5099307,-0.23483424,-0.0070503615,-0.37316823,0.49528977,-0.19948173,0.21178032,0.023239542,-0.33059227,0.36656797,0.21308419,0.83230245,0.8257976,0.9430361,0.85721034,0.8842759,0.96914506,0.98838407,0.8409945,0.8685113,0.8238557,0.9328724,0.9884738,0.87432176,0.8233553,0.9534089,0.93772954,1.000176,0.86271137,0.8703753,0.9290308
11.0,-0.5804477,0.4861817,-0.21668804,-0.40529293,0.38697752,0.020192059,0.117680855,-0.37012646,0.5135865,-0.6356566,-0.27373096,-0.0065949857,-0.42767876,0.6037765,-0.25491303,0.24895847,0.062399913,-0.4201766,0.4589553,0.2888521,0.8224034,0.80593896,0.94864947,0.8348044,0.86352175,0.9514912,0.9626037,0.8317129,0.8778931,0.81867975,0.91826427,0.98511446,0.8587651,0.8104317,0.9533462,0.9390478,0.981557,0.8616065,0.85352594,0.9350211
10.0,-0.4080969,0.34267554,-0.17507505,-0.2767794,0.28221738,0.00832694,0.07527198,-0.2644224,0.35621256,-0.44972906,-0.20909873,-0.010674939,-0.33409888,0.43975115,-0.17330843,0.18699297,0.01333737,-0.28981775,0.32187912,0.1802777,0.83464336,0.83044153,0.93799424,0.86268115,0.891336,0.9708013,0.98918104,0.84711754,0.8692222,0.82647026,0.93333167,0.9881651,0.8803228,0.82511085,0.9522485,0.93543565,1.0010333,0.86155504,0.87295973,0.9266483
9.0,0.44303474,-0.38325608,0.17660373,0.32338455,-0.28505316,-0.025553046,-0.054087184,0.3092405,-0.3783633,0.5102,0.23170632,0.0032997131,0.3794729,-0.46403477,0.1609803,-0.22073966,-0.039046366,0.3366941,-0.3584134,-0.20006979,0.79617524,0.7787373,0.93123806,0.83638287,0.9274009,0.93598205,0.90791625,0.86279047,0.82326823,0.74755037,0.90140235,0.9172519,0.83337057,0.7625283,0.9092204,0.8591156,0.9262129,0.84588456,0.8467496,0.8956682
7.0,-0.5105568,0.42780083,-0.20414454,-0.35036603,0.3476727,0.014193201,0.09691797,-0.33175722,0.45014375,-0.56066996,-0.25158983,-0.0064342134,-0.39816153,0.5402681,-0.22125036,0.22849216,0.036723416,-0.3661473,0.4035439,0.24283034,0.8292561,0.8193031,0.94591665,0.8498225,0.87660855,0.96398216,0.9806698,0.8372807,0.8716055,0.8225212,0.928269,0.9882062,0.8689516,0.81947714,0.9531702,0.93882364,0.994384,0.8627133,0.8651548,0.9313261
5.0,-0.6247023,0.5249686,-0.22186273,-0.44400582,0.407817,0.024624731,0.13501218,-0.38696966,0.5514978,-0.6842313,-0.28594568,-0.008816339,-0.43881032,0.6411635,-0.27542594,0.25654256,0.083857,-0.45497048,0.49519914,0.31975108,0.8180714,0.7952436,0.94785166,0.82015616,0.8532644,0.93601584,0.9427973,0.82878685,0.8878915,0.816582,0.90739554,0.97954446,0.8518413,0.80308366,0.9549438,0.93778855,0.96943295,0.861485,0.8416807,0.93559676
6.0,0.39324415,-0.34394488,0.15385166,0.2888769,-0.25314942,-0.021570878,-0.048781842,0.2772218,-0.33818442,0.4548791,0.20559148,-0.0002939999,0.3361368,-0.41057125,0.13923669,-0.19657506,-0.036591575,0.30001134,-0.32267475,-0.18038133,0.79777694,0.7828608,0.9311642,0.8381433,0.92614853,0.93846893,0.9136442,0.86558264,0.8276144,0.7530876,0.9039875,0.924172,0.8381136,0.7666672,0.91340184,0.8649693,0.9352035,0.84624815,0.84771496,0.89900976
11.0,-0.3075437,0.257759,-0.15402389,-0.2046681,0.22803861,0.0029787691,0.047615793,-0.21587831,0.2656721,-0.34436414,-0.17712726,-0.00979178,-0.2775692,0.3428294,-0.13558967,0.15137088,-0.009407494,-0.21840523,0.24617647,0.124171,0.8342133,0.8364878,0.9348215,0.8719517,0.9043334,0.9779132,1.0024276,0.8500509,0.8576436,0.82009333,0.94283336,0.98336565,0.88208383,0.8286267,0.95559496,0.93192047,1.011342,0.8605316,0.87989616,0.9224295
8.0,0.5848537,-0.48481473,0.22894979,0.41350698,-0.3594092,-0.042510334,-0.075845174,0.38116345,-0.4813643,0.6570217,0.28953168,0.017642051,0.4855446,-0.60902774,0.22451805,-0.2798238,-0.056301493,0.44001937,-0.44646895,-0.25817022,0.79354215,0.7669027,0.9330774,0.83000183,0.9312431,0.9378911,0.8999839,0.84256727,0.80554914,0.7294948,0.9012009,0.9003251,0.8176239,0.75065094,0.8966519,0.8428826,0.90778553,0.8463483,0.8427419,0.8761433
8.0,0.48629522,-0.4157855,0.19391212,0.3525312,-0.30896428,-0.029659102,-0.060916908,0.33316734,-0.41112238,0.5565963,0.25038412,0.0076966807,0.4129831,-0.5090995,0.17975979,-0.23938064,-0.04326796,0.36835915,-0.3871131,-0.21882951,0.7944251,0.77458054,0.9317292,0.83394015,0.9281173,0.93585885,0.90449506,0.85770714,0.81726694,0.7410663,0.900851,0.9118617,0.828909,0.7580019,0.90526503,0.8532331,0.9213315,0.8452835,0.8451867,0.8906968
10.0,-0.4631914,0.38804623,-0.19397539,-0.31405923,0.32292366,0.010712623,0.08353586,-0.30811438,0.40843064,-0.50990003,-0.2352683,-0.005761523,-0.3752459,0.49581942,-0.2006736,0.21334496,0.022869479,-0.3309042,0.36784965,0.21244216,0.83114016,0.82548326,0.9435108,0.85786253,0.8844562,0.9710525,0.9905183,0.84029824,0.8655792,0.82237,0.9340327,0.98926735,0.8739333,0.8223587,0.9532492,0.9377921,1.0010161,0.8615301,0.8705015,0.9302519
10.0,-0.4459421,0.3739455,-0.18930596,-0.30215245,0.31094283,0.009771209,0.080153316,-0.29555818,0.39189106,-0.4915032,-0.22850826,-0.006896522,-0.36408657,0.4789041,-0.1922904,0.20595452,0.018898595,-0.31802928,0.3537378,0.20229378,0.83253175,0.82750505,0.94210154,0.859709,0.8868688,0.9713755,0.99130964,0.8420478,0.86627394,0.82347506,0.93460166,0.98871356,0.8758396,0.82386684,0.95337087,0.93720734,1.002103,0.8619887,0.87185353,0.9288196
12.0,-0.41222787,0.34754446,-0.18309928,-0.2808881,0.28529716,0.008412498,0.07359955,-0.26939976,0.35740656,-0.45771685,-0.2186688,-0.009228725,-0.34264728,0.4473534,-0.17657438,0.19118522,0.010371279,-0.29351717,0.32583323,0.18571195,0.8374153,0.83247346,0.93973184,0.86263984,0.89194363,0.9693277,0.9921029,0.8447716,0.87043643,0.8261736,0.93618315,0.985085,0.8783535,0.8296805,0.9556496,0.9362975,1.0041941,0.8659899,0.8759189,0.9239546
7.0,-0.52891535,0.44276747,-0.20790562,-0.3637024,0.36022848,0.015632601,0.10132661,-0.34491333,0.46807635,-0.5802019,-0.2576412,-0.0054567493,-0.40794298,0.55758137,-0.23077102,0.23535512,0.042701457,-0.38042557,0.41873282,0.25414792,0.82679653,0.8159223,0.9471406,0.84692776,0.87358946,0.9627306,0.9781097,0.8353781,0.8709646,0.82076013,0.9268074,0.9884084,0.8663185,0.8167135,0.9528654,0.9391026,0.9918861,0.8615972,0.86266357,0.9332986
3.0,0.4084052,-0.3561123,0.15595573,0.29749176,-0.25743333,-0.023479871,-0.05394096,0.28057092,-0.35016793,0.46818426,0.20799941,0.0015158504,0.3420766,-0.42502508,0.1431843,-0.20134163,-0.039798662,0.31028545,-0.33136058,-0.18878394,0.7960671,0.78022784,0.93199587,0.8359336,0.926725,0.93933743,0.91523206,0.8624801,0.8244551,0.7495786,0.9062515,0.9226664,0.8351094,0.76524305,0.9134278,0.86346626,0.93759865,0.84639245,0.8453235,0.89578295
4.0,-0.353508,0.29627758,-0.16323593,-0.23648402,0.2535023,0.005172304,0.05962027,-0.23836124,0.30728328,-0.39156497,-0.191051,-0.009629399,-0.30438796,0.3870821,-0.15247461,0.16827606,0.00041999295,-0.25044075,0.28093493,0.14875266,0.83446264,0.8340467,0.93626463,0.8684555,0.89843994,0.9761384,0.99749756,0.84896094,0.8616142,0.8226454,0.93885195,0.9863367,0.8819419,0.82641727,0.95358676,0.9331686,1.0070204,0.8603194,0.8770901,0.9247627
7.0,-0.47515845,0.39832833,-0.1960316,-0.32374397,0.3277726,0.011688968,0.08773276,-0.3120627,0.4184804,-0.5227802,-0.23887946,-0.0066516474,-0.37994152,0.5068547,-0.2051651,0.21638387,0.026643705,-0.33968556,0.3762797,0.2202228,0.8311655,0.82411104,0.9437812,0.8556069,0.8824446,0.9684041,0.9869032,0.8399803,0.8686321,0.82337976,0.9319003,0.98888236,0.87312746,0.82204634,0.95310885,0.93808776,0.9988378,0.8622261,0.8689979,0.9301161
1.0,-0.36899325,0.30997232,-0.16110893,-0.25026888,0.25316262,0.006852309,0.06937681,-0.23415476,0.31961328,-0.40647098,-0.18976736,-0.013902351,-0.30311167,0.39918354,-0.1549531,0.16778731,0.007847693,-0.26095164,0.28909376,0.15904677,0.8363232,0.8329314,0.93445003,0.8654269,0.8956761,0.9704917,0.98736286,0.8517987,0.87091297,0.8281927,0.93264276,0.9870492,0.8833514,0.82606155,0.9514565,0.93358713,0.99985576,0.8612144,0.8742773,0.9247837
12.0,-0.37340736,0.3147917,-0.16157821,-0.255896,0.24960679,0.0074494216,0.07305212,-0.22897515,0.32043087,-0.41189834,-0.19049497,-0.016145874,-0.3016962,0.40280497,-0.15469785,0.16651088,0.009540807,-0.2639421,0.29049256,0.16376662,0.8390489,0.8334437,0.9337361,0.8639461,0.89488655,0.9665134,0.9829323,0.8531186,0.8772164,0.8313532,0.93030083,0.985645,0.8836986,0.8282302,0.9520556,0.9337723,0.99730754,0.8638346,0.8739926,0.9226999
11.0,-0.6256107,0.5256202,-0.22221163,-0.44442502,0.40949863,0.024703445,0.13481674,-0.38919452,0.5530293,-0.6852796,-0.28642806,-0.0082955845,-0.43975702,0.6422118,-0.2765603,0.25726604,0.084322736,-0.45604336,0.4964128,0.32039273,0.8174763,0.79486185,0.9479301,0.8202149,0.8532658,0.9365289,0.94318485,0.82844085,0.8867332,0.8159921,0.9078679,0.97972214,0.8513066,0.80255586,0.95485526,0.93781054,0.969382,0.8610039,0.8416317,0.93642336
12.0,0.33026263,-0.2928643,0.13076055,0.24634877,-0.21999663,-0.016725324,-0.036205098,0.2445979,-0.28758448,0.38818246,0.1798362,-0.006113682,0.29085824,-0.34522802,0.11592589,-0.16979663,-0.030790292,0.254713,-0.2789667,-0.15059188,0.8027337,0.79067725,0.92955273,0.8431891,0.9248582,0.9392921,0.91694194,0.8716487,0.8365027,0.7639654,0.90351635,0.93150645,0.8456325,0.77339,0.9174815,0.8727697,0.93799955,0.84726405,0.85204923,0.9054816
12.0,-0.57386494,0.48050222,-0.2160191,-0.3996139,0.38397202,0.01953528,0.115029916,-0.3676964,0.50786954,-0.6285088,-0.27209115,-0.0061954856,-0.42594528,0.59814256,-0.25200456,0.24774449,0.059392486,-0.4150627,0.45377457,0.28443697,0.82298857,0.8073973,0.94873077,0.83673,0.8649388,0.95354885,0.96536165,0.8320464,0.8763678,0.8187288,0.91985387,0.98565537,0.85961264,0.8113952,0.9532823,0.93910974,0.9833143,0.86164445,0.8551551,0.9349163
9.0,-0.29266417,0.2443313,-0.13966459,-0.19474334,0.20878008,0.0033341898,0.05030512,-0.19190158,0.2508334,-0.3229055,-0.15925059,-0.013693664,-0.25393865,0.32266694,-0.12547013,0.13796021,-0.0060129277,-0.20543312,0.22984348,0.11708534,0.8349849,0.8352604,0.93173105,0.87072474,0.9035463,0.97538596,0.99315387,0.8552494,0.8623549,0.82253224,0.93680984,0.98405087,0.8844248,0.8251473,0.95189667,0.9291992,1.0036968,0.8586728,0.87744963,0.92231464
10.0,-0.4747423,0.39804488,-0.19658554,-0.32358918,0.32721534,0.01153411,0.08746227,-0.31167912,0.41770935,-0.5225946,-0.23946972,-0.006747417,-0.37998956,0.5066011,-0.20497213,0.21625698,0.026165929,-0.33937317,0.37580374,0.22039479,0.8316064,0.8244776,0.9437858,0.8556576,0.88260686,0.96817416,0.98706156,0.83997154,0.86896366,0.8236034,0.9321815,0.9885428,0.8729371,0.8226837,0.953435,0.9382154,0.99914616,0.8627673,0.86931425,0.9297616
4.0,-0.45568755,0.38223374,-0.19125506,-0.309739,0.31573483,0.010461483,0.08325206,-0.29994515,0.400595,-0.5020594,-0.23170039,-0.007324904,-0.36858875,0.48810446,-0.19620341,0.2088965,0.021735635,-0.32525334,0.36091003,0.20841831,0.8323172,0.8264886,0.9423929,0.85817236,0.88542086,0.9697506,0.98904157,0.84163207,0.8680551,0.82411927,0.9332904,0.9887041,0.875164,0.82354116,0.9532117,0.937602,1.0006677,0.86229277,0.8707512,0.92912626
2.0,0.39239484,-0.343295,0.1526897,0.2880412,-0.25174692,-0.021685189,-0.04911092,0.27571708,-0.3375026,0.45342186,0.20427448,-0.0002487041,0.33429393,-0.40939224,0.13838659,-0.19580594,-0.03699828,0.2993275,-0.32172298,-0.18016246,0.7977193,0.7827624,0.9312016,0.8377738,0.9260852,0.9387196,0.91417116,0.8652392,0.82725847,0.75290376,0.90456057,0.92428887,0.8377933,0.7666159,0.91376525,0.86504734,0.93615526,0.8463636,0.84729916,0.8987105
5.0,-0.62483335,0.52503586,-0.22184598,-0.4440059,0.40869704,0.024627598,0.13497451,-0.38817245,0.55227524,-0.68449503,-0.28594267,-0.008498814,-0.43907446,0.64141953,-0.27590483,0.25679517,0.08411273,-0.45534664,0.49568856,0.31977227,0.8176787,0.79508483,0.94776237,0.8203066,0.85340357,0.9363807,0.94306886,0.8286567,0.8872474,0.8164178,0.90768015,0.97984666,0.8516582,0.80277056,0.9548095,0.9379119,0.9693732,0.8610762,0.841568,0.93622595
2.0,0.23106687,-0.20967077,0.085954644,0.17595884,-0.15576321,-0.011729626,-0.023079831,0.17970903,-0.20495258,0.27636975,0.12721704,-0.01203724,0.20519695,-0.23868881,0.07693004,-0.12148559,-0.027653608,0.18190347,-0.20289353,-0.10896403,0.8090294,0.80078256,0.9281057,0.84885114,0.9228036,0.94556725,0.92884725,0.874115,0.844369,0.7766554,0.9087801,0.9434587,0.85490096,0.7830429,0.92477477,0.88378334,0.95097166,0.84866905,0.85627526,0.9097117
7.0,-0.5970079,0.5003183,-0.219122,-0.4190141,0.39596477,0.021830488,0.12321073,-0.3784925,0.5283767,-0.6536249,-0.27865344,-0.0068141,-0.43325624,0.6182945,-0.26315814,0.2528634,0.06973846,-0.43333894,0.4725502,0.30021143,0.82046366,0.8020614,0.94885695,0.8302083,0.86001843,0.9472336,0.9567826,0.8303442,0.8799305,0.8173536,0.91519135,0.98358744,0.855954,0.80762184,0.95367783,0.9387064,0.97766215,0.86124235,0.8498809,0.9358322
5.0,0.5861431,-0.48474333,0.23045638,0.41381478,-0.36232436,-0.043065947,-0.0734871,0.38241416,-0.4817977,0.65858644,0.2922569,0.016708985,0.49012446,-0.60993683,0.226606,-0.2811833,-0.056455035,0.4411356,-0.4470955,-0.25518107,0.7951368,0.7687332,0.9327756,0.8323463,0.9329328,0.9368889,0.8999157,0.84307516,0.8076796,0.7324222,0.89960486,0.89980024,0.81767315,0.7527632,0.89689857,0.84478027,0.90319884,0.8475935,0.8449273,0.87736535
7.0,-0.45509616,0.3815411,-0.1918607,-0.30863112,0.31687343,0.010294845,0.082059994,-0.30165195,0.40037906,-0.5013574,-0.23221563,-0.0064603873,-0.3698901,0.48792872,-0.19656566,0.20973559,0.02096412,-0.32482874,0.36102748,0.2078203,0.8320306,0.8265407,0.94283926,0.8586381,0.88558316,0.970893,0.9906371,0.8411702,0.86639524,0.82311434,0.93418753,0.9888024,0.874898,0.8233398,0.9533805,0.93750066,1.0015105,0.8620312,0.87120634,0.92931044
12.0,-0.57144904,0.47852576,-0.21528831,-0.39777955,0.38254878,0.019393936,0.114587404,-0.36611345,0.50575185,-0.62589693,-0.27098218,-0.0062453374,-0.42472273,0.59590197,-0.25071347,0.24692266,0.05864158,-0.41318738,0.4518919,0.28261757,0.82318974,0.8078199,0.94856423,0.8372342,0.86538845,0.9539297,0.9658314,0.83230865,0.87633187,0.81899637,0.91999954,0.98591745,0.8601846,0.8116031,0.9531652,0.93911344,0.98360234,0.8615694,0.855397,0.93478435
4.0,-0.6057367,0.5079029,-0.22021985,-0.42652717,0.400392,0.02270735,0.12645471,-0.38233507,0.53605205,-0.6631998,-0.28113168,-0.007112708,-0.43567863,0.62576807,-0.26738584,0.25454518,0.07392995,-0.4402916,0.4797662,0.30630374,0.81947964,0.7999279,0.9487539,0.8274636,0.858069,0.9444573,0.95313704,0.82969904,0.88151115,0.81680876,0.9132579,0.9825934,0.8544895,0.806098,0.95393544,0.9384843,0.97535264,0.8611021,0.8476501,0.93616414
3.0,0.38899854,-0.34061608,0.1554248,0.28746438,-0.2544683,-0.02090717,-0.045285106,0.2793543,-0.33517444,0.45277828,0.20766565,-0.0011370033,0.33786538,-0.40731782,0.13906206,-0.19643183,-0.034761034,0.29767817,-0.3213303,-0.17615393,0.7990236,0.78441906,0.93032664,0.83931965,0.9259349,0.93711424,0.91168404,0.86744,0.8292425,0.7551689,0.90206796,0.9240576,0.8392979,0.76722926,0.9131567,0.865391,0.9318413,0.84624493,0.8490566,0.9010738
12.0,-0.62224877,0.52239126,-0.22233549,-0.44077912,0.40932587,0.024450285,0.1324318,-0.39022648,0.55076003,-0.6814522,-0.28595245,-0.007393956,-0.44025692,0.63988185,-0.27580315,0.25771618,0.082306,-0.45372072,0.4939525,0.3179971,0.81730413,0.7955813,0.94847345,0.82197195,0.8542929,0.93908304,0.94608986,0.82824945,0.8840207,0.81522685,0.9096984,0.98044664,0.8514165,0.8027754,0.95457023,0.9378491,0.9708456,0.8606104,0.84320694,0.93711686
8.0,0.6043431,-0.49836904,0.23362282,0.42502156,-0.36563087,-0.045437496,-0.08157655,0.38806382,-0.49446213,0.6752921,0.29394272,0.020956993,0.49491176,-0.6283169,0.23186241,-0.28607386,-0.05992062,0.453919,-0.45705137,-0.26883963,0.79219174,0.7637165,0.9337582,0.8267065,0.9304516,0.93993556,0.90004593,0.8378785,0.80101377,0.7246359,0.9034453,0.8987688,0.81481373,0.74734765,0.8947212,0.83946514,0.9095859,0.8457136,0.8398077,0.87119657
3.0,-0.5927069,0.49662456,-0.21851808,-0.41540793,0.39367455,0.02139873,0.1217304,-0.37640482,0.52456516,-0.6489467,-0.27739313,-0.006736569,-0.43188787,0.61455595,-0.2610237,0.25190994,0.067775264,-0.42991227,0.4690013,0.29724234,0.8209635,0.8030915,0.94883376,0.8314609,0.86094975,0.9484248,0.958386,0.830694,0.8793385,0.81769776,0.91603625,0.98402804,0.8566911,0.8083699,0.95357174,0.93881345,0.97871864,0.8613284,0.850876,0.9356429
10.0,0.48796362,-0.41669217,0.19874579,0.35322547,-0.3179815,-0.029829359,-0.054802045,0.33998746,-0.41423237,0.5599865,0.25870523,0.0046223328,0.42415592,-0.512426,0.18381657,-0.24451737,-0.04083069,0.36979502,-0.38969806,-0.21302253,0.79767215,0.7780551,0.93072194,0.83901024,0.9309404,0.932402,0.902335,0.8615298,0.8233045,0.74716467,0.89678377,0.9102023,0.82989526,0.76259077,0.9058286,0.85642457,0.91096175,0.8472876,0.84985244,0.8940838
4.0,-0.4352964,0.36504164,-0.18698499,-0.29431012,0.30499893,0.009089204,0.07728876,-0.28988752,0.3822559,-0.4801825,-0.2249118,-0.006904952,-0.3583651,0.46874255,-0.18779577,0.20222197,0.016136501,-0.31022736,0.34560853,0.19589981,0.8328939,0.828628,0.9415622,0.8611094,0.88844734,0.97241783,0.9929439,0.84267277,0.86525613,0.8233054,0.93565416,0.98853225,0.87662953,0.82447416,0.95354897,0.9368778,1.0033315,0.8618944,0.8728577,0.92838097
7.0,-0.5995531,0.5026117,-0.21926638,-0.42144674,0.39663,0.02205983,0.1245334,-0.37864763,0.5303225,-0.65643233,-0.27921167,-0.007217031,-0.43348706,0.6202997,-0.26404673,0.25298202,0.07103099,-0.43522322,0.4744448,0.30201018,0.820422,0.8015192,0.94867593,0.829217,0.8593699,0.94594413,0.9552291,0.8303334,0.881143,0.8175905,0.91426986,0.9831978,0.8557008,0.80737054,0.9537924,0.9386633,0.9768101,0.8614022,0.84905946,0.93561107
7.0,-0.45110595,0.3780773,-0.19128346,-0.30528966,0.31541154,0.009974115,0.08044205,-0.3005424,0.3969429,-0.49698552,-0.23111215,-0.0059915707,-0.36857155,0.4842746,-0.19516297,0.20887676,0.019600566,-0.32186246,0.35830668,0.20521608,0.8320132,0.8269499,0.9428687,0.859411,0.8861869,0.9719529,0.9920864,0.8411883,0.86509305,0.8224994,0.93499494,0.9888767,0.8750799,0.82335097,0.9534906,0.9373121,1.0023439,0.8617883,0.8717854,0.92927957
1.0,-0.3736489,0.3134424,-0.17047831,-0.25062594,0.26721486,0.0059323427,0.06333399,-0.25263664,0.32594144,-0.41414464,-0.20098808,-0.008714277,-0.31947818,0.40799895,-0.16138804,0.17751615,0.0033089183,-0.2653791,0.29728422,0.16016403,0.83429945,0.8333571,0.9377134,0.867177,0.8965037,0.97557837,0.9976338,0.84707123,0.86217445,0.8229602,0.93897426,0.9868194,0.88071096,0.8267805,0.9539988,0.93450284,1.0072764,0.8610936,0.8766579,0.92565346
4.0,-0.24563614,0.2043284,-0.12905729,-0.16190252,0.18393761,0.0012951936,0.037796967,-0.17036241,0.20920932,-0.27415773,-0.14401412,-0.013174925,-0.22563905,0.2766124,-0.10931814,0.12079953,-0.014793687,-0.17280793,0.19465353,0.09211228,0.8328236,0.83583,0.93112534,0.87303615,0.9086744,0.9772607,0.99759495,0.85547245,0.85679847,0.81806076,0.9403318,0.98117733,0.8833151,0.82550526,0.9534749,0.9274341,1.0076045,0.8578768,0.8789526,0.9204282
11.0,0.24772656,-0.22391301,0.09736217,0.18945897,-0.17077383,-0.011915272,-0.022509817,0.19640096,-0.21897928,0.29821065,0.14093387,-0.0115274,0.22508714,-0.25794518,0.08497604,-0.13175519,-0.025920112,0.19507892,-0.21795537,-0.11389599,0.80890596,0.7998552,0.92771536,0.84826815,0.92255867,0.9429695,0.92370874,0.87574923,0.8446346,0.7757798,0.9055578,0.941256,0.8544577,0.7809011,0.9224301,0.8815457,0.9452268,0.84813285,0.85632306,0.9107855
8.0,-0.59368473,0.49739468,-0.21856028,-0.41604215,0.39524445,0.021526879,0.12195508,-0.3783059,0.5262294,-0.6501065,-0.2775407,-0.0063297786,-0.43252617,0.6155737,-0.2620028,0.2524564,0.068437204,-0.4309978,0.47031122,0.29771334,0.82033646,0.8026617,0.94880766,0.83141035,0.8609142,0.9487178,0.95848083,0.83043456,0.8785767,0.81730866,0.91618437,0.98433894,0.8563997,0.8077625,0.9534155,0.93889534,0.9784565,0.860761,0.850537,0.9363938
6.0,-0.61452883,0.5157009,-0.22105038,-0.43438846,0.40452233,0.023626188,0.13015379,-0.38553622,0.5436707,-0.67294216,-0.28339356,-0.0075970963,-0.43757135,0.63311124,-0.2714647,0.2558419,0.07849103,-0.44728684,0.48711342,0.31243205,0.81854,0.7976938,0.94843423,0.82437575,0.85599846,0.94112,0.94886893,0.82914037,0.8836979,0.8164538,0.91091985,0.98145735,0.8531403,0.8045027,0.95425403,0.938224,0.9727335,0.8609898,0.8450376,0.9363479
3.0,0.54019904,-0.45488355,0.21425623,0.3861713,-0.3387272,-0.036161646,-0.06814905,0.36129504,-0.45149165,0.6121187,0.27395603,0.012139909,0.45455688,-0.56462,0.20406243,-0.26308566,-0.048937406,0.40733337,-0.4208523,-0.24004126,0.79395765,0.77056986,0.9323304,0.83272517,0.93037075,0.9357522,0.90157485,0.8513073,0.81231785,0.7355964,0.90018576,0.9050786,0.8230003,0.75490797,0.90095323,0.84811825,0.91251147,0.8459768,0.8446052,0.88398397
6.0,-0.4661206,0.39015615,-0.20422179,-0.31139082,0.33654058,0.009999925,0.07420628,-0.3282885,0.41365623,-0.5141904,-0.2461938,0.0017929114,-0.39191607,0.503927,-0.2078453,0.22390582,0.017578226,-0.33389658,0.37481543,0.2154972,0.8298729,0.8264808,0.948372,0.8606968,0.88503975,0.9786027,1.0031164,0.8351789,0.85343647,0.81383556,0.94210255,0.98824686,0.87015533,0.8225248,0.9559305,0.9376206,1.0079591,0.86163855,0.87558836,0.93180126
1.0,-0.5543989,0.46423638,-0.21257973,-0.3840698,0.3728634,0.017889516,0.10912368,-0.35668954,0.49000615,-0.6074628,-0.265872,-0.0061181784,-0.41822845,0.5806524,-0.2422994,0.24233973,0.051738735,-0.39975965,0.43812227,0.27125582,0.8251753,0.8114131,0.9481995,0.8412268,0.86865073,0.9574025,0.9708578,0.83364874,0.8746735,0.8199412,0.92268527,0.986738,0.86286074,0.8141566,0.9531335,0.9390573,0.98717904,0.8620983,0.8587349,0.9335983
5.0,-0.4169051,0.3495286,-0.17393637,-0.2829973,0.28456542,0.009065067,0.079272255,-0.26492786,0.3637575,-0.45691434,-0.20830114,-0.011460751,-0.33530763,0.44650587,-0.1756658,0.1879732,0.016912606,-0.29525155,0.32775354,0.18522432,0.8348617,0.829298,0.9371456,0.861335,0.88927805,0.96975386,0.9858107,0.84811264,0.87069595,0.8272824,0.9307183,0.9890743,0.88050175,0.82303864,0.95113105,0.9350407,0.9976294,0.8605852,0.8712329,0.9273045
9.0,0.2617041,-0.23524734,0.09650176,0.19642714,-0.1721707,-0.01344825,-0.029758673,0.19490561,-0.2301629,0.3084773,0.1393556,-0.010052063,0.2272011,-0.27031493,0.087527625,-0.1346004,-0.030316688,0.2035288,-0.22489657,-0.12385162,0.8060453,0.7969785,0.9292444,0.84673107,0.9238934,0.94492954,0.9276544,0.87199074,0.8408103,0.7716446,0.9089532,0.9403172,0.8514007,0.7802925,0.92338127,0.8808509,0.95048827,0.84838223,0.85431665,0.90722626
10.0,-0.47740418,0.39990193,-0.19637474,-0.3247347,0.3308969,0.011825349,0.08779462,-0.31560358,0.42162007,-0.52493477,-0.23935516,-0.0058345534,-0.38201877,0.5091087,-0.20684548,0.21795614,0.027311083,-0.34150836,0.3787956,0.22096702,0.830145,0.8234626,0.9441161,0.8556528,0.88217264,0.96938145,0.98765194,0.8394569,0.86695576,0.8224047,0.93218666,0.98955345,0.87282014,0.8209573,0.95280766,0.9380971,0.9987881,0.86122745,0.86864686,0.93112016
12.0,0.5384604,-0.4541379,0.21084511,0.38512418,-0.3331331,-0.03585511,-0.07187566,0.35716343,-0.44962686,0.6089799,0.268683,0.013743974,0.44702113,-0.5621944,0.20102823,-0.26000056,-0.050091732,0.4058092,-0.41896546,-0.24353173,0.79196566,0.76834995,0.93298507,0.82945204,0.928611,0.9376662,0.9027729,0.84947276,0.8091229,0.73192865,0.9028444,0.90615785,0.82247514,0.7523242,0.9009,0.8462068,0.9192176,0.8447545,0.8414949,0.8819082
11.0,-0.591415,0.4954907,-0.21841472,-0.4142636,0.39307344,0.02125905,0.12117307,-0.37593785,0.5234269,-0.6475238,-0.2770902,-0.0066559017,-0.4315975,0.6134617,-0.2604438,0.2517031,0.067126036,-0.42889112,0.46795124,0.2963713,0.8211016,0.8034051,0.94887125,0.8318795,0.8612382,0.9488797,0.9589892,0.83076525,0.8790123,0.81771535,0.9163795,0.9841523,0.85685796,0.8085905,0.9535536,0.93883586,0.9790983,0.8613536,0.85124415,0.9356091
5.0,0.5357759,-0.45161164,0.21283269,0.38372388,-0.3365105,-0.035631176,-0.06729094,0.35917297,-0.44807255,0.60789293,0.27213156,0.011842914,0.4516853,-0.5600904,0.20221296,-0.26107424,-0.04865029,0.4043349,-0.41825968,-0.23793802,0.7940226,0.77106524,0.93216467,0.8328101,0.930194,0.93561715,0.90164256,0.851709,0.81255877,0.73617095,0.90008885,0.9055073,0.82341826,0.7551077,0.90131474,0.84850574,0.9129094,0.8459448,0.84461856,0.8847216
9.0,0.49641323,-0.42379832,0.1965636,0.3583237,-0.31310895,-0.031115962,-0.06332556,0.33686164,-0.41927338,0.56595075,0.25378418,0.008663282,0.4185574,-0.51922756,0.18311104,-0.24335329,-0.044626262,0.37531906,-0.39319435,-0.22383761,0.7937242,0.77318084,0.93204844,0.8331153,0.9285726,0.93602055,0.9050207,0.85631996,0.8160955,0.7395698,0.90161586,0.91071564,0.8272603,0.7574924,0.904912,0.85252476,0.9211292,0.8453354,0.8441731,0.889055
5.0,-0.36039352,0.30207404,-0.16584289,-0.24106416,0.2587467,0.0053902403,0.06057725,-0.24386045,0.31380248,-0.3991992,-0.19456874,-0.008995019,-0.31009683,0.39434198,-0.15568316,0.17179099,0.0012329184,-0.25550503,0.28676432,0.15243435,0.8342584,0.8337798,0.93688446,0.86812484,0.8977735,0.97632027,0.9980371,0.84815145,0.86123514,0.8223878,0.93910766,0.9865978,0.88151115,0.8263538,0.95373845,0.93354666,1.0073451,0.860395,0.8770026,0.92514336
8.0,0.42694828,-0.37046114,0.17195243,0.31340492,-0.27802297,-0.023722785,-0.05022195,0.3026449,-0.36552197,0.4943888,0.22641008,0.0016370974,0.36983296,-0.44772443,0.1554339,-0.21442495,-0.03690679,0.32534277,-0.34819847,-0.19203702,0.7974753,0.7810159,0.9307183,0.8379848,0.9270113,0.9357168,0.9078055,0.8650386,0.8257625,0.7504866,0.9004465,0.919106,0.83582336,0.7640337,0.9099804,0.8609041,0.9261179,0.8459419,0.84836894,0.89814866
11.0,0.48090512,-0.41220245,0.19016305,0.34816566,-0.30410993,-0.029412342,-0.06139995,0.32816365,-0.40736842,0.54951733,0.2464512,0.0073512048,0.40605357,-0.50305766,0.17618094,-0.23637949,-0.043271128,0.36404473,-0.3829948,-0.21765146,0.79405683,0.7743614,0.93198574,0.8334463,0.92797613,0.93633187,0.9060757,0.8578588,0.8175691,0.74117094,0.9020448,0.9127743,0.8288458,0.7584702,0.90621907,0.8540863,0.92389154,0.8453593,0.8443513,0.89057076
9.0,-0.56630045,0.47408405,-0.21484923,-0.39335236,0.38014928,0.018846625,0.11246584,-0.3641764,0.5011911,-0.6203137,-0.26980177,-0.005936049,-0.42337096,0.5914677,-0.24845465,0.2459529,0.056263123,-0.40917665,0.44783443,0.27924716,0.82369447,0.80897063,0.9486258,0.83869547,0.86647546,0.9554755,0.9679735,0.8325608,0.87516296,0.8190056,0.92126435,0.9862451,0.86077356,0.8124027,0.9531837,0.93914706,0.98499924,0.8616681,0.85668457,0.9346382
12.0,0.44975266,-0.3883439,0.17888698,0.32780674,-0.2881379,-0.026121015,-0.055771455,0.3123341,-0.3833086,0.51714003,0.2340099,0.0041540936,0.3838306,-0.4708307,0.16364962,-0.22330505,-0.039808612,0.3414631,-0.3627045,-0.20366749,0.7956035,0.7778031,0.93148863,0.83582246,0.9274411,0.93627316,0.9077039,0.8618176,0.8220785,0.74611574,0.9015844,0.9166187,0.83272964,0.761636,0.90853465,0.85809773,0.9262556,0.84563273,0.8463496,0.89466876
2.0,0.4885611,-0.41798,0.19328001,0.3527257,-0.30914462,-0.030170722,-0.06208159,0.33272532,-0.41357762,0.5573992,0.2504506,0.007516809,0.4126463,-0.5111902,0.17973696,-0.24038927,-0.043540765,0.3694505,-0.38805878,-0.22048151,0.7941516,0.7739091,0.93209,0.83370197,0.9285155,0.9360012,0.90547395,0.8576198,0.8176972,0.7408558,0.90163034,0.91173637,0.82819194,0.75846934,0.90570223,0.85368186,0.92209005,0.8456603,0.8446657,0.8899018
5.0,0.43201098,-0.37479264,0.16721523,0.31328925,-0.27405205,-0.025073862,-0.05588656,0.29689023,-0.369632,0.49439698,0.22146322,0.0024313033,0.36400676,-0.4508603,0.15403324,-0.2139583,-0.03997683,0.32749355,-0.34866893,-0.19794199,0.79566,0.77843195,0.9321601,0.83579236,0.9275659,0.93781394,0.91190976,0.8622066,0.8240192,0.747759,0.9043674,0.9194336,0.83335066,0.763908,0.9113079,0.86115044,0.9323601,0.8465987,0.8455588,0.89444315
11.0,-0.31171757,0.26100406,-0.14802721,-0.2085171,0.22280303,0.0038943347,0.053322174,-0.20690008,0.26840007,-0.345519,-0.17039794,-0.012870356,-0.27032393,0.3433294,-0.13394782,0.14755361,-0.0044037662,-0.22003408,0.24593394,0.1270083,0.83508384,0.83531225,0.93309385,0.87024224,0.902483,0.97514015,0.994682,0.8532053,0.8629996,0.8233286,0.9377659,0.9845522,0.88376683,0.82664025,0.9528298,0.9310064,1.0052947,0.8598275,0.87764674,0.92280704
10.0,0.44055235,-0.3814074,0.17415074,0.3211224,-0.28189504,-0.025477758,-0.05499699,0.30594254,-0.376283,0.5064888,0.2288322,0.0033676028,0.37515202,-0.46093282,0.15912831,-0.21884032,-0.0394788,0.3346004,-0.35607237,-0.20008248,0.7958087,0.77838916,0.9315382,0.83586705,0.92725855,0.93666756,0.9090408,0.86234117,0.82294875,0.7471134,0.9024032,0.91786736,0.83324236,0.76251155,0.9096602,0.8593429,0.92836535,0.8458859,0.8461181,0.89511704
4.0,-0.17065246,0.13942659,-0.102280736,-0.10938365,0.13587317,-0.0010088659,0.023108747,-0.12313844,0.14256805,-0.19078872,-0.108603224,-0.0142699815,-0.16739267,0.19822052,-0.08083787,0.08708038,-0.022413034,-0.11846988,0.13438894,0.05481468,0.8291634,0.83370537,0.9290926,0.87307566,0.91361105,0.97694314,0.9947934,0.8586157,0.85188156,0.81184316,0.9396155,0.97729343,0.8815786,0.8214065,0.95218545,0.92220455,1.0057876,0.8550727,0.87765497,0.91805136
4.0,0.39336082,-0.3441689,0.15724772,0.28955594,-0.25834045,-0.021180619,-0.04528696,0.28242287,-0.339365,0.45699847,0.2105449,-0.001738593,0.34241462,-0.41225088,0.14115943,-0.19952297,-0.03436541,0.30053964,-0.32454634,-0.17752829,0.7992472,0.7843016,0.9304362,0.8399853,0.92661047,0.9364987,0.9111862,0.8681517,0.8305789,0.7557226,0.9015041,0.92338693,0.8390694,0.76796854,0.91311306,0.8657561,0.93020624,0.8468082,0.84961855,0.90098476
7.0,-0.42943195,0.35936204,-0.18655446,-0.28749332,0.30809632,0.008521847,0.07293971,-0.29478332,0.37999415,-0.47338977,-0.22354022,-0.0038758777,-0.3596839,0.46409494,-0.18763071,0.20360616,0.013784137,-0.30617023,0.34383613,0.19061401,0.8305724,0.8284815,0.9424902,0.8630524,0.8894974,0.97696894,0.9984006,0.8413758,0.858374,0.8194972,0.93842554,0.99000484,0.87660867,0.822329,0.9533683,0.93638253,1.0058041,0.8592067,0.87366134,0.93047607
10.0,-0.3911717,0.3282572,-0.17398685,-0.26341024,0.27617633,0.0069837407,0.068285435,-0.26049697,0.34136295,-0.43247724,-0.20640583,-0.008915231,-0.3289023,0.42476767,-0.16797516,0.18347888,0.007486161,-0.27781612,0.31031504,0.17024514,0.8344409,0.8320764,0.93835473,0.8652832,0.8940369,0.9740258,0.99493086,0.84653723,0.86450547,0.8239667,0.93706274,0.98739296,0.88021487,0.8261266,0.9534801,0.9349691,1.0051908,0.8614467,0.8753519,0.9260783
10.0,-0.50652033,0.42407933,-0.20419997,-0.3461434,0.34830314,0.013780033,0.09424379,-0.333645,0.44779652,-0.556289,-0.2510473,-0.005030215,-0.39857963,0.53718114,-0.22066097,0.22890902,0.034851026,-0.36338693,0.40148178,0.23982418,0.8285463,0.8197164,0.94639707,0.85130984,0.8775557,0.9665559,0.98386174,0.83677024,0.86823106,0.8210058,0.93016976,0.9888242,0.8689253,0.8191189,0.9531405,0.9387674,0.996021,0.86182857,0.8661991,0.93223846
9.0,0.52809584,-0.44656992,0.20861527,0.37899148,-0.3298893,-0.034712154,-0.06823724,0.3534896,-0.4423043,0.59927344,0.26669362,0.012076288,0.44252983,-0.55187875,0.19738814,-0.2565434,-0.048444826,0.3985873,-0.41316095,-0.23706576,0.7929692,0.7704063,0.9323775,0.8313429,0.9290942,0.93645126,0.9027901,0.8517099,0.811595,0.73507357,0.9015339,0.9068534,0.82380223,0.75430787,0.9019238,0.84832346,0.91731626,0.8451838,0.8430483,0.8846773
1.0,-0.30429813,0.2545624,-0.14681032,-0.20276996,0.22004843,0.0034424595,0.050598137,-0.20484634,0.26206106,-0.33770287,-0.16850054,-0.012177099,-0.26716432,0.33636582,-0.13168158,0.14564247,-0.0063150264,-0.21478327,0.24085228,0.12261286,0.83452755,0.8354688,0.93320173,0.87090373,0.9033251,0.97624326,0.996519,0.85291964,0.8609447,0.82195544,0.9388802,0.9842397,0.8835859,0.82644254,0.95317435,0.93060017,1.0065917,0.859383,0.87810534,0.9226664
6.0,0.38934705,-0.3407234,0.15997738,0.28865486,-0.26120526,-0.02028225,-0.040993445,0.28599367,-0.3363682,0.45582232,0.21398531,-0.0028193146,0.34623897,-0.40950465,0.14200577,-0.19999814,-0.032031767,0.2984326,-0.3237055,-0.1727893,0.8008343,0.7864195,0.92946804,0.84205437,0.9266993,0.9347531,0.9086519,0.87058413,0.83297104,0.75850713,0.8987002,0.92319137,0.8409278,0.768953,0.91254157,0.8663713,0.92529976,0.8467654,0.8519075,0.9036948
5.0,-0.6354629,0.5344787,-0.22332177,-0.4531301,0.41500944,0.025805214,0.13856766,-0.39387375,0.56185895,-0.69633305,-0.2892343,-0.008373156,-0.44215146,0.6504879,-0.28172547,0.25889924,0.08982071,-0.46422058,0.5053323,0.327432,0.8160275,0.7920304,0.9475511,0.8165315,0.8508887,0.93290204,0.93852425,0.82748735,0.8883168,0.81482536,0.9055595,0.97819334,0.8493805,0.8002544,0.9553864,0.9372794,0.96642536,0.86057895,0.8385787,0.93709403
10.0,-0.49309403,0.41310483,-0.20093036,-0.3366027,0.33930376,0.012811365,0.09145212,-0.32415408,0.43507087,-0.5420429,-0.24610047,-0.005824957,-0.39073336,0.52427596,-0.21388218,0.22354813,0.031123277,-0.3531717,0.3905702,0.23150417,0.8299081,0.8218102,0.9452604,0.8531807,0.8797101,0.9672195,0.9851894,0.8381797,0.8687006,0.82226837,0.93096405,0.9887694,0.8707718,0.82069606,0.95321906,0.9385558,0.99737316,0.8622424,0.8675151,0.9311542
8.0,0.5280858,-0.4460459,0.21047667,0.37911195,-0.33306265,-0.034644585,-0.06566364,0.35581142,-0.44245827,0.60035133,0.26950958,0.010988347,0.44683304,-0.55233383,0.19908409,-0.25804248,-0.047618028,0.39886045,-0.4137212,-0.2343333,0.7943075,0.7719675,0.9319536,0.8334337,0.93008274,0.9352868,0.9017959,0.85295707,0.81366765,0.7374506,0.89973724,0.9063135,0.8243923,0.7558651,0.9019361,0.8494523,0.91322607,0.8459558,0.8451272,0.8861074
11.0,-0.60118586,0.50398165,-0.21964091,-0.42275718,0.39756086,0.022184791,0.124937326,-0.37960628,0.53176016,-0.65820557,-0.27985144,-0.0072092265,-0.43414083,0.6217494,-0.2649188,0.25342703,0.07168582,-0.43651897,0.47577232,0.30323073,0.8202397,0.8011558,0.94872516,0.8287811,0.8590271,0.9455679,0.95474076,0.8301696,0.8812347,0.8173968,0.9140679,0.9829924,0.855322,0.80713177,0.9538684,0.9386252,0.976504,0.86140454,0.8487796,0.9357167
12.0,-0.59175134,0.49598366,-0.21815836,-0.4151798,0.3915863,0.021176817,0.12216013,-0.37362298,0.5229021,-0.64795554,-0.2769351,-0.007484153,-0.43052027,0.61330897,-0.25976503,0.25081757,0.06740396,-0.42879495,0.46765274,0.29682198,0.82176113,0.8035802,0.9484705,0.83127385,0.8609707,0.9475018,0.95760876,0.83118606,0.88098687,0.8187079,0.9154784,0.9837717,0.8571314,0.80912364,0.95373577,0.93888426,0.97858894,0.8619564,0.85079944,0.93480617
9.0,-0.39664492,0.33270967,-0.17693347,-0.2667055,0.28164124,0.006992922,0.068280265,-0.26686132,0.34694707,-0.43879223,-0.21018498,-0.007848106,-0.33469245,0.43087307,-0.17115937,0.18707213,0.00767098,-0.28201106,0.3154518,0.17320377,0.83394474,0.8318794,0.9391665,0.8652109,0.89365226,0.97476864,0.996465,0.8454117,0.8630666,0.8231138,0.9380311,0.9875973,0.87939036,0.8260855,0.9538714,0.9354266,1.0061738,0.8614114,0.8754882,0.9266426
5.0,-0.26985896,0.22440445,-0.13898692,-0.17602876,0.20589611,0.0015441375,0.03906381,-0.19296515,0.2329042,-0.30014452,-0.15718046,-0.009359784,-0.24973455,0.30285284,-0.12058794,0.13551776,-0.013778996,-0.18992071,0.21679346,0.10240607,0.8317213,0.83565116,0.9331968,0.873194,0.90653557,0.98073846,1.0030894,0.8522677,0.8518854,0.8156113,0.94264275,0.9832868,0.8829839,0.82416797,0.95403975,0.92823213,1.0108936,0.8564779,0.8792332,0.9224249
12.0,0.46194345,-0.39735612,0.18571222,0.33661598,-0.29778448,-0.02696033,-0.055597752,0.321984,-0.3928582,0.5315843,0.24181002,0.004668407,0.39701986,-0.48431686,0.17020236,-0.22999401,-0.04004041,0.35076988,-0.3716957,-0.20702454,0.79606473,0.7776606,0.93118274,0.83624417,0.92795455,0.93520117,0.9052353,0.86152637,0.82165956,0.74568516,0.89998645,0.9146186,0.8320191,0.76097035,0.9072663,0.8566782,0.9219806,0.84579253,0.84715104,0.89438206
1.0,0.5348501,-0.45039406,0.21381733,0.38337916,-0.3381198,-0.035510466,-0.0653261,0.3601761,-0.44720787,0.6078028,0.27359676,0.011130169,0.45409477,-0.5593145,0.20311311,-0.26149505,-0.048212085,0.40393972,-0.41800356,-0.23547903,0.7949942,0.77234125,0.93183523,0.8343419,0.93090624,0.9348457,0.9010349,0.85246897,0.8139189,0.73796606,0.89879614,0.9052598,0.8239307,0.7562309,0.90135384,0.84938765,0.9100745,0.8464633,0.8461363,0.88587373
1.0,0.5842796,-0.4847086,0.22778916,0.4135576,-0.35724875,-0.04222988,-0.07761267,0.3799807,-0.4807467,0.6562281,0.28730288,0.018522613,0.48258588,-0.6084274,0.22334872,-0.2786134,-0.0566982,0.43961355,-0.44604543,-0.26014113,0.7924616,0.7657262,0.9333054,0.8282495,0.9301179,0.93875873,0.9000982,0.84175545,0.803807,0.72745717,0.90235084,0.90071785,0.8175007,0.7490734,0.89643145,0.84155494,0.91102797,0.8455694,0.8411427,0.8751749
12.0,-0.18198833,0.15112218,-0.10674828,-0.122157924,0.13564897,0.000389989,0.029784402,-0.123397216,0.15053946,-0.20688523,-0.11363688,-0.018652607,-0.17042127,0.21013065,-0.083660506,0.08789646,-0.019677162,-0.12851834,0.14092936,0.06398667,0.83263075,0.8353466,0.92840844,0.87333643,0.91435254,0.9719974,0.9901504,0.86024666,0.8618059,0.8188571,0.9378185,0.9762388,0.8824239,0.8270697,0.9531197,0.925351,1.0028483,0.85950345,0.87889373,0.91700953
12.0,-0.3514728,0.2962224,-0.15873969,-0.23964846,0.24204677,0.006362504,0.06594958,-0.22490266,0.30424345,-0.3902788,-0.18573037,-0.015569773,-0.29193056,0.38317513,-0.14835918,0.16062012,0.0042475574,-0.24974085,0.27509308,0.15089935,0.836903,0.8348786,0.9335824,0.866936,0.8989489,0.9691912,0.98769087,0.8524241,0.8723711,0.8295209,0.93411183,0.985422,0.8837653,0.829156,0.95244235,0.93433386,1.0013928,0.8627497,0.87605494,0.9240388
5.0,0.49359846,-0.42137322,0.19698283,0.35695174,-0.31372184,-0.030554736,-0.061396077,0.33741003,-0.41714025,0.5641258,0.254382,0.0078969,0.41932622,-0.5168267,0.18309097,-0.24311365,-0.043641414,0.37355512,-0.3919567,-0.22128576,0.7945205,0.77425075,0.9317351,0.83426285,0.9287448,0.9354018,0.90410215,0.8574343,0.8173539,0.7409622,0.9004441,0.91077095,0.8281337,0.7581737,0.9048758,0.8530292,0.9192769,0.8455698,0.8454483,0.89021504
3.0,0.6326733,-0.51587075,0.24154487,0.44149554,-0.37670335,-0.05009586,-0.087425135,0.3989473,-0.51144445,0.7027153,0.3018543,0.025266252,0.51255953,-0.6557968,0.24510096,-0.29543558,-0.06566475,0.474656,-0.47187924,-0.28077126,0.79203385,0.76110667,0.9344618,0.8240784,0.930329,0.9426423,0.8994443,0.83085144,0.7960185,0.720126,0.9049918,0.8964161,0.81136084,0.7439498,0.891535,0.83585125,0.9079907,0.8459434,0.83789206,0.86476886
2.0,0.5659074,-0.47200567,0.22393006,0.40156516,-0.35320526,-0.039799854,-0.070455,0.3743248,-0.4693219,0.6383347,0.28540275,0.014067002,0.47553977,-0.5904752,0.21684869,-0.27419594,-0.052328575,0.42612165,-0.43592516,-0.24812588,0.7949436,0.769765,0.9325183,0.8331277,0.9320717,0.9358441,0.9002459,0.84765667,0.8106341,0.73435,0.8993965,0.9018976,0.82023156,0.75425375,0.89884305,0.84647167,0.9063288,0.84702986,0.8453967,0.8807232
7.0,-0.5976163,0.5008627,-0.21915269,-0.4195889,0.39617452,0.02188797,0.123519324,-0.37860665,0.5288864,-0.65430444,-0.27878603,-0.0068934932,-0.4333238,0.618785,-0.26339257,0.25290987,0.07005988,-0.4338051,0.47302264,0.3006359,0.8204241,0.80192184,0.9488116,0.82998425,0.8598733,0.9469529,0.95643103,0.8303356,0.8801785,0.81740004,0.9149868,0.9835169,0.85588646,0.80754066,0.95369315,0.9387063,0.9774621,0.8612533,0.84968,0.93582267
9.0,-0.5474568,0.45834905,-0.21139914,-0.37852532,0.36943287,0.017168248,0.10701933,-0.35357705,0.4841311,-0.60009795,-0.2637222,-0.005990669,-0.4154508,0.57437015,-0.23913905,0.24043575,0.049189504,-0.3944896,0.43279973,0.26664278,0.8256681,0.812755,0.9478297,0.84286964,0.87007946,0.9588839,0.97290313,0.8341737,0.8737203,0.82038164,0.92390484,0.9872982,0.8637664,0.8150041,0.95305043,0.93921405,0.98851234,0.86198276,0.859823,0.9336091
7.0,-0.44360134,0.37266466,-0.18231383,-0.30354834,0.30110136,0.010552732,0.08587435,-0.2817742,0.38825637,-0.48767868,-0.22052129,-0.01130043,-0.35223237,0.47344804,-0.18753088,0.1986398,0.022813689,-0.31577355,0.34887695,0.20134023,0.8339346,0.8271137,0.9390804,0.8579291,0.8862156,0.9665127,0.9828618,0.8455789,0.87407,0.82821333,0.9291953,0.98900497,0.8783973,0.82344097,0.9515907,0.9368048,0.99639577,0.86196417,0.8692335,0.9279454
6.0,-0.5783957,0.48444,-0.21629253,-0.4035998,0.38586733,0.020015847,0.11704975,-0.36903638,0.51173586,-0.6333964,-0.27300805,-0.0065480173,-0.42692634,0.6019349,-0.25389668,0.24843241,0.061550226,-0.41855904,0.45732588,0.2873748,0.8226261,0.80636877,0.94861126,0.8353466,0.86392987,0.952014,0.9632915,0.8318869,0.8776218,0.8187931,0.918594,0.9853082,0.8591375,0.8106977,0.9532967,0.9390552,0.98197824,0.8616118,0.853924,0.93489015
3.0,0.37927336,-0.3327228,0.15242252,0.28111947,-0.2499677,-0.019948004,-0.04309512,0.2750134,-0.32731998,0.4428935,0.2043016,-0.0021167248,0.3316926,-0.39738894,0.13577554,-0.19255242,-0.03347973,0.2907146,-0.31488326,-0.17149982,0.79982716,0.7857415,0.9300696,0.8403604,0.9257381,0.9371113,0.9118459,0.8687281,0.8308991,0.7569949,0.9015873,0.9252368,0.84080046,0.7682679,0.91356057,0.86658853,0.93182486,0.84629506,0.85006595,0.9023827
1.0,-0.56659657,0.47437572,-0.21486256,-0.39373484,0.37981507,0.018840257,0.112737454,-0.36362046,0.50114566,-0.6206152,-0.26985875,-0.0061480813,-0.42321283,0.5916094,-0.24838051,0.24578267,0.056359153,-0.40930018,0.44788963,0.27952585,0.82390803,0.8089955,0.9485551,0.83850455,0.8663574,0.9550963,0.9675943,0.8326527,0.8756782,0.81922317,0.9210301,0.9860911,0.8607853,0.81255037,0.9532569,0.9391332,0.9848437,0.86187994,0.8565948,0.9343651
11.0,0.5692349,-0.47415793,0.22394663,0.40472052,-0.35181758,-0.04020843,-0.07338095,0.37403846,-0.47034454,0.641924,0.28349197,0.016271047,0.4748385,-0.59334505,0.21747263,-0.2733068,-0.05433229,0.42893893,-0.4377088,-0.25194576,0.7933447,0.7681272,0.9327173,0.83049226,0.93065655,0.93730074,0.9003594,0.844932,0.80690885,0.7311292,0.9008783,0.9019539,0.81943715,0.7514892,0.8979431,0.8442237,0.9098674,0.8459606,0.84297997,0.87888825
2.0,0.5472,-0.45936137,0.21646899,0.39101598,-0.34153482,-0.03699518,-0.06975571,0.36433128,-0.45564592,0.6195966,0.2755758,0.013495617,0.45921317,-0.5715228,0.20731793,-0.26517695,-0.05060078,0.4127676,-0.4249437,-0.24322504,0.7936094,0.76978374,0.9324424,0.83161604,0.930054,0.93640256,0.9010004,0.8492574,0.8102511,0.733886,0.9005504,0.9043683,0.82210547,0.75341505,0.90006596,0.84657604,0.91263485,0.845808,0.84378207,0.8824453
2.0,0.5710599,-0.4754706,0.22564453,0.40498486,-0.35511032,-0.04073578,-0.07145208,0.3760756,-0.4725725,0.6435255,0.28700906,0.015014827,0.47886232,-0.5953828,0.21902603,-0.27563772,-0.053557407,0.42996582,-0.43888035,-0.25021124,0.794663,0.76935416,0.9325014,0.8326809,0.9322068,0.9360868,0.9003874,0.84629905,0.8093881,0.73362327,0.899617,0.9013263,0.81940585,0.7536931,0.8983559,0.8459543,0.90581226,0.8469134,0.844911,0.8799724
10.0,-0.41796565,0.35066852,-0.1825749,-0.2821874,0.2939238,0.00812386,0.073507875,-0.27881238,0.36611134,-0.46178123,-0.21841513,-0.0076249577,-0.34751493,0.45177424,-0.18007144,0.19515738,0.012261581,-0.29755387,0.33185005,0.18588427,0.8337498,0.8303347,0.94033724,0.8629361,0.8908708,0.9730952,0.99420863,0.8440703,0.86496997,0.8237239,0.936618,0.98798,0.8779843,0.8256335,0.9537791,0.9363309,1.0045329,0.8620359,0.87412065,0.9273478
11.0,-0.40085313,0.33635873,-0.17608957,-0.2704252,0.28170776,0.0075024925,0.07094051,-0.26572433,0.35031152,-0.44275746,-0.20961452,-0.008959018,-0.33430195,0.43406183,-0.17188245,0.18694213,0.009825658,-0.2848541,0.31773478,0.17576405,0.83419675,0.8313075,0.93870556,0.8642569,0.8927791,0.97327495,0.99364173,0.84609693,0.8654238,0.8244156,0.93620485,0.9878372,0.8797783,0.82568365,0.9532078,0.93539846,1.0041956,0.8614446,0.8745108,0.92663467
8.0,-0.6171567,0.517853,-0.2216498,-0.43622592,0.4073371,0.023924066,0.13047825,-0.38888958,0.5468242,-0.675893,-0.28439522,-0.006988164,-0.43914542,0.63569564,-0.2735753,0.25702277,0.079820216,-0.44981056,0.48989958,0.31425312,0.81762993,0.7968228,0.9485516,0.8239099,0.8556266,0.9412236,0.94867575,0.82857513,0.88256735,0.81553525,0.91110635,0.98145026,0.852267,0.80353934,0.9542205,0.9381554,0.9722517,0.86038375,0.8445617,0.93735564
11.0,-0.39110106,0.32815868,-0.17251837,-0.26369995,0.27472386,0.007129756,0.06937147,-0.25832805,0.34120536,-0.43188828,-0.20471378,-0.009635627,-0.32681888,0.42395976,-0.16730858,0.18229125,0.008401956,-0.27760845,0.3096735,0.17017284,0.8344946,0.83184785,0.937846,0.86497074,0.8938294,0.973384,0.993379,0.84719795,0.86560047,0.82468057,0.93604547,0.9876429,0.8806334,0.8257467,0.95296115,0.93483543,1.0040033,0.8611914,0.8747854,0.926154
5.0,0.642253,-0.5213744,0.24508724,0.44586584,-0.38246736,-0.052122325,-0.08699089,0.40322587,-0.5174532,0.71156645,0.30714488,0.025287822,0.52116567,-0.6647989,0.2504294,-0.2998948,-0.06690587,0.48136526,-0.47656655,-0.28174978,0.7936489,0.76187444,0.93449867,0.8256725,0.9319976,0.94247156,0.89960605,0.82975566,0.79706657,0.72164893,0.9041772,0.8953495,0.81030446,0.74525326,0.8909977,0.8368759,0.90327626,0.84724814,0.83950096,0.86387026
8.0,0.5672449,-0.47349957,0.22297087,0.40299168,-0.35070184,-0.03987524,-0.0734743,0.3731529,-0.4699425,0.6392931,0.28293952,0.01573459,0.47240353,-0.5916365,0.21588624,-0.2730199,-0.053363647,0.42706883,-0.43656585,-0.2519626,0.7931767,0.7678292,0.93283665,0.8304649,0.93055576,0.93716896,0.9007027,0.8459421,0.80759174,0.73112714,0.90119743,0.90223354,0.8196238,0.75181246,0.8983458,0.84447604,0.91077507,0.8458305,0.8428528,0.8790567
8.0,0.4943755,-0.4220527,0.19527891,0.35677683,-0.3116592,-0.030597394,-0.06364089,0.33561617,-0.41742176,0.5636441,0.25207675,0.0085186735,0.416375,-0.5170952,0.18225506,-0.24240814,-0.04440293,0.37375796,-0.39165527,-0.22365552,0.7937193,0.7730541,0.9322898,0.8328358,0.92821413,0.9365116,0.90490484,0.8563897,0.81610423,0.7391686,0.90188867,0.911241,0.82767755,0.7571573,0.9049017,0.852256,0.9225259,0.84532493,0.8441429,0.8887164
12.0,0.43817285,-0.3795735,0.17303199,0.31906158,-0.28090727,-0.025223915,-0.054523185,0.30457142,-0.37463343,0.50359696,0.22792453,0.0027707368,0.3734814,-0.4584765,0.15823017,-0.2181413,-0.039042767,0.3326735,-0.35440135,-0.19899607,0.79605347,0.77871364,0.93160003,0.8364171,0.9274878,0.9366076,0.90932965,0.8629285,0.82399917,0.7478798,0.90231764,0.9181896,0.83362305,0.763248,0.90996295,0.86004883,0.92831796,0.8461637,0.84654874,0.895404
2.0,0.35009652,-0.3087659,0.13201907,0.25722095,-0.22399274,-0.018900257,-0.0447155,0.24641234,-0.30301696,0.40469635,0.18062863,-0.003680434,0.2966339,-0.3635631,0.12059604,-0.17503624,-0.035706032,0.2676326,-0.28977877,-0.16330677,0.7995875,0.7867703,0.9312291,0.8403778,0.9258695,0.94131833,0.92021245,0.86697763,0.8316113,0.7584512,0.90715766,0.9299915,0.84172744,0.77148694,0.9177213,0.8708538,0.94331694,0.8473497,0.8489647,0.9007811
3.0,0.44007346,-0.38095647,0.17615417,0.3211998,-0.28496096,-0.025157314,-0.052627236,0.30880788,-0.37645686,0.5072794,0.23175356,0.0023625419,0.378923,-0.46132472,0.16033994,-0.22041318,-0.03806724,0.33449408,-0.3567674,-0.19794875,0.7968266,0.77953,0.93108577,0.8374311,0.92772365,0.93546844,0.9076437,0.8640057,0.82495594,0.7490062,0.9006964,0.91744196,0.8340509,0.76358247,0.9094847,0.8600306,0.9249692,0.84625536,0.84772044,0.896545
4.0,-0.4779231,0.40029764,-0.19754925,-0.32481134,0.33178625,0.011706281,0.08706532,-0.31703356,0.4219237,-0.5256709,-0.24069501,-0.0054044165,-0.3835525,0.5100111,-0.20743293,0.21885143,0.02673171,-0.3418984,0.37935004,0.22155997,0.83028924,0.8236541,0.9445381,0.855819,0.8821988,0.96978015,0.9885845,0.8390753,0.866316,0.82193923,0.93287015,0.9892753,0.8723703,0.82131857,0.95317066,0.9381677,0.9995044,0.861588,0.86915535,0.93098
10.0,-0.40484,0.33970064,-0.17864557,-0.2728995,0.2853427,0.0075338655,0.07069038,-0.26998544,0.35378844,-0.4474322,-0.2128129,-0.008064732,-0.33886898,0.4386843,-0.17417157,0.18966171,0.009636488,-0.28781694,0.3213855,0.17819035,0.834245,0.83129525,0.93946826,0.86418664,0.89243007,0.9737338,0.9949443,0.84520006,0.86455435,0.8236817,0.9370172,0.9876192,0.87905425,0.8259736,0.9537635,0.935616,1.0050821,0.86186796,0.8749176,0.92653966
3.0,-0.5771083,0.4832917,-0.21635109,-0.40238357,0.38541356,0.019859297,0.1163156,-0.36882553,0.5106134,-0.6319868,-0.27287954,-0.0063821785,-0.4268308,0.6009028,-0.25342545,0.24834713,0.06082833,-0.4175595,0.45631438,0.2865851,0.8227433,0.8066872,0.94871867,0.83579534,0.8642261,0.95256674,0.9640441,0.83188283,0.8771016,0.81867385,0.91907597,0.98537517,0.8592032,0.81092954,0.9533241,0.93905187,0.9824567,0.8616523,0.85438603,0.9348937
7.0,-0.59554476,0.4990389,-0.21896973,-0.4177028,0.39541492,0.021703513,0.122580945,-0.37812632,0.5271965,-0.6520324,-0.27827382,-0.006676011,-0.43295953,0.61709255,-0.2625512,0.25267363,0.069054425,-0.4322246,0.47142065,0.29918572,0.820538,0.80237883,0.9489081,0.8307017,0.8603621,0.94780976,0.95749575,0.830396,0.87946635,0.8173286,0.9155961,0.98378015,0.85615706,0.8077985,0.9536197,0.938732,0.978082,0.8611919,0.8502752,0.9358871
9.0,-0.59163004,0.49567422,-0.21827981,-0.4144813,0.39348152,0.021259664,0.121422864,-0.37636912,0.5239687,-0.6478376,-0.27696627,-0.006592132,-0.4315614,0.6136321,-0.26066583,0.25171158,0.067415625,-0.42917642,0.46832687,0.29642057,0.82089984,0.80328244,0.9487303,0.8318485,0.86126316,0.94887185,0.9588879,0.8307491,0.878939,0.8177755,0.91634744,0.98433775,0.8568267,0.8084048,0.95347023,0.9389277,0.9789072,0.86111456,0.851001,0.93590003
6.0,-0.07041039,0.051794384,-0.054923557,-0.038880803,0.059147485,-0.0030653565,0.011595489,-0.042189993,0.05335949,-0.07273704,-0.04786301,-0.01736426,-0.07216073,0.088304535,-0.039662413,0.033505615,-0.024288837,-0.04278476,0.047446307,0.012114786,0.8257881,0.8276741,0.926248,0.86826223,0.91644853,0.9703886,0.977223,0.86599493,0.8525822,0.80590767,0.93110913,0.9712485,0.87788385,0.81219316,0.9455591,0.9128013,0.99223137,0.8524378,0.8725449,0.91567713
7.0,-0.5304548,0.44461426,-0.20623684,-0.36657795,0.35733566,0.016035799,0.10445,-0.3400001,0.4681701,-0.58186936,-0.25619903,-0.007440567,-0.4048513,0.557905,-0.22964035,0.23321255,0.044612806,-0.38125616,0.41874605,0.2552658,0.8276433,0.8156654,0.94603735,0.8454155,0.872876,0.9596058,0.9740859,0.8364622,0.8753527,0.8229878,0.92419064,0.9879726,0.8672053,0.8169954,0.95264685,0.93907523,0.98976845,0.86225724,0.8611771,0.9321974
3.0,0.6049006,-0.49777186,0.23457384,0.425398,-0.36724082,-0.045535564,-0.08033853,0.3890729,-0.49398798,0.67657155,0.2950652,0.020664565,0.4976729,-0.62867785,0.2334864,-0.28661126,-0.060107958,0.45463544,-0.4573025,-0.26727116,0.79308486,0.76469743,0.9336324,0.82787347,0.9310129,0.9397205,0.8994961,0.8378185,0.8017657,0.72580403,0.90242535,0.8985946,0.8151464,0.74797696,0.8944637,0.83998555,0.9073278,0.8463128,0.8411284,0.871609
9.0,-0.3292715,0.27597234,-0.15417208,-0.22066855,0.23475948,0.0044924356,0.056519452,-0.21897978,0.28449762,-0.36497736,-0.17879973,-0.012087446,-0.28380167,0.36154452,-0.14134523,0.15566236,-0.002177123,-0.2328371,0.26028186,0.13631333,0.83516663,0.8349592,0.9341133,0.86945355,0.9008569,0.97503114,0.9951341,0.85179013,0.8633787,0.82376724,0.9378704,0.9852617,0.88321376,0.8268764,0.9531028,0.93206686,1.0056518,0.8602984,0.87737155,0.9235197
9.0,0.57609904,-0.4808812,0.22302565,0.4075661,-0.35085183,-0.041102275,-0.07866997,0.37429067,-0.4768476,0.6459589,0.2826495,0.017713912,0.47213468,-0.6002964,0.21705894,-0.27516276,-0.055075493,0.43274263,-0.44102374,-0.25981462,0.7912548,0.7646492,0.9336946,0.827086,0.9294506,0.93888843,0.9018524,0.8435102,0.80444735,0.72683406,0.9040726,0.9019973,0.81776947,0.74930537,0.8978413,0.8421471,0.91572,0.84494126,0.839531,0.8755035
4.0,0.39233986,-0.34333563,0.15694678,0.2891153,-0.2574979,-0.02107643,-0.045308635,0.2817968,-0.33835244,0.45610115,0.20995751,-0.0015611313,0.34145164,-0.41113424,0.14076507,-0.19879031,-0.034397017,0.29986548,-0.32383204,-0.17731118,0.7991473,0.7843169,0.9304348,0.8398989,0.9264504,0.9366678,0.9112817,0.86800843,0.8302915,0.7555711,0.901559,0.9235804,0.83921885,0.7677895,0.9130329,0.8656473,0.93052864,0.84661037,0.8495547,0.9010355
3.0,0.50779456,-0.43151417,0.20304707,0.36644214,-0.32227427,-0.032172754,-0.062684156,0.3455749,-0.42757916,0.5795163,0.26110807,0.009118982,0.4315759,-0.5315878,0.18994445,-0.249431,-0.04521362,0.38415515,-0.4012133,-0.22618154,0.79454577,0.7735549,0.93167466,0.8340907,0.92933506,0.93508995,0.9028237,0.8557149,0.81588185,0.73977506,0.8998165,0.90877235,0.82665527,0.75725555,0.90363145,0.8515486,0.9161498,0.84574676,0.8454914,0.8888673
12.0,-0.65209895,0.5501112,-0.22456121,-0.4689949,0.42228794,0.027495893,0.1464296,-0.39815757,0.5757048,-0.71536684,-0.2935101,-0.009498868,-0.44406915,0.6635325,-0.28931212,0.25994298,0.09994593,-0.47754687,0.5203764,0.33961153,0.8143475,0.7872681,0.94606805,0.80890447,0.8463046,0.9242923,0.92823213,0.8263594,0.8940566,0.81395525,0.9000472,0.97476995,0.84660786,0.79674506,0.95684236,0.936257,0.9605255,0.8604908,0.83214575,0.93707454
4.0,-0.45043784,0.37756458,-0.1898962,-0.3052557,0.3140397,0.010079398,0.08138615,-0.29858273,0.3964941,-0.4960982,-0.22955668,-0.0067138374,-0.3664497,0.4830807,-0.19436464,0.20763035,0.020313088,-0.3213702,0.35743326,0.20466268,0.8319249,0.8267925,0.9422889,0.85918576,0.8861865,0.97130173,0.9907583,0.8417475,0.86610883,0.82328033,0.93414193,0.9891605,0.87555903,0.8230782,0.9530609,0.93732,1.0014496,0.8614789,0.8711917,0.92946583
6.0,0.099570245,-0.09641851,0.027206115,0.0817077,-0.06952849,-0.006829427,-0.0045937784,0.09200852,-0.09411234,0.12655005,0.056413937,-0.018245641,0.091439925,-0.0977945,0.027751438,-0.05782052,-0.023855656,0.084872395,-0.09825128,-0.05376143,0.8185557,0.8142575,0.92566276,0.8576685,0.92018074,0.9544683,0.9452036,0.8751469,0.85363233,0.79346454,0.91586936,0.9570002,0.86689484,0.7965503,0.9334247,0.8973417,0.9655246,0.8509137,0.863502,0.9135617
10.0,-0.3191513,0.26718023,-0.1537489,-0.21252549,0.23246655,0.0036909129,0.051886633,-0.21823654,0.27602348,-0.35477078,-0.17758755,-0.010471918,-0.28141338,0.35266834,-0.13879827,0.15411626,-0.0056152605,-0.22583528,0.2540077,0.13009578,0.8342926,0.83541363,0.93459606,0.8707085,0.9022708,0.97719496,0.99915093,0.85084695,0.859505,0.8212936,0.9403193,0.98475295,0.8827255,0.826896,0.9540203,0.9316587,1.0084791,0.8597525,0.87841445,0.92331004
1.0,0.62623334,-0.5108054,0.24052724,0.43759987,-0.37570086,-0.04917563,-0.08439895,0.39698118,-0.50663185,0.6971277,0.30122995,0.023751862,0.5113254,-0.6491317,0.24356313,-0.29365438,-0.06455465,0.47024518,-0.46837756,-0.27564538,0.793203,0.7630495,0.93414456,0.82628846,0.93129236,0.9416158,0.8992678,0.8325538,0.79838544,0.7229848,0.9033882,0.89680463,0.8124801,0.7458477,0.8921901,0.8377784,0.9054684,0.84677714,0.8400085,0.8669963
6.0,0.19922373,-0.18077867,0.056519024,0.14925782,-0.116624214,-0.012121992,-0.030823395,0.13385591,-0.17601866,0.22931176,0.0898811,-0.010748215,0.15532735,-0.19810332,0.058806628,-0.09543299,-0.036375046,0.15442255,-0.16869663,-0.10442031,0.80671513,0.80217767,0.9299287,0.8501843,0.92442524,0.9544269,0.9463951,0.866148,0.83745813,0.7745238,0.919623,0.9481869,0.85478574,0.78727585,0.9314603,0.8884038,0.97046083,0.84872216,0.85610694,0.9054806
1.0,-0.5560699,0.4652789,-0.21371433,-0.3844852,0.37616098,0.017899578,0.10827399,-0.3612429,0.49269205,-0.6092654,-0.26717162,-0.0049892627,-0.42077094,0.58273315,-0.24430913,0.24419895,0.051889386,-0.4014355,0.44025737,0.27228904,0.82420594,0.8109586,0.94874537,0.84160376,0.86865705,0.95882165,0.9723771,0.8328942,0.8722211,0.8186058,0.9238114,0.98713,0.8619524,0.8134379,0.9530888,0.9391786,0.98764896,0.8613747,0.8589985,0.9348067
1.0,0.55484486,-0.46544605,0.21813023,0.3950698,-0.34412235,-0.038364224,-0.07172858,0.3665652,-0.46183038,0.62613046,0.27795014,0.014286421,0.46269023,-0.57906574,0.20949724,-0.26801866,-0.05173297,0.4179151,-0.4292501,-0.24707901,0.79307926,0.7686408,0.9326683,0.83076906,0.9303919,0.9365986,0.9017705,0.84809566,0.8093334,0.7327987,0.9014501,0.9035507,0.82061315,0.75308317,0.89993536,0.8461997,0.91270864,0.84584135,0.84269685,0.88104695
1.0,-0.32071,0.26868048,-0.15807013,-0.21306553,0.23767254,0.0033243012,0.0497284,-0.22549534,0.27826637,-0.358231,-0.18272796,-0.008788943,-0.28776485,0.3562249,-0.14118212,0.1577313,-0.007597778,-0.22772746,0.25709966,0.13069677,0.8338275,0.8360287,0.93566453,0.8714438,0.9029461,0.9785364,1.0030968,0.8490052,0.8568764,0.8198279,0.94292915,0.9843647,0.8817692,0.827983,0.95541227,0.9324558,1.0115715,0.86017525,0.87951636,0.92347956
4.0,-0.5896311,0.49397445,-0.21811858,-0.41279602,0.39210728,0.021092206,0.120610945,-0.37501997,0.5218492,-0.6455916,-0.27652282,-0.0066360086,-0.43097207,0.611895,-0.25954705,0.25127017,0.06635918,-0.4274777,0.46649653,0.29512417,0.8212997,0.80381376,0.9488405,0.832369,0.86161566,0.9493293,0.9595945,0.8309169,0.87881196,0.8178696,0.9166875,0.98433197,0.85718316,0.8088772,0.953506,0.9388734,0.9794976,0.8613761,0.8516131,0.93552655
5.0,0.50733775,-0.4317057,0.20083916,0.3653516,-0.3192892,-0.032185823,-0.064954646,0.34296066,-0.4273761,0.57750404,0.25848106,0.0096329,0.4271257,-0.53063476,0.18816285,-0.2482308,-0.045609605,0.3832663,-0.40019232,-0.22846413,0.7935391,0.7722279,0.9322266,0.83268803,0.92877924,0.93612415,0.9040544,0.85506177,0.81488657,0.73808044,0.90142214,0.90941197,0.8262607,0.75647527,0.90383214,0.8510828,0.919727,0.84533995,0.84404516,0.8875918
5.0,0.513709,-0.43642703,0.20308262,0.36959383,-0.3222566,-0.033137966,-0.065945774,0.34582755,-0.43208098,0.58405006,0.26088718,0.010467276,0.43159202,-0.53705966,0.19068606,-0.25058043,-0.046736095,0.3880215,-0.40418312,-0.2309401,0.79327554,0.77167344,0.9321879,0.83209455,0.92893714,0.9360959,0.9039269,0.853875,0.8136864,0.7372378,0.90162873,0.9085186,0.82519835,0.75586873,0.9034624,0.8503775,0.9189976,0.84531087,0.8434173,0.88677716
12.0,-0.33378738,0.2796247,-0.15336981,-0.22381344,0.23574588,0.004864378,0.058632106,-0.21872449,0.28832072,-0.3686242,-0.17814408,-0.012479406,-0.28440124,0.36510798,-0.14229062,0.15625021,-0.0002657622,-0.23556082,0.26300198,0.13873976,0.8353333,0.8344324,0.9338849,0.8687706,0.8998631,0.9744463,0.993175,0.85235524,0.8645895,0.8243797,0.9363917,0.98575896,0.88364357,0.82600725,0.9522734,0.9317392,1.003874,0.85993165,0.87662274,0.9237198
11.0,-0.29313147,0.24511078,-0.14417484,-0.19499561,0.21382287,0.0029646007,0.04778786,-0.19928406,0.25209823,-0.3260532,-0.16470529,-0.012224931,-0.26021996,0.32539532,-0.12763882,0.14139606,-0.00838856,-0.20698287,0.2323514,0.11666154,0.83420306,0.8357684,0.9329107,0.8715583,0.9045988,0.9766324,0.99741316,0.85317343,0.8598893,0.8211667,0.93962854,0.98359334,0.8835194,0.826635,0.9534928,0.9301998,1.0073991,0.85923916,0.8785442,0.9222264
12.0,0.508189,-0.42955756,0.20798585,0.36739185,-0.3305242,-0.03194278,-0.056101933,0.3515239,-0.42703736,0.582932,0.2682025,0.0066825002,0.44338456,-0.53256077,0.19520381,-0.25277704,-0.04369406,0.38523144,-0.4024824,-0.21877906,0.7982722,0.7780514,0.930638,0.83992094,0.93222696,0.93232006,0.900308,0.85835713,0.82094276,0.74601597,0.8949339,0.90758973,0.828618,0.76130515,0.9033526,0.8544269,0.905199,0.847657,0.8515386,0.89257365
10.0,-0.4848944,0.4064434,-0.19796139,-0.3310658,0.33334196,0.012413502,0.090470105,-0.31748912,0.42748588,-0.5331757,-0.24203262,-0.006648369,-0.3847734,0.5160237,-0.20950976,0.21965413,0.029571656,-0.34697974,0.38382632,0.22622159,0.8305004,0.82276386,0.94425213,0.85407954,0.8808898,0.9672495,0.9850908,0.8393228,0.86946535,0.82329917,0.9307798,0.9889664,0.87218624,0.82117856,0.95294046,0.9383545,0.9974788,0.8621253,0.8678053,0.9306939
1.0,-0.33170986,0.27777904,-0.1545232,-0.22182205,0.23674932,0.004538502,0.05670596,-0.22070897,0.2867916,-0.3670002,-0.17933634,-0.0115525015,-0.28576753,0.36385038,-0.14237386,0.15695962,-0.001806695,-0.23428725,0.2623865,0.1372804,0.8349645,0.8346747,0.934318,0.86934274,0.900354,0.9755814,0.99547875,0.85158044,0.8626108,0.8232251,0.9378296,0.9855875,0.8831782,0.82619524,0.9529146,0.931825,1.005576,0.8598543,0.877198,0.92374814
3.0,0.62405074,-0.51163375,0.23899671,0.4360033,-0.37337053,-0.048634157,-0.0858673,0.39578453,-0.5077422,0.69362336,0.30006173,0.023466274,0.5062214,-0.6478052,0.24008526,-0.29326448,-0.063039765,0.46783262,-0.46754003,-0.2778299,0.7918997,0.76151204,0.9343047,0.8248857,0.9305231,0.94141495,0.9000668,0.8339492,0.79811525,0.72149473,0.904857,0.8970354,0.8122319,0.74540436,0.89294916,0.83718324,0.9088271,0.84572226,0.8382999,0.8668808
7.0,-0.5952602,0.49876553,-0.21887153,-0.41743386,0.3955881,0.021638134,0.1225215,-0.37841418,0.5272434,-0.651771,-0.27810892,-0.0065601505,-0.43290117,0.6168569,-0.26256308,0.25265443,0.069016024,-0.43209857,0.47136146,0.29892725,0.8204207,0.8024002,0.94882655,0.8308604,0.86049664,0.94803107,0.95771086,0.8303927,0.87920165,0.81734747,0.9157548,0.9839811,0.85615486,0.80773306,0.95355195,0.9388185,0.9780991,0.8610048,0.8502504,0.93612957
12.0,0.33089432,-0.29320452,0.12762433,0.2454308,-0.21658811,-0.017208656,-0.03886526,0.24016114,-0.28772682,0.386373,0.17595495,-0.0056453496,0.28645062,-0.34457916,0.11461753,-0.16825388,-0.032638554,0.2544622,-0.2776806,-0.1527254,0.8018438,0.7897603,0.930157,0.84235907,0.92510825,0.94063306,0.91929334,0.8699389,0.83502936,0.7625839,0.90554404,0.9318351,0.84463215,0.77329814,0.9182491,0.87287486,0.9415129,0.847447,0.8510003,0.9038861
5.0,0.24126491,-0.21838352,0.09334598,0.1836347,-0.1665166,-0.011750998,-0.021918979,0.19104414,-0.21407364,0.28956416,0.13664658,-0.012536131,0.21887076,-0.25093105,0.082350515,-0.1288093,-0.025906075,0.18981265,-0.2125298,-0.11146747,0.809335,0.8005059,0.9278284,0.8491242,0.9230128,0.9433569,0.92516583,0.8760536,0.8462418,0.7772297,0.90620965,0.94199216,0.8549317,0.7826401,0.9234167,0.8830735,0.94622403,0.8488121,0.856784,0.9106668
9.0,0.43753117,-0.3787997,0.17826357,0.32022804,-0.28814757,-0.024606584,-0.048908837,0.3117478,-0.37513047,0.50647163,0.23500746,0.00090733543,0.38283175,-0.4598671,0.16133593,-0.2215875,-0.036161575,0.33306167,-0.35640788,-0.19388753,0.7983942,0.7814674,0.9303643,0.8397529,0.9284174,0.93376935,0.90588385,0.8663481,0.8278138,0.75197965,0.89833194,0.91704273,0.83533245,0.7653026,0.90945035,0.86121804,0.9202328,0.84676033,0.8500322,0.8987984
2.0,0.61439216,-0.50480276,0.23643237,0.4308498,-0.36962226,-0.0470483,-0.08366865,0.39199573,-0.5007788,0.6849688,0.29684284,0.022400655,0.5010928,-0.6381616,0.2363915,-0.28952122,-0.06183834,0.46122807,-0.46240467,-0.27316597,0.79208916,0.7627267,0.9340097,0.82574475,0.9304331,0.94079,0.89985925,0.83553404,0.7993028,0.72302145,0.90403265,0.8978834,0.81352973,0.74618655,0.8936866,0.838191,0.90907866,0.84578294,0.83906204,0.8689603
6.0,0.39118516,-0.34232685,0.15835711,0.2887714,-0.25959316,-0.020703334,-0.043266214,0.28391272,-0.3377791,0.4560159,0.21204917,-0.0023745298,0.3439741,-0.41067278,0.14145306,-0.19972692,-0.03313602,0.29925972,-0.32393306,-0.17528424,0.8000116,0.78529584,0.93003345,0.84107363,0.9266957,0.93570524,0.9100431,0.86944276,0.8319636,0.75713575,0.9001672,0.923375,0.8400408,0.768569,0.9128562,0.86617285,0.9279372,0.8468347,0.8507992,0.90226465
10.0,-0.45136818,0.3783731,-0.19029626,-0.3060921,0.31428644,0.010082262,0.081702985,-0.29882246,0.3971281,-0.49721816,-0.23009734,-0.0068364292,-0.3668928,0.483967,-0.19470567,0.20784146,0.020472381,-0.32206532,0.3580346,0.20541388,0.83209705,0.82682294,0.94228077,0.8590153,0.88609636,0.97097576,0.9905026,0.84172773,0.86651975,0.8235077,0.9340759,0.9890268,0.8754058,0.82331884,0.9531748,0.9374307,1.0013571,0.8617394,0.8711492,0.9293295
12.0,-0.4799738,0.40125495,-0.20262447,-0.3220924,0.34404293,0.011586611,0.08089746,-0.33386382,0.4279788,-0.52797705,-0.2456863,0.0007599704,-0.39500505,0.5151684,-0.21334851,0.22682308,0.024248015,-0.34435105,0.38564292,0.22184241,0.8271587,0.8230372,0.9478881,0.8581312,0.88263714,0.9768382,0.9979729,0.83529854,0.855029,0.8146434,0.9382813,0.9905994,0.8702295,0.8187424,0.9538999,0.9378265,1.0036179,0.8590407,0.8715274,0.93423826
6.0,-0.35936937,0.3008509,-0.15858097,-0.24139112,0.2496928,0.006109266,0.06521164,-0.23098233,0.31105924,-0.3944778,-0.18590064,-0.012211468,-0.2992335,0.3896068,-0.15175134,0.16548623,0.0050682463,-0.25313738,0.28245163,0.15276948,0.8357806,0.8330983,0.9344189,0.86672294,0.8962844,0.9734967,0.9906093,0.8517635,0.8663512,0.82543,0.9342058,0.9871332,0.8832437,0.8244901,0.9514747,0.93223286,1.0012494,0.8597478,0.8750249,0.9248458
11.0,-0.381194,0.31970918,-0.17141253,-0.25605518,0.27078295,0.0064051403,0.06569229,-0.2554415,0.3325572,-0.42166963,-0.20261367,-0.00886336,-0.3230144,0.41491428,-0.16403876,0.1798115,0.0053677373,-0.27058387,0.30278265,0.1643446,0.8343217,0.83267444,0.9378625,0.8663139,0.8953112,0.9749682,0.9961698,0.8470456,0.86320096,0.8234131,0.93786055,0.98725706,0.8806416,0.8261633,0.9535507,0.9345547,1.0059997,0.86100173,0.8759035,0.92589307
1.0,0.58568585,-0.48586255,0.22812086,0.4143805,-0.35752922,-0.04269246,-0.077822424,0.3799705,-0.48180735,0.6573309,0.28780922,0.018767871,0.48324457,-0.6096232,0.22359286,-0.27887383,-0.057183307,0.440593,-0.4468259,-0.2605307,0.79232746,0.7656777,0.9332284,0.8281735,0.9303994,0.9386394,0.9005736,0.84138525,0.8035762,0.7275804,0.902519,0.90049917,0.81701803,0.74922866,0.8965361,0.84181714,0.9106706,0.8455865,0.8408449,0.87516856
1.0,0.5463233,-0.458891,0.21615341,0.39057928,-0.34076026,-0.036978234,-0.069797486,0.36360464,-0.45507503,0.61864436,0.27518237,0.013553299,0.4582218,-0.570546,0.2066943,-0.26460665,-0.050532315,0.41207933,-0.42444006,-0.243094,0.79340976,0.7697539,0.93239844,0.831572,0.9300169,0.93638253,0.9012971,0.8493439,0.8101378,0.7338928,0.9006528,0.90448,0.82213163,0.75344217,0.90014637,0.84671426,0.9129234,0.8456355,0.84365463,0.88266736
6.0,-0.6346106,0.5337249,-0.22318113,-0.45242676,0.41451246,0.025707819,0.13832012,-0.3934358,0.5611389,-0.69541067,-0.28895345,-0.008386724,-0.4418708,0.64976674,-0.28125465,0.25871852,0.08939107,-0.463516,0.50456357,0.32681805,0.8161416,0.7922766,0.9475412,0.816834,0.8511066,0.93316156,0.9388605,0.8275927,0.88826746,0.81499624,0.9057118,0.9783567,0.84957564,0.8004551,0.9553266,0.9373609,0.9666431,0.8606008,0.838786,0.9370626
6.0,0.43409285,-0.3765129,0.17726952,0.31728286,-0.28780112,-0.024663705,-0.046977356,0.31057507,-0.37364918,0.50229913,0.23523967,-0.00040062144,0.38164142,-0.4566197,0.16001968,-0.22119851,-0.035298854,0.33037758,-0.354339,-0.19087589,0.7992264,0.7825219,0.9300556,0.84104335,0.92924,0.9327162,0.90629417,0.8679028,0.8302385,0.75433385,0.89782435,0.91700244,0.8355283,0.76738226,0.9104548,0.8630639,0.91830885,0.8474641,0.85080934,0.9000203
5.0,-0.3441688,0.28905436,-0.16152455,-0.23163491,0.24536061,0.0049082506,0.05869451,-0.23061937,0.29769057,-0.3829461,-0.18841423,-0.0112811625,-0.296856,0.37796915,-0.14822935,0.16321433,-0.0012102388,-0.24427621,0.27273005,0.14504883,0.8357321,0.83517915,0.9353589,0.86885786,0.89998,0.97442573,0.99637324,0.84994614,0.86416745,0.82432157,0.9389187,0.9849971,0.8820819,0.82863116,0.95432824,0.9335265,1.0070122,0.8619334,0.8778203,0.9234451
10.0,-0.41092592,0.34469458,-0.18296361,-0.27622896,0.29277852,0.0074500525,0.06990194,-0.2791791,0.36059952,-0.45488593,-0.21824588,-0.0063700825,-0.3466762,0.4461156,-0.17834006,0.19457233,0.00937086,-0.29273927,0.32752287,0.18164393,0.83336353,0.83121026,0.9407644,0.8643325,0.89224017,0.97500104,0.99767464,0.84339374,0.8620237,0.8222063,0.93890506,0.9877088,0.87779826,0.8261454,0.9544442,0.9363187,1.0070103,0.86184573,0.8754483,0.9275387
10.0,-0.40801167,0.3422996,-0.17959158,-0.2750009,0.28794894,0.0076456056,0.071292326,-0.27281308,0.357198,-0.45093712,-0.21418694,-0.007875506,-0.34114155,0.44189468,-0.17575149,0.1911775,0.010311399,-0.29025948,0.32408595,0.17987317,0.8338168,0.83100045,0.939693,0.8639604,0.8921288,0.9737867,0.9949582,0.8448353,0.86428636,0.82358885,0.93704844,0.9878975,0.8788029,0.82572514,0.9536713,0.93586993,1.0050793,0.8616441,0.87464494,0.92707306
2.0,0.5428873,-0.45771924,0.2119675,0.38713044,-0.33544308,-0.036679275,-0.07232263,0.3588661,-0.45357543,0.6126954,0.27075735,0.013674825,0.4499023,-0.56669766,0.20249175,-0.26222682,-0.050467495,0.40874785,-0.42154512,-0.24495646,0.7920935,0.7680707,0.9330664,0.8295423,0.92921865,0.9373612,0.9031446,0.84928185,0.8094957,0.7321225,0.9030262,0.9055052,0.82159656,0.75281763,0.90107995,0.84655017,0.91819286,0.8452051,0.84135234,0.8813857
4.0,-0.4280886,0.35922647,-0.18439916,-0.28967726,0.2991197,0.008860046,0.076446146,-0.28342545,0.37513757,-0.47238114,-0.2214159,-0.0077869073,-0.35259658,0.46136785,-0.18402489,0.19849558,0.014996242,-0.30483878,0.33938953,0.19183162,0.83354425,0.82928604,0.9407767,0.8615969,0.88929355,0.9720038,0.99233454,0.8436716,0.86629593,0.824087,0.93531233,0.98821497,0.87754107,0.82498914,0.95344883,0.93653697,1.0031656,0.86212045,0.8731541,0.9276747
5.0,-0.26560214,0.22057952,-0.13106678,-0.17463678,0.1927025,0.002223737,0.043761604,-0.1761771,0.22652845,-0.2922636,-0.14733095,-0.0133328065,-0.235239,0.29489735,-0.11527623,0.1268847,-0.010186106,-0.18531798,0.20871402,0.102930024,0.8342091,0.83537537,0.9306519,0.8717948,0.9054971,0.9769139,0.99435616,0.85638195,0.8586614,0.8196852,0.93774617,0.98284286,0.8841431,0.8235525,0.951859,0.9270835,1.004191,0.8572409,0.8778583,0.92167586
11.0,0.56351686,-0.46999818,0.22269326,0.40114412,-0.3503866,-0.03940528,-0.071320936,0.37221563,-0.46646202,0.63651437,0.2825524,0.0150798485,0.4726009,-0.5877077,0.21558365,-0.27171457,-0.053152118,0.42485708,-0.43453243,-0.24834204,0.7940372,0.769322,0.93248975,0.83179957,0.93107045,0.9365832,0.90027237,0.8464981,0.80870605,0.7330108,0.9000082,0.90236795,0.8203399,0.7527904,0.8985488,0.8454927,0.90872234,0.8463439,0.8441839,0.88045913
10.0,-0.46864098,0.39283943,-0.19434431,-0.3187678,0.32427055,0.011283219,0.08599623,-0.30858448,0.41270757,-0.51565915,-0.23631163,-0.0065604076,-0.37651938,0.5006129,-0.20231766,0.2141723,0.024939965,-0.3348217,0.371361,0.21597889,0.83133006,0.8247955,0.94343716,0.8566126,0.88342136,0.9693361,0.98806053,0.8404287,0.8677977,0.8232412,0.9325078,0.9890282,0.873846,0.82221496,0.9530447,0.9378242,0.999548,0.86194146,0.8696057,0.9299509
12.0,-0.51049566,0.42725915,-0.20533958,-0.348933,0.3512185,0.013963286,0.09499459,-0.33688918,0.4517259,-0.5605813,-0.25267604,-0.0047265403,-0.40102574,0.5410035,-0.2228347,0.23056227,0.035918605,-0.3664858,0.40481085,0.24237663,0.82807934,0.81912506,0.9466936,0.8508058,0.87699485,0.9664387,0.9836215,0.8362979,0.8679004,0.82062435,0.9301322,0.988876,0.86820894,0.8187035,0.95316404,0.938926,0.9956705,0.86165994,0.8658004,0.9327126
3.0,0.35156518,-0.31037217,0.14096373,0.26147604,-0.23453555,-0.017969202,-0.03825263,0.25925192,-0.30533797,0.4123739,0.19185272,-0.004937075,0.3102682,-0.36835888,0.124924675,-0.18062262,-0.031247616,0.27042097,-0.295174,-0.15888736,0.8018619,0.7888897,0.92961985,0.8424476,0.92542005,0.9377033,0.9140547,0.87127805,0.8351615,0.76176506,0.90201724,0.9286011,0.84377563,0.7716491,0.91581255,0.8704469,0.9340221,0.8470913,0.85164684,0.90470415
4.0,-0.38088152,0.32002196,-0.17078984,-0.25734806,0.26746914,0.0066550467,0.06735914,-0.25156218,0.33130014,-0.42194992,-0.20200732,-0.010574684,-0.3201245,0.41424236,-0.16291387,0.17783228,0.006084282,-0.27056408,0.30127752,0.16527227,0.8353819,0.83305275,0.9371642,0.8657829,0.89544404,0.9727639,0.9935536,0.8479197,0.8665987,0.8255064,0.9366903,0.98661923,0.880961,0.8274406,0.95359856,0.9349248,1.0048089,0.8622172,0.87574166,0.9251719
3.0,0.53677046,-0.4527415,0.21190271,0.3842082,-0.33481765,-0.035744663,-0.06935414,0.35811555,-0.44875932,0.60811454,0.27061006,0.01267644,0.44929853,-0.56082577,0.20145367,-0.26051778,-0.049178313,0.40477768,-0.41848874,-0.24048603,0.7930198,0.7698024,0.93251544,0.8313367,0.92949194,0.9364901,0.90228367,0.8508245,0.81106496,0.73429596,0.9013492,0.9058174,0.8229998,0.7539239,0.90115917,0.84756756,0.9157685,0.84534335,0.8431955,0.8835575
1.0,0.5511051,-0.4624645,0.217911,0.3928554,-0.34404433,-0.037721176,-0.06979444,0.36627504,-0.4591747,0.6230546,0.27803445,0.013307475,0.4623563,-0.5755741,0.20888525,-0.26738033,-0.050688263,0.415331,-0.42727876,-0.24421394,0.79389286,0.76975155,0.93244946,0.83212143,0.93074936,0.93599,0.90121394,0.8493688,0.81088084,0.73436624,0.9003889,0.90376663,0.8215209,0.7541081,0.90013474,0.8470267,0.91105336,0.84617764,0.84408563,0.8822727
4.0,-0.6001205,0.502969,-0.21964493,-0.42155376,0.39781943,0.022142552,0.12414026,-0.38032475,0.5312286,-0.65701956,-0.2796623,-0.0067772344,-0.43439335,0.6210542,-0.26482165,0.25366634,0.07114063,-0.4358658,0.47518313,0.3023963,0.8200237,0.8012902,0.94891584,0.8293504,0.8593648,0.94650453,0.95576394,0.8300317,0.8801213,0.8169774,0.9147038,0.9832794,0.8553361,0.8070268,0.95375454,0.9386229,0.9769641,0.8611263,0.8492188,0.9360873
5.0,0.6913826,-0.5527972,0.25545457,0.47340262,-0.39621207,-0.060705174,-0.10181331,0.41939715,-0.5473538,0.7558854,0.31653857,0.034593403,0.54319745,-0.71303123,0.2700203,-0.31438047,-0.07716404,0.51640815,-0.50095147,-0.30815586,0.7911244,0.7540181,0.936312,0.81645316,0.9289316,0.94935894,0.8997999,0.8162439,0.7854341,0.7093636,0.9108724,0.8922771,0.80341846,0.7364064,0.88541365,0.82802045,0.9082725,0.8456471,0.83145547,0.8494208
7.0,-0.511154,0.42812616,-0.20456734,-0.35037628,0.3492839,0.014173711,0.096529104,-0.33389437,0.4513771,-0.56131804,-0.25206277,-0.005888518,-0.3993216,0.541075,-0.22207528,0.22935438,0.036748406,-0.36676323,0.4044726,0.24302256,0.828716,0.81910455,0.9461567,0.85003626,0.8766503,0.964711,0.9814611,0.8369191,0.8704132,0.8219169,0.92877924,0.9884975,0.8686569,0.81908697,0.9531008,0.9389039,0.99467057,0.8622579,0.8652056,0.93194133
9.0,0.59666765,-0.49206537,0.23265323,0.42065737,-0.3645219,-0.044359304,-0.07788193,0.38597122,-0.48839766,0.6688876,0.29321373,0.019339502,0.49376097,-0.620426,0.23033081,-0.2838156,-0.058711898,0.44878998,-0.45287022,-0.2626586,0.7935959,0.7661103,0.9332934,0.82930666,0.931442,0.93878955,0.8996044,0.83971775,0.80358076,0.7279553,0.90145135,0.8992249,0.8162666,0.7494238,0.8953063,0.8415392,0.9064417,0.84655225,0.8423473,0.873846
4.0,-0.38321996,0.32145157,-0.16898921,-0.25830153,0.268428,0.0068918345,0.06845976,-0.2513793,0.3336963,-0.42271194,-0.19998096,-0.010381084,-0.31990796,0.4154278,-0.16335449,0.17805864,0.0076175295,-0.27158833,0.30290103,0.16571441,0.8348118,0.83215547,0.9369791,0.8654074,0.8944895,0.97331613,0.9925868,0.8483718,0.86603254,0.82502043,0.9354945,0.98756033,0.8814182,0.82551885,0.9525564,0.9342279,1.0032984,0.8608604,0.8748057,0.925757
8.0,0.51057386,-0.43319443,0.20414796,0.36860153,-0.32351387,-0.03233288,-0.06336724,0.3470611,-0.42903894,0.5827706,0.26178792,0.009746894,0.43365034,-0.5343328,0.19140969,-0.2502352,-0.045778167,0.386344,-0.40292084,-0.2275843,0.7943729,0.77323663,0.93172956,0.8336716,0.92910475,0.93542844,0.90237904,0.8549027,0.814883,0.73889416,0.8998337,0.9085448,0.82651734,0.75643516,0.90308136,0.85069716,0.9162843,0.8455369,0.8453248,0.8882969
3.0,0.6623822,-0.5343569,0.24975005,0.4575042,-0.38847476,-0.055349674,-0.0931761,0.41066492,-0.5298679,0.73036075,0.31118983,0.029112697,0.530436,-0.6848437,0.25881636,-0.30604178,-0.07076064,0.4957677,-0.48679125,-0.29306248,0.7924894,0.7584599,0.93530583,0.8219818,0.9304556,0.9453842,0.8991964,0.82433355,0.79203916,0.7160489,0.90672433,0.89409167,0.80781513,0.74129003,0.88839805,0.83269405,0.90552264,0.8463669,0.83647937,0.85784596
7.0,-0.49592966,0.41533747,-0.20147419,-0.33847392,0.34169728,0.013003474,0.09201467,-0.32674786,0.43814206,-0.54500115,-0.24694723,-0.005490981,-0.3925029,0.5269888,-0.21547395,0.22482167,0.032001864,-0.35539317,0.39309698,0.2330415,0.82933587,0.8212545,0.94548345,0.85288805,0.87929857,0.9673808,0.9851262,0.8378291,0.86815816,0.8218451,0.9308847,0.98904335,0.8703942,0.8200821,0.9530771,0.9386327,0.99707353,0.86181617,0.8671226,0.9317038
8.0,0.18194263,-0.16750145,0.06528518,0.14216955,-0.123573944,-0.009413153,-0.01639415,0.148047,-0.16267261,0.22211726,0.101755865,-0.0138471015,0.16344407,-0.18603119,0.05870419,-0.0973053,-0.025848769,0.1462116,-0.16457373,-0.08873514,0.81224865,0.805789,0.9272667,0.85174876,0.921218,0.9492805,0.93424445,0.87463343,0.8468201,0.7821266,0.9109093,0.94921863,0.860006,0.7866645,0.92714834,0.8880625,0.9567132,0.8485657,0.8589006,0.911784
9.0,0.39278433,-0.34367174,0.1569269,0.28935194,-0.2575017,-0.02112739,-0.04556583,0.28176796,-0.3386535,0.45644534,0.20989883,-0.0014804825,0.34147617,-0.41151187,0.14084442,-0.19887345,-0.03453157,0.30014962,-0.3240423,-0.17766422,0.7990549,0.7841948,0.93048334,0.83979803,0.92644626,0.93676287,0.9113771,0.8678637,0.83013314,0.755391,0.90167654,0.9235711,0.8391345,0.76769847,0.9130159,0.8655739,0.9307485,0.8465961,0.8494563,0.9008938
12.0,-0.6280837,0.5278799,-0.22269568,-0.4467097,0.40947077,0.025033612,0.13567668,-0.38848597,0.55397,-0.68778443,-0.28736368,-0.008819174,-0.44017634,0.64411026,-0.27717054,0.25743237,0.085210264,-0.4575854,0.49791026,0.322322,0.8177828,0.79439235,0.94813657,0.81900847,0.8523673,0.93504167,0.94162834,0.8283525,0.8880973,0.8157815,0.9068388,0.97870415,0.85105574,0.802503,0.95526683,0.93739355,0.9688273,0.86168414,0.84118974,0.9354367
8.0,-0.61318403,0.5144632,-0.22092089,-0.43309242,0.40443698,0.023472765,0.12950435,-0.38583127,0.5429403,-0.67152154,-0.2830336,-0.007303674,-0.43746725,0.6320887,-0.27111626,0.25581995,0.077885464,-0.44638556,0.48623073,0.31144482,0.8184342,0.7979616,0.94844514,0.8249935,0.85643107,0.94193006,0.9497786,0.8291408,0.8828927,0.81639147,0.9115027,0.9818504,0.85323894,0.8045648,0.95411545,0.9383486,0.97313786,0.8607403,0.8454066,0.9367285
7.0,-0.5141946,0.43066588,-0.20503798,-0.35274026,0.35101888,0.014441859,0.09749198,-0.33556464,0.45425004,-0.5645773,-0.25292706,-0.0059173703,-0.40062276,0.5438799,-0.22347493,0.23027557,0.037844982,-0.36909637,0.40685672,0.24492234,0.8284011,0.8185719,0.9462579,0.8494613,0.87613136,0.9642378,0.98070896,0.8367129,0.87071115,0.8218631,0.92832905,0.9885037,0.8683339,0.81870174,0.9530247,0.9389658,0.9941138,0.8621513,0.8647062,0.93218344
1.0,-0.59248155,0.4962769,-0.2188665,-0.41486079,0.39449278,0.021278368,0.121094614,-0.3777751,0.52487224,-0.6487201,-0.2776744,-0.006289184,-0.43253288,0.6145771,-0.26145756,0.25236338,0.0674912,-0.42991698,0.46912712,0.29716867,0.82070047,0.80311865,0.94896823,0.83185536,0.86115897,0.9491789,0.9592437,0.8304705,0.8782298,0.81728077,0.91671306,0.98424363,0.8563716,0.80825627,0.95354813,0.93887895,0.97903943,0.8610578,0.8511829,0.93617177
10.0,-0.49684656,0.4165397,-0.20075476,-0.34046838,0.33886352,0.013215624,0.093951285,-0.3225834,0.43741292,-0.5460673,-0.24642123,-0.0070615932,-0.3903432,0.52713937,-0.21447535,0.22319998,0.03291711,-0.3557713,0.39256424,0.23420265,0.83047706,0.8213881,0.94480056,0.85188353,0.87885773,0.9649998,0.98230714,0.8386717,0.87165374,0.8236321,0.9292194,0.9883555,0.87083966,0.8208962,0.9531571,0.93861675,0.9957852,0.8629107,0.86652684,0.9304606
9.0,0.54889846,-0.46109208,0.21701393,0.3913727,-0.3427713,-0.03736595,-0.06973891,0.36516815,-0.45779777,0.62066895,0.27709278,0.013061129,0.46031874,-0.57339734,0.20771526,-0.26655054,-0.050175462,0.4135818,-0.42595276,-0.24377438,0.79378,0.7697098,0.93250597,0.83213544,0.9305884,0.9360331,0.9013821,0.84986824,0.81117207,0.7343926,0.9004969,0.9041067,0.82184327,0.75419635,0.90029526,0.8471743,0.911761,0.8460559,0.8440979,0.88249075
6.0,0.5791878,-0.48189804,0.22575146,0.4101044,-0.35465991,-0.041478585,-0.07704651,0.37759805,-0.47803622,0.6505827,0.28555423,0.017712705,0.47814983,-0.6035025,0.22038583,-0.27691203,-0.055603456,0.43558812,-0.44309422,-0.2585838,0.79236704,0.76583177,0.933323,0.8284303,0.9300984,0.9384087,0.90060973,0.8430393,0.8048088,0.72799057,0.9025795,0.90130424,0.8179572,0.74975896,0.8971892,0.84224975,0.9119998,0.84547925,0.8410819,0.8759238
5.0,0.39901558,-0.3484011,0.15743685,0.2936389,-0.25750038,-0.021759463,-0.049001887,0.28217506,-0.34255147,0.46226537,0.2093282,0.00031250715,0.34226492,-0.41702998,0.14213224,-0.19956732,-0.0365421,0.30457246,-0.3272766,-0.18241832,0.7976927,0.7824971,0.93102205,0.8377641,0.9259161,0.9380928,0.9121124,0.8654047,0.8267073,0.7522014,0.9032461,0.9233648,0.8378509,0.76553625,0.91250646,0.8637134,0.93387175,0.8459145,0.8477186,0.89892507
2.0,0.52232885,-0.44229555,0.20885864,0.37497467,-0.33131182,-0.034182724,-0.063624665,0.3534732,-0.4391967,0.5940856,0.26880744,0.009588227,0.44378513,-0.5466625,0.19658008,-0.25656417,-0.046308983,0.3944388,-0.41034663,-0.23076868,0.79497075,0.77307624,0.9317047,0.8348193,0.93077725,0.9343348,0.9023439,0.8548378,0.8159793,0.73971605,0.89917356,0.9066913,0.8249776,0.757784,0.90294194,0.8513157,0.91193414,0.8464016,0.84608483,0.8877431
4.0,-0.6089882,0.5107286,-0.22059569,-0.42933422,0.40228024,0.023002919,0.1276991,-0.3840746,0.5391374,-0.66683114,-0.2820241,-0.007145826,-0.43656692,0.62855303,-0.26908755,0.2551741,0.07560344,-0.44296998,0.4826069,0.3085741,0.81899595,0.7990849,0.94862884,0.82645553,0.8573878,0.9434683,0.9518002,0.82943434,0.88196284,0.8166034,0.9126035,0.9823141,0.85387874,0.80543816,0.9540065,0.9384535,0.9744342,0.86091125,0.84672326,0.9364974
10.0,-0.50134826,0.41980273,-0.20313796,-0.34230053,0.34508827,0.013369044,0.092904106,-0.33035836,0.44288003,-0.550753,-0.24931513,-0.0051424876,-0.39594635,0.5322884,-0.2181639,0.22707658,0.033217367,-0.35942757,0.39737034,0.23658234,0.8290765,0.8205545,0.9460873,0.85214263,0.8783963,0.9670812,0.9847476,0.8372171,0.86806476,0.8212693,0.9306824,0.98880696,0.86956227,0.8197201,0.95322305,0.93865454,0.99672765,0.86198676,0.86685365,0.93179595
7.0,-0.53857267,0.45086503,-0.20686981,-0.3715163,0.3668955,0.017164428,0.10599429,-0.35066393,0.47889417,-0.5901133,-0.25733435,-0.005147755,-0.41032892,0.5660148,-0.2356522,0.23745292,0.048267182,-0.3884434,0.42756835,0.25888428,0.8244131,0.81308687,0.94671357,0.8448192,0.8718092,0.96135277,0.97468615,0.8347744,0.8712044,0.82004434,0.9243121,0.98953426,0.86602235,0.81328225,0.9517409,0.9389569,0.9881231,0.85928243,0.8595412,0.9353589
5.0,0.46584225,-0.4009159,0.18356267,0.3373645,-0.29573715,-0.027894283,-0.05930426,0.31932345,-0.39615083,0.53275263,0.23962069,0.005461678,0.39396963,-0.48726997,0.16953959,-0.23009685,-0.041652597,0.35271972,-0.3727967,-0.2113969,0.7946846,0.775727,0.9320441,0.8345798,0.92799556,0.9364694,0.9075769,0.8598845,0.82031846,0.74361616,0.9023359,0.9147836,0.83048224,0.7604752,0.9077612,0.8565095,0.9258436,0.8458419,0.8451259,0.89212793
1.0,0.50673807,-0.43078005,0.20197377,0.36578044,-0.32053524,-0.031965747,-0.06355054,0.34428966,-0.42651826,0.5781413,0.25946826,0.009486906,0.4292228,-0.53032017,0.18899524,-0.24837677,-0.04543111,0.38332114,-0.400288,-0.22683823,0.7941052,0.7730483,0.9318643,0.8333048,0.9288368,0.9356592,0.9030723,0.8552733,0.81508964,0.73883253,0.9004689,0.90917325,0.8266645,0.7565663,0.9035878,0.8510328,0.9179711,0.8454248,0.8448077,0.8883407
2.0,-0.32169563,0.2694085,-0.15123324,-0.21509391,0.22993606,0.004230071,0.054970913,-0.21393459,0.2776972,-0.35624182,-0.17484538,-0.012156237,-0.27815214,0.35364902,-0.13816835,0.15235649,-0.003100928,-0.22716694,0.25417465,0.1320142,0.83491975,0.8349651,0.9337623,0.8698105,0.90143394,0.9754041,0.9951328,0.8523361,0.86274004,0.82321966,0.9378014,0.9850958,0.8835656,0.82637787,0.9528118,0.9313799,1.0054988,0.85976785,0.8774292,0.9233223
7.0,-0.4478909,0.37556875,-0.1899781,-0.30353132,0.312227,0.009860257,0.08049838,-0.2969259,0.39365983,-0.49364713,-0.22944063,-0.0067850426,-0.36543408,0.48086807,-0.19322264,0.20680776,0.019258332,-0.3194819,0.35529584,0.20351562,0.8324724,0.8273477,0.94228053,0.8594994,0.88661724,0.97127694,0.99124473,0.8418343,0.8662929,0.8233987,0.9345846,0.98869103,0.8755987,0.8238387,0.9534266,0.937293,1.0020529,0.8620666,0.8717708,0.92888623
6.0,0.36254925,-0.3188888,0.13687521,0.26555014,-0.231201,-0.019759446,-0.046851896,0.25345224,-0.31315595,0.41799414,0.18626168,-0.0028021745,0.30628276,-0.37666145,0.12540807,-0.18075842,-0.03650899,0.27658296,-0.2986493,-0.16894156,0.79877096,0.78535175,0.9315245,0.8395995,0.9262051,0.9409151,0.91925246,0.8661751,0.83043313,0.75667214,0.9069517,0.92851585,0.84040624,0.77036834,0.9168761,0.86948454,0.94225436,0.84728014,0.8483182,0.89969385
8.0,-0.61502576,0.5161617,-0.22123525,-0.4348994,0.4040936,0.023651876,0.13032727,-0.38484645,0.54353756,-0.67340004,-0.28368443,-0.0078776665,-0.43756706,0.6334285,-0.27138907,0.25576758,0.078528956,-0.44745126,0.48717898,0.312932,0.818822,0.79770315,0.9484998,0.8240657,0.8557536,0.94062257,0.94841635,0.8291963,0.88431317,0.8165508,0.9106117,0.9810948,0.85311717,0.8047066,0.9544143,0.9381113,0.9726668,0.86136174,0.8450308,0.93587106
11.0,0.5574023,-0.4662178,0.22114074,0.3970706,-0.34840205,-0.0386408,-0.069560476,0.3700554,-0.46308434,0.6301834,0.28165495,0.013760805,0.46906614,-0.5818431,0.2128211,-0.2701408,-0.051523883,0.4201401,-0.43113577,-0.24526781,0.7944586,0.77016914,0.93229467,0.8329745,0.9314585,0.93575865,0.9006052,0.848527,0.8106542,0.7347186,0.8994844,0.9028627,0.82113844,0.7542567,0.8993766,0.8468852,0.9081019,0.8464867,0.8450806,0.8820648
4.0,-0.4118932,0.34589112,-0.17753032,-0.27934375,0.28573433,0.008329282,0.075273484,-0.26867422,0.35979867,-0.45448264,-0.21226406,-0.010100208,-0.3382074,0.44412526,-0.17552589,0.18944432,0.01330423,-0.29283184,0.3253342,0.18261492,0.8345191,0.83042705,0.9385862,0.8625558,0.8911523,0.9709775,0.99014294,0.84628433,0.8686696,0.82612026,0.93408084,0.98803675,0.87960166,0.8255342,0.952749,0.9358855,1.0018945,0.8619559,0.87317467,0.9267764
2.0,0.4793153,-0.40967655,0.19299534,0.3498132,-0.30644894,-0.02888005,-0.058303162,0.3308719,-0.40447384,0.5512785,0.24844973,0.007604383,0.41083592,-0.5017518,0.17815253,-0.23582797,-0.04324517,0.36423886,-0.38317564,-0.2138901,0.79505104,0.77633345,0.93101066,0.8347175,0.92794937,0.9353622,0.90394676,0.8578041,0.81724614,0.7426774,0.89975864,0.9122892,0.8299549,0.7582448,0.9053448,0.85379004,0.91989064,0.8451338,0.8460122,0.89261365
5.0,-0.6096216,0.5113007,-0.22081232,-0.42983535,0.4020929,0.02314963,0.12776226,-0.3836694,0.5390891,-0.66735625,-0.28233835,-0.0072877333,-0.4368278,0.6290727,-0.2691781,0.2552933,0.07566346,-0.44328934,0.48285908,0.3090591,0.8192024,0.7989996,0.9488492,0.8261588,0.8570975,0.94314235,0.95149803,0.82938355,0.8822846,0.8163999,0.9123481,0.98191136,0.85384697,0.80548716,0.95415586,0.9382266,0.97439915,0.8612427,0.8467995,0.93598956
11.0,-0.57942766,0.48525563,-0.2166717,-0.40427423,0.38678294,0.020098824,0.11707794,-0.37016106,0.51279247,-0.6345107,-0.27354357,-0.006378077,-0.42766443,0.60297537,-0.25460744,0.24895602,0.061856758,-0.41942447,0.45824128,0.28812948,0.8224089,0.80613756,0.9487583,0.8352072,0.86376715,0.95206356,0.9633023,0.83168244,0.8772961,0.8184836,0.91867864,0.98524356,0.8588293,0.8105002,0.9533245,0.93903464,0.98193073,0.86153543,0.8538811,0.93509775
8.0,-0.4838444,0.40512764,-0.20050928,-0.32848206,0.33679715,0.011939878,0.08701229,-0.32302552,0.42746985,-0.5322082,-0.24450558,-0.004344385,-0.3890017,0.51643044,-0.21094629,0.22236931,0.027314898,-0.34640753,0.38443342,0.22554037,0.82989216,0.82314926,0.9456491,0.85541785,0.8814475,0.97025347,0.98957056,0.8379023,0.86503303,0.8206803,0.9336247,0.98897165,0.8711185,0.8211675,0.95359737,0.9383135,1.0000494,0.8618403,0.869449,0.9313235
9.0,-0.2907628,0.24283025,-0.14293423,-0.19280586,0.212838,0.0028341888,0.04707739,-0.19816731,0.25031054,-0.3228691,-0.16310732,-0.011944465,-0.25856057,0.32275486,-0.12675159,0.14055978,-0.00860849,-0.20503111,0.2306317,0.115031525,0.8337971,0.8355945,0.93282855,0.87166315,0.9046245,0.9772009,0.9976637,0.85328245,0.8588879,0.82051057,0.9396326,0.9838301,0.883607,0.82586586,0.9532117,0.9298041,1.0073642,0.85857415,0.878391,0.9224851
6.0,0.1977395,-0.18085077,0.06511862,0.15133971,-0.12609863,-0.011162505,-0.023353722,0.14804336,-0.17587107,0.2349857,0.10142102,-0.012026694,0.16700655,-0.20022728,0.061391488,-0.10082327,-0.030765843,0.15628357,-0.17313057,-0.09806522,0.80966485,0.8032281,0.92817783,0.8499636,0.92242366,0.9507702,0.9381777,0.8708072,0.8418484,0.7776791,0.9144989,0.94751686,0.8563078,0.7857281,0.92869437,0.887068,0.9615492,0.8487236,0.85675114,0.9087301
11.0,0.18354902,-0.16845687,0.058759175,0.14066863,-0.117057934,-0.010489823,-0.021635428,0.13818601,-0.16403054,0.21835294,0.09360144,-0.013054065,0.15497288,-0.18515085,0.056459375,-0.093976304,-0.030182729,0.14544606,-0.1618423,-0.09288814,0.8103444,0.8047057,0.9282978,0.85149294,0.92256665,0.9517564,0.94022316,0.87117285,0.84366757,0.7798784,0.9150341,0.9492422,0.85802436,0.78786045,0.929579,0.88901895,0.9630675,0.8490317,0.8579013,0.9091254
2.0,0.66044027,-0.5331022,0.2488378,0.45679244,-0.38684502,-0.055095643,-0.093344815,0.40899363,-0.5282567,0.7284536,0.3096829,0.029382564,0.52858853,-0.6826244,0.25749433,-0.3046165,-0.0710464,0.49452692,-0.4858433,-0.29265937,0.79199815,0.7584186,0.9351988,0.82146525,0.9302695,0.9454141,0.8995008,0.8241789,0.7915121,0.7159129,0.90699714,0.8943029,0.80779916,0.7409892,0.88860345,0.8327284,0.90657777,0.84611744,0.8358402,0.8582297
11.0,0.4241254,-0.36847574,0.16993716,0.3109164,-0.27560484,-0.023718596,-0.05030653,0.2998962,-0.36359805,0.49053678,0.22443016,0.0013194457,0.36636177,-0.44453618,0.15370505,-0.21293804,-0.036932208,0.32304963,-0.34593454,-0.19119954,0.7974078,0.78103274,0.9308313,0.83798754,0.9270996,0.9359073,0.90875906,0.86516756,0.82621205,0.7508522,0.90100265,0.91951305,0.8357693,0.76459706,0.9105531,0.8616119,0.9270899,0.8461351,0.84812516,0.898117
12.0,0.49047464,-0.41897595,0.19620788,0.35508418,-0.31269926,-0.030239495,-0.0602936,0.33629435,-0.41483665,0.561165,0.25362438,0.0074156076,0.41794175,-0.5137284,0.18203115,-0.24205326,-0.043246973,0.37144738,-0.39014316,-0.2192541,0.79488236,0.7748761,0.93153834,0.834683,0.9288018,0.9350839,0.9040149,0.85799664,0.81802547,0.74187195,0.90012014,0.91096675,0.8284787,0.7586718,0.90520036,0.85357064,0.9188077,0.84574795,0.8457942,0.8909309
8.0,-0.35947877,0.30164495,-0.16528031,-0.24132985,0.25652263,0.0055041173,0.06143686,-0.24146882,0.3126434,-0.3986899,-0.19396442,-0.0100940615,-0.3078842,0.39324284,-0.15479569,0.17034325,0.0015882365,-0.25508523,0.28532046,0.15253055,0.8347233,0.8340179,0.93642855,0.86791205,0.8980323,0.97506326,0.99652296,0.8486924,0.8631594,0.823678,0.93849564,0.98626995,0.88172024,0.8271371,0.9537133,0.9338521,1.0067239,0.86103195,0.87690735,0.92487645
3.0,-0.5839775,0.48912224,-0.21737409,-0.40802544,0.38922057,0.020532839,0.1185762,-0.3724486,0.5168512,-0.639442,-0.2749249,-0.006457098,-0.4292394,0.6069861,-0.25684226,0.2500577,0.063806355,-0.42301553,0.461919,0.29125452,0.82190734,0.8051181,0.94883096,0.8339906,0.8628243,0.9509298,0.96175086,0.83132124,0.8778744,0.818173,0.9178588,0.9848535,0.858072,0.80978906,0.9534032,0.9389692,0.98090035,0.8614624,0.85292846,0.93531334
7.0,-0.3529435,0.29557225,-0.16232994,-0.23583266,0.25306365,0.00515339,0.05967825,-0.23762658,0.3069294,-0.3903793,-0.1899011,-0.009598009,-0.30345485,0.38612393,-0.15211776,0.16781478,0.00065631047,-0.24982052,0.28044242,0.14819342,0.834273,0.83387244,0.93609506,0.86844796,0.89832616,0.97637916,0.99728173,0.8491869,0.8612833,0.8224689,0.93858373,0.9866351,0.8820948,0.8258318,0.9532704,0.93293035,1.0065969,0.8598342,0.87683856,0.92497665
2.0,0.46249408,-0.39790925,0.18145305,0.3362625,-0.29120156,-0.027485283,-0.060619712,0.31602287,-0.39209116,0.52953124,0.23560083,0.006751694,0.3888161,-0.48311475,0.16748647,-0.22662988,-0.042699836,0.35065448,-0.3700577,-0.21156049,0.7938976,0.7751983,0.9321481,0.8327988,0.926752,0.9377639,0.9079305,0.8583095,0.81752765,0.7416029,0.9035263,0.9156663,0.8305609,0.7585168,0.9075066,0.8551045,0.9294579,0.8448721,0.8437521,0.8914569
5.0,0.4452678,-0.38490635,0.17937928,0.32480794,-0.28972113,-0.025473619,-0.052213483,0.31331766,-0.38079995,0.5134621,0.23577651,0.0022833273,0.38519964,-0.46721902,0.1633676,-0.22365902,-0.037782576,0.3383392,-0.36075887,-0.19917795,0.7971451,0.7796556,0.93095315,0.8381756,0.92823154,0.9347513,0.90659904,0.8643829,0.82553333,0.74935144,0.8996553,0.9165575,0.8339801,0.76383173,0.9089511,0.85984534,0.9223719,0.8464222,0.84852934,0.89676017
5.0,0.5324743,-0.44946012,0.2108087,0.3817889,-0.33317634,-0.035186376,-0.06815698,0.3564514,-0.44545215,0.6041467,0.26931036,0.012186728,0.4471378,-0.5564846,0.19994873,-0.25884438,-0.04866978,0.40185076,-0.41601878,-0.23809764,0.79331374,0.77051157,0.9323202,0.83181053,0.9294765,0.93621814,0.9021942,0.8514815,0.8116893,0.7351993,0.9009589,0.9061931,0.8235827,0.754373,0.90146935,0.84811795,0.9155496,0.8454158,0.843643,0.8844781
9.0,-0.5566359,0.46606392,-0.21286431,-0.38592935,0.37417793,0.01797949,0.11000802,-0.35799953,0.49225992,-0.60993713,-0.26645255,-0.0062035955,-0.41891497,0.5825638,-0.24340276,0.24282923,0.052709717,-0.40155545,0.4399624,0.2727366,0.82488215,0.81097454,0.94807345,0.84073615,0.86829245,0.9569126,0.97013944,0.8335558,0.87497187,0.8200583,0.9223416,0.98679227,0.8624801,0.81385696,0.95309293,0.93921846,0.98662233,0.86193794,0.85815877,0.9339151
3.0,0.60333,-0.49613404,0.23438752,0.42456058,-0.36704943,-0.0454488,-0.07927358,0.38829556,-0.49226946,0.6753644,0.294869,0.02039224,0.49796036,-0.6267778,0.23343776,-0.2858875,-0.060272913,0.45374823,-0.45637482,-0.26534334,0.793539,0.76553684,0.9334688,0.8286383,0.93147427,0.9394322,0.89952004,0.8379119,0.8023624,0.72695285,0.90181315,0.8986593,0.81537414,0.7486199,0.8946104,0.8407596,0.90609616,0.84671175,0.8418218,0.8723443
4.0,-0.49089605,0.4114487,-0.1989651,-0.33570802,0.336216,0.012860336,0.09235624,-0.31999978,0.43259925,-0.5394575,-0.24373911,-0.006795477,-0.3873915,0.52146596,-0.21197958,0.22136769,0.031435695,-0.35137403,0.38829753,0.22995329,0.8303248,0.82191545,0.9444772,0.8529975,0.87981564,0.96628827,0.9836538,0.8390538,0.8703863,0.8233752,0.9298551,0.9888641,0.8716435,0.8207157,0.9528783,0.93840045,0.9964266,0.8622309,0.86699694,0.93068403
6.0,-0.61325425,0.51429087,-0.22143924,-0.4324858,0.40611956,0.023519862,0.12848851,-0.38843414,0.54377013,-0.6715437,-0.28351235,-0.0064679235,-0.43877855,0.63260645,-0.2720998,0.2568129,0.077692986,-0.44684827,0.4868306,0.31149125,0.81782347,0.7977656,0.9488252,0.82552403,0.8566525,0.94322675,0.9511008,0.8286702,0.8808459,0.81536496,0.91252357,0.98212504,0.8527031,0.8040847,0.95401394,0.9382856,0.97357655,0.8602208,0.84590393,0.9376137
7.0,-0.48182684,0.40365052,-0.1991741,-0.32778838,0.3337923,0.011899866,0.087741725,-0.31923315,0.42506242,-0.5300966,-0.24294968,-0.0053930283,-0.38606802,0.5139884,-0.20920853,0.22038889,0.027393859,-0.34479815,0.38218117,0.22445378,0.83046377,0.823449,0.9449327,0.855231,0.8816485,0.9691508,0.9881399,0.8386696,0.866875,0.82194495,0.9327807,0.98882914,0.87173164,0.82163656,0.9534684,0.9383371,0.9994244,0.86219084,0.8691409,0.93079543
7.0,-0.5064627,0.42446485,-0.20239368,-0.34780204,0.34431666,0.0139187,0.09684427,-0.32786086,0.44633234,-0.5562406,-0.24922647,-0.0070857443,-0.39470235,0.5359315,-0.21884508,0.22618449,0.036078464,-0.36301965,0.40010408,0.2401276,0.8296904,0.8198617,0.94512355,0.85023457,0.877233,0.96375185,0.9802877,0.8380841,0.8724374,0.823481,0.927958,0.9884712,0.8697765,0.81979465,0.95297337,0.9388653,0.9941662,0.8626473,0.8650826,0.9310806
4.0,0.5645626,-0.47112918,0.22170934,0.40183192,-0.34874877,-0.03926141,-0.07372022,0.3716885,-0.46715456,0.6369792,0.2806443,0.016053796,0.4700567,-0.5887674,0.2148713,-0.27126017,-0.053590763,0.42544127,-0.43488574,-0.25145623,0.7929152,0.76774234,0.9328976,0.8297489,0.92985857,0.9376948,0.90037304,0.8455115,0.80679584,0.7304241,0.9014668,0.902714,0.8200397,0.7509578,0.8982228,0.8438295,0.9124327,0.84556586,0.8424019,0.87888414
10.0,-0.5715141,0.47856495,-0.2153824,-0.39782515,0.38248223,0.019360034,0.11455769,-0.36605445,0.5057029,-0.625952,-0.2710899,-0.006274428,-0.42477506,0.5959446,-0.2507146,0.24693498,0.058580603,-0.41319954,0.4518777,0.28271967,0.82326865,0.8078586,0.9485774,0.8372245,0.8653708,0.953896,0.9658368,0.83232087,0.87638855,0.819023,0.9200185,0.9858592,0.8601371,0.8116889,0.9532094,0.9391182,0.98363525,0.8616584,0.8554443,0.93470335
5.0,-0.6085547,0.5102579,-0.22083038,-0.42865825,0.40244317,0.023012638,0.12701797,-0.3845549,0.53873926,-0.6662347,-0.28216553,-0.0068648756,-0.43702894,0.62835854,-0.26913208,0.25549683,0.07514678,-0.4426746,0.48229742,0.30828866,0.81895804,0.7991696,0.9489189,0.82677996,0.85750425,0.9440876,0.9525275,0.82928354,0.88117015,0.8161462,0.91306,0.9823104,0.85378736,0.8054298,0.95401615,0.93834144,0.9748242,0.86090046,0.84718484,0.9365431
4.0,-0.43594408,0.3656956,-0.18560007,-0.2954845,0.30328262,0.009340637,0.078896806,-0.2871523,0.3823126,-0.4805046,-0.22343367,-0.00791781,-0.35629904,0.46856838,-0.18716398,0.20094109,0.017289106,-0.31052542,0.3453291,0.19634378,0.83322334,0.82838255,0.9409546,0.860535,0.8880921,0.97121114,0.9908226,0.8434262,0.86716914,0.824398,0.9342768,0.98859113,0.8771162,0.8243142,0.95312154,0.93676,1.0019,0.8619488,0.87215686,0.9281003
2.0,0.5933267,-0.49008822,0.2319667,0.4183181,-0.36385894,-0.04401218,-0.07644317,0.38482222,-0.48677725,0.6653613,0.29321644,0.018332876,0.4923992,-0.617187,0.22883172,-0.28318977,-0.05775241,0.44620153,-0.45109355,-0.2603503,0.7940557,0.76689476,0.9331085,0.8303572,0.9320472,0.9379929,0.8999132,0.8410991,0.8051302,0.72953117,0.9009258,0.8993483,0.8166013,0.7507334,0.8959901,0.8427822,0.9053088,0.8468718,0.843136,0.87510854
3.0,-0.5868559,0.4915303,-0.21787044,-0.41026497,0.3911549,0.020838983,0.119341865,-0.374463,0.51961285,-0.6425504,-0.27583587,-0.0063077994,-0.43048704,0.60961515,-0.25846234,0.25095907,0.06503682,-0.42538002,0.46440727,0.29317695,0.82142186,0.80440044,0.948958,0.8333193,0.86226743,0.9504894,0.9610394,0.8309857,0.87779516,0.8177247,0.91751885,0.98468244,0.8575151,0.80917954,0.95342034,0.93890727,0.98032165,0.86126506,0.85238606,0.9356401
6.0,0.33088678,-0.29327628,0.12924173,0.24497914,-0.22015983,-0.016879633,-0.03670925,0.24325028,-0.28863811,0.3868888,0.17889157,-0.007064294,0.29029134,-0.3456037,0.11581075,-0.17044076,-0.031024415,0.2544159,-0.2787142,-0.15107647,0.8028465,0.7906375,0.9298943,0.8437939,0.9257225,0.9392699,0.9178403,0.8719163,0.8380025,0.76473624,0.9039938,0.9314671,0.8453648,0.7747813,0.9182346,0.8738991,0.9383156,0.8481669,0.8523339,0.9049326
9.0,0.33732358,-0.29856536,0.13141906,0.25018543,-0.22178596,-0.017450515,-0.039061993,0.2455633,-0.2931881,0.3941526,0.18044274,-0.0053855963,0.2933107,-0.35187715,0.11770806,-0.1718938,-0.032338407,0.2593084,-0.2829576,-0.15505272,0.8016608,0.78932554,0.93015057,0.8423469,0.92526144,0.9399083,0.91796136,0.8702059,0.83506376,0.762181,0.9046351,0.9309513,0.8443356,0.7728422,0.9175217,0.87217855,0.9395968,0.8473365,0.8510976,0.90392804
5.0,0.50577724,-0.43015793,0.20249775,0.36481947,-0.32186833,-0.031904057,-0.061983116,0.34497923,-0.42647314,0.5772991,0.26096395,0.0084910095,0.43059745,-0.52968675,0.18920642,-0.24914189,-0.04450949,0.3825183,-0.40000993,-0.22505969,0.79486096,0.7739161,0.93166363,0.83471924,0.9295672,0.9348199,0.90288836,0.8565746,0.8169624,0.7405662,0.89953655,0.90897536,0.8270465,0.7579717,0.9038965,0.8521803,0.91570383,0.8459431,0.8460465,0.88936013
7.0,-0.5084609,0.42580548,-0.20451805,-0.34799382,0.34850457,0.013905607,0.09520063,-0.33354726,0.4491493,-0.55847365,-0.2516795,-0.005493343,-0.39887184,0.53883743,-0.22119093,0.22903842,0.035565596,-0.3647827,0.4026137,0.2413263,0.8287671,0.8195653,0.9462813,0.85073817,0.8771948,0.965612,0.98276806,0.8368515,0.8693862,0.8215338,0.9296055,0.9885531,0.86876607,0.8193273,0.95320755,0.93886304,0.99550563,0.8622035,0.86585003,0.93199503
8.0,-0.45396256,0.3802777,-0.19421157,-0.30616683,0.3205432,0.00986328,0.078884676,-0.30735064,0.40072888,-0.50052315,-0.23459743,-0.0042743683,-0.37385428,0.4883039,-0.1979329,0.21235122,0.018951844,-0.32429546,0.3617744,0.20692855,0.83115757,0.82686925,0.94405645,0.8598504,0.8861865,0.97362286,0.99486643,0.8397462,0.86215264,0.8206666,0.9368313,0.9889546,0.8740129,0.8231798,0.95397794,0.9376066,1.0040379,0.8615151,0.8725325,0.9302291
11.0,0.564524,-0.47155288,0.2223709,0.4013601,-0.34989068,-0.03962225,-0.07241256,0.37203565,-0.4680739,0.63667005,0.28249714,0.01523383,0.4713304,-0.58885264,0.21487267,-0.27210185,-0.05299377,0.425166,-0.43505943,-0.25006154,0.79346836,0.76847523,0.93265426,0.83108085,0.9308564,0.93672967,0.9008413,0.8465717,0.808367,0.7321809,0.90080893,0.9023719,0.81989676,0.7525329,0.8987291,0.84524757,0.9100554,0.84602183,0.843309,0.879937
6.0,0.5153694,-0.43719012,0.20528764,0.37099603,-0.32553336,-0.033090655,-0.064490914,0.3488055,-0.43327993,0.5868938,0.2635986,0.009982966,0.43606904,-0.53925663,0.19283317,-0.25239918,-0.046172958,0.38948074,-0.4057481,-0.23002034,0.79411155,0.77251226,0.9319291,0.8333723,0.92940754,0.93543166,0.902749,0.85453767,0.8147131,0.7383337,0.9002614,0.908006,0.8256717,0.7564449,0.90304625,0.8505592,0.9161402,0.8456594,0.84486884,0.88747054
3.0,0.419472,-0.36408314,0.17412573,0.31029576,-0.28075904,-0.022643115,-0.04372728,0.30526307,-0.3601104,0.48993787,0.22972915,-0.0004749,0.37353742,-0.44157997,0.1557075,-0.21412036,-0.0341438,0.32093877,-0.3453623,-0.18377501,0.7999976,0.78456753,0.9293224,0.8414636,0.9277866,0.93308294,0.90518826,0.868427,0.8297807,0.75548357,0.8967648,0.91878355,0.8381014,0.7665487,0.91006756,0.86287063,0.91902,0.84656775,0.851818,0.90218866
9.0,0.43205404,-0.37475443,0.17183417,0.3157558,-0.27855685,-0.02458673,-0.05262641,0.302673,-0.36977983,0.49812603,0.22644195,0.002272606,0.37045288,-0.45242915,0.15623377,-0.2157862,-0.03819686,0.32859915,-0.35079467,-0.19550776,0.79662454,0.77972513,0.9311902,0.8369264,0.92719257,0.9362849,0.9089641,0.8637947,0.8246519,0.7490422,0.901752,0.9187167,0.834483,0.7636186,0.9101906,0.8605545,0.9278141,0.8460651,0.84710073,0.8966225
2.0,0.48101723,-0.4127288,0.18840769,0.3466401,-0.30308503,-0.029773517,-0.06215331,0.32617646,-0.40820086,0.5476589,0.24549343,0.006802134,0.4039899,-0.50270474,0.17516106,-0.23643623,-0.043447513,0.3634444,-0.38236213,-0.21814394,0.7939632,0.77403444,0.9323387,0.8335794,0.92863023,0.93639046,0.9075073,0.85804105,0.81863195,0.7416241,0.902876,0.9128887,0.8283049,0.759561,0.90704525,0.855199,0.9246531,0.84595066,0.8440515,0.8900856
5.0,0.4623067,-0.3977846,0.18580204,0.33659816,-0.29814604,-0.027095472,-0.05552216,0.32210296,-0.39345974,0.5317582,0.24222387,0.00447648,0.39735496,-0.48475304,0.17029412,-0.23037922,-0.039918195,0.35092765,-0.37195712,-0.20705464,0.7961054,0.7776731,0.93119067,0.836459,0.92815083,0.93503773,0.90539634,0.86176383,0.8220732,0.74597836,0.89993036,0.9145143,0.8319221,0.761319,0.90739065,0.8569889,0.92162865,0.8459405,0.8472491,0.89445853
12.0,-0.3394876,0.28449264,-0.15750621,-0.22757977,0.2411443,0.004820757,0.058287755,-0.22504345,0.29313576,-0.37577212,-0.18326277,-0.011358794,-0.29149744,0.37190324,-0.14549893,0.16023375,-0.0009410493,-0.23990469,0.26847696,0.14193226,0.8355879,0.8346685,0.93472433,0.86886144,0.89958096,0.9750841,0.995395,0.8510591,0.8635072,0.8237015,0.9377951,0.98547596,0.88275146,0.82679737,0.9533364,0.9322677,1.0055251,0.8606581,0.87723213,0.9234722
2.0,-0.33342105,0.2792942,-0.15553474,-0.22304043,0.2382912,0.004566437,0.05681824,-0.22249055,0.28843462,-0.36917767,-0.1806539,-0.01137048,-0.28757158,0.365843,-0.14327618,0.15801777,-0.0017870627,-0.23566873,0.26394308,0.13818908,0.83491695,0.8346958,0.9345344,0.8693246,0.90031105,0.97561765,0.99584687,0.8512578,0.8625137,0.8231898,0.93808556,0.98558223,0.8830279,0.82641184,0.9530899,0.9320394,1.0059267,0.86000454,0.8772801,0.92379546
2.0,-0.04251314,0.02659264,-0.027632508,-0.016455501,0.022188567,-0.0022458076,0.018724583,0.0033562984,0.028319962,-0.029749576,-0.013004241,-0.020377021,-0.025593203,0.052228943,-0.022484623,0.009208831,-0.015786607,-0.017508093,0.014954869,0.0075023547,0.82861733,0.82628334,0.92357934,0.8648407,0.91422886,0.96261036,0.9580451,0.87452644,0.861255,0.80892086,0.9200626,0.96947354,0.8793368,0.8065694,0.9381273,0.9076783,0.974914,0.8517376,0.8702566,0.91793245
2.0,-0.37477607,0.3138307,-0.17032862,-0.25009194,0.27037477,0.0058637746,0.06259567,-0.25590646,0.328174,-0.41445205,-0.20075439,-0.0073738247,-0.3216096,0.4090838,-0.16253392,0.17918356,0.0034472086,-0.26595348,0.2991658,0.15962818,0.8330939,0.83275855,0.9381602,0.8674169,0.89618045,0.9773102,0.99917537,0.8464944,0.85944414,0.8212734,0.9394349,0.9877465,0.8807103,0.8251413,0.95355195,0.9340811,1.0076131,0.8595783,0.87636817,0.9266507
8.0,-0.48026246,0.40245137,-0.19765803,-0.32715997,0.3315294,0.011954048,0.088441074,-0.3161699,0.42330027,-0.52821,-0.24114108,-0.006125625,-0.38355815,0.5119227,-0.2078341,0.21877095,0.027682614,-0.34351146,0.3805362,0.22332484,0.8307302,0.823472,0.94435257,0.8550862,0.88169885,0.9684848,0.9869629,0.839329,0.8680879,0.8227459,0.93192637,0.9889303,0.872362,0.82158184,0.9531823,0.93820775,0.9986804,0.8621377,0.8687266,0.93048245
6.0,-0.23782364,0.19778429,-0.1281383,-0.15662074,0.18042624,0.00093625253,0.03539194,-0.16792843,0.20241193,-0.26664305,-0.14249183,-0.013024874,-0.22172534,0.26931107,-0.10698974,0.118323036,-0.016626023,-0.16767696,0.18916988,0.088041,0.8324025,0.83603203,0.9311199,0.8735145,0.90971094,0.9775962,0.99890786,0.85519415,0.85562813,0.81721175,0.94135666,0.9805403,0.882871,0.82590413,0.9541165,0.9274304,1.0088084,0.8579322,0.8793517,0.92009646
12.0,-0.48522013,0.40727574,-0.1977746,-0.3326944,0.32974827,0.01254371,0.091916285,-0.3126995,0.4256032,-0.5337782,-0.2420303,-0.008190185,-0.38270983,0.5158208,-0.20821491,0.21795647,0.029866528,-0.3468531,0.38266593,0.22746885,0.8321932,0.82326674,0.9437295,0.8531712,0.880559,0.9647697,0.98257273,0.84013784,0.8731881,0.8250822,0.92940927,0.98783565,0.8724972,0.8225997,0.9533868,0.93828577,0.9965514,0.8638407,0.8677086,0.92891735
3.0,0.5253625,-0.44496173,0.20563546,0.376295,-0.3263311,-0.03427349,-0.06988932,0.3501893,-0.4404567,0.5949617,0.26336753,0.012048133,0.43701583,-0.5487343,0.19493997,-0.25480583,-0.04832561,0.39604753,-0.41076672,-0.23810574,0.792294,0.76945895,0.9329531,0.8303131,0.9285756,0.93737483,0.903808,0.8516747,0.8114009,0.7339456,0.9028931,0.9077574,0.8238731,0.7538998,0.9023274,0.8481759,0.9208529,0.8450061,0.8420419,0.8837432
9.0,0.6233609,-0.508712,0.23984462,0.43601242,-0.37475038,-0.048757367,-0.08349887,0.39582914,-0.50451195,0.69454116,0.30049375,0.023335308,0.5101013,-0.6461716,0.24255626,-0.29258406,-0.064226896,0.46827623,-0.46682644,-0.27389765,0.79340595,0.76360685,0.93402416,0.82680756,0.93147975,0.94130945,0.8992852,0.8330761,0.79897034,0.72377944,0.9029937,0.89703035,0.8128604,0.7463404,0.89246494,0.83834344,0.90507764,0.8469205,0.84044796,0.8677802
11.0,-0.3962512,0.33236912,-0.17869835,-0.2658135,0.28378692,0.006730267,0.06671153,-0.27015355,0.3472485,-0.43902642,-0.21217406,-0.006813202,-0.33719924,0.43150175,-0.17199384,0.1885912,0.006486442,-0.282027,0.31605893,0.1729288,0.833566,0.83219403,0.9397882,0.8657289,0.89408433,0.97579217,0.99866563,0.844503,0.86124134,0.8220761,0.9395176,0.9874364,0.8788761,0.826437,0.95443374,0.9356746,1.0077907,0.86144364,0.8761751,0.92693913
9.0,0.6111212,-0.50153846,0.2366401,0.4289389,-0.37017334,-0.04665352,-0.08103372,0.3916021,-0.4977435,0.68267375,0.2974386,0.021350525,0.50232553,-0.6346189,0.23663382,-0.28887206,-0.06128673,0.45917755,-0.46058685,-0.26914802,0.7933628,0.7645465,0.93369883,0.8279112,0.9314132,0.9400099,0.8994443,0.83651334,0.80117136,0.725522,0.9023823,0.89797884,0.8144138,0.7477776,0.8938596,0.83970827,0.9059204,0.8465957,0.84124887,0.87061495
12.0,0.4829939,-0.4139377,0.1924361,0.34844726,-0.30913875,-0.029538086,-0.059111588,0.3316852,-0.41035396,0.5517202,0.25093833,0.0055625066,0.41174495,-0.506032,0.17844914,-0.239832,-0.041689407,0.36518842,-0.3849674,-0.21615589,0.7954145,0.77558637,0.93181217,0.8361744,0.92958134,0.9347605,0.9054128,0.86011505,0.8213658,0.74411935,0.90017366,0.91201097,0.82936984,0.76111543,0.9064685,0.85599047,0.9190561,0.8465141,0.84675443,0.8918781
6.0,-0.6129891,0.514346,-0.2210244,-0.43305257,0.40315333,0.023449238,0.12946883,-0.384117,0.5417646,-0.6711148,-0.28312162,-0.00774372,-0.43716007,0.63173217,-0.27045232,0.25548613,0.07745139,-0.44583547,0.48548627,0.3114647,0.81904644,0.7982215,0.948592,0.8248084,0.856239,0.94144595,0.9494551,0.82932156,0.88376135,0.8166083,0.9111673,0.9813775,0.8534462,0.8050641,0.9543301,0.93816316,0.97327226,0.8613802,0.84565496,0.9358058
1.0,0.5866881,-0.4873502,0.22775611,0.41439432,-0.35735714,-0.04266841,-0.078994185,0.38029835,-0.48351806,0.6575122,0.287786,0.018707193,0.4820455,-0.6109818,0.22310956,-0.27964643,-0.056643005,0.44082326,-0.44732064,-0.262475,0.7919085,0.76472855,0.9335421,0.8275018,0.9300339,0.93891555,0.90078914,0.8417272,0.80351686,0.7265569,0.90326583,0.90058607,0.8168449,0.74887025,0.89660305,0.8413112,0.91224104,0.84532505,0.84021455,0.8743893
10.0,-0.47717863,0.39991552,-0.19558701,-0.3252039,0.32939875,0.011941059,0.08874399,-0.31350473,0.42111528,-0.52474976,-0.23855788,-0.0066389516,-0.3803827,0.5085387,-0.20613843,0.21688546,0.027855333,-0.34131175,0.37810147,0.22099859,0.83043444,0.823489,0.943645,0.8552893,0.8821181,0.9683486,0.9862411,0.83992684,0.8684881,0.823339,0.9313721,0.98944175,0.873194,0.82116634,0.9526505,0.93813443,0.9980686,0.8614435,0.8682546,0.9308854
3.0,0.45689484,-0.39364296,0.18321162,0.3336398,-0.2934524,-0.026749292,-0.055624574,0.3180007,-0.3886637,0.52609044,0.23858215,0.004914798,0.3915784,-0.4786516,0.1674155,-0.22673538,-0.040306084,0.34718102,-0.36811534,-0.20550251,0.795677,0.7777244,0.9311203,0.8357221,0.9275211,0.93560404,0.9062507,0.8612019,0.8210015,0.7455958,0.9006871,0.9153382,0.8321335,0.76082355,0.90769356,0.8569811,0.9237411,0.8454318,0.8464509,0.8946571
2.0,0.6013844,-0.495848,0.23357287,0.42324632,-0.36566946,-0.04527063,-0.07936388,0.38713562,-0.49209207,0.67276025,0.29440182,0.02008441,0.49536285,-0.62504274,0.23142125,-0.28528488,-0.059574064,0.45194834,-0.45542815,-0.2653618,0.79310006,0.76523703,0.9334004,0.82843095,0.9314761,0.93904173,0.90017647,0.8387477,0.80260116,0.72697204,0.9022726,0.8987846,0.815249,0.7489517,0.89518076,0.84109575,0.9069152,0.84634036,0.84129167,0.8728291
3.0,0.42164242,-0.3665607,0.16912735,0.3090536,-0.2747518,-0.023419688,-0.049693838,0.29883397,-0.36178756,0.48787263,0.2237217,0.00086129084,0.36496365,-0.442094,0.15297069,-0.21214028,-0.036477033,0.32116038,-0.34431878,-0.19001776,0.7976341,0.78141606,0.93083453,0.8385568,0.9272558,0.9358244,0.9088893,0.8657079,0.8271347,0.75158095,0.9007671,0.9198376,0.8362493,0.7652283,0.91072166,0.86218196,0.92681485,0.84628356,0.8485851,0.8985064
8.0,-0.47812712,0.40072668,-0.19807997,-0.3252741,0.33079088,0.011785753,0.08705261,-0.31583092,0.42112672,-0.52604944,-0.24139503,-0.005677756,-0.38363922,0.51037616,-0.20717685,0.21872565,0.026449885,-0.34188837,0.37901595,0.22221819,0.8310242,0.8239424,0.9446919,0.855596,0.8820739,0.9691205,0.9882085,0.8391155,0.8673171,0.8222054,0.9327185,0.98859197,0.87233174,0.8220259,0.9535217,0.9380603,0.99962467,0.8624804,0.8695435,0.9301338
5.0,0.5974072,-0.49347758,0.23130772,0.42146963,-0.36199436,-0.04415123,-0.08102218,0.38501972,-0.48924196,0.6689042,0.29063532,0.020668596,0.4898417,-0.6213643,0.22883596,-0.28291678,-0.059138197,0.44909924,-0.45321012,-0.26675704,0.7918288,0.76394653,0.93370485,0.82646734,0.9297548,0.9400418,0.8998754,0.8386397,0.80096716,0.7245494,0.90345514,0.8996244,0.81583315,0.7470363,0.8950057,0.83937687,0.9114883,0.84526813,0.8397012,0.87208056
12.0,0.25730342,-0.23175333,0.09808042,0.19504827,-0.17264387,-0.0127926245,-0.02679206,0.19706477,-0.22646911,0.30643454,0.14125557,-0.010331616,0.22794896,-0.26675662,0.08711659,-0.1340824,-0.028349083,0.20128538,-0.22333583,-0.12024281,0.807137,0.79800385,0.9285673,0.8471127,0.92310077,0.94403875,0.92547476,0.8735292,0.8419127,0.772926,0.9072627,0.940581,0.85265386,0.77992976,0.92257845,0.8806321,0.9479792,0.84798145,0.8550685,0.9088385
12.0,-0.5977982,0.50104,-0.21920937,-0.41981992,0.39588797,0.021860838,0.12365892,-0.37815842,0.5287782,-0.6544748,-0.2788741,-0.0070578307,-0.43323395,0.6188538,-0.26330936,0.25279355,0.070065886,-0.43383634,0.47300786,0.3008425,0.82060826,0.8019641,0.94878405,0.82984793,0.8597786,0.94667864,0.95618683,0.83039784,0.88055503,0.81754553,0.9148343,0.98337007,0.8558859,0.80768716,0.9537712,0.93868434,0.9773965,0.8614426,0.84965175,0.9355822
12.0,0.5173006,-0.43983206,0.20121884,0.36867547,-0.32265893,-0.033758085,-0.06807165,0.34455168,-0.4360928,0.584188,0.2607911,0.009541482,0.43053892,-0.54013115,0.19065952,-0.2526162,-0.04674806,0.38915843,-0.40516716,-0.23377216,0.7931205,0.77062744,0.9331604,0.83243454,0.9301326,0.9364442,0.9059778,0.8542542,0.8158449,0.7374721,0.9028924,0.90862256,0.8244101,0.75749665,0.9043484,0.85185415,0.920162,0.8463991,0.84323424,0.88526225
2.0,0.67451996,-0.53887284,0.25196433,0.46388254,-0.3924011,-0.057913426,-0.095191605,0.4134819,-0.5334056,0.74225056,0.3126232,0.0315872,0.53917634,-0.6951512,0.2664106,-0.30859277,-0.07541822,0.505446,-0.49182177,-0.29585272,0.79349715,0.7584038,0.93584293,0.82098025,0.9305378,0.9477633,0.898788,0.8192052,0.79001117,0.71510017,0.9069918,0.89367974,0.80645293,0.73975134,0.8865197,0.8318752,0.90398663,0.8478311,0.83609736,0.85417384
11.0,-0.390295,0.3273978,-0.17063728,-0.2633954,0.27242324,0.0072681536,0.0702893,-0.25510818,0.3400542,-0.4301987,-0.20243381,-0.010336205,-0.32404876,0.42228454,-0.16616668,0.1806635,0.009178203,-0.27666432,0.308337,0.16973792,0.8347753,0.83165944,0.9372723,0.86470133,0.89354664,0.9728324,0.9917986,0.84803975,0.8666761,0.82528543,0.9349174,0.9878151,0.8811226,0.82525045,0.95243096,0.9344823,1.0026547,0.8609456,0.8743014,0.92601234
9.0,-0.24030668,0.19958402,-0.12247637,-0.15858832,0.17485148,0.0016225288,0.040004067,-0.15892534,0.20369565,-0.26576993,-0.1358667,-0.015205082,-0.21457738,0.26876503,-0.10503169,0.114658765,-0.012467165,-0.16788383,0.18768184,0.09053321,0.8335582,0.8353009,0.92984384,0.8721656,0.90811574,0.9753563,0.9922177,0.85805595,0.86011165,0.8197717,0.9370856,0.9813007,0.8842942,0.8242311,0.95154464,0.92630446,1.0032965,0.8575451,0.8778785,0.92040527
10.0,-0.3273559,0.27386594,-0.16414598,-0.21496859,0.24968082,0.0028226515,0.046429835,-0.2396318,0.28613725,-0.36585906,-0.18992844,-0.004469961,-0.3008,0.3652011,-0.14655513,0.1658309,-0.00961199,-0.23259951,0.26588762,0.13278851,0.83233434,0.8360447,0.9378743,0.87236774,0.9025448,0.9825387,1.0100839,0.8459468,0.85022753,0.81553227,0.94654375,0.98499984,0.88058287,0.82701373,0.95669174,0.93254256,1.0156553,0.8589783,0.8806106,0.9245766
6.0,0.509704,-0.43339244,0.20234883,0.36692643,-0.32157212,-0.03245991,-0.0644792,0.34500954,-0.42933702,0.5803081,0.26043454,0.009517081,0.43023065,-0.5333086,0.18965167,-0.24976207,-0.045579594,0.38508052,-0.40192708,-0.22860375,0.7938779,0.77246857,0.9320933,0.8331549,0.9291171,0.93570906,0.9035823,0.85518336,0.81523526,0.738504,0.90088725,0.9089097,0.8261104,0.7567545,0.9036778,0.85113966,0.91813934,0.8455652,0.8445057,0.88773173
7.0,-0.46512341,0.38994834,-0.19461018,-0.31588107,0.3226861,0.0109739285,0.08418052,-0.30746326,0.40914053,-0.5120557,-0.23624943,-0.0061139576,-0.37594846,0.49773616,-0.2010625,0.21364777,0.023219984,-0.3321572,0.36878392,0.21409428,0.8318001,0.8254831,0.9437007,0.8573315,0.88400704,0.97011113,0.98961574,0.8403096,0.8669248,0.82271487,0.9335058,0.98862207,0.87385064,0.8228547,0.9534961,0.93766814,1.0007282,0.8623856,0.87061006,0.9294345
8.0,-0.6111349,0.51272494,-0.22068456,-0.43152472,0.4024553,0.023203243,0.12894233,-0.38364276,0.54052234,-0.6692086,-0.28250015,-0.007657308,-0.4365285,0.6301579,-0.26963523,0.25509486,0.07671882,-0.44445693,0.4840706,0.3101574,0.81910056,0.79865676,0.94844186,0.8254531,0.85675645,0.9420647,0.9501951,0.8294984,0.8834092,0.81692797,0.91160834,0.98182315,0.85374045,0.8053302,0.9541754,0.93838257,0.9736691,0.8612143,0.84596306,0.9360726
4.0,-0.1402782,0.11325889,-0.08845867,-0.08886335,0.112093605,-0.0014924556,0.019775035,-0.09844534,0.11519661,-0.15592016,-0.090749785,-0.016061272,-0.13850465,0.16510041,-0.06813732,0.070596136,-0.02316076,-0.09602994,0.10794367,0.041570574,0.8283606,0.83222026,0.928026,0.87204653,0.91493773,0.97467613,0.9894413,0.8611448,0.85319084,0.8109479,0.9370211,0.97545624,0.88089365,0.8195313,0.9504473,0.9198591,1.0018536,0.85464525,0.87642103,0.91706294
2.0,0.5871741,-0.48657838,0.22893122,0.4153266,-0.35875222,-0.04283029,-0.07769962,0.381152,-0.4826042,0.6591458,0.2886783,0.018820226,0.48503754,-0.6111824,0.22478311,-0.27965447,-0.057317767,0.44176215,-0.4476853,-0.26073194,0.79259783,0.76580137,0.933237,0.82843256,0.9304847,0.93868166,0.90018487,0.84117573,0.8035981,0.7276057,0.90221494,0.9003288,0.8170591,0.7491925,0.89624274,0.8416478,0.90992105,0.8457256,0.8412337,0.87497014
11.0,0.5122466,-0.43535727,0.20374501,0.3681462,-0.3242142,-0.032904293,-0.06372631,0.34697303,-0.4318365,0.5828264,0.26282522,0.009011544,0.43356287,-0.53612876,0.19106367,-0.25171015,-0.045405444,0.38685277,-0.40370092,-0.22839558,0.7944362,0.77288675,0.9319551,0.8340006,0.9298583,0.93500453,0.9034032,0.85568136,0.8163217,0.7395554,0.9003021,0.9082918,0.8258165,0.7576964,0.90384555,0.8518003,0.9159635,0.8461014,0.84518224,0.8880584
1.0,0.5133147,-0.43581,0.20476085,0.3690735,-0.32556626,-0.032785248,-0.06349829,0.34839508,-0.43232858,0.584513,0.2638091,0.009024166,0.43546817,-0.5373741,0.19221635,-0.2524554,-0.045214508,0.38772005,-0.40452272,-0.22858164,0.79466075,0.7730538,0.9319415,0.8343869,0.929878,0.93499506,0.90279454,0.8557559,0.8164132,0.739559,0.89978576,0.9081813,0.8261675,0.7575738,0.90341353,0.85151947,0.9151999,0.8460751,0.8457945,0.88810706
11.0,0.5276046,-0.4464689,0.20895728,0.37791184,-0.3313416,-0.034757387,-0.06682778,0.35411158,-0.44290274,0.5984617,0.26830912,0.010912828,0.44382414,-0.5516905,0.19752188,-0.2576555,-0.047489826,0.3979557,-0.4130432,-0.2355237,0.7937656,0.7711663,0.93226874,0.83277446,0.92999053,0.9355812,0.9028383,0.85311097,0.8137467,0.736884,0.90076643,0.90661764,0.8239918,0.755941,0.90241617,0.84967154,0.9151031,0.845873,0.8442322,0.88554233
2.0,0.37420434,-0.32844257,0.15613475,0.2798477,-0.2548208,-0.018923404,-0.03657084,0.28040147,-0.32403034,0.44145745,0.20948967,-0.004055772,0.33792374,-0.3942693,0.13715085,-0.1938455,-0.03040436,0.28821602,-0.31413943,-0.16415161,0.80239385,0.78897387,0.92857283,0.8433207,0.9261931,0.9341354,0.9082164,0.87224394,0.83485353,0.76159006,0.8976774,0.92456627,0.8429449,0.77022165,0.9132746,0.86788064,0.92421037,0.84681356,0.85312045,0.90617865
3.0,0.6289509,-0.5136819,0.24114007,0.43888542,-0.37644657,-0.04963535,-0.08543046,0.39807,-0.5097388,0.6990003,0.30239072,0.023915261,0.511626,-0.6522039,0.24364056,-0.29502285,-0.0643466,0.47173965,-0.4699849,-0.27784783,0.7927679,0.762202,0.93422186,0.8256994,0.93121135,0.94156885,0.89967936,0.8326454,0.79804486,0.72219265,0.9040862,0.8964951,0.8118659,0.74565035,0.8922698,0.8374,0.906085,0.84640115,0.8392547,0.8664223
1.0,0.52716357,-0.44615954,0.20793667,0.37770572,-0.32961825,-0.034589406,-0.06809782,0.3529184,-0.44217747,0.59771854,0.26655126,0.011486687,0.4415766,-0.5510075,0.19676806,-0.2566804,-0.047875334,0.3975875,-0.41248432,-0.23676455,0.79313934,0.7704362,0.9325161,0.83171946,0.9293419,0.93632346,0.9030835,0.85242426,0.8126082,0.73556143,0.90156615,0.907007,0.8239355,0.7549425,0.90224856,0.84889287,0.9173471,0.84545976,0.8433319,0.884777
6.0,0.5839189,-0.48093614,0.22997382,0.41340104,-0.36144623,-0.042176083,-0.07312397,0.3819392,-0.47712612,0.65800697,0.29016772,0.017317548,0.49019662,-0.6068295,0.22782882,-0.27918977,-0.057178337,0.44019812,-0.4453163,-0.25366318,0.79564863,0.7694842,0.93290156,0.8327373,0.93241537,0.937935,0.8987786,0.84186566,0.8068696,0.73199743,0.8988229,0.90056324,0.8191312,0.75176454,0.89582413,0.8439712,0.90341276,0.84760225,0.84617245,0.8771082
7.0,-0.3223742,0.26975104,-0.1522523,-0.21490702,0.2323032,0.0040617506,0.054065004,-0.21685293,0.2788939,-0.35703692,-0.17607822,-0.011285171,-0.28046146,0.3547301,-0.13910514,0.1537972,-0.0036465935,-0.22769575,0.25553864,0.13185775,0.8343911,0.83492434,0.934125,0.8700836,0.9014721,0.97643864,0.9967317,0.8516988,0.8609773,0.8222305,0.9386596,0.9853675,0.88326365,0.82600534,0.9530246,0.9314284,1.0064955,0.85930634,0.8775708,0.9237173
7.0,-0.51600647,0.4322713,-0.20496568,-0.3544516,0.35125014,0.014643045,0.09854539,-0.335354,0.4555996,-0.5664821,-0.253081,-0.0063222013,-0.40068227,0.54530793,-0.22393684,0.23030789,0.0387138,-0.3703937,0.40801132,0.2460945,0.8284661,0.818264,0.9461163,0.84889615,0.875716,0.9634248,0.9795802,0.8368324,0.8717075,0.8222567,0.92761207,0.9883939,0.86832356,0.8185914,0.95295966,0.93896306,0.99343723,0.86227,0.86420935,0.93201554
12.0,0.37394288,-0.32851207,0.14859006,0.27636743,-0.24564195,-0.019796835,-0.04314217,0.2699987,-0.3232885,0.43566185,0.20029026,-0.0027961694,0.32549742,-0.39135268,0.13290562,-0.18984658,-0.033629864,0.2864192,-0.3104107,-0.16975537,0.7999588,0.78595155,0.93027467,0.84048754,0.9258905,0.93765104,0.9132973,0.86882365,0.8317105,0.7576661,0.9025498,0.92603403,0.8408862,0.76921993,0.9145169,0.8676869,0.9336507,0.84677976,0.8498999,0.9021426
6.0,0.34890318,-0.3081356,0.13853288,0.2589529,-0.23158646,-0.01790876,-0.03890314,0.25583088,-0.3030368,0.40840968,0.18900335,-0.005054347,0.30625942,-0.3650669,0.12334894,-0.1787654,-0.031670004,0.26813972,-0.29258022,-0.15862551,0.80165684,0.78879154,0.92989707,0.8424083,0.92550355,0.9383664,0.9152374,0.8708951,0.8351763,0.7617087,0.90282094,0.9291722,0.8438051,0.77200854,0.91624975,0.8709181,0.9356656,0.8472201,0.8514531,0.9042662
8.0,0.60413855,-0.4976312,0.23426518,0.42486426,-0.36674032,-0.045466315,-0.08034349,0.38861296,-0.493901,0.6755741,0.2949049,0.020516954,0.4967331,-0.6279935,0.23274569,-0.28639948,-0.059815247,0.45393798,-0.4569393,-0.26723018,0.7929355,0.7646078,0.93361,0.8278382,0.93103,0.93956554,0.89974684,0.8381731,0.8019147,0.7258654,0.902564,0.8986428,0.815116,0.7481307,0.8946781,0.8401524,0.9075986,0.8462036,0.8409783,0.87182087
1.0,0.594228,-0.49164551,0.2303442,0.41946527,-0.36063093,-0.043836858,-0.08020154,0.38343412,-0.48747283,0.66557884,0.2898882,0.020124324,0.4877852,-0.6181914,0.22713943,-0.28181773,-0.05861127,0.44673076,-0.45150623,-0.26512116,0.7918797,0.7643548,0.9335596,0.82687044,0.93,0.9395658,0.9002802,0.83944184,0.80171424,0.7254376,0.9033144,0.8998262,0.81598824,0.74773645,0.8955641,0.8401788,0.9113146,0.8453579,0.839834,0.87296885
1.0,0.55543536,-0.46597406,0.2177585,0.3956502,-0.34313667,-0.03826178,-0.07312419,0.36632812,-0.4620127,0.6266304,0.27688792,0.014974855,0.46134377,-0.57963175,0.20927007,-0.26762345,-0.052018058,0.4182787,-0.42945454,-0.24891016,0.79239804,0.7677575,0.9329028,0.82967764,0.9296548,0.9373194,0.9017691,0.84742194,0.8080415,0.7312119,0.90218097,0.9038047,0.820557,0.75191253,0.899569,0.8451329,0.91478246,0.8452816,0.84180564,0.8801638
8.0,0.67097765,-0.536497,0.25164086,0.4612128,-0.39233932,-0.05761144,-0.092718795,0.4121782,-0.5313724,0.73866946,0.31340793,0.030135699,0.5389942,-0.6912647,0.2652161,-0.30808362,-0.07448198,0.5027196,-0.48989964,-0.2920283,0.7945851,0.76000524,0.93554986,0.82311046,0.9319954,0.94652194,0.89933324,0.82082945,0.79240716,0.71798104,0.90575,0.8937383,0.80684566,0.7419415,0.8873678,0.83409053,0.90111697,0.8487047,0.83789665,0.8561608
5.0,-0.039712235,0.025044965,-0.047930963,-0.016256984,0.047531404,-0.0046260874,0.0013819691,-0.032822683,0.028144903,-0.04056843,-0.039300263,-0.014288016,-0.05610936,0.058347426,-0.031209484,0.024456939,-0.03007081,-0.0213263,0.026497152,-0.0046209022,0.82169574,0.825354,0.92726463,0.8671881,0.91821253,0.9723251,0.9810465,0.86311865,0.8443734,0.79868853,0.93393373,0.9693913,0.87479454,0.80914444,0.9463007,0.9102544,0.9963591,0.85035133,0.871246,0.91433257
6.0,-0.61222553,0.5135794,-0.22100282,-0.4321095,0.4038982,0.023409635,0.12884372,-0.38542813,0.5418574,-0.67035013,-0.2829525,-0.0072273947,-0.43749717,0.6313365,-0.27066118,0.25581738,0.077187926,-0.44555485,0.48530984,0.31081825,0.8186253,0.7982367,0.9486692,0.82536274,0.8566052,0.9424085,0.9504156,0.82914406,0.8825063,0.816224,0.9118433,0.9818233,0.8533516,0.80479896,0.95413864,0.93825877,0.9735855,0.86089224,0.84591776,0.9365187
8.0,0.548502,-0.46072805,0.21656728,0.39158252,-0.34156233,-0.037289925,-0.07045358,0.3644017,-0.45702505,0.6204166,0.27589503,0.013671197,0.45905647,-0.5728159,0.20727165,-0.26561248,-0.05065125,0.413453,-0.4256577,-0.24440539,0.79327035,0.7693117,0.93253577,0.83132213,0.93006146,0.93647903,0.9014474,0.8491783,0.8100246,0.73347175,0.90095186,0.9042926,0.82176805,0.75334233,0.9001034,0.84653175,0.9131189,0.8456484,0.84336776,0.8821433
6.0,-0.62353843,0.5237489,-0.22198233,-0.44248903,0.40882444,0.02454429,0.133884,-0.3888786,0.55145526,-0.6829879,-0.28584138,-0.00804979,-0.4394712,0.64058924,-0.27573204,0.25711727,0.08327393,-0.45449182,0.49477535,0.3188489,0.81754684,0.7953428,0.9480546,0.82106537,0.8538244,0.9375565,0.9443849,0.8285146,0.88591266,0.8159667,0.908534,0.9801359,0.8516303,0.80280817,0.95468694,0.9378965,0.97002506,0.86088043,0.84228367,0.9365742
3.0,0.5441182,-0.45748895,0.21534792,0.38904294,-0.33975926,-0.036790147,-0.06927625,0.36242408,-0.4537515,0.61619115,0.27456963,0.013149597,0.45667708,-0.56828755,0.20555867,-0.26384377,-0.050155606,0.4104008,-0.42313048,-0.241979,0.7935048,0.7700366,0.93233365,0.83185947,0.9301742,0.9361302,0.90160066,0.8499008,0.81074655,0.73451775,0.9006072,0.90466183,0.82228714,0.7539683,0.900528,0.84730136,0.9128733,0.84573305,0.84379697,0.88319016
7.0,-0.48330128,0.40479913,-0.19930586,-0.3288359,0.334865,0.011981567,0.08821574,-0.3203103,0.4266472,-0.5316127,-0.24321231,-0.005337648,-0.38674152,0.5152872,-0.20994425,0.22088338,0.027939599,-0.34593683,0.3834445,0.22522566,0.8301957,0.8231631,0.9449391,0.85504335,0.8814336,0.9691218,0.987921,0.8385813,0.86678016,0.82189244,0.93262476,0.9890274,0.87158626,0.8213203,0.95335406,0.93840784,0.9991333,0.861948,0.8688315,0.93108267
9.0,-0.60502476,0.5072856,-0.2199291,-0.42592657,0.40066263,0.022644602,0.12634672,-0.38282448,0.53606373,-0.6625684,-0.28071594,-0.006883256,-0.4354585,0.6252256,-0.26731437,0.2544718,0.07388687,-0.43995637,0.47954363,0.30566508,0.8192044,0.79996425,0.9485975,0.8277809,0.8583653,0.9448845,0.95352125,0.82969636,0.88102794,0.81684905,0.91351855,0.9830137,0.8545819,0.8059285,0.9537621,0.9386461,0.97538865,0.8607045,0.84758884,0.93668026
6.0,0.37209737,-0.3269619,0.14497018,0.27381966,-0.2413061,-0.019953854,-0.045298092,0.26484254,-0.32145417,0.43150076,0.19582783,-0.0024860688,0.31971988,-0.38838238,0.13097385,-0.18732572,-0.034960836,0.28442803,-0.30763423,-0.17097712,0.7991437,0.7852529,0.93094724,0.8399142,0.92606074,0.9389814,0.91555977,0.86749655,0.830902,0.7567151,0.9043049,0.926798,0.84042734,0.76939696,0.9151854,0.8680448,0.9369976,0.8468714,0.8490396,0.9008077
4.0,-0.46084434,0.38645265,-0.1925148,-0.31340563,0.31886408,0.0107504465,0.08439827,-0.30307007,0.40522367,-0.5074636,-0.23355867,-0.00711295,-0.3716368,0.49301052,-0.19853668,0.21087722,0.022953179,-0.32901222,0.36498445,0.21149868,0.832096,0.8258906,0.9427511,0.8575409,0.88461494,0.96949154,0.98857915,0.8412395,0.8681449,0.82390326,0.9329421,0.98879015,0.8746182,0.82313627,0.95319986,0.9377173,1.0001907,0.86228526,0.8703159,0.9293161
12.0,-0.42020142,0.35247168,-0.18190834,-0.28391075,0.2943876,0.008397351,0.07475039,-0.27863863,0.36809832,-0.46364173,-0.21784067,-0.007980626,-0.34746495,0.45337442,-0.18056121,0.19526286,0.0134446435,-0.2989972,0.3332723,0.18695492,0.83361936,0.82984513,0.94014406,0.8624886,0.89030784,0.9727035,0.9929991,0.8443827,0.865623,0.82403564,0.9356729,0.9883254,0.8781971,0.8249744,0.9533116,0.9361998,1.0035007,0.86168176,0.8734968,0.9275313
8.0,-0.61726576,0.5181103,-0.22153464,-0.43669504,0.40564516,0.023999812,0.13095516,-0.38638964,0.54563504,-0.67583054,-0.28433168,-0.0077102147,-0.43845135,0.6354599,-0.27271384,0.25641483,0.07967128,-0.44937223,0.48925686,0.31440216,0.8183698,0.79701954,0.9486033,0.8233974,0.85525894,0.9401695,0.9477169,0.82887346,0.8842042,0.8159968,0.9102622,0.98083043,0.85268116,0.804056,0.954466,0.9379409,0.9721229,0.86117256,0.8445176,0.9361006
8.0,-0.6175936,0.5182888,-0.22172397,-0.43678698,0.40658525,0.023927338,0.13082041,-0.38770884,0.5464953,-0.6762711,-0.28456143,-0.0074186437,-0.43889824,0.6358663,-0.27329648,0.2567622,0.07985371,-0.4498476,0.48981386,0.3146837,0.8180325,0.79688084,0.9485509,0.82353544,0.8553513,0.94053376,0.94803095,0.82872677,0.8835257,0.8158227,0.91063046,0.981056,0.852353,0.80383784,0.9543904,0.93806165,0.97212267,0.8608439,0.8444822,0.93670243
8.0,-0.485161,0.40652746,-0.19897994,-0.33075792,0.33451748,0.012269111,0.08955595,-0.31926447,0.42779016,-0.53352123,-0.24311814,-0.0060041286,-0.3863718,0.51667595,-0.21014684,0.22063254,0.028944876,-0.34720004,0.38436505,0.22646454,0.83044064,0.82287437,0.9447134,0.8543777,0.8809591,0.96800894,0.986334,0.83887607,0.86832345,0.8225778,0.9316007,0.9888562,0.87174886,0.82129794,0.9532173,0.93835956,0.99823505,0.8622141,0.8683017,0.93073
6.0,0.45196232,-0.39025414,0.1789917,0.32851645,-0.28908578,-0.026454331,-0.056365296,0.31281877,-0.38545847,0.51867616,0.23456384,0.004027538,0.38477,-0.4730884,0.1642181,-0.22441408,-0.040045004,0.34280324,-0.36392412,-0.20475966,0.7955207,0.7774576,0.9316885,0.8357697,0.92776763,0.9362469,0.9080344,0.8617186,0.8223797,0.7460385,0.9018844,0.91636604,0.83223516,0.76194215,0.9087465,0.85828155,0.92628205,0.8459635,0.84614015,0.89414996
7.0,-0.57754403,0.48365155,-0.21639717,-0.40270835,0.38581178,0.0199197,0.11643065,-0.3692723,0.511124,-0.63246906,-0.27298915,-0.0063244402,-0.42704058,0.6013233,-0.253707,0.24852043,0.06104767,-0.41794693,0.4567349,0.28684145,0.8226021,0.8065522,0.9487375,0.83571523,0.8641586,0.9525547,0.96397,0.83181816,0.8770104,0.8185801,0.9190401,0.98540074,0.8591257,0.8107817,0.9532959,0.9390563,0.9823681,0.8615568,0.8542842,0.9350238
4.0,-0.34129065,0.28569236,-0.16105567,-0.22704864,0.24869895,0.0043699606,0.055426903,-0.23465633,0.2969786,-0.37862304,-0.18759573,-0.0087216385,-0.29885608,0.37549824,-0.14848813,0.16490589,-0.002666045,-0.24177383,0.2724755,0.14141235,0.83372253,0.83458996,0.9361825,0.8697518,0.90001655,0.97793925,1.0003598,0.8488129,0.8585098,0.8208316,0.94061655,0.98607343,0.88193774,0.8262248,0.95403177,0.9326582,1.0089508,0.8595343,0.87788934,0.9247287
2.0,0.51779354,-0.438184,0.20728016,0.37306282,-0.32838604,-0.033145156,-0.063652255,0.35143343,-0.43439198,0.59045464,0.26559258,0.010010958,0.440408,-0.54185665,0.19519018,-0.2538274,-0.046341617,0.39164102,-0.4075306,-0.22965187,0.7947389,0.77315015,0.93173176,0.8340899,0.92968994,0.93514836,0.9016743,0.8543585,0.8148374,0.73881286,0.89926237,0.9075141,0.8259248,0.7564475,0.90250766,0.8503083,0.91404194,0.8459026,0.8458731,0.8877123
4.0,-0.38288558,0.3212535,-0.17142396,-0.2576232,0.27093178,0.006584494,0.0666751,-0.255304,0.3339587,-0.4235155,-0.20281124,-0.009332322,-0.3231081,0.41637534,-0.16441362,0.17988153,0.0060877167,-0.27183503,0.30372941,0.16549368,0.83447105,0.8325708,0.9377197,0.86598307,0.89508265,0.97430074,0.9951649,0.8472381,0.86421746,0.82403076,0.9373036,0.9872629,0.8807272,0.8262674,0.95340145,0.9346857,1.005417,0.8611882,0.87563837,0.9258917
3.0,0.43730262,-0.37902582,0.17537534,0.31876597,-0.28484488,-0.025050128,-0.051067017,0.30802986,-0.37513536,0.50403,0.23188326,0.0012284555,0.37815937,-0.45874408,0.15942179,-0.22023632,-0.037252273,0.33232838,-0.3551302,-0.1955756,0.79755145,0.78036535,0.93088967,0.83852375,0.9283258,0.93470633,0.90778154,0.8652914,0.82699424,0.7508539,0.90019715,0.91745967,0.8343483,0.7651417,0.91017056,0.86141354,0.9234794,0.84688705,0.8485018,0.8974393
11.0,0.48979893,-0.41848364,0.19725981,0.35441062,-0.3148091,-0.030146105,-0.058348484,0.33774176,-0.4150343,0.56087375,0.25580174,0.0063060448,0.4203198,-0.5135439,0.18270604,-0.24321635,-0.042156387,0.37089163,-0.39018354,-0.21723038,0.7958366,0.77595335,0.9312658,0.83641416,0.9296555,0.9340501,0.90353596,0.8595068,0.8201983,0.74388784,0.8988576,0.9106663,0.8290138,0.7602637,0.90541977,0.8547739,0.9158243,0.8463069,0.8473665,0.8921447
9.0,0.48335665,-0.41402286,0.19249842,0.34968588,-0.30799016,-0.02956427,-0.05994556,0.33151072,-0.40985805,0.5527225,0.24986556,0.006610304,0.41094217,-0.5062111,0.17824848,-0.23891495,-0.04251385,0.36588514,-0.3851863,-0.21701801,0.7948685,0.7750711,0.9317235,0.8347827,0.92869323,0.93533677,0.9051246,0.858894,0.819145,0.7425647,0.9007646,0.9120575,0.82903224,0.75948495,0.9060855,0.85464656,0.92071426,0.8458744,0.84564257,0.8913172
10.0,-0.60122967,0.5040426,-0.21949857,-0.42281628,0.39776728,0.022248736,0.12505654,-0.37981343,0.53198546,-0.65828985,-0.2797095,-0.007149197,-0.43410096,0.62181073,-0.26499683,0.25344342,0.071857706,-0.4366357,0.47593737,0.30314693,0.8200932,0.8010617,0.94868964,0.82876617,0.8590409,0.94559634,0.9546951,0.8301474,0.8811611,0.8173594,0.9140171,0.983092,0.8553731,0.80696994,0.9537982,0.9386377,0.9764116,0.86125124,0.848654,0.9358582
9.0,0.5558522,-0.46594414,0.21917272,0.39587846,-0.34545556,-0.038437482,-0.071251534,0.36783746,-0.46246493,0.6276332,0.27915567,0.014212117,0.46459836,-0.5802254,0.21053317,-0.26876238,-0.051600758,0.4187197,-0.43000156,-0.24690807,0.7933887,0.768945,0.9325759,0.8313183,0.9305974,0.93640476,0.9013613,0.8482163,0.8095648,0.7331228,0.90092003,0.90334594,0.82077986,0.7532704,0.89967597,0.8462158,0.9115175,0.84590536,0.84332484,0.8812504
6.0,-0.53851646,0.45079845,-0.21005502,-0.37122622,0.36503112,0.016374802,0.103946306,-0.34957308,0.47620726,-0.5904646,-0.2611227,-0.0056103095,-0.41225758,0.5663928,-0.23515618,0.23821172,0.045737904,-0.387644,0.4259586,0.26070777,0.8263706,0.814419,0.947661,0.8449486,0.87179554,0.96093494,0.975777,0.8346793,0.872186,0.8204207,0.92554486,0.9877327,0.86489624,0.81600946,0.9530667,0.93914104,0.9903924,0.8619806,0.8614768,0.9333077
9.0,-0.08207277,0.06190477,-0.058218837,-0.047353737,0.06434728,-0.0025711893,0.015042482,-0.046738602,0.063036606,-0.085185096,-0.051857185,-0.018268961,-0.07919932,0.09989163,-0.043210216,0.037385717,-0.022560615,-0.05099367,0.05586255,0.018411279,0.827288,0.82860065,0.9257937,0.86861587,0.9157835,0.96991086,0.9763754,0.8667469,0.85497403,0.808249,0.930504,0.97190887,0.8788269,0.8132604,0.9455896,0.9137395,0.9912571,0.8531332,0.8729836,0.9161568
4.0,-0.42413974,0.35584825,-0.18482903,-0.28634226,0.29827422,0.008423852,0.07430855,-0.28340715,0.3716944,-0.46849892,-0.22149429,-0.007023912,-0.35231003,0.45818663,-0.18302613,0.1981817,0.013155308,-0.3020628,0.33691138,0.18955642,0.8335942,0.8298904,0.94105816,0.8624264,0.8900587,0.97311646,0.99444115,0.8433019,0.8646938,0.8232348,0.9367052,0.9879491,0.8773439,0.82547355,0.953962,0.93649834,1.004625,0.86224353,0.8740519,0.9275029
9.0,0.3174621,-0.28223434,0.12214815,0.23456937,-0.21124047,-0.016337618,-0.035205178,0.23343998,-0.2780317,0.37066787,0.1710974,-0.008373506,0.27793178,-0.33100832,0.11009644,-0.16394858,-0.030865964,0.24417576,-0.26821584,-0.14552099,0.8036015,0.79195577,0.9298403,0.8447884,0.9259138,0.93998504,0.92017,0.8723823,0.83988404,0.7669624,0.9050663,0.9330632,0.84633535,0.7769697,0.9198366,0.8761658,0.9403317,0.8488372,0.8527808,0.9053375
2.0,0.48012418,-0.4113153,0.19202676,0.34841254,-0.30650926,-0.029120201,-0.059153683,0.33045408,-0.4068681,0.5502166,0.24878529,0.006688975,0.40936935,-0.50289345,0.17731266,-0.23726259,-0.042305466,0.36387062,-0.38334712,-0.2153967,0.79495496,0.7755594,0.9314889,0.83487356,0.9283532,0.93533754,0.9048351,0.8589956,0.8188626,0.74279255,0.9004452,0.912394,0.8295986,0.75925183,0.90597266,0.854566,0.92075294,0.8455663,0.8458566,0.8919775
6.0,0.4673752,-0.40119386,0.1901255,0.34112874,-0.30369452,-0.027541628,-0.053943314,0.32745302,-0.39719665,0.53893584,0.24710435,0.0045933723,0.40548384,-0.49055,0.17406383,-0.23343681,-0.039946187,0.3552304,-0.3762008,-0.20680124,0.79679316,0.7785647,0.93060225,0.83759147,0.92875123,0.93386,0.90383667,0.86188316,0.82226294,0.7469568,0.89820075,0.91325533,0.83188784,0.76157165,0.9067083,0.85679525,0.9173685,0.8460783,0.84846336,0.89540917
10.0,-0.4795735,0.40162078,-0.19774331,-0.32588357,0.33269843,0.011892049,0.087353826,-0.31781283,0.4232238,-0.52715886,-0.2410053,-0.0052168705,-0.38451135,0.51150876,-0.20814928,0.21949214,0.02714179,-0.34300855,0.38066363,0.22241738,0.83023185,0.82334083,0.94474936,0.85562015,0.88180465,0.9698673,0.988497,0.83896244,0.8661575,0.8215943,0.9326515,0.9893002,0.8722568,0.8209481,0.95311934,0.9380084,0.9992573,0.86151063,0.8690515,0.9308946
12.0,0.38518754,-0.33737814,0.14865476,0.28188208,-0.24740502,-0.02108565,-0.048505686,0.27027017,-0.3318975,0.44433227,0.20008144,-0.0014664344,0.32791826,-0.40158322,0.13550246,-0.19270028,-0.03649763,0.29350492,-0.31613111,-0.17757773,0.79806274,0.7834819,0.93148124,0.8388906,0.92655444,0.9391219,0.9155291,0.866019,0.8292791,0.7544695,0.9048884,0.9253932,0.8387159,0.768318,0.9146079,0.86675864,0.93719107,0.84694815,0.8480648,0.89900464
2.0,0.15130708,-0.13995118,0.03412164,0.11559135,-0.084038034,-0.010468757,-0.024390895,0.100486256,-0.13596538,0.17468886,0.06326082,-0.012474462,0.11234035,-0.14630851,0.04004149,-0.07143366,-0.035859767,0.11901601,-0.12997882,-0.08369709,0.8103268,0.80753344,0.92863023,0.8537713,0.9235143,0.9580382,0.9537665,0.8660939,0.839253,0.78007686,0.9230688,0.95262766,0.85871565,0.79227173,0.93552595,0.8933971,0.9763574,0.8493383,0.85915625,0.9073136
6.0,0.50781,-0.43102595,0.2022908,0.36737803,-0.31994087,-0.03192469,-0.06459017,0.34435567,-0.42608535,0.5798106,0.2586439,0.010602586,0.42924175,-0.5309907,0.18953513,-0.24761535,-0.046312306,0.38438672,-0.40079448,-0.22810036,0.7935636,0.77262175,0.9318962,0.8323764,0.92819905,0.9363755,0.9028535,0.8539767,0.8131643,0.73738235,0.9008102,0.9093085,0.82669735,0.7551553,0.9029289,0.8498418,0.91926515,0.8447694,0.8442271,0.88778454
10.0,-0.50128883,0.41957405,-0.20482215,-0.3415285,0.34669706,0.013086347,0.09128998,-0.33319834,0.44319957,-0.5509265,-0.25110188,-0.0042325594,-0.3981242,0.5329813,-0.21902663,0.22844219,0.032141488,-0.35951653,0.3977951,0.23697099,0.8289846,0.8209055,0.9467132,0.8527213,0.8786737,0.9682334,0.9867109,0.83656156,0.8662753,0.82027763,0.9321325,0.9886278,0.86881584,0.82007444,0.95366037,0.9388159,0.99798137,0.8621583,0.86777514,0.9321284
5.0,0.48211354,-0.41272527,0.19388884,0.34964994,-0.30959293,-0.029221503,-0.05804924,0.33309546,-0.40879375,0.55281967,0.25146106,0.006129265,0.41328618,-0.50541484,0.17905225,-0.23924185,-0.041726965,0.36534995,-0.3850692,-0.21493709,0.7956066,0.776143,0.9313078,0.83598953,0.92894655,0.9345999,0.90409046,0.8597862,0.82009053,0.7438691,0.89940834,0.9118565,0.829802,0.7600535,0.9058256,0.8549908,0.91824347,0.84596086,0.8469685,0.89254695
9.0,0.53813344,-0.4532519,0.21294552,0.38571203,-0.3358139,-0.03589677,-0.06916277,0.35916993,-0.44908834,0.6102447,0.27126396,0.013113052,0.45129266,-0.56213486,0.20262532,-0.2607724,-0.049717512,0.4061319,-0.4194535,-0.24048129,0.7931008,0.7700259,0.93234503,0.8313342,0.9294494,0.93649316,0.9018188,0.8502011,0.8103975,0.7341836,0.9010093,0.90555686,0.8229559,0.7535354,0.9007798,0.8471786,0.9150236,0.8452618,0.84331644,0.88358676
1.0,0.5645432,-0.472601,0.21951702,0.40085682,-0.34577346,-0.039349664,-0.07643816,0.36942068,-0.46845108,0.6349185,0.27851307,0.016447812,0.46492085,-0.5886926,0.21237166,-0.27064267,-0.05344912,0.42456037,-0.43440506,-0.25471345,0.79152894,0.7658611,0.9334639,0.8278969,0.92915475,0.9384657,0.9018444,0.8454251,0.8059013,0.72839206,0.90349865,0.9032334,0.8193525,0.75015813,0.8986901,0.8432699,0.9166412,0.8448963,0.8403128,0.87755525
3.0,0.5464727,-0.459248,0.21646112,0.390177,-0.34172463,-0.037112694,-0.06905879,0.3640997,-0.4558602,0.6185144,0.27632433,0.012908913,0.4591118,-0.57088727,0.20682894,-0.26543084,-0.05004478,0.41199148,-0.42460275,-0.24237919,0.79385793,0.7701326,0.9323398,0.83235466,0.93058705,0.93584985,0.9014075,0.8501028,0.8113268,0.7349,0.9002814,0.90428454,0.82209724,0.7544097,0.90047026,0.8474932,0.91159433,0.8460323,0.8442483,0.8830992
7.0,-0.43628678,0.36580735,-0.18708831,-0.29485482,0.30583796,0.009169946,0.077425554,-0.29068047,0.38326788,-0.4810811,-0.225081,-0.0067173876,-0.35907027,0.4696817,-0.18829174,0.20272158,0.016394097,-0.31091112,0.34649035,0.19631651,0.8327146,0.8284227,0.94168884,0.8610367,0.8882502,0.97259307,0.99300563,0.8425547,0.86497164,0.823058,0.9355959,0.9886619,0.8765919,0.82416624,0.953457,0.9368042,1.0032368,0.8616947,0.87275225,0.928515
2.0,-0.24232295,0.20239967,-0.122682974,-0.16323808,0.16938746,0.002264011,0.044001095,-0.1529376,0.2031148,-0.26952028,-0.13552706,-0.018442929,-0.21074185,0.2700626,-0.10417373,0.111705825,-0.010900822,-0.16988577,0.18709017,0.09468138,0.83643746,0.836305,0.92864853,0.8717057,0.9083926,0.9714479,0.98768675,0.85998815,0.8670466,0.8242448,0.93519497,0.9801676,0.8845615,0.8273298,0.95211685,0.92755073,1.0002573,0.8604563,0.878123,0.9191706
11.0,-0.072239734,0.056350354,-0.076220915,-0.045097485,0.079314135,-0.003777807,0.0015057959,-0.07421278,0.056699187,-0.090641364,-0.073717736,-0.015114799,-0.09878935,0.09986912,-0.048218124,0.046472862,-0.03504271,-0.051997352,0.05924106,0.007746309,0.822454,0.82999825,0.929145,0.8725635,0.92234683,0.97407496,0.9955305,0.85766697,0.8457408,0.80298835,0.94244,0.9691866,0.8753819,0.82108665,0.95447356,0.91893756,1.0083843,0.85503924,0.87657005,0.9129796
2.0,0.6044432,-0.49739963,0.23388332,0.42564735,-0.36577675,-0.04536619,-0.08139956,0.38818884,-0.49313688,0.6762156,0.2934456,0.021420449,0.49600098,-0.6280762,0.2329038,-0.28551558,-0.06066115,0.45446783,-0.4569939,-0.26830652,0.7923683,0.76407224,0.9337167,0.82673335,0.9302794,0.9403184,0.89950544,0.8370113,0.8004053,0.7245186,0.9030757,0.89885163,0.81509763,0.7468648,0.8942304,0.839101,0.90928805,0.8457862,0.8400926,0.8710583
2.0,0.48666102,-0.4165624,0.19258416,0.35167244,-0.3079412,-0.029995693,-0.061838172,0.33168015,-0.4120491,0.5555253,0.24951893,0.0075011402,0.41110837,-0.5092048,0.17886473,-0.23938353,-0.043500315,0.36815423,-0.38684553,-0.2196936,0.7941394,0.77404934,0.9320291,0.8336092,0.9283672,0.9360375,0.90557426,0.85765386,0.81760126,0.7409422,0.90171474,0.91195714,0.8283179,0.75844496,0.905839,0.85375434,0.92245835,0.8455755,0.8445538,0.8900985
12.0,0.42806172,-0.37011346,0.16332296,0.3151024,-0.26225433,-0.02471646,-0.061252758,0.289326,-0.36105585,0.4915605,0.21179655,0.008128345,0.35203424,-0.44397804,0.15044287,-0.20434831,-0.04483447,0.32583073,-0.34362125,-0.20087472,0.79294336,0.7766142,0.9325324,0.83014923,0.92421746,0.9421002,0.9135368,0.8556056,0.8131916,0.74017036,0.90816754,0.9216646,0.83296305,0.7571756,0.909893,0.85593504,0.94241256,0.8427746,0.84134656,0.89195544
8.0,-0.49568707,0.41526106,-0.201228,-0.3386303,0.34054285,0.013030764,0.092344865,-0.32520747,0.43734527,-0.5447292,-0.24669182,-0.005911365,-0.3917296,0.5265758,-0.2149438,0.22422919,0.03202666,-0.35508323,0.39252064,0.23306745,0.82976747,0.8213851,0.9453203,0.8526966,0.87923026,0.9667996,0.9844875,0.83809376,0.8690943,0.82230455,0.9304904,0.9887878,0.8705651,0.8203949,0.95313936,0.93857473,0.99683404,0.86220443,0.86709285,0.93121195
12.0,0.66301996,-0.5331245,0.24970686,0.457576,-0.38910744,-0.055663683,-0.09236608,0.4103702,-0.52839726,0.7313854,0.31094575,0.029190063,0.53259486,-0.6846957,0.26046824,-0.3058664,-0.07195304,0.49677625,-0.4866227,-0.2912974,0.7934055,0.75939614,0.93535495,0.8225384,0.930908,0.9457171,0.8989105,0.8233212,0.79247653,0.7171163,0.9060649,0.89415807,0.807842,0.7415922,0.8881665,0.833338,0.9040139,0.84740776,0.83720714,0.85764456
3.0,-0.5132273,0.42980582,-0.20498708,-0.35183272,0.35067427,0.014343653,0.09697443,-0.33531663,0.45331138,-0.5634588,-0.25271556,-0.005736556,-0.40049568,0.5430221,-0.22313075,0.23016313,0.03736345,-0.3683348,0.40618116,0.2442539,0.8284813,0.81872386,0.9463424,0.84973365,0.87628335,0.96464217,0.98124975,0.8367032,0.87028664,0.8216495,0.928619,0.9885128,0.8683804,0.81875914,0.95307255,0.9388866,0.9944108,0.86214876,0.8649713,0.93208057
3.0,0.4422086,-0.38254645,0.17560482,0.32234493,-0.28412753,-0.025380861,-0.054509915,0.30814052,-0.37763685,0.5087725,0.23060343,0.0031430572,0.37800658,-0.46302167,0.16045672,-0.22028922,-0.039038394,0.3358758,-0.35754228,-0.20025235,0.7961249,0.778589,0.9314675,0.83632475,0.9274032,0.9363245,0.90820915,0.86278224,0.8234662,0.74740446,0.9017205,0.917571,0.833489,0.762594,0.90933216,0.85920733,0.92710257,0.8459926,0.84672576,0.8953356
3.0,0.43864983,-0.37983063,0.17661333,0.32068855,-0.28541118,-0.024971105,-0.051408686,0.30936396,-0.37549174,0.5065002,0.23239376,0.0020292252,0.37953594,-0.46020254,0.16030036,-0.2203257,-0.037567597,0.33369395,-0.35626835,-0.19641703,0.79726154,0.7801416,0.93079776,0.83795786,0.9277901,0.9349718,0.9071112,0.86459774,0.8255527,0.74983233,0.9000522,0.9173632,0.834402,0.7639475,0.90950596,0.86029816,0.92370975,0.84632,0.8482376,0.89728475
3.0,0.22983976,-0.20700626,0.06881311,0.17087695,-0.13464457,-0.013770115,-0.036021575,0.15247332,-0.20146224,0.26338756,0.10460741,-0.00850698,0.17931733,-0.23026286,0.06951582,-0.10929765,-0.038306616,0.17705736,-0.19196935,-0.11749975,0.80447656,0.7985558,0.93045264,0.84721607,0.9247882,0.9529934,0.943448,0.8646785,0.83398575,0.7696548,0.91910124,0.94492364,0.8512048,0.7835712,0.92971283,0.88473606,0.96848726,0.8481983,0.8535507,0.90358794
4.0,-0.6055854,0.5078033,-0.22012141,-0.42647824,0.40018287,0.02269672,0.1265322,-0.3820432,0.535888,-0.6630572,-0.2810164,-0.0071863383,-0.4354842,0.625597,-0.2672279,0.25441012,0.07391997,-0.44015032,0.47961205,0.30618885,0.81952876,0.7999681,0.9487,0.8274499,0.85808647,0.94436646,0.95304227,0.82975507,0.88169014,0.81692976,0.91317755,0.9826035,0.8545756,0.80614644,0.9539274,0.9385008,0.9753227,0.8611255,0.84760666,0.9361102
10.0,-0.42733678,0.35822245,-0.1847505,-0.288105,0.30096453,0.0086557,0.07502081,-0.2858723,0.3752342,-0.47126612,-0.22156821,-0.006567482,-0.35413367,0.46098617,-0.18454294,0.19957648,0.014251914,-0.30427,0.33973932,0.19073567,0.83282983,0.82914627,0.9412669,0.86217433,0.88943285,0.97367334,0.99437684,0.8430793,0.8637966,0.82261086,0.9363382,0.9886391,0.87732023,0.8242526,0.95346034,0.9363268,1.0040675,0.86131203,0.8734553,0.9282134
10.0,-0.3776495,0.31695879,-0.1699036,-0.25432742,0.26645645,0.00638505,0.06584704,-0.25055757,0.32832146,-0.41787118,-0.20059232,-0.009800043,-0.31907192,0.41100374,-0.16184466,0.17720303,0.005096372,-0.26790187,0.29919332,0.16295286,0.8351852,0.8330392,0.93727916,0.86626375,0.89561075,0.9739851,0.9948958,0.84787136,0.8649103,0.82436615,0.9372257,0.986725,0.8809975,0.8268146,0.95360494,0.93436855,1.0052978,0.86165774,0.8760017,0.9250397
11.0,-0.39191094,0.328684,-0.17467466,-0.26352784,0.27770048,0.0068665524,0.06784463,-0.26241592,0.3423587,-0.43325922,-0.20719093,-0.008391961,-0.33038387,0.42566177,-0.16869232,0.18440905,0.0072476678,-0.27837217,0.3113519,0.17044649,0.8341638,0.8320373,0.9385797,0.86545277,0.8940241,0.97467357,0.9958627,0.8461906,0.8634585,0.82341266,0.9375878,0.9875901,0.8799305,0.8259166,0.95359784,0.9350489,1.0056721,0.8611979,0.8754318,0.9263566
11.0,-0.34913474,0.292599,-0.16196539,-0.23348677,0.2507015,0.004989132,0.058732323,-0.23564175,0.3033058,-0.38689432,-0.18927187,-0.009827714,-0.30132908,0.38267863,-0.15066393,0.16638614,-0.000304088,-0.24731536,0.2774486,0.1463739,0.8344766,0.8342549,0.93599945,0.86874783,0.8989549,0.97620106,0.997589,0.84926665,0.8614935,0.8226021,0.9389798,0.98615503,0.882101,0.8265232,0.953609,0.93300694,1.0071496,0.8602679,0.8772498,0.9245862
8.0,-0.16529141,0.13527161,-0.09752157,-0.10749196,0.1261867,-0.00055231433,0.025723733,-0.11238833,0.13673559,-0.18442096,-0.102341026,-0.017130014,-0.15661073,0.19105335,-0.07696809,0.0806898,-0.020431139,-0.114539534,0.12739857,0.054339677,0.8304755,0.8336611,0.9280564,0.8725458,0.91388315,0.97395533,0.98942184,0.86105704,0.85699654,0.8148258,0.9368889,0.9766773,0.88205385,0.8222051,0.95109826,0.9222803,1.0018069,0.85633796,0.87726605,0.91763896
5.0,0.42336175,-0.36750525,0.16673425,0.309389,-0.27153787,-0.023586184,-0.05323814,0.2955572,-0.36192614,0.48780498,0.22000214,0.0020410866,0.36103892,-0.44255796,0.15222017,-0.2107169,-0.038218167,0.32189244,-0.34390837,-0.19364429,0.79636514,0.77988535,0.93167615,0.836812,0.9267762,0.93771017,0.91045994,0.8635721,0.8247072,0.74889594,0.90281856,0.92052317,0.83558273,0.76372695,0.91062695,0.8611075,0.9314455,0.8458603,0.8470584,0.8963957
5.0,0.5006808,-0.42631918,0.20076951,0.3619477,-0.31903186,-0.03132351,-0.061191626,0.3424041,-0.42239797,0.57233816,0.25871113,0.008268356,0.42691457,-0.5244075,0.18705893,-0.24668668,-0.04418763,0.37900114,-0.396865,-0.22287595,0.79489267,0.7743831,0.9315141,0.83474267,0.9292669,0.93483657,0.9030474,0.85691863,0.817085,0.7410246,0.8995371,0.90956837,0.82757825,0.75807375,0.9042087,0.85251355,0.91640526,0.8457952,0.84602815,0.8900476
1.0,-0.5280424,0.44200948,-0.20893347,-0.36266643,0.3598476,0.015443014,0.09999256,-0.34504986,0.46670133,-0.57928216,-0.25865617,-0.0051089376,-0.4088074,0.55719745,-0.23059113,0.2357687,0.041503627,-0.3796142,0.41789603,0.25408873,0.82731235,0.81643283,0.9476359,0.84732306,0.8737604,0.9632609,0.9792748,0.8351402,0.8703416,0.8202517,0.92763567,0.98790085,0.86600244,0.8173758,0.9533024,0.9389979,0.992855,0.86225724,0.86365056,0.93279934
5.0,0.11366645,-0.10809859,0.028392151,0.08945985,-0.07439557,-0.007810105,-0.00973637,0.09405035,-0.10638042,0.138167,0.057861764,-0.01772865,0.09750329,-0.11110553,0.031292204,-0.062096737,-0.027012285,0.09346249,-0.1069116,-0.062031336,0.81633383,0.81253374,0.92675674,0.857374,0.92186767,0.9548753,0.9478164,0.8731466,0.85177064,0.7911312,0.91772383,0.9556407,0.8647397,0.7971116,0.9345201,0.897422,0.9679846,0.8513498,0.86272556,0.9115847
12.0,-0.59002423,0.49408436,-0.21868479,-0.412593,0.3937128,0.021022966,0.11992734,-0.3774157,0.5229406,-0.6460321,-0.27710307,-0.005978387,-0.4321548,0.61257046,-0.2605213,0.25213414,0.06628543,-0.42807144,0.46727645,0.2954548,0.8207909,0.80365455,0.94906974,0.8327406,0.8617632,0.9502728,0.9605984,0.83053386,0.8772623,0.8171637,0.9175103,0.984591,0.8566335,0.80854255,0.9534641,0.938944,0.9798057,0.8609421,0.85189056,0.93632424
8.0,-0.605829,0.5081329,-0.22005919,-0.42697084,0.39911574,0.022722432,0.1269628,-0.38040963,0.5352672,-0.6632261,-0.2810115,-0.007685274,-0.4350082,0.6255565,-0.2667449,0.25397694,0.073924676,-0.44001177,0.47934234,0.30644828,0.8200393,0.8000778,0.94866145,0.8270521,0.857821,0.9435664,0.95229226,0.82996774,0.88286406,0.81731105,0.9125921,0.9821905,0.85478884,0.8064952,0.9541052,0.9383796,0.9751404,0.86165196,0.847504,0.93531173
4.0,-0.32078636,0.26839322,-0.15080324,-0.21395591,0.22993416,0.0041255676,0.054367416,-0.21384469,0.2769549,-0.3547724,-0.17423505,-0.0116908215,-0.27797106,0.35265595,-0.13792452,0.15231994,-0.003364589,-0.22626217,0.25368696,0.13122976,0.8347166,0.834848,0.9338252,0.8699227,0.9013435,0.976035,0.9956945,0.8522656,0.8617665,0.82254726,0.93797344,0.98523396,0.8835427,0.8258246,0.95272577,0.9310457,1.0056283,0.8593316,0.87742317,0.92339677
11.0,-0.38726628,0.32467625,-0.17303619,-0.2599346,0.2752654,0.006680747,0.066676185,-0.25993413,0.33842582,-0.4279489,-0.20492767,-0.008283455,-0.32746166,0.42099246,-0.16680178,0.18269478,0.006458055,-0.27490723,0.30786222,0.16747683,0.83392274,0.8321462,0.9383717,0.8659155,0.89449334,0.97527283,0.99634755,0.84646344,0.86264735,0.8229642,0.9377637,0.98768926,0.8803112,0.8255357,0.9534111,0.93467695,1.0058708,0.8606868,0.87558323,0.9264154
3.0,0.5910953,-0.4897823,0.22969693,0.41702962,-0.36039153,-0.043268546,-0.078881025,0.38301614,-0.4861201,0.66232204,0.29001397,0.018940404,0.4865587,-0.6154156,0.2259504,-0.281699,-0.057292867,0.44421116,-0.44980204,-0.26321378,0.7924879,0.7649509,0.9335333,0.8279228,0.93039757,0.9389455,0.90017164,0.8410022,0.80347735,0.72668046,0.9027702,0.90002495,0.8165692,0.74887943,0.8960809,0.84106404,0.9104142,0.8457205,0.8408059,0.8738345
11.0,-0.2878879,0.24050905,-0.13978782,-0.19159666,0.20742348,0.0030604226,0.048480995,-0.19153969,0.24687548,-0.31890923,-0.15918075,-0.013420068,-0.2525769,0.318679,-0.124313466,0.13703166,-0.0074943826,-0.20259602,0.22676326,0.11433908,0.8345391,0.8354889,0.9320163,0.87120545,0.90448993,0.975706,0.9945766,0.85474044,0.86151373,0.8219563,0.9378601,0.9836097,0.8841906,0.82582676,0.9524556,0.9293956,1.0050917,0.8588754,0.8779341,0.9220485
1.0,-0.33100006,0.2774514,-0.15753937,-0.2210812,0.23981813,0.00420787,0.054608442,-0.22554445,0.2869087,-0.36803913,-0.1829007,-0.010373574,-0.28962964,0.36488804,-0.1435833,0.15910374,-0.0036904402,-0.23460661,0.2632854,0.13664144,0.8344165,0.83516675,0.93519545,0.87000895,0.90124303,0.97651184,0.99859834,0.8500919,0.8606757,0.8221366,0.93999755,0.98512715,0.8824933,0.82731366,0.9540351,0.9324721,1.0082802,0.8602902,0.8781412,0.9237685
11.0,-0.40512335,0.33970973,-0.17932561,-0.27244255,0.28729066,0.0073820776,0.0698738,-0.27251938,0.35476524,-0.44773552,-0.21355325,-0.007291727,-0.3405327,0.43928662,-0.17493536,0.19078648,0.00924195,-0.28810942,0.3223051,0.17795373,0.83366245,0.8312056,0.93982255,0.86450726,0.89251596,0.9747515,0.99632317,0.84468406,0.8629094,0.822795,0.937793,0.9879288,0.8787811,0.8255804,0.9538286,0.93566996,1.0058316,0.8613603,0.87505513,0.9270774
10.0,-0.4128969,0.3464521,-0.18024167,-0.27889004,0.28976837,0.007986642,0.07313374,-0.27417493,0.36134583,-0.45605806,-0.21535614,-0.00832146,-0.34293574,0.44630316,-0.17739536,0.19231671,0.011799943,-0.29375342,0.32747108,0.18288377,0.833962,0.83059275,0.93965304,0.8632304,0.89138824,0.9728774,0.99351627,0.8449121,0.8655748,0.8242582,0.936156,0.98800904,0.87866086,0.82560635,0.95348096,0.9360652,1.0040857,0.86184675,0.8740626,0.9271199
6.0,-0.6346878,0.5339307,-0.22285464,-0.45281523,0.4143176,0.025662886,0.13893971,-0.392948,0.56137115,-0.6956705,-0.28864834,-0.008576401,-0.4413123,0.6496752,-0.2810983,0.2583224,0.0897546,-0.46356636,0.5047198,0.32681102,0.8161739,0.7922554,0.9472167,0.8166233,0.85108477,0.9326712,0.93829286,0.8277432,0.8889752,0.81546575,0.9053296,0.9784697,0.8497498,0.80046153,0.95529693,0.93750596,0.9662884,0.86053413,0.8383278,0.9370752
8.0,-0.49340802,0.41345385,-0.20019573,-0.33722243,0.3385524,0.012951553,0.09231802,-0.3228169,0.43511558,-0.5422448,-0.24534032,-0.0063072294,-0.38974068,0.524185,-0.21356034,0.22291684,0.03172588,-0.35332984,0.39052826,0.23158523,0.83001244,0.8216415,0.9449428,0.8528462,0.87952137,0.9665715,0.9841309,0.8385173,0.86967367,0.82279074,0.930222,0.9888145,0.8710755,0.8205585,0.95302236,0.93849194,0.9966806,0.8622173,0.8670641,0.93097615
8.0,0.526991,-0.44548932,0.20785105,0.37869096,-0.32833123,-0.034376197,-0.06901497,0.35250628,-0.44079632,0.598288,0.2650559,0.012609839,0.4406731,-0.5505353,0.19679049,-0.2553451,-0.048707213,0.3978802,-0.41229737,-0.23762023,0.7925472,0.77002174,0.9325106,0.83056784,0.9284545,0.93709844,0.9027104,0.85115176,0.8105231,0.7340074,0.90197456,0.9072686,0.8240484,0.7533419,0.9016364,0.8475412,0.9190649,0.8447251,0.8425454,0.8842578
1.0,-0.59179014,0.4957618,-0.21859986,-0.41443536,0.39352524,0.02129394,0.1210752,-0.37653333,0.5238298,-0.6478957,-0.2773174,-0.0065142475,-0.43199202,0.6138669,-0.26078054,0.2519791,0.06719346,-0.42922708,0.46832687,0.29663318,0.82099295,0.803306,0.9489744,0.83187807,0.86118585,0.94902503,0.95913184,0.8306506,0.8786992,0.817483,0.9164998,0.9841361,0.85669917,0.808476,0.95356584,0.93880546,0.979127,0.86129814,0.85129154,0.93571436
2.0,0.60797715,-0.5004313,0.23502648,0.4270285,-0.36780828,-0.046042345,-0.081647344,0.3898846,-0.49663502,0.6789957,0.29566035,0.02116298,0.4982203,-0.6318419,0.23399894,-0.2876532,-0.06046134,0.45660603,-0.4589975,-0.2695717,0.7925906,0.7638362,0.93378043,0.82703435,0.9308026,0.9400047,0.8998314,0.8372982,0.80100983,0.72477084,0.90316486,0.8983592,0.8145148,0.7474291,0.89434946,0.83942646,0.90825695,0.8460356,0.8402341,0.87073934
3.0,0.53293526,-0.45027152,0.210394,0.38154146,-0.3329285,-0.03546721,-0.06846863,0.3559801,-0.44639814,0.60384583,0.26935047,0.01205118,0.44648895,-0.55690885,0.19946054,-0.2590808,-0.04871997,0.40192223,-0.41615036,-0.23847955,0.79319185,0.77026844,0.93239754,0.8316766,0.9297038,0.93610173,0.9027935,0.85157907,0.8119581,0.735298,0.9013675,0.9061233,0.8231381,0.754742,0.9018573,0.8485047,0.9157724,0.8455537,0.84325194,0.88431406
9.0,-0.5473222,0.45811972,-0.21196643,-0.3779407,0.37014386,0.017150277,0.10613398,-0.3547868,0.484097,-0.5998647,-0.26425806,-0.0054619387,-0.41646677,0.5745766,-0.2395162,0.24111694,0.048679586,-0.39442307,0.4328973,0.26659796,0.8255544,0.81280035,0.9482593,0.8432056,0.87015486,0.95966977,0.9739251,0.8338507,0.87260336,0.8196482,0.9245508,0.98724574,0.8635058,0.8149495,0.95315623,0.939101,0.9890677,0.86195785,0.86034685,0.933713
2.0,-0.25963235,0.21607935,-0.13156295,-0.1717504,0.19010496,0.0019164681,0.042063706,-0.17512302,0.22116084,-0.28813934,-0.14762118,-0.013684869,-0.23288944,0.28982338,-0.113675624,0.12515712,-0.01185016,-0.18221276,0.20463677,0.0998703,0.8339437,0.8357801,0.93093866,0.8722862,0.90700823,0.9764723,0.9954918,0.85594386,0.85905695,0.8198511,0.93885195,0.98208314,0.8837348,0.8253223,0.9528239,0.927845,1.0056742,0.8581993,0.87842584,0.92091507
8.0,-0.5651767,0.47259575,-0.21491024,-0.39095137,0.3846053,0.018816076,0.11051345,-0.37069267,0.50325304,-0.6191045,-0.26937792,-0.0035643987,-0.4255905,0.5912993,-0.25033003,0.24787728,0.055915948,-0.4093848,0.44922888,0.27752918,0.8216342,0.8084068,0.94911885,0.8402965,0.86732787,0.95908785,0.9715639,0.83155835,0.8698821,0.8166561,0.9234963,0.9879525,0.8601648,0.81057566,0.9526328,0.93930984,0.9858034,0.8593989,0.8570709,0.9373237
3.0,0.6829678,-0.54243296,0.25409624,0.46737581,-0.39601296,-0.060082424,-0.09526663,0.41547677,-0.53666717,0.74976397,0.31569073,0.032317437,0.54608643,-0.7020721,0.27147442,-0.31121203,-0.07782923,0.51158905,-0.4951627,-0.29628634,0.79503095,0.75922984,0.93606395,0.8219674,0.9319197,0.9485083,0.8993704,0.8168731,0.7904293,0.7164368,0.9065234,0.89326316,0.80544424,0.7404993,0.8857434,0.833028,0.9003985,0.8493883,0.83721226,0.8527173
7.0,-0.5965799,0.50003314,-0.2188685,-0.41890833,0.3952153,0.02176462,0.12344709,-0.37747598,0.5278132,-0.65321183,-0.2783606,-0.0070940964,-0.43263495,0.61776626,-0.26264995,0.252413,0.069671825,-0.4328993,0.47203863,0.29994273,0.8206867,0.8022167,0.9486747,0.8301468,0.86005396,0.9468921,0.9564519,0.83054763,0.8805627,0.8177784,0.91493726,0.98357207,0.8561802,0.8078403,0.9536855,0.93876654,0.9775757,0.8613894,0.8497724,0.93560565
11.0,0.4259079,-0.36895347,0.17497966,0.31473866,-0.28107828,-0.023159252,-0.047204167,0.30624163,-0.36405683,0.49616984,0.22940232,0.0014005043,0.37468487,-0.44741926,0.15721047,-0.21502724,-0.03593737,0.3255123,-0.34886664,-0.1889041,0.7985661,0.7826847,0.9298755,0.8393405,0.92704326,0.9344941,0.90561676,0.86596787,0.8263771,0.7520945,0.8982169,0.9186096,0.8369826,0.7641355,0.9092529,0.86077106,0.92213917,0.84577763,0.8500719,0.9000983
7.0,-0.53060997,0.44439462,-0.20693606,-0.36581466,0.35891396,0.015944194,0.103242196,-0.3423088,0.46856004,-0.58170646,-0.25679085,-0.006448429,-0.40661246,0.5583643,-0.23045996,0.23438741,0.04394446,-0.38138962,0.41938698,0.25507787,0.82732147,0.81557465,0.9466263,0.8459876,0.87293,0.9610953,0.97585225,0.83599097,0.8732725,0.8217434,0.925174,0.9881697,0.86674523,0.8166041,0.9527233,0.9389376,0.9905039,0.8619332,0.8617663,0.9324397
9.0,0.052891336,-0.055830497,0.008316629,0.049311977,-0.038620725,-0.0052270093,0.002173597,0.061562464,-0.053798884,0.07465617,0.032456737,-0.019156113,0.051906787,-0.048117597,0.01110084,-0.035080917,-0.021805134,0.050898463,-0.060865927,-0.03462585,0.82151943,0.81845814,0.9251406,0.86045665,0.9185702,0.95775217,0.95035356,0.87488216,0.8558919,0.7984921,0.9176777,0.96158093,0.8713556,0.8001609,0.93520945,0.9010806,0.96979004,0.8509995,0.8660055,0.9149756
12.0,0.47397757,-0.40678516,0.18984526,0.3439963,-0.30395123,-0.028429987,-0.057747312,0.3276329,-0.4025712,0.54361206,0.24685824,0.005609125,0.4053867,-0.496713,0.17489795,-0.23523174,-0.041205052,0.3592415,-0.37943408,-0.21242186,0.79546475,0.7763599,0.931432,0.83578074,0.9285275,0.93507344,0.90515184,0.8603442,0.82061267,0.7442776,0.9001485,0.9131084,0.83046055,0.76042616,0.90658903,0.8557824,0.92068315,0.845873,0.8466085,0.8929548
4.0,-0.5232813,0.4384168,-0.2063691,-0.3602448,0.35446778,0.015243774,0.10076807,-0.33816954,0.46152228,-0.574191,-0.2554527,-0.006586693,-0.40371603,0.5519017,-0.2269786,0.23228693,0.041021798,-0.3757474,0.41334766,0.2509328,0.8283299,0.81717956,0.946459,0.8473545,0.8743104,0.96190536,0.9775897,0.8364411,0.87304825,0.8222222,0.92640895,0.9879024,0.86748,0.8181264,0.9530735,0.93894523,0.9921763,0.862652,0.863258,0.93178046
6.0,-0.62300044,0.5231169,-0.22229552,-0.44162664,0.4092295,0.024492012,0.13301335,-0.38980308,0.5511871,-0.682298,-0.2860491,-0.0076608323,-0.44007406,0.6403676,-0.275899,0.25755665,0.082738414,-0.454197,0.49443942,0.3185426,0.8174031,0.7954464,0.9483366,0.82155234,0.8540458,0.9384326,0.9453684,0.8283286,0.8847666,0.81547207,0.9092319,0.98025566,0.8514185,0.8027831,0.95464754,0.937845,0.9705078,0.8607543,0.8428449,0.9368795
11.0,0.47435236,-0.40702102,0.18996611,0.34451118,-0.30383134,-0.0285147,-0.057921015,0.3276894,-0.4026754,0.54415584,0.24672492,0.005894758,0.4054718,-0.4970353,0.17496228,-0.23509844,-0.041513007,0.35965943,-0.37968224,-0.21260858,0.7953392,0.7762606,0.9313805,0.83542013,0.92835134,0.9351561,0.90509456,0.8599716,0.8200235,0.74394596,0.90028936,0.91303414,0.8302709,0.7600472,0.9065325,0.8554787,0.92094904,0.8457557,0.84628534,0.8928318
2.0,0.42151552,-0.36620975,0.17044684,0.30964333,-0.2762869,-0.023134857,-0.048498362,0.3007187,-0.36156118,0.48883605,0.22513637,0.0006401129,0.36712548,-0.44239017,0.15369897,-0.21281298,-0.035861462,0.32139808,-0.34481794,-0.18892992,0.79818285,0.7819881,0.9305267,0.8389497,0.9271642,0.9353357,0.90772194,0.8662904,0.8274506,0.7520916,0.8999047,0.9196268,0.83669347,0.7651177,0.9104186,0.8619581,0.92540455,0.8462581,0.8492455,0.8991568
9.0,0.34200063,-0.30235237,0.13279724,0.25299162,-0.22422385,-0.017789818,-0.04012671,0.24762425,-0.29704535,0.39872903,0.18210128,-0.0051619112,0.29649234,-0.3566749,0.119389385,-0.17394583,-0.032776203,0.26250687,-0.2860964,-0.1573846,0.8012717,0.7887388,0.9303733,0.8421354,0.9255403,0.9398596,0.9179185,0.86984575,0.8347494,0.761538,0.9047332,0.93044806,0.8437843,0.7726367,0.9173543,0.8718573,0.9394901,0.8474257,0.8508678,0.90337276
1.0,-0.5529347,0.46297097,-0.21241239,-0.38298985,0.37199113,0.017609663,0.10878088,-0.35589528,0.4887628,-0.6059826,-0.26551074,-0.0062209405,-0.4175014,0.5792475,-0.24158415,0.2417987,0.051174033,-0.39863354,0.4369306,0.27041647,0.8253869,0.8117986,0.94798183,0.8415599,0.86899555,0.95756024,0.97118175,0.83383834,0.87470245,0.82030237,0.922963,0.9868621,0.86297315,0.8145233,0.9531603,0.9392149,0.9874305,0.8621592,0.85891485,0.93360937
11.0,0.52027327,-0.44068676,0.20692456,0.37423643,-0.3276032,-0.033648174,-0.06567159,0.35099354,-0.43665272,0.5919533,0.2651391,0.010753296,0.43915412,-0.5441677,0.19488636,-0.2541042,-0.0469275,0.39304316,-0.40870836,-0.2325136,0.793783,0.7718747,0.93204856,0.83284676,0.92934126,0.93574196,0.9025686,0.853557,0.813616,0.7372373,0.9004796,0.90752876,0.8251295,0.75568134,0.90249157,0.8497109,0.9161452,0.8454617,0.84448206,0.8865858
3.0,0.60519767,-0.49853992,0.23451251,0.4253474,-0.36711335,-0.0457441,-0.08048697,0.38882565,-0.49484795,0.676345,0.2953892,0.020569794,0.49724028,-0.62901074,0.23294966,-0.28681162,-0.05998024,0.45461267,-0.4575168,-0.26758522,0.79291636,0.76453745,0.9335983,0.82781345,0.93121576,0.9394759,0.8999922,0.8380704,0.80191725,0.72593683,0.90268064,0.89849246,0.81481695,0.74827284,0.8947628,0.84030217,0.9073618,0.8462523,0.8408385,0.8717432
5.0,-0.6182002,0.51896495,-0.22139654,-0.4376014,0.40670732,0.024078043,0.1315834,-0.3875043,0.5471358,-0.6770676,-0.28434765,-0.007584516,-0.4385345,0.63628393,-0.2734121,0.2565478,0.080529004,-0.4503683,0.49042696,0.31494933,0.8179132,0.79664177,0.94832695,0.8231276,0.8551826,0.9399326,0.94725114,0.82878536,0.8841868,0.81605154,0.91008824,0.9810601,0.85249877,0.8036061,0.95434463,0.9380948,0.9716442,0.8607371,0.84392005,0.9367106
5.0,-0.28158635,0.23540446,-0.14010678,-0.18776873,0.20411,0.0027056248,0.046360567,-0.18920498,0.24040389,-0.31345236,-0.15899289,-0.013256565,-0.25017574,0.31319308,-0.12245993,0.13514389,-0.009646542,-0.19849704,0.22235201,0.11160207,0.83503014,0.836087,0.9320229,0.87174743,0.90549415,0.9757565,0.9960878,0.8544429,0.86114633,0.82157344,0.93911994,0.9825308,0.8835977,0.8271077,0.95363057,0.9295094,1.0063661,0.85978377,0.87876344,0.9210323
9.0,0.5773739,-0.48016366,0.22577354,0.409347,-0.35446706,-0.041198425,-0.076132886,0.37722278,-0.4763139,0.6494109,0.28532535,0.01748567,0.47826183,-0.60163444,0.22029221,-0.27627304,-0.055361133,0.43454003,-0.4422091,-0.2570811,0.7926527,0.7664504,0.93315375,0.82897335,0.93015176,0.9382308,0.90027046,0.8433691,0.8051368,0.72867125,0.90197015,0.90137744,0.81840086,0.7499649,0.89713794,0.8425234,0.9112824,0.845586,0.84172434,0.8766217
12.0,0.50004894,-0.42620283,0.19884893,0.3610369,-0.31639168,-0.031391192,-0.06287253,0.34003484,-0.42192537,0.5705226,0.25632203,0.008736365,0.4232127,-0.5233099,0.18547213,-0.2454684,-0.044738,0.3782527,-0.39588785,-0.2243292,0.7941107,0.7734096,0.9318726,0.8334354,0.9287626,0.9356259,0.90402085,0.8562047,0.8160701,0.7397217,0.9008868,0.91001797,0.8270975,0.7573553,0.9044768,0.85212594,0.91930705,0.8455299,0.844667,0.8890668
5.0,0.60263807,-0.49673897,0.23360819,0.42420483,-0.36555472,-0.045213748,-0.08053576,0.38769814,-0.49282968,0.67411774,0.2938767,0.020650335,0.49512216,-0.6264907,0.23181026,-0.28548774,-0.05978586,0.45289135,-0.4561324,-0.2671492,0.79260814,0.76444125,0.9336015,0.8274529,0.9307308,0.9396676,0.8998334,0.8381571,0.8015421,0.7255254,0.9028069,0.89885014,0.8152033,0.7478322,0.8947546,0.8399652,0.90850705,0.845944,0.8405671,0.87189215
5.0,-0.17913167,0.14721373,-0.10286673,-0.116985895,0.13565773,-0.00022177631,0.027960122,-0.12169735,0.14888412,-0.19984148,-0.10934666,-0.016634677,-0.1682849,0.20575309,-0.08230467,0.08739152,-0.019482981,-0.12450448,0.13880664,0.060863312,0.8311607,0.8341799,0.92840433,0.8727186,0.912992,0.97444797,0.9906758,0.86031985,0.8573482,0.81567675,0.9373763,0.9774005,0.88246185,0.8229385,0.95153385,0.9231302,1.0026437,0.85670006,0.8776415,0.9179688
6.0,-0.6200021,0.5204885,-0.2220653,-0.43896356,0.407125,0.024310926,0.13169488,-0.38777527,0.54792,-0.6788029,-0.28532824,-0.0077067018,-0.43941772,0.63785046,-0.27415705,0.2570669,0.08092409,-0.45156813,0.49155313,0.31642896,0.8180408,0.7963108,0.9486933,0.8224989,0.8546001,0.93936706,0.94669276,0.82856333,0.8844365,0.81552976,0.9097778,0.98033994,0.8520881,0.8035298,0.9546369,0.9377441,0.9715125,0.8611844,0.8439584,0.93618214
1.0,0.5776523,-0.4807542,0.2254911,0.40942383,-0.35392228,-0.04137132,-0.076627456,0.37674153,-0.47683102,0.64926654,0.28508577,0.01765383,0.4774473,-0.6018626,0.21977432,-0.27614984,-0.055497166,0.4346027,-0.4423357,-0.2577045,0.7923148,0.7661043,0.9331816,0.82856464,0.93009496,0.9382648,0.90070474,0.8432467,0.80483466,0.728366,0.9024022,0.90137225,0.8180749,0.7498597,0.8972966,0.84251463,0.9119169,0.8454272,0.8411608,0.87646633
6.0,0.4478015,-0.38685042,0.17984912,0.32683372,-0.28974822,-0.025839778,-0.053420104,0.31374288,-0.38238138,0.516087,0.23573011,0.00315959,0.38571474,-0.4695334,0.16387863,-0.22389434,-0.038662802,0.34030622,-0.3622234,-0.20093107,0.7965756,0.7789712,0.9310212,0.8371284,0.92784363,0.93517846,0.90674025,0.86327374,0.823864,0.74802274,0.9002749,0.9163457,0.8333329,0.7627528,0.908703,0.8589419,0.92349553,0.8460567,0.8475853,0.89603436
4.0,-0.47248083,0.39596212,-0.19634826,-0.32121333,0.3275127,0.011365563,0.086035535,-0.31249204,0.41633326,-0.52000487,-0.23890358,-0.005963158,-0.38004857,0.50475776,-0.20456143,0.21641536,0.025259566,-0.33775842,0.3746652,0.21855217,0.83111244,0.82454807,0.94406885,0.8563729,0.88299984,0.9695745,0.9887007,0.839704,0.86708456,0.82262015,0.9330319,0.9888806,0.8730163,0.82224447,0.95335895,0.93804747,0.9999678,0.8621501,0.86975235,0.93019694
4.0,-0.4726739,0.39616597,-0.19670159,-0.32135588,0.32778782,0.011352489,0.08594848,-0.3129413,0.4165975,-0.5203833,-0.23935777,-0.005943544,-0.38039783,0.5051168,-0.20474438,0.21663204,0.025195826,-0.33796716,0.3748268,0.21882129,0.831103,0.8246189,0.9441357,0.85636926,0.88304955,0.96951735,0.98878896,0.8395869,0.8670784,0.822634,0.93318796,0.98878306,0.8729105,0.822414,0.9534437,0.93813485,1.000138,0.8622628,0.8698463,0.9302669
7.0,-0.49479967,0.41441548,-0.20240492,-0.33728227,0.3413573,0.012828621,0.090686925,-0.3268659,0.43659085,-0.5438707,-0.24781744,-0.0050194524,-0.3933137,0.52640486,-0.2152489,0.22517872,0.030801948,-0.35444704,0.39223975,0.23272073,0.8298109,0.82173425,0.94596046,0.8532907,0.87950796,0.9679435,0.9863751,0.8375381,0.8674729,0.82125956,0.9317258,0.98854786,0.8701403,0.8206794,0.9535385,0.93849367,0.9980333,0.8624059,0.8680398,0.93116975
9.0,0.5647993,-0.4721762,0.22143996,0.40145528,-0.34839562,-0.039528977,-0.07406861,0.3712526,-0.46840203,0.63639045,0.2810248,0.015821904,0.46901855,-0.5891211,0.21401669,-0.27160755,-0.053204108,0.4251679,-0.43503046,-0.25210434,0.7926348,0.76736647,0.9329482,0.8297095,0.93007594,0.93744636,0.9011312,0.8460298,0.80719113,0.7305111,0.90187633,0.90266746,0.81966096,0.7514167,0.89862156,0.8442895,0.91270894,0.8454947,0.84203696,0.87894076
5.0,-0.38287917,0.32097602,-0.17135507,-0.25687185,0.27210382,0.006541381,0.06597096,-0.2564912,0.33428484,-0.4229781,-0.20261677,-0.008534659,-0.32408348,0.4164423,-0.16475403,0.18060455,0.005855564,-0.27161527,0.30421698,0.16496035,0.83404064,0.83233094,0.93802667,0.8661897,0.8949091,0.97531074,0.99619,0.8469231,0.8627098,0.8229914,0.937646,0.9875582,0.8807125,0.8254991,0.9532783,0.93432707,1.0057209,0.8605521,0.8756942,0.92614734
3.0,0.36883673,-0.32399687,0.14305705,0.27240258,-0.2372402,-0.019689599,-0.046117976,0.26161098,-0.31768447,0.4281895,0.19257145,-0.0015955307,0.31508937,-0.38429204,0.12911588,-0.18436714,-0.035663333,0.28226742,-0.30477273,-0.17061418,0.7987732,0.7850738,0.93100774,0.8388954,0.925251,0.9400967,0.91613495,0.8663878,0.8288306,0.7553928,0.90520424,0.9275817,0.84057224,0.7680805,0.9150521,0.86720985,0.93960994,0.8461545,0.84837,0.9004581
3.0,0.5770106,-0.47975892,0.22574484,0.40918267,-0.3544623,-0.041194003,-0.07582254,0.37705037,-0.47589326,0.6491671,0.28527704,0.017424151,0.47843072,-0.60120255,0.22031009,-0.27609876,-0.055453103,0.43438208,-0.44201094,-0.25653517,0.7927786,0.76668376,0.9330911,0.82913584,0.9302612,0.9381367,0.90024906,0.843354,0.80526483,0.72898704,0.90181154,0.9013584,0.81841916,0.750116,0.89719075,0.84271115,0.9109259,0.8457088,0.841858,0.8768118
9.0,0.48420385,-0.41459092,0.19209284,0.35065165,-0.30658087,-0.02968265,-0.061425142,0.33068374,-0.40982032,0.5535005,0.2485498,0.0076329783,0.4095567,-0.5066548,0.17801954,-0.23801701,-0.04340231,0.36656922,-0.38538635,-0.21867514,0.7940997,0.7743061,0.93189335,0.8335975,0.92809683,0.9361154,0.90550166,0.8576556,0.81730443,0.74098194,0.901598,0.91226476,0.82870233,0.75824773,0.9057698,0.8536751,0.922708,0.84528404,0.8445907,0.8905075
11.0,-0.59237385,0.49635124,-0.2185576,-0.41508952,0.39325848,0.021418419,0.12148915,-0.3759365,0.5239533,-0.6484912,-0.2773826,-0.006757576,-0.43187138,0.6142781,-0.2607667,0.25186783,0.06748003,-0.4295556,0.46859515,0.29703385,0.8211457,0.80320716,0.94897044,0.8315247,0.8609491,0.94848984,0.95853513,0.83070725,0.8793504,0.81760097,0.9160657,0.9838892,0.85677916,0.8085012,0.9536338,0.93870467,0.97888744,0.8615154,0.8511059,0.93535405
4.0,0.56560624,-0.47207215,0.22279382,0.40231073,-0.35019928,-0.039802644,-0.072650924,0.37234783,-0.46840197,0.6379746,0.2826404,0.015628763,0.47216284,-0.58976984,0.2154885,-0.27214968,-0.053475942,0.4260977,-0.43567705,-0.25045532,0.7933666,0.76844025,0.9326178,0.8309152,0.9308126,0.93687767,0.900794,0.8460172,0.8077998,0.731915,0.9008181,0.9022709,0.8197721,0.75222063,0.898502,0.8450022,0.9099883,0.84592897,0.8431908,0.8797762
8.0,-0.5029896,0.4209927,-0.20461199,-0.3428588,0.34750822,0.01333364,0.09208113,-0.3336471,0.44472146,-0.552563,-0.25100964,-0.0042628683,-0.3985611,0.5343786,-0.2196801,0.22879013,0.03295589,-0.3607676,0.39913088,0.23774227,0.8287502,0.8204437,0.946738,0.85233676,0.87828976,0.9679744,0.98607546,0.83653146,0.8665244,0.8202185,0.9315986,0.9887508,0.86885405,0.8195964,0.95347327,0.9386959,0.9974065,0.8619306,0.8673164,0.93215835
10.0,0.06192891,-0.06294305,0.0026559383,0.053510793,-0.033683598,-0.006465032,-0.0062112845,0.051855918,-0.060851492,0.07791278,0.024845896,-0.01730765,0.04609236,-0.053906936,0.010444544,-0.03304421,-0.028092448,0.0546693,-0.062470526,-0.043345563,0.8181262,0.8169649,0.92670065,0.8605524,0.9206658,0.9610074,0.9584476,0.8700693,0.84967035,0.7940149,0.92297846,0.9609123,0.8686192,0.8009614,0.93820417,0.9017157,0.97814476,0.85085475,0.86544913,0.91228354
10.0,-0.32783803,0.27476102,-0.15438223,-0.21957913,0.23419446,0.004364059,0.05570588,-0.21850085,0.28272796,-0.36356708,-0.17887196,-0.011662278,-0.2838045,0.36041757,-0.14095527,0.1555399,-0.0029144026,-0.2317404,0.25935307,0.13560435,0.8353804,0.8350909,0.9342932,0.86960393,0.90098953,0.97530544,0.99589807,0.85158044,0.8629694,0.82330924,0.9383069,0.98489195,0.88306206,0.82711816,0.95345455,0.93184245,1.0061107,0.86053646,0.87770814,0.9230095
1.0,-0.4898535,0.41079354,-0.19854751,-0.33555827,0.33443165,0.012808116,0.09281278,-0.3179226,0.43135715,-0.5386073,-0.24328393,-0.007537503,-0.38576177,0.5202938,-0.211041,0.22023365,0.031443033,-0.35060072,0.3870381,0.2297149,0.8307878,0.822254,0.9440159,0.8528443,0.8799969,0.9653809,0.9827138,0.8394821,0.8717395,0.82432187,0.92943996,0.98866796,0.87189233,0.82128054,0.95293,0.938585,0.9961342,0.86266214,0.8668996,0.9304216
4.0,-0.616737,0.5175983,-0.22147521,-0.43622312,0.40574223,0.023820948,0.13078913,-0.38670078,0.54558754,-0.675356,-0.28418645,-0.007607352,-0.4383257,0.6350217,-0.27263236,0.25635016,0.07949507,-0.44906023,0.48896343,0.31407657,0.81827706,0.79714704,0.9484527,0.8236872,0.85549754,0.94048566,0.9480553,0.8289206,0.8839084,0.81617844,0.9105573,0.9811247,0.8526428,0.8041169,0.95437396,0.9381278,0.97223103,0.86097467,0.8445609,0.93647087
5.0,-0.6138523,0.51500577,-0.22124907,-0.43357417,0.4044887,0.023520878,0.12948456,-0.3858296,0.54312927,-0.67213476,-0.28347597,-0.0073914155,-0.4378314,0.632657,-0.2713501,0.25601807,0.07793699,-0.4467803,0.4865573,0.31205004,0.8185598,0.79788786,0.9486061,0.8247747,0.856203,0.941715,0.9495977,0.82907635,0.88303006,0.8162317,0.9114145,0.981536,0.85306025,0.80463076,0.95425075,0.938217,0.9731449,0.8609876,0.8454926,0.9364551
12.0,0.50949335,-0.43314546,0.20136517,0.36669797,-0.32012078,-0.03226348,-0.06573297,0.34396604,-0.42873216,0.5796903,0.25881544,0.009989195,0.42826024,-0.53282434,0.18911126,-0.24898712,-0.04592141,0.384812,-0.40141422,-0.22985744,0.793381,0.7718075,0.93239826,0.8322801,0.928597,0.9364734,0.90379864,0.8545593,0.81431085,0.73727834,0.90161717,0.90932,0.82613057,0.7558957,0.9034989,0.8504347,0.9202211,0.8452434,0.84383005,0.8869264
6.0,0.17337126,-0.1597302,0.058601595,0.13301863,-0.118190125,-0.009287685,-0.015472259,0.13982195,-0.15664068,0.20885262,0.09485758,-0.016133841,0.15490052,-0.17659278,0.05517912,-0.0937817,-0.026143141,0.13842367,-0.1568164,-0.08534431,0.81308067,0.80697244,0.9274103,0.85356313,0.92259413,0.94941896,0.936708,0.87516564,0.85022205,0.7851036,0.9120785,0.9498496,0.8604811,0.7904712,0.9292453,0.89112824,0.9580148,0.85036385,0.8599579,0.91126245
5.0,0.5922607,-0.48971412,0.23014188,0.41849905,-0.3604491,-0.043469742,-0.07922631,0.383076,-0.4855327,0.664223,0.2894891,0.019822404,0.48780957,-0.6161642,0.22709109,-0.28114232,-0.058470298,0.44557977,-0.45041358,-0.26343632,0.79231125,0.7650246,0.933454,0.82746285,0.9301061,0.9394275,0.89986557,0.83966535,0.80218834,0.72614807,0.90270936,0.8999722,0.8164742,0.7480284,0.8955464,0.8404718,0.9105417,0.8456065,0.8405306,0.8735031
9.0,0.5175762,-0.43868747,0.20637876,0.37244785,-0.32713005,-0.033337656,-0.06447701,0.35026056,-0.43488252,0.58935404,0.26488587,0.01007323,0.4383299,-0.5415741,0.19407089,-0.25350592,-0.046331335,0.39113116,-0.40719926,-0.23055822,0.7942503,0.7725474,0.9318946,0.8335629,0.9295987,0.93530196,0.90247834,0.8543825,0.8146906,0.7383627,0.9000049,0.9076673,0.82552314,0.7564583,0.902836,0.8504429,0.91528887,0.84575254,0.8451062,0.8873691
7.0,-0.5816811,0.48714444,-0.21703887,-0.40605167,0.3882777,0.020334478,0.11771872,-0.37171197,0.51498336,-0.6369624,-0.27424073,-0.0062854514,-0.42860353,0.6050352,-0.25585055,0.24964373,0.062833816,-0.42127162,0.46017468,0.2896306,0.8220252,0.80558676,0.9488345,0.8346807,0.86334217,0.9516915,0.9627115,0.83143765,0.8772911,0.81819046,0.918388,0.9851359,0.85841596,0.81003654,0.95332396,0.93901366,0.9814657,0.86137533,0.8534336,0.9353734
10.0,-0.52148336,0.43683088,-0.20742342,-0.35831282,0.35416913,0.014957506,0.09890099,-0.33863944,0.4595815,-0.5723199,-0.2563519,-0.005925469,-0.404631,0.55081284,-0.22667007,0.23273082,0.039403867,-0.37431994,0.4120593,0.2502226,0.8287489,0.81781965,0.9470162,0.8480771,0.8747236,0.9629457,0.97943497,0.8360894,0.8717572,0.8214375,0.9276636,0.9875253,0.8671509,0.81876564,0.95354205,0.9388442,0.99346066,0.86316144,0.8644697,0.9314503
3.0,-0.5445746,0.45593807,-0.21115476,-0.37619647,0.36772197,0.016888462,0.10593453,-0.3519812,0.48130894,-0.5969949,-0.2631085,-0.005961567,-0.4144625,0.5718171,-0.23775478,0.23969765,0.047913294,-0.3921988,0.4304282,0.26488918,0.8261026,0.81340545,0.94782805,0.8435183,0.8706035,0.95942867,0.9738071,0.83436185,0.87342536,0.8204591,0.9244444,0.98726857,0.86409354,0.81554323,0.9531565,0.9391739,0.9892199,0.8622248,0.860504,0.9333018
11.0,-0.28280127,0.23579165,-0.1347748,-0.1879093,0.20060647,0.0031459727,0.04936348,-0.18296248,0.24164578,-0.3110981,-0.15283531,-0.014482938,-0.24434775,0.31174067,-0.12080185,0.13240747,-0.0063297264,-0.19788006,0.22104888,0.11229236,0.8350714,0.83517873,0.9309336,0.8707421,0.90405047,0.9749239,0.9914084,0.8565832,0.862922,0.82258564,0.93580735,0.9837115,0.88486916,0.8244902,0.9511973,0.9282636,1.0022199,0.8582545,0.877204,0.9219827
9.0,0.5219238,-0.44197816,0.20740488,0.37509465,-0.3284767,-0.03388766,-0.06590986,0.3517514,-0.43805176,0.59347063,0.26584733,0.010794148,0.44026214,-0.54589146,0.1955098,-0.25491613,-0.047069963,0.39417976,-0.40970314,-0.2331655,0.7937877,0.7717177,0.9320924,0.83280295,0.9294601,0.93570685,0.9025719,0.8534346,0.8136165,0.7371399,0.9005334,0.9073131,0.82486516,0.7557015,0.90246576,0.8496576,0.91590816,0.84556234,0.8444041,0.8863343
5.0,-0.21668172,0.1792199,-0.10999776,-0.14247236,0.15415576,0.0013839295,0.038573086,-0.1364245,0.18205301,-0.23735477,-0.11965496,-0.017447896,-0.1897215,0.24219616,-0.09389158,0.10052529,-0.012247305,-0.14986067,0.16605966,0.08019741,0.83367926,0.83468014,0.92818755,0.8716201,0.9090334,0.9733084,0.986514,0.8613885,0.8624148,0.8201797,0.9339888,0.980301,0.88488823,0.8225357,0.9495234,0.924198,0.99875796,0.8568863,0.8769683,0.9198935
11.0,-0.40935913,0.34339157,-0.18000528,-0.27584302,0.28900003,0.0077029034,0.07145819,-0.27390555,0.3584962,-0.45233867,-0.21475601,-0.0077084675,-0.34219724,0.44325787,-0.1764084,0.19186117,0.010527041,-0.29122704,0.32523724,0.18058819,0.8337154,0.8308712,0.93983805,0.86387503,0.8919424,0.97388685,0.99506015,0.84467316,0.8640962,0.8234317,0.9370689,0.9879743,0.8786864,0.82558423,0.95366454,0.9358931,1.0050852,0.8615804,0.87459016,0.9271849
8.0,-0.49395978,0.41328794,-0.20222136,-0.3356853,0.34389016,0.01266345,0.08964558,-0.3303638,0.4377445,-0.54285556,-0.24734786,-0.0038427599,-0.39432314,0.5258835,-0.21602269,0.2261689,0.030599829,-0.3542031,0.3928619,0.23136204,0.82842845,0.82137614,0.94616663,0.85407317,0.87991416,0.96988934,0.98830324,0.8370322,0.8645626,0.8200003,0.9327828,0.98963755,0.8699768,0.81950283,0.9531625,0.9386161,0.9985912,0.86088085,0.86796236,0.93275636
11.0,0.35821122,-0.31561702,0.14017999,0.26501328,-0.233688,-0.01884526,-0.042626686,0.25780004,-0.30993688,0.41727275,0.1901482,-0.0033832192,0.30966723,-0.37386456,0.12578477,-0.18110658,-0.033782568,0.27462634,-0.2980662,-0.16450277,0.8001324,0.7869126,0.93050784,0.8407091,0.9254662,0.9393154,0.9161136,0.86857206,0.8320919,0.7586455,0.9042158,0.928456,0.8421235,0.77028036,0.91584176,0.86931616,0.9379071,0.8467556,0.8498514,0.9023083
6.0,-0.57525736,0.48171762,-0.21604815,-0.40084088,0.384544,0.019703163,0.11568408,-0.36806175,0.50904685,-0.6299923,-0.27230608,-0.006300453,-0.42622122,0.5992956,-0.2525729,0.2479422,0.06007738,-0.41613716,0.45487693,0.2852925,0.8228708,0.8070621,0.9486965,0.8362995,0.8646191,0.953081,0.96471,0.83200264,0.876759,0.8187361,0.91943306,0.98556167,0.8594997,0.8111475,0.9532724,0.9390766,0.9828769,0.8616169,0.854757,0.9348868
12.0,-0.45197096,0.37898946,-0.1910781,-0.30643588,0.31491286,0.010123092,0.08139558,-0.2996625,0.3975261,-0.49808106,-0.23107335,-0.006604068,-0.3680001,0.48494416,-0.19513172,0.2084987,0.020242896,-0.3225451,0.35853273,0.2059649,0.8321845,0.8268992,0.942612,0.8589906,0.8860628,0.9709951,0.99086165,0.8414164,0.86640465,0.823264,0.93436617,0.9887189,0.8752312,0.8236001,0.9533946,0.93741626,1.0017728,0.862061,0.8714556,0.9291503
3.0,0.5468719,-0.45958832,0.21474406,0.39105988,-0.33818737,-0.03694451,-0.072378956,0.3620626,-0.45509338,0.6184692,0.27263188,0.014764741,0.45478725,-0.5707697,0.20556822,-0.2633915,-0.051370148,0.41232353,-0.4243123,-0.24603444,0.79212195,0.7681955,0.93280643,0.82940036,0.9288638,0.93761516,0.90183043,0.8479996,0.80785906,0.7312805,0.902297,0.9049619,0.8216936,0.7515812,0.89989275,0.8451956,0.91694695,0.84477854,0.84166235,0.8811374
3.0,0.01981081,-0.026865335,-0.010226645,0.024890862,-0.011270021,-0.0047771498,0.0037058964,0.03189085,-0.025340572,0.033906605,0.009046126,-0.018993437,0.016844211,-0.011062402,-0.0029545948,-0.016008968,-0.0234292,0.025304055,-0.031254612,-0.022951335,0.82244974,0.82098323,0.9254105,0.86269456,0.91842043,0.9617337,0.9587157,0.87210965,0.85473716,0.8004434,0.9220953,0.9644032,0.8729667,0.8038814,0.9386021,0.90457815,0.977206,0.85150033,0.86766684,0.91456157
12.0,0.31119645,-0.2770254,0.12177727,0.2311278,-0.20991167,-0.015536947,-0.032718226,0.23285076,-0.27285844,0.36549243,0.17067751,-0.009062517,0.2760856,-0.32522961,0.10880509,-0.16222733,-0.029263878,0.24008068,-0.26471913,-0.14181706,0.804545,0.79314333,0.92942685,0.8456454,0.92553234,0.9395423,0.9190104,0.87379694,0.84136415,0.76851416,0.9038799,0.9337202,0.8477692,0.77737993,0.9195495,0.8765956,0.93889856,0.8487078,0.853815,0.90668666
7.0,-0.59809786,0.50136614,-0.21887979,-0.4202935,0.3962229,0.021899574,0.12422835,-0.3784032,0.5294977,-0.6549812,-0.27860373,-0.0071091205,-0.43290073,0.619054,-0.263464,0.2526377,0.070610225,-0.43421578,0.47346592,0.30091813,0.82035106,0.8017874,0.9484932,0.8296829,0.85978997,0.9464041,0.9557383,0.83045673,0.8808262,0.81781775,0.9145719,0.9836068,0.85595375,0.80745053,0.9536394,0.938845,0.9770223,0.8611493,0.84917176,0.9359406
9.0,0.42112353,-0.3662884,0.16711456,0.30797032,-0.2723985,-0.023697408,-0.050884016,0.29627407,-0.36140007,0.48598447,0.22146063,0.0010512099,0.3617612,-0.4409438,0.15160215,-0.21107334,-0.03729206,0.32050806,-0.3431899,-0.19064969,0.79725146,0.78086156,0.9310991,0.837705,0.92716676,0.9364166,0.9100133,0.8649474,0.82642967,0.7508953,0.90200627,0.9200841,0.8355629,0.7650541,0.9112793,0.86223567,0.9289331,0.8464179,0.8476016,0.89764285
5.0,0.5629504,-0.47093645,0.2208162,0.40011796,-0.34782648,-0.039175704,-0.07364497,0.370717,-0.4672923,0.63446563,0.2805387,0.015391804,0.4678782,-0.5873922,0.21327347,-0.2712008,-0.05270541,0.42375213,-0.4339339,-0.2512926,0.7928213,0.76754576,0.9329802,0.8299663,0.9300909,0.93733764,0.90105516,0.8465842,0.80780375,0.7308519,0.90176535,0.90288323,0.81997675,0.7517291,0.89882267,0.8445318,0.91277117,0.84560084,0.84229594,0.87918454
10.0,-0.3381528,0.28336558,-0.15841964,-0.22632158,0.24285564,0.004577836,0.05709797,-0.22790164,0.29324907,-0.3751828,-0.18436256,-0.010828882,-0.29263222,0.37130818,-0.14591089,0.16099961,-0.0017483644,-0.23952772,0.2683784,0.14068109,0.8346661,0.83481044,0.93504715,0.86933583,0.90028405,0.9758385,0.9970167,0.85034174,0.86193717,0.8230543,0.9389413,0.9857196,0.8825082,0.82693666,0.9535812,0.9327619,1.0069433,0.86027294,0.87745553,0.92417556
4.0,-0.46076548,0.38659745,-0.19083178,-0.3141986,0.3165142,0.011003803,0.086041264,-0.29953364,0.40455592,-0.5070667,-0.23171063,-0.008274149,-0.36892435,0.49210817,-0.19745968,0.20915923,0.024046008,-0.32877892,0.36410984,0.21148902,0.8325018,0.82571,0.94202703,0.85694313,0.8843274,0.9680823,0.9862695,0.84209055,0.8703536,0.82514596,0.93143064,0.98877674,0.875293,0.8230481,0.95278245,0.9375573,0.9987102,0.8623735,0.86956537,0.9289105
12.0,0.55719393,-0.46685514,0.21866512,0.39707318,-0.34420288,-0.03846462,-0.0731927,0.3673678,-0.46279997,0.62883174,0.2775826,0.015321821,0.46321714,-0.5813365,0.2104539,-0.26815754,-0.05245165,0.41976216,-0.43055394,-0.24931854,0.79245716,0.76781946,0.9328409,0.8296591,0.9296496,0.93739915,0.90143913,0.8469044,0.8075655,0.7310252,0.9019791,0.90356904,0.82047373,0.7516037,0.89922655,0.8448034,0.9142635,0.84526116,0.8419162,0.8800029
11.0,-0.4488234,0.3765037,-0.1892994,-0.30469245,0.31164488,0.010096962,0.08166404,-0.29574987,0.3943836,-0.49457476,-0.22884196,-0.007442996,-0.36450398,0.48141357,-0.1931131,0.20627551,0.020170998,-0.3201527,0.35556504,0.20411628,0.8325257,0.82712597,0.941957,0.85903925,0.88637066,0.97037005,0.9897851,0.84217954,0.8675899,0.82412124,0.93368804,0.9887073,0.87591124,0.8237451,0.9531367,0.9372824,1.0011796,0.86208355,0.8712661,0.92885864
11.0,-0.60892534,0.5106881,-0.22064719,-0.42930415,0.40192813,0.023011861,0.1276432,-0.38362792,0.5387918,-0.66670746,-0.28208038,-0.0072590187,-0.4365134,0.6284694,-0.26890475,0.25511125,0.07546836,-0.44281226,0.4823798,0.30858755,0.81915677,0.79915476,0.9486973,0.8264097,0.8573335,0.94335467,0.951732,0.82947356,0.8821714,0.8166292,0.9125239,0.9821662,0.8539315,0.8055734,0.954066,0.9383902,0.9745021,0.86109823,0.8468234,0.9362441
8.0,-0.45870426,0.38472974,-0.19350758,-0.31170204,0.3184583,0.01041453,0.08303715,-0.30347082,0.40338987,-0.50576496,-0.23449066,-0.0067621656,-0.37192202,0.4916438,-0.19812441,0.21089901,0.021620508,-0.32762522,0.36355996,0.21070936,0.832355,0.82658833,0.9429427,0.8580671,0.88527066,0.9698713,0.98989445,0.84090835,0.8674868,0.8236924,0.9340766,0.9884049,0.87431806,0.82402307,0.9537255,0.9379648,1.0013425,0.8627882,0.8711284,0.9292307
2.0,-0.38992143,0.32677552,-0.1747406,-0.26147476,0.27816278,0.0066039423,0.06652571,-0.26345563,0.3411922,-0.4310917,-0.2070387,-0.007699646,-0.33055624,0.4239856,-0.16846691,0.18457144,0.006367322,-0.27697104,0.31049752,0.1689286,0.83369243,0.83213913,0.9387526,0.8659756,0.8943762,0.9757702,0.997389,0.84586006,0.86170644,0.822505,0.93845934,0.98782384,0.87978256,0.82558715,0.95371795,0.93500507,1.0065292,0.8606744,0.87569916,0.92676586
8.0,0.5674082,-0.47317275,0.22369546,0.40301752,-0.35208255,-0.040140286,-0.07201322,0.37360063,-0.46986502,0.63972473,0.2842397,0.015227109,0.47468612,-0.59164137,0.21672948,-0.27349395,-0.05348092,0.42739463,-0.43673772,-0.2500251,0.7939642,0.7688944,0.9325684,0.8316692,0.9314357,0.9364899,0.90066695,0.8462428,0.8086981,0.73283327,0.90031457,0.90189385,0.81960577,0.75297195,0.89858425,0.8455626,0.90825003,0.846478,0.84388196,0.8799317
9.0,0.55138284,-0.46237215,0.21841124,0.3933278,-0.34448713,-0.037673324,-0.06963945,0.36677036,-0.4590186,0.6237936,0.27834034,0.013429232,0.4632011,-0.57584447,0.20945653,-0.26745006,-0.05070283,0.41565484,-0.4275273,-0.24414164,0.7939715,0.76990885,0.9323995,0.8323198,0.93071437,0.93603057,0.9009257,0.84927195,0.8107208,0.73435205,0.90009254,0.9037372,0.82173616,0.75396276,0.89985675,0.8468616,0.91067594,0.8461045,0.8444236,0.88237464
2.0,0.6400111,-0.51791084,0.2442387,0.44485793,-0.38178435,-0.05161846,-0.08618133,0.4022209,-0.51352775,0.71052283,0.30525783,0.025452718,0.52148736,-0.6619364,0.25132722,-0.29833344,-0.067793116,0.48055202,-0.4749288,-0.2795102,0.79429203,0.76274943,0.9346121,0.8260197,0.93181026,0.9431089,0.89873385,0.8288327,0.79709816,0.7220953,0.9034232,0.8958225,0.81107235,0.74496216,0.8905467,0.8368684,0.9029251,0.84792376,0.84027696,0.86375695
2.0,-0.26427877,0.22028553,-0.13951516,-0.17379737,0.20172626,0.0013285214,0.038162492,-0.189932,0.22690603,-0.29627642,-0.15736622,-0.010237236,-0.24657455,0.29806158,-0.1187026,0.13300349,-0.01530214,-0.18689682,0.21225734,0.10053703,0.8324816,0.8363892,0.9330103,0.87354076,0.90787506,0.97947556,1.0032659,0.8522617,0.8535952,0.8166417,0.9434193,0.9818881,0.8824896,0.826564,0.95520484,0.9289603,1.0116547,0.8582023,0.879978,0.9211283
5.0,-0.29758137,0.2489416,-0.14116254,-0.19929051,0.20952788,0.003744586,0.052668132,-0.19250467,0.25474036,-0.32885435,-0.16117592,-0.015015006,-0.25550202,0.32746068,-0.12685373,0.13863349,-0.0048972033,-0.20924883,0.23295341,0.12078144,0.83605045,0.8356696,0.9312972,0.8703902,0.90328586,0.97374076,0.99135345,0.85569805,0.86503094,0.8245158,0.9360873,0.98387253,0.8844813,0.826318,0.9520794,0.93004346,1.0027485,0.85979176,0.8774394,0.92228615
5.0,0.6155695,-0.5048904,0.23752946,0.43136966,-0.37135705,-0.047489364,-0.08235648,0.39275727,-0.50100815,0.68642247,0.2985113,0.02205038,0.5040824,-0.6389496,0.2378857,-0.29026502,-0.062130604,0.4622242,-0.46296346,-0.27155682,0.79299146,0.7638055,0.9338092,0.8271319,0.9314143,0.9403193,0.899856,0.83554894,0.80029494,0.72465295,0.9030628,0.89758116,0.81353974,0.7472883,0.8936599,0.83926046,0.9062844,0.84646946,0.84037215,0.86962205
11.0,0.27130657,-0.24343471,0.10444263,0.2040869,-0.18312588,-0.013290297,-0.028136685,0.20679273,-0.238613,0.3216619,0.14926678,-0.010445036,0.24126968,-0.28214335,0.09312115,-0.14181568,-0.028187912,0.21118216,-0.23432176,-0.1259422,0.80647486,0.7968694,0.9289348,0.84719324,0.92398703,0.94265306,0.9235687,0.874079,0.84274685,0.7723068,0.90598446,0.93891555,0.8517644,0.77976197,0.921704,0.8799785,0.94513595,0.848333,0.8551312,0.90844226
6.0,0.4648275,-0.39973107,0.1841231,0.33796299,-0.29521778,-0.027527401,-0.05911476,0.31972235,-0.39448822,0.5329585,0.23924021,0.0061082244,0.3939216,-0.48628017,0.16960251,-0.22915412,-0.04174171,0.3524641,-0.37242168,-0.21105954,0.79458296,0.7758403,0.9318433,0.8341102,0.92731124,0.93673635,0.90678555,0.85943484,0.8190244,0.74288595,0.90208834,0.91496044,0.83090675,0.7593472,0.90717834,0.8555136,0.92621905,0.8452084,0.8450471,0.89232904
9.0,-0.5977678,0.5010168,-0.21913141,-0.41978475,0.39608076,0.021896804,0.12367049,-0.3784131,0.528935,-0.65447575,-0.27879375,-0.006983485,-0.43324226,0.6188707,-0.26337415,0.2528418,0.07015024,-0.43388742,0.47308797,0.3007543,0.82047385,0.80190694,0.9487719,0.82988185,0.8598175,0.9467717,0.95623404,0.8303696,0.88040835,0.81749284,0.91485906,0.98346424,0.8559047,0.8075692,0.9537117,0.938705,0.977377,0.86130977,0.84959924,0.93574077
1.0,0.61045027,-0.50176054,0.23585558,0.42877692,-0.3686649,-0.0464143,-0.08224803,0.3908609,-0.49776202,0.68169135,0.29616147,0.021788895,0.49986312,-0.63416415,0.23534743,-0.28819156,-0.061158624,0.45853293,-0.46031383,-0.27069563,0.7924789,0.763609,0.93381643,0.8267203,0.93065673,0.94037825,0.8996456,0.8364006,0.80015963,0.72413355,0.90325844,0.8981947,0.8143043,0.7468573,0.89387494,0.8388729,0.9082349,0.84590703,0.8400569,0.8701452
7.0,-0.48243028,0.40424687,-0.1982218,-0.32872337,0.33287326,0.012101045,0.08891186,-0.31754905,0.4252777,-0.5305268,-0.24198194,-0.006041717,-0.38483098,0.5140217,-0.20886137,0.21961519,0.028232645,-0.34513104,0.38224512,0.22468159,0.83059514,0.82319254,0.9445299,0.85478467,0.88135815,0.96832174,0.9867227,0.83912414,0.8681372,0.8226247,0.93178284,0.98891014,0.8721008,0.82141817,0.9531894,0.938251,0.99848473,0.86214954,0.8685459,0.9305836
4.0,-0.45376816,0.38050205,-0.19246855,-0.30753073,0.3163679,0.010135539,0.081081174,-0.30151397,0.39885855,-0.5001639,-0.23277381,-0.0061724596,-0.37014198,0.48705444,-0.19620365,0.20976298,0.02001584,-0.32384187,0.36008364,0.20731968,0.8323813,0.82694936,0.9430825,0.8589568,0.8858507,0.97120595,0.99153554,0.84098303,0.8660027,0.8228124,0.934827,0.98842794,0.87473357,0.82386714,0.95377034,0.9374773,1.0022582,0.8624787,0.87183505,0.92893714
12.0,-0.3779358,0.3170082,-0.17096058,-0.2537294,0.2691591,0.0062078317,0.06470939,-0.25411016,0.32966334,-0.4184019,-0.2018569,-0.008825358,-0.32141545,0.41190314,-0.162858,0.17877477,0.0045026727,-0.2683224,0.30037558,0.16254485,0.83433646,0.8329655,0.93778515,0.8666742,0.8958133,0.97520465,0.9967429,0.8470861,0.86281914,0.8232478,0.9382993,0.9870659,0.8806887,0.82642835,0.95373064,0.9345201,1.0065097,0.861053,0.8762204,0.9257654
11.0,0.5462743,-0.45895788,0.21598592,0.39044037,-0.34062812,-0.03701668,-0.06984117,0.36342776,-0.45516932,0.61843765,0.2750881,0.013509631,0.45798063,-0.5705027,0.20651875,-0.2645983,-0.050553743,0.41201293,-0.42438653,-0.24309868,0.793387,0.7697071,0.9324119,0.83149916,0.9300379,0.93635714,0.9014046,0.8493603,0.81019264,0.7339198,0.9007544,0.90447235,0.8220252,0.75350094,0.9002544,0.84678733,0.9130255,0.84568346,0.84352434,0.88263
2.0,-0.03439305,0.02608744,-0.05274713,-0.02945114,0.02516083,-0.0005970923,0.012888622,-0.01894693,0.019986775,-0.0495116,-0.0381601,-0.029127724,-0.037541658,0.054182574,-0.027561633,0.010718172,-0.026230138,-0.026265878,0.018662777,0.0046953186,0.82941544,0.8307968,0.92612076,0.8725308,0.92657477,0.9588734,0.97089314,0.86939305,0.8719214,0.8172983,0.93042433,0.96530735,0.876041,0.82770836,0.95077175,0.92188174,0.9856324,0.86285585,0.8778384,0.9122555
12.0,0.20543833,-0.18733779,0.071432315,0.15730906,-0.13434988,-0.010940682,-0.022749335,0.15708366,-0.18233399,0.2454091,0.10887738,-0.012241732,0.17778838,-0.20960744,0.06584634,-0.10621432,-0.029081907,0.16235647,-0.1807287,-0.10082752,0.80945975,0.8027103,0.92835414,0.85001606,0.92244303,0.9492647,0.9349749,0.8722547,0.8433537,0.777836,0.9121748,0.9468797,0.8567495,0.78502977,0.9269925,0.8862494,0.9580499,0.84847564,0.85703385,0.9093848
12.0,-0.5731849,0.48001695,-0.21526194,-0.39943317,0.38336942,0.019463954,0.11563328,-0.3667332,0.5075431,-0.6278938,-0.27119946,-0.0064521506,-0.42483285,0.5972634,-0.2514648,0.24701332,0.059639286,-0.41459906,0.45334753,0.28375036,0.82297015,0.80743873,0.94826615,0.83670646,0.8650927,0.9532308,0.9648823,0.8323328,0.87695926,0.8193344,0.919492,0.98598313,0.8599756,0.81134397,0.95311326,0.9392776,0.9829196,0.8614059,0.854692,0.9350345
8.0,0.50368553,-0.42850596,0.20116135,0.36374423,-0.31954715,-0.03153551,-0.062692724,0.34321937,-0.42436326,0.5750957,0.25877222,0.008924685,0.42764148,-0.5273035,0.18794164,-0.24746804,-0.044748444,0.38105807,-0.39846766,-0.22525376,0.7944127,0.7735363,0.9318009,0.8338791,0.92892677,0.93545437,0.9030543,0.8560655,0.8159834,0.7396158,0.9001438,0.9095012,0.82721955,0.7571289,0.9038155,0.85159075,0.91771126,0.8455349,0.8453734,0.8889768
3.0,0.6535256,-0.52674407,0.24726534,0.4524621,-0.38573447,-0.054035764,-0.090019345,0.40651557,-0.52194786,0.722819,0.30817962,0.027886666,0.52786446,-0.6751014,0.25665057,-0.3023781,-0.07058638,0.49017978,-0.48180813,-0.28649366,0.79359454,0.7607515,0.93504566,0.8237923,0.9312654,0.9447621,0.898992,0.82528305,0.79411983,0.7190951,0.90504354,0.89489645,0.80910254,0.74283147,0.8891173,0.8348206,0.9038321,0.84762037,0.8382583,0.86015964
7.0,-0.44910076,0.37642708,-0.19251508,-0.3034408,0.315719,0.009617921,0.07875162,-0.30191392,0.39548504,-0.49544248,-0.23234484,-0.005366862,-0.36944887,0.48317802,-0.19502077,0.20933928,0.018157925,-0.32062116,0.35723037,0.20437908,0.8320382,0.8275645,0.9432417,0.8600501,0.8868259,0.97272944,0.9938969,0.84067243,0.86384416,0.8219241,0.93638426,0.988564,0.874679,0.824063,0.9540287,0.93755555,1.0037928,0.86210805,0.8726652,0.9293892
5.0,0.07768357,-0.07708224,0.013861924,0.064922854,-0.05058609,-0.0065835626,-0.004431445,0.070925236,-0.07545804,0.09860106,0.03957706,-0.0182813,0.06693967,-0.0728495,0.01826635,-0.04450362,-0.0255743,0.06750752,-0.07827398,-0.04692234,0.8187938,0.81591046,0.92611384,0.8593832,0.9204714,0.95746136,0.9517453,0.872974,0.85300696,0.79479676,0.91926295,0.9591147,0.86805266,0.7996197,0.936032,0.9000652,0.9713673,0.85130644,0.8646014,0.91282856
6.0,-0.5822591,0.48726085,-0.21846914,-0.40549886,0.3902584,0.020234754,0.116027765,-0.37496683,0.5158393,-0.63738775,-0.2756976,-0.005270075,-0.4309553,0.60615253,-0.25719905,0.25122064,0.062114637,-0.4219125,0.46098262,0.29037216,0.82167876,0.8055508,0.94960517,0.835283,0.86342084,0.95324814,0.9646216,0.8307632,0.8748414,0.8167371,0.91983485,0.9850501,0.85746497,0.80987906,0.95351624,0.9388787,0.9823754,0.8612567,0.8544538,0.93594754
2.0,0.58182585,-0.48190546,0.2284092,0.41234502,-0.35820973,-0.04209194,-0.07486722,0.37981525,-0.4780773,0.6548301,0.28831598,0.0176768,0.4847262,-0.6055944,0.22403602,-0.27805993,-0.05654862,0.4382622,-0.4447233,-0.25604308,0.793758,0.7677064,0.9328709,0.8304863,0.93128026,0.9378566,0.8997826,0.8424006,0.8055049,0.73017526,0.9006198,0.90063936,0.81819075,0.75075567,0.89657336,0.84320074,0.9072728,0.84639156,0.84328526,0.87692523
11.0,0.52881896,-0.44794133,0.2069048,0.37775573,-0.32869023,-0.03497146,-0.06983452,0.35174826,-0.44382602,0.59787226,0.26575372,0.011787407,0.4399106,-0.55232716,0.19628789,-0.25678536,-0.04836129,0.39822692,-0.4129185,-0.23891705,0.7924693,0.7694803,0.93297076,0.83106226,0.92946583,0.9368232,0.90430224,0.8519149,0.8123761,0.73472774,0.9026659,0.90716064,0.82331455,0.7549568,0.90252894,0.8489897,0.91902137,0.8454241,0.8423968,0.88377154
4.0,-0.3832612,0.3211257,-0.17263563,-0.25661203,0.27429438,0.0063088425,0.06498864,-0.25956383,0.3352766,-0.42374742,-0.20410247,-0.0077472776,-0.32625353,0.41732612,-0.16567762,0.18195198,0.005180951,-0.27208924,0.30533916,0.1649138,0.83358043,0.8324269,0.938406,0.8665569,0.89513224,0.9762663,0.9978686,0.8462919,0.8610795,0.82218146,0.93870246,0.9877481,0.88024956,0.8254608,0.95361376,0.9345947,1.0068309,0.86030304,0.8759658,0.92659485
7.0,-0.47256684,0.39585602,-0.1996986,-0.3202379,0.33030123,0.010856502,0.08335938,-0.31739452,0.41686267,-0.52077276,-0.24253789,-0.0044273622,-0.3841154,0.50630426,-0.20610033,0.21882138,0.023276132,-0.33808228,0.37560442,0.21947417,0.8312067,0.8253427,0.9451162,0.85725653,0.8835143,0.9712013,0.9920618,0.8384729,0.8643929,0.82107085,0.9355753,0.98832995,0.8716853,0.8232137,0.95436406,0.9384476,1.0022591,0.8627808,0.8713716,0.9304862
4.0,-0.47764033,0.40028557,-0.19696565,-0.3252404,0.32992426,0.011798743,0.08783732,-0.3145003,0.42088473,-0.52538043,-0.24010658,-0.006188005,-0.3820647,0.509403,-0.2066008,0.21778408,0.027012642,-0.3415429,0.37847468,0.22166425,0.8308838,0.8237876,0.9441781,0.85544705,0.8820911,0.96871066,0.9872785,0.8395532,0.8679848,0.822823,0.932096,0.9889336,0.87269354,0.8217473,0.95317054,0.93810934,0.99892384,0.8621169,0.86896443,0.93033284
6.0,0.26448137,-0.2375049,0.09755295,0.20041901,-0.17046541,-0.013710663,-0.031937815,0.19490285,-0.23083456,0.312747,0.13912065,-0.0075965375,0.22657394,-0.27224025,0.08769396,-0.13331561,-0.031793322,0.20619984,-0.22629577,-0.12627235,0.804935,0.7960187,0.929381,0.8449239,0.9228328,0.9461963,0.92818415,0.8697845,0.8363279,0.7684179,0.9098963,0.94042903,0.85077393,0.7774347,0.9225559,0.8786564,0.9527679,0.84676147,0.85308146,0.90669394
11.0,0.5557369,-0.4662537,0.21773306,0.39586267,-0.34296268,-0.0382757,-0.07349077,0.36630705,-0.4622087,0.6268607,0.2767577,0.01514817,0.46108958,-0.5799095,0.20925209,-0.26758745,-0.052076217,0.418437,-0.4295892,-0.249439,0.79221946,0.7675346,0.93296224,0.8294716,0.92953354,0.93747455,0.9018402,0.8472774,0.80776227,0.7308522,0.90235525,0.9038555,0.82053417,0.75169355,0.89947796,0.8449291,0.9152072,0.8451279,0.84162563,0.8799693
4.0,-0.31867135,0.26688963,-0.15122712,-0.21303806,0.22865906,0.0040153004,0.053884543,-0.21314965,0.2749027,-0.35345927,-0.17461266,-0.012021113,-0.27704334,0.35095593,-0.13728744,0.1515538,-0.0040823855,-0.2251762,0.25210112,0.1304586,0.8349383,0.8352296,0.9337749,0.87012774,0.9019448,0.9756279,0.9959404,0.85219955,0.8622536,0.8229376,0.93842953,0.9847823,0.88336694,0.8267824,0.9532107,0.9314326,1.0061915,0.8599612,0.8777678,0.92307776
3.0,0.6097135,-0.50095403,0.23582578,0.42831102,-0.36876813,-0.04636898,-0.08158048,0.3906231,-0.49698174,0.6811398,0.29622772,0.021546565,0.5002278,-0.6332955,0.23542012,-0.2879954,-0.061174113,0.45812094,-0.4598734,-0.26959956,0.79281425,0.764093,0.93373376,0.8272139,0.9309446,0.9401838,0.89960146,0.8365356,0.80063546,0.7248407,0.9028715,0.8981991,0.81443447,0.7472812,0.8939667,0.83932567,0.90741146,0.8461928,0.8405154,0.8705351
11.0,-0.5692529,0.4765087,-0.2153284,-0.39558792,0.3823325,0.01912423,0.11326084,-0.3665138,0.5042293,-0.6235108,-0.27067488,-0.0057306215,-0.42473322,0.59419155,-0.25015935,0.24695714,0.05750135,-0.4116217,0.45044243,0.2811274,0.8231139,0.8082487,0.94873726,0.8381195,0.86596787,0.95519054,0.96739125,0.8322175,0.87494296,0.81859636,0.9209911,0.9862489,0.86022633,0.81174725,0.9531284,0.9391654,0.98442703,0.86134136,0.8561117,0.93512833
2.0,0.44345707,-0.38302758,0.18305668,0.3253507,-0.29435405,-0.025119754,-0.047403686,0.31771088,-0.37975174,0.51451004,0.24061939,0.0010439567,0.39171004,-0.46659598,0.16544145,-0.22509281,-0.036088783,0.33789033,-0.36130092,-0.19400632,0.79903275,0.7823425,0.92978585,0.84105253,0.9292114,0.9324094,0.9043841,0.86664504,0.82814574,0.75300276,0.89649963,0.9156723,0.83530617,0.765753,0.9087672,0.8611156,0.91561824,0.8468164,0.851368,0.89987576
4.0,-0.47908783,0.4014695,-0.19758718,-0.32620665,0.33106303,0.011853753,0.08796031,-0.31583154,0.42227864,-0.52699983,-0.24094349,-0.006025765,-0.38321647,0.51091474,-0.20740606,0.21853441,0.027237628,-0.34265518,0.37968993,0.22262004,0.8307717,0.8236555,0.94436926,0.85531753,0.88191646,0.96872944,0.987371,0.8393229,0.86780965,0.82264644,0.9321963,0.9889031,0.8724219,0.82170796,0.9532406,0.93818694,0.99897945,0.8621532,0.8689489,0.93045586
1.0,0.54371804,-0.45702705,0.2167544,0.38812038,-0.34293365,-0.036859974,-0.066376545,0.3643262,-0.45435244,0.61606765,0.27777323,0.011435941,0.46042392,-0.5683668,0.20675242,-0.26570737,-0.0489348,0.4100112,-0.4232127,-0.23871657,0.7951789,0.77177656,0.93199897,0.8345017,0.9317173,0.9346473,0.9011164,0.8518294,0.8139312,0.7376728,0.8988393,0.9041519,0.8227447,0.7565011,0.90104383,0.84926015,0.9082374,0.84687257,0.8462065,0.88479775
9.0,-0.16231509,0.13236399,-0.09480419,-0.10472845,0.12314501,-0.0006337394,0.025635043,-0.108254045,0.13384548,-0.17959994,-0.098966435,-0.016943,-0.15274537,0.18726973,-0.07528522,0.07868802,-0.020035982,-0.111550406,0.12435438,0.05317425,0.8305456,0.8332695,0.92778724,0.8721302,0.9133734,0.97395,0.988242,0.86164963,0.8568069,0.814357,0.9360621,0.9766314,0.8821352,0.82101005,0.9503789,0.9213007,1.0005726,0.8557924,0.87683916,0.9176641
8.0,-0.50245667,0.4209683,-0.20337799,-0.34346542,0.34458017,0.01360891,0.09340379,-0.32941848,0.44307208,-0.5519565,-0.2497882,-0.005475804,-0.39609382,0.5333472,-0.21824192,0.22707886,0.033507686,-0.36007887,0.39777213,0.2375822,0.82955235,0.8205416,0.94619375,0.85168326,0.8780564,0.9662576,0.98391294,0.8372686,0.8691673,0.82150656,0.9301477,0.98828703,0.8696097,0.820018,0.95338994,0.93848497,0.9964426,0.86259943,0.8668862,0.93113786
10.0,-0.48576432,0.40713242,-0.19973406,-0.33098453,0.3350007,0.012394463,0.08905204,-0.31987655,0.42791063,-0.5341669,-0.24401511,-0.0056137852,-0.38759378,0.5176421,-0.21056996,0.22135693,0.028613891,-0.34754884,0.38485226,0.22701475,0.8306548,0.8229218,0.94520026,0.8543734,0.8808038,0.96819353,0.9868459,0.83854145,0.86800677,0.82200766,0.9318674,0.98845875,0.8715755,0.8214473,0.9534828,0.93814206,0.9986336,0.8625909,0.8687752,0.93033916
11.0,-0.45510235,0.38121757,-0.1926058,-0.30765024,0.3194727,0.010125922,0.08078868,-0.30518034,0.4015447,-0.5013127,-0.23292209,-0.005261328,-0.37194547,0.48842892,-0.19758734,0.21121715,0.020417575,-0.32500398,0.36206216,0.20730916,0.83113945,0.8263788,0.94336456,0.85921925,0.88577354,0.972532,0.99267876,0.8404688,0.86384577,0.82173777,0.93534,0.9893225,0.87451714,0.8226648,0.9533904,0.93753546,1.0024592,0.8611952,0.8714877,0.93022084
5.0,-0.15610406,0.12747051,-0.09461117,-0.10159863,0.12004278,-0.00078203715,0.024170868,-0.10665518,0.12843218,-0.17482026,-0.09838433,-0.017482921,-0.1493839,0.1815843,-0.07361925,0.07640991,-0.021308836,-0.10820408,0.119975075,0.050150245,0.83011204,0.83338547,0.9279373,0.8724981,0.9146868,0.9734401,0.98889554,0.8613492,0.85707015,0.81441635,0.9368228,0.9759468,0.8816338,0.822283,0.9511521,0.9219366,1.0014971,0.85646987,0.8771631,0.9171198
10.0,-0.42524156,0.35664958,-0.18458208,-0.28699523,0.2992234,0.00850609,0.0747584,-0.2842667,0.3731593,-0.46946368,-0.22130103,-0.0070079863,-0.35264295,0.45906168,-0.18352106,0.19852972,0.013731312,-0.3028807,0.33786714,0.18989399,0.8331709,0.82957876,0.94101155,0.86230814,0.88987976,0.97322017,0.9941906,0.8432964,0.8644687,0.8231818,0.9364665,0.98832744,0.8773996,0.8249597,0.9536615,0.9365214,1.0043019,0.86176527,0.87367827,0.92796993
12.0,0.5332376,-0.4512014,0.19786865,0.37527865,-0.32092834,-0.035974372,-0.07832536,0.34189606,-0.44618315,0.59419334,0.25628543,0.012720361,0.42855006,-0.5534272,0.19320853,-0.25472936,-0.05229306,0.39901298,-0.41117722,-0.24653241,0.7902376,0.76589924,0.9354323,0.8273427,0.92980534,0.94031066,0.9099446,0.84798914,0.8106875,0.7308337,0.9086017,0.90865463,0.82082385,0.75423974,0.9043039,0.8493048,0.92975235,0.8465663,0.8381422,0.8779397
12.0,-0.6401877,0.53888553,-0.22373673,-0.45770916,0.4162718,0.026276585,0.140843,-0.3940614,0.5651771,-0.7015923,-0.29050973,-0.00903045,-0.44253942,0.6540895,-0.28345567,0.25904724,0.0924003,-0.46770424,0.5091117,0.33094937,0.815906,0.79084474,0.9472591,0.8142819,0.8494655,0.9301655,0.9353912,0.8273106,0.89055306,0.8147842,0.90372866,0.9769897,0.84875995,0.79959816,0.95588505,0.93693376,0.96484685,0.86095864,0.83690894,0.9364996
2.0,-0.36090803,0.30169916,-0.16337976,-0.24036902,0.25894612,0.0054913857,0.06110504,-0.24307764,0.31490177,-0.3976215,-0.19158927,-0.008677054,-0.30865267,0.39355388,-0.15549538,0.17136313,0.0024260022,-0.25506794,0.28711638,0.15180963,0.8335471,0.83301866,0.93646705,0.86800736,0.89700484,0.9773573,0.9974153,0.84875786,0.8598447,0.8216012,0.93813235,0.9877878,0.8819376,0.8240411,0.9526171,0.93274933,1.0058622,0.85859865,0.8761038,0.9261008
2.0,0.15064411,-0.13965102,0.051073305,0.11402238,-0.11196021,-0.0077378857,-0.007280469,0.13210478,-0.13970275,0.1823451,0.08827607,-0.021205913,0.14381185,-0.15451606,0.049444787,-0.087951876,-0.022037968,0.120928496,-0.14115497,-0.07220445,0.81709117,0.81107223,0.9266412,0.85754114,0.9236795,0.94705206,0.9354609,0.87975997,0.86068696,0.7939089,0.909976,0.95156044,0.8641936,0.7971839,0.9309215,0.8963764,0.9537531,0.8531936,0.86321425,0.91318893
8.0,-0.058226123,0.04210731,-0.055855624,-0.032319628,0.055917107,-0.0036559724,0.006722618,-0.04249964,0.042951487,-0.06394318,-0.04866285,-0.017223414,-0.06863962,0.07775474,-0.037241578,0.030725159,-0.027966417,-0.036249448,0.040409002,0.0049929544,0.82402545,0.8272488,0.9270789,0.8688975,0.91870356,0.97077274,0.98087436,0.86414754,0.8506435,0.80419225,0.9336529,0.96993375,0.8763253,0.81389564,0.94758123,0.91373837,0.9958394,0.8531076,0.87290156,0.9143213
2.0,0.5085621,-0.42807952,0.20956907,0.36769,-0.3342179,-0.03255763,-0.05227962,0.3526368,-0.42626625,0.58408576,0.27106175,0.005431801,0.4497567,-0.53245485,0.19797798,-0.25365502,-0.04463959,0.38633007,-0.402727,-0.21312156,0.80057424,0.78115046,0.9300539,0.84305286,0.9346577,0.9306035,0.8999166,0.85869986,0.8237439,0.75059795,0.89257544,0.90672785,0.82860947,0.7644083,0.9040551,0.85711294,0.8985429,0.8495478,0.8543012,0.8946742
8.0,-0.4804089,0.4018071,-0.19939902,-0.3248436,0.33751827,0.011701252,0.08526442,-0.32436424,0.42581952,-0.528012,-0.24261831,-0.003059432,-0.38857123,0.51323974,-0.21038364,0.22236674,0.026359346,-0.34400067,0.38306433,0.22231525,0.8288201,0.82301104,0.94580084,0.856551,0.88202465,0.97263765,0.99195755,0.8376619,0.86182183,0.81912094,0.93468493,0.99006844,0.8714003,0.8198716,0.95322526,0.93804514,1.0007311,0.8602586,0.8696571,0.9323956
4.0,-0.4857936,0.4069741,-0.19939783,-0.33094713,0.3354701,0.012281204,0.08929446,-0.32045403,0.4285075,-0.53414875,-0.24359433,-0.0056422018,-0.38733557,0.5174341,-0.21069849,0.22127512,0.02889267,-0.34768748,0.385078,0.22677761,0.83026975,0.8227724,0.9449586,0.85444885,0.88088524,0.9684015,0.9868332,0.8386285,0.8676914,0.82213455,0.9318777,0.98890114,0.871551,0.82113135,0.9532612,0.93833,0.99844456,0.86210227,0.8684151,0.9308626
2.0,0.48135874,-0.41053528,0.19876668,0.35062802,-0.31725508,-0.029148715,-0.05103714,0.33870426,-0.40805972,0.5553481,0.25835314,0.0038655251,0.42444593,-0.50566286,0.18333067,-0.24194054,-0.04040375,0.3659868,-0.38622838,-0.20683342,0.7989603,0.78066045,0.92987365,0.84111834,0.9315314,0.9312717,0.901527,0.86243206,0.824661,0.7502454,0.89471895,0.9103496,0.8312497,0.7639664,0.9059852,0.85782963,0.9073234,0.84763694,0.8519128,0.8967891
7.0,-0.4788493,0.40198126,-0.19594756,-0.32800686,0.3259203,0.012170343,0.09052236,-0.30873275,0.41988242,-0.5268664,-0.2393341,-0.008354273,-0.3789686,0.5096484,-0.20523371,0.21552393,0.028334256,-0.34210193,0.37768495,0.2233659,0.8324728,0.823985,0.943255,0.8540933,0.88152987,0.96540195,0.9833185,0.8407255,0.87285656,0.825302,0.9298033,0.9879704,0.87332964,0.82289654,0.9532669,0.93807656,0.9970559,0.86365134,0.86822146,0.9287063
1.0,0.56696475,-0.47363082,0.22227708,0.4027637,-0.34958577,-0.039822083,-0.07432262,0.37238303,-0.46990258,0.63861066,0.28199086,0.016013011,0.47071812,-0.5913161,0.21509661,-0.2725393,-0.05344596,0.42672879,-0.43629992,-0.25290293,0.7926799,0.7672513,0.9329724,0.82973325,0.9301754,0.93749356,0.9010123,0.8457305,0.80701697,0.73032886,0.9018203,0.9024251,0.819471,0.7513157,0.89839464,0.84409845,0.9122585,0.84552836,0.84210324,0.8786414
7.0,-0.5939723,0.49767277,-0.21879861,-0.41635248,0.39456856,0.021531139,0.12198216,-0.3773714,0.5257567,-0.6502982,-0.27785605,-0.006634705,-0.43251738,0.6157275,-0.26177895,0.2523529,0.068278894,-0.4309564,0.47010463,0.2981148,0.82075095,0.8027741,0.94892645,0.83117884,0.8607,0.94828016,0.9581407,0.83051646,0.8792087,0.8174251,0.9159443,0.9839191,0.8564019,0.8080998,0.95359993,0.9387609,0.97850424,0.8612544,0.8506887,0.93578196
10.0,-0.49395037,0.4136543,-0.20014217,-0.33710197,0.34058622,0.012973279,0.09210077,-0.32532525,0.4367854,-0.5427157,-0.24524035,-0.0056353584,-0.3907005,0.5248185,-0.21446463,0.22375524,0.0320266,-0.35396484,0.39169392,0.23137936,0.82909405,0.8212369,0.9450693,0.85311496,0.879575,0.9675547,0.9849548,0.8381719,0.8680924,0.82205355,0.93062776,0.9894962,0.87092197,0.8196847,0.9527308,0.9385681,0.9967481,0.8612518,0.8668287,0.93198586
3.0,0.42382467,-0.36829433,0.16818401,0.31001192,-0.27356753,-0.023884002,-0.051604494,0.29760352,-0.36324322,0.4890158,0.22236617,0.001536157,0.36357635,-0.44365975,0.15269056,-0.21200405,-0.037624512,0.32251972,-0.34499824,-0.19214892,0.79695123,0.78045785,0.93116534,0.83733606,0.92703164,0.93658704,0.9098078,0.8644691,0.82563555,0.75012726,0.9020527,0.9198387,0.8353334,0.76441604,0.91089076,0.86162233,0.92909646,0.84618825,0.8473733,0.8972906
7.0,-0.5244807,0.43917793,-0.20713419,-0.3605186,0.356864,0.015253626,0.10022469,-0.34133503,0.46345413,-0.5754743,-0.25633857,-0.0057961866,-0.405592,0.5533964,-0.22832598,0.23364614,0.041098785,-0.37687784,0.41489172,0.25151694,0.8276214,0.81686276,0.9468747,0.847603,0.87429255,0.9629015,0.97868246,0.8358872,0.87137926,0.8212989,0.92713517,0.9882164,0.8669629,0.81760234,0.9530249,0.9390255,0.9925677,0.86210805,0.8633835,0.9325718
1.0,-0.44835508,0.37654802,-0.19268548,-0.30458537,0.3113,0.0097733615,0.07985178,-0.2966299,0.39250106,-0.4953319,-0.23267375,-0.00693978,-0.3670105,0.48237792,-0.19345006,0.20728177,0.017988216,-0.3199123,0.3551534,0.20554608,0.8341211,0.82846045,0.9426923,0.85938436,0.8868588,0.97011304,0.99157006,0.8414409,0.8678071,0.8239166,0.93537873,0.98710215,0.874862,0.82611835,0.95473456,0.9376381,1.0030687,0.86433184,0.8730812,0.9274372
7.0,-0.53300244,0.44624415,-0.20888671,-0.36703715,0.36176813,0.015935404,0.10252095,-0.3462572,0.47119188,-0.5845853,-0.25922883,-0.005724907,-0.4096004,0.56128424,-0.23242532,0.23639539,0.043913815,-0.3834001,0.42158222,0.25708774,0.8268817,0.8153966,0.94733894,0.8459942,0.87277853,0.9616826,0.9768833,0.8351794,0.8719449,0.82082987,0.92613864,0.98793864,0.8657439,0.8166604,0.95303833,0.93911093,0.99124485,0.8620427,0.86221915,0.933012
11.0,-0.5991223,0.5021969,-0.21926329,-0.42095348,0.39676613,0.022044105,0.12420456,-0.37898722,0.5301299,-0.6559531,-0.2791308,-0.0070279203,-0.43360016,0.62002444,-0.26402074,0.25309318,0.07081428,-0.43496823,0.47421825,0.30166245,0.82031673,0.8015675,0.9487532,0.8294568,0.8595135,0.94634485,0.9556618,0.83027476,0.8806616,0.81741005,0.91453767,0.98332787,0.8557032,0.80731386,0.95373964,0.9386686,0.97700006,0.86127365,0.8492359,0.9357816
6.0,-0.0723296,0.05308539,-0.04665818,-0.039469436,0.049053594,-0.002108375,0.018908348,-0.027450792,0.054163005,-0.06892204,-0.037171308,-0.020001717,-0.059924427,0.08638994,-0.036259767,0.027345452,-0.01830279,-0.041604023,0.043292616,0.017442893,0.8287753,0.8280569,0.9244889,0.86710095,0.9146105,0.96646875,0.9674663,0.8708162,0.8594915,0.81015307,0.92532086,0.9714716,0.8798104,0.81083477,0.9421237,0.9116211,0.9833952,0.85286194,0.8719118,0.9171892
12.0,-0.2567356,0.21401416,-0.1307233,-0.17017493,0.18822074,0.00197144,0.04175768,-0.1735068,0.21892601,-0.28563017,-0.14663535,-0.014162298,-0.23055756,0.28714168,-0.11255048,0.123831674,-0.012026664,-0.18056758,0.2022129,0.09834403,0.8336502,0.8357673,0.930993,0.8723774,0.9075205,0.975979,0.9950702,0.8560283,0.85967624,0.82015663,0.93872327,0.98186105,0.88396645,0.8257344,0.95272946,0.9279947,1.0057769,0.8583701,0.87851334,0.92087674
12.0,-0.6002464,0.5027061,-0.22075468,-0.42053452,0.4000058,0.022179464,0.122299075,-0.38386053,0.53197944,-0.6569086,-0.28067282,-0.005545847,-0.4366628,0.62184834,-0.26619202,0.25525364,0.070461944,-0.43636632,0.47588867,0.30260587,0.8194259,0.8011452,0.94971704,0.830138,0.85957545,0.94845724,0.9579518,0.8292863,0.8770852,0.8152406,0.9162947,0.9834087,0.8544895,0.80654186,0.95378935,0.9383963,0.9778375,0.8606947,0.8502821,0.9369478
4.0,0.44473845,-0.38452396,0.1775342,0.32473847,-0.28612372,-0.025671097,-0.054272607,0.3104174,-0.3795851,0.51226133,0.23262697,0.003546156,0.38104925,-0.465847,0.16182485,-0.2214595,-0.039163213,0.3380001,-0.35964835,-0.20077974,0.79608834,0.7786112,0.931217,0.8363156,0.927384,0.93594545,0.90766335,0.86260176,0.8229373,0.7472672,0.9012602,0.9170296,0.8332794,0.7622612,0.9089617,0.858799,0.92587894,0.84576154,0.8467482,0.89558506
11.0,0.28732502,-0.2570112,0.11172501,0.21723256,-0.19093692,-0.0142474715,-0.031383045,0.2163543,-0.2508927,0.34090707,0.15661937,-0.007656481,0.2529466,-0.29873085,0.09858297,-0.14775012,-0.02977202,0.22362576,-0.24628331,-0.13326597,0.8048457,0.79465723,0.9290355,0.8446086,0.9232074,0.942619,0.92194456,0.8719733,0.8378546,0.7679276,0.9060241,0.93716234,0.84968626,0.7758694,0.92009866,0.8764382,0.94508773,0.84695274,0.8532283,0.90738577
9.0,0.101089224,-0.09743797,0.022917807,0.082043186,-0.063812695,-0.007490398,-0.009159613,0.08420001,-0.09474766,0.124983564,0.050357755,-0.016731013,0.084798835,-0.09722331,0.026079454,-0.054564647,-0.027322482,0.08473708,-0.096289665,-0.057559483,0.81663185,0.8133989,0.92656225,0.8574737,0.9208608,0.9569365,0.9501403,0.87204576,0.84951586,0.79067266,0.9190362,0.95714045,0.8656039,0.796503,0.9348821,0.8974202,0.97085565,0.8504431,0.86297226,0.91198355
7.0,-0.49923986,0.41825232,-0.2018551,-0.34145415,0.34223405,0.013303664,0.09351194,-0.3267372,0.44045448,-0.54853886,-0.24778022,-0.0060682073,-0.39318952,0.5298225,-0.21642813,0.22520322,0.033192042,-0.35773444,0.39515224,0.23536757,0.8296278,0.8208873,0.94541585,0.8520149,0.87862027,0.96611094,0.98352444,0.8379312,0.86973536,0.8224261,0.92992765,0.98870397,0.8702118,0.8201621,0.9531114,0.9386612,0.99619895,0.8622868,0.86658466,0.9312843
2.0,0.5686498,-0.4747444,0.2215789,0.40435296,-0.34793094,-0.040136855,-0.07639369,0.37135944,-0.4702233,0.64002424,0.28004095,0.017476164,0.46924418,-0.59253615,0.21490505,-0.2714901,-0.05505112,0.42819455,-0.43696448,-0.25518727,0.79160035,0.76614535,0.9331403,0.8276931,0.92929494,0.93847346,0.9014041,0.8437775,0.80450326,0.7282284,0.9031445,0.9025429,0.81870735,0.74956626,0.8981148,0.84276325,0.91506314,0.8449078,0.8401232,0.8773183
3.0,-0.59314114,0.49690336,-0.21885958,-0.41552043,0.39432082,0.021422425,0.12144794,-0.37733,0.52504677,-0.64936155,-0.27778462,-0.0064975433,-0.4325259,0.6150768,-0.26149815,0.25235087,0.06776331,-0.43031183,0.46944457,0.2975918,0.82081974,0.80298996,0.94902027,0.8315218,0.8609064,0.9487289,0.9587219,0.8305101,0.8787737,0.8173184,0.9163103,0.98399466,0.8564276,0.8082475,0.95360446,0.93876654,0.9788489,0.86126816,0.85103816,0.93580765
6.0,0.4149777,-0.36036974,0.17070052,0.30720732,-0.27516055,-0.022062588,-0.045456983,0.30044284,-0.35542983,0.48438394,0.22476417,0.0002830103,0.3663192,-0.4360025,0.15276225,-0.21044095,-0.034672484,0.31744176,-0.34139395,-0.18428195,0.799207,0.7837821,0.92978364,0.84008944,0.92679304,0.9347167,0.906285,0.867309,0.82806456,0.7537114,0.898264,0.92010766,0.838426,0.76521385,0.9099927,0.86213493,0.923319,0.84586763,0.8507635,0.9012075
2.0,0.49233344,-0.41997775,0.19828579,0.3556483,-0.3171112,-0.029972462,-0.058474056,0.33989218,-0.41667634,0.5635463,0.25711632,0.006129734,0.42305776,-0.5162745,0.18445139,-0.24483256,-0.041996207,0.3725925,-0.3916756,-0.21811846,0.7962663,0.7759795,0.93149096,0.8368699,0.92992926,0.9341304,0.9028374,0.85955817,0.8207043,0.7437745,0.89847124,0.9105208,0.8293249,0.76031744,0.905032,0.8544631,0.91508037,0.846556,0.8481571,0.8916685
5.0,0.34697717,-0.3050972,0.12102576,0.25070643,-0.21225679,-0.019743096,-0.051072866,0.23044644,-0.29938525,0.39330795,0.16727194,-0.0032485127,0.28126782,-0.35635817,0.11591555,-0.16830313,-0.040693596,0.2626653,-0.28223845,-0.16684026,0.79747075,0.7857061,0.9329719,0.83994687,0.9276466,0.94468427,0.9280279,0.862758,0.8294494,0.7567433,0.91244614,0.93137556,0.8401794,0.7735095,0.92067367,0.87301207,0.95221967,0.8482186,0.84739584,0.8970599
5.0,-0.6339747,0.53322726,-0.22299746,-0.45205823,0.41347763,0.025594044,0.13839403,-0.39208472,0.56016755,-0.6946649,-0.2886509,-0.00870385,-0.4413209,0.64904296,-0.28054005,0.25827187,0.089001745,-0.4627701,0.50374454,0.32637447,0.8165396,0.79256207,0.9474921,0.81687987,0.85113627,0.932933,0.93873304,0.8278124,0.8889304,0.81540596,0.9054968,0.97829777,0.84989166,0.80084133,0.9553747,0.9373768,0.9667166,0.86088884,0.83886176,0.9365583
8.0,0.46963483,-0.40375683,0.18571204,0.33995616,-0.2989224,-0.02820156,-0.059113592,0.32235956,-0.39926243,0.5371464,0.2422865,0.0054592714,0.39821687,-0.49148276,0.1715963,-0.2323667,-0.04157689,0.35555097,-0.37560707,-0.21232772,0.7949038,0.7757467,0.93193626,0.8349109,0.9282688,0.93603253,0.9068771,0.86000496,0.82052726,0.7437385,0.90174973,0.9141297,0.8302911,0.760511,0.90741736,0.8562974,0.9242383,0.8459823,0.845528,0.89215505
8.0,-0.5197288,0.43492532,-0.20719492,-0.35563788,0.35703838,0.014885889,0.09712506,-0.34272102,0.46020383,-0.5702412,-0.25563335,-0.0042255633,-0.40601173,0.5497947,-0.22743323,0.23400335,0.038814444,-0.3735286,0.41225746,0.24807677,0.8271264,0.81743896,0.9475359,0.84926987,0.8753236,0.96571803,0.98223174,0.83532196,0.8678071,0.8195313,0.92920953,0.98870635,0.8670797,0.8173543,0.9530656,0.9387646,0.9943847,0.8613797,0.8647869,0.9332105
6.0,0.49763417,-0.42471573,0.1983602,0.3586966,-0.3166371,-0.031197133,-0.061409377,0.33955067,-0.4210633,0.56762296,0.2569638,0.0074773952,0.42276028,-0.5211317,0.1847127,-0.24566306,-0.04358233,0.37615523,-0.3945151,-0.22232029,0.7948142,0.7741925,0.9317926,0.83488065,0.92954224,0.93485975,0.9042521,0.8578049,0.81840837,0.74160033,0.90022117,0.9101019,0.8275662,0.7590896,0.9050634,0.8536303,0.9176168,0.8461164,0.84581417,0.890065
5.0,0.4588036,-0.39499074,0.1874159,0.33412272,-0.3017766,-0.026531698,-0.051042624,0.32445964,-0.39193815,0.52932876,0.24587278,0.0021345392,0.40132803,-0.482343,0.17126209,-0.23179695,-0.037566897,0.3484332,-0.37081647,-0.20186052,0.79815644,0.7802163,0.9305577,0.8401578,0.92977625,0.9329003,0.9041943,0.8649812,0.82684505,0.75044996,0.89711267,0.91416717,0.83350337,0.7646906,0.90782404,0.85954094,0.91545004,0.8470505,0.8506101,0.89724475
9.0,0.63098073,-0.514325,0.24087253,0.44073224,-0.37583327,-0.049740627,-0.08726607,0.39814103,-0.5097142,0.7013892,0.30069456,0.02532468,0.51163167,-0.65400934,0.24469365,-0.29447627,-0.06581949,0.4736849,-0.47089648,-0.28003442,0.79201734,0.76125646,0.9344792,0.8239326,0.93009126,0.9428224,0.89920473,0.8306863,0.7958766,0.7200736,0.90491617,0.8966551,0.811636,0.74371636,0.8915099,0.8357331,0.90845865,0.8459832,0.83784187,0.86483026
4.0,-0.4894418,0.4103842,-0.19879241,-0.33490953,0.3344114,0.012767296,0.092124656,-0.31796503,0.43057358,-0.53796434,-0.24344042,-0.007137142,-0.38631436,0.52003515,-0.2109704,0.22052923,0.030885007,-0.35014704,0.38678485,0.22937319,0.8309548,0.8223194,0.9443579,0.8530501,0.8799703,0.9659084,0.9834631,0.8393278,0.8711346,0.8237639,0.92977834,0.9884848,0.8718287,0.82130265,0.95308805,0.93832296,0.9965522,0.8627984,0.86730176,0.9300379
5.0,-0.63679785,0.535745,-0.2233462,-0.45445013,0.41545662,0.025953135,0.13931403,-0.39400205,0.56291413,-0.6978478,-0.2894889,-0.008529544,-0.44220534,0.65150714,-0.28224528,0.25891143,0.09063861,-0.46525496,0.5064904,0.3283549,0.81594473,0.79166716,0.9474169,0.81590027,0.8505094,0.9321329,0.93761307,0.82743996,0.8889464,0.8148422,0.90501916,0.9779279,0.8492404,0.8000045,0.95549065,0.93721026,0.96590805,0.8606069,0.8380221,0.93699306
12.0,-0.6111741,0.5126547,-0.22074977,-0.43128577,0.40375996,0.023172101,0.12868325,-0.38547352,0.5414933,-0.669374,-0.28252652,-0.007114798,-0.43706134,0.6304195,-0.2703327,0.25553575,0.076896876,-0.44486156,0.4846862,0.31008378,0.81855595,0.79847777,0.94840276,0.82577556,0.856989,0.9427783,0.95084006,0.8292538,0.88223904,0.8165536,0.9121716,0.98226094,0.85344726,0.8049047,0.9540123,0.938515,0.9736911,0.86062384,0.84593654,0.9369573
11.0,-0.39333558,0.33026507,-0.17857385,-0.26440665,0.2808186,0.0066425027,0.066288084,-0.2671943,0.34371537,-0.43644828,-0.21184435,-0.0073281825,-0.33514595,0.42889044,-0.17051348,0.18703885,0.0056376867,-0.27999815,0.31333417,0.17201617,0.8344551,0.83281565,0.93956023,0.8658546,0.8945593,0.9750449,0.9983812,0.8447885,0.86243737,0.822722,0.9396188,0.9866497,0.87892795,0.8275813,0.9549079,0.9357182,1.007974,0.8624392,0.8767174,0.9260405
6.0,-0.3602187,0.30213422,-0.16467254,-0.24194112,0.25586417,0.005575825,0.06209533,-0.24021405,0.31277746,-0.39892587,-0.1932038,-0.010319859,-0.30728465,0.39342877,-0.15465944,0.16995066,0.0020852648,-0.25530425,0.28552166,0.15302964,0.83505464,0.8338802,0.9362041,0.86767715,0.89767593,0.974818,0.99574864,0.84908223,0.8637205,0.8239307,0.93790567,0.98634666,0.88182265,0.82686764,0.95352006,0.9336188,1.005922,0.8610176,0.8766435,0.92464614
6.0,-0.60660565,0.5086732,-0.22030854,-0.42731777,0.40071028,0.022787435,0.12683389,-0.3825334,0.53674525,-0.66415226,-0.2813626,-0.0071997494,-0.43583646,0.626476,-0.2677444,0.25464433,0.07435396,-0.44095343,0.48044485,0.30692357,0.8194329,0.79972994,0.9487196,0.8271484,0.85785425,0.944087,0.95268494,0.8296654,0.8818041,0.81681514,0.91300166,0.98246014,0.85436666,0.8059841,0.9539783,0.93846005,0.9750966,0.8611352,0.8474022,0.9361269
2.0,0.39998364,-0.34864748,0.14518401,0.2886496,-0.24463269,-0.023559006,-0.058199063,0.26530787,-0.34220767,0.45338732,0.19509028,0.0016984753,0.32516518,-0.41313267,0.13692787,-0.19336613,-0.043053083,0.30241442,-0.32153568,-0.18912902,0.7947259,0.77961963,0.93331575,0.83520573,0.9274614,0.9423886,0.92128503,0.85966194,0.823102,0.7484804,0.91056615,0.92481834,0.8345636,0.7664886,0.9157645,0.86526126,0.9458042,0.84687585,0.8438434,0.89327294
4.0,0.38175473,-0.33503935,0.1504704,0.28034544,-0.249847,-0.020646276,-0.044702835,0.273121,-0.3303159,0.44260773,0.20319657,-0.0027832203,0.33057347,-0.39941046,0.13557062,-0.1935476,-0.034368593,0.29155725,-0.3154426,-0.17334461,0.7994997,0.78504825,0.93065685,0.8404813,0.92677665,0.93731815,0.91368616,0.8684412,0.8320407,0.75722694,0.9028446,0.92503077,0.8397099,0.7697377,0.9146635,0.8677983,0.93292886,0.8473241,0.849559,0.90113574
8.0,-0.6196786,0.52023536,-0.22165236,-0.43887946,0.40751228,0.024119176,0.13212077,-0.3882375,0.54850394,-0.6787252,-0.28484496,-0.0076319575,-0.43892217,0.6374964,-0.27419063,0.25678417,0.081239864,-0.451554,0.49169248,0.31608522,0.8177622,0.7963032,0.9482169,0.8226623,0.8548702,0.93943185,0.946634,0.8286866,0.8844402,0.8160354,0.9098411,0.98089504,0.8521332,0.80339825,0.95442706,0.93810487,0.9712381,0.86070037,0.8435106,0.93685496
10.0,0.5839468,-0.4846696,0.2269203,0.41364858,-0.35560715,-0.042039637,-0.079001315,0.3790968,-0.48031968,0.6556647,0.28564516,0.019215517,0.48032847,-0.6080332,0.22249074,-0.27769265,-0.057028342,0.4393422,-0.44572067,-0.26168227,0.79166037,0.7648384,0.93349415,0.82693535,0.9293014,0.9394343,0.9002183,0.84111625,0.80245614,0.7258849,0.9032495,0.90103626,0.8174092,0.7478988,0.8962608,0.84054554,0.9134913,0.8449507,0.8399621,0.87441516
11.0,-0.58430487,0.48934034,-0.21746337,-0.4080482,0.39011782,0.020649279,0.118392155,-0.37361467,0.51751035,-0.63976496,-0.27501997,-0.0060962997,-0.42980695,0.6074502,-0.25735694,0.25051346,0.063956514,-0.4234404,0.4624862,0.29131696,0.82155174,0.8049013,0.9489974,0.8340891,0.8628261,0.9513701,0.9621262,0.8310988,0.87711823,0.8176914,0.918091,0.98499554,0.85793483,0.80941963,0.9533223,0.9389144,0.98093975,0.8611553,0.852953,0.9356628
1.0,0.4740866,-0.40699866,0.18830156,0.3438568,-0.3014649,-0.028591791,-0.059616,0.32548836,-0.40224594,0.5428154,0.24455582,0.0064284652,0.40225732,-0.4962215,0.17381597,-0.23393424,-0.042157177,0.359145,-0.37883544,-0.21416402,0.7945998,0.77538705,0.93177927,0.8344335,0.928016,0.9360188,0.90611386,0.8591371,0.81903875,0.7426971,0.9014713,0.9135084,0.8299308,0.75945026,0.9066443,0.8551365,0.9234984,0.84547335,0.8452548,0.89186066
4.0,-0.48713005,0.40824208,-0.2002635,-0.33217028,0.3355447,0.012338078,0.08952255,-0.32053035,0.42908806,-0.5357921,-0.2447601,-0.0058336332,-0.38813135,0.5188582,-0.21112974,0.2216513,0.028938416,-0.34860986,0.38577795,0.22811726,0.8307428,0.8229085,0.9451139,0.85413516,0.88067675,0.9677863,0.9864626,0.8385374,0.86846185,0.8223626,0.9318014,0.9883891,0.87127215,0.8216882,0.9535778,0.9383874,0.9984845,0.86280596,0.86860365,0.9303805
4.0,-0.48292297,0.40468368,-0.19767097,-0.32932955,0.33245978,0.012222063,0.08959721,-0.31669167,0.42553055,-0.53086805,-0.24141204,-0.0063665137,-0.38421255,0.5141531,-0.20873821,0.21923256,0.028752442,-0.3454133,0.38242054,0.2248671,0.8306555,0.8230105,0.94431,0.85452557,0.88115233,0.9679009,0.98593885,0.8393796,0.86878186,0.8229506,0.93120295,0.9889835,0.87229455,0.8212224,0.9530156,0.93818015,0.9979054,0.8620825,0.8681877,0.93046975
8.0,0.3655619,-0.32189682,0.14567116,0.27046612,-0.24186888,-0.019222172,-0.041015096,0.26605392,-0.31701535,0.42667273,0.19746894,-0.003918212,0.32003498,-0.3828499,0.12988947,-0.18670405,-0.03261565,0.2803283,-0.3047707,-0.16536865,0.80079955,0.78717226,0.92999536,0.84151864,0.9259875,0.93737173,0.91372156,0.87006044,0.8336616,0.7597211,0.9022726,0.9268548,0.8418732,0.7707076,0.9152679,0.869177,0.9332515,0.84714967,0.8506656,0.90323967
6.0,-0.035288304,0.021528399,-0.034282386,-0.015153345,0.025449041,-0.003138891,0.0121697225,-0.005954791,0.021941693,-0.030008513,-0.021051716,-0.020594545,-0.03064912,0.047856748,-0.02326686,0.010326504,-0.021266896,-0.015918542,0.014082875,0.00054540485,0.8261475,0.825666,0.9250419,0.86617553,0.91720253,0.96454453,0.9652497,0.87118936,0.8585481,0.80713433,0.9248473,0.9686392,0.8771374,0.80984545,0.94172114,0.9100881,0.9822014,0.8531016,0.8707938,0.91571736
7.0,-0.49639827,0.41555178,-0.20375693,-0.33788636,0.34391543,0.012740983,0.09005271,-0.33038288,0.43877703,-0.54575795,-0.24942929,-0.0042788796,-0.39566666,0.5284225,-0.21675368,0.2267837,0.030713689,-0.35584807,0.3940103,0.23383877,0.8292942,0.82161635,0.9464271,0.8534857,0.87949646,0.9687481,0.9875369,0.836914,0.8660049,0.8204595,0.93261397,0.988667,0.86945,0.82052016,0.9536848,0.9387149,0.99864435,0.86216384,0.8683079,0.9318809
9.0,-0.16565552,0.13520807,-0.095197886,-0.10698352,0.12463256,-0.00046551134,0.026735663,-0.109407544,0.13695958,-0.1828261,-0.09962316,-0.01718029,-0.15429029,0.19036582,-0.07620844,0.07969063,-0.019211981,-0.11382632,0.12665097,0.054817818,0.83070683,0.8333397,0.9277286,0.8720577,0.91307527,0.9738025,0.9876209,0.861893,0.8573791,0.8149013,0.9356197,0.9770328,0.8824617,0.8209259,0.9500457,0.9214479,1.0001016,0.8557457,0.87674797,0.9179801
7.0,-0.5340559,0.44710666,-0.20898795,-0.3677935,0.36265028,0.016066363,0.10280973,-0.3471888,0.47237468,-0.5857083,-0.2594572,-0.005615078,-0.41013467,0.5622935,-0.23303121,0.23681605,0.044368666,-0.38427192,0.42254016,0.2576591,0.8266011,0.81511945,0.94740325,0.8458266,0.8726109,0.96166635,0.9767283,0.8350446,0.8717884,0.8206545,0.9260286,0.9880251,0.86562425,0.81635416,0.9529592,0.93911624,0.991048,0.8618412,0.8620058,0.9332547
2.0,0.5434695,-0.4564118,0.21608183,0.38919407,-0.34053323,-0.0365994,-0.0682134,0.36311916,-0.45264298,0.61649966,0.27512187,0.013051435,0.45818835,-0.56766593,0.20635119,-0.263715,-0.050138254,0.41027004,-0.4229257,-0.24059513,0.7939915,0.7707774,0.93212175,0.8326093,0.93035257,0.93590313,0.9009792,0.8499365,0.81098926,0.73520017,0.8997749,0.90460455,0.8227499,0.75417596,0.9002519,0.8474101,0.9114005,0.8458552,0.8446668,0.88375455
10.0,-0.48568267,0.4066012,-0.20073512,-0.32976875,0.3378953,0.012098925,0.08747353,-0.32404968,0.4291172,-0.5340094,-0.24488923,-0.004234642,-0.3899392,0.51807827,-0.21178792,0.22301312,0.027869266,-0.34774053,0.3859206,0.22654212,0.8297377,0.82281154,0.94578016,0.8551721,0.8810912,0.97023,0.9893502,0.8377881,0.8649665,0.8204825,0.9333957,0.9890636,0.87095356,0.82082146,0.95352435,0.9382718,0.9997381,0.8617136,0.86922014,0.93139523
10.0,-0.46395898,0.38877898,-0.19437891,-0.31455708,0.3234802,0.010832995,0.08349696,-0.3087165,0.409059,-0.5107826,-0.23583043,-0.005631417,-0.3760106,0.49677336,-0.20107038,0.21384712,0.022931349,-0.3314712,0.3684477,0.2129763,0.8311302,0.82541376,0.94375,0.85776776,0.8843201,0.97103024,0.9905788,0.840104,0.86554605,0.82216835,0.9340599,0.98911166,0.8738659,0.8223736,0.95331067,0.9377309,1.0011398,0.86165935,0.8706206,0.930186
8.0,0.5909571,-0.4902297,0.2290357,0.41690627,-0.35916606,-0.043297365,-0.07988073,0.38210487,-0.48639435,0.6616541,0.28916466,0.019257426,0.48470262,-0.6152333,0.2249731,-0.28122625,-0.057307582,0.44388574,-0.44969052,-0.2644034,0.79182565,0.7642739,0.93364656,0.8271421,0.93004376,0.9392033,0.90069616,0.84088963,0.8028478,0.7258565,0.9034843,0.9001818,0.816331,0.7484091,0.89618194,0.8407611,0.91202086,0.84531164,0.8399444,0.8735215
3.0,0.5583151,-0.4668057,0.22105151,0.397747,-0.3481863,-0.038670085,-0.070341125,0.37014592,-0.46346474,0.63108635,0.28114587,0.014202274,0.46889696,-0.58270997,0.21302348,-0.27012736,-0.051926102,0.4208743,-0.43159148,-0.24631989,0.7941353,0.76969653,0.93241054,0.83227015,0.93105596,0.9361789,0.90051675,0.8479234,0.80986166,0.73384553,0.89988923,0.9028955,0.82097375,0.7535313,0.8991611,0.84624046,0.90912926,0.84630483,0.8444919,0.8814496
6.0,-0.5318118,0.44505876,-0.20985883,-0.36543456,0.36240885,0.015671365,0.10084049,-0.3478615,0.4703973,-0.5833503,-0.26008108,-0.0049495175,-0.41080546,0.56074893,-0.23259695,0.23715615,0.04270081,-0.3825763,0.42097956,0.25658467,0.82683986,0.81578815,0.9478448,0.8467243,0.87316966,0.96294546,0.97874105,0.8347531,0.8702246,0.81995106,0.927428,0.98788637,0.8653226,0.81691664,0.95329237,0.9391249,0.9923772,0.8620961,0.8631718,0.9332569
8.0,0.40121984,-0.3503537,0.16239825,0.29596284,-0.26474342,-0.021561023,-0.045185044,0.2893089,-0.3456021,0.46704772,0.21623227,-0.0010921247,0.3513213,-0.4211205,0.14535396,-0.20372607,-0.03422941,0.30667368,-0.33088765,-0.1799677,0.79919285,0.7840772,0.9301747,0.84012365,0.92671543,0.93565255,0.90939987,0.86813706,0.82997435,0.7551684,0.90020365,0.92213845,0.83881146,0.7671688,0.91201234,0.86459714,0.9273534,0.84645265,0.85000837,0.9012229
11.0,-0.4076394,0.34153882,-0.18228891,-0.27285796,0.29312783,0.007113412,0.06809336,-0.28009674,0.35866046,-0.45097706,-0.21705586,-0.005350847,-0.34623864,0.44302976,-0.17769171,0.1945022,0.008325409,-0.29031563,0.32597527,0.17890863,0.8325051,0.8311652,0.9409492,0.8651168,0.89266914,0.9767937,0.99971664,0.8431115,0.85936254,0.8207849,0.9398777,0.9883227,0.8778509,0.8252169,0.9543366,0.93606263,1.007919,0.86070466,0.87564737,0.92825663
9.0,-0.6148004,0.5159714,-0.22117314,-0.43482798,0.4037886,0.02350266,0.13043827,-0.3844747,0.5433618,-0.67321414,-0.2835898,-0.008007977,-0.43726903,0.6331272,-0.27117956,0.25552946,0.07844539,-0.447223,0.48693419,0.31285673,0.81894976,0.7978372,0.948325,0.8240979,0.85582376,0.9404904,0.94832474,0.82932305,0.8846014,0.8168833,0.91058564,0.98116744,0.8531459,0.80489266,0.95442617,0.93823594,0.972631,0.8614105,0.84496844,0.93586427
7.0,-0.39568236,0.33195102,-0.17575657,-0.26626787,0.28009486,0.0070970636,0.06876157,-0.26479658,0.3459478,-0.43747714,-0.20878574,-0.008345,-0.33281907,0.42953342,-0.17032227,0.18596832,0.00805917,-0.28121373,0.31429,0.17263529,0.8340172,0.83178085,0.93884265,0.86506987,0.89361405,0.97433347,0.99548924,0.8458591,0.8638214,0.8235521,0.9373858,0.9876486,0.879772,0.82590824,0.95355386,0.93525124,1.0054997,0.8612988,0.8752231,0.9265759
9.0,0.30113286,-0.26849318,0.115351416,0.22444856,-0.19936219,-0.015292924,-0.033916958,0.22263484,-0.26338398,0.35353512,0.16192476,-0.008138556,0.26308057,-0.31321526,0.10350363,-0.15482722,-0.030711865,0.23267384,-0.2558362,-0.1395826,0.8039944,0.79319197,0.92965627,0.8447187,0.9247006,0.94177014,0.92191666,0.87187123,0.8388388,0.76735616,0.9061244,0.9354213,0.84796786,0.77671653,0.9202944,0.8766292,0.94391286,0.84803283,0.8528982,0.9059753
11.0,0.5458317,-0.45872638,0.21586207,0.3901101,-0.34045348,-0.036941953,-0.06978457,0.36329663,-0.45497364,0.6179468,0.2750278,0.013411336,0.45761073,-0.5701021,0.20628701,-0.26451242,-0.050366793,0.41162604,-0.4241305,-0.24300611,0.79339,0.7697089,0.93242264,0.8315775,0.9300394,0.9363304,0.9014371,0.84954965,0.81034374,0.73397046,0.9007433,0.90453917,0.82211596,0.7535878,0.90029126,0.8468537,0.91307354,0.84565675,0.8435909,0.8827052
7.0,-0.44126207,0.37004647,-0.18883985,-0.29853305,0.30896935,0.009410236,0.07847286,-0.29403365,0.38784498,-0.48673585,-0.22756456,-0.006614879,-0.3623516,0.47476736,-0.19059809,0.20479468,0.017376918,-0.31469434,0.35036677,0.19952717,0.83259374,0.82809895,0.9420698,0.8604552,0.8876902,0.972082,0.9925981,0.8420469,0.8653758,0.8231414,0.93549,0.98855466,0.8760372,0.8242875,0.9535962,0.93713224,1.0030937,0.8620042,0.8725209,0.9287164
1.0,0.50570416,-0.43098268,0.19829541,0.36346006,-0.31603673,-0.03230072,-0.06640003,0.33962956,-0.42637116,0.57421887,0.25574842,0.009838507,0.4224835,-0.52837354,0.18598506,-0.2465718,-0.04612908,0.38163304,-0.39843705,-0.22927618,0.7928441,0.7714666,0.9325959,0.8317454,0.9286349,0.9367472,0.9055504,0.85457027,0.81442887,0.7373508,0.90282196,0.9099528,0.82575345,0.7564032,0.9044496,0.8513346,0.92237914,0.84525514,0.8428206,0.88684815
11.0,-0.6032587,0.50582415,-0.21954349,-0.4246055,0.39929026,0.022468742,0.12600157,-0.3812961,0.5342967,-0.6606493,-0.2800635,-0.0070699714,-0.43458438,0.62358725,-0.26618323,0.25384396,0.07312322,-0.43844488,0.4779269,0.30443108,0.8195695,0.800441,0.948506,0.8281723,0.85869235,0.94506085,0.95385116,0.8299598,0.88130444,0.81725585,0.913604,0.98313683,0.85503805,0.80636215,0.95372987,0.93870014,0.9757072,0.8608729,0.84788793,0.9363717
10.0,-0.48113757,0.40309587,-0.19777203,-0.32761765,0.33229426,0.012030959,0.08850606,-0.31691468,0.424114,-0.5289548,-0.24127269,-0.005876772,-0.3842546,0.51273954,-0.20832852,0.2192415,0.027880598,-0.3441203,0.38134655,0.22368208,0.83058774,0.82326704,0.9445021,0.85503113,0.88151217,0.96870583,0.9871081,0.83919567,0.86772525,0.8224095,0.9319137,0.98901504,0.8722795,0.82128334,0.9531319,0.9381022,0.9985839,0.8619709,0.8686637,0.9305244
5.0,0.5872658,-0.48687014,0.22902873,0.4150142,-0.35924032,-0.042882048,-0.07735513,0.38143405,-0.48316622,0.6589707,0.28930128,0.018410124,0.48534423,-0.6114087,0.22473623,-0.28018296,-0.05695783,0.44166064,-0.44775173,-0.26044905,0.7928497,0.76594245,0.93323743,0.828811,0.93078315,0.9383889,0.900269,0.84166473,0.8042811,0.7280963,0.90208894,0.90022975,0.81701714,0.7497174,0.89646375,0.8420482,0.9093252,0.8459377,0.8415244,0.8751445
1.0,0.62358385,-0.5088175,0.2399506,0.4359449,-0.37512708,-0.04881268,-0.08328067,0.3960042,-0.50473183,0.69468236,0.30083543,0.02315133,0.5105624,-0.64638996,0.24276017,-0.29287902,-0.064144745,0.46840712,-0.46692234,-0.27365693,0.79361033,0.7637601,0.93402994,0.8270567,0.93167007,0.94120556,0.8992963,0.83323056,0.79933625,0.7241062,0.9028545,0.89697105,0.8128563,0.74660885,0.89253026,0.8385749,0.9046386,0.8471106,0.8406952,0.8678553
1.0,-0.4703681,0.39421457,-0.19332078,-0.32042304,0.32357523,0.011539787,0.08747834,-0.3069499,0.4136275,-0.51684374,-0.23524974,-0.0071936846,-0.3755561,0.5014095,-0.20229965,0.21355861,0.026088405,-0.33577234,0.3721927,0.21684223,0.83160955,0.8243792,0.942998,0.85605747,0.8827955,0.9685749,0.98645407,0.84102464,0.8690224,0.8238129,0.9312603,0.98918813,0.8741052,0.82169175,0.9526968,0.9376136,0.99819803,0.8618239,0.8688943,0.9296394
2.0,0.5401892,-0.45523998,0.21288598,0.3863685,-0.33606532,-0.036197767,-0.070281684,0.35945946,-0.4511634,0.6114735,0.2715635,0.013240665,0.45114604,-0.5642349,0.20275265,-0.26164275,-0.04977287,0.4072215,-0.4204742,-0.24231625,0.7927488,0.7692847,0.93261635,0.830881,0.92944306,0.9367391,0.9022862,0.8500756,0.8102801,0.7334895,0.90163386,0.90550494,0.8225321,0.7534138,0.9008302,0.84700376,0.9159078,0.8452034,0.84277815,0.8828433
9.0,-0.61261094,0.514088,-0.22078624,-0.43301606,0.40247947,0.023288798,0.12979421,-0.38319635,0.5413736,-0.67080534,-0.28284085,-0.008034185,-0.43650356,0.6312073,-0.26998675,0.25499594,0.077409506,-0.44543326,0.4850514,0.3112653,0.8192714,0.7984059,0.94830596,0.8247634,0.8563044,0.9410737,0.94910806,0.8295583,0.8844552,0.8171808,0.9109375,0.98145014,0.8536236,0.80532914,0.95433694,0.9383222,0.97314066,0.8614873,0.84546643,0.9356754
12.0,0.21579643,-0.196792,0.09042544,0.16967368,-0.15811184,-0.009272002,-0.012531955,0.18652911,-0.19201373,0.2676586,0.13304928,-0.014047883,0.20821026,-0.22621371,0.07602565,-0.12029013,-0.020740792,0.1733671,-0.19693135,-0.096189596,0.81327075,0.8049631,0.9258921,0.851047,0.92097473,0.94207907,0.9214159,0.87990934,0.8501304,0.7824818,0.90277624,0.94443375,0.8596936,0.78320503,0.92247784,0.8841068,0.94181275,0.84812695,0.85950136,0.91504204
8.0,-0.14825507,0.12039019,-0.085652135,-0.09625793,0.10676227,-0.00048757205,0.027265593,-0.090223804,0.12021023,-0.1623934,-0.08682062,-0.019782476,-0.13357142,0.17029394,-0.06770575,0.06766457,-0.018176284,-0.10071333,0.109852776,0.049109742,0.831703,0.8328684,0.9263969,0.87123764,0.91376114,0.9706264,0.9814807,0.8649754,0.86162096,0.8166081,0.9325832,0.9756358,0.88238806,0.8207062,0.9487152,0.9203641,0.9951241,0.8565509,0.8759827,0.91726875
12.0,0.4556842,-0.39234057,0.18566325,0.33356172,-0.2972433,-0.026366679,-0.052106842,0.32126853,-0.38817078,0.5266892,0.24206673,0.0035873204,0.3965716,-0.4784262,0.16905549,-0.22831242,-0.038813267,0.34680504,-0.36856395,-0.2017963,0.79720485,0.7796427,0.9304122,0.8380133,0.92832595,0.9339341,0.9045064,0.8631459,0.82354724,0.748472,0.8983225,0.91470855,0.83314914,0.7624375,0.90762323,0.85807675,0.9188321,0.8460772,0.84873945,0.8967537
10.0,-0.10187802,0.08032575,-0.07420332,-0.06334178,0.08553951,-0.002397493,0.013788918,-0.07273424,0.08109045,-0.11409126,-0.072064556,-0.01737186,-0.10612051,0.12455031,-0.053704306,0.051841937,-0.02570505,-0.06873253,0.07637584,0.02440006,0.82655793,0.83033484,0.92749125,0.87106705,0.9173444,0.972488,0.9856838,0.8627021,0.8530509,0.80868876,0.9356926,0.97273374,0.87894994,0.8181237,0.94961864,0.9177236,0.99937916,0.8545205,0.87520814,0.9155261
1.0,-0.5579529,0.46694177,-0.21360958,-0.38635164,0.37664002,0.018043242,0.109512076,-0.36130917,0.49436116,-0.61138463,-0.2673453,-0.0054110885,-0.42071238,0.58417547,-0.24489641,0.24416932,0.052964117,-0.40287545,0.44161072,0.27352357,0.8241076,0.8105745,0.94845724,0.8409427,0.86826867,0.957861,0.97109485,0.8329932,0.873269,0.8191035,0.92306685,0.9870778,0.861863,0.813263,0.9530237,0.9392805,0.98688036,0.86135775,0.8582608,0.93484
4.0,0.5425578,-0.45691392,0.21248001,0.38808542,-0.33507907,-0.036454037,-0.072439075,0.35917515,-0.45229495,0.61348253,0.2701725,0.014456332,0.4501834,-0.56632346,0.2029296,-0.26135156,-0.050966945,0.40900737,-0.42151845,-0.24502546,0.79183346,0.76807225,0.9329124,0.82902044,0.92858684,0.93774825,0.9024727,0.848472,0.8080751,0.7312807,0.9028827,0.90559906,0.82187825,0.7517117,0.9004744,0.8455434,0.9186664,0.8446578,0.84112555,0.88134104
10.0,-0.46595037,0.3903652,-0.19524395,-0.31578648,0.32504776,0.010891357,0.083560295,-0.3104739,0.41079855,-0.5128781,-0.23691685,-0.0052729696,-0.37776977,0.49882308,-0.2021731,0.2149454,0.023127053,-0.33292383,0.3701523,0.21420577,0.8310649,0.8252344,0.94408,0.8576325,0.8840328,0.9712123,0.9908917,0.83977073,0.8651565,0.8217704,0.93424225,0.98905605,0.8735,0.8222811,0.953437,0.937734,1.0012344,0.861723,0.8706649,0.9301888
2.0,0.5655432,-0.47158912,0.2228499,0.40231544,-0.35059878,-0.039461073,-0.072632395,0.3730277,-0.4679525,0.63831043,0.28241062,0.015590638,0.47261328,-0.5898706,0.21605437,-0.27234495,-0.053365078,0.4261961,-0.43559727,-0.25047502,0.79359746,0.76843965,0.93273866,0.8308587,0.9305081,0.9371703,0.90008986,0.8459374,0.8077793,0.73157245,0.9006464,0.90238094,0.8201416,0.7518187,0.8982011,0.8444609,0.91021264,0.8460042,0.84344846,0.8794061
3.0,0.48135653,-0.41196138,0.19464672,0.3495187,-0.31073776,-0.029135725,-0.056597896,0.33401105,-0.40830225,0.5527535,0.25253126,0.0056711733,0.41493177,-0.50494415,0.17950714,-0.23954852,-0.041385163,0.3650844,-0.38499373,-0.21317828,0.79622304,0.7769767,0.9309825,0.8367957,0.9292775,0.9339403,0.9035096,0.8603496,0.8208905,0.74503213,0.89857453,0.91159445,0.83005893,0.7606811,0.9059141,0.8554495,0.9163552,0.846247,0.847731,0.8933857
8.0,0.48828176,-0.41770446,0.1934689,0.35294023,-0.30902922,-0.030152714,-0.061894983,0.3328171,-0.41319352,0.5574838,0.25041124,0.007698193,0.41273186,-0.51093364,0.17972042,-0.24010105,-0.043659482,0.3694355,-0.38799876,-0.22018844,0.7941399,0.77400464,0.9319702,0.8335628,0.9283715,0.93596333,0.9052962,0.8574524,0.81731534,0.74077386,0.90156174,0.9116963,0.82818305,0.7582337,0.9056327,0.85348815,0.9220096,0.84552944,0.8445682,0.8900272
2.0,0.356581,-0.31462136,0.14057913,0.26386303,-0.23478475,-0.018865641,-0.040692516,0.25876394,-0.3095489,0.41588703,0.19152978,-0.0042470396,0.31060058,-0.37270838,0.12554489,-0.18160184,-0.03290843,0.27357838,-0.29760772,-0.16218609,0.8009312,0.7877212,0.9300463,0.8415545,0.9258179,0.9382223,0.9156081,0.8698013,0.8338386,0.7603802,0.90344256,0.92810524,0.84232414,0.7714845,0.9162648,0.8702763,0.9356877,0.8472257,0.85045135,0.9033055
2.0,-0.2379911,0.19689961,-0.11411977,-0.15639591,0.16526487,0.0021494234,0.044126496,-0.14523926,0.20057864,-0.25802976,-0.12554844,-0.017142612,-0.20249769,0.26278824,-0.100785695,0.10831909,-0.008388277,-0.16383873,0.18181919,0.09134459,0.8350898,0.8347531,0.9279807,0.8707278,0.90639144,0.97315335,0.98478085,0.86166525,0.864023,0.8217946,0.93235946,0.9817689,0.8857317,0.8216216,0.94861907,0.92433107,0.99660563,0.85663694,0.87635565,0.92084265
10.0,-0.46526867,0.39014566,-0.19396232,-0.31642297,0.32193992,0.011040425,0.085047245,-0.30631134,0.4092666,-0.5122354,-0.23559956,-0.0067150444,-0.37481168,0.49752694,-0.2007294,0.21294771,0.023814734,-0.33229613,0.36856943,0.21420816,0.83182967,0.8253985,0.943299,0.8570393,0.88396096,0.96939313,0.9885083,0.84065855,0.8679545,0.8234412,0.93288255,0.9887,0.8740918,0.82287294,0.95328355,0.9377629,1.0000961,0.8623617,0.870155,0.92947537
6.0,-0.3534414,0.2970192,-0.16183175,-0.23861992,0.2482897,0.0056453794,0.0623778,-0.23194891,0.30547655,-0.39199826,-0.1894915,-0.012100108,-0.29983547,0.38621807,-0.15077811,0.16523263,0.0018024556,-0.25050533,0.27883446,0.15035048,0.83616066,0.83441544,0.93526953,0.867604,0.89839375,0.9729416,0.9933152,0.8504425,0.86679226,0.82567436,0.93677926,0.98545194,0.8825245,0.8280246,0.9534728,0.9334513,1.0047208,0.8620359,0.876782,0.9235577
11.0,0.47597745,-0.40828717,0.19045943,0.34546545,-0.30458376,-0.028682178,-0.058319904,0.32840726,-0.40395463,0.54573345,0.24730808,0.006045997,0.40645704,-0.4986985,0.1755815,-0.23577584,-0.04166716,0.36077026,-0.3806824,-0.21347564,0.7952292,0.77602804,0.93145376,0.83532774,0.928404,0.93521374,0.90509695,0.85978276,0.81985414,0.743658,0.90035677,0.91288185,0.8300936,0.759928,0.9064083,0.8553046,0.92092144,0.8457399,0.8462001,0.892559
8.0,0.12428466,-0.11749095,0.03749311,0.09834481,-0.0864077,-0.0075472253,-0.008054242,0.10813358,-0.11525795,0.15362576,0.06925985,-0.018139128,0.113116525,-0.1242505,0.03705605,-0.07022967,-0.024480563,0.10253206,-0.11800061,-0.06430028,0.8168271,0.811998,0.9262844,0.8566161,0.9212961,0.9525328,0.9422472,0.8755597,0.85342735,0.79129195,0.91446275,0.9546795,0.86492497,0.79512674,0.9322027,0.8957615,0.962843,0.85104567,0.8625315,0.9128356
2.0,-0.42143804,0.35260868,-0.18977037,-0.28049076,0.30726087,0.0071968236,0.06719431,-0.2968075,0.37263435,-0.4661049,-0.22619767,-0.0016909465,-0.3613321,0.4584336,-0.18612048,0.20409422,0.00869092,-0.30065233,0.3392039,0.1867984,0.831332,0.83049387,0.94354284,0.86510277,0.891294,0.9796124,1.0044558,0.840101,0.85440564,0.8172616,0.9426399,0.98874867,0.87543714,0.8244694,0.95534563,0.93667704,1.0101417,0.8603749,0.8764612,0.9296727
10.0,-0.49306357,0.41353804,-0.1987279,-0.33814228,0.3360776,0.013157288,0.09410676,-0.31928492,0.43445522,-0.54202646,-0.24385917,-0.007714018,-0.38681138,0.52320683,-0.21234658,0.22102776,0.03279757,-0.35305178,0.38947964,0.23159945,0.83042204,0.82165664,0.9440299,0.8521733,0.87943214,0.96471876,0.9816014,0.839358,0.87236214,0.8244628,0.92872375,0.9887476,0.87177724,0.8208123,0.95272136,0.9386208,0.9953435,0.8624632,0.86622965,0.9307055
9.0,0.61359125,-0.50383806,0.23674968,0.43040693,-0.37004018,-0.04707001,-0.082582586,0.3918577,-0.49986243,0.6844954,0.2973878,0.022056542,0.5020228,-0.63712,0.23666508,-0.28935742,-0.06177089,0.46076426,-0.4619658,-0.27157462,0.7925974,0.76353556,0.93382764,0.826724,0.93099767,0.9404048,0.8998681,0.83583045,0.8000294,0.724195,0.90332997,0.89783823,0.8137664,0.7469529,0.8937601,0.8389754,0.9074796,0.84612125,0.8399789,0.8697381
5.0,-0.38484246,0.3227003,-0.16903037,-0.25937125,0.26895332,0.006985861,0.0689878,-0.25166005,0.33499593,-0.42407256,-0.2001022,-0.010454524,-0.3204362,0.4167383,-0.16382968,0.17838965,0.0080588125,-0.27255476,0.3040394,0.16665868,0.8349395,0.8320218,0.9368826,0.8652392,0.89411986,0.97326744,0.99222684,0.84850675,0.86614,0.8250947,0.9351855,0.9877018,0.88136923,0.8252149,0.95244807,0.93417555,1.0028776,0.860768,0.8746145,0.9258385
8.0,-0.37195015,0.31184927,-0.16302183,-0.25069764,0.258434,0.0066921995,0.06780322,-0.23998153,0.32288003,-0.40911865,-0.19212355,-0.011780385,-0.30867654,0.40284598,-0.15732665,0.17131297,0.0071441494,-0.26282686,0.29272193,0.15956193,0.8353516,0.8324575,0.9355351,0.8657704,0.8952313,0.9727477,0.99039835,0.85041344,0.86735106,0.8258191,0.9340434,0.9874376,0.8827582,0.82495874,0.9516312,0.93316376,1.0014238,0.8602965,0.8745874,0.92520565
10.0,-0.37419137,0.31391472,-0.16860865,-0.25160146,0.26496089,0.0062150336,0.06503342,-0.2491684,0.325781,-0.41395646,-0.19885667,-0.009770434,-0.3168239,0.40748265,-0.16054776,0.17594756,0.00464217,-0.26543003,0.2966615,0.16064805,0.8347274,0.8330516,0.93708444,0.8666153,0.8960322,0.9744702,0.9952277,0.8480423,0.864142,0.82405853,0.93739396,0.9869545,0.8812574,0.8264228,0.9533584,0.93420935,1.0054648,0.8610741,0.87597436,0.92539114
7.0,-0.4752441,0.39813223,-0.19715852,-0.32283053,0.33006972,0.011540744,0.0862257,-0.31532037,0.4192167,-0.5228345,-0.24000554,-0.0054100975,-0.38231775,0.5075676,-0.20618322,0.21797751,0.025823172,-0.33984926,0.37718678,0.22001183,0.83062154,0.8240787,0.9444945,0.8561996,0.882589,0.97000337,0.98907536,0.8392294,0.86623025,0.8219291,0.9331697,0.98907655,0.8726283,0.8216892,0.9533042,0.9380348,0.9999589,0.8618123,0.86960906,0.9306096
8.0,-0.24265724,0.20176443,-0.12269813,-0.16072041,0.17495376,0.0018301851,0.041303735,-0.15870975,0.20550966,-0.26834977,-0.13620077,-0.015818432,-0.21492589,0.27087644,-0.10549323,0.11482333,-0.01167056,-0.16960005,0.18898585,0.092172265,0.8340259,0.83539194,0.9296735,0.87197626,0.9079338,0.97461015,0.99109447,0.85843396,0.86156124,0.82075274,0.93648297,0.98132366,0.88450295,0.82462895,0.95140105,0.9265569,1.0025188,0.8579614,0.8777939,0.92035836
3.0,0.52822214,-0.44737533,0.20582154,0.37697074,-0.32765836,-0.03475607,-0.070562094,0.35068184,-0.4431529,0.5967314,0.26447937,0.01174289,0.43831372,-0.55148107,0.19579183,-0.25636,-0.04839177,0.39759842,-0.41220832,-0.2394568,0.7922894,0.76914513,0.9332417,0.8307553,0.9292604,0.93730617,0.9045462,0.8517965,0.81235814,0.73427325,0.90308475,0.9075226,0.8234739,0.7547057,0.902526,0.84885806,0.9203666,0.8454727,0.84219843,0.8833023
1.0,0.46363476,-0.3981243,0.19155073,0.33808878,-0.307713,-0.027106414,-0.048839405,0.32982427,-0.3959062,0.535851,0.2510937,0.0016618036,0.4097276,-0.4879314,0.17486824,-0.23533125,-0.03737657,0.35250324,-0.37480995,-0.2006371,0.799393,0.78151923,0.92989296,0.84158415,0.9307218,0.93134826,0.90256,0.8656776,0.82775134,0.75217605,0.8953036,0.91275007,0.83330965,0.76553595,0.9076068,0.859823,0.91063184,0.84761506,0.8521275,0.8984335
8.0,-0.49123734,0.41172457,-0.19908024,-0.33591738,0.33651143,0.012887674,0.09237726,-0.3203358,0.43294746,-0.539817,-0.24389994,-0.00674377,-0.38766155,0.5218185,-0.21217752,0.22155444,0.031503405,-0.3516342,0.38859895,0.2301557,0.83027315,0.82186043,0.94453245,0.85297203,0.8797615,0.96632445,0.98368627,0.8389959,0.8702995,0.8232972,0.92986983,0.98887324,0.8715882,0.82065934,0.9528783,0.9384029,0.9964325,0.86220664,0.86698854,0.930733
9.0,0.5722,-0.47732115,0.22350645,0.40589795,-0.35130212,-0.040583823,-0.07582767,0.37419647,-0.47347486,0.64355046,0.2831452,0.016871981,0.47331592,-0.596482,0.2170263,-0.274221,-0.054471944,0.43050006,-0.43920505,-0.2556793,0.7923117,0.7664259,0.9331498,0.8288357,0.93001616,0.9379754,0.9010348,0.8444709,0.8057984,0.72907305,0.9024104,0.9019622,0.8186568,0.750455,0.89794904,0.8432177,0.9127258,0.8454147,0.84128946,0.8773697
7.0,-0.60202444,0.50482565,-0.21960133,-0.42373917,0.39710394,0.022304164,0.12558283,-0.3786557,0.53192407,-0.6590862,-0.27996972,-0.007615652,-0.43389115,0.6222896,-0.2648601,0.25319996,0.07209182,-0.43696567,0.4761362,0.30385602,0.82050246,0.80104715,0.94866073,0.82824403,0.8586864,0.94470936,0.95381796,0.8302864,0.88229287,0.8176691,0.91342306,0.98262936,0.8554164,0.8072351,0.9539938,0.9385216,0.97614264,0.8617486,0.8484683,0.93518317
1.0,0.5781302,-0.48058414,0.22631857,0.40976045,-0.35529232,-0.041478932,-0.07561071,0.37760505,-0.47683048,0.6502309,0.2861883,0.017353967,0.47962496,-0.602306,0.22085778,-0.27671,-0.055527736,0.43515024,-0.44268966,-0.25652328,0.7929435,0.7668424,0.9330264,0.82946813,0.9305906,0.93791795,0.900358,0.8433809,0.80551434,0.7293744,0.9016311,0.9011408,0.8182348,0.7504648,0.89721733,0.84300995,0.9100628,0.845857,0.8420874,0.87693506
11.0,-0.4400645,0.3688281,-0.18943557,-0.29702628,0.31015283,0.009130447,0.07720118,-0.2960498,0.38756132,-0.48560342,-0.2280531,-0.0058289617,-0.36330616,0.47404793,-0.19085278,0.20545222,0.016529467,-0.31397817,0.35018256,0.19860038,0.83211225,0.8282644,0.9423474,0.86103404,0.88809144,0.9732353,0.99430174,0.8415853,0.8635635,0.82228553,0.93657595,0.9888072,0.8757394,0.82414246,0.95376617,0.93726623,1.0040647,0.8615788,0.8728999,0.9292853
6.0,-0.6087957,0.5106449,-0.22063589,-0.42936623,0.40100163,0.02299029,0.12776229,-0.38234738,0.5380413,-0.6664851,-0.28206813,-0.007603891,-0.4361573,0.6281983,-0.26841563,0.2547848,0.07526672,-0.44245124,0.48189622,0.30860078,0.8195742,0.79932785,0.9487118,0.8262346,0.8572093,0.94290483,0.95136964,0.8296332,0.88292396,0.81689316,0.9122118,0.98187226,0.85410905,0.80591357,0.9542019,0.93829966,0.9745054,0.86151606,0.84688735,0.9356413
7.0,-0.45872223,0.38474995,-0.19274491,-0.31183994,0.31790987,0.010524813,0.08351335,-0.30248114,0.40327674,-0.5055269,-0.23365335,-0.0070369616,-0.37109718,0.49130508,-0.19779839,0.21043704,0.022039782,-0.32754254,0.3633874,0.21049276,0.8323136,0.82636094,0.9427741,0.85790557,0.8850886,0.96967477,0.9892588,0.8411765,0.8679196,0.82389873,0.9335402,0.9885338,0.874591,0.8237107,0.95347595,0.93780124,1.0008624,0.862594,0.87080604,0.9291623
12.0,-0.61131614,0.51292306,-0.22066757,-0.4318222,0.40216202,0.023177117,0.12918621,-0.383166,0.54048944,-0.66942495,-0.2825281,-0.007853467,-0.43632457,0.6302106,-0.26952326,0.2549208,0.0768093,-0.4445,0.48407573,0.31035388,0.819246,0.79868317,0.94835055,0.82528013,0.8566697,0.9417099,0.94984555,0.82958865,0.8838889,0.81715447,0.91138446,0.98171705,0.8537751,0.8054535,0.9542323,0.93840164,0.9735469,0.8613633,0.8458416,0.93589014
5.0,-0.35484672,0.29711092,-0.16276202,-0.23697257,0.2541953,0.0052547785,0.059917547,-0.23857293,0.30845654,-0.39213425,-0.19049318,-0.009342972,-0.30484188,0.3879897,-0.15285072,0.16867852,0.0009158924,-0.25100005,0.2819541,0.14920364,0.8343603,0.83373004,0.9362584,0.86832714,0.89794105,0.97654796,0.9973636,0.84907115,0.86111724,0.8222423,0.93848974,0.9866922,0.8820303,0.8255769,0.9532443,0.93279827,1.0064828,0.8597945,0.8768241,0.92493355
8.0,-0.50586635,0.4236648,-0.20307732,-0.34614584,0.3469172,0.013889506,0.09506207,-0.3315721,0.4470389,-0.5554973,-0.24978821,-0.005611051,-0.39687353,0.53614765,-0.21982452,0.22781919,0.035312768,-0.3628353,0.40069208,0.23922667,0.8286699,0.8196566,0.94592786,0.85106975,0.87753284,0.965873,0.9827629,0.8372329,0.86932427,0.82168895,0.9293746,0.98893833,0.86944467,0.8190133,0.9528954,0.93871516,0.9953319,0.8617459,0.8657256,0.93206286
12.0,0.47066632,-0.40458858,0.18267909,0.3398645,-0.29452962,-0.028631954,-0.062862806,0.31817064,-0.39918607,0.5360711,0.2379485,0.006911695,0.39272243,-0.491199,0.16996552,-0.23019767,-0.043615658,0.35581625,-0.37471253,-0.21585768,0.79335815,0.7739846,0.93271226,0.8326308,0.92764854,0.9378645,0.9089741,0.85761344,0.81776696,0.7409111,0.90430933,0.9148322,0.8292177,0.75899416,0.90762913,0.85531485,0.9294231,0.8454364,0.843198,0.88991666
11.0,-0.6098377,0.51153344,-0.22072092,-0.43016347,0.40201128,0.023163432,0.12805423,-0.38346025,0.5392699,-0.6676531,-0.28230798,-0.0074221864,-0.4366298,0.6291948,-0.26915446,0.2551685,0.07587738,-0.4434343,0.48299134,0.3092178,0.8192088,0.79895383,0.9487364,0.8259972,0.85703593,0.9428471,0.9511511,0.8294494,0.88265413,0.81659096,0.91212666,0.981892,0.85388905,0.80548793,0.95415246,0.9382727,0.97423935,0.8612616,0.8466004,0.93596834
8.0,0.20187517,-0.18393856,0.06618095,0.15268722,-0.1293111,-0.011182087,-0.024254069,0.14971595,-0.17969017,0.23804246,0.102781616,-0.012854148,0.17072964,-0.20475711,0.06341494,-0.10320687,-0.030700784,0.15843536,-0.17610377,-0.100777395,0.8090741,0.80287075,0.92882246,0.85069025,0.923443,0.9503353,0.9381815,0.8712028,0.84352434,0.77822965,0.9141103,0.9473083,0.8563678,0.7869267,0.92867494,0.88782835,0.96101975,0.8493009,0.8571324,0.90825117
10.0,-0.5062382,0.42355105,-0.20491818,-0.34455702,0.35176203,0.013883367,0.09237632,-0.33836833,0.44920874,-0.55583876,-0.2515344,-0.0031497926,-0.401265,0.5378404,-0.2221235,0.23094423,0.034269165,-0.36357158,0.40274078,0.23899996,0.827219,0.81933933,0.9473175,0.85217655,0.8778298,0.9690006,0.9866407,0.8356905,0.86446005,0.8186915,0.9317159,0.98948693,0.8685741,0.8179124,0.953021,0.938512,0.9970559,0.86057824,0.8668007,0.93356985
8.0,-0.60992455,0.5116157,-0.22075564,-0.43028277,0.40192416,0.023145534,0.12811345,-0.38333574,0.5392819,-0.6677635,-0.28237343,-0.007494971,-0.4365862,0.6292437,-0.2691322,0.25512883,0.07590307,-0.44346413,0.4829932,0.30933905,0.8192558,0.79896694,0.94870937,0.8259354,0.8570047,0.94272065,0.95103085,0.8294766,0.8828158,0.8166727,0.9120656,0.98184276,0.8538741,0.8055472,0.95417833,0.9382856,0.97421557,0.86132437,0.8465731,0.93592393
7.0,-0.6123141,0.5137155,-0.22083035,-0.43241918,0.40362105,0.023328809,0.12927036,-0.3849336,0.5419444,-0.6705429,-0.28280982,-0.0074502192,-0.43707207,0.631257,-0.27050442,0.25550467,0.0773821,-0.44556814,0.4853257,0.31090665,0.81872106,0.7982666,0.94842213,0.82520527,0.85657954,0.9420006,0.94997406,0.82929623,0.8830986,0.81664664,0.91157395,0.98186,0.8534306,0.80490357,0.95414096,0.9383811,0.973358,0.8609288,0.8456369,0.9364741
4.0,0.050525025,-0.053261578,-0.0020641312,0.046682406,-0.024185598,-0.006204883,-0.005614057,0.042853367,-0.050357766,0.06586861,0.018343577,-0.016332407,0.034786753,-0.041433755,0.0059072524,-0.026209502,-0.028173361,0.046688933,-0.052736036,-0.03940613,0.8182528,0.81773365,0.92677504,0.86086404,0.9199165,0.962754,0.9606642,0.86913824,0.84795064,0.7937142,0.92398876,0.96228373,0.86951256,0.80069137,0.93848974,0.90188605,0.980329,0.85002726,0.8658081,0.9127063
3.0,0.6167992,-0.50518197,0.23806226,0.43198922,-0.37247285,-0.047550086,-0.08221221,0.39382073,-0.5014067,0.6879657,0.29905957,0.022027604,0.505727,-0.6402119,0.23915903,-0.29098013,-0.062282216,0.46325928,-0.46353573,-0.27157032,0.79340315,0.7639646,0.9339001,0.82736903,0.93142235,0.94051087,0.8993431,0.83529395,0.8004456,0.7246764,0.9027555,0.89749545,0.81367713,0.7472104,0.8933505,0.83905315,0.9056785,0.84676385,0.8408407,0.8692466
10.0,-0.5309499,0.44442147,-0.20857042,-0.36503053,0.36168063,0.015830528,0.10146178,-0.34654415,0.46984905,-0.5822892,-0.2585671,-0.0051784515,-0.40940964,0.5596133,-0.23191102,0.23634905,0.04313423,-0.38196182,0.4204119,0.2554622,0.82660824,0.81556743,0.9475,0.8466717,0.8732063,0.96279854,0.97814536,0.8350595,0.87060463,0.82023835,0.92680806,0.98827875,0.8659368,0.8164282,0.95293033,0.93901664,0.9918248,0.86160815,0.86264706,0.933344
6.0,0.44559908,-0.38514057,0.17241332,0.32382664,-0.27916902,-0.026333546,-0.05966039,0.30338448,-0.37902546,0.5096164,0.22571002,0.0054000244,0.37223652,-0.4645609,0.15905747,-0.21803597,-0.042218138,0.33780998,-0.35762635,-0.20543396,0.7940285,0.7762205,0.9323827,0.83319634,0.9266777,0.93868315,0.91105926,0.85918885,0.81914103,0.7434156,0.9051348,0.9181133,0.83164215,0.76038,0.9095705,0.8577083,0.93358433,0.8452161,0.8435619,0.89233863
4.0,-0.50132895,0.41980845,-0.20154211,-0.34277698,0.3440728,0.013546577,0.09424896,-0.32842657,0.44289464,-0.5504071,-0.2475144,-0.0057573244,-0.39406425,0.5315535,-0.21756402,0.22593033,0.03421348,-0.35935366,0.39716688,0.2360751,0.8289592,0.82019687,0.94545245,0.8517781,0.8782095,0.9663983,0.9832938,0.8377796,0.8691357,0.8219791,0.92956614,0.98921174,0.87015086,0.8191625,0.9527467,0.9385617,0.99554026,0.8615089,0.8659693,0.9318314
7.0,-0.49147034,0.4115114,-0.20017034,-0.3343958,0.3409904,0.012968474,0.09022044,-0.32629874,0.43509895,-0.53987885,-0.24486479,-0.004530914,-0.3912811,0.52313113,-0.21412794,0.2242353,0.030829187,-0.3521847,0.39048558,0.22946677,0.8286788,0.8213782,0.9456794,0.853935,0.8799844,0.9691941,0.98701,0.8376615,0.86585784,0.8205831,0.93168944,0.98964274,0.8710804,0.819257,0.95276207,0.93816906,0.9977914,0.8607685,0.8676596,0.9322661
1.0,0.570735,-0.475882,0.22367242,0.40505034,-0.3518068,-0.040262237,-0.07466023,0.37446895,-0.47223467,0.64261013,0.28347546,0.016333736,0.4739863,-0.595125,0.217231,-0.2741644,-0.05401427,0.42958906,-0.43845797,-0.25405258,0.79291725,0.767153,0.93303365,0.8297113,0.9302837,0.9376555,0.90054965,0.8450462,0.80669,0.7300154,0.90166247,0.9019973,0.81917655,0.75102156,0.89795935,0.84364206,0.91145605,0.8457327,0.8422627,0.87798536
10.0,-0.52488697,0.439402,-0.20765936,-0.36042365,0.35795337,0.015250688,0.099693745,-0.34285456,0.46408135,-0.5758699,-0.25689325,-0.0053037405,-0.40668705,0.55403763,-0.22894491,0.23439598,0.040908877,-0.37725532,0.41549757,0.2517398,0.8273779,0.81678075,0.9472032,0.8477973,0.87429434,0.96352136,0.9794581,0.8355597,0.8704043,0.82067716,0.9276277,0.98826593,0.8666805,0.8174234,0.95308095,0.9389908,0.99292177,0.86195487,0.863641,0.9328173
4.0,-0.4935307,0.41344425,-0.20086327,-0.33691147,0.3395434,0.012863461,0.09162292,-0.32431903,0.4354685,-0.542423,-0.24604909,-0.005802702,-0.390866,0.5246141,-0.21405892,0.22365344,0.03131589,-0.35347962,0.390934,0.23167604,0.82984275,0.8216856,0.9452684,0.8531101,0.8796036,0.9672236,0.985088,0.83818084,0.8686839,0.8222147,0.9308454,0.9888346,0.8707697,0.8205347,0.953162,0.938523,0.9972291,0.86215174,0.86740404,0.93117523
12.0,0.39675647,-0.34681848,0.1603036,0.2928876,-0.26176104,-0.021261271,-0.044713996,0.28638932,-0.34198642,0.46206927,0.2138103,-0.0013679639,0.3473094,-0.4163097,0.1433253,-0.2015206,-0.03407259,0.30342633,-0.3276546,-0.17816097,0.7993518,0.7844179,0.93013716,0.84013224,0.92652774,0.93588746,0.90989584,0.8683062,0.83022153,0.75559825,0.90052134,0.9227287,0.83913636,0.7674373,0.91241336,0.86505246,0.9282652,0.846487,0.84996176,0.9014599
3.0,0.6139408,-0.5038629,0.23706463,0.43048182,-0.37069055,-0.047143828,-0.08216712,0.39227566,-0.50000775,0.6849418,0.29792905,0.021858312,0.5029656,-0.6374522,0.23717834,-0.28973845,-0.061746914,0.4610499,-0.46212465,-0.27110928,0.7929378,0.7638323,0.93380666,0.82714677,0.9312452,0.94027907,0.8997433,0.8359214,0.8004403,0.7246505,0.90302145,0.8977524,0.8138166,0.74727386,0.8937443,0.83922845,0.9066656,0.8463773,0.84042186,0.8698462
3.0,0.4790166,-0.410398,0.1754126,0.34144434,-0.28715345,-0.030534199,-0.07254826,0.30902618,-0.40377074,0.5372868,0.22887546,0.009582944,0.383383,-0.4958909,0.16850618,-0.22797251,-0.04960559,0.35994756,-0.37519145,-0.22541451,0.7903691,0.77014273,0.9348616,0.8281741,0.9278604,0.94190264,0.9149724,0.85163355,0.8126214,0.73525393,0.91074556,0.915673,0.82576925,0.75703764,0.9090233,0.85420305,0.9405688,0.8456131,0.8382977,0.8836769
8.0,-0.6025679,0.5051288,-0.21967572,-0.42374942,0.39948127,0.022385104,0.12535629,-0.38183612,0.53390473,-0.6598465,-0.28005573,-0.0067611746,-0.43488082,0.62313735,-0.26616868,0.2540543,0.07264848,-0.43799657,0.47752202,0.30395183,0.81948495,0.8005736,0.94866747,0.8285964,0.85891783,0.9457525,0.9546498,0.8298471,0.8804692,0.8169441,0.91413593,0.9832947,0.85496265,0.80636334,0.9536953,0.93868965,0.97607744,0.86073893,0.84827447,0.93658936
3.0,0.52640986,-0.44473192,0.21019015,0.37824234,-0.3325142,-0.03442606,-0.06511293,0.35527134,-0.44112176,0.5988978,0.26914844,0.010809757,0.44615772,-0.5506404,0.19859421,-0.25739866,-0.047394034,0.39772522,-0.41277808,-0.23333764,0.7944438,0.7723005,0.9318521,0.83372974,0.9301081,0.9351551,0.901736,0.85323244,0.8139363,0.73786455,0.8994912,0.90645814,0.82468396,0.7560782,0.90200186,0.849686,0.91295415,0.8459511,0.8454054,0.88654447
10.0,-0.45962,0.38502055,-0.19478366,-0.31062603,0.32284123,0.010333955,0.080970466,-0.30906883,0.40553188,-0.50635695,-0.23577803,-0.0046546794,-0.37589324,0.49332258,-0.19999819,0.2137051,0.02084842,-0.3283739,0.36578283,0.2103337,0.8310736,0.82610184,0.9441269,0.8588597,0.88518876,0.9726205,0.9931647,0.8397046,0.8633949,0.82109225,0.9357116,0.9890249,0.87374544,0.82274115,0.953731,0.93766373,1.0028142,0.8615849,0.871706,0.9302483
8.0,0.4146245,-0.361001,0.16685733,0.30452693,-0.2714717,-0.022783985,-0.04799536,0.29568833,-0.35632032,0.48071504,0.221288,7.421896e-05,0.3604496,-0.43491733,0.15032521,-0.20940632,-0.035611883,0.31618762,-0.3397616,-0.1863879,0.79826486,0.7823892,0.9305727,0.83911484,0.92708707,0.9356641,0.90896964,0.8666869,0.82822526,0.75293344,0.90052927,0.9205705,0.83709794,0.76594484,0.9112305,0.8630675,0.9268883,0.8464135,0.8491174,0.8995101
7.0,-0.5029628,0.42124408,-0.20263049,-0.34388506,0.34530804,0.013643006,0.09413286,-0.3300322,0.44432288,-0.5523965,-0.24897408,-0.0055760257,-0.39563638,0.5334788,-0.21851231,0.22695315,0.034295958,-0.36062533,0.3984269,0.23742226,0.82892764,0.8201344,0.9458437,0.85159624,0.8780191,0.9663152,0.98346287,0.8374048,0.86902,0.8217077,0.92980504,0.98891133,0.8697418,0.8193576,0.952965,0.9386394,0.99586666,0.86182827,0.8661856,0.9318522
6.0,-0.44036698,0.3699455,-0.18758097,-0.29976162,0.3034733,0.009673549,0.08046644,-0.28686973,0.3845191,-0.48590717,-0.22611088,-0.00859331,-0.35828805,0.47305334,-0.18845938,0.20179401,0.017928746,-0.3136808,0.34792483,0.20025119,0.8346579,0.8286546,0.9411176,0.8595541,0.8874804,0.9691677,0.9892146,0.8433577,0.86995625,0.8254871,0.9336069,0.98745257,0.8766569,0.8257572,0.9538761,0.93696123,1.0013299,0.8638015,0.87232184,0.9267284
12.0,0.53635955,-0.45244732,0.21177226,0.3836341,-0.33508646,-0.035536505,-0.06915733,0.35830766,-0.44862944,0.60761124,0.27071896,0.01233422,0.44929436,-0.56057066,0.20149735,-0.2607615,-0.048790228,0.4043567,-0.41821244,-0.24027804,0.79324126,0.7698934,0.9326187,0.83167636,0.9296026,0.93645877,0.90213215,0.8512227,0.81169856,0.73453146,0.90117717,0.90591615,0.8232584,0.7542207,0.9011885,0.8477164,0.91555953,0.8455102,0.8435802,0.88355505
1.0,0.5567641,-0.46651343,0.21927312,0.3967066,-0.3452153,-0.03853407,-0.071959205,0.36785758,-0.46276993,0.6286048,0.27882844,0.014732733,0.46454245,-0.58098936,0.21075697,-0.2686173,-0.05201548,0.41943818,-0.43048105,-0.2478838,0.7930255,0.76857007,0.93262833,0.83077234,0.9302961,0.93675315,0.90139955,0.8476221,0.80869895,0.73236066,0.90123576,0.9033643,0.8206521,0.7526361,0.8994203,0.845688,0.91230404,0.8456138,0.8428691,0.8808523
9.0,-0.3476967,0.2914828,-0.1623444,-0.2325542,0.25028613,0.0048626736,0.058089137,-0.23567015,0.3020414,-0.385822,-0.1896242,-0.00976494,-0.30113256,0.38159904,-0.15033992,0.16617076,-0.0009556636,-0.24647744,0.2765355,0.14571092,0.83452123,0.83451056,0.9360526,0.8689743,0.8993162,0.9762821,0.99817824,0.849102,0.8612625,0.8225235,0.93948025,0.9859219,0.8819487,0.8269618,0.9539314,0.93317276,1.0077404,0.86050946,0.8775486,0.9244827
1.0,0.6233971,-0.5088281,0.23926756,0.43634433,-0.37386888,-0.04842494,-0.08479287,0.39582378,-0.5044293,0.69463456,0.29913396,0.023915052,0.50865364,-0.64645666,0.24223824,-0.292195,-0.06434411,0.46837223,-0.46685272,-0.275587,0.7927354,0.7626879,0.9342433,0.8255084,0.93048584,0.9420102,0.8988938,0.83257,0.797789,0.7220787,0.90373164,0.89723945,0.8129419,0.7450369,0.8921577,0.8370359,0.90741324,0.8463746,0.8394215,0.86684936
12.0,-0.63139004,0.53074306,-0.22291651,-0.44933048,0.41353247,0.025379792,0.13677616,-0.39311334,0.55875254,-0.69181484,-0.2881057,-0.007980298,-0.4415612,0.64726555,-0.28002,0.25856486,0.08761926,-0.46109432,0.5019658,0.32444793,0.8162831,0.7930914,0.9477468,0.8182955,0.85203093,0.9349248,0.94091994,0.82771593,0.8868517,0.81501204,0.9069012,0.9790869,0.8500072,0.80093503,0.95504266,0.9375527,0.96771115,0.8604074,0.8399108,0.93735564
1.0,-0.5921918,0.49621826,-0.21841177,-0.41511345,0.39304087,0.021307847,0.121715516,-0.3756533,0.5239408,-0.6484114,-0.27723247,-0.0069121793,-0.4314763,0.6140185,-0.26058802,0.25159812,0.067552656,-0.42942044,0.46843433,0.29696605,0.82117295,0.8032813,0.9487396,0.8315082,0.86102587,0.94829077,0.95831585,0.83083767,0.87968045,0.817974,0.91597533,0.984004,0.8568279,0.80860656,0.95360017,0.9388575,0.9787771,0.8614806,0.85093015,0.9354659
9.0,-0.2787137,0.23262136,-0.14189777,-0.18404028,0.20859203,0.002094531,0.04265897,-0.19565403,0.2400672,-0.31109685,-0.16117512,-0.011055283,-0.25384012,0.31179285,-0.12335672,0.13757677,-0.011940192,-0.19697334,0.22258775,0.10822029,0.83294654,0.8360503,0.9330271,0.8727024,0.9063111,0.9784966,1.0007838,0.85258466,0.8559876,0.8185922,0.9417508,0.9830346,0.8830378,0.8262751,0.9542361,0.9296377,1.0098937,0.85832953,0.8792378,0.92212576
1.0,-0.58944523,0.49370015,-0.21849453,-0.4123549,0.39244607,0.021018665,0.12000337,-0.37574443,0.5217671,-0.645339,-0.2768688,-0.0063691027,-0.43151054,0.6119049,-0.25974414,0.2516311,0.06598635,-0.42737153,0.4663992,0.295126,0.8212501,0.8038977,0.94905007,0.83263767,0.8617176,0.9498432,0.9602429,0.83076537,0.87809885,0.81751686,0.9171674,0.98432887,0.8569577,0.80892164,0.9535552,0.938854,0.9798561,0.8613717,0.8519941,0.93567723
4.0,-0.49600464,0.41532138,-0.20170048,-0.338306,0.34223372,0.012970118,0.09170384,-0.32751074,0.43836838,-0.54504615,-0.2471624,-0.0052138865,-0.39301938,0.52716744,-0.21573229,0.22517544,0.031850543,-0.35547426,0.39334714,0.2330223,0.8292054,0.821229,0.9456301,0.85302764,0.87932104,0.9677632,0.9856047,0.8376792,0.867594,0.8215188,0.9311605,0.9891198,0.8702655,0.8199693,0.9531041,0.93862855,0.997284,0.8616972,0.86724395,0.93183947
3.0,0.49096358,-0.41934645,0.19624904,0.35513848,-0.31304377,-0.030184535,-0.060484916,0.3366163,-0.41528964,0.5614984,0.25378734,0.007312447,0.4181733,-0.51428473,0.18225096,-0.24245651,-0.043104004,0.37167275,-0.39038327,-0.21965998,0.79492486,0.774755,0.93165606,0.8347311,0.92883086,0.93516946,0.90393823,0.8581085,0.8182299,0.7417605,0.90014076,0.91099906,0.82854456,0.75869125,0.9051458,0.8535101,0.9189208,0.8458095,0.8459058,0.89072216
9.0,-0.60563886,0.5078598,-0.22016558,-0.42660093,0.39994097,0.022649512,0.12660936,-0.38172355,0.5357884,-0.66312605,-0.28109065,-0.007321555,-0.43536958,0.62558323,-0.2671258,0.25430444,0.073899806,-0.44011238,0.47952276,0.30632293,0.81965196,0.8000259,0.94865143,0.8273746,0.8580487,0.9441693,0.9528734,0.829821,0.8819767,0.81709063,0.9130855,0.98252356,0.854571,0.8062823,0.9539761,0.9385251,0.9753032,0.86125666,0.84759015,0.9359908
11.0,-0.58817095,0.49274734,-0.21782702,-0.4116373,0.3911752,0.020954248,0.12022551,-0.37404856,0.52047145,-0.6439928,-0.2760045,-0.006677922,-0.43035892,0.6105636,-0.25874233,0.25083363,0.06574093,-0.42628938,0.46526778,0.29409137,0.8215219,0.80415857,0.948788,0.83273154,0.86190027,0.94960946,0.95999926,0.8310815,0.8787861,0.8180569,0.91686285,0.9844545,0.8574846,0.8091388,0.9534779,0.9388984,0.9797832,0.86143917,0.8518846,0.9353696
5.0,0.39592022,-0.3461875,0.15843359,0.29163146,-0.25948367,-0.021352818,-0.045934685,0.2838212,-0.3411656,0.46002918,0.21156183,-0.0011806004,0.34421462,-0.4148879,0.14221497,-0.20032057,-0.034696877,0.30248404,-0.32633984,-0.1789583,0.7988934,0.7839148,0.9304925,0.83965737,0.9264986,0.9366133,0.9110128,0.8676523,0.8297528,0.75496495,0.9014997,0.923148,0.8388505,0.7673722,0.91271764,0.8651495,0.93020725,0.8465033,0.8493706,0.90071017
5.0,0.49534684,-0.4227379,0.19725335,0.35808304,-0.31403384,-0.030838335,-0.062039226,0.3377917,-0.41840434,0.5657516,0.25454175,0.008277401,0.41989312,-0.5185126,0.18351941,-0.24351461,-0.044151302,0.374847,-0.3929484,-0.22229525,0.79427093,0.7738806,0.93179226,0.8337539,0.92865026,0.93556654,0.9042164,0.8568617,0.816686,0.740384,0.9007963,0.91059077,0.8276906,0.7577738,0.9048182,0.8526676,0.91970295,0.84550315,0.84492457,0.88974214
12.0,-0.6165923,0.51937836,-0.21711728,-0.4387329,0.41074458,0.025375448,0.13555728,-0.39124706,0.5521591,-0.67783284,-0.2796215,-0.0056096986,-0.43487108,0.63555086,-0.2747681,0.25446212,0.08555797,-0.4521163,0.49446183,0.31208345,0.81497353,0.79529065,0.9453683,0.82248867,0.8565011,0.93914974,0.9452376,0.82828677,0.8837304,0.8162843,0.9088984,0.98414665,0.8539723,0.79982936,0.9532043,0.9388257,0.9675505,0.85666835,0.8397588,0.94151616
7.0,-0.44708917,0.37488773,-0.190079,-0.3027908,0.31224573,0.00978123,0.08000702,-0.29716423,0.39310592,-0.4928756,-0.22948283,-0.006573323,-0.36548612,0.4802893,-0.19307575,0.20684712,0.018888589,-0.31894597,0.35484046,0.20300671,0.8323813,0.8274532,0.94237614,0.85969853,0.8867985,0.9715818,0.9917516,0.8417082,0.8658374,0.82316345,0.93491805,0.9886789,0.8755798,0.8238873,0.95349306,0.9372894,1.002408,0.86201614,0.8719647,0.9289594
4.0,-0.33813915,0.2837323,-0.1597895,-0.22674322,0.24282771,0.0045754937,0.05669193,-0.2282356,0.2925571,-0.3760725,-0.18596128,-0.010725122,-0.29377076,0.37202752,-0.14610705,0.16142838,-0.0024772398,-0.23977302,0.2684391,0.14120252,0.8352356,0.83518165,0.93534887,0.8694093,0.90050596,0.9754859,0.99757475,0.849969,0.86247057,0.8231903,0.93947935,0.98497957,0.88224643,0.82803637,0.9542655,0.93294567,1.0076549,0.86123973,0.8780496,0.9234374
3.0,0.560622,-0.4691026,0.21991166,0.39922047,-0.34601405,-0.03884973,-0.07372182,0.36922994,-0.46508098,0.63243276,0.27886382,0.015708037,0.46582064,-0.5848636,0.21219297,-0.26958176,-0.05292851,0.42230397,-0.4325617,-0.25071517,0.792489,0.7675381,0.9329127,0.8294737,0.9296441,0.9375886,0.9010839,0.846276,0.80708575,0.73048705,0.9019686,0.90321213,0.82016873,0.7512008,0.8988124,0.84424907,0.9138566,0.84528995,0.8418533,0.8793412
12.0,0.46678606,-0.40127727,0.18541527,0.33899263,-0.29762873,-0.027593704,-0.05859875,0.32181895,-0.39639544,0.53517264,0.24116896,0.005723022,0.39679593,-0.48869225,0.17094089,-0.23082054,-0.04139409,0.35383722,-0.37396204,-0.2112104,0.79496026,0.7760589,0.93181056,0.83477503,0.9277503,0.93626624,0.90626997,0.85990447,0.8199364,0.74346393,0.90149575,0.9145694,0.8309552,0.7599032,0.90709203,0.85572946,0.9246316,0.8455322,0.8456634,0.8924682
12.0,0.36242017,-0.31916976,0.14334741,0.26822633,-0.2382862,-0.019008655,-0.04178579,0.26254904,-0.31386274,0.42275146,0.19424881,-0.0036150776,0.31555316,-0.378994,0.12813191,-0.1842617,-0.033120856,0.2779244,-0.30190974,-0.16509074,0.8004864,0.7870111,0.93022454,0.8410587,0.92565906,0.9382934,0.9146521,0.8693547,0.8328038,0.7590928,0.9031216,0.9275878,0.8420084,0.7703174,0.91542494,0.8690773,0.9354336,0.84691864,0.85027504,0.9027925
8.0,0.57249236,-0.4759761,0.22556767,0.40638947,-0.35465476,-0.040548198,-0.07299476,0.37647754,-0.47253615,0.64542633,0.28570348,0.01604341,0.47865897,-0.59672,0.21977001,-0.27534595,-0.05431899,0.43128914,-0.4395759,-0.252267,0.7940458,0.7684617,0.93275744,0.8313044,0.93114847,0.9371622,0.8998035,0.8449588,0.80757,0.7316102,0.9002314,0.901526,0.8194706,0.751891,0.8975901,0.8442964,0.90801466,0.8464223,0.84399223,0.878669
8.0,-0.21729505,0.17982376,-0.10914939,-0.1427437,0.15386042,0.001599581,0.039232284,-0.13565494,0.1829949,-0.23743244,-0.11874089,-0.017669346,-0.18895143,0.24258313,-0.09375026,0.10033851,-0.01152296,-0.15014724,0.16611706,0.08050937,0.83361167,0.8345814,0.92816806,0.8715113,0.9088137,0.97304344,0.9856085,0.8616775,0.8629161,0.82043743,0.9333183,0.98055774,0.88532865,0.82217604,0.9489507,0.92406595,0.9980234,0.8566303,0.87686,0.9202141
1.0,0.5395463,-0.45415005,0.21453816,0.38607925,-0.33899724,-0.03612027,-0.06739296,0.361422,-0.4507761,0.61192745,0.27417904,0.012033753,0.45522568,-0.56397814,0.20425043,-0.2628809,-0.04899397,0.40710446,-0.4206022,-0.2389501,0.79424053,0.7710658,0.9321434,0.8330954,0.93052244,0.9354931,0.9013219,0.8513554,0.81248903,0.73616797,0.8997611,0.9049834,0.82311183,0.75513846,0.90097016,0.84832996,0.91160154,0.8461057,0.8449532,0.8844337
9.0,-0.59852797,0.50177896,-0.21894929,-0.42070547,0.3959903,0.021988112,0.12439954,-0.37795046,0.5294676,-0.65536517,-0.27874723,-0.007279467,-0.43293086,0.619367,-0.2634502,0.25262055,0.07071173,-0.43441916,0.47361004,0.3012434,0.82051593,0.8017346,0.948576,0.82944334,0.85958636,0.94607186,0.9553951,0.8304756,0.8812318,0.81781495,0.91430694,0.98335254,0.855979,0.8075098,0.9537232,0.93872267,0.97693616,0.8613792,0.84914255,0.9355822
6.0,-0.49686986,0.41673937,-0.19919428,-0.34121835,0.3375435,0.013450714,0.09550032,-0.32035702,0.4375195,-0.5459646,-0.24475838,-0.0079543665,-0.38813505,0.5265133,-0.21375938,0.22187558,0.034081165,-0.3557904,0.3922223,0.23398519,0.8304237,0.8211029,0.94407815,0.8513835,0.87868273,0.9638993,0.9804096,0.83930814,0.8732569,0.8246523,0.9279324,0.98864543,0.871482,0.8205262,0.9526798,0.9386298,0.99450976,0.8625953,0.865616,0.9305529
4.0,0.5519555,-0.4632188,0.21760821,0.39361238,-0.3431139,-0.037804943,-0.07108294,0.36586243,-0.45955563,0.62374413,0.27711588,0.014035977,0.4612725,-0.57628924,0.20866312,-0.2669652,-0.051186424,0.41592804,-0.42766127,-0.24585986,0.7931992,0.7689697,0.9326,0.83106357,0.9301714,0.9365715,0.9014267,0.84858227,0.8095775,0.7330257,0.90111685,0.90389687,0.82125074,0.75309753,0.8998885,0.84620243,0.91281456,0.8456982,0.8431076,0.88153994
3.0,0.5989828,-0.4941967,0.23317209,0.4216157,-0.3654532,-0.044784017,-0.078424,0.38685545,-0.4907536,0.6705718,0.29429215,0.019340321,0.49461684,-0.6228967,0.23075335,-0.28503686,-0.05867253,0.45016062,-0.45416993,-0.26394415,0.7935022,0.76569104,0.93337256,0.82912564,0.93159944,0.93871194,0.89990175,0.83976597,0.8036539,0.72772783,0.9017866,0.898952,0.8157927,0.74953175,0.89539725,0.8415291,0.90640503,0.84655404,0.84204715,0.8734513
1.0,0.6265826,-0.51158124,0.24063528,0.4375768,-0.3759472,-0.049201164,-0.08453896,0.3973748,-0.5076404,0.69714147,0.30172044,0.02353751,0.51111513,-0.64976203,0.24327601,-0.29420176,-0.064116135,0.4702528,-0.46865976,-0.27616078,0.7931334,0.762803,0.9341696,0.8262416,0.9313031,0.94144315,0.8993762,0.8329879,0.79860955,0.72288007,0.90356356,0.8967094,0.81236386,0.7459788,0.89234686,0.8377616,0.9056002,0.8466769,0.839892,0.8669605
3.0,0.5601258,-0.46903196,0.22024292,0.39838827,-0.34695032,-0.038938534,-0.07259741,0.36952955,-0.46549225,0.6316953,0.28020605,0.014848813,0.4666479,-0.5845212,0.21213967,-0.27029607,-0.052167203,0.42169192,-0.43240255,-0.24946684,0.79305524,0.76816165,0.9327895,0.8306702,0.9304107,0.9368626,0.9013047,0.8473854,0.80866927,0.7319457,0.9013615,0.90303844,0.8202934,0.7525243,0.8992075,0.84539396,0.9120464,0.84573424,0.8428183,0.88017184
1.0,0.57391214,-0.47872135,0.2225455,0.4075527,-0.34889528,-0.040761296,-0.0788328,0.3729923,-0.47396922,0.64474785,0.28067487,0.018645376,0.47051725,-0.5977761,0.21638039,-0.27295142,-0.055855352,0.43173972,-0.43980885,-0.25928974,0.7907443,0.7646939,0.9334877,0.8262515,0.92870146,0.9393528,0.9015391,0.8425065,0.8026872,0.7259692,0.9042178,0.902319,0.81802475,0.74812543,0.8974713,0.84128726,0.9169578,0.84427375,0.8388992,0.87563956
7.0,-0.5890692,0.49359512,-0.21779665,-0.41264135,0.39108223,0.021011818,0.12089414,-0.3736304,0.52103806,-0.64501613,-0.27613696,-0.0069974884,-0.43017542,0.6111918,-0.25887942,0.25067884,0.06624322,-0.4268942,0.46581095,0.29476914,0.8216266,0.8040218,0.9486213,0.832288,0.8616513,0.948891,0.95918006,0.8311817,0.8796211,0.8183894,0.9163634,0.98427933,0.8574712,0.80917096,0.95353216,0.9389234,0.97938675,0.8616004,0.8515054,0.93517226
10.0,-0.38248512,0.32091275,-0.1719864,-0.25726664,0.27121222,0.00646656,0.06617162,-0.25594807,0.33360684,-0.42335093,-0.20341219,-0.009103313,-0.32364666,0.41624746,-0.16450912,0.18013981,0.005605627,-0.27163464,0.30365372,0.16533618,0.834507,0.83274746,0.9378423,0.86615646,0.8952639,0.97453517,0.99582094,0.8470284,0.86380625,0.82382387,0.9377766,0.98714846,0.8805202,0.8265233,0.95366687,0.9348027,1.0059243,0.8613384,0.87588435,0.92583686
1.0,-0.35359225,0.29645965,-0.1633417,-0.23681638,0.2532007,0.0051984643,0.059865087,-0.23809788,0.3072704,-0.3918906,-0.19121349,-0.009891473,-0.30416983,0.3871854,-0.15242541,0.16809714,0.00049681216,-0.25061136,0.28085005,0.14898685,0.8345997,0.8341347,0.93618697,0.8683969,0.89852065,0.9757902,0.9971799,0.8490369,0.8621322,0.8230024,0.93876505,0.98622733,0.8819382,0.8267204,0.9536439,0.9333198,1.006945,0.86056113,0.877096,0.924681
1.0,0.61439323,-0.50423807,0.23761338,0.43039072,-0.37172288,-0.047279123,-0.08150269,0.3929606,-0.5007166,0.68526804,0.2991575,0.021355838,0.50409716,-0.63797736,0.2375937,-0.2905432,-0.06131019,0.46119642,-0.46238053,-0.27053314,0.7934186,0.76423216,0.93375504,0.8279635,0.93176615,0.93987846,0.8997787,0.83651215,0.8013472,0.72547746,0.9025942,0.89759076,0.8138773,0.74804425,0.8938755,0.8398162,0.90533215,0.84667,0.841187,0.87022626
2.0,0.60233414,-0.49514854,0.23278236,0.42369625,-0.36602986,-0.044167645,-0.08095454,0.3890881,-0.4912532,0.67371917,0.292472,0.02066081,0.49486485,-0.6260473,0.23263113,-0.2855288,-0.0597624,0.45274472,-0.45517394,-0.26754978,0.79338056,0.7643485,0.9341115,0.8270149,0.9301357,0.94058,0.89829296,0.8376409,0.801379,0.72421014,0.90308636,0.8993191,0.8162093,0.747023,0.8943318,0.8385169,0.9098133,0.8459648,0.84106475,0.87045825
7.0,-0.4879279,0.40938953,-0.19596814,-0.33490208,0.33124253,0.013013123,0.094147064,-0.31332678,0.42917836,-0.5360514,-0.24021807,-0.008591004,-0.38194853,0.51753753,-0.20907731,0.21784358,0.032262992,-0.34897292,0.38491422,0.22813517,0.8310632,0.82210493,0.94315034,0.8524958,0.8799143,0.9643267,0.9806702,0.84048766,0.8736346,0.8254224,0.9278913,0.9888574,0.87300986,0.8209134,0.9523458,0.93823177,0.99466985,0.8623704,0.86609733,0.9300032
7.0,-0.60528004,0.5075685,-0.22011167,-0.42629158,0.39955178,0.022658812,0.12647378,-0.38124698,0.5352473,-0.6626649,-0.2809688,-0.0073619485,-0.4352555,0.6252527,-0.26685095,0.25420374,0.07366808,-0.43975958,0.47913992,0.30604228,0.8197965,0.80012697,0.9487287,0.8274402,0.85806775,0.9442177,0.9529728,0.8298561,0.88203204,0.81706995,0.9130797,0.9824575,0.8546985,0.8063841,0.95400065,0.9384502,0.97540987,0.861374,0.8477331,0.9357569
1.0,0.5444632,-0.45800698,0.21488208,0.38911927,-0.33905706,-0.036777303,-0.07018349,0.36210573,-0.454149,0.6161824,0.27389002,0.013431624,0.45551804,-0.56866807,0.20516855,-0.263722,-0.050271723,0.41050774,-0.42319524,-0.24313882,0.7930944,0.76941293,0.9325207,0.83114755,0.92979246,0.9365199,0.9017658,0.8496055,0.81017303,0.73362076,0.9011931,0.9048125,0.8221043,0.7534121,0.90048337,0.8467992,0.91424024,0.84549886,0.8431157,0.88257104
2.0,0.43777105,-0.37894782,0.17647263,0.3202936,-0.28508574,-0.02469374,-0.051271506,0.3092277,-0.37449473,0.50584483,0.23198599,0.0020311251,0.3791598,-0.4593087,0.16016775,-0.21994026,-0.037416212,0.33312595,-0.35571462,-0.19610262,0.7973527,0.78025615,0.93080395,0.8379619,0.9276235,0.9351087,0.9068273,0.86463684,0.82547367,0.74974656,0.8999384,0.91755366,0.8347179,0.7637239,0.9093521,0.86009663,0.923914,0.846225,0.848415,0.89733624
2.0,0.42267254,-0.36699012,0.16980082,0.31062055,-0.2746319,-0.023309419,-0.050299264,0.29948577,-0.36170453,0.48966125,0.2235797,0.0016786754,0.36544216,-0.44294044,0.15341268,-0.21190302,-0.036894944,0.32220304,-0.34499806,-0.19089413,0.79735225,0.78111917,0.9308057,0.83775526,0.9266482,0.93628424,0.9083856,0.86490965,0.82548904,0.7503626,0.90090764,0.9198778,0.83626074,0.7638742,0.9101517,0.86103153,0.92770976,0.8457123,0.8482009,0.8982004
9.0,0.5479222,-0.46040836,0.21634448,0.39109814,-0.3413378,-0.03720194,-0.07036129,0.36416256,-0.45676178,0.6197234,0.27578726,0.01350908,0.4585831,-0.5722656,0.20696251,-0.26550338,-0.050427098,0.4129449,-0.4253043,-0.2442236,0.7933008,0.76933986,0.93255675,0.8314419,0.9301009,0.9364293,0.90151954,0.8494298,0.81028473,0.73360324,0.90094066,0.9043725,0.82186663,0.75350785,0.9001887,0.84668094,0.9131544,0.8456655,0.843467,0.8822454
4.0,-0.43436837,0.36415872,-0.18671468,-0.293287,0.30517098,0.0090426495,0.076733194,-0.29016864,0.38173115,-0.47900954,-0.22447458,-0.006527018,-0.35832113,0.46792454,-0.18762785,0.2022719,0.01585481,-0.30952463,0.34518343,0.19504862,0.83260596,0.82856876,0.94167614,0.86135644,0.8885475,0.97302204,0.9935757,0.84255886,0.86439544,0.82279086,0.93591523,0.98872024,0.87671,0.82411754,0.95346165,0.93672526,1.0035769,0.8615119,0.8729497,0.9285842
10.0,-0.42190084,0.35391688,-0.1836009,-0.28489566,0.2965016,0.008328283,0.074313715,-0.28141567,0.36979783,-0.4659396,-0.21991234,-0.007432092,-0.35005367,0.45563358,-0.18183072,0.19680868,0.013096545,-0.30041695,0.33500227,0.18812445,0.833551,0.8299613,0.9406214,0.862559,0.8903238,0.9730182,0.99401015,0.8437513,0.86494726,0.8235989,0.9364382,0.9881394,0.8776764,0.8253501,0.95372576,0.9364616,1.0043069,0.86197865,0.8738542,0.9276075
7.0,-0.5953045,0.49879724,-0.218992,-0.41737136,0.39553678,0.021707447,0.12233229,-0.378367,0.5270508,-0.65172213,-0.2782289,-0.006518483,-0.433115,0.61694854,-0.26257193,0.25278637,0.068888426,-0.43208215,0.47131974,0.29896003,0.8204873,0.80239797,0.94900364,0.83086,0.86043197,0.94811255,0.9578301,0.8303314,0.87908673,0.8171292,0.9157889,0.9838379,0.8561493,0.80774313,0.95360166,0.9386932,0.9782129,0.8611209,0.850423,0.9359411
1.0,0.42678374,-0.37058708,0.17126766,0.3123542,-0.27809018,-0.023893075,-0.050146915,0.3019908,-0.36607277,0.4933115,0.22639735,0.0010122135,0.3693838,-0.44756588,0.15511394,-0.21482499,-0.03667838,0.32486904,-0.3479181,-0.19186711,0.79761904,0.78105617,0.93084043,0.8384562,0.9274952,0.9354972,0.9083582,0.8655793,0.8269503,0.75122386,0.90055144,0.91907036,0.8356768,0.76500565,0.9104579,0.86177444,0.92584187,0.8464307,0.84856075,0.89815205
5.0,-0.02355393,0.012865669,-0.043896005,-0.010232609,0.03272353,-0.004323701,0.0012697671,-0.021284565,0.012886725,-0.027785253,-0.033092868,-0.018506356,-0.03993489,0.041644536,-0.02481021,0.014022104,-0.030140288,-0.012540635,0.012570582,-0.010299467,0.8218062,0.82506764,0.9274068,0.86794305,0.92130095,0.96813405,0.97769326,0.86477184,0.8510725,0.802223,0.9326172,0.96711504,0.87400657,0.8134055,0.9470407,0.912556,0.99387383,0.8536845,0.8718493,0.91276807
8.0,-0.6206197,0.5211492,-0.22183079,-0.4399412,0.40655243,0.024200834,0.13265902,-0.3866373,0.54820514,-0.67959166,-0.28521344,-0.008247159,-0.4387008,0.63802516,-0.27392882,0.25650752,0.08141187,-0.45184237,0.49181956,0.31692886,0.8183152,0.7962933,0.9482843,0.8219912,0.8543702,0.9383366,0.9455867,0.8288512,0.8858467,0.8163141,0.9090705,0.98021793,0.8522135,0.8037522,0.9547136,0.9378952,0.9710041,0.86140025,0.84335816,0.9358507
9.0,-0.51992506,0.43538794,-0.20617697,-0.35702562,0.35426998,0.014894363,0.098983265,-0.33874053,0.45931476,-0.5705812,-0.25476664,-0.0058078244,-0.4034382,0.5491564,-0.22616667,0.2321735,0.039617117,-0.37340033,0.41134274,0.24853405,0.8279923,0.817611,0.9466305,0.8484538,0.8750855,0.96357435,0.9796537,0.8362576,0.8710154,0.82148993,0.9276683,0.98835945,0.8675868,0.8180558,0.9530204,0.93896025,0.99325603,0.86211723,0.86399186,0.93233943
10.0,-0.60639834,0.508467,-0.22023103,-0.42705896,0.40119824,0.022784818,0.12671083,-0.3832541,0.5370403,-0.6640097,-0.2812418,-0.006963484,-0.43593952,0.6264053,-0.26792628,0.25477666,0.07440734,-0.4409775,0.4805575,0.30669385,0.81915957,0.7996702,0.9486841,0.82733566,0.8580085,0.9444414,0.95299166,0.82958144,0.881293,0.8166851,0.9132373,0.9827137,0.8543242,0.80578184,0.9538658,0.9385356,0.9751266,0.86082757,0.84737736,0.93655276
2.0,0.66139024,-0.53546214,0.24787822,0.45745775,-0.38557503,-0.0546845,-0.09615741,0.40952766,-0.5307971,0.72850484,0.30832294,0.029963337,0.52520543,-0.684716,0.25596857,-0.30509368,-0.07041365,0.4947601,-0.48665085,-0.2969606,0.7904417,0.7561069,0.93563294,0.8188692,0.92860496,0.9461165,0.8993847,0.8242367,0.7898684,0.71271706,0.9089082,0.8943851,0.80740607,0.7390784,0.8886182,0.83049613,0.9111858,0.84486794,0.83337635,0.85654217
4.0,0.53164613,-0.44849637,0.21199173,0.38133848,-0.3352705,-0.035104673,-0.065879606,0.35782227,-0.44503534,0.6041032,0.27131417,0.011208832,0.44997478,-0.5559853,0.200896,-0.25968853,-0.047978397,0.40146345,-0.4159295,-0.2354196,0.79443675,0.771889,0.9319496,0.83359355,0.93035316,0.93520117,0.90154654,0.8525818,0.81351453,0.7373454,0.89951813,0.90583223,0.824063,0.7558308,0.90163046,0.8492449,0.9121914,0.8460742,0.84532374,0.8857871
1.0,0.53694147,-0.4525141,0.21184728,0.3849536,-0.3341265,-0.035656106,-0.06997944,0.35794017,-0.44809407,0.6087169,0.2696767,0.013397843,0.44889703,-0.560822,0.20158087,-0.25978586,-0.049815845,0.40518475,-0.41852045,-0.24109644,0.79265636,0.76950955,0.93252635,0.8305464,0.9289409,0.9369873,0.902033,0.8499175,0.8097345,0.73329306,0.9016505,0.9059401,0.82297933,0.75290245,0.9007933,0.84669375,0.91684717,0.8449486,0.8426129,0.88311744
12.0,-0.5281755,0.4422319,-0.2079455,-0.36330906,0.35903904,0.015541164,0.10115907,-0.34355307,0.46681005,-0.5794193,-0.25764138,-0.005730178,-0.40741637,0.55684066,-0.23012565,0.23489216,0.042269897,-0.3797012,0.41780266,0.2539324,0.8273048,0.81624174,0.94710493,0.84693545,0.8736438,0.9624312,0.9779849,0.8355617,0.8715547,0.8210579,0.9267524,0.98809814,0.86641794,0.8172039,0.95304066,0.9390632,0.99204165,0.8620861,0.86292034,0.93276376
3.0,0.58647966,-0.4861498,0.22926238,0.41442156,-0.35974354,-0.04283365,-0.07640595,0.3814999,-0.48266023,0.65835667,0.28991568,0.017920092,0.48603573,-0.61060697,0.22485651,-0.28030756,-0.05659235,0.44110465,-0.44737226,-0.25916553,0.79331565,0.7665671,0.9331132,0.8296746,0.93123716,0.93798745,0.9002199,0.8422401,0.8051734,0.7291257,0.9014983,0.90017205,0.8172623,0.7504612,0.89660394,0.8427241,0.9080203,0.84625024,0.84234405,0.87581235
6.0,-0.574899,0.48104945,-0.21551931,-0.39952794,0.38949794,0.019810958,0.114934444,-0.37470105,0.51241803,-0.62989837,-0.27138016,-0.004046954,-0.42786023,0.5996862,-0.25484645,0.24949315,0.06080625,-0.4172098,0.4572348,0.28389457,0.8204922,0.8061893,0.948651,0.8374969,0.8654596,0.9559933,0.9672868,0.8310477,0.87212867,0.81687427,0.9211331,0.9875487,0.8589998,0.808949,0.9525438,0.9393913,0.9827727,0.85893804,0.8542956,0.93805623
4.0,-0.4764663,0.39944476,-0.19603175,-0.3248544,0.32817054,0.01182019,0.0883517,-0.3122533,0.41958535,-0.5241221,-0.23901993,-0.0068243295,-0.38019377,0.50794977,-0.20558105,0.21656702,0.027194392,-0.34063053,0.37717676,0.22101074,0.8311428,0.82390124,0.9437321,0.85531455,0.8821874,0.9680487,0.9863241,0.8400264,0.8690731,0.82355714,0.93151695,0.98890334,0.8731063,0.8219096,0.95302415,0.9381006,0.9984374,0.86222285,0.8687176,0.93011826
2.0,0.2930601,-0.2618381,0.11470274,0.22144479,-0.19509915,-0.014549874,-0.03178537,0.22066057,-0.25576305,0.34760877,0.16022354,-0.0073728375,0.25845823,-0.3049891,0.10099839,-0.15075341,-0.029760849,0.22790448,-0.25088117,-0.13539878,0.8045898,0.7941866,0.9290126,0.84442914,0.9233318,0.942022,0.92106354,0.8720336,0.83766323,0.76745504,0.90547454,0.9363599,0.84925556,0.7754353,0.91961133,0.87588334,0.94377923,0.84686357,0.85311,0.9073663
6.0,-0.62080026,0.5212679,-0.22177097,-0.44001493,0.40749475,0.02417737,0.13272649,-0.38787454,0.54911107,-0.6799403,-0.28516504,-0.007938128,-0.4389091,0.6382938,-0.27443978,0.25671703,0.08174564,-0.45227394,0.49239957,0.3169711,0.8178987,0.7961174,0.948128,0.82211906,0.8545126,0.9386527,0.94579214,0.8287326,0.88525707,0.81622064,0.9093278,0.98056775,0.85202646,0.8034209,0.954568,0.938053,0.97087157,0.8609397,0.8431534,0.93653685
4.0,-0.5037281,0.42223042,-0.20225638,-0.34549922,0.343066,0.013756957,0.09560004,-0.32679302,0.44371456,-0.5533431,-0.24879712,-0.00683555,-0.39405403,0.53366685,-0.21774007,0.22572026,0.034920584,-0.36093664,0.39800727,0.23846012,0.8299056,0.8203135,0.9453198,0.85079044,0.87768227,0.96437377,0.9812822,0.83804715,0.8718419,0.82316124,0.9285617,0.9882855,0.8700219,0.820143,0.9531114,0.93866813,0.9949537,0.8628096,0.8657674,0.93081015
7.0,-0.5294833,0.443295,-0.2084131,-0.3642186,0.36001945,0.0156189855,0.10131852,-0.34469485,0.46808302,-0.5808591,-0.2583042,-0.0056131817,-0.40829483,0.5581557,-0.23087582,0.23549123,0.042595897,-0.38073128,0.41888064,0.25484735,0.82714635,0.81604683,0.9472541,0.8467554,0.87345254,0.96238244,0.97792673,0.8353637,0.87141603,0.8208695,0.9267783,0.9880396,0.8661398,0.8170927,0.9530794,0.93909544,0.9919876,0.8620777,0.8628473,0.9329134
1.0,0.59426373,-0.4913827,0.2308059,0.4194891,-0.36137423,-0.04389345,-0.07946757,0.3838523,-0.48731756,0.66590166,0.29057014,0.019881628,0.48897532,-0.6181898,0.22768797,-0.2820807,-0.058578733,0.44685465,-0.45155942,-0.2642195,0.7923031,0.76486707,0.93345225,0.82752675,0.93035984,0.9393058,0.9001166,0.8395918,0.8022241,0.7261683,0.90280247,0.89971125,0.8161082,0.74821264,0.89555067,0.84058917,0.9100627,0.84563696,0.84047276,0.87333745
6.0,-0.5047601,0.42126736,-0.20455042,-0.34035873,0.36003345,0.014145909,0.088707104,-0.3495794,0.45273644,-0.5532366,-0.24971765,0.0017917715,-0.40567285,0.53747576,-0.22553244,0.23464459,0.033701334,-0.36367834,0.4064818,0.23566884,0.8236127,0.81799144,0.9485712,0.85454583,0.878515,0.9757015,0.99338055,0.83373505,0.85429615,0.8127776,0.9349158,0.9926947,0.86794007,0.81333673,0.9523761,0.9378561,0.9978119,0.85602677,0.8671749,0.937549
2.0,0.6583781,-0.5304837,0.24880669,0.454849,-0.3877252,-0.05507643,-0.090715356,0.4083247,-0.5258739,0.7267893,0.3104976,0.028195284,0.5304759,-0.6799305,0.2581631,-0.30443934,-0.07098344,0.4932871,-0.48435956,-0.28843296,0.79364264,0.7603686,0.93504024,0.8237339,0.9316994,0.9446869,0.8994955,0.8248381,0.7938886,0.7189316,0.90539896,0.8943592,0.80824685,0.7429892,0.8889959,0.8348439,0.90293753,0.8475926,0.83803153,0.8595443
5.0,-0.40925208,0.3435694,-0.17991543,-0.27654535,0.28744,0.007763603,0.072248265,-0.27210304,0.35786104,-0.45261398,-0.21472155,-0.008542065,-0.3409555,0.44301283,-0.1759054,0.19093788,0.010776911,-0.29125416,0.32455447,0.18112814,0.83430815,0.83114386,0.93946826,0.86359406,0.89204925,0.97273004,0.9938425,0.84505343,0.86580104,0.8245109,0.93659234,0.9875954,0.8787646,0.82635725,0.95379084,0.9361329,1.0046046,0.86228025,0.8745271,0.926764
9.0,0.50158525,-0.42744315,0.20064554,0.3616,-0.31968835,-0.031596605,-0.061248302,0.34251377,-0.42394984,0.57234806,0.2595089,0.007725127,0.4271446,-0.52539504,0.1870122,-0.24767058,-0.043824133,0.37921828,-0.39729762,-0.22321448,0.7950284,0.774289,0.9316468,0.83517826,0.92979306,0.93454695,0.9035673,0.85754675,0.81819326,0.74159396,0.89963764,0.90943605,0.8273338,0.7589661,0.9046073,0.8532617,0.9159445,0.84616524,0.8462111,0.8900271
6.0,-0.28164187,0.23514645,-0.14066392,-0.18662146,0.20725241,0.0024824038,0.044950686,-0.1929363,0.24182212,-0.3133255,-0.15984464,-0.012055032,-0.2525841,0.31372887,-0.1233282,0.13687004,-0.01021149,-0.19860123,0.22350053,0.11038776,0.8337362,0.83579546,0.9325843,0.872066,0.9055629,0.977274,0.99809545,0.85356146,0.85843366,0.81998074,0.94006455,0.9831211,0.8835265,0.8261307,0.9535031,0.9293793,1.0077806,0.85865533,0.87873346,0.9218524
12.0,-0.62664396,0.52640235,-0.22261241,-0.44487688,0.4111825,0.024932778,0.134512,-0.3913839,0.5544341,-0.68637043,-0.28697082,-0.007730752,-0.4408894,0.64342284,-0.2777425,0.2581177,0.08478604,-0.4572069,0.4977073,0.32106152,0.8168909,0.7944063,0.94819546,0.8201946,0.8531676,0.93706185,0.9435937,0.8280063,0.8854628,0.815103,0.9082953,0.9797326,0.8508009,0.8019336,0.95480853,0.93765795,0.9693671,0.86060095,0.8416829,0.9370606
7.0,-0.60235333,0.5051584,-0.21955344,-0.42417416,0.39697042,0.022298338,0.12592879,-0.37833884,0.532122,-0.6594919,-0.27998984,-0.007802885,-0.4336957,0.62247056,-0.26485193,0.25304478,0.07231848,-0.4371662,0.47631937,0.3041305,0.82057554,0.8010092,0.9485349,0.82803255,0.8585822,0.9443251,0.9533924,0.8303635,0.8827702,0.8179042,0.9131668,0.9825615,0.8554298,0.80728376,0.95402324,0.9385565,0.97594446,0.8618265,0.8482562,0.9350902
2.0,0.589081,-0.48865283,0.22887644,0.41604647,-0.3587826,-0.04303213,-0.07905536,0.3816163,-0.48478478,0.6602443,0.28886527,0.019036472,0.4843932,-0.61331606,0.22461678,-0.2805114,-0.05713397,0.44271094,-0.4487095,-0.26300716,0.79206103,0.7648044,0.93349326,0.82761693,0.93015194,0.9389871,0.9005148,0.8411624,0.80316705,0.72647023,0.90303427,0.900292,0.8166785,0.74870354,0.89623576,0.8410791,0.91139996,0.84538794,0.8404169,0.87413496
4.0,-0.459193,0.3849126,-0.19303998,-0.31150964,0.3195365,0.010518173,0.08285113,-0.30445066,0.40416223,-0.5057415,-0.23391314,-0.0062512904,-0.3724991,0.4919382,-0.19850484,0.21144001,0.021855813,-0.3278613,0.36431056,0.21032348,0.8318171,0.82610434,0.94317687,0.85818374,0.884989,0.9707427,0.9904063,0.8407862,0.866357,0.8229019,0.9340371,0.9888538,0.8744125,0.8230761,0.9534061,0.9376455,1.0012704,0.8620467,0.87093943,0.92954373
6.0,-0.55847913,0.46765122,-0.21315885,-0.38739476,0.37506187,0.018222552,0.110542655,-0.35876328,0.49375808,-0.6118718,-0.26701304,-0.006228503,-0.41966316,0.5842491,-0.24422833,0.2433499,0.05340148,-0.4029474,0.4413672,0.27394626,0.82474536,0.81058437,0.9482245,0.8402683,0.8678773,0.9565082,0.9695709,0.83339345,0.8752239,0.8198613,0.92197835,0.9865879,0.862269,0.81359327,0.95311815,0.9391133,0.9862741,0.86198306,0.8578867,0.93385506
11.0,0.64756715,-0.5233517,0.24626926,0.44916594,-0.38411412,-0.053042985,-0.08819755,0.40477538,-0.5188584,0.7172725,0.30751315,0.026658796,0.524942,-0.6694218,0.25393158,-0.30081323,-0.06897785,0.4857281,-0.47894323,-0.28352368,0.793797,0.7616219,0.93473953,0.825004,0.9316869,0.94370043,0.899122,0.8272806,0.79554516,0.7205825,0.9043079,0.8951962,0.8098973,0.7440462,0.8898791,0.83591115,0.90313506,0.8475497,0.8392371,0.86213005
1.0,-0.47629678,0.39995247,-0.19125634,-0.32701,0.32165077,0.01262224,0.09284337,-0.30228853,0.41763794,-0.5228274,-0.23370995,-0.009853486,-0.3727753,0.5055535,-0.20250124,0.21188292,0.030247282,-0.33988965,0.374882,0.22087723,0.83235264,0.82339036,0.94179446,0.85361016,0.8812381,0.96418875,0.9800161,0.8423751,0.875106,0.8266801,0.9271757,0.9887742,0.8751631,0.82145447,0.9518831,0.937457,0.9942293,0.86239606,0.8666739,0.9288118
9.0,-0.6222609,0.5225071,-0.22230491,-0.44071692,0.40941936,0.02472987,0.13232356,-0.39020172,0.5505701,-0.68137807,-0.28585818,-0.0072294697,-0.4405058,0.6400239,-0.2758922,0.2578546,0.08235444,-0.45379764,0.49411792,0.31782383,0.81727546,0.79546624,0.94872856,0.82187265,0.8542019,0.9391579,0.94616246,0.8280468,0.8837692,0.81470656,0.9096443,0.9802714,0.8515563,0.80254316,0.9546147,0.9375513,0.9708094,0.8606285,0.84330386,0.93689185
6.0,-0.4733956,0.39769095,-0.19562982,-0.3247214,0.32150304,0.011633061,0.08944561,-0.3044571,0.41415507,-0.521699,-0.23844498,-0.008988626,-0.3757085,0.5045574,-0.20257875,0.21305865,0.026504051,-0.33812106,0.37304166,0.22102922,0.833742,0.8253375,0.9426484,0.85469383,0.88261896,0.9648415,0.98357755,0.8412918,0.87397265,0.826355,0.9303961,0.9873709,0.8735723,0.8245862,0.9539043,0.938327,0.9976638,0.8647714,0.8690672,0.92782605
11.0,-0.09156224,0.07059321,-0.06337462,-0.05470696,0.07197609,-0.0022926428,0.015870472,-0.055411346,0.0715992,-0.09737559,-0.058541875,-0.018379353,-0.08876192,0.11060771,-0.047153912,0.042718444,-0.022595655,-0.05875202,0.06436214,0.021861881,0.8273391,0.8292547,0.926308,0.8693951,0.9159815,0.97047013,0.9784441,0.8659233,0.8554057,0.8091615,0.9314603,0.97259533,0.87940353,0.8148302,0.94641256,0.91514313,0.9930863,0.85359716,0.8736916,0.91619027
5.0,-0.14676964,0.119066454,-0.077887274,-0.09466741,0.098256715,0.00022546062,0.031694036,-0.07835736,0.119204424,-0.15623537,-0.07733095,-0.021739818,-0.12216982,0.1657191,-0.06392193,0.06214574,-0.013681136,-0.0978954,0.104733616,0.050390624,0.83283764,0.8326289,0.9253803,0.8701912,0.9125261,0.96803826,0.9740503,0.8684441,0.8661799,0.8190409,0.92787224,0.97637236,0.8842026,0.81883764,0.9454965,0.9191806,0.98877275,0.8559916,0.8750613,0.9184128
3.0,0.40497974,-0.3531402,0.16052112,0.29781666,-0.2619622,-0.022146186,-0.04924138,0.28660232,-0.3475018,0.46909887,0.21301848,0.00052191317,0.34820297,-0.4235958,0.14493331,-0.2028315,-0.036534484,0.30899003,-0.33179694,-0.18446311,0.79766077,0.7821695,0.9309636,0.8377988,0.9261432,0.9375426,0.9111419,0.86542845,0.82660794,0.75187224,0.9026307,0.92245376,0.8374289,0.76522607,0.9119841,0.86314833,0.9322362,0.8459546,0.8478651,0.8987848
2.0,0.4542243,-0.3893917,0.18985412,0.33417064,-0.30385572,-0.025746057,-0.04597851,0.32642245,-0.3862481,0.528524,0.24761398,0.0016443804,0.4062416,-0.47779003,0.17297846,-0.23034908,-0.03734378,0.34682876,-0.36913896,-0.19466451,0.8002203,0.7836724,0.9292313,0.8425643,0.9303049,0.931285,0.901734,0.86553186,0.82757163,0.75381666,0.89397454,0.9136998,0.8351598,0.76542556,0.9073387,0.8601312,0.9096576,0.84737045,0.8534627,0.900431
10.0,-0.47840083,0.4006761,-0.19795698,-0.32503775,0.33240315,0.01169924,0.08691396,-0.31785205,0.42244428,-0.526247,-0.24119093,-0.005223561,-0.38423076,0.510617,-0.20781456,0.21929002,0.02668221,-0.34228837,0.37982804,0.22190031,0.8302183,0.82364005,0.9446905,0.8558395,0.88217545,0.9699281,0.9888615,0.8389013,0.8660309,0.8217435,0.9330764,0.9892448,0.8722056,0.82133543,0.9532449,0.9382054,0.9996865,0.86160827,0.8692507,0.93106127
7.0,-0.4895885,0.4099522,-0.2024034,-0.33293578,0.33970574,0.01221211,0.088356875,-0.32614803,0.43239242,-0.5385843,-0.24724734,-0.004477959,-0.39209387,0.52200305,-0.21352424,0.22431329,0.028659042,-0.3507117,0.38862592,0.22968027,0.82994,0.8227023,0.9459644,0.854511,0.88062435,0.96928275,0.9885748,0.8374803,0.8658739,0.82085437,0.9332725,0.9885939,0.87022114,0.82133454,0.95382786,0.93863016,0.9995417,0.8623862,0.8691043,0.93137586
1.0,0.6102248,-0.5012763,0.23596129,0.4284632,-0.36914968,-0.046472162,-0.08151413,0.39085078,-0.4973775,0.68156195,0.29652852,0.021473482,0.5007357,-0.6338049,0.23569347,-0.2883117,-0.06121889,0.45848018,-0.4601332,-0.26958358,0.7929423,0.76415384,0.9337469,0.8273162,0.93107367,0.9401363,0.8996131,0.8365346,0.8008194,0.72500724,0.9028213,0.8981196,0.81434923,0.7474241,0.8939998,0.8394459,0.9071134,0.84634167,0.8406053,0.8704895
10.0,-0.45893362,0.3841028,-0.19541211,-0.309016,0.32526085,0.010120759,0.079361595,-0.31248677,0.4060973,-0.50550324,-0.23620707,-0.0032634698,-0.37779096,0.49318328,-0.20081373,0.21509992,0.020061214,-0.3280328,0.36642978,0.20935693,0.83017594,0.82598853,0.9447036,0.8595914,0.8854579,0.9745405,0.99555594,0.8389901,0.8604904,0.8194686,0.9370245,0.98958594,0.8734086,0.82198864,0.9537693,0.9376053,1.0038658,0.86065626,0.87210494,0.9311471
6.0,-0.6021868,0.5046422,-0.22006327,-0.4230827,0.39965808,0.022261031,0.124612905,-0.38240334,0.5335391,-0.65928733,-0.28033233,-0.0064723827,-0.43543106,0.62294745,-0.26627603,0.2543851,0.07207365,-0.43771043,0.4772293,0.30380043,0.8195429,0.80074644,0.94889367,0.8289656,0.85906154,0.9463886,0.95548284,0.82971895,0.879642,0.8165654,0.9147214,0.9832969,0.85473585,0.8064825,0.9537665,0.9386538,0.9764997,0.8607904,0.8487907,0.9366439
10.0,-0.48652142,0.40776446,-0.19985947,-0.33175936,0.3350593,0.01236742,0.08953631,-0.31987357,0.4285314,-0.53507113,-0.24425295,-0.0059082247,-0.38756865,0.51820815,-0.21076125,0.22130826,0.028924447,-0.34813356,0.38527662,0.22763407,0.8307371,0.8229027,0.94503754,0.85416734,0.88071823,0.9677741,0.98634666,0.8386412,0.86854744,0.8224118,0.9316687,0.98843443,0.8714692,0.82160175,0.953491,0.93830276,0.99839586,0.86271846,0.86855954,0.9303471
3.0,0.32922292,-0.29149163,0.13323694,0.24898237,-0.21965268,-0.016010493,-0.035391673,0.24685185,-0.28469914,0.39048535,0.18081734,-0.004387807,0.2921423,-0.34417728,0.116371304,-0.16834688,-0.0306306,0.25521046,-0.27910545,-0.14957494,0.8027506,0.7910577,0.9290079,0.84210503,0.9233594,0.9395504,0.9149836,0.870773,0.8334229,0.7624063,0.9026308,0.931771,0.84644324,0.77052253,0.9159685,0.87047905,0.93776983,0.8456522,0.8519279,0.9063843
9.0,0.47743383,-0.40927094,0.1906636,0.346737,-0.3043843,-0.028843986,-0.059214756,0.3285299,-0.4045974,0.5472886,0.24699129,0.006727487,0.4065796,-0.49994394,0.17591782,-0.23567803,-0.042308588,0.3619313,-0.38145685,-0.21468621,0.79481095,0.77557003,0.9315236,0.83457994,0.9280708,0.93561876,0.9051558,0.85892856,0.8186155,0.74265283,0.90078634,0.91283697,0.8297867,0.75908667,0.906147,0.8546001,0.9218647,0.8454161,0.8455824,0.8920248
2.0,0.5632421,-0.46923947,0.22330692,0.40063882,-0.35207653,-0.039307714,-0.069747135,0.37324208,-0.4661451,0.6365621,0.28385332,0.014246166,0.47479713,-0.5875119,0.21655887,-0.27252337,-0.052764107,0.42476213,-0.4343686,-0.24637157,0.7951232,0.7703789,0.93237936,0.8331882,0.9318319,0.93602365,0.89975667,0.8471845,0.8102577,0.73459375,0.8990032,0.9021905,0.82073104,0.75393975,0.89868176,0.8463363,0.9063213,0.84707457,0.8456287,0.88109416
1.0,-0.5943948,0.49808088,-0.21876061,-0.41685584,0.39444906,0.021552948,0.12234354,-0.37705883,0.5259888,-0.65078205,-0.2779,-0.0068257935,-0.4323659,0.6159974,-0.26180023,0.2522322,0.06852704,-0.4312222,0.47033554,0.29843667,0.82082677,0.8027162,0.9488268,0.8309445,0.8605711,0.9478812,0.9576917,0.830588,0.87969524,0.81763136,0.91566265,0.9838237,0.85641426,0.8081357,0.95363057,0.93877757,0.9782981,0.861353,0.85048455,0.93565243
10.0,-0.43739435,0.36672416,-0.18760839,-0.2955338,0.30692577,0.009209771,0.0774588,-0.29195794,0.3844648,-0.48235556,-0.22577891,-0.0065244474,-0.36012757,0.4709174,-0.18895042,0.20342062,0.016523477,-0.3117826,0.34750158,0.19695643,0.8325525,0.828331,0.941866,0.8609888,0.88815445,0.9727049,0.9932146,0.8423265,0.86470413,0.82287437,0.9357393,0.98869914,0.8764256,0.8241067,0.95349306,0.9368848,1.003376,0.8616553,0.8727557,0.92869127
1.0,-0.5302436,0.44374743,-0.20896527,-0.3641512,0.36203948,0.015709227,0.10064766,-0.34737098,0.46945924,-0.58158404,-0.25888768,-0.0047803074,-0.4099341,0.5592519,-0.23196736,0.23670356,0.04256856,-0.38150054,0.42007273,0.25508806,0.8265055,0.8157367,0.9477343,0.8470435,0.8734345,0.96344644,0.97906137,0.83483756,0.86971825,0.8198049,0.92744213,0.98830265,0.86577785,0.81650555,0.9530204,0.939023,0.9923751,0.86155236,0.8630696,0.93354344
9.0,0.5437203,-0.45713928,0.21615976,0.38855785,-0.34135997,-0.036819573,-0.06767347,0.3634009,-0.45392835,0.6160562,0.27627712,0.012282446,0.45861414,-0.5681615,0.2061376,-0.2647148,-0.049498487,0.41008988,-0.42312214,-0.24017188,0.79434836,0.7709816,0.9321153,0.83328557,0.9309685,0.9353169,0.9013417,0.8509174,0.81236523,0.73619986,0.8996228,0.9043929,0.8225517,0.75529087,0.900772,0.84833455,0.91035026,0.84627587,0.84507024,0.8841329
6.0,-0.10322289,0.08065767,-0.06252091,-0.06325103,0.07151108,-0.0014326144,0.022676868,-0.052046284,0.08045545,-0.10735239,-0.057133354,-0.020602107,-0.08923362,0.12033124,-0.04862913,0.043207396,-0.018143434,-0.06579375,0.070086256,0.030331388,0.8302976,0.8302032,0.92508775,0.86900675,0.9144816,0.96781445,0.9727901,0.8689302,0.8615921,0.81360465,0.9279983,0.97315466,0.88117015,0.8155053,0.9449212,0.91547215,0.98774004,0.85470015,0.8736571,0.9169533
8.0,-0.60520756,0.5074687,-0.22009152,-0.42614147,0.3999524,0.02265353,0.12637323,-0.38182956,0.5355077,-0.66262275,-0.280921,-0.007179916,-0.43539515,0.6252673,-0.26703125,0.25433907,0.07370326,-0.43983176,0.47927606,0.3059275,0.81960243,0.80007464,0.948719,0.82757336,0.85816383,0.94448996,0.9532166,0.8297866,0.8816277,0.8169479,0.9132658,0.98262864,0.8546374,0.8062349,0.95392764,0.9385016,0.97543716,0.86116105,0.8477298,0.93605214
11.0,0.32409558,-0.2875821,0.12426276,0.24041528,-0.21199667,-0.01682775,-0.03822904,0.23531288,-0.28213525,0.3784644,0.1720205,-0.006106455,0.28025672,-0.3372229,0.11184327,-0.16480365,-0.032526202,0.24935754,-0.27240896,-0.15012896,0.80211926,0.79038244,0.9301861,0.8427893,0.925087,0.9411375,0.9203604,0.87006646,0.8356558,0.76342654,0.90601885,0.932753,0.8452516,0.77410847,0.91885185,0.87376964,0.94266903,0.84758204,0.8512521,0.90408695
6.0,0.43459755,-0.37646917,0.17291036,0.31762493,-0.27989972,-0.024564933,-0.053317577,0.30420053,-0.37132567,0.5010419,0.22727902,0.0026701018,0.37240523,-0.45503607,0.15749387,-0.21677005,-0.038373236,0.33045864,-0.352466,-0.1970165,0.7964374,0.77937853,0.93133265,0.8366743,0.92705274,0.9365484,0.90851146,0.8634072,0.82402134,0.74824655,0.901681,0.91859,0.834505,0.7629491,0.9096772,0.85983586,0.9280019,0.8458467,0.84711874,0.89619935
10.0,-0.2983592,0.24929757,-0.14503615,-0.19823879,0.21687809,0.0031358479,0.0489234,-0.20176964,0.25670254,-0.3309417,-0.16598886,-0.011871535,-0.26350808,0.33032462,-0.129494,0.14347176,-0.0073932037,-0.21033244,0.23638593,0.11925915,0.83428997,0.8354963,0.9330507,0.8712355,0.90377766,0.9768597,0.9971865,0.85308194,0.8598011,0.82110506,0.9392346,0.9840521,0.8835572,0.82602644,0.953199,0.93007505,1.0068837,0.8589597,0.87824285,0.9224707
6.0,0.5378356,-0.45349485,0.21272832,0.38459456,-0.33648208,-0.03590287,-0.06861572,0.35934666,-0.44989145,0.6092638,0.27208912,0.012206674,0.4513443,-0.56211656,0.20232904,-0.26166713,-0.04890473,0.40551656,-0.41926646,-0.23996007,0.7935393,0.77022666,0.9324346,0.8320851,0.92999816,0.9360215,0.90204525,0.8512911,0.81198806,0.735147,0.90082204,0.9054969,0.8229834,0.7546407,0.90125287,0.84805983,0.9141779,0.84575397,0.8438816,0.8838506
9.0,0.5452928,-0.45905447,0.2136133,0.38937122,-0.3370911,-0.03693145,-0.07229852,0.36069405,-0.45477396,0.61600554,0.27206773,0.014225669,0.45273286,-0.56918675,0.20415518,-0.2630398,-0.050925586,0.41083074,-0.42324364,-0.24557146,0.7920965,0.7681361,0.9328891,0.829526,0.92911685,0.93738246,0.9025385,0.8486699,0.80870336,0.73179066,0.90262264,0.9051276,0.8215397,0.752283,0.9005028,0.8459431,0.91730624,0.84498936,0.8414932,0.8813348
1.0,-0.4481273,0.37483695,-0.19347078,-0.2999177,0.32215574,0.009383788,0.07518816,-0.3103225,0.39768922,-0.49379662,-0.23279162,-0.0017957725,-0.3742003,0.4834109,-0.19723688,0.21297356,0.016792547,-0.32019743,0.35953403,0.20199063,0.8295062,0.8268747,0.94474494,0.8616045,0.8871592,0.9774509,0.99940675,0.83887964,0.85661584,0.817577,0.9390781,0.99018,0.874191,0.82148755,0.9538541,0.9370856,1.0059347,0.8593775,0.87331426,0.9317146
9.0,0.5589148,-0.46774042,0.2191571,0.3985272,-0.34459472,-0.038556196,-0.07392737,0.3681285,-0.46342498,0.63089323,0.2774986,0.01597128,0.46412343,-0.5830073,0.2113817,-0.26836577,-0.053067993,0.42120534,-0.43150514,-0.2504728,0.7922158,0.7674492,0.9329155,0.8290338,0.92924887,0.9378689,0.9010796,0.8460262,0.80649894,0.73005474,0.90218765,0.90351194,0.82035863,0.7507163,0.89876586,0.84393275,0.9148918,0.8450196,0.8415037,0.8793387
12.0,-0.48121554,0.4030919,-0.19927508,-0.32708746,0.3338619,0.01185398,0.087218866,-0.31940186,0.42449546,-0.5293486,-0.24290484,-0.0050398633,-0.38633254,0.5135429,-0.2091565,0.22051829,0.026994076,-0.34431046,0.3819113,0.2240018,0.8304779,0.8235235,0.94510895,0.8554473,0.881733,0.9695926,0.9887641,0.8385204,0.866268,0.82151335,0.93310827,0.98881507,0.8717127,0.8215806,0.95355153,0.9382031,0.9996953,0.8621458,0.8693975,0.93072045
9.0,-0.29555866,0.24737172,-0.14556044,-0.19733146,0.21468824,0.0030576643,0.048609957,-0.20030816,0.25380242,-0.3293441,-0.16637921,-0.012550171,-0.26185694,0.32802492,-0.12857583,0.1421425,-0.008207697,-0.20897959,0.23412435,0.118481696,0.83477294,0.83605236,0.93288636,0.8714516,0.90463346,0.9759744,0.99713933,0.8531067,0.8609875,0.821943,0.9396857,0.98333883,0.8833239,0.8275483,0.95389855,0.9306748,1.0073357,0.860014,0.87869704,0.9219046
9.0,0.43970957,-0.38036653,0.1754455,0.32171485,-0.28275827,-0.025027279,-0.053977005,0.30746213,-0.37506467,0.5071222,0.22973303,0.003498286,0.37670693,-0.46042123,0.15973765,-0.21878232,-0.038957633,0.33444545,-0.35612643,-0.19909415,0.79612786,0.7789068,0.93123186,0.83612263,0.92689323,0.9364514,0.90783745,0.8626351,0.82270634,0.74723226,0.9015115,0.91786736,0.8339466,0.76197827,0.9090615,0.8587859,0.9273529,0.84551257,0.8467362,0.8958176
1.0,0.50653774,-0.4305369,0.20257136,0.36560032,-0.3216731,-0.03191168,-0.06257355,0.34508887,-0.42658776,0.5782419,0.26052675,0.008976728,0.43062952,-0.5303389,0.18947051,-0.2489786,-0.04496621,0.3832157,-0.4004026,-0.22581181,0.7945999,0.77360755,0.93171716,0.8341252,0.92921907,0.9351824,0.90274405,0.85592246,0.8160521,0.73979133,0.89980847,0.90899366,0.8269214,0.75724393,0.903648,0.8515416,0.91648436,0.84572536,0.84559864,0.8889197
10.0,-0.4131671,0.34651083,-0.1808885,-0.2784365,0.29141322,0.007902272,0.07227263,-0.27622345,0.36197293,-0.45626,-0.2160408,-0.0074853376,-0.34461695,0.44694042,-0.1780601,0.19341965,0.011348631,-0.29393858,0.32826966,0.18269578,0.83356726,0.83049756,0.94010234,0.8635047,0.8913803,0.9738384,0.9948484,0.8443955,0.86408126,0.82328546,0.9368408,0.988144,0.8784424,0.825258,0.9535856,0.93594503,1.0047824,0.8615013,0.87431675,0.9273612
2.0,0.60206985,-0.49568498,0.23430476,0.42347443,-0.36717635,-0.045247108,-0.07859135,0.38834742,-0.492203,0.67392063,0.2954009,0.01970148,0.4974825,-0.62580574,0.23277913,-0.28614384,-0.05939043,0.45258164,-0.4557709,-0.26457295,0.79382265,0.76579064,0.93342066,0.8292584,0.93176395,0.93895876,0.89956886,0.8389477,0.80335444,0.7276348,0.9015514,0.89866424,0.8155913,0.74933994,0.8949417,0.841279,0.90547806,0.84682035,0.8423523,0.872896
5.0,-0.32660863,0.2747375,-0.15460405,-0.22098574,0.23032683,0.004700629,0.05738144,-0.21495901,0.28095067,-0.36409515,-0.17911425,-0.01389261,-0.28049707,0.35939574,-0.13980815,0.15321259,-0.002532702,-0.23177953,0.2572009,0.13665216,0.836609,0.8359068,0.9336141,0.8693556,0.90181077,0.9725235,0.99329,0.85236377,0.8671689,0.82610965,0.9375623,0.9839483,0.8832243,0.8295464,0.95391905,0.9329442,1.0052643,0.86245376,0.8780008,0.92235005
4.0,-0.46478033,0.38932762,-0.19613329,-0.31448296,0.32560638,0.010639114,0.08225991,-0.3118086,0.41002178,-0.5119001,-0.23777267,-0.0046523213,-0.3787114,0.4982581,-0.2022487,0.21550377,0.022110205,-0.3321776,0.3696671,0.21365759,0.8310091,0.8255889,0.94443756,0.85813594,0.88441014,0.9720276,0.9923881,0.83935773,0.863938,0.8211336,0.9352896,0.988929,0.8731776,0.8226024,0.9537758,0.937831,1.002268,0.86181974,0.87130815,0.93031925
12.0,-0.5654331,0.4740677,-0.21449667,-0.39438495,0.3744974,0.018733233,0.11388328,-0.3565646,0.49733,-0.619572,-0.2696579,-0.008183923,-0.4202151,0.5898543,-0.24567868,0.24335787,0.055889208,-0.40749258,0.4451441,0.2798474,0.8260939,0.8100084,0.9479526,0.8374518,0.8660353,0.95203847,0.96486443,0.8337107,0.8803644,0.82140756,0.91929907,0.9846594,0.8616305,0.81449187,0.95392835,0.93896186,0.9843671,0.86404455,0.8565789,0.93187845
5.0,-0.00995627,7.58986e-05,-0.032636143,0.0010157339,0.018176857,-0.00460083,0.0022689532,-0.0032531992,0.0004950389,-0.0076825134,-0.018918056,-0.018716425,-0.021317784,0.024562344,-0.017686328,0.0040285084,-0.027826667,-0.000107023865,-0.0014900453,-0.014060676,0.8222918,0.8236157,0.9264468,0.86598426,0.9199916,0.96626085,0.97113985,0.86743635,0.852211,0.8016391,0.9290411,0.9663783,0.87356997,0.8098162,0.9441586,0.90964055,0.98811793,0.85285217,0.87014186,0.91331804
6.0,-0.59589523,0.4990714,-0.21941102,-0.4173452,0.39793542,0.021670928,0.12181678,-0.38179308,0.5290063,-0.65255386,-0.2787065,-0.005643092,-0.4343542,0.61788845,-0.26395118,0.25379926,0.06921841,-0.43309268,0.47263187,0.2993331,0.8195441,0.80203694,0.9490723,0.831272,0.8606894,0.949225,0.95886075,0.8298675,0.87713903,0.8163744,0.91670954,0.9844223,0.8554983,0.80705726,0.9534067,0.9389089,0.97834367,0.86024886,0.85042495,0.937381
3.0,0.5439635,-0.45736605,0.21476954,0.38935047,-0.3383309,-0.036667753,-0.07041901,0.36168048,-0.4531564,0.6160673,0.27314025,0.01390022,0.454994,-0.567972,0.20506583,-0.2629052,-0.050650183,0.41035828,-0.42288053,-0.24319986,0.7928475,0.769355,0.9324718,0.8307775,0.92946815,0.93680024,0.9016698,0.84907275,0.809344,0.7331316,0.90128535,0.90495133,0.82221365,0.75283384,0.9002411,0.8463637,0.9148181,0.84519166,0.84285694,0.8825152
6.0,-0.551302,0.46102554,-0.2141043,-0.37981477,0.37563643,0.017364766,0.10519885,-0.3621459,0.48927927,-0.6042023,-0.26690543,-0.0038317703,-0.42091987,0.57916254,-0.24315213,0.24432851,0.049377944,-0.39801407,0.43715268,0.26934385,0.8241157,0.81193984,0.9492033,0.8433597,0.8698461,0.961306,0.97570515,0.83258104,0.8692789,0.817528,0.92596644,0.9875589,0.86195064,0.8138142,0.9532,0.93923265,0.9895385,0.8610706,0.8606422,0.93548906
10.0,-0.60595196,0.50808674,-0.2202979,-0.42672288,0.40042168,0.022706077,0.1265108,-0.38234857,0.53618425,-0.66343856,-0.28125647,-0.0071585216,-0.43573192,0.62594384,-0.2674585,0.25457162,0.07399522,-0.44043285,0.47988772,0.30651233,0.8195003,0.7999052,0.9487517,0.82738394,0.8580129,0.94434536,0.9530238,0.82969624,0.8816139,0.81683224,0.9132104,0.9825288,0.8544339,0.8061222,0.9539656,0.938482,0.97532004,0.8611542,0.8476226,0.936137
4.0,-0.468189,0.39218974,-0.19557884,-0.31750923,0.3263983,0.01100857,0.08434418,-0.3118465,0.41310012,-0.51531893,-0.23753402,-0.0053822584,-0.37868717,0.5008553,-0.20316735,0.21560627,0.023909707,-0.3346582,0.37190363,0.21554461,0.8308018,0.8249257,0.9440516,0.8573047,0.88374716,0.97092146,0.9903725,0.83969057,0.8653849,0.82194495,0.9339683,0.98923355,0.87329155,0.82206005,0.9533197,0.93792576,1.0008492,0.8615712,0.87025726,0.93054646
6.0,0.37104693,-0.32599455,0.14385575,0.27268586,-0.24023345,-0.019932952,-0.045466952,0.26341102,-0.32055348,0.42975897,0.19468606,-0.0027298182,0.31818214,-0.3869963,0.13030612,-0.1867611,-0.03509678,0.28345504,-0.30656716,-0.17071673,0.7991826,0.7852986,0.9310144,0.8400114,0.9261716,0.93918055,0.91603684,0.86747754,0.83113575,0.7568936,0.9046136,0.9269887,0.8404587,0.769681,0.9154427,0.8683919,0.93759733,0.84706247,0.8490756,0.90070194
7.0,-0.4933045,0.4140986,-0.19755557,-0.33965904,0.33270663,0.013236651,0.09609539,-0.3144785,0.43307614,-0.54221624,-0.24263456,-0.009301413,-0.3839422,0.5224156,-0.21097389,0.21893322,0.033654857,-0.35289356,0.38851082,0.23224789,0.8316526,0.821836,0.9431318,0.85127497,0.87905914,0.9624569,0.97880626,0.8404261,0.87582093,0.82633936,0.92701066,0.9882505,0.8723104,0.82153267,0.9527643,0.938585,0.9938277,0.86339414,0.86550367,0.92944103
11.0,-0.61352867,0.51476485,-0.22096822,-0.4334214,0.40462136,0.023473676,0.12966374,-0.38600695,0.5432999,-0.67193705,-0.28314817,-0.007329922,-0.43751508,0.6323709,-0.27129042,0.2558533,0.07807846,-0.4466677,0.48652595,0.31172642,0.81838715,0.7978862,0.9483866,0.82487744,0.85636926,0.9417809,0.94959635,0.82913214,0.8829959,0.816437,0.9114292,0.9818329,0.8531546,0.8045218,0.95412725,0.9383799,0.97302693,0.86072135,0.84528095,0.93680096
12.0,0.37808138,-0.33180782,0.14758798,0.2783137,-0.24461865,-0.02046129,-0.046130054,0.26853204,-0.32619137,0.43831435,0.19871378,-0.0017894618,0.32440758,-0.3946465,0.13316676,-0.18995415,-0.03545309,0.28896427,-0.31197864,-0.17336458,0.7988424,0.7845992,0.9308756,0.8391849,0.9259316,0.9387645,0.9148613,0.86692536,0.82967526,0.7555994,0.904253,0.9259629,0.839631,0.7683814,0.9147158,0.86701936,0.93651956,0.8466625,0.84851146,0.900375
5.0,-0.5996192,0.50277823,-0.21901435,-0.42184907,0.3960006,0.022029605,0.1250728,-0.37765682,0.53017235,-0.656589,-0.27900591,-0.0075880736,-0.4328572,0.62015224,-0.26369888,0.25252727,0.07124543,-0.4351576,0.47430915,0.3020937,0.8206275,0.8015722,0.94842005,0.82895225,0.8592904,0.9453171,0.95455813,0.83055526,0.8820596,0.8181098,0.91381264,0.9831328,0.8558858,0.80754066,0.95381683,0.93874705,0.97653276,0.8615684,0.8487525,0.9353711
9.0,-0.30969983,0.25918382,-0.14903852,-0.20643085,0.22416794,0.0035810748,0.05132778,-0.2091604,0.26708388,-0.34384066,-0.17147581,-0.011754509,-0.27187377,0.34216726,-0.13410527,0.14845179,-0.005859904,-0.21878283,0.24545361,0.12536937,0.83449596,0.835422,0.9336164,0.8707657,0.9029125,0.97639096,0.99708116,0.8523201,0.86077636,0.8219326,0.939166,0.98444146,0.8833824,0.8266025,0.9533693,0.93096685,1.0070187,0.85953486,0.8781374,0.9228818
3.0,0.492442,-0.4204043,0.19607231,0.35667357,-0.31174785,-0.03048343,-0.062083893,0.3359126,-0.41567194,0.5629604,0.2526424,0.008541636,0.41713646,-0.51529,0.1821685,-0.24161692,-0.044251565,0.37288463,-0.39100844,-0.22153789,0.7940341,0.77392215,0.9317588,0.8333679,0.92821413,0.9359157,0.9043969,0.8566174,0.816055,0.7400644,0.90105367,0.9110727,0.82800525,0.75732434,0.90481514,0.85246986,0.9208784,0.8451501,0.84462374,0.889896
11.0,0.64611596,-0.5222904,0.24559027,0.44847554,-0.38328618,-0.05265211,-0.08831805,0.4041772,-0.51770866,0.71603227,0.30644277,0.02668751,0.52375907,-0.6680573,0.25334013,-0.3001169,-0.06889705,0.48481688,-0.47818577,-0.28335416,0.79361546,0.761496,0.9348004,0.8246544,0.9313179,0.9438803,0.89890146,0.82730246,0.7953752,0.7202421,0.90442,0.8953935,0.8101312,0.7436997,0.8898925,0.83561486,0.9040143,0.8474574,0.8389833,0.8620694
8.0,-0.359984,0.30228403,-0.16528793,-0.24219835,0.25535366,0.00564575,0.062021013,-0.23985639,0.3121727,-0.39928544,-0.19397244,-0.010488708,-0.30742076,0.3936302,-0.15455638,0.16990426,0.0017690621,-0.25532144,0.28521466,0.15333207,0.83545816,0.83413893,0.9363184,0.8676618,0.89784276,0.9743277,0.9956987,0.8489736,0.86444354,0.8242457,0.9380349,0.9858524,0.8817692,0.8276181,0.95386827,0.9337654,1.0062085,0.8616948,0.87699723,0.9242002
4.0,-0.4952392,0.41490313,-0.20068601,-0.3384256,0.3398855,0.013062424,0.09257294,-0.32425788,0.4368208,-0.544114,-0.24603078,-0.006094888,-0.39097452,0.5259384,-0.21452682,0.22374466,0.032135453,-0.3546887,0.39207408,0.2326583,0.8298347,0.821355,0.94514924,0.85266095,0.8792138,0.96666,0.9841575,0.8383043,0.8693961,0.8224879,0.93019634,0.98885995,0.87079024,0.82029,0.9530259,0.9384969,0.99656725,0.86213017,0.8669426,0.9311015
3.0,0.6122073,-0.5064774,0.2273696,0.42872673,-0.356672,-0.046454925,-0.09415468,0.38267887,-0.5006083,0.67719823,0.28486353,0.025783904,0.4816733,-0.6352149,0.22772004,-0.2837772,-0.063905,0.45808744,-0.45929068,-0.28380355,0.7866961,0.75628287,0.93589497,0.81680363,0.9265371,0.9446095,0.90365434,0.8324724,0.7925022,0.7137701,0.9118763,0.90012175,0.8114125,0.74063975,0.8948157,0.8337216,0.92695737,0.84260744,0.8300625,0.8634382
11.0,-0.6134574,0.51476645,-0.22096142,-0.43353537,0.40365252,0.023453636,0.12981334,-0.3846522,0.54254526,-0.67175925,-0.2831482,-0.0077186152,-0.43715143,0.6321297,-0.2707812,0.25552097,0.077883616,-0.44632208,0.48604292,0.311777,0.8188242,0.79805356,0.9484112,0.8246728,0.8562135,0.9412857,0.949183,0.82930595,0.88382065,0.8167224,0.9110719,0.9815119,0.85334224,0.80487883,0.9542667,0.938285,0.9730274,0.8611674,0.84533435,0.9361455
10.0,0.52416945,-0.44347078,0.20848617,0.3766726,-0.32992172,-0.03415705,-0.06599753,0.35312402,-0.43957055,0.5960205,0.26699242,0.01101841,0.44242457,-0.5482067,0.1967443,-0.25588116,-0.047364097,0.39590544,-0.4111609,-0.23379496,0.79385006,0.7717043,0.93204767,0.8328665,0.9295773,0.9356496,0.902316,0.8531077,0.8133647,0.737027,0.9003389,0.90698534,0.8246767,0.75557077,0.9022119,0.8494317,0.9152042,0.8455904,0.84451514,0.8861757
12.0,-0.530301,0.44397894,-0.20854214,-0.3648706,0.36040524,0.01568852,0.10158265,-0.34504297,0.46878248,-0.5817204,-0.25853962,-0.0056424662,-0.4086083,0.5588826,-0.23123051,0.23570372,0.042881396,-0.38134307,0.41949785,0.2553798,0.8271046,0.8159066,0.94727945,0.8465836,0.87329346,0.96222186,0.97769654,0.83532447,0.87154174,0.82086056,0.9266365,0.9880069,0.86604017,0.8170078,0.95307904,0.9391004,0.991828,0.8620891,0.8627188,0.9329201
8.0,0.61268026,-0.5025662,0.23666635,0.4300105,-0.3701456,-0.046732835,-0.08215669,0.39203912,-0.49858153,0.6841755,0.29699,0.021949962,0.50233364,-0.6362169,0.23710312,-0.28908324,-0.061726015,0.46035576,-0.46139175,-0.27080113,0.7929294,0.763853,0.93387014,0.82697594,0.93084043,0.9405837,0.89926326,0.8357853,0.8001751,0.7242843,0.90293264,0.8979895,0.8142376,0.74682105,0.8935213,0.8387839,0.9072652,0.84629977,0.84049475,0.86971855
1.0,-0.44865093,0.37672058,-0.18368967,-0.30677357,0.30524305,0.010833861,0.086646415,-0.28607476,0.39334154,-0.49297705,-0.22250417,-0.010666829,-0.35601148,0.4785496,-0.19015403,0.20114054,0.023894262,-0.31954032,0.35323447,0.20398033,0.8332688,0.82642585,0.9396197,0.8574822,0.885517,0.9667613,0.9830433,0.84485537,0.8733336,0.8275531,0.9291915,0.98925996,0.8779116,0.8227739,0.9514873,0.9368679,0.9962658,0.8615668,0.86883783,0.9284829
11.0,0.5278656,-0.44680265,0.20726612,0.37803832,-0.32860157,-0.034761608,-0.06921989,0.35211116,-0.44256115,0.59790075,0.26551288,0.011985749,0.4403046,-0.55145794,0.1963557,-0.25628582,-0.048470978,0.3980323,-0.41261902,-0.2379702,0.79263777,0.76980823,0.9326897,0.8307795,0.92901206,0.9367922,0.90351623,0.8517039,0.81166184,0.73459935,0.90236217,0.90711,0.82349473,0.75429565,0.9022915,0.8484303,0.9189265,0.845263,0.8423875,0.88406485
8.0,-0.35908934,0.30158076,-0.16227926,-0.2424078,0.25114745,0.0059369467,0.06405835,-0.23413715,0.31057078,-0.3972971,-0.19039094,-0.012083422,-0.3024943,0.3912598,-0.15269178,0.16700912,0.0033666529,-0.25424483,0.28300285,0.15324217,0.83607435,0.8338792,0.93532926,0.8670254,0.8974327,0.97278476,0.9923626,0.8504961,0.86717814,0.82584435,0.9359311,0.98598784,0.88257027,0.827241,0.9529853,0.93338764,1.0037335,0.86167276,0.8761453,0.923909
3.0,0.5864341,-0.48534027,0.22991163,0.41431308,-0.3610955,-0.042945884,-0.07493397,0.38201973,-0.48204255,0.65878606,0.29095355,0.017430276,0.4883684,-0.6103608,0.22597577,-0.28066656,-0.056737546,0.44134408,-0.4473049,-0.25710574,0.79424757,0.7676901,0.9329362,0.83093554,0.9320139,0.9375252,0.89992476,0.84240705,0.8062481,0.73070747,0.90050405,0.89997256,0.8174628,0.7514528,0.89665633,0.8436303,0.90558445,0.846963,0.843599,0.8764965
5.0,0.6053397,-0.49813497,0.23381692,0.42622963,-0.36560118,-0.04550199,-0.082070276,0.38818252,-0.4937443,0.67692536,0.2931769,0.021777153,0.4958181,-0.6289548,0.23296322,-0.2855598,-0.06099077,0.45511276,-0.4574631,-0.2692361,0.7920522,0.76366454,0.9337885,0.82615656,0.9300409,0.940568,0.89961004,0.83658487,0.79982907,0.7239017,0.9034754,0.8988306,0.8148449,0.74641603,0.89415514,0.83872026,0.9100558,0.8456193,0.839517,0.87061805
4.0,-0.44658092,0.3746709,-0.18901409,-0.30310208,0.30980986,0.009947801,0.08093084,-0.29383016,0.39167792,-0.492103,-0.22826993,-0.0074454807,-0.36337948,0.47924808,-0.19199103,0.20541343,0.019312184,-0.3183335,0.35367876,0.20295647,0.8330773,0.8275043,0.9419254,0.8593171,0.88659626,0.9705039,0.9901806,0.8423832,0.8676393,0.8240699,0.93389064,0.98839474,0.8760181,0.8241267,0.953381,0.9370854,1.0014848,0.86247253,0.87171614,0.9282287
7.0,-0.5247131,0.4392888,-0.207023,-0.3605485,0.35767436,0.015279129,0.10026006,-0.342323,0.46421272,-0.5757222,-0.25621268,-0.0055716895,-0.40584224,0.5536447,-0.22869383,0.23390941,0.041332256,-0.3771937,0.4153834,0.2514425,0.8272099,0.8166654,0.9468612,0.8476881,0.8743283,0.96323174,0.97889215,0.83577657,0.8708264,0.8210887,0.92724425,0.9885283,0.86691517,0.81722516,0.95286995,0.93908894,0.9925042,0.8616752,0.8632083,0.9330485
3.0,0.57893384,-0.48148817,0.22668731,0.40983492,-0.35608482,-0.041570015,-0.075561106,0.37834093,-0.4780296,0.65072,0.28716287,0.01701489,0.48017195,-0.6033172,0.22107892,-0.2776086,-0.0550392,0.43543142,-0.4431647,-0.2568886,0.79310524,0.7667748,0.93309027,0.82984346,0.9308372,0.9377234,0.9004338,0.8439032,0.8061365,0.7295827,0.90155405,0.90104353,0.8182399,0.7508901,0.8972871,0.84323645,0.90958554,0.8459397,0.8424155,0.87693524
7.0,-0.5334101,0.4465511,-0.20885497,-0.36723554,0.36249584,0.016027022,0.102568775,-0.34711468,0.47193265,-0.58501595,-0.25923064,-0.00552582,-0.409942,0.5617388,-0.23281237,0.23670968,0.044161793,-0.38381338,0.42212635,0.2571838,0.82655275,0.8151949,0.9473958,0.8460036,0.87274843,0.9619003,0.97699887,0.8350533,0.8715294,0.8205846,0.9261741,0.98812467,0.86570185,0.8163279,0.9529268,0.93912005,0.99118114,0.86174095,0.8620997,0.9333479
4.0,-0.48857737,0.40914035,-0.19989797,-0.3326125,0.33795372,0.012523905,0.08965118,-0.3231022,0.4314447,-0.53688705,-0.2443367,-0.0051238984,-0.38932103,0.52013326,-0.21229424,0.22269724,0.02965821,-0.34979844,0.38762808,0.22814259,0.82969004,0.8221702,0.945323,0.8542318,0.8804119,0.9688266,0.9870279,0.83822525,0.8668422,0.82141894,0.93183994,0.98919016,0.8712292,0.8203605,0.95310247,0.93826,0.9982173,0.8616123,0.86813396,0.931324
2.0,0.5012654,-0.42741498,0.19636899,0.3608119,-0.31312844,-0.031614903,-0.06628632,0.33706346,-0.4225027,0.569712,0.2530989,0.009735227,0.4186146,-0.52363175,0.1840849,-0.24427418,-0.045857187,0.37846804,-0.39545995,-0.22799462,0.7927684,0.7716234,0.93267006,0.8315133,0.9281562,0.937183,0.9056441,0.85472095,0.81427675,0.73720485,0.9030543,0.91070825,0.82640254,0.7561115,0.9045514,0.85127944,0.9239444,0.84503573,0.8427821,0.8870445
12.0,-0.49835664,0.41838968,-0.19689387,-0.34380022,0.33488968,0.013925506,0.09867708,-0.31574717,0.43799335,-0.5471594,-0.24240008,-0.009733919,-0.38468924,0.5266088,-0.2127389,0.21967317,0.03632776,-0.3566512,0.39232025,0.23486102,0.83097446,0.82063216,0.9429061,0.8500873,0.8779544,0.9613136,0.97648305,0.84052205,0.8770086,0.82660824,0.9252901,0.98861617,0.8724686,0.8202402,0.9521111,0.93847066,0.9919192,0.8626761,0.8640519,0.92993
11.0,-0.5888867,0.49342465,-0.21774071,-0.41239527,0.39128432,0.021048822,0.12074967,-0.37392223,0.5210359,-0.6448019,-0.27603188,-0.0068490915,-0.4302722,0.61110014,-0.2589264,0.25077522,0.06620245,-0.42682528,0.46579808,0.29454583,0.82150006,0.803985,0.94868326,0.8324036,0.86171126,0.94914275,0.9594123,0.83111453,0.8792856,0.81821364,0.9164876,0.98437184,0.85749584,0.8090426,0.953477,0.93889225,0.9794501,0.86145777,0.8515573,0.9353001
10.0,0.0069850087,-0.0144327935,-0.02569338,0.0120745115,0.0057285633,-0.0049849437,0.00030387193,0.00893301,-0.01450428,0.010824554,-0.009840385,-0.019231323,-0.0059480974,0.0064353086,-0.011250902,-0.004842842,-0.028272402,0.012016285,-0.015575197,-0.020833723,0.82155454,0.8223546,0.9265088,0.86523086,0.9208306,0.96462965,0.96867007,0.8681413,0.85290366,0.8008179,0.9279631,0.9648353,0.8723557,0.8091927,0.9435277,0.9087186,0.98600656,0.85317284,0.8694113,0.9126757
1.0,0.6070751,-0.5002286,0.2348747,0.42628685,-0.36759162,-0.046020303,-0.0812396,0.38950947,-0.49659842,0.6778055,0.29594538,0.020784698,0.49760333,-0.6310036,0.23326965,-0.28759694,-0.060015757,0.45574325,-0.45855886,-0.26902714,0.7926606,0.7640074,0.93370014,0.8274131,0.93111175,0.93961084,0.9001638,0.8379161,0.80158544,0.7253244,0.9030901,0.8983524,0.81449956,0.7480121,0.89468604,0.8399687,0.9078405,0.84606194,0.84041923,0.8712379
1.0,-0.45036176,0.3769821,-0.19523689,-0.30207998,0.32203662,0.00936393,0.07559098,-0.31036183,0.39848763,-0.49672964,-0.23515184,-0.0023040287,-0.37559676,0.48589113,-0.19785796,0.21352449,0.016691666,-0.32179546,0.36048278,0.20439112,0.83055025,0.8273125,0.9449351,0.8611904,0.88693583,0.9763125,0.99881244,0.8388003,0.8582481,0.8183702,0.93911785,0.9891559,0.873625,0.8228974,0.9544539,0.93740726,1.0061872,0.86087656,0.8737829,0.9307573
10.0,-0.5100056,0.42721865,-0.2042177,-0.3496961,0.34802672,0.014076047,0.09646523,-0.3323969,0.4499672,-0.56005985,-0.25154582,-0.0061280914,-0.39838415,0.5398472,-0.221299,0.22865412,0.03642003,-0.3658035,0.4033744,0.24237478,0.82907766,0.81935567,0.94598144,0.85010993,0.87678534,0.96451855,0.9813208,0.83716494,0.8708708,0.822232,0.928679,0.9883879,0.8688675,0.81937873,0.9531609,0.93886125,0.9946581,0.8624885,0.8652997,0.9315748
4.0,-0.48450637,0.40604493,-0.19791979,-0.33061573,0.3331941,0.012357945,0.09017484,-0.31732535,0.42695475,-0.5325991,-0.24187486,-0.006476417,-0.38481817,0.5156205,-0.20937213,0.21964452,0.02930763,-0.34660876,0.3835739,0.22588566,0.8305813,0.8227948,0.9443375,0.85420865,0.8808949,0.96753997,0.985438,0.83931375,0.8691532,0.8230691,0.9309178,0.9889527,0.87218446,0.82113826,0.9529799,0.9382298,0.99760294,0.8621175,0.8679416,0.9305247
